policy,runid,outcome,survival_s,targets,pos_err_cm,yaw_err_deg,pelvis_speed_mps,head_speed_mps,s0_e_legs_upper_j,s0_e_legs_lower_j,s0_e_waist_j,s0_e_arms_upper_j,s0_e_arms_lower_j,s0_v_legs_upper_krads2,s0_v_legs_lower_krads2,s0_v_waist_krads2,s0_v_arms_upper_krads2,s0_v_arms_lower_krads2,s1_e_legs_upper_j,s1_e_legs_lower_j,s1_e_waist_j,s1_e_arms_upper_j,s1_e_arms_lower_j,s1_v_legs_upper_krads2,s1_v_legs_lower_krads2,s1_v_waist_krads2,s1_v_arms_upper_krads2,s1_v_arms_lower_krads2,s2_e_legs_upper_j,s2_e_legs_lower_j,s2_e_waist_j,s2_e_arms_upper_j,s2_e_arms_lower_j,s2_v_legs_upper_krads2,s2_v_legs_lower_krads2,s2_v_waist_krads2,s2_v_arms_upper_krads2,s2_v_arms_lower_krads2,s3_e_legs_upper_j,s3_e_legs_lower_j,s3_e_waist_j,s3_e_arms_upper_j,s3_e_arms_lower_j,s3_v_legs_upper_krads2,s3_v_legs_lower_krads2,s3_v_waist_krads2,s3_v_arms_upper_krads2,s3_v_arms_lower_krads2,s4_e_legs_upper_j,s4_e_legs_lower_j,s4_e_waist_j,s4_e_arms_upper_j,s4_e_arms_lower_j,s4_v_legs_upper_krads2,s4_v_legs_lower_krads2,s4_v_waist_krads2,s4_v_arms_upper_krads2,s4_v_arms_lower_krads2,s5_e_legs_upper_j,s5_e_legs_lower_j,s5_e_waist_j,s5_e_arms_upper_j,s5_e_arms_lower_j,s5_v_legs_upper_krads2,s5_v_legs_lower_krads2,s5_v_waist_krads2,s5_v_arms_upper_krads2,s5_v_arms_lower_krads2,s6_e_legs_upper_j,s6_e_legs_lower_j,s6_e_waist_j,s6_e_arms_upper_j,s6_e_arms_lower_j,s6_v_legs_upper_krads2,s6_v_legs_lower_krads2,s6_v_waist_krads2,s6_v_arms_upper_krads2,s6_v_arms_lower_krads2,s7_e_legs_upper_j,s7_e_legs_lower_j,s7_e_waist_j,s7_e_arms_upper_j,s7_e_arms_lower_j,s7_v_legs_upper_krads2,s7_v_legs_lower_krads2,s7_v_waist_krads2,s7_v_arms_upper_krads2,s7_v_arms_lower_krads2,s8_e_legs_upper_j,s8_e_legs_lower_j,s8_e_waist_j,s8_e_arms_upper_j,s8_e_arms_lower_j,s8_v_legs_upper_krads2,s8_v_legs_lower_krads2,s8_v_waist_krads2,s8_v_arms_upper_krads2,s8_v_arms_lower_krads2,s9_e_legs_upper_j,s9_e_legs_lower_j,s9_e_waist_j,s9_e_arms_upper_j,s9_e_arms_lower_j,s9_v_legs_upper_krads2,s9_v_legs_lower_krads2,s9_v_waist_krads2,s9_v_arms_upper_krads2,s9_v_arms_lower_krads2,s10_e_legs_upper_j,s10_e_legs_lower_j,s10_e_waist_j,s10_e_arms_upper_j,s10_e_arms_lower_j,s10_v_legs_upper_krads2,s10_v_legs_lower_krads2,s10_v_waist_krads2,s10_v_arms_upper_krads2,s10_v_arms_lower_krads2,s11_e_legs_upper_j,s11_e_legs_lower_j,s11_e_waist_j,s11_e_arms_upper_j,s11_e_arms_lower_j,s11_v_legs_upper_krads2,s11_v_legs_lower_krads2,s11_v_waist_krads2,s11_v_arms_upper_krads2,s11_v_arms_lower_krads2
nanog1,4096,fell,1.96,1,87.5001,28.1659,1.99892,3.4532,95.7393,46.5958,7.87077,23.6056,69.7549,10.5887,8.687,2.89274,10.0643,7.55354,,,,,,,,,,,,,,,,,,,,,,,,,,,,,,,,,,,,,,,,,,,,,,,,,,,,,,,,,,,,,,,,,,,,,,,,,,,,,,,,,,,,,,,,,,,,,,,,,,,,,,,,,,,,,,
nanog1,4097,fell,1.38,1,56.5506,59.3369,1.79639,3.30449,58.6072,36.1962,12.867,20.3533,30.8709,9.34122,6.78267,2.69485,7.50996,3.46089,,,,,,,,,,,,,,,,,,,,,,,,,,,,,,,,,,,,,,,,,,,,,,,,,,,,,,,,,,,,,,,,,,,,,,,,,,,,,,,,,,,,,,,,,,,,,,,,,,,,,,,,,,,,,,
nanog1,4098,fell,1.64,1,51.9955,77.2513,1.55217,2.76436,88.8059,27.9287,11.3485,32.9554,5.30523,8.95222,8.46016,2.67497,8.60669,2.30209,,,,,,,,,,,,,,,,,,,,,,,,,,,,,,,,,,,,,,,,,,,,,,,,,,,,,,,,,,,,,,,,,,,,,,,,,,,,,,,,,,,,,,,,,,,,,,,,,,,,,,,,,,,,,,
nanog1,4099,fell,1.1,1,63.6352,172.909,2.72111,3.21527,95.4171,22.5581,16.4754,74.5762,10.7164,10.2395,7.68532,2.89755,7.57794,6.89573,,,,,,,,,,,,,,,,,,,,,,,,,,,,,,,,,,,,,,,,,,,,,,,,,,,,,,,,,,,,,,,,,,,,,,,,,,,,,,,,,,,,,,,,,,,,,,,,,,,,,,,,,,,,,,
nanog1,4100,fell,1.42,1,52.4194,94.4008,2.16199,3.57331,107.833,43.2086,11.0997,29.0516,32.6924,14.7961,10.2578,4.02761,6.84288,5.7054,,,,,,,,,,,,,,,,,,,,,,,,,,,,,,,,,,,,,,,,,,,,,,,,,,,,,,,,,,,,,,,,,,,,,,,,,,,,,,,,,,,,,,,,,,,,,,,,,,,,,,,,,,,,,,
nanog1,4101,fell,1.68,1,4.5865,86.1347,2.14938,3.73106,133.812,44.0169,13.8885,23.4861,13.3903,16.8484,11.5426,3.17518,8.10383,3.29712,,,,,,,,,,,,,,,,,,,,,,,,,,,,,,,,,,,,,,,,,,,,,,,,,,,,,,,,,,,,,,,,,,,,,,,,,,,,,,,,,,,,,,,,,,,,,,,,,,,,,,,,,,,,,,
nanog1,4102,fell,1.48,1,44.8427,67.7363,1.82389,3.18472,98.7581,28.3815,12.4796,23.6559,72.2702,13.6512,8.62058,3.71234,10.0076,8.24335,,,,,,,,,,,,,,,,,,,,,,,,,,,,,,,,,,,,,,,,,,,,,,,,,,,,,,,,,,,,,,,,,,,,,,,,,,,,,,,,,,,,,,,,,,,,,,,,,,,,,,,,,,,,,,
nanog1,4103,fell,1.86,1,104.614,70.1765,2.35825,3.55574,88.2339,34.9881,7.37999,18.1908,25.9886,10.4878,6.86223,2.70001,6.4419,3.15258,,,,,,,,,,,,,,,,,,,,,,,,,,,,,,,,,,,,,,,,,,,,,,,,,,,,,,,,,,,,,,,,,,,,,,,,,,,,,,,,,,,,,,,,,,,,,,,,,,,,,,,,,,,,,,
nanog1,4104,fell,1.72,1,158.727,30.6615,1.94743,3.77078,56.6574,32.411,15.773,41.3048,1.78962,8.79482,5.32059,2.61566,8.55293,1.65571,,,,,,,,,,,,,,,,,,,,,,,,,,,,,,,,,,,,,,,,,,,,,,,,,,,,,,,,,,,,,,,,,,,,,,,,,,,,,,,,,,,,,,,,,,,,,,,,,,,,,,,,,,,,,,
nanog1,4105,fell,5.2,2,96.9027,17.7078,3.24451,4.59276,394.529,99.7309,45.1337,15.7927,1.58858,36.4786,27.7795,7.88044,10.8209,2.51186,3.49338,0.280128,1.94349,0.415695,0.186675,1.14529,0.606129,0.415802,0.582836,0.361745,,,,,,,,,,,,,,,,,,,,,,,,,,,,,,,,,,,,,,,,,,,,,,,,,,,,,,,,,,,,,,,,,,,,,,,,,,,,,,,,,,,,,,,,,,,,,,,,,,,,
nanog1,4106,fell,1.44,1,44.6786,11.9383,1.72828,3.79163,66.6021,31.6872,8.46673,10.2542,1.99054,9.53958,6.87682,2.37235,3.40896,0.927125,,,,,,,,,,,,,,,,,,,,,,,,,,,,,,,,,,,,,,,,,,,,,,,,,,,,,,,,,,,,,,,,,,,,,,,,,,,,,,,,,,,,,,,,,,,,,,,,,,,,,,,,,,,,,,
nanog1,4107,fell,3.2,1,127.908,13.2026,2.92048,3.95228,163.805,47.6184,26.3277,13.2769,0.671297,15.5342,10.2316,3.89565,5.26341,1.68404,,,,,,,,,,,,,,,,,,,,,,,,,,,,,,,,,,,,,,,,,,,,,,,,,,,,,,,,,,,,,,,,,,,,,,,,,,,,,,,,,,,,,,,,,,,,,,,,,,,,,,,,,,,,,,
nanog1,4108,fell,1.66,1,60.8777,90.3147,1.63058,3.50729,94.292,26.9782,8.29337,4.99295,0.353892,9.8693,7.93389,2.94838,4.43056,1.05461,,,,,,,,,,,,,,,,,,,,,,,,,,,,,,,,,,,,,,,,,,,,,,,,,,,,,,,,,,,,,,,,,,,,,,,,,,,,,,,,,,,,,,,,,,,,,,,,,,,,,,,,,,,,,,
nanog1,4109,fell,1.64,1,81.7927,114.81,1.11527,3.09437,135.266,29.7764,17.948,26.94,1.72182,14.6918,11.4434,3.77283,8.84546,3.29822,,,,,,,,,,,,,,,,,,,,,,,,,,,,,,,,,,,,,,,,,,,,,,,,,,,,,,,,,,,,,,,,,,,,,,,,,,,,,,,,,,,,,,,,,,,,,,,,,,,,,,,,,,,,,,
nanog1,4110,fell,1.68,1,60.0374,76.7706,0.977775,2.48089,76.0479,29.9712,11.8403,32.4648,0.938844,11.0926,9.36059,3.28776,10.1725,1.56235,,,,,,,,,,,,,,,,,,,,,,,,,,,,,,,,,,,,,,,,,,,,,,,,,,,,,,,,,,,,,,,,,,,,,,,,,,,,,,,,,,,,,,,,,,,,,,,,,,,,,,,,,,,,,,
nanog1,4111,fell,2.18,1,36.4182,74.7967,2.41141,3.94639,144.066,30.9505,20.6151,10.1234,0.820814,14.1496,11.1283,3.14158,4.23535,0.628826,,,,,,,,,,,,,,,,,,,,,,,,,,,,,,,,,,,,,,,,,,,,,,,,,,,,,,,,,,,,,,,,,,,,,,,,,,,,,,,,,,,,,,,,,,,,,,,,,,,,,,,,,,,,,,
nanog1,4112,fell,1.4,1,39.029,72.7391,3.10509,4.11926,106.311,40.8975,8.44892,6.05861,0.419788,11.4698,9.19225,2.83326,3.65439,0.45334,,,,,,,,,,,,,,,,,,,,,,,,,,,,,,,,,,,,,,,,,,,,,,,,,,,,,,,,,,,,,,,,,,,,,,,,,,,,,,,,,,,,,,,,,,,,,,,,,,,,,,,,,,,,,,
nanog1,4113,fell,1.88,1,90.7431,65.5472,1.12438,3.54615,123.242,43.6117,12.4111,6.43325,0.983012,12.5741,8.69614,3.53098,5.36257,1.85384,,,,,,,,,,,,,,,,,,,,,,,,,,,,,,,,,,,,,,,,,,,,,,,,,,,,,,,,,,,,,,,,,,,,,,,,,,,,,,,,,,,,,,,,,,,,,,,,,,,,,,,,,,,,,,
nanog1,4114,fell,1.36,1,101.815,8.26053,1.74014,3.60237,52.5222,29.9877,18.6131,35.3731,56.4144,7.83584,4.87635,2.68734,7.5981,3.85993,,,,,,,,,,,,,,,,,,,,,,,,,,,,,,,,,,,,,,,,,,,,,,,,,,,,,,,,,,,,,,,,,,,,,,,,,,,,,,,,,,,,,,,,,,,,,,,,,,,,,,,,,,,,,,
nanog1,4115,fell,2.2,1,210.221,36.7929,1.80483,3.98189,233.536,60.4485,20.5851,9.63132,0.591915,23.2923,17.5399,6.24247,8.09228,1.59221,,,,,,,,,,,,,,,,,,,,,,,,,,,,,,,,,,,,,,,,,,,,,,,,,,,,,,,,,,,,,,,,,,,,,,,,,,,,,,,,,,,,,,,,,,,,,,,,,,,,,,,,,,,,,,
nanog1,4116,fell,2.08,1,54.2979,82.8599,1.90063,3.67972,142.098,38.7476,16.2639,22.2384,19.0275,18.0875,12.7337,3.97534,8.08367,3.04123,,,,,,,,,,,,,,,,,,,,,,,,,,,,,,,,,,,,,,,,,,,,,,,,,,,,,,,,,,,,,,,,,,,,,,,,,,,,,,,,,,,,,,,,,,,,,,,,,,,,,,,,,,,,,,
nanog1,4117,fell,2.42,1,80.4917,25.9094,2.91911,3.82702,103.247,35.0968,14.9677,6.67226,0.540683,10.7121,8.86672,2.77661,4.11224,0.566265,,,,,,,,,,,,,,,,,,,,,,,,,,,,,,,,,,,,,,,,,,,,,,,,,,,,,,,,,,,,,,,,,,,,,,,,,,,,,,,,,,,,,,,,,,,,,,,,,,,,,,,,,,,,,,
nanog1,4118,fell,1.76,1,74.5382,39.0133,1.59288,3.48083,88.6714,34.7979,12.4226,15.1878,5.54621,12.2661,10.6676,3.46977,5.62709,3.68668,,,,,,,,,,,,,,,,,,,,,,,,,,,,,,,,,,,,,,,,,,,,,,,,,,,,,,,,,,,,,,,,,,,,,,,,,,,,,,,,,,,,,,,,,,,,,,,,,,,,,,,,,,,,,,
nanog1,4119,fell,2.44,1,57.8807,49.7171,1.81188,3.54089,197.617,55.2331,20.7988,23.7924,2.67178,20.0078,15.9398,5.00712,8.96523,2.9153,,,,,,,,,,,,,,,,,,,,,,,,,,,,,,,,,,,,,,,,,,,,,,,,,,,,,,,,,,,,,,,,,,,,,,,,,,,,,,,,,,,,,,,,,,,,,,,,,,,,,,,,,,,,,,
nanog1,4120,fell,1.8,1,123.562,15.0338,1.68723,3.5663,79.9624,31.2511,11.2653,38.0106,69.9522,12.2421,8.70965,3.07627,10.5164,7.2169,,,,,,,,,,,,,,,,,,,,,,,,,,,,,,,,,,,,,,,,,,,,,,,,,,,,,,,,,,,,,,,,,,,,,,,,,,,,,,,,,,,,,,,,,,,,,,,,,,,,,,,,,,,,,,
nanog1,4121,fell,1.24,1,65.8465,16.9641,1.74401,3.47312,59.4972,25.2939,10.4348,18.7068,6.78436,7.60469,5.32809,2.96527,7.1725,4.25637,,,,,,,,,,,,,,,,,,,,,,,,,,,,,,,,,,,,,,,,,,,,,,,,,,,,,,,,,,,,,,,,,,,,,,,,,,,,,,,,,,,,,,,,,,,,,,,,,,,,,,,,,,,,,,
nanog1,4122,fell,1.58,1,166.004,25.1674,1.06241,3.33957,96.3213,28.2027,19.6656,28.5769,19.7128,13.9141,8.24783,3.00412,8.31501,2.36405,,,,,,,,,,,,,,,,,,,,,,,,,,,,,,,,,,,,,,,,,,,,,,,,,,,,,,,,,,,,,,,,,,,,,,,,,,,,,,,,,,,,,,,,,,,,,,,,,,,,,,,,,,,,,,
nanog1,4123,fell,1.7,1,20.6669,142.251,2.72341,4.23668,101.267,22.6675,13.0253,5.29823,0.709397,9.84996,7.06703,2.56962,3.12735,0.512417,,,,,,,,,,,,,,,,,,,,,,,,,,,,,,,,,,,,,,,,,,,,,,,,,,,,,,,,,,,,,,,,,,,,,,,,,,,,,,,,,,,,,,,,,,,,,,,,,,,,,,,,,,,,,,
nanog1,4124,fell,1.48,1,89.1334,92.7874,1.74988,3.08401,69.9834,29.2175,7.4992,18.3484,93.376,11.716,6.85719,3.37778,7.90816,5.5529,,,,,,,,,,,,,,,,,,,,,,,,,,,,,,,,,,,,,,,,,,,,,,,,,,,,,,,,,,,,,,,,,,,,,,,,,,,,,,,,,,,,,,,,,,,,,,,,,,,,,,,,,,,,,,
nanog1,4125,fell,2.14,1,117.234,52.8203,1.59899,2.88926,125.922,49.1414,22.9336,33.186,22.8017,14.7479,9.71399,4.03016,10.1565,3.5989,,,,,,,,,,,,,,,,,,,,,,,,,,,,,,,,,,,,,,,,,,,,,,,,,,,,,,,,,,,,,,,,,,,,,,,,,,,,,,,,,,,,,,,,,,,,,,,,,,,,,,,,,,,,,,
nanog1,4126,fell,1.96,1,153.35,67.6801,0.667786,3.13502,118.687,22.3088,16.4698,9.85665,0.820477,12.6402,8.67881,3.44861,5.13367,0.990113,,,,,,,,,,,,,,,,,,,,,,,,,,,,,,,,,,,,,,,,,,,,,,,,,,,,,,,,,,,,,,,,,,,,,,,,,,,,,,,,,,,,,,,,,,,,,,,,,,,,,,,,,,,,,,
nanog1,4127,fell,1.42,1,101.733,4.53989,2.18531,3.47178,30.8056,27.185,12.7607,26.2581,57.8059,6.02191,4.90795,2.26576,7.22059,6.38717,,,,,,,,,,,,,,,,,,,,,,,,,,,,,,,,,,,,,,,,,,,,,,,,,,,,,,,,,,,,,,,,,,,,,,,,,,,,,,,,,,,,,,,,,,,,,,,,,,,,,,,,,,,,,,
nanog1,4128,fell,1.7,1,20.4187,135.531,2.42707,4.13208,71.0347,27.1979,10.6377,11.1175,10.6966,10.2174,8.06261,2.34181,5.59537,3.50222,,,,,,,,,,,,,,,,,,,,,,,,,,,,,,,,,,,,,,,,,,,,,,,,,,,,,,,,,,,,,,,,,,,,,,,,,,,,,,,,,,,,,,,,,,,,,,,,,,,,,,,,,,,,,,
nanog1,4129,fell,2.42,1,60.0315,6.89361,2.17122,4.04874,114.273,36.1894,11.9046,17.3632,19.1182,13.643,9.97884,2.95068,5.62842,3.50863,,,,,,,,,,,,,,,,,,,,,,,,,,,,,,,,,,,,,,,,,,,,,,,,,,,,,,,,,,,,,,,,,,,,,,,,,,,,,,,,,,,,,,,,,,,,,,,,,,,,,,,,,,,,,,
nanog1,4130,fell,1.4,1,84.0179,53.3365,2.52371,3.85664,74.2419,32.8837,7.24997,7.20617,0.572733,9.80195,7.00836,2.51268,4.83717,1.03025,,,,,,,,,,,,,,,,,,,,,,,,,,,,,,,,,,,,,,,,,,,,,,,,,,,,,,,,,,,,,,,,,,,,,,,,,,,,,,,,,,,,,,,,,,,,,,,,,,,,,,,,,,,,,,
nanog1,4131,fell,1.7,1,100.303,64.101,2.78427,3.89108,67.1827,27.0886,13.7794,19.9866,4.68152,8.42252,7.20986,2.56968,5.83982,1.68845,,,,,,,,,,,,,,,,,,,,,,,,,,,,,,,,,,,,,,,,,,,,,,,,,,,,,,,,,,,,,,,,,,,,,,,,,,,,,,,,,,,,,,,,,,,,,,,,,,,,,,,,,,,,,,
nanog1,4132,fell,1.62,1,91.2349,19.6991,2.42208,3.94586,70.1976,28.9248,27.1278,39.7552,6.7232,10.2884,8.268,3.3374,11.3928,3.38516,,,,,,,,,,,,,,,,,,,,,,,,,,,,,,,,,,,,,,,,,,,,,,,,,,,,,,,,,,,,,,,,,,,,,,,,,,,,,,,,,,,,,,,,,,,,,,,,,,,,,,,,,,,,,,
nanog1,4133,fell,1.96,1,115.109,31.3484,2.93824,4.3609,147.678,60.7176,9.22529,5.26057,0.466155,14.0269,13.4566,3.3971,3.879,0.486796,,,,,,,,,,,,,,,,,,,,,,,,,,,,,,,,,,,,,,,,,,,,,,,,,,,,,,,,,,,,,,,,,,,,,,,,,,,,,,,,,,,,,,,,,,,,,,,,,,,,,,,,,,,,,,
nanog1,4134,fell,2.56,1,84.1524,18.3752,1.23053,3.48559,218.782,62.5196,18.5542,13.0518,0.973483,22.0818,13.7695,4.741,7.72727,1.83899,,,,,,,,,,,,,,,,,,,,,,,,,,,,,,,,,,,,,,,,,,,,,,,,,,,,,,,,,,,,,,,,,,,,,,,,,,,,,,,,,,,,,,,,,,,,,,,,,,,,,,,,,,,,,,
nanog1,4135,fell,3.02,1,84.5855,57.7179,1.07578,1.32959,182.549,44.4492,28.947,25.5628,8.26491,20.6347,13.5008,4.99378,9.99385,3.61139,,,,,,,,,,,,,,,,,,,,,,,,,,,,,,,,,,,,,,,,,,,,,,,,,,,,,,,,,,,,,,,,,,,,,,,,,,,,,,,,,,,,,,,,,,,,,,,,,,,,,,,,,,,,,,
nanog1,4136,fell,1.52,1,86.7416,77.792,1.27484,3.58499,67.1338,15.8937,10.2825,11.44,0.536839,9.53581,6.84519,3.10862,7.0117,1.77048,,,,,,,,,,,,,,,,,,,,,,,,,,,,,,,,,,,,,,,,,,,,,,,,,,,,,,,,,,,,,,,,,,,,,,,,,,,,,,,,,,,,,,,,,,,,,,,,,,,,,,,,,,,,,,
nanog1,4137,fell,2.62,1,83.3861,88.0076,2.89942,3.52979,169.019,42.7896,18.0415,20.1032,23.429,16.3059,14.7232,3.83782,6.36985,4.34179,,,,,,,,,,,,,,,,,,,,,,,,,,,,,,,,,,,,,,,,,,,,,,,,,,,,,,,,,,,,,,,,,,,,,,,,,,,,,,,,,,,,,,,,,,,,,,,,,,,,,,,,,,,,,,
nanog1,4138,fell,2.34,1,63.0131,30.9416,2.10932,3.74266,132.021,40.3091,15.4126,27.7068,17.3439,16.9884,11.4971,3.17548,6.01529,3.38722,,,,,,,,,,,,,,,,,,,,,,,,,,,,,,,,,,,,,,,,,,,,,,,,,,,,,,,,,,,,,,,,,,,,,,,,,,,,,,,,,,,,,,,,,,,,,,,,,,,,,,,,,,,,,,
nanog1,4139,fell,1.6,1,65.1935,143.512,2.98612,4.17623,99.273,38.0295,13.1949,5.06764,0.174586,11.0371,9.57392,2.78025,3.12252,0.527133,,,,,,,,,,,,,,,,,,,,,,,,,,,,,,,,,,,,,,,,,,,,,,,,,,,,,,,,,,,,,,,,,,,,,,,,,,,,,,,,,,,,,,,,,,,,,,,,,,,,,,,,,,,,,,
nanog1,4140,fell,1.32,1,83.3381,35.0044,1.46516,3.47148,147.611,24.4287,9.20522,10.0052,0.716126,13.625,10.7461,3.73423,7.44943,2.588,,,,,,,,,,,,,,,,,,,,,,,,,,,,,,,,,,,,,,,,,,,,,,,,,,,,,,,,,,,,,,,,,,,,,,,,,,,,,,,,,,,,,,,,,,,,,,,,,,,,,,,,,,,,,,
nanog1,4141,fell,1.76,1,61.516,140.28,2.17155,3.1679,63.269,27.0558,13.1451,33.8948,84.8418,8.66382,7.17095,2.79075,7.39012,9.29459,,,,,,,,,,,,,,,,,,,,,,,,,,,,,,,,,,,,,,,,,,,,,,,,,,,,,,,,,,,,,,,,,,,,,,,,,,,,,,,,,,,,,,,,,,,,,,,,,,,,,,,,,,,,,,
nanog1,4142,fell,1.6,1,120.793,112.921,0.711461,3.13606,125.584,25.05,18.518,11.1076,0.395166,11.4938,8.85409,3.60433,5.8656,1.09529,,,,,,,,,,,,,,,,,,,,,,,,,,,,,,,,,,,,,,,,,,,,,,,,,,,,,,,,,,,,,,,,,,,,,,,,,,,,,,,,,,,,,,,,,,,,,,,,,,,,,,,,,,,,,,
nanog1,4143,fell,1.78,1,66.0294,94.7493,1.11113,2.18068,131.577,27.3089,11.7497,17.1803,3.92827,13.6816,10.282,3.68829,6.66364,1.34871,,,,,,,,,,,,,,,,,,,,,,,,,,,,,,,,,,,,,,,,,,,,,,,,,,,,,,,,,,,,,,,,,,,,,,,,,,,,,,,,,,,,,,,,,,,,,,,,,,,,,,,,,,,,,,
nanog1,4144,fell,1.24,1,147.186,26.6585,1.96667,3.76413,27.8008,34.6353,17.5208,20.4753,27.3574,5.97681,5.19917,2.1753,7.80428,4.41206,,,,,,,,,,,,,,,,,,,,,,,,,,,,,,,,,,,,,,,,,,,,,,,,,,,,,,,,,,,,,,,,,,,,,,,,,,,,,,,,,,,,,,,,,,,,,,,,,,,,,,,,,,,,,,
nanog1,4145,fell,2,1,93.6132,21.8494,2.02644,3.15745,98.5626,38.3302,7.29487,24.1969,23.1075,12.5072,9.45235,3.31045,6.86771,2.97524,,,,,,,,,,,,,,,,,,,,,,,,,,,,,,,,,,,,,,,,,,,,,,,,,,,,,,,,,,,,,,,,,,,,,,,,,,,,,,,,,,,,,,,,,,,,,,,,,,,,,,,,,,,,,,
nanog1,4146,fell,1.96,1,119.117,1.62135,2.07646,3.47837,85.8055,28.3824,16.3255,37.2209,8.72856,10.873,8.19257,2.97965,8.89218,3.81671,,,,,,,,,,,,,,,,,,,,,,,,,,,,,,,,,,,,,,,,,,,,,,,,,,,,,,,,,,,,,,,,,,,,,,,,,,,,,,,,,,,,,,,,,,,,,,,,,,,,,,,,,,,,,,
nanog1,4147,fell,1.64,1,92.311,20.2047,2.00059,3.93003,125.739,43.186,11.3077,6.50044,0.374058,14.1207,10.4849,3.57186,4.80749,0.489774,,,,,,,,,,,,,,,,,,,,,,,,,,,,,,,,,,,,,,,,,,,,,,,,,,,,,,,,,,,,,,,,,,,,,,,,,,,,,,,,,,,,,,,,,,,,,,,,,,,,,,,,,,,,,,
nanog1,4148,fell,1.68,1,68.9953,23.3063,2.29337,3.92518,141.192,26.4823,12.5609,10.2771,0.908211,15.4703,11.6031,3.67029,5.6281,1.05042,,,,,,,,,,,,,,,,,,,,,,,,,,,,,,,,,,,,,,,,,,,,,,,,,,,,,,,,,,,,,,,,,,,,,,,,,,,,,,,,,,,,,,,,,,,,,,,,,,,,,,,,,,,,,,
nanog1,4149,fell,3.86,1,113.578,6.59139,1.98846,3.62804,269.001,95.8637,27.0556,34.9467,12.8281,22.9293,19.1845,5.55452,9.58684,3.39096,,,,,,,,,,,,,,,,,,,,,,,,,,,,,,,,,,,,,,,,,,,,,,,,,,,,,,,,,,,,,,,,,,,,,,,,,,,,,,,,,,,,,,,,,,,,,,,,,,,,,,,,,,,,,,
nanog1,4150,fell,2.54,1,76.6555,130.742,2.88554,4.35872,91.3032,43.8637,14.0366,9.01603,0.695089,9.97339,10.1581,2.60447,3.67585,0.702642,,,,,,,,,,,,,,,,,,,,,,,,,,,,,,,,,,,,,,,,,,,,,,,,,,,,,,,,,,,,,,,,,,,,,,,,,,,,,,,,,,,,,,,,,,,,,,,,,,,,,,,,,,,,,,
nanog1,4151,fell,1,1,60.3072,51.3168,1.96505,2.52037,79.322,18.9728,13.0515,39.4795,7.62417,9.99854,7.0717,2.85747,9.41589,3.36533,,,,,,,,,,,,,,,,,,,,,,,,,,,,,,,,,,,,,,,,,,,,,,,,,,,,,,,,,,,,,,,,,,,,,,,,,,,,,,,,,,,,,,,,,,,,,,,,,,,,,,,,,,,,,,
nanog1,4152,fell,1.16,1,84.7752,10.7333,1.44782,3.55998,134.978,18.9531,28.0918,53.6231,0.907702,12.1877,9.60913,3.28829,8.32429,1.36281,,,,,,,,,,,,,,,,,,,,,,,,,,,,,,,,,,,,,,,,,,,,,,,,,,,,,,,,,,,,,,,,,,,,,,,,,,,,,,,,,,,,,,,,,,,,,,,,,,,,,,,,,,,,,,
nanog1,4153,fell,2.16,1,82.6513,110.919,1.89776,3.31804,80.8513,20.9206,14.7468,34.729,5.37956,9.1419,6.2198,3.19998,10.8467,5.03909,,,,,,,,,,,,,,,,,,,,,,,,,,,,,,,,,,,,,,,,,,,,,,,,,,,,,,,,,,,,,,,,,,,,,,,,,,,,,,,,,,,,,,,,,,,,,,,,,,,,,,,,,,,,,,
nanog1,4154,fell,3,1,88.6423,48.3947,1.13316,3.32523,177.641,48.8455,18.6568,51.2921,7.00823,18.6677,12.3259,4.15946,7.84181,3.71434,,,,,,,,,,,,,,,,,,,,,,,,,,,,,,,,,,,,,,,,,,,,,,,,,,,,,,,,,,,,,,,,,,,,,,,,,,,,,,,,,,,,,,,,,,,,,,,,,,,,,,,,,,,,,,
nanog1,4155,fell,1.24,1,75.0344,109.953,2.23459,3.2808,107.5,16.7026,11.0388,21.2802,0.673131,12.26,9.41632,3.03281,6.58157,1.13741,,,,,,,,,,,,,,,,,,,,,,,,,,,,,,,,,,,,,,,,,,,,,,,,,,,,,,,,,,,,,,,,,,,,,,,,,,,,,,,,,,,,,,,,,,,,,,,,,,,,,,,,,,,,,,
nanog1,4156,fell,1.46,1,87.7354,25.5787,0.873037,3.47475,114.076,33.9079,17.2817,7.85776,0.316672,11.4072,8.40379,3.14062,4.60552,0.575508,,,,,,,,,,,,,,,,,,,,,,,,,,,,,,,,,,,,,,,,,,,,,,,,,,,,,,,,,,,,,,,,,,,,,,,,,,,,,,,,,,,,,,,,,,,,,,,,,,,,,,,,,,,,,,
nanog1,4157,fell,1.5,1,125.433,38.2615,1.16284,3.58983,112.084,33.5638,15.8195,12.4592,0.465312,12.2334,8.76229,3.34011,7.65127,1.664,,,,,,,,,,,,,,,,,,,,,,,,,,,,,,,,,,,,,,,,,,,,,,,,,,,,,,,,,,,,,,,,,,,,,,,,,,,,,,,,,,,,,,,,,,,,,,,,,,,,,,,,,,,,,,
nanog1,4158,fell,1.08,1,36.2735,21.7649,1.55141,3.40489,70.0765,30.8167,14.8971,48.4043,24.8405,9.52185,6.49099,2.9144,10.9651,2.63679,,,,,,,,,,,,,,,,,,,,,,,,,,,,,,,,,,,,,,,,,,,,,,,,,,,,,,,,,,,,,,,,,,,,,,,,,,,,,,,,,,,,,,,,,,,,,,,,,,,,,,,,,,,,,,
nanog1,4159,fell,2.06,1,104.315,168.813,1.96136,3.17456,69.7364,31.6651,21.9352,68.0328,125.521,9.30952,6.6005,3.08278,11.9315,8.9964,,,,,,,,,,,,,,,,,,,,,,,,,,,,,,,,,,,,,,,,,,,,,,,,,,,,,,,,,,,,,,,,,,,,,,,,,,,,,,,,,,,,,,,,,,,,,,,,,,,,,,,,,,,,,,
nanog1,4160,fell,1.7,1,58.4116,110.522,0.783737,3.06367,59.5178,33.011,16.6701,12.2229,0.574652,10.1421,6.88538,2.94734,4.81429,0.751552,,,,,,,,,,,,,,,,,,,,,,,,,,,,,,,,,,,,,,,,,,,,,,,,,,,,,,,,,,,,,,,,,,,,,,,,,,,,,,,,,,,,,,,,,,,,,,,,,,,,,,,,,,,,,,
nanog1,4161,fell,2.4,1,95.4424,4.40435,1.23856,3.29365,171.453,66.4157,19.787,19.7323,1.15303,22.101,14.016,4.02038,7.24213,2.50359,,,,,,,,,,,,,,,,,,,,,,,,,,,,,,,,,,,,,,,,,,,,,,,,,,,,,,,,,,,,,,,,,,,,,,,,,,,,,,,,,,,,,,,,,,,,,,,,,,,,,,,,,,,,,,
nanog1,4162,fell,1.48,1,65.5634,21.8849,1.13351,2.74402,133.992,33.1441,14.786,31.5195,39.3853,12.039,8.41571,3.20012,9.06906,9.24641,,,,,,,,,,,,,,,,,,,,,,,,,,,,,,,,,,,,,,,,,,,,,,,,,,,,,,,,,,,,,,,,,,,,,,,,,,,,,,,,,,,,,,,,,,,,,,,,,,,,,,,,,,,,,,
nanog1,4163,fell,1.44,1,49.1957,55.6075,0.837508,2.63683,89.0867,33.0698,12.1811,27.5142,32.3071,12.199,8.27812,4.01299,9.95614,7.00927,,,,,,,,,,,,,,,,,,,,,,,,,,,,,,,,,,,,,,,,,,,,,,,,,,,,,,,,,,,,,,,,,,,,,,,,,,,,,,,,,,,,,,,,,,,,,,,,,,,,,,,,,,,,,,
nanog1,4164,fell,1.7,1,101.931,154.004,1.97436,3.66766,117.595,45.138,12.4375,14.2004,18.2231,13.1192,10.6283,3.39651,6.33043,2.5258,,,,,,,,,,,,,,,,,,,,,,,,,,,,,,,,,,,,,,,,,,,,,,,,,,,,,,,,,,,,,,,,,,,,,,,,,,,,,,,,,,,,,,,,,,,,,,,,,,,,,,,,,,,,,,
nanog1,4165,fell,2.52,1,50.1662,68.8194,1.34748,3.52652,166.772,39.7675,22.9695,20.2035,3.4779,17.4074,10.151,3.57893,7.01768,3.74337,,,,,,,,,,,,,,,,,,,,,,,,,,,,,,,,,,,,,,,,,,,,,,,,,,,,,,,,,,,,,,,,,,,,,,,,,,,,,,,,,,,,,,,,,,,,,,,,,,,,,,,,,,,,,,
nanog1,4166,fell,1.8,1,30.894,144.081,1.98491,3.48628,137.252,25.2359,18.4515,13.7886,0.704899,17.1242,11.6458,3.90301,5.35746,0.706436,,,,,,,,,,,,,,,,,,,,,,,,,,,,,,,,,,,,,,,,,,,,,,,,,,,,,,,,,,,,,,,,,,,,,,,,,,,,,,,,,,,,,,,,,,,,,,,,,,,,,,,,,,,,,,
nanog1,4167,fell,2.62,1,95.4946,9.24254,2.78139,3.88648,157.393,46.1343,28.9718,7.2068,0.598721,14.8655,10.8811,3.78476,5.16082,1.04199,,,,,,,,,,,,,,,,,,,,,,,,,,,,,,,,,,,,,,,,,,,,,,,,,,,,,,,,,,,,,,,,,,,,,,,,,,,,,,,,,,,,,,,,,,,,,,,,,,,,,,,,,,,,,,
nanog1,4168,fell,2.06,1,138.388,32.6038,3.06667,4.18136,155.085,50.1057,12.4802,5.46654,0.8464,16.3968,12.2364,3.66912,4.70345,0.6961,,,,,,,,,,,,,,,,,,,,,,,,,,,,,,,,,,,,,,,,,,,,,,,,,,,,,,,,,,,,,,,,,,,,,,,,,,,,,,,,,,,,,,,,,,,,,,,,,,,,,,,,,,,,,,
nanog1,4169,fell,2.16,1,114.397,10.3512,3.07683,4.18964,112.043,48.6729,19.8997,12.1139,0.836297,10.6801,9.23048,2.85378,3.96745,1.04226,,,,,,,,,,,,,,,,,,,,,,,,,,,,,,,,,,,,,,,,,,,,,,,,,,,,,,,,,,,,,,,,,,,,,,,,,,,,,,,,,,,,,,,,,,,,,,,,,,,,,,,,,,,,,,
nanog1,4170,fell,1.36,1,5.1669,113.127,1.304,3.31126,96.3886,30.6109,11.2784,18.273,4.64655,14.116,9.49487,3.26977,5.89032,3.67773,,,,,,,,,,,,,,,,,,,,,,,,,,,,,,,,,,,,,,,,,,,,,,,,,,,,,,,,,,,,,,,,,,,,,,,,,,,,,,,,,,,,,,,,,,,,,,,,,,,,,,,,,,,,,,
nanog1,4171,fell,2.7,1,81.1149,25.618,1.48384,3.24671,208.744,61.7652,26.9138,36.7434,38.7812,19.073,14.1458,4.4528,13.2169,7.54576,,,,,,,,,,,,,,,,,,,,,,,,,,,,,,,,,,,,,,,,,,,,,,,,,,,,,,,,,,,,,,,,,,,,,,,,,,,,,,,,,,,,,,,,,,,,,,,,,,,,,,,,,,,,,,
nanog1,4172,fell,1.18,1,32.1538,51.5093,1.34967,2.65767,91.2125,32.8827,13.1444,52.0949,11.9426,11.7195,9.26877,3.1885,9.31756,8.43864,,,,,,,,,,,,,,,,,,,,,,,,,,,,,,,,,,,,,,,,,,,,,,,,,,,,,,,,,,,,,,,,,,,,,,,,,,,,,,,,,,,,,,,,,,,,,,,,,,,,,,,,,,,,,,
nanog1,4173,fell,2.28,1,82.9005,99.8888,1.01289,2.89153,181.316,57.5837,21.6746,17.7082,4.00468,25.3875,14.1701,6.28844,8.98283,1.81645,,,,,,,,,,,,,,,,,,,,,,,,,,,,,,,,,,,,,,,,,,,,,,,,,,,,,,,,,,,,,,,,,,,,,,,,,,,,,,,,,,,,,,,,,,,,,,,,,,,,,,,,,,,,,,
nanog1,4174,fell,1.06,1,90.7336,13.6785,1.70341,3.00387,116.874,31.4535,13.7956,33.538,127.44,10.7539,7.86091,3.00227,13.1516,9.92766,,,,,,,,,,,,,,,,,,,,,,,,,,,,,,,,,,,,,,,,,,,,,,,,,,,,,,,,,,,,,,,,,,,,,,,,,,,,,,,,,,,,,,,,,,,,,,,,,,,,,,,,,,,,,,
nanog1,4175,fell,1.24,1,48.7151,42.6235,1.47509,3.6324,107.723,30.5315,18.6191,31.4242,3.61571,10.8805,7.51158,2.75353,8.14933,4.3272,,,,,,,,,,,,,,,,,,,,,,,,,,,,,,,,,,,,,,,,,,,,,,,,,,,,,,,,,,,,,,,,,,,,,,,,,,,,,,,,,,,,,,,,,,,,,,,,,,,,,,,,,,,,,,
nanog1,4176,fell,3.12,1,101.596,26.2521,0.833834,1.05357,218.6,52.3186,27.348,38.0669,14.3138,26.2852,14.9811,6.96938,14.0556,5.63444,,,,,,,,,,,,,,,,,,,,,,,,,,,,,,,,,,,,,,,,,,,,,,,,,,,,,,,,,,,,,,,,,,,,,,,,,,,,,,,,,,,,,,,,,,,,,,,,,,,,,,,,,,,,,,
nanog1,4177,fell,1.44,1,17.9111,136.711,1.21465,3.05708,95.1181,33.1846,6.36758,13.6239,6.65642,10.9763,8.71945,2.74786,6.34446,3.44796,,,,,,,,,,,,,,,,,,,,,,,,,,,,,,,,,,,,,,,,,,,,,,,,,,,,,,,,,,,,,,,,,,,,,,,,,,,,,,,,,,,,,,,,,,,,,,,,,,,,,,,,,,,,,,
nanog1,4178,fell,1.56,1,51.9219,113.56,0.955515,2.69126,95.8207,37.685,9.5568,17.4092,1.19686,16.7568,10.6533,3.79739,7.57616,1.01424,,,,,,,,,,,,,,,,,,,,,,,,,,,,,,,,,,,,,,,,,,,,,,,,,,,,,,,,,,,,,,,,,,,,,,,,,,,,,,,,,,,,,,,,,,,,,,,,,,,,,,,,,,,,,,
nanog1,4179,fell,2.04,1,118.57,21.268,3.10872,4.17775,94.1636,34.4691,17.7589,38.022,1.43292,11.7477,8.12427,3.75542,8.40963,1.52827,,,,,,,,,,,,,,,,,,,,,,,,,,,,,,,,,,,,,,,,,,,,,,,,,,,,,,,,,,,,,,,,,,,,,,,,,,,,,,,,,,,,,,,,,,,,,,,,,,,,,,,,,,,,,,
nanog1,4180,fell,1.88,1,223.251,32.7817,0.885417,3.01608,121.85,30.4301,20.8458,20,1.62418,16.1348,10.8898,4.28742,7.15439,1.23584,,,,,,,,,,,,,,,,,,,,,,,,,,,,,,,,,,,,,,,,,,,,,,,,,,,,,,,,,,,,,,,,,,,,,,,,,,,,,,,,,,,,,,,,,,,,,,,,,,,,,,,,,,,,,,
nanog1,4181,fell,4,1,126.445,35.639,2.91817,4.01725,257.025,64.248,27.0298,10.9363,1.20073,23.2434,19.0236,5.09062,5.73255,1.04005,,,,,,,,,,,,,,,,,,,,,,,,,,,,,,,,,,,,,,,,,,,,,,,,,,,,,,,,,,,,,,,,,,,,,,,,,,,,,,,,,,,,,,,,,,,,,,,,,,,,,,,,,,,,,,
nanog1,4182,fell,1.62,1,66.9538,79.7219,0.98037,3.37394,110.654,39.1339,10.4295,9.68361,2.14586,10.8862,8.11498,2.84353,4.88745,1.71999,,,,,,,,,,,,,,,,,,,,,,,,,,,,,,,,,,,,,,,,,,,,,,,,,,,,,,,,,,,,,,,,,,,,,,,,,,,,,,,,,,,,,,,,,,,,,,,,,,,,,,,,,,,,,,
nanog1,4183,fell,1.62,1,80.96,19.9066,1.29631,3.02081,98.3133,33.8017,16.1815,61.9462,13.7963,11.8599,8.61474,3.68508,12.3827,8.92313,,,,,,,,,,,,,,,,,,,,,,,,,,,,,,,,,,,,,,,,,,,,,,,,,,,,,,,,,,,,,,,,,,,,,,,,,,,,,,,,,,,,,,,,,,,,,,,,,,,,,,,,,,,,,,
nanog1,4184,fell,1.52,1,29.2848,92.2743,1.17197,3.16499,148.507,36.5463,18.6926,7.60471,0.27865,15.6695,11.79,4.04543,5.7569,1.3306,,,,,,,,,,,,,,,,,,,,,,,,,,,,,,,,,,,,,,,,,,,,,,,,,,,,,,,,,,,,,,,,,,,,,,,,,,,,,,,,,,,,,,,,,,,,,,,,,,,,,,,,,,,,,,
nanog1,4185,fell,2.76,1,49.2311,20.2247,1.03237,3.27447,188.438,39.4879,20.8214,15.6314,1.09394,19.9387,13.8871,4.97413,7.97429,1.49671,,,,,,,,,,,,,,,,,,,,,,,,,,,,,,,,,,,,,,,,,,,,,,,,,,,,,,,,,,,,,,,,,,,,,,,,,,,,,,,,,,,,,,,,,,,,,,,,,,,,,,,,,,,,,,
nanog1,4186,fell,3.24,1,123.762,71.9517,1.09362,2.75706,199.089,58.1928,34.6702,39.2714,15.8537,23.397,15.9167,5.49858,10.8916,8.06445,,,,,,,,,,,,,,,,,,,,,,,,,,,,,,,,,,,,,,,,,,,,,,,,,,,,,,,,,,,,,,,,,,,,,,,,,,,,,,,,,,,,,,,,,,,,,,,,,,,,,,,,,,,,,,
nanog1,4187,fell,2.3,1,126.254,5.59228,2.58516,4.13498,134.994,47.0612,15.1273,5.38102,0.971045,14.5067,10.6204,3.94534,4.32269,0.733522,,,,,,,,,,,,,,,,,,,,,,,,,,,,,,,,,,,,,,,,,,,,,,,,,,,,,,,,,,,,,,,,,,,,,,,,,,,,,,,,,,,,,,,,,,,,,,,,,,,,,,,,,,,,,,
nanog1,4188,fell,1.56,1,78.5415,125.532,0.86016,3.0647,91.3491,28.1526,10.768,9.75964,1.00116,9.94054,8.40975,2.84103,5.09941,0.976719,,,,,,,,,,,,,,,,,,,,,,,,,,,,,,,,,,,,,,,,,,,,,,,,,,,,,,,,,,,,,,,,,,,,,,,,,,,,,,,,,,,,,,,,,,,,,,,,,,,,,,,,,,,,,,
nanog1,4189,fell,2.14,1,134.711,13.0655,1.19754,3.42989,167.883,43.7537,27.8513,20.5601,6.08665,17.5243,10.6964,4.60191,7.67529,5.69574,,,,,,,,,,,,,,,,,,,,,,,,,,,,,,,,,,,,,,,,,,,,,,,,,,,,,,,,,,,,,,,,,,,,,,,,,,,,,,,,,,,,,,,,,,,,,,,,,,,,,,,,,,,,,,
nanog1,4190,fell,1.56,1,28.5114,78.7566,1.183,2.6221,84.7439,33.6113,14.4623,41.8269,82.0851,13.4655,8.7442,3.88744,12.1222,6.0968,,,,,,,,,,,,,,,,,,,,,,,,,,,,,,,,,,,,,,,,,,,,,,,,,,,,,,,,,,,,,,,,,,,,,,,,,,,,,,,,,,,,,,,,,,,,,,,,,,,,,,,,,,,,,,
nanog1,4191,fell,2,1,51.3731,6.19706,2.11882,3.66162,111.634,42.3795,8.84691,31.9233,18.9375,12.7986,9.84921,2.88872,6.46327,8.00057,,,,,,,,,,,,,,,,,,,,,,,,,,,,,,,,,,,,,,,,,,,,,,,,,,,,,,,,,,,,,,,,,,,,,,,,,,,,,,,,,,,,,,,,,,,,,,,,,,,,,,,,,,,,,,
nanog1,4192,fell,3.4,1,98.9008,36.4201,2.96307,4.10333,150.648,47.6214,26.2833,10.725,1.17935,15.0607,11.8317,3.72201,4.6892,0.816293,,,,,,,,,,,,,,,,,,,,,,,,,,,,,,,,,,,,,,,,,,,,,,,,,,,,,,,,,,,,,,,,,,,,,,,,,,,,,,,,,,,,,,,,,,,,,,,,,,,,,,,,,,,,,,
nanog1,4193,fell,2.34,1,71.5924,13.7539,2.4928,4.19016,225.573,46.9893,25.905,22.3881,1.93546,24.6377,13.5323,5.09908,9.37268,2.19642,,,,,,,,,,,,,,,,,,,,,,,,,,,,,,,,,,,,,,,,,,,,,,,,,,,,,,,,,,,,,,,,,,,,,,,,,,,,,,,,,,,,,,,,,,,,,,,,,,,,,,,,,,,,,,
nanog1,4194,fell,1.1,1,60.8809,6.93404,2.5697,3.89359,49.7334,23.4578,9.35755,20.4773,64.753,9.56437,5.86746,2.11683,5.41695,5.6303,,,,,,,,,,,,,,,,,,,,,,,,,,,,,,,,,,,,,,,,,,,,,,,,,,,,,,,,,,,,,,,,,,,,,,,,,,,,,,,,,,,,,,,,,,,,,,,,,,,,,,,,,,,,,,
nanog1,4195,fell,2.3,1,12.1313,39.4179,0.990089,2.62336,113.667,36.5465,13.3131,36.3197,7.28443,14.411,8.91652,3.27068,9.23891,3.65988,,,,,,,,,,,,,,,,,,,,,,,,,,,,,,,,,,,,,,,,,,,,,,,,,,,,,,,,,,,,,,,,,,,,,,,,,,,,,,,,,,,,,,,,,,,,,,,,,,,,,,,,,,,,,,
nanog1,4196,fell,1.08,1,87.7552,69.918,2.19531,3.61012,71.9856,18.2978,7.90299,31.6496,2.06394,8.79684,6.46437,2.16291,6.97214,2.2054,,,,,,,,,,,,,,,,,,,,,,,,,,,,,,,,,,,,,,,,,,,,,,,,,,,,,,,,,,,,,,,,,,,,,,,,,,,,,,,,,,,,,,,,,,,,,,,,,,,,,,,,,,,,,,
nanog1,4197,fell,2.46,1,11.8724,32.5952,1.42851,3.07577,139.818,37.5553,11.7742,14.0791,30.3813,18.9721,10.6137,4.2946,10.3331,6.97107,,,,,,,,,,,,,,,,,,,,,,,,,,,,,,,,,,,,,,,,,,,,,,,,,,,,,,,,,,,,,,,,,,,,,,,,,,,,,,,,,,,,,,,,,,,,,,,,,,,,,,,,,,,,,,
nanog1,4198,fell,2.14,1,102.172,34.0094,1.1637,2.77789,109.381,44.5511,19.0304,32.4843,28.4607,11.0471,7.48391,2.8976,7.39055,6.53702,,,,,,,,,,,,,,,,,,,,,,,,,,,,,,,,,,,,,,,,,,,,,,,,,,,,,,,,,,,,,,,,,,,,,,,,,,,,,,,,,,,,,,,,,,,,,,,,,,,,,,,,,,,,,,
nanog1,4199,fell,1.14,1,49.8886,23.6919,3.0775,4.04996,65.9747,25.015,7.23596,14.0323,0.31522,7.82061,6.39125,1.99916,3.66782,0.855528,,,,,,,,,,,,,,,,,,,,,,,,,,,,,,,,,,,,,,,,,,,,,,,,,,,,,,,,,,,,,,,,,,,,,,,,,,,,,,,,,,,,,,,,,,,,,,,,,,,,,,,,,,,,,,
nanog1,4200,fell,2.44,1,130.762,29.7021,1.76179,3.40334,160.283,40.9657,14.4536,37.2004,34.1728,16.8268,10.4157,3.27641,7.23013,7.05698,,,,,,,,,,,,,,,,,,,,,,,,,,,,,,,,,,,,,,,,,,,,,,,,,,,,,,,,,,,,,,,,,,,,,,,,,,,,,,,,,,,,,,,,,,,,,,,,,,,,,,,,,,,,,,
nanog1,4201,fell,3.22,1,91.0211,60.1257,1.73066,3.54936,239.51,51.0768,28.4052,25.3431,2.51378,26.0502,17.5231,6.14752,12.2903,3.82526,,,,,,,,,,,,,,,,,,,,,,,,,,,,,,,,,,,,,,,,,,,,,,,,,,,,,,,,,,,,,,,,,,,,,,,,,,,,,,,,,,,,,,,,,,,,,,,,,,,,,,,,,,,,,,
nanog1,4202,fell,2.44,1,100.024,23.1333,0.893957,2.86391,202.085,46.6558,16.6082,12.4595,1.00505,20.9755,15.4968,4.52431,7.63688,1.20868,,,,,,,,,,,,,,,,,,,,,,,,,,,,,,,,,,,,,,,,,,,,,,,,,,,,,,,,,,,,,,,,,,,,,,,,,,,,,,,,,,,,,,,,,,,,,,,,,,,,,,,,,,,,,,
nanog1,4203,fell,1.7,1,95.4555,24.734,0.807608,3.13071,144.854,28.4669,11.3328,17.5994,0.991911,16.0591,10.8165,4.01548,6.63497,2.36659,,,,,,,,,,,,,,,,,,,,,,,,,,,,,,,,,,,,,,,,,,,,,,,,,,,,,,,,,,,,,,,,,,,,,,,,,,,,,,,,,,,,,,,,,,,,,,,,,,,,,,,,,,,,,,
nanog1,4204,fell,4.64,1,110.087,16.796,2.81333,4.23393,251.552,59.7729,37.9842,17.5516,1.3172,26.0138,18.2127,5.19386,7.34484,2.12884,,,,,,,,,,,,,,,,,,,,,,,,,,,,,,,,,,,,,,,,,,,,,,,,,,,,,,,,,,,,,,,,,,,,,,,,,,,,,,,,,,,,,,,,,,,,,,,,,,,,,,,,,,,,,,
nanog1,4205,fell,1.78,1,40.7475,38.7364,2.02728,3.62261,110.646,41.0983,11.0458,13.9545,19.1016,15.9192,10.8229,3.41837,5.8007,3.82077,,,,,,,,,,,,,,,,,,,,,,,,,,,,,,,,,,,,,,,,,,,,,,,,,,,,,,,,,,,,,,,,,,,,,,,,,,,,,,,,,,,,,,,,,,,,,,,,,,,,,,,,,,,,,,
nanog1,4206,fell,2.56,1,109.268,105.897,2.9769,4.07398,161.211,46.2626,21.6779,6.61696,1.05752,13.9626,11.9976,3.67489,5.69449,1.43026,,,,,,,,,,,,,,,,,,,,,,,,,,,,,,,,,,,,,,,,,,,,,,,,,,,,,,,,,,,,,,,,,,,,,,,,,,,,,,,,,,,,,,,,,,,,,,,,,,,,,,,,,,,,,,
nanog1,4207,fell,1.7,1,46.5809,16.9066,1.29091,3.16114,81.5459,32.7234,11.7427,27.0159,32.2222,11.1354,7.8198,2.92595,6.15348,5.69283,,,,,,,,,,,,,,,,,,,,,,,,,,,,,,,,,,,,,,,,,,,,,,,,,,,,,,,,,,,,,,,,,,,,,,,,,,,,,,,,,,,,,,,,,,,,,,,,,,,,,,,,,,,,,,
nanog1,4208,fell,1.52,1,91.4604,136.92,3.01572,4.1832,107.682,38.313,11.1936,7.43806,0.43366,11.8239,9.74711,2.78935,4.98734,2.07958,,,,,,,,,,,,,,,,,,,,,,,,,,,,,,,,,,,,,,,,,,,,,,,,,,,,,,,,,,,,,,,,,,,,,,,,,,,,,,,,,,,,,,,,,,,,,,,,,,,,,,,,,,,,,,
nanog1,4209,fell,2.24,1,135.53,50.9221,3.19165,4.18992,131.835,42.5366,14.9871,7.73447,0.479186,12.9484,10.4888,3.52342,4.28899,0.879846,,,,,,,,,,,,,,,,,,,,,,,,,,,,,,,,,,,,,,,,,,,,,,,,,,,,,,,,,,,,,,,,,,,,,,,,,,,,,,,,,,,,,,,,,,,,,,,,,,,,,,,,,,,,,,
nanog1,4210,fell,1.08,1,114.182,61.6756,2.74911,4.2171,74.4813,19.3575,13.9522,21.0147,0.582883,8.21019,6.45954,2.27906,5.39644,0.768996,,,,,,,,,,,,,,,,,,,,,,,,,,,,,,,,,,,,,,,,,,,,,,,,,,,,,,,,,,,,,,,,,,,,,,,,,,,,,,,,,,,,,,,,,,,,,,,,,,,,,,,,,,,,,,
nanog1,4211,fell,1.4,1,38.144,34.5398,2.05751,3.85167,49.1762,28.2325,6.20363,5.57057,0.747322,5.87512,5.97828,1.78698,2.98031,0.38848,,,,,,,,,,,,,,,,,,,,,,,,,,,,,,,,,,,,,,,,,,,,,,,,,,,,,,,,,,,,,,,,,,,,,,,,,,,,,,,,,,,,,,,,,,,,,,,,,,,,,,,,,,,,,,
nanog1,4212,fell,2.24,1,70.946,50.6482,1.35287,3.07954,159.435,49.394,18.2834,30.814,58.2657,16.8206,11.5485,4.18145,7.99478,3.11987,,,,,,,,,,,,,,,,,,,,,,,,,,,,,,,,,,,,,,,,,,,,,,,,,,,,,,,,,,,,,,,,,,,,,,,,,,,,,,,,,,,,,,,,,,,,,,,,,,,,,,,,,,,,,,
nanog1,4213,fell,1.34,1,74.1763,50.1941,1.48176,2.49782,64.1417,23.0023,26.3075,40.8724,3.89944,9.71726,5.44011,2.5759,7.85227,5.34482,,,,,,,,,,,,,,,,,,,,,,,,,,,,,,,,,,,,,,,,,,,,,,,,,,,,,,,,,,,,,,,,,,,,,,,,,,,,,,,,,,,,,,,,,,,,,,,,,,,,,,,,,,,,,,
nanog1,4214,fell,2.92,1,177.456,20.6291,3.02289,4.31077,147.751,41.6983,24.088,9.46392,0.714886,13.9818,9.98408,3.94472,5.41776,0.826058,,,,,,,,,,,,,,,,,,,,,,,,,,,,,,,,,,,,,,,,,,,,,,,,,,,,,,,,,,,,,,,,,,,,,,,,,,,,,,,,,,,,,,,,,,,,,,,,,,,,,,,,,,,,,,
nanog1,4215,fell,1.62,1,69.072,37.2142,1.45861,3.69862,103.365,38.1067,10.6885,5.53621,0.235494,11.2177,9.07646,2.74132,4.45072,1.21241,,,,,,,,,,,,,,,,,,,,,,,,,,,,,,,,,,,,,,,,,,,,,,,,,,,,,,,,,,,,,,,,,,,,,,,,,,,,,,,,,,,,,,,,,,,,,,,,,,,,,,,,,,,,,,
nanog1,4216,fell,1.32,1,50.9295,176.74,1.76966,3.24676,96.3616,33.8774,8.70636,14.1809,15.044,10.5575,8.42053,2.88246,8.7778,5.76977,,,,,,,,,,,,,,,,,,,,,,,,,,,,,,,,,,,,,,,,,,,,,,,,,,,,,,,,,,,,,,,,,,,,,,,,,,,,,,,,,,,,,,,,,,,,,,,,,,,,,,,,,,,,,,
nanog1,4217,fell,1.08,1,74.0372,120.542,2.39325,3.79271,47.1761,32.0519,10.8301,18.1849,30.6972,8.86483,7.29736,2.55623,7.31435,4.08952,,,,,,,,,,,,,,,,,,,,,,,,,,,,,,,,,,,,,,,,,,,,,,,,,,,,,,,,,,,,,,,,,,,,,,,,,,,,,,,,,,,,,,,,,,,,,,,,,,,,,,,,,,,,,,
nanog1,4218,fell,1.56,1,75.5741,157.102,2.52304,4.03359,94.8958,30.2829,6.88528,9.64487,0.275911,10.3657,7.9305,2.73875,4.58469,0.878309,,,,,,,,,,,,,,,,,,,,,,,,,,,,,,,,,,,,,,,,,,,,,,,,,,,,,,,,,,,,,,,,,,,,,,,,,,,,,,,,,,,,,,,,,,,,,,,,,,,,,,,,,,,,,,
nanog1,4219,fell,1.28,1,66.4016,26.7083,0.941022,2.70572,101.456,25.3116,10.5965,67.3714,16.426,14.8697,8.99472,3.88753,10.8363,6.78164,,,,,,,,,,,,,,,,,,,,,,,,,,,,,,,,,,,,,,,,,,,,,,,,,,,,,,,,,,,,,,,,,,,,,,,,,,,,,,,,,,,,,,,,,,,,,,,,,,,,,,,,,,,,,,
nanog1,4220,fell,1.34,1,29.306,128.407,1.75873,3.39781,56.1547,30.6977,12.6333,30.4104,27.1081,9.11967,6.23138,2.60705,10.5327,3.08751,,,,,,,,,,,,,,,,,,,,,,,,,,,,,,,,,,,,,,,,,,,,,,,,,,,,,,,,,,,,,,,,,,,,,,,,,,,,,,,,,,,,,,,,,,,,,,,,,,,,,,,,,,,,,,
nanog1,4221,fell,2.24,1,148.413,37.1625,1.35662,3.57338,147.092,31.9782,17.0647,13.8831,0.402782,14.3109,9.03424,3.91592,7.28073,1.25615,,,,,,,,,,,,,,,,,,,,,,,,,,,,,,,,,,,,,,,,,,,,,,,,,,,,,,,,,,,,,,,,,,,,,,,,,,,,,,,,,,,,,,,,,,,,,,,,,,,,,,,,,,,,,,
nanog1,4222,fell,1.9,1,73.8047,150.482,1.16172,2.67644,122.448,28.5366,17.6031,15.9693,1.22903,14.9189,9.68811,4.264,7.01254,1.17638,,,,,,,,,,,,,,,,,,,,,,,,,,,,,,,,,,,,,,,,,,,,,,,,,,,,,,,,,,,,,,,,,,,,,,,,,,,,,,,,,,,,,,,,,,,,,,,,,,,,,,,,,,,,,,
nanog1,4223,fell,1.94,1,193.129,7.39432,1.05466,3.2126,97.094,22.6343,11.332,15.6045,1.44564,12.6712,10.3442,3.02142,7.68637,2.62319,,,,,,,,,,,,,,,,,,,,,,,,,,,,,,,,,,,,,,,,,,,,,,,,,,,,,,,,,,,,,,,,,,,,,,,,,,,,,,,,,,,,,,,,,,,,,,,,,,,,,,,,,,,,,,
nanog1,4224,fell,2.14,1,105.397,43.5549,3.03149,4.25575,131.355,49.1671,9.21267,10.2945,0.609085,14.7591,11.3368,3.59851,5.16944,1.10053,,,,,,,,,,,,,,,,,,,,,,,,,,,,,,,,,,,,,,,,,,,,,,,,,,,,,,,,,,,,,,,,,,,,,,,,,,,,,,,,,,,,,,,,,,,,,,,,,,,,,,,,,,,,,,
nanog1,4225,fell,1.74,1,46.6267,61.115,3.0109,3.09284,99.1619,23.8924,13.7366,29.2992,5.42067,12.1017,8.73242,3.03258,7.36056,4.99885,,,,,,,,,,,,,,,,,,,,,,,,,,,,,,,,,,,,,,,,,,,,,,,,,,,,,,,,,,,,,,,,,,,,,,,,,,,,,,,,,,,,,,,,,,,,,,,,,,,,,,,,,,,,,,
nanog1,4226,fell,1.46,1,156.311,37.8172,2.33965,3.78032,74.8044,25.0352,13.172,5.84438,0.506265,9.23338,5.9463,2.55772,3.50768,0.488574,,,,,,,,,,,,,,,,,,,,,,,,,,,,,,,,,,,,,,,,,,,,,,,,,,,,,,,,,,,,,,,,,,,,,,,,,,,,,,,,,,,,,,,,,,,,,,,,,,,,,,,,,,,,,,
nanog1,4227,fell,1.3,1,85.7553,102.81,1.86182,3.77466,40.4464,28.266,13.6214,32.8508,47.3135,7.8192,4.8893,2.51741,9.06367,5.65965,,,,,,,,,,,,,,,,,,,,,,,,,,,,,,,,,,,,,,,,,,,,,,,,,,,,,,,,,,,,,,,,,,,,,,,,,,,,,,,,,,,,,,,,,,,,,,,,,,,,,,,,,,,,,,
nanog1,4228,fell,1.6,1,68.3033,33.9687,1.00202,3.44666,137.428,32.863,14.1732,10.9409,0.575802,16.8232,9.70669,3.24051,5.84615,1.54091,,,,,,,,,,,,,,,,,,,,,,,,,,,,,,,,,,,,,,,,,,,,,,,,,,,,,,,,,,,,,,,,,,,,,,,,,,,,,,,,,,,,,,,,,,,,,,,,,,,,,,,,,,,,,,
nanog1,4229,fell,2.64,1,57.5065,3.1624,0.915014,3.23329,172.922,33.1286,22.9632,12.5232,1.30015,16.1659,13.546,4.00791,6.16664,1.53127,,,,,,,,,,,,,,,,,,,,,,,,,,,,,,,,,,,,,,,,,,,,,,,,,,,,,,,,,,,,,,,,,,,,,,,,,,,,,,,,,,,,,,,,,,,,,,,,,,,,,,,,,,,,,,
nanog1,4230,fell,2.42,1,123.83,6.20234,3.01374,4.46243,193.866,69.5084,9.06199,5.73742,0.71289,18.9904,15.8169,4.29457,4.55086,0.597123,,,,,,,,,,,,,,,,,,,,,,,,,,,,,,,,,,,,,,,,,,,,,,,,,,,,,,,,,,,,,,,,,,,,,,,,,,,,,,,,,,,,,,,,,,,,,,,,,,,,,,,,,,,,,,
nanog1,4231,fell,1.3,1,161.059,147.269,2.05966,3.71132,97.9457,22.7396,7.3832,13.8367,0.996033,13.2466,8.83646,3.18489,7.64832,2.88273,,,,,,,,,,,,,,,,,,,,,,,,,,,,,,,,,,,,,,,,,,,,,,,,,,,,,,,,,,,,,,,,,,,,,,,,,,,,,,,,,,,,,,,,,,,,,,,,,,,,,,,,,,,,,,
nanog1,4232,fell,1.28,1,56.7441,135.093,2.92067,4.05373,125.912,23.74,8.0362,12.0254,0.331543,15.3556,11.1615,3.52055,5.97152,0.92652,,,,,,,,,,,,,,,,,,,,,,,,,,,,,,,,,,,,,,,,,,,,,,,,,,,,,,,,,,,,,,,,,,,,,,,,,,,,,,,,,,,,,,,,,,,,,,,,,,,,,,,,,,,,,,
nanog1,4233,fell,1.12,1,142.426,18.8126,1.21293,3.40325,75.8324,18.3677,10.21,11.9356,1.05091,10.1288,7.31663,2.80837,6.77836,3.27635,,,,,,,,,,,,,,,,,,,,,,,,,,,,,,,,,,,,,,,,,,,,,,,,,,,,,,,,,,,,,,,,,,,,,,,,,,,,,,,,,,,,,,,,,,,,,,,,,,,,,,,,,,,,,,
nanog1,4234,fell,2.46,1,69.226,82.62,2.92687,3.78205,138.397,49.0436,14.8098,9.8705,0.704342,13.3051,11.3494,3.17368,3.68725,0.615038,,,,,,,,,,,,,,,,,,,,,,,,,,,,,,,,,,,,,,,,,,,,,,,,,,,,,,,,,,,,,,,,,,,,,,,,,,,,,,,,,,,,,,,,,,,,,,,,,,,,,,,,,,,,,,
nanog1,4235,fell,1.2,1,41.8031,72.1291,0.953945,3.39647,107.767,23.6448,15.3114,10.8666,0.30433,11.9701,9.41062,3.609,6.1773,0.70486,,,,,,,,,,,,,,,,,,,,,,,,,,,,,,,,,,,,,,,,,,,,,,,,,,,,,,,,,,,,,,,,,,,,,,,,,,,,,,,,,,,,,,,,,,,,,,,,,,,,,,,,,,,,,,
nanog1,4236,fell,1.72,1,102.642,13.6622,1.41718,3.33343,165.205,47.0091,22.5519,66.226,1.07144,22.9139,11.677,5.18398,15.3503,3.15567,,,,,,,,,,,,,,,,,,,,,,,,,,,,,,,,,,,,,,,,,,,,,,,,,,,,,,,,,,,,,,,,,,,,,,,,,,,,,,,,,,,,,,,,,,,,,,,,,,,,,,,,,,,,,,
nanog1,4237,fell,2,1,75.8324,7.18151,2.23717,3.78055,89.0936,38.0173,7.80386,30.8733,16.7324,10.6289,8.8255,2.4296,6.7507,4.32314,,,,,,,,,,,,,,,,,,,,,,,,,,,,,,,,,,,,,,,,,,,,,,,,,,,,,,,,,,,,,,,,,,,,,,,,,,,,,,,,,,,,,,,,,,,,,,,,,,,,,,,,,,,,,,
nanog1,4238,fell,2.5,1,52.4845,84.0226,2.94888,3.92614,156.465,37.1557,28.2431,13.3469,0.702489,15.9292,12.4087,4.03677,5.72477,1.06869,,,,,,,,,,,,,,,,,,,,,,,,,,,,,,,,,,,,,,,,,,,,,,,,,,,,,,,,,,,,,,,,,,,,,,,,,,,,,,,,,,,,,,,,,,,,,,,,,,,,,,,,,,,,,,
nanog1,4239,fell,1.04,1,93.8141,82.8042,2.80612,3.90735,61.0687,13.5616,10.9785,9.37716,2.00943,7.45382,6.30076,2.01646,3.88169,1.2263,,,,,,,,,,,,,,,,,,,,,,,,,,,,,,,,,,,,,,,,,,,,,,,,,,,,,,,,,,,,,,,,,,,,,,,,,,,,,,,,,,,,,,,,,,,,,,,,,,,,,,,,,,,,,,
nanog1,4240,fell,3.02,1,123.985,39.9795,2.88014,4.22619,132.295,39.3928,28.2579,12.3779,0.919572,14.5964,10.747,3.68292,6.33226,1.62838,,,,,,,,,,,,,,,,,,,,,,,,,,,,,,,,,,,,,,,,,,,,,,,,,,,,,,,,,,,,,,,,,,,,,,,,,,,,,,,,,,,,,,,,,,,,,,,,,,,,,,,,,,,,,,
nanog1,4241,fell,1.56,1,42.1885,15.941,1.84402,3.56963,79.4709,29.8487,11.2955,24.9698,43.3329,11.4516,7.73503,2.85846,5.50932,5.13438,,,,,,,,,,,,,,,,,,,,,,,,,,,,,,,,,,,,,,,,,,,,,,,,,,,,,,,,,,,,,,,,,,,,,,,,,,,,,,,,,,,,,,,,,,,,,,,,,,,,,,,,,,,,,,
nanog1,4242,fell,2.54,1,82.814,9.7922,1.77831,4.10847,205.486,48.3638,21.6823,12.9872,35.9686,20.7624,13.2978,4.845,8.45463,4.90367,,,,,,,,,,,,,,,,,,,,,,,,,,,,,,,,,,,,,,,,,,,,,,,,,,,,,,,,,,,,,,,,,,,,,,,,,,,,,,,,,,,,,,,,,,,,,,,,,,,,,,,,,,,,,,
nanog1,4243,fell,1.7,1,77.9152,36.6791,2.49215,4.09718,93.6118,30.5917,15.275,12.4041,14.6533,13.6389,9.04195,3.12543,5.62809,2.54831,,,,,,,,,,,,,,,,,,,,,,,,,,,,,,,,,,,,,,,,,,,,,,,,,,,,,,,,,,,,,,,,,,,,,,,,,,,,,,,,,,,,,,,,,,,,,,,,,,,,,,,,,,,,,,
nanog1,4244,fell,1.74,1,80.7698,12.6521,1.65469,3.54532,125.224,34.7395,13.8064,10.3122,4.27711,11.3243,8.38834,3.43596,7.9399,3.29228,,,,,,,,,,,,,,,,,,,,,,,,,,,,,,,,,,,,,,,,,,,,,,,,,,,,,,,,,,,,,,,,,,,,,,,,,,,,,,,,,,,,,,,,,,,,,,,,,,,,,,,,,,,,,,
nanog1,4245,fell,1.54,1,79.6943,67.9196,1.03511,3.06233,118.363,38.7743,16.1624,17.8151,0.318085,13.4053,10.1614,3.44507,6.65662,0.8492,,,,,,,,,,,,,,,,,,,,,,,,,,,,,,,,,,,,,,,,,,,,,,,,,,,,,,,,,,,,,,,,,,,,,,,,,,,,,,,,,,,,,,,,,,,,,,,,,,,,,,,,,,,,,,
nanog1,4246,fell,3.64,1,76.7915,46.9946,1.17497,3.25491,165.611,43.8439,36.0795,15.8358,1.67834,15.7222,12.2295,3.86508,6.15332,1.03973,,,,,,,,,,,,,,,,,,,,,,,,,,,,,,,,,,,,,,,,,,,,,,,,,,,,,,,,,,,,,,,,,,,,,,,,,,,,,,,,,,,,,,,,,,,,,,,,,,,,,,,,,,,,,,
nanog1,4247,fell,1.66,1,33.7966,144.685,2.716,4.13037,64.8975,31.6862,6.52143,5.65961,0.471681,6.95858,6.34541,1.75943,2.34239,0.316246,,,,,,,,,,,,,,,,,,,,,,,,,,,,,,,,,,,,,,,,,,,,,,,,,,,,,,,,,,,,,,,,,,,,,,,,,,,,,,,,,,,,,,,,,,,,,,,,,,,,,,,,,,,,,,
nanog1,4248,fell,1.54,1,60.456,97.0203,3.0078,4.18057,167.333,27.6053,10.7939,7.69541,0.339443,17.9644,11.75,3.7965,6.2724,1.81537,,,,,,,,,,,,,,,,,,,,,,,,,,,,,,,,,,,,,,,,,,,,,,,,,,,,,,,,,,,,,,,,,,,,,,,,,,,,,,,,,,,,,,,,,,,,,,,,,,,,,,,,,,,,,,
nanog1,4249,fell,1.18,1,75.1747,132.712,1.94837,2.56969,102.584,19.7708,11.5634,15.0849,0.968551,12.3539,8.63507,2.96972,6.33683,1.01188,,,,,,,,,,,,,,,,,,,,,,,,,,,,,,,,,,,,,,,,,,,,,,,,,,,,,,,,,,,,,,,,,,,,,,,,,,,,,,,,,,,,,,,,,,,,,,,,,,,,,,,,,,,,,,
nanog1,4250,fell,3.72,1,68.6214,53.4115,1.15801,3.44601,273.287,66.9574,52.9135,32.7208,1.7291,30.699,20.173,6.77108,11.8176,1.78314,,,,,,,,,,,,,,,,,,,,,,,,,,,,,,,,,,,,,,,,,,,,,,,,,,,,,,,,,,,,,,,,,,,,,,,,,,,,,,,,,,,,,,,,,,,,,,,,,,,,,,,,,,,,,,
nanog1,4251,fell,4.56,1,91.4541,39.7976,1.68316,2.96618,234.608,77.1989,31.5707,56.9093,83.5174,21.8894,15.9036,5.14574,12.2974,10.7433,,,,,,,,,,,,,,,,,,,,,,,,,,,,,,,,,,,,,,,,,,,,,,,,,,,,,,,,,,,,,,,,,,,,,,,,,,,,,,,,,,,,,,,,,,,,,,,,,,,,,,,,,,,,,,
nanog1,4252,fell,2.08,1,90.8582,73.5037,2.67822,4.43181,167.028,54.3844,17.2128,14.8,0.666522,18.0268,15.4405,4.33656,6.61258,1.13663,,,,,,,,,,,,,,,,,,,,,,,,,,,,,,,,,,,,,,,,,,,,,,,,,,,,,,,,,,,,,,,,,,,,,,,,,,,,,,,,,,,,,,,,,,,,,,,,,,,,,,,,,,,,,,
nanog1,4253,fell,3.34,1,68.2346,43.6931,1.08605,3.21778,225.935,51.8644,24.4753,14.7289,1.47078,21.9399,13.8094,5.15537,6.39802,1.0337,,,,,,,,,,,,,,,,,,,,,,,,,,,,,,,,,,,,,,,,,,,,,,,,,,,,,,,,,,,,,,,,,,,,,,,,,,,,,,,,,,,,,,,,,,,,,,,,,,,,,,,,,,,,,,
nanog1,4254,fell,1.66,1,146.99,79.1779,0.679243,2.01659,126.116,32.2331,28.272,77.8987,44.3243,16.8874,10.2188,4.38223,12.0546,10.5761,,,,,,,,,,,,,,,,,,,,,,,,,,,,,,,,,,,,,,,,,,,,,,,,,,,,,,,,,,,,,,,,,,,,,,,,,,,,,,,,,,,,,,,,,,,,,,,,,,,,,,,,,,,,,,
nanog1,4255,fell,2.08,1,115.133,106.985,1.25693,2.7168,137.605,42.7925,30.6732,61.8226,2.3021,14.4494,12.8268,4.6958,10.5666,3.47627,,,,,,,,,,,,,,,,,,,,,,,,,,,,,,,,,,,,,,,,,,,,,,,,,,,,,,,,,,,,,,,,,,,,,,,,,,,,,,,,,,,,,,,,,,,,,,,,,,,,,,,,,,,,,,
nanog1,4256,fell,2.26,1,98.1114,154.864,2.43154,3.74064,201.207,45.4961,14.4725,8.06813,2.24576,20.782,14.9986,5.1722,8.12309,2.68737,,,,,,,,,,,,,,,,,,,,,,,,,,,,,,,,,,,,,,,,,,,,,,,,,,,,,,,,,,,,,,,,,,,,,,,,,,,,,,,,,,,,,,,,,,,,,,,,,,,,,,,,,,,,,,
nanog1,4257,fell,2,1,59.2674,63.6714,1.39549,2.85356,128.686,39.7364,11.4467,12.0658,2.53172,11.3469,9.62201,2.91899,7.14914,3.47754,,,,,,,,,,,,,,,,,,,,,,,,,,,,,,,,,,,,,,,,,,,,,,,,,,,,,,,,,,,,,,,,,,,,,,,,,,,,,,,,,,,,,,,,,,,,,,,,,,,,,,,,,,,,,,
nanog1,4258,fell,1.5,1,49.4284,7.90434,1.08838,2.05927,101.096,38.3943,10.7268,20.4884,3.84268,10.1997,7.939,2.76353,7.19638,2.38277,,,,,,,,,,,,,,,,,,,,,,,,,,,,,,,,,,,,,,,,,,,,,,,,,,,,,,,,,,,,,,,,,,,,,,,,,,,,,,,,,,,,,,,,,,,,,,,,,,,,,,,,,,,,,,
nanog1,4259,fell,1.62,1,35.1957,2.36033,1.09382,3.55868,156.908,42.6984,12.0016,14.4699,0.715843,21.7762,13.8275,5.40391,8.69109,2.10021,,,,,,,,,,,,,,,,,,,,,,,,,,,,,,,,,,,,,,,,,,,,,,,,,,,,,,,,,,,,,,,,,,,,,,,,,,,,,,,,,,,,,,,,,,,,,,,,,,,,,,,,,,,,,,
nanog1,4260,fell,1.72,1,55.8209,27.1268,1.12749,3.49555,121.239,44.643,11.793,7.64907,0.452604,11.8221,9.72506,3.37314,4.81429,0.654838,,,,,,,,,,,,,,,,,,,,,,,,,,,,,,,,,,,,,,,,,,,,,,,,,,,,,,,,,,,,,,,,,,,,,,,,,,,,,,,,,,,,,,,,,,,,,,,,,,,,,,,,,,,,,,
nanog1,4261,fell,2.42,1,73.7206,168.452,2.96334,4.16497,137.291,46.3542,19.5759,15.7378,2.71612,14.6249,12.0031,4.0422,7.38337,3.98154,,,,,,,,,,,,,,,,,,,,,,,,,,,,,,,,,,,,,,,,,,,,,,,,,,,,,,,,,,,,,,,,,,,,,,,,,,,,,,,,,,,,,,,,,,,,,,,,,,,,,,,,,,,,,,
nanog1,4262,fell,1.18,1,76.3067,168.113,1.3936,3.06469,46.1895,25.7571,16.5311,35.3112,7.91234,8.3187,5.14957,3.05239,9.03683,3.332,,,,,,,,,,,,,,,,,,,,,,,,,,,,,,,,,,,,,,,,,,,,,,,,,,,,,,,,,,,,,,,,,,,,,,,,,,,,,,,,,,,,,,,,,,,,,,,,,,,,,,,,,,,,,,
nanog1,4263,fell,2.7,1,61.6435,148.067,1.57511,3.33833,193.522,37.0748,27.0779,20.753,0.697802,19.8763,15.0915,4.9671,7.0092,0.872859,,,,,,,,,,,,,,,,,,,,,,,,,,,,,,,,,,,,,,,,,,,,,,,,,,,,,,,,,,,,,,,,,,,,,,,,,,,,,,,,,,,,,,,,,,,,,,,,,,,,,,,,,,,,,,
nanog1,4264,fell,2.24,1,72.5944,9.36956,2.32387,3.48468,93.4975,37.4697,9.37588,33.0122,37.6321,13.8762,9.73237,2.97933,10.9149,3.85717,,,,,,,,,,,,,,,,,,,,,,,,,,,,,,,,,,,,,,,,,,,,,,,,,,,,,,,,,,,,,,,,,,,,,,,,,,,,,,,,,,,,,,,,,,,,,,,,,,,,,,,,,,,,,,
nanog1,4265,fell,1.7,1,91.5748,15.0721,2.06375,3.68022,94.9196,33.0627,13.2819,11.1642,0.443275,10.6042,7.84747,2.56804,4.97022,0.833128,,,,,,,,,,,,,,,,,,,,,,,,,,,,,,,,,,,,,,,,,,,,,,,,,,,,,,,,,,,,,,,,,,,,,,,,,,,,,,,,,,,,,,,,,,,,,,,,,,,,,,,,,,,,,,
nanog1,4266,fell,1.5,1,86.2816,39.8619,3.08438,4.35133,105.204,42.2042,13.0685,4.28112,0.232806,12.1301,9.64704,3.0734,4.16958,0.679774,,,,,,,,,,,,,,,,,,,,,,,,,,,,,,,,,,,,,,,,,,,,,,,,,,,,,,,,,,,,,,,,,,,,,,,,,,,,,,,,,,,,,,,,,,,,,,,,,,,,,,,,,,,,,,
nanog1,4267,fell,2.88,1,90.3167,32.8486,2.96554,3.87831,136.254,32.8957,28.3978,9.29971,1.4229,15.2638,11.9099,3.72404,5.66489,2.35826,,,,,,,,,,,,,,,,,,,,,,,,,,,,,,,,,,,,,,,,,,,,,,,,,,,,,,,,,,,,,,,,,,,,,,,,,,,,,,,,,,,,,,,,,,,,,,,,,,,,,,,,,,,,,,
nanog1,4268,fell,6.36,2,99.0369,56.596,2.61208,4.25566,351.939,99.5937,47.591,19.0142,1.13741,27.5121,19.778,6.87501,8.89986,1.27403,82.9623,21.3895,14.3654,7.61667,0.607428,8.06336,6.07769,1.97807,2.76293,0.976451,,,,,,,,,,,,,,,,,,,,,,,,,,,,,,,,,,,,,,,,,,,,,,,,,,,,,,,,,,,,,,,,,,,,,,,,,,,,,,,,,,,,,,,,,,,,,,,,,,,,
nanog1,4269,fell,2.58,1,66.5503,117.866,2.07801,3.4702,161.448,43.5518,20.7376,23.6061,37.5889,17.5954,12.6824,3.99644,9.30421,3.58239,,,,,,,,,,,,,,,,,,,,,,,,,,,,,,,,,,,,,,,,,,,,,,,,,,,,,,,,,,,,,,,,,,,,,,,,,,,,,,,,,,,,,,,,,,,,,,,,,,,,,,,,,,,,,,
nanog1,4270,fell,1.98,1,102.476,68.6792,2.55,3.97935,133.026,49.3794,25.0093,32.688,0.86473,13.5312,10.3951,3.30823,6.1914,1.10264,,,,,,,,,,,,,,,,,,,,,,,,,,,,,,,,,,,,,,,,,,,,,,,,,,,,,,,,,,,,,,,,,,,,,,,,,,,,,,,,,,,,,,,,,,,,,,,,,,,,,,,,,,,,,,
nanog1,4271,fell,1.24,1,55.3658,131.895,1.89607,2.95826,67.0349,31.3181,15.4971,39.2439,114.599,11.0299,7.87639,2.8323,11.8361,8.0412,,,,,,,,,,,,,,,,,,,,,,,,,,,,,,,,,,,,,,,,,,,,,,,,,,,,,,,,,,,,,,,,,,,,,,,,,,,,,,,,,,,,,,,,,,,,,,,,,,,,,,,,,,,,,,
nanog1,4272,fell,1.86,1,26.071,146.557,1.87089,3.39569,97.2784,41.5676,9.90437,28.3741,73.2083,10.2401,9.08103,2.59012,7.71441,5.62652,,,,,,,,,,,,,,,,,,,,,,,,,,,,,,,,,,,,,,,,,,,,,,,,,,,,,,,,,,,,,,,,,,,,,,,,,,,,,,,,,,,,,,,,,,,,,,,,,,,,,,,,,,,,,,
nanog1,4273,fell,3.94,1,118.405,41.1512,1.34737,1.8518,288.838,81.5264,41.7453,25.9491,3.06493,23.8426,17.8767,6.53947,12.3913,2.9872,,,,,,,,,,,,,,,,,,,,,,,,,,,,,,,,,,,,,,,,,,,,,,,,,,,,,,,,,,,,,,,,,,,,,,,,,,,,,,,,,,,,,,,,,,,,,,,,,,,,,,,,,,,,,,
nanog1,4274,fell,1.1,1,139.669,107.623,1.00458,3.30394,68.8772,13.6792,10.2941,12.0106,1.03324,8.08147,5.8521,2.3826,6.79118,2.93456,,,,,,,,,,,,,,,,,,,,,,,,,,,,,,,,,,,,,,,,,,,,,,,,,,,,,,,,,,,,,,,,,,,,,,,,,,,,,,,,,,,,,,,,,,,,,,,,,,,,,,,,,,,,,,
nanog1,4275,fell,1.72,1,114.619,96.3215,0.875284,2.87298,118.393,35.2514,22.2492,36.666,22.935,14.1545,8.49389,3.20529,11.652,3.39096,,,,,,,,,,,,,,,,,,,,,,,,,,,,,,,,,,,,,,,,,,,,,,,,,,,,,,,,,,,,,,,,,,,,,,,,,,,,,,,,,,,,,,,,,,,,,,,,,,,,,,,,,,,,,,
nanog1,4276,fell,1.5,1,37.2237,78.2258,1.55919,3.43252,85.5336,21.2719,7.54289,8.32788,0.35696,10.3826,7.70152,3.01043,4.1454,0.478012,,,,,,,,,,,,,,,,,,,,,,,,,,,,,,,,,,,,,,,,,,,,,,,,,,,,,,,,,,,,,,,,,,,,,,,,,,,,,,,,,,,,,,,,,,,,,,,,,,,,,,,,,,,,,,
nanog1,4277,fell,2.14,1,57.1698,24.1204,1.6783,3.43248,149.308,40.0309,14.0175,22.053,62.5298,16.9251,11.7711,4.28913,8.62819,6.09282,,,,,,,,,,,,,,,,,,,,,,,,,,,,,,,,,,,,,,,,,,,,,,,,,,,,,,,,,,,,,,,,,,,,,,,,,,,,,,,,,,,,,,,,,,,,,,,,,,,,,,,,,,,,,,
nanog1,4278,fell,2.26,1,93.8468,14.7054,1.90595,3.70644,185.223,47.5477,12.8349,36.3374,46.9491,19.2371,14.7551,4.63069,12.0917,4.7684,,,,,,,,,,,,,,,,,,,,,,,,,,,,,,,,,,,,,,,,,,,,,,,,,,,,,,,,,,,,,,,,,,,,,,,,,,,,,,,,,,,,,,,,,,,,,,,,,,,,,,,,,,,,,,
nanog1,4279,fell,1.56,1,54.9877,3.12918,1.20614,2.70721,103.65,36.4909,13.6307,22.2506,6.51213,17.1278,9.13697,4.11352,8.50378,3.92973,,,,,,,,,,,,,,,,,,,,,,,,,,,,,,,,,,,,,,,,,,,,,,,,,,,,,,,,,,,,,,,,,,,,,,,,,,,,,,,,,,,,,,,,,,,,,,,,,,,,,,,,,,,,,,
nanog1,4280,fell,1.2,1,118.071,87.4127,0.892293,3.31189,98.2993,21.332,10.7585,8.60788,0.457921,12.402,6.97087,2.82699,5.39511,0.715291,,,,,,,,,,,,,,,,,,,,,,,,,,,,,,,,,,,,,,,,,,,,,,,,,,,,,,,,,,,,,,,,,,,,,,,,,,,,,,,,,,,,,,,,,,,,,,,,,,,,,,,,,,,,,,
nanog1,4281,fell,2.16,1,88.9331,38.2191,2.89729,3.87831,130.706,46.634,15.1917,9.45994,0.388744,14.1675,12.2706,3.05012,4.13317,0.565303,,,,,,,,,,,,,,,,,,,,,,,,,,,,,,,,,,,,,,,,,,,,,,,,,,,,,,,,,,,,,,,,,,,,,,,,,,,,,,,,,,,,,,,,,,,,,,,,,,,,,,,,,,,,,,
nanog1,4282,fell,1.64,1,126.875,7.91103,3.12277,4.24235,146.28,45.9112,11.6792,5.48529,0.658667,15.7334,10.881,4.15431,4.8792,1.08572,,,,,,,,,,,,,,,,,,,,,,,,,,,,,,,,,,,,,,,,,,,,,,,,,,,,,,,,,,,,,,,,,,,,,,,,,,,,,,,,,,,,,,,,,,,,,,,,,,,,,,,,,,,,,,
nanog1,4283,fell,1.98,1,77.4425,8.76647,2.98565,4.16748,115.261,49.79,10.6048,7.42136,0.352741,12.3633,10.9996,2.92865,3.31493,0.415236,,,,,,,,,,,,,,,,,,,,,,,,,,,,,,,,,,,,,,,,,,,,,,,,,,,,,,,,,,,,,,,,,,,,,,,,,,,,,,,,,,,,,,,,,,,,,,,,,,,,,,,,,,,,,,
nanog1,4284,fell,2.48,1,148.296,4.02543,2.97933,4.33401,233.781,61.7684,16.022,8.40491,0.598405,23.3499,17.2602,5.08724,5.94568,0.87531,,,,,,,,,,,,,,,,,,,,,,,,,,,,,,,,,,,,,,,,,,,,,,,,,,,,,,,,,,,,,,,,,,,,,,,,,,,,,,,,,,,,,,,,,,,,,,,,,,,,,,,,,,,,,,
nanog1,4285,fell,1.08,1,65.8243,4.53027,2.44754,3.9191,84.932,18.9123,6.69768,9.42661,0.507014,10.6572,8.72003,2.37151,5.51061,1.08276,,,,,,,,,,,,,,,,,,,,,,,,,,,,,,,,,,,,,,,,,,,,,,,,,,,,,,,,,,,,,,,,,,,,,,,,,,,,,,,,,,,,,,,,,,,,,,,,,,,,,,,,,,,,,,
nanog1,4286,fell,2.12,1,63.1069,12.5736,2.18666,3.59548,115.409,32.3586,10.8122,21.4767,5.58626,14.7387,10.2028,3.6881,7.68351,3.24075,,,,,,,,,,,,,,,,,,,,,,,,,,,,,,,,,,,,,,,,,,,,,,,,,,,,,,,,,,,,,,,,,,,,,,,,,,,,,,,,,,,,,,,,,,,,,,,,,,,,,,,,,,,,,,
nanog1,4287,fell,1.7,1,138.722,62.8374,0.718263,3.15756,129.397,32.3212,18.1767,10.1522,0.880991,15.6446,9.76154,3.8684,5.54096,0.780643,,,,,,,,,,,,,,,,,,,,,,,,,,,,,,,,,,,,,,,,,,,,,,,,,,,,,,,,,,,,,,,,,,,,,,,,,,,,,,,,,,,,,,,,,,,,,,,,,,,,,,,,,,,,,,
nanog1,4288,fell,1.78,1,101.332,6.60868,1.75222,2.8835,91.4797,29.8405,11.3605,35.9088,39.0392,10.5837,7.0996,3.22826,7.90241,7.34687,,,,,,,,,,,,,,,,,,,,,,,,,,,,,,,,,,,,,,,,,,,,,,,,,,,,,,,,,,,,,,,,,,,,,,,,,,,,,,,,,,,,,,,,,,,,,,,,,,,,,,,,,,,,,,
nanog1,4289,fell,1.22,1,85.4465,140.371,2.39318,2.61634,117.59,21.7841,30.878,41.9269,1.216,16.6712,11.5861,4.66181,15.0625,3.03097,,,,,,,,,,,,,,,,,,,,,,,,,,,,,,,,,,,,,,,,,,,,,,,,,,,,,,,,,,,,,,,,,,,,,,,,,,,,,,,,,,,,,,,,,,,,,,,,,,,,,,,,,,,,,,
nanog1,4290,fell,2.16,1,112.205,5.82863,2.05403,3.89112,97.7731,39.7243,10.2723,21.1293,30.8644,11.5094,9.3481,2.76129,6.47821,4.82986,,,,,,,,,,,,,,,,,,,,,,,,,,,,,,,,,,,,,,,,,,,,,,,,,,,,,,,,,,,,,,,,,,,,,,,,,,,,,,,,,,,,,,,,,,,,,,,,,,,,,,,,,,,,,,
nanog1,4291,fell,3.38,1,116.65,43.481,1.75814,2.40858,210.275,58.6532,23.3287,41.6789,100.208,18.2661,13.8546,4.57858,12.8873,8.80267,,,,,,,,,,,,,,,,,,,,,,,,,,,,,,,,,,,,,,,,,,,,,,,,,,,,,,,,,,,,,,,,,,,,,,,,,,,,,,,,,,,,,,,,,,,,,,,,,,,,,,,,,,,,,,
nanog1,4292,fell,2.52,1,80.366,52.8554,0.725933,2.97703,141.181,48.6516,17.804,11.5564,2.49657,16.3875,12.3029,4.26393,6.26546,1.35049,,,,,,,,,,,,,,,,,,,,,,,,,,,,,,,,,,,,,,,,,,,,,,,,,,,,,,,,,,,,,,,,,,,,,,,,,,,,,,,,,,,,,,,,,,,,,,,,,,,,,,,,,,,,,,
nanog1,4293,fell,3.06,1,56.3434,56.8129,2.75548,4.26985,176.723,39.6153,28.768,37.3987,3.68464,19.474,15.4585,4.71842,9.46836,5.22887,,,,,,,,,,,,,,,,,,,,,,,,,,,,,,,,,,,,,,,,,,,,,,,,,,,,,,,,,,,,,,,,,,,,,,,,,,,,,,,,,,,,,,,,,,,,,,,,,,,,,,,,,,,,,,
nanog1,4294,fell,1.36,1,75.0025,121.023,1.90417,3.895,38.0336,24.6415,8.1521,20.5644,41.1585,8.57375,5.13985,2.69383,6.37454,4.67895,,,,,,,,,,,,,,,,,,,,,,,,,,,,,,,,,,,,,,,,,,,,,,,,,,,,,,,,,,,,,,,,,,,,,,,,,,,,,,,,,,,,,,,,,,,,,,,,,,,,,,,,,,,,,,
nanog1,4295,fell,2.08,1,76.0554,64.3829,2.38408,3.8633,96.2851,35.1101,20.5275,33.1283,17.5107,13.2171,9.31757,3.97375,10.7187,4.58042,,,,,,,,,,,,,,,,,,,,,,,,,,,,,,,,,,,,,,,,,,,,,,,,,,,,,,,,,,,,,,,,,,,,,,,,,,,,,,,,,,,,,,,,,,,,,,,,,,,,,,,,,,,,,,
nanog1,4296,fell,1.72,1,77.9634,9.40878,0.937938,3.19615,78.3379,31.9277,18.7878,22.8617,1.28765,10.6581,7.88273,2.97874,7.19159,1.41964,,,,,,,,,,,,,,,,,,,,,,,,,,,,,,,,,,,,,,,,,,,,,,,,,,,,,,,,,,,,,,,,,,,,,,,,,,,,,,,,,,,,,,,,,,,,,,,,,,,,,,,,,,,,,,
nanog1,4297,fell,1.44,1,18.0357,135.731,2.37946,3.68845,38.0718,27.7267,7.61106,17.6433,53.319,8.37279,5.67114,2.30741,5.63607,4.28522,,,,,,,,,,,,,,,,,,,,,,,,,,,,,,,,,,,,,,,,,,,,,,,,,,,,,,,,,,,,,,,,,,,,,,,,,,,,,,,,,,,,,,,,,,,,,,,,,,,,,,,,,,,,,,
nanog1,4298,fell,2.22,1,42.2449,0.320823,1.20382,2.98837,101.869,34.1311,10.0593,35.8517,69.6303,11.5923,7.05035,3.10581,9.36383,7.28652,,,,,,,,,,,,,,,,,,,,,,,,,,,,,,,,,,,,,,,,,,,,,,,,,,,,,,,,,,,,,,,,,,,,,,,,,,,,,,,,,,,,,,,,,,,,,,,,,,,,,,,,,,,,,,
nanog1,4299,fell,1.68,1,21.6072,33.4831,1.30456,2.48603,98.8382,20.2764,13.7073,7.17667,0.809113,11.6064,7.13866,3.37106,4.4353,0.79027,,,,,,,,,,,,,,,,,,,,,,,,,,,,,,,,,,,,,,,,,,,,,,,,,,,,,,,,,,,,,,,,,,,,,,,,,,,,,,,,,,,,,,,,,,,,,,,,,,,,,,,,,,,,,,
nanog1,4300,fell,1.52,1,65.2136,50.9291,1.09435,3.18994,101.551,20.8267,8.68766,17.3054,1.65061,12.8897,9.16573,3.42016,6.2488,1.18392,,,,,,,,,,,,,,,,,,,,,,,,,,,,,,,,,,,,,,,,,,,,,,,,,,,,,,,,,,,,,,,,,,,,,,,,,,,,,,,,,,,,,,,,,,,,,,,,,,,,,,,,,,,,,,
nanog1,4301,fell,2,1,56.3596,92.1796,2.08391,3.49153,120.383,36.6004,20.705,38.6369,92.7635,14.4146,8.98056,3.73437,8.89931,6.26531,,,,,,,,,,,,,,,,,,,,,,,,,,,,,,,,,,,,,,,,,,,,,,,,,,,,,,,,,,,,,,,,,,,,,,,,,,,,,,,,,,,,,,,,,,,,,,,,,,,,,,,,,,,,,,
nanog1,4302,fell,2.18,1,86.5428,78.007,2.27536,3.90698,143.038,41.8957,16.279,18.2789,34.0288,17.972,10.6536,3.80087,8.03472,3.27862,,,,,,,,,,,,,,,,,,,,,,,,,,,,,,,,,,,,,,,,,,,,,,,,,,,,,,,,,,,,,,,,,,,,,,,,,,,,,,,,,,,,,,,,,,,,,,,,,,,,,,,,,,,,,,
nanog1,4303,fell,1.64,1,61.2851,91.9497,0.763836,3.18721,113.026,35.455,13.2761,8.72673,1.39571,11.7543,8.11702,2.81843,5.22188,1.17896,,,,,,,,,,,,,,,,,,,,,,,,,,,,,,,,,,,,,,,,,,,,,,,,,,,,,,,,,,,,,,,,,,,,,,,,,,,,,,,,,,,,,,,,,,,,,,,,,,,,,,,,,,,,,,
nanog1,4304,fell,1.32,1,80.7676,134.184,1.86189,3.49706,159.949,30.1713,29.1993,61.3621,23.9034,16.035,10.8568,3.89776,12.3883,4.99064,,,,,,,,,,,,,,,,,,,,,,,,,,,,,,,,,,,,,,,,,,,,,,,,,,,,,,,,,,,,,,,,,,,,,,,,,,,,,,,,,,,,,,,,,,,,,,,,,,,,,,,,,,,,,,
nanog1,4305,fell,1.5,1,40.6089,26.759,0.728221,2.12253,94.1638,34.7055,14.8932,38.5948,68.8395,14.1321,9.04417,3.72344,10.6319,6.67618,,,,,,,,,,,,,,,,,,,,,,,,,,,,,,,,,,,,,,,,,,,,,,,,,,,,,,,,,,,,,,,,,,,,,,,,,,,,,,,,,,,,,,,,,,,,,,,,,,,,,,,,,,,,,,
nanog1,4306,fell,3.04,1,57.1479,77.0191,0.719842,3.01765,216.228,46.9663,24.007,17.5631,2.93799,23.9237,15.2021,5.56837,8.01256,2.79585,,,,,,,,,,,,,,,,,,,,,,,,,,,,,,,,,,,,,,,,,,,,,,,,,,,,,,,,,,,,,,,,,,,,,,,,,,,,,,,,,,,,,,,,,,,,,,,,,,,,,,,,,,,,,,
nanog1,4307,fell,2.78,1,97.5159,46.4045,1.37739,2.97626,218.234,48.9754,32.9167,30.1949,55.895,23.4995,15.5483,5.27541,10.1979,5.48697,,,,,,,,,,,,,,,,,,,,,,,,,,,,,,,,,,,,,,,,,,,,,,,,,,,,,,,,,,,,,,,,,,,,,,,,,,,,,,,,,,,,,,,,,,,,,,,,,,,,,,,,,,,,,,
nanog1,4308,fell,1.52,1,26.788,111.206,2.27888,3.9856,98.4056,24.756,11.4552,4.75304,0.596723,11.2626,7.52168,2.89835,4.18491,0.870587,,,,,,,,,,,,,,,,,,,,,,,,,,,,,,,,,,,,,,,,,,,,,,,,,,,,,,,,,,,,,,,,,,,,,,,,,,,,,,,,,,,,,,,,,,,,,,,,,,,,,,,,,,,,,,
nanog1,4309,fell,1.3,1,75.0063,12.7467,1.72055,3.21975,77.095,23.5717,18.1186,81.8041,17.1736,10.8853,8.7433,3.54997,13.1098,7.49693,,,,,,,,,,,,,,,,,,,,,,,,,,,,,,,,,,,,,,,,,,,,,,,,,,,,,,,,,,,,,,,,,,,,,,,,,,,,,,,,,,,,,,,,,,,,,,,,,,,,,,,,,,,,,,
nanog1,4310,fell,1.28,1,107.661,140.163,2.86653,4.20139,99.5528,28.9749,11.4218,3.6289,0.416794,10.2271,8.48748,2.77497,3.9398,0.537533,,,,,,,,,,,,,,,,,,,,,,,,,,,,,,,,,,,,,,,,,,,,,,,,,,,,,,,,,,,,,,,,,,,,,,,,,,,,,,,,,,,,,,,,,,,,,,,,,,,,,,,,,,,,,,
nanog1,4311,fell,3.34,1,127.056,23.6367,2.56884,3.99473,184.961,39.9638,23.5778,15.6641,5.28048,16.2451,12.4223,3.7326,9.1244,3.79666,,,,,,,,,,,,,,,,,,,,,,,,,,,,,,,,,,,,,,,,,,,,,,,,,,,,,,,,,,,,,,,,,,,,,,,,,,,,,,,,,,,,,,,,,,,,,,,,,,,,,,,,,,,,,,
nanog1,4312,fell,1.82,1,109.334,41.6271,3.11516,4.24069,72.4396,30.1862,9.38898,4.15043,0.614611,8.19761,6.16781,2.03624,3.67806,1.99822,,,,,,,,,,,,,,,,,,,,,,,,,,,,,,,,,,,,,,,,,,,,,,,,,,,,,,,,,,,,,,,,,,,,,,,,,,,,,,,,,,,,,,,,,,,,,,,,,,,,,,,,,,,,,,
nanog1,4313,fell,2.2,1,81.4495,125.72,2.09324,3.73562,142.418,38.2519,13.6024,7.88131,1.09879,17.3681,11.9571,3.66394,5.07773,1.10845,,,,,,,,,,,,,,,,,,,,,,,,,,,,,,,,,,,,,,,,,,,,,,,,,,,,,,,,,,,,,,,,,,,,,,,,,,,,,,,,,,,,,,,,,,,,,,,,,,,,,,,,,,,,,,
nanog1,4314,fell,1.64,1,104.652,3.93042,1.92281,2.81935,125.404,29.0034,21.3873,41.1718,1.41218,12.4869,8.65201,3.38124,11.775,1.83453,,,,,,,,,,,,,,,,,,,,,,,,,,,,,,,,,,,,,,,,,,,,,,,,,,,,,,,,,,,,,,,,,,,,,,,,,,,,,,,,,,,,,,,,,,,,,,,,,,,,,,,,,,,,,,
nanog1,4315,fell,2.96,1,86.4645,35.4659,0.742706,3.11187,187.059,40.4059,28.1581,21.2743,13.138,23.6625,17.1737,5.69228,13.1891,6.51098,,,,,,,,,,,,,,,,,,,,,,,,,,,,,,,,,,,,,,,,,,,,,,,,,,,,,,,,,,,,,,,,,,,,,,,,,,,,,,,,,,,,,,,,,,,,,,,,,,,,,,,,,,,,,,
nanog1,4316,fell,2.12,1,87.9939,16.0636,2.47328,3.86081,117.844,41.2025,13.0361,6.4856,2.72586,11.8872,10.3526,3.06627,4.23479,1.2166,,,,,,,,,,,,,,,,,,,,,,,,,,,,,,,,,,,,,,,,,,,,,,,,,,,,,,,,,,,,,,,,,,,,,,,,,,,,,,,,,,,,,,,,,,,,,,,,,,,,,,,,,,,,,,
nanog1,4317,fell,1.1,1,80.3592,88.314,1.17485,3.33952,74.0935,22.3113,5.87842,17.3257,2.04458,9.52916,6.26232,2.39354,5.96922,3.22456,,,,,,,,,,,,,,,,,,,,,,,,,,,,,,,,,,,,,,,,,,,,,,,,,,,,,,,,,,,,,,,,,,,,,,,,,,,,,,,,,,,,,,,,,,,,,,,,,,,,,,,,,,,,,,
nanog1,4318,fell,1.78,1,64.2413,65.5352,1.73151,2.49405,156.439,40.9155,20.7465,25.9379,1.44603,13.4181,9.91901,3.65156,8.37538,1.60315,,,,,,,,,,,,,,,,,,,,,,,,,,,,,,,,,,,,,,,,,,,,,,,,,,,,,,,,,,,,,,,,,,,,,,,,,,,,,,,,,,,,,,,,,,,,,,,,,,,,,,,,,,,,,,
nanog1,4319,fell,2.94,1,56.4686,2.02616,2.81619,4.16573,179.555,45.4494,21.32,12.2284,0.610263,15.1222,13.1665,3.72464,4.76538,0.6596,,,,,,,,,,,,,,,,,,,,,,,,,,,,,,,,,,,,,,,,,,,,,,,,,,,,,,,,,,,,,,,,,,,,,,,,,,,,,,,,,,,,,,,,,,,,,,,,,,,,,,,,,,,,,,
nanog1,4320,fell,1.9,1,38.3587,125.307,2.57265,3.65389,94.3265,36.5691,11.0372,22.3231,43.893,13.6938,9.47649,3.04089,7.33435,5.46083,,,,,,,,,,,,,,,,,,,,,,,,,,,,,,,,,,,,,,,,,,,,,,,,,,,,,,,,,,,,,,,,,,,,,,,,,,,,,,,,,,,,,,,,,,,,,,,,,,,,,,,,,,,,,,
nanog1,4321,fell,2.84,1,116.886,29.8255,1.95724,3.64443,209.552,69.0398,24.0111,20.499,65.3018,19.5717,14.1767,4.39767,9.6364,6.23541,,,,,,,,,,,,,,,,,,,,,,,,,,,,,,,,,,,,,,,,,,,,,,,,,,,,,,,,,,,,,,,,,,,,,,,,,,,,,,,,,,,,,,,,,,,,,,,,,,,,,,,,,,,,,,
nanog1,4322,fell,1.74,1,73.063,92.9402,2.86292,3.91865,97.6252,38.8635,9.98762,8.08055,0.189993,11.2329,10.9526,2.76993,3.98272,0.610991,,,,,,,,,,,,,,,,,,,,,,,,,,,,,,,,,,,,,,,,,,,,,,,,,,,,,,,,,,,,,,,,,,,,,,,,,,,,,,,,,,,,,,,,,,,,,,,,,,,,,,,,,,,,,,
nanog1,4323,fell,2.4,1,58.908,47.5531,2.00845,3.93642,115.372,34.5236,18.5499,17.8666,81.3736,14.3106,10.6416,3.24042,8.79304,6.53213,,,,,,,,,,,,,,,,,,,,,,,,,,,,,,,,,,,,,,,,,,,,,,,,,,,,,,,,,,,,,,,,,,,,,,,,,,,,,,,,,,,,,,,,,,,,,,,,,,,,,,,,,,,,,,
nanog1,4324,fell,3.76,1,119.792,75.5995,2.61117,4.19785,204.672,47.3796,26.785,11.9557,1.22813,20.1344,16.4782,4.52608,6.88348,1.4967,,,,,,,,,,,,,,,,,,,,,,,,,,,,,,,,,,,,,,,,,,,,,,,,,,,,,,,,,,,,,,,,,,,,,,,,,,,,,,,,,,,,,,,,,,,,,,,,,,,,,,,,,,,,,,
nanog1,4325,fell,1.38,1,55.4923,166.938,3.04281,4.27959,99.859,35.3391,11.5082,4.79115,0.260891,9.73638,8.30598,2.72286,3.84277,0.475564,,,,,,,,,,,,,,,,,,,,,,,,,,,,,,,,,,,,,,,,,,,,,,,,,,,,,,,,,,,,,,,,,,,,,,,,,,,,,,,,,,,,,,,,,,,,,,,,,,,,,,,,,,,,,,
nanog1,4326,fell,2.02,1,119.415,2.01789,1.68913,3.08077,172.908,51.4349,21.7311,32.4198,4.67368,20.0451,14.3557,4.73833,9.68913,3.85879,,,,,,,,,,,,,,,,,,,,,,,,,,,,,,,,,,,,,,,,,,,,,,,,,,,,,,,,,,,,,,,,,,,,,,,,,,,,,,,,,,,,,,,,,,,,,,,,,,,,,,,,,,,,,,
nanog1,4327,fell,2.42,1,50.6519,141.758,1.2196,3.67644,152.701,34.9418,22.0177,11.1116,1.12058,15.4762,12.9157,4.0548,5.35414,1.62812,,,,,,,,,,,,,,,,,,,,,,,,,,,,,,,,,,,,,,,,,,,,,,,,,,,,,,,,,,,,,,,,,,,,,,,,,,,,,,,,,,,,,,,,,,,,,,,,,,,,,,,,,,,,,,
nanog1,4328,fell,4.62,1,104.383,39.8213,2.60979,4.02576,290.595,61.3517,36.1921,18.9754,1.73782,29.2527,19.9726,6.04976,8.2976,1.64766,,,,,,,,,,,,,,,,,,,,,,,,,,,,,,,,,,,,,,,,,,,,,,,,,,,,,,,,,,,,,,,,,,,,,,,,,,,,,,,,,,,,,,,,,,,,,,,,,,,,,,,,,,,,,,
nanog1,4329,fell,1.14,1,39.7247,20.4756,1.7306,2.17758,94.2619,22.8597,20.9401,15.2161,0.471292,11.4565,8.60906,3.17822,8.14175,1.51736,,,,,,,,,,,,,,,,,,,,,,,,,,,,,,,,,,,,,,,,,,,,,,,,,,,,,,,,,,,,,,,,,,,,,,,,,,,,,,,,,,,,,,,,,,,,,,,,,,,,,,,,,,,,,,
nanog1,4330,fell,1.68,1,140.238,17.8838,2.7192,3.80696,78.6951,20.9204,6.89255,8.2254,0.653369,7.56021,6.13532,1.93232,3.38032,0.844702,,,,,,,,,,,,,,,,,,,,,,,,,,,,,,,,,,,,,,,,,,,,,,,,,,,,,,,,,,,,,,,,,,,,,,,,,,,,,,,,,,,,,,,,,,,,,,,,,,,,,,,,,,,,,,
nanog1,4331,fell,1.24,1,112.924,91.1588,2.21924,3.76947,48.4846,33.9351,11.8062,21.6761,55.2508,9.34768,7.53908,2.87025,6.02841,4.57661,,,,,,,,,,,,,,,,,,,,,,,,,,,,,,,,,,,,,,,,,,,,,,,,,,,,,,,,,,,,,,,,,,,,,,,,,,,,,,,,,,,,,,,,,,,,,,,,,,,,,,,,,,,,,,
nanog1,4332,fell,1.56,1,58.9089,34.282,0.98582,2.94757,118.175,38.8393,11.4774,25.7407,1.16888,15.3803,9.52612,3.65344,8.37524,2.42618,,,,,,,,,,,,,,,,,,,,,,,,,,,,,,,,,,,,,,,,,,,,,,,,,,,,,,,,,,,,,,,,,,,,,,,,,,,,,,,,,,,,,,,,,,,,,,,,,,,,,,,,,,,,,,
nanog1,4333,fell,2.18,1,93.1505,46.6216,1.25452,2.78303,193.422,54.8513,19.1054,38.9954,15.0374,24.1917,15.9342,4.36553,9.51561,5.54731,,,,,,,,,,,,,,,,,,,,,,,,,,,,,,,,,,,,,,,,,,,,,,,,,,,,,,,,,,,,,,,,,,,,,,,,,,,,,,,,,,,,,,,,,,,,,,,,,,,,,,,,,,,,,,
nanog1,4334,fell,1.46,1,24.1457,105.249,2.2302,3.61087,87.3268,30.9942,26.2445,48.3462,25.7295,10.5498,7.88156,3.05042,9.60164,3.25279,,,,,,,,,,,,,,,,,,,,,,,,,,,,,,,,,,,,,,,,,,,,,,,,,,,,,,,,,,,,,,,,,,,,,,,,,,,,,,,,,,,,,,,,,,,,,,,,,,,,,,,,,,,,,,
nanog1,4335,fell,1.84,1,99.1877,97.7162,0.839302,2.44731,138.307,33.5159,10.8306,48.0227,4.19858,15.5593,11.0492,3.99874,10.3169,3.16269,,,,,,,,,,,,,,,,,,,,,,,,,,,,,,,,,,,,,,,,,,,,,,,,,,,,,,,,,,,,,,,,,,,,,,,,,,,,,,,,,,,,,,,,,,,,,,,,,,,,,,,,,,,,,,
nanog1,4336,fell,1.78,1,41.5395,68.1797,2.2037,3.75745,95.7519,31.278,13.9707,26.7348,66.9153,13.209,9.26017,2.84254,6.84794,5.90871,,,,,,,,,,,,,,,,,,,,,,,,,,,,,,,,,,,,,,,,,,,,,,,,,,,,,,,,,,,,,,,,,,,,,,,,,,,,,,,,,,,,,,,,,,,,,,,,,,,,,,,,,,,,,,
nanog1,4337,fell,1.68,1,72.4887,21.0619,0.767206,3.14192,95.0617,38.7836,27.8911,17.7417,1.6106,9.0473,7.56658,2.52952,5.88346,1.35149,,,,,,,,,,,,,,,,,,,,,,,,,,,,,,,,,,,,,,,,,,,,,,,,,,,,,,,,,,,,,,,,,,,,,,,,,,,,,,,,,,,,,,,,,,,,,,,,,,,,,,,,,,,,,,
nanog1,4338,fell,1.74,1,60.2381,65.3276,0.677669,3.12553,94.4283,23.4876,10.6304,9.74793,0.760099,11.0034,7.75868,2.55085,4.18832,1.55713,,,,,,,,,,,,,,,,,,,,,,,,,,,,,,,,,,,,,,,,,,,,,,,,,,,,,,,,,,,,,,,,,,,,,,,,,,,,,,,,,,,,,,,,,,,,,,,,,,,,,,,,,,,,,,
nanog1,4339,fell,1.1,1,66.3546,171.069,2.14553,3.68781,47.99,28.1581,11.3767,23.1158,40.6786,7.06052,5.54007,2.47375,6.7615,3.24335,,,,,,,,,,,,,,,,,,,,,,,,,,,,,,,,,,,,,,,,,,,,,,,,,,,,,,,,,,,,,,,,,,,,,,,,,,,,,,,,,,,,,,,,,,,,,,,,,,,,,,,,,,,,,,
nanog1,4340,fell,4.02,1,83.6939,20.0532,1.38583,3.47093,218.46,65.4265,35.2033,14.7458,3.40918,20.6396,16.065,4.91177,7.26021,1.75202,,,,,,,,,,,,,,,,,,,,,,,,,,,,,,,,,,,,,,,,,,,,,,,,,,,,,,,,,,,,,,,,,,,,,,,,,,,,,,,,,,,,,,,,,,,,,,,,,,,,,,,,,,,,,,
nanog1,4341,fell,1.82,1,31.3622,70.3968,0.984589,2.41928,117.661,31.8364,17.2473,36.6459,8.11362,13.8111,9.45065,3.94501,8.65703,5.8775,,,,,,,,,,,,,,,,,,,,,,,,,,,,,,,,,,,,,,,,,,,,,,,,,,,,,,,,,,,,,,,,,,,,,,,,,,,,,,,,,,,,,,,,,,,,,,,,,,,,,,,,,,,,,,
nanog1,4342,fell,2.02,1,251.081,67.8668,2.43152,3.81519,155.564,38.9585,23.9397,8.87322,0.422838,17.1437,11.4296,4.75691,7.30528,2.61937,,,,,,,,,,,,,,,,,,,,,,,,,,,,,,,,,,,,,,,,,,,,,,,,,,,,,,,,,,,,,,,,,,,,,,,,,,,,,,,,,,,,,,,,,,,,,,,,,,,,,,,,,,,,,,
nanog1,4343,fell,1.56,1,97.7051,106.285,1.41204,3.39688,126.654,33.3309,16.6549,24.713,10.9317,16.0635,10.5301,3.52886,7.043,4.29524,,,,,,,,,,,,,,,,,,,,,,,,,,,,,,,,,,,,,,,,,,,,,,,,,,,,,,,,,,,,,,,,,,,,,,,,,,,,,,,,,,,,,,,,,,,,,,,,,,,,,,,,,,,,,,
nanog1,4344,fell,1.56,1,71.712,8.26418,1.93093,2.84383,105.872,37.8247,11.2534,17.1403,17.8744,11.7009,9.774,3.34218,6.35904,5.49373,,,,,,,,,,,,,,,,,,,,,,,,,,,,,,,,,,,,,,,,,,,,,,,,,,,,,,,,,,,,,,,,,,,,,,,,,,,,,,,,,,,,,,,,,,,,,,,,,,,,,,,,,,,,,,
nanog1,4345,fell,1.42,1,11.9782,164.942,0.615146,3.0924,83.7975,19.7847,13.1007,9.88662,0.466703,9.67443,7.26097,2.67202,3.52506,0.427745,,,,,,,,,,,,,,,,,,,,,,,,,,,,,,,,,,,,,,,,,,,,,,,,,,,,,,,,,,,,,,,,,,,,,,,,,,,,,,,,,,,,,,,,,,,,,,,,,,,,,,,,,,,,,,
nanog1,4346,fell,1.64,1,82.5545,55.5079,2.0706,3.66763,118.762,34.5847,9.88605,27.255,43.9949,17.8148,10.2748,3.65257,7.26089,4.1566,,,,,,,,,,,,,,,,,,,,,,,,,,,,,,,,,,,,,,,,,,,,,,,,,,,,,,,,,,,,,,,,,,,,,,,,,,,,,,,,,,,,,,,,,,,,,,,,,,,,,,,,,,,,,,
nanog1,4347,fell,1.72,1,62.3478,0.30378,1.22981,2.53682,116.437,27.5173,15.5068,47.1695,14.9196,12.4515,11.0911,3.26401,7.98779,6.98027,,,,,,,,,,,,,,,,,,,,,,,,,,,,,,,,,,,,,,,,,,,,,,,,,,,,,,,,,,,,,,,,,,,,,,,,,,,,,,,,,,,,,,,,,,,,,,,,,,,,,,,,,,,,,,
nanog1,4348,fell,1.78,1,174.431,114.811,2.82231,3.98073,78.5015,22.1153,18.3195,16.154,0.800676,8.32702,7.15738,2.03533,4.87554,1.15832,,,,,,,,,,,,,,,,,,,,,,,,,,,,,,,,,,,,,,,,,,,,,,,,,,,,,,,,,,,,,,,,,,,,,,,,,,,,,,,,,,,,,,,,,,,,,,,,,,,,,,,,,,,,,,
nanog1,4349,fell,2.08,1,76.1321,34.4688,1.0952,2.93318,167.364,35.1418,10.8893,29.128,18.8276,20.3749,12.5324,5.00068,10.9925,5.28676,,,,,,,,,,,,,,,,,,,,,,,,,,,,,,,,,,,,,,,,,,,,,,,,,,,,,,,,,,,,,,,,,,,,,,,,,,,,,,,,,,,,,,,,,,,,,,,,,,,,,,,,,,,,,,
nanog1,4350,fell,2.82,1,102.854,51.2526,2.9079,3.4856,143.48,25.114,13.2441,11.9005,0.860454,13.2229,10.7531,3.09895,5.14575,2.27236,,,,,,,,,,,,,,,,,,,,,,,,,,,,,,,,,,,,,,,,,,,,,,,,,,,,,,,,,,,,,,,,,,,,,,,,,,,,,,,,,,,,,,,,,,,,,,,,,,,,,,,,,,,,,,
nanog1,4351,fell,1.82,1,72.503,37.5822,1.93072,3.87579,128.637,44.7048,11.4098,12.9455,57.4184,14.9099,10.7995,3.33424,6.15272,4.09806,,,,,,,,,,,,,,,,,,,,,,,,,,,,,,,,,,,,,,,,,,,,,,,,,,,,,,,,,,,,,,,,,,,,,,,,,,,,,,,,,,,,,,,,,,,,,,,,,,,,,,,,,,,,,,
nanog1,4352,fell,1.66,1,84.1612,174.75,2.47768,3.78254,86.8972,34.4072,8.95407,7.61269,1.39379,10.8256,8.62153,2.51087,4.43505,1.0725,,,,,,,,,,,,,,,,,,,,,,,,,,,,,,,,,,,,,,,,,,,,,,,,,,,,,,,,,,,,,,,,,,,,,,,,,,,,,,,,,,,,,,,,,,,,,,,,,,,,,,,,,,,,,,
nanog1,4353,fell,1.4,1,42.1487,88.976,2.77901,4.19236,93.6761,32.0354,10.6617,8.97637,0.604704,9.15368,7.85718,2.33022,4.17981,0.756672,,,,,,,,,,,,,,,,,,,,,,,,,,,,,,,,,,,,,,,,,,,,,,,,,,,,,,,,,,,,,,,,,,,,,,,,,,,,,,,,,,,,,,,,,,,,,,,,,,,,,,,,,,,,,,
nanog1,4354,fell,1.42,1,114.959,50.3516,3.01938,3.91963,114.659,32.2939,11.4815,27.2041,5.50973,12.7844,10.511,3.59334,8.47594,5.36045,,,,,,,,,,,,,,,,,,,,,,,,,,,,,,,,,,,,,,,,,,,,,,,,,,,,,,,,,,,,,,,,,,,,,,,,,,,,,,,,,,,,,,,,,,,,,,,,,,,,,,,,,,,,,,
nanog1,4355,fell,1.78,1,103.996,78.352,0.829862,2.6811,107.805,28.0353,15.4947,12.7326,1.03805,12.1914,8.01888,2.87258,5.78824,1.56657,,,,,,,,,,,,,,,,,,,,,,,,,,,,,,,,,,,,,,,,,,,,,,,,,,,,,,,,,,,,,,,,,,,,,,,,,,,,,,,,,,,,,,,,,,,,,,,,,,,,,,,,,,,,,,
nanog1,4356,fell,1.8,1,18.8472,95.8148,1.85704,4.00446,138.791,47.1999,26.8958,41.015,27.9481,16.7367,10.4985,4.2681,8.87936,2.28648,,,,,,,,,,,,,,,,,,,,,,,,,,,,,,,,,,,,,,,,,,,,,,,,,,,,,,,,,,,,,,,,,,,,,,,,,,,,,,,,,,,,,,,,,,,,,,,,,,,,,,,,,,,,,,
nanog1,4357,fell,1.32,1,38.4847,31.8248,0.946107,2.97262,121.135,23.5587,10.9682,17.1126,1.51651,13.2791,8.40132,3.32165,7.56482,2.71899,,,,,,,,,,,,,,,,,,,,,,,,,,,,,,,,,,,,,,,,,,,,,,,,,,,,,,,,,,,,,,,,,,,,,,,,,,,,,,,,,,,,,,,,,,,,,,,,,,,,,,,,,,,,,,
nanog1,4358,fell,1.34,1,39.0547,91.9638,1.54064,3.3585,93.6499,26.5273,16.8428,14.4927,0.420229,9.67667,6.79534,2.96194,7.28867,1.0159,,,,,,,,,,,,,,,,,,,,,,,,,,,,,,,,,,,,,,,,,,,,,,,,,,,,,,,,,,,,,,,,,,,,,,,,,,,,,,,,,,,,,,,,,,,,,,,,,,,,,,,,,,,,,,
nanog1,4359,fell,2.46,1,97.4151,64.6869,2.03437,3.18184,92.9615,37.6247,9.40573,38.2653,17.8617,10.6643,7.20884,3.01551,9.92166,4.29842,,,,,,,,,,,,,,,,,,,,,,,,,,,,,,,,,,,,,,,,,,,,,,,,,,,,,,,,,,,,,,,,,,,,,,,,,,,,,,,,,,,,,,,,,,,,,,,,,,,,,,,,,,,,,,
nanog1,4360,fell,1.58,1,40.0074,94.1441,2.83474,4.13201,106.935,37.0093,23.9206,5.11557,0.63908,12.0537,9.17407,2.84589,3.66367,0.623447,,,,,,,,,,,,,,,,,,,,,,,,,,,,,,,,,,,,,,,,,,,,,,,,,,,,,,,,,,,,,,,,,,,,,,,,,,,,,,,,,,,,,,,,,,,,,,,,,,,,,,,,,,,,,,
nanog1,4361,fell,1.48,1,95.3706,61.4313,1.23409,3.50054,147.214,29.7392,16.5372,14.8821,4.66812,16.7817,9.68132,3.54721,7.25298,1.76795,,,,,,,,,,,,,,,,,,,,,,,,,,,,,,,,,,,,,,,,,,,,,,,,,,,,,,,,,,,,,,,,,,,,,,,,,,,,,,,,,,,,,,,,,,,,,,,,,,,,,,,,,,,,,,
nanog1,4362,fell,3.86,1,76.3445,27.6044,0.886955,2.48246,243.677,53.3382,45.8555,45.1406,7.93317,23.5844,15.4787,4.88736,12.6664,6.2069,,,,,,,,,,,,,,,,,,,,,,,,,,,,,,,,,,,,,,,,,,,,,,,,,,,,,,,,,,,,,,,,,,,,,,,,,,,,,,,,,,,,,,,,,,,,,,,,,,,,,,,,,,,,,,
nanog1,4363,fell,2.42,1,69.6718,21.1942,1.02184,3.27045,164.824,44.6209,17.2973,12.9356,1.49341,18.8915,11.2924,4.02194,6.50105,1.27733,,,,,,,,,,,,,,,,,,,,,,,,,,,,,,,,,,,,,,,,,,,,,,,,,,,,,,,,,,,,,,,,,,,,,,,,,,,,,,,,,,,,,,,,,,,,,,,,,,,,,,,,,,,,,,
nanog1,4364,fell,1.68,1,115.502,25.0463,3.03838,3.77493,78.6656,19.9558,12.6783,12.1273,7.78555,9.86604,7.45815,2.78677,4.76181,3.38311,,,,,,,,,,,,,,,,,,,,,,,,,,,,,,,,,,,,,,,,,,,,,,,,,,,,,,,,,,,,,,,,,,,,,,,,,,,,,,,,,,,,,,,,,,,,,,,,,,,,,,,,,,,,,,
nanog1,4365,fell,2,1,56.8434,15.2804,2.14458,4.00094,110.895,45.7123,12.4292,11.5193,23.5649,12.9183,11.1334,3.10604,5.1985,4.05176,,,,,,,,,,,,,,,,,,,,,,,,,,,,,,,,,,,,,,,,,,,,,,,,,,,,,,,,,,,,,,,,,,,,,,,,,,,,,,,,,,,,,,,,,,,,,,,,,,,,,,,,,,,,,,
nanog1,4366,fell,2.34,1,93.498,2.37737,2.90734,3.83393,105.863,30.6254,23.2333,11.7716,0.43601,10.7682,8.8215,2.72409,3.87194,0.696089,,,,,,,,,,,,,,,,,,,,,,,,,,,,,,,,,,,,,,,,,,,,,,,,,,,,,,,,,,,,,,,,,,,,,,,,,,,,,,,,,,,,,,,,,,,,,,,,,,,,,,,,,,,,,,
nanog1,4367,fell,1.46,1,93.6907,105.501,1.97084,2.35822,80.8178,31.5218,18.1689,11.9133,1.20104,9.75489,7.59815,3.05404,6.48701,2.1897,,,,,,,,,,,,,,,,,,,,,,,,,,,,,,,,,,,,,,,,,,,,,,,,,,,,,,,,,,,,,,,,,,,,,,,,,,,,,,,,,,,,,,,,,,,,,,,,,,,,,,,,,,,,,,
nanog1,4368,fell,1.72,1,28.7742,108.904,1.66069,3.46638,114.201,30.4976,23.0279,18.2661,1.51595,12.6221,8.86616,3.07963,7.35592,2.17131,,,,,,,,,,,,,,,,,,,,,,,,,,,,,,,,,,,,,,,,,,,,,,,,,,,,,,,,,,,,,,,,,,,,,,,,,,,,,,,,,,,,,,,,,,,,,,,,,,,,,,,,,,,,,,
nanog1,4369,fell,3.48,1,60.0774,90.7473,0.520306,2.67591,248.852,45.489,45.6606,33.2749,1.17199,24.371,16.3089,5.48824,8.25996,1.35048,,,,,,,,,,,,,,,,,,,,,,,,,,,,,,,,,,,,,,,,,,,,,,,,,,,,,,,,,,,,,,,,,,,,,,,,,,,,,,,,,,,,,,,,,,,,,,,,,,,,,,,,,,,,,,
nanog1,4370,fell,2.12,1,85.2788,84.2248,2.10226,3.83028,142.981,39.6913,15.1036,39.4211,13.3634,15.934,11.332,3.50694,7.30234,3.18626,,,,,,,,,,,,,,,,,,,,,,,,,,,,,,,,,,,,,,,,,,,,,,,,,,,,,,,,,,,,,,,,,,,,,,,,,,,,,,,,,,,,,,,,,,,,,,,,,,,,,,,,,,,,,,
nanog1,4371,fell,1.26,1,67.1864,65.3039,2.87974,4.19602,38.2161,21.6937,7.64576,4.18135,0.59606,4.6644,5.41248,1.24311,1.72848,0.427301,,,,,,,,,,,,,,,,,,,,,,,,,,,,,,,,,,,,,,,,,,,,,,,,,,,,,,,,,,,,,,,,,,,,,,,,,,,,,,,,,,,,,,,,,,,,,,,,,,,,,,,,,,,,,,
nanog1,4372,fell,1.96,1,63.6157,53.3648,3.0096,4.24162,74.0409,36.9772,10.907,14.9051,0.873735,7.44823,6.85898,2.20842,4.75531,0.751098,,,,,,,,,,,,,,,,,,,,,,,,,,,,,,,,,,,,,,,,,,,,,,,,,,,,,,,,,,,,,,,,,,,,,,,,,,,,,,,,,,,,,,,,,,,,,,,,,,,,,,,,,,,,,,
nanog1,4373,fell,1.9,1,53.3468,16.9281,2.31414,3.72521,118.926,32.3994,16.8801,13.1029,0.356748,11.4077,9.34075,2.90751,4.57483,0.527894,,,,,,,,,,,,,,,,,,,,,,,,,,,,,,,,,,,,,,,,,,,,,,,,,,,,,,,,,,,,,,,,,,,,,,,,,,,,,,,,,,,,,,,,,,,,,,,,,,,,,,,,,,,,,,
nanog1,4374,fell,2.22,1,30.3084,17.4396,1.02358,2.32784,141.628,48.5641,22.4749,34.7589,63.7544,15.5751,12.494,4.77767,13.9714,9.59761,,,,,,,,,,,,,,,,,,,,,,,,,,,,,,,,,,,,,,,,,,,,,,,,,,,,,,,,,,,,,,,,,,,,,,,,,,,,,,,,,,,,,,,,,,,,,,,,,,,,,,,,,,,,,,
nanog1,4375,fell,2.34,1,120.021,62.8139,2.9569,4.23325,180.949,54.1641,17.3352,14.4365,4.87007,20.0061,14.7653,4.97184,8.59682,5.96584,,,,,,,,,,,,,,,,,,,,,,,,,,,,,,,,,,,,,,,,,,,,,,,,,,,,,,,,,,,,,,,,,,,,,,,,,,,,,,,,,,,,,,,,,,,,,,,,,,,,,,,,,,,,,,
nanog1,4376,fell,2.46,1,118.317,28.4054,2.86736,4.42825,166.002,46.0767,12.32,5.22734,0.683867,17.2674,14.5287,3.64071,5.54794,0.969106,,,,,,,,,,,,,,,,,,,,,,,,,,,,,,,,,,,,,,,,,,,,,,,,,,,,,,,,,,,,,,,,,,,,,,,,,,,,,,,,,,,,,,,,,,,,,,,,,,,,,,,,,,,,,,
nanog1,4377,fell,3.78,1,153.298,1.31728,2.8535,4.38359,225.211,54.7576,19.2017,9.15825,1.43011,21.8084,17.4697,4.65733,7.5577,2.12452,,,,,,,,,,,,,,,,,,,,,,,,,,,,,,,,,,,,,,,,,,,,,,,,,,,,,,,,,,,,,,,,,,,,,,,,,,,,,,,,,,,,,,,,,,,,,,,,,,,,,,,,,,,,,,
nanog1,4378,fell,5.06,2,94.7557,78.3615,2.65612,4.20028,309.15,66.3211,49.6251,30.1268,1.69765,33.8874,23.4931,7.61109,12.5503,2.39451,1.09106,0.33017,0.252056,0.411572,0.0297066,0.380691,0.423893,0.129401,0.103799,0.0349075,,,,,,,,,,,,,,,,,,,,,,,,,,,,,,,,,,,,,,,,,,,,,,,,,,,,,,,,,,,,,,,,,,,,,,,,,,,,,,,,,,,,,,,,,,,,,,,,,,,,
nanog1,4379,fell,2.26,1,122.446,28.0372,1.6106,3.41383,112.984,49.4943,10.577,33.5444,21.825,12.3521,10.4332,2.67832,5.87065,5.2942,,,,,,,,,,,,,,,,,,,,,,,,,,,,,,,,,,,,,,,,,,,,,,,,,,,,,,,,,,,,,,,,,,,,,,,,,,,,,,,,,,,,,,,,,,,,,,,,,,,,,,,,,,,,,,
nanog1,4380,fell,1.7,1,50.8519,87.6932,1.51135,3.27782,100.972,38.2895,12.1698,21.584,22.457,12.6024,9.41763,3.14385,9.23444,5.33478,,,,,,,,,,,,,,,,,,,,,,,,,,,,,,,,,,,,,,,,,,,,,,,,,,,,,,,,,,,,,,,,,,,,,,,,,,,,,,,,,,,,,,,,,,,,,,,,,,,,,,,,,,,,,,
nanog1,4381,fell,3.24,1,99.9225,19.8398,0.774101,3.19551,195.429,34.2594,23.5001,12.8993,0.850711,19.3805,13.3486,4.78571,7.87421,1.8848,,,,,,,,,,,,,,,,,,,,,,,,,,,,,,,,,,,,,,,,,,,,,,,,,,,,,,,,,,,,,,,,,,,,,,,,,,,,,,,,,,,,,,,,,,,,,,,,,,,,,,,,,,,,,,
nanog1,4382,fell,1.84,1,44.4639,68.1686,1.39957,3.4158,97.7525,30.9669,14.8792,25.2636,14.8566,11.3993,6.81937,2.78994,7.20356,3.14168,,,,,,,,,,,,,,,,,,,,,,,,,,,,,,,,,,,,,,,,,,,,,,,,,,,,,,,,,,,,,,,,,,,,,,,,,,,,,,,,,,,,,,,,,,,,,,,,,,,,,,,,,,,,,,
nanog1,4383,fell,1.84,1,197.845,67.6615,1.96805,3.63366,119.378,35.0387,8.68434,24.0514,15.1704,14.5397,9.03952,3.23231,9.81448,3.13704,,,,,,,,,,,,,,,,,,,,,,,,,,,,,,,,,,,,,,,,,,,,,,,,,,,,,,,,,,,,,,,,,,,,,,,,,,,,,,,,,,,,,,,,,,,,,,,,,,,,,,,,,,,,,,
nanog1,4384,fell,2.02,1,67.134,82.0732,2.81555,4.18818,81.4182,27.0937,10.4402,21.3535,0.845356,9.8905,8.18487,2.63853,4.71872,0.888912,,,,,,,,,,,,,,,,,,,,,,,,,,,,,,,,,,,,,,,,,,,,,,,,,,,,,,,,,,,,,,,,,,,,,,,,,,,,,,,,,,,,,,,,,,,,,,,,,,,,,,,,,,,,,,
nanog1,4385,fell,2.56,1,68.633,82.1048,1.08172,3.48687,157.385,32.2711,20.655,8.57343,0.522772,16.0888,11.8532,4.02427,5.35334,0.876321,,,,,,,,,,,,,,,,,,,,,,,,,,,,,,,,,,,,,,,,,,,,,,,,,,,,,,,,,,,,,,,,,,,,,,,,,,,,,,,,,,,,,,,,,,,,,,,,,,,,,,,,,,,,,,
nanog1,4386,fell,1.6,1,104.521,32.6685,2.88313,4.16048,62.5093,21.5772,14.6622,6.1103,0.781068,5.99914,5.04229,1.72886,2.26321,0.472023,,,,,,,,,,,,,,,,,,,,,,,,,,,,,,,,,,,,,,,,,,,,,,,,,,,,,,,,,,,,,,,,,,,,,,,,,,,,,,,,,,,,,,,,,,,,,,,,,,,,,,,,,,,,,,
nanog1,4387,fell,1.42,1,75.2918,0.263383,1.10575,2.09493,105.863,38.3453,18.8289,29.1211,3.63871,12.2681,8.46941,3.81443,8.49233,5.67682,,,,,,,,,,,,,,,,,,,,,,,,,,,,,,,,,,,,,,,,,,,,,,,,,,,,,,,,,,,,,,,,,,,,,,,,,,,,,,,,,,,,,,,,,,,,,,,,,,,,,,,,,,,,,,
nanog1,4388,fell,2.06,1,9.99815,30.074,2.55498,4.06688,81.1968,32.1403,13.0061,12.4102,3.07818,10.8677,7.93356,2.55946,4.80298,1.4302,,,,,,,,,,,,,,,,,,,,,,,,,,,,,,,,,,,,,,,,,,,,,,,,,,,,,,,,,,,,,,,,,,,,,,,,,,,,,,,,,,,,,,,,,,,,,,,,,,,,,,,,,,,,,,
nanog1,4389,fell,3.24,1,73.8726,6.7953,2.5383,3.30426,175.734,43.9426,29.9808,55.9315,8.27288,18.3365,13.0121,4.16219,10.2686,6.48734,,,,,,,,,,,,,,,,,,,,,,,,,,,,,,,,,,,,,,,,,,,,,,,,,,,,,,,,,,,,,,,,,,,,,,,,,,,,,,,,,,,,,,,,,,,,,,,,,,,,,,,,,,,,,,
nanog1,4390,fell,1.48,1,100.061,3.04473,0.963151,3.02273,116.695,40.4703,13.4759,24.6168,1.65214,14.1128,8.95679,3.67995,6.36417,2.20434,,,,,,,,,,,,,,,,,,,,,,,,,,,,,,,,,,,,,,,,,,,,,,,,,,,,,,,,,,,,,,,,,,,,,,,,,,,,,,,,,,,,,,,,,,,,,,,,,,,,,,,,,,,,,,
nanog1,4391,fell,1.54,1,72.7528,14.6725,3.04393,4.11175,110.696,42.1759,10.7328,4.79561,0.263766,12.2589,10.2588,2.9649,4.1748,0.754877,,,,,,,,,,,,,,,,,,,,,,,,,,,,,,,,,,,,,,,,,,,,,,,,,,,,,,,,,,,,,,,,,,,,,,,,,,,,,,,,,,,,,,,,,,,,,,,,,,,,,,,,,,,,,,
nanog1,4392,fell,1.46,1,50.2526,107.017,1.01343,3.01378,87.1343,33.8374,8.60451,20.2214,0.290741,8.99909,8.69531,2.02167,6.10794,1.04142,,,,,,,,,,,,,,,,,,,,,,,,,,,,,,,,,,,,,,,,,,,,,,,,,,,,,,,,,,,,,,,,,,,,,,,,,,,,,,,,,,,,,,,,,,,,,,,,,,,,,,,,,,,,,,
nanog1,4393,fell,3.22,1,81.3137,20.8569,2.98777,3.9652,179.122,49.7223,27.1521,12.0713,0.956609,16.8921,14.1427,3.98121,5.02049,0.800957,,,,,,,,,,,,,,,,,,,,,,,,,,,,,,,,,,,,,,,,,,,,,,,,,,,,,,,,,,,,,,,,,,,,,,,,,,,,,,,,,,,,,,,,,,,,,,,,,,,,,,,,,,,,,,
nanog1,4394,fell,1.34,1,53.4037,141.537,2.29567,3.92039,55.6318,29.0231,13.0145,18.4332,47.0778,10.5763,6.91129,2.95409,6.7269,5.14978,,,,,,,,,,,,,,,,,,,,,,,,,,,,,,,,,,,,,,,,,,,,,,,,,,,,,,,,,,,,,,,,,,,,,,,,,,,,,,,,,,,,,,,,,,,,,,,,,,,,,,,,,,,,,,
nanog1,4395,fell,2.06,1,68.3386,5.09819,2.06304,3.8335,143.868,39.9485,16.8045,10.0111,26.4485,12.5057,9.71504,3.47186,4.79175,2.55617,,,,,,,,,,,,,,,,,,,,,,,,,,,,,,,,,,,,,,,,,,,,,,,,,,,,,,,,,,,,,,,,,,,,,,,,,,,,,,,,,,,,,,,,,,,,,,,,,,,,,,,,,,,,,,
nanog1,4396,fell,1.62,1,63.3882,75.1127,1.17476,2.58121,88.4023,39.0799,11.8809,32.3483,5.62203,13.0416,7.89617,3.31051,7.05481,6.08455,,,,,,,,,,,,,,,,,,,,,,,,,,,,,,,,,,,,,,,,,,,,,,,,,,,,,,,,,,,,,,,,,,,,,,,,,,,,,,,,,,,,,,,,,,,,,,,,,,,,,,,,,,,,,,
nanog1,4397,fell,2.2,1,80.4232,107.326,2.92144,3.51159,118.506,40.0072,38.5446,51.3358,1.57932,12.2614,9.62435,3.82643,8.21554,1.34103,,,,,,,,,,,,,,,,,,,,,,,,,,,,,,,,,,,,,,,,,,,,,,,,,,,,,,,,,,,,,,,,,,,,,,,,,,,,,,,,,,,,,,,,,,,,,,,,,,,,,,,,,,,,,,
nanog1,4398,fell,2.66,1,133.677,2.24725,1.41893,3.48461,265.007,66.0643,22.8092,25.2561,3.53325,26.8164,18.6315,5.52304,10.7013,4.80067,,,,,,,,,,,,,,,,,,,,,,,,,,,,,,,,,,,,,,,,,,,,,,,,,,,,,,,,,,,,,,,,,,,,,,,,,,,,,,,,,,,,,,,,,,,,,,,,,,,,,,,,,,,,,,
nanog1,4399,fell,1.68,1,80.6802,88.3778,3.16384,4.16589,133.458,41.3688,7.83655,4.27902,0.515656,15.581,11.5024,3.78408,4.62316,0.797142,,,,,,,,,,,,,,,,,,,,,,,,,,,,,,,,,,,,,,,,,,,,,,,,,,,,,,,,,,,,,,,,,,,,,,,,,,,,,,,,,,,,,,,,,,,,,,,,,,,,,,,,,,,,,,
nanog1,4400,fell,1.26,1,131.148,124.107,2.22172,3.84981,32.5373,31.4433,12.8482,25.3642,25.0648,5.68122,5.30491,2.00938,8.35931,2.57027,,,,,,,,,,,,,,,,,,,,,,,,,,,,,,,,,,,,,,,,,,,,,,,,,,,,,,,,,,,,,,,,,,,,,,,,,,,,,,,,,,,,,,,,,,,,,,,,,,,,,,,,,,,,,,
nanog1,4401,fell,3.74,1,48.5649,8.13547,2.17001,3.58912,186.77,58.6956,32.7416,35.7484,52.0239,17.2698,13.0106,4.31003,12.8677,6.71896,,,,,,,,,,,,,,,,,,,,,,,,,,,,,,,,,,,,,,,,,,,,,,,,,,,,,,,,,,,,,,,,,,,,,,,,,,,,,,,,,,,,,,,,,,,,,,,,,,,,,,,,,,,,,,
nanog1,4402,fell,1.56,1,99.4893,33.3946,2.42026,3.82985,118.357,31.5508,12.6816,6.54725,0.716343,12.4774,9.20809,3.23012,4.9397,1.01693,,,,,,,,,,,,,,,,,,,,,,,,,,,,,,,,,,,,,,,,,,,,,,,,,,,,,,,,,,,,,,,,,,,,,,,,,,,,,,,,,,,,,,,,,,,,,,,,,,,,,,,,,,,,,,
nanog1,4403,fell,2.38,1,173.065,78.5745,2.78761,3.94172,112.796,24.7886,22.768,20.2204,1.3861,13.3371,10.0361,3.36972,7.65185,2.84847,,,,,,,,,,,,,,,,,,,,,,,,,,,,,,,,,,,,,,,,,,,,,,,,,,,,,,,,,,,,,,,,,,,,,,,,,,,,,,,,,,,,,,,,,,,,,,,,,,,,,,,,,,,,,,
nanog1,4404,fell,1.9,1,50.1108,2.78623,0.715987,3.17936,116.91,37.8843,16.207,8.5906,0.590026,13.244,10.3765,3.32327,4.89627,0.881569,,,,,,,,,,,,,,,,,,,,,,,,,,,,,,,,,,,,,,,,,,,,,,,,,,,,,,,,,,,,,,,,,,,,,,,,,,,,,,,,,,,,,,,,,,,,,,,,,,,,,,,,,,,,,,
nanog1,4405,fell,1.74,1,29.7783,66.3342,3.05368,3.95383,101.396,30.8491,9.51945,11.2539,1.18005,11.9854,9.03272,3.17814,5.33714,1.08469,,,,,,,,,,,,,,,,,,,,,,,,,,,,,,,,,,,,,,,,,,,,,,,,,,,,,,,,,,,,,,,,,,,,,,,,,,,,,,,,,,,,,,,,,,,,,,,,,,,,,,,,,,,,,,
nanog1,4406,fell,1.96,1,68.0883,16.718,2.46565,3.83276,64.2144,28.873,13.1552,26.0793,17.3888,8.40565,7.15306,2.07135,7.3502,2.94269,,,,,,,,,,,,,,,,,,,,,,,,,,,,,,,,,,,,,,,,,,,,,,,,,,,,,,,,,,,,,,,,,,,,,,,,,,,,,,,,,,,,,,,,,,,,,,,,,,,,,,,,,,,,,,
nanog1,4407,fell,2.1,1,126.313,40.7687,2.89831,4.37431,173.035,61.6085,8.75408,4.33574,0.559876,17.1093,14.4993,4.14912,5.28014,1.02631,,,,,,,,,,,,,,,,,,,,,,,,,,,,,,,,,,,,,,,,,,,,,,,,,,,,,,,,,,,,,,,,,,,,,,,,,,,,,,,,,,,,,,,,,,,,,,,,,,,,,,,,,,,,,,
nanog1,4408,fell,1.5,1,81.0696,112.001,1.12575,3.37766,130.413,26.9123,20.3921,7.79696,1.42303,16.181,10.4195,3.79011,5.14542,1.12028,,,,,,,,,,,,,,,,,,,,,,,,,,,,,,,,,,,,,,,,,,,,,,,,,,,,,,,,,,,,,,,,,,,,,,,,,,,,,,,,,,,,,,,,,,,,,,,,,,,,,,,,,,,,,,
nanog1,4409,fell,1.34,1,24.8182,104.634,1.79875,3.61185,62.6163,34.0027,12.3091,30.4157,22.6737,8.90175,6.23601,2.59849,5.8337,5.44139,,,,,,,,,,,,,,,,,,,,,,,,,,,,,,,,,,,,,,,,,,,,,,,,,,,,,,,,,,,,,,,,,,,,,,,,,,,,,,,,,,,,,,,,,,,,,,,,,,,,,,,,,,,,,,
nanog1,4410,fell,1.5,1,48.1372,85.7045,2.3847,3.81822,59.1358,24.127,9.90232,17.109,67.2569,9.86222,7.03164,2.25195,6.07231,5.81755,,,,,,,,,,,,,,,,,,,,,,,,,,,,,,,,,,,,,,,,,,,,,,,,,,,,,,,,,,,,,,,,,,,,,,,,,,,,,,,,,,,,,,,,,,,,,,,,,,,,,,,,,,,,,,
nanog1,4411,fell,1.96,1,158.393,62.8512,1.91682,3.46917,91.8354,22.3903,15.6934,22.932,2.46484,9.89951,7.00555,2.95087,7.69371,3.74509,,,,,,,,,,,,,,,,,,,,,,,,,,,,,,,,,,,,,,,,,,,,,,,,,,,,,,,,,,,,,,,,,,,,,,,,,,,,,,,,,,,,,,,,,,,,,,,,,,,,,,,,,,,,,,
nanog1,4412,fell,1.34,1,41.5822,13.2978,0.728946,3.22354,93.1305,34.2296,15.2108,10.2297,0.624966,9.29928,7.74614,2.67736,4.07197,0.555542,,,,,,,,,,,,,,,,,,,,,,,,,,,,,,,,,,,,,,,,,,,,,,,,,,,,,,,,,,,,,,,,,,,,,,,,,,,,,,,,,,,,,,,,,,,,,,,,,,,,,,,,,,,,,,
nanog1,4413,fell,1.2,1,46.6525,6.63451,2.80037,4.22439,46.8846,24.7396,11.8455,17.5938,1.74053,5.55354,5.56613,1.49703,5.13814,3.22569,,,,,,,,,,,,,,,,,,,,,,,,,,,,,,,,,,,,,,,,,,,,,,,,,,,,,,,,,,,,,,,,,,,,,,,,,,,,,,,,,,,,,,,,,,,,,,,,,,,,,,,,,,,,,,
nanog1,4414,fell,1.84,1,38.9089,175.514,0.791715,3.26891,118.105,24.5073,16.4529,8.94859,0.336718,15.4924,11.1,3.48937,5.26378,0.798212,,,,,,,,,,,,,,,,,,,,,,,,,,,,,,,,,,,,,,,,,,,,,,,,,,,,,,,,,,,,,,,,,,,,,,,,,,,,,,,,,,,,,,,,,,,,,,,,,,,,,,,,,,,,,,
nanog1,4415,fell,1.38,1,29.9577,140.682,2.43902,3.79075,75.2807,35.451,7.93149,22.4573,37.5704,14.9925,10.1961,3.60928,6.46411,5.11868,,,,,,,,,,,,,,,,,,,,,,,,,,,,,,,,,,,,,,,,,,,,,,,,,,,,,,,,,,,,,,,,,,,,,,,,,,,,,,,,,,,,,,,,,,,,,,,,,,,,,,,,,,,,,,
nanog1,4416,fell,1.64,1,89.2522,79.5588,1.04097,3.35269,114.559,33.724,11.124,8.29546,1.27662,13.3584,10.2804,3.69831,5.82202,2.3849,,,,,,,,,,,,,,,,,,,,,,,,,,,,,,,,,,,,,,,,,,,,,,,,,,,,,,,,,,,,,,,,,,,,,,,,,,,,,,,,,,,,,,,,,,,,,,,,,,,,,,,,,,,,,,
nanog1,4417,fell,1.58,1,64.8111,6.04295,0.985024,3.66792,92.9949,36.3947,9.04345,8.54276,0.635011,9.65298,9.09671,2.75138,4.01344,0.498285,,,,,,,,,,,,,,,,,,,,,,,,,,,,,,,,,,,,,,,,,,,,,,,,,,,,,,,,,,,,,,,,,,,,,,,,,,,,,,,,,,,,,,,,,,,,,,,,,,,,,,,,,,,,,,
nanog1,4418,fell,1.6,1,82.7105,4.77229,2.49617,3.82632,76.9263,19.4628,9.54909,4.32767,0.520022,10.0409,7.63528,2.9905,4.74507,2.27764,,,,,,,,,,,,,,,,,,,,,,,,,,,,,,,,,,,,,,,,,,,,,,,,,,,,,,,,,,,,,,,,,,,,,,,,,,,,,,,,,,,,,,,,,,,,,,,,,,,,,,,,,,,,,,
nanog1,4419,fell,1.28,1,42.3476,78.5337,0.98335,2.83376,92.3026,20.2553,15.6606,11.2072,1.17229,10.4727,7.2246,2.73035,5.65211,2.25538,,,,,,,,,,,,,,,,,,,,,,,,,,,,,,,,,,,,,,,,,,,,,,,,,,,,,,,,,,,,,,,,,,,,,,,,,,,,,,,,,,,,,,,,,,,,,,,,,,,,,,,,,,,,,,
nanog1,4420,fell,1.32,1,88.3133,85.1598,2.99314,4.28393,47.0641,25.7387,8.94815,2.71491,0.410985,6.57273,5.91935,2.00089,2.97222,0.656299,,,,,,,,,,,,,,,,,,,,,,,,,,,,,,,,,,,,,,,,,,,,,,,,,,,,,,,,,,,,,,,,,,,,,,,,,,,,,,,,,,,,,,,,,,,,,,,,,,,,,,,,,,,,,,
nanog1,4421,fell,2.22,1,84.5547,53.9996,2.78947,4.12211,125.894,28.4952,24.2451,23.5626,1.43369,11.2473,9.23379,3.05347,6.3228,1.54707,,,,,,,,,,,,,,,,,,,,,,,,,,,,,,,,,,,,,,,,,,,,,,,,,,,,,,,,,,,,,,,,,,,,,,,,,,,,,,,,,,,,,,,,,,,,,,,,,,,,,,,,,,,,,,
nanog1,4422,fell,1.46,1,48.992,124.709,2.1857,4.12396,52.3428,26.8918,8.08974,39.3854,30.76,8.04456,6.31891,2.07974,6.26512,3.78369,,,,,,,,,,,,,,,,,,,,,,,,,,,,,,,,,,,,,,,,,,,,,,,,,,,,,,,,,,,,,,,,,,,,,,,,,,,,,,,,,,,,,,,,,,,,,,,,,,,,,,,,,,,,,,
nanog1,4423,fell,1.88,1,49.9023,10.1265,0.983613,3.43306,174.596,32.6513,20.0168,7.84879,0.743992,19.1589,14.4278,4.199,7.30543,3.03293,,,,,,,,,,,,,,,,,,,,,,,,,,,,,,,,,,,,,,,,,,,,,,,,,,,,,,,,,,,,,,,,,,,,,,,,,,,,,,,,,,,,,,,,,,,,,,,,,,,,,,,,,,,,,,
nanog1,4424,fell,3.28,1,89.5451,47.1462,1.80966,3.13376,108.615,41.2757,20.4933,32.6032,119.226,14.4906,10.8842,3.58765,11.081,10.9202,,,,,,,,,,,,,,,,,,,,,,,,,,,,,,,,,,,,,,,,,,,,,,,,,,,,,,,,,,,,,,,,,,,,,,,,,,,,,,,,,,,,,,,,,,,,,,,,,,,,,,,,,,,,,,
nanog1,4425,fell,1.5,1,96.1327,3.61399,2.72907,4.20868,59.7716,21.5295,8.10889,4.40916,0.934402,7.34887,7.34694,1.94982,2.913,0.451216,,,,,,,,,,,,,,,,,,,,,,,,,,,,,,,,,,,,,,,,,,,,,,,,,,,,,,,,,,,,,,,,,,,,,,,,,,,,,,,,,,,,,,,,,,,,,,,,,,,,,,,,,,,,,,
nanog1,4426,fell,1.84,1,158.779,126.423,3.06969,4.31248,149.584,43.3255,15.684,8.84592,0.665866,15.849,13.8309,3.50542,5.05861,1.05875,,,,,,,,,,,,,,,,,,,,,,,,,,,,,,,,,,,,,,,,,,,,,,,,,,,,,,,,,,,,,,,,,,,,,,,,,,,,,,,,,,,,,,,,,,,,,,,,,,,,,,,,,,,,,,
nanog1,4427,fell,1.5,1,87.2008,5.1109,2.15272,3.88523,94.074,26.475,9.51481,37.1526,36.7898,12.7852,7.9946,3.12522,9.05404,4.82904,,,,,,,,,,,,,,,,,,,,,,,,,,,,,,,,,,,,,,,,,,,,,,,,,,,,,,,,,,,,,,,,,,,,,,,,,,,,,,,,,,,,,,,,,,,,,,,,,,,,,,,,,,,,,,
nanog1,4428,fell,1.58,1,48.1208,119.53,1.27128,3.21623,90.084,28.851,7.46228,12.77,1.5766,9.27981,9.59397,2.52222,4.84087,0.809377,,,,,,,,,,,,,,,,,,,,,,,,,,,,,,,,,,,,,,,,,,,,,,,,,,,,,,,,,,,,,,,,,,,,,,,,,,,,,,,,,,,,,,,,,,,,,,,,,,,,,,,,,,,,,,
nanog1,4429,fell,2.04,1,64.2537,76.4608,1.97047,3.52612,101.666,39.7767,21.7525,25.847,1.10111,11.8578,8.80566,3.43426,6.30987,1.71465,,,,,,,,,,,,,,,,,,,,,,,,,,,,,,,,,,,,,,,,,,,,,,,,,,,,,,,,,,,,,,,,,,,,,,,,,,,,,,,,,,,,,,,,,,,,,,,,,,,,,,,,,,,,,,
nanog1,4430,fell,2.3,1,33.5478,13.3372,2.34215,3.63258,120.228,40.7843,14.9892,19.3371,3.41876,12.7377,10.7483,3.05845,5.97925,1.39165,,,,,,,,,,,,,,,,,,,,,,,,,,,,,,,,,,,,,,,,,,,,,,,,,,,,,,,,,,,,,,,,,,,,,,,,,,,,,,,,,,,,,,,,,,,,,,,,,,,,,,,,,,,,,,
nanog1,4431,fell,1.54,1,35.9273,11.6134,2.29882,3.83422,75.1681,25.5619,11.1857,9.30727,0.425182,8.79854,7.28586,2.28314,4.53086,0.833198,,,,,,,,,,,,,,,,,,,,,,,,,,,,,,,,,,,,,,,,,,,,,,,,,,,,,,,,,,,,,,,,,,,,,,,,,,,,,,,,,,,,,,,,,,,,,,,,,,,,,,,,,,,,,,
nanog1,4432,fell,1.86,1,93.5637,145.165,2.85672,4.1547,95.2381,32.6552,11.6396,5.5714,0.504534,11.704,8.08892,2.59604,3.40387,0.644173,,,,,,,,,,,,,,,,,,,,,,,,,,,,,,,,,,,,,,,,,,,,,,,,,,,,,,,,,,,,,,,,,,,,,,,,,,,,,,,,,,,,,,,,,,,,,,,,,,,,,,,,,,,,,,
nanog1,4433,fell,2.24,1,134.725,40.8192,1.38656,3.15804,125.739,28.2709,12.0932,17.2428,4.69789,12.7458,8.94631,3.19844,7.49302,3.08307,,,,,,,,,,,,,,,,,,,,,,,,,,,,,,,,,,,,,,,,,,,,,,,,,,,,,,,,,,,,,,,,,,,,,,,,,,,,,,,,,,,,,,,,,,,,,,,,,,,,,,,,,,,,,,
nanog1,4434,fell,1.72,1,108.607,8.53931,2.11693,3.94497,188.236,32.5572,20.1973,27.8723,1.96816,20.8412,13.8779,4.61632,10.0487,2.32177,,,,,,,,,,,,,,,,,,,,,,,,,,,,,,,,,,,,,,,,,,,,,,,,,,,,,,,,,,,,,,,,,,,,,,,,,,,,,,,,,,,,,,,,,,,,,,,,,,,,,,,,,,,,,,
nanog1,4435,fell,1.12,1,88.5304,115.173,2.40435,3.96753,91.1988,27.4932,14.543,25.7322,3.42113,10.498,7.18393,2.92879,6.29227,3.25062,,,,,,,,,,,,,,,,,,,,,,,,,,,,,,,,,,,,,,,,,,,,,,,,,,,,,,,,,,,,,,,,,,,,,,,,,,,,,,,,,,,,,,,,,,,,,,,,,,,,,,,,,,,,,,
nanog1,4436,fell,2.84,1,88.6596,16.8782,2.02739,3.96038,173.078,52.0106,27.8425,12.5356,30.7962,19.954,14.2857,4.2283,7.0739,3.85691,,,,,,,,,,,,,,,,,,,,,,,,,,,,,,,,,,,,,,,,,,,,,,,,,,,,,,,,,,,,,,,,,,,,,,,,,,,,,,,,,,,,,,,,,,,,,,,,,,,,,,,,,,,,,,
nanog1,4437,fell,1.76,1,17.3978,76.3247,2.05436,3.6803,88.6073,22.8164,6.16053,8.46015,1.85127,11.4319,8.48389,3.16639,5.37289,1.2812,,,,,,,,,,,,,,,,,,,,,,,,,,,,,,,,,,,,,,,,,,,,,,,,,,,,,,,,,,,,,,,,,,,,,,,,,,,,,,,,,,,,,,,,,,,,,,,,,,,,,,,,,,,,,,
nanog1,4438,fell,2.96,1,137.771,17.2966,1.11276,2.91337,167.364,35.4223,14.8165,19.9922,0.840687,15.6788,11.2347,4.03089,7.29675,1.50694,,,,,,,,,,,,,,,,,,,,,,,,,,,,,,,,,,,,,,,,,,,,,,,,,,,,,,,,,,,,,,,,,,,,,,,,,,,,,,,,,,,,,,,,,,,,,,,,,,,,,,,,,,,,,,
nanog1,4439,fell,1.72,1,113.618,94.9244,3.05409,4.18346,117.236,43.4061,19.0224,10.5313,13.093,12.1597,10.4212,3.23314,7.09288,3.64725,,,,,,,,,,,,,,,,,,,,,,,,,,,,,,,,,,,,,,,,,,,,,,,,,,,,,,,,,,,,,,,,,,,,,,,,,,,,,,,,,,,,,,,,,,,,,,,,,,,,,,,,,,,,,,
nanog1,4440,fell,1.82,1,56.5806,14.2406,2.22137,3.46387,104.73,37.4394,11.2027,19.5714,46.273,12.0959,8.8065,3.27396,6.68409,8.07848,,,,,,,,,,,,,,,,,,,,,,,,,,,,,,,,,,,,,,,,,,,,,,,,,,,,,,,,,,,,,,,,,,,,,,,,,,,,,,,,,,,,,,,,,,,,,,,,,,,,,,,,,,,,,,
nanog1,4441,fell,1.46,1,21.2752,78.1515,2.10049,3.84929,47.7302,25.9194,7.10163,36.0925,16.3589,7.52272,5.8716,2.3226,8.8586,4.2087,,,,,,,,,,,,,,,,,,,,,,,,,,,,,,,,,,,,,,,,,,,,,,,,,,,,,,,,,,,,,,,,,,,,,,,,,,,,,,,,,,,,,,,,,,,,,,,,,,,,,,,,,,,,,,
nanog1,4442,fell,1.38,1,90.8018,72.6242,1.00719,3.19127,68.9114,32.2555,15.608,37.2193,1.47202,8.87503,8.07468,2.96182,8.13539,2.13866,,,,,,,,,,,,,,,,,,,,,,,,,,,,,,,,,,,,,,,,,,,,,,,,,,,,,,,,,,,,,,,,,,,,,,,,,,,,,,,,,,,,,,,,,,,,,,,,,,,,,,,,,,,,,,
nanog1,4443,fell,1.76,1,85.9875,48.7237,1.1074,2.87981,97.901,41.1187,16.8265,29.7593,13.3179,12.3285,7.84494,3.25854,7.15607,6.27072,,,,,,,,,,,,,,,,,,,,,,,,,,,,,,,,,,,,,,,,,,,,,,,,,,,,,,,,,,,,,,,,,,,,,,,,,,,,,,,,,,,,,,,,,,,,,,,,,,,,,,,,,,,,,,
nanog1,4444,fell,2.3,1,89.9536,36.706,2.76913,4.25801,118.912,41.1909,30.8032,12.8349,1.12696,13.834,11.0017,3.18687,6.31162,2.26589,,,,,,,,,,,,,,,,,,,,,,,,,,,,,,,,,,,,,,,,,,,,,,,,,,,,,,,,,,,,,,,,,,,,,,,,,,,,,,,,,,,,,,,,,,,,,,,,,,,,,,,,,,,,,,
nanog1,4445,fell,0.98,1,23.6227,63.4167,1.21347,3.32053,92.8777,25.7873,11.8677,11.9568,0.578215,10.171,7.32379,3.2175,5.38827,1.01162,,,,,,,,,,,,,,,,,,,,,,,,,,,,,,,,,,,,,,,,,,,,,,,,,,,,,,,,,,,,,,,,,,,,,,,,,,,,,,,,,,,,,,,,,,,,,,,,,,,,,,,,,,,,,,
nanog1,4446,fell,1.48,1,143.731,121.685,1.42992,3.39528,99.5215,24.1841,21.9867,41.9137,2.50812,12.1806,7.84932,3.42687,9.31734,2.15192,,,,,,,,,,,,,,,,,,,,,,,,,,,,,,,,,,,,,,,,,,,,,,,,,,,,,,,,,,,,,,,,,,,,,,,,,,,,,,,,,,,,,,,,,,,,,,,,,,,,,,,,,,,,,,
nanog1,4447,fell,1.56,1,61.0283,28.7209,1.33424,3.43749,98.2322,36.62,12.0562,8.91975,0.325734,11.4942,9.3926,3.15575,5.04568,1.14161,,,,,,,,,,,,,,,,,,,,,,,,,,,,,,,,,,,,,,,,,,,,,,,,,,,,,,,,,,,,,,,,,,,,,,,,,,,,,,,,,,,,,,,,,,,,,,,,,,,,,,,,,,,,,,
nanog1,4448,fell,2.5,1,80.6985,1.68087,2.12498,3.87026,197.18,67.0181,19.8051,9.96908,10.4363,20.6154,14.8322,4.88746,7.81495,2.48062,,,,,,,,,,,,,,,,,,,,,,,,,,,,,,,,,,,,,,,,,,,,,,,,,,,,,,,,,,,,,,,,,,,,,,,,,,,,,,,,,,,,,,,,,,,,,,,,,,,,,,,,,,,,,,
nanog1,4449,fell,3.9,1,122.195,37.1732,2.80345,4.28059,213.522,51.1041,27.5194,14.6641,1.63954,22.6853,16.9068,4.74388,5.95341,1.82231,,,,,,,,,,,,,,,,,,,,,,,,,,,,,,,,,,,,,,,,,,,,,,,,,,,,,,,,,,,,,,,,,,,,,,,,,,,,,,,,,,,,,,,,,,,,,,,,,,,,,,,,,,,,,,
nanog1,4450,fell,2.48,1,85.2628,31.6917,3.07328,4.13022,153.287,34.314,17.0864,13.1425,3.18094,17.8871,12.3898,3.9717,6.903,3.66885,,,,,,,,,,,,,,,,,,,,,,,,,,,,,,,,,,,,,,,,,,,,,,,,,,,,,,,,,,,,,,,,,,,,,,,,,,,,,,,,,,,,,,,,,,,,,,,,,,,,,,,,,,,,,,
nanog1,4451,fell,1.2,1,80.3565,88.0002,1.21092,3.48834,75.3431,18.5583,5.85915,13.4149,0.751202,9.84537,8.06841,2.4481,6.50743,1.20141,,,,,,,,,,,,,,,,,,,,,,,,,,,,,,,,,,,,,,,,,,,,,,,,,,,,,,,,,,,,,,,,,,,,,,,,,,,,,,,,,,,,,,,,,,,,,,,,,,,,,,,,,,,,,,
nanog1,4452,fell,2.32,1,126.342,11.5615,2.01204,4.07353,126.12,41.265,11.5896,12.7327,29.3337,14.0778,9.65905,3.68585,6.66484,4.63451,,,,,,,,,,,,,,,,,,,,,,,,,,,,,,,,,,,,,,,,,,,,,,,,,,,,,,,,,,,,,,,,,,,,,,,,,,,,,,,,,,,,,,,,,,,,,,,,,,,,,,,,,,,,,,
nanog1,4453,fell,2.12,1,116.427,28.7539,3.1417,4.27659,151.486,51.4929,13.7936,7.35907,0.745583,16.2532,12.4971,4.07076,4.48654,0.611865,,,,,,,,,,,,,,,,,,,,,,,,,,,,,,,,,,,,,,,,,,,,,,,,,,,,,,,,,,,,,,,,,,,,,,,,,,,,,,,,,,,,,,,,,,,,,,,,,,,,,,,,,,,,,,
nanog1,4454,fell,2.5,1,74.1015,74.4874,2.99056,4.27504,147.689,36.62,25.3407,9.32542,0.278652,13.2283,9.2137,3.28626,4.2297,0.770205,,,,,,,,,,,,,,,,,,,,,,,,,,,,,,,,,,,,,,,,,,,,,,,,,,,,,,,,,,,,,,,,,,,,,,,,,,,,,,,,,,,,,,,,,,,,,,,,,,,,,,,,,,,,,,
nanog1,4455,fell,1.9,1,33.3031,54.9046,1.13783,3.6203,94.6642,25.4483,17.0819,7.82191,0.685647,9.84674,7.2757,2.65542,3.99366,0.558193,,,,,,,,,,,,,,,,,,,,,,,,,,,,,,,,,,,,,,,,,,,,,,,,,,,,,,,,,,,,,,,,,,,,,,,,,,,,,,,,,,,,,,,,,,,,,,,,,,,,,,,,,,,,,,
nanog1,4456,fell,2.34,1,56.7415,31.4106,1.83602,3.10127,180.058,39.6654,20.4485,31.207,96.899,21.7211,13.617,5.51825,12.3782,7.46759,,,,,,,,,,,,,,,,,,,,,,,,,,,,,,,,,,,,,,,,,,,,,,,,,,,,,,,,,,,,,,,,,,,,,,,,,,,,,,,,,,,,,,,,,,,,,,,,,,,,,,,,,,,,,,
nanog1,4457,fell,1.06,1,65.2777,33.1594,0.80377,2.54818,85.6351,27.5676,16.5765,61.8143,3.0879,9.27945,7.69462,3.14365,11.2429,4.10308,,,,,,,,,,,,,,,,,,,,,,,,,,,,,,,,,,,,,,,,,,,,,,,,,,,,,,,,,,,,,,,,,,,,,,,,,,,,,,,,,,,,,,,,,,,,,,,,,,,,,,,,,,,,,,
nanog1,4458,fell,1.94,1,54.9667,83.165,2.24714,4.15141,89.0859,35.8783,11.4122,10.8672,8.0469,12.0507,7.40449,2.70038,5.10341,1.76407,,,,,,,,,,,,,,,,,,,,,,,,,,,,,,,,,,,,,,,,,,,,,,,,,,,,,,,,,,,,,,,,,,,,,,,,,,,,,,,,,,,,,,,,,,,,,,,,,,,,,,,,,,,,,,
nanog1,4459,fell,1.24,1,55.7373,55.3921,2.21383,3.74822,49.1627,32.5978,10.2756,32.6028,56.7639,8.64048,7.12677,2.86737,7.84311,7.00633,,,,,,,,,,,,,,,,,,,,,,,,,,,,,,,,,,,,,,,,,,,,,,,,,,,,,,,,,,,,,,,,,,,,,,,,,,,,,,,,,,,,,,,,,,,,,,,,,,,,,,,,,,,,,,
nanog1,4460,fell,3,1,55.8459,4.53986,2.83183,4.2399,206.123,39.3197,21.4338,12.2249,0.758635,21.2997,14.9142,4.19737,5.64715,0.787435,,,,,,,,,,,,,,,,,,,,,,,,,,,,,,,,,,,,,,,,,,,,,,,,,,,,,,,,,,,,,,,,,,,,,,,,,,,,,,,,,,,,,,,,,,,,,,,,,,,,,,,,,,,,,,
nanog1,4461,fell,1.76,1,48.4994,25.1752,1.85898,3.42599,154.532,40.6596,14.6985,16.749,74.7167,17.66,12.274,3.74409,8.143,3.69964,,,,,,,,,,,,,,,,,,,,,,,,,,,,,,,,,,,,,,,,,,,,,,,,,,,,,,,,,,,,,,,,,,,,,,,,,,,,,,,,,,,,,,,,,,,,,,,,,,,,,,,,,,,,,,
nanog1,4462,fell,1.76,1,100.319,56.7437,2.81314,3.99473,99.4058,27.4002,10.6117,12.7828,9.73137,11.5164,8.70089,2.8759,7.35763,1.3512,,,,,,,,,,,,,,,,,,,,,,,,,,,,,,,,,,,,,,,,,,,,,,,,,,,,,,,,,,,,,,,,,,,,,,,,,,,,,,,,,,,,,,,,,,,,,,,,,,,,,,,,,,,,,,
nanog1,4463,fell,1.22,1,73.9832,100.546,1.78465,3.19571,60.1189,37.8648,18.8092,55.7503,90.6638,9.97665,7.0348,3.41883,10.0846,7.09694,,,,,,,,,,,,,,,,,,,,,,,,,,,,,,,,,,,,,,,,,,,,,,,,,,,,,,,,,,,,,,,,,,,,,,,,,,,,,,,,,,,,,,,,,,,,,,,,,,,,,,,,,,,,,,
nanog1,4464,fell,2.76,1,83.6114,21.2723,3.06737,3.46912,188.472,50.2724,17.3427,22.5624,1.60547,19.865,13.9009,4.41005,8.52259,2.10949,,,,,,,,,,,,,,,,,,,,,,,,,,,,,,,,,,,,,,,,,,,,,,,,,,,,,,,,,,,,,,,,,,,,,,,,,,,,,,,,,,,,,,,,,,,,,,,,,,,,,,,,,,,,,,
nanog1,4465,fell,3.92,1,111.927,16.2492,2.87357,4.16769,274.102,63.9224,41.8331,15.1599,0.856266,24.7511,17.7199,5.4275,6.61921,0.928474,,,,,,,,,,,,,,,,,,,,,,,,,,,,,,,,,,,,,,,,,,,,,,,,,,,,,,,,,,,,,,,,,,,,,,,,,,,,,,,,,,,,,,,,,,,,,,,,,,,,,,,,,,,,,,
nanog1,4466,fell,1.8,1,79.4458,36.6357,1.78216,3.11111,106.859,34.1292,8.71532,37.8635,23.5828,13.9745,9.609,3.99893,8.48952,5.60459,,,,,,,,,,,,,,,,,,,,,,,,,,,,,,,,,,,,,,,,,,,,,,,,,,,,,,,,,,,,,,,,,,,,,,,,,,,,,,,,,,,,,,,,,,,,,,,,,,,,,,,,,,,,,,
nanog1,4467,fell,2.66,1,119.451,145.814,1.93707,3.56154,217.846,66.0374,17.2683,45.1796,7.65295,21.1773,15.4008,4.30259,13.4811,4.35239,,,,,,,,,,,,,,,,,,,,,,,,,,,,,,,,,,,,,,,,,,,,,,,,,,,,,,,,,,,,,,,,,,,,,,,,,,,,,,,,,,,,,,,,,,,,,,,,,,,,,,,,,,,,,,
nanog1,4468,fell,1.7,1,34.5438,18.9453,2.78119,4.09858,44.7981,27.9302,11.5149,22.1202,1.18693,4.94861,5.42498,1.28797,3.07517,0.818029,,,,,,,,,,,,,,,,,,,,,,,,,,,,,,,,,,,,,,,,,,,,,,,,,,,,,,,,,,,,,,,,,,,,,,,,,,,,,,,,,,,,,,,,,,,,,,,,,,,,,,,,,,,,,,
nanog1,4469,fell,2.76,1,57.1892,22.3723,1.22237,2.11519,259.352,57.4725,22.1911,22.6997,1.28861,22.9564,15.6099,5.82106,9.79272,1.64804,,,,,,,,,,,,,,,,,,,,,,,,,,,,,,,,,,,,,,,,,,,,,,,,,,,,,,,,,,,,,,,,,,,,,,,,,,,,,,,,,,,,,,,,,,,,,,,,,,,,,,,,,,,,,,
nanog1,4470,fell,2.7,1,84.6325,163.03,1.75096,3.0377,147.685,48.4538,22.2244,42.8857,44.8812,15.4111,14.3978,3.79471,12.7585,4.89365,,,,,,,,,,,,,,,,,,,,,,,,,,,,,,,,,,,,,,,,,,,,,,,,,,,,,,,,,,,,,,,,,,,,,,,,,,,,,,,,,,,,,,,,,,,,,,,,,,,,,,,,,,,,,,
nanog1,4471,fell,1.82,1,85.2683,68.631,1.27924,3.44546,103.981,36.923,16.422,6.6787,0.652517,11.1859,9.21199,2.7758,3.80702,0.573693,,,,,,,,,,,,,,,,,,,,,,,,,,,,,,,,,,,,,,,,,,,,,,,,,,,,,,,,,,,,,,,,,,,,,,,,,,,,,,,,,,,,,,,,,,,,,,,,,,,,,,,,,,,,,,
nanog1,4472,fell,2.56,1,118.591,45.2695,1.5532,2.81842,155.271,47.4716,8.82585,33.8154,71.7144,16.683,10.4259,5.1433,11.6693,7.14825,,,,,,,,,,,,,,,,,,,,,,,,,,,,,,,,,,,,,,,,,,,,,,,,,,,,,,,,,,,,,,,,,,,,,,,,,,,,,,,,,,,,,,,,,,,,,,,,,,,,,,,,,,,,,,
nanog1,4473,fell,1.9,1,116.543,120.054,2.97116,3.93572,128.789,45.6508,37.4362,7.2913,0.466149,14.4902,10.5736,3.10716,3.97587,0.747898,,,,,,,,,,,,,,,,,,,,,,,,,,,,,,,,,,,,,,,,,,,,,,,,,,,,,,,,,,,,,,,,,,,,,,,,,,,,,,,,,,,,,,,,,,,,,,,,,,,,,,,,,,,,,,
nanog1,4474,fell,2.16,1,74.456,78.3285,1.5141,3.78085,169.658,44.0693,22.7562,29.1653,0.647349,18.5343,12.5857,4.55754,7.40472,1.0272,,,,,,,,,,,,,,,,,,,,,,,,,,,,,,,,,,,,,,,,,,,,,,,,,,,,,,,,,,,,,,,,,,,,,,,,,,,,,,,,,,,,,,,,,,,,,,,,,,,,,,,,,,,,,,
nanog1,4475,fell,1.72,1,78.9327,37.2048,1.12539,3.15102,98.8257,22.3803,12.9551,12.8111,0.563297,9.49843,8.94475,2.60108,4.24713,0.927662,,,,,,,,,,,,,,,,,,,,,,,,,,,,,,,,,,,,,,,,,,,,,,,,,,,,,,,,,,,,,,,,,,,,,,,,,,,,,,,,,,,,,,,,,,,,,,,,,,,,,,,,,,,,,,
nanog1,4476,fell,1.34,1,90.9453,51.4491,2.29241,3.83516,71.0566,28.8341,13.5413,24.8833,18.5995,11.0872,7.77178,3.14145,7.66033,4.8242,,,,,,,,,,,,,,,,,,,,,,,,,,,,,,,,,,,,,,,,,,,,,,,,,,,,,,,,,,,,,,,,,,,,,,,,,,,,,,,,,,,,,,,,,,,,,,,,,,,,,,,,,,,,,,
nanog1,4477,fell,1.4,1,163.702,49.5573,0.87825,3.20493,109.302,26.1629,19.6525,70.8161,1.36251,14.372,9.73367,4.28279,9.1232,1.28762,,,,,,,,,,,,,,,,,,,,,,,,,,,,,,,,,,,,,,,,,,,,,,,,,,,,,,,,,,,,,,,,,,,,,,,,,,,,,,,,,,,,,,,,,,,,,,,,,,,,,,,,,,,,,,
nanog1,4478,fell,2.32,1,65.0576,40.5377,2.10228,4.10841,153.219,37.2947,29.6103,8.01705,1.3267,14.2642,11.7761,3.9255,5.69673,1.17884,,,,,,,,,,,,,,,,,,,,,,,,,,,,,,,,,,,,,,,,,,,,,,,,,,,,,,,,,,,,,,,,,,,,,,,,,,,,,,,,,,,,,,,,,,,,,,,,,,,,,,,,,,,,,,
nanog1,4479,fell,2.66,1,130.586,29.5673,2.0501,3.95426,194.399,67.6732,17.7275,13.8633,21.0042,19.2053,15.161,4.36772,6.81306,2.6935,,,,,,,,,,,,,,,,,,,,,,,,,,,,,,,,,,,,,,,,,,,,,,,,,,,,,,,,,,,,,,,,,,,,,,,,,,,,,,,,,,,,,,,,,,,,,,,,,,,,,,,,,,,,,,
nanog1,4480,fell,1.68,1,59.8597,24.2818,0.961234,3.34703,93.3529,37.291,10.8495,8.07088,0.376363,12.8661,11.1497,3.10792,4.52267,0.583468,,,,,,,,,,,,,,,,,,,,,,,,,,,,,,,,,,,,,,,,,,,,,,,,,,,,,,,,,,,,,,,,,,,,,,,,,,,,,,,,,,,,,,,,,,,,,,,,,,,,,,,,,,,,,,
nanog1,4481,fell,1.4,1,15.0401,126.065,2.41308,3.87447,47.1015,28.5072,8.03097,23.7415,28.0699,9.46742,6.95582,2.16207,7.16063,5.31329,,,,,,,,,,,,,,,,,,,,,,,,,,,,,,,,,,,,,,,,,,,,,,,,,,,,,,,,,,,,,,,,,,,,,,,,,,,,,,,,,,,,,,,,,,,,,,,,,,,,,,,,,,,,,,
nanog1,4482,fell,1.78,1,95.5033,35.1272,2.51497,3.94759,138.932,32.9459,16.0862,20.1954,0.62824,16.625,12.4793,3.8929,6.68815,1.46648,,,,,,,,,,,,,,,,,,,,,,,,,,,,,,,,,,,,,,,,,,,,,,,,,,,,,,,,,,,,,,,,,,,,,,,,,,,,,,,,,,,,,,,,,,,,,,,,,,,,,,,,,,,,,,
nanog1,4483,fell,2.56,1,29.3801,6.69504,1.33475,3.09077,123.782,48.7364,24.7408,24.4628,1.28998,14.69,10.857,3.72562,8.38578,1.76942,,,,,,,,,,,,,,,,,,,,,,,,,,,,,,,,,,,,,,,,,,,,,,,,,,,,,,,,,,,,,,,,,,,,,,,,,,,,,,,,,,,,,,,,,,,,,,,,,,,,,,,,,,,,,,
nanog1,4484,fell,1.32,1,188.847,91.3347,2.78465,4.01068,101.304,19.8995,13.9889,37.3367,1.33771,11.3621,8.33319,3.09274,5.62466,1.56476,,,,,,,,,,,,,,,,,,,,,,,,,,,,,,,,,,,,,,,,,,,,,,,,,,,,,,,,,,,,,,,,,,,,,,,,,,,,,,,,,,,,,,,,,,,,,,,,,,,,,,,,,,,,,,
nanog1,4485,fell,1.58,1,82.4464,109.31,1.53545,3.56852,121.168,36.5382,20.3369,9.6784,0.327014,11.148,7.81876,3.0027,3.78797,0.509859,,,,,,,,,,,,,,,,,,,,,,,,,,,,,,,,,,,,,,,,,,,,,,,,,,,,,,,,,,,,,,,,,,,,,,,,,,,,,,,,,,,,,,,,,,,,,,,,,,,,,,,,,,,,,,
nanog1,4486,fell,1.02,1,56.7574,47.7237,2.83286,4.0858,82.7894,15.3841,17.8765,43.5382,1.03502,10.0963,8.35763,2.47531,5.51917,1.22433,,,,,,,,,,,,,,,,,,,,,,,,,,,,,,,,,,,,,,,,,,,,,,,,,,,,,,,,,,,,,,,,,,,,,,,,,,,,,,,,,,,,,,,,,,,,,,,,,,,,,,,,,,,,,,
nanog1,4487,fell,2.36,1,147.762,36.2759,2.95645,4.1149,113.108,30.5956,19.3542,6.66976,0.600636,11.1707,9.22877,2.73803,4.85652,1.86654,,,,,,,,,,,,,,,,,,,,,,,,,,,,,,,,,,,,,,,,,,,,,,,,,,,,,,,,,,,,,,,,,,,,,,,,,,,,,,,,,,,,,,,,,,,,,,,,,,,,,,,,,,,,,,
nanog1,4488,fell,2.94,1,33.8338,17.3162,1.55708,3.50491,181.557,45.3314,23.7246,34.4727,4.37703,21.3358,14.6796,5.05396,8.76379,2.28354,,,,,,,,,,,,,,,,,,,,,,,,,,,,,,,,,,,,,,,,,,,,,,,,,,,,,,,,,,,,,,,,,,,,,,,,,,,,,,,,,,,,,,,,,,,,,,,,,,,,,,,,,,,,,,
nanog1,4489,fell,2.08,1,91.0005,69.5266,3.06578,4.01486,73.4483,21.8318,19.099,28.9212,0.7208,8.88892,7.463,2.50533,5.31267,1.00419,,,,,,,,,,,,,,,,,,,,,,,,,,,,,,,,,,,,,,,,,,,,,,,,,,,,,,,,,,,,,,,,,,,,,,,,,,,,,,,,,,,,,,,,,,,,,,,,,,,,,,,,,,,,,,
nanog1,4490,fell,2.88,1,45.9613,37.5836,1.13303,3.5997,185.563,55.1676,34.3334,15.0901,1.08341,18.4639,16.4116,4.5815,7.55194,2.02411,,,,,,,,,,,,,,,,,,,,,,,,,,,,,,,,,,,,,,,,,,,,,,,,,,,,,,,,,,,,,,,,,,,,,,,,,,,,,,,,,,,,,,,,,,,,,,,,,,,,,,,,,,,,,,
nanog1,4491,fell,1.76,1,89.9961,4.17792,1.98181,3.57957,132.199,51.131,7.89467,15.6237,49.8775,13.6611,8.89305,3.7777,8.76866,5.14633,,,,,,,,,,,,,,,,,,,,,,,,,,,,,,,,,,,,,,,,,,,,,,,,,,,,,,,,,,,,,,,,,,,,,,,,,,,,,,,,,,,,,,,,,,,,,,,,,,,,,,,,,,,,,,
nanog1,4492,fell,1.64,1,29.7773,19.3802,1.88107,3.58781,113.738,30.7032,11.6281,39.3273,33.671,16.0605,11.6228,4.57006,10.8952,6.09113,,,,,,,,,,,,,,,,,,,,,,,,,,,,,,,,,,,,,,,,,,,,,,,,,,,,,,,,,,,,,,,,,,,,,,,,,,,,,,,,,,,,,,,,,,,,,,,,,,,,,,,,,,,,,,
nanog1,4493,fell,1.24,1,69.8866,162.701,0.92611,3.25327,75.149,30.2553,12.0783,21.3381,0.729972,8.62789,7.28949,2.78258,6.53093,1.50959,,,,,,,,,,,,,,,,,,,,,,,,,,,,,,,,,,,,,,,,,,,,,,,,,,,,,,,,,,,,,,,,,,,,,,,,,,,,,,,,,,,,,,,,,,,,,,,,,,,,,,,,,,,,,,
nanog1,4494,fell,1.78,1,95.675,16.217,1.88467,2.6277,109.405,37.9166,7.48192,39.2514,46.4442,12.8019,11.0933,4.06785,10.7481,5.305,,,,,,,,,,,,,,,,,,,,,,,,,,,,,,,,,,,,,,,,,,,,,,,,,,,,,,,,,,,,,,,,,,,,,,,,,,,,,,,,,,,,,,,,,,,,,,,,,,,,,,,,,,,,,,
nanog1,4495,fell,1.78,1,74.7383,29.8035,2.46254,3.25812,101.168,21.3145,10.649,39.0184,20.7862,11.7033,9.24181,3.0454,8.08582,8.49633,,,,,,,,,,,,,,,,,,,,,,,,,,,,,,,,,,,,,,,,,,,,,,,,,,,,,,,,,,,,,,,,,,,,,,,,,,,,,,,,,,,,,,,,,,,,,,,,,,,,,,,,,,,,,,
nanog1,4496,fell,2.06,1,44.4938,106.188,2.845,4.06527,124.377,40.1116,8.71231,7.0843,0.580014,14.0554,10.792,3.66543,4.81709,0.772668,,,,,,,,,,,,,,,,,,,,,,,,,,,,,,,,,,,,,,,,,,,,,,,,,,,,,,,,,,,,,,,,,,,,,,,,,,,,,,,,,,,,,,,,,,,,,,,,,,,,,,,,,,,,,,
nanog1,4497,fell,1.94,1,88.7248,74.1899,2.96403,4.30421,146.574,52.7875,9.41252,4.96411,0.58461,15.2665,12.8336,3.53548,4.38009,0.566293,,,,,,,,,,,,,,,,,,,,,,,,,,,,,,,,,,,,,,,,,,,,,,,,,,,,,,,,,,,,,,,,,,,,,,,,,,,,,,,,,,,,,,,,,,,,,,,,,,,,,,,,,,,,,,
nanog1,4498,fell,3.22,1,68.0344,57.3174,2.67617,3.99174,195.742,35.9027,20.1952,11.1688,0.726286,20.9309,13.4351,4.80793,7.12172,2.12697,,,,,,,,,,,,,,,,,,,,,,,,,,,,,,,,,,,,,,,,,,,,,,,,,,,,,,,,,,,,,,,,,,,,,,,,,,,,,,,,,,,,,,,,,,,,,,,,,,,,,,,,,,,,,,
nanog1,4499,fell,1.34,1,131.097,35.1864,1.89976,3.21518,94.5089,34.9924,36.0386,56.2029,79.6763,11.4727,7.90243,3.98139,12.7619,5.39571,,,,,,,,,,,,,,,,,,,,,,,,,,,,,,,,,,,,,,,,,,,,,,,,,,,,,,,,,,,,,,,,,,,,,,,,,,,,,,,,,,,,,,,,,,,,,,,,,,,,,,,,,,,,,,
nanog1,4500,fell,2.42,1,123.457,50.6764,3.01718,4.06039,119.657,37.2613,14.5696,7.21442,0.650079,11.1691,8.93612,2.73384,4.01988,0.791954,,,,,,,,,,,,,,,,,,,,,,,,,,,,,,,,,,,,,,,,,,,,,,,,,,,,,,,,,,,,,,,,,,,,,,,,,,,,,,,,,,,,,,,,,,,,,,,,,,,,,,,,,,,,,,
nanog1,4501,fell,3.54,1,66.7633,15.7002,1.28429,2.73886,294.621,54.7868,49.6895,37.9782,1.06785,22.5003,18.9708,5.47683,10.6751,1.46201,,,,,,,,,,,,,,,,,,,,,,,,,,,,,,,,,,,,,,,,,,,,,,,,,,,,,,,,,,,,,,,,,,,,,,,,,,,,,,,,,,,,,,,,,,,,,,,,,,,,,,,,,,,,,,
nanog1,4502,fell,2.7,1,70.7739,31.6384,1.34172,2.35869,109.772,47.568,22.2643,12.8407,1.3102,10.5593,7.23103,3.3299,5.74559,1.18696,,,,,,,,,,,,,,,,,,,,,,,,,,,,,,,,,,,,,,,,,,,,,,,,,,,,,,,,,,,,,,,,,,,,,,,,,,,,,,,,,,,,,,,,,,,,,,,,,,,,,,,,,,,,,,
nanog1,4503,fell,1.5,1,60.3024,57.0932,2.31383,3.92141,138.811,39.8718,15.5636,21.3496,43.8792,16.8422,11.921,3.49749,8.96821,3.47085,,,,,,,,,,,,,,,,,,,,,,,,,,,,,,,,,,,,,,,,,,,,,,,,,,,,,,,,,,,,,,,,,,,,,,,,,,,,,,,,,,,,,,,,,,,,,,,,,,,,,,,,,,,,,,
nanog1,4504,fell,1.52,1,68.6343,149.705,2.68127,3.97956,85.1412,30.719,14.8266,5.21786,0.275763,9.01834,6.40366,2.31597,2.84707,0.339058,,,,,,,,,,,,,,,,,,,,,,,,,,,,,,,,,,,,,,,,,,,,,,,,,,,,,,,,,,,,,,,,,,,,,,,,,,,,,,,,,,,,,,,,,,,,,,,,,,,,,,,,,,,,,,
nanog1,4505,fell,3.12,1,76.1844,52.5688,1.04987,2.60721,203.735,45.9825,18.349,18.7208,1.27599,20.8525,14.112,4.56847,8.0338,1.31909,,,,,,,,,,,,,,,,,,,,,,,,,,,,,,,,,,,,,,,,,,,,,,,,,,,,,,,,,,,,,,,,,,,,,,,,,,,,,,,,,,,,,,,,,,,,,,,,,,,,,,,,,,,,,,
nanog1,4506,fell,2.02,1,114.447,37.1225,2.97885,3.92992,135.4,44.6183,11.0581,7.28108,0.359325,15.2306,11.4663,3.70375,4.79192,0.639233,,,,,,,,,,,,,,,,,,,,,,,,,,,,,,,,,,,,,,,,,,,,,,,,,,,,,,,,,,,,,,,,,,,,,,,,,,,,,,,,,,,,,,,,,,,,,,,,,,,,,,,,,,,,,,
nanog1,4507,fell,1.72,1,63.4902,32.7949,2.19966,3.70592,91.9393,33.572,7.41014,12.8253,0.832474,10.7021,11.0789,2.80745,5.88538,1.05452,,,,,,,,,,,,,,,,,,,,,,,,,,,,,,,,,,,,,,,,,,,,,,,,,,,,,,,,,,,,,,,,,,,,,,,,,,,,,,,,,,,,,,,,,,,,,,,,,,,,,,,,,,,,,,
nanog1,4508,fell,1.76,1,53.8884,164.222,2.91222,4.21194,109.559,36.1972,9.68087,4.13881,0.440102,10.5391,8.10082,2.74348,3.15015,0.408939,,,,,,,,,,,,,,,,,,,,,,,,,,,,,,,,,,,,,,,,,,,,,,,,,,,,,,,,,,,,,,,,,,,,,,,,,,,,,,,,,,,,,,,,,,,,,,,,,,,,,,,,,,,,,,
nanog1,4509,fell,1.28,1,101.687,27.9115,2.98187,4.07102,102.46,18.4277,8.59163,13.6309,2.726,14.4916,9.26598,3.06338,5.86388,1.23306,,,,,,,,,,,,,,,,,,,,,,,,,,,,,,,,,,,,,,,,,,,,,,,,,,,,,,,,,,,,,,,,,,,,,,,,,,,,,,,,,,,,,,,,,,,,,,,,,,,,,,,,,,,,,,
nanog1,4510,fell,1.44,1,167.555,124.338,1.38789,2.17597,107.749,25.634,13.3813,35.007,10.1376,14.9352,11.4064,3.51945,13.7473,2.87379,,,,,,,,,,,,,,,,,,,,,,,,,,,,,,,,,,,,,,,,,,,,,,,,,,,,,,,,,,,,,,,,,,,,,,,,,,,,,,,,,,,,,,,,,,,,,,,,,,,,,,,,,,,,,,
nanog1,4511,fell,2.14,1,33.4139,6.86451,2.18291,3.86608,113.509,35.5929,8.52291,16.6814,17.5323,13.8617,9.50154,3.35285,6.84013,3.59887,,,,,,,,,,,,,,,,,,,,,,,,,,,,,,,,,,,,,,,,,,,,,,,,,,,,,,,,,,,,,,,,,,,,,,,,,,,,,,,,,,,,,,,,,,,,,,,,,,,,,,,,,,,,,,
nanog1,4512,fell,2.02,1,140.412,72.1872,2.98551,4.31854,150.832,42.5417,13.4789,4.62659,0.482302,15.8191,11.0147,3.67562,5.40491,1.95452,,,,,,,,,,,,,,,,,,,,,,,,,,,,,,,,,,,,,,,,,,,,,,,,,,,,,,,,,,,,,,,,,,,,,,,,,,,,,,,,,,,,,,,,,,,,,,,,,,,,,,,,,,,,,,
nanog1,4513,fell,1.6,1,61.9299,154.302,1.24926,3.00927,163.977,45.0884,16.4046,30.6204,22.5476,19.2999,12.1684,4.5693,8.97995,5.48235,,,,,,,,,,,,,,,,,,,,,,,,,,,,,,,,,,,,,,,,,,,,,,,,,,,,,,,,,,,,,,,,,,,,,,,,,,,,,,,,,,,,,,,,,,,,,,,,,,,,,,,,,,,,,,
nanog1,4514,fell,2.48,1,89.6388,93.4655,0.607867,2.90775,174.273,43.8658,25.7015,20.5146,1.6601,23.584,16.9588,4.89443,8.18918,2.22715,,,,,,,,,,,,,,,,,,,,,,,,,,,,,,,,,,,,,,,,,,,,,,,,,,,,,,,,,,,,,,,,,,,,,,,,,,,,,,,,,,,,,,,,,,,,,,,,,,,,,,,,,,,,,,
nanog1,4515,fell,1.56,1,71.6655,9.36047,2.12312,3.76202,82.9903,29.6747,6.87669,9.66425,1.42439,10.3488,9.66464,2.74653,5.34573,1.62671,,,,,,,,,,,,,,,,,,,,,,,,,,,,,,,,,,,,,,,,,,,,,,,,,,,,,,,,,,,,,,,,,,,,,,,,,,,,,,,,,,,,,,,,,,,,,,,,,,,,,,,,,,,,,,
nanog1,4516,fell,3.04,1,77.617,17.1621,1.80271,3.32615,168.517,50.308,19.153,37.4662,60.7318,22.2485,14.6997,4.42303,9.21861,7.27207,,,,,,,,,,,,,,,,,,,,,,,,,,,,,,,,,,,,,,,,,,,,,,,,,,,,,,,,,,,,,,,,,,,,,,,,,,,,,,,,,,,,,,,,,,,,,,,,,,,,,,,,,,,,,,
nanog1,4517,fell,1.84,1,161.452,106.441,2.04668,4.15238,70.1962,39.5612,29.4694,44.0963,1.73422,8.72957,6.61457,3.1203,11.5837,1.9097,,,,,,,,,,,,,,,,,,,,,,,,,,,,,,,,,,,,,,,,,,,,,,,,,,,,,,,,,,,,,,,,,,,,,,,,,,,,,,,,,,,,,,,,,,,,,,,,,,,,,,,,,,,,,,
nanog1,4518,fell,2.56,1,102.211,6.75731,1.7334,3.12775,118.184,45.6631,18.1833,51.5257,82.4233,13.8004,10.454,3.17871,15.8278,8.27145,,,,,,,,,,,,,,,,,,,,,,,,,,,,,,,,,,,,,,,,,,,,,,,,,,,,,,,,,,,,,,,,,,,,,,,,,,,,,,,,,,,,,,,,,,,,,,,,,,,,,,,,,,,,,,
nanog1,4519,fell,1.62,1,80.4526,65.4323,1.72901,3.08997,47.0954,28.5162,8.25353,36.5175,105.092,7.23873,6.79963,2.00128,11.6317,7.8082,,,,,,,,,,,,,,,,,,,,,,,,,,,,,,,,,,,,,,,,,,,,,,,,,,,,,,,,,,,,,,,,,,,,,,,,,,,,,,,,,,,,,,,,,,,,,,,,,,,,,,,,,,,,,,
nanog1,4520,fell,2.38,1,49.1173,8.07907,1.11219,3.45683,134.454,39.4731,14.975,12.996,1.00439,18.2015,10.5168,4.04985,6.64873,1.7627,,,,,,,,,,,,,,,,,,,,,,,,,,,,,,,,,,,,,,,,,,,,,,,,,,,,,,,,,,,,,,,,,,,,,,,,,,,,,,,,,,,,,,,,,,,,,,,,,,,,,,,,,,,,,,
nanog1,4521,fell,2.3,1,130.265,78.6542,1.79979,3.38439,173.174,43.324,13.0701,16.3391,58.4907,19.2178,13.2957,4.96218,8.55131,7.51124,,,,,,,,,,,,,,,,,,,,,,,,,,,,,,,,,,,,,,,,,,,,,,,,,,,,,,,,,,,,,,,,,,,,,,,,,,,,,,,,,,,,,,,,,,,,,,,,,,,,,,,,,,,,,,
nanog1,4522,fell,1.62,1,85.7347,52.7377,1.44001,3.25942,90.8486,33.7727,13.8058,19.4564,2.09901,9.71529,7.34797,2.87309,7.36427,2.35346,,,,,,,,,,,,,,,,,,,,,,,,,,,,,,,,,,,,,,,,,,,,,,,,,,,,,,,,,,,,,,,,,,,,,,,,,,,,,,,,,,,,,,,,,,,,,,,,,,,,,,,,,,,,,,
nanog1,4523,fell,1.18,1,92.0729,85.7799,1.65092,3.45434,74.1712,32.1287,8.04026,33.0348,48.2111,11.0162,7.63124,3.15289,9.77469,5.20937,,,,,,,,,,,,,,,,,,,,,,,,,,,,,,,,,,,,,,,,,,,,,,,,,,,,,,,,,,,,,,,,,,,,,,,,,,,,,,,,,,,,,,,,,,,,,,,,,,,,,,,,,,,,,,
nanog1,4524,fell,1.36,1,62.6967,19.9397,2.40099,3.1943,81.3854,28.3483,12.3544,39.6742,16.9188,9.06976,7.40544,2.48511,7.46969,2.58173,,,,,,,,,,,,,,,,,,,,,,,,,,,,,,,,,,,,,,,,,,,,,,,,,,,,,,,,,,,,,,,,,,,,,,,,,,,,,,,,,,,,,,,,,,,,,,,,,,,,,,,,,,,,,,
nanog1,4525,fell,2.14,1,26.431,4.46602,1.79558,2.39789,116.958,33.2694,17.6401,15.2803,1.00144,13.439,8.98086,3.16593,5.57628,0.900938,,,,,,,,,,,,,,,,,,,,,,,,,,,,,,,,,,,,,,,,,,,,,,,,,,,,,,,,,,,,,,,,,,,,,,,,,,,,,,,,,,,,,,,,,,,,,,,,,,,,,,,,,,,,,,
nanog1,4526,fell,1.82,1,85.4998,42.701,1.61449,3.37096,129.587,38.4694,9.14464,9.82466,3.76507,13.826,11.6307,3.45415,5.52604,1.83621,,,,,,,,,,,,,,,,,,,,,,,,,,,,,,,,,,,,,,,,,,,,,,,,,,,,,,,,,,,,,,,,,,,,,,,,,,,,,,,,,,,,,,,,,,,,,,,,,,,,,,,,,,,,,,
nanog1,4527,fell,2.56,1,64.7685,6.51931,1.79181,3.82012,139.479,41.3372,13.4857,13.9677,2.69525,15.6123,11.0122,3.40459,6.0228,1.85384,,,,,,,,,,,,,,,,,,,,,,,,,,,,,,,,,,,,,,,,,,,,,,,,,,,,,,,,,,,,,,,,,,,,,,,,,,,,,,,,,,,,,,,,,,,,,,,,,,,,,,,,,,,,,,
nanog1,4528,fell,2.8,1,157.771,28.4622,2.41679,4.1504,157.309,38.0145,23.7391,9.03035,1.42663,17.0366,11.0767,3.93255,6.27042,1.19441,,,,,,,,,,,,,,,,,,,,,,,,,,,,,,,,,,,,,,,,,,,,,,,,,,,,,,,,,,,,,,,,,,,,,,,,,,,,,,,,,,,,,,,,,,,,,,,,,,,,,,,,,,,,,,
nanog1,4529,fell,1.6,1,67.1486,35.5433,2.05909,3.69571,96.405,32.0992,19.9625,27.8643,1.45675,10.1078,7.08361,2.61932,5.98901,1.30824,,,,,,,,,,,,,,,,,,,,,,,,,,,,,,,,,,,,,,,,,,,,,,,,,,,,,,,,,,,,,,,,,,,,,,,,,,,,,,,,,,,,,,,,,,,,,,,,,,,,,,,,,,,,,,
nanog1,4530,fell,2.78,1,55.7746,58.106,0.859024,3.10799,217.023,61.3496,31.8901,20.2774,0.85561,21.9414,14.7422,5.18443,6.0157,0.803215,,,,,,,,,,,,,,,,,,,,,,,,,,,,,,,,,,,,,,,,,,,,,,,,,,,,,,,,,,,,,,,,,,,,,,,,,,,,,,,,,,,,,,,,,,,,,,,,,,,,,,,,,,,,,,
nanog1,4531,fell,1.68,1,132.758,148.749,2.04676,3.53653,126.865,25.3533,18.4803,32.6628,1.14131,16.7372,13.1621,4.46884,8.38648,2.32211,,,,,,,,,,,,,,,,,,,,,,,,,,,,,,,,,,,,,,,,,,,,,,,,,,,,,,,,,,,,,,,,,,,,,,,,,,,,,,,,,,,,,,,,,,,,,,,,,,,,,,,,,,,,,,
nanog1,4532,fell,2.06,1,96.936,124.498,2.96763,3.91144,117.212,35.8247,22.3085,7.27637,0.51652,13.3815,9.961,3.18025,4.67789,1.58867,,,,,,,,,,,,,,,,,,,,,,,,,,,,,,,,,,,,,,,,,,,,,,,,,,,,,,,,,,,,,,,,,,,,,,,,,,,,,,,,,,,,,,,,,,,,,,,,,,,,,,,,,,,,,,
nanog1,4533,fell,1.76,1,28.8647,90.949,2.95035,3.97242,132.764,28.0994,14.8587,16.9954,6.77617,14.5078,11.1118,3.52426,6.92155,2.90058,,,,,,,,,,,,,,,,,,,,,,,,,,,,,,,,,,,,,,,,,,,,,,,,,,,,,,,,,,,,,,,,,,,,,,,,,,,,,,,,,,,,,,,,,,,,,,,,,,,,,,,,,,,,,,
nanog1,4534,fell,1.9,1,133.758,63.9936,1.04903,3.25825,153.924,53.7199,15.6685,12.1228,0.530668,16.1837,13.4896,4.58477,5.82791,0.643888,,,,,,,,,,,,,,,,,,,,,,,,,,,,,,,,,,,,,,,,,,,,,,,,,,,,,,,,,,,,,,,,,,,,,,,,,,,,,,,,,,,,,,,,,,,,,,,,,,,,,,,,,,,,,,
nanog1,4535,fell,3.48,1,83.8581,28.7369,3.03132,4.28114,245.272,64.0738,29.3315,13.2938,0.927273,22.6103,16.7243,5.15312,6.26647,1.38093,,,,,,,,,,,,,,,,,,,,,,,,,,,,,,,,,,,,,,,,,,,,,,,,,,,,,,,,,,,,,,,,,,,,,,,,,,,,,,,,,,,,,,,,,,,,,,,,,,,,,,,,,,,,,,
nanog1,4536,fell,1.52,1,130.2,2.28484,1.92683,3.46662,84.8161,18.8869,11.757,9.85232,0.701361,8.58304,6.61546,2.24388,3.49052,0.511846,,,,,,,,,,,,,,,,,,,,,,,,,,,,,,,,,,,,,,,,,,,,,,,,,,,,,,,,,,,,,,,,,,,,,,,,,,,,,,,,,,,,,,,,,,,,,,,,,,,,,,,,,,,,,,
nanog1,4537,fell,2,1,80.0757,24.3643,2.81801,2.34899,131.921,46.4855,20.8017,24.7231,5.17497,12.9965,9.78503,3.25691,9.22634,3.29958,,,,,,,,,,,,,,,,,,,,,,,,,,,,,,,,,,,,,,,,,,,,,,,,,,,,,,,,,,,,,,,,,,,,,,,,,,,,,,,,,,,,,,,,,,,,,,,,,,,,,,,,,,,,,,
nanog1,4538,fell,1.18,1,19.8076,39.6804,1.67024,3.20937,43.6807,28.7236,7.1182,36.6873,75.4047,8.09861,6.47528,2.21555,11.7267,5.74791,,,,,,,,,,,,,,,,,,,,,,,,,,,,,,,,,,,,,,,,,,,,,,,,,,,,,,,,,,,,,,,,,,,,,,,,,,,,,,,,,,,,,,,,,,,,,,,,,,,,,,,,,,,,,,
nanog1,4539,fell,1.94,1,45.8722,70.9452,2.65168,4.30625,36.0586,27.9491,8.44108,5.63121,0.39641,4.93813,5.43366,1.42453,2.09827,0.272953,,,,,,,,,,,,,,,,,,,,,,,,,,,,,,,,,,,,,,,,,,,,,,,,,,,,,,,,,,,,,,,,,,,,,,,,,,,,,,,,,,,,,,,,,,,,,,,,,,,,,,,,,,,,,,
nanog1,4540,fell,1.72,1,77.7079,35.5716,2.86681,4.3094,111.084,36.0929,8.80517,5.77194,1.17019,11.4522,10.5644,2.84542,3.57997,0.658025,,,,,,,,,,,,,,,,,,,,,,,,,,,,,,,,,,,,,,,,,,,,,,,,,,,,,,,,,,,,,,,,,,,,,,,,,,,,,,,,,,,,,,,,,,,,,,,,,,,,,,,,,,,,,,
nanog1,4541,fell,2.5,1,52.3995,65.4214,1.59019,3.57558,142.404,52.4407,13.0547,18.7055,3.16754,16.2593,11.484,3.30134,6.93693,3.6143,,,,,,,,,,,,,,,,,,,,,,,,,,,,,,,,,,,,,,,,,,,,,,,,,,,,,,,,,,,,,,,,,,,,,,,,,,,,,,,,,,,,,,,,,,,,,,,,,,,,,,,,,,,,,,
nanog1,4542,fell,1.62,1,53.7297,105.52,1.34499,1.95417,81.683,29.2252,11.5591,25.5743,13.7735,9.27275,7.92078,2.9111,10.7403,7.79627,,,,,,,,,,,,,,,,,,,,,,,,,,,,,,,,,,,,,,,,,,,,,,,,,,,,,,,,,,,,,,,,,,,,,,,,,,,,,,,,,,,,,,,,,,,,,,,,,,,,,,,,,,,,,,
nanog1,4543,fell,1.16,1,41.4665,13.2952,0.976417,3.27526,97.6833,24.5458,8.63924,7.39168,0.481355,15.0065,8.93837,3.18214,5.16242,1.46133,,,,,,,,,,,,,,,,,,,,,,,,,,,,,,,,,,,,,,,,,,,,,,,,,,,,,,,,,,,,,,,,,,,,,,,,,,,,,,,,,,,,,,,,,,,,,,,,,,,,,,,,,,,,,,
nanog1,4544,fell,1.62,1,88.2066,43.9157,1.09208,3.38111,107.49,31.715,25.3284,34.2889,1.28675,14.7234,10.8155,4.2546,9.32798,1.94582,,,,,,,,,,,,,,,,,,,,,,,,,,,,,,,,,,,,,,,,,,,,,,,,,,,,,,,,,,,,,,,,,,,,,,,,,,,,,,,,,,,,,,,,,,,,,,,,,,,,,,,,,,,,,,
nanog1,4545,fell,2.36,1,19.6041,37.3298,1.85765,3.31119,85.1269,35.8064,10.4591,37.4761,87.6974,11.9219,8.5307,3.31852,10.2133,8.64056,,,,,,,,,,,,,,,,,,,,,,,,,,,,,,,,,,,,,,,,,,,,,,,,,,,,,,,,,,,,,,,,,,,,,,,,,,,,,,,,,,,,,,,,,,,,,,,,,,,,,,,,,,,,,,
nanog1,4546,fell,1.42,1,56.8259,49.8181,1.79725,2.4592,85.7147,28.5742,12.032,28.1964,6.22596,9.4433,7.39525,2.44786,7.73888,5.21647,,,,,,,,,,,,,,,,,,,,,,,,,,,,,,,,,,,,,,,,,,,,,,,,,,,,,,,,,,,,,,,,,,,,,,,,,,,,,,,,,,,,,,,,,,,,,,,,,,,,,,,,,,,,,,
nanog1,4547,fell,1.78,1,96.701,70.1889,2.83277,4.21087,121.975,47.5772,13.9521,7.0608,0.341115,13.3192,12.387,3.25167,3.95928,0.53023,,,,,,,,,,,,,,,,,,,,,,,,,,,,,,,,,,,,,,,,,,,,,,,,,,,,,,,,,,,,,,,,,,,,,,,,,,,,,,,,,,,,,,,,,,,,,,,,,,,,,,,,,,,,,,
nanog1,4548,fell,1.3,1,182.146,89.777,2.77817,4.26482,84.2872,26.5671,16.8392,4.95595,0.380069,9.16769,7.39165,2.64547,3.56971,0.521556,,,,,,,,,,,,,,,,,,,,,,,,,,,,,,,,,,,,,,,,,,,,,,,,,,,,,,,,,,,,,,,,,,,,,,,,,,,,,,,,,,,,,,,,,,,,,,,,,,,,,,,,,,,,,,
nanog1,4549,fell,1.7,1,71.6252,22.2697,3.16907,4.2244,108.792,42.2273,10.8599,5.66995,0.230593,10.6098,10.5949,2.39006,2.89264,0.431586,,,,,,,,,,,,,,,,,,,,,,,,,,,,,,,,,,,,,,,,,,,,,,,,,,,,,,,,,,,,,,,,,,,,,,,,,,,,,,,,,,,,,,,,,,,,,,,,,,,,,,,,,,,,,,
nanog1,4550,fell,2.08,1,107.373,11.7908,2.09162,3.62729,125.2,40.5516,8.64962,27.071,21.7376,12.7174,9.29951,2.8894,8.37236,4.93345,,,,,,,,,,,,,,,,,,,,,,,,,,,,,,,,,,,,,,,,,,,,,,,,,,,,,,,,,,,,,,,,,,,,,,,,,,,,,,,,,,,,,,,,,,,,,,,,,,,,,,,,,,,,,,
nanog1,4551,fell,1.76,1,29.0006,16.6474,1.64413,1.79943,99.6505,48.4475,16.237,23.7925,2.28833,16.9269,11.9962,4.02975,8.32103,3.22963,,,,,,,,,,,,,,,,,,,,,,,,,,,,,,,,,,,,,,,,,,,,,,,,,,,,,,,,,,,,,,,,,,,,,,,,,,,,,,,,,,,,,,,,,,,,,,,,,,,,,,,,,,,,,,
nanog1,4552,fell,2.18,1,102.058,7.64385,0.998924,2.80282,118.924,32.0457,15.837,37.7376,15.9481,14.197,10.1672,4.00773,10.8469,2.40665,,,,,,,,,,,,,,,,,,,,,,,,,,,,,,,,,,,,,,,,,,,,,,,,,,,,,,,,,,,,,,,,,,,,,,,,,,,,,,,,,,,,,,,,,,,,,,,,,,,,,,,,,,,,,,
nanog1,4553,fell,1.66,1,87.0858,10.8611,2.40914,3.79121,90.6304,25.3712,10.4241,5.24194,0.417998,10.8681,8.76498,2.96537,4.49486,1.47999,,,,,,,,,,,,,,,,,,,,,,,,,,,,,,,,,,,,,,,,,,,,,,,,,,,,,,,,,,,,,,,,,,,,,,,,,,,,,,,,,,,,,,,,,,,,,,,,,,,,,,,,,,,,,,
nanog1,4554,fell,2,1,40.1238,84.9448,1.91453,3.56377,111.234,33.5767,29.1031,11.197,0.802926,10.5563,8.07892,3.38168,6.0477,1.24207,,,,,,,,,,,,,,,,,,,,,,,,,,,,,,,,,,,,,,,,,,,,,,,,,,,,,,,,,,,,,,,,,,,,,,,,,,,,,,,,,,,,,,,,,,,,,,,,,,,,,,,,,,,,,,
nanog1,4555,fell,1.72,1,115.467,34.5406,3.02224,4.24524,137.374,50.0324,13.6164,21.5374,0.967792,15.7295,13.4328,3.62519,8.12604,2.26741,,,,,,,,,,,,,,,,,,,,,,,,,,,,,,,,,,,,,,,,,,,,,,,,,,,,,,,,,,,,,,,,,,,,,,,,,,,,,,,,,,,,,,,,,,,,,,,,,,,,,,,,,,,,,,
nanog1,4556,fell,1.62,1,69.6721,50.5973,2.15174,4.05898,125.044,42.7162,10.0125,4.33575,0.495401,14.2152,11.7745,3.60459,4.80691,1.31369,,,,,,,,,,,,,,,,,,,,,,,,,,,,,,,,,,,,,,,,,,,,,,,,,,,,,,,,,,,,,,,,,,,,,,,,,,,,,,,,,,,,,,,,,,,,,,,,,,,,,,,,,,,,,,
nanog1,4557,fell,1.66,1,116.835,87.2102,2.62364,2.31415,94.0693,20.7228,16.5467,18.7217,2.42054,10.1937,6.94521,2.39621,6.5231,1.83243,,,,,,,,,,,,,,,,,,,,,,,,,,,,,,,,,,,,,,,,,,,,,,,,,,,,,,,,,,,,,,,,,,,,,,,,,,,,,,,,,,,,,,,,,,,,,,,,,,,,,,,,,,,,,,
nanog1,4558,fell,1.86,1,96.5797,177.269,2.89833,4.28341,114.298,44.9403,8.49137,7.33729,0.456063,12.8497,11.716,2.884,3.69235,0.442067,,,,,,,,,,,,,,,,,,,,,,,,,,,,,,,,,,,,,,,,,,,,,,,,,,,,,,,,,,,,,,,,,,,,,,,,,,,,,,,,,,,,,,,,,,,,,,,,,,,,,,,,,,,,,,
nanog1,4559,fell,1.94,1,56.1096,73.5473,1.94014,3.35423,113.209,43.9606,17.7238,30.9277,63.8887,12.6073,10.0255,3.70328,9.73104,4.96793,,,,,,,,,,,,,,,,,,,,,,,,,,,,,,,,,,,,,,,,,,,,,,,,,,,,,,,,,,,,,,,,,,,,,,,,,,,,,,,,,,,,,,,,,,,,,,,,,,,,,,,,,,,,,,
nanog1,4560,fell,2.22,1,81.8748,48.9193,2.08205,3.79222,156.625,46.3556,13.676,17.5437,28.0256,17.1062,14.0145,3.75511,7.3,3.84005,,,,,,,,,,,,,,,,,,,,,,,,,,,,,,,,,,,,,,,,,,,,,,,,,,,,,,,,,,,,,,,,,,,,,,,,,,,,,,,,,,,,,,,,,,,,,,,,,,,,,,,,,,,,,,
nanog1,4561,fell,2.22,1,70.0915,10.4499,1.0773,3.00169,179.69,45.0519,19.4101,29.2332,2.02703,21.483,15.1439,4.52997,9.32231,4.00523,,,,,,,,,,,,,,,,,,,,,,,,,,,,,,,,,,,,,,,,,,,,,,,,,,,,,,,,,,,,,,,,,,,,,,,,,,,,,,,,,,,,,,,,,,,,,,,,,,,,,,,,,,,,,,
nanog1,4562,fell,1.96,1,87.5133,22.5148,3.00159,4.40805,119.475,51.0865,8.90477,3.73924,0.521064,12.7034,11.7223,3.07332,3.64751,0.481772,,,,,,,,,,,,,,,,,,,,,,,,,,,,,,,,,,,,,,,,,,,,,,,,,,,,,,,,,,,,,,,,,,,,,,,,,,,,,,,,,,,,,,,,,,,,,,,,,,,,,,,,,,,,,,
nanog1,4563,fell,1.8,1,109.073,50.0077,1.70413,2.20842,211.535,42.6632,15.1716,28.7257,7.8748,26.246,17.7841,6.12195,13.7266,6.26639,,,,,,,,,,,,,,,,,,,,,,,,,,,,,,,,,,,,,,,,,,,,,,,,,,,,,,,,,,,,,,,,,,,,,,,,,,,,,,,,,,,,,,,,,,,,,,,,,,,,,,,,,,,,,,
nanog1,4564,fell,1.06,1,72.5044,139.963,1.63631,3.35006,63.3322,20.3165,13.3969,31.376,2.94298,6.9522,4.81172,2.07994,6.15347,3.69046,,,,,,,,,,,,,,,,,,,,,,,,,,,,,,,,,,,,,,,,,,,,,,,,,,,,,,,,,,,,,,,,,,,,,,,,,,,,,,,,,,,,,,,,,,,,,,,,,,,,,,,,,,,,,,
nanog1,4565,fell,1.02,1,62.118,119.142,1.37884,2.29351,68.4423,22.4571,24.0773,60.6129,3.50847,8.06683,6.13956,2.39462,11.225,3.82832,,,,,,,,,,,,,,,,,,,,,,,,,,,,,,,,,,,,,,,,,,,,,,,,,,,,,,,,,,,,,,,,,,,,,,,,,,,,,,,,,,,,,,,,,,,,,,,,,,,,,,,,,,,,,,
nanog1,4566,fell,1.44,1,75.6001,141.289,2.17988,3.98071,63.1746,31.5271,7.88617,18.6974,14.1026,13.3692,7.83961,3.42252,6.8925,2.62353,,,,,,,,,,,,,,,,,,,,,,,,,,,,,,,,,,,,,,,,,,,,,,,,,,,,,,,,,,,,,,,,,,,,,,,,,,,,,,,,,,,,,,,,,,,,,,,,,,,,,,,,,,,,,,
nanog1,4567,fell,1.64,1,158.99,48.8036,2.91964,4.11114,72.8709,21.7598,16.0085,27.1909,2.79399,8.82739,7.30843,2.18094,5.67926,3.93894,,,,,,,,,,,,,,,,,,,,,,,,,,,,,,,,,,,,,,,,,,,,,,,,,,,,,,,,,,,,,,,,,,,,,,,,,,,,,,,,,,,,,,,,,,,,,,,,,,,,,,,,,,,,,,
nanog1,4568,fell,1.2,1,86.0122,112.963,2.26799,4.05298,103.8,23.8148,9.34647,15.2862,28.6276,12.8366,8.58812,3.12289,7.6098,3.35013,,,,,,,,,,,,,,,,,,,,,,,,,,,,,,,,,,,,,,,,,,,,,,,,,,,,,,,,,,,,,,,,,,,,,,,,,,,,,,,,,,,,,,,,,,,,,,,,,,,,,,,,,,,,,,
nanog1,4569,fell,2.66,1,72.2431,27.8452,1.89553,3.93842,202.236,63.7656,21.9379,13.8928,58.209,21.9797,13.6619,4.16106,6.44427,4.78063,,,,,,,,,,,,,,,,,,,,,,,,,,,,,,,,,,,,,,,,,,,,,,,,,,,,,,,,,,,,,,,,,,,,,,,,,,,,,,,,,,,,,,,,,,,,,,,,,,,,,,,,,,,,,,
nanog1,4570,fell,1.32,1,143.276,84.3549,2.22308,3.51402,105.288,25.0721,14.7595,26.8762,1.19998,11.6376,8.49621,3.29294,9.15082,1.72012,,,,,,,,,,,,,,,,,,,,,,,,,,,,,,,,,,,,,,,,,,,,,,,,,,,,,,,,,,,,,,,,,,,,,,,,,,,,,,,,,,,,,,,,,,,,,,,,,,,,,,,,,,,,,,
nanog1,4571,fell,2.28,1,96.2347,37.0584,2.50803,3.712,133.283,49.374,18.6941,16.5908,3.79976,14.7863,11.5915,3.65455,7.25663,2.01653,,,,,,,,,,,,,,,,,,,,,,,,,,,,,,,,,,,,,,,,,,,,,,,,,,,,,,,,,,,,,,,,,,,,,,,,,,,,,,,,,,,,,,,,,,,,,,,,,,,,,,,,,,,,,,
nanog1,4572,fell,2.36,1,95.522,34.4269,2.96373,4.34244,178.115,56.9993,27.185,15.0374,0.905142,16.0377,13.6239,4.09312,6.12286,1.07859,,,,,,,,,,,,,,,,,,,,,,,,,,,,,,,,,,,,,,,,,,,,,,,,,,,,,,,,,,,,,,,,,,,,,,,,,,,,,,,,,,,,,,,,,,,,,,,,,,,,,,,,,,,,,,
nanog1,4573,fell,3.54,1,120.271,52.4885,2.00375,4.05314,207.914,55.305,19.0878,19.6088,4.86697,19.12,14.2553,4.7185,8.58071,2.22926,,,,,,,,,,,,,,,,,,,,,,,,,,,,,,,,,,,,,,,,,,,,,,,,,,,,,,,,,,,,,,,,,,,,,,,,,,,,,,,,,,,,,,,,,,,,,,,,,,,,,,,,,,,,,,
nanog1,4574,fell,1.72,1,38.3668,16.6993,0.958861,2.03953,92.1802,21.4549,6.8802,13.2956,0.504821,11.4711,9.08382,3.55664,7.04785,0.678412,,,,,,,,,,,,,,,,,,,,,,,,,,,,,,,,,,,,,,,,,,,,,,,,,,,,,,,,,,,,,,,,,,,,,,,,,,,,,,,,,,,,,,,,,,,,,,,,,,,,,,,,,,,,,,
nanog1,4575,fell,1.94,1,41.6911,14.0673,1.50275,3.05864,136.938,37.1422,16.9415,33.7829,23.158,18.2978,11.6355,4.37852,7.57463,7.77679,,,,,,,,,,,,,,,,,,,,,,,,,,,,,,,,,,,,,,,,,,,,,,,,,,,,,,,,,,,,,,,,,,,,,,,,,,,,,,,,,,,,,,,,,,,,,,,,,,,,,,,,,,,,,,
nanog1,4576,fell,1.7,1,14.5114,163.942,2.13052,3.06493,50.6966,27.8713,10.0672,49.5638,33.5418,9.74741,6.58291,2.67646,11.2656,4.80828,,,,,,,,,,,,,,,,,,,,,,,,,,,,,,,,,,,,,,,,,,,,,,,,,,,,,,,,,,,,,,,,,,,,,,,,,,,,,,,,,,,,,,,,,,,,,,,,,,,,,,,,,,,,,,
nanog1,4577,fell,1.2,1,141.98,40.67,2.96839,3.9877,70.3038,21.3121,10.4109,17.5157,3.65125,10.195,6.88274,2.64637,6.86507,3.42295,,,,,,,,,,,,,,,,,,,,,,,,,,,,,,,,,,,,,,,,,,,,,,,,,,,,,,,,,,,,,,,,,,,,,,,,,,,,,,,,,,,,,,,,,,,,,,,,,,,,,,,,,,,,,,
nanog1,4578,fell,1.36,1,87.5636,116.54,1.07551,3.08727,114.37,21.5872,15.4037,21.4895,1.36188,16.4162,11.2017,3.90979,8.80212,2.88858,,,,,,,,,,,,,,,,,,,,,,,,,,,,,,,,,,,,,,,,,,,,,,,,,,,,,,,,,,,,,,,,,,,,,,,,,,,,,,,,,,,,,,,,,,,,,,,,,,,,,,,,,,,,,,
nanog1,4579,fell,2.38,1,64.1435,88.7103,1.63816,3.72852,176.181,43.284,14.3332,8.30768,1.12499,21.6579,15.6941,4.61375,6.63495,1.14096,,,,,,,,,,,,,,,,,,,,,,,,,,,,,,,,,,,,,,,,,,,,,,,,,,,,,,,,,,,,,,,,,,,,,,,,,,,,,,,,,,,,,,,,,,,,,,,,,,,,,,,,,,,,,,
nanog1,4580,fell,2.32,1,33.9659,145.8,2.53135,3.92711,167.064,35.5888,24.1145,13.6603,0.866813,12.2239,11.2824,2.928,3.94577,0.650421,,,,,,,,,,,,,,,,,,,,,,,,,,,,,,,,,,,,,,,,,,,,,,,,,,,,,,,,,,,,,,,,,,,,,,,,,,,,,,,,,,,,,,,,,,,,,,,,,,,,,,,,,,,,,,
nanog1,4581,fell,4.56,1,115.364,25.3801,1.81917,3.6932,236.451,63.4287,22.5121,39.0411,30.976,21.807,17.6573,4.71815,8.95952,9.27413,,,,,,,,,,,,,,,,,,,,,,,,,,,,,,,,,,,,,,,,,,,,,,,,,,,,,,,,,,,,,,,,,,,,,,,,,,,,,,,,,,,,,,,,,,,,,,,,,,,,,,,,,,,,,,
nanog1,4582,fell,1.86,1,92.991,16.7389,1.94505,2.90416,136.864,50.5244,18.8803,22.589,143.49,14.8401,10.906,3.9093,7.01412,6.50927,,,,,,,,,,,,,,,,,,,,,,,,,,,,,,,,,,,,,,,,,,,,,,,,,,,,,,,,,,,,,,,,,,,,,,,,,,,,,,,,,,,,,,,,,,,,,,,,,,,,,,,,,,,,,,
nanog1,4583,fell,4.12,1,104.524,73.3461,0.783046,3.20411,196.687,56.3228,28.6595,18.4574,2.11657,21.1253,14.3094,4.96592,8.78482,3.42745,,,,,,,,,,,,,,,,,,,,,,,,,,,,,,,,,,,,,,,,,,,,,,,,,,,,,,,,,,,,,,,,,,,,,,,,,,,,,,,,,,,,,,,,,,,,,,,,,,,,,,,,,,,,,,
nanog1,4584,fell,2.16,1,91.3887,20.719,2.43487,3.99409,136.827,47.2605,20.4382,27.3442,1.12682,14.3708,11.2096,3.55782,7.41611,1.30277,,,,,,,,,,,,,,,,,,,,,,,,,,,,,,,,,,,,,,,,,,,,,,,,,,,,,,,,,,,,,,,,,,,,,,,,,,,,,,,,,,,,,,,,,,,,,,,,,,,,,,,,,,,,,,
nanog1,4585,fell,3.26,1,99.9678,1.09885,2.77861,3.82679,163.268,34.8559,19.984,16.3664,0.779271,18.1968,12.8642,3.62803,4.30195,0.984705,,,,,,,,,,,,,,,,,,,,,,,,,,,,,,,,,,,,,,,,,,,,,,,,,,,,,,,,,,,,,,,,,,,,,,,,,,,,,,,,,,,,,,,,,,,,,,,,,,,,,,,,,,,,,,
nanog1,4586,fell,1.1,1,91.5145,59.4734,1.25353,3.33353,87.3598,21.2004,10.8767,14.0781,6.63814,11.2015,7.5432,3.17704,6.86202,2.61366,,,,,,,,,,,,,,,,,,,,,,,,,,,,,,,,,,,,,,,,,,,,,,,,,,,,,,,,,,,,,,,,,,,,,,,,,,,,,,,,,,,,,,,,,,,,,,,,,,,,,,,,,,,,,,
nanog1,4587,fell,1.4,1,28.9188,62.9977,3.08675,4.09929,65.2643,26.6617,15.4873,5.14484,0.635705,6.01202,6.31303,1.50785,2.35535,0.710054,,,,,,,,,,,,,,,,,,,,,,,,,,,,,,,,,,,,,,,,,,,,,,,,,,,,,,,,,,,,,,,,,,,,,,,,,,,,,,,,,,,,,,,,,,,,,,,,,,,,,,,,,,,,,,
nanog1,4588,fell,1.78,1,109.831,72.742,2.21943,2.76383,89.0489,29.0265,10.3637,31.756,10.9996,11.0287,8.13754,2.97615,6.56295,6.14494,,,,,,,,,,,,,,,,,,,,,,,,,,,,,,,,,,,,,,,,,,,,,,,,,,,,,,,,,,,,,,,,,,,,,,,,,,,,,,,,,,,,,,,,,,,,,,,,,,,,,,,,,,,,,,
nanog1,4589,fell,1.98,1,102.748,7.45467,2.20947,4.30589,143.833,34.0259,9.74473,20.2247,19.7178,17.4671,9.88929,4.37164,9.34242,4.0746,,,,,,,,,,,,,,,,,,,,,,,,,,,,,,,,,,,,,,,,,,,,,,,,,,,,,,,,,,,,,,,,,,,,,,,,,,,,,,,,,,,,,,,,,,,,,,,,,,,,,,,,,,,,,,
nanog1,4590,fell,1.46,1,46.5083,2.5382,1.67065,3.74187,76.8156,31.5869,7.86334,13.6258,30.7699,11.087,7.70903,2.53818,5.02358,4.7516,,,,,,,,,,,,,,,,,,,,,,,,,,,,,,,,,,,,,,,,,,,,,,,,,,,,,,,,,,,,,,,,,,,,,,,,,,,,,,,,,,,,,,,,,,,,,,,,,,,,,,,,,,,,,,
nanog1,4591,fell,1.64,1,111.003,33.3111,1.9509,2.43107,137.686,27.7055,18.3506,31.6722,27.8174,14.5979,11.8912,3.86996,10.0453,7.90844,,,,,,,,,,,,,,,,,,,,,,,,,,,,,,,,,,,,,,,,,,,,,,,,,,,,,,,,,,,,,,,,,,,,,,,,,,,,,,,,,,,,,,,,,,,,,,,,,,,,,,,,,,,,,,
nanog1,4592,fell,2.46,1,89.2669,156.99,2.68779,3.51237,119.789,33.9137,25.1499,25.4901,24.359,12.1686,8.86742,3.45463,6.35552,4.85884,,,,,,,,,,,,,,,,,,,,,,,,,,,,,,,,,,,,,,,,,,,,,,,,,,,,,,,,,,,,,,,,,,,,,,,,,,,,,,,,,,,,,,,,,,,,,,,,,,,,,,,,,,,,,,
nanog1,4593,fell,4.28,1,72.4382,45.5158,2.74589,3.91384,244.89,68.0069,54.1666,32.2837,1.53688,20.9183,16.5446,5.03317,8.49919,1.38737,,,,,,,,,,,,,,,,,,,,,,,,,,,,,,,,,,,,,,,,,,,,,,,,,,,,,,,,,,,,,,,,,,,,,,,,,,,,,,,,,,,,,,,,,,,,,,,,,,,,,,,,,,,,,,
nanog1,4594,fell,2.8,1,48.6368,41.4247,2.02918,3.92901,148.892,50.418,16.3624,19.6111,4.09646,19.0011,13.7421,4.72344,8.3379,4.48937,,,,,,,,,,,,,,,,,,,,,,,,,,,,,,,,,,,,,,,,,,,,,,,,,,,,,,,,,,,,,,,,,,,,,,,,,,,,,,,,,,,,,,,,,,,,,,,,,,,,,,,,,,,,,,
nanog1,4595,fell,4.56,1,30.3297,4.95662,0.559867,2.90253,228.174,74.0677,42.8514,27.352,2.4316,20.6589,16.4176,5.47939,10.6443,2.14173,,,,,,,,,,,,,,,,,,,,,,,,,,,,,,,,,,,,,,,,,,,,,,,,,,,,,,,,,,,,,,,,,,,,,,,,,,,,,,,,,,,,,,,,,,,,,,,,,,,,,,,,,,,,,,
nanog1,4596,fell,1.74,1,62.5294,29.2009,1.87399,2.24856,88.3589,36.7365,14.8174,23.3194,3.04272,9.98145,7.97168,2.81996,7.8914,3.43459,,,,,,,,,,,,,,,,,,,,,,,,,,,,,,,,,,,,,,,,,,,,,,,,,,,,,,,,,,,,,,,,,,,,,,,,,,,,,,,,,,,,,,,,,,,,,,,,,,,,,,,,,,,,,,
nanog1,4597,fell,2.9,1,75.0713,43.3157,2.84261,3.9143,183.543,34.6652,15.3594,9.73577,0.891823,18.3703,13.0184,4.25954,5.60622,1.36502,,,,,,,,,,,,,,,,,,,,,,,,,,,,,,,,,,,,,,,,,,,,,,,,,,,,,,,,,,,,,,,,,,,,,,,,,,,,,,,,,,,,,,,,,,,,,,,,,,,,,,,,,,,,,,
nanog1,4598,fell,1.56,1,17.4658,176.485,2.02768,3.73412,103.671,26.8607,8.04571,6.51403,0.53605,11.8446,8.91435,3.39009,4.26498,0.766148,,,,,,,,,,,,,,,,,,,,,,,,,,,,,,,,,,,,,,,,,,,,,,,,,,,,,,,,,,,,,,,,,,,,,,,,,,,,,,,,,,,,,,,,,,,,,,,,,,,,,,,,,,,,,,
nanog1,4599,fell,4.64,1,54.3768,48.0291,2.72265,3.96196,252.741,64.134,38.6463,22.5588,1.0543,20.6244,14.7251,5.65791,8.45208,1.73903,,,,,,,,,,,,,,,,,,,,,,,,,,,,,,,,,,,,,,,,,,,,,,,,,,,,,,,,,,,,,,,,,,,,,,,,,,,,,,,,,,,,,,,,,,,,,,,,,,,,,,,,,,,,,,
nanog1,4600,fell,1.32,1,46.4867,164.858,1.66925,3.28221,119.147,24.2339,27.2826,32.8438,0.703035,14.3556,10.6498,3.50034,8.69029,1.30266,,,,,,,,,,,,,,,,,,,,,,,,,,,,,,,,,,,,,,,,,,,,,,,,,,,,,,,,,,,,,,,,,,,,,,,,,,,,,,,,,,,,,,,,,,,,,,,,,,,,,,,,,,,,,,
nanog1,4601,fell,1.84,1,129.611,106.161,1.42463,3.78595,180.294,39.3067,11.8029,30.2993,1.2057,20.8191,12.2652,5.03445,8.57403,3.0543,,,,,,,,,,,,,,,,,,,,,,,,,,,,,,,,,,,,,,,,,,,,,,,,,,,,,,,,,,,,,,,,,,,,,,,,,,,,,,,,,,,,,,,,,,,,,,,,,,,,,,,,,,,,,,
nanog1,4602,fell,1.18,1,112.807,42.1816,2.86091,3.98984,67.271,16.8913,25.6865,36.7421,1.05023,8.65026,5.85847,2.45962,4.3198,1.02524,,,,,,,,,,,,,,,,,,,,,,,,,,,,,,,,,,,,,,,,,,,,,,,,,,,,,,,,,,,,,,,,,,,,,,,,,,,,,,,,,,,,,,,,,,,,,,,,,,,,,,,,,,,,,,
nanog1,4603,fell,2.12,1,82.4917,11.4536,2.4665,3.1685,89.3885,28.1157,10.2104,21.597,5.94932,14.768,9.69753,4.20447,6.4269,4.53225,,,,,,,,,,,,,,,,,,,,,,,,,,,,,,,,,,,,,,,,,,,,,,,,,,,,,,,,,,,,,,,,,,,,,,,,,,,,,,,,,,,,,,,,,,,,,,,,,,,,,,,,,,,,,,
nanog1,4604,fell,2.08,1,29.2704,15.1702,1.99248,3.94136,99.1216,37.0821,13.6138,30.4836,3.28571,13.9547,10.2716,3.23593,7.87116,3.41174,,,,,,,,,,,,,,,,,,,,,,,,,,,,,,,,,,,,,,,,,,,,,,,,,,,,,,,,,,,,,,,,,,,,,,,,,,,,,,,,,,,,,,,,,,,,,,,,,,,,,,,,,,,,,,
nanog1,4605,fell,2.66,1,32.9979,11.011,2.03686,3.67007,127.735,49.6145,8.78275,27.6693,5.54215,14.6128,9.64902,3.03688,8.90221,3.41172,,,,,,,,,,,,,,,,,,,,,,,,,,,,,,,,,,,,,,,,,,,,,,,,,,,,,,,,,,,,,,,,,,,,,,,,,,,,,,,,,,,,,,,,,,,,,,,,,,,,,,,,,,,,,,
nanog1,4606,fell,1.5,1,81.3474,27.617,1.16995,3.45051,86.9177,24.8695,7.68601,8.97716,0.749211,11.2278,6.07183,2.55847,5.77534,0.709192,,,,,,,,,,,,,,,,,,,,,,,,,,,,,,,,,,,,,,,,,,,,,,,,,,,,,,,,,,,,,,,,,,,,,,,,,,,,,,,,,,,,,,,,,,,,,,,,,,,,,,,,,,,,,,
nanog1,4607,fell,2.1,1,45.8208,10.7932,2.23981,4.00896,97.6327,38.2586,17.4919,14.4679,7.87077,14.3353,8.7979,3.58901,7.59152,4.31365,,,,,,,,,,,,,,,,,,,,,,,,,,,,,,,,,,,,,,,,,,,,,,,,,,,,,,,,,,,,,,,,,,,,,,,,,,,,,,,,,,,,,,,,,,,,,,,,,,,,,,,,,,,,,,
nanog1,4608,fell,1.96,1,34.5138,119.704,0.777925,3.24799,184.883,41.5713,16.2987,11.3924,0.628211,23.7937,14.7952,4.54242,6.56595,0.96396,,,,,,,,,,,,,,,,,,,,,,,,,,,,,,,,,,,,,,,,,,,,,,,,,,,,,,,,,,,,,,,,,,,,,,,,,,,,,,,,,,,,,,,,,,,,,,,,,,,,,,,,,,,,,,
nanog1,4609,fell,2.7,1,113.087,88.5875,2.83887,4.11473,182.263,40.6327,16.7745,6.90502,0.529008,20.2176,14.8471,4.59344,5.81772,1.29937,,,,,,,,,,,,,,,,,,,,,,,,,,,,,,,,,,,,,,,,,,,,,,,,,,,,,,,,,,,,,,,,,,,,,,,,,,,,,,,,,,,,,,,,,,,,,,,,,,,,,,,,,,,,,,
nanog1,4610,fell,1.4,1,59.7193,32.8247,0.874275,3.09674,45.92,26.0916,12.7946,9.02961,1.0514,7.5662,5.4985,2.85144,6.32969,1.62585,,,,,,,,,,,,,,,,,,,,,,,,,,,,,,,,,,,,,,,,,,,,,,,,,,,,,,,,,,,,,,,,,,,,,,,,,,,,,,,,,,,,,,,,,,,,,,,,,,,,,,,,,,,,,,
nanog1,4611,fell,2.66,1,89.8122,114.007,2.41333,3.87714,185.792,60.6637,32.3537,21.8926,6.77468,21.8751,14.1796,4.71293,8.82182,2.14207,,,,,,,,,,,,,,,,,,,,,,,,,,,,,,,,,,,,,,,,,,,,,,,,,,,,,,,,,,,,,,,,,,,,,,,,,,,,,,,,,,,,,,,,,,,,,,,,,,,,,,,,,,,,,,
nanog1,4612,fell,2.16,1,129.848,85.7873,2.91368,4.02153,134.342,35.0612,26.2877,15.0276,1.30093,13.8224,10.8269,2.86045,4.85721,1.98608,,,,,,,,,,,,,,,,,,,,,,,,,,,,,,,,,,,,,,,,,,,,,,,,,,,,,,,,,,,,,,,,,,,,,,,,,,,,,,,,,,,,,,,,,,,,,,,,,,,,,,,,,,,,,,
nanog1,4613,fell,1.98,1,88.3181,65.311,0.843399,3.13118,123.297,31.8032,11.9917,10.8675,0.851917,14.2402,9.77174,3.72668,4.94509,0.665261,,,,,,,,,,,,,,,,,,,,,,,,,,,,,,,,,,,,,,,,,,,,,,,,,,,,,,,,,,,,,,,,,,,,,,,,,,,,,,,,,,,,,,,,,,,,,,,,,,,,,,,,,,,,,,
nanog1,4614,fell,1.94,1,76.0488,9.85585,2.29907,3.54105,114.097,45.5721,20.3614,26.9321,59.5793,13.4031,12.1161,3.25168,7.84646,5.9808,,,,,,,,,,,,,,,,,,,,,,,,,,,,,,,,,,,,,,,,,,,,,,,,,,,,,,,,,,,,,,,,,,,,,,,,,,,,,,,,,,,,,,,,,,,,,,,,,,,,,,,,,,,,,,
nanog1,4615,fell,2.84,1,121.533,85.9365,3.02462,4.05827,156.926,40.1777,24.1524,14.1363,1.10056,15.3151,11.9745,3.59468,4.9463,0.76933,,,,,,,,,,,,,,,,,,,,,,,,,,,,,,,,,,,,,,,,,,,,,,,,,,,,,,,,,,,,,,,,,,,,,,,,,,,,,,,,,,,,,,,,,,,,,,,,,,,,,,,,,,,,,,
nanog1,4616,fell,2.48,1,56.5358,17.0531,0.855146,3.31937,164.187,54.9445,13.9687,10.2813,0.872942,17.6903,15.2704,3.73185,5.86733,1.86184,,,,,,,,,,,,,,,,,,,,,,,,,,,,,,,,,,,,,,,,,,,,,,,,,,,,,,,,,,,,,,,,,,,,,,,,,,,,,,,,,,,,,,,,,,,,,,,,,,,,,,,,,,,,,,
nanog1,4617,fell,1.88,1,62.6267,55.4688,1.42839,3.0866,97.9915,38.9743,14.4524,11.197,2.46999,11.3574,9.48536,2.48179,4.7885,1.10763,,,,,,,,,,,,,,,,,,,,,,,,,,,,,,,,,,,,,,,,,,,,,,,,,,,,,,,,,,,,,,,,,,,,,,,,,,,,,,,,,,,,,,,,,,,,,,,,,,,,,,,,,,,,,,
nanog1,4618,fell,1.66,1,88.1257,17.7424,2.43397,3.78066,98.8275,26.2592,12.4092,9.24085,8.61415,11.9755,8.06028,3.17302,7.51416,4.54167,,,,,,,,,,,,,,,,,,,,,,,,,,,,,,,,,,,,,,,,,,,,,,,,,,,,,,,,,,,,,,,,,,,,,,,,,,,,,,,,,,,,,,,,,,,,,,,,,,,,,,,,,,,,,,
nanog1,4619,fell,2.12,1,75.6467,88.0253,1.65678,3.52532,166.604,42.9246,14.5468,17.7601,49.7276,18.0362,11.741,4.29054,7.90002,4.9341,,,,,,,,,,,,,,,,,,,,,,,,,,,,,,,,,,,,,,,,,,,,,,,,,,,,,,,,,,,,,,,,,,,,,,,,,,,,,,,,,,,,,,,,,,,,,,,,,,,,,,,,,,,,,,
nanog1,4620,fell,1.48,1,7.42283,41.2772,1.71026,3.36399,56.1524,30.1161,7.55199,53.64,29.2682,11.4854,7.46183,2.95653,12.2236,3.37164,,,,,,,,,,,,,,,,,,,,,,,,,,,,,,,,,,,,,,,,,,,,,,,,,,,,,,,,,,,,,,,,,,,,,,,,,,,,,,,,,,,,,,,,,,,,,,,,,,,,,,,,,,,,,,
nanog1,4621,fell,1.18,1,86.5884,140.347,0.957153,3.33599,81.0751,30.6274,11.2171,9.2469,0.583445,9.97292,7.25451,2.93654,4.4597,0.861737,,,,,,,,,,,,,,,,,,,,,,,,,,,,,,,,,,,,,,,,,,,,,,,,,,,,,,,,,,,,,,,,,,,,,,,,,,,,,,,,,,,,,,,,,,,,,,,,,,,,,,,,,,,,,,
nanog1,4622,fell,2,1,49.2861,30.297,2.25408,4.16035,128.529,36.7506,12.4519,12.8121,23.2836,14.84,10.1512,3.26623,5.32949,2.96235,,,,,,,,,,,,,,,,,,,,,,,,,,,,,,,,,,,,,,,,,,,,,,,,,,,,,,,,,,,,,,,,,,,,,,,,,,,,,,,,,,,,,,,,,,,,,,,,,,,,,,,,,,,,,,
nanog1,4623,fell,2.2,1,79.8961,34.5015,1.3555,2.90735,208.936,64.5764,17.0744,37.658,24.9148,26.1833,17.0481,5.42689,10.0098,6.49431,,,,,,,,,,,,,,,,,,,,,,,,,,,,,,,,,,,,,,,,,,,,,,,,,,,,,,,,,,,,,,,,,,,,,,,,,,,,,,,,,,,,,,,,,,,,,,,,,,,,,,,,,,,,,,
nanog1,4624,fell,2.6,1,57.1757,2.61905,0.909393,1.62892,151.233,45.9468,22.3211,27.958,2.66402,19.9362,14.161,4.70194,10.4845,3.45326,,,,,,,,,,,,,,,,,,,,,,,,,,,,,,,,,,,,,,,,,,,,,,,,,,,,,,,,,,,,,,,,,,,,,,,,,,,,,,,,,,,,,,,,,,,,,,,,,,,,,,,,,,,,,,
nanog1,4625,fell,1.84,1,66.4795,76.1097,1.38513,2.94828,120.766,32.1351,16.3683,17.8572,0.725271,11.0698,8.18862,2.77054,5.75881,0.720417,,,,,,,,,,,,,,,,,,,,,,,,,,,,,,,,,,,,,,,,,,,,,,,,,,,,,,,,,,,,,,,,,,,,,,,,,,,,,,,,,,,,,,,,,,,,,,,,,,,,,,,,,,,,,,
nanog1,4626,fell,2.36,1,111.511,56.21,2.07234,3.48064,88.2971,46.2802,12.2765,25.8193,5.95781,10.4073,8.56354,2.2898,5.73135,1.94227,,,,,,,,,,,,,,,,,,,,,,,,,,,,,,,,,,,,,,,,,,,,,,,,,,,,,,,,,,,,,,,,,,,,,,,,,,,,,,,,,,,,,,,,,,,,,,,,,,,,,,,,,,,,,,
nanog1,4627,fell,2.02,1,213.326,176.389,2.89895,3.9196,106.508,32.5697,27.207,20.474,0.894712,10.756,8.84229,2.83714,6.01362,1.28584,,,,,,,,,,,,,,,,,,,,,,,,,,,,,,,,,,,,,,,,,,,,,,,,,,,,,,,,,,,,,,,,,,,,,,,,,,,,,,,,,,,,,,,,,,,,,,,,,,,,,,,,,,,,,,
nanog1,4628,fell,2.58,1,140.434,31.3434,2.80611,3.79357,130.666,35.6103,29.4096,15.4385,0.894497,12.9894,10.9534,3.03003,4.72569,0.936235,,,,,,,,,,,,,,,,,,,,,,,,,,,,,,,,,,,,,,,,,,,,,,,,,,,,,,,,,,,,,,,,,,,,,,,,,,,,,,,,,,,,,,,,,,,,,,,,,,,,,,,,,,,,,,
nanog1,4629,fell,1.92,1,172.903,96.2329,2.29151,3.67943,94.5983,41.0368,10.0001,21.5199,6.57032,9.53251,8.61321,2.27147,5.46924,1.46984,,,,,,,,,,,,,,,,,,,,,,,,,,,,,,,,,,,,,,,,,,,,,,,,,,,,,,,,,,,,,,,,,,,,,,,,,,,,,,,,,,,,,,,,,,,,,,,,,,,,,,,,,,,,,,
nanog1,4630,fell,1.76,1,81.5496,26.5406,3.01042,4.0792,99.8848,29.0704,11.9475,6.14913,0.57892,9.5159,8.08019,2.337,2.88099,0.436069,,,,,,,,,,,,,,,,,,,,,,,,,,,,,,,,,,,,,,,,,,,,,,,,,,,,,,,,,,,,,,,,,,,,,,,,,,,,,,,,,,,,,,,,,,,,,,,,,,,,,,,,,,,,,,
nanog1,4631,fell,3.04,1,92.1912,61.2572,0.579167,3.02249,191.806,42.3548,24.8975,15.8171,0.910382,16.3177,12.8211,4.16923,5.46508,0.93902,,,,,,,,,,,,,,,,,,,,,,,,,,,,,,,,,,,,,,,,,,,,,,,,,,,,,,,,,,,,,,,,,,,,,,,,,,,,,,,,,,,,,,,,,,,,,,,,,,,,,,,,,,,,,,
nanog1,4632,fell,2.12,1,37.4743,53.1423,2.25374,3.42288,113.445,30.4726,17.3339,25.2209,47.0715,12.0359,8.33944,2.78457,6.31753,6.45444,,,,,,,,,,,,,,,,,,,,,,,,,,,,,,,,,,,,,,,,,,,,,,,,,,,,,,,,,,,,,,,,,,,,,,,,,,,,,,,,,,,,,,,,,,,,,,,,,,,,,,,,,,,,,,
nanog1,4633,fell,1.86,1,94.9895,50.597,2.08969,3.74836,135.307,49.8351,6.07802,12.7647,31.7224,12.676,8.92262,3.04753,6.67174,3.74418,,,,,,,,,,,,,,,,,,,,,,,,,,,,,,,,,,,,,,,,,,,,,,,,,,,,,,,,,,,,,,,,,,,,,,,,,,,,,,,,,,,,,,,,,,,,,,,,,,,,,,,,,,,,,,
nanog1,4634,fell,1.36,1,81.1563,84.5577,1.4726,3.40176,150.654,31.5442,21.5203,17.3161,4.41524,17.4796,9.51012,3.96387,6.2903,2.68907,,,,,,,,,,,,,,,,,,,,,,,,,,,,,,,,,,,,,,,,,,,,,,,,,,,,,,,,,,,,,,,,,,,,,,,,,,,,,,,,,,,,,,,,,,,,,,,,,,,,,,,,,,,,,,
nanog1,4635,fell,1.7,1,72.582,73.3899,0.766535,2.50343,71.9597,36.4131,7.69402,40.7113,6.83115,10.1086,7.43994,2.3704,6.84497,6.0232,,,,,,,,,,,,,,,,,,,,,,,,,,,,,,,,,,,,,,,,,,,,,,,,,,,,,,,,,,,,,,,,,,,,,,,,,,,,,,,,,,,,,,,,,,,,,,,,,,,,,,,,,,,,,,
nanog1,4636,fell,1.56,1,89.7965,59.3427,2.9969,4.18934,90.7908,38.252,7.45425,4.53489,0.593651,9.24451,7.68084,2.08707,2.7457,0.458489,,,,,,,,,,,,,,,,,,,,,,,,,,,,,,,,,,,,,,,,,,,,,,,,,,,,,,,,,,,,,,,,,,,,,,,,,,,,,,,,,,,,,,,,,,,,,,,,,,,,,,,,,,,,,,
nanog1,4637,fell,1.92,1,45.0935,20.8925,1.0734,3.3308,102.715,31.7019,12.0823,12.9525,0.34858,11.4929,9.661,3.26783,5.53284,0.648286,,,,,,,,,,,,,,,,,,,,,,,,,,,,,,,,,,,,,,,,,,,,,,,,,,,,,,,,,,,,,,,,,,,,,,,,,,,,,,,,,,,,,,,,,,,,,,,,,,,,,,,,,,,,,,
nanog1,4638,fell,1.34,1,78.7054,179.467,2.14978,3.68828,33.1282,28.9997,12.0245,10.5038,34.143,5.98262,6.30893,2.39902,5.36706,3.00822,,,,,,,,,,,,,,,,,,,,,,,,,,,,,,,,,,,,,,,,,,,,,,,,,,,,,,,,,,,,,,,,,,,,,,,,,,,,,,,,,,,,,,,,,,,,,,,,,,,,,,,,,,,,,,
nanog1,4639,fell,1.76,1,72.8076,64.8133,1.30731,3.51149,119.173,38.9881,13.2181,9.02249,0.628502,14.3201,11.6152,3.9713,5.11725,0.610068,,,,,,,,,,,,,,,,,,,,,,,,,,,,,,,,,,,,,,,,,,,,,,,,,,,,,,,,,,,,,,,,,,,,,,,,,,,,,,,,,,,,,,,,,,,,,,,,,,,,,,,,,,,,,,
nanog1,4640,fell,3.2,1,73.3426,5.45082,1.05393,3.03022,196.149,55.5257,23.9154,26.8902,1.789,18.1389,15.4155,3.99518,8.28065,1.84509,,,,,,,,,,,,,,,,,,,,,,,,,,,,,,,,,,,,,,,,,,,,,,,,,,,,,,,,,,,,,,,,,,,,,,,,,,,,,,,,,,,,,,,,,,,,,,,,,,,,,,,,,,,,,,
nanog1,4641,fell,1.52,1,74.5359,143.801,2.01412,3.62086,118.729,34.7732,19.298,8.41173,0.328181,14.1792,12.049,3.61895,5.60631,0.860653,,,,,,,,,,,,,,,,,,,,,,,,,,,,,,,,,,,,,,,,,,,,,,,,,,,,,,,,,,,,,,,,,,,,,,,,,,,,,,,,,,,,,,,,,,,,,,,,,,,,,,,,,,,,,,
nanog1,4642,fell,1.64,1,56.2966,45.5083,1.09179,3.25081,100.392,39.9788,12.0826,10.3431,1.88201,11.3969,9.47339,2.45364,4.80478,2.66029,,,,,,,,,,,,,,,,,,,,,,,,,,,,,,,,,,,,,,,,,,,,,,,,,,,,,,,,,,,,,,,,,,,,,,,,,,,,,,,,,,,,,,,,,,,,,,,,,,,,,,,,,,,,,,
nanog1,4643,fell,3.2,1,80.326,66.5769,2.02403,3.39141,156.81,35.4851,21.935,14.8725,1.2097,16.729,11.7688,3.9543,6.30356,1.33366,,,,,,,,,,,,,,,,,,,,,,,,,,,,,,,,,,,,,,,,,,,,,,,,,,,,,,,,,,,,,,,,,,,,,,,,,,,,,,,,,,,,,,,,,,,,,,,,,,,,,,,,,,,,,,
nanog1,4644,fell,1.28,1,53.7367,179.534,3.06778,4.24858,115.315,36.2641,12.2956,32.9322,1.58984,14.4495,10.0064,3.4365,7.96955,2.26766,,,,,,,,,,,,,,,,,,,,,,,,,,,,,,,,,,,,,,,,,,,,,,,,,,,,,,,,,,,,,,,,,,,,,,,,,,,,,,,,,,,,,,,,,,,,,,,,,,,,,,,,,,,,,,
nanog1,4645,fell,1.54,1,67.866,164.911,3.09054,4.08911,88.7372,37.6198,15.6583,12.8983,0.522725,9.53674,8.75789,2.63474,4.63222,0.910432,,,,,,,,,,,,,,,,,,,,,,,,,,,,,,,,,,,,,,,,,,,,,,,,,,,,,,,,,,,,,,,,,,,,,,,,,,,,,,,,,,,,,,,,,,,,,,,,,,,,,,,,,,,,,,
nanog1,4646,fell,1.16,1,98.7069,22.9258,2.8627,4.29255,74.6281,24.1832,19.992,26.6648,1.78291,9.02217,8.66914,2.6243,5.87483,2.27587,,,,,,,,,,,,,,,,,,,,,,,,,,,,,,,,,,,,,,,,,,,,,,,,,,,,,,,,,,,,,,,,,,,,,,,,,,,,,,,,,,,,,,,,,,,,,,,,,,,,,,,,,,,,,,
nanog1,4647,fell,4.62,1,41.5495,48.1344,1.41923,3.32526,191.264,67.942,40.0039,31.1085,4.91056,17.1966,12.4343,4.3566,8.73939,2.81238,,,,,,,,,,,,,,,,,,,,,,,,,,,,,,,,,,,,,,,,,,,,,,,,,,,,,,,,,,,,,,,,,,,,,,,,,,,,,,,,,,,,,,,,,,,,,,,,,,,,,,,,,,,,,,
nanog1,4648,fell,1.22,1,95.0819,58.5355,1.0501,3.27242,63.8461,19.2695,24.8995,7.17306,0.22097,9.09323,6.3594,2.9288,5.20119,0.981902,,,,,,,,,,,,,,,,,,,,,,,,,,,,,,,,,,,,,,,,,,,,,,,,,,,,,,,,,,,,,,,,,,,,,,,,,,,,,,,,,,,,,,,,,,,,,,,,,,,,,,,,,,,,,,
nanog1,4649,fell,1.38,1,99.8421,17.8702,1.33131,3.44488,91.567,31.5794,11.7663,10.6411,4.04501,10.8594,8.50423,3.57715,5.18653,3.60622,,,,,,,,,,,,,,,,,,,,,,,,,,,,,,,,,,,,,,,,,,,,,,,,,,,,,,,,,,,,,,,,,,,,,,,,,,,,,,,,,,,,,,,,,,,,,,,,,,,,,,,,,,,,,,
nanog1,4650,fell,1.02,1,76.6281,121.097,1.92917,3.04343,76.1964,13.4971,14.8089,17.3337,0.628454,8.99729,7.05694,2.33496,7.18167,1.82007,,,,,,,,,,,,,,,,,,,,,,,,,,,,,,,,,,,,,,,,,,,,,,,,,,,,,,,,,,,,,,,,,,,,,,,,,,,,,,,,,,,,,,,,,,,,,,,,,,,,,,,,,,,,,,
nanog1,4651,fell,2.82,1,72.2432,21.6101,1.31683,3.44373,167.777,47.8207,21.2537,23.289,41.3874,18.4383,12.0119,4.36114,9.78162,6.58708,,,,,,,,,,,,,,,,,,,,,,,,,,,,,,,,,,,,,,,,,,,,,,,,,,,,,,,,,,,,,,,,,,,,,,,,,,,,,,,,,,,,,,,,,,,,,,,,,,,,,,,,,,,,,,
nanog1,4652,fell,1.04,1,7.59832,44.4654,2.1271,3.4348,40.7582,21.2836,12.7148,28.9956,114.795,7.00819,5.26775,2.56917,8.94726,5.99392,,,,,,,,,,,,,,,,,,,,,,,,,,,,,,,,,,,,,,,,,,,,,,,,,,,,,,,,,,,,,,,,,,,,,,,,,,,,,,,,,,,,,,,,,,,,,,,,,,,,,,,,,,,,,,
nanog1,4653,fell,1.28,1,64.2044,155.526,2.59952,3.93238,49.9853,29.5548,16.2966,30.5861,7.05574,9.31233,6.0746,1.8803,6.11338,2.27973,,,,,,,,,,,,,,,,,,,,,,,,,,,,,,,,,,,,,,,,,,,,,,,,,,,,,,,,,,,,,,,,,,,,,,,,,,,,,,,,,,,,,,,,,,,,,,,,,,,,,,,,,,,,,,
nanog1,4654,fell,1.84,1,76.5085,50.1814,1.41425,2.89171,102.304,36.4972,13.1023,15.923,4.01604,12.2655,9.19003,3.12805,5.72998,1.40422,,,,,,,,,,,,,,,,,,,,,,,,,,,,,,,,,,,,,,,,,,,,,,,,,,,,,,,,,,,,,,,,,,,,,,,,,,,,,,,,,,,,,,,,,,,,,,,,,,,,,,,,,,,,,,
nanog1,4655,fell,1.76,1,30.1749,106.432,2.39144,3.87972,118.868,31.0593,16.2266,9.05499,0.462335,10.2292,9.08999,3.11922,5.18797,0.727887,,,,,,,,,,,,,,,,,,,,,,,,,,,,,,,,,,,,,,,,,,,,,,,,,,,,,,,,,,,,,,,,,,,,,,,,,,,,,,,,,,,,,,,,,,,,,,,,,,,,,,,,,,,,,,
nanog1,4656,fell,1.82,1,3.39529,12.7257,2.30026,4.02187,97.6036,42.4133,9.06857,9.03992,15.6863,13.1207,9.04417,2.80023,5.1089,2.68386,,,,,,,,,,,,,,,,,,,,,,,,,,,,,,,,,,,,,,,,,,,,,,,,,,,,,,,,,,,,,,,,,,,,,,,,,,,,,,,,,,,,,,,,,,,,,,,,,,,,,,,,,,,,,,
nanog1,4657,fell,1.42,1,87.5634,13.9298,1.09369,2.54894,126.383,36.9849,26.7729,17.6164,1.19292,14.1271,9.03046,3.76974,7.96045,1.50733,,,,,,,,,,,,,,,,,,,,,,,,,,,,,,,,,,,,,,,,,,,,,,,,,,,,,,,,,,,,,,,,,,,,,,,,,,,,,,,,,,,,,,,,,,,,,,,,,,,,,,,,,,,,,,
nanog1,4658,fell,1.52,1,80.0948,141.059,1.86549,4.01248,52.6894,27.0452,12.1149,17.7683,29.5662,8.9536,7.10779,2.59682,7.38126,2.83967,,,,,,,,,,,,,,,,,,,,,,,,,,,,,,,,,,,,,,,,,,,,,,,,,,,,,,,,,,,,,,,,,,,,,,,,,,,,,,,,,,,,,,,,,,,,,,,,,,,,,,,,,,,,,,
nanog1,4659,fell,2.14,1,57.4256,168.56,2.85482,4.18264,128.85,46.6474,10.4487,5.97698,0.585099,14.3166,12.0934,3.88171,4.95737,0.738059,,,,,,,,,,,,,,,,,,,,,,,,,,,,,,,,,,,,,,,,,,,,,,,,,,,,,,,,,,,,,,,,,,,,,,,,,,,,,,,,,,,,,,,,,,,,,,,,,,,,,,,,,,,,,,
nanog1,4660,fell,1.96,1,104.509,119.105,1.95836,3.591,93.888,35.3737,8.08291,29.4118,69.8466,11.0375,8.14943,2.78434,9.87873,9.96895,,,,,,,,,,,,,,,,,,,,,,,,,,,,,,,,,,,,,,,,,,,,,,,,,,,,,,,,,,,,,,,,,,,,,,,,,,,,,,,,,,,,,,,,,,,,,,,,,,,,,,,,,,,,,,
nanog1,4661,fell,2.96,1,64.3695,68.505,1.09887,2.59409,194.95,40.5284,35.8888,31.49,1.6656,17.9655,13.345,5.04903,11.2059,2.48489,,,,,,,,,,,,,,,,,,,,,,,,,,,,,,,,,,,,,,,,,,,,,,,,,,,,,,,,,,,,,,,,,,,,,,,,,,,,,,,,,,,,,,,,,,,,,,,,,,,,,,,,,,,,,,
nanog1,4662,fell,3.02,1,103.657,69.1686,2.2175,3.88817,162.771,47.9352,21.1762,22.2441,10.0579,18.1083,12.5248,3.98194,7.57673,2.83336,,,,,,,,,,,,,,,,,,,,,,,,,,,,,,,,,,,,,,,,,,,,,,,,,,,,,,,,,,,,,,,,,,,,,,,,,,,,,,,,,,,,,,,,,,,,,,,,,,,,,,,,,,,,,,
nanog1,4663,fell,2.68,1,120.616,50.509,1.99135,3.74447,137.036,45.0692,25.6582,16.4674,0.724652,13.2142,8.92704,3.45984,5.66538,0.877104,,,,,,,,,,,,,,,,,,,,,,,,,,,,,,,,,,,,,,,,,,,,,,,,,,,,,,,,,,,,,,,,,,,,,,,,,,,,,,,,,,,,,,,,,,,,,,,,,,,,,,,,,,,,,,
nanog1,4664,fell,3.6,1,125.704,24.3705,0.692166,2.96119,247.545,72.1712,24.6201,14.8593,0.832727,22.6764,18.058,5.94729,8.02305,1.89918,,,,,,,,,,,,,,,,,,,,,,,,,,,,,,,,,,,,,,,,,,,,,,,,,,,,,,,,,,,,,,,,,,,,,,,,,,,,,,,,,,,,,,,,,,,,,,,,,,,,,,,,,,,,,,
nanog1,4665,fell,2.28,1,72.2149,7.91567,1.67733,3.68942,134.173,52.6384,11.5391,14.2394,8.7047,13.3344,9.84605,2.99361,7.18604,3.35914,,,,,,,,,,,,,,,,,,,,,,,,,,,,,,,,,,,,,,,,,,,,,,,,,,,,,,,,,,,,,,,,,,,,,,,,,,,,,,,,,,,,,,,,,,,,,,,,,,,,,,,,,,,,,,
nanog1,4666,fell,1.62,1,81.2362,25.5997,2.90806,3.96326,56.6369,24.5257,9.01572,10.1402,0.359633,5.58881,5.43318,1.56618,3.27613,0.632404,,,,,,,,,,,,,,,,,,,,,,,,,,,,,,,,,,,,,,,,,,,,,,,,,,,,,,,,,,,,,,,,,,,,,,,,,,,,,,,,,,,,,,,,,,,,,,,,,,,,,,,,,,,,,,
nanog1,4667,fell,3.4,1,100.82,55.9827,2.88668,4.41301,267.228,77.6906,25.2425,10.5597,0.610597,26.4658,22.9085,5.73179,7.12055,0.985875,,,,,,,,,,,,,,,,,,,,,,,,,,,,,,,,,,,,,,,,,,,,,,,,,,,,,,,,,,,,,,,,,,,,,,,,,,,,,,,,,,,,,,,,,,,,,,,,,,,,,,,,,,,,,,
nanog1,4668,fell,2.14,1,10.5538,34.7762,0.938009,3.21348,154.464,37.1624,22.2922,21.2631,2.81233,18.3775,10.9866,3.48984,7.67697,2.74676,,,,,,,,,,,,,,,,,,,,,,,,,,,,,,,,,,,,,,,,,,,,,,,,,,,,,,,,,,,,,,,,,,,,,,,,,,,,,,,,,,,,,,,,,,,,,,,,,,,,,,,,,,,,,,
nanog1,4669,fell,3.36,1,108.667,72.2501,2.93034,4.09151,258.374,60.7156,34.6006,11.2527,0.598556,23.5108,16.9159,5.19956,6.98224,1.24794,,,,,,,,,,,,,,,,,,,,,,,,,,,,,,,,,,,,,,,,,,,,,,,,,,,,,,,,,,,,,,,,,,,,,,,,,,,,,,,,,,,,,,,,,,,,,,,,,,,,,,,,,,,,,,
nanog1,4670,fell,1.1,1,57.1494,146.119,1.89879,3.54098,103.831,20.3711,19.2538,14.0408,0.643422,9.6734,7.68998,2.61621,6.38248,1.65914,,,,,,,,,,,,,,,,,,,,,,,,,,,,,,,,,,,,,,,,,,,,,,,,,,,,,,,,,,,,,,,,,,,,,,,,,,,,,,,,,,,,,,,,,,,,,,,,,,,,,,,,,,,,,,
nanog1,4671,fell,3.36,1,56.4498,24.1251,2.21059,3.41553,163.053,50.6357,23.0026,32.1213,102.93,16.5245,12.4567,4.69442,10.6041,6.3069,,,,,,,,,,,,,,,,,,,,,,,,,,,,,,,,,,,,,,,,,,,,,,,,,,,,,,,,,,,,,,,,,,,,,,,,,,,,,,,,,,,,,,,,,,,,,,,,,,,,,,,,,,,,,,
nanog1,4672,fell,2,1,74.0224,103.362,1.75713,2.5949,186.97,34.2391,32.2559,39.9286,1.36929,22.4561,15.3634,5.35223,13.2918,3.15395,,,,,,,,,,,,,,,,,,,,,,,,,,,,,,,,,,,,,,,,,,,,,,,,,,,,,,,,,,,,,,,,,,,,,,,,,,,,,,,,,,,,,,,,,,,,,,,,,,,,,,,,,,,,,,
nanog1,4673,fell,1.34,1,27.3547,114.637,1.88954,3.72359,71.9324,30.591,11.5838,5.95961,0.331879,8.45008,6.85482,2.48062,3.50102,0.438212,,,,,,,,,,,,,,,,,,,,,,,,,,,,,,,,,,,,,,,,,,,,,,,,,,,,,,,,,,,,,,,,,,,,,,,,,,,,,,,,,,,,,,,,,,,,,,,,,,,,,,,,,,,,,,
nanog1,4674,fell,2.24,1,56.2756,26.2422,2.30733,3.94147,142.286,44.928,13.0242,24.5365,16.0331,18.9655,13.3051,4.20754,8.57343,2.96961,,,,,,,,,,,,,,,,,,,,,,,,,,,,,,,,,,,,,,,,,,,,,,,,,,,,,,,,,,,,,,,,,,,,,,,,,,,,,,,,,,,,,,,,,,,,,,,,,,,,,,,,,,,,,,
nanog1,4675,fell,3.68,1,96.597,58.8199,2.80052,3.78578,159.65,51.3151,38.288,15.0336,1.35617,15.2092,12.4138,3.68089,5.02347,1.06959,,,,,,,,,,,,,,,,,,,,,,,,,,,,,,,,,,,,,,,,,,,,,,,,,,,,,,,,,,,,,,,,,,,,,,,,,,,,,,,,,,,,,,,,,,,,,,,,,,,,,,,,,,,,,,
nanog1,4676,fell,1.56,1,78.6199,16.7693,2.83871,4.35772,81.2773,36.6237,8.75085,5.22315,0.540577,8.38917,8.26549,1.98669,2.84326,0.464289,,,,,,,,,,,,,,,,,,,,,,,,,,,,,,,,,,,,,,,,,,,,,,,,,,,,,,,,,,,,,,,,,,,,,,,,,,,,,,,,,,,,,,,,,,,,,,,,,,,,,,,,,,,,,,
nanog1,4677,fell,1.48,1,15.9383,19.5761,2.42109,3.7943,70.8801,25.351,10.598,8.9052,0.934907,11.5682,8.51546,3.19583,4.8968,1.55546,,,,,,,,,,,,,,,,,,,,,,,,,,,,,,,,,,,,,,,,,,,,,,,,,,,,,,,,,,,,,,,,,,,,,,,,,,,,,,,,,,,,,,,,,,,,,,,,,,,,,,,,,,,,,,
nanog1,4678,fell,2.06,1,51.9765,27.5911,1.8346,2.51208,124.376,41.05,17.7311,17.7386,56.2827,16.7835,10.9715,4.57535,7.56742,5.3771,,,,,,,,,,,,,,,,,,,,,,,,,,,,,,,,,,,,,,,,,,,,,,,,,,,,,,,,,,,,,,,,,,,,,,,,,,,,,,,,,,,,,,,,,,,,,,,,,,,,,,,,,,,,,,
nanog1,4679,fell,2.3,1,81.9882,93.5653,1.10707,3.20877,156.347,37.8989,20.6197,40.1092,1.14212,19.4979,13.9615,4.9384,8.55804,1.58874,,,,,,,,,,,,,,,,,,,,,,,,,,,,,,,,,,,,,,,,,,,,,,,,,,,,,,,,,,,,,,,,,,,,,,,,,,,,,,,,,,,,,,,,,,,,,,,,,,,,,,,,,,,,,,
nanog1,4680,fell,3.06,1,48.9859,2.52359,2.91559,3.92896,242.293,46.2266,45.0368,29.5034,1.13187,22.6463,17.5101,5.62998,10.8303,2.04798,,,,,,,,,,,,,,,,,,,,,,,,,,,,,,,,,,,,,,,,,,,,,,,,,,,,,,,,,,,,,,,,,,,,,,,,,,,,,,,,,,,,,,,,,,,,,,,,,,,,,,,,,,,,,,
nanog1,4681,fell,1.78,1,26.4074,137.118,2.22554,3.55035,71.0564,28.5013,19.4341,14.0855,37.0251,7.54867,6.37618,2.28286,6.09214,2.8713,,,,,,,,,,,,,,,,,,,,,,,,,,,,,,,,,,,,,,,,,,,,,,,,,,,,,,,,,,,,,,,,,,,,,,,,,,,,,,,,,,,,,,,,,,,,,,,,,,,,,,,,,,,,,,
nanog1,4682,fell,2.34,1,84.6115,118.705,1.88547,2.98398,150.237,37.2541,24.474,13.8389,0.957349,14.1562,11.8035,3.59126,6.36531,0.880514,,,,,,,,,,,,,,,,,,,,,,,,,,,,,,,,,,,,,,,,,,,,,,,,,,,,,,,,,,,,,,,,,,,,,,,,,,,,,,,,,,,,,,,,,,,,,,,,,,,,,,,,,,,,,,
nanog1,4683,fell,1.7,1,66.8789,88.1278,1.47313,3.44688,164.27,38.2502,9.26655,24.4998,25.405,20.9528,11.348,4.03374,6.83703,7.55785,,,,,,,,,,,,,,,,,,,,,,,,,,,,,,,,,,,,,,,,,,,,,,,,,,,,,,,,,,,,,,,,,,,,,,,,,,,,,,,,,,,,,,,,,,,,,,,,,,,,,,,,,,,,,,
nanog1,4684,fell,2.06,1,95.2955,27.1808,2.45861,3.6746,138.434,39.8959,12.2397,25.707,63.7345,18.2817,11.2375,4.08954,9.10992,9.39093,,,,,,,,,,,,,,,,,,,,,,,,,,,,,,,,,,,,,,,,,,,,,,,,,,,,,,,,,,,,,,,,,,,,,,,,,,,,,,,,,,,,,,,,,,,,,,,,,,,,,,,,,,,,,,
nanog1,4685,fell,1.54,1,78.4461,12.0531,1.69611,3.27157,78.7035,20.321,31.0933,16.9095,5.50745,7.9912,5.971,2.9113,5.87022,1.63805,,,,,,,,,,,,,,,,,,,,,,,,,,,,,,,,,,,,,,,,,,,,,,,,,,,,,,,,,,,,,,,,,,,,,,,,,,,,,,,,,,,,,,,,,,,,,,,,,,,,,,,,,,,,,,
nanog1,4686,fell,1.08,1,39.0413,44.5745,1.24211,2.71338,74.6285,20.2103,9.66171,35.6604,5.42201,10.253,6.90699,2.87064,9.92173,6.85167,,,,,,,,,,,,,,,,,,,,,,,,,,,,,,,,,,,,,,,,,,,,,,,,,,,,,,,,,,,,,,,,,,,,,,,,,,,,,,,,,,,,,,,,,,,,,,,,,,,,,,,,,,,,,,
nanog1,4687,fell,2.7,1,107.338,19.9889,2.8365,3.87628,174.009,43.996,27.7141,10.6906,0.374892,17.5711,13.272,3.63972,4.86607,0.883688,,,,,,,,,,,,,,,,,,,,,,,,,,,,,,,,,,,,,,,,,,,,,,,,,,,,,,,,,,,,,,,,,,,,,,,,,,,,,,,,,,,,,,,,,,,,,,,,,,,,,,,,,,,,,,
nanog1,4688,fell,2.9,1,95.1808,23.4407,3.06508,4.19954,212.726,65.0622,35.9391,8.65878,1.14072,20.4492,16.3349,4.61536,5.91571,1.02105,,,,,,,,,,,,,,,,,,,,,,,,,,,,,,,,,,,,,,,,,,,,,,,,,,,,,,,,,,,,,,,,,,,,,,,,,,,,,,,,,,,,,,,,,,,,,,,,,,,,,,,,,,,,,,
nanog1,4689,fell,2.92,1,80.6999,8.00664,1.16089,1.42257,208.962,49.6957,25.4726,25.0859,1.21722,23.0631,15.4315,5.80231,10.4107,2.48178,,,,,,,,,,,,,,,,,,,,,,,,,,,,,,,,,,,,,,,,,,,,,,,,,,,,,,,,,,,,,,,,,,,,,,,,,,,,,,,,,,,,,,,,,,,,,,,,,,,,,,,,,,,,,,
nanog1,4690,fell,1.66,1,118.675,58.3709,2.81757,4.1994,98.2723,39.9478,16.6038,28.4663,1.54939,10.4039,8.63106,2.90583,5.73892,3.0837,,,,,,,,,,,,,,,,,,,,,,,,,,,,,,,,,,,,,,,,,,,,,,,,,,,,,,,,,,,,,,,,,,,,,,,,,,,,,,,,,,,,,,,,,,,,,,,,,,,,,,,,,,,,,,
nanog1,4691,fell,1.12,1,37.9559,33.2096,1.57674,3.24363,109.073,25.4421,6.8696,43.5826,18.2967,13.9615,9.59122,3.50309,8.41232,5.43302,,,,,,,,,,,,,,,,,,,,,,,,,,,,,,,,,,,,,,,,,,,,,,,,,,,,,,,,,,,,,,,,,,,,,,,,,,,,,,,,,,,,,,,,,,,,,,,,,,,,,,,,,,,,,,
nanog1,4692,fell,1.18,1,67.2491,62.5559,1.7315,3.73421,39.5787,22.6698,14.0467,16.9726,46.1218,8.43678,5.58437,2.93813,8.11059,4.24915,,,,,,,,,,,,,,,,,,,,,,,,,,,,,,,,,,,,,,,,,,,,,,,,,,,,,,,,,,,,,,,,,,,,,,,,,,,,,,,,,,,,,,,,,,,,,,,,,,,,,,,,,,,,,,
nanog1,4693,fell,1.84,1,56.9881,72.2487,1.96862,3.11183,128.271,37.7338,14.2465,7.86888,0.361445,11.6411,8.64257,3.19765,5.85003,1.49801,,,,,,,,,,,,,,,,,,,,,,,,,,,,,,,,,,,,,,,,,,,,,,,,,,,,,,,,,,,,,,,,,,,,,,,,,,,,,,,,,,,,,,,,,,,,,,,,,,,,,,,,,,,,,,
nanog1,4694,fell,3.36,1,83.8571,23.2283,1.09322,3.33569,269.402,54.387,21.8091,12.2097,1.08337,26.6954,18.2661,5.60903,8.68173,1.49318,,,,,,,,,,,,,,,,,,,,,,,,,,,,,,,,,,,,,,,,,,,,,,,,,,,,,,,,,,,,,,,,,,,,,,,,,,,,,,,,,,,,,,,,,,,,,,,,,,,,,,,,,,,,,,
nanog1,4695,fell,1.14,1,82.3502,51.6596,0.872757,3.28443,87.1211,24.7815,16.3342,25.6753,1.24907,10.1955,7.16312,3.13251,6.61751,2.01037,,,,,,,,,,,,,,,,,,,,,,,,,,,,,,,,,,,,,,,,,,,,,,,,,,,,,,,,,,,,,,,,,,,,,,,,,,,,,,,,,,,,,,,,,,,,,,,,,,,,,,,,,,,,,,
nanog1,4696,fell,2.96,1,82.738,31.8337,0.678216,3.36167,255.262,55.0638,30.4512,15.5909,1.87185,22.5781,16.058,4.95158,7.03166,3.45979,,,,,,,,,,,,,,,,,,,,,,,,,,,,,,,,,,,,,,,,,,,,,,,,,,,,,,,,,,,,,,,,,,,,,,,,,,,,,,,,,,,,,,,,,,,,,,,,,,,,,,,,,,,,,,
nanog1,4697,fell,3.86,1,109.364,76.6219,2.83528,4.31478,163.085,41.5498,26.1262,11.7612,0.739538,17.1436,12.5291,3.67121,5.48168,1.40958,,,,,,,,,,,,,,,,,,,,,,,,,,,,,,,,,,,,,,,,,,,,,,,,,,,,,,,,,,,,,,,,,,,,,,,,,,,,,,,,,,,,,,,,,,,,,,,,,,,,,,,,,,,,,,
nanog1,4698,fell,1.34,1,133.528,131.735,3.13417,4.33833,100.494,34.189,9.42676,16.9669,0.628732,12.4344,9.6696,3.01036,5.83528,0.889531,,,,,,,,,,,,,,,,,,,,,,,,,,,,,,,,,,,,,,,,,,,,,,,,,,,,,,,,,,,,,,,,,,,,,,,,,,,,,,,,,,,,,,,,,,,,,,,,,,,,,,,,,,,,,,
nanog1,4699,fell,1.46,1,59.7356,2.15771,1.80589,3.50719,83.0854,29.3247,6.73383,19.2686,1.01193,8.4753,6.92051,2.18785,4.75868,1.32201,,,,,,,,,,,,,,,,,,,,,,,,,,,,,,,,,,,,,,,,,,,,,,,,,,,,,,,,,,,,,,,,,,,,,,,,,,,,,,,,,,,,,,,,,,,,,,,,,,,,,,,,,,,,,,
nanog1,4700,fell,3.18,1,80.3035,3.79794,0.692484,3.16309,171.424,46.7618,23.2612,10.826,1.331,19.2447,12.2648,4.20658,6.55693,1.57185,,,,,,,,,,,,,,,,,,,,,,,,,,,,,,,,,,,,,,,,,,,,,,,,,,,,,,,,,,,,,,,,,,,,,,,,,,,,,,,,,,,,,,,,,,,,,,,,,,,,,,,,,,,,,,
nanog1,4701,fell,1.84,1,93.6793,6.36669,1.03383,2.38517,161.793,50.9187,11.1035,24.4859,1.39588,17.9821,14.4038,4.14238,9.7205,2.43886,,,,,,,,,,,,,,,,,,,,,,,,,,,,,,,,,,,,,,,,,,,,,,,,,,,,,,,,,,,,,,,,,,,,,,,,,,,,,,,,,,,,,,,,,,,,,,,,,,,,,,,,,,,,,,
nanog1,4702,fell,1.9,1,48.5058,17.8436,2.40588,4.05354,98.577,31.3195,10.4847,11.6154,31.5273,12.0035,7.47605,2.93764,5.88872,3.4975,,,,,,,,,,,,,,,,,,,,,,,,,,,,,,,,,,,,,,,,,,,,,,,,,,,,,,,,,,,,,,,,,,,,,,,,,,,,,,,,,,,,,,,,,,,,,,,,,,,,,,,,,,,,,,
nanog1,4703,fell,1.72,1,32.0487,2.65327,2.09474,3.70568,81.7395,29.4693,10.4549,32.4476,68.5556,10.3842,8.14352,2.37344,9.18256,5.40209,,,,,,,,,,,,,,,,,,,,,,,,,,,,,,,,,,,,,,,,,,,,,,,,,,,,,,,,,,,,,,,,,,,,,,,,,,,,,,,,,,,,,,,,,,,,,,,,,,,,,,,,,,,,,,
nanog1,4704,fell,1.48,1,39.6802,152.06,2.74528,4.19966,80.4387,35.048,8.06927,4.03246,0.758013,7.42227,6.9854,1.92406,2.24833,0.378262,,,,,,,,,,,,,,,,,,,,,,,,,,,,,,,,,,,,,,,,,,,,,,,,,,,,,,,,,,,,,,,,,,,,,,,,,,,,,,,,,,,,,,,,,,,,,,,,,,,,,,,,,,,,,,
nanog1,4705,fell,1.98,1,46.8018,52.0519,1.43973,3.39814,123.906,41.2117,21.4744,29.3342,29.2481,16.5778,11.1028,4.0703,8.2674,5.56356,,,,,,,,,,,,,,,,,,,,,,,,,,,,,,,,,,,,,,,,,,,,,,,,,,,,,,,,,,,,,,,,,,,,,,,,,,,,,,,,,,,,,,,,,,,,,,,,,,,,,,,,,,,,,,
nanog1,4706,fell,2.36,1,12.5726,104.041,1.08447,3.18725,169.878,33.9613,29.2216,14.151,0.756114,16.0026,11.3609,3.64363,6.6424,0.895377,,,,,,,,,,,,,,,,,,,,,,,,,,,,,,,,,,,,,,,,,,,,,,,,,,,,,,,,,,,,,,,,,,,,,,,,,,,,,,,,,,,,,,,,,,,,,,,,,,,,,,,,,,,,,,
nanog1,4707,fell,1.2,1,186.288,21.7376,0.834213,2.77025,104.299,26.5068,18.9561,30.6337,0.589833,14.0801,8.55839,3.89328,9.95711,1.27917,,,,,,,,,,,,,,,,,,,,,,,,,,,,,,,,,,,,,,,,,,,,,,,,,,,,,,,,,,,,,,,,,,,,,,,,,,,,,,,,,,,,,,,,,,,,,,,,,,,,,,,,,,,,,,
nanog1,4708,fell,2.48,1,62.4579,113.339,1.88882,3.29044,177.015,55.3255,17.6356,23.2527,42.1787,17.6795,11.862,4.14511,8.24921,3.34492,,,,,,,,,,,,,,,,,,,,,,,,,,,,,,,,,,,,,,,,,,,,,,,,,,,,,,,,,,,,,,,,,,,,,,,,,,,,,,,,,,,,,,,,,,,,,,,,,,,,,,,,,,,,,,
nanog1,4709,fell,1.82,1,94.0116,157.907,1.71524,2.7164,109.344,31.2164,22.7832,19.4351,2.81789,12.8701,9.75323,3.57785,6.68757,1.55654,,,,,,,,,,,,,,,,,,,,,,,,,,,,,,,,,,,,,,,,,,,,,,,,,,,,,,,,,,,,,,,,,,,,,,,,,,,,,,,,,,,,,,,,,,,,,,,,,,,,,,,,,,,,,,
nanog1,4710,fell,1.38,1,73.571,131.928,1.68406,3.7823,135.125,32.7697,18.1032,6.62507,0.336681,13.6587,10.9187,3.64871,5.44416,0.805315,,,,,,,,,,,,,,,,,,,,,,,,,,,,,,,,,,,,,,,,,,,,,,,,,,,,,,,,,,,,,,,,,,,,,,,,,,,,,,,,,,,,,,,,,,,,,,,,,,,,,,,,,,,,,,
nanog1,4711,fell,3.92,1,93.3568,50.5318,2.89689,3.85325,236.474,47.9298,25.1901,15.3727,0.883809,21.4965,16.0007,4.93123,6.78814,1.03142,,,,,,,,,,,,,,,,,,,,,,,,,,,,,,,,,,,,,,,,,,,,,,,,,,,,,,,,,,,,,,,,,,,,,,,,,,,,,,,,,,,,,,,,,,,,,,,,,,,,,,,,,,,,,,
nanog1,4712,fell,1.5,1,103.713,0.0122487,1.98196,3.56677,96.1535,34.9638,10.5945,21.7474,2.97046,12.1451,9.17703,3.66402,9.70438,3.71982,,,,,,,,,,,,,,,,,,,,,,,,,,,,,,,,,,,,,,,,,,,,,,,,,,,,,,,,,,,,,,,,,,,,,,,,,,,,,,,,,,,,,,,,,,,,,,,,,,,,,,,,,,,,,,
nanog1,4713,fell,2.44,1,62.928,104.62,2.2964,4.10191,140.597,49.385,18.8076,13.9335,42.8745,14.8804,11.0887,3.84114,6.87492,4.50735,,,,,,,,,,,,,,,,,,,,,,,,,,,,,,,,,,,,,,,,,,,,,,,,,,,,,,,,,,,,,,,,,,,,,,,,,,,,,,,,,,,,,,,,,,,,,,,,,,,,,,,,,,,,,,
nanog1,4714,fell,1.2,1,59.6795,46.9939,2.01042,3.7591,58.0001,23.9757,24.6751,53.1056,77.3964,9.39557,6.77776,2.77175,10.0037,6.88369,,,,,,,,,,,,,,,,,,,,,,,,,,,,,,,,,,,,,,,,,,,,,,,,,,,,,,,,,,,,,,,,,,,,,,,,,,,,,,,,,,,,,,,,,,,,,,,,,,,,,,,,,,,,,,
nanog1,4715,fell,2.28,1,65.5408,42.7401,1.15361,2.64638,157.44,31.9188,23.6124,15.8396,0.582662,17.4339,12.4359,3.94082,7.36081,1.13589,,,,,,,,,,,,,,,,,,,,,,,,,,,,,,,,,,,,,,,,,,,,,,,,,,,,,,,,,,,,,,,,,,,,,,,,,,,,,,,,,,,,,,,,,,,,,,,,,,,,,,,,,,,,,,
nanog1,4716,fell,2.06,1,51.5669,99.2432,2.84876,4.41989,137.953,33.47,16.0017,4.83913,1.1217,15.5401,12.8875,3.54061,4.671,0.915495,,,,,,,,,,,,,,,,,,,,,,,,,,,,,,,,,,,,,,,,,,,,,,,,,,,,,,,,,,,,,,,,,,,,,,,,,,,,,,,,,,,,,,,,,,,,,,,,,,,,,,,,,,,,,,
nanog1,4717,fell,2.24,1,142.427,50.1852,1.86118,3.69432,124.692,40.5178,21.8406,10.3261,0.518562,12.6758,8.73354,3.19107,4.68467,0.616009,,,,,,,,,,,,,,,,,,,,,,,,,,,,,,,,,,,,,,,,,,,,,,,,,,,,,,,,,,,,,,,,,,,,,,,,,,,,,,,,,,,,,,,,,,,,,,,,,,,,,,,,,,,,,,
nanog1,4718,fell,2.08,1,54.0112,9.56251,1.80495,3.61345,130.272,36.1843,11.8422,24.7257,31.4937,16.4957,11.3764,4.06267,7.77657,9.03317,,,,,,,,,,,,,,,,,,,,,,,,,,,,,,,,,,,,,,,,,,,,,,,,,,,,,,,,,,,,,,,,,,,,,,,,,,,,,,,,,,,,,,,,,,,,,,,,,,,,,,,,,,,,,,
nanog1,4719,fell,1.36,1,48.5902,11.0819,2.00093,3.79608,70.3474,32.1969,8.84822,5.07534,0.434898,7.52815,6.12158,1.83288,2.68525,0.368045,,,,,,,,,,,,,,,,,,,,,,,,,,,,,,,,,,,,,,,,,,,,,,,,,,,,,,,,,,,,,,,,,,,,,,,,,,,,,,,,,,,,,,,,,,,,,,,,,,,,,,,,,,,,,,
nanog1,4720,fell,1.54,1,110.882,53.7397,2.94784,4.09353,117.155,42.3137,10.4699,4.70062,0.425772,13.2882,10.4105,3.26446,4.48491,1.09432,,,,,,,,,,,,,,,,,,,,,,,,,,,,,,,,,,,,,,,,,,,,,,,,,,,,,,,,,,,,,,,,,,,,,,,,,,,,,,,,,,,,,,,,,,,,,,,,,,,,,,,,,,,,,,
nanog1,4721,fell,1.26,1,62.507,123.225,3.09012,4.36379,98.4618,34.0247,12.466,3.62406,0.270961,10.6286,8.21067,2.45779,3.29514,0.901241,,,,,,,,,,,,,,,,,,,,,,,,,,,,,,,,,,,,,,,,,,,,,,,,,,,,,,,,,,,,,,,,,,,,,,,,,,,,,,,,,,,,,,,,,,,,,,,,,,,,,,,,,,,,,,
nanog1,4722,fell,1.82,1,189.629,99.3821,2.99562,4.27911,106.529,31.884,17.1978,35.9159,1.27646,13.8006,10.4539,3.11211,5.41948,1.14092,,,,,,,,,,,,,,,,,,,,,,,,,,,,,,,,,,,,,,,,,,,,,,,,,,,,,,,,,,,,,,,,,,,,,,,,,,,,,,,,,,,,,,,,,,,,,,,,,,,,,,,,,,,,,,
nanog1,4723,fell,1.38,1,53.3489,78.8792,2.18982,4.00561,100.405,36.8919,18.7979,31.3846,43.4865,13.228,8.90731,3.31183,8.34154,5.33075,,,,,,,,,,,,,,,,,,,,,,,,,,,,,,,,,,,,,,,,,,,,,,,,,,,,,,,,,,,,,,,,,,,,,,,,,,,,,,,,,,,,,,,,,,,,,,,,,,,,,,,,,,,,,,
nanog1,4724,fell,2.68,1,76.3597,18.2607,1.60349,3.62321,227.989,57.5856,15.65,16.5109,52.6013,26.9262,18.445,5.78304,8.05015,5.21701,,,,,,,,,,,,,,,,,,,,,,,,,,,,,,,,,,,,,,,,,,,,,,,,,,,,,,,,,,,,,,,,,,,,,,,,,,,,,,,,,,,,,,,,,,,,,,,,,,,,,,,,,,,,,,
nanog1,4725,fell,1.74,1,115.104,38.5369,2.9995,4.20342,120.857,52.7598,9.47167,13.9121,3.71442,12.83,14.9492,3.22346,7.77673,4.27569,,,,,,,,,,,,,,,,,,,,,,,,,,,,,,,,,,,,,,,,,,,,,,,,,,,,,,,,,,,,,,,,,,,,,,,,,,,,,,,,,,,,,,,,,,,,,,,,,,,,,,,,,,,,,,
nanog1,4726,fell,1.78,1,68.8786,74.1409,2.9839,3.8338,108.384,23.2825,16.0215,7.45935,0.681451,12.0966,9.08564,2.60573,3.63574,0.649854,,,,,,,,,,,,,,,,,,,,,,,,,,,,,,,,,,,,,,,,,,,,,,,,,,,,,,,,,,,,,,,,,,,,,,,,,,,,,,,,,,,,,,,,,,,,,,,,,,,,,,,,,,,,,,
nanog1,4727,fell,2.64,1,86.1658,12.8365,2.12246,3.09117,207.841,44.6912,29.2899,16.9831,1.2012,21.1657,14.3104,4.7785,7.95746,1.40135,,,,,,,,,,,,,,,,,,,,,,,,,,,,,,,,,,,,,,,,,,,,,,,,,,,,,,,,,,,,,,,,,,,,,,,,,,,,,,,,,,,,,,,,,,,,,,,,,,,,,,,,,,,,,,
nanog1,4728,fell,1.94,1,96.2277,45.6617,1.95646,3.24649,108.683,49.531,14.788,23.1531,66.2693,12.9972,9.11388,3.86312,8.29155,4.6869,,,,,,,,,,,,,,,,,,,,,,,,,,,,,,,,,,,,,,,,,,,,,,,,,,,,,,,,,,,,,,,,,,,,,,,,,,,,,,,,,,,,,,,,,,,,,,,,,,,,,,,,,,,,,,
nanog1,4729,fell,1.48,1,70.9437,55.8374,2.96423,3.82377,75.8231,32.4147,10.3501,8.04807,0.302519,8.90839,7.14694,2.22018,2.55218,0.375727,,,,,,,,,,,,,,,,,,,,,,,,,,,,,,,,,,,,,,,,,,,,,,,,,,,,,,,,,,,,,,,,,,,,,,,,,,,,,,,,,,,,,,,,,,,,,,,,,,,,,,,,,,,,,,
nanog1,4730,fell,1.62,1,95.8036,51.9415,2.9148,3.9035,77.5379,27.8132,12.1521,6.63439,0.56689,9.76302,8.36929,2.75289,4.37553,0.81758,,,,,,,,,,,,,,,,,,,,,,,,,,,,,,,,,,,,,,,,,,,,,,,,,,,,,,,,,,,,,,,,,,,,,,,,,,,,,,,,,,,,,,,,,,,,,,,,,,,,,,,,,,,,,,
nanog1,4731,fell,1.64,1,35.268,31.012,2.88076,3.94913,79.9011,33.1598,15.9262,30.164,1.59267,9.37812,7.76802,2.47888,6.34248,1.93991,,,,,,,,,,,,,,,,,,,,,,,,,,,,,,,,,,,,,,,,,,,,,,,,,,,,,,,,,,,,,,,,,,,,,,,,,,,,,,,,,,,,,,,,,,,,,,,,,,,,,,,,,,,,,,
nanog1,4732,fell,4.2,1,113.858,55.1389,3.06631,4.25562,227.825,61.5769,45.9309,16.6596,1.61686,22.4886,17.5707,4.84466,7.16328,2.00999,,,,,,,,,,,,,,,,,,,,,,,,,,,,,,,,,,,,,,,,,,,,,,,,,,,,,,,,,,,,,,,,,,,,,,,,,,,,,,,,,,,,,,,,,,,,,,,,,,,,,,,,,,,,,,
nanog1,4733,fell,1.92,1,71.0958,51.747,1.1132,3.58222,153.616,38.8744,23.5661,18.5923,1.31771,15.1162,10.1145,3.79574,9.19227,3.71462,,,,,,,,,,,,,,,,,,,,,,,,,,,,,,,,,,,,,,,,,,,,,,,,,,,,,,,,,,,,,,,,,,,,,,,,,,,,,,,,,,,,,,,,,,,,,,,,,,,,,,,,,,,,,,
nanog1,4734,fell,1.16,1,103.802,69.6579,1.12455,3.20582,72.3016,22.2803,9.20047,32.579,3.04243,10.9971,8.86352,3.01852,10.4756,4.3765,,,,,,,,,,,,,,,,,,,,,,,,,,,,,,,,,,,,,,,,,,,,,,,,,,,,,,,,,,,,,,,,,,,,,,,,,,,,,,,,,,,,,,,,,,,,,,,,,,,,,,,,,,,,,,
nanog1,4735,fell,1.74,1,75.2054,9.07197,1.13901,2.91339,105.918,32.3699,14.0012,26.2067,1.08117,14.1781,8.9387,3.59789,9.06992,2.58572,,,,,,,,,,,,,,,,,,,,,,,,,,,,,,,,,,,,,,,,,,,,,,,,,,,,,,,,,,,,,,,,,,,,,,,,,,,,,,,,,,,,,,,,,,,,,,,,,,,,,,,,,,,,,,
nanog1,4736,fell,1.5,1,87.517,151.092,0.911932,2.62962,113.857,26.5943,20.5106,77.5634,2.94587,17.5613,11.4516,4.69649,12.7314,2.33904,,,,,,,,,,,,,,,,,,,,,,,,,,,,,,,,,,,,,,,,,,,,,,,,,,,,,,,,,,,,,,,,,,,,,,,,,,,,,,,,,,,,,,,,,,,,,,,,,,,,,,,,,,,,,,
nanog1,4737,fell,1.56,1,104.884,33.8586,1.31934,3.47464,73.2728,37.4454,6.14883,8.86889,41.9431,10.7621,6.49291,2.63163,6.09517,4.99618,,,,,,,,,,,,,,,,,,,,,,,,,,,,,,,,,,,,,,,,,,,,,,,,,,,,,,,,,,,,,,,,,,,,,,,,,,,,,,,,,,,,,,,,,,,,,,,,,,,,,,,,,,,,,,
nanog1,4738,fell,1.6,1,44.0441,83.4634,1.97396,3.3699,129.94,44.5502,24.1412,44.7265,64.0649,13.5844,8.86865,3.56079,10.0059,4.08232,,,,,,,,,,,,,,,,,,,,,,,,,,,,,,,,,,,,,,,,,,,,,,,,,,,,,,,,,,,,,,,,,,,,,,,,,,,,,,,,,,,,,,,,,,,,,,,,,,,,,,,,,,,,,,
nanog1,4739,fell,2.08,1,72.6254,14.6651,2.36272,3.59418,93.4195,32.8734,16.2651,33.8662,49.6327,12.6607,9.31417,3.14062,7.20694,6.08392,,,,,,,,,,,,,,,,,,,,,,,,,,,,,,,,,,,,,,,,,,,,,,,,,,,,,,,,,,,,,,,,,,,,,,,,,,,,,,,,,,,,,,,,,,,,,,,,,,,,,,,,,,,,,,
nanog1,4740,fell,2.32,1,79.7363,3.57379,0.807379,2.94588,125.029,31.3591,15.4703,21.5574,2.25996,13.8828,8.4718,3.62007,8.52859,1.2333,,,,,,,,,,,,,,,,,,,,,,,,,,,,,,,,,,,,,,,,,,,,,,,,,,,,,,,,,,,,,,,,,,,,,,,,,,,,,,,,,,,,,,,,,,,,,,,,,,,,,,,,,,,,,,
nanog1,4741,fell,3.18,1,120.094,33.7909,0.806743,3.18133,240.715,45.7532,20.7901,24.7218,2.10717,24.1258,15.5366,5.82122,11.2329,4.41616,,,,,,,,,,,,,,,,,,,,,,,,,,,,,,,,,,,,,,,,,,,,,,,,,,,,,,,,,,,,,,,,,,,,,,,,,,,,,,,,,,,,,,,,,,,,,,,,,,,,,,,,,,,,,,
nanog1,4742,fell,2.24,1,171.456,53.858,1.93192,2.93802,254.081,51.6924,14.1492,18.0555,2.31717,28.8981,20.1827,5.63169,11.6508,3.41739,,,,,,,,,,,,,,,,,,,,,,,,,,,,,,,,,,,,,,,,,,,,,,,,,,,,,,,,,,,,,,,,,,,,,,,,,,,,,,,,,,,,,,,,,,,,,,,,,,,,,,,,,,,,,,
nanog1,4743,fell,1.98,1,138.144,28.6881,1.93589,3.76161,121.91,57.8468,33.2704,19.4006,23.3519,11.5296,7.80363,3.0041,8.49915,3.26401,,,,,,,,,,,,,,,,,,,,,,,,,,,,,,,,,,,,,,,,,,,,,,,,,,,,,,,,,,,,,,,,,,,,,,,,,,,,,,,,,,,,,,,,,,,,,,,,,,,,,,,,,,,,,,
nanog1,4744,fell,2.3,1,31.666,20.7323,2.9635,4.36379,127.433,37.4264,24.7601,43.1679,1.48836,13.8645,11.3381,3.87947,7.87645,2.97649,,,,,,,,,,,,,,,,,,,,,,,,,,,,,,,,,,,,,,,,,,,,,,,,,,,,,,,,,,,,,,,,,,,,,,,,,,,,,,,,,,,,,,,,,,,,,,,,,,,,,,,,,,,,,,
nanog1,4745,fell,1.9,1,83.5795,16.5366,2.03157,3.62308,96.3966,36.5722,8.49535,21.9699,7.80152,13.8498,8.59881,3.1967,5.32013,5.09288,,,,,,,,,,,,,,,,,,,,,,,,,,,,,,,,,,,,,,,,,,,,,,,,,,,,,,,,,,,,,,,,,,,,,,,,,,,,,,,,,,,,,,,,,,,,,,,,,,,,,,,,,,,,,,
nanog1,4746,fell,1.2,1,16.1759,56.7193,2.87958,4.12047,75.7055,23.852,4.80047,6.96607,0.189354,9.20575,6.90584,2.42533,4.8696,0.626382,,,,,,,,,,,,,,,,,,,,,,,,,,,,,,,,,,,,,,,,,,,,,,,,,,,,,,,,,,,,,,,,,,,,,,,,,,,,,,,,,,,,,,,,,,,,,,,,,,,,,,,,,,,,,,
nanog1,4747,fell,1.06,1,9.69106,153.786,1.82539,3.19437,57.8078,23.2574,12.4378,37.4443,78.7126,8.19812,5.44783,2.70335,8.14286,6.87124,,,,,,,,,,,,,,,,,,,,,,,,,,,,,,,,,,,,,,,,,,,,,,,,,,,,,,,,,,,,,,,,,,,,,,,,,,,,,,,,,,,,,,,,,,,,,,,,,,,,,,,,,,,,,,
nanog1,4748,fell,2.8,1,86.2932,27.0765,0.983842,2.72981,159.448,39.0709,22.166,18.6131,1.20938,19.8268,12.3912,4.43268,7.28033,1.08892,,,,,,,,,,,,,,,,,,,,,,,,,,,,,,,,,,,,,,,,,,,,,,,,,,,,,,,,,,,,,,,,,,,,,,,,,,,,,,,,,,,,,,,,,,,,,,,,,,,,,,,,,,,,,,
nanog1,4749,fell,1.92,1,5.70776,101.92,1.89833,3.8184,72.205,28.2448,9.71002,21.6243,74.2864,9.67519,7.03961,2.19946,9.28059,5.05052,,,,,,,,,,,,,,,,,,,,,,,,,,,,,,,,,,,,,,,,,,,,,,,,,,,,,,,,,,,,,,,,,,,,,,,,,,,,,,,,,,,,,,,,,,,,,,,,,,,,,,,,,,,,,,
nanog1,4750,fell,1.2,1,106.035,35.7175,2.25186,3.8082,44.0723,32.3411,10.6968,21.5659,27.3394,6.46904,6.71339,2.37327,5.95089,2.80811,,,,,,,,,,,,,,,,,,,,,,,,,,,,,,,,,,,,,,,,,,,,,,,,,,,,,,,,,,,,,,,,,,,,,,,,,,,,,,,,,,,,,,,,,,,,,,,,,,,,,,,,,,,,,,
nanog1,4751,fell,1.6,1,78.7489,31.1491,2.00131,3.4405,62.6474,38.8901,7.85019,25.9558,5.6649,11.3804,9.01055,2.96391,7.22161,1.73998,,,,,,,,,,,,,,,,,,,,,,,,,,,,,,,,,,,,,,,,,,,,,,,,,,,,,,,,,,,,,,,,,,,,,,,,,,,,,,,,,,,,,,,,,,,,,,,,,,,,,,,,,,,,,,
nanog1,4752,fell,1.82,1,70.7653,35.5089,2.02142,3.68688,152.263,36.9506,14.5291,17.4879,2.39633,17.5588,13.6708,4.18884,7.43135,1.68147,,,,,,,,,,,,,,,,,,,,,,,,,,,,,,,,,,,,,,,,,,,,,,,,,,,,,,,,,,,,,,,,,,,,,,,,,,,,,,,,,,,,,,,,,,,,,,,,,,,,,,,,,,,,,,
nanog1,4753,fell,1.76,1,24.0751,68.1471,1.34794,3.0465,129.319,29.9222,38.6089,40.5948,11.786,12.3841,8.36626,3.33042,8.75576,5.68132,,,,,,,,,,,,,,,,,,,,,,,,,,,,,,,,,,,,,,,,,,,,,,,,,,,,,,,,,,,,,,,,,,,,,,,,,,,,,,,,,,,,,,,,,,,,,,,,,,,,,,,,,,,,,,
nanog1,4754,fell,1.4,1,56.614,51.698,3.04723,4.17885,152.947,24.4018,9.82825,12.0392,1.96008,16.1813,11.8801,3.54702,5.93174,1.11097,,,,,,,,,,,,,,,,,,,,,,,,,,,,,,,,,,,,,,,,,,,,,,,,,,,,,,,,,,,,,,,,,,,,,,,,,,,,,,,,,,,,,,,,,,,,,,,,,,,,,,,,,,,,,,
nanog1,4755,fell,1.82,1,53.0841,0.63684,2.18253,3.48907,55.1393,29.0156,7.67722,23.8624,107.571,8.82463,6.94325,2.47299,9.66202,8.06263,,,,,,,,,,,,,,,,,,,,,,,,,,,,,,,,,,,,,,,,,,,,,,,,,,,,,,,,,,,,,,,,,,,,,,,,,,,,,,,,,,,,,,,,,,,,,,,,,,,,,,,,,,,,,,
nanog1,4756,fell,1.96,1,93.29,37.4366,1.19684,3.01192,131.193,39.5769,13.1416,23.5512,1.32011,13.5323,9.57443,3.38668,7.12314,1.16822,,,,,,,,,,,,,,,,,,,,,,,,,,,,,,,,,,,,,,,,,,,,,,,,,,,,,,,,,,,,,,,,,,,,,,,,,,,,,,,,,,,,,,,,,,,,,,,,,,,,,,,,,,,,,,
nanog1,4757,fell,1.82,1,95.0817,143.341,2.62333,3.89159,142.155,44.2047,22.4754,20.7676,27.6665,17.4137,11.1548,3.8199,7.05642,4.16928,,,,,,,,,,,,,,,,,,,,,,,,,,,,,,,,,,,,,,,,,,,,,,,,,,,,,,,,,,,,,,,,,,,,,,,,,,,,,,,,,,,,,,,,,,,,,,,,,,,,,,,,,,,,,,
nanog1,4758,fell,1.32,1,79.538,86.7694,1.43083,3.19793,74.989,21.3107,14.9784,25.7696,5.91475,10.4278,7.59291,2.65445,6.4518,3.4198,,,,,,,,,,,,,,,,,,,,,,,,,,,,,,,,,,,,,,,,,,,,,,,,,,,,,,,,,,,,,,,,,,,,,,,,,,,,,,,,,,,,,,,,,,,,,,,,,,,,,,,,,,,,,,
nanog1,4759,fell,1.7,1,107.932,21.1442,2.91815,4.13868,117.2,41.8551,10.948,7.15118,0.456429,11.4035,11.3675,2.85478,3.6652,0.489118,,,,,,,,,,,,,,,,,,,,,,,,,,,,,,,,,,,,,,,,,,,,,,,,,,,,,,,,,,,,,,,,,,,,,,,,,,,,,,,,,,,,,,,,,,,,,,,,,,,,,,,,,,,,,,
nanog1,4760,fell,1.92,1,61.3223,31.4251,2.09584,3.34497,128.572,36.065,8.98214,18.8739,66.4087,15.2826,11.3586,3.93287,8.74408,7.65648,,,,,,,,,,,,,,,,,,,,,,,,,,,,,,,,,,,,,,,,,,,,,,,,,,,,,,,,,,,,,,,,,,,,,,,,,,,,,,,,,,,,,,,,,,,,,,,,,,,,,,,,,,,,,,
nanog1,4761,fell,2.3,1,85.6289,105.565,1.51689,2.77479,146.759,35.3091,15.5906,52.4862,17.6924,16.2267,10.9857,4.17513,8.49422,2.13395,,,,,,,,,,,,,,,,,,,,,,,,,,,,,,,,,,,,,,,,,,,,,,,,,,,,,,,,,,,,,,,,,,,,,,,,,,,,,,,,,,,,,,,,,,,,,,,,,,,,,,,,,,,,,,
nanog1,4762,fell,1.68,1,117.891,121.64,2.30982,2.97645,84.8286,18.5613,12.9475,35.4089,2.62466,9.43581,6.55162,3.14723,7.36715,3.59812,,,,,,,,,,,,,,,,,,,,,,,,,,,,,,,,,,,,,,,,,,,,,,,,,,,,,,,,,,,,,,,,,,,,,,,,,,,,,,,,,,,,,,,,,,,,,,,,,,,,,,,,,,,,,,
nanog1,4763,fell,1.78,1,59.6548,26.6058,1.61828,3.78743,120.376,40.4372,15.0296,9.26413,0.448091,12.6998,9.66967,3.10332,5.40091,0.984707,,,,,,,,,,,,,,,,,,,,,,,,,,,,,,,,,,,,,,,,,,,,,,,,,,,,,,,,,,,,,,,,,,,,,,,,,,,,,,,,,,,,,,,,,,,,,,,,,,,,,,,,,,,,,,
nanog1,4764,fell,3.04,1,109.362,33.1444,2.03541,3.56366,216.867,62.7712,21.8492,25.1851,26.564,22.5078,14.554,5.0734,10.4749,2.16316,,,,,,,,,,,,,,,,,,,,,,,,,,,,,,,,,,,,,,,,,,,,,,,,,,,,,,,,,,,,,,,,,,,,,,,,,,,,,,,,,,,,,,,,,,,,,,,,,,,,,,,,,,,,,,
nanog1,4765,fell,2.84,1,97.5116,37.5813,1.97357,3.30896,107.149,51.0744,15.5915,39.0682,25.6045,10.9843,9.927,2.75081,10.2796,5.26201,,,,,,,,,,,,,,,,,,,,,,,,,,,,,,,,,,,,,,,,,,,,,,,,,,,,,,,,,,,,,,,,,,,,,,,,,,,,,,,,,,,,,,,,,,,,,,,,,,,,,,,,,,,,,,
nanog1,4766,fell,2.84,1,21.6209,31.4588,0.864102,2.88631,171.585,43.1931,23.6243,33.2665,1.99773,16.9589,11.5236,4.72501,11.9327,2.27406,,,,,,,,,,,,,,,,,,,,,,,,,,,,,,,,,,,,,,,,,,,,,,,,,,,,,,,,,,,,,,,,,,,,,,,,,,,,,,,,,,,,,,,,,,,,,,,,,,,,,,,,,,,,,,
nanog1,4767,fell,1.18,1,86.0402,63.151,0.917924,2.3321,93.0897,24.6291,24.5524,15.3718,2.53506,10.8122,7.88128,2.9328,5.39672,0.960773,,,,,,,,,,,,,,,,,,,,,,,,,,,,,,,,,,,,,,,,,,,,,,,,,,,,,,,,,,,,,,,,,,,,,,,,,,,,,,,,,,,,,,,,,,,,,,,,,,,,,,,,,,,,,,
nanog1,4768,fell,1.98,1,40.4885,73.6353,1.67221,3.54897,105.795,38.7874,8.18423,23.6727,14.8097,13.5176,8.08635,3.32621,7.22377,4.13727,,,,,,,,,,,,,,,,,,,,,,,,,,,,,,,,,,,,,,,,,,,,,,,,,,,,,,,,,,,,,,,,,,,,,,,,,,,,,,,,,,,,,,,,,,,,,,,,,,,,,,,,,,,,,,
nanog1,4769,fell,3,1,104.915,19.6106,0.704381,2.23514,192.07,51.9387,23.0503,39.7119,46.3072,23.4918,15.0516,5.48458,9.60056,6.83598,,,,,,,,,,,,,,,,,,,,,,,,,,,,,,,,,,,,,,,,,,,,,,,,,,,,,,,,,,,,,,,,,,,,,,,,,,,,,,,,,,,,,,,,,,,,,,,,,,,,,,,,,,,,,,
nanog1,4770,fell,2.26,1,118.557,117.476,2.01031,3.62501,99.6721,45.8335,8.40494,15.3368,21.0291,13.32,10.1473,3.2408,7.14883,2.53533,,,,,,,,,,,,,,,,,,,,,,,,,,,,,,,,,,,,,,,,,,,,,,,,,,,,,,,,,,,,,,,,,,,,,,,,,,,,,,,,,,,,,,,,,,,,,,,,,,,,,,,,,,,,,,
nanog1,4771,fell,3.2,1,59.8135,94.4557,1.11497,3.21491,248,49.232,20.7588,17.3471,1.82163,23.0617,14.7021,4.80852,9.12473,1.84615,,,,,,,,,,,,,,,,,,,,,,,,,,,,,,,,,,,,,,,,,,,,,,,,,,,,,,,,,,,,,,,,,,,,,,,,,,,,,,,,,,,,,,,,,,,,,,,,,,,,,,,,,,,,,,
nanog1,4772,fell,2.32,1,22.92,47.9636,1.47224,3.31926,110.959,45.6615,10.7002,21.1007,30.7516,13.2709,9.54936,3.01138,6.44722,3.541,,,,,,,,,,,,,,,,,,,,,,,,,,,,,,,,,,,,,,,,,,,,,,,,,,,,,,,,,,,,,,,,,,,,,,,,,,,,,,,,,,,,,,,,,,,,,,,,,,,,,,,,,,,,,,
nanog1,4773,fell,1.14,1,58.6541,152.128,1.42531,3.22952,81.1931,23.8262,11.5349,21.5486,1.01646,10.5288,8.53405,2.98468,6.43238,1.39818,,,,,,,,,,,,,,,,,,,,,,,,,,,,,,,,,,,,,,,,,,,,,,,,,,,,,,,,,,,,,,,,,,,,,,,,,,,,,,,,,,,,,,,,,,,,,,,,,,,,,,,,,,,,,,
nanog1,4774,fell,2.06,1,49.8472,5.0246,1.20971,2.96044,134.688,40.4126,20.996,20.8435,83.64,16.6026,10.6487,4.08426,8.6306,6.39471,,,,,,,,,,,,,,,,,,,,,,,,,,,,,,,,,,,,,,,,,,,,,,,,,,,,,,,,,,,,,,,,,,,,,,,,,,,,,,,,,,,,,,,,,,,,,,,,,,,,,,,,,,,,,,
nanog1,4775,fell,1.48,1,87.3791,61.5027,0.769755,2.99302,99.0209,32.8464,20.4377,11.2915,6.47429,10.6079,7.73396,3.14882,7.08894,3.30526,,,,,,,,,,,,,,,,,,,,,,,,,,,,,,,,,,,,,,,,,,,,,,,,,,,,,,,,,,,,,,,,,,,,,,,,,,,,,,,,,,,,,,,,,,,,,,,,,,,,,,,,,,,,,,
nanog1,4776,fell,1.82,1,44.4636,147.626,2.35604,4.07585,93.3333,29.6175,11.9858,5.69169,1.11491,9.70863,7.59239,2.41311,3.51678,0.65128,,,,,,,,,,,,,,,,,,,,,,,,,,,,,,,,,,,,,,,,,,,,,,,,,,,,,,,,,,,,,,,,,,,,,,,,,,,,,,,,,,,,,,,,,,,,,,,,,,,,,,,,,,,,,,
nanog1,4777,fell,3.84,1,118.719,121.127,3.03331,3.93537,166.842,52.1306,29.6412,24.5791,1.12647,16.3623,12.047,3.80218,6.49423,1.07936,,,,,,,,,,,,,,,,,,,,,,,,,,,,,,,,,,,,,,,,,,,,,,,,,,,,,,,,,,,,,,,,,,,,,,,,,,,,,,,,,,,,,,,,,,,,,,,,,,,,,,,,,,,,,,
nanog1,4778,fell,1.4,1,103.144,86.5194,2.80594,3.79017,53.4637,12.3298,19.7511,6.50371,0.328371,6.94263,5.3873,2.25032,3.54076,0.495772,,,,,,,,,,,,,,,,,,,,,,,,,,,,,,,,,,,,,,,,,,,,,,,,,,,,,,,,,,,,,,,,,,,,,,,,,,,,,,,,,,,,,,,,,,,,,,,,,,,,,,,,,,,,,,
nanog1,4779,fell,1.56,1,74.1575,130.416,0.92573,2.55003,112.687,25.4604,16.4469,27.6177,2.38638,14.0573,7.96695,4.06236,8.36304,3.08661,,,,,,,,,,,,,,,,,,,,,,,,,,,,,,,,,,,,,,,,,,,,,,,,,,,,,,,,,,,,,,,,,,,,,,,,,,,,,,,,,,,,,,,,,,,,,,,,,,,,,,,,,,,,,,
nanog1,4780,fell,3.64,1,71.9708,68.1154,2.41551,3.92475,277.744,68.1044,27.2694,21.035,20.5864,28.6207,17.93,5.53559,9.0046,3.6858,,,,,,,,,,,,,,,,,,,,,,,,,,,,,,,,,,,,,,,,,,,,,,,,,,,,,,,,,,,,,,,,,,,,,,,,,,,,,,,,,,,,,,,,,,,,,,,,,,,,,,,,,,,,,,
nanog1,4781,fell,1.2,1,54.2235,138.144,2.42296,3.85099,50.3404,27.2228,14.5835,17.4516,37.1113,10.3527,7.33517,3.09676,6.77786,4.32697,,,,,,,,,,,,,,,,,,,,,,,,,,,,,,,,,,,,,,,,,,,,,,,,,,,,,,,,,,,,,,,,,,,,,,,,,,,,,,,,,,,,,,,,,,,,,,,,,,,,,,,,,,,,,,
nanog1,4782,fell,1.76,1,75.5251,13.8227,1.29818,2.67629,137.879,50.1702,16.432,15.5715,2.75229,15.4783,13.8409,4.40363,6.22566,1.20003,,,,,,,,,,,,,,,,,,,,,,,,,,,,,,,,,,,,,,,,,,,,,,,,,,,,,,,,,,,,,,,,,,,,,,,,,,,,,,,,,,,,,,,,,,,,,,,,,,,,,,,,,,,,,,
nanog1,4783,fell,1.56,1,45.1618,92.69,1.43842,3.81347,91.2484,35.3629,10.4871,6.0126,0.319478,10.1441,8.1938,2.89425,4.2213,1.18899,,,,,,,,,,,,,,,,,,,,,,,,,,,,,,,,,,,,,,,,,,,,,,,,,,,,,,,,,,,,,,,,,,,,,,,,,,,,,,,,,,,,,,,,,,,,,,,,,,,,,,,,,,,,,,
nanog1,4784,fell,3.46,1,140.23,39.7883,2.7634,4.14981,197.854,49.485,29.7687,15.225,1.04469,17.3546,13.0361,4.41924,5.67709,0.850513,,,,,,,,,,,,,,,,,,,,,,,,,,,,,,,,,,,,,,,,,,,,,,,,,,,,,,,,,,,,,,,,,,,,,,,,,,,,,,,,,,,,,,,,,,,,,,,,,,,,,,,,,,,,,,
nanog1,4785,fell,2.38,1,83.2025,45.1602,2.32477,3.3669,99.5592,27.952,14.8093,28.7945,5.54165,10.3118,6.7526,2.75924,8.69592,3.09389,,,,,,,,,,,,,,,,,,,,,,,,,,,,,,,,,,,,,,,,,,,,,,,,,,,,,,,,,,,,,,,,,,,,,,,,,,,,,,,,,,,,,,,,,,,,,,,,,,,,,,,,,,,,,,
nanog1,4786,fell,2.32,1,43.42,14.6794,2.11909,3.82944,98.8946,34.9765,11.3774,17.576,21.8702,11.8443,8.39038,2.53696,5.40505,4.20622,,,,,,,,,,,,,,,,,,,,,,,,,,,,,,,,,,,,,,,,,,,,,,,,,,,,,,,,,,,,,,,,,,,,,,,,,,,,,,,,,,,,,,,,,,,,,,,,,,,,,,,,,,,,,,
nanog1,4787,fell,1.88,1,88.8447,62.3312,2.02034,3.12098,100.218,34.8658,10.6787,21.5896,138.83,13.545,9.34537,3.65014,12.3714,11.5706,,,,,,,,,,,,,,,,,,,,,,,,,,,,,,,,,,,,,,,,,,,,,,,,,,,,,,,,,,,,,,,,,,,,,,,,,,,,,,,,,,,,,,,,,,,,,,,,,,,,,,,,,,,,,,
nanog1,4788,fell,1.42,1,63.0069,41.8288,2.49724,4.0395,86.8279,26.8365,17.6779,6.70386,0.290384,9.612,7.64498,2.62271,3.60665,0.548585,,,,,,,,,,,,,,,,,,,,,,,,,,,,,,,,,,,,,,,,,,,,,,,,,,,,,,,,,,,,,,,,,,,,,,,,,,,,,,,,,,,,,,,,,,,,,,,,,,,,,,,,,,,,,,
nanog1,4789,fell,2.68,1,61.5764,139.295,0.590626,3.03459,207.931,49.8593,27.39,11.7103,0.558367,23.3389,15.8587,5.05679,6.98224,1.50217,,,,,,,,,,,,,,,,,,,,,,,,,,,,,,,,,,,,,,,,,,,,,,,,,,,,,,,,,,,,,,,,,,,,,,,,,,,,,,,,,,,,,,,,,,,,,,,,,,,,,,,,,,,,,,
nanog1,4790,fell,1.76,1,97.7662,34.572,0.670433,2.92315,109.173,31.7644,17.0804,12.4126,0.376331,12.8502,10.0302,3.36319,5.14935,0.946261,,,,,,,,,,,,,,,,,,,,,,,,,,,,,,,,,,,,,,,,,,,,,,,,,,,,,,,,,,,,,,,,,,,,,,,,,,,,,,,,,,,,,,,,,,,,,,,,,,,,,,,,,,,,,,
nanog1,4791,fell,1.78,1,79.891,107.434,1.28552,1.78664,133.826,42.5154,18.467,43.3883,15.6667,13.6032,10.7509,3.44089,9.81294,3.96238,,,,,,,,,,,,,,,,,,,,,,,,,,,,,,,,,,,,,,,,,,,,,,,,,,,,,,,,,,,,,,,,,,,,,,,,,,,,,,,,,,,,,,,,,,,,,,,,,,,,,,,,,,,,,,
nanog1,4792,fell,2.82,1,144.11,8.01756,3.0246,4.18356,220.048,63.2294,20.1786,7.50818,1.13487,22.4632,17.1429,4.86503,6.21053,1.61774,,,,,,,,,,,,,,,,,,,,,,,,,,,,,,,,,,,,,,,,,,,,,,,,,,,,,,,,,,,,,,,,,,,,,,,,,,,,,,,,,,,,,,,,,,,,,,,,,,,,,,,,,,,,,,
nanog1,4793,fell,1.78,1,66.6173,50.9383,2.14033,3.55047,152.629,47.3741,17.1825,18.1968,29.2742,17.7352,10.1431,4.1163,8.76394,3.12455,,,,,,,,,,,,,,,,,,,,,,,,,,,,,,,,,,,,,,,,,,,,,,,,,,,,,,,,,,,,,,,,,,,,,,,,,,,,,,,,,,,,,,,,,,,,,,,,,,,,,,,,,,,,,,
nanog1,4794,fell,1.38,1,37.4946,36.8424,2.5658,4.08016,41.8112,28.4377,5.11418,12.5373,15.0692,7.5554,5.99373,1.89623,4.63404,2.952,,,,,,,,,,,,,,,,,,,,,,,,,,,,,,,,,,,,,,,,,,,,,,,,,,,,,,,,,,,,,,,,,,,,,,,,,,,,,,,,,,,,,,,,,,,,,,,,,,,,,,,,,,,,,,
nanog1,4795,fell,1.68,1,76.9081,41.8041,1.27449,2.99136,131.583,41.3455,13.7967,18.6736,6.91541,15.0878,11.7899,3.70678,5.81385,1.71501,,,,,,,,,,,,,,,,,,,,,,,,,,,,,,,,,,,,,,,,,,,,,,,,,,,,,,,,,,,,,,,,,,,,,,,,,,,,,,,,,,,,,,,,,,,,,,,,,,,,,,,,,,,,,,
nanog1,4796,fell,2.94,1,65.6981,31.0108,2.66587,4.26745,212.166,52.5277,27.9058,12.8742,0.506257,19.8689,13.7382,4.40327,6.5823,1.86327,,,,,,,,,,,,,,,,,,,,,,,,,,,,,,,,,,,,,,,,,,,,,,,,,,,,,,,,,,,,,,,,,,,,,,,,,,,,,,,,,,,,,,,,,,,,,,,,,,,,,,,,,,,,,,
nanog1,4797,fell,2.08,1,85.8063,55.471,1.02658,2.80465,156.051,33.7191,15.2598,33.1343,2.05533,15.0685,8.32961,3.57621,7.25864,1.70374,,,,,,,,,,,,,,,,,,,,,,,,,,,,,,,,,,,,,,,,,,,,,,,,,,,,,,,,,,,,,,,,,,,,,,,,,,,,,,,,,,,,,,,,,,,,,,,,,,,,,,,,,,,,,,
nanog1,4798,fell,2,1,79.7816,111.857,1.6684,3.40887,161.728,35.8877,16.3438,12.2033,0.283438,19.0807,13.171,4.04152,5.67363,0.699814,,,,,,,,,,,,,,,,,,,,,,,,,,,,,,,,,,,,,,,,,,,,,,,,,,,,,,,,,,,,,,,,,,,,,,,,,,,,,,,,,,,,,,,,,,,,,,,,,,,,,,,,,,,,,,
nanog1,4799,fell,1.22,1,15.4526,28.2359,1.32793,3.2638,77.6017,24.9115,9.96068,19.6583,2.68679,12.7175,7.83739,3.0134,7.51389,2.29751,,,,,,,,,,,,,,,,,,,,,,,,,,,,,,,,,,,,,,,,,,,,,,,,,,,,,,,,,,,,,,,,,,,,,,,,,,,,,,,,,,,,,,,,,,,,,,,,,,,,,,,,,,,,,,
nanog1,4800,fell,1.76,1,63.4724,13.9325,0.896743,3.31724,127.866,44.0159,14.8011,10.5252,0.47665,13.5843,10.8924,3.7885,5.2055,0.648341,,,,,,,,,,,,,,,,,,,,,,,,,,,,,,,,,,,,,,,,,,,,,,,,,,,,,,,,,,,,,,,,,,,,,,,,,,,,,,,,,,,,,,,,,,,,,,,,,,,,,,,,,,,,,,
nanog1,4801,fell,1.6,1,72.895,97.2719,2.94995,4.26363,83.5939,29.3658,23.347,28.7205,1.33951,7.92729,6.27336,2.34004,5.74726,1.75847,,,,,,,,,,,,,,,,,,,,,,,,,,,,,,,,,,,,,,,,,,,,,,,,,,,,,,,,,,,,,,,,,,,,,,,,,,,,,,,,,,,,,,,,,,,,,,,,,,,,,,,,,,,,,,
nanog1,4802,fell,1.6,1,70.4646,162.177,2.04993,3.66997,93.3475,27.2797,14.1887,25.9736,1.51717,12.0144,8.70661,3.44143,6.75291,2.95839,,,,,,,,,,,,,,,,,,,,,,,,,,,,,,,,,,,,,,,,,,,,,,,,,,,,,,,,,,,,,,,,,,,,,,,,,,,,,,,,,,,,,,,,,,,,,,,,,,,,,,,,,,,,,,
nanog1,4803,fell,3.96,1,91.5558,91.6174,0.971098,3.27682,260.489,68.9348,28.7345,15.8368,1.52582,23.1232,17.2531,5.40921,8.56567,2.61451,,,,,,,,,,,,,,,,,,,,,,,,,,,,,,,,,,,,,,,,,,,,,,,,,,,,,,,,,,,,,,,,,,,,,,,,,,,,,,,,,,,,,,,,,,,,,,,,,,,,,,,,,,,,,,
nanog1,4804,fell,1.52,1,81.943,134.908,1.71254,3.50334,123.722,27.836,12.9432,9.18684,0.282331,11.2573,8.63901,2.90776,4.86256,0.545493,,,,,,,,,,,,,,,,,,,,,,,,,,,,,,,,,,,,,,,,,,,,,,,,,,,,,,,,,,,,,,,,,,,,,,,,,,,,,,,,,,,,,,,,,,,,,,,,,,,,,,,,,,,,,,
nanog1,4805,fell,1.24,1,86.227,118.017,2.28765,3.39705,128.674,27.3526,12.1613,27.1497,6.55282,15.6283,10.8319,3.31827,8.43891,2.02037,,,,,,,,,,,,,,,,,,,,,,,,,,,,,,,,,,,,,,,,,,,,,,,,,,,,,,,,,,,,,,,,,,,,,,,,,,,,,,,,,,,,,,,,,,,,,,,,,,,,,,,,,,,,,,
nanog1,4806,fell,3.22,1,105.181,80.79,3.0279,4.17568,180.97,45.7388,25.0716,9.75566,0.937774,19.5939,14.8312,3.86518,5.53989,0.903877,,,,,,,,,,,,,,,,,,,,,,,,,,,,,,,,,,,,,,,,,,,,,,,,,,,,,,,,,,,,,,,,,,,,,,,,,,,,,,,,,,,,,,,,,,,,,,,,,,,,,,,,,,,,,,
nanog1,4807,fell,1.72,1,76.1259,88.631,0.742066,3.13086,132.525,34.5895,22.2984,27.6364,1.23805,14.5876,11.5431,4.11755,9.89964,3.31022,,,,,,,,,,,,,,,,,,,,,,,,,,,,,,,,,,,,,,,,,,,,,,,,,,,,,,,,,,,,,,,,,,,,,,,,,,,,,,,,,,,,,,,,,,,,,,,,,,,,,,,,,,,,,,
nanog1,4808,fell,1.44,1,103.788,9.89957,2.16162,3.65393,46.1576,27.3944,8.44163,20.2234,65.1123,6.65371,6.15905,2.10753,7.03681,5.56083,,,,,,,,,,,,,,,,,,,,,,,,,,,,,,,,,,,,,,,,,,,,,,,,,,,,,,,,,,,,,,,,,,,,,,,,,,,,,,,,,,,,,,,,,,,,,,,,,,,,,,,,,,,,,,
nanog1,4809,fell,2.66,1,132.183,29.5209,2.93896,4.21231,196.416,58.5519,27.1788,9.50189,0.722697,21.2219,18.2494,4.35298,6.21244,1.48893,,,,,,,,,,,,,,,,,,,,,,,,,,,,,,,,,,,,,,,,,,,,,,,,,,,,,,,,,,,,,,,,,,,,,,,,,,,,,,,,,,,,,,,,,,,,,,,,,,,,,,,,,,,,,,
nanog1,4810,fell,1.26,1,29.7687,42.9313,2.62104,3.92106,71.3789,21.4842,14.3184,20.4423,0.837731,10.3194,8.0399,2.93004,5.79042,1.47518,,,,,,,,,,,,,,,,,,,,,,,,,,,,,,,,,,,,,,,,,,,,,,,,,,,,,,,,,,,,,,,,,,,,,,,,,,,,,,,,,,,,,,,,,,,,,,,,,,,,,,,,,,,,,,
nanog1,4811,fell,2.32,1,72.9888,127.225,2.42138,4.04481,155.916,41.6352,13.694,10.807,21.9647,14.8411,11.8042,3.54156,7.11726,3.47574,,,,,,,,,,,,,,,,,,,,,,,,,,,,,,,,,,,,,,,,,,,,,,,,,,,,,,,,,,,,,,,,,,,,,,,,,,,,,,,,,,,,,,,,,,,,,,,,,,,,,,,,,,,,,,
nanog1,4812,fell,1.56,1,62.4533,175.275,2.61628,3.28697,107.549,29.6173,12.1811,16.5875,4.0132,11.0533,7.67884,2.76568,6.63338,2.75341,,,,,,,,,,,,,,,,,,,,,,,,,,,,,,,,,,,,,,,,,,,,,,,,,,,,,,,,,,,,,,,,,,,,,,,,,,,,,,,,,,,,,,,,,,,,,,,,,,,,,,,,,,,,,,
nanog1,4813,fell,2.12,1,115.425,0.200824,2.92316,4.19374,136.434,49.4933,13.7227,13.6493,0.67154,14.242,12.4383,3.47972,6.3795,1.7286,,,,,,,,,,,,,,,,,,,,,,,,,,,,,,,,,,,,,,,,,,,,,,,,,,,,,,,,,,,,,,,,,,,,,,,,,,,,,,,,,,,,,,,,,,,,,,,,,,,,,,,,,,,,,,
nanog1,4814,fell,1.34,1,132.953,51.6545,2.87051,3.36542,117.487,21.5186,27.5394,69.607,5.06936,13.6954,9.68682,4.25515,10.2935,3.85853,,,,,,,,,,,,,,,,,,,,,,,,,,,,,,,,,,,,,,,,,,,,,,,,,,,,,,,,,,,,,,,,,,,,,,,,,,,,,,,,,,,,,,,,,,,,,,,,,,,,,,,,,,,,,,
nanog1,4815,fell,3.2,1,183.683,17.3936,2.93149,4.35314,205.804,53.4379,23.5786,14.7346,1.81448,18.2442,14.5838,4.40214,7.74634,2.44195,,,,,,,,,,,,,,,,,,,,,,,,,,,,,,,,,,,,,,,,,,,,,,,,,,,,,,,,,,,,,,,,,,,,,,,,,,,,,,,,,,,,,,,,,,,,,,,,,,,,,,,,,,,,,,
nanog1,4816,fell,2.62,1,83.004,75.6693,1.85941,3.17347,199.995,52.8145,16.5679,38.3351,15.9792,21.0146,15.9182,4.57781,10.6734,3.67158,,,,,,,,,,,,,,,,,,,,,,,,,,,,,,,,,,,,,,,,,,,,,,,,,,,,,,,,,,,,,,,,,,,,,,,,,,,,,,,,,,,,,,,,,,,,,,,,,,,,,,,,,,,,,,
nanog1,4817,fell,2.32,1,54.8429,28.531,2.07996,3.14411,120.943,49.4311,20.5707,23.8397,63.1805,18.2703,12.1286,4.38026,8.92649,4.00879,,,,,,,,,,,,,,,,,,,,,,,,,,,,,,,,,,,,,,,,,,,,,,,,,,,,,,,,,,,,,,,,,,,,,,,,,,,,,,,,,,,,,,,,,,,,,,,,,,,,,,,,,,,,,,
nanog1,4818,fell,1.42,1,96.5045,113.723,3.0672,4.03644,90.7896,20.2155,9.514,5.14616,0.636872,10.4591,6.67227,3.03913,4.20196,0.656709,,,,,,,,,,,,,,,,,,,,,,,,,,,,,,,,,,,,,,,,,,,,,,,,,,,,,,,,,,,,,,,,,,,,,,,,,,,,,,,,,,,,,,,,,,,,,,,,,,,,,,,,,,,,,,
nanog1,4819,fell,1.64,1,107.364,24.2238,3.02527,4.21779,96.4371,39.7242,14.7865,4.49202,0.299071,9.2346,8.45885,2.38107,3.21698,0.588435,,,,,,,,,,,,,,,,,,,,,,,,,,,,,,,,,,,,,,,,,,,,,,,,,,,,,,,,,,,,,,,,,,,,,,,,,,,,,,,,,,,,,,,,,,,,,,,,,,,,,,,,,,,,,,
nanog1,4820,fell,1.92,1,68.2108,84.7196,2.75146,3.90999,160.638,46.5668,19.6952,10.9368,0.350698,16.0719,11.1255,4.02402,4.74076,0.578735,,,,,,,,,,,,,,,,,,,,,,,,,,,,,,,,,,,,,,,,,,,,,,,,,,,,,,,,,,,,,,,,,,,,,,,,,,,,,,,,,,,,,,,,,,,,,,,,,,,,,,,,,,,,,,
nanog1,4821,fell,1.54,1,16.5317,114.86,1.8455,2.96645,48.3624,30.691,7.18583,36.3365,80.4339,11.0878,8.31614,3.41017,10.4205,6.03364,,,,,,,,,,,,,,,,,,,,,,,,,,,,,,,,,,,,,,,,,,,,,,,,,,,,,,,,,,,,,,,,,,,,,,,,,,,,,,,,,,,,,,,,,,,,,,,,,,,,,,,,,,,,,,
nanog1,4822,fell,1.58,1,86.5024,78.3672,1.15317,3.07199,46.2623,34.666,14.959,18.6193,44.141,7.72675,6.233,2.99294,8.75546,5.95989,,,,,,,,,,,,,,,,,,,,,,,,,,,,,,,,,,,,,,,,,,,,,,,,,,,,,,,,,,,,,,,,,,,,,,,,,,,,,,,,,,,,,,,,,,,,,,,,,,,,,,,,,,,,,,
nanog1,4823,fell,1.96,1,79.216,15.7223,1.14647,3.34358,118.459,25.9014,28.8773,10.6787,0.544376,12.6402,8.20282,3.34293,6.35375,1.45326,,,,,,,,,,,,,,,,,,,,,,,,,,,,,,,,,,,,,,,,,,,,,,,,,,,,,,,,,,,,,,,,,,,,,,,,,,,,,,,,,,,,,,,,,,,,,,,,,,,,,,,,,,,,,,
nanog1,4824,fell,2.28,1,48.2517,3.17789,1.80201,2.89204,145.897,35.3476,16.4125,10.0706,1.57518,15.0355,11.7983,3.49499,6.0656,1.99251,,,,,,,,,,,,,,,,,,,,,,,,,,,,,,,,,,,,,,,,,,,,,,,,,,,,,,,,,,,,,,,,,,,,,,,,,,,,,,,,,,,,,,,,,,,,,,,,,,,,,,,,,,,,,,
nanog1,4825,fell,1.58,1,54.0516,86.3396,0.746314,3.37247,109.456,35.2272,14.2702,26.9847,2.67685,10.3216,8.5984,3.80815,9.84546,3.42416,,,,,,,,,,,,,,,,,,,,,,,,,,,,,,,,,,,,,,,,,,,,,,,,,,,,,,,,,,,,,,,,,,,,,,,,,,,,,,,,,,,,,,,,,,,,,,,,,,,,,,,,,,,,,,
nanog1,4826,fell,2.18,1,88.4415,83.9545,2.02191,3.86817,134.714,39.9875,15.1952,16.1956,9.96344,14.37,9.10523,3.38408,6.96074,2.01747,,,,,,,,,,,,,,,,,,,,,,,,,,,,,,,,,,,,,,,,,,,,,,,,,,,,,,,,,,,,,,,,,,,,,,,,,,,,,,,,,,,,,,,,,,,,,,,,,,,,,,,,,,,,,,
nanog1,4827,fell,2.32,1,70.994,29.1739,1.07872,3.33047,115.046,26.474,13.2494,8.69598,0.723994,13.8115,9.46422,2.91695,4.51868,1.2828,,,,,,,,,,,,,,,,,,,,,,,,,,,,,,,,,,,,,,,,,,,,,,,,,,,,,,,,,,,,,,,,,,,,,,,,,,,,,,,,,,,,,,,,,,,,,,,,,,,,,,,,,,,,,,
nanog1,4828,fell,1.82,1,82.6624,37.67,1.0523,3.4787,155.693,52.6697,13.1146,11.4995,11.4583,15.3462,11.9344,3.7534,8.09154,4.97773,,,,,,,,,,,,,,,,,,,,,,,,,,,,,,,,,,,,,,,,,,,,,,,,,,,,,,,,,,,,,,,,,,,,,,,,,,,,,,,,,,,,,,,,,,,,,,,,,,,,,,,,,,,,,,
nanog1,4829,fell,1.34,1,98.8064,4.80445,2.99745,4.32458,90.0457,39.8632,10.3038,5.63373,0.319507,9.24104,9.04764,2.22438,2.73536,0.366703,,,,,,,,,,,,,,,,,,,,,,,,,,,,,,,,,,,,,,,,,,,,,,,,,,,,,,,,,,,,,,,,,,,,,,,,,,,,,,,,,,,,,,,,,,,,,,,,,,,,,,,,,,,,,,
nanog1,4830,fell,2.62,1,103.169,25.0085,1.29979,3.39757,142.781,39.8281,21.6945,9.84605,0.590191,14.5554,9.34687,4.08522,5.39593,0.998847,,,,,,,,,,,,,,,,,,,,,,,,,,,,,,,,,,,,,,,,,,,,,,,,,,,,,,,,,,,,,,,,,,,,,,,,,,,,,,,,,,,,,,,,,,,,,,,,,,,,,,,,,,,,,,
nanog1,4831,fell,1.84,1,40.729,42.6912,2.09832,3.5274,97.1958,46.2489,12.4529,26.0485,13.826,12.8758,9.46598,2.73153,5.8824,5.88021,,,,,,,,,,,,,,,,,,,,,,,,,,,,,,,,,,,,,,,,,,,,,,,,,,,,,,,,,,,,,,,,,,,,,,,,,,,,,,,,,,,,,,,,,,,,,,,,,,,,,,,,,,,,,,
nanog1,4832,fell,2.34,1,59.3466,175.094,2.35284,3.48241,143.765,31.562,16.5425,10.5606,0.724299,13.1804,10.1482,3.26064,5.29476,1.50663,,,,,,,,,,,,,,,,,,,,,,,,,,,,,,,,,,,,,,,,,,,,,,,,,,,,,,,,,,,,,,,,,,,,,,,,,,,,,,,,,,,,,,,,,,,,,,,,,,,,,,,,,,,,,,
nanog1,4833,fell,2.02,1,59.971,67.9669,2.10748,3.68583,131.912,41.8946,11.0509,24.7514,56.035,16.8412,11.3383,4.21781,7.45128,4.29572,,,,,,,,,,,,,,,,,,,,,,,,,,,,,,,,,,,,,,,,,,,,,,,,,,,,,,,,,,,,,,,,,,,,,,,,,,,,,,,,,,,,,,,,,,,,,,,,,,,,,,,,,,,,,,
nanog1,4834,fell,2.28,1,59.4517,14.0384,1.38751,3.41873,130.028,45.9314,14.707,23.9439,9.93482,16.096,10.0003,3.54441,8.59469,3.70649,,,,,,,,,,,,,,,,,,,,,,,,,,,,,,,,,,,,,,,,,,,,,,,,,,,,,,,,,,,,,,,,,,,,,,,,,,,,,,,,,,,,,,,,,,,,,,,,,,,,,,,,,,,,,,
nanog1,4835,fell,1.78,1,38.9545,98.0941,2.9989,4.21755,150.796,38.0074,11.45,6.00194,0.664278,15.7814,11.5309,3.22538,4.85903,1.26206,,,,,,,,,,,,,,,,,,,,,,,,,,,,,,,,,,,,,,,,,,,,,,,,,,,,,,,,,,,,,,,,,,,,,,,,,,,,,,,,,,,,,,,,,,,,,,,,,,,,,,,,,,,,,,
nanog1,4836,fell,2.08,1,56.4483,133.269,1.31316,3.47924,164.837,37.6296,17.227,11.3244,1.06762,18.3154,12.4509,3.7897,6.1441,1.14286,,,,,,,,,,,,,,,,,,,,,,,,,,,,,,,,,,,,,,,,,,,,,,,,,,,,,,,,,,,,,,,,,,,,,,,,,,,,,,,,,,,,,,,,,,,,,,,,,,,,,,,,,,,,,,
nanog1,4837,fell,1.22,1,113.934,67.4634,2.77323,4.3082,63.9992,25.8705,16.3521,4.56779,0.548987,6.90168,6.50555,2.14289,2.81997,0.733807,,,,,,,,,,,,,,,,,,,,,,,,,,,,,,,,,,,,,,,,,,,,,,,,,,,,,,,,,,,,,,,,,,,,,,,,,,,,,,,,,,,,,,,,,,,,,,,,,,,,,,,,,,,,,,
nanog1,4838,fell,1.44,1,143.572,158.692,2.94743,4.2555,119.526,27.9079,17.9046,50.2868,3.31564,14.3734,9.9566,4.54924,9.36898,3.97498,,,,,,,,,,,,,,,,,,,,,,,,,,,,,,,,,,,,,,,,,,,,,,,,,,,,,,,,,,,,,,,,,,,,,,,,,,,,,,,,,,,,,,,,,,,,,,,,,,,,,,,,,,,,,,
nanog1,4839,fell,1.72,1,131.452,38.9579,3.00459,4.12666,127.48,54.1298,10.9637,12.3208,0.478106,14.4335,13.9826,3.50705,5.74383,0.780075,,,,,,,,,,,,,,,,,,,,,,,,,,,,,,,,,,,,,,,,,,,,,,,,,,,,,,,,,,,,,,,,,,,,,,,,,,,,,,,,,,,,,,,,,,,,,,,,,,,,,,,,,,,,,,
nanog1,4840,fell,1.34,1,51.5382,93.7043,1.2851,2.56844,90.463,31.7973,10.2429,7.16627,1.39585,10.4281,9.04139,2.95122,6.58592,2.49744,,,,,,,,,,,,,,,,,,,,,,,,,,,,,,,,,,,,,,,,,,,,,,,,,,,,,,,,,,,,,,,,,,,,,,,,,,,,,,,,,,,,,,,,,,,,,,,,,,,,,,,,,,,,,,
nanog1,4841,fell,2.46,1,133.35,9.05424,2.95374,4.42687,180.456,62.5549,11.8374,6.69526,0.73941,16.7973,15.3203,4.0178,4.80826,0.970731,,,,,,,,,,,,,,,,,,,,,,,,,,,,,,,,,,,,,,,,,,,,,,,,,,,,,,,,,,,,,,,,,,,,,,,,,,,,,,,,,,,,,,,,,,,,,,,,,,,,,,,,,,,,,,
nanog1,4842,fell,2.02,1,33.4827,119.914,1.34646,3.01236,85.9236,45.473,12.936,19.8385,36.3998,11.5534,7.66168,3.23637,8.87858,4.28471,,,,,,,,,,,,,,,,,,,,,,,,,,,,,,,,,,,,,,,,,,,,,,,,,,,,,,,,,,,,,,,,,,,,,,,,,,,,,,,,,,,,,,,,,,,,,,,,,,,,,,,,,,,,,,
nanog1,4843,fell,2.22,1,81.6079,47.3106,2.53596,4.03453,103.217,37.8361,9.41508,9.66626,6.6349,12.2754,8.95138,2.49004,4.14192,2.60002,,,,,,,,,,,,,,,,,,,,,,,,,,,,,,,,,,,,,,,,,,,,,,,,,,,,,,,,,,,,,,,,,,,,,,,,,,,,,,,,,,,,,,,,,,,,,,,,,,,,,,,,,,,,,,
nanog1,4844,fell,1.14,1,43.9612,8.26867,2.79921,3.90999,72.8329,19.0837,9.06552,6.96035,1.3068,9.52192,8.23875,2.41212,3.86326,0.996824,,,,,,,,,,,,,,,,,,,,,,,,,,,,,,,,,,,,,,,,,,,,,,,,,,,,,,,,,,,,,,,,,,,,,,,,,,,,,,,,,,,,,,,,,,,,,,,,,,,,,,,,,,,,,,
nanog1,4845,fell,2.48,1,18.8507,96.448,1.10092,3.0783,149.402,30.2036,20.9926,12.5022,2.41424,16.1952,12.1253,3.98124,5.86195,1.47078,,,,,,,,,,,,,,,,,,,,,,,,,,,,,,,,,,,,,,,,,,,,,,,,,,,,,,,,,,,,,,,,,,,,,,,,,,,,,,,,,,,,,,,,,,,,,,,,,,,,,,,,,,,,,,
nanog1,4846,fell,2.22,1,98.8951,16.3481,2.74638,3.89886,117.714,29.4665,16.2154,8.17719,1.18665,12.5131,10.0178,2.69527,3.314,0.679494,,,,,,,,,,,,,,,,,,,,,,,,,,,,,,,,,,,,,,,,,,,,,,,,,,,,,,,,,,,,,,,,,,,,,,,,,,,,,,,,,,,,,,,,,,,,,,,,,,,,,,,,,,,,,,
nanog1,4847,fell,1.82,1,32.3871,33.1781,2.63756,4.09053,76.6043,26.3166,12.4469,13.3593,1.24061,9.55417,7.43155,2.63811,5.52126,2.89976,,,,,,,,,,,,,,,,,,,,,,,,,,,,,,,,,,,,,,,,,,,,,,,,,,,,,,,,,,,,,,,,,,,,,,,,,,,,,,,,,,,,,,,,,,,,,,,,,,,,,,,,,,,,,,
nanog1,4848,fell,1.46,1,9.43264,52.7307,2.05111,3.88254,52.6576,30.1304,6.39871,19.0134,43.2124,9.86975,7.20335,2.52446,5.80749,5.82683,,,,,,,,,,,,,,,,,,,,,,,,,,,,,,,,,,,,,,,,,,,,,,,,,,,,,,,,,,,,,,,,,,,,,,,,,,,,,,,,,,,,,,,,,,,,,,,,,,,,,,,,,,,,,,
nanog1,4849,fell,2.12,1,92.6336,7.71359,1.96668,2.46376,120.189,39.1817,11.5785,44.8979,52.4051,15.6471,9.0189,3.87021,9.81131,5.50627,,,,,,,,,,,,,,,,,,,,,,,,,,,,,,,,,,,,,,,,,,,,,,,,,,,,,,,,,,,,,,,,,,,,,,,,,,,,,,,,,,,,,,,,,,,,,,,,,,,,,,,,,,,,,,
nanog1,4850,fell,1.88,1,175.17,45.0565,2.66996,3.81979,156.385,44.2214,18.0897,9.10905,0.797203,17.1576,12.0059,4.32638,5.75491,0.74659,,,,,,,,,,,,,,,,,,,,,,,,,,,,,,,,,,,,,,,,,,,,,,,,,,,,,,,,,,,,,,,,,,,,,,,,,,,,,,,,,,,,,,,,,,,,,,,,,,,,,,,,,,,,,,
nanog1,4851,fell,1.92,1,107.502,88.1245,1.5019,3.44224,150.934,35.2906,9.10019,37.8117,9.9514,18.4922,11.2649,4.22205,10.6248,5.53472,,,,,,,,,,,,,,,,,,,,,,,,,,,,,,,,,,,,,,,,,,,,,,,,,,,,,,,,,,,,,,,,,,,,,,,,,,,,,,,,,,,,,,,,,,,,,,,,,,,,,,,,,,,,,,
nanog1,4852,fell,1.64,1,91.1355,51.7073,0.710957,3.20454,96.4056,21.4632,22.5136,8.50201,0.810496,11.8054,9.59235,3.59445,5.13533,2.0017,,,,,,,,,,,,,,,,,,,,,,,,,,,,,,,,,,,,,,,,,,,,,,,,,,,,,,,,,,,,,,,,,,,,,,,,,,,,,,,,,,,,,,,,,,,,,,,,,,,,,,,,,,,,,,
nanog1,4853,fell,1.5,1,54.8961,84.6102,2.08588,3.97226,65.9666,33.8747,14.0981,11.7876,12.5304,11.923,8.90053,3.22883,5.03578,1.84107,,,,,,,,,,,,,,,,,,,,,,,,,,,,,,,,,,,,,,,,,,,,,,,,,,,,,,,,,,,,,,,,,,,,,,,,,,,,,,,,,,,,,,,,,,,,,,,,,,,,,,,,,,,,,,
nanog1,4854,fell,1.66,1,45.3381,55.0606,1.50428,3.64498,96.8022,38.1167,10.5996,15.5466,5.53373,12.465,8.98403,2.68992,4.94446,1.60903,,,,,,,,,,,,,,,,,,,,,,,,,,,,,,,,,,,,,,,,,,,,,,,,,,,,,,,,,,,,,,,,,,,,,,,,,,,,,,,,,,,,,,,,,,,,,,,,,,,,,,,,,,,,,,
nanog1,4855,fell,1.42,1,124.765,68.3973,2.13505,3.67271,91.0556,31.7732,11.5308,30.9614,32.3289,13.3215,7.15055,3.06445,7.93439,4.30013,,,,,,,,,,,,,,,,,,,,,,,,,,,,,,,,,,,,,,,,,,,,,,,,,,,,,,,,,,,,,,,,,,,,,,,,,,,,,,,,,,,,,,,,,,,,,,,,,,,,,,,,,,,,,,
nanog1,4856,fell,2.94,1,60.8039,106.502,2.87586,4.04488,194.643,33.0596,33.2026,15.2462,0.828574,19.5777,12.4185,4.11883,5.85733,0.896108,,,,,,,,,,,,,,,,,,,,,,,,,,,,,,,,,,,,,,,,,,,,,,,,,,,,,,,,,,,,,,,,,,,,,,,,,,,,,,,,,,,,,,,,,,,,,,,,,,,,,,,,,,,,,,
nanog1,4857,fell,2.88,1,99.7359,57.6785,1.51909,3.84551,197.758,45.8609,23.6753,15.8718,42.934,17.8216,12.6696,4.15105,6.57791,4.34403,,,,,,,,,,,,,,,,,,,,,,,,,,,,,,,,,,,,,,,,,,,,,,,,,,,,,,,,,,,,,,,,,,,,,,,,,,,,,,,,,,,,,,,,,,,,,,,,,,,,,,,,,,,,,,
nanog1,4858,fell,1.58,1,199.282,21.6151,0.785924,3.15209,132.243,24.4842,21.2624,12.8745,1.52387,14.7294,10.7263,3.73209,5.43275,1.33756,,,,,,,,,,,,,,,,,,,,,,,,,,,,,,,,,,,,,,,,,,,,,,,,,,,,,,,,,,,,,,,,,,,,,,,,,,,,,,,,,,,,,,,,,,,,,,,,,,,,,,,,,,,,,,
nanog1,4859,fell,1.58,1,78.109,20.9991,1.70651,3.49925,86.9108,33.1425,11.4207,10.0133,0.802268,9.32219,7.73737,2.97595,5.04916,0.852058,,,,,,,,,,,,,,,,,,,,,,,,,,,,,,,,,,,,,,,,,,,,,,,,,,,,,,,,,,,,,,,,,,,,,,,,,,,,,,,,,,,,,,,,,,,,,,,,,,,,,,,,,,,,,,
nanog1,4860,fell,2.14,1,14.7391,134.278,1.27818,3.75197,128.196,37.4178,18.1784,43.2578,0.834816,13.737,11.7176,3.90251,7.78278,1.82788,,,,,,,,,,,,,,,,,,,,,,,,,,,,,,,,,,,,,,,,,,,,,,,,,,,,,,,,,,,,,,,,,,,,,,,,,,,,,,,,,,,,,,,,,,,,,,,,,,,,,,,,,,,,,,
nanog1,4861,fell,6.28,2,63.5307,27.3948,2.04096,3.56685,216.323,67.6139,44.0446,15.0455,1.25963,19.8068,15.3941,5.13305,7.48616,2.55746,117.182,34.3406,26.6257,33.8773,86.7954,9.46204,5.25899,2.68224,9.94119,7.53023,,,,,,,,,,,,,,,,,,,,,,,,,,,,,,,,,,,,,,,,,,,,,,,,,,,,,,,,,,,,,,,,,,,,,,,,,,,,,,,,,,,,,,,,,,,,,,,,,,,,
nanog1,4862,fell,1.26,1,22.7572,85.1494,1.57679,2.78323,95.6576,18.9442,9.03548,30.4444,1.62348,11.4924,8.55351,2.66105,10.4211,2.63985,,,,,,,,,,,,,,,,,,,,,,,,,,,,,,,,,,,,,,,,,,,,,,,,,,,,,,,,,,,,,,,,,,,,,,,,,,,,,,,,,,,,,,,,,,,,,,,,,,,,,,,,,,,,,,
nanog1,4863,fell,2.28,1,85.671,69.16,2.11536,3.47583,179.684,51.7471,20.7638,11.5352,0.779477,15.5406,11.9154,4.07789,5.79909,1.1465,,,,,,,,,,,,,,,,,,,,,,,,,,,,,,,,,,,,,,,,,,,,,,,,,,,,,,,,,,,,,,,,,,,,,,,,,,,,,,,,,,,,,,,,,,,,,,,,,,,,,,,,,,,,,,
nanog1,4864,fell,1.52,1,14.8728,76.6792,0.98367,3.12278,166.741,31.0508,18.9257,10.5947,0.708013,17.7135,11.3552,3.83232,6.30413,1.50512,,,,,,,,,,,,,,,,,,,,,,,,,,,,,,,,,,,,,,,,,,,,,,,,,,,,,,,,,,,,,,,,,,,,,,,,,,,,,,,,,,,,,,,,,,,,,,,,,,,,,,,,,,,,,,
nanog1,4865,fell,2,1,84.8073,98.8064,1.281,3.12922,142.257,34.7579,17.6483,28.2941,47.6593,18.3519,11.2555,4.46838,11.6226,5.69538,,,,,,,,,,,,,,,,,,,,,,,,,,,,,,,,,,,,,,,,,,,,,,,,,,,,,,,,,,,,,,,,,,,,,,,,,,,,,,,,,,,,,,,,,,,,,,,,,,,,,,,,,,,,,,
nanog1,4866,fell,2.2,1,102.113,52.4828,0.711052,2.67143,134.131,44.5124,47.2556,44.6324,1.93523,12.9991,11.0994,4.05704,9.7393,2.43387,,,,,,,,,,,,,,,,,,,,,,,,,,,,,,,,,,,,,,,,,,,,,,,,,,,,,,,,,,,,,,,,,,,,,,,,,,,,,,,,,,,,,,,,,,,,,,,,,,,,,,,,,,,,,,
nanog1,4867,fell,1.64,1,34.79,113.571,1.01331,3.26283,101.993,25.6364,12.3749,13.3185,0.808048,11.5196,8.2131,3.14253,6.2423,1.54379,,,,,,,,,,,,,,,,,,,,,,,,,,,,,,,,,,,,,,,,,,,,,,,,,,,,,,,,,,,,,,,,,,,,,,,,,,,,,,,,,,,,,,,,,,,,,,,,,,,,,,,,,,,,,,
nanog1,4868,fell,1.46,1,108.343,9.43344,1.5759,2.8997,81.7238,38.3488,33.9767,21.9461,49.758,7.87438,6.47079,3.07945,8.83726,4.90776,,,,,,,,,,,,,,,,,,,,,,,,,,,,,,,,,,,,,,,,,,,,,,,,,,,,,,,,,,,,,,,,,,,,,,,,,,,,,,,,,,,,,,,,,,,,,,,,,,,,,,,,,,,,,,
nanog1,4869,fell,2.74,1,80.2665,31.2291,2.34553,3.75056,156.92,35.009,23.4263,8.43227,0.970875,17.3087,12.1382,4.4607,5.21908,1.02639,,,,,,,,,,,,,,,,,,,,,,,,,,,,,,,,,,,,,,,,,,,,,,,,,,,,,,,,,,,,,,,,,,,,,,,,,,,,,,,,,,,,,,,,,,,,,,,,,,,,,,,,,,,,,,
nanog1,4870,fell,2.08,1,61.8963,72.3128,2.96597,4.19649,124.652,53.3186,12.7557,4.68911,0.492591,14.3606,11.7994,3.59065,4.83378,0.922133,,,,,,,,,,,,,,,,,,,,,,,,,,,,,,,,,,,,,,,,,,,,,,,,,,,,,,,,,,,,,,,,,,,,,,,,,,,,,,,,,,,,,,,,,,,,,,,,,,,,,,,,,,,,,,
nanog1,4871,fell,1.86,1,119.218,78.6266,2.03182,3.48744,122.166,55.4529,10.184,19.1434,50.8999,13.1625,11.6234,2.80272,6.71314,3.99314,,,,,,,,,,,,,,,,,,,,,,,,,,,,,,,,,,,,,,,,,,,,,,,,,,,,,,,,,,,,,,,,,,,,,,,,,,,,,,,,,,,,,,,,,,,,,,,,,,,,,,,,,,,,,,
nanog1,4872,fell,1.32,1,57.3216,54.258,0.962111,2.97274,115.892,39.0332,11.4092,36.101,14.3985,13.8493,8.31115,3.05111,9.07238,6.51223,,,,,,,,,,,,,,,,,,,,,,,,,,,,,,,,,,,,,,,,,,,,,,,,,,,,,,,,,,,,,,,,,,,,,,,,,,,,,,,,,,,,,,,,,,,,,,,,,,,,,,,,,,,,,,
nanog1,4873,fell,1.66,1,60.2458,19.9065,1.83303,3.43578,107.44,30.4297,20.4928,26.7763,5.04577,14.1556,9.49313,4.46089,10.6907,3.26979,,,,,,,,,,,,,,,,,,,,,,,,,,,,,,,,,,,,,,,,,,,,,,,,,,,,,,,,,,,,,,,,,,,,,,,,,,,,,,,,,,,,,,,,,,,,,,,,,,,,,,,,,,,,,,
nanog1,4874,fell,1.6,1,41.1859,7.95524,1.99365,3.42906,60.8214,32.7726,16.4872,20.4006,67.6776,11.4278,7.71468,3.00659,8.51713,6.22271,,,,,,,,,,,,,,,,,,,,,,,,,,,,,,,,,,,,,,,,,,,,,,,,,,,,,,,,,,,,,,,,,,,,,,,,,,,,,,,,,,,,,,,,,,,,,,,,,,,,,,,,,,,,,,
nanog1,4875,fell,1.02,1,98.8605,155.3,1.30065,2.45662,80.6934,13.5598,35.6515,63.6993,1.449,8.44165,5.94319,3.00737,10.1685,2.60814,,,,,,,,,,,,,,,,,,,,,,,,,,,,,,,,,,,,,,,,,,,,,,,,,,,,,,,,,,,,,,,,,,,,,,,,,,,,,,,,,,,,,,,,,,,,,,,,,,,,,,,,,,,,,,
nanog1,4876,fell,1.24,1,137.803,4.49568,2.80585,3.91033,104.88,17.7934,16.6202,47.7621,2.35963,12.7542,9.7433,3.54737,8.8156,2.88229,,,,,,,,,,,,,,,,,,,,,,,,,,,,,,,,,,,,,,,,,,,,,,,,,,,,,,,,,,,,,,,,,,,,,,,,,,,,,,,,,,,,,,,,,,,,,,,,,,,,,,,,,,,,,,
nanog1,4877,fell,1.72,1,37.6525,39.021,1.48389,3.34765,132.612,31.7729,10.6507,28.0437,18.6618,15.4094,9.84202,4.83384,10.1429,4.30951,,,,,,,,,,,,,,,,,,,,,,,,,,,,,,,,,,,,,,,,,,,,,,,,,,,,,,,,,,,,,,,,,,,,,,,,,,,,,,,,,,,,,,,,,,,,,,,,,,,,,,,,,,,,,,
nanog1,4878,fell,2.56,1,91.8333,89.6582,2.32316,3.57682,216.767,37.5062,24.8187,14.2419,0.5427,20.1125,12.6427,4.43993,6.50688,0.812796,,,,,,,,,,,,,,,,,,,,,,,,,,,,,,,,,,,,,,,,,,,,,,,,,,,,,,,,,,,,,,,,,,,,,,,,,,,,,,,,,,,,,,,,,,,,,,,,,,,,,,,,,,,,,,
nanog1,4879,fell,1.86,1,197.173,144.738,2.90761,4.22138,140.564,45.5257,16.372,6.1724,0.581657,15.0041,12.2232,4.04902,4.7858,0.876254,,,,,,,,,,,,,,,,,,,,,,,,,,,,,,,,,,,,,,,,,,,,,,,,,,,,,,,,,,,,,,,,,,,,,,,,,,,,,,,,,,,,,,,,,,,,,,,,,,,,,,,,,,,,,,
nanog1,4880,fell,1.88,1,21.4233,73.1641,2.33382,3.20411,98.2458,33.9093,10.8249,45.9368,16.0691,14.8045,9.53188,3.36301,8.03698,3.34303,,,,,,,,,,,,,,,,,,,,,,,,,,,,,,,,,,,,,,,,,,,,,,,,,,,,,,,,,,,,,,,,,,,,,,,,,,,,,,,,,,,,,,,,,,,,,,,,,,,,,,,,,,,,,,
nanog1,4881,fell,2.38,1,69.4321,177.225,2.986,4.19403,116.018,29.6559,41.5449,53.6934,1.07116,11.7145,7.66496,3.66455,8.24354,2.05084,,,,,,,,,,,,,,,,,,,,,,,,,,,,,,,,,,,,,,,,,,,,,,,,,,,,,,,,,,,,,,,,,,,,,,,,,,,,,,,,,,,,,,,,,,,,,,,,,,,,,,,,,,,,,,
nanog1,4882,fell,1.46,1,81.9448,135.513,2.06252,3.38827,101.51,31.6473,28.6365,52.4483,62.6188,14.5794,7.4895,4.10393,12.6529,7.91745,,,,,,,,,,,,,,,,,,,,,,,,,,,,,,,,,,,,,,,,,,,,,,,,,,,,,,,,,,,,,,,,,,,,,,,,,,,,,,,,,,,,,,,,,,,,,,,,,,,,,,,,,,,,,,
nanog1,4883,fell,2.38,1,64.5221,76.9396,2.64851,4.02411,132.472,30.3179,18.8576,10.2504,1.07387,13.6291,10.3849,2.98227,3.56135,0.624035,,,,,,,,,,,,,,,,,,,,,,,,,,,,,,,,,,,,,,,,,,,,,,,,,,,,,,,,,,,,,,,,,,,,,,,,,,,,,,,,,,,,,,,,,,,,,,,,,,,,,,,,,,,,,,
nanog1,4884,fell,1.3,1,73.4484,132.972,2.10067,3.74725,49.9333,30.202,12.8628,47.2143,57.8168,7.58807,6.11655,2.59353,9.82673,5.07015,,,,,,,,,,,,,,,,,,,,,,,,,,,,,,,,,,,,,,,,,,,,,,,,,,,,,,,,,,,,,,,,,,,,,,,,,,,,,,,,,,,,,,,,,,,,,,,,,,,,,,,,,,,,,,
nanog1,4885,fell,2.04,1,107.318,44.1781,2.22408,3.96333,151.513,41.3003,12.6053,16.1131,21.4947,16.7257,10.007,3.61442,7.75267,2.85152,,,,,,,,,,,,,,,,,,,,,,,,,,,,,,,,,,,,,,,,,,,,,,,,,,,,,,,,,,,,,,,,,,,,,,,,,,,,,,,,,,,,,,,,,,,,,,,,,,,,,,,,,,,,,,
nanog1,4886,fell,2.94,1,94.6552,6.62582,1.37209,3.29284,269.649,64.7646,23.9501,16.0645,1.71674,27.2885,18.1581,5.34484,8.58969,1.71996,,,,,,,,,,,,,,,,,,,,,,,,,,,,,,,,,,,,,,,,,,,,,,,,,,,,,,,,,,,,,,,,,,,,,,,,,,,,,,,,,,,,,,,,,,,,,,,,,,,,,,,,,,,,,,
nanog1,4887,fell,2.88,1,94.0213,6.48264,2.83188,4.35897,189.702,38.0912,28.7877,8.62244,0.717534,20.2293,13.9681,4.37496,6.69499,1.23551,,,,,,,,,,,,,,,,,,,,,,,,,,,,,,,,,,,,,,,,,,,,,,,,,,,,,,,,,,,,,,,,,,,,,,,,,,,,,,,,,,,,,,,,,,,,,,,,,,,,,,,,,,,,,,
nanog1,4888,fell,1,1,70.3416,118.821,3.1558,4.30476,42.6298,23.2531,10.0164,8.8151,0.375298,5.53227,5.46136,1.66044,5.05273,1.341,,,,,,,,,,,,,,,,,,,,,,,,,,,,,,,,,,,,,,,,,,,,,,,,,,,,,,,,,,,,,,,,,,,,,,,,,,,,,,,,,,,,,,,,,,,,,,,,,,,,,,,,,,,,,,
nanog1,4889,fell,1.74,1,76.2116,99.3499,1.02441,3.15613,122.137,35.6675,12.3114,22.5973,7.43025,14.0082,10.4475,3.81185,7.59598,3.84886,,,,,,,,,,,,,,,,,,,,,,,,,,,,,,,,,,,,,,,,,,,,,,,,,,,,,,,,,,,,,,,,,,,,,,,,,,,,,,,,,,,,,,,,,,,,,,,,,,,,,,,,,,,,,,
nanog1,4890,fell,2.12,1,106.21,0.546671,3.13726,4.19346,137.978,44.078,14.2276,6.66091,1.26926,13.1673,10.6958,3.29791,4.18615,0.83352,,,,,,,,,,,,,,,,,,,,,,,,,,,,,,,,,,,,,,,,,,,,,,,,,,,,,,,,,,,,,,,,,,,,,,,,,,,,,,,,,,,,,,,,,,,,,,,,,,,,,,,,,,,,,,
nanog1,4891,fell,1.06,1,25.4168,174.905,2.90923,3.87021,90.4755,20.4166,8.25559,11.6564,0.797975,12.7775,10.41,3.24153,8.0597,3.57881,,,,,,,,,,,,,,,,,,,,,,,,,,,,,,,,,,,,,,,,,,,,,,,,,,,,,,,,,,,,,,,,,,,,,,,,,,,,,,,,,,,,,,,,,,,,,,,,,,,,,,,,,,,,,,
nanog1,4892,fell,3.2,1,74.1877,18.436,0.985236,2.92398,250.272,63.421,21.771,21.0263,1.25107,26.691,16.2523,5.78722,9.8332,1.36378,,,,,,,,,,,,,,,,,,,,,,,,,,,,,,,,,,,,,,,,,,,,,,,,,,,,,,,,,,,,,,,,,,,,,,,,,,,,,,,,,,,,,,,,,,,,,,,,,,,,,,,,,,,,,,
nanog1,4893,fell,1.68,1,100.701,33.6733,1.92935,3.58724,135.869,26.9995,20.0296,8.47265,0.486789,15.7498,11.4812,3.67492,5.55028,1.35388,,,,,,,,,,,,,,,,,,,,,,,,,,,,,,,,,,,,,,,,,,,,,,,,,,,,,,,,,,,,,,,,,,,,,,,,,,,,,,,,,,,,,,,,,,,,,,,,,,,,,,,,,,,,,,
nanog1,4894,fell,1.62,1,10.9773,6.29594,1.49948,3.2475,65.7871,31.8988,6.83258,28.1284,12.2276,10.7331,8.05578,2.37154,7.48203,3.5833,,,,,,,,,,,,,,,,,,,,,,,,,,,,,,,,,,,,,,,,,,,,,,,,,,,,,,,,,,,,,,,,,,,,,,,,,,,,,,,,,,,,,,,,,,,,,,,,,,,,,,,,,,,,,,
nanog1,4895,fell,1.1,1,26.2476,179.672,2.8049,4.22464,73.5436,26.4349,20.1593,5.55987,0.247992,7.65789,6.50651,2.14989,2.9484,0.384592,,,,,,,,,,,,,,,,,,,,,,,,,,,,,,,,,,,,,,,,,,,,,,,,,,,,,,,,,,,,,,,,,,,,,,,,,,,,,,,,,,,,,,,,,,,,,,,,,,,,,,,,,,,,,,
nanog1,4896,fell,1.24,1,66.4307,157.235,1.43437,3.77043,115.825,26.9727,10.221,5.77766,0.437465,13.4545,8.57055,3.15291,5.46326,1.77168,,,,,,,,,,,,,,,,,,,,,,,,,,,,,,,,,,,,,,,,,,,,,,,,,,,,,,,,,,,,,,,,,,,,,,,,,,,,,,,,,,,,,,,,,,,,,,,,,,,,,,,,,,,,,,
nanog1,4897,fell,2.84,1,33.252,120.719,1.09409,2.96456,186.407,44.9702,28.6824,72.4362,12.1279,19.7218,13.875,4.77157,11.5103,4.10505,,,,,,,,,,,,,,,,,,,,,,,,,,,,,,,,,,,,,,,,,,,,,,,,,,,,,,,,,,,,,,,,,,,,,,,,,,,,,,,,,,,,,,,,,,,,,,,,,,,,,,,,,,,,,,
nanog1,4898,fell,1.74,1,14.1226,34.1324,1.28323,2.77919,97.7922,31.5478,10.8693,39.5586,77.4787,12.4676,8.24591,3.00727,10.5812,10.6842,,,,,,,,,,,,,,,,,,,,,,,,,,,,,,,,,,,,,,,,,,,,,,,,,,,,,,,,,,,,,,,,,,,,,,,,,,,,,,,,,,,,,,,,,,,,,,,,,,,,,,,,,,,,,,
nanog1,4899,fell,1.98,1,88.4714,10.5878,2.02817,3.85208,117.246,51.3587,7.76316,15.2306,19.967,12.5591,8.66536,2.85172,7.16775,3.22634,,,,,,,,,,,,,,,,,,,,,,,,,,,,,,,,,,,,,,,,,,,,,,,,,,,,,,,,,,,,,,,,,,,,,,,,,,,,,,,,,,,,,,,,,,,,,,,,,,,,,,,,,,,,,,
nanog1,4900,fell,2.14,1,77.738,74.3659,1.44209,2.65174,125.018,38.1208,26.3334,22.1617,75.9519,16.3127,10.2966,4.12379,8.29294,7.95955,,,,,,,,,,,,,,,,,,,,,,,,,,,,,,,,,,,,,,,,,,,,,,,,,,,,,,,,,,,,,,,,,,,,,,,,,,,,,,,,,,,,,,,,,,,,,,,,,,,,,,,,,,,,,,
nanog1,4901,fell,2.06,1,106.573,40.4051,2.96951,4.22364,215.456,39.3519,13.7619,7.25329,0.675844,24.9282,16.7345,5.25563,6.38114,1.30108,,,,,,,,,,,,,,,,,,,,,,,,,,,,,,,,,,,,,,,,,,,,,,,,,,,,,,,,,,,,,,,,,,,,,,,,,,,,,,,,,,,,,,,,,,,,,,,,,,,,,,,,,,,,,,
nanog1,4902,fell,2.28,1,56.8911,5.31606,1.57297,3.61779,116.623,39.4863,15.7469,25.695,6.04503,13.9501,8.87723,3.62588,7.62763,2.05144,,,,,,,,,,,,,,,,,,,,,,,,,,,,,,,,,,,,,,,,,,,,,,,,,,,,,,,,,,,,,,,,,,,,,,,,,,,,,,,,,,,,,,,,,,,,,,,,,,,,,,,,,,,,,,
nanog1,4903,fell,2.38,1,77.8393,55.5443,2.40925,3.90244,178.868,42.6074,15.3265,8.28078,0.525441,16.3393,12.3825,3.28342,5.35947,0.965072,,,,,,,,,,,,,,,,,,,,,,,,,,,,,,,,,,,,,,,,,,,,,,,,,,,,,,,,,,,,,,,,,,,,,,,,,,,,,,,,,,,,,,,,,,,,,,,,,,,,,,,,,,,,,,
nanog1,4904,fell,1.74,1,60.4044,36.3022,2.69952,4.04095,91.4219,33.114,15.5789,7.94558,0.619637,9.40642,8.56386,2.62105,3.37309,0.548268,,,,,,,,,,,,,,,,,,,,,,,,,,,,,,,,,,,,,,,,,,,,,,,,,,,,,,,,,,,,,,,,,,,,,,,,,,,,,,,,,,,,,,,,,,,,,,,,,,,,,,,,,,,,,,
nanog1,4905,fell,2.1,1,91.2577,99.3873,1.27132,3.09497,95.5521,40.5232,9.81517,21.5298,50.8792,11.1757,8.86423,2.53769,7.90536,4.15628,,,,,,,,,,,,,,,,,,,,,,,,,,,,,,,,,,,,,,,,,,,,,,,,,,,,,,,,,,,,,,,,,,,,,,,,,,,,,,,,,,,,,,,,,,,,,,,,,,,,,,,,,,,,,,
nanog1,4906,fell,1.8,1,63.5896,58.953,0.857605,3.15885,89.8184,29.1243,12.7698,16.1706,0.695626,10.3151,7.21628,3.31501,5.76078,0.812152,,,,,,,,,,,,,,,,,,,,,,,,,,,,,,,,,,,,,,,,,,,,,,,,,,,,,,,,,,,,,,,,,,,,,,,,,,,,,,,,,,,,,,,,,,,,,,,,,,,,,,,,,,,,,,
nanog1,4907,fell,1.5,1,77.9366,131.436,2.90016,4.10398,83.3031,27.3744,7.59677,3.77194,0.407952,9.33616,6.46964,2.53493,3.58147,0.790185,,,,,,,,,,,,,,,,,,,,,,,,,,,,,,,,,,,,,,,,,,,,,,,,,,,,,,,,,,,,,,,,,,,,,,,,,,,,,,,,,,,,,,,,,,,,,,,,,,,,,,,,,,,,,,
nanog1,4908,fell,1.84,1,206.772,6.65998,1.42144,3.5487,109.496,27.4391,15.5386,10.5771,1.83819,11.5247,8.12152,3.14163,5.48321,1.1389,,,,,,,,,,,,,,,,,,,,,,,,,,,,,,,,,,,,,,,,,,,,,,,,,,,,,,,,,,,,,,,,,,,,,,,,,,,,,,,,,,,,,,,,,,,,,,,,,,,,,,,,,,,,,,
nanog1,4909,fell,2.52,1,59.6083,19.0472,2.37154,3.74014,78.8715,37.9546,8.81975,11.0273,0.648995,10.9553,8.9338,2.71896,4.44389,0.769481,,,,,,,,,,,,,,,,,,,,,,,,,,,,,,,,,,,,,,,,,,,,,,,,,,,,,,,,,,,,,,,,,,,,,,,,,,,,,,,,,,,,,,,,,,,,,,,,,,,,,,,,,,,,,,
nanog1,4910,fell,1.54,1,68.9628,152.274,3.12322,4.25668,121.326,45.3329,9.28895,3.50956,0.632053,12.028,11.2703,3.11225,3.5561,0.872488,,,,,,,,,,,,,,,,,,,,,,,,,,,,,,,,,,,,,,,,,,,,,,,,,,,,,,,,,,,,,,,,,,,,,,,,,,,,,,,,,,,,,,,,,,,,,,,,,,,,,,,,,,,,,,
nanog1,4911,fell,1.46,1,55.3107,101.952,0.879883,2.95292,78.0326,26.8225,10.2171,16.4833,0.966356,10.1259,6.12446,2.2604,4.81748,1.14996,,,,,,,,,,,,,,,,,,,,,,,,,,,,,,,,,,,,,,,,,,,,,,,,,,,,,,,,,,,,,,,,,,,,,,,,,,,,,,,,,,,,,,,,,,,,,,,,,,,,,,,,,,,,,,
nanog1,4912,fell,1.22,1,59.6742,53.5542,1.90618,3.91429,71.6467,28.9386,5.77422,7.76501,1.47837,10.771,7.55334,2.79868,4.84004,1.33958,,,,,,,,,,,,,,,,,,,,,,,,,,,,,,,,,,,,,,,,,,,,,,,,,,,,,,,,,,,,,,,,,,,,,,,,,,,,,,,,,,,,,,,,,,,,,,,,,,,,,,,,,,,,,,
nanog1,4913,fell,1.62,1,59.1437,146.057,2.16919,4.03241,61.0846,24.5836,20.3921,10.9922,31.1293,8.39454,7.46055,2.44117,4.22086,3.22998,,,,,,,,,,,,,,,,,,,,,,,,,,,,,,,,,,,,,,,,,,,,,,,,,,,,,,,,,,,,,,,,,,,,,,,,,,,,,,,,,,,,,,,,,,,,,,,,,,,,,,,,,,,,,,
nanog1,4914,fell,1.8,1,54.1171,70.6537,2.04202,3.55157,98.1025,33.0661,7.94103,28.9697,30.1406,13.0489,8.60125,3.22569,8.08987,4.54146,,,,,,,,,,,,,,,,,,,,,,,,,,,,,,,,,,,,,,,,,,,,,,,,,,,,,,,,,,,,,,,,,,,,,,,,,,,,,,,,,,,,,,,,,,,,,,,,,,,,,,,,,,,,,,
nanog1,4915,fell,1.98,1,52.6577,65.1987,2.54364,3.92189,129.645,38.2929,10.5977,14.9933,41.6356,17.5493,11.6533,4.10145,5.88308,4.65239,,,,,,,,,,,,,,,,,,,,,,,,,,,,,,,,,,,,,,,,,,,,,,,,,,,,,,,,,,,,,,,,,,,,,,,,,,,,,,,,,,,,,,,,,,,,,,,,,,,,,,,,,,,,,,
nanog1,4916,fell,2.18,1,137.801,4.44487,2.50989,3.87264,114.209,31.4692,14.293,7.06974,0.457626,13.5182,8.80708,3.40274,4.68657,0.607837,,,,,,,,,,,,,,,,,,,,,,,,,,,,,,,,,,,,,,,,,,,,,,,,,,,,,,,,,,,,,,,,,,,,,,,,,,,,,,,,,,,,,,,,,,,,,,,,,,,,,,,,,,,,,,
nanog1,4917,fell,1.8,1,32.2373,6.32316,2.53287,3.76329,84.6821,39.8732,10.1804,13.1707,66.2255,9.53227,7.58429,2.56379,6.01117,5.06768,,,,,,,,,,,,,,,,,,,,,,,,,,,,,,,,,,,,,,,,,,,,,,,,,,,,,,,,,,,,,,,,,,,,,,,,,,,,,,,,,,,,,,,,,,,,,,,,,,,,,,,,,,,,,,
nanog1,4918,fell,2.88,1,66.6174,31.1427,0.872013,3.26916,155.341,42.8061,17.7915,15.7726,0.801806,17.1478,12.5386,4.13494,5.89943,0.950195,,,,,,,,,,,,,,,,,,,,,,,,,,,,,,,,,,,,,,,,,,,,,,,,,,,,,,,,,,,,,,,,,,,,,,,,,,,,,,,,,,,,,,,,,,,,,,,,,,,,,,,,,,,,,,
nanog1,4919,fell,1.8,1,71.7855,22.8596,1.46532,3.44941,219.233,41.8847,20.0768,9.04515,0.914324,21.5535,14.9045,4.76353,7.94976,1.30095,,,,,,,,,,,,,,,,,,,,,,,,,,,,,,,,,,,,,,,,,,,,,,,,,,,,,,,,,,,,,,,,,,,,,,,,,,,,,,,,,,,,,,,,,,,,,,,,,,,,,,,,,,,,,,
nanog1,4920,fell,2.86,1,48.6435,80.5794,2.55744,4.19052,182.941,43.7424,18.6712,7.52657,1.18607,18.4949,13.4754,4.084,5.79834,1.12899,,,,,,,,,,,,,,,,,,,,,,,,,,,,,,,,,,,,,,,,,,,,,,,,,,,,,,,,,,,,,,,,,,,,,,,,,,,,,,,,,,,,,,,,,,,,,,,,,,,,,,,,,,,,,,
nanog1,4921,fell,2.06,1,34.31,82.5922,0.714127,3.3629,187.589,38.8409,16.8386,15.1152,0.682615,23.6514,15.5085,5.20264,8.14519,1.41407,,,,,,,,,,,,,,,,,,,,,,,,,,,,,,,,,,,,,,,,,,,,,,,,,,,,,,,,,,,,,,,,,,,,,,,,,,,,,,,,,,,,,,,,,,,,,,,,,,,,,,,,,,,,,,
nanog1,4922,fell,2.06,1,145.022,20.6375,2.99378,4.33255,200.46,72.7309,11.8066,6.35204,0.5792,18.98,17.7666,4.21393,5.87174,1.04268,,,,,,,,,,,,,,,,,,,,,,,,,,,,,,,,,,,,,,,,,,,,,,,,,,,,,,,,,,,,,,,,,,,,,,,,,,,,,,,,,,,,,,,,,,,,,,,,,,,,,,,,,,,,,,
nanog1,4923,fell,1.16,1,136.339,113.188,1.3493,2.31717,88.608,14.654,17.1808,65.7669,1.82133,9.5186,6.83612,2.60578,10.0778,3.28281,,,,,,,,,,,,,,,,,,,,,,,,,,,,,,,,,,,,,,,,,,,,,,,,,,,,,,,,,,,,,,,,,,,,,,,,,,,,,,,,,,,,,,,,,,,,,,,,,,,,,,,,,,,,,,
nanog1,4924,fell,1.24,1,55.4755,13.3653,2.87126,4.41668,80.8922,36.3136,9.88949,4.05612,0.278783,8.2022,8.23758,1.92192,2.58652,0.661075,,,,,,,,,,,,,,,,,,,,,,,,,,,,,,,,,,,,,,,,,,,,,,,,,,,,,,,,,,,,,,,,,,,,,,,,,,,,,,,,,,,,,,,,,,,,,,,,,,,,,,,,,,,,,,
nanog1,4925,fell,1.64,1,90.7176,13.1457,1.38952,3.59458,115.791,39.8738,22.441,10.7033,1.00064,15.0114,12.6827,3.92949,6.72627,2.03381,,,,,,,,,,,,,,,,,,,,,,,,,,,,,,,,,,,,,,,,,,,,,,,,,,,,,,,,,,,,,,,,,,,,,,,,,,,,,,,,,,,,,,,,,,,,,,,,,,,,,,,,,,,,,,
nanog1,4926,fell,1.46,1,42.0925,29.6092,1.67632,3.63878,74.7501,32.5536,8.60828,17.88,0.945036,8.87061,8.41518,2.59916,7.88095,2.11588,,,,,,,,,,,,,,,,,,,,,,,,,,,,,,,,,,,,,,,,,,,,,,,,,,,,,,,,,,,,,,,,,,,,,,,,,,,,,,,,,,,,,,,,,,,,,,,,,,,,,,,,,,,,,,
nanog1,4927,fell,1.56,1,53.6447,19.6155,0.913844,3.00723,109.548,38.3238,9.37572,22.415,7.15328,11.8154,9.17887,2.90064,7.51675,5.20672,,,,,,,,,,,,,,,,,,,,,,,,,,,,,,,,,,,,,,,,,,,,,,,,,,,,,,,,,,,,,,,,,,,,,,,,,,,,,,,,,,,,,,,,,,,,,,,,,,,,,,,,,,,,,,
nanog1,4928,fell,1.76,1,76.6119,6.56269,2.49965,3.82049,61.5171,25.3795,7.09058,6.65805,0.547902,7.70218,7.6977,2.30744,3.46097,0.899298,,,,,,,,,,,,,,,,,,,,,,,,,,,,,,,,,,,,,,,,,,,,,,,,,,,,,,,,,,,,,,,,,,,,,,,,,,,,,,,,,,,,,,,,,,,,,,,,,,,,,,,,,,,,,,
nanog1,4929,fell,1.2,1,49.4639,44.5676,1.1187,3.45825,96.9574,31.3813,7.15288,11.2216,1.6079,9.36182,8.10295,2.50237,4.74719,0.863805,,,,,,,,,,,,,,,,,,,,,,,,,,,,,,,,,,,,,,,,,,,,,,,,,,,,,,,,,,,,,,,,,,,,,,,,,,,,,,,,,,,,,,,,,,,,,,,,,,,,,,,,,,,,,,
nanog1,4930,fell,1.86,1,48.8708,117.637,1.10974,3.18604,75.8467,27.4288,9.16907,13.4867,4.77589,9.20998,8.07183,2.38882,3.92759,1.1829,,,,,,,,,,,,,,,,,,,,,,,,,,,,,,,,,,,,,,,,,,,,,,,,,,,,,,,,,,,,,,,,,,,,,,,,,,,,,,,,,,,,,,,,,,,,,,,,,,,,,,,,,,,,,,
nanog1,4931,fell,1.76,1,8.58448,91.9617,1.46213,3.52903,92.6018,21.6037,16.871,41.6888,2.50483,10.5579,8.90886,3.11709,7.82651,2.8626,,,,,,,,,,,,,,,,,,,,,,,,,,,,,,,,,,,,,,,,,,,,,,,,,,,,,,,,,,,,,,,,,,,,,,,,,,,,,,,,,,,,,,,,,,,,,,,,,,,,,,,,,,,,,,
nanog1,4932,fell,2.06,1,15.7293,67.4113,2.0135,3.82115,109.508,41.7373,17.116,13.076,2.72114,12.4963,10.045,2.98812,5.31788,1.97024,,,,,,,,,,,,,,,,,,,,,,,,,,,,,,,,,,,,,,,,,,,,,,,,,,,,,,,,,,,,,,,,,,,,,,,,,,,,,,,,,,,,,,,,,,,,,,,,,,,,,,,,,,,,,,
nanog1,4933,fell,1.3,1,218.335,179.076,2.17651,3.01943,129.825,23.2755,23.3746,71.8076,9.3255,12.4081,8.74735,3.67994,12.5328,3.78724,,,,,,,,,,,,,,,,,,,,,,,,,,,,,,,,,,,,,,,,,,,,,,,,,,,,,,,,,,,,,,,,,,,,,,,,,,,,,,,,,,,,,,,,,,,,,,,,,,,,,,,,,,,,,,
nanog1,4934,fell,1.28,1,33.307,43.9137,0.741278,2.67189,80.3098,30.3522,11.8168,16.399,5.58511,10.0393,7.22476,2.86539,8.78953,4.65527,,,,,,,,,,,,,,,,,,,,,,,,,,,,,,,,,,,,,,,,,,,,,,,,,,,,,,,,,,,,,,,,,,,,,,,,,,,,,,,,,,,,,,,,,,,,,,,,,,,,,,,,,,,,,,
nanog1,4935,fell,1.56,1,62.431,21.9038,2.37206,2.92184,82.2004,29.7315,11.1967,12.6009,1.91431,9.78368,7.51814,2.84353,4.81481,1.83226,,,,,,,,,,,,,,,,,,,,,,,,,,,,,,,,,,,,,,,,,,,,,,,,,,,,,,,,,,,,,,,,,,,,,,,,,,,,,,,,,,,,,,,,,,,,,,,,,,,,,,,,,,,,,,
nanog1,4936,fell,2.06,1,82.7796,110.538,1.64742,3.44769,176.634,43.9619,17.6671,12.2328,1.03051,14.9969,10.8815,4.0839,6.16622,1.95631,,,,,,,,,,,,,,,,,,,,,,,,,,,,,,,,,,,,,,,,,,,,,,,,,,,,,,,,,,,,,,,,,,,,,,,,,,,,,,,,,,,,,,,,,,,,,,,,,,,,,,,,,,,,,,
nanog1,4937,fell,1.5,1,98.4221,15.407,1.99686,3.49531,34.0108,32.3677,9.29501,19.9166,66.4769,7.00999,4.7121,2.09815,5.16719,4.68959,,,,,,,,,,,,,,,,,,,,,,,,,,,,,,,,,,,,,,,,,,,,,,,,,,,,,,,,,,,,,,,,,,,,,,,,,,,,,,,,,,,,,,,,,,,,,,,,,,,,,,,,,,,,,,
nanog1,4938,fell,2.4,1,44.6408,43.0505,2.43343,4.07417,104.789,39.6718,19.1541,22.0167,11.2213,13.4097,10.2886,3.26453,6.67622,2.26792,,,,,,,,,,,,,,,,,,,,,,,,,,,,,,,,,,,,,,,,,,,,,,,,,,,,,,,,,,,,,,,,,,,,,,,,,,,,,,,,,,,,,,,,,,,,,,,,,,,,,,,,,,,,,,
nanog1,4939,fell,1.62,1,22.9004,15.3565,2.04556,4.07028,76.971,29.5381,15.9171,22.9081,3.41093,11.2687,7.45157,2.52824,7.93495,1.63004,,,,,,,,,,,,,,,,,,,,,,,,,,,,,,,,,,,,,,,,,,,,,,,,,,,,,,,,,,,,,,,,,,,,,,,,,,,,,,,,,,,,,,,,,,,,,,,,,,,,,,,,,,,,,,
nanog1,4940,fell,1.66,1,67.2025,38.2042,2.16846,3.63089,42.236,28.053,16.8866,41.9424,40.0123,7.23803,6.05711,2.37377,13.4577,5.60354,,,,,,,,,,,,,,,,,,,,,,,,,,,,,,,,,,,,,,,,,,,,,,,,,,,,,,,,,,,,,,,,,,,,,,,,,,,,,,,,,,,,,,,,,,,,,,,,,,,,,,,,,,,,,,
nanog1,4941,fell,1.36,1,58.201,78.5026,1.00282,3.18272,84.4225,20.1848,10.3202,11.6512,0.854028,12.2179,8.05273,2.65746,5.25634,1.14405,,,,,,,,,,,,,,,,,,,,,,,,,,,,,,,,,,,,,,,,,,,,,,,,,,,,,,,,,,,,,,,,,,,,,,,,,,,,,,,,,,,,,,,,,,,,,,,,,,,,,,,,,,,,,,
nanog1,4942,fell,2.94,1,58.9667,52.7365,2.86569,4.47923,201.976,48.7848,35.4768,14.4108,0.895316,22.3992,15.6387,4.538,8.29255,2.62038,,,,,,,,,,,,,,,,,,,,,,,,,,,,,,,,,,,,,,,,,,,,,,,,,,,,,,,,,,,,,,,,,,,,,,,,,,,,,,,,,,,,,,,,,,,,,,,,,,,,,,,,,,,,,,
nanog1,4943,fell,1.52,1,44.4255,10.6154,2.97599,4.04093,81.5888,28.1365,6.57632,4.81397,0.393902,9.363,7.79651,2.41757,3.54464,0.542542,,,,,,,,,,,,,,,,,,,,,,,,,,,,,,,,,,,,,,,,,,,,,,,,,,,,,,,,,,,,,,,,,,,,,,,,,,,,,,,,,,,,,,,,,,,,,,,,,,,,,,,,,,,,,,
nanog1,4944,fell,2.1,1,70.5602,75.8031,0.784042,3.21645,144.124,52.2773,12.8567,9.50364,0.601679,16.7171,13.5484,4.60112,5.98389,1.24514,,,,,,,,,,,,,,,,,,,,,,,,,,,,,,,,,,,,,,,,,,,,,,,,,,,,,,,,,,,,,,,,,,,,,,,,,,,,,,,,,,,,,,,,,,,,,,,,,,,,,,,,,,,,,,
nanog1,4945,fell,2.92,1,140.117,7.49689,3.01418,3.99031,177.113,48.6362,33.5039,24.9034,2.56696,18.1984,12.704,5.1035,10.8171,3.48922,,,,,,,,,,,,,,,,,,,,,,,,,,,,,,,,,,,,,,,,,,,,,,,,,,,,,,,,,,,,,,,,,,,,,,,,,,,,,,,,,,,,,,,,,,,,,,,,,,,,,,,,,,,,,,
nanog1,4946,fell,1.58,1,82.7852,3.98932,1.66063,3.06571,74.7149,25.8484,10.5967,29.86,17.9863,8.95169,6.09183,2.22278,7.19653,2.65661,,,,,,,,,,,,,,,,,,,,,,,,,,,,,,,,,,,,,,,,,,,,,,,,,,,,,,,,,,,,,,,,,,,,,,,,,,,,,,,,,,,,,,,,,,,,,,,,,,,,,,,,,,,,,,
nanog1,4947,fell,3.14,1,93.339,63.5518,2.92184,2.73437,205.332,59.096,24.745,30.0063,5.16824,22.7949,17.17,5.30117,9.92495,4.8523,,,,,,,,,,,,,,,,,,,,,,,,,,,,,,,,,,,,,,,,,,,,,,,,,,,,,,,,,,,,,,,,,,,,,,,,,,,,,,,,,,,,,,,,,,,,,,,,,,,,,,,,,,,,,,
nanog1,4948,fell,1.16,1,65.8334,41.2406,1.50387,2.59351,88.9833,28.3243,22.5957,30.0297,42.5109,13.2995,7.67897,3.88591,9.70372,4.26802,,,,,,,,,,,,,,,,,,,,,,,,,,,,,,,,,,,,,,,,,,,,,,,,,,,,,,,,,,,,,,,,,,,,,,,,,,,,,,,,,,,,,,,,,,,,,,,,,,,,,,,,,,,,,,
nanog1,4949,fell,1.28,1,44.9178,136.032,2.39516,4.08558,53.976,29.6585,20.8764,42.5666,16.3493,9.36367,6.35147,2.71814,7.38512,3.66533,,,,,,,,,,,,,,,,,,,,,,,,,,,,,,,,,,,,,,,,,,,,,,,,,,,,,,,,,,,,,,,,,,,,,,,,,,,,,,,,,,,,,,,,,,,,,,,,,,,,,,,,,,,,,,
nanog1,4950,fell,1.46,1,50.8202,64.3708,0.8284,3.3481,87.5946,32.4131,9.84594,6.52036,0.556346,9.5027,7.31698,2.72763,4.02039,0.442408,,,,,,,,,,,,,,,,,,,,,,,,,,,,,,,,,,,,,,,,,,,,,,,,,,,,,,,,,,,,,,,,,,,,,,,,,,,,,,,,,,,,,,,,,,,,,,,,,,,,,,,,,,,,,,
nanog1,4951,fell,1.84,1,118.856,74.521,0.938332,3.22846,87.6727,17.1213,11.3309,9.88788,1.37019,10.1461,6.56009,3.31127,5.3831,1.80302,,,,,,,,,,,,,,,,,,,,,,,,,,,,,,,,,,,,,,,,,,,,,,,,,,,,,,,,,,,,,,,,,,,,,,,,,,,,,,,,,,,,,,,,,,,,,,,,,,,,,,,,,,,,,,
nanog1,4952,fell,2.22,1,34.8269,62.5312,2.96044,3.54149,205.093,42.5055,19.642,14.7283,4.20933,23.8928,16.5005,6.02981,8.09349,1.56656,,,,,,,,,,,,,,,,,,,,,,,,,,,,,,,,,,,,,,,,,,,,,,,,,,,,,,,,,,,,,,,,,,,,,,,,,,,,,,,,,,,,,,,,,,,,,,,,,,,,,,,,,,,,,,
nanog1,4953,fell,1.42,1,157.824,28.8009,3.01203,4.46951,125.515,34.2067,17.3387,6.70815,0.430435,13.0176,10.966,3.18277,4.45963,1.02569,,,,,,,,,,,,,,,,,,,,,,,,,,,,,,,,,,,,,,,,,,,,,,,,,,,,,,,,,,,,,,,,,,,,,,,,,,,,,,,,,,,,,,,,,,,,,,,,,,,,,,,,,,,,,,
nanog1,4954,fell,1.82,1,88.8744,173.986,2.18911,4.00519,76.606,37.6273,13.1109,6.93509,0.456972,7.86426,7.45424,2.13631,3.97323,0.6016,,,,,,,,,,,,,,,,,,,,,,,,,,,,,,,,,,,,,,,,,,,,,,,,,,,,,,,,,,,,,,,,,,,,,,,,,,,,,,,,,,,,,,,,,,,,,,,,,,,,,,,,,,,,,,
nanog1,4955,fell,1.58,1,172.544,148.263,1.11026,3.26497,138.597,25.2678,14.8931,26.0084,1.1056,14.4246,11.4297,3.57603,8.43901,1.55485,,,,,,,,,,,,,,,,,,,,,,,,,,,,,,,,,,,,,,,,,,,,,,,,,,,,,,,,,,,,,,,,,,,,,,,,,,,,,,,,,,,,,,,,,,,,,,,,,,,,,,,,,,,,,,
nanog1,4956,fell,1.4,1,47.5451,166.914,0.844554,3.17724,94.0702,25.4807,17.004,6.53991,0.41247,10.5139,7.68199,2.86826,4.80743,1.2361,,,,,,,,,,,,,,,,,,,,,,,,,,,,,,,,,,,,,,,,,,,,,,,,,,,,,,,,,,,,,,,,,,,,,,,,,,,,,,,,,,,,,,,,,,,,,,,,,,,,,,,,,,,,,,
nanog1,4957,fell,1.62,1,38.0152,71.4083,2.17213,3.74862,117.134,39.3233,20.286,29.3367,55.3505,15.3586,10.4531,3.50034,10.899,5.56313,,,,,,,,,,,,,,,,,,,,,,,,,,,,,,,,,,,,,,,,,,,,,,,,,,,,,,,,,,,,,,,,,,,,,,,,,,,,,,,,,,,,,,,,,,,,,,,,,,,,,,,,,,,,,,
nanog1,4958,fell,2.24,1,67.0842,43.4108,2.11477,2.63815,160.395,42.9519,16.4358,34.7034,2.04337,17.5861,14.7741,4.4275,9.30721,1.76822,,,,,,,,,,,,,,,,,,,,,,,,,,,,,,,,,,,,,,,,,,,,,,,,,,,,,,,,,,,,,,,,,,,,,,,,,,,,,,,,,,,,,,,,,,,,,,,,,,,,,,,,,,,,,,
nanog1,4959,fell,2.24,1,122.782,52.6442,1.21178,3.29673,134.94,37.4845,12.2936,10.0455,0.715056,13.806,10.5557,3.8975,4.88906,0.813443,,,,,,,,,,,,,,,,,,,,,,,,,,,,,,,,,,,,,,,,,,,,,,,,,,,,,,,,,,,,,,,,,,,,,,,,,,,,,,,,,,,,,,,,,,,,,,,,,,,,,,,,,,,,,,
nanog1,4960,fell,2.48,1,117.918,74.3126,1.75027,3.18005,182.858,55.5972,21.4539,36.7674,16.4791,16.5915,13.1885,3.70606,11.1349,5.01091,,,,,,,,,,,,,,,,,,,,,,,,,,,,,,,,,,,,,,,,,,,,,,,,,,,,,,,,,,,,,,,,,,,,,,,,,,,,,,,,,,,,,,,,,,,,,,,,,,,,,,,,,,,,,,
nanog1,4961,fell,1.32,1,42.4402,119.313,1.50704,3.45996,84.2667,26.257,9.23042,10.7741,0.470263,9.96585,9.30952,2.56591,5.09071,0.574784,,,,,,,,,,,,,,,,,,,,,,,,,,,,,,,,,,,,,,,,,,,,,,,,,,,,,,,,,,,,,,,,,,,,,,,,,,,,,,,,,,,,,,,,,,,,,,,,,,,,,,,,,,,,,,
nanog1,4962,fell,2.86,1,46.653,20.7965,1.417,3.65763,201.284,50.2367,23.7176,19.358,1.57993,23.0443,15.0048,5.27473,8.90116,2.97583,,,,,,,,,,,,,,,,,,,,,,,,,,,,,,,,,,,,,,,,,,,,,,,,,,,,,,,,,,,,,,,,,,,,,,,,,,,,,,,,,,,,,,,,,,,,,,,,,,,,,,,,,,,,,,
nanog1,4963,fell,2.16,1,114.839,2.87614,1.26116,3.17737,136.528,37.6392,11.24,43.0695,19.082,13.6994,9.64614,3.04411,9.71821,6.35376,,,,,,,,,,,,,,,,,,,,,,,,,,,,,,,,,,,,,,,,,,,,,,,,,,,,,,,,,,,,,,,,,,,,,,,,,,,,,,,,,,,,,,,,,,,,,,,,,,,,,,,,,,,,,,
nanog1,4964,fell,2,1,124.717,151.372,1.89287,3.64288,41.5408,33.3489,13.8449,10.3752,31.4092,6.54157,4.45037,2.54306,6.9697,4.6106,,,,,,,,,,,,,,,,,,,,,,,,,,,,,,,,,,,,,,,,,,,,,,,,,,,,,,,,,,,,,,,,,,,,,,,,,,,,,,,,,,,,,,,,,,,,,,,,,,,,,,,,,,,,,,
nanog1,4965,fell,2,1,109.72,113.685,2.69089,4.24445,117.053,31.774,10.4242,7.94722,0.899339,13.052,10.2519,2.87939,3.55763,0.492374,,,,,,,,,,,,,,,,,,,,,,,,,,,,,,,,,,,,,,,,,,,,,,,,,,,,,,,,,,,,,,,,,,,,,,,,,,,,,,,,,,,,,,,,,,,,,,,,,,,,,,,,,,,,,,
nanog1,4966,fell,2.92,1,119.054,62.8775,2.97081,4.04193,141.85,43.711,25.499,8.44998,0.980839,14.9825,11.5009,3.56853,4.54983,0.686865,,,,,,,,,,,,,,,,,,,,,,,,,,,,,,,,,,,,,,,,,,,,,,,,,,,,,,,,,,,,,,,,,,,,,,,,,,,,,,,,,,,,,,,,,,,,,,,,,,,,,,,,,,,,,,
nanog1,4967,fell,1.92,1,63.4392,58.5478,0.923368,1.36065,122.687,41.1821,14.1954,27.5123,1.67253,14.507,11.7591,4.00619,10.1476,1.96723,,,,,,,,,,,,,,,,,,,,,,,,,,,,,,,,,,,,,,,,,,,,,,,,,,,,,,,,,,,,,,,,,,,,,,,,,,,,,,,,,,,,,,,,,,,,,,,,,,,,,,,,,,,,,,
nanog1,4968,fell,2.54,1,23.2496,3.33082,1.94186,3.83537,115.482,41.2626,17.7583,25.7577,45.4804,14.0624,10.5489,2.92994,8.1833,6.71626,,,,,,,,,,,,,,,,,,,,,,,,,,,,,,,,,,,,,,,,,,,,,,,,,,,,,,,,,,,,,,,,,,,,,,,,,,,,,,,,,,,,,,,,,,,,,,,,,,,,,,,,,,,,,,
nanog1,4969,fell,1.6,1,92.8836,24.97,2.90809,4.292,125.68,50.229,11.7084,5.93919,0.263115,13.6513,11.6883,3.35672,3.68946,0.464127,,,,,,,,,,,,,,,,,,,,,,,,,,,,,,,,,,,,,,,,,,,,,,,,,,,,,,,,,,,,,,,,,,,,,,,,,,,,,,,,,,,,,,,,,,,,,,,,,,,,,,,,,,,,,,
nanog1,4970,fell,1.64,1,116.139,44.0271,1.1075,3.27262,95.5824,27.1693,11.1871,12.0347,0.858481,13.2873,10.192,3.73782,5.15261,0.855119,,,,,,,,,,,,,,,,,,,,,,,,,,,,,,,,,,,,,,,,,,,,,,,,,,,,,,,,,,,,,,,,,,,,,,,,,,,,,,,,,,,,,,,,,,,,,,,,,,,,,,,,,,,,,,
nanog1,4971,fell,2.68,1,77.5652,15.0843,1.49701,2.2084,175.221,34.6612,27.1576,36.0315,29.0613,15.3058,12.7849,3.82488,10.8822,4.52225,,,,,,,,,,,,,,,,,,,,,,,,,,,,,,,,,,,,,,,,,,,,,,,,,,,,,,,,,,,,,,,,,,,,,,,,,,,,,,,,,,,,,,,,,,,,,,,,,,,,,,,,,,,,,,
nanog1,4972,fell,1.34,1,124.568,80.9252,1.15638,2.75284,97.4981,25.2733,7.25948,21.4675,0.571323,11.0477,8.68164,2.78702,5.68002,0.997633,,,,,,,,,,,,,,,,,,,,,,,,,,,,,,,,,,,,,,,,,,,,,,,,,,,,,,,,,,,,,,,,,,,,,,,,,,,,,,,,,,,,,,,,,,,,,,,,,,,,,,,,,,,,,,
nanog1,4973,fell,1.5,1,80.2973,13.0311,1.16762,3.38846,77.6731,20.3099,14.4103,11.9188,10.2822,10.7875,8.15341,3.31343,7.87405,4.85814,,,,,,,,,,,,,,,,,,,,,,,,,,,,,,,,,,,,,,,,,,,,,,,,,,,,,,,,,,,,,,,,,,,,,,,,,,,,,,,,,,,,,,,,,,,,,,,,,,,,,,,,,,,,,,
nanog1,4974,fell,1.48,1,78.6124,69.1522,1.26079,2.7557,132.335,37.6544,29.3916,47.1394,1.78219,11.8595,10.1179,3.90184,8.99572,1.96444,,,,,,,,,,,,,,,,,,,,,,,,,,,,,,,,,,,,,,,,,,,,,,,,,,,,,,,,,,,,,,,,,,,,,,,,,,,,,,,,,,,,,,,,,,,,,,,,,,,,,,,,,,,,,,
nanog1,4975,fell,1.16,1,47.958,11.1366,2.94259,4.02364,126.848,17.6736,23.4881,36.9704,0.47174,12.1225,8.72866,2.92764,6.80967,1.18664,,,,,,,,,,,,,,,,,,,,,,,,,,,,,,,,,,,,,,,,,,,,,,,,,,,,,,,,,,,,,,,,,,,,,,,,,,,,,,,,,,,,,,,,,,,,,,,,,,,,,,,,,,,,,,
nanog1,4976,fell,1.32,1,84.1631,111.409,3.17758,4.25346,88.4876,35.2187,14.6849,3.77094,0.374348,10.7733,7.94204,2.82644,3.72728,1.53344,,,,,,,,,,,,,,,,,,,,,,,,,,,,,,,,,,,,,,,,,,,,,,,,,,,,,,,,,,,,,,,,,,,,,,,,,,,,,,,,,,,,,,,,,,,,,,,,,,,,,,,,,,,,,,
nanog1,4977,fell,2.22,1,73.7246,30.4828,2.58562,3.94294,114.876,37.876,17.5332,18.8321,4.01251,12.3253,9.33748,2.82926,5.47437,3.11188,,,,,,,,,,,,,,,,,,,,,,,,,,,,,,,,,,,,,,,,,,,,,,,,,,,,,,,,,,,,,,,,,,,,,,,,,,,,,,,,,,,,,,,,,,,,,,,,,,,,,,,,,,,,,,
nanog1,4978,fell,2.68,1,195.253,2.93624,2.47397,3.74871,215.343,45.8022,30.1376,10.5402,0.379802,22.1404,16.6986,5.76918,7.80608,1.2317,,,,,,,,,,,,,,,,,,,,,,,,,,,,,,,,,,,,,,,,,,,,,,,,,,,,,,,,,,,,,,,,,,,,,,,,,,,,,,,,,,,,,,,,,,,,,,,,,,,,,,,,,,,,,,
nanog1,4979,fell,1.34,1,109.972,33.7068,0.665246,3.18698,107.513,35.1973,16.9743,11.4577,0.709303,12.9156,8.44388,3.33502,6.6363,1.73445,,,,,,,,,,,,,,,,,,,,,,,,,,,,,,,,,,,,,,,,,,,,,,,,,,,,,,,,,,,,,,,,,,,,,,,,,,,,,,,,,,,,,,,,,,,,,,,,,,,,,,,,,,,,,,
nanog1,4980,fell,1.5,1,49.9668,36.4799,1.18627,3.25097,77.8691,34.8871,7.97935,17.9018,12.1827,11.61,6.77438,2.9924,6.02715,3.62839,,,,,,,,,,,,,,,,,,,,,,,,,,,,,,,,,,,,,,,,,,,,,,,,,,,,,,,,,,,,,,,,,,,,,,,,,,,,,,,,,,,,,,,,,,,,,,,,,,,,,,,,,,,,,,
nanog1,4981,fell,1.28,1,105.017,34.9481,0.966178,3.52943,101.173,27.3179,24.2442,9.13828,0.44723,10.8188,8.21736,3.3054,5.9519,0.994124,,,,,,,,,,,,,,,,,,,,,,,,,,,,,,,,,,,,,,,,,,,,,,,,,,,,,,,,,,,,,,,,,,,,,,,,,,,,,,,,,,,,,,,,,,,,,,,,,,,,,,,,,,,,,,
nanog1,4982,fell,2.02,1,246.594,8.31798,2.84681,4.04763,149.989,42.5276,18.3022,26.0636,0.902999,15.4853,12.0604,3.97438,7.66893,1.42462,,,,,,,,,,,,,,,,,,,,,,,,,,,,,,,,,,,,,,,,,,,,,,,,,,,,,,,,,,,,,,,,,,,,,,,,,,,,,,,,,,,,,,,,,,,,,,,,,,,,,,,,,,,,,,
nanog1,4983,fell,2.24,1,147.085,14.877,1.80401,3.74595,152.173,46.1215,8.45784,20.9312,16.0125,18.1431,11.4169,4.18544,9.17469,1.95846,,,,,,,,,,,,,,,,,,,,,,,,,,,,,,,,,,,,,,,,,,,,,,,,,,,,,,,,,,,,,,,,,,,,,,,,,,,,,,,,,,,,,,,,,,,,,,,,,,,,,,,,,,,,,,
nanog1,4984,fell,1.9,1,80.7398,92.9469,1.09223,2.98067,53.3125,42.6013,14.0189,20.5118,3.86487,7.73457,5.20129,2.46274,7.56563,4.13956,,,,,,,,,,,,,,,,,,,,,,,,,,,,,,,,,,,,,,,,,,,,,,,,,,,,,,,,,,,,,,,,,,,,,,,,,,,,,,,,,,,,,,,,,,,,,,,,,,,,,,,,,,,,,,
nanog1,4985,fell,1.96,1,81.6177,120.111,1.24221,3.14483,130.496,28.1278,18.5382,15.6788,0.574069,15.7186,11.1105,4.12022,5.3416,0.666837,,,,,,,,,,,,,,,,,,,,,,,,,,,,,,,,,,,,,,,,,,,,,,,,,,,,,,,,,,,,,,,,,,,,,,,,,,,,,,,,,,,,,,,,,,,,,,,,,,,,,,,,,,,,,,
nanog1,4986,fell,2.32,1,101.598,27.0617,2.92086,4.27902,142.64,38.9487,29.7584,6.37204,1.08993,14.4438,11.094,3.37967,5.60054,2.00883,,,,,,,,,,,,,,,,,,,,,,,,,,,,,,,,,,,,,,,,,,,,,,,,,,,,,,,,,,,,,,,,,,,,,,,,,,,,,,,,,,,,,,,,,,,,,,,,,,,,,,,,,,,,,,
nanog1,4987,fell,1.28,1,101.972,73.0203,2.02968,3.89642,56.9715,28.4777,12.5332,24.5259,48.4481,8.43648,6.48322,2.69981,6.6912,4.43089,,,,,,,,,,,,,,,,,,,,,,,,,,,,,,,,,,,,,,,,,,,,,,,,,,,,,,,,,,,,,,,,,,,,,,,,,,,,,,,,,,,,,,,,,,,,,,,,,,,,,,,,,,,,,,
nanog1,4988,fell,1.4,1,57.8291,71.3658,1.88734,3.52753,94.4244,39.3046,12.1933,14.0026,51.4967,11.816,8.87237,3.24883,7.51421,3.98826,,,,,,,,,,,,,,,,,,,,,,,,,,,,,,,,,,,,,,,,,,,,,,,,,,,,,,,,,,,,,,,,,,,,,,,,,,,,,,,,,,,,,,,,,,,,,,,,,,,,,,,,,,,,,,
nanog1,4989,fell,2.92,1,88.0889,19.1958,1.45274,3.09552,168.396,42.9814,16.4177,38.9182,4.55328,17.8534,12.8603,4.00876,9.18422,4.06692,,,,,,,,,,,,,,,,,,,,,,,,,,,,,,,,,,,,,,,,,,,,,,,,,,,,,,,,,,,,,,,,,,,,,,,,,,,,,,,,,,,,,,,,,,,,,,,,,,,,,,,,,,,,,,
nanog1,4990,fell,1.02,1,37.573,23.3814,1.2729,3.4067,68.2863,25.2026,11.5035,16.8604,5.40333,8.55033,5.44969,2.8767,7.95076,1.71271,,,,,,,,,,,,,,,,,,,,,,,,,,,,,,,,,,,,,,,,,,,,,,,,,,,,,,,,,,,,,,,,,,,,,,,,,,,,,,,,,,,,,,,,,,,,,,,,,,,,,,,,,,,,,,
nanog1,4991,fell,1.18,1,54.3388,3.25305,0.828922,3.1572,89.4266,19.2237,15.1804,8.66221,0.924253,10.3139,7.9736,2.4962,4.09191,0.934722,,,,,,,,,,,,,,,,,,,,,,,,,,,,,,,,,,,,,,,,,,,,,,,,,,,,,,,,,,,,,,,,,,,,,,,,,,,,,,,,,,,,,,,,,,,,,,,,,,,,,,,,,,,,,,
nanog1,4992,fell,1.58,1,66.7494,47.6417,2.8402,4.03121,98.4195,29.4557,18.4836,8.91665,0.220082,10.2844,7.86387,2.45941,3.26298,0.407263,,,,,,,,,,,,,,,,,,,,,,,,,,,,,,,,,,,,,,,,,,,,,,,,,,,,,,,,,,,,,,,,,,,,,,,,,,,,,,,,,,,,,,,,,,,,,,,,,,,,,,,,,,,,,,
nanog1,4993,fell,2.38,1,88.784,61.595,0.60639,2.84422,126,30.7431,16.463,16.5137,26.3142,13.2897,9.45055,3.04962,6.97357,3.73612,,,,,,,,,,,,,,,,,,,,,,,,,,,,,,,,,,,,,,,,,,,,,,,,,,,,,,,,,,,,,,,,,,,,,,,,,,,,,,,,,,,,,,,,,,,,,,,,,,,,,,,,,,,,,,
nanog1,4994,fell,1.46,1,91.379,40.7283,2.67235,4.17712,99.2248,31.3619,31.6365,44.1513,1.22485,12.3714,10.4231,3.20715,5.88295,1.13937,,,,,,,,,,,,,,,,,,,,,,,,,,,,,,,,,,,,,,,,,,,,,,,,,,,,,,,,,,,,,,,,,,,,,,,,,,,,,,,,,,,,,,,,,,,,,,,,,,,,,,,,,,,,,,
nanog1,4995,fell,1.6,1,67.296,17.3186,1.38273,2.50054,89.3172,31.8078,16.9271,20.2801,4.1411,9.32588,7.40456,2.4755,7.89566,3.72742,,,,,,,,,,,,,,,,,,,,,,,,,,,,,,,,,,,,,,,,,,,,,,,,,,,,,,,,,,,,,,,,,,,,,,,,,,,,,,,,,,,,,,,,,,,,,,,,,,,,,,,,,,,,,,
nanog1,4996,fell,2.88,1,84.0434,33.6428,1.09269,2.24787,201.448,46.9648,25.2712,23.3376,1.6659,21.2452,14.8874,4.65117,10.9363,2.40025,,,,,,,,,,,,,,,,,,,,,,,,,,,,,,,,,,,,,,,,,,,,,,,,,,,,,,,,,,,,,,,,,,,,,,,,,,,,,,,,,,,,,,,,,,,,,,,,,,,,,,,,,,,,,,
nanog1,4997,fell,1.46,1,65.9792,68.7559,0.816633,3.24427,80.6661,26.8171,8.74955,6.57723,0.443216,10.1158,8.06179,2.75125,3.49056,0.599275,,,,,,,,,,,,,,,,,,,,,,,,,,,,,,,,,,,,,,,,,,,,,,,,,,,,,,,,,,,,,,,,,,,,,,,,,,,,,,,,,,,,,,,,,,,,,,,,,,,,,,,,,,,,,,
nanog1,4998,fell,2.32,1,91.9133,4.35725,0.725713,3.13844,223.045,43.6037,26.5366,13.4483,0.789603,22.5059,15.3249,5.27662,6.731,1.1181,,,,,,,,,,,,,,,,,,,,,,,,,,,,,,,,,,,,,,,,,,,,,,,,,,,,,,,,,,,,,,,,,,,,,,,,,,,,,,,,,,,,,,,,,,,,,,,,,,,,,,,,,,,,,,
nanog1,4999,fell,1.4,1,70.5544,47.7403,1.51011,3.40875,153.442,25.6267,6.60963,7.03917,0.300514,16.5343,9.70279,3.56421,5.14529,0.616761,,,,,,,,,,,,,,,,,,,,,,,,,,,,,,,,,,,,,,,,,,,,,,,,,,,,,,,,,,,,,,,,,,,,,,,,,,,,,,,,,,,,,,,,,,,,,,,,,,,,,,,,,,,,,,
nanog1,5000,fell,1.82,1,107.374,42.6623,3.01479,4.08767,132.271,48.0043,11.458,16.2053,1.22977,15.167,13.0349,4.47061,8.4785,1.90457,,,,,,,,,,,,,,,,,,,,,,,,,,,,,,,,,,,,,,,,,,,,,,,,,,,,,,,,,,,,,,,,,,,,,,,,,,,,,,,,,,,,,,,,,,,,,,,,,,,,,,,,,,,,,,
nanog1,5001,fell,1.88,1,69.358,101.683,3.04842,4.2013,100.814,39.0677,8.54547,6.63676,0.337303,10.1874,9.50326,2.37735,2.72143,0.395795,,,,,,,,,,,,,,,,,,,,,,,,,,,,,,,,,,,,,,,,,,,,,,,,,,,,,,,,,,,,,,,,,,,,,,,,,,,,,,,,,,,,,,,,,,,,,,,,,,,,,,,,,,,,,,
nanog1,5002,fell,1.36,1,62.5107,12.209,1.28895,3.44454,77.5975,29.3304,23.0356,14.5552,2.43231,8.82362,7.02289,2.96605,7.2582,3.35276,,,,,,,,,,,,,,,,,,,,,,,,,,,,,,,,,,,,,,,,,,,,,,,,,,,,,,,,,,,,,,,,,,,,,,,,,,,,,,,,,,,,,,,,,,,,,,,,,,,,,,,,,,,,,,
nanog1,5003,fell,2,1,84.8136,74.5255,2.08449,3.83188,166.217,44.3539,10.7331,11.1771,1.90982,18.2656,14.2613,4.84234,7.39918,1.46699,,,,,,,,,,,,,,,,,,,,,,,,,,,,,,,,,,,,,,,,,,,,,,,,,,,,,,,,,,,,,,,,,,,,,,,,,,,,,,,,,,,,,,,,,,,,,,,,,,,,,,,,,,,,,,
nanog1,5004,fell,2.8,1,84.9232,25.573,1.25246,3.34924,182.639,45.541,19.8375,11.8341,0.554451,18.589,14.8028,4.37989,5.24699,0.803332,,,,,,,,,,,,,,,,,,,,,,,,,,,,,,,,,,,,,,,,,,,,,,,,,,,,,,,,,,,,,,,,,,,,,,,,,,,,,,,,,,,,,,,,,,,,,,,,,,,,,,,,,,,,,,
nanog1,5005,fell,1.1,1,86.2387,6.96231,2.14327,3.76802,85.3537,25.0984,11.4615,21.788,61.9495,10.8582,6.64297,2.56019,8.27742,4.61955,,,,,,,,,,,,,,,,,,,,,,,,,,,,,,,,,,,,,,,,,,,,,,,,,,,,,,,,,,,,,,,,,,,,,,,,,,,,,,,,,,,,,,,,,,,,,,,,,,,,,,,,,,,,,,
nanog1,5006,fell,1.82,1,24.4896,12.3779,2.14653,3.76726,94.9199,32.7427,25.9699,31.3179,58.8541,11.6459,8.2754,3.10757,7.05123,4.76358,,,,,,,,,,,,,,,,,,,,,,,,,,,,,,,,,,,,,,,,,,,,,,,,,,,,,,,,,,,,,,,,,,,,,,,,,,,,,,,,,,,,,,,,,,,,,,,,,,,,,,,,,,,,,,
nanog1,5007,fell,1.32,1,9.56547,73.3625,2.29402,3.64724,61.6127,32.459,7.70743,24.3984,36.9039,9.9193,6.82435,2.58742,9.13012,5.00869,,,,,,,,,,,,,,,,,,,,,,,,,,,,,,,,,,,,,,,,,,,,,,,,,,,,,,,,,,,,,,,,,,,,,,,,,,,,,,,,,,,,,,,,,,,,,,,,,,,,,,,,,,,,,,
nanog1,5008,fell,1.58,1,106.625,19.8642,3.18454,4.50717,150.076,51.1028,9.47947,6.49255,0.238963,15.4414,12.7396,3.7862,4.8487,0.991068,,,,,,,,,,,,,,,,,,,,,,,,,,,,,,,,,,,,,,,,,,,,,,,,,,,,,,,,,,,,,,,,,,,,,,,,,,,,,,,,,,,,,,,,,,,,,,,,,,,,,,,,,,,,,,
nanog1,5009,fell,1.5,1,47.6362,102.465,1.61667,3.54587,95.7293,29.6666,8.22409,5.85378,0.554863,11.176,10.6244,3.1381,5.07272,0.692643,,,,,,,,,,,,,,,,,,,,,,,,,,,,,,,,,,,,,,,,,,,,,,,,,,,,,,,,,,,,,,,,,,,,,,,,,,,,,,,,,,,,,,,,,,,,,,,,,,,,,,,,,,,,,,
nanog1,5010,fell,1.94,1,94.8471,75.1645,3.00333,4.14242,115.382,44.1206,17.3744,6.99796,0.599506,12.0906,9.79182,2.73231,2.96216,0.483987,,,,,,,,,,,,,,,,,,,,,,,,,,,,,,,,,,,,,,,,,,,,,,,,,,,,,,,,,,,,,,,,,,,,,,,,,,,,,,,,,,,,,,,,,,,,,,,,,,,,,,,,,,,,,,
nanog1,5011,fell,2.18,1,34.7738,46.5163,1.64082,2.93533,119.343,28.968,24.8786,33.2339,3.96018,14.4959,10.8184,4.10335,11.0712,3.80124,,,,,,,,,,,,,,,,,,,,,,,,,,,,,,,,,,,,,,,,,,,,,,,,,,,,,,,,,,,,,,,,,,,,,,,,,,,,,,,,,,,,,,,,,,,,,,,,,,,,,,,,,,,,,,
nanog1,5012,fell,1.98,1,82.5378,52.4198,2.1611,3.42327,85.8432,38.7428,10.7495,31.5582,84.2164,11.5446,10.1927,2.69613,7.28302,7.27155,,,,,,,,,,,,,,,,,,,,,,,,,,,,,,,,,,,,,,,,,,,,,,,,,,,,,,,,,,,,,,,,,,,,,,,,,,,,,,,,,,,,,,,,,,,,,,,,,,,,,,,,,,,,,,
nanog1,5013,fell,1.66,1,89.3639,75.3909,1.87518,3.82617,110.771,39.9629,16.8812,15.9985,1.13723,13.0002,9.78693,3.28898,6.94628,2.41892,,,,,,,,,,,,,,,,,,,,,,,,,,,,,,,,,,,,,,,,,,,,,,,,,,,,,,,,,,,,,,,,,,,,,,,,,,,,,,,,,,,,,,,,,,,,,,,,,,,,,,,,,,,,,,
nanog1,5014,fell,2.3,1,31.6122,47.1506,0.879715,3.24548,146.611,39.7197,25.7664,11.3581,0.301585,16.679,13.3803,3.91623,6.0775,0.67193,,,,,,,,,,,,,,,,,,,,,,,,,,,,,,,,,,,,,,,,,,,,,,,,,,,,,,,,,,,,,,,,,,,,,,,,,,,,,,,,,,,,,,,,,,,,,,,,,,,,,,,,,,,,,,
nanog1,5015,fell,2.08,1,59.8176,144.406,2.97688,4.15094,108.54,42.6639,17.8044,11.1396,0.742344,9.00893,8.0801,2.54985,4.10413,1.12999,,,,,,,,,,,,,,,,,,,,,,,,,,,,,,,,,,,,,,,,,,,,,,,,,,,,,,,,,,,,,,,,,,,,,,,,,,,,,,,,,,,,,,,,,,,,,,,,,,,,,,,,,,,,,,
nanog1,5016,fell,1.1,1,99.6173,144.032,1.19369,3.31822,97.0063,18.9426,8.89494,15.4096,1.07089,13.0718,7.64394,2.72796,6.53345,1.67136,,,,,,,,,,,,,,,,,,,,,,,,,,,,,,,,,,,,,,,,,,,,,,,,,,,,,,,,,,,,,,,,,,,,,,,,,,,,,,,,,,,,,,,,,,,,,,,,,,,,,,,,,,,,,,
nanog1,5017,fell,2.32,1,92.5569,37.8152,1.70899,3.26499,168.561,48.978,19.2321,16.7714,87.2503,16.4958,11.3544,4.98701,9.04148,5.578,,,,,,,,,,,,,,,,,,,,,,,,,,,,,,,,,,,,,,,,,,,,,,,,,,,,,,,,,,,,,,,,,,,,,,,,,,,,,,,,,,,,,,,,,,,,,,,,,,,,,,,,,,,,,,
nanog1,5018,fell,3.44,1,109.675,108.64,0.727643,2.86604,287.344,71.6401,48.166,26.912,2.25142,30.2943,20.0258,7.27894,11.545,2.68048,,,,,,,,,,,,,,,,,,,,,,,,,,,,,,,,,,,,,,,,,,,,,,,,,,,,,,,,,,,,,,,,,,,,,,,,,,,,,,,,,,,,,,,,,,,,,,,,,,,,,,,,,,,,,,
nanog1,5019,fell,4,1,68.166,17.1104,1.54809,3.38623,299.866,57.0424,39.0085,14.5897,1.17137,27.8128,20.725,6.25811,9.25018,4.09334,,,,,,,,,,,,,,,,,,,,,,,,,,,,,,,,,,,,,,,,,,,,,,,,,,,,,,,,,,,,,,,,,,,,,,,,,,,,,,,,,,,,,,,,,,,,,,,,,,,,,,,,,,,,,,
nanog1,5020,fell,1.88,1,98.2547,27.366,2.34937,3.85303,169.111,48.6928,17.3285,27.4308,49.8035,24.742,15.4049,5.2361,10.9874,3.95391,,,,,,,,,,,,,,,,,,,,,,,,,,,,,,,,,,,,,,,,,,,,,,,,,,,,,,,,,,,,,,,,,,,,,,,,,,,,,,,,,,,,,,,,,,,,,,,,,,,,,,,,,,,,,,
nanog1,5021,fell,1.98,1,112.95,61.591,2.98644,4.30537,152.92,51.7584,13.706,4.43242,0.574234,15.9702,12.5396,3.65361,5.01676,0.995048,,,,,,,,,,,,,,,,,,,,,,,,,,,,,,,,,,,,,,,,,,,,,,,,,,,,,,,,,,,,,,,,,,,,,,,,,,,,,,,,,,,,,,,,,,,,,,,,,,,,,,,,,,,,,,
nanog1,5022,fell,1.54,1,7.37212,111.294,2.01018,3.7591,62.8668,28.3099,6.93085,14.6454,52.2093,12.4653,7.59258,3.08426,7.40314,4.0657,,,,,,,,,,,,,,,,,,,,,,,,,,,,,,,,,,,,,,,,,,,,,,,,,,,,,,,,,,,,,,,,,,,,,,,,,,,,,,,,,,,,,,,,,,,,,,,,,,,,,,,,,,,,,,
nanog1,5023,fell,2.6,1,29.6245,5.15421,2.02151,2.89789,127.926,43.7817,16.4083,79.9795,52.6013,16.9579,12.6732,4.2209,13.8687,7.92905,,,,,,,,,,,,,,,,,,,,,,,,,,,,,,,,,,,,,,,,,,,,,,,,,,,,,,,,,,,,,,,,,,,,,,,,,,,,,,,,,,,,,,,,,,,,,,,,,,,,,,,,,,,,,,
nanog1,5024,fell,1.3,1,73.5988,6.55329,1.44939,2.60844,103.741,31.6739,13.6812,17.9271,1.80579,11.2379,7.926,2.58014,7.62439,3.54609,,,,,,,,,,,,,,,,,,,,,,,,,,,,,,,,,,,,,,,,,,,,,,,,,,,,,,,,,,,,,,,,,,,,,,,,,,,,,,,,,,,,,,,,,,,,,,,,,,,,,,,,,,,,,,
nanog1,5025,fell,1.92,1,95.3086,28.0513,1.05564,3.39415,139.567,28.536,9.46345,10.1671,0.623918,18.5669,11.667,4.30443,6.79126,0.980096,,,,,,,,,,,,,,,,,,,,,,,,,,,,,,,,,,,,,,,,,,,,,,,,,,,,,,,,,,,,,,,,,,,,,,,,,,,,,,,,,,,,,,,,,,,,,,,,,,,,,,,,,,,,,,
nanog1,5026,fell,2.14,1,43.0656,53.6448,2.63368,4.11674,137.339,33.1197,15.7849,11.3648,0.564055,14.1284,10.761,3.12646,4.12598,0.657668,,,,,,,,,,,,,,,,,,,,,,,,,,,,,,,,,,,,,,,,,,,,,,,,,,,,,,,,,,,,,,,,,,,,,,,,,,,,,,,,,,,,,,,,,,,,,,,,,,,,,,,,,,,,,,
nanog1,5027,fell,1.68,1,58.0604,9.81919,1.46524,3.34979,87.4125,30.6318,15.4064,29.8393,1.5577,13.7351,7.91772,3.6767,7.20383,1.41222,,,,,,,,,,,,,,,,,,,,,,,,,,,,,,,,,,,,,,,,,,,,,,,,,,,,,,,,,,,,,,,,,,,,,,,,,,,,,,,,,,,,,,,,,,,,,,,,,,,,,,,,,,,,,,
nanog1,5028,fell,1.32,1,154.36,138.125,2.52397,3.94881,88.4407,19.9838,13.1228,8.07341,1.64372,10.3473,7.16249,2.68351,4.68211,1.06516,,,,,,,,,,,,,,,,,,,,,,,,,,,,,,,,,,,,,,,,,,,,,,,,,,,,,,,,,,,,,,,,,,,,,,,,,,,,,,,,,,,,,,,,,,,,,,,,,,,,,,,,,,,,,,
nanog1,5029,fell,2.82,1,90.3981,37.2995,1.32301,2.55974,200.782,56.6597,14.3112,15.0782,0.771969,25.6028,18.0546,5.41237,8.56252,1.12278,,,,,,,,,,,,,,,,,,,,,,,,,,,,,,,,,,,,,,,,,,,,,,,,,,,,,,,,,,,,,,,,,,,,,,,,,,,,,,,,,,,,,,,,,,,,,,,,,,,,,,,,,,,,,,
nanog1,5030,fell,1.78,1,121.186,116.11,1.64207,3.39599,94.4994,26.3854,18.778,15.5958,1.44957,10.3675,7.22892,3.50992,6.82721,2.01611,,,,,,,,,,,,,,,,,,,,,,,,,,,,,,,,,,,,,,,,,,,,,,,,,,,,,,,,,,,,,,,,,,,,,,,,,,,,,,,,,,,,,,,,,,,,,,,,,,,,,,,,,,,,,,
nanog1,5031,fell,1.22,1,12.6097,179.333,1.60994,3.79233,59.346,35.7974,8.86825,37.534,6.43687,9.88435,7.7563,3.45688,9.48226,3.15385,,,,,,,,,,,,,,,,,,,,,,,,,,,,,,,,,,,,,,,,,,,,,,,,,,,,,,,,,,,,,,,,,,,,,,,,,,,,,,,,,,,,,,,,,,,,,,,,,,,,,,,,,,,,,,
nanog1,5032,fell,1.96,1,102.77,12.5388,1.9552,3.6674,105.412,37.3334,12.9193,7.27377,0.601958,11.8093,9.3515,3.11518,4.54578,0.705449,,,,,,,,,,,,,,,,,,,,,,,,,,,,,,,,,,,,,,,,,,,,,,,,,,,,,,,,,,,,,,,,,,,,,,,,,,,,,,,,,,,,,,,,,,,,,,,,,,,,,,,,,,,,,,
nanog1,5033,fell,1.18,1,10.3496,11.806,1.36405,3.34007,77.4358,28.8807,8.67183,21.5436,6.27572,12.6979,7.3126,2.95215,8.01211,3.5976,,,,,,,,,,,,,,,,,,,,,,,,,,,,,,,,,,,,,,,,,,,,,,,,,,,,,,,,,,,,,,,,,,,,,,,,,,,,,,,,,,,,,,,,,,,,,,,,,,,,,,,,,,,,,,
nanog1,5034,fell,2.12,1,89.9724,131.61,1.14819,3.66288,158.283,33.5551,17.8673,16.5079,3.07167,14.8249,10.4491,3.57202,6.4815,2.90803,,,,,,,,,,,,,,,,,,,,,,,,,,,,,,,,,,,,,,,,,,,,,,,,,,,,,,,,,,,,,,,,,,,,,,,,,,,,,,,,,,,,,,,,,,,,,,,,,,,,,,,,,,,,,,
nanog1,5035,fell,1.48,1,23.0125,125.716,1.35335,3.40475,117.717,21.6204,18.9461,16.8259,13.4516,14.9225,10.6606,3.87607,10.3387,7.20384,,,,,,,,,,,,,,,,,,,,,,,,,,,,,,,,,,,,,,,,,,,,,,,,,,,,,,,,,,,,,,,,,,,,,,,,,,,,,,,,,,,,,,,,,,,,,,,,,,,,,,,,,,,,,,
nanog1,5036,fell,1.12,1,126.038,140.778,3.01475,4.16858,90.0043,26.62,26.4527,5.78431,0.296918,9.32986,8.04205,2.71452,3.45104,0.553446,,,,,,,,,,,,,,,,,,,,,,,,,,,,,,,,,,,,,,,,,,,,,,,,,,,,,,,,,,,,,,,,,,,,,,,,,,,,,,,,,,,,,,,,,,,,,,,,,,,,,,,,,,,,,,
nanog1,5037,fell,1.8,1,83.8892,85.22,1.11317,2.73705,115.764,40.5896,10.1012,39.6013,9.39097,13.04,9.93616,3.07538,8.0366,6.90749,,,,,,,,,,,,,,,,,,,,,,,,,,,,,,,,,,,,,,,,,,,,,,,,,,,,,,,,,,,,,,,,,,,,,,,,,,,,,,,,,,,,,,,,,,,,,,,,,,,,,,,,,,,,,,
nanog1,5038,fell,2.32,1,32.0837,32.3938,1.29363,3.1144,106.003,37.0548,10.0247,21.7586,36.5344,12.1315,7.44064,3.53466,6.61185,4.34764,,,,,,,,,,,,,,,,,,,,,,,,,,,,,,,,,,,,,,,,,,,,,,,,,,,,,,,,,,,,,,,,,,,,,,,,,,,,,,,,,,,,,,,,,,,,,,,,,,,,,,,,,,,,,,
nanog1,5039,fell,1.24,1,82.128,109.417,1.99948,3.3942,47.977,31.3636,7.77942,13.7409,185.562,7.36025,5.87957,2.37281,9.47436,12.3774,,,,,,,,,,,,,,,,,,,,,,,,,,,,,,,,,,,,,,,,,,,,,,,,,,,,,,,,,,,,,,,,,,,,,,,,,,,,,,,,,,,,,,,,,,,,,,,,,,,,,,,,,,,,,,
nanog1,5040,fell,1.22,1,67.1676,5.67726,2.38748,3.88551,86.1131,30.7987,9.20373,12.5225,29.7293,11.0799,8.42399,2.4138,5.79715,3.61645,,,,,,,,,,,,,,,,,,,,,,,,,,,,,,,,,,,,,,,,,,,,,,,,,,,,,,,,,,,,,,,,,,,,,,,,,,,,,,,,,,,,,,,,,,,,,,,,,,,,,,,,,,,,,,
nanog1,5041,fell,2.16,1,103.705,105.751,3.02392,4.36333,137.23,34.857,9.70469,4.14748,0.5974,13.4862,12.0767,3.13372,5.27912,2.29219,,,,,,,,,,,,,,,,,,,,,,,,,,,,,,,,,,,,,,,,,,,,,,,,,,,,,,,,,,,,,,,,,,,,,,,,,,,,,,,,,,,,,,,,,,,,,,,,,,,,,,,,,,,,,,
nanog1,5042,fell,1.92,1,102.85,9.6896,1.03863,3.11759,154.926,49.3742,16.7675,18.609,2.75247,17.6154,14.9067,4.22019,7.00695,1.42548,,,,,,,,,,,,,,,,,,,,,,,,,,,,,,,,,,,,,,,,,,,,,,,,,,,,,,,,,,,,,,,,,,,,,,,,,,,,,,,,,,,,,,,,,,,,,,,,,,,,,,,,,,,,,,
nanog1,5043,fell,2.2,1,65.1933,13.8159,1.62958,3.4509,105.926,37.2194,18.4111,24.0298,47.189,14.48,10.65,3.60804,6.66407,6.18459,,,,,,,,,,,,,,,,,,,,,,,,,,,,,,,,,,,,,,,,,,,,,,,,,,,,,,,,,,,,,,,,,,,,,,,,,,,,,,,,,,,,,,,,,,,,,,,,,,,,,,,,,,,,,,
nanog1,5044,fell,4.52,1,71.5385,62.4954,2.68463,3.92986,203.102,74.5931,42.8561,17.8644,1.22468,20.7688,17.9744,5.08303,6.69326,1.23692,,,,,,,,,,,,,,,,,,,,,,,,,,,,,,,,,,,,,,,,,,,,,,,,,,,,,,,,,,,,,,,,,,,,,,,,,,,,,,,,,,,,,,,,,,,,,,,,,,,,,,,,,,,,,,
nanog1,5045,fell,1.92,1,135.637,7.93713,1.40371,2.24755,96.0771,26.3771,16.7697,31.5,3.6259,13.9106,9.37797,3.61093,10.7196,4.33768,,,,,,,,,,,,,,,,,,,,,,,,,,,,,,,,,,,,,,,,,,,,,,,,,,,,,,,,,,,,,,,,,,,,,,,,,,,,,,,,,,,,,,,,,,,,,,,,,,,,,,,,,,,,,,
nanog1,5046,fell,2.54,1,103.428,29.9171,1.773,3.17702,169.877,54.4846,17.3605,20.4117,6.11077,16.9456,14.3342,3.75853,7.40102,3.83627,,,,,,,,,,,,,,,,,,,,,,,,,,,,,,,,,,,,,,,,,,,,,,,,,,,,,,,,,,,,,,,,,,,,,,,,,,,,,,,,,,,,,,,,,,,,,,,,,,,,,,,,,,,,,,
nanog1,5047,fell,3.4,1,41.8176,19.6912,1.95592,4.11322,133.07,48.3069,31.3534,17.4558,8.08764,13.4594,10.5508,3.37876,7.66658,3.28723,,,,,,,,,,,,,,,,,,,,,,,,,,,,,,,,,,,,,,,,,,,,,,,,,,,,,,,,,,,,,,,,,,,,,,,,,,,,,,,,,,,,,,,,,,,,,,,,,,,,,,,,,,,,,,
nanog1,5048,fell,1.5,1,75.6256,11.2377,1.351,2.59418,104.954,26.6286,10.7013,22.7734,1.42332,12.7274,8.81811,2.6531,8.16077,2.80598,,,,,,,,,,,,,,,,,,,,,,,,,,,,,,,,,,,,,,,,,,,,,,,,,,,,,,,,,,,,,,,,,,,,,,,,,,,,,,,,,,,,,,,,,,,,,,,,,,,,,,,,,,,,,,
nanog1,5049,fell,1.42,1,134.56,47.1004,1.12371,2.88582,85.9834,35.0537,15.0852,26.2882,26.4132,13.5865,9.43942,3.62498,10.2953,4.24187,,,,,,,,,,,,,,,,,,,,,,,,,,,,,,,,,,,,,,,,,,,,,,,,,,,,,,,,,,,,,,,,,,,,,,,,,,,,,,,,,,,,,,,,,,,,,,,,,,,,,,,,,,,,,,
nanog1,5050,fell,1.74,1,115.396,43.9248,2.80183,3.98988,96.9366,35.7912,10.9931,9.009,0.303649,10.2412,8.17609,2.30532,2.56651,0.449459,,,,,,,,,,,,,,,,,,,,,,,,,,,,,,,,,,,,,,,,,,,,,,,,,,,,,,,,,,,,,,,,,,,,,,,,,,,,,,,,,,,,,,,,,,,,,,,,,,,,,,,,,,,,,,
nanog1,5051,fell,1.52,1,77.3896,18.9437,2.03343,3.58206,128.839,32.2531,11.1547,22.6212,22.3328,13.9147,10.6359,3.48523,7.15957,5.15645,,,,,,,,,,,,,,,,,,,,,,,,,,,,,,,,,,,,,,,,,,,,,,,,,,,,,,,,,,,,,,,,,,,,,,,,,,,,,,,,,,,,,,,,,,,,,,,,,,,,,,,,,,,,,,
nanog1,5052,fell,1,1,13.7511,174.755,0.943015,3.2887,76.2297,13.7999,10.6797,35.2452,0.798541,8.90585,6.7577,2.62164,5.99495,1.10131,,,,,,,,,,,,,,,,,,,,,,,,,,,,,,,,,,,,,,,,,,,,,,,,,,,,,,,,,,,,,,,,,,,,,,,,,,,,,,,,,,,,,,,,,,,,,,,,,,,,,,,,,,,,,,
nanog1,5053,fell,3.46,1,92.62,106.258,3.10148,4.39009,263.658,61.7436,23.0662,9.52542,0.889561,27.8277,20.0994,6.21723,7.64833,1.50073,,,,,,,,,,,,,,,,,,,,,,,,,,,,,,,,,,,,,,,,,,,,,,,,,,,,,,,,,,,,,,,,,,,,,,,,,,,,,,,,,,,,,,,,,,,,,,,,,,,,,,,,,,,,,,
nanog1,5054,fell,3.66,1,107.634,110.563,1.06653,3.43237,209.531,77.2666,21.6572,14.0205,0.712016,21.7273,16.7237,5.82095,7.47917,0.938171,,,,,,,,,,,,,,,,,,,,,,,,,,,,,,,,,,,,,,,,,,,,,,,,,,,,,,,,,,,,,,,,,,,,,,,,,,,,,,,,,,,,,,,,,,,,,,,,,,,,,,,,,,,,,,
nanog1,5055,fell,1.46,1,86.8983,41.7721,2.31384,3.39378,61.9012,34.0075,8.31229,35.073,56.1217,12.5445,8.36115,2.90451,7.96621,4.77009,,,,,,,,,,,,,,,,,,,,,,,,,,,,,,,,,,,,,,,,,,,,,,,,,,,,,,,,,,,,,,,,,,,,,,,,,,,,,,,,,,,,,,,,,,,,,,,,,,,,,,,,,,,,,,
nanog1,5056,fell,1.54,1,2.66145,17.3977,0.782783,2.35905,84.0134,37.6332,10.0618,49.0857,28.0182,12.8941,8.00891,3.13448,13.3196,3.852,,,,,,,,,,,,,,,,,,,,,,,,,,,,,,,,,,,,,,,,,,,,,,,,,,,,,,,,,,,,,,,,,,,,,,,,,,,,,,,,,,,,,,,,,,,,,,,,,,,,,,,,,,,,,,
nanog1,5057,fell,1.38,1,78.5701,9.13842,2.03682,3.84876,150.991,29.309,10.5648,5.27481,0.59185,18.1564,12.8718,4.3244,6.2031,1.65111,,,,,,,,,,,,,,,,,,,,,,,,,,,,,,,,,,,,,,,,,,,,,,,,,,,,,,,,,,,,,,,,,,,,,,,,,,,,,,,,,,,,,,,,,,,,,,,,,,,,,,,,,,,,,,
nanog1,5058,fell,1.68,1,111.271,48.8965,1.26767,3.63803,89.7589,34.2029,8.99669,13.1391,1.46377,10.7479,7.1061,3.21838,6.64224,2.22515,,,,,,,,,,,,,,,,,,,,,,,,,,,,,,,,,,,,,,,,,,,,,,,,,,,,,,,,,,,,,,,,,,,,,,,,,,,,,,,,,,,,,,,,,,,,,,,,,,,,,,,,,,,,,,
nanog1,5059,fell,1.96,1,110.019,22.1669,0.935111,3.34366,124.721,47.9776,18.0275,11.9118,0.735564,12.7149,10.9711,3.18651,5.7117,0.957333,,,,,,,,,,,,,,,,,,,,,,,,,,,,,,,,,,,,,,,,,,,,,,,,,,,,,,,,,,,,,,,,,,,,,,,,,,,,,,,,,,,,,,,,,,,,,,,,,,,,,,,,,,,,,,
nanog1,5060,fell,1.58,1,77.0325,75.3813,1.26696,3.35611,113.861,32.2082,16.7662,26.9209,1.39707,12.3347,8.66007,3.2536,11.0406,2.94518,,,,,,,,,,,,,,,,,,,,,,,,,,,,,,,,,,,,,,,,,,,,,,,,,,,,,,,,,,,,,,,,,,,,,,,,,,,,,,,,,,,,,,,,,,,,,,,,,,,,,,,,,,,,,,
nanog1,5061,fell,2.02,1,71.3097,15.1247,1.93186,3.51579,106.22,45.7175,11.982,27.3653,15.1564,12.77,8.4688,3.22498,5.5264,4.86666,,,,,,,,,,,,,,,,,,,,,,,,,,,,,,,,,,,,,,,,,,,,,,,,,,,,,,,,,,,,,,,,,,,,,,,,,,,,,,,,,,,,,,,,,,,,,,,,,,,,,,,,,,,,,,
nanog1,5062,fell,1.46,1,100.762,95.286,2.6348,4.41948,84.7573,33.8947,21.0605,41.1043,2.65486,10.5568,9.46454,2.69232,7.15133,3.39211,,,,,,,,,,,,,,,,,,,,,,,,,,,,,,,,,,,,,,,,,,,,,,,,,,,,,,,,,,,,,,,,,,,,,,,,,,,,,,,,,,,,,,,,,,,,,,,,,,,,,,,,,,,,,,
nanog1,5063,fell,2.06,1,17.5961,87.1826,1.82258,3.53448,146.3,38.1267,21.4678,12.2708,1.41336,15.4981,9.734,3.36111,5.80278,1.10975,,,,,,,,,,,,,,,,,,,,,,,,,,,,,,,,,,,,,,,,,,,,,,,,,,,,,,,,,,,,,,,,,,,,,,,,,,,,,,,,,,,,,,,,,,,,,,,,,,,,,,,,,,,,,,
nanog1,5064,fell,2.58,1,115.929,33.6791,3.03715,4.38663,199.399,53.9179,26.3698,22.3109,0.791269,23.1009,17.9925,5.00718,7.98128,1.73404,,,,,,,,,,,,,,,,,,,,,,,,,,,,,,,,,,,,,,,,,,,,,,,,,,,,,,,,,,,,,,,,,,,,,,,,,,,,,,,,,,,,,,,,,,,,,,,,,,,,,,,,,,,,,,
nanog1,5065,fell,2.24,1,48.4481,92.3866,2.93306,3.92217,150.389,37.0586,15.7934,9.91528,4.64591,15.8151,11.2113,3.44968,6.86275,2.19096,,,,,,,,,,,,,,,,,,,,,,,,,,,,,,,,,,,,,,,,,,,,,,,,,,,,,,,,,,,,,,,,,,,,,,,,,,,,,,,,,,,,,,,,,,,,,,,,,,,,,,,,,,,,,,
nanog1,5066,fell,1.42,1,74.3439,121.111,2.42589,3.88185,139.559,30.9975,15.7153,13.0371,0.92097,15.3755,11.7974,3.72481,6.1471,1.18181,,,,,,,,,,,,,,,,,,,,,,,,,,,,,,,,,,,,,,,,,,,,,,,,,,,,,,,,,,,,,,,,,,,,,,,,,,,,,,,,,,,,,,,,,,,,,,,,,,,,,,,,,,,,,,
nanog1,5067,fell,2.5,1,19.8144,155.364,2.35368,3.92364,94.1241,39.1496,13.2041,27.1354,23.7809,14.8236,10.0577,3.30268,8.55627,4.55524,,,,,,,,,,,,,,,,,,,,,,,,,,,,,,,,,,,,,,,,,,,,,,,,,,,,,,,,,,,,,,,,,,,,,,,,,,,,,,,,,,,,,,,,,,,,,,,,,,,,,,,,,,,,,,
nanog1,5068,fell,1.96,1,92.044,19.6611,0.66107,3.15295,122.269,39.232,25.1642,13.2669,5.37719,14.1072,10.9151,4.04899,6.82783,2.99134,,,,,,,,,,,,,,,,,,,,,,,,,,,,,,,,,,,,,,,,,,,,,,,,,,,,,,,,,,,,,,,,,,,,,,,,,,,,,,,,,,,,,,,,,,,,,,,,,,,,,,,,,,,,,,
nanog1,5069,fell,2.42,1,76.2814,0.20971,0.882368,2.98605,150.574,30.6664,16.8574,14.5065,0.980925,15.9522,12.4005,3.91669,5.63992,1.35789,,,,,,,,,,,,,,,,,,,,,,,,,,,,,,,,,,,,,,,,,,,,,,,,,,,,,,,,,,,,,,,,,,,,,,,,,,,,,,,,,,,,,,,,,,,,,,,,,,,,,,,,,,,,,,
nanog1,5070,fell,1.46,1,26.8813,30.3082,1.24342,2.18942,80.9522,27.0705,16.7941,16.9695,3.61377,11.1373,8.62292,2.78284,8.89301,3.28632,,,,,,,,,,,,,,,,,,,,,,,,,,,,,,,,,,,,,,,,,,,,,,,,,,,,,,,,,,,,,,,,,,,,,,,,,,,,,,,,,,,,,,,,,,,,,,,,,,,,,,,,,,,,,,
nanog1,5071,fell,2.92,1,138.684,52.3713,2.80742,3.81821,187.737,38.4753,21.7755,27.6098,0.874226,16.4449,10.8646,3.66354,5.14544,0.93478,,,,,,,,,,,,,,,,,,,,,,,,,,,,,,,,,,,,,,,,,,,,,,,,,,,,,,,,,,,,,,,,,,,,,,,,,,,,,,,,,,,,,,,,,,,,,,,,,,,,,,,,,,,,,,
nanog1,5072,fell,2.94,1,122.816,39.8692,2.8995,4.04278,195.104,39.0867,36.033,24.8984,2.25223,21.5882,15.9246,5.29772,12.334,4.99485,,,,,,,,,,,,,,,,,,,,,,,,,,,,,,,,,,,,,,,,,,,,,,,,,,,,,,,,,,,,,,,,,,,,,,,,,,,,,,,,,,,,,,,,,,,,,,,,,,,,,,,,,,,,,,
nanog1,5073,fell,1.6,1,108.972,16.6745,2.98705,4.29758,120.204,39.1402,19.6379,16.3146,0.915959,12.5026,11.1988,2.74031,5.41528,1.96152,,,,,,,,,,,,,,,,,,,,,,,,,,,,,,,,,,,,,,,,,,,,,,,,,,,,,,,,,,,,,,,,,,,,,,,,,,,,,,,,,,,,,,,,,,,,,,,,,,,,,,,,,,,,,,
nanog1,5074,fell,2.84,1,78.8886,85.0277,1.42098,3.39766,221.865,53.202,25.8617,15.1931,0.52848,25.7195,18.5081,5.71589,7.12153,2.13301,,,,,,,,,,,,,,,,,,,,,,,,,,,,,,,,,,,,,,,,,,,,,,,,,,,,,,,,,,,,,,,,,,,,,,,,,,,,,,,,,,,,,,,,,,,,,,,,,,,,,,,,,,,,,,
nanog1,5075,fell,4.02,1,111.668,8.5696,3.13151,4.45379,282.566,70.9833,30.6925,10.4372,1.20751,25.6749,21.3393,6.09373,7.92428,1.76284,,,,,,,,,,,,,,,,,,,,,,,,,,,,,,,,,,,,,,,,,,,,,,,,,,,,,,,,,,,,,,,,,,,,,,,,,,,,,,,,,,,,,,,,,,,,,,,,,,,,,,,,,,,,,,
nanog1,5076,fell,2.02,1,102.509,21.1833,1.66717,3.79282,94.8008,37.895,7.86164,14.424,65.2917,10.9789,8.50694,2.88706,7.31094,7.22382,,,,,,,,,,,,,,,,,,,,,,,,,,,,,,,,,,,,,,,,,,,,,,,,,,,,,,,,,,,,,,,,,,,,,,,,,,,,,,,,,,,,,,,,,,,,,,,,,,,,,,,,,,,,,,
nanog1,5077,fell,2.82,1,132.499,11.813,2.8424,4.34776,174.943,59.7508,20.1747,8.66034,0.84454,16.4539,14.341,3.80181,5.37884,0.797678,,,,,,,,,,,,,,,,,,,,,,,,,,,,,,,,,,,,,,,,,,,,,,,,,,,,,,,,,,,,,,,,,,,,,,,,,,,,,,,,,,,,,,,,,,,,,,,,,,,,,,,,,,,,,,
nanog1,5078,fell,1.52,1,114.765,111.276,1.46826,2.48037,163.143,29.9775,22.0841,10.1395,0.740581,15.2131,11.208,4.17994,6.1586,1.08681,,,,,,,,,,,,,,,,,,,,,,,,,,,,,,,,,,,,,,,,,,,,,,,,,,,,,,,,,,,,,,,,,,,,,,,,,,,,,,,,,,,,,,,,,,,,,,,,,,,,,,,,,,,,,,
nanog1,5079,fell,1.7,1,128.29,58.6945,2.21371,3.72174,50.14,29.6062,12.7948,56.0705,62.0832,7.3085,4.90732,2.33877,9.13455,5.0174,,,,,,,,,,,,,,,,,,,,,,,,,,,,,,,,,,,,,,,,,,,,,,,,,,,,,,,,,,,,,,,,,,,,,,,,,,,,,,,,,,,,,,,,,,,,,,,,,,,,,,,,,,,,,,
nanog1,5080,fell,2.32,1,91.9733,30.7519,2.88604,3.62764,111.914,39.8576,12.0569,28.165,7.20943,11.8119,9.55123,2.86492,6.09045,2.01485,,,,,,,,,,,,,,,,,,,,,,,,,,,,,,,,,,,,,,,,,,,,,,,,,,,,,,,,,,,,,,,,,,,,,,,,,,,,,,,,,,,,,,,,,,,,,,,,,,,,,,,,,,,,,,
nanog1,5081,fell,1.8,1,43.0834,16.0341,1.62637,2.92022,86.513,27.0191,14.1297,36.472,34.9019,10.2906,6.9,2.76186,7.70978,5.59098,,,,,,,,,,,,,,,,,,,,,,,,,,,,,,,,,,,,,,,,,,,,,,,,,,,,,,,,,,,,,,,,,,,,,,,,,,,,,,,,,,,,,,,,,,,,,,,,,,,,,,,,,,,,,,
nanog1,5082,fell,1.52,1,65.4736,71.8117,1.95172,2.87993,96.202,21.8689,8.97298,16.5881,2.44861,13.3039,9.56936,3.42629,9.75461,4.10921,,,,,,,,,,,,,,,,,,,,,,,,,,,,,,,,,,,,,,,,,,,,,,,,,,,,,,,,,,,,,,,,,,,,,,,,,,,,,,,,,,,,,,,,,,,,,,,,,,,,,,,,,,,,,,
nanog1,5083,fell,2.48,1,218.458,71.2292,1.57326,1.42348,172.999,33.4986,38.1492,25.8678,2.05352,14.6238,10.1961,4.62238,11.4242,2.98644,,,,,,,,,,,,,,,,,,,,,,,,,,,,,,,,,,,,,,,,,,,,,,,,,,,,,,,,,,,,,,,,,,,,,,,,,,,,,,,,,,,,,,,,,,,,,,,,,,,,,,,,,,,,,,
nanog1,5084,fell,1.72,1,135.257,169.514,1.94692,3.96517,33.1425,32.203,8.7366,14.3517,44.2192,5.3815,4.87863,1.71786,4.42304,5.41489,,,,,,,,,,,,,,,,,,,,,,,,,,,,,,,,,,,,,,,,,,,,,,,,,,,,,,,,,,,,,,,,,,,,,,,,,,,,,,,,,,,,,,,,,,,,,,,,,,,,,,,,,,,,,,
nanog1,5085,fell,1.96,1,72.3583,56.6955,1.93089,3.33029,99.2397,37.2228,9.0189,24.3855,75.7457,13.2211,8.18458,3.41965,9.38588,5.18076,,,,,,,,,,,,,,,,,,,,,,,,,,,,,,,,,,,,,,,,,,,,,,,,,,,,,,,,,,,,,,,,,,,,,,,,,,,,,,,,,,,,,,,,,,,,,,,,,,,,,,,,,,,,,,
nanog1,5086,fell,1.56,1,62.3445,59.3261,2.79284,4.12386,80.4459,34.1826,11.8832,6.95815,0.403119,8.93657,7.98787,2.14297,2.78715,0.37753,,,,,,,,,,,,,,,,,,,,,,,,,,,,,,,,,,,,,,,,,,,,,,,,,,,,,,,,,,,,,,,,,,,,,,,,,,,,,,,,,,,,,,,,,,,,,,,,,,,,,,,,,,,,,,
nanog1,5087,fell,1.22,1,52.8634,31.9045,0.935316,3.14548,90.7223,19.3252,9.14813,22.013,1.06901,10.0354,9.37998,2.43694,6.10928,1.21698,,,,,,,,,,,,,,,,,,,,,,,,,,,,,,,,,,,,,,,,,,,,,,,,,,,,,,,,,,,,,,,,,,,,,,,,,,,,,,,,,,,,,,,,,,,,,,,,,,,,,,,,,,,,,,
nanog1,5088,fell,1.48,1,22.3823,104.172,2.4112,3.94527,46.9765,26.33,8.30758,11.0938,44.025,10.4961,6.75692,2.66176,5.61327,4.16223,,,,,,,,,,,,,,,,,,,,,,,,,,,,,,,,,,,,,,,,,,,,,,,,,,,,,,,,,,,,,,,,,,,,,,,,,,,,,,,,,,,,,,,,,,,,,,,,,,,,,,,,,,,,,,
nanog1,5089,fell,1.96,1,78.7198,81.4817,3.0924,4.10136,81.4696,38.5624,18.4269,6.64366,0.651268,8.15518,6.89084,2.26958,2.71367,0.533654,,,,,,,,,,,,,,,,,,,,,,,,,,,,,,,,,,,,,,,,,,,,,,,,,,,,,,,,,,,,,,,,,,,,,,,,,,,,,,,,,,,,,,,,,,,,,,,,,,,,,,,,,,,,,,
nanog1,5090,fell,1.5,1,48.8638,106.502,1.22911,3.26299,100.647,36.6707,15.7247,14.0913,1.43903,14.0685,9.46868,3.47716,6.10322,1.21307,,,,,,,,,,,,,,,,,,,,,,,,,,,,,,,,,,,,,,,,,,,,,,,,,,,,,,,,,,,,,,,,,,,,,,,,,,,,,,,,,,,,,,,,,,,,,,,,,,,,,,,,,,,,,,
nanog1,5091,fell,1.68,1,138.725,85.3984,2.53625,4.07464,45.2556,32.5655,13.0541,11.862,0.48743,7.22084,5.39909,2.04787,3.93635,0.904499,,,,,,,,,,,,,,,,,,,,,,,,,,,,,,,,,,,,,,,,,,,,,,,,,,,,,,,,,,,,,,,,,,,,,,,,,,,,,,,,,,,,,,,,,,,,,,,,,,,,,,,,,,,,,,
nanog1,5092,fell,1.8,1,59.8323,70.946,2.15965,3.90201,101.085,37.602,7.48603,9.82323,7.06322,11.9061,7.77072,2.92975,3.97098,1.43927,,,,,,,,,,,,,,,,,,,,,,,,,,,,,,,,,,,,,,,,,,,,,,,,,,,,,,,,,,,,,,,,,,,,,,,,,,,,,,,,,,,,,,,,,,,,,,,,,,,,,,,,,,,,,,
nanog1,5093,fell,1.42,1,115.33,39.1275,1.9917,1.76299,98.8311,22.2445,16.7781,33.464,12.127,12.4165,9.52847,3.30363,11.2388,6.02996,,,,,,,,,,,,,,,,,,,,,,,,,,,,,,,,,,,,,,,,,,,,,,,,,,,,,,,,,,,,,,,,,,,,,,,,,,,,,,,,,,,,,,,,,,,,,,,,,,,,,,,,,,,,,,
nanog1,5094,fell,1.38,1,69.5122,4.58219,1.4392,3.23731,118.773,23.8005,9.46366,29.5996,5.06995,15.9981,11.1575,3.79323,7.74195,4.52632,,,,,,,,,,,,,,,,,,,,,,,,,,,,,,,,,,,,,,,,,,,,,,,,,,,,,,,,,,,,,,,,,,,,,,,,,,,,,,,,,,,,,,,,,,,,,,,,,,,,,,,,,,,,,,
nanog1,5095,fell,1.36,1,74.193,80.7968,1.69637,3.07378,65.5111,28.7795,16.4983,49.3697,8.16855,10.3963,6.54871,2.84569,8.05802,3.45249,,,,,,,,,,,,,,,,,,,,,,,,,,,,,,,,,,,,,,,,,,,,,,,,,,,,,,,,,,,,,,,,,,,,,,,,,,,,,,,,,,,,,,,,,,,,,,,,,,,,,,,,,,,,,,
nanog1,5096,fell,1.14,1,62.6806,87.0038,1.37252,2.97243,57.7824,26.2935,9.08773,34.7665,45.025,8.94028,5.35086,2.51788,10.0065,5.93393,,,,,,,,,,,,,,,,,,,,,,,,,,,,,,,,,,,,,,,,,,,,,,,,,,,,,,,,,,,,,,,,,,,,,,,,,,,,,,,,,,,,,,,,,,,,,,,,,,,,,,,,,,,,,,
nanog1,5097,fell,2.2,1,65.6744,8.91772,2.73379,2.3585,139.346,45.9953,22.0586,25.9624,4.14571,15.9895,13.612,3.95683,10.2069,2.68051,,,,,,,,,,,,,,,,,,,,,,,,,,,,,,,,,,,,,,,,,,,,,,,,,,,,,,,,,,,,,,,,,,,,,,,,,,,,,,,,,,,,,,,,,,,,,,,,,,,,,,,,,,,,,,
nanog1,5098,fell,3.2,1,88.4929,88.0049,0.791023,3.13324,187.986,42.6046,20.5777,18.004,0.984056,18.5419,13.4056,4.33766,9.18492,3.09857,,,,,,,,,,,,,,,,,,,,,,,,,,,,,,,,,,,,,,,,,,,,,,,,,,,,,,,,,,,,,,,,,,,,,,,,,,,,,,,,,,,,,,,,,,,,,,,,,,,,,,,,,,,,,,
nanog1,5099,fell,4.5,1,122.37,9.87379,2.10124,3.82448,273.759,70.7135,31.2504,23.612,1.26883,25.5112,19.0694,5.38773,7.83909,1.1535,,,,,,,,,,,,,,,,,,,,,,,,,,,,,,,,,,,,,,,,,,,,,,,,,,,,,,,,,,,,,,,,,,,,,,,,,,,,,,,,,,,,,,,,,,,,,,,,,,,,,,,,,,,,,,
nanog1,5100,fell,2.2,1,77.8968,4.96942,2.23655,4.20577,117.657,39.8937,12.2962,11.9803,24.4028,12.2172,9.33644,3.15509,5.43983,3.70648,,,,,,,,,,,,,,,,,,,,,,,,,,,,,,,,,,,,,,,,,,,,,,,,,,,,,,,,,,,,,,,,,,,,,,,,,,,,,,,,,,,,,,,,,,,,,,,,,,,,,,,,,,,,,,
nanog1,5101,fell,1.96,1,119.836,35.781,0.910967,3.42753,122.472,34.1302,14.6563,8.52748,0.986024,14.4598,8.86183,3.13451,5.00443,1.10266,,,,,,,,,,,,,,,,,,,,,,,,,,,,,,,,,,,,,,,,,,,,,,,,,,,,,,,,,,,,,,,,,,,,,,,,,,,,,,,,,,,,,,,,,,,,,,,,,,,,,,,,,,,,,,
nanog1,5102,fell,1.42,1,59.0323,32.1466,1.24654,3.3625,82.8083,31.097,7.37491,7.7643,0.402624,12.1923,9.06028,3.05823,4.2259,0.714243,,,,,,,,,,,,,,,,,,,,,,,,,,,,,,,,,,,,,,,,,,,,,,,,,,,,,,,,,,,,,,,,,,,,,,,,,,,,,,,,,,,,,,,,,,,,,,,,,,,,,,,,,,,,,,
nanog1,5103,fell,2.28,1,90.7588,22.8577,2.73019,4.04106,134.367,51.3054,14.7039,16.8333,12.6687,15.4419,13.8712,4.11655,9.62601,6.11525,,,,,,,,,,,,,,,,,,,,,,,,,,,,,,,,,,,,,,,,,,,,,,,,,,,,,,,,,,,,,,,,,,,,,,,,,,,,,,,,,,,,,,,,,,,,,,,,,,,,,,,,,,,,,,
nanog1,5104,fell,1.44,1,118.115,64.278,2.99744,4.08474,114.86,35.8351,21.6307,9.1906,0.784624,11.2176,9.68919,2.82634,5.25314,1.28528,,,,,,,,,,,,,,,,,,,,,,,,,,,,,,,,,,,,,,,,,,,,,,,,,,,,,,,,,,,,,,,,,,,,,,,,,,,,,,,,,,,,,,,,,,,,,,,,,,,,,,,,,,,,,,
nanog1,5105,fell,3.76,1,47.8892,3.5497,2.82985,4.33504,285.886,69.1635,25.1317,12.1268,1.77406,25.7211,19.3064,5.56003,8.41982,2.83884,,,,,,,,,,,,,,,,,,,,,,,,,,,,,,,,,,,,,,,,,,,,,,,,,,,,,,,,,,,,,,,,,,,,,,,,,,,,,,,,,,,,,,,,,,,,,,,,,,,,,,,,,,,,,,
nanog1,5106,fell,1.9,1,95.4459,56.7136,3.01317,4.22595,122.129,40.2865,18.6217,7.20328,0.39636,11.9643,9.0538,2.99089,4.79874,1.28424,,,,,,,,,,,,,,,,,,,,,,,,,,,,,,,,,,,,,,,,,,,,,,,,,,,,,,,,,,,,,,,,,,,,,,,,,,,,,,,,,,,,,,,,,,,,,,,,,,,,,,,,,,,,,,
nanog1,5107,fell,1.8,1,80.1864,67.3342,1.19114,2.80578,109.759,34.9808,15.9735,24.754,23.4695,16.7752,11.4759,4.74179,7.91927,7.8491,,,,,,,,,,,,,,,,,,,,,,,,,,,,,,,,,,,,,,,,,,,,,,,,,,,,,,,,,,,,,,,,,,,,,,,,,,,,,,,,,,,,,,,,,,,,,,,,,,,,,,,,,,,,,,
nanog1,5108,fell,1.86,1,75.4832,27.6895,2.07865,3.81334,40.1035,31.5512,14.5925,26.3012,16.2081,6.60278,4.45311,2.27131,6.00605,4.15434,,,,,,,,,,,,,,,,,,,,,,,,,,,,,,,,,,,,,,,,,,,,,,,,,,,,,,,,,,,,,,,,,,,,,,,,,,,,,,,,,,,,,,,,,,,,,,,,,,,,,,,,,,,,,,
nanog1,5109,fell,1.42,1,70.5412,91.2146,1.30111,3.52978,85.3787,23.1154,6.16172,8.75128,7.06835,12.1994,7.3233,3.20986,6.22647,3.75279,,,,,,,,,,,,,,,,,,,,,,,,,,,,,,,,,,,,,,,,,,,,,,,,,,,,,,,,,,,,,,,,,,,,,,,,,,,,,,,,,,,,,,,,,,,,,,,,,,,,,,,,,,,,,,
nanog1,5110,fell,2.78,1,70.6285,103.304,3.02002,4.07467,178.292,43.008,16.9144,9.49468,0.400763,15.6096,12.1059,4.119,3.99096,0.58943,,,,,,,,,,,,,,,,,,,,,,,,,,,,,,,,,,,,,,,,,,,,,,,,,,,,,,,,,,,,,,,,,,,,,,,,,,,,,,,,,,,,,,,,,,,,,,,,,,,,,,,,,,,,,,
nanog1,5111,fell,1.36,1,35.3651,64.2817,1.10125,2.7841,119.269,36.8172,15.0257,30.6085,18.6926,16.8526,10.5859,3.72676,11.4644,3.85376,,,,,,,,,,,,,,,,,,,,,,,,,,,,,,,,,,,,,,,,,,,,,,,,,,,,,,,,,,,,,,,,,,,,,,,,,,,,,,,,,,,,,,,,,,,,,,,,,,,,,,,,,,,,,,
nanog1,5112,fell,1.04,1,52.1284,26.1036,1.36709,3.60926,84.5652,22.3666,6.13372,25.6535,0.652002,9.89633,7.93419,2.58763,5.61477,0.952381,,,,,,,,,,,,,,,,,,,,,,,,,,,,,,,,,,,,,,,,,,,,,,,,,,,,,,,,,,,,,,,,,,,,,,,,,,,,,,,,,,,,,,,,,,,,,,,,,,,,,,,,,,,,,,
nanog1,5113,fell,1.42,1,158.392,83.6703,2.55289,4.01382,93.6767,22.0086,25.9749,48.1011,3.26312,11.6858,8.26639,3.4046,8.38817,3.48755,,,,,,,,,,,,,,,,,,,,,,,,,,,,,,,,,,,,,,,,,,,,,,,,,,,,,,,,,,,,,,,,,,,,,,,,,,,,,,,,,,,,,,,,,,,,,,,,,,,,,,,,,,,,,,
nanog1,5114,fell,2.52,1,98.1742,63.1492,1.35487,2.61703,178.841,58.4438,23.8354,17.4429,3.64376,18.3838,13.8344,4.96787,8.36063,3.74197,,,,,,,,,,,,,,,,,,,,,,,,,,,,,,,,,,,,,,,,,,,,,,,,,,,,,,,,,,,,,,,,,,,,,,,,,,,,,,,,,,,,,,,,,,,,,,,,,,,,,,,,,,,,,,
nanog1,5115,fell,1.52,1,105.88,11.656,3.07638,4.38777,133.094,45.0461,13.2346,13.138,3.71449,14.5523,12.2903,3.5602,7.72782,3.53045,,,,,,,,,,,,,,,,,,,,,,,,,,,,,,,,,,,,,,,,,,,,,,,,,,,,,,,,,,,,,,,,,,,,,,,,,,,,,,,,,,,,,,,,,,,,,,,,,,,,,,,,,,,,,,
nanog1,5116,fell,1.68,1,68.6282,116.761,2.83862,3.95861,94.2867,23.2535,13.2902,7.09288,0.651464,11.0829,8.07374,2.75269,3.88305,0.591022,,,,,,,,,,,,,,,,,,,,,,,,,,,,,,,,,,,,,,,,,,,,,,,,,,,,,,,,,,,,,,,,,,,,,,,,,,,,,,,,,,,,,,,,,,,,,,,,,,,,,,,,,,,,,,
nanog1,5117,fell,1.56,1,28.016,176.304,1.67625,3.75576,58.8202,28.8537,7.46922,20.0456,6.26575,10.3101,6.41143,2.80866,6.71276,1.77816,,,,,,,,,,,,,,,,,,,,,,,,,,,,,,,,,,,,,,,,,,,,,,,,,,,,,,,,,,,,,,,,,,,,,,,,,,,,,,,,,,,,,,,,,,,,,,,,,,,,,,,,,,,,,,
nanog1,5118,fell,1.78,1,66.5715,2.84518,1.36537,3.56144,71.7803,26.8627,15.6417,12.1367,0.742269,7.71319,6.59135,2.20274,3.9779,0.792643,,,,,,,,,,,,,,,,,,,,,,,,,,,,,,,,,,,,,,,,,,,,,,,,,,,,,,,,,,,,,,,,,,,,,,,,,,,,,,,,,,,,,,,,,,,,,,,,,,,,,,,,,,,,,,
nanog1,5119,fell,1.58,1,77.0347,34.0052,2.0369,3.96646,104.22,36.992,13.2475,8.8146,37.3958,15.1198,10.2244,3.52064,6.04122,4.28866,,,,,,,,,,,,,,,,,,,,,,,,,,,,,,,,,,,,,,,,,,,,,,,,,,,,,,,,,,,,,,,,,,,,,,,,,,,,,,,,,,,,,,,,,,,,,,,,,,,,,,,,,,,,,,
nanog1,5120,fell,3.02,1,126.869,16.2209,2.89712,4.31656,158.024,39.6519,23.8117,9.64696,0.776412,14.671,10.3028,3.89616,7.31223,1.86003,,,,,,,,,,,,,,,,,,,,,,,,,,,,,,,,,,,,,,,,,,,,,,,,,,,,,,,,,,,,,,,,,,,,,,,,,,,,,,,,,,,,,,,,,,,,,,,,,,,,,,,,,,,,,,
nanog1,5121,fell,1.16,1,131.749,95.5614,2.88992,4.11957,79.257,16.0198,15.9738,45.3113,2.93832,10.0662,8.02065,2.71609,8.81934,3.67515,,,,,,,,,,,,,,,,,,,,,,,,,,,,,,,,,,,,,,,,,,,,,,,,,,,,,,,,,,,,,,,,,,,,,,,,,,,,,,,,,,,,,,,,,,,,,,,,,,,,,,,,,,,,,,
nanog1,5122,fell,2,1,95.1758,50.5801,3.24493,3.40247,141.585,59.6857,12.0242,19.4181,0.992856,13.488,9.56187,3.71082,6.63449,0.824817,,,,,,,,,,,,,,,,,,,,,,,,,,,,,,,,,,,,,,,,,,,,,,,,,,,,,,,,,,,,,,,,,,,,,,,,,,,,,,,,,,,,,,,,,,,,,,,,,,,,,,,,,,,,,,
nanog1,5123,fell,3.44,1,140.692,52.6557,1.72509,3.14511,231.41,56.7184,17.5173,25.2035,1.7163,22.6701,16.0819,5.36951,12.3437,3.92222,,,,,,,,,,,,,,,,,,,,,,,,,,,,,,,,,,,,,,,,,,,,,,,,,,,,,,,,,,,,,,,,,,,,,,,,,,,,,,,,,,,,,,,,,,,,,,,,,,,,,,,,,,,,,,
nanog1,5124,fell,2.22,1,97.1287,126.394,2.10468,3.54047,149.307,31.8797,18.9911,10.1225,0.645011,17.9448,11.7839,3.89203,5.56118,0.930898,,,,,,,,,,,,,,,,,,,,,,,,,,,,,,,,,,,,,,,,,,,,,,,,,,,,,,,,,,,,,,,,,,,,,,,,,,,,,,,,,,,,,,,,,,,,,,,,,,,,,,,,,,,,,,
nanog1,5125,fell,2.64,1,52.93,103.01,2.81469,4.22832,161.807,45.3028,17.143,9.93555,0.926802,14.4187,12.1858,3.57739,5.68115,0.967168,,,,,,,,,,,,,,,,,,,,,,,,,,,,,,,,,,,,,,,,,,,,,,,,,,,,,,,,,,,,,,,,,,,,,,,,,,,,,,,,,,,,,,,,,,,,,,,,,,,,,,,,,,,,,,
nanog1,5126,fell,1.86,1,80.6345,79.1459,2.08942,3.71,128.432,39.5208,14.9297,16.7735,75.197,16.7282,12.4195,3.63704,7.2998,8.12496,,,,,,,,,,,,,,,,,,,,,,,,,,,,,,,,,,,,,,,,,,,,,,,,,,,,,,,,,,,,,,,,,,,,,,,,,,,,,,,,,,,,,,,,,,,,,,,,,,,,,,,,,,,,,,
nanog1,5127,fell,1.16,1,32.4171,134.918,1.12473,3.41315,88.3976,32.0525,11.4116,57.1368,3.31464,11.8047,7.61759,3.19211,9.38794,4.59542,,,,,,,,,,,,,,,,,,,,,,,,,,,,,,,,,,,,,,,,,,,,,,,,,,,,,,,,,,,,,,,,,,,,,,,,,,,,,,,,,,,,,,,,,,,,,,,,,,,,,,,,,,,,,,
nanog1,5128,fell,1.76,1,65.7682,30.9447,1.94187,3.89403,135.26,37.7909,12.8315,10.063,4.45079,15.5137,10.4522,3.11854,4.7078,1.72617,,,,,,,,,,,,,,,,,,,,,,,,,,,,,,,,,,,,,,,,,,,,,,,,,,,,,,,,,,,,,,,,,,,,,,,,,,,,,,,,,,,,,,,,,,,,,,,,,,,,,,,,,,,,,,
nanog1,5129,fell,2.48,1,82.5438,8.87359,1.36784,3.60501,173.361,40.5038,17.6865,17.9656,16.2307,19.2061,12.5929,4.25163,9.14664,3.85775,,,,,,,,,,,,,,,,,,,,,,,,,,,,,,,,,,,,,,,,,,,,,,,,,,,,,,,,,,,,,,,,,,,,,,,,,,,,,,,,,,,,,,,,,,,,,,,,,,,,,,,,,,,,,,
nanog1,5130,fell,2.14,1,54.1106,27.2963,1.73952,2.63072,111.324,40.4953,20.9318,25.6262,99.2135,16.5727,9.53469,4.5509,8.80765,8.70677,,,,,,,,,,,,,,,,,,,,,,,,,,,,,,,,,,,,,,,,,,,,,,,,,,,,,,,,,,,,,,,,,,,,,,,,,,,,,,,,,,,,,,,,,,,,,,,,,,,,,,,,,,,,,,
nanog1,5131,fell,3.9,1,108.378,1.10955,2.14199,3.97029,106.698,55.6017,19.9216,41.7457,6.99456,12.5631,10.289,4.26245,13.8188,3.89567,,,,,,,,,,,,,,,,,,,,,,,,,,,,,,,,,,,,,,,,,,,,,,,,,,,,,,,,,,,,,,,,,,,,,,,,,,,,,,,,,,,,,,,,,,,,,,,,,,,,,,,,,,,,,,
nanog1,5132,fell,2.12,1,70.7978,30.415,1.35679,3.50686,163.463,48.7375,14.543,20.0645,2.65243,16.6598,11.464,3.6203,6.65476,3.11987,,,,,,,,,,,,,,,,,,,,,,,,,,,,,,,,,,,,,,,,,,,,,,,,,,,,,,,,,,,,,,,,,,,,,,,,,,,,,,,,,,,,,,,,,,,,,,,,,,,,,,,,,,,,,,
nanog1,5133,fell,2.06,1,132.578,11.6336,2.99959,4.2308,114.797,39.217,15.2781,11.9773,0.736061,11.8043,9.33927,2.79421,5.39164,1.88624,,,,,,,,,,,,,,,,,,,,,,,,,,,,,,,,,,,,,,,,,,,,,,,,,,,,,,,,,,,,,,,,,,,,,,,,,,,,,,,,,,,,,,,,,,,,,,,,,,,,,,,,,,,,,,
nanog1,5134,fell,3.24,1,86.4126,18.3442,1.21775,2.6325,197.534,65.1656,19.0111,33.4791,76.4908,22.2663,15.7274,5.04483,11.5805,8.24163,,,,,,,,,,,,,,,,,,,,,,,,,,,,,,,,,,,,,,,,,,,,,,,,,,,,,,,,,,,,,,,,,,,,,,,,,,,,,,,,,,,,,,,,,,,,,,,,,,,,,,,,,,,,,,
nanog1,5135,fell,4.32,1,110.031,1.83659,1.6405,3.23985,184.491,78.6951,29.2956,23.6867,62.0065,19.1564,15.0436,5.00246,9.0261,6.0701,,,,,,,,,,,,,,,,,,,,,,,,,,,,,,,,,,,,,,,,,,,,,,,,,,,,,,,,,,,,,,,,,,,,,,,,,,,,,,,,,,,,,,,,,,,,,,,,,,,,,,,,,,,,,,
nanog1,5136,fell,1.16,1,66.366,104.884,1.08058,3.45679,120.498,21.6101,12.816,12.1392,0.608423,13.7333,10.016,3.31575,6.44566,0.676191,,,,,,,,,,,,,,,,,,,,,,,,,,,,,,,,,,,,,,,,,,,,,,,,,,,,,,,,,,,,,,,,,,,,,,,,,,,,,,,,,,,,,,,,,,,,,,,,,,,,,,,,,,,,,,
nanog1,5137,fell,2.1,1,77.6718,15.8601,2.12638,4.01229,87.7459,40.6149,13.9518,15.4099,6.89928,10.3409,8.57773,2.49742,5.04478,1.55928,,,,,,,,,,,,,,,,,,,,,,,,,,,,,,,,,,,,,,,,,,,,,,,,,,,,,,,,,,,,,,,,,,,,,,,,,,,,,,,,,,,,,,,,,,,,,,,,,,,,,,,,,,,,,,
nanog1,5138,fell,3.54,1,161.55,8.1776,3.00008,4.17834,226.567,49.1982,27.696,13.4896,0.706348,21.7126,15.6222,4.89295,7.44765,1.18544,,,,,,,,,,,,,,,,,,,,,,,,,,,,,,,,,,,,,,,,,,,,,,,,,,,,,,,,,,,,,,,,,,,,,,,,,,,,,,,,,,,,,,,,,,,,,,,,,,,,,,,,,,,,,,
nanog1,5139,fell,1.8,1,50.6302,110.815,1.9001,3.40265,129.424,27.0858,25.2023,21.7416,27.0016,13.7162,8.055,3.31017,8.34231,4.11753,,,,,,,,,,,,,,,,,,,,,,,,,,,,,,,,,,,,,,,,,,,,,,,,,,,,,,,,,,,,,,,,,,,,,,,,,,,,,,,,,,,,,,,,,,,,,,,,,,,,,,,,,,,,,,
nanog1,5140,fell,2.02,1,89.2971,31.9415,1.65077,3.57936,118.647,34.3558,7.04822,24.8518,4.92206,14.1216,9.26318,3.57413,5.63767,4.09488,,,,,,,,,,,,,,,,,,,,,,,,,,,,,,,,,,,,,,,,,,,,,,,,,,,,,,,,,,,,,,,,,,,,,,,,,,,,,,,,,,,,,,,,,,,,,,,,,,,,,,,,,,,,,,
nanog1,5141,fell,2.84,1,76.0116,13.1889,2.17193,3.62683,133.186,44.6591,24.8179,18.8314,0.731897,12.4651,9.13867,3.27164,5.81738,0.892202,,,,,,,,,,,,,,,,,,,,,,,,,,,,,,,,,,,,,,,,,,,,,,,,,,,,,,,,,,,,,,,,,,,,,,,,,,,,,,,,,,,,,,,,,,,,,,,,,,,,,,,,,,,,,,
nanog1,5142,fell,2.34,1,70.578,31.3894,0.962931,2.99748,105.889,23.5551,12.8771,40.2575,6.7623,12.8533,8.65197,3.73021,11.961,4.9347,,,,,,,,,,,,,,,,,,,,,,,,,,,,,,,,,,,,,,,,,,,,,,,,,,,,,,,,,,,,,,,,,,,,,,,,,,,,,,,,,,,,,,,,,,,,,,,,,,,,,,,,,,,,,,
nanog1,5143,fell,4.34,1,100.421,23.0444,1.00778,3.14338,245.37,60.0485,34.1082,38.4466,25.5311,25.2353,16.6087,5.79665,13.0692,7.03141,,,,,,,,,,,,,,,,,,,,,,,,,,,,,,,,,,,,,,,,,,,,,,,,,,,,,,,,,,,,,,,,,,,,,,,,,,,,,,,,,,,,,,,,,,,,,,,,,,,,,,,,,,,,,,
nanog1,5144,fell,1.72,1,58.1119,69.2161,0.813882,3.12673,61.8366,29.0968,19.3447,27.5767,1.01521,6.07056,5.71419,2.66805,6.65576,1.1035,,,,,,,,,,,,,,,,,,,,,,,,,,,,,,,,,,,,,,,,,,,,,,,,,,,,,,,,,,,,,,,,,,,,,,,,,,,,,,,,,,,,,,,,,,,,,,,,,,,,,,,,,,,,,,
nanog1,5145,fell,1.44,1,46.5307,132.293,2.62159,3.92942,58.8165,26.1848,12.3377,6.80756,0.401635,6.26527,6.34928,1.96533,3.71604,0.574015,,,,,,,,,,,,,,,,,,,,,,,,,,,,,,,,,,,,,,,,,,,,,,,,,,,,,,,,,,,,,,,,,,,,,,,,,,,,,,,,,,,,,,,,,,,,,,,,,,,,,,,,,,,,,,
nanog1,5146,fell,2.22,1,67.704,122.102,1.86021,4.0107,93.8155,32.9544,15.7604,36.9204,27.9436,13.9029,9.60644,3.25543,7.79548,4.0653,,,,,,,,,,,,,,,,,,,,,,,,,,,,,,,,,,,,,,,,,,,,,,,,,,,,,,,,,,,,,,,,,,,,,,,,,,,,,,,,,,,,,,,,,,,,,,,,,,,,,,,,,,,,,,
nanog1,5147,fell,1.84,1,141.683,44.5437,2.47265,3.77388,149.963,30.956,16.69,14.2101,0.471337,15.4126,10.9641,4.01257,6.26929,1.03804,,,,,,,,,,,,,,,,,,,,,,,,,,,,,,,,,,,,,,,,,,,,,,,,,,,,,,,,,,,,,,,,,,,,,,,,,,,,,,,,,,,,,,,,,,,,,,,,,,,,,,,,,,,,,,
nanog1,5148,fell,0.96,1,56.4738,32.1761,1.14953,3.27105,159.07,28.7065,15.6801,9.38214,0.225914,17.5346,10.8434,3.56322,5.13262,0.959839,,,,,,,,,,,,,,,,,,,,,,,,,,,,,,,,,,,,,,,,,,,,,,,,,,,,,,,,,,,,,,,,,,,,,,,,,,,,,,,,,,,,,,,,,,,,,,,,,,,,,,,,,,,,,,
nanog1,5149,fell,2.06,1,153.371,9.43067,2.83684,4.19857,132.847,33.1555,20.0865,6.00547,0.875646,12.6987,9.95223,3.53829,4.70243,0.670714,,,,,,,,,,,,,,,,,,,,,,,,,,,,,,,,,,,,,,,,,,,,,,,,,,,,,,,,,,,,,,,,,,,,,,,,,,,,,,,,,,,,,,,,,,,,,,,,,,,,,,,,,,,,,,
nanog1,5150,fell,3.16,1,90.5774,86.8351,1.27998,3.26986,232.034,47.185,17.2898,12.2012,0.577125,25.9455,18.1808,5.69669,7.33353,1.71225,,,,,,,,,,,,,,,,,,,,,,,,,,,,,,,,,,,,,,,,,,,,,,,,,,,,,,,,,,,,,,,,,,,,,,,,,,,,,,,,,,,,,,,,,,,,,,,,,,,,,,,,,,,,,,
nanog1,5151,fell,1.52,1,22.876,64.1587,2.12006,3.77676,67.9249,27.4716,8.30249,23.0878,23.9086,10.7405,7.00937,2.6105,5.45132,6.39814,,,,,,,,,,,,,,,,,,,,,,,,,,,,,,,,,,,,,,,,,,,,,,,,,,,,,,,,,,,,,,,,,,,,,,,,,,,,,,,,,,,,,,,,,,,,,,,,,,,,,,,,,,,,,,
nanog1,5152,fell,2.52,1,113.586,16.954,0.919104,2.76456,175.235,46.382,29.3607,31.5125,18.0088,14.9455,12.4257,3.85708,9.34137,7.64104,,,,,,,,,,,,,,,,,,,,,,,,,,,,,,,,,,,,,,,,,,,,,,,,,,,,,,,,,,,,,,,,,,,,,,,,,,,,,,,,,,,,,,,,,,,,,,,,,,,,,,,,,,,,,,
nanog1,5153,fell,1.56,1,23.9867,6.96519,3.05077,3.99668,59.5529,25.0732,4.9627,7.23176,0.420704,8.18342,8.18179,2.1549,3.91099,0.584463,,,,,,,,,,,,,,,,,,,,,,,,,,,,,,,,,,,,,,,,,,,,,,,,,,,,,,,,,,,,,,,,,,,,,,,,,,,,,,,,,,,,,,,,,,,,,,,,,,,,,,,,,,,,,,
nanog1,5154,fell,1.82,1,130.314,45.302,2.96444,4.11635,141.043,55.8901,11.6731,10.4053,0.305547,15.8656,12.5544,4.00068,4.14943,0.566559,,,,,,,,,,,,,,,,,,,,,,,,,,,,,,,,,,,,,,,,,,,,,,,,,,,,,,,,,,,,,,,,,,,,,,,,,,,,,,,,,,,,,,,,,,,,,,,,,,,,,,,,,,,,,,
nanog1,5155,fell,1.74,1,88.8471,81.466,1.08328,3.07813,128.918,29.4183,10.0175,21.992,4.42666,15.82,9.75165,3.82055,10.1968,4.3746,,,,,,,,,,,,,,,,,,,,,,,,,,,,,,,,,,,,,,,,,,,,,,,,,,,,,,,,,,,,,,,,,,,,,,,,,,,,,,,,,,,,,,,,,,,,,,,,,,,,,,,,,,,,,,
nanog1,5156,fell,1.52,1,71.4974,59.8539,2.18246,3.83883,81.7812,35.8629,10.0534,6.8598,0.354964,9.29666,7.38776,2.26645,3.11254,0.384982,,,,,,,,,,,,,,,,,,,,,,,,,,,,,,,,,,,,,,,,,,,,,,,,,,,,,,,,,,,,,,,,,,,,,,,,,,,,,,,,,,,,,,,,,,,,,,,,,,,,,,,,,,,,,,
nanog1,5157,fell,1.24,1,6.38575,59.2111,2.20275,3.61924,47.5833,36.475,8.15266,50.4314,41.0099,8.65291,6.00822,2.24815,10.2794,4.46409,,,,,,,,,,,,,,,,,,,,,,,,,,,,,,,,,,,,,,,,,,,,,,,,,,,,,,,,,,,,,,,,,,,,,,,,,,,,,,,,,,,,,,,,,,,,,,,,,,,,,,,,,,,,,,
nanog1,5158,fell,1.84,1,91.6295,112.945,2.03339,3.65891,130.114,45.9779,11.2233,32.9216,33.451,15.2089,10.4201,3.12219,10.3413,2.9081,,,,,,,,,,,,,,,,,,,,,,,,,,,,,,,,,,,,,,,,,,,,,,,,,,,,,,,,,,,,,,,,,,,,,,,,,,,,,,,,,,,,,,,,,,,,,,,,,,,,,,,,,,,,,,
nanog1,5159,fell,1.6,1,17.037,52.7812,1.29025,3.28713,67.1512,25.9931,20.1921,9.9466,0.346372,7.88425,7.24322,2.55821,4.3153,0.558941,,,,,,,,,,,,,,,,,,,,,,,,,,,,,,,,,,,,,,,,,,,,,,,,,,,,,,,,,,,,,,,,,,,,,,,,,,,,,,,,,,,,,,,,,,,,,,,,,,,,,,,,,,,,,,
nanog1,5160,fell,1.1,1,75.1237,136.268,1.68366,3.78859,90.3626,22.5932,14.058,33.4575,2.84899,10.5845,6.89011,3.16715,7.62144,2.69816,,,,,,,,,,,,,,,,,,,,,,,,,,,,,,,,,,,,,,,,,,,,,,,,,,,,,,,,,,,,,,,,,,,,,,,,,,,,,,,,,,,,,,,,,,,,,,,,,,,,,,,,,,,,,,
nanog1,5161,fell,2.58,1,144.501,46.4405,1.55629,3.79432,167.481,54.8285,17.9243,26.0276,0.609043,18.302,13.7666,4.28102,7.19558,2.10998,,,,,,,,,,,,,,,,,,,,,,,,,,,,,,,,,,,,,,,,,,,,,,,,,,,,,,,,,,,,,,,,,,,,,,,,,,,,,,,,,,,,,,,,,,,,,,,,,,,,,,,,,,,,,,
nanog1,5162,fell,1.82,1,76.8264,18.9824,1.31166,2.62224,143.008,36.6594,26.8931,59.8663,39.3011,13.7408,10.19,3.99409,16.0849,7.05745,,,,,,,,,,,,,,,,,,,,,,,,,,,,,,,,,,,,,,,,,,,,,,,,,,,,,,,,,,,,,,,,,,,,,,,,,,,,,,,,,,,,,,,,,,,,,,,,,,,,,,,,,,,,,,
nanog1,5163,fell,1.3,1,60.9302,79.9818,0.98848,3.28627,94.0513,22.6339,8.94419,10.2895,1.35533,12.031,8.6348,3.12391,5.14026,0.999872,,,,,,,,,,,,,,,,,,,,,,,,,,,,,,,,,,,,,,,,,,,,,,,,,,,,,,,,,,,,,,,,,,,,,,,,,,,,,,,,,,,,,,,,,,,,,,,,,,,,,,,,,,,,,,
nanog1,5164,fell,1.6,1,84.6762,9.16119,2.8521,4.15762,116.308,41.111,14.4143,5.06412,0.458895,12.1405,9.70508,3.06687,4.4709,0.958302,,,,,,,,,,,,,,,,,,,,,,,,,,,,,,,,,,,,,,,,,,,,,,,,,,,,,,,,,,,,,,,,,,,,,,,,,,,,,,,,,,,,,,,,,,,,,,,,,,,,,,,,,,,,,,
nanog1,5165,fell,1.46,1,63.1611,166.641,3.02598,4.12461,106.168,37.4303,8.54175,4.6268,0.752616,10.8,8.45554,2.57388,3.436,0.598738,,,,,,,,,,,,,,,,,,,,,,,,,,,,,,,,,,,,,,,,,,,,,,,,,,,,,,,,,,,,,,,,,,,,,,,,,,,,,,,,,,,,,,,,,,,,,,,,,,,,,,,,,,,,,,
nanog1,5166,fell,1.58,1,142.257,19.6844,1.28594,2.45704,105.87,29.7544,14.8798,10.741,1.2612,12.2636,8.9888,3.47238,6.17991,1.78226,,,,,,,,,,,,,,,,,,,,,,,,,,,,,,,,,,,,,,,,,,,,,,,,,,,,,,,,,,,,,,,,,,,,,,,,,,,,,,,,,,,,,,,,,,,,,,,,,,,,,,,,,,,,,,
nanog1,5167,fell,2.1,1,61.9722,44.5529,2.49248,3.8945,125.091,39.7785,13.733,10.9269,0.513235,13.5555,11.2082,3.14466,5.17916,0.637122,,,,,,,,,,,,,,,,,,,,,,,,,,,,,,,,,,,,,,,,,,,,,,,,,,,,,,,,,,,,,,,,,,,,,,,,,,,,,,,,,,,,,,,,,,,,,,,,,,,,,,,,,,,,,,
nanog1,5168,fell,1.18,1,25.1007,65.6841,1.79643,3.4236,96.833,27.5714,13.6227,22.6447,17.4738,8.90082,5.67863,2.23166,8.04057,4.26106,,,,,,,,,,,,,,,,,,,,,,,,,,,,,,,,,,,,,,,,,,,,,,,,,,,,,,,,,,,,,,,,,,,,,,,,,,,,,,,,,,,,,,,,,,,,,,,,,,,,,,,,,,,,,,
nanog1,5169,fell,1.32,1,41.4019,29.944,1.50185,3.65314,91.2666,35.4702,7.98849,9.78227,1.03308,10.0881,8.69858,2.55541,4.28404,1.554,,,,,,,,,,,,,,,,,,,,,,,,,,,,,,,,,,,,,,,,,,,,,,,,,,,,,,,,,,,,,,,,,,,,,,,,,,,,,,,,,,,,,,,,,,,,,,,,,,,,,,,,,,,,,,
nanog1,5170,fell,2.88,1,64.3275,121.293,0.850814,3.02822,205.899,48.7996,18.7156,14.2723,1.48684,19.6142,13.4914,4.22916,7.21798,1.21656,,,,,,,,,,,,,,,,,,,,,,,,,,,,,,,,,,,,,,,,,,,,,,,,,,,,,,,,,,,,,,,,,,,,,,,,,,,,,,,,,,,,,,,,,,,,,,,,,,,,,,,,,,,,,,
nanog1,5171,fell,1.5,1,103.524,60.2739,2.08249,3.7452,69.9178,31.0775,5.87217,23.557,64.6794,9.44443,7.70497,2.47754,6.78097,4.87362,,,,,,,,,,,,,,,,,,,,,,,,,,,,,,,,,,,,,,,,,,,,,,,,,,,,,,,,,,,,,,,,,,,,,,,,,,,,,,,,,,,,,,,,,,,,,,,,,,,,,,,,,,,,,,
nanog1,5172,fell,1.14,1,81.1263,2.09648,1.37115,1.65981,88.0774,17.8597,14.437,34.7361,9.7598,11.9617,9.37382,2.82628,9.16589,7.99137,,,,,,,,,,,,,,,,,,,,,,,,,,,,,,,,,,,,,,,,,,,,,,,,,,,,,,,,,,,,,,,,,,,,,,,,,,,,,,,,,,,,,,,,,,,,,,,,,,,,,,,,,,,,,,
nanog1,5173,fell,1.56,1,131.07,110.77,1.87185,3.7608,114.695,26.5459,16.9671,18.0859,1.31215,13.1565,7.6636,3.42778,6.05619,2.79281,,,,,,,,,,,,,,,,,,,,,,,,,,,,,,,,,,,,,,,,,,,,,,,,,,,,,,,,,,,,,,,,,,,,,,,,,,,,,,,,,,,,,,,,,,,,,,,,,,,,,,,,,,,,,,
nanog1,5174,fell,3.06,1,155.148,8.84178,0.89231,3.16165,239.351,73.6091,36.9114,16.4582,0.588091,24.2735,18.898,6.72359,9.05571,1.7383,,,,,,,,,,,,,,,,,,,,,,,,,,,,,,,,,,,,,,,,,,,,,,,,,,,,,,,,,,,,,,,,,,,,,,,,,,,,,,,,,,,,,,,,,,,,,,,,,,,,,,,,,,,,,,
nanog1,5175,fell,1.68,1,63.4923,33.2825,0.467226,2.83104,83.4827,33.4356,13.5086,10.8344,0.639033,9.00686,8.02003,2.69445,4.85083,0.713734,,,,,,,,,,,,,,,,,,,,,,,,,,,,,,,,,,,,,,,,,,,,,,,,,,,,,,,,,,,,,,,,,,,,,,,,,,,,,,,,,,,,,,,,,,,,,,,,,,,,,,,,,,,,,,
nanog1,5176,fell,1.82,1,63.2463,113.757,2.44189,3.81884,82.7561,22.7696,7.16496,4.85383,0.349784,9.47939,8.20241,2.82757,3.9419,0.48522,,,,,,,,,,,,,,,,,,,,,,,,,,,,,,,,,,,,,,,,,,,,,,,,,,,,,,,,,,,,,,,,,,,,,,,,,,,,,,,,,,,,,,,,,,,,,,,,,,,,,,,,,,,,,,
nanog1,5177,fell,1.98,1,62.0542,69.7417,2.78788,4.36524,91.8158,40.7568,16.5766,15.0599,0.700216,7.83589,7.66854,2.04626,4.5283,0.777191,,,,,,,,,,,,,,,,,,,,,,,,,,,,,,,,,,,,,,,,,,,,,,,,,,,,,,,,,,,,,,,,,,,,,,,,,,,,,,,,,,,,,,,,,,,,,,,,,,,,,,,,,,,,,,
nanog1,5178,fell,1.36,1,25.0809,31.0745,2.0352,4.03747,60.5381,30.9605,10.643,15.6259,14.5658,8.34491,6.68539,2.07363,5.51465,2.55638,,,,,,,,,,,,,,,,,,,,,,,,,,,,,,,,,,,,,,,,,,,,,,,,,,,,,,,,,,,,,,,,,,,,,,,,,,,,,,,,,,,,,,,,,,,,,,,,,,,,,,,,,,,,,,
nanog1,5179,fell,2.76,1,98.188,39.5328,2.87064,4.29025,155.705,36.2667,23.8997,17.1746,0.684974,16.7771,12.3438,3.80466,4.75334,0.675385,,,,,,,,,,,,,,,,,,,,,,,,,,,,,,,,,,,,,,,,,,,,,,,,,,,,,,,,,,,,,,,,,,,,,,,,,,,,,,,,,,,,,,,,,,,,,,,,,,,,,,,,,,,,,,
nanog1,5180,fell,2.08,1,115.916,66.5334,1.90013,3.7615,154.862,49.7971,11.8596,10.3597,1.22284,15.6114,12.8974,3.39891,5.89596,1.0449,,,,,,,,,,,,,,,,,,,,,,,,,,,,,,,,,,,,,,,,,,,,,,,,,,,,,,,,,,,,,,,,,,,,,,,,,,,,,,,,,,,,,,,,,,,,,,,,,,,,,,,,,,,,,,
nanog1,5181,fell,1.74,1,76.0365,106.697,2.98991,4.07247,86.5622,36.8972,6.70951,6.62412,0.631434,10.3433,9.54812,2.29325,3.15068,0.532624,,,,,,,,,,,,,,,,,,,,,,,,,,,,,,,,,,,,,,,,,,,,,,,,,,,,,,,,,,,,,,,,,,,,,,,,,,,,,,,,,,,,,,,,,,,,,,,,,,,,,,,,,,,,,,
nanog1,5182,fell,2.42,1,59.9614,32.6661,1.95142,3.78513,125.378,48.3565,16.3945,14.7411,3.63724,13.8999,10.6922,3.1748,7.33891,2.56262,,,,,,,,,,,,,,,,,,,,,,,,,,,,,,,,,,,,,,,,,,,,,,,,,,,,,,,,,,,,,,,,,,,,,,,,,,,,,,,,,,,,,,,,,,,,,,,,,,,,,,,,,,,,,,
nanog1,5183,fell,1.46,1,207.266,36.1376,0.911399,3.41461,132.099,28.6647,12.7674,30.9659,0.983718,16.1806,10.759,3.99963,8.48995,1.11427,,,,,,,,,,,,,,,,,,,,,,,,,,,,,,,,,,,,,,,,,,,,,,,,,,,,,,,,,,,,,,,,,,,,,,,,,,,,,,,,,,,,,,,,,,,,,,,,,,,,,,,,,,,,,,
nanog1,5184,fell,1.08,1,67.6571,52.528,1.86423,3.49836,80.2318,27.7012,29.7626,59.385,55.5085,10.0707,7.8659,3.60927,11.7613,7.14951,,,,,,,,,,,,,,,,,,,,,,,,,,,,,,,,,,,,,,,,,,,,,,,,,,,,,,,,,,,,,,,,,,,,,,,,,,,,,,,,,,,,,,,,,,,,,,,,,,,,,,,,,,,,,,
nanog1,5185,fell,1.06,1,91.1619,35.0188,2.92001,4.11159,67.8305,19.5486,30.2339,8.43269,0.209705,8.12012,7.08907,2.3652,3.68051,0.439782,,,,,,,,,,,,,,,,,,,,,,,,,,,,,,,,,,,,,,,,,,,,,,,,,,,,,,,,,,,,,,,,,,,,,,,,,,,,,,,,,,,,,,,,,,,,,,,,,,,,,,,,,,,,,,
nanog1,5186,fell,1.66,1,69.4244,171.207,0.892038,2.17191,107.12,32.7503,13.3887,24.8752,1.84086,11.8916,8.24104,3.23518,6.6274,1.57195,,,,,,,,,,,,,,,,,,,,,,,,,,,,,,,,,,,,,,,,,,,,,,,,,,,,,,,,,,,,,,,,,,,,,,,,,,,,,,,,,,,,,,,,,,,,,,,,,,,,,,,,,,,,,,
nanog1,5187,fell,2.8,1,158.248,10.8056,1.20156,3.36358,209.025,60.5672,17.0471,12.0937,2.4893,19.4897,15.1641,4.692,5.88983,1.29837,,,,,,,,,,,,,,,,,,,,,,,,,,,,,,,,,,,,,,,,,,,,,,,,,,,,,,,,,,,,,,,,,,,,,,,,,,,,,,,,,,,,,,,,,,,,,,,,,,,,,,,,,,,,,,
nanog1,5188,fell,2.62,1,75.333,87.6428,1.02856,2.96409,145.347,43.8424,44.2742,37.9738,60.2182,16.4042,12.6741,4.73454,12.7514,7.24976,,,,,,,,,,,,,,,,,,,,,,,,,,,,,,,,,,,,,,,,,,,,,,,,,,,,,,,,,,,,,,,,,,,,,,,,,,,,,,,,,,,,,,,,,,,,,,,,,,,,,,,,,,,,,,
nanog1,5189,fell,1.9,1,99.3274,71.0084,1.99031,3.89654,70.7977,34.0768,9.97863,15.297,13.4082,9.2935,7.34959,2.24342,7.21515,1.95517,,,,,,,,,,,,,,,,,,,,,,,,,,,,,,,,,,,,,,,,,,,,,,,,,,,,,,,,,,,,,,,,,,,,,,,,,,,,,,,,,,,,,,,,,,,,,,,,,,,,,,,,,,,,,,
nanog1,5190,fell,4.48,1,107.208,60.5476,2.77157,4.27167,312.688,63.9011,38.6396,19.8603,5.5403,32.8739,24.2869,6.75653,12.9787,6.0599,,,,,,,,,,,,,,,,,,,,,,,,,,,,,,,,,,,,,,,,,,,,,,,,,,,,,,,,,,,,,,,,,,,,,,,,,,,,,,,,,,,,,,,,,,,,,,,,,,,,,,,,,,,,,,
nanog1,5191,fell,2.88,1,46.038,68.3003,1.31187,3.00239,198.897,46.0582,22.8591,36.6595,1.83937,20.0738,15.1955,4.95151,11.0206,2.11707,,,,,,,,,,,,,,,,,,,,,,,,,,,,,,,,,,,,,,,,,,,,,,,,,,,,,,,,,,,,,,,,,,,,,,,,,,,,,,,,,,,,,,,,,,,,,,,,,,,,,,,,,,,,,,
nanog1,5192,fell,1.34,1,78.7238,34.8872,0.996496,3.21347,113.968,20.4092,10.0074,11.1014,0.569152,15.5351,9.76293,3.98959,6.91507,0.904718,,,,,,,,,,,,,,,,,,,,,,,,,,,,,,,,,,,,,,,,,,,,,,,,,,,,,,,,,,,,,,,,,,,,,,,,,,,,,,,,,,,,,,,,,,,,,,,,,,,,,,,,,,,,,,
nanog1,5193,fell,1.56,1,9.87798,35.441,1.41553,3.45323,76.0141,36.7776,8.13798,18.4149,11.5478,11.1477,6.67221,2.46855,5.75544,3.00384,,,,,,,,,,,,,,,,,,,,,,,,,,,,,,,,,,,,,,,,,,,,,,,,,,,,,,,,,,,,,,,,,,,,,,,,,,,,,,,,,,,,,,,,,,,,,,,,,,,,,,,,,,,,,,
nanog1,5194,fell,1.14,1,32.2016,112.725,2.02163,3.59131,52.4366,30.5841,13.6049,30.5262,76.3286,10.897,7.22002,3.20717,10.742,6.02447,,,,,,,,,,,,,,,,,,,,,,,,,,,,,,,,,,,,,,,,,,,,,,,,,,,,,,,,,,,,,,,,,,,,,,,,,,,,,,,,,,,,,,,,,,,,,,,,,,,,,,,,,,,,,,
nanog1,5195,fell,3.44,1,88.6593,59.9466,1.26199,3.48553,224.003,48.1825,20.6317,12.6425,1.41474,19.6406,14.561,4.67307,6.60831,1.54035,,,,,,,,,,,,,,,,,,,,,,,,,,,,,,,,,,,,,,,,,,,,,,,,,,,,,,,,,,,,,,,,,,,,,,,,,,,,,,,,,,,,,,,,,,,,,,,,,,,,,,,,,,,,,,
nanog1,5196,fell,2.02,1,143.127,7.11443,2.1596,3.89924,141.542,38.2226,11.3751,17.3174,66.9279,16.5068,9.70255,3.69936,6.69779,4.52092,,,,,,,,,,,,,,,,,,,,,,,,,,,,,,,,,,,,,,,,,,,,,,,,,,,,,,,,,,,,,,,,,,,,,,,,,,,,,,,,,,,,,,,,,,,,,,,,,,,,,,,,,,,,,,
nanog1,5197,fell,2.48,1,77.013,20.7315,1.81275,3.73294,115.147,43.7785,11.3789,18.2874,5.51266,13.032,10.0673,3.38085,5.80999,3.38367,,,,,,,,,,,,,,,,,,,,,,,,,,,,,,,,,,,,,,,,,,,,,,,,,,,,,,,,,,,,,,,,,,,,,,,,,,,,,,,,,,,,,,,,,,,,,,,,,,,,,,,,,,,,,,
nanog1,5198,fell,1.24,1,33.318,25.8593,2.35552,3.89358,102.499,27.4138,12.4819,17.1021,29.238,11.7012,9.03782,2.99306,5.00755,4.93109,,,,,,,,,,,,,,,,,,,,,,,,,,,,,,,,,,,,,,,,,,,,,,,,,,,,,,,,,,,,,,,,,,,,,,,,,,,,,,,,,,,,,,,,,,,,,,,,,,,,,,,,,,,,,,
nanog1,5199,fell,1.5,1,194.74,49.0873,2.48351,4.08159,133.025,37.7177,14.6348,5.93447,0.418258,15.0182,11.8854,3.81581,5.48208,1.0315,,,,,,,,,,,,,,,,,,,,,,,,,,,,,,,,,,,,,,,,,,,,,,,,,,,,,,,,,,,,,,,,,,,,,,,,,,,,,,,,,,,,,,,,,,,,,,,,,,,,,,,,,,,,,,
nanog1,5200,fell,1.76,1,68.7434,99.19,2.03782,3.22436,53.3434,28.925,10.7972,33.9633,114.953,9.80342,5.8369,3.03079,9.97305,10.8976,,,,,,,,,,,,,,,,,,,,,,,,,,,,,,,,,,,,,,,,,,,,,,,,,,,,,,,,,,,,,,,,,,,,,,,,,,,,,,,,,,,,,,,,,,,,,,,,,,,,,,,,,,,,,,
nanog1,5201,fell,2.72,1,4.94981,41.0112,1.9941,3.86968,108.46,31.5128,14.0209,12.4661,70.5574,12.4532,8.90639,3.32643,8.06473,8.39368,,,,,,,,,,,,,,,,,,,,,,,,,,,,,,,,,,,,,,,,,,,,,,,,,,,,,,,,,,,,,,,,,,,,,,,,,,,,,,,,,,,,,,,,,,,,,,,,,,,,,,,,,,,,,,
nanog1,5202,fell,1.68,1,165.984,14.9781,0.771537,3.22106,127.512,28.6352,18.5094,63.2428,2.92795,13.9322,9.35038,3.952,10.8757,3.69713,,,,,,,,,,,,,,,,,,,,,,,,,,,,,,,,,,,,,,,,,,,,,,,,,,,,,,,,,,,,,,,,,,,,,,,,,,,,,,,,,,,,,,,,,,,,,,,,,,,,,,,,,,,,,,
nanog1,5203,fell,1.54,1,45.4801,22.7767,0.860654,2.87069,118.426,33.7329,25.6139,28.7964,1.80365,18.5224,11.5848,3.60678,8.21653,3.15664,,,,,,,,,,,,,,,,,,,,,,,,,,,,,,,,,,,,,,,,,,,,,,,,,,,,,,,,,,,,,,,,,,,,,,,,,,,,,,,,,,,,,,,,,,,,,,,,,,,,,,,,,,,,,,
nanog1,5204,fell,1.82,1,124.859,101.356,1.65019,3.69024,100.831,24.2484,8.62144,10.3662,4.09847,13.5415,8.979,3.55171,4.59723,1.32777,,,,,,,,,,,,,,,,,,,,,,,,,,,,,,,,,,,,,,,,,,,,,,,,,,,,,,,,,,,,,,,,,,,,,,,,,,,,,,,,,,,,,,,,,,,,,,,,,,,,,,,,,,,,,,
nanog1,5205,fell,1.14,1,20.6578,159.092,0.828222,3.28975,73.8488,20.8229,10.0108,36.209,2.10643,9.35056,6.41293,2.92035,6.75125,1.77309,,,,,,,,,,,,,,,,,,,,,,,,,,,,,,,,,,,,,,,,,,,,,,,,,,,,,,,,,,,,,,,,,,,,,,,,,,,,,,,,,,,,,,,,,,,,,,,,,,,,,,,,,,,,,,
nanog1,5206,fell,1.6,1,54.3472,71.5125,2.95422,4.19489,102.681,39.0305,8.74092,3.50189,0.304564,11.3173,8.65598,2.7986,2.96015,0.517363,,,,,,,,,,,,,,,,,,,,,,,,,,,,,,,,,,,,,,,,,,,,,,,,,,,,,,,,,,,,,,,,,,,,,,,,,,,,,,,,,,,,,,,,,,,,,,,,,,,,,,,,,,,,,,
nanog1,5207,fell,2.24,1,65.7043,132.063,1.55855,3.5149,192.28,53.0163,12.7093,16.37,28.0104,22.1312,14.9413,4.44531,8.30045,3.62535,,,,,,,,,,,,,,,,,,,,,,,,,,,,,,,,,,,,,,,,,,,,,,,,,,,,,,,,,,,,,,,,,,,,,,,,,,,,,,,,,,,,,,,,,,,,,,,,,,,,,,,,,,,,,,
nanog1,5208,fell,1.16,1,26.275,104.502,1.44993,3.43904,101.2,23.0367,11.7372,24.3824,2.95855,11.4408,7.10385,3.20526,9.96704,3.343,,,,,,,,,,,,,,,,,,,,,,,,,,,,,,,,,,,,,,,,,,,,,,,,,,,,,,,,,,,,,,,,,,,,,,,,,,,,,,,,,,,,,,,,,,,,,,,,,,,,,,,,,,,,,,
nanog1,5209,fell,1.64,1,113.97,160.624,3.24161,4.37013,145.86,48.021,9.60306,10.6421,0.38567,15.3825,12.7209,3.60905,6.33131,0.971879,,,,,,,,,,,,,,,,,,,,,,,,,,,,,,,,,,,,,,,,,,,,,,,,,,,,,,,,,,,,,,,,,,,,,,,,,,,,,,,,,,,,,,,,,,,,,,,,,,,,,,,,,,,,,,
nanog1,5210,fell,2.52,1,118.777,67.8899,2.73251,3.79501,136.391,27.9551,23.8505,12.2376,0.805666,11.3478,8.06966,2.97221,4.15384,0.674299,,,,,,,,,,,,,,,,,,,,,,,,,,,,,,,,,,,,,,,,,,,,,,,,,,,,,,,,,,,,,,,,,,,,,,,,,,,,,,,,,,,,,,,,,,,,,,,,,,,,,,,,,,,,,,
nanog1,5211,fell,1.52,1,93.3091,46.9447,2.44709,3.97575,84.7984,27.1287,9.8299,11.1244,0.990536,10.1626,7.40429,2.86238,6.44046,2.18086,,,,,,,,,,,,,,,,,,,,,,,,,,,,,,,,,,,,,,,,,,,,,,,,,,,,,,,,,,,,,,,,,,,,,,,,,,,,,,,,,,,,,,,,,,,,,,,,,,,,,,,,,,,,,,
nanog1,5212,fell,2.76,1,75.6332,17.2329,2.92544,3.85876,207.531,39.7059,29.7215,15.8563,0.82995,19.4814,14.1825,4.72546,6.1691,1.86643,,,,,,,,,,,,,,,,,,,,,,,,,,,,,,,,,,,,,,,,,,,,,,,,,,,,,,,,,,,,,,,,,,,,,,,,,,,,,,,,,,,,,,,,,,,,,,,,,,,,,,,,,,,,,,
nanog1,5213,fell,1.74,1,65.1729,20.0647,1.69069,2.16779,95.7896,32.7644,20.8034,23.2983,1.17384,9.86364,7.43504,2.33441,8.19026,2.51041,,,,,,,,,,,,,,,,,,,,,,,,,,,,,,,,,,,,,,,,,,,,,,,,,,,,,,,,,,,,,,,,,,,,,,,,,,,,,,,,,,,,,,,,,,,,,,,,,,,,,,,,,,,,,,
nanog1,5214,fell,1.38,1,61.2853,8.95298,1.62844,3.43715,72.5867,29.3222,16.0269,16.2466,19.2346,8.46685,6.93448,2.63326,7.19952,2.88739,,,,,,,,,,,,,,,,,,,,,,,,,,,,,,,,,,,,,,,,,,,,,,,,,,,,,,,,,,,,,,,,,,,,,,,,,,,,,,,,,,,,,,,,,,,,,,,,,,,,,,,,,,,,,,
nanog1,5215,fell,1.04,1,44.8261,35.2577,3.01586,4.2691,86.3536,30.9709,9.54028,10.1286,0.369927,8.69915,7.49561,2.48252,5.16545,0.815119,,,,,,,,,,,,,,,,,,,,,,,,,,,,,,,,,,,,,,,,,,,,,,,,,,,,,,,,,,,,,,,,,,,,,,,,,,,,,,,,,,,,,,,,,,,,,,,,,,,,,,,,,,,,,,
nanog1,5216,fell,4.58,1,107.661,133.124,1.92931,3.9418,301.292,82.6533,43.8605,15.2933,2.4871,37.8806,24.5328,8.41667,10.9475,2.36118,,,,,,,,,,,,,,,,,,,,,,,,,,,,,,,,,,,,,,,,,,,,,,,,,,,,,,,,,,,,,,,,,,,,,,,,,,,,,,,,,,,,,,,,,,,,,,,,,,,,,,,,,,,,,,
nanog1,5217,fell,2.02,1,116.52,105.753,0.804372,2.85054,171.964,47.0484,21.218,27.6014,4.6408,20.3172,13.4563,4.20475,7.84742,1.73073,,,,,,,,,,,,,,,,,,,,,,,,,,,,,,,,,,,,,,,,,,,,,,,,,,,,,,,,,,,,,,,,,,,,,,,,,,,,,,,,,,,,,,,,,,,,,,,,,,,,,,,,,,,,,,
nanog1,5218,fell,1.88,1,34.8352,9.33487,1.12769,3.27879,92.6216,34.8426,12.4026,11.7347,0.499849,11.3394,8.25349,2.96512,4.67396,0.58607,,,,,,,,,,,,,,,,,,,,,,,,,,,,,,,,,,,,,,,,,,,,,,,,,,,,,,,,,,,,,,,,,,,,,,,,,,,,,,,,,,,,,,,,,,,,,,,,,,,,,,,,,,,,,,
nanog1,5219,fell,1.92,1,29.8182,88.5462,2.74395,3.87262,98.356,34.1748,22.3118,15.2502,0.397333,10.9759,9.06519,2.93129,3.66842,0.464851,,,,,,,,,,,,,,,,,,,,,,,,,,,,,,,,,,,,,,,,,,,,,,,,,,,,,,,,,,,,,,,,,,,,,,,,,,,,,,,,,,,,,,,,,,,,,,,,,,,,,,,,,,,,,,
nanog1,5220,fell,1.1,1,14.1036,51.7449,2.0071,3.49415,75.647,22.3128,9.13726,8.27962,45.4719,9.17026,6.34047,2.92206,7.58635,4.65981,,,,,,,,,,,,,,,,,,,,,,,,,,,,,,,,,,,,,,,,,,,,,,,,,,,,,,,,,,,,,,,,,,,,,,,,,,,,,,,,,,,,,,,,,,,,,,,,,,,,,,,,,,,,,,
nanog1,5221,fell,2.36,1,65.461,122.634,1.97969,3.6697,177.332,44.2101,14.2902,13.5294,1.08032,19.3361,13.9985,4.13588,6.33571,1.15468,,,,,,,,,,,,,,,,,,,,,,,,,,,,,,,,,,,,,,,,,,,,,,,,,,,,,,,,,,,,,,,,,,,,,,,,,,,,,,,,,,,,,,,,,,,,,,,,,,,,,,,,,,,,,,
nanog1,5222,fell,1.98,1,86.8926,24.5268,3.06342,4.31219,138.194,46.9229,15.1136,4.8034,0.56691,14.7194,10.0089,3.77367,4.71459,1.41372,,,,,,,,,,,,,,,,,,,,,,,,,,,,,,,,,,,,,,,,,,,,,,,,,,,,,,,,,,,,,,,,,,,,,,,,,,,,,,,,,,,,,,,,,,,,,,,,,,,,,,,,,,,,,,
nanog1,5223,fell,1.86,1,167.751,65.9615,1.34815,2.51046,166.836,43.0127,17.4231,61.7127,13.3421,21.6928,13.5871,5.01021,13.3425,7.82026,,,,,,,,,,,,,,,,,,,,,,,,,,,,,,,,,,,,,,,,,,,,,,,,,,,,,,,,,,,,,,,,,,,,,,,,,,,,,,,,,,,,,,,,,,,,,,,,,,,,,,,,,,,,,,
nanog1,5224,fell,1.12,1,58.1171,33.9641,1.26198,3.32683,88.3276,25.3584,13.2972,30.7505,5.3438,11.6992,7.74334,3.105,9.30744,4.18239,,,,,,,,,,,,,,,,,,,,,,,,,,,,,,,,,,,,,,,,,,,,,,,,,,,,,,,,,,,,,,,,,,,,,,,,,,,,,,,,,,,,,,,,,,,,,,,,,,,,,,,,,,,,,,
nanog1,5225,fell,2.28,1,116.868,21.9848,3.02285,4.19452,176.243,57.7847,13.6336,6.10595,0.692362,16.8737,14.2351,4.29604,4.76674,0.716898,,,,,,,,,,,,,,,,,,,,,,,,,,,,,,,,,,,,,,,,,,,,,,,,,,,,,,,,,,,,,,,,,,,,,,,,,,,,,,,,,,,,,,,,,,,,,,,,,,,,,,,,,,,,,,
nanog1,5226,fell,2.18,1,116.922,99.0408,1.90223,3.45016,139.236,39.4261,12.8823,33.1768,23.9652,15.3356,10.6533,3.54377,7.02649,6.85938,,,,,,,,,,,,,,,,,,,,,,,,,,,,,,,,,,,,,,,,,,,,,,,,,,,,,,,,,,,,,,,,,,,,,,,,,,,,,,,,,,,,,,,,,,,,,,,,,,,,,,,,,,,,,,
nanog1,5227,fell,1.48,1,83.5113,27.6189,1.1888,3.22084,90.3763,33.4557,11.6957,24.4725,15.5564,12.5989,8.03208,3.06326,6.54627,6.73437,,,,,,,,,,,,,,,,,,,,,,,,,,,,,,,,,,,,,,,,,,,,,,,,,,,,,,,,,,,,,,,,,,,,,,,,,,,,,,,,,,,,,,,,,,,,,,,,,,,,,,,,,,,,,,
nanog1,5228,fell,2.68,1,104.399,29.1516,2.24181,3.48129,142.748,58.5534,23.7681,34.3392,15.4257,14.7603,11.0169,3.80466,9.87551,2.52433,,,,,,,,,,,,,,,,,,,,,,,,,,,,,,,,,,,,,,,,,,,,,,,,,,,,,,,,,,,,,,,,,,,,,,,,,,,,,,,,,,,,,,,,,,,,,,,,,,,,,,,,,,,,,,
nanog1,5229,fell,2.04,1,61.5996,14.598,1.98918,3.27565,119.995,30.0703,12.4556,47.9367,25.2939,12.8951,8.76553,3.4316,8.71809,4.12142,,,,,,,,,,,,,,,,,,,,,,,,,,,,,,,,,,,,,,,,,,,,,,,,,,,,,,,,,,,,,,,,,,,,,,,,,,,,,,,,,,,,,,,,,,,,,,,,,,,,,,,,,,,,,,
nanog1,5230,fell,1.82,1,88.8674,49.43,2.92811,4.0954,106.491,26.69,11.0044,7.60388,0.606231,13.1468,8.99183,2.96766,5.17414,1.90638,,,,,,,,,,,,,,,,,,,,,,,,,,,,,,,,,,,,,,,,,,,,,,,,,,,,,,,,,,,,,,,,,,,,,,,,,,,,,,,,,,,,,,,,,,,,,,,,,,,,,,,,,,,,,,
nanog1,5231,fell,1.16,1,37.8284,32.9606,1.81813,3.34313,78.0666,25.049,17.3341,17.0746,66.858,10.1763,6.20787,3.04686,7.2501,3.91092,,,,,,,,,,,,,,,,,,,,,,,,,,,,,,,,,,,,,,,,,,,,,,,,,,,,,,,,,,,,,,,,,,,,,,,,,,,,,,,,,,,,,,,,,,,,,,,,,,,,,,,,,,,,,,
nanog1,5232,fell,1.66,1,73.5085,64.692,2.16433,2.74674,141.487,46.2899,20.9033,40.5361,4.70814,15.2907,12.8972,4.43721,11.2254,5.47277,,,,,,,,,,,,,,,,,,,,,,,,,,,,,,,,,,,,,,,,,,,,,,,,,,,,,,,,,,,,,,,,,,,,,,,,,,,,,,,,,,,,,,,,,,,,,,,,,,,,,,,,,,,,,,
nanog1,5233,fell,2.66,1,133.61,51.2028,1.95706,4.07098,186.056,48.9507,15.515,10.0514,22.8496,20.315,13.135,4.74148,6.40826,3.62747,,,,,,,,,,,,,,,,,,,,,,,,,,,,,,,,,,,,,,,,,,,,,,,,,,,,,,,,,,,,,,,,,,,,,,,,,,,,,,,,,,,,,,,,,,,,,,,,,,,,,,,,,,,,,,
nanog1,5234,fell,1.28,1,49.0213,107.995,1.13356,3.48517,96.5448,35.8533,13.1962,14.7354,0.794418,10.5694,9.08576,3.29559,8.30391,1.97354,,,,,,,,,,,,,,,,,,,,,,,,,,,,,,,,,,,,,,,,,,,,,,,,,,,,,,,,,,,,,,,,,,,,,,,,,,,,,,,,,,,,,,,,,,,,,,,,,,,,,,,,,,,,,,
nanog1,5235,fell,3.68,1,133.75,25.0106,2.95033,4.32871,267.688,85.1527,19.3553,11.6109,0.788039,25.3121,21.9106,6.04432,7.66693,1.78721,,,,,,,,,,,,,,,,,,,,,,,,,,,,,,,,,,,,,,,,,,,,,,,,,,,,,,,,,,,,,,,,,,,,,,,,,,,,,,,,,,,,,,,,,,,,,,,,,,,,,,,,,,,,,,
nanog1,5236,fell,3.4,1,109.102,18.2754,1.63936,3.53594,221.054,59.6392,26.9628,12.3149,0.732111,21.5095,15.5269,4.85143,6.40853,1.37463,,,,,,,,,,,,,,,,,,,,,,,,,,,,,,,,,,,,,,,,,,,,,,,,,,,,,,,,,,,,,,,,,,,,,,,,,,,,,,,,,,,,,,,,,,,,,,,,,,,,,,,,,,,,,,
nanog1,5237,fell,1.8,1,62.555,63.0633,1.70118,2.69259,112.548,31.3072,19.4954,12.5622,51.7002,14.8363,10.387,4.7592,6.93455,6.3922,,,,,,,,,,,,,,,,,,,,,,,,,,,,,,,,,,,,,,,,,,,,,,,,,,,,,,,,,,,,,,,,,,,,,,,,,,,,,,,,,,,,,,,,,,,,,,,,,,,,,,,,,,,,,,
nanog1,5238,fell,1.68,1,85.6234,22.5625,1.07734,3.3558,120.546,27.1214,12.2894,8.02771,0.56232,11.1726,8.64613,2.91169,4.25969,0.594229,,,,,,,,,,,,,,,,,,,,,,,,,,,,,,,,,,,,,,,,,,,,,,,,,,,,,,,,,,,,,,,,,,,,,,,,,,,,,,,,,,,,,,,,,,,,,,,,,,,,,,,,,,,,,,
nanog1,5239,fell,5.62,2,294.124,40.8691,3.12233,4.07773,323.556,82.6591,40.0401,17.4965,1.45636,28.5043,20.3423,7.91167,9.79536,1.43729,26.5568,6.71465,10.2489,3.32909,0.0895458,3.07833,2.26796,0.850309,1.28672,0.137916,,,,,,,,,,,,,,,,,,,,,,,,,,,,,,,,,,,,,,,,,,,,,,,,,,,,,,,,,,,,,,,,,,,,,,,,,,,,,,,,,,,,,,,,,,,,,,,,,,,,
nanog1,5240,fell,2.08,1,74.5852,165.811,2.87755,3.99014,100.497,38.3363,18.5425,11.7066,0.588343,9.17868,6.57457,2.78545,4.26429,0.667245,,,,,,,,,,,,,,,,,,,,,,,,,,,,,,,,,,,,,,,,,,,,,,,,,,,,,,,,,,,,,,,,,,,,,,,,,,,,,,,,,,,,,,,,,,,,,,,,,,,,,,,,,,,,,,
nanog1,5241,fell,1.9,1,111.93,58.7635,2.95752,4.32112,131.031,48.854,9.83615,5.92794,0.386805,14.2312,12.2957,3.11157,3.6828,0.514984,,,,,,,,,,,,,,,,,,,,,,,,,,,,,,,,,,,,,,,,,,,,,,,,,,,,,,,,,,,,,,,,,,,,,,,,,,,,,,,,,,,,,,,,,,,,,,,,,,,,,,,,,,,,,,
nanog1,5242,fell,1.74,1,67.5636,72.0233,2.26559,3.70434,82.3206,31.8773,16.1903,16.4488,108.998,11.4526,7.88902,2.97157,6.85098,7.43465,,,,,,,,,,,,,,,,,,,,,,,,,,,,,,,,,,,,,,,,,,,,,,,,,,,,,,,,,,,,,,,,,,,,,,,,,,,,,,,,,,,,,,,,,,,,,,,,,,,,,,,,,,,,,,
nanog1,5243,fell,2.2,1,73.4287,114.1,2.56475,3.7594,166.351,36.6458,17.8176,8.41206,0.512667,20.0655,13.5239,4.30593,6.37174,1.08976,,,,,,,,,,,,,,,,,,,,,,,,,,,,,,,,,,,,,,,,,,,,,,,,,,,,,,,,,,,,,,,,,,,,,,,,,,,,,,,,,,,,,,,,,,,,,,,,,,,,,,,,,,,,,,
nanog1,5244,fell,1.7,1,131.03,23.7953,0.953371,3.25922,147.773,25.1356,13.6256,10.5727,1.11705,17.195,10.4091,4.29805,6.50853,1.0172,,,,,,,,,,,,,,,,,,,,,,,,,,,,,,,,,,,,,,,,,,,,,,,,,,,,,,,,,,,,,,,,,,,,,,,,,,,,,,,,,,,,,,,,,,,,,,,,,,,,,,,,,,,,,,
nanog1,5245,fell,1.62,1,71.4825,27.0585,1.87179,2.47188,55.9791,30.5147,7.97645,20.1042,105.124,9.84279,8.04709,2.94298,8.59152,7.38563,,,,,,,,,,,,,,,,,,,,,,,,,,,,,,,,,,,,,,,,,,,,,,,,,,,,,,,,,,,,,,,,,,,,,,,,,,,,,,,,,,,,,,,,,,,,,,,,,,,,,,,,,,,,,,
nanog1,5246,fell,1.08,1,36.0826,107.21,2.73578,3.92485,67.9321,24.5929,14.2286,47.7879,2.31873,7.54712,5.96104,2.03047,5.47335,1.85886,,,,,,,,,,,,,,,,,,,,,,,,,,,,,,,,,,,,,,,,,,,,,,,,,,,,,,,,,,,,,,,,,,,,,,,,,,,,,,,,,,,,,,,,,,,,,,,,,,,,,,,,,,,,,,
nanog1,5247,fell,2.18,1,127.314,94.5672,1.92082,3.5131,111.434,36.4798,13.4273,29.8966,6.60273,13.7265,9.2188,3.28059,11.3593,4.54531,,,,,,,,,,,,,,,,,,,,,,,,,,,,,,,,,,,,,,,,,,,,,,,,,,,,,,,,,,,,,,,,,,,,,,,,,,,,,,,,,,,,,,,,,,,,,,,,,,,,,,,,,,,,,,
nanog1,5248,fell,1.8,1,95.7432,33.8224,0.983285,3.33702,100.902,35.0724,8.43827,11.6496,0.793857,12.4886,9.00956,2.90113,5.72071,1.7919,,,,,,,,,,,,,,,,,,,,,,,,,,,,,,,,,,,,,,,,,,,,,,,,,,,,,,,,,,,,,,,,,,,,,,,,,,,,,,,,,,,,,,,,,,,,,,,,,,,,,,,,,,,,,,
nanog1,5249,fell,2.94,1,198.636,4.65223,2.99016,4.36265,229.175,70.8282,20.1161,10.8568,0.829957,22.7171,16.6341,5.62832,6.7078,0.847375,,,,,,,,,,,,,,,,,,,,,,,,,,,,,,,,,,,,,,,,,,,,,,,,,,,,,,,,,,,,,,,,,,,,,,,,,,,,,,,,,,,,,,,,,,,,,,,,,,,,,,,,,,,,,,
nanog1,5250,fell,2.48,1,138.495,12.795,1.4602,3.66577,215.564,68.1235,25.1696,7.59643,2.9296,22.9213,17.5978,5.22086,7.25533,1.90703,,,,,,,,,,,,,,,,,,,,,,,,,,,,,,,,,,,,,,,,,,,,,,,,,,,,,,,,,,,,,,,,,,,,,,,,,,,,,,,,,,,,,,,,,,,,,,,,,,,,,,,,,,,,,,
nanog1,5251,fell,1.22,1,98.5595,93.9303,2.00976,3.7175,116.127,29.2918,9.4657,35.1586,63.4176,15.466,11.2988,3.76509,9.84253,6.72033,,,,,,,,,,,,,,,,,,,,,,,,,,,,,,,,,,,,,,,,,,,,,,,,,,,,,,,,,,,,,,,,,,,,,,,,,,,,,,,,,,,,,,,,,,,,,,,,,,,,,,,,,,,,,,
nanog1,5252,fell,2.16,1,89.5337,30.4237,2.97913,4.33225,88.9648,36.8258,35.7441,6.16657,0.663481,10.0247,8.79422,2.5349,4.12259,1.15046,,,,,,,,,,,,,,,,,,,,,,,,,,,,,,,,,,,,,,,,,,,,,,,,,,,,,,,,,,,,,,,,,,,,,,,,,,,,,,,,,,,,,,,,,,,,,,,,,,,,,,,,,,,,,,
nanog1,5253,fell,1.24,1,42.0593,68.8871,0.955493,3.1358,80.2908,24.9114,7.27486,32.2656,0.761791,12.7134,6.40707,2.87892,7.19631,1.34548,,,,,,,,,,,,,,,,,,,,,,,,,,,,,,,,,,,,,,,,,,,,,,,,,,,,,,,,,,,,,,,,,,,,,,,,,,,,,,,,,,,,,,,,,,,,,,,,,,,,,,,,,,,,,,
nanog1,5254,fell,3.84,1,77.7785,11.5174,2.55623,4.13493,210.567,43.6188,37.5408,23.761,1.17042,16.7725,13.8091,3.61849,4.87633,0.920387,,,,,,,,,,,,,,,,,,,,,,,,,,,,,,,,,,,,,,,,,,,,,,,,,,,,,,,,,,,,,,,,,,,,,,,,,,,,,,,,,,,,,,,,,,,,,,,,,,,,,,,,,,,,,,
nanog1,5255,fell,2.36,1,94.6888,5.67403,1.48497,3.52573,201.071,51.7327,16.8606,26.3615,1.33326,30.8668,18.9009,7.14169,11.854,2.83053,,,,,,,,,,,,,,,,,,,,,,,,,,,,,,,,,,,,,,,,,,,,,,,,,,,,,,,,,,,,,,,,,,,,,,,,,,,,,,,,,,,,,,,,,,,,,,,,,,,,,,,,,,,,,,
nanog1,5256,fell,1.94,1,95.7534,39.6311,1.19691,2.67644,137.715,51.39,11.4505,38.9819,35.8084,13.873,10.6706,3.36325,10.015,6.09107,,,,,,,,,,,,,,,,,,,,,,,,,,,,,,,,,,,,,,,,,,,,,,,,,,,,,,,,,,,,,,,,,,,,,,,,,,,,,,,,,,,,,,,,,,,,,,,,,,,,,,,,,,,,,,
nanog1,5257,fell,1.44,1,49.4695,144.614,2.7056,4.07396,63.1617,24.67,11.6661,6.68996,0.531021,6.93373,6.50933,1.94416,2.79983,0.919745,,,,,,,,,,,,,,,,,,,,,,,,,,,,,,,,,,,,,,,,,,,,,,,,,,,,,,,,,,,,,,,,,,,,,,,,,,,,,,,,,,,,,,,,,,,,,,,,,,,,,,,,,,,,,,
nanog1,5258,fell,1.26,1,24.4349,66.3825,1.87164,3.34158,87.3405,22.0766,12.4264,24.571,3.19595,10.2901,8.61015,2.53839,7.04648,2.50645,,,,,,,,,,,,,,,,,,,,,,,,,,,,,,,,,,,,,,,,,,,,,,,,,,,,,,,,,,,,,,,,,,,,,,,,,,,,,,,,,,,,,,,,,,,,,,,,,,,,,,,,,,,,,,
nanog1,5259,fell,2.24,1,100.574,120.619,1.09879,3.25965,211.504,33.0352,19.7144,13.9734,0.794396,21.5504,13.4953,4.40794,6.08285,0.886976,,,,,,,,,,,,,,,,,,,,,,,,,,,,,,,,,,,,,,,,,,,,,,,,,,,,,,,,,,,,,,,,,,,,,,,,,,,,,,,,,,,,,,,,,,,,,,,,,,,,,,,,,,,,,,
nanog1,5260,fell,2.1,1,81.0904,10.8539,1.06658,2.33385,103.973,35.3135,14.0976,17.5338,3.10646,10.0388,7.56408,2.76785,5.9033,1.2439,,,,,,,,,,,,,,,,,,,,,,,,,,,,,,,,,,,,,,,,,,,,,,,,,,,,,,,,,,,,,,,,,,,,,,,,,,,,,,,,,,,,,,,,,,,,,,,,,,,,,,,,,,,,,,
nanog1,5261,fell,3.56,1,86.3057,53.9687,1.63095,2.94701,173.992,55.5284,31.8401,39.7778,46.7976,16.5672,12.4983,4.89894,11.1966,7.10483,,,,,,,,,,,,,,,,,,,,,,,,,,,,,,,,,,,,,,,,,,,,,,,,,,,,,,,,,,,,,,,,,,,,,,,,,,,,,,,,,,,,,,,,,,,,,,,,,,,,,,,,,,,,,,
nanog1,5262,fell,2.9,1,19.7292,51.7423,0.895288,3.34232,158.749,34.5131,29.5173,15.2125,1.20333,15.286,12.5745,4.06044,7.28412,3.06383,,,,,,,,,,,,,,,,,,,,,,,,,,,,,,,,,,,,,,,,,,,,,,,,,,,,,,,,,,,,,,,,,,,,,,,,,,,,,,,,,,,,,,,,,,,,,,,,,,,,,,,,,,,,,,
nanog1,5263,fell,1.36,1,34.5445,122.639,1.65855,3.27923,114.854,29.6394,21.7582,34.8624,26.9322,12.9439,8.00529,3.16854,7.7506,4.65513,,,,,,,,,,,,,,,,,,,,,,,,,,,,,,,,,,,,,,,,,,,,,,,,,,,,,,,,,,,,,,,,,,,,,,,,,,,,,,,,,,,,,,,,,,,,,,,,,,,,,,,,,,,,,,
nanog1,5264,fell,2.14,1,107.182,60.3296,3.13784,4.34725,162.323,57.7019,9.29974,5.30694,0.635123,17.1561,14.38,3.94612,4.82163,1.83788,,,,,,,,,,,,,,,,,,,,,,,,,,,,,,,,,,,,,,,,,,,,,,,,,,,,,,,,,,,,,,,,,,,,,,,,,,,,,,,,,,,,,,,,,,,,,,,,,,,,,,,,,,,,,,
nanog1,5265,fell,1.72,1,83.5243,17.3701,1.09932,2.10245,106.902,33.2807,8.63949,8.94325,2.39866,12.7533,8.96154,3.47485,5.91179,1.02589,,,,,,,,,,,,,,,,,,,,,,,,,,,,,,,,,,,,,,,,,,,,,,,,,,,,,,,,,,,,,,,,,,,,,,,,,,,,,,,,,,,,,,,,,,,,,,,,,,,,,,,,,,,,,,
nanog1,5266,fell,1.46,1,76.2825,69.83,2.47619,4.08988,51.5662,26.9851,18.8965,12.9134,22.0685,8.69536,6.2127,2.35795,5.88583,4.35993,,,,,,,,,,,,,,,,,,,,,,,,,,,,,,,,,,,,,,,,,,,,,,,,,,,,,,,,,,,,,,,,,,,,,,,,,,,,,,,,,,,,,,,,,,,,,,,,,,,,,,,,,,,,,,
nanog1,5267,fell,2.08,1,27.2917,115.141,2.34756,3.71387,84.5292,31.4466,36.3942,45.6426,16.2669,11.1876,8.15479,3.21234,8.91418,3.51432,,,,,,,,,,,,,,,,,,,,,,,,,,,,,,,,,,,,,,,,,,,,,,,,,,,,,,,,,,,,,,,,,,,,,,,,,,,,,,,,,,,,,,,,,,,,,,,,,,,,,,,,,,,,,,
nanog1,5268,fell,4.66,1,99.5724,53.1494,2.68202,4.12552,261.776,71.5955,28.2174,19.7368,2.51261,23.6331,16.6808,5.63276,6.77305,1.6705,,,,,,,,,,,,,,,,,,,,,,,,,,,,,,,,,,,,,,,,,,,,,,,,,,,,,,,,,,,,,,,,,,,,,,,,,,,,,,,,,,,,,,,,,,,,,,,,,,,,,,,,,,,,,,
nanog1,5269,fell,1.16,1,93.9519,75.8214,2.83844,3.89803,77.7606,13.7918,11.45,6.5025,0.365812,9.06169,6.96544,2.24542,3.28239,0.485808,,,,,,,,,,,,,,,,,,,,,,,,,,,,,,,,,,,,,,,,,,,,,,,,,,,,,,,,,,,,,,,,,,,,,,,,,,,,,,,,,,,,,,,,,,,,,,,,,,,,,,,,,,,,,,
nanog1,5270,fell,1.6,1,141.624,83.7026,3.10247,4.31931,130.697,41.2774,15.2027,5.33089,0.33191,13.7038,12.5738,3.95795,4.5701,0.616046,,,,,,,,,,,,,,,,,,,,,,,,,,,,,,,,,,,,,,,,,,,,,,,,,,,,,,,,,,,,,,,,,,,,,,,,,,,,,,,,,,,,,,,,,,,,,,,,,,,,,,,,,,,,,,
nanog1,5271,fell,1.98,1,78.3145,21.1478,1.74105,3.60255,120.735,37.1671,17.3654,18.3392,0.73085,12.9108,9.42653,4.07608,9.38967,1.47366,,,,,,,,,,,,,,,,,,,,,,,,,,,,,,,,,,,,,,,,,,,,,,,,,,,,,,,,,,,,,,,,,,,,,,,,,,,,,,,,,,,,,,,,,,,,,,,,,,,,,,,,,,,,,,
nanog1,5272,fell,2.58,1,281.614,24.0816,2.89429,4.30572,192.669,45.3436,21.935,14.1355,1.50973,17.6812,13.2898,4.66686,8.58261,2.83092,,,,,,,,,,,,,,,,,,,,,,,,,,,,,,,,,,,,,,,,,,,,,,,,,,,,,,,,,,,,,,,,,,,,,,,,,,,,,,,,,,,,,,,,,,,,,,,,,,,,,,,,,,,,,,
nanog1,5273,fell,2.74,1,95.4713,75.4545,2.92318,4.18242,191.711,32.2982,16.5409,8.86927,0.664922,21.3577,12.5413,4.67953,6.45014,2.03006,,,,,,,,,,,,,,,,,,,,,,,,,,,,,,,,,,,,,,,,,,,,,,,,,,,,,,,,,,,,,,,,,,,,,,,,,,,,,,,,,,,,,,,,,,,,,,,,,,,,,,,,,,,,,,
nanog1,5274,fell,1.96,1,46.9997,14.3163,1.65686,2.70986,83.8121,40.577,12.8048,25.3452,93.4279,11.6134,7.79885,3.41827,8.41799,7.879,,,,,,,,,,,,,,,,,,,,,,,,,,,,,,,,,,,,,,,,,,,,,,,,,,,,,,,,,,,,,,,,,,,,,,,,,,,,,,,,,,,,,,,,,,,,,,,,,,,,,,,,,,,,,,
nanog1,5275,fell,2.1,1,62.4479,125.22,1.32912,3.36741,110.413,38.2541,14.2071,7.08864,0.800443,11.7042,9.74805,3.27912,4.64156,0.750379,,,,,,,,,,,,,,,,,,,,,,,,,,,,,,,,,,,,,,,,,,,,,,,,,,,,,,,,,,,,,,,,,,,,,,,,,,,,,,,,,,,,,,,,,,,,,,,,,,,,,,,,,,,,,,
nanog1,5276,fell,2.38,1,86.7075,23.2072,1.44148,3.14483,139.653,37.1049,15.4064,23.9329,3.97037,16.8661,12.6928,3.64282,8.72349,4.4869,,,,,,,,,,,,,,,,,,,,,,,,,,,,,,,,,,,,,,,,,,,,,,,,,,,,,,,,,,,,,,,,,,,,,,,,,,,,,,,,,,,,,,,,,,,,,,,,,,,,,,,,,,,,,,
nanog1,5277,fell,1.38,1,73.7102,111.844,2.07899,4.02157,101.476,34.4381,6.86483,9.38332,37.1703,15.9935,10.0329,3.46344,5.67314,3.55932,,,,,,,,,,,,,,,,,,,,,,,,,,,,,,,,,,,,,,,,,,,,,,,,,,,,,,,,,,,,,,,,,,,,,,,,,,,,,,,,,,,,,,,,,,,,,,,,,,,,,,,,,,,,,,
nanog1,5278,fell,2.1,1,81.9361,22.2348,2.23093,4.00764,81.9795,32.8706,14.1584,18.2423,12.4246,12.1439,8.66132,2.80049,6.35681,2.79583,,,,,,,,,,,,,,,,,,,,,,,,,,,,,,,,,,,,,,,,,,,,,,,,,,,,,,,,,,,,,,,,,,,,,,,,,,,,,,,,,,,,,,,,,,,,,,,,,,,,,,,,,,,,,,
nanog1,5279,fell,1.64,1,64.6816,37.0553,2.48994,3.66561,72.6216,30.7537,15.3795,18.6908,0.386019,8.27289,6.27433,2.63397,5.72056,0.741436,,,,,,,,,,,,,,,,,,,,,,,,,,,,,,,,,,,,,,,,,,,,,,,,,,,,,,,,,,,,,,,,,,,,,,,,,,,,,,,,,,,,,,,,,,,,,,,,,,,,,,,,,,,,,,
nanog1,5280,fell,1.58,1,217.341,3.89936,0.950418,2.33007,140.011,31.0932,21.6678,41.2351,2.18493,15.5965,11.4645,4.6648,10.8543,3.03867,,,,,,,,,,,,,,,,,,,,,,,,,,,,,,,,,,,,,,,,,,,,,,,,,,,,,,,,,,,,,,,,,,,,,,,,,,,,,,,,,,,,,,,,,,,,,,,,,,,,,,,,,,,,,,
nanog1,5281,fell,1.9,1,101.423,0.25204,1.34273,2.11851,141.16,42.1285,31.9095,38.2062,10.124,15.0307,11.3336,4.37555,12.6974,4.40137,,,,,,,,,,,,,,,,,,,,,,,,,,,,,,,,,,,,,,,,,,,,,,,,,,,,,,,,,,,,,,,,,,,,,,,,,,,,,,,,,,,,,,,,,,,,,,,,,,,,,,,,,,,,,,
nanog1,5282,fell,1.34,1,85.3853,7.1579,1.96685,3.78921,63.0364,29.2703,19.965,13.9646,34.2008,8.09326,5.83164,2.66685,7.35613,3.34017,,,,,,,,,,,,,,,,,,,,,,,,,,,,,,,,,,,,,,,,,,,,,,,,,,,,,,,,,,,,,,,,,,,,,,,,,,,,,,,,,,,,,,,,,,,,,,,,,,,,,,,,,,,,,,
nanog1,5283,fell,2.02,1,83.6486,74.6278,1.58326,3.70725,157.128,48.0613,21.2846,24.8643,1.22404,17.5484,14.5235,5.14812,11.5311,2.4974,,,,,,,,,,,,,,,,,,,,,,,,,,,,,,,,,,,,,,,,,,,,,,,,,,,,,,,,,,,,,,,,,,,,,,,,,,,,,,,,,,,,,,,,,,,,,,,,,,,,,,,,,,,,,,
nanog1,5284,fell,1.72,1,46.9426,99.7149,2.41861,3.94018,102.027,30.9526,10.9524,18.2451,47.2053,16.6645,9.83719,3.51015,7.60718,5.39575,,,,,,,,,,,,,,,,,,,,,,,,,,,,,,,,,,,,,,,,,,,,,,,,,,,,,,,,,,,,,,,,,,,,,,,,,,,,,,,,,,,,,,,,,,,,,,,,,,,,,,,,,,,,,,
nanog1,5285,fell,1.3,1,46.2927,87.0561,1.89671,3.23862,52.5903,28.8242,10.5731,34.4339,67.9941,9.17705,7.04607,2.80858,10.5378,9.02824,,,,,,,,,,,,,,,,,,,,,,,,,,,,,,,,,,,,,,,,,,,,,,,,,,,,,,,,,,,,,,,,,,,,,,,,,,,,,,,,,,,,,,,,,,,,,,,,,,,,,,,,,,,,,,
nanog1,5286,fell,1.24,1,159.08,169.461,2.95785,4.37935,82.5047,23.4151,13.1415,11.1356,0.564075,9.20526,7.55222,2.56319,4.80166,0.778983,,,,,,,,,,,,,,,,,,,,,,,,,,,,,,,,,,,,,,,,,,,,,,,,,,,,,,,,,,,,,,,,,,,,,,,,,,,,,,,,,,,,,,,,,,,,,,,,,,,,,,,,,,,,,,
nanog1,5287,fell,1.58,1,64.9778,58.7201,3.04353,3.99178,98.6056,38.1808,6.70993,9.12435,0.763632,9.88972,9.00631,2.96059,4.60063,1.77367,,,,,,,,,,,,,,,,,,,,,,,,,,,,,,,,,,,,,,,,,,,,,,,,,,,,,,,,,,,,,,,,,,,,,,,,,,,,,,,,,,,,,,,,,,,,,,,,,,,,,,,,,,,,,,
nanog1,5288,fell,2.14,1,83.4136,62.2819,2.94072,4.28884,108.306,41.1109,21.0857,26.7924,1.13444,10.9463,9.41113,3.08365,5.93977,1.0943,,,,,,,,,,,,,,,,,,,,,,,,,,,,,,,,,,,,,,,,,,,,,,,,,,,,,,,,,,,,,,,,,,,,,,,,,,,,,,,,,,,,,,,,,,,,,,,,,,,,,,,,,,,,,,
nanog1,5289,fell,1.62,1,73.9197,12.3861,1.07031,3.23284,121.436,37.6796,16.509,17.937,1.39984,13.5803,8.33176,3.28714,7.51256,2.53816,,,,,,,,,,,,,,,,,,,,,,,,,,,,,,,,,,,,,,,,,,,,,,,,,,,,,,,,,,,,,,,,,,,,,,,,,,,,,,,,,,,,,,,,,,,,,,,,,,,,,,,,,,,,,,
nanog1,5290,fell,1.28,1,44.5173,141.318,2.22804,3.54316,53.7435,31.1656,11.9417,33.1842,26.3147,11.1765,7.74433,3.3392,8.89341,2.95475,,,,,,,,,,,,,,,,,,,,,,,,,,,,,,,,,,,,,,,,,,,,,,,,,,,,,,,,,,,,,,,,,,,,,,,,,,,,,,,,,,,,,,,,,,,,,,,,,,,,,,,,,,,,,,
nanog1,5291,fell,2.7,1,62.9631,7.71236,2.14912,3.76298,142.265,51.8569,13.6502,15.4421,38.3252,14.0238,10.0671,3.24203,6.05233,3.98329,,,,,,,,,,,,,,,,,,,,,,,,,,,,,,,,,,,,,,,,,,,,,,,,,,,,,,,,,,,,,,,,,,,,,,,,,,,,,,,,,,,,,,,,,,,,,,,,,,,,,,,,,,,,,,
nanog1,5292,fell,3.04,1,97.3961,45.5723,1.26305,3.44315,206.421,58.0828,31.6595,26.2999,37.653,19.0925,14.2995,4.76382,10.4873,3.17362,,,,,,,,,,,,,,,,,,,,,,,,,,,,,,,,,,,,,,,,,,,,,,,,,,,,,,,,,,,,,,,,,,,,,,,,,,,,,,,,,,,,,,,,,,,,,,,,,,,,,,,,,,,,,,
nanog1,5293,fell,1.64,1,64.3747,14.697,2.17903,3.98323,84.1317,29.0256,11.5927,9.90759,27.7899,10.6348,7.23959,2.48346,5.40778,2.95992,,,,,,,,,,,,,,,,,,,,,,,,,,,,,,,,,,,,,,,,,,,,,,,,,,,,,,,,,,,,,,,,,,,,,,,,,,,,,,,,,,,,,,,,,,,,,,,,,,,,,,,,,,,,,,
nanog1,5294,fell,1.84,1,46.9489,135.292,2.80787,4.15444,36.206,26.0631,12.6102,9.03459,0.59445,4.72877,5.19462,1.4331,3.00805,0.468673,,,,,,,,,,,,,,,,,,,,,,,,,,,,,,,,,,,,,,,,,,,,,,,,,,,,,,,,,,,,,,,,,,,,,,,,,,,,,,,,,,,,,,,,,,,,,,,,,,,,,,,,,,,,,,
nanog1,5295,fell,2.4,1,84.0354,43.6418,2.34675,3.79277,165.808,44.9484,40.3038,32.4492,1.41124,18.768,14.5396,4.76189,7.89813,1.28831,,,,,,,,,,,,,,,,,,,,,,,,,,,,,,,,,,,,,,,,,,,,,,,,,,,,,,,,,,,,,,,,,,,,,,,,,,,,,,,,,,,,,,,,,,,,,,,,,,,,,,,,,,,,,,
nanog1,5296,fell,1.22,1,84.234,34.5561,1.04962,3.45304,113.187,26.5149,16.4743,12.4946,3.43674,10.9401,8.79522,3.32898,5.7198,1.26747,,,,,,,,,,,,,,,,,,,,,,,,,,,,,,,,,,,,,,,,,,,,,,,,,,,,,,,,,,,,,,,,,,,,,,,,,,,,,,,,,,,,,,,,,,,,,,,,,,,,,,,,,,,,,,
nanog1,5297,fell,1.26,1,43.0859,28.6239,1.57733,3.56781,106.037,24.8695,26.0594,15.1207,0.651639,10.7153,8.57758,2.87456,6.0491,0.932464,,,,,,,,,,,,,,,,,,,,,,,,,,,,,,,,,,,,,,,,,,,,,,,,,,,,,,,,,,,,,,,,,,,,,,,,,,,,,,,,,,,,,,,,,,,,,,,,,,,,,,,,,,,,,,
nanog1,5298,fell,1.62,1,80.5382,71.1188,1.91247,3.69667,143.691,27.6065,13.9117,8.53791,0.413456,17.474,12.9336,3.85184,4.56198,0.711965,,,,,,,,,,,,,,,,,,,,,,,,,,,,,,,,,,,,,,,,,,,,,,,,,,,,,,,,,,,,,,,,,,,,,,,,,,,,,,,,,,,,,,,,,,,,,,,,,,,,,,,,,,,,,,
nanog1,5299,fell,2.22,1,52.4404,99.5535,1.49764,3.3611,99.1626,34.9033,10.2984,17.8459,22.9185,13.1697,8.36826,2.89931,7.66764,3.08309,,,,,,,,,,,,,,,,,,,,,,,,,,,,,,,,,,,,,,,,,,,,,,,,,,,,,,,,,,,,,,,,,,,,,,,,,,,,,,,,,,,,,,,,,,,,,,,,,,,,,,,,,,,,,,
nanog1,5300,fell,2.36,1,56.9973,85.1744,1.74796,3.78372,129.266,43.9664,14.813,13.2259,1.74437,16.9803,12.3728,3.83103,5.26032,1.14641,,,,,,,,,,,,,,,,,,,,,,,,,,,,,,,,,,,,,,,,,,,,,,,,,,,,,,,,,,,,,,,,,,,,,,,,,,,,,,,,,,,,,,,,,,,,,,,,,,,,,,,,,,,,,,
nanog1,5301,fell,2.38,1,91.9836,17.1637,2.97365,2.30124,109.996,41.1264,14.5728,23.7954,2.89974,12.2693,9.94418,3.37463,7.58038,2.01825,,,,,,,,,,,,,,,,,,,,,,,,,,,,,,,,,,,,,,,,,,,,,,,,,,,,,,,,,,,,,,,,,,,,,,,,,,,,,,,,,,,,,,,,,,,,,,,,,,,,,,,,,,,,,,
nanog1,5302,fell,1.36,1,65.8099,154.066,1.6124,3.6695,126.758,32.215,13.5572,17.3878,6.20028,12.5111,8.54649,2.77044,5.21319,2.8785,,,,,,,,,,,,,,,,,,,,,,,,,,,,,,,,,,,,,,,,,,,,,,,,,,,,,,,,,,,,,,,,,,,,,,,,,,,,,,,,,,,,,,,,,,,,,,,,,,,,,,,,,,,,,,
nanog1,5303,fell,1.84,1,46.6354,29.6133,2.72413,4.29826,79.7727,33.7559,8.57454,6.13532,0.749854,8.33477,7.67027,2.06625,2.71336,0.468911,,,,,,,,,,,,,,,,,,,,,,,,,,,,,,,,,,,,,,,,,,,,,,,,,,,,,,,,,,,,,,,,,,,,,,,,,,,,,,,,,,,,,,,,,,,,,,,,,,,,,,,,,,,,,,
nanog1,5304,fell,1.48,1,50.102,4.68814,1.85473,3.36685,131.456,36.253,31.0188,33.3824,31.9735,12.9109,9.79603,3.27306,9.60463,3.35374,,,,,,,,,,,,,,,,,,,,,,,,,,,,,,,,,,,,,,,,,,,,,,,,,,,,,,,,,,,,,,,,,,,,,,,,,,,,,,,,,,,,,,,,,,,,,,,,,,,,,,,,,,,,,,
nanog1,5305,fell,2.5,1,70.2578,143.752,2.01385,3.44356,199.017,46.0287,21.9434,12.2105,0.856692,20.8562,14.1098,4.58746,6.89481,1.48556,,,,,,,,,,,,,,,,,,,,,,,,,,,,,,,,,,,,,,,,,,,,,,,,,,,,,,,,,,,,,,,,,,,,,,,,,,,,,,,,,,,,,,,,,,,,,,,,,,,,,,,,,,,,,,
nanog1,5306,fell,1.8,1,94.044,114.546,1.61182,2.18915,109.943,26.4964,16.1543,21.9907,4.48458,12.2617,9.80045,3.05501,9.19086,3.17753,,,,,,,,,,,,,,,,,,,,,,,,,,,,,,,,,,,,,,,,,,,,,,,,,,,,,,,,,,,,,,,,,,,,,,,,,,,,,,,,,,,,,,,,,,,,,,,,,,,,,,,,,,,,,,
nanog1,5307,fell,2.98,1,89.0177,78.7197,1.3243,3.73365,234.265,53.5456,26.9172,13.1001,2.6524,25.7038,17.7776,5.89902,7.68522,2.87509,,,,,,,,,,,,,,,,,,,,,,,,,,,,,,,,,,,,,,,,,,,,,,,,,,,,,,,,,,,,,,,,,,,,,,,,,,,,,,,,,,,,,,,,,,,,,,,,,,,,,,,,,,,,,,
nanog1,5308,fell,3.1,1,89.9214,79.6173,1.58228,3.749,199.206,41.5643,20.7464,13.8106,1.55346,19.9312,13.6725,4.38892,6.92869,1.83032,,,,,,,,,,,,,,,,,,,,,,,,,,,,,,,,,,,,,,,,,,,,,,,,,,,,,,,,,,,,,,,,,,,,,,,,,,,,,,,,,,,,,,,,,,,,,,,,,,,,,,,,,,,,,,
nanog1,5309,fell,2.72,1,62.3341,81.9602,1.26367,2.941,185.267,45.4322,33.2597,27.1461,7.83615,21.0886,16.9252,4.70425,9.55911,2.69087,,,,,,,,,,,,,,,,,,,,,,,,,,,,,,,,,,,,,,,,,,,,,,,,,,,,,,,,,,,,,,,,,,,,,,,,,,,,,,,,,,,,,,,,,,,,,,,,,,,,,,,,,,,,,,
nanog1,5310,fell,1.82,1,55.379,66.926,2.4781,3.774,102.112,25.7205,15.3503,14.4504,2.11752,11.4077,8.45448,2.90879,5.14058,2.44509,,,,,,,,,,,,,,,,,,,,,,,,,,,,,,,,,,,,,,,,,,,,,,,,,,,,,,,,,,,,,,,,,,,,,,,,,,,,,,,,,,,,,,,,,,,,,,,,,,,,,,,,,,,,,,
nanog1,5311,fell,2.5,1,47.01,49.1414,2.04761,4.00903,168.385,51.8314,24.908,12.7552,0.640618,19.3888,13.5605,4.57734,6.2029,0.89494,,,,,,,,,,,,,,,,,,,,,,,,,,,,,,,,,,,,,,,,,,,,,,,,,,,,,,,,,,,,,,,,,,,,,,,,,,,,,,,,,,,,,,,,,,,,,,,,,,,,,,,,,,,,,,
nanog1,5312,fell,2.1,1,66.5196,8.52824,2.45609,3.40944,156.568,34.9452,19.938,24.7397,10.8042,14.4406,9.78637,3.58026,6.09321,5.26743,,,,,,,,,,,,,,,,,,,,,,,,,,,,,,,,,,,,,,,,,,,,,,,,,,,,,,,,,,,,,,,,,,,,,,,,,,,,,,,,,,,,,,,,,,,,,,,,,,,,,,,,,,,,,,
nanog1,5313,fell,2.12,1,84.5583,64.6965,0.908729,2.34697,84.9522,36.1924,16.5105,43.097,15.1865,10.6343,8.39486,2.62563,9.16892,6.83007,,,,,,,,,,,,,,,,,,,,,,,,,,,,,,,,,,,,,,,,,,,,,,,,,,,,,,,,,,,,,,,,,,,,,,,,,,,,,,,,,,,,,,,,,,,,,,,,,,,,,,,,,,,,,,
nanog1,5314,fell,3.16,1,161.008,76.2194,2.77867,3.97954,197.543,40.4398,38.8245,14.5223,1.21852,18.4054,12.5184,4.30154,6.27228,1.58752,,,,,,,,,,,,,,,,,,,,,,,,,,,,,,,,,,,,,,,,,,,,,,,,,,,,,,,,,,,,,,,,,,,,,,,,,,,,,,,,,,,,,,,,,,,,,,,,,,,,,,,,,,,,,,
nanog1,5315,fell,1.54,1,136.411,19.6135,1.16799,3.4036,92.738,19.4573,17.1382,8.12554,0.374127,11.7155,7.17257,3.26542,5.66604,0.63599,,,,,,,,,,,,,,,,,,,,,,,,,,,,,,,,,,,,,,,,,,,,,,,,,,,,,,,,,,,,,,,,,,,,,,,,,,,,,,,,,,,,,,,,,,,,,,,,,,,,,,,,,,,,,,
nanog1,5316,fell,1.3,1,101.442,46.0769,1.73808,3.61848,46.353,33.2073,13.9021,7.65797,0.719063,7.46294,5.04229,2.33363,4.28201,1.00149,,,,,,,,,,,,,,,,,,,,,,,,,,,,,,,,,,,,,,,,,,,,,,,,,,,,,,,,,,,,,,,,,,,,,,,,,,,,,,,,,,,,,,,,,,,,,,,,,,,,,,,,,,,,,,
nanog1,5317,fell,2.12,1,60.5422,54.2288,2.04245,3.43419,107.665,32.5927,8.17569,22.8607,41.179,15.2102,10.4391,3.58281,9.19074,4.12294,,,,,,,,,,,,,,,,,,,,,,,,,,,,,,,,,,,,,,,,,,,,,,,,,,,,,,,,,,,,,,,,,,,,,,,,,,,,,,,,,,,,,,,,,,,,,,,,,,,,,,,,,,,,,,
nanog1,5318,fell,1.26,1,103.007,61.9914,2.35329,3.77506,62.8423,36.1196,7.40021,20.4233,38.3961,11.3355,8.15035,2.84061,6.87471,4.2491,,,,,,,,,,,,,,,,,,,,,,,,,,,,,,,,,,,,,,,,,,,,,,,,,,,,,,,,,,,,,,,,,,,,,,,,,,,,,,,,,,,,,,,,,,,,,,,,,,,,,,,,,,,,,,
nanog1,5319,fell,2.04,1,115.147,67.5228,1.70663,3.76685,152.587,32.6366,10.8538,17.063,64.4705,18.7497,11.6765,4.22654,12.8523,7.83928,,,,,,,,,,,,,,,,,,,,,,,,,,,,,,,,,,,,,,,,,,,,,,,,,,,,,,,,,,,,,,,,,,,,,,,,,,,,,,,,,,,,,,,,,,,,,,,,,,,,,,,,,,,,,,
nanog1,5320,fell,1.26,1,28.7316,64.8588,1.78612,4.10469,79.5372,25.8313,16.434,4.76927,0.433948,7.90932,6.59265,2.23356,3.60416,0.482508,,,,,,,,,,,,,,,,,,,,,,,,,,,,,,,,,,,,,,,,,,,,,,,,,,,,,,,,,,,,,,,,,,,,,,,,,,,,,,,,,,,,,,,,,,,,,,,,,,,,,,,,,,,,,,
nanog1,5321,fell,2.1,1,55.6731,3.15131,2.51652,4.10127,125.518,40.6805,19.2586,8.20494,10.624,12.385,8.27401,2.62906,4.39934,2.43771,,,,,,,,,,,,,,,,,,,,,,,,,,,,,,,,,,,,,,,,,,,,,,,,,,,,,,,,,,,,,,,,,,,,,,,,,,,,,,,,,,,,,,,,,,,,,,,,,,,,,,,,,,,,,,
nanog1,5322,fell,1.38,1,89.2197,147.918,1.53439,3.86865,137.454,43.385,8.97551,7.10093,0.26463,14.8223,11.8095,4.00004,5.78795,0.682083,,,,,,,,,,,,,,,,,,,,,,,,,,,,,,,,,,,,,,,,,,,,,,,,,,,,,,,,,,,,,,,,,,,,,,,,,,,,,,,,,,,,,,,,,,,,,,,,,,,,,,,,,,,,,,
nanog1,5323,fell,2.42,1,61.4192,53.64,2.03292,3.99768,141.538,45.7408,14.3433,10.5886,19.507,18.9253,12.6061,4.44813,6.52144,2.76942,,,,,,,,,,,,,,,,,,,,,,,,,,,,,,,,,,,,,,,,,,,,,,,,,,,,,,,,,,,,,,,,,,,,,,,,,,,,,,,,,,,,,,,,,,,,,,,,,,,,,,,,,,,,,,
nanog1,5324,fell,2.32,1,110.458,33.8762,2.90391,4.24211,112.356,29.1437,16.2257,13.9756,0.59619,13.6946,10.2629,3.01788,5.7421,0.910278,,,,,,,,,,,,,,,,,,,,,,,,,,,,,,,,,,,,,,,,,,,,,,,,,,,,,,,,,,,,,,,,,,,,,,,,,,,,,,,,,,,,,,,,,,,,,,,,,,,,,,,,,,,,,,
nanog1,5325,fell,1.34,1,205.333,24.3253,1.35112,3.44354,91.5043,27.2917,14.2001,11.3206,1.07469,11.4067,7.59328,3.34624,4.676,0.787356,,,,,,,,,,,,,,,,,,,,,,,,,,,,,,,,,,,,,,,,,,,,,,,,,,,,,,,,,,,,,,,,,,,,,,,,,,,,,,,,,,,,,,,,,,,,,,,,,,,,,,,,,,,,,,
nanog1,5326,fell,2.4,1,100.967,33.1086,3.00991,4.21304,181.239,50.179,10.0077,5.35912,0.442808,18.3157,13.2614,4.77402,5.72095,1.93951,,,,,,,,,,,,,,,,,,,,,,,,,,,,,,,,,,,,,,,,,,,,,,,,,,,,,,,,,,,,,,,,,,,,,,,,,,,,,,,,,,,,,,,,,,,,,,,,,,,,,,,,,,,,,,
nanog1,5327,fell,1.68,1,33.517,37.5093,1.36535,3.68998,106.24,35.5601,13.3494,16.0074,0.60856,11.6294,9.59623,2.82678,5.04653,1.03272,,,,,,,,,,,,,,,,,,,,,,,,,,,,,,,,,,,,,,,,,,,,,,,,,,,,,,,,,,,,,,,,,,,,,,,,,,,,,,,,,,,,,,,,,,,,,,,,,,,,,,,,,,,,,,
nanog1,5328,fell,1.42,1,158.363,179.016,1.79343,3.87434,126.57,35.5429,20.3368,8.0435,0.522902,13.459,10.6208,3.867,5.94708,1.1762,,,,,,,,,,,,,,,,,,,,,,,,,,,,,,,,,,,,,,,,,,,,,,,,,,,,,,,,,,,,,,,,,,,,,,,,,,,,,,,,,,,,,,,,,,,,,,,,,,,,,,,,,,,,,,
nanog1,5329,fell,2.16,1,72.1497,19.8477,1.40031,3.52319,107.264,37.5352,15.1764,15.5305,6.10813,13.0946,8.30268,3.04988,6.74973,2.22161,,,,,,,,,,,,,,,,,,,,,,,,,,,,,,,,,,,,,,,,,,,,,,,,,,,,,,,,,,,,,,,,,,,,,,,,,,,,,,,,,,,,,,,,,,,,,,,,,,,,,,,,,,,,,,
nanog1,5330,fell,2.32,1,91.8043,48.1468,1.6553,3.51088,109.862,43.5045,13.9198,40.7068,21.7271,16.355,9.29077,3.95802,10.8318,4.88609,,,,,,,,,,,,,,,,,,,,,,,,,,,,,,,,,,,,,,,,,,,,,,,,,,,,,,,,,,,,,,,,,,,,,,,,,,,,,,,,,,,,,,,,,,,,,,,,,,,,,,,,,,,,,,
nanog1,5331,fell,7.24,2,45.0914,34.4134,2.46184,3.80927,273.715,82.4068,45.2291,14.8681,1.12136,25.5201,20.1401,6.1951,8.73093,1.57482,160.534,38.4916,31.4789,12.9256,0.684667,14.0639,11.9954,3.00067,5.17002,0.90897,,,,,,,,,,,,,,,,,,,,,,,,,,,,,,,,,,,,,,,,,,,,,,,,,,,,,,,,,,,,,,,,,,,,,,,,,,,,,,,,,,,,,,,,,,,,,,,,,,,,
nanog1,5332,fell,1.72,1,77.2639,29.1906,1.00299,3.21595,79.5658,19.7993,10.113,8.31006,0.633758,9.86561,6.71846,2.89205,4.6028,0.559931,,,,,,,,,,,,,,,,,,,,,,,,,,,,,,,,,,,,,,,,,,,,,,,,,,,,,,,,,,,,,,,,,,,,,,,,,,,,,,,,,,,,,,,,,,,,,,,,,,,,,,,,,,,,,,
nanog1,5333,fell,1.72,1,92.0126,38.0038,1.96951,3.54303,109.511,32.2964,12.2073,16.9726,35.6443,16.1415,10.0022,3.35716,6.59726,4.4701,,,,,,,,,,,,,,,,,,,,,,,,,,,,,,,,,,,,,,,,,,,,,,,,,,,,,,,,,,,,,,,,,,,,,,,,,,,,,,,,,,,,,,,,,,,,,,,,,,,,,,,,,,,,,,
nanog1,5334,fell,1.64,1,27.277,5.86069,1.29907,3.24597,178.592,37.2701,10.8879,21.6055,1.04107,20.5471,12.2748,4.11339,7.84799,2.97969,,,,,,,,,,,,,,,,,,,,,,,,,,,,,,,,,,,,,,,,,,,,,,,,,,,,,,,,,,,,,,,,,,,,,,,,,,,,,,,,,,,,,,,,,,,,,,,,,,,,,,,,,,,,,,
nanog1,5335,fell,1.88,1,90.0128,111.612,1.21879,3.5425,134.95,22.6201,13.2588,9.20081,0.949854,15.7673,8.15678,3.67082,6.95806,1.58473,,,,,,,,,,,,,,,,,,,,,,,,,,,,,,,,,,,,,,,,,,,,,,,,,,,,,,,,,,,,,,,,,,,,,,,,,,,,,,,,,,,,,,,,,,,,,,,,,,,,,,,,,,,,,,
nanog1,5336,fell,1.26,1,32.5317,30.3346,1.06386,3.28849,72.7299,23.8677,17.4389,64.984,1.88171,10.4576,7.63776,3.34689,9.89326,1.85356,,,,,,,,,,,,,,,,,,,,,,,,,,,,,,,,,,,,,,,,,,,,,,,,,,,,,,,,,,,,,,,,,,,,,,,,,,,,,,,,,,,,,,,,,,,,,,,,,,,,,,,,,,,,,,
nanog1,5337,fell,1.98,1,109.545,35.9795,2.1855,3.58746,89.5662,36.332,41.514,94.9683,18.452,10.9311,9.05523,3.89379,13.7335,3.00823,,,,,,,,,,,,,,,,,,,,,,,,,,,,,,,,,,,,,,,,,,,,,,,,,,,,,,,,,,,,,,,,,,,,,,,,,,,,,,,,,,,,,,,,,,,,,,,,,,,,,,,,,,,,,,
nanog1,5338,fell,1.84,1,40.3817,149.91,2.45356,3.66047,116.998,36.8468,15.9456,17.925,54.8185,15.1875,10.4605,3.71351,8.43647,5.49696,,,,,,,,,,,,,,,,,,,,,,,,,,,,,,,,,,,,,,,,,,,,,,,,,,,,,,,,,,,,,,,,,,,,,,,,,,,,,,,,,,,,,,,,,,,,,,,,,,,,,,,,,,,,,,
nanog1,5339,fell,1.54,1,75.8183,31.638,2.00746,3.67706,52.3742,27.482,6.7005,20.3994,88.8701,9.79894,5.9562,2.28934,8.08439,6.75022,,,,,,,,,,,,,,,,,,,,,,,,,,,,,,,,,,,,,,,,,,,,,,,,,,,,,,,,,,,,,,,,,,,,,,,,,,,,,,,,,,,,,,,,,,,,,,,,,,,,,,,,,,,,,,
nanog1,5340,fell,1.56,1,23.6101,68.2262,2.04418,3.78364,123.665,27.9414,21.9525,16.4254,3.35817,14.0554,8.20502,3.57684,5.68703,2.95707,,,,,,,,,,,,,,,,,,,,,,,,,,,,,,,,,,,,,,,,,,,,,,,,,,,,,,,,,,,,,,,,,,,,,,,,,,,,,,,,,,,,,,,,,,,,,,,,,,,,,,,,,,,,,,
nanog1,5341,fell,1.42,1,53.6039,27.9298,1.15367,3.28768,103.356,31.6592,7.67328,12.6802,2.81722,14.0742,8.37716,2.84481,6.48695,3.93379,,,,,,,,,,,,,,,,,,,,,,,,,,,,,,,,,,,,,,,,,,,,,,,,,,,,,,,,,,,,,,,,,,,,,,,,,,,,,,,,,,,,,,,,,,,,,,,,,,,,,,,,,,,,,,
nanog1,5342,fell,1.76,1,171.471,47.1967,1.08803,3.21762,93.1493,22.854,18.9741,12.8203,0.447575,11.1121,7.48578,3.23543,4.62114,0.642062,,,,,,,,,,,,,,,,,,,,,,,,,,,,,,,,,,,,,,,,,,,,,,,,,,,,,,,,,,,,,,,,,,,,,,,,,,,,,,,,,,,,,,,,,,,,,,,,,,,,,,,,,,,,,,
nanog1,5343,fell,1.44,1,41.5166,26.4152,1.27932,3.30048,101.287,28.5097,9.94553,4.74043,1.07987,9.36736,6.96973,2.22162,3.75812,0.830854,,,,,,,,,,,,,,,,,,,,,,,,,,,,,,,,,,,,,,,,,,,,,,,,,,,,,,,,,,,,,,,,,,,,,,,,,,,,,,,,,,,,,,,,,,,,,,,,,,,,,,,,,,,,,,
nanog1,5344,fell,2.32,1,91.0658,1.83344,2.27911,3.66984,118.601,30.4027,11.5569,11.3901,1.06943,14.2383,10.9397,3.84873,5.21157,0.707583,,,,,,,,,,,,,,,,,,,,,,,,,,,,,,,,,,,,,,,,,,,,,,,,,,,,,,,,,,,,,,,,,,,,,,,,,,,,,,,,,,,,,,,,,,,,,,,,,,,,,,,,,,,,,,
nanog1,5345,fell,2.9,1,52.2004,137.206,1.40714,3.53504,223.868,43.9682,25.7518,17.6897,6.66028,22.3377,15.385,4.90582,10.4987,3.84036,,,,,,,,,,,,,,,,,,,,,,,,,,,,,,,,,,,,,,,,,,,,,,,,,,,,,,,,,,,,,,,,,,,,,,,,,,,,,,,,,,,,,,,,,,,,,,,,,,,,,,,,,,,,,,
nanog1,5346,fell,2.32,1,73.9537,11.6078,2.08859,3.83837,118.879,36.9824,14.8173,26.297,20.132,14.123,9.78773,2.93311,5.90683,3.97679,,,,,,,,,,,,,,,,,,,,,,,,,,,,,,,,,,,,,,,,,,,,,,,,,,,,,,,,,,,,,,,,,,,,,,,,,,,,,,,,,,,,,,,,,,,,,,,,,,,,,,,,,,,,,,
nanog1,5347,fell,3.82,1,112.119,18.8866,2.89806,4.19039,221.914,65.8659,31.235,14.5646,1.46368,20.0718,15.5016,4.19667,7.37226,2.31279,,,,,,,,,,,,,,,,,,,,,,,,,,,,,,,,,,,,,,,,,,,,,,,,,,,,,,,,,,,,,,,,,,,,,,,,,,,,,,,,,,,,,,,,,,,,,,,,,,,,,,,,,,,,,,
nanog1,5348,fell,2.34,1,61.4586,30.9838,1.211,3.37265,129.752,49.1166,13.5446,20.3769,4.28569,14.381,9.1107,3.47319,8.17047,1.97418,,,,,,,,,,,,,,,,,,,,,,,,,,,,,,,,,,,,,,,,,,,,,,,,,,,,,,,,,,,,,,,,,,,,,,,,,,,,,,,,,,,,,,,,,,,,,,,,,,,,,,,,,,,,,,
nanog1,5349,fell,2.24,1,89.3189,56.835,2.02133,3.46419,118.936,49.1231,11.93,23.2651,94.2032,19.7703,13.5215,4.89641,9.45492,7.11647,,,,,,,,,,,,,,,,,,,,,,,,,,,,,,,,,,,,,,,,,,,,,,,,,,,,,,,,,,,,,,,,,,,,,,,,,,,,,,,,,,,,,,,,,,,,,,,,,,,,,,,,,,,,,,
nanog1,5350,fell,2.58,1,65.6715,46.623,1.12216,3.23841,198.911,45.993,31.5427,19.7627,0.851526,23.0938,15.2772,4.71938,8.83526,1.43864,,,,,,,,,,,,,,,,,,,,,,,,,,,,,,,,,,,,,,,,,,,,,,,,,,,,,,,,,,,,,,,,,,,,,,,,,,,,,,,,,,,,,,,,,,,,,,,,,,,,,,,,,,,,,,
nanog1,5351,fell,1.26,1,55.7074,37.4392,1.69128,3.46253,88.285,31.0324,8.74129,15.8093,0.441811,8.93634,7.76698,2.34136,4.48504,0.938616,,,,,,,,,,,,,,,,,,,,,,,,,,,,,,,,,,,,,,,,,,,,,,,,,,,,,,,,,,,,,,,,,,,,,,,,,,,,,,,,,,,,,,,,,,,,,,,,,,,,,,,,,,,,,,
nanog1,5352,fell,1.4,1,163.533,62.7254,0.790528,3.35101,111.393,26.9545,20.3209,9.90129,0.381896,13.2044,8.73559,3.77392,6.01195,1.2638,,,,,,,,,,,,,,,,,,,,,,,,,,,,,,,,,,,,,,,,,,,,,,,,,,,,,,,,,,,,,,,,,,,,,,,,,,,,,,,,,,,,,,,,,,,,,,,,,,,,,,,,,,,,,,
nanog1,5353,fell,1.72,1,93.8683,22.868,2.86985,4.3054,94.7895,38.5022,7.03254,10.1029,0.69665,12.9171,10.2583,2.58033,4.81673,0.744162,,,,,,,,,,,,,,,,,,,,,,,,,,,,,,,,,,,,,,,,,,,,,,,,,,,,,,,,,,,,,,,,,,,,,,,,,,,,,,,,,,,,,,,,,,,,,,,,,,,,,,,,,,,,,,
nanog1,5354,fell,1.16,1,88.599,46.7296,1.69012,3.49302,43.3908,27.2786,15.699,59.007,25.2125,6.21546,5.71154,2.36821,11.7484,7.06393,,,,,,,,,,,,,,,,,,,,,,,,,,,,,,,,,,,,,,,,,,,,,,,,,,,,,,,,,,,,,,,,,,,,,,,,,,,,,,,,,,,,,,,,,,,,,,,,,,,,,,,,,,,,,,
nanog1,5355,fell,1.86,1,70.5341,13.9588,2.54253,4.03129,74.3813,33.8371,10.2616,15.3607,7.67826,8.92968,6.18742,2.38637,4.5916,1.89033,,,,,,,,,,,,,,,,,,,,,,,,,,,,,,,,,,,,,,,,,,,,,,,,,,,,,,,,,,,,,,,,,,,,,,,,,,,,,,,,,,,,,,,,,,,,,,,,,,,,,,,,,,,,,,
nanog1,5356,fell,2.02,1,29.8045,10.9799,1.41363,3.4332,133.538,37.3584,10.7622,21.8897,5.30689,16.8677,11.3373,3.29622,7.6825,3.13994,,,,,,,,,,,,,,,,,,,,,,,,,,,,,,,,,,,,,,,,,,,,,,,,,,,,,,,,,,,,,,,,,,,,,,,,,,,,,,,,,,,,,,,,,,,,,,,,,,,,,,,,,,,,,,
nanog1,5357,fell,1.78,1,40.1612,20.8491,1.04607,3.38937,118.136,29.4354,10.7502,8.87351,0.409089,14.8298,11.2269,3.83465,4.59012,0.665627,,,,,,,,,,,,,,,,,,,,,,,,,,,,,,,,,,,,,,,,,,,,,,,,,,,,,,,,,,,,,,,,,,,,,,,,,,,,,,,,,,,,,,,,,,,,,,,,,,,,,,,,,,,,,,
nanog1,5358,fell,1.58,1,73.196,80.8814,1.13197,3.49245,121.464,35.9207,11.8585,9.36243,2.56942,12.7991,8.93528,3.23773,5.76655,1.03794,,,,,,,,,,,,,,,,,,,,,,,,,,,,,,,,,,,,,,,,,,,,,,,,,,,,,,,,,,,,,,,,,,,,,,,,,,,,,,,,,,,,,,,,,,,,,,,,,,,,,,,,,,,,,,
nanog1,5359,fell,1.98,1,30.1451,117.995,1.17059,2.99602,138.097,35.1447,11.6535,24.2619,34.5914,16.9485,11.6548,3.79336,7.12523,9.0486,,,,,,,,,,,,,,,,,,,,,,,,,,,,,,,,,,,,,,,,,,,,,,,,,,,,,,,,,,,,,,,,,,,,,,,,,,,,,,,,,,,,,,,,,,,,,,,,,,,,,,,,,,,,,,
nanog1,5360,fell,2.08,1,18.5058,35.2898,1.80592,3.44086,91.6136,30.8219,17.1496,29.1119,5.28805,9.35986,6.46112,3.19078,7.77867,1.80358,,,,,,,,,,,,,,,,,,,,,,,,,,,,,,,,,,,,,,,,,,,,,,,,,,,,,,,,,,,,,,,,,,,,,,,,,,,,,,,,,,,,,,,,,,,,,,,,,,,,,,,,,,,,,,
nanog1,5361,fell,1.32,1,52.0556,81.6232,0.914672,3.01008,79.6025,26.2645,18.6022,25.4858,3.03279,9.03366,7.12465,2.16802,6.33402,1.42814,,,,,,,,,,,,,,,,,,,,,,,,,,,,,,,,,,,,,,,,,,,,,,,,,,,,,,,,,,,,,,,,,,,,,,,,,,,,,,,,,,,,,,,,,,,,,,,,,,,,,,,,,,,,,,
nanog1,5362,fell,1.96,1,62.6783,42.7691,1.32302,3.09436,91.3173,32.8439,11.9221,15.6324,1.13542,10.581,8.90025,3.37293,7.35617,2.12392,,,,,,,,,,,,,,,,,,,,,,,,,,,,,,,,,,,,,,,,,,,,,,,,,,,,,,,,,,,,,,,,,,,,,,,,,,,,,,,,,,,,,,,,,,,,,,,,,,,,,,,,,,,,,,
nanog1,5363,fell,1.28,1,56.0376,13.0312,1.59911,3.63495,119.596,23.9264,12.1898,22.0964,7.25909,12.9845,8.04509,3.25833,5.59261,3.73793,,,,,,,,,,,,,,,,,,,,,,,,,,,,,,,,,,,,,,,,,,,,,,,,,,,,,,,,,,,,,,,,,,,,,,,,,,,,,,,,,,,,,,,,,,,,,,,,,,,,,,,,,,,,,,
nanog1,5364,fell,2.18,1,117.911,20.4625,1.38462,3.058,156.659,41.2952,18.7109,44.4236,10.4727,17.8105,11.1071,4.64714,11.4975,4.73501,,,,,,,,,,,,,,,,,,,,,,,,,,,,,,,,,,,,,,,,,,,,,,,,,,,,,,,,,,,,,,,,,,,,,,,,,,,,,,,,,,,,,,,,,,,,,,,,,,,,,,,,,,,,,,
nanog1,5365,fell,1.9,1,55.8622,90.603,2.11839,3.61228,89.1619,33.1917,6.72286,33.3755,52.2454,11.6969,7.71936,2.453,10.1944,3.63353,,,,,,,,,,,,,,,,,,,,,,,,,,,,,,,,,,,,,,,,,,,,,,,,,,,,,,,,,,,,,,,,,,,,,,,,,,,,,,,,,,,,,,,,,,,,,,,,,,,,,,,,,,,,,,
nanog1,5366,fell,1.6,1,10.1382,150.085,1.09331,3.00174,108.464,31.0871,12.9753,28.8259,3.23434,12.8156,8.69148,3.91297,9.33883,3.71089,,,,,,,,,,,,,,,,,,,,,,,,,,,,,,,,,,,,,,,,,,,,,,,,,,,,,,,,,,,,,,,,,,,,,,,,,,,,,,,,,,,,,,,,,,,,,,,,,,,,,,,,,,,,,,
nanog1,5367,fell,2.08,1,79.7171,10.5715,2.07562,3.83231,101.37,40.6859,7.95012,17.4608,26.0718,12.8568,9.9201,2.66788,7.24995,3.11933,,,,,,,,,,,,,,,,,,,,,,,,,,,,,,,,,,,,,,,,,,,,,,,,,,,,,,,,,,,,,,,,,,,,,,,,,,,,,,,,,,,,,,,,,,,,,,,,,,,,,,,,,,,,,,
nanog1,5368,fell,1.18,1,20.7244,133.672,1.40666,3.58429,67.2049,28.3473,10.0904,17.5316,3.44444,9.67116,5.99619,2.37112,6.62403,2.66686,,,,,,,,,,,,,,,,,,,,,,,,,,,,,,,,,,,,,,,,,,,,,,,,,,,,,,,,,,,,,,,,,,,,,,,,,,,,,,,,,,,,,,,,,,,,,,,,,,,,,,,,,,,,,,
nanog1,5369,fell,2.28,1,44.6458,35.8871,1.93064,3.68398,119.135,30.3662,15.1528,20.1534,1.80234,15.2058,11.4266,4.40505,8.64312,2.59194,,,,,,,,,,,,,,,,,,,,,,,,,,,,,,,,,,,,,,,,,,,,,,,,,,,,,,,,,,,,,,,,,,,,,,,,,,,,,,,,,,,,,,,,,,,,,,,,,,,,,,,,,,,,,,
nanog1,5370,fell,1.38,1,68.4847,90.1373,1.8884,2.5039,219.093,41.1512,46.1159,68.1174,10.6078,20.7975,14.5904,6.3308,15.8159,4.37039,,,,,,,,,,,,,,,,,,,,,,,,,,,,,,,,,,,,,,,,,,,,,,,,,,,,,,,,,,,,,,,,,,,,,,,,,,,,,,,,,,,,,,,,,,,,,,,,,,,,,,,,,,,,,,
nanog1,5371,fell,1.64,1,136.018,7.58031,1.17848,2.86856,120.425,34.6799,22.2643,35.4285,1.17915,14.1045,10.712,4.24092,12.6198,2.69203,,,,,,,,,,,,,,,,,,,,,,,,,,,,,,,,,,,,,,,,,,,,,,,,,,,,,,,,,,,,,,,,,,,,,,,,,,,,,,,,,,,,,,,,,,,,,,,,,,,,,,,,,,,,,,
nanog1,5372,fell,1.52,1,79.778,73.6679,0.859769,2.33201,108.402,23.6663,14.1936,63.1024,28.8385,15.1859,9.22198,3.78594,10.5051,6.55968,,,,,,,,,,,,,,,,,,,,,,,,,,,,,,,,,,,,,,,,,,,,,,,,,,,,,,,,,,,,,,,,,,,,,,,,,,,,,,,,,,,,,,,,,,,,,,,,,,,,,,,,,,,,,,
nanog1,5373,fell,2.12,1,54.9744,34.5774,2.4218,3.849,89.0889,36.2689,9.9194,16.2071,8.79192,13.6895,9.60068,2.90908,6.78924,2.3159,,,,,,,,,,,,,,,,,,,,,,,,,,,,,,,,,,,,,,,,,,,,,,,,,,,,,,,,,,,,,,,,,,,,,,,,,,,,,,,,,,,,,,,,,,,,,,,,,,,,,,,,,,,,,,
nanog1,5374,fell,2.24,1,94.1725,48.3311,1.79837,3.88241,151.014,38.3656,12.9214,14.9557,43.8983,16.1597,10.8308,3.99189,8.59123,3.94882,,,,,,,,,,,,,,,,,,,,,,,,,,,,,,,,,,,,,,,,,,,,,,,,,,,,,,,,,,,,,,,,,,,,,,,,,,,,,,,,,,,,,,,,,,,,,,,,,,,,,,,,,,,,,,
nanog1,5375,fell,2.54,1,91.2062,17.3544,1.0336,3.44596,180.182,45.3271,24.17,10.7889,1.24351,16.6235,14.247,4.29871,7.32134,1.89105,,,,,,,,,,,,,,,,,,,,,,,,,,,,,,,,,,,,,,,,,,,,,,,,,,,,,,,,,,,,,,,,,,,,,,,,,,,,,,,,,,,,,,,,,,,,,,,,,,,,,,,,,,,,,,
nanog1,5376,fell,2.06,1,30.3906,127.684,0.886648,2.48192,134.035,38.1203,14.9129,14.9636,2.72227,16.6699,12.5769,3.67466,6.5632,1.29812,,,,,,,,,,,,,,,,,,,,,,,,,,,,,,,,,,,,,,,,,,,,,,,,,,,,,,,,,,,,,,,,,,,,,,,,,,,,,,,,,,,,,,,,,,,,,,,,,,,,,,,,,,,,,,
nanog1,5377,fell,1.6,1,28.3672,66.5096,0.85219,2.54519,104,31.4746,16.8455,45.406,3.52751,12.6357,10.133,3.76998,13.0747,2.77331,,,,,,,,,,,,,,,,,,,,,,,,,,,,,,,,,,,,,,,,,,,,,,,,,,,,,,,,,,,,,,,,,,,,,,,,,,,,,,,,,,,,,,,,,,,,,,,,,,,,,,,,,,,,,,
nanog1,5378,fell,2.18,1,22.7859,10.3975,1.1679,3.07337,123.097,43.1737,21.7395,30.5374,13.0573,15.173,9.68658,3.80107,7.51061,4.44531,,,,,,,,,,,,,,,,,,,,,,,,,,,,,,,,,,,,,,,,,,,,,,,,,,,,,,,,,,,,,,,,,,,,,,,,,,,,,,,,,,,,,,,,,,,,,,,,,,,,,,,,,,,,,,
nanog1,5379,fell,2.26,1,55.5499,146.442,0.852241,3.13131,91.3302,37.2384,11.6175,11.6242,1.01125,10.3369,9.11917,2.67381,4.09307,1.66543,,,,,,,,,,,,,,,,,,,,,,,,,,,,,,,,,,,,,,,,,,,,,,,,,,,,,,,,,,,,,,,,,,,,,,,,,,,,,,,,,,,,,,,,,,,,,,,,,,,,,,,,,,,,,,
nanog1,5380,fell,2.3,1,150.212,32.9608,2.97072,3.93493,154.272,34.5342,23.9487,20.0803,0.734437,15.315,10.4958,4.31664,6.56733,1.49016,,,,,,,,,,,,,,,,,,,,,,,,,,,,,,,,,,,,,,,,,,,,,,,,,,,,,,,,,,,,,,,,,,,,,,,,,,,,,,,,,,,,,,,,,,,,,,,,,,,,,,,,,,,,,,
nanog1,5381,fell,2.5,1,75.2415,8.17911,1.96293,4.177,148.131,44.4599,21.2793,28.4011,36.938,14.2166,11.1111,3.41521,8.33317,4.07468,,,,,,,,,,,,,,,,,,,,,,,,,,,,,,,,,,,,,,,,,,,,,,,,,,,,,,,,,,,,,,,,,,,,,,,,,,,,,,,,,,,,,,,,,,,,,,,,,,,,,,,,,,,,,,
nanog1,5382,fell,1.38,1,65.2843,16.9054,1.00853,3.4008,104.588,31.1647,12.609,5.57225,0.264596,13.0589,9.19789,3.73515,4.61594,1.04226,,,,,,,,,,,,,,,,,,,,,,,,,,,,,,,,,,,,,,,,,,,,,,,,,,,,,,,,,,,,,,,,,,,,,,,,,,,,,,,,,,,,,,,,,,,,,,,,,,,,,,,,,,,,,,
nanog1,5383,fell,2.18,1,100.759,53.5096,3.01522,4.24751,160.159,56.3604,7.73665,6.68978,0.562074,17.5476,13.8652,4.19267,4.71506,0.662883,,,,,,,,,,,,,,,,,,,,,,,,,,,,,,,,,,,,,,,,,,,,,,,,,,,,,,,,,,,,,,,,,,,,,,,,,,,,,,,,,,,,,,,,,,,,,,,,,,,,,,,,,,,,,,
nanog1,5384,fell,3.12,1,98.9409,37.0095,2.74004,4.02134,131.045,35.7227,29.5314,12.3684,0.765843,12.8227,10.4804,3.35707,5.04079,2.33154,,,,,,,,,,,,,,,,,,,,,,,,,,,,,,,,,,,,,,,,,,,,,,,,,,,,,,,,,,,,,,,,,,,,,,,,,,,,,,,,,,,,,,,,,,,,,,,,,,,,,,,,,,,,,,
nanog1,5385,fell,2.06,1,118.703,55.7524,1.95827,4.11654,162.883,55.3176,11.4317,6.06617,0.670786,16.1606,13.5666,4.16337,5.78852,0.68347,,,,,,,,,,,,,,,,,,,,,,,,,,,,,,,,,,,,,,,,,,,,,,,,,,,,,,,,,,,,,,,,,,,,,,,,,,,,,,,,,,,,,,,,,,,,,,,,,,,,,,,,,,,,,,
nanog1,5386,fell,1.62,1,96.6916,56.9019,1.61475,3.59071,132.555,29.997,17.0454,10.2892,0.703482,14.9508,11.3838,3.56229,5.42303,0.778247,,,,,,,,,,,,,,,,,,,,,,,,,,,,,,,,,,,,,,,,,,,,,,,,,,,,,,,,,,,,,,,,,,,,,,,,,,,,,,,,,,,,,,,,,,,,,,,,,,,,,,,,,,,,,,
nanog1,5387,fell,1.44,1,78.9529,62.5814,0.79254,2.81467,103.958,40.0297,8.47359,29.8792,3.77832,13.844,8.48805,2.99287,8.21964,2.86772,,,,,,,,,,,,,,,,,,,,,,,,,,,,,,,,,,,,,,,,,,,,,,,,,,,,,,,,,,,,,,,,,,,,,,,,,,,,,,,,,,,,,,,,,,,,,,,,,,,,,,,,,,,,,,
nanog1,5388,fell,2.14,1,51.3147,89.5617,1.61535,3.38451,138.696,46.8708,9.64207,21.848,23.3177,18.5556,12.3308,4.28589,6.15172,5.3273,,,,,,,,,,,,,,,,,,,,,,,,,,,,,,,,,,,,,,,,,,,,,,,,,,,,,,,,,,,,,,,,,,,,,,,,,,,,,,,,,,,,,,,,,,,,,,,,,,,,,,,,,,,,,,
nanog1,5389,fell,1.5,1,90.7795,54.1084,0.646288,2.98065,112.253,23.8948,23.9504,9.06661,0.298094,11.3084,8.00757,3.17324,5.11286,1.4266,,,,,,,,,,,,,,,,,,,,,,,,,,,,,,,,,,,,,,,,,,,,,,,,,,,,,,,,,,,,,,,,,,,,,,,,,,,,,,,,,,,,,,,,,,,,,,,,,,,,,,,,,,,,,,
nanog1,5390,fell,1.52,1,76.5538,60.4444,2.89183,3.80919,129.914,27.7413,10.5703,14.9588,1.68941,16.5094,12.5397,3.84949,6.22829,2.54222,,,,,,,,,,,,,,,,,,,,,,,,,,,,,,,,,,,,,,,,,,,,,,,,,,,,,,,,,,,,,,,,,,,,,,,,,,,,,,,,,,,,,,,,,,,,,,,,,,,,,,,,,,,,,,
nanog1,5391,fell,2.5,1,67.1974,37.4346,0.765948,3.15646,189.294,46.4462,17.5902,16.4552,1.50324,22.328,14.7319,4.94495,8.4348,1.70222,,,,,,,,,,,,,,,,,,,,,,,,,,,,,,,,,,,,,,,,,,,,,,,,,,,,,,,,,,,,,,,,,,,,,,,,,,,,,,,,,,,,,,,,,,,,,,,,,,,,,,,,,,,,,,
nanog1,5392,fell,1.2,1,98.0119,112.744,2.40601,4.10407,54.3124,31.2253,7.85792,18.683,8.14243,9.77667,6.7151,2.14024,5.73142,2.0059,,,,,,,,,,,,,,,,,,,,,,,,,,,,,,,,,,,,,,,,,,,,,,,,,,,,,,,,,,,,,,,,,,,,,,,,,,,,,,,,,,,,,,,,,,,,,,,,,,,,,,,,,,,,,,
nanog1,5393,fell,1.54,1,156.283,16.5456,2.7436,4.20408,99.6853,23.1816,29.1684,24.4893,1.32327,11.1233,7.62084,3.32845,7.88082,2.85483,,,,,,,,,,,,,,,,,,,,,,,,,,,,,,,,,,,,,,,,,,,,,,,,,,,,,,,,,,,,,,,,,,,,,,,,,,,,,,,,,,,,,,,,,,,,,,,,,,,,,,,,,,,,,,
nanog1,5394,fell,1.42,1,195.248,27.4493,1.12427,3.32396,77.9976,20.0069,9.04135,8.90859,0.285244,10.3927,8.01433,2.77886,4.02297,0.453981,,,,,,,,,,,,,,,,,,,,,,,,,,,,,,,,,,,,,,,,,,,,,,,,,,,,,,,,,,,,,,,,,,,,,,,,,,,,,,,,,,,,,,,,,,,,,,,,,,,,,,,,,,,,,,
nanog1,5395,fell,1.46,1,87.4548,121.677,1.02868,3.33275,110.513,32.3815,15.4685,32.1421,1.26519,14.4218,11.3898,4.42613,9.11272,3.82787,,,,,,,,,,,,,,,,,,,,,,,,,,,,,,,,,,,,,,,,,,,,,,,,,,,,,,,,,,,,,,,,,,,,,,,,,,,,,,,,,,,,,,,,,,,,,,,,,,,,,,,,,,,,,,
nanog1,5396,fell,3.06,1,107.758,14.8532,1.62868,3.50277,251.355,62.0116,21.2164,24.7926,36.484,22.4305,15.6698,5.29771,9.83324,4.21859,,,,,,,,,,,,,,,,,,,,,,,,,,,,,,,,,,,,,,,,,,,,,,,,,,,,,,,,,,,,,,,,,,,,,,,,,,,,,,,,,,,,,,,,,,,,,,,,,,,,,,,,,,,,,,
nanog1,5397,fell,1.44,1,134.25,49.4185,2.97912,3.89419,108.349,30.063,25.0452,12.2328,0.732425,11.8979,9.11746,2.97436,4.22578,0.651113,,,,,,,,,,,,,,,,,,,,,,,,,,,,,,,,,,,,,,,,,,,,,,,,,,,,,,,,,,,,,,,,,,,,,,,,,,,,,,,,,,,,,,,,,,,,,,,,,,,,,,,,,,,,,,
nanog1,5398,fell,1.2,1,187.323,38.3155,1.22923,3.55288,69.8021,21.6685,18.2654,7.57854,0.245749,9.20782,6.98833,3.27254,5.46976,0.606237,,,,,,,,,,,,,,,,,,,,,,,,,,,,,,,,,,,,,,,,,,,,,,,,,,,,,,,,,,,,,,,,,,,,,,,,,,,,,,,,,,,,,,,,,,,,,,,,,,,,,,,,,,,,,,
nanog1,5399,fell,2.42,1,110.121,21.4444,1.14406,2.92132,140.524,41.4734,12.4697,13.0292,1.26432,14.9485,10.3874,4.05669,8.04968,2.93689,,,,,,,,,,,,,,,,,,,,,,,,,,,,,,,,,,,,,,,,,,,,,,,,,,,,,,,,,,,,,,,,,,,,,,,,,,,,,,,,,,,,,,,,,,,,,,,,,,,,,,,,,,,,,,
nanog1,5400,fell,1.32,1,116.348,44.9443,2.92851,3.97044,104.529,22.8943,5.66457,8.33516,0.712569,15.7565,10.6143,3.03764,5.41735,1.05282,,,,,,,,,,,,,,,,,,,,,,,,,,,,,,,,,,,,,,,,,,,,,,,,,,,,,,,,,,,,,,,,,,,,,,,,,,,,,,,,,,,,,,,,,,,,,,,,,,,,,,,,,,,,,,
nanog1,5401,fell,1.24,1,11.263,59.9629,1.29118,3.50793,134.171,25.1878,18.2498,13.2036,2.93471,11.3122,6.88768,2.45446,6.09719,3.94054,,,,,,,,,,,,,,,,,,,,,,,,,,,,,,,,,,,,,,,,,,,,,,,,,,,,,,,,,,,,,,,,,,,,,,,,,,,,,,,,,,,,,,,,,,,,,,,,,,,,,,,,,,,,,,
nanog1,5402,fell,1.68,1,89.9585,88.4854,2.02885,3.66025,100.927,24.2993,21.3298,8.62703,1.93893,12.4675,9.24526,3.5003,5.29307,2.0018,,,,,,,,,,,,,,,,,,,,,,,,,,,,,,,,,,,,,,,,,,,,,,,,,,,,,,,,,,,,,,,,,,,,,,,,,,,,,,,,,,,,,,,,,,,,,,,,,,,,,,,,,,,,,,
nanog1,5403,fell,2.54,1,137.931,47.9686,1.92861,3.80851,176.058,62.8932,16.1248,24.0584,16.5093,18.6948,13.5826,3.98312,8.73607,3.20723,,,,,,,,,,,,,,,,,,,,,,,,,,,,,,,,,,,,,,,,,,,,,,,,,,,,,,,,,,,,,,,,,,,,,,,,,,,,,,,,,,,,,,,,,,,,,,,,,,,,,,,,,,,,,,
nanog1,5404,fell,1.6,1,75.1283,62.6786,0.644837,3.14949,113.816,41.1732,12.7129,9.62598,0.778751,13.5617,11.4356,3.37039,5.10368,1.22551,,,,,,,,,,,,,,,,,,,,,,,,,,,,,,,,,,,,,,,,,,,,,,,,,,,,,,,,,,,,,,,,,,,,,,,,,,,,,,,,,,,,,,,,,,,,,,,,,,,,,,,,,,,,,,
nanog1,5405,fell,1.76,1,83.7569,98.3364,1.88595,3.49046,88.4579,23.5348,11.8223,12.4306,1.77278,9.05065,7.80687,3.04201,4.44079,1.18141,,,,,,,,,,,,,,,,,,,,,,,,,,,,,,,,,,,,,,,,,,,,,,,,,,,,,,,,,,,,,,,,,,,,,,,,,,,,,,,,,,,,,,,,,,,,,,,,,,,,,,,,,,,,,,
nanog1,5406,fell,2.56,1,69.8841,125.925,2.77384,4.15263,185.717,42.858,23.9827,14.4534,0.872145,19.197,13.1538,4.38489,6.7525,1.13218,,,,,,,,,,,,,,,,,,,,,,,,,,,,,,,,,,,,,,,,,,,,,,,,,,,,,,,,,,,,,,,,,,,,,,,,,,,,,,,,,,,,,,,,,,,,,,,,,,,,,,,,,,,,,,
nanog1,5407,fell,1.86,1,70.7664,134.98,1.56958,3.62287,141.887,42.3528,12.3793,31.3902,6.67826,13.74,10.4831,2.84117,7.65809,3.12034,,,,,,,,,,,,,,,,,,,,,,,,,,,,,,,,,,,,,,,,,,,,,,,,,,,,,,,,,,,,,,,,,,,,,,,,,,,,,,,,,,,,,,,,,,,,,,,,,,,,,,,,,,,,,,
nanog1,5408,fell,1.18,1,141.189,1.1645,0.989339,3.28079,110.545,25.5996,13.3965,11.9307,8.54518,13.456,8.0593,3.55694,8.73286,4.60111,,,,,,,,,,,,,,,,,,,,,,,,,,,,,,,,,,,,,,,,,,,,,,,,,,,,,,,,,,,,,,,,,,,,,,,,,,,,,,,,,,,,,,,,,,,,,,,,,,,,,,,,,,,,,,
nanog1,5409,fell,1.08,1,73.4345,47.5442,2.45345,3.61114,74.527,22.1354,7.28341,17.9339,2.13031,9.85003,8.60872,2.42044,4.83284,2.64955,,,,,,,,,,,,,,,,,,,,,,,,,,,,,,,,,,,,,,,,,,,,,,,,,,,,,,,,,,,,,,,,,,,,,,,,,,,,,,,,,,,,,,,,,,,,,,,,,,,,,,,,,,,,,,
nanog1,5410,fell,1.8,1,57.9813,98.1258,2.33095,4.00418,105.575,41.6764,7.28235,11.4996,0.56962,15.7692,13.6481,3.97522,6.06842,0.816729,,,,,,,,,,,,,,,,,,,,,,,,,,,,,,,,,,,,,,,,,,,,,,,,,,,,,,,,,,,,,,,,,,,,,,,,,,,,,,,,,,,,,,,,,,,,,,,,,,,,,,,,,,,,,,
nanog1,5411,fell,1.38,1,63.1099,164.229,2.14645,3.58081,82.0939,28.9854,11.8664,18.5723,2.9268,9.48071,6.95611,2.60596,5.4601,2.58197,,,,,,,,,,,,,,,,,,,,,,,,,,,,,,,,,,,,,,,,,,,,,,,,,,,,,,,,,,,,,,,,,,,,,,,,,,,,,,,,,,,,,,,,,,,,,,,,,,,,,,,,,,,,,,
nanog1,5412,fell,3.48,1,61.8462,87.4352,2.74328,3.98729,202.984,45.1938,30.7434,15.8619,0.69106,17.5353,12.5604,4.19837,5.53194,0.992915,,,,,,,,,,,,,,,,,,,,,,,,,,,,,,,,,,,,,,,,,,,,,,,,,,,,,,,,,,,,,,,,,,,,,,,,,,,,,,,,,,,,,,,,,,,,,,,,,,,,,,,,,,,,,,
nanog1,5413,fell,1.52,1,16.9904,12.2527,0.963086,3.18985,120.488,23.9914,10.6055,13.1125,0.873186,14.5749,10.326,3.4902,5.89753,0.767719,,,,,,,,,,,,,,,,,,,,,,,,,,,,,,,,,,,,,,,,,,,,,,,,,,,,,,,,,,,,,,,,,,,,,,,,,,,,,,,,,,,,,,,,,,,,,,,,,,,,,,,,,,,,,,
nanog1,5414,fell,3.76,1,138.373,18.7841,2.95302,4.10956,177.264,52.6646,29.072,7.87865,0.797582,17.754,13.9357,4.2545,5.63031,1.81629,,,,,,,,,,,,,,,,,,,,,,,,,,,,,,,,,,,,,,,,,,,,,,,,,,,,,,,,,,,,,,,,,,,,,,,,,,,,,,,,,,,,,,,,,,,,,,,,,,,,,,,,,,,,,,
nanog1,5415,fell,1.56,1,84.4102,11.6993,2.01163,2.90209,85.5372,33.4505,26.8726,20.2084,103.966,11.6315,7.74241,3.8234,9.66867,5.95287,,,,,,,,,,,,,,,,,,,,,,,,,,,,,,,,,,,,,,,,,,,,,,,,,,,,,,,,,,,,,,,,,,,,,,,,,,,,,,,,,,,,,,,,,,,,,,,,,,,,,,,,,,,,,,
nanog1,5416,fell,1.58,1,12.824,148.046,2.96993,4.15458,92.4583,28.5399,8.31265,3.96814,0.792878,10.6297,10.0746,3.08024,3.61477,0.814596,,,,,,,,,,,,,,,,,,,,,,,,,,,,,,,,,,,,,,,,,,,,,,,,,,,,,,,,,,,,,,,,,,,,,,,,,,,,,,,,,,,,,,,,,,,,,,,,,,,,,,,,,,,,,,
nanog1,5417,fell,3.38,1,129.341,52.0744,2.11223,3.71501,237.562,66.4117,23.2149,21.3565,13.2333,21.7698,15.1166,5.04746,8.74356,3.21212,,,,,,,,,,,,,,,,,,,,,,,,,,,,,,,,,,,,,,,,,,,,,,,,,,,,,,,,,,,,,,,,,,,,,,,,,,,,,,,,,,,,,,,,,,,,,,,,,,,,,,,,,,,,,,
nanog1,5418,fell,2.68,1,183.048,53.3422,0.661837,2.74475,129.755,33.2246,15.1406,25.6617,4.65385,14.2262,9.85148,3.24272,6.59988,3.20539,,,,,,,,,,,,,,,,,,,,,,,,,,,,,,,,,,,,,,,,,,,,,,,,,,,,,,,,,,,,,,,,,,,,,,,,,,,,,,,,,,,,,,,,,,,,,,,,,,,,,,,,,,,,,,
nanog1,5419,fell,1.48,1,39.2736,138.659,1.35348,3.46109,128.871,27.9141,18.7038,20.8703,0.549618,13.6366,7.25318,3.32073,7.84708,1.91558,,,,,,,,,,,,,,,,,,,,,,,,,,,,,,,,,,,,,,,,,,,,,,,,,,,,,,,,,,,,,,,,,,,,,,,,,,,,,,,,,,,,,,,,,,,,,,,,,,,,,,,,,,,,,,
nanog1,5420,fell,1.38,1,156.27,88.2677,3.03721,4.39629,87.5705,34.8336,12.3444,4.32422,0.431868,9.20094,8.27522,2.63345,3.64465,0.6095,,,,,,,,,,,,,,,,,,,,,,,,,,,,,,,,,,,,,,,,,,,,,,,,,,,,,,,,,,,,,,,,,,,,,,,,,,,,,,,,,,,,,,,,,,,,,,,,,,,,,,,,,,,,,,
nanog1,5421,fell,1.34,1,183.919,32.7457,1.89244,2.8154,84.4971,25.119,16.4566,47.0157,44.4435,9.31976,7.95562,3.1196,11.2532,7.77644,,,,,,,,,,,,,,,,,,,,,,,,,,,,,,,,,,,,,,,,,,,,,,,,,,,,,,,,,,,,,,,,,,,,,,,,,,,,,,,,,,,,,,,,,,,,,,,,,,,,,,,,,,,,,,
nanog1,5422,fell,1.64,1,194.74,116.894,1.46341,3.68679,155.391,30.3835,29.1378,10.2684,0.488663,14.34,9.30483,3.93373,5.72474,1.21504,,,,,,,,,,,,,,,,,,,,,,,,,,,,,,,,,,,,,,,,,,,,,,,,,,,,,,,,,,,,,,,,,,,,,,,,,,,,,,,,,,,,,,,,,,,,,,,,,,,,,,,,,,,,,,
nanog1,5423,fell,1.66,1,76.1078,29.5877,2.01286,3.68483,83.6234,29.5378,8.32077,8.40331,0.414416,10.4249,8.71919,2.83164,3.99724,0.828571,,,,,,,,,,,,,,,,,,,,,,,,,,,,,,,,,,,,,,,,,,,,,,,,,,,,,,,,,,,,,,,,,,,,,,,,,,,,,,,,,,,,,,,,,,,,,,,,,,,,,,,,,,,,,,
nanog1,5424,fell,2.46,1,85.7872,26.5902,2.21622,3.91933,163.306,51.2173,12.4922,19.542,8.15465,16.6387,11.5625,3.89296,7.94356,2.9879,,,,,,,,,,,,,,,,,,,,,,,,,,,,,,,,,,,,,,,,,,,,,,,,,,,,,,,,,,,,,,,,,,,,,,,,,,,,,,,,,,,,,,,,,,,,,,,,,,,,,,,,,,,,,,
nanog1,5425,fell,2.22,1,82.9463,3.00232,0.577479,3.10236,126.861,46.028,31.0564,18.2991,0.875745,13.6278,11.3992,4.03048,6.18364,0.948142,,,,,,,,,,,,,,,,,,,,,,,,,,,,,,,,,,,,,,,,,,,,,,,,,,,,,,,,,,,,,,,,,,,,,,,,,,,,,,,,,,,,,,,,,,,,,,,,,,,,,,,,,,,,,,
nanog1,5426,fell,1.54,1,70.3674,5.49957,1.6609,3.72843,116.224,36.7366,14.3622,5.61437,0.192744,12.4853,9.35033,3.21196,4.52202,0.466742,,,,,,,,,,,,,,,,,,,,,,,,,,,,,,,,,,,,,,,,,,,,,,,,,,,,,,,,,,,,,,,,,,,,,,,,,,,,,,,,,,,,,,,,,,,,,,,,,,,,,,,,,,,,,,
nanog1,5427,fell,2.84,1,191.597,27.3897,2.2466,3.80022,214.895,62.2996,16.8423,8.61979,0.748469,22.1057,16.207,5.19425,7.14095,1.25567,,,,,,,,,,,,,,,,,,,,,,,,,,,,,,,,,,,,,,,,,,,,,,,,,,,,,,,,,,,,,,,,,,,,,,,,,,,,,,,,,,,,,,,,,,,,,,,,,,,,,,,,,,,,,,
nanog1,5428,fell,1.6,1,111.911,132.009,1.89504,3.85,47.4284,31.7331,16.4143,60.7396,62.0609,7.33054,6.91077,2.83382,11.493,8.50012,,,,,,,,,,,,,,,,,,,,,,,,,,,,,,,,,,,,,,,,,,,,,,,,,,,,,,,,,,,,,,,,,,,,,,,,,,,,,,,,,,,,,,,,,,,,,,,,,,,,,,,,,,,,,,
nanog1,5429,fell,2.92,1,78.3434,47.3073,2.48463,3.86189,191.719,48.0241,18.941,17.9778,3.95896,22.6599,15.7074,4.58631,9.58827,2.98397,,,,,,,,,,,,,,,,,,,,,,,,,,,,,,,,,,,,,,,,,,,,,,,,,,,,,,,,,,,,,,,,,,,,,,,,,,,,,,,,,,,,,,,,,,,,,,,,,,,,,,,,,,,,,,
nanog1,5430,fell,1.46,1,67.5867,11.8202,3.09915,4.25744,99.5754,41.9126,10.4955,6.18017,0.381214,10.7583,9.32755,2.54417,2.87623,0.418309,,,,,,,,,,,,,,,,,,,,,,,,,,,,,,,,,,,,,,,,,,,,,,,,,,,,,,,,,,,,,,,,,,,,,,,,,,,,,,,,,,,,,,,,,,,,,,,,,,,,,,,,,,,,,,
nanog1,5431,fell,2,1,36.4908,92.3621,2.28881,3.9458,92.5589,31.0145,15.5768,19.4517,39.5334,12.0985,7.80808,2.84906,6.24947,3.64905,,,,,,,,,,,,,,,,,,,,,,,,,,,,,,,,,,,,,,,,,,,,,,,,,,,,,,,,,,,,,,,,,,,,,,,,,,,,,,,,,,,,,,,,,,,,,,,,,,,,,,,,,,,,,,
nanog1,5432,fell,1.7,1,80.271,135.438,2.25933,3.90916,48.8804,38.649,5.95461,13.9761,5.96676,6.63878,7.11572,1.84917,5.29151,2.08989,,,,,,,,,,,,,,,,,,,,,,,,,,,,,,,,,,,,,,,,,,,,,,,,,,,,,,,,,,,,,,,,,,,,,,,,,,,,,,,,,,,,,,,,,,,,,,,,,,,,,,,,,,,,,,
nanog1,5433,fell,1.96,1,45.8815,9.76714,1.45151,3.40747,168.115,46.3617,13.7841,23.241,39.7709,22.6628,14.8307,4.87798,8.50988,5.81034,,,,,,,,,,,,,,,,,,,,,,,,,,,,,,,,,,,,,,,,,,,,,,,,,,,,,,,,,,,,,,,,,,,,,,,,,,,,,,,,,,,,,,,,,,,,,,,,,,,,,,,,,,,,,,
nanog1,5434,fell,2.94,1,81.1349,169.106,2.1134,3.45451,161.838,39.0135,30.3907,17.9921,0.709154,17.2323,12.3072,4.28522,6.40229,0.803724,,,,,,,,,,,,,,,,,,,,,,,,,,,,,,,,,,,,,,,,,,,,,,,,,,,,,,,,,,,,,,,,,,,,,,,,,,,,,,,,,,,,,,,,,,,,,,,,,,,,,,,,,,,,,,
nanog1,5435,fell,2.14,1,84.5989,8.40905,1.66718,2.32582,164.014,52.3466,17.3521,15.4323,1.18448,16.8248,13.3932,3.85427,6.16247,1.02387,,,,,,,,,,,,,,,,,,,,,,,,,,,,,,,,,,,,,,,,,,,,,,,,,,,,,,,,,,,,,,,,,,,,,,,,,,,,,,,,,,,,,,,,,,,,,,,,,,,,,,,,,,,,,,
nanog1,5436,fell,1.9,1,66.6511,17.2846,1.19984,2.31897,121.834,33.1615,22.1993,11.1008,4.26521,12.1585,9.40975,3.09973,4.81211,1.3786,,,,,,,,,,,,,,,,,,,,,,,,,,,,,,,,,,,,,,,,,,,,,,,,,,,,,,,,,,,,,,,,,,,,,,,,,,,,,,,,,,,,,,,,,,,,,,,,,,,,,,,,,,,,,,
nanog1,5437,fell,2.66,1,138.896,4.69392,2.0075,3.54304,161.486,46.7902,17.4059,21.5111,1.37188,16.5373,13.0554,4.20656,6.98217,1.24219,,,,,,,,,,,,,,,,,,,,,,,,,,,,,,,,,,,,,,,,,,,,,,,,,,,,,,,,,,,,,,,,,,,,,,,,,,,,,,,,,,,,,,,,,,,,,,,,,,,,,,,,,,,,,,
nanog1,5438,fell,2.6,1,64.9903,95.4953,0.687304,3.06315,196.869,36.7745,22.4985,15.4376,0.716572,22.431,14.76,5.15378,7.68516,1.24195,,,,,,,,,,,,,,,,,,,,,,,,,,,,,,,,,,,,,,,,,,,,,,,,,,,,,,,,,,,,,,,,,,,,,,,,,,,,,,,,,,,,,,,,,,,,,,,,,,,,,,,,,,,,,,
nanog1,5439,fell,2.78,1,93.797,26.3955,1.95825,3.72981,122.362,34.2298,21.7517,8.72686,0.854906,12.7031,10.021,3.60647,5.06326,1.37651,,,,,,,,,,,,,,,,,,,,,,,,,,,,,,,,,,,,,,,,,,,,,,,,,,,,,,,,,,,,,,,,,,,,,,,,,,,,,,,,,,,,,,,,,,,,,,,,,,,,,,,,,,,,,,
nanog1,5440,fell,2.04,1,80.3381,108.769,0.637606,3.09265,133.262,34.7591,17.2415,14.7648,0.605705,15.1739,10.9586,4.09599,6.90547,0.968423,,,,,,,,,,,,,,,,,,,,,,,,,,,,,,,,,,,,,,,,,,,,,,,,,,,,,,,,,,,,,,,,,,,,,,,,,,,,,,,,,,,,,,,,,,,,,,,,,,,,,,,,,,,,,,
nanog1,5441,fell,2.12,1,74.7561,46.2271,0.778745,3.04147,144.376,34.9917,12.9572,12.211,1.64888,17.143,10.3423,3.58307,6.37699,1.36082,,,,,,,,,,,,,,,,,,,,,,,,,,,,,,,,,,,,,,,,,,,,,,,,,,,,,,,,,,,,,,,,,,,,,,,,,,,,,,,,,,,,,,,,,,,,,,,,,,,,,,,,,,,,,,
nanog1,5442,fell,2.3,1,73.9648,3.15271,2.32452,3.62009,139.804,36.015,16.4472,17.8914,43.0665,16.3628,10.6529,4.42974,8.14126,3.66019,,,,,,,,,,,,,,,,,,,,,,,,,,,,,,,,,,,,,,,,,,,,,,,,,,,,,,,,,,,,,,,,,,,,,,,,,,,,,,,,,,,,,,,,,,,,,,,,,,,,,,,,,,,,,,
nanog1,5443,fell,4.9,1,82.0705,81.7461,1.26304,2.94292,183.065,42.1368,40.2564,18.2088,1.66436,16.7467,11.2479,4.47902,7.43688,1.43767,,,,,,,,,,,,,,,,,,,,,,,,,,,,,,,,,,,,,,,,,,,,,,,,,,,,,,,,,,,,,,,,,,,,,,,,,,,,,,,,,,,,,,,,,,,,,,,,,,,,,,,,,,,,,,
nanog1,5444,fell,1.26,1,41.0413,42.3098,0.978661,2.92475,83.0744,33.3961,16.9438,58.2213,2.99305,12.7549,6.66655,3.24492,10.0317,4.67089,,,,,,,,,,,,,,,,,,,,,,,,,,,,,,,,,,,,,,,,,,,,,,,,,,,,,,,,,,,,,,,,,,,,,,,,,,,,,,,,,,,,,,,,,,,,,,,,,,,,,,,,,,,,,,
nanog1,5445,fell,1.6,1,80.3688,7.85578,1.54743,3.63801,104.343,38.7792,11.3443,7.63752,0.56379,12.485,11.4019,3.02238,4.53367,0.608991,,,,,,,,,,,,,,,,,,,,,,,,,,,,,,,,,,,,,,,,,,,,,,,,,,,,,,,,,,,,,,,,,,,,,,,,,,,,,,,,,,,,,,,,,,,,,,,,,,,,,,,,,,,,,,
nanog1,5446,fell,2.3,1,193.136,2.3752,1.09705,1.56752,149.68,33.2739,29.9941,21.1125,0.886748,14.7821,11.46,4.90261,11.8413,1.81464,,,,,,,,,,,,,,,,,,,,,,,,,,,,,,,,,,,,,,,,,,,,,,,,,,,,,,,,,,,,,,,,,,,,,,,,,,,,,,,,,,,,,,,,,,,,,,,,,,,,,,,,,,,,,,
nanog1,5447,fell,2.48,1,82.6342,146.508,0.979157,3.34414,221.575,38.9512,20.9379,12.1714,0.888538,24.2771,16.2406,5.72115,7.77677,1.71582,,,,,,,,,,,,,,,,,,,,,,,,,,,,,,,,,,,,,,,,,,,,,,,,,,,,,,,,,,,,,,,,,,,,,,,,,,,,,,,,,,,,,,,,,,,,,,,,,,,,,,,,,,,,,,
nanog1,5448,fell,2.76,1,91.5918,88.4986,1.1378,2.91092,257.924,52.9185,24.6431,19.3009,1.50976,27.0327,18.5618,6.29758,10.1316,1.40259,,,,,,,,,,,,,,,,,,,,,,,,,,,,,,,,,,,,,,,,,,,,,,,,,,,,,,,,,,,,,,,,,,,,,,,,,,,,,,,,,,,,,,,,,,,,,,,,,,,,,,,,,,,,,,
nanog1,5449,fell,1.92,1,74.8566,62.827,1.29071,3.33657,120.276,30.1273,8.15412,18.9691,25.5474,16.4125,11.5723,4.09725,5.96652,4.11753,,,,,,,,,,,,,,,,,,,,,,,,,,,,,,,,,,,,,,,,,,,,,,,,,,,,,,,,,,,,,,,,,,,,,,,,,,,,,,,,,,,,,,,,,,,,,,,,,,,,,,,,,,,,,,
nanog1,5450,fell,1.56,1,28.2812,41.03,1.84933,3.84743,63.4397,26.5097,8.61549,18.9731,86.6483,10.9726,6.31946,2.66729,6.34317,6.69256,,,,,,,,,,,,,,,,,,,,,,,,,,,,,,,,,,,,,,,,,,,,,,,,,,,,,,,,,,,,,,,,,,,,,,,,,,,,,,,,,,,,,,,,,,,,,,,,,,,,,,,,,,,,,,
nanog1,5451,fell,1.76,1,19.836,161.242,2.17734,3.53751,87.7111,26.6846,14.725,37.0656,27.6912,12.3248,7.92391,3.15648,10.0981,4.67681,,,,,,,,,,,,,,,,,,,,,,,,,,,,,,,,,,,,,,,,,,,,,,,,,,,,,,,,,,,,,,,,,,,,,,,,,,,,,,,,,,,,,,,,,,,,,,,,,,,,,,,,,,,,,,
nanog1,5452,fell,1.7,1,111.146,95.3362,1.42128,3.51199,129.485,48.6191,10.5224,10.5389,0.234013,15.2404,12.9135,4.17075,6.12595,0.665777,,,,,,,,,,,,,,,,,,,,,,,,,,,,,,,,,,,,,,,,,,,,,,,,,,,,,,,,,,,,,,,,,,,,,,,,,,,,,,,,,,,,,,,,,,,,,,,,,,,,,,,,,,,,,,
nanog1,5453,fell,1.22,1,52.0431,20.4453,2.88168,3.77801,84.9289,26.2489,13.417,15.8436,0.691113,9.18731,7.68193,2.77029,6.8013,2.31322,,,,,,,,,,,,,,,,,,,,,,,,,,,,,,,,,,,,,,,,,,,,,,,,,,,,,,,,,,,,,,,,,,,,,,,,,,,,,,,,,,,,,,,,,,,,,,,,,,,,,,,,,,,,,,
nanog1,5454,fell,2.08,1,67.8211,2.16961,1.15439,3.39893,101.818,24.3124,23.0435,25.6142,1.29243,15.7812,11.6464,4.30254,9.53282,2.65085,,,,,,,,,,,,,,,,,,,,,,,,,,,,,,,,,,,,,,,,,,,,,,,,,,,,,,,,,,,,,,,,,,,,,,,,,,,,,,,,,,,,,,,,,,,,,,,,,,,,,,,,,,,,,,
nanog1,5455,fell,3.12,1,103.004,59.7486,0.890623,2.60898,193.972,55.8607,17.3442,34.6456,64.554,19.8604,13.1289,4.27898,12.2869,4.5759,,,,,,,,,,,,,,,,,,,,,,,,,,,,,,,,,,,,,,,,,,,,,,,,,,,,,,,,,,,,,,,,,,,,,,,,,,,,,,,,,,,,,,,,,,,,,,,,,,,,,,,,,,,,,,
nanog1,5456,fell,2.66,1,68.3616,23.8524,1.98957,3.11919,178.329,60.5092,26.2241,41.723,41.277,14.67,12.5803,4.36999,8.54743,8.68225,,,,,,,,,,,,,,,,,,,,,,,,,,,,,,,,,,,,,,,,,,,,,,,,,,,,,,,,,,,,,,,,,,,,,,,,,,,,,,,,,,,,,,,,,,,,,,,,,,,,,,,,,,,,,,
nanog1,5457,fell,1.38,1,43.9386,45.0432,2.36869,3.89173,83.1023,34.5477,5.68508,9.5113,0.565033,9.94377,8.72649,2.64837,5.59591,0.969148,,,,,,,,,,,,,,,,,,,,,,,,,,,,,,,,,,,,,,,,,,,,,,,,,,,,,,,,,,,,,,,,,,,,,,,,,,,,,,,,,,,,,,,,,,,,,,,,,,,,,,,,,,,,,,
nanog1,5458,fell,1.74,1,88.2926,44.3556,2.91075,4.28286,122.361,51.4281,6.9069,4.50107,0.715019,12.6832,13.1803,2.70458,3.74431,0.633545,,,,,,,,,,,,,,,,,,,,,,,,,,,,,,,,,,,,,,,,,,,,,,,,,,,,,,,,,,,,,,,,,,,,,,,,,,,,,,,,,,,,,,,,,,,,,,,,,,,,,,,,,,,,,,
nanog1,5459,fell,2.12,1,27.0436,17.5222,1.78621,3.58333,145.729,43.3931,10.9341,24.3192,23.5231,18.7312,13.1347,4.64462,10.2696,3.74943,,,,,,,,,,,,,,,,,,,,,,,,,,,,,,,,,,,,,,,,,,,,,,,,,,,,,,,,,,,,,,,,,,,,,,,,,,,,,,,,,,,,,,,,,,,,,,,,,,,,,,,,,,,,,,
nanog1,5460,fell,2.24,1,48.5527,57.689,1.20528,3.53293,112.56,36.7885,15.8018,9.97161,0.894562,16.1414,10.9933,4.47675,6.28898,2.93222,,,,,,,,,,,,,,,,,,,,,,,,,,,,,,,,,,,,,,,,,,,,,,,,,,,,,,,,,,,,,,,,,,,,,,,,,,,,,,,,,,,,,,,,,,,,,,,,,,,,,,,,,,,,,,
nanog1,5461,fell,3.52,1,76.6167,56.4715,2.44356,3.93067,246.109,78.2584,26.7163,28.2542,1.27178,22.8102,18.3472,4.93003,8.79723,1.49858,,,,,,,,,,,,,,,,,,,,,,,,,,,,,,,,,,,,,,,,,,,,,,,,,,,,,,,,,,,,,,,,,,,,,,,,,,,,,,,,,,,,,,,,,,,,,,,,,,,,,,,,,,,,,,
nanog1,5462,fell,1.14,1,107.523,115.836,1.42894,3.32351,77.3002,21.0872,14.5759,14.4227,3.62727,10.0574,7.99233,2.59024,5.053,2.64811,,,,,,,,,,,,,,,,,,,,,,,,,,,,,,,,,,,,,,,,,,,,,,,,,,,,,,,,,,,,,,,,,,,,,,,,,,,,,,,,,,,,,,,,,,,,,,,,,,,,,,,,,,,,,,
nanog1,5463,fell,1.4,1,41.3008,73.4457,2.28094,3.9453,127.869,37.3672,13.5208,20.9456,43.3729,15.3087,10.3791,3.57965,8.64829,3.45325,,,,,,,,,,,,,,,,,,,,,,,,,,,,,,,,,,,,,,,,,,,,,,,,,,,,,,,,,,,,,,,,,,,,,,,,,,,,,,,,,,,,,,,,,,,,,,,,,,,,,,,,,,,,,,
nanog1,5464,fell,1.94,1,29.8013,28.1473,1.74287,2.94369,118.939,46.4951,16.683,31.4518,50.4325,17.9736,11.7771,4.22083,7.34048,7.27496,,,,,,,,,,,,,,,,,,,,,,,,,,,,,,,,,,,,,,,,,,,,,,,,,,,,,,,,,,,,,,,,,,,,,,,,,,,,,,,,,,,,,,,,,,,,,,,,,,,,,,,,,,,,,,
nanog1,5465,fell,1.28,1,30.8217,149.503,2.31669,3.92019,38.927,27.3037,5.79212,15.958,14.4441,6.5168,5.73416,1.80486,4.4614,2.31683,,,,,,,,,,,,,,,,,,,,,,,,,,,,,,,,,,,,,,,,,,,,,,,,,,,,,,,,,,,,,,,,,,,,,,,,,,,,,,,,,,,,,,,,,,,,,,,,,,,,,,,,,,,,,,
nanog1,5466,fell,2.38,1,25.142,121.845,1.53016,2.86997,110.702,36.9843,15.8051,39.7058,129,13.624,9.29909,3.60186,8.1181,10.4567,,,,,,,,,,,,,,,,,,,,,,,,,,,,,,,,,,,,,,,,,,,,,,,,,,,,,,,,,,,,,,,,,,,,,,,,,,,,,,,,,,,,,,,,,,,,,,,,,,,,,,,,,,,,,,
nanog1,5467,fell,2.58,1,59.0386,3.49358,0.876464,2.69155,176.075,49.9003,16.047,37.168,3.47447,21.5498,13.1388,4.95101,10.2194,3.43301,,,,,,,,,,,,,,,,,,,,,,,,,,,,,,,,,,,,,,,,,,,,,,,,,,,,,,,,,,,,,,,,,,,,,,,,,,,,,,,,,,,,,,,,,,,,,,,,,,,,,,,,,,,,,,
nanog1,5468,fell,1.78,1,65.5411,73.1544,1.99482,3.78421,97.9059,41.7309,24.1362,11.6845,7.64195,9.68016,7.37079,2.68727,5.61114,1.53191,,,,,,,,,,,,,,,,,,,,,,,,,,,,,,,,,,,,,,,,,,,,,,,,,,,,,,,,,,,,,,,,,,,,,,,,,,,,,,,,,,,,,,,,,,,,,,,,,,,,,,,,,,,,,,
nanog1,5469,fell,1.68,1,42.9887,2.77879,2.12643,3.40106,132.143,42.4088,12.0264,48.6007,60.2519,15.6353,10.2701,3.80867,9.16663,8.76337,,,,,,,,,,,,,,,,,,,,,,,,,,,,,,,,,,,,,,,,,,,,,,,,,,,,,,,,,,,,,,,,,,,,,,,,,,,,,,,,,,,,,,,,,,,,,,,,,,,,,,,,,,,,,,
nanog1,5470,fell,2.14,1,163.61,40.1483,2.8359,3.89332,143.687,41.7804,19.4228,25.9637,0.842952,14.3179,11.8898,4.39795,8.99901,2.56538,,,,,,,,,,,,,,,,,,,,,,,,,,,,,,,,,,,,,,,,,,,,,,,,,,,,,,,,,,,,,,,,,,,,,,,,,,,,,,,,,,,,,,,,,,,,,,,,,,,,,,,,,,,,,,
nanog1,5471,fell,1.58,1,52.3139,117.918,2.98288,4.04243,59.4657,19.2819,9.09891,11.3807,0.539177,7.51815,7.02503,2.27438,4.16365,0.741293,,,,,,,,,,,,,,,,,,,,,,,,,,,,,,,,,,,,,,,,,,,,,,,,,,,,,,,,,,,,,,,,,,,,,,,,,,,,,,,,,,,,,,,,,,,,,,,,,,,,,,,,,,,,,,
nanog1,5472,fell,1.4,1,111.786,179.015,2.3753,3.81376,56.4746,28.641,7.68601,17.9366,37.4578,9.19786,7.37664,2.03009,5.06991,3.72637,,,,,,,,,,,,,,,,,,,,,,,,,,,,,,,,,,,,,,,,,,,,,,,,,,,,,,,,,,,,,,,,,,,,,,,,,,,,,,,,,,,,,,,,,,,,,,,,,,,,,,,,,,,,,,
nanog1,5473,fell,1.18,1,147.269,17.2184,1.47863,2.00346,110.877,23.5584,24.9384,78.3627,5.5548,12.6008,9.60114,4.05285,10.8905,4.45643,,,,,,,,,,,,,,,,,,,,,,,,,,,,,,,,,,,,,,,,,,,,,,,,,,,,,,,,,,,,,,,,,,,,,,,,,,,,,,,,,,,,,,,,,,,,,,,,,,,,,,,,,,,,,,
nanog1,5474,fell,2.12,1,57.6057,11.9685,1.30262,3.53109,119.239,29.3851,20.9593,16.3981,0.691968,12.6136,9.59198,3.67005,7.64368,1.53729,,,,,,,,,,,,,,,,,,,,,,,,,,,,,,,,,,,,,,,,,,,,,,,,,,,,,,,,,,,,,,,,,,,,,,,,,,,,,,,,,,,,,,,,,,,,,,,,,,,,,,,,,,,,,,
nanog1,5475,fell,2.42,1,145.629,4.53448,2.83408,3.82668,154.87,32.2759,29.7269,15.8609,0.517179,12.9641,9.83657,3.25256,4.82623,0.580006,,,,,,,,,,,,,,,,,,,,,,,,,,,,,,,,,,,,,,,,,,,,,,,,,,,,,,,,,,,,,,,,,,,,,,,,,,,,,,,,,,,,,,,,,,,,,,,,,,,,,,,,,,,,,,
nanog1,5476,fell,1.36,1,72.9568,87.5417,2.21447,3.7404,93.182,32.9031,11.184,20.3241,51.6105,12.6498,9.44831,2.8709,6.43587,4.38593,,,,,,,,,,,,,,,,,,,,,,,,,,,,,,,,,,,,,,,,,,,,,,,,,,,,,,,,,,,,,,,,,,,,,,,,,,,,,,,,,,,,,,,,,,,,,,,,,,,,,,,,,,,,,,
nanog1,5477,fell,1.4,1,92.8389,24.5125,1.22581,3.42391,96.8392,26.8378,9.16822,7.47322,0.27014,13.3545,8.29156,3.40876,4.58094,0.535515,,,,,,,,,,,,,,,,,,,,,,,,,,,,,,,,,,,,,,,,,,,,,,,,,,,,,,,,,,,,,,,,,,,,,,,,,,,,,,,,,,,,,,,,,,,,,,,,,,,,,,,,,,,,,,
nanog1,5478,fell,1.32,1,91.1142,57.8686,2.83319,4.31742,84.5883,35.5404,9.3905,4.73129,0.291534,9.23388,8.39383,2.33761,3.36089,0.520352,,,,,,,,,,,,,,,,,,,,,,,,,,,,,,,,,,,,,,,,,,,,,,,,,,,,,,,,,,,,,,,,,,,,,,,,,,,,,,,,,,,,,,,,,,,,,,,,,,,,,,,,,,,,,,
nanog1,5479,fell,1.26,1,123.506,138.698,2.45909,3.89536,30.007,27.0947,17.34,10.902,29.127,5.13873,4.29676,2.08075,5.94157,4.80877,,,,,,,,,,,,,,,,,,,,,,,,,,,,,,,,,,,,,,,,,,,,,,,,,,,,,,,,,,,,,,,,,,,,,,,,,,,,,,,,,,,,,,,,,,,,,,,,,,,,,,,,,,,,,,
nanog1,5480,fell,1.84,1,22.0335,3.68275,3.17415,2.92845,155.569,40.4653,17.6456,28.477,1.31493,18.4684,14.4513,5.06055,9.31451,1.52817,,,,,,,,,,,,,,,,,,,,,,,,,,,,,,,,,,,,,,,,,,,,,,,,,,,,,,,,,,,,,,,,,,,,,,,,,,,,,,,,,,,,,,,,,,,,,,,,,,,,,,,,,,,,,,
nanog1,5481,fell,1.46,1,78.4006,14.7701,3.09413,4.47379,112.064,44.0632,8.38719,3.88787,0.33058,12.2034,10.4399,2.47019,3.22437,0.713549,,,,,,,,,,,,,,,,,,,,,,,,,,,,,,,,,,,,,,,,,,,,,,,,,,,,,,,,,,,,,,,,,,,,,,,,,,,,,,,,,,,,,,,,,,,,,,,,,,,,,,,,,,,,,,
nanog1,5482,fell,2.28,1,49.3487,11.375,0.888591,3.00496,157.779,42.581,13.747,23.8266,11.7885,16.9238,12.5221,3.95055,7.27926,3.48785,,,,,,,,,,,,,,,,,,,,,,,,,,,,,,,,,,,,,,,,,,,,,,,,,,,,,,,,,,,,,,,,,,,,,,,,,,,,,,,,,,,,,,,,,,,,,,,,,,,,,,,,,,,,,,
nanog1,5483,fell,2.34,1,56.2344,5.11975,2.93379,3.45597,122.431,37.6218,15.9161,15.9919,7.01111,12.2512,10.7649,3.61112,6.20697,1.46087,,,,,,,,,,,,,,,,,,,,,,,,,,,,,,,,,,,,,,,,,,,,,,,,,,,,,,,,,,,,,,,,,,,,,,,,,,,,,,,,,,,,,,,,,,,,,,,,,,,,,,,,,,,,,,
nanog1,5484,fell,2.7,1,125.29,29.9649,2.64892,3.87331,185.603,48.2625,28.4852,16.5613,0.660999,17.9026,12.9529,4.20757,5.9179,1.55876,,,,,,,,,,,,,,,,,,,,,,,,,,,,,,,,,,,,,,,,,,,,,,,,,,,,,,,,,,,,,,,,,,,,,,,,,,,,,,,,,,,,,,,,,,,,,,,,,,,,,,,,,,,,,,
nanog1,5485,fell,1.62,1,77.1451,126.203,1.25722,3.58029,120.797,28.7364,11.9023,8.39332,0.804897,13.7464,10.4416,3.35353,5.40762,0.787399,,,,,,,,,,,,,,,,,,,,,,,,,,,,,,,,,,,,,,,,,,,,,,,,,,,,,,,,,,,,,,,,,,,,,,,,,,,,,,,,,,,,,,,,,,,,,,,,,,,,,,,,,,,,,,
nanog1,5486,fell,2.24,1,57.408,56.3159,1.15296,2.65714,98.7086,37.041,14.77,43.2017,15.1708,11.5345,9.70103,2.75975,9.41122,3.49814,,,,,,,,,,,,,,,,,,,,,,,,,,,,,,,,,,,,,,,,,,,,,,,,,,,,,,,,,,,,,,,,,,,,,,,,,,,,,,,,,,,,,,,,,,,,,,,,,,,,,,,,,,,,,,
nanog1,5487,fell,2.3,1,87.9789,17.8121,1.40698,3.24912,191.439,47.8278,18.651,26.7686,5.66399,17.394,11.6925,3.58113,8.55757,2.82675,,,,,,,,,,,,,,,,,,,,,,,,,,,,,,,,,,,,,,,,,,,,,,,,,,,,,,,,,,,,,,,,,,,,,,,,,,,,,,,,,,,,,,,,,,,,,,,,,,,,,,,,,,,,,,
nanog1,5488,fell,2.44,1,155.453,1.37344,3.15136,4.40316,172.451,47.6403,16.2415,8.47952,0.519137,15.6173,11.695,3.61339,4.04725,0.533871,,,,,,,,,,,,,,,,,,,,,,,,,,,,,,,,,,,,,,,,,,,,,,,,,,,,,,,,,,,,,,,,,,,,,,,,,,,,,,,,,,,,,,,,,,,,,,,,,,,,,,,,,,,,,,
nanog1,5489,fell,3.98,1,92.1017,92.6965,1.95609,3.51098,242.267,51.342,27.1285,19.0381,1.00475,25.6584,18.4865,5.30976,7.25276,1.16305,,,,,,,,,,,,,,,,,,,,,,,,,,,,,,,,,,,,,,,,,,,,,,,,,,,,,,,,,,,,,,,,,,,,,,,,,,,,,,,,,,,,,,,,,,,,,,,,,,,,,,,,,,,,,,
nanog1,5490,fell,1.84,1,74.1866,138.296,1.79013,3.64987,117.014,32.9079,9.8793,9.95644,1.21795,12.4929,10.1872,2.94857,4.61111,1.69549,,,,,,,,,,,,,,,,,,,,,,,,,,,,,,,,,,,,,,,,,,,,,,,,,,,,,,,,,,,,,,,,,,,,,,,,,,,,,,,,,,,,,,,,,,,,,,,,,,,,,,,,,,,,,,
nanog1,5491,fell,2,1,124.868,81.6301,2.88383,4.02804,101.838,34.7851,14.4635,16.6536,3.31595,10.1608,8.65183,2.4183,6.63522,2.99564,,,,,,,,,,,,,,,,,,,,,,,,,,,,,,,,,,,,,,,,,,,,,,,,,,,,,,,,,,,,,,,,,,,,,,,,,,,,,,,,,,,,,,,,,,,,,,,,,,,,,,,,,,,,,,
nanog1,5492,fell,1.46,1,81.9789,177.604,2.81765,4.17498,86.0843,30.5614,12.0879,14.2198,0.548194,10.6915,8.29675,3.29123,7.77306,1.43545,,,,,,,,,,,,,,,,,,,,,,,,,,,,,,,,,,,,,,,,,,,,,,,,,,,,,,,,,,,,,,,,,,,,,,,,,,,,,,,,,,,,,,,,,,,,,,,,,,,,,,,,,,,,,,
nanog1,5493,fell,3.1,1,97.6527,50.2639,3.01149,4.33497,208.328,60.2007,21.6238,9.03705,1.58625,21.8294,17.1786,4.27101,6.05445,1.38201,,,,,,,,,,,,,,,,,,,,,,,,,,,,,,,,,,,,,,,,,,,,,,,,,,,,,,,,,,,,,,,,,,,,,,,,,,,,,,,,,,,,,,,,,,,,,,,,,,,,,,,,,,,,,,
nanog1,5494,fell,1.12,1,90.1176,3.5945,0.873832,2.89265,99.2671,29.0778,14.0888,26.0486,8.9026,11.5289,8.26125,3.31156,8.7801,6.0019,,,,,,,,,,,,,,,,,,,,,,,,,,,,,,,,,,,,,,,,,,,,,,,,,,,,,,,,,,,,,,,,,,,,,,,,,,,,,,,,,,,,,,,,,,,,,,,,,,,,,,,,,,,,,,
nanog1,5495,fell,1.42,1,54.7109,132.964,1.57773,3.26526,165.798,25.8525,11.4611,6.91235,0.63504,17.5095,11.5058,3.57479,5.31192,1.17064,,,,,,,,,,,,,,,,,,,,,,,,,,,,,,,,,,,,,,,,,,,,,,,,,,,,,,,,,,,,,,,,,,,,,,,,,,,,,,,,,,,,,,,,,,,,,,,,,,,,,,,,,,,,,,
nanog1,5496,fell,1.84,1,75.3215,4.1524,0.987836,2.36863,122.977,37.9251,37.041,74.6427,78.4473,17.8434,11.2874,5.57365,14.4392,6.45515,,,,,,,,,,,,,,,,,,,,,,,,,,,,,,,,,,,,,,,,,,,,,,,,,,,,,,,,,,,,,,,,,,,,,,,,,,,,,,,,,,,,,,,,,,,,,,,,,,,,,,,,,,,,,,
nanog1,5497,fell,2.16,1,97.8755,58.8746,1.04314,3.50791,115.196,44.6087,19.8515,8.10727,0.291305,10.9273,9.44768,3.25457,4.85668,0.766656,,,,,,,,,,,,,,,,,,,,,,,,,,,,,,,,,,,,,,,,,,,,,,,,,,,,,,,,,,,,,,,,,,,,,,,,,,,,,,,,,,,,,,,,,,,,,,,,,,,,,,,,,,,,,,
nanog1,5498,fell,3.14,1,92.6109,15.5059,2.46642,3.90486,199.322,49.1589,17.5128,16.9304,31.6871,19.7474,14.8003,4.32536,8.8564,5.05076,,,,,,,,,,,,,,,,,,,,,,,,,,,,,,,,,,,,,,,,,,,,,,,,,,,,,,,,,,,,,,,,,,,,,,,,,,,,,,,,,,,,,,,,,,,,,,,,,,,,,,,,,,,,,,
nanog1,5499,fell,2.14,1,75.55,7.57254,2.17176,3.79886,154.409,45.0691,17.6295,8.46674,1.06615,13.7778,11.0804,3.36282,4.26723,0.674872,,,,,,,,,,,,,,,,,,,,,,,,,,,,,,,,,,,,,,,,,,,,,,,,,,,,,,,,,,,,,,,,,,,,,,,,,,,,,,,,,,,,,,,,,,,,,,,,,,,,,,,,,,,,,,
nanog1,5500,fell,1.72,1,53.0476,96.5225,2.94475,3.4304,76.0379,26.0025,10.604,12.6512,4.99355,9.89824,7.78882,2.33566,4.84721,1.51757,,,,,,,,,,,,,,,,,,,,,,,,,,,,,,,,,,,,,,,,,,,,,,,,,,,,,,,,,,,,,,,,,,,,,,,,,,,,,,,,,,,,,,,,,,,,,,,,,,,,,,,,,,,,,,
nanog1,5501,fell,1.82,1,60.6159,45.6631,0.848098,2.73232,113.764,45.8503,15.5788,15.292,5.74682,11.9655,10.3372,2.79877,5.22362,1.34719,,,,,,,,,,,,,,,,,,,,,,,,,,,,,,,,,,,,,,,,,,,,,,,,,,,,,,,,,,,,,,,,,,,,,,,,,,,,,,,,,,,,,,,,,,,,,,,,,,,,,,,,,,,,,,
nanog1,5502,fell,2.54,1,120.92,97.8266,1.8686,3.69515,128.189,46.1209,10.7433,21.182,72.8544,15.6313,12.7803,3.64576,10.4124,7.40967,,,,,,,,,,,,,,,,,,,,,,,,,,,,,,,,,,,,,,,,,,,,,,,,,,,,,,,,,,,,,,,,,,,,,,,,,,,,,,,,,,,,,,,,,,,,,,,,,,,,,,,,,,,,,,
nanog1,5503,fell,1.84,1,91.7755,169.796,0.942854,2.07686,128.264,32.7122,25.47,41.543,2.59502,15.6357,9.60458,5.19925,12.2602,2.50799,,,,,,,,,,,,,,,,,,,,,,,,,,,,,,,,,,,,,,,,,,,,,,,,,,,,,,,,,,,,,,,,,,,,,,,,,,,,,,,,,,,,,,,,,,,,,,,,,,,,,,,,,,,,,,
nanog1,5504,fell,1.7,1,70.9531,11.1534,0.779857,3.08166,132.152,41.0032,10.6885,13.5659,1.70911,14.2994,11.1807,3.46796,7.92981,1.06752,,,,,,,,,,,,,,,,,,,,,,,,,,,,,,,,,,,,,,,,,,,,,,,,,,,,,,,,,,,,,,,,,,,,,,,,,,,,,,,,,,,,,,,,,,,,,,,,,,,,,,,,,,,,,,
nanog1,5505,fell,2.32,1,113.977,7.57524,1.13333,3.34632,157.388,54.799,20.6975,19.0136,10.5358,17.3011,10.182,4.21088,8.10889,2.01526,,,,,,,,,,,,,,,,,,,,,,,,,,,,,,,,,,,,,,,,,,,,,,,,,,,,,,,,,,,,,,,,,,,,,,,,,,,,,,,,,,,,,,,,,,,,,,,,,,,,,,,,,,,,,,
nanog1,5506,fell,1.26,1,95.6145,47.5962,2.56071,3.99197,116.201,38.4152,12.9553,10.73,0.608065,12.5794,10.0892,3.48492,6.06906,1.69315,,,,,,,,,,,,,,,,,,,,,,,,,,,,,,,,,,,,,,,,,,,,,,,,,,,,,,,,,,,,,,,,,,,,,,,,,,,,,,,,,,,,,,,,,,,,,,,,,,,,,,,,,,,,,,
nanog1,5507,fell,2.26,1,98.9872,90.9927,1.09683,3.53602,178.955,49.5249,18.3349,11.4073,0.965907,18.5189,14.0968,4.63741,7.94767,1.48337,,,,,,,,,,,,,,,,,,,,,,,,,,,,,,,,,,,,,,,,,,,,,,,,,,,,,,,,,,,,,,,,,,,,,,,,,,,,,,,,,,,,,,,,,,,,,,,,,,,,,,,,,,,,,,
nanog1,5508,fell,1.54,1,80.1491,13.5346,3.01363,4.29079,100.874,33.9422,11.7617,4.54771,0.229665,11.4053,8.76422,2.73845,3.57337,0.522909,,,,,,,,,,,,,,,,,,,,,,,,,,,,,,,,,,,,,,,,,,,,,,,,,,,,,,,,,,,,,,,,,,,,,,,,,,,,,,,,,,,,,,,,,,,,,,,,,,,,,,,,,,,,,,
nanog1,5509,fell,2.04,1,102.911,9.6552,2.84918,4.24155,122.302,37.9037,8.16236,6.64862,0.590077,11.7626,9.50091,2.48572,3.15558,0.474035,,,,,,,,,,,,,,,,,,,,,,,,,,,,,,,,,,,,,,,,,,,,,,,,,,,,,,,,,,,,,,,,,,,,,,,,,,,,,,,,,,,,,,,,,,,,,,,,,,,,,,,,,,,,,,
nanog1,5510,fell,2.5,1,90.8252,5.81256,2.41659,3.59007,112.329,45.4444,15.974,27.3502,59.0076,12.4836,10.8506,2.99999,9.05888,3.63643,,,,,,,,,,,,,,,,,,,,,,,,,,,,,,,,,,,,,,,,,,,,,,,,,,,,,,,,,,,,,,,,,,,,,,,,,,,,,,,,,,,,,,,,,,,,,,,,,,,,,,,,,,,,,,
nanog1,5511,fell,2.02,1,128.301,16.2273,1.87554,3.8686,101.142,43.1174,10.3374,9.8282,2.73834,11.4322,8.87442,2.77576,4.99171,1.36807,,,,,,,,,,,,,,,,,,,,,,,,,,,,,,,,,,,,,,,,,,,,,,,,,,,,,,,,,,,,,,,,,,,,,,,,,,,,,,,,,,,,,,,,,,,,,,,,,,,,,,,,,,,,,,
nanog1,5512,fell,2.1,1,132.461,44.2994,3.1758,4.52712,209.821,50.359,13.3587,7.54322,0.585085,20.8134,16.4898,4.21051,6.00929,1.4735,,,,,,,,,,,,,,,,,,,,,,,,,,,,,,,,,,,,,,,,,,,,,,,,,,,,,,,,,,,,,,,,,,,,,,,,,,,,,,,,,,,,,,,,,,,,,,,,,,,,,,,,,,,,,,
nanog1,5513,fell,1.56,1,137.187,54.714,1.87651,3.7075,114.073,34.5114,31.3574,74.394,20.8461,14.9211,9.74336,4.11366,11.5747,7.71329,,,,,,,,,,,,,,,,,,,,,,,,,,,,,,,,,,,,,,,,,,,,,,,,,,,,,,,,,,,,,,,,,,,,,,,,,,,,,,,,,,,,,,,,,,,,,,,,,,,,,,,,,,,,,,
nanog1,5514,fell,2.62,1,152.113,113.853,2.03966,3.51836,150.723,57.3325,15.1562,11.0058,119.452,15.9854,12.5734,3.36042,5.38006,4.822,,,,,,,,,,,,,,,,,,,,,,,,,,,,,,,,,,,,,,,,,,,,,,,,,,,,,,,,,,,,,,,,,,,,,,,,,,,,,,,,,,,,,,,,,,,,,,,,,,,,,,,,,,,,,,
nanog1,5515,fell,1.8,1,76.2164,93.1544,2.06678,3.46183,108.153,40.8733,11.1739,28.8827,27.3162,11.4648,9.33203,2.60007,6.54809,3.8689,,,,,,,,,,,,,,,,,,,,,,,,,,,,,,,,,,,,,,,,,,,,,,,,,,,,,,,,,,,,,,,,,,,,,,,,,,,,,,,,,,,,,,,,,,,,,,,,,,,,,,,,,,,,,,
nanog1,5516,fell,1.58,1,16.286,55.2034,2.3988,4.24641,71.4369,26.6616,13.0437,9.03087,7.82415,11.1145,8.07718,2.71562,5.68405,3.49836,,,,,,,,,,,,,,,,,,,,,,,,,,,,,,,,,,,,,,,,,,,,,,,,,,,,,,,,,,,,,,,,,,,,,,,,,,,,,,,,,,,,,,,,,,,,,,,,,,,,,,,,,,,,,,
nanog1,5517,fell,1.46,1,67.3087,74.0883,0.84084,2.97965,70.0483,22.2586,16.7059,12.6353,2.32985,8.9996,5.44941,2.48985,6.24924,1.59922,,,,,,,,,,,,,,,,,,,,,,,,,,,,,,,,,,,,,,,,,,,,,,,,,,,,,,,,,,,,,,,,,,,,,,,,,,,,,,,,,,,,,,,,,,,,,,,,,,,,,,,,,,,,,,
nanog1,5518,fell,3.32,1,97.0008,21.8499,2.6382,4.18345,209.605,57.3294,30.2262,15.6231,1.03425,17.7891,13.73,4.1069,7.06001,1.28804,,,,,,,,,,,,,,,,,,,,,,,,,,,,,,,,,,,,,,,,,,,,,,,,,,,,,,,,,,,,,,,,,,,,,,,,,,,,,,,,,,,,,,,,,,,,,,,,,,,,,,,,,,,,,,
nanog1,5519,fell,1.46,1,28.086,46.0728,1.21822,3.34545,117.168,24.8621,10.2765,18.52,1.81463,11.7227,7.93655,3.03041,7.88192,2.75863,,,,,,,,,,,,,,,,,,,,,,,,,,,,,,,,,,,,,,,,,,,,,,,,,,,,,,,,,,,,,,,,,,,,,,,,,,,,,,,,,,,,,,,,,,,,,,,,,,,,,,,,,,,,,,
nanog1,5520,fell,5.76,2,38.7458,47.4752,0.786995,3.20399,193.822,44.491,27.9934,8.19537,1.78609,18.815,14.8419,4.25276,5.44068,1.15299,48.3681,8.51907,13.0799,6.73327,0.246004,5.30162,4.70325,1.71023,2.80005,0.437711,,,,,,,,,,,,,,,,,,,,,,,,,,,,,,,,,,,,,,,,,,,,,,,,,,,,,,,,,,,,,,,,,,,,,,,,,,,,,,,,,,,,,,,,,,,,,,,,,,,,
nanog1,5521,fell,1.68,1,70.7603,72.2758,1.97223,3.51314,106.478,38.9111,11.6784,8.11531,0.479375,12.1006,11.0299,3.23272,4.4248,0.622435,,,,,,,,,,,,,,,,,,,,,,,,,,,,,,,,,,,,,,,,,,,,,,,,,,,,,,,,,,,,,,,,,,,,,,,,,,,,,,,,,,,,,,,,,,,,,,,,,,,,,,,,,,,,,,
nanog1,5522,fell,1.3,1,83.8515,109.728,2.47576,4.08199,50.2751,29.0754,9.52572,21.7619,12.6767,8.87467,6.09703,1.9177,5.88345,2.95311,,,,,,,,,,,,,,,,,,,,,,,,,,,,,,,,,,,,,,,,,,,,,,,,,,,,,,,,,,,,,,,,,,,,,,,,,,,,,,,,,,,,,,,,,,,,,,,,,,,,,,,,,,,,,,
nanog1,5523,fell,2.2,1,52.6177,22.1151,2.23327,3.89086,118.852,37.0912,12.5233,24.0834,52.8945,14.2265,10.822,3.15207,6.02756,3.86402,,,,,,,,,,,,,,,,,,,,,,,,,,,,,,,,,,,,,,,,,,,,,,,,,,,,,,,,,,,,,,,,,,,,,,,,,,,,,,,,,,,,,,,,,,,,,,,,,,,,,,,,,,,,,,
nanog1,5524,fell,1.72,1,147.75,91.1562,1.35797,2.49473,156.844,28.6383,15.6423,10.9084,0.879336,16.518,11.6477,3.80391,6.78087,1.73301,,,,,,,,,,,,,,,,,,,,,,,,,,,,,,,,,,,,,,,,,,,,,,,,,,,,,,,,,,,,,,,,,,,,,,,,,,,,,,,,,,,,,,,,,,,,,,,,,,,,,,,,,,,,,,
nanog1,5525,fell,2.5,1,182.079,42.7224,2.83052,4.15689,144.912,38.7884,32.4833,9.49476,0.802438,15.3163,10.0535,4.06992,6.55457,1.59076,,,,,,,,,,,,,,,,,,,,,,,,,,,,,,,,,,,,,,,,,,,,,,,,,,,,,,,,,,,,,,,,,,,,,,,,,,,,,,,,,,,,,,,,,,,,,,,,,,,,,,,,,,,,,,
nanog1,5526,fell,3.52,1,58.8047,103.107,2.80437,4.28966,291.128,62.5888,42.2017,11.4527,0.963516,26.4384,18.7931,6.53184,9.48417,2.33032,,,,,,,,,,,,,,,,,,,,,,,,,,,,,,,,,,,,,,,,,,,,,,,,,,,,,,,,,,,,,,,,,,,,,,,,,,,,,,,,,,,,,,,,,,,,,,,,,,,,,,,,,,,,,,
nanog1,5527,fell,2.16,1,105.24,25.6353,2.21168,3.66438,134.099,39.6399,26.7612,32.82,68.7082,13.5348,8.89669,2.98553,9.10785,6.2722,,,,,,,,,,,,,,,,,,,,,,,,,,,,,,,,,,,,,,,,,,,,,,,,,,,,,,,,,,,,,,,,,,,,,,,,,,,,,,,,,,,,,,,,,,,,,,,,,,,,,,,,,,,,,,
nanog1,5528,fell,2.24,1,134.608,103.168,1.19839,3.01691,100.955,27.4557,12.4218,25.1956,0.944582,13.7795,8.67963,3.8766,9.66363,0.993198,,,,,,,,,,,,,,,,,,,,,,,,,,,,,,,,,,,,,,,,,,,,,,,,,,,,,,,,,,,,,,,,,,,,,,,,,,,,,,,,,,,,,,,,,,,,,,,,,,,,,,,,,,,,,,
nanog1,5529,fell,2.08,1,67.0928,36.4803,1.75049,3.72753,172.166,46.4371,16.7708,22.8274,9.08936,20.375,13.7192,4.33902,7.14089,4.73939,,,,,,,,,,,,,,,,,,,,,,,,,,,,,,,,,,,,,,,,,,,,,,,,,,,,,,,,,,,,,,,,,,,,,,,,,,,,,,,,,,,,,,,,,,,,,,,,,,,,,,,,,,,,,,
nanog1,5530,fell,2.12,1,103.352,73.7547,1.16716,3.44222,170.138,32.1612,18.5956,11.2494,3.55135,18.1014,10.0749,3.87314,7.6915,1.93477,,,,,,,,,,,,,,,,,,,,,,,,,,,,,,,,,,,,,,,,,,,,,,,,,,,,,,,,,,,,,,,,,,,,,,,,,,,,,,,,,,,,,,,,,,,,,,,,,,,,,,,,,,,,,,
nanog1,5531,fell,1.04,1,18.685,12.7531,1.72119,3.76713,106.364,21.7983,9.61583,18.4407,0.52353,10.7929,10.1023,3.08166,6.97259,1.57477,,,,,,,,,,,,,,,,,,,,,,,,,,,,,,,,,,,,,,,,,,,,,,,,,,,,,,,,,,,,,,,,,,,,,,,,,,,,,,,,,,,,,,,,,,,,,,,,,,,,,,,,,,,,,,
nanog1,5532,fell,2.12,1,48.1384,50.0245,2.65659,3.67236,135.547,33.1849,16.0945,13.0751,0.399254,13.3008,10.7806,2.98717,4.05899,0.937298,,,,,,,,,,,,,,,,,,,,,,,,,,,,,,,,,,,,,,,,,,,,,,,,,,,,,,,,,,,,,,,,,,,,,,,,,,,,,,,,,,,,,,,,,,,,,,,,,,,,,,,,,,,,,,
nanog1,5533,fell,1.5,1,78.1228,114.019,1.67413,3.17675,80.9972,28.9016,7.39749,36.0637,28.8664,12.9331,8.22107,3.80477,8.11655,6.03905,,,,,,,,,,,,,,,,,,,,,,,,,,,,,,,,,,,,,,,,,,,,,,,,,,,,,,,,,,,,,,,,,,,,,,,,,,,,,,,,,,,,,,,,,,,,,,,,,,,,,,,,,,,,,,
nanog1,5534,fell,1.46,1,111.66,55.5484,1.95238,3.00467,30.9334,33.4801,10.2684,46.54,86.25,5.91232,5.19662,1.90912,9.28891,9.03802,,,,,,,,,,,,,,,,,,,,,,,,,,,,,,,,,,,,,,,,,,,,,,,,,,,,,,,,,,,,,,,,,,,,,,,,,,,,,,,,,,,,,,,,,,,,,,,,,,,,,,,,,,,,,,
nanog1,5535,fell,1.36,1,80.8354,69.4926,1.30588,2.98522,96.1506,26.7829,8.44638,24.104,0.827692,13.0745,8.65429,2.91693,8.67929,1.33882,,,,,,,,,,,,,,,,,,,,,,,,,,,,,,,,,,,,,,,,,,,,,,,,,,,,,,,,,,,,,,,,,,,,,,,,,,,,,,,,,,,,,,,,,,,,,,,,,,,,,,,,,,,,,,
nanog1,5536,fell,1.3,1,46.9423,139.828,1.54438,3.52566,78.7112,27.541,16.5174,9.59494,0.518705,9.73271,7.03074,2.74676,5.12488,1.843,,,,,,,,,,,,,,,,,,,,,,,,,,,,,,,,,,,,,,,,,,,,,,,,,,,,,,,,,,,,,,,,,,,,,,,,,,,,,,,,,,,,,,,,,,,,,,,,,,,,,,,,,,,,,,
nanog1,5537,fell,1.22,1,132.81,77.4742,1.50857,3.48863,100.458,27.5651,18.0702,11.852,1.9182,10.0204,7.52863,3.10402,5.54946,1.23987,,,,,,,,,,,,,,,,,,,,,,,,,,,,,,,,,,,,,,,,,,,,,,,,,,,,,,,,,,,,,,,,,,,,,,,,,,,,,,,,,,,,,,,,,,,,,,,,,,,,,,,,,,,,,,
nanog1,5538,fell,2.24,1,42.8087,23.1934,0.661659,2.96046,103.406,37.8649,13.0709,13.3312,0.774883,13.6329,8.93278,2.89165,4.82248,0.952547,,,,,,,,,,,,,,,,,,,,,,,,,,,,,,,,,,,,,,,,,,,,,,,,,,,,,,,,,,,,,,,,,,,,,,,,,,,,,,,,,,,,,,,,,,,,,,,,,,,,,,,,,,,,,,
nanog1,5539,fell,1.06,1,123.422,60.0609,2.47946,3.85659,81.2625,14.7635,12.5003,52.0198,4.91101,9.37212,8.52827,2.84483,10.9297,3.90707,,,,,,,,,,,,,,,,,,,,,,,,,,,,,,,,,,,,,,,,,,,,,,,,,,,,,,,,,,,,,,,,,,,,,,,,,,,,,,,,,,,,,,,,,,,,,,,,,,,,,,,,,,,,,,
nanog1,5540,fell,1.84,1,66.5729,29.9834,3.01306,4.12745,99.6549,42.8691,21.5796,32.4387,0.624102,9.82925,8.78075,2.69868,5.12263,0.758011,,,,,,,,,,,,,,,,,,,,,,,,,,,,,,,,,,,,,,,,,,,,,,,,,,,,,,,,,,,,,,,,,,,,,,,,,,,,,,,,,,,,,,,,,,,,,,,,,,,,,,,,,,,,,,
nanog1,5541,fell,2.3,1,46.708,136.515,1.37155,2.68565,153.301,42.0656,16.9395,17.7595,0.97585,17.0097,13.5713,4.41511,8.1523,2.85126,,,,,,,,,,,,,,,,,,,,,,,,,,,,,,,,,,,,,,,,,,,,,,,,,,,,,,,,,,,,,,,,,,,,,,,,,,,,,,,,,,,,,,,,,,,,,,,,,,,,,,,,,,,,,,
nanog1,5542,fell,1.32,1,32.5846,86.2371,1.59021,3.55902,103.325,25.7255,20.024,30.5865,2.65427,11.6019,7.87277,2.81729,6.79217,2.61858,,,,,,,,,,,,,,,,,,,,,,,,,,,,,,,,,,,,,,,,,,,,,,,,,,,,,,,,,,,,,,,,,,,,,,,,,,,,,,,,,,,,,,,,,,,,,,,,,,,,,,,,,,,,,,
nanog1,5543,fell,2.18,1,88.1814,81.9816,2.46141,3.88698,141.672,37.249,9.92473,15.7362,40.1429,16.0429,11.1719,3.58937,6.92534,4.83192,,,,,,,,,,,,,,,,,,,,,,,,,,,,,,,,,,,,,,,,,,,,,,,,,,,,,,,,,,,,,,,,,,,,,,,,,,,,,,,,,,,,,,,,,,,,,,,,,,,,,,,,,,,,,,
nanog1,5544,fell,1.14,1,50.6398,9.79143,1.84687,3.65545,67.6999,22.2598,9.27956,13.5025,18.1165,9.88141,7.31793,2.35918,6.40201,2.43559,,,,,,,,,,,,,,,,,,,,,,,,,,,,,,,,,,,,,,,,,,,,,,,,,,,,,,,,,,,,,,,,,,,,,,,,,,,,,,,,,,,,,,,,,,,,,,,,,,,,,,,,,,,,,,
nanog1,5545,fell,1.48,1,81.1064,106.232,2.66167,3.98273,99.3237,40.8947,9.87275,8.94045,6.72051,12.038,9.1433,3.00158,7.0859,4.02772,,,,,,,,,,,,,,,,,,,,,,,,,,,,,,,,,,,,,,,,,,,,,,,,,,,,,,,,,,,,,,,,,,,,,,,,,,,,,,,,,,,,,,,,,,,,,,,,,,,,,,,,,,,,,,
nanog1,5546,fell,2.14,1,40.6188,8.16352,1.76688,3.1776,91.7039,34.031,12.8444,43.3063,23.4972,12.7291,8.43119,3.82486,10.4839,8.84105,,,,,,,,,,,,,,,,,,,,,,,,,,,,,,,,,,,,,,,,,,,,,,,,,,,,,,,,,,,,,,,,,,,,,,,,,,,,,,,,,,,,,,,,,,,,,,,,,,,,,,,,,,,,,,
nanog1,5547,fell,4.1,1,88.6997,63.8167,2.51383,3.94646,196,69.9136,28.0773,20.1105,25.1015,18.2358,14.4209,4.43551,8.65296,4.77837,,,,,,,,,,,,,,,,,,,,,,,,,,,,,,,,,,,,,,,,,,,,,,,,,,,,,,,,,,,,,,,,,,,,,,,,,,,,,,,,,,,,,,,,,,,,,,,,,,,,,,,,,,,,,,
nanog1,5548,fell,1.58,1,60.6782,34.4937,2.06587,3.62989,42.6563,26.1194,5.44019,33.1195,7.22133,7.01179,5.96862,2.3243,8.55858,2.49963,,,,,,,,,,,,,,,,,,,,,,,,,,,,,,,,,,,,,,,,,,,,,,,,,,,,,,,,,,,,,,,,,,,,,,,,,,,,,,,,,,,,,,,,,,,,,,,,,,,,,,,,,,,,,,
nanog1,5549,fell,1.18,1,68.9896,152.217,2.48538,3.67169,39.568,22.0984,14.9214,23.2302,12.2778,5.93656,4.56232,2.28545,6.28306,4.71795,,,,,,,,,,,,,,,,,,,,,,,,,,,,,,,,,,,,,,,,,,,,,,,,,,,,,,,,,,,,,,,,,,,,,,,,,,,,,,,,,,,,,,,,,,,,,,,,,,,,,,,,,,,,,,
nanog1,5550,fell,1.24,1,93.4298,174.796,2.38338,4.04951,44.7485,30.7768,9.82155,16.5152,16.3747,9.73096,5.86393,2.62376,5.54179,2.87549,,,,,,,,,,,,,,,,,,,,,,,,,,,,,,,,,,,,,,,,,,,,,,,,,,,,,,,,,,,,,,,,,,,,,,,,,,,,,,,,,,,,,,,,,,,,,,,,,,,,,,,,,,,,,,
nanog1,5551,fell,1.6,1,87.7611,76.5547,0.842235,3.02383,105.963,24.5292,8.79888,13.7408,0.496339,12.9335,6.82387,2.68762,6.30758,0.967428,,,,,,,,,,,,,,,,,,,,,,,,,,,,,,,,,,,,,,,,,,,,,,,,,,,,,,,,,,,,,,,,,,,,,,,,,,,,,,,,,,,,,,,,,,,,,,,,,,,,,,,,,,,,,,
nanog1,5552,fell,1.8,1,64.4372,19.3573,0.83051,2.38662,164.218,50.4878,15.6026,38.5764,32.4829,18.9296,10.5098,4.8235,11.5666,6.96908,,,,,,,,,,,,,,,,,,,,,,,,,,,,,,,,,,,,,,,,,,,,,,,,,,,,,,,,,,,,,,,,,,,,,,,,,,,,,,,,,,,,,,,,,,,,,,,,,,,,,,,,,,,,,,
nanog1,5553,fell,1.18,1,48.2745,161.698,1.90982,3.4242,52.7213,32.3032,12.1681,42.3526,86.2488,9.18185,6.80064,2.17636,10.6597,7.45933,,,,,,,,,,,,,,,,,,,,,,,,,,,,,,,,,,,,,,,,,,,,,,,,,,,,,,,,,,,,,,,,,,,,,,,,,,,,,,,,,,,,,,,,,,,,,,,,,,,,,,,,,,,,,,
nanog1,5554,fell,1.84,1,74.8289,52.992,2.64315,3.97638,136.916,42.9804,14.4673,21.9196,10.5666,19.3248,13.5119,3.83015,8.34809,3.60601,,,,,,,,,,,,,,,,,,,,,,,,,,,,,,,,,,,,,,,,,,,,,,,,,,,,,,,,,,,,,,,,,,,,,,,,,,,,,,,,,,,,,,,,,,,,,,,,,,,,,,,,,,,,,,
nanog1,5555,fell,1.3,1,47.8051,28.4956,2.05292,3.65456,81.5791,24.2488,11.5215,13.4467,0.457246,9.7601,8.23107,2.88087,5.68121,0.741795,,,,,,,,,,,,,,,,,,,,,,,,,,,,,,,,,,,,,,,,,,,,,,,,,,,,,,,,,,,,,,,,,,,,,,,,,,,,,,,,,,,,,,,,,,,,,,,,,,,,,,,,,,,,,,
nanog1,5556,fell,1.62,1,68.8612,34.1394,2.35463,3.90314,131.619,37.3732,9.68149,14.1275,70.2074,17.0446,12.8332,4.04548,7.10269,5.66511,,,,,,,,,,,,,,,,,,,,,,,,,,,,,,,,,,,,,,,,,,,,,,,,,,,,,,,,,,,,,,,,,,,,,,,,,,,,,,,,,,,,,,,,,,,,,,,,,,,,,,,,,,,,,,
nanog1,5557,fell,2.3,1,120.585,75.032,1.80635,3.73404,152.368,36.173,18.8994,19.2349,18.7175,17.4226,11.4197,4.08845,9.70651,3.91025,,,,,,,,,,,,,,,,,,,,,,,,,,,,,,,,,,,,,,,,,,,,,,,,,,,,,,,,,,,,,,,,,,,,,,,,,,,,,,,,,,,,,,,,,,,,,,,,,,,,,,,,,,,,,,
nanog1,5558,fell,1.88,1,81.8424,65.1883,1.82294,3.29198,76.9548,41.5762,13.2922,23.274,91.4533,11.3063,6.61258,2.56896,6.0862,6.18584,,,,,,,,,,,,,,,,,,,,,,,,,,,,,,,,,,,,,,,,,,,,,,,,,,,,,,,,,,,,,,,,,,,,,,,,,,,,,,,,,,,,,,,,,,,,,,,,,,,,,,,,,,,,,,
nanog1,5559,fell,1.78,1,68.0172,64.4249,0.86168,3.50064,74.0115,31.1815,12.3422,6.13543,0.76657,9.06762,7.60566,2.69725,4.53685,0.851046,,,,,,,,,,,,,,,,,,,,,,,,,,,,,,,,,,,,,,,,,,,,,,,,,,,,,,,,,,,,,,,,,,,,,,,,,,,,,,,,,,,,,,,,,,,,,,,,,,,,,,,,,,,,,,
nanog1,5560,fell,2.9,1,101.21,107.384,1.73455,3.01084,208.462,51.9333,25.1579,24.0854,0.698332,23.6815,15.3854,4.63407,8.88714,0.968834,,,,,,,,,,,,,,,,,,,,,,,,,,,,,,,,,,,,,,,,,,,,,,,,,,,,,,,,,,,,,,,,,,,,,,,,,,,,,,,,,,,,,,,,,,,,,,,,,,,,,,,,,,,,,,
nanog1,5561,fell,1.88,1,26.4442,5.8917,2.36123,3.95697,106.008,40.2405,11.0132,18.2301,38.8812,12.0653,9.31111,2.63502,5.60169,2.90799,,,,,,,,,,,,,,,,,,,,,,,,,,,,,,,,,,,,,,,,,,,,,,,,,,,,,,,,,,,,,,,,,,,,,,,,,,,,,,,,,,,,,,,,,,,,,,,,,,,,,,,,,,,,,,
nanog1,5562,fell,1.46,1,34.2766,127.741,1.78272,3.53226,64.5662,30.4633,9.29462,26.6757,83.1426,12.2117,8.01318,3.81796,10.7946,7.38393,,,,,,,,,,,,,,,,,,,,,,,,,,,,,,,,,,,,,,,,,,,,,,,,,,,,,,,,,,,,,,,,,,,,,,,,,,,,,,,,,,,,,,,,,,,,,,,,,,,,,,,,,,,,,,
nanog1,5563,fell,2.48,1,74.1188,15.3815,2.3466,3.75127,141.635,42.7351,12.6874,25.9805,12.7087,14.5186,9.8185,3.55178,6.43216,3.96941,,,,,,,,,,,,,,,,,,,,,,,,,,,,,,,,,,,,,,,,,,,,,,,,,,,,,,,,,,,,,,,,,,,,,,,,,,,,,,,,,,,,,,,,,,,,,,,,,,,,,,,,,,,,,,
nanog1,5564,fell,2.1,1,106.921,23.9821,1.49481,2.63167,116.485,48.1323,15.0928,15.0336,0.570771,13.3423,9.58427,3.10706,7.98101,1.14124,,,,,,,,,,,,,,,,,,,,,,,,,,,,,,,,,,,,,,,,,,,,,,,,,,,,,,,,,,,,,,,,,,,,,,,,,,,,,,,,,,,,,,,,,,,,,,,,,,,,,,,,,,,,,,
nanog1,5565,fell,1.64,1,151.183,2.92902,2.00998,3.51103,131.901,36.0149,21.9973,21.9585,2.33474,16.0252,9.66672,4.06737,8.61342,1.8282,,,,,,,,,,,,,,,,,,,,,,,,,,,,,,,,,,,,,,,,,,,,,,,,,,,,,,,,,,,,,,,,,,,,,,,,,,,,,,,,,,,,,,,,,,,,,,,,,,,,,,,,,,,,,,
nanog1,5566,fell,1.78,1,87.9585,41.3807,0.726945,3.12156,130.481,31.5025,15.4351,7.76904,0.381916,11.6186,9.51232,3.45797,5.27153,0.801454,,,,,,,,,,,,,,,,,,,,,,,,,,,,,,,,,,,,,,,,,,,,,,,,,,,,,,,,,,,,,,,,,,,,,,,,,,,,,,,,,,,,,,,,,,,,,,,,,,,,,,,,,,,,,,
nanog1,5567,fell,1.66,1,45.0749,18.0276,0.99331,3.02015,120.642,33.7596,14.3498,31.9081,1.39931,14.1174,10.6256,3.89498,8.54551,1.55014,,,,,,,,,,,,,,,,,,,,,,,,,,,,,,,,,,,,,,,,,,,,,,,,,,,,,,,,,,,,,,,,,,,,,,,,,,,,,,,,,,,,,,,,,,,,,,,,,,,,,,,,,,,,,,
nanog1,5568,fell,2.68,1,72.0154,14.1027,2.10173,3.53895,151.833,40.6973,16.5068,16.2981,3.60783,18.4957,12.753,4.22885,6.18203,1.83162,,,,,,,,,,,,,,,,,,,,,,,,,,,,,,,,,,,,,,,,,,,,,,,,,,,,,,,,,,,,,,,,,,,,,,,,,,,,,,,,,,,,,,,,,,,,,,,,,,,,,,,,,,,,,,
nanog1,5569,fell,2.16,1,60.4557,24.3577,1.15708,3.13918,164.741,39.8254,13.1771,22.9758,1.71058,17.7935,9.36681,3.5503,8.33816,2.14645,,,,,,,,,,,,,,,,,,,,,,,,,,,,,,,,,,,,,,,,,,,,,,,,,,,,,,,,,,,,,,,,,,,,,,,,,,,,,,,,,,,,,,,,,,,,,,,,,,,,,,,,,,,,,,
nanog1,5570,fell,2.08,1,74.412,74.7024,0.474852,1.39874,167.451,48.4729,21.9086,46.7891,35.3445,16.8997,12.1853,4.20703,9.70752,7.73094,,,,,,,,,,,,,,,,,,,,,,,,,,,,,,,,,,,,,,,,,,,,,,,,,,,,,,,,,,,,,,,,,,,,,,,,,,,,,,,,,,,,,,,,,,,,,,,,,,,,,,,,,,,,,,
nanog1,5571,fell,2.16,1,66.7473,40.8865,2.06713,3.43757,142.148,46.227,16.9449,30.8855,43.5073,15.6288,11.8522,3.79342,10.2881,4.9828,,,,,,,,,,,,,,,,,,,,,,,,,,,,,,,,,,,,,,,,,,,,,,,,,,,,,,,,,,,,,,,,,,,,,,,,,,,,,,,,,,,,,,,,,,,,,,,,,,,,,,,,,,,,,,
nanog1,5572,fell,1.84,1,79.1105,107.528,1.04711,3.32518,137.613,32.9433,16.9797,7.21681,0.593155,12.6125,10.2884,3.56804,5.39787,0.73517,,,,,,,,,,,,,,,,,,,,,,,,,,,,,,,,,,,,,,,,,,,,,,,,,,,,,,,,,,,,,,,,,,,,,,,,,,,,,,,,,,,,,,,,,,,,,,,,,,,,,,,,,,,,,,
nanog1,5573,fell,1.74,1,16.6867,96.4164,2.8832,4.06817,98.4277,21.2481,8.66334,5.2111,0.557516,10.8395,7.32873,2.51856,3.56218,1.13334,,,,,,,,,,,,,,,,,,,,,,,,,,,,,,,,,,,,,,,,,,,,,,,,,,,,,,,,,,,,,,,,,,,,,,,,,,,,,,,,,,,,,,,,,,,,,,,,,,,,,,,,,,,,,,
nanog1,5574,fell,2.46,1,88.859,58.8429,2.0173,3.78545,148.18,30.9584,26.634,8.68533,0.492543,14.4505,10.3754,3.49962,5.51189,0.863236,,,,,,,,,,,,,,,,,,,,,,,,,,,,,,,,,,,,,,,,,,,,,,,,,,,,,,,,,,,,,,,,,,,,,,,,,,,,,,,,,,,,,,,,,,,,,,,,,,,,,,,,,,,,,,
nanog1,5575,fell,1.68,1,54.8857,6.80303,0.662813,3.10195,63.8981,24.6574,12.4723,16.6246,0.615086,10.2122,6.99839,2.84211,6.57009,1.86228,,,,,,,,,,,,,,,,,,,,,,,,,,,,,,,,,,,,,,,,,,,,,,,,,,,,,,,,,,,,,,,,,,,,,,,,,,,,,,,,,,,,,,,,,,,,,,,,,,,,,,,,,,,,,,
nanog1,5576,fell,2.04,1,62.9251,82.3493,1.4067,2.98897,139.219,45.4865,15.0299,36.7924,47.9182,18.4055,13.3314,4.35766,11.6757,9.96879,,,,,,,,,,,,,,,,,,,,,,,,,,,,,,,,,,,,,,,,,,,,,,,,,,,,,,,,,,,,,,,,,,,,,,,,,,,,,,,,,,,,,,,,,,,,,,,,,,,,,,,,,,,,,,
nanog1,5577,fell,2.94,1,113.021,3.62791,2.89671,3.83349,164.011,35.3309,24.7074,10.2462,0.95753,14.8187,10.0216,3.45134,4.53764,0.970844,,,,,,,,,,,,,,,,,,,,,,,,,,,,,,,,,,,,,,,,,,,,,,,,,,,,,,,,,,,,,,,,,,,,,,,,,,,,,,,,,,,,,,,,,,,,,,,,,,,,,,,,,,,,,,
nanog1,5578,fell,1.94,1,15.8359,163.84,0.877411,2.88482,72.1353,25.2467,16.2846,16.0181,2.04771,8.43873,5.25516,2.48918,6.60447,1.89458,,,,,,,,,,,,,,,,,,,,,,,,,,,,,,,,,,,,,,,,,,,,,,,,,,,,,,,,,,,,,,,,,,,,,,,,,,,,,,,,,,,,,,,,,,,,,,,,,,,,,,,,,,,,,,
nanog1,5579,fell,3.02,1,88.8237,6.69726,1.02402,3.25268,148.234,54.0596,25.8663,12.2574,0.745805,12.9088,10.1311,3.52322,5.00582,1.07205,,,,,,,,,,,,,,,,,,,,,,,,,,,,,,,,,,,,,,,,,,,,,,,,,,,,,,,,,,,,,,,,,,,,,,,,,,,,,,,,,,,,,,,,,,,,,,,,,,,,,,,,,,,,,,
nanog1,5580,fell,1.52,1,116.172,25.9913,3.10858,4.34094,129.763,43.3599,11.5307,6.31783,0.440008,13.2444,10.5987,3.76027,4.70019,0.650969,,,,,,,,,,,,,,,,,,,,,,,,,,,,,,,,,,,,,,,,,,,,,,,,,,,,,,,,,,,,,,,,,,,,,,,,,,,,,,,,,,,,,,,,,,,,,,,,,,,,,,,,,,,,,,
nanog1,5581,fell,1.9,1,95.9611,92.4367,1.0657,3.11516,113.87,27.8871,15.1719,16.7038,0.90211,16.6078,8.73451,3.56889,7.26983,2.04437,,,,,,,,,,,,,,,,,,,,,,,,,,,,,,,,,,,,,,,,,,,,,,,,,,,,,,,,,,,,,,,,,,,,,,,,,,,,,,,,,,,,,,,,,,,,,,,,,,,,,,,,,,,,,,
nanog1,5582,fell,1.42,1,83.0358,114.481,2.4862,3.82702,133.789,26.6094,18.0984,7.58646,0.56792,13.8433,10.6303,3.18623,5.94551,0.855451,,,,,,,,,,,,,,,,,,,,,,,,,,,,,,,,,,,,,,,,,,,,,,,,,,,,,,,,,,,,,,,,,,,,,,,,,,,,,,,,,,,,,,,,,,,,,,,,,,,,,,,,,,,,,,
nanog1,5583,fell,1.88,1,43.8553,173.265,2.81905,4.20847,82.6242,35.5808,9.67045,6.93397,0.625724,9.32654,8.21345,2.51987,2.8382,0.518288,,,,,,,,,,,,,,,,,,,,,,,,,,,,,,,,,,,,,,,,,,,,,,,,,,,,,,,,,,,,,,,,,,,,,,,,,,,,,,,,,,,,,,,,,,,,,,,,,,,,,,,,,,,,,,
nanog1,5584,fell,1.62,1,75.7676,40.2122,2.0442,2.24847,114.109,24.1545,19.4423,28.3587,1.21093,11.9654,9.00648,3.65743,7.04613,1.97697,,,,,,,,,,,,,,,,,,,,,,,,,,,,,,,,,,,,,,,,,,,,,,,,,,,,,,,,,,,,,,,,,,,,,,,,,,,,,,,,,,,,,,,,,,,,,,,,,,,,,,,,,,,,,,
nanog1,5585,fell,1.54,1,65.5417,0.532,1.24993,3.00485,138.626,40.2047,27.0507,69.6359,3.03107,16.3302,10.103,4.14406,11.2525,4.50911,,,,,,,,,,,,,,,,,,,,,,,,,,,,,,,,,,,,,,,,,,,,,,,,,,,,,,,,,,,,,,,,,,,,,,,,,,,,,,,,,,,,,,,,,,,,,,,,,,,,,,,,,,,,,,
nanog1,5586,fell,1.74,1,83.0354,60.7543,0.909538,2.42411,108.613,37.0869,18.3475,22.8016,17.0939,11.9999,9.14504,3.43517,12.9525,7.20316,,,,,,,,,,,,,,,,,,,,,,,,,,,,,,,,,,,,,,,,,,,,,,,,,,,,,,,,,,,,,,,,,,,,,,,,,,,,,,,,,,,,,,,,,,,,,,,,,,,,,,,,,,,,,,
nanog1,5587,fell,1.98,1,108.803,92.9076,2.57437,3.56848,139.678,38.5787,20.9534,8.38808,0.843748,13.5663,9.15026,3.64702,4.87754,1.41639,,,,,,,,,,,,,,,,,,,,,,,,,,,,,,,,,,,,,,,,,,,,,,,,,,,,,,,,,,,,,,,,,,,,,,,,,,,,,,,,,,,,,,,,,,,,,,,,,,,,,,,,,,,,,,
nanog1,5588,fell,1.9,1,78.0904,143.262,1.33359,2.28945,128.182,28.7072,11.7073,25.4537,4.41079,15.5384,8.87585,4.03628,8.19417,4.71372,,,,,,,,,,,,,,,,,,,,,,,,,,,,,,,,,,,,,,,,,,,,,,,,,,,,,,,,,,,,,,,,,,,,,,,,,,,,,,,,,,,,,,,,,,,,,,,,,,,,,,,,,,,,,,
nanog1,5589,fell,1.38,1,26.0722,45.8293,1.41762,3.3473,106.701,29.5784,8.53229,21.3461,5.81635,18.0075,9.83119,3.42657,7.33285,3.35803,,,,,,,,,,,,,,,,,,,,,,,,,,,,,,,,,,,,,,,,,,,,,,,,,,,,,,,,,,,,,,,,,,,,,,,,,,,,,,,,,,,,,,,,,,,,,,,,,,,,,,,,,,,,,,
nanog1,5590,fell,2.4,1,71.2378,32.9095,2.84129,3.81698,130.863,28.0348,19.6479,12.0195,1.57595,13.6356,9.41679,3.1498,5.06374,1.08164,,,,,,,,,,,,,,,,,,,,,,,,,,,,,,,,,,,,,,,,,,,,,,,,,,,,,,,,,,,,,,,,,,,,,,,,,,,,,,,,,,,,,,,,,,,,,,,,,,,,,,,,,,,,,,
nanog1,5591,fell,1.7,1,36.6423,4.53448,1.04954,2.83531,89.3212,27.5365,16.9252,36.6266,33.4808,13.1351,6.97619,3.38437,8.4801,7.3109,,,,,,,,,,,,,,,,,,,,,,,,,,,,,,,,,,,,,,,,,,,,,,,,,,,,,,,,,,,,,,,,,,,,,,,,,,,,,,,,,,,,,,,,,,,,,,,,,,,,,,,,,,,,,,
nanog1,5592,fell,2.54,1,116.872,15.4589,2.96383,4.1967,217.107,69.9152,14.4306,16.9949,5.57567,23.1052,17.644,5.87382,11.3224,4.83923,,,,,,,,,,,,,,,,,,,,,,,,,,,,,,,,,,,,,,,,,,,,,,,,,,,,,,,,,,,,,,,,,,,,,,,,,,,,,,,,,,,,,,,,,,,,,,,,,,,,,,,,,,,,,,
nanog1,5593,fell,2.16,1,112.338,32.0793,3.01312,4.23195,119.251,47.5842,8.78859,7.38671,0.298916,13.8762,10.8876,3.35442,4.26571,0.52095,,,,,,,,,,,,,,,,,,,,,,,,,,,,,,,,,,,,,,,,,,,,,,,,,,,,,,,,,,,,,,,,,,,,,,,,,,,,,,,,,,,,,,,,,,,,,,,,,,,,,,,,,,,,,,
nanog1,5594,fell,2.36,1,111.156,15.9042,1.97951,3.58863,96.0919,41.4736,12.8378,13.9602,39.7715,11.276,7.35269,2.95602,6.07563,4.70227,,,,,,,,,,,,,,,,,,,,,,,,,,,,,,,,,,,,,,,,,,,,,,,,,,,,,,,,,,,,,,,,,,,,,,,,,,,,,,,,,,,,,,,,,,,,,,,,,,,,,,,,,,,,,,
nanog1,5595,fell,2.08,1,56.2487,112.965,1.37619,3.31432,142.591,39.8683,16.3056,32.5801,8.42063,15.406,10.336,4.10998,10.7416,3.00137,,,,,,,,,,,,,,,,,,,,,,,,,,,,,,,,,,,,,,,,,,,,,,,,,,,,,,,,,,,,,,,,,,,,,,,,,,,,,,,,,,,,,,,,,,,,,,,,,,,,,,,,,,,,,,
nanog1,5596,fell,2.28,1,75.4111,4.09999,2.34445,3.95154,116.064,45.013,13.2694,15.3742,28.7945,12.4719,9.45244,3.24844,5.75844,3.31376,,,,,,,,,,,,,,,,,,,,,,,,,,,,,,,,,,,,,,,,,,,,,,,,,,,,,,,,,,,,,,,,,,,,,,,,,,,,,,,,,,,,,,,,,,,,,,,,,,,,,,,,,,,,,,
nanog1,5597,fell,1.64,1,95.432,20.7295,0.87802,2.3441,105.559,39.2933,17.079,38.8611,7.22762,14.0342,11.1879,3.84308,8.45048,4.92594,,,,,,,,,,,,,,,,,,,,,,,,,,,,,,,,,,,,,,,,,,,,,,,,,,,,,,,,,,,,,,,,,,,,,,,,,,,,,,,,,,,,,,,,,,,,,,,,,,,,,,,,,,,,,,
nanog1,5598,fell,1.84,1,58.7225,131.404,0.933403,2.22047,174.227,42.7459,24.1399,37.7585,26.0197,19.1958,12.2515,4.73933,8.47582,6.92561,,,,,,,,,,,,,,,,,,,,,,,,,,,,,,,,,,,,,,,,,,,,,,,,,,,,,,,,,,,,,,,,,,,,,,,,,,,,,,,,,,,,,,,,,,,,,,,,,,,,,,,,,,,,,,
nanog1,5599,fell,1.88,1,61.2007,23.0766,1.90103,3.47748,109.552,37.7893,20.2413,16.753,61.9128,12.6918,9.4892,3.12434,8.13239,4.21109,,,,,,,,,,,,,,,,,,,,,,,,,,,,,,,,,,,,,,,,,,,,,,,,,,,,,,,,,,,,,,,,,,,,,,,,,,,,,,,,,,,,,,,,,,,,,,,,,,,,,,,,,,,,,,
nanog1,5600,fell,1.72,1,89.9707,92.6007,3.09581,4.10756,92.6839,41.8942,9.09788,3.84874,0.433515,10.5403,8.88847,2.59962,3.21618,0.917248,,,,,,,,,,,,,,,,,,,,,,,,,,,,,,,,,,,,,,,,,,,,,,,,,,,,,,,,,,,,,,,,,,,,,,,,,,,,,,,,,,,,,,,,,,,,,,,,,,,,,,,,,,,,,,
nanog1,5601,fell,1.48,1,61.6124,46.2145,1.11969,3.35607,82.3367,33.2552,8.8341,6.55662,0.379113,9.21067,7.60793,2.8599,4.20059,1.27061,,,,,,,,,,,,,,,,,,,,,,,,,,,,,,,,,,,,,,,,,,,,,,,,,,,,,,,,,,,,,,,,,,,,,,,,,,,,,,,,,,,,,,,,,,,,,,,,,,,,,,,,,,,,,,
nanog1,5602,fell,3.42,1,97.89,2.02114,1.28679,3.71534,180.576,45.9063,27.8495,11.2952,2.1787,18.398,12.7939,4.41274,8.3053,3.94652,,,,,,,,,,,,,,,,,,,,,,,,,,,,,,,,,,,,,,,,,,,,,,,,,,,,,,,,,,,,,,,,,,,,,,,,,,,,,,,,,,,,,,,,,,,,,,,,,,,,,,,,,,,,,,
nanog1,5603,fell,1.16,1,73.7065,46.7296,1.23077,3.42476,173.736,29.7122,9.78973,13.7336,1.11202,15.8187,11.1396,4.06526,6.49612,2.44026,,,,,,,,,,,,,,,,,,,,,,,,,,,,,,,,,,,,,,,,,,,,,,,,,,,,,,,,,,,,,,,,,,,,,,,,,,,,,,,,,,,,,,,,,,,,,,,,,,,,,,,,,,,,,,
nanog1,5604,fell,1.42,1,156.799,70.18,1.04101,2.96212,61.0305,19.9758,5.25757,22.429,1.78552,8.47802,6.12986,2.47935,6.88973,1.28562,,,,,,,,,,,,,,,,,,,,,,,,,,,,,,,,,,,,,,,,,,,,,,,,,,,,,,,,,,,,,,,,,,,,,,,,,,,,,,,,,,,,,,,,,,,,,,,,,,,,,,,,,,,,,,
nanog1,5605,fell,1.66,1,152.561,1.93106,2.18963,3.7564,152.382,27.2774,32.5937,12.9379,0.392959,12.1135,8.16923,3.11187,5.367,1.14243,,,,,,,,,,,,,,,,,,,,,,,,,,,,,,,,,,,,,,,,,,,,,,,,,,,,,,,,,,,,,,,,,,,,,,,,,,,,,,,,,,,,,,,,,,,,,,,,,,,,,,,,,,,,,,
nanog1,5606,fell,1.32,1,107.589,15.2758,2.00059,3.7453,85.0062,20.6981,13.6959,6.46982,0.537878,12.9165,9.23776,3.03956,4.80512,1.08277,,,,,,,,,,,,,,,,,,,,,,,,,,,,,,,,,,,,,,,,,,,,,,,,,,,,,,,,,,,,,,,,,,,,,,,,,,,,,,,,,,,,,,,,,,,,,,,,,,,,,,,,,,,,,,
nanog1,5607,fell,2.64,1,102.706,87.747,1.33507,2.18259,197.26,61.5019,33.3938,25.6305,2.02556,19.3247,13.3438,5.35002,11.3204,2.45973,,,,,,,,,,,,,,,,,,,,,,,,,,,,,,,,,,,,,,,,,,,,,,,,,,,,,,,,,,,,,,,,,,,,,,,,,,,,,,,,,,,,,,,,,,,,,,,,,,,,,,,,,,,,,,
nanog1,5608,fell,1.08,1,70.69,28.476,2.9214,4.03141,53.0043,22.9954,14.4041,36.1572,1.61975,6.26119,6.79342,1.84995,4.42934,1.3759,,,,,,,,,,,,,,,,,,,,,,,,,,,,,,,,,,,,,,,,,,,,,,,,,,,,,,,,,,,,,,,,,,,,,,,,,,,,,,,,,,,,,,,,,,,,,,,,,,,,,,,,,,,,,,
nanog1,5609,fell,2.18,1,73.1644,142.385,2.94902,3.77055,143.715,45.3605,20.0399,14.7054,0.517678,12.5482,10.0284,3.1795,3.98729,0.542165,,,,,,,,,,,,,,,,,,,,,,,,,,,,,,,,,,,,,,,,,,,,,,,,,,,,,,,,,,,,,,,,,,,,,,,,,,,,,,,,,,,,,,,,,,,,,,,,,,,,,,,,,,,,,,
nanog1,5610,fell,1.02,1,136.402,71.9374,2.93576,4.24788,72.9365,18.5932,24.788,56.6538,1.2902,8.27217,7.04752,2.85259,6.24102,2.52406,,,,,,,,,,,,,,,,,,,,,,,,,,,,,,,,,,,,,,,,,,,,,,,,,,,,,,,,,,,,,,,,,,,,,,,,,,,,,,,,,,,,,,,,,,,,,,,,,,,,,,,,,,,,,,
nanog1,5611,fell,2.16,1,82.047,47.2603,2.7671,3.85633,115.443,39.8806,29.4092,9.87074,0.78868,9.68114,8.25331,2.78711,4.0399,0.98027,,,,,,,,,,,,,,,,,,,,,,,,,,,,,,,,,,,,,,,,,,,,,,,,,,,,,,,,,,,,,,,,,,,,,,,,,,,,,,,,,,,,,,,,,,,,,,,,,,,,,,,,,,,,,,
nanog1,5612,fell,1.66,1,102.265,164.572,1.15994,3.04524,108.8,31.2658,26.3262,38.7261,2.56523,13.334,10.5176,4.41263,12.3776,2.35212,,,,,,,,,,,,,,,,,,,,,,,,,,,,,,,,,,,,,,,,,,,,,,,,,,,,,,,,,,,,,,,,,,,,,,,,,,,,,,,,,,,,,,,,,,,,,,,,,,,,,,,,,,,,,,
nanog1,5613,fell,1.7,1,104.533,149.64,3.10956,4.44151,130.338,50.6272,9.40246,3.46043,0.527548,13.3574,10.89,3.29129,3.5629,0.54673,,,,,,,,,,,,,,,,,,,,,,,,,,,,,,,,,,,,,,,,,,,,,,,,,,,,,,,,,,,,,,,,,,,,,,,,,,,,,,,,,,,,,,,,,,,,,,,,,,,,,,,,,,,,,,
nanog1,5614,fell,1.44,1,145.72,18.3678,2.76786,4.04952,99.9051,22.1623,13.7824,5.57746,0.596584,9.6027,7.37447,2.61381,3.5773,1.46372,,,,,,,,,,,,,,,,,,,,,,,,,,,,,,,,,,,,,,,,,,,,,,,,,,,,,,,,,,,,,,,,,,,,,,,,,,,,,,,,,,,,,,,,,,,,,,,,,,,,,,,,,,,,,,
nanog1,5615,fell,1.38,1,84.1947,40.8737,1.70232,3.50926,150.592,24.0318,8.42481,15.3911,2.14569,16.9062,13.0541,3.44845,6.56305,1.23657,,,,,,,,,,,,,,,,,,,,,,,,,,,,,,,,,,,,,,,,,,,,,,,,,,,,,,,,,,,,,,,,,,,,,,,,,,,,,,,,,,,,,,,,,,,,,,,,,,,,,,,,,,,,,,
nanog1,5616,fell,2.06,1,220.402,17.1979,1.33413,2.50848,161.486,31.6927,20.5138,12.2738,1.20604,15.3929,10.9134,4.03102,6.19292,1.16427,,,,,,,,,,,,,,,,,,,,,,,,,,,,,,,,,,,,,,,,,,,,,,,,,,,,,,,,,,,,,,,,,,,,,,,,,,,,,,,,,,,,,,,,,,,,,,,,,,,,,,,,,,,,,,
nanog1,5617,fell,1.22,1,24.833,26.5982,1.72708,3.19624,44.2127,30.4611,7.15754,35.4542,144.571,7.25272,5.90043,2.48419,12.6611,8.38275,,,,,,,,,,,,,,,,,,,,,,,,,,,,,,,,,,,,,,,,,,,,,,,,,,,,,,,,,,,,,,,,,,,,,,,,,,,,,,,,,,,,,,,,,,,,,,,,,,,,,,,,,,,,,,
nanog1,5618,fell,2.04,1,77.5627,106.316,2.87626,3.89221,109.818,32.4399,13.0253,9.75349,0.703318,11.8391,9.73156,2.84145,3.72916,0.651402,,,,,,,,,,,,,,,,,,,,,,,,,,,,,,,,,,,,,,,,,,,,,,,,,,,,,,,,,,,,,,,,,,,,,,,,,,,,,,,,,,,,,,,,,,,,,,,,,,,,,,,,,,,,,,
nanog1,5619,fell,2.5,1,110.28,29.1991,1.63121,3.59961,274.103,53.1614,17.0936,11.887,0.337904,33.6819,23.1758,6.36269,8.47935,1.4467,,,,,,,,,,,,,,,,,,,,,,,,,,,,,,,,,,,,,,,,,,,,,,,,,,,,,,,,,,,,,,,,,,,,,,,,,,,,,,,,,,,,,,,,,,,,,,,,,,,,,,,,,,,,,,
nanog1,5620,fell,2.48,1,10.7659,1.0143,2.50841,4.12635,88.5327,37.076,16.9996,10.1781,0.800065,11.4542,7.83668,2.80811,4.5438,0.851412,,,,,,,,,,,,,,,,,,,,,,,,,,,,,,,,,,,,,,,,,,,,,,,,,,,,,,,,,,,,,,,,,,,,,,,,,,,,,,,,,,,,,,,,,,,,,,,,,,,,,,,,,,,,,,
nanog1,5621,fell,1.6,1,125.472,10.8127,1.79277,4.06235,133.075,50.3814,9.52532,6.52686,0.402829,13.5607,13.1453,3.33172,5.71776,0.632526,,,,,,,,,,,,,,,,,,,,,,,,,,,,,,,,,,,,,,,,,,,,,,,,,,,,,,,,,,,,,,,,,,,,,,,,,,,,,,,,,,,,,,,,,,,,,,,,,,,,,,,,,,,,,,
nanog1,5622,fell,3.78,1,96.7813,22.876,0.923419,2.34846,167.22,45.1662,39.3879,39.8167,5.35104,20.0168,11.9791,5.06309,9.59512,4.80379,,,,,,,,,,,,,,,,,,,,,,,,,,,,,,,,,,,,,,,,,,,,,,,,,,,,,,,,,,,,,,,,,,,,,,,,,,,,,,,,,,,,,,,,,,,,,,,,,,,,,,,,,,,,,,
nanog1,5623,fell,1.42,1,55.705,89.197,1.5728,3.37393,96.2327,36.0194,25.3489,29.2447,0.603548,11.7164,9.02723,3.38746,7.93368,1.30141,,,,,,,,,,,,,,,,,,,,,,,,,,,,,,,,,,,,,,,,,,,,,,,,,,,,,,,,,,,,,,,,,,,,,,,,,,,,,,,,,,,,,,,,,,,,,,,,,,,,,,,,,,,,,,
nanog1,5624,fell,1.38,1,109.638,86.5111,0.887534,2.92134,107.602,36.0167,13.0177,35.6539,14.8613,10.8098,9.22346,3.20032,8.05244,5.14341,,,,,,,,,,,,,,,,,,,,,,,,,,,,,,,,,,,,,,,,,,,,,,,,,,,,,,,,,,,,,,,,,,,,,,,,,,,,,,,,,,,,,,,,,,,,,,,,,,,,,,,,,,,,,,
nanog1,5625,fell,1.32,1,31.0072,36.3597,0.929019,3.06492,53.8285,20.9986,8.95229,19.0753,1.01619,6.50593,6.02597,2.01694,5.46005,1.13798,,,,,,,,,,,,,,,,,,,,,,,,,,,,,,,,,,,,,,,,,,,,,,,,,,,,,,,,,,,,,,,,,,,,,,,,,,,,,,,,,,,,,,,,,,,,,,,,,,,,,,,,,,,,,,
nanog1,5626,fell,2.46,1,122.999,32.3033,2.98486,4.08187,111.43,39.2254,23.6446,8.31571,0.554448,11.4142,9.3869,3.09831,4.30177,0.85367,,,,,,,,,,,,,,,,,,,,,,,,,,,,,,,,,,,,,,,,,,,,,,,,,,,,,,,,,,,,,,,,,,,,,,,,,,,,,,,,,,,,,,,,,,,,,,,,,,,,,,,,,,,,,,
nanog1,5627,fell,1.76,1,76.5795,3.63741,1.43596,3.58245,96.7994,32.9674,15.1834,6.74381,0.802348,11.3739,8.73818,2.65779,4.13184,0.778335,,,,,,,,,,,,,,,,,,,,,,,,,,,,,,,,,,,,,,,,,,,,,,,,,,,,,,,,,,,,,,,,,,,,,,,,,,,,,,,,,,,,,,,,,,,,,,,,,,,,,,,,,,,,,,
nanog1,5628,fell,1.18,1,53.5056,10.7806,2.1205,3.71914,69.9281,21.1329,11.6818,32.9576,0.729124,9.62237,7.61052,2.67991,6.81207,1.03799,,,,,,,,,,,,,,,,,,,,,,,,,,,,,,,,,,,,,,,,,,,,,,,,,,,,,,,,,,,,,,,,,,,,,,,,,,,,,,,,,,,,,,,,,,,,,,,,,,,,,,,,,,,,,,
nanog1,5629,fell,1.32,1,80.6395,34.4392,3.07725,3.95624,122.46,23.3116,13.4777,6.13655,0.285201,12.2599,9.63847,3.0747,5.19046,0.911585,,,,,,,,,,,,,,,,,,,,,,,,,,,,,,,,,,,,,,,,,,,,,,,,,,,,,,,,,,,,,,,,,,,,,,,,,,,,,,,,,,,,,,,,,,,,,,,,,,,,,,,,,,,,,,
nanog1,5630,fell,1.42,1,24.8533,102.29,1.93262,3.56982,77.1578,27.4792,9.25542,16.224,57.5518,14.2183,9.22955,4.17597,8.50375,4.1798,,,,,,,,,,,,,,,,,,,,,,,,,,,,,,,,,,,,,,,,,,,,,,,,,,,,,,,,,,,,,,,,,,,,,,,,,,,,,,,,,,,,,,,,,,,,,,,,,,,,,,,,,,,,,,
nanog1,5631,fell,1.84,1,93.4139,1.54307,1.37817,3.56032,98.2701,35.5376,14.5227,8.40203,0.747674,10.4881,8.2561,3.0112,4.56809,0.873002,,,,,,,,,,,,,,,,,,,,,,,,,,,,,,,,,,,,,,,,,,,,,,,,,,,,,,,,,,,,,,,,,,,,,,,,,,,,,,,,,,,,,,,,,,,,,,,,,,,,,,,,,,,,,,
nanog1,5632,fell,1.14,1,33.4586,3.67242,0.865786,3.34573,79.3313,22.5169,7.73277,14.0968,0.224683,9.39136,7.16121,2.73593,5.87356,0.759291,,,,,,,,,,,,,,,,,,,,,,,,,,,,,,,,,,,,,,,,,,,,,,,,,,,,,,,,,,,,,,,,,,,,,,,,,,,,,,,,,,,,,,,,,,,,,,,,,,,,,,,,,,,,,,
nanog1,5633,fell,1.86,1,40.8054,85.4226,2.64111,3.51228,90.9415,27.8819,18.2468,68.3593,1.91688,8.01358,6.48695,2.74875,10.2464,3.63993,,,,,,,,,,,,,,,,,,,,,,,,,,,,,,,,,,,,,,,,,,,,,,,,,,,,,,,,,,,,,,,,,,,,,,,,,,,,,,,,,,,,,,,,,,,,,,,,,,,,,,,,,,,,,,
nanog1,5634,fell,1.68,1,75.4841,5.83227,2.81222,4.22486,91.652,41.1792,9.48168,6.38916,0.39907,10.1501,9.0554,2.54863,2.93408,0.414554,,,,,,,,,,,,,,,,,,,,,,,,,,,,,,,,,,,,,,,,,,,,,,,,,,,,,,,,,,,,,,,,,,,,,,,,,,,,,,,,,,,,,,,,,,,,,,,,,,,,,,,,,,,,,,
nanog1,5635,fell,2.16,1,108.383,90.0923,1.18391,2.82773,222.549,37.015,21.3557,22.5132,2.05193,24.5962,13.8752,5.25415,10.8848,3.09506,,,,,,,,,,,,,,,,,,,,,,,,,,,,,,,,,,,,,,,,,,,,,,,,,,,,,,,,,,,,,,,,,,,,,,,,,,,,,,,,,,,,,,,,,,,,,,,,,,,,,,,,,,,,,,
nanog1,5636,fell,1.62,1,106.025,44.0256,3.06145,4.13578,103.851,41.3096,15.3029,6.83989,0.340399,10.4168,9.24653,2.50234,3.24799,0.624641,,,,,,,,,,,,,,,,,,,,,,,,,,,,,,,,,,,,,,,,,,,,,,,,,,,,,,,,,,,,,,,,,,,,,,,,,,,,,,,,,,,,,,,,,,,,,,,,,,,,,,,,,,,,,,
nanog1,5637,fell,2.1,1,68.3183,78.9158,1.91427,3.75515,103.085,46.6437,9.03345,10.8493,32.5676,11.9332,9.97026,2.53794,6.6612,4.11771,,,,,,,,,,,,,,,,,,,,,,,,,,,,,,,,,,,,,,,,,,,,,,,,,,,,,,,,,,,,,,,,,,,,,,,,,,,,,,,,,,,,,,,,,,,,,,,,,,,,,,,,,,,,,,
nanog1,5638,fell,2.94,1,126.464,54.0208,1.25723,2.647,144.103,61.7061,19.4735,47.2483,5.94363,12.4821,9.69613,3.3206,10.2875,2.99593,,,,,,,,,,,,,,,,,,,,,,,,,,,,,,,,,,,,,,,,,,,,,,,,,,,,,,,,,,,,,,,,,,,,,,,,,,,,,,,,,,,,,,,,,,,,,,,,,,,,,,,,,,,,,,
nanog1,5639,fell,1.28,1,20.2373,163.089,2.22083,3.54256,45.1315,28.986,8.46222,32.2996,60.8333,7.29566,6.45015,1.95526,10.1862,5.1914,,,,,,,,,,,,,,,,,,,,,,,,,,,,,,,,,,,,,,,,,,,,,,,,,,,,,,,,,,,,,,,,,,,,,,,,,,,,,,,,,,,,,,,,,,,,,,,,,,,,,,,,,,,,,,
nanog1,5640,fell,1.42,1,24.9442,17.6192,1.77303,3.23292,57.2512,33.5552,9.20947,19.2696,45.0982,11.8264,7.94469,3.13275,7.8642,3.97171,,,,,,,,,,,,,,,,,,,,,,,,,,,,,,,,,,,,,,,,,,,,,,,,,,,,,,,,,,,,,,,,,,,,,,,,,,,,,,,,,,,,,,,,,,,,,,,,,,,,,,,,,,,,,,
nanog1,5641,fell,2.74,1,88.8066,37.2178,2.8759,4.02291,130.214,35.5984,17.0593,6.0909,0.84784,15.3055,10.9459,3.74452,5.63308,1.4419,,,,,,,,,,,,,,,,,,,,,,,,,,,,,,,,,,,,,,,,,,,,,,,,,,,,,,,,,,,,,,,,,,,,,,,,,,,,,,,,,,,,,,,,,,,,,,,,,,,,,,,,,,,,,,
nanog1,5642,fell,2.44,1,76.2118,15.4608,1.00356,3.17718,154.742,37.5081,14.8292,16.7781,3.82937,14.5491,9.95294,3.57975,7.83955,3.49589,,,,,,,,,,,,,,,,,,,,,,,,,,,,,,,,,,,,,,,,,,,,,,,,,,,,,,,,,,,,,,,,,,,,,,,,,,,,,,,,,,,,,,,,,,,,,,,,,,,,,,,,,,,,,,
nanog1,5643,fell,1.46,1,75.5156,44.6052,2.89749,3.85542,89.5136,33.8221,11.1276,11.2891,0.270297,9.44932,8.79542,2.5213,4.82858,0.644692,,,,,,,,,,,,,,,,,,,,,,,,,,,,,,,,,,,,,,,,,,,,,,,,,,,,,,,,,,,,,,,,,,,,,,,,,,,,,,,,,,,,,,,,,,,,,,,,,,,,,,,,,,,,,,
nanog1,5644,fell,1.62,1,54.3127,2.29689,0.801717,3.26878,126.566,26.1882,16.4495,10.1159,0.299621,14.3179,12.1461,3.58806,5.08772,0.569983,,,,,,,,,,,,,,,,,,,,,,,,,,,,,,,,,,,,,,,,,,,,,,,,,,,,,,,,,,,,,,,,,,,,,,,,,,,,,,,,,,,,,,,,,,,,,,,,,,,,,,,,,,,,,,
nanog1,5645,fell,2.7,1,114.701,133.394,1.85156,3.13369,222.352,59.3811,19.1904,46.9112,34.602,23.82,16.6984,5.24641,9.26787,6.38919,,,,,,,,,,,,,,,,,,,,,,,,,,,,,,,,,,,,,,,,,,,,,,,,,,,,,,,,,,,,,,,,,,,,,,,,,,,,,,,,,,,,,,,,,,,,,,,,,,,,,,,,,,,,,,
nanog1,5646,fell,3.18,1,104.553,38.673,1.62734,3.18799,325.905,66.5901,32.6261,17.4446,1.12879,30.6375,18.7841,6.63167,10.6437,1.59882,,,,,,,,,,,,,,,,,,,,,,,,,,,,,,,,,,,,,,,,,,,,,,,,,,,,,,,,,,,,,,,,,,,,,,,,,,,,,,,,,,,,,,,,,,,,,,,,,,,,,,,,,,,,,,
nanog1,5647,fell,2.86,1,97.0311,3.2245,2.36421,3.77265,143.806,47.8101,23.9282,37.3667,6.85153,13.586,11.2915,3.82967,8.79361,3.08453,,,,,,,,,,,,,,,,,,,,,,,,,,,,,,,,,,,,,,,,,,,,,,,,,,,,,,,,,,,,,,,,,,,,,,,,,,,,,,,,,,,,,,,,,,,,,,,,,,,,,,,,,,,,,,
nanog1,5648,fell,1.74,1,14.6739,55.8554,2.40824,3.80165,83.2701,21.6654,19.0326,10.7107,0.498578,9.9612,8.49206,2.96831,5.29215,0.725742,,,,,,,,,,,,,,,,,,,,,,,,,,,,,,,,,,,,,,,,,,,,,,,,,,,,,,,,,,,,,,,,,,,,,,,,,,,,,,,,,,,,,,,,,,,,,,,,,,,,,,,,,,,,,,
nanog1,5649,fell,1.66,1,138.472,5.64408,2.23107,2.79754,92.9198,29.9089,10.1044,30.5391,109.312,11.5273,8.63341,3.68272,9.67847,7.96102,,,,,,,,,,,,,,,,,,,,,,,,,,,,,,,,,,,,,,,,,,,,,,,,,,,,,,,,,,,,,,,,,,,,,,,,,,,,,,,,,,,,,,,,,,,,,,,,,,,,,,,,,,,,,,
nanog1,5650,fell,2.2,1,172.387,158.034,1.19078,1.89915,131.759,26.2149,40.782,57.1354,22.1977,13.842,9.5633,4.2396,13.5512,5.18233,,,,,,,,,,,,,,,,,,,,,,,,,,,,,,,,,,,,,,,,,,,,,,,,,,,,,,,,,,,,,,,,,,,,,,,,,,,,,,,,,,,,,,,,,,,,,,,,,,,,,,,,,,,,,,
nanog1,5651,fell,2.36,1,94.4384,54.3654,2.85267,3.90115,107.941,25.2778,15.3848,8.6692,0.544762,11.4887,8.43385,2.50805,3.32552,0.568431,,,,,,,,,,,,,,,,,,,,,,,,,,,,,,,,,,,,,,,,,,,,,,,,,,,,,,,,,,,,,,,,,,,,,,,,,,,,,,,,,,,,,,,,,,,,,,,,,,,,,,,,,,,,,,
nanog1,5652,fell,2.58,1,106.992,11.3868,2.93984,4.56593,210.91,48.6215,17.5615,9.09122,4.19525,21.1465,16.4662,4.89672,8.05552,3.41113,,,,,,,,,,,,,,,,,,,,,,,,,,,,,,,,,,,,,,,,,,,,,,,,,,,,,,,,,,,,,,,,,,,,,,,,,,,,,,,,,,,,,,,,,,,,,,,,,,,,,,,,,,,,,,
nanog1,5653,fell,2.42,1,50.4121,41.8559,2.38581,3.85068,178.953,46.5261,26.7472,7.93657,1.17713,15.5422,12.1903,4.45011,7.28044,2.00595,,,,,,,,,,,,,,,,,,,,,,,,,,,,,,,,,,,,,,,,,,,,,,,,,,,,,,,,,,,,,,,,,,,,,,,,,,,,,,,,,,,,,,,,,,,,,,,,,,,,,,,,,,,,,,
nanog1,5654,fell,2.1,1,46.3609,77.1719,2.21655,3.48404,113.286,46.0461,14.246,16.0775,80.9267,15.0078,10.8252,3.72304,6.55971,7.2255,,,,,,,,,,,,,,,,,,,,,,,,,,,,,,,,,,,,,,,,,,,,,,,,,,,,,,,,,,,,,,,,,,,,,,,,,,,,,,,,,,,,,,,,,,,,,,,,,,,,,,,,,,,,,,
nanog1,5655,fell,1.56,1,54.3134,147.908,1.20436,3.28381,99.8826,25.0003,14.5062,19.2277,6.82286,12.3292,8.39463,3.60798,5.61729,4.50809,,,,,,,,,,,,,,,,,,,,,,,,,,,,,,,,,,,,,,,,,,,,,,,,,,,,,,,,,,,,,,,,,,,,,,,,,,,,,,,,,,,,,,,,,,,,,,,,,,,,,,,,,,,,,,
nanog1,5656,fell,2.5,1,78.6159,97.5264,0.740926,2.38661,199.53,48.2001,20.7585,18.1083,4.24069,23.4687,15.3398,4.99112,8.575,1.72749,,,,,,,,,,,,,,,,,,,,,,,,,,,,,,,,,,,,,,,,,,,,,,,,,,,,,,,,,,,,,,,,,,,,,,,,,,,,,,,,,,,,,,,,,,,,,,,,,,,,,,,,,,,,,,
nanog1,5657,fell,1.86,1,63.728,9.33658,2.13148,3.76083,101.328,40.6391,8.1696,16.9208,53.6241,13.3105,10.9855,3.22234,8.83794,5.76357,,,,,,,,,,,,,,,,,,,,,,,,,,,,,,,,,,,,,,,,,,,,,,,,,,,,,,,,,,,,,,,,,,,,,,,,,,,,,,,,,,,,,,,,,,,,,,,,,,,,,,,,,,,,,,
nanog1,5658,fell,1.34,1,74.8456,45.6192,2.45649,3.831,122.564,25.3945,10.4229,9.59874,0.316569,16.1049,10.3854,3.98257,4.97267,0.791767,,,,,,,,,,,,,,,,,,,,,,,,,,,,,,,,,,,,,,,,,,,,,,,,,,,,,,,,,,,,,,,,,,,,,,,,,,,,,,,,,,,,,,,,,,,,,,,,,,,,,,,,,,,,,,
nanog1,5659,fell,2.14,1,32.5135,48.7552,1.85431,4.01403,97.0398,33.5045,13.3948,12.1983,17.846,12.8121,7.68032,3.72067,6.74828,3.60254,,,,,,,,,,,,,,,,,,,,,,,,,,,,,,,,,,,,,,,,,,,,,,,,,,,,,,,,,,,,,,,,,,,,,,,,,,,,,,,,,,,,,,,,,,,,,,,,,,,,,,,,,,,,,,
nanog1,5660,fell,1.54,1,59.7889,32.3105,2.98269,4.08585,112.486,31.3053,17.518,44.2398,1.26664,12.0134,9.99639,2.97289,5.48987,0.854279,,,,,,,,,,,,,,,,,,,,,,,,,,,,,,,,,,,,,,,,,,,,,,,,,,,,,,,,,,,,,,,,,,,,,,,,,,,,,,,,,,,,,,,,,,,,,,,,,,,,,,,,,,,,,,
nanog1,5661,fell,1.32,1,65.247,29.4924,0.976598,3.33571,83.6187,23.9872,12.1184,30.338,0.523379,12.1153,9.69549,3.67385,9.01802,1.29999,,,,,,,,,,,,,,,,,,,,,,,,,,,,,,,,,,,,,,,,,,,,,,,,,,,,,,,,,,,,,,,,,,,,,,,,,,,,,,,,,,,,,,,,,,,,,,,,,,,,,,,,,,,,,,
nanog1,5662,fell,1.56,1,87.7965,127.178,1.81479,3.64757,61.8063,27.9426,6.30738,27.0075,49.9765,11.4126,7.11425,2.37742,7.4156,5.65202,,,,,,,,,,,,,,,,,,,,,,,,,,,,,,,,,,,,,,,,,,,,,,,,,,,,,,,,,,,,,,,,,,,,,,,,,,,,,,,,,,,,,,,,,,,,,,,,,,,,,,,,,,,,,,
nanog1,5663,fell,3.76,1,89.2749,137.7,2.28202,4.0473,248.079,54.1263,33.9093,16.9606,0.836084,28.644,19.0999,6.32691,8.14689,1.04181,,,,,,,,,,,,,,,,,,,,,,,,,,,,,,,,,,,,,,,,,,,,,,,,,,,,,,,,,,,,,,,,,,,,,,,,,,,,,,,,,,,,,,,,,,,,,,,,,,,,,,,,,,,,,,
nanog1,5664,fell,3.22,1,132.481,43.3158,3.07496,4.24975,250.244,69.7601,25.1994,14.0427,0.767334,24.4486,18.2946,5.73929,7.80729,1.16886,,,,,,,,,,,,,,,,,,,,,,,,,,,,,,,,,,,,,,,,,,,,,,,,,,,,,,,,,,,,,,,,,,,,,,,,,,,,,,,,,,,,,,,,,,,,,,,,,,,,,,,,,,,,,,
nanog1,5665,fell,1.5,1,40.453,24.3754,1.66186,2.81554,129.918,36.2702,33.8995,49.1066,17.3941,14.3525,8.48622,4.17206,11.1399,5.1061,,,,,,,,,,,,,,,,,,,,,,,,,,,,,,,,,,,,,,,,,,,,,,,,,,,,,,,,,,,,,,,,,,,,,,,,,,,,,,,,,,,,,,,,,,,,,,,,,,,,,,,,,,,,,,
nanog1,5666,fell,1.66,1,32.2256,73.6141,2.1724,3.64389,81.1688,20.6556,9.22443,8.21565,0.472783,9.08655,7.96115,2.58861,3.34035,0.622302,,,,,,,,,,,,,,,,,,,,,,,,,,,,,,,,,,,,,,,,,,,,,,,,,,,,,,,,,,,,,,,,,,,,,,,,,,,,,,,,,,,,,,,,,,,,,,,,,,,,,,,,,,,,,,
nanog1,5667,fell,1.26,1,147.985,145.179,2.035,3.72387,67.0154,38.7155,21.9266,49.262,51.6516,10.9066,7.11854,3.03085,10.4701,5.76853,,,,,,,,,,,,,,,,,,,,,,,,,,,,,,,,,,,,,,,,,,,,,,,,,,,,,,,,,,,,,,,,,,,,,,,,,,,,,,,,,,,,,,,,,,,,,,,,,,,,,,,,,,,,,,
nanog1,5668,fell,2.48,1,62.3699,148.813,1.19352,3.4131,143.849,39.2161,21.0268,29.0541,1.3663,16.5522,11.2174,4.14839,7.44974,1.18148,,,,,,,,,,,,,,,,,,,,,,,,,,,,,,,,,,,,,,,,,,,,,,,,,,,,,,,,,,,,,,,,,,,,,,,,,,,,,,,,,,,,,,,,,,,,,,,,,,,,,,,,,,,,,,
nanog1,5669,fell,3,1,31.4958,27.6855,1.32782,3.13489,195.569,42.0001,35.6142,15.8442,5.63661,17.3731,14.4633,4.17529,9.07497,5.46016,,,,,,,,,,,,,,,,,,,,,,,,,,,,,,,,,,,,,,,,,,,,,,,,,,,,,,,,,,,,,,,,,,,,,,,,,,,,,,,,,,,,,,,,,,,,,,,,,,,,,,,,,,,,,,
nanog1,5670,fell,1.66,1,106,143.647,2.89464,4.18248,110.585,42.4007,11.656,13.5639,1.05666,12.158,10.7305,3.77857,8.21951,2.71618,,,,,,,,,,,,,,,,,,,,,,,,,,,,,,,,,,,,,,,,,,,,,,,,,,,,,,,,,,,,,,,,,,,,,,,,,,,,,,,,,,,,,,,,,,,,,,,,,,,,,,,,,,,,,,
nanog1,5671,fell,2.4,1,73.6202,95.1225,2.9619,4.10638,181.017,39.8995,17.4574,7.37926,2.48638,17.5457,13.4053,4.1251,5.73683,1.67296,,,,,,,,,,,,,,,,,,,,,,,,,,,,,,,,,,,,,,,,,,,,,,,,,,,,,,,,,,,,,,,,,,,,,,,,,,,,,,,,,,,,,,,,,,,,,,,,,,,,,,,,,,,,,,
nanog1,5672,fell,1.32,1,90.3748,20.3899,1.84641,3.57492,96.6692,29.836,9.01938,33.9633,47.4013,12.6664,8.24091,2.92327,7.52265,8.49122,,,,,,,,,,,,,,,,,,,,,,,,,,,,,,,,,,,,,,,,,,,,,,,,,,,,,,,,,,,,,,,,,,,,,,,,,,,,,,,,,,,,,,,,,,,,,,,,,,,,,,,,,,,,,,
nanog1,5673,fell,2.42,1,106.656,22.0562,1.66413,3.86387,173.298,50.8566,40.328,12.9788,1.14386,17.7631,13.476,3.99361,7.70677,1.90696,,,,,,,,,,,,,,,,,,,,,,,,,,,,,,,,,,,,,,,,,,,,,,,,,,,,,,,,,,,,,,,,,,,,,,,,,,,,,,,,,,,,,,,,,,,,,,,,,,,,,,,,,,,,,,
nanog1,5674,fell,1.28,1,62.1562,121.588,1.95067,3.08336,98.7481,28.5353,15.0582,14.3859,9.76411,10.9261,8.03822,2.70295,5.17233,2.57524,,,,,,,,,,,,,,,,,,,,,,,,,,,,,,,,,,,,,,,,,,,,,,,,,,,,,,,,,,,,,,,,,,,,,,,,,,,,,,,,,,,,,,,,,,,,,,,,,,,,,,,,,,,,,,
nanog1,5675,fell,1.36,1,25.134,55.9636,1.99189,3.57422,60.6059,28.9619,7.42052,26.0982,102.047,12.5777,8.63482,3.42124,7.23733,7.45635,,,,,,,,,,,,,,,,,,,,,,,,,,,,,,,,,,,,,,,,,,,,,,,,,,,,,,,,,,,,,,,,,,,,,,,,,,,,,,,,,,,,,,,,,,,,,,,,,,,,,,,,,,,,,,
nanog1,5676,fell,1.22,1,88.065,42.359,2.69262,4.17348,82.0282,22.365,23.8251,25.3627,0.818995,9.26019,6.86643,2.71672,6.73529,1.65965,,,,,,,,,,,,,,,,,,,,,,,,,,,,,,,,,,,,,,,,,,,,,,,,,,,,,,,,,,,,,,,,,,,,,,,,,,,,,,,,,,,,,,,,,,,,,,,,,,,,,,,,,,,,,,
nanog1,5677,fell,2.7,1,65.9867,31.5084,2.1471,4.06688,176.94,49.0611,19.5402,16.2245,1.10344,21.646,14.6459,4.54959,7.96265,2.40822,,,,,,,,,,,,,,,,,,,,,,,,,,,,,,,,,,,,,,,,,,,,,,,,,,,,,,,,,,,,,,,,,,,,,,,,,,,,,,,,,,,,,,,,,,,,,,,,,,,,,,,,,,,,,,
nanog1,5678,fell,1.84,1,27.0012,134.739,1.30649,2.66342,105.47,37.2644,14.1251,28.9416,5.78561,11.5799,8.74592,3.31514,7.45845,5.49843,,,,,,,,,,,,,,,,,,,,,,,,,,,,,,,,,,,,,,,,,,,,,,,,,,,,,,,,,,,,,,,,,,,,,,,,,,,,,,,,,,,,,,,,,,,,,,,,,,,,,,,,,,,,,,
nanog1,5679,fell,1.9,1,79.4783,28.9054,2.1618,4.01037,140.201,37.8098,9.26455,34.4148,26.2671,17.0168,12.4407,4.45288,10.7473,4.46706,,,,,,,,,,,,,,,,,,,,,,,,,,,,,,,,,,,,,,,,,,,,,,,,,,,,,,,,,,,,,,,,,,,,,,,,,,,,,,,,,,,,,,,,,,,,,,,,,,,,,,,,,,,,,,
nanog1,5680,fell,1.5,1,74.6393,160.224,0.737492,3.09476,103.566,26.6499,18.1102,28.6867,0.918208,11.2049,8.52259,3.22379,6.77345,2.42495,,,,,,,,,,,,,,,,,,,,,,,,,,,,,,,,,,,,,,,,,,,,,,,,,,,,,,,,,,,,,,,,,,,,,,,,,,,,,,,,,,,,,,,,,,,,,,,,,,,,,,,,,,,,,,
nanog1,5681,fell,2.18,1,61.3476,4.07919,1.90634,3.36452,76.1384,42.798,14.042,16.3433,49.3081,10.6825,8.61982,2.97014,7.92394,3.2732,,,,,,,,,,,,,,,,,,,,,,,,,,,,,,,,,,,,,,,,,,,,,,,,,,,,,,,,,,,,,,,,,,,,,,,,,,,,,,,,,,,,,,,,,,,,,,,,,,,,,,,,,,,,,,
nanog1,5682,fell,2.64,1,117.508,30.0732,2.85114,4.09801,152.994,49.7955,14.3349,6.07777,0.859945,15.5212,12.0381,3.92146,5.2259,1.09547,,,,,,,,,,,,,,,,,,,,,,,,,,,,,,,,,,,,,,,,,,,,,,,,,,,,,,,,,,,,,,,,,,,,,,,,,,,,,,,,,,,,,,,,,,,,,,,,,,,,,,,,,,,,,,
nanog1,5683,fell,1.26,1,130.462,61.8256,1.02548,2.12613,105.926,26.1898,20.4667,25.8216,1.8468,11.4987,8.54586,3.28901,9.29726,2.21848,,,,,,,,,,,,,,,,,,,,,,,,,,,,,,,,,,,,,,,,,,,,,,,,,,,,,,,,,,,,,,,,,,,,,,,,,,,,,,,,,,,,,,,,,,,,,,,,,,,,,,,,,,,,,,
nanog1,5684,fell,1.76,1,77.5242,13.1783,1.26774,3.36145,98.1691,35.2884,13.755,9.29889,0.826602,9.25369,8.69208,2.52304,3.99304,0.548409,,,,,,,,,,,,,,,,,,,,,,,,,,,,,,,,,,,,,,,,,,,,,,,,,,,,,,,,,,,,,,,,,,,,,,,,,,,,,,,,,,,,,,,,,,,,,,,,,,,,,,,,,,,,,,
nanog1,5685,fell,1.88,1,61.2173,30.4224,1.2055,2.4202,103.069,46.4529,18.2829,44.8732,10.3151,11.7218,10.4271,3.48912,10.1287,4.056,,,,,,,,,,,,,,,,,,,,,,,,,,,,,,,,,,,,,,,,,,,,,,,,,,,,,,,,,,,,,,,,,,,,,,,,,,,,,,,,,,,,,,,,,,,,,,,,,,,,,,,,,,,,,,
nanog1,5686,fell,1.96,1,168.794,157.931,1.34176,3.10081,76.63,43.1353,12.6508,42.9168,6.03712,10.1246,7.1351,2.55554,8.53621,4.27739,,,,,,,,,,,,,,,,,,,,,,,,,,,,,,,,,,,,,,,,,,,,,,,,,,,,,,,,,,,,,,,,,,,,,,,,,,,,,,,,,,,,,,,,,,,,,,,,,,,,,,,,,,,,,,
nanog1,5687,fell,1.74,1,97.8708,31.6054,1.26541,2.95609,135.117,51.0025,9.61718,40.8853,12.9869,13.9436,9.3768,2.60412,6.38715,5.81018,,,,,,,,,,,,,,,,,,,,,,,,,,,,,,,,,,,,,,,,,,,,,,,,,,,,,,,,,,,,,,,,,,,,,,,,,,,,,,,,,,,,,,,,,,,,,,,,,,,,,,,,,,,,,,
nanog1,5688,fell,2.42,1,119.71,52.5954,3.03993,4.12795,157.219,56.3885,21.7564,17.1466,1.32789,13.8576,11.6345,3.92818,6.29695,1.60762,,,,,,,,,,,,,,,,,,,,,,,,,,,,,,,,,,,,,,,,,,,,,,,,,,,,,,,,,,,,,,,,,,,,,,,,,,,,,,,,,,,,,,,,,,,,,,,,,,,,,,,,,,,,,,
nanog1,5689,fell,1.78,1,50.4807,24.8323,2.12338,4.08957,144.715,33.5076,9.50025,15.719,37.1951,15.9087,10.6449,3.8574,8.08579,4.92127,,,,,,,,,,,,,,,,,,,,,,,,,,,,,,,,,,,,,,,,,,,,,,,,,,,,,,,,,,,,,,,,,,,,,,,,,,,,,,,,,,,,,,,,,,,,,,,,,,,,,,,,,,,,,,
nanog1,5690,fell,1.88,1,82.1032,9.9813,1.35933,3.09742,134.388,50.683,11.4291,24.3107,36.1617,15.8697,10.3125,3.86611,9.42085,6.04873,,,,,,,,,,,,,,,,,,,,,,,,,,,,,,,,,,,,,,,,,,,,,,,,,,,,,,,,,,,,,,,,,,,,,,,,,,,,,,,,,,,,,,,,,,,,,,,,,,,,,,,,,,,,,,
nanog1,5691,fell,2.08,1,24.5604,162.943,0.915816,3.27962,141.933,31.5854,23.5946,14.3975,0.942882,15.5347,10.6969,3.70161,6.6658,1.33427,,,,,,,,,,,,,,,,,,,,,,,,,,,,,,,,,,,,,,,,,,,,,,,,,,,,,,,,,,,,,,,,,,,,,,,,,,,,,,,,,,,,,,,,,,,,,,,,,,,,,,,,,,,,,,
nanog1,5692,fell,1.38,1,66.7295,137.351,2.96401,4.44254,95.6132,36.7866,18.0002,23.9152,1.85721,10.5079,9.10384,2.92605,6.83432,3.5601,,,,,,,,,,,,,,,,,,,,,,,,,,,,,,,,,,,,,,,,,,,,,,,,,,,,,,,,,,,,,,,,,,,,,,,,,,,,,,,,,,,,,,,,,,,,,,,,,,,,,,,,,,,,,,
nanog1,5693,fell,1.78,1,53.4228,25.6417,1.91379,4.11385,88.1421,29.3667,16.7335,11.4652,13.9821,12.5769,8.92195,2.55999,4.37039,1.84363,,,,,,,,,,,,,,,,,,,,,,,,,,,,,,,,,,,,,,,,,,,,,,,,,,,,,,,,,,,,,,,,,,,,,,,,,,,,,,,,,,,,,,,,,,,,,,,,,,,,,,,,,,,,,,
nanog1,5694,fell,5.08,2,176.381,96.7277,0.60334,2.91605,395.155,90.4294,46.3212,22.1292,1.50218,42.5409,30.3913,8.95313,10.7782,1.98231,6.32556,0.643349,3.15827,5.83562,0.0233487,0.859938,0.328684,0.633171,1.50903,0.126077,,,,,,,,,,,,,,,,,,,,,,,,,,,,,,,,,,,,,,,,,,,,,,,,,,,,,,,,,,,,,,,,,,,,,,,,,,,,,,,,,,,,,,,,,,,,,,,,,,,,
nanog1,5695,fell,2.66,1,116.601,20.5998,2.97869,4.20359,185.175,67.2487,16.202,7.96351,0.709873,20.6669,17.4211,4.9242,7.56942,2.36314,,,,,,,,,,,,,,,,,,,,,,,,,,,,,,,,,,,,,,,,,,,,,,,,,,,,,,,,,,,,,,,,,,,,,,,,,,,,,,,,,,,,,,,,,,,,,,,,,,,,,,,,,,,,,,
nanog1,5696,fell,2.24,1,68.8281,68.9336,1.16522,3.51907,157.843,37.8535,14.7941,8.1115,1.40438,14.5902,12.9414,3.60673,5.74129,1.02504,,,,,,,,,,,,,,,,,,,,,,,,,,,,,,,,,,,,,,,,,,,,,,,,,,,,,,,,,,,,,,,,,,,,,,,,,,,,,,,,,,,,,,,,,,,,,,,,,,,,,,,,,,,,,,
nanog1,5697,fell,1.88,1,76.6415,4.62527,2.85704,3.43417,81.7897,26.5249,12.2976,14.1699,6.50671,10.3911,6.99132,2.83384,4.79934,1.53659,,,,,,,,,,,,,,,,,,,,,,,,,,,,,,,,,,,,,,,,,,,,,,,,,,,,,,,,,,,,,,,,,,,,,,,,,,,,,,,,,,,,,,,,,,,,,,,,,,,,,,,,,,,,,,
nanog1,5698,fell,2.48,1,114.902,10.8459,1.40032,3.12081,236.931,73.8602,18.9201,39.5279,11.9306,19.8718,14.3284,3.98777,9.70414,7.36933,,,,,,,,,,,,,,,,,,,,,,,,,,,,,,,,,,,,,,,,,,,,,,,,,,,,,,,,,,,,,,,,,,,,,,,,,,,,,,,,,,,,,,,,,,,,,,,,,,,,,,,,,,,,,,
nanog1,5699,fell,2.56,1,129.791,118.248,0.951121,3.3936,193.283,34.2267,29.8469,11.618,0.825364,16.6222,12.236,4.41023,6.25736,1.03991,,,,,,,,,,,,,,,,,,,,,,,,,,,,,,,,,,,,,,,,,,,,,,,,,,,,,,,,,,,,,,,,,,,,,,,,,,,,,,,,,,,,,,,,,,,,,,,,,,,,,,,,,,,,,,
nanog1,5700,fell,1.9,1,40.9479,71.2513,1.17755,2.11178,152.154,42.3345,13.0745,9.92945,1.32419,16.6162,13.2855,3.83084,5.69396,1.03886,,,,,,,,,,,,,,,,,,,,,,,,,,,,,,,,,,,,,,,,,,,,,,,,,,,,,,,,,,,,,,,,,,,,,,,,,,,,,,,,,,,,,,,,,,,,,,,,,,,,,,,,,,,,,,
nanog1,5701,fell,1.34,1,65.9814,116.078,1.14959,3.01759,140.404,28.469,28.511,50.7026,5.56727,12.5575,9.13596,3.60697,11.0051,3.23784,,,,,,,,,,,,,,,,,,,,,,,,,,,,,,,,,,,,,,,,,,,,,,,,,,,,,,,,,,,,,,,,,,,,,,,,,,,,,,,,,,,,,,,,,,,,,,,,,,,,,,,,,,,,,,
nanog1,5702,fell,1.82,1,92.9025,116.946,1.56192,3.28977,80.1923,23.775,10.5762,11.495,0.964496,9.80127,8.02631,2.87821,4.75323,0.913343,,,,,,,,,,,,,,,,,,,,,,,,,,,,,,,,,,,,,,,,,,,,,,,,,,,,,,,,,,,,,,,,,,,,,,,,,,,,,,,,,,,,,,,,,,,,,,,,,,,,,,,,,,,,,,
nanog1,5703,fell,2.18,1,80.1161,56.3872,2.21288,3.81756,158.205,29.2488,21.2958,17.7187,1.20504,16.1231,13.6289,3.69548,6.60232,1.99018,,,,,,,,,,,,,,,,,,,,,,,,,,,,,,,,,,,,,,,,,,,,,,,,,,,,,,,,,,,,,,,,,,,,,,,,,,,,,,,,,,,,,,,,,,,,,,,,,,,,,,,,,,,,,,
nanog1,5704,fell,1.52,1,49.5871,80.1494,0.966015,3.43477,163.403,38.059,22.8213,9.9587,0.899333,17.7393,13.9239,4.15374,6.41369,2.09802,,,,,,,,,,,,,,,,,,,,,,,,,,,,,,,,,,,,,,,,,,,,,,,,,,,,,,,,,,,,,,,,,,,,,,,,,,,,,,,,,,,,,,,,,,,,,,,,,,,,,,,,,,,,,,
nanog1,5705,fell,1.48,1,127.468,140.746,2.14199,3.86128,126.424,22.6811,20.5959,42.3699,1.53501,12.6622,8.99859,3.51838,7.62198,1.27877,,,,,,,,,,,,,,,,,,,,,,,,,,,,,,,,,,,,,,,,,,,,,,,,,,,,,,,,,,,,,,,,,,,,,,,,,,,,,,,,,,,,,,,,,,,,,,,,,,,,,,,,,,,,,,
nanog1,5706,fell,1.7,1,60.9329,148.067,2.21348,3.98501,176.716,45.6607,51.4186,97.6996,21.1755,22.4188,12.7942,5.77822,15.3278,5.46096,,,,,,,,,,,,,,,,,,,,,,,,,,,,,,,,,,,,,,,,,,,,,,,,,,,,,,,,,,,,,,,,,,,,,,,,,,,,,,,,,,,,,,,,,,,,,,,,,,,,,,,,,,,,,,
nanog1,5707,fell,1.24,1,82.4743,0.534302,1.3803,3.29187,85.0385,35.5819,9.88293,20.709,37.7326,14.6343,9.55563,3.80064,9.71626,3.22653,,,,,,,,,,,,,,,,,,,,,,,,,,,,,,,,,,,,,,,,,,,,,,,,,,,,,,,,,,,,,,,,,,,,,,,,,,,,,,,,,,,,,,,,,,,,,,,,,,,,,,,,,,,,,,
nanog1,5708,fell,3.08,1,87.2469,72.4951,2.99916,4.2327,195.049,49.5597,25.7568,13.2099,0.432169,18.6209,14.3753,4.27647,5.4979,0.765766,,,,,,,,,,,,,,,,,,,,,,,,,,,,,,,,,,,,,,,,,,,,,,,,,,,,,,,,,,,,,,,,,,,,,,,,,,,,,,,,,,,,,,,,,,,,,,,,,,,,,,,,,,,,,,
nanog1,5709,fell,1.06,1,54.2812,5.0051,2.04708,3.70707,78.0189,26.8088,17.8419,28.2135,1.46655,8.34308,6.58195,2.75063,6.62464,2.07522,,,,,,,,,,,,,,,,,,,,,,,,,,,,,,,,,,,,,,,,,,,,,,,,,,,,,,,,,,,,,,,,,,,,,,,,,,,,,,,,,,,,,,,,,,,,,,,,,,,,,,,,,,,,,,
nanog1,5710,fell,1.34,1,124.676,33.3682,1.177,2.81986,99.7617,25.0874,18.7935,12.4543,1.77953,12.962,8.10951,3.1793,6.60066,3.00993,,,,,,,,,,,,,,,,,,,,,,,,,,,,,,,,,,,,,,,,,,,,,,,,,,,,,,,,,,,,,,,,,,,,,,,,,,,,,,,,,,,,,,,,,,,,,,,,,,,,,,,,,,,,,,
nanog1,5711,fell,2.08,1,47.7147,2.3437,1.94002,3.47156,104.304,40.2681,18.0765,34.5197,20.5931,14.0223,9.21161,3.24876,7.08973,4.9699,,,,,,,,,,,,,,,,,,,,,,,,,,,,,,,,,,,,,,,,,,,,,,,,,,,,,,,,,,,,,,,,,,,,,,,,,,,,,,,,,,,,,,,,,,,,,,,,,,,,,,,,,,,,,,
nanog1,5712,fell,2.2,1,100.952,51.4591,1.38809,3.25403,171.856,53.5,16.7017,13.5871,1.20483,18.9014,13.5976,4.26306,7.04116,1.42104,,,,,,,,,,,,,,,,,,,,,,,,,,,,,,,,,,,,,,,,,,,,,,,,,,,,,,,,,,,,,,,,,,,,,,,,,,,,,,,,,,,,,,,,,,,,,,,,,,,,,,,,,,,,,,
nanog1,5713,fell,1.56,1,49.7661,20.2753,1.10187,3.34816,196.999,43.5951,13.8641,14.2277,3.65796,24.3702,15.1828,5.77244,8.11129,2.40709,,,,,,,,,,,,,,,,,,,,,,,,,,,,,,,,,,,,,,,,,,,,,,,,,,,,,,,,,,,,,,,,,,,,,,,,,,,,,,,,,,,,,,,,,,,,,,,,,,,,,,,,,,,,,,
nanog1,5714,fell,2.02,1,89.6992,5.96938,1.16067,3.17842,200.191,66.574,14.0382,15.7365,1.47439,23.8563,15.1359,4.43349,8.43995,2.31293,,,,,,,,,,,,,,,,,,,,,,,,,,,,,,,,,,,,,,,,,,,,,,,,,,,,,,,,,,,,,,,,,,,,,,,,,,,,,,,,,,,,,,,,,,,,,,,,,,,,,,,,,,,,,,
nanog1,5715,fell,1.9,1,54.2897,5.82226,1.0319,2.59827,158.996,40.5075,22.4663,47.0006,22.2738,18.5667,11.1666,4.88694,8.08439,8.58342,,,,,,,,,,,,,,,,,,,,,,,,,,,,,,,,,,,,,,,,,,,,,,,,,,,,,,,,,,,,,,,,,,,,,,,,,,,,,,,,,,,,,,,,,,,,,,,,,,,,,,,,,,,,,,
nanog1,5716,fell,2,1,58.3513,145.63,2.51053,4.13192,111.333,36.4372,14.0921,6.94767,11.0746,15.4344,10.0521,3.08087,5.1227,2.83979,,,,,,,,,,,,,,,,,,,,,,,,,,,,,,,,,,,,,,,,,,,,,,,,,,,,,,,,,,,,,,,,,,,,,,,,,,,,,,,,,,,,,,,,,,,,,,,,,,,,,,,,,,,,,,
nanog1,5717,fell,3.24,1,129.711,16.1889,2.35418,4.00344,219.506,44.7859,19.1269,9.78065,0.775079,19.6471,12.7152,4.58882,6.66897,2.15345,,,,,,,,,,,,,,,,,,,,,,,,,,,,,,,,,,,,,,,,,,,,,,,,,,,,,,,,,,,,,,,,,,,,,,,,,,,,,,,,,,,,,,,,,,,,,,,,,,,,,,,,,,,,,,
nanog1,5718,fell,1.4,1,152.722,52.7083,1.91224,4.05041,118.512,30.302,26.3091,34.4701,3.81168,13.2847,8.84354,3.48266,8.20645,3.54634,,,,,,,,,,,,,,,,,,,,,,,,,,,,,,,,,,,,,,,,,,,,,,,,,,,,,,,,,,,,,,,,,,,,,,,,,,,,,,,,,,,,,,,,,,,,,,,,,,,,,,,,,,,,,,
nanog1,5719,fell,1.26,1,98.7701,46.9427,1.70561,3.84379,59.5184,29.3839,7.60498,22.8176,37.4295,9.36072,7.09006,2.53589,8.60362,4.7254,,,,,,,,,,,,,,,,,,,,,,,,,,,,,,,,,,,,,,,,,,,,,,,,,,,,,,,,,,,,,,,,,,,,,,,,,,,,,,,,,,,,,,,,,,,,,,,,,,,,,,,,,,,,,,
nanog1,5720,fell,1.58,1,115.188,125.55,2.35245,4.04566,163.373,36.2066,16.4494,12.3139,0.523369,16.9399,11.709,3.9608,6.8957,2.12306,,,,,,,,,,,,,,,,,,,,,,,,,,,,,,,,,,,,,,,,,,,,,,,,,,,,,,,,,,,,,,,,,,,,,,,,,,,,,,,,,,,,,,,,,,,,,,,,,,,,,,,,,,,,,,
nanog1,5721,fell,1.84,1,81.5242,133.824,2.73459,4.07874,93.4638,28.9258,17.6612,10.3272,0.441643,9.9787,5.98327,2.79765,4.66292,0.699895,,,,,,,,,,,,,,,,,,,,,,,,,,,,,,,,,,,,,,,,,,,,,,,,,,,,,,,,,,,,,,,,,,,,,,,,,,,,,,,,,,,,,,,,,,,,,,,,,,,,,,,,,,,,,,
nanog1,5722,fell,1.2,1,33.5474,160.58,0.870771,3.27428,82.8726,18.2433,9.02644,8.09484,0.928597,9.33917,7.27828,2.45973,3.9332,0.875443,,,,,,,,,,,,,,,,,,,,,,,,,,,,,,,,,,,,,,,,,,,,,,,,,,,,,,,,,,,,,,,,,,,,,,,,,,,,,,,,,,,,,,,,,,,,,,,,,,,,,,,,,,,,,,
nanog1,5723,fell,2.1,1,215.114,54.7041,1.10158,3.07775,116.891,35.2579,13.0801,25.7226,1.132,12.4798,8.80607,3.08599,7.15879,1.49463,,,,,,,,,,,,,,,,,,,,,,,,,,,,,,,,,,,,,,,,,,,,,,,,,,,,,,,,,,,,,,,,,,,,,,,,,,,,,,,,,,,,,,,,,,,,,,,,,,,,,,,,,,,,,,
nanog1,5724,fell,1.88,1,88.6317,30.8406,3.12187,3.65337,130.16,46.5215,12.9791,16.7904,0.856871,13.7973,11.4959,3.80288,7.44434,1.35896,,,,,,,,,,,,,,,,,,,,,,,,,,,,,,,,,,,,,,,,,,,,,,,,,,,,,,,,,,,,,,,,,,,,,,,,,,,,,,,,,,,,,,,,,,,,,,,,,,,,,,,,,,,,,,
nanog1,5725,fell,1.62,1,21.6452,93.8639,0.64576,3.23386,86.2401,28.2386,12.0457,9.50807,0.79695,11.32,8.006,2.96972,4.6037,0.744541,,,,,,,,,,,,,,,,,,,,,,,,,,,,,,,,,,,,,,,,,,,,,,,,,,,,,,,,,,,,,,,,,,,,,,,,,,,,,,,,,,,,,,,,,,,,,,,,,,,,,,,,,,,,,,
nanog1,5726,fell,1.56,1,52.361,1.94241,2.91632,3.96366,87.5975,30.1445,10.147,5.14082,0.408388,11.7876,9.92682,2.97334,3.95425,0.683467,,,,,,,,,,,,,,,,,,,,,,,,,,,,,,,,,,,,,,,,,,,,,,,,,,,,,,,,,,,,,,,,,,,,,,,,,,,,,,,,,,,,,,,,,,,,,,,,,,,,,,,,,,,,,,
nanog1,5727,fell,1.64,1,167.139,147.208,1.14398,3.24526,103.09,30.3668,8.2898,30.3223,2.35006,14.0375,7.86972,2.9804,10.4283,5.07743,,,,,,,,,,,,,,,,,,,,,,,,,,,,,,,,,,,,,,,,,,,,,,,,,,,,,,,,,,,,,,,,,,,,,,,,,,,,,,,,,,,,,,,,,,,,,,,,,,,,,,,,,,,,,,
nanog1,5728,fell,2.28,1,92.4132,70.8437,1.86133,3.46562,114.375,53.0289,15.518,9.10116,29.3905,13.7959,10.5649,3.19089,5.23682,3.66522,,,,,,,,,,,,,,,,,,,,,,,,,,,,,,,,,,,,,,,,,,,,,,,,,,,,,,,,,,,,,,,,,,,,,,,,,,,,,,,,,,,,,,,,,,,,,,,,,,,,,,,,,,,,,,
nanog1,5729,fell,1.62,1,85.0095,38.1554,0.909251,3.21793,100.609,27.2,18.4407,17.2459,2.29891,11.5063,7.59791,2.72155,7.13156,3.03318,,,,,,,,,,,,,,,,,,,,,,,,,,,,,,,,,,,,,,,,,,,,,,,,,,,,,,,,,,,,,,,,,,,,,,,,,,,,,,,,,,,,,,,,,,,,,,,,,,,,,,,,,,,,,,
nanog1,5730,fell,2.54,1,137.191,7.30568,0.844029,3.00413,181.902,41.2611,44.9028,74.1436,7.11143,17.7892,12.4602,4.81505,14.82,5.64838,,,,,,,,,,,,,,,,,,,,,,,,,,,,,,,,,,,,,,,,,,,,,,,,,,,,,,,,,,,,,,,,,,,,,,,,,,,,,,,,,,,,,,,,,,,,,,,,,,,,,,,,,,,,,,
nanog1,5731,fell,3.16,1,50.0045,24.1318,1.77481,3.34985,137.58,47.6514,26.6134,17.2324,9.75396,13.3733,11.6073,2.99012,5.25284,2.04048,,,,,,,,,,,,,,,,,,,,,,,,,,,,,,,,,,,,,,,,,,,,,,,,,,,,,,,,,,,,,,,,,,,,,,,,,,,,,,,,,,,,,,,,,,,,,,,,,,,,,,,,,,,,,,
nanog1,5732,fell,2.22,1,124.124,40.0787,2.03305,4.12582,184.485,54.4539,16.3308,12.626,8.28718,23.3579,14.5298,5.27623,8.86796,6.49023,,,,,,,,,,,,,,,,,,,,,,,,,,,,,,,,,,,,,,,,,,,,,,,,,,,,,,,,,,,,,,,,,,,,,,,,,,,,,,,,,,,,,,,,,,,,,,,,,,,,,,,,,,,,,,
nanog1,5733,fell,1.64,1,41.0599,82.5417,1.29974,3.59578,109.295,28.156,7.47186,6.46656,0.362001,13.1573,9.46975,3.00228,4.34575,0.597172,,,,,,,,,,,,,,,,,,,,,,,,,,,,,,,,,,,,,,,,,,,,,,,,,,,,,,,,,,,,,,,,,,,,,,,,,,,,,,,,,,,,,,,,,,,,,,,,,,,,,,,,,,,,,,
nanog1,5734,fell,1.02,1,86.281,174.253,2.2641,3.80552,54.1855,27.546,10.9061,11.5641,26.5684,7.79648,5.2265,2.40017,4.96992,4.15201,,,,,,,,,,,,,,,,,,,,,,,,,,,,,,,,,,,,,,,,,,,,,,,,,,,,,,,,,,,,,,,,,,,,,,,,,,,,,,,,,,,,,,,,,,,,,,,,,,,,,,,,,,,,,,
nanog1,5735,fell,1.92,1,95.3137,29.9913,2.16681,3.73292,106.553,46.666,10.4218,12.6106,5.05307,12.4848,9.56388,2.53626,4.63609,2.01725,,,,,,,,,,,,,,,,,,,,,,,,,,,,,,,,,,,,,,,,,,,,,,,,,,,,,,,,,,,,,,,,,,,,,,,,,,,,,,,,,,,,,,,,,,,,,,,,,,,,,,,,,,,,,,
nanog1,5736,fell,1.42,1,169.841,50.0972,3.18506,4.00689,126.408,36.6892,14.136,11.8581,0.634566,14.3383,10.7113,3.65358,6.45289,1.02081,,,,,,,,,,,,,,,,,,,,,,,,,,,,,,,,,,,,,,,,,,,,,,,,,,,,,,,,,,,,,,,,,,,,,,,,,,,,,,,,,,,,,,,,,,,,,,,,,,,,,,,,,,,,,,
nanog1,5737,fell,1.4,1,36.8773,51.8345,1.27929,3.46503,87.861,33.9089,15.3864,29.5153,0.478614,10.8907,7.41126,2.84612,5.28642,0.729546,,,,,,,,,,,,,,,,,,,,,,,,,,,,,,,,,,,,,,,,,,,,,,,,,,,,,,,,,,,,,,,,,,,,,,,,,,,,,,,,,,,,,,,,,,,,,,,,,,,,,,,,,,,,,,
nanog1,5738,fell,1.78,1,125.971,28.6318,2.02239,3.43263,118.336,34.4382,6.95031,43.5557,4.40973,12.6489,8.93829,3.03224,11.5758,3.16803,,,,,,,,,,,,,,,,,,,,,,,,,,,,,,,,,,,,,,,,,,,,,,,,,,,,,,,,,,,,,,,,,,,,,,,,,,,,,,,,,,,,,,,,,,,,,,,,,,,,,,,,,,,,,,
nanog1,5739,fell,1.04,1,51.4972,55.1043,1.08052,2.83766,62.0356,24.7032,11.3275,37.8488,16.2133,7.27043,5.34861,2.11113,6.31285,6.40371,,,,,,,,,,,,,,,,,,,,,,,,,,,,,,,,,,,,,,,,,,,,,,,,,,,,,,,,,,,,,,,,,,,,,,,,,,,,,,,,,,,,,,,,,,,,,,,,,,,,,,,,,,,,,,
nanog1,5740,fell,2.46,1,41.3882,85.471,1.61408,3.62456,179.669,42.9977,18.2392,19.9792,42.4853,19.4671,12.3455,4.1715,8.38614,3.72377,,,,,,,,,,,,,,,,,,,,,,,,,,,,,,,,,,,,,,,,,,,,,,,,,,,,,,,,,,,,,,,,,,,,,,,,,,,,,,,,,,,,,,,,,,,,,,,,,,,,,,,,,,,,,,
nanog1,5741,fell,1.84,1,43.5967,1.95479,1.74622,3.20036,81.285,31.8027,6.99158,41.4172,79.0245,10.7636,7.4396,2.76049,8.42476,7.24675,,,,,,,,,,,,,,,,,,,,,,,,,,,,,,,,,,,,,,,,,,,,,,,,,,,,,,,,,,,,,,,,,,,,,,,,,,,,,,,,,,,,,,,,,,,,,,,,,,,,,,,,,,,,,,
nanog1,5742,fell,1.32,1,118.605,89.8536,2.96117,4.11269,105.556,31.3867,11.4502,20.6595,15.743,12.6624,9.62679,3.10298,8.34755,4.73947,,,,,,,,,,,,,,,,,,,,,,,,,,,,,,,,,,,,,,,,,,,,,,,,,,,,,,,,,,,,,,,,,,,,,,,,,,,,,,,,,,,,,,,,,,,,,,,,,,,,,,,,,,,,,,
nanog1,5743,fell,1.72,1,98.025,51.1031,1.23655,2.69558,124.461,36.011,18.314,25.7457,27.649,12.3585,10.2443,3.4839,8.02095,4.03333,,,,,,,,,,,,,,,,,,,,,,,,,,,,,,,,,,,,,,,,,,,,,,,,,,,,,,,,,,,,,,,,,,,,,,,,,,,,,,,,,,,,,,,,,,,,,,,,,,,,,,,,,,,,,,
nanog1,5744,fell,1.52,1,66.3876,5.67795,2.8475,4.10845,85.4075,34.6737,8.02162,3.37571,0.542176,8.77102,8.1399,2.00232,2.79783,0.455347,,,,,,,,,,,,,,,,,,,,,,,,,,,,,,,,,,,,,,,,,,,,,,,,,,,,,,,,,,,,,,,,,,,,,,,,,,,,,,,,,,,,,,,,,,,,,,,,,,,,,,,,,,,,,,
nanog1,5745,fell,1.98,1,136.839,54.9736,2.91376,4.38915,153.985,35.0068,23.129,18.094,0.567693,16.0452,12.2189,3.80374,9.8635,2.14112,,,,,,,,,,,,,,,,,,,,,,,,,,,,,,,,,,,,,,,,,,,,,,,,,,,,,,,,,,,,,,,,,,,,,,,,,,,,,,,,,,,,,,,,,,,,,,,,,,,,,,,,,,,,,,
nanog1,5746,fell,1.96,1,92.0799,22.4401,1.93155,3.6301,110.968,40.265,11.9201,14.8352,45.4478,12.2177,9.97352,2.83828,6.29513,4.93858,,,,,,,,,,,,,,,,,,,,,,,,,,,,,,,,,,,,,,,,,,,,,,,,,,,,,,,,,,,,,,,,,,,,,,,,,,,,,,,,,,,,,,,,,,,,,,,,,,,,,,,,,,,,,,
nanog1,5747,fell,1.9,1,77.7634,12.9723,2.62617,4.10999,106.225,35.6218,11.9459,18.3527,2.15754,13.4126,10.0459,2.66908,6.59745,2.06149,,,,,,,,,,,,,,,,,,,,,,,,,,,,,,,,,,,,,,,,,,,,,,,,,,,,,,,,,,,,,,,,,,,,,,,,,,,,,,,,,,,,,,,,,,,,,,,,,,,,,,,,,,,,,,
nanog1,5748,fell,2.58,1,103.73,76.3326,2.88161,4.05977,131.487,39.1929,22.9915,7.65126,0.743692,13.1435,9.86251,3.27378,4.32352,0.921766,,,,,,,,,,,,,,,,,,,,,,,,,,,,,,,,,,,,,,,,,,,,,,,,,,,,,,,,,,,,,,,,,,,,,,,,,,,,,,,,,,,,,,,,,,,,,,,,,,,,,,,,,,,,,,
nanog1,5749,fell,1.16,1,55.288,125.028,1.55736,3.75914,107.288,21.442,13.1713,6.60709,0.452881,12.1695,8.43085,3.16812,4.09136,0.583608,,,,,,,,,,,,,,,,,,,,,,,,,,,,,,,,,,,,,,,,,,,,,,,,,,,,,,,,,,,,,,,,,,,,,,,,,,,,,,,,,,,,,,,,,,,,,,,,,,,,,,,,,,,,,,
nanog1,5750,fell,1.9,1,19.6296,6.02943,2.02692,3.9303,66.7584,25.3084,12.4855,22.9958,13.9082,8.46983,6.12591,2.38659,5.39352,2.55909,,,,,,,,,,,,,,,,,,,,,,,,,,,,,,,,,,,,,,,,,,,,,,,,,,,,,,,,,,,,,,,,,,,,,,,,,,,,,,,,,,,,,,,,,,,,,,,,,,,,,,,,,,,,,,
nanog1,5751,fell,1,1,32.3172,27.4312,0.949894,3.34157,89.3017,21.7377,10.5343,9.91247,0.821751,11.3559,7.93072,2.82884,5.8029,2.40877,,,,,,,,,,,,,,,,,,,,,,,,,,,,,,,,,,,,,,,,,,,,,,,,,,,,,,,,,,,,,,,,,,,,,,,,,,,,,,,,,,,,,,,,,,,,,,,,,,,,,,,,,,,,,,
nanog1,5752,fell,1.02,1,77.3074,134.089,2.01385,3.67319,73.1307,30.5686,18.7238,21.9345,57.7571,11.2192,7.48446,3.55386,9.24036,4.81967,,,,,,,,,,,,,,,,,,,,,,,,,,,,,,,,,,,,,,,,,,,,,,,,,,,,,,,,,,,,,,,,,,,,,,,,,,,,,,,,,,,,,,,,,,,,,,,,,,,,,,,,,,,,,,
nanog1,5753,fell,1.36,1,66.1568,153.721,1.76701,3.86622,48.3719,27.6915,7.68188,37.7091,44.2012,7.94955,6.35357,2.10977,10.1814,6.61843,,,,,,,,,,,,,,,,,,,,,,,,,,,,,,,,,,,,,,,,,,,,,,,,,,,,,,,,,,,,,,,,,,,,,,,,,,,,,,,,,,,,,,,,,,,,,,,,,,,,,,,,,,,,,,
nanog1,5754,fell,1.46,1,63.6335,79.4831,0.903528,2.33664,120.669,41.1904,14.2432,53.1177,10.3612,15.9927,10.658,4.01336,14.1645,7.12709,,,,,,,,,,,,,,,,,,,,,,,,,,,,,,,,,,,,,,,,,,,,,,,,,,,,,,,,,,,,,,,,,,,,,,,,,,,,,,,,,,,,,,,,,,,,,,,,,,,,,,,,,,,,,,
nanog1,5755,fell,1.32,1,96.1228,64.6398,2.8475,4.48202,98.3644,25.4456,12.2169,3.13821,0.706398,11.3463,9.15704,2.99142,3.24033,0.568715,,,,,,,,,,,,,,,,,,,,,,,,,,,,,,,,,,,,,,,,,,,,,,,,,,,,,,,,,,,,,,,,,,,,,,,,,,,,,,,,,,,,,,,,,,,,,,,,,,,,,,,,,,,,,,
nanog1,5756,fell,1.62,1,123.452,100.394,1.09047,3.39634,100.881,29.176,14.5137,47.8603,2.31214,12.5081,9.58037,3.41068,8.17091,2.87007,,,,,,,,,,,,,,,,,,,,,,,,,,,,,,,,,,,,,,,,,,,,,,,,,,,,,,,,,,,,,,,,,,,,,,,,,,,,,,,,,,,,,,,,,,,,,,,,,,,,,,,,,,,,,,
nanog1,5757,fell,2.76,1,58.44,22.599,2.8719,3.91125,203.644,48.4764,19.4424,11.8809,0.840308,23.9799,16.1577,4.82509,6.74895,0.968525,,,,,,,,,,,,,,,,,,,,,,,,,,,,,,,,,,,,,,,,,,,,,,,,,,,,,,,,,,,,,,,,,,,,,,,,,,,,,,,,,,,,,,,,,,,,,,,,,,,,,,,,,,,,,,
nanog1,5758,fell,1.72,1,66.6397,11.3213,2.12157,4.21669,70.2735,24.2874,8.15331,7.38904,6.1017,10.0979,7.38293,2.26484,5.0505,4.39351,,,,,,,,,,,,,,,,,,,,,,,,,,,,,,,,,,,,,,,,,,,,,,,,,,,,,,,,,,,,,,,,,,,,,,,,,,,,,,,,,,,,,,,,,,,,,,,,,,,,,,,,,,,,,,
nanog1,5759,fell,1.26,1,85.1137,163.113,1.30204,3.15825,71.4441,31.0374,18.4936,50.1122,2.17416,9.58345,5.18382,2.59255,10.0393,3.86932,,,,,,,,,,,,,,,,,,,,,,,,,,,,,,,,,,,,,,,,,,,,,,,,,,,,,,,,,,,,,,,,,,,,,,,,,,,,,,,,,,,,,,,,,,,,,,,,,,,,,,,,,,,,,,
nanog1,5760,fell,1.4,1,36.3467,30.6299,0.780592,3.21656,77.7024,31.1381,12.9916,16.7768,2.64301,9.57844,8.10368,2.80339,7.80424,2.79965,,,,,,,,,,,,,,,,,,,,,,,,,,,,,,,,,,,,,,,,,,,,,,,,,,,,,,,,,,,,,,,,,,,,,,,,,,,,,,,,,,,,,,,,,,,,,,,,,,,,,,,,,,,,,,
nanog1,5761,fell,1.58,1,57.2687,19.7814,2.24089,3.3282,55.1677,30.7303,6.67255,39.2767,13.1458,11.2843,6.9746,3.15038,8.11091,3.53454,,,,,,,,,,,,,,,,,,,,,,,,,,,,,,,,,,,,,,,,,,,,,,,,,,,,,,,,,,,,,,,,,,,,,,,,,,,,,,,,,,,,,,,,,,,,,,,,,,,,,,,,,,,,,,
nanog1,5762,fell,1.98,1,114.572,0.81166,2.5214,4.00135,71.3743,28.3274,17.9403,8.4962,11.7577,9.13476,7.06697,2.13461,4.80872,1.53568,,,,,,,,,,,,,,,,,,,,,,,,,,,,,,,,,,,,,,,,,,,,,,,,,,,,,,,,,,,,,,,,,,,,,,,,,,,,,,,,,,,,,,,,,,,,,,,,,,,,,,,,,,,,,,
nanog1,5763,fell,3.74,1,77.614,37.1136,0.698357,3.29503,284.933,63.767,46.2741,27.7747,2.09783,27.0945,19.6053,6.38662,11.1529,2.08304,,,,,,,,,,,,,,,,,,,,,,,,,,,,,,,,,,,,,,,,,,,,,,,,,,,,,,,,,,,,,,,,,,,,,,,,,,,,,,,,,,,,,,,,,,,,,,,,,,,,,,,,,,,,,,
nanog1,5764,fell,2.2,1,17.9132,12.1249,1.67355,2.55864,114.278,37.0515,11.188,30.8027,19.9745,13.0551,10.2874,3.59759,6.82263,2.12251,,,,,,,,,,,,,,,,,,,,,,,,,,,,,,,,,,,,,,,,,,,,,,,,,,,,,,,,,,,,,,,,,,,,,,,,,,,,,,,,,,,,,,,,,,,,,,,,,,,,,,,,,,,,,,
nanog1,5765,fell,4.24,1,117.119,49.019,1.03753,2.83557,271.003,76.6773,33.7637,46.9132,23.4736,27.6628,19.756,6.25377,12.1953,5.10454,,,,,,,,,,,,,,,,,,,,,,,,,,,,,,,,,,,,,,,,,,,,,,,,,,,,,,,,,,,,,,,,,,,,,,,,,,,,,,,,,,,,,,,,,,,,,,,,,,,,,,,,,,,,,,
nanog1,5766,fell,2.18,1,31.6381,54.4622,2.88942,4.23003,147.006,37.283,20.0321,8.12788,0.389936,14.6678,10.2083,3.31347,5.19668,1.67597,,,,,,,,,,,,,,,,,,,,,,,,,,,,,,,,,,,,,,,,,,,,,,,,,,,,,,,,,,,,,,,,,,,,,,,,,,,,,,,,,,,,,,,,,,,,,,,,,,,,,,,,,,,,,,
nanog1,5767,fell,2.28,1,42.2813,143.994,0.960976,2.55527,128.352,42.8406,19.0014,24.1386,0.677744,13.4164,10.8864,3.71195,7.28142,0.702733,,,,,,,,,,,,,,,,,,,,,,,,,,,,,,,,,,,,,,,,,,,,,,,,,,,,,,,,,,,,,,,,,,,,,,,,,,,,,,,,,,,,,,,,,,,,,,,,,,,,,,,,,,,,,,
nanog1,5768,fell,2.18,1,28.5474,22.8871,1.27916,2.915,106.884,35.5446,17.1047,17.7841,9.71668,14.3801,9.3996,3.3112,7.86841,3.43107,,,,,,,,,,,,,,,,,,,,,,,,,,,,,,,,,,,,,,,,,,,,,,,,,,,,,,,,,,,,,,,,,,,,,,,,,,,,,,,,,,,,,,,,,,,,,,,,,,,,,,,,,,,,,,
nanog1,5769,fell,2.26,1,55.2383,29.9537,1.23901,2.24883,155.794,38.3321,23.8687,24.4889,2.47053,13.9702,11.1875,3.58128,9.08105,2.70672,,,,,,,,,,,,,,,,,,,,,,,,,,,,,,,,,,,,,,,,,,,,,,,,,,,,,,,,,,,,,,,,,,,,,,,,,,,,,,,,,,,,,,,,,,,,,,,,,,,,,,,,,,,,,,
nanog1,5770,fell,1.52,1,134.062,167.133,2.99492,3.97638,84.7028,27.7692,17.5779,56.2554,1.03907,11.2828,8.57908,2.99918,6.32938,1.48799,,,,,,,,,,,,,,,,,,,,,,,,,,,,,,,,,,,,,,,,,,,,,,,,,,,,,,,,,,,,,,,,,,,,,,,,,,,,,,,,,,,,,,,,,,,,,,,,,,,,,,,,,,,,,,
nanog1,5771,fell,2.16,1,57.1604,13.3718,0.974039,2.56044,149.47,37.0264,26.1714,51.1001,3.02026,18.3817,12.7815,4.7621,13.3678,4.60364,,,,,,,,,,,,,,,,,,,,,,,,,,,,,,,,,,,,,,,,,,,,,,,,,,,,,,,,,,,,,,,,,,,,,,,,,,,,,,,,,,,,,,,,,,,,,,,,,,,,,,,,,,,,,,
nanog1,5772,fell,1.58,1,22.0876,31.3475,1.53396,3.1658,69.8291,38.505,9.39056,23.9434,31.5344,10.0292,7.78031,2.56224,6.75553,4.87081,,,,,,,,,,,,,,,,,,,,,,,,,,,,,,,,,,,,,,,,,,,,,,,,,,,,,,,,,,,,,,,,,,,,,,,,,,,,,,,,,,,,,,,,,,,,,,,,,,,,,,,,,,,,,,
nanog1,5773,fell,1.94,1,59.8098,2.83706,1.20962,3.16023,110.922,43.6719,11.171,24.7723,1.21681,12.2177,8.97817,2.72373,7.02509,1.35104,,,,,,,,,,,,,,,,,,,,,,,,,,,,,,,,,,,,,,,,,,,,,,,,,,,,,,,,,,,,,,,,,,,,,,,,,,,,,,,,,,,,,,,,,,,,,,,,,,,,,,,,,,,,,,
nanog1,5774,fell,2.12,1,55.167,83.2075,3.04101,4.07832,155.544,42.1166,13.8566,7.25218,0.340155,18.0882,11.238,3.74381,4.89577,0.603244,,,,,,,,,,,,,,,,,,,,,,,,,,,,,,,,,,,,,,,,,,,,,,,,,,,,,,,,,,,,,,,,,,,,,,,,,,,,,,,,,,,,,,,,,,,,,,,,,,,,,,,,,,,,,,
nanog1,5775,fell,1.6,1,62.3244,58.3789,1.31828,3.3189,91.9675,40.1341,13.3477,7.36574,1.05203,11.2181,9.21729,2.66764,5.47554,1.98827,,,,,,,,,,,,,,,,,,,,,,,,,,,,,,,,,,,,,,,,,,,,,,,,,,,,,,,,,,,,,,,,,,,,,,,,,,,,,,,,,,,,,,,,,,,,,,,,,,,,,,,,,,,,,,
nanog1,5776,fell,2.38,1,71.4572,103.108,2.93343,4.1176,156.457,42.584,25.8193,9.72976,0.876043,15.3769,12.1294,3.36286,4.81337,1.29094,,,,,,,,,,,,,,,,,,,,,,,,,,,,,,,,,,,,,,,,,,,,,,,,,,,,,,,,,,,,,,,,,,,,,,,,,,,,,,,,,,,,,,,,,,,,,,,,,,,,,,,,,,,,,,
nanog1,5777,fell,2.92,1,80.8266,69.1992,2.03993,3.71309,186.409,45.2917,40.4035,14.7443,0.811465,24.1275,17.3248,5.48739,9.54413,1.63863,,,,,,,,,,,,,,,,,,,,,,,,,,,,,,,,,,,,,,,,,,,,,,,,,,,,,,,,,,,,,,,,,,,,,,,,,,,,,,,,,,,,,,,,,,,,,,,,,,,,,,,,,,,,,,
nanog1,5778,fell,2.3,1,83.2823,50.5036,2.21268,2.28121,151.748,53.0268,20.743,13.9192,4.94451,15.5124,14.0653,3.78225,6.15698,1.65143,,,,,,,,,,,,,,,,,,,,,,,,,,,,,,,,,,,,,,,,,,,,,,,,,,,,,,,,,,,,,,,,,,,,,,,,,,,,,,,,,,,,,,,,,,,,,,,,,,,,,,,,,,,,,,
nanog1,5779,fell,2.4,1,100.611,0.382282,1.28567,3.56378,112.113,27.1886,13.2876,10.1516,0.542689,13.1882,8.26327,3.32312,4.59908,0.616224,,,,,,,,,,,,,,,,,,,,,,,,,,,,,,,,,,,,,,,,,,,,,,,,,,,,,,,,,,,,,,,,,,,,,,,,,,,,,,,,,,,,,,,,,,,,,,,,,,,,,,,,,,,,,,
nanog1,5780,fell,1.86,1,63.0304,86.1214,1.73859,3.15796,108.852,44.7662,15.7717,23.3653,8.99333,11.7915,10.1475,2.96899,6.8503,4.37373,,,,,,,,,,,,,,,,,,,,,,,,,,,,,,,,,,,,,,,,,,,,,,,,,,,,,,,,,,,,,,,,,,,,,,,,,,,,,,,,,,,,,,,,,,,,,,,,,,,,,,,,,,,,,,
nanog1,5781,fell,1.02,1,68.2785,131.072,2.01964,3.72637,78.2117,18.0161,10.2975,6.22459,0.953137,10.3463,7.735,2.71815,4.44863,0.947566,,,,,,,,,,,,,,,,,,,,,,,,,,,,,,,,,,,,,,,,,,,,,,,,,,,,,,,,,,,,,,,,,,,,,,,,,,,,,,,,,,,,,,,,,,,,,,,,,,,,,,,,,,,,,,
nanog1,5782,fell,1.68,1,77.9478,0.141387,2.51831,4.16224,62.5662,28.7749,12.8284,6.83745,18.0162,9.02957,7.9385,2.30683,3.87179,3.275,,,,,,,,,,,,,,,,,,,,,,,,,,,,,,,,,,,,,,,,,,,,,,,,,,,,,,,,,,,,,,,,,,,,,,,,,,,,,,,,,,,,,,,,,,,,,,,,,,,,,,,,,,,,,,
nanog1,5783,fell,1.36,1,34.6403,72.5118,1.59676,3.61159,82.0215,34.0824,10.4109,19.1646,11.0529,10.6973,7.3933,2.54312,6.05701,3.3484,,,,,,,,,,,,,,,,,,,,,,,,,,,,,,,,,,,,,,,,,,,,,,,,,,,,,,,,,,,,,,,,,,,,,,,,,,,,,,,,,,,,,,,,,,,,,,,,,,,,,,,,,,,,,,
nanog1,5784,fell,3.2,1,105.159,14.4685,2.80622,4.04226,201.055,50.4185,24.7913,14.4082,0.999939,20.6633,14.9921,4.27509,5.41991,0.742181,,,,,,,,,,,,,,,,,,,,,,,,,,,,,,,,,,,,,,,,,,,,,,,,,,,,,,,,,,,,,,,,,,,,,,,,,,,,,,,,,,,,,,,,,,,,,,,,,,,,,,,,,,,,,,
nanog1,5785,fell,1.24,1,63.6019,151.004,1.3112,3.26041,124.91,24.7696,9.16961,40.9609,4.19298,16.514,8.5949,3.62295,9.80422,4.77427,,,,,,,,,,,,,,,,,,,,,,,,,,,,,,,,,,,,,,,,,,,,,,,,,,,,,,,,,,,,,,,,,,,,,,,,,,,,,,,,,,,,,,,,,,,,,,,,,,,,,,,,,,,,,,
nanog1,5786,fell,1.7,1,67.2057,10.7545,1.97153,3.64559,89.9074,34.1276,7.30143,12.9374,56.527,12.7756,8.97794,3.11198,7.65994,6.18683,,,,,,,,,,,,,,,,,,,,,,,,,,,,,,,,,,,,,,,,,,,,,,,,,,,,,,,,,,,,,,,,,,,,,,,,,,,,,,,,,,,,,,,,,,,,,,,,,,,,,,,,,,,,,,
nanog1,5787,fell,1.14,1,49.6061,144.456,1.85478,2.55601,90.5788,17.3879,11.7016,11.1635,0.678519,10.7167,8.49095,2.75438,7.10694,1.75075,,,,,,,,,,,,,,,,,,,,,,,,,,,,,,,,,,,,,,,,,,,,,,,,,,,,,,,,,,,,,,,,,,,,,,,,,,,,,,,,,,,,,,,,,,,,,,,,,,,,,,,,,,,,,,
nanog1,5788,fell,2.88,1,115.6,145.295,2.19227,3.57726,189.947,56.8656,22.1814,37.929,21.4357,24.3202,17.7779,5.29345,10.4075,4.5543,,,,,,,,,,,,,,,,,,,,,,,,,,,,,,,,,,,,,,,,,,,,,,,,,,,,,,,,,,,,,,,,,,,,,,,,,,,,,,,,,,,,,,,,,,,,,,,,,,,,,,,,,,,,,,
nanog1,5789,fell,2.84,1,86.5673,15.2501,1.06537,2.98272,191.322,61.5339,23.958,34.1464,15.5117,20.6889,13.5497,4.40326,9.0009,4.96112,,,,,,,,,,,,,,,,,,,,,,,,,,,,,,,,,,,,,,,,,,,,,,,,,,,,,,,,,,,,,,,,,,,,,,,,,,,,,,,,,,,,,,,,,,,,,,,,,,,,,,,,,,,,,,
nanog1,5790,fell,1.6,1,201,23.2048,2.90424,4.06049,138.045,33.8357,16.1478,31.591,22.3459,15.614,11.3867,4.41529,10.0598,8.46869,,,,,,,,,,,,,,,,,,,,,,,,,,,,,,,,,,,,,,,,,,,,,,,,,,,,,,,,,,,,,,,,,,,,,,,,,,,,,,,,,,,,,,,,,,,,,,,,,,,,,,,,,,,,,,
nanog1,5791,fell,1.2,1,51.6789,13.4783,2.66171,2.79686,70.4569,20.7272,13.203,32.5272,6.83733,8.21943,6.48966,2.32761,10.1483,3.83277,,,,,,,,,,,,,,,,,,,,,,,,,,,,,,,,,,,,,,,,,,,,,,,,,,,,,,,,,,,,,,,,,,,,,,,,,,,,,,,,,,,,,,,,,,,,,,,,,,,,,,,,,,,,,,
nanog1,5792,fell,1.6,1,175.325,47.4108,2.71784,4.11062,102.168,26.9591,28.5345,11.0352,0.651841,10.9892,9.55514,2.93462,4.46672,0.59399,,,,,,,,,,,,,,,,,,,,,,,,,,,,,,,,,,,,,,,,,,,,,,,,,,,,,,,,,,,,,,,,,,,,,,,,,,,,,,,,,,,,,,,,,,,,,,,,,,,,,,,,,,,,,,
nanog1,5793,fell,1.94,1,46.199,82.287,1.34255,3.44164,136.786,38.8572,12.6435,22.8548,17.2993,15.9777,10.2483,3.32471,7.11655,4.63748,,,,,,,,,,,,,,,,,,,,,,,,,,,,,,,,,,,,,,,,,,,,,,,,,,,,,,,,,,,,,,,,,,,,,,,,,,,,,,,,,,,,,,,,,,,,,,,,,,,,,,,,,,,,,,
nanog1,5794,fell,1.18,1,72.6165,124.747,1.10972,2.97445,62.2362,27.5604,16.5178,27.5319,3.11194,8.2307,6.95248,2.69106,7.87861,4.24529,,,,,,,,,,,,,,,,,,,,,,,,,,,,,,,,,,,,,,,,,,,,,,,,,,,,,,,,,,,,,,,,,,,,,,,,,,,,,,,,,,,,,,,,,,,,,,,,,,,,,,,,,,,,,,
nanog1,5795,fell,1.8,1,103.94,39.7022,1.25184,3.07917,90.1159,33.8597,19.457,34.0749,0.98902,9.4052,7.66376,3.15037,8.49307,3.0912,,,,,,,,,,,,,,,,,,,,,,,,,,,,,,,,,,,,,,,,,,,,,,,,,,,,,,,,,,,,,,,,,,,,,,,,,,,,,,,,,,,,,,,,,,,,,,,,,,,,,,,,,,,,,,
nanog1,5796,fell,2.2,1,133.114,2.37168,1.91935,3.61966,90.4559,41.6656,8.72025,24.509,2.12727,10.4138,8.10526,2.37912,7.49339,1.48142,,,,,,,,,,,,,,,,,,,,,,,,,,,,,,,,,,,,,,,,,,,,,,,,,,,,,,,,,,,,,,,,,,,,,,,,,,,,,,,,,,,,,,,,,,,,,,,,,,,,,,,,,,,,,,
nanog1,5797,fell,1.22,1,21.0614,21.5305,1.45986,3.27782,88.4796,29.6175,23.1962,31.2709,1.70064,13.9501,7.40518,3.99535,7.64227,3.11391,,,,,,,,,,,,,,,,,,,,,,,,,,,,,,,,,,,,,,,,,,,,,,,,,,,,,,,,,,,,,,,,,,,,,,,,,,,,,,,,,,,,,,,,,,,,,,,,,,,,,,,,,,,,,,
nanog1,5798,fell,3.04,1,80.6693,63.5006,1.37409,3.16764,174.46,53.2696,25.8212,16.6868,5.61906,17.6792,13.3641,4.48472,6.97399,2.00749,,,,,,,,,,,,,,,,,,,,,,,,,,,,,,,,,,,,,,,,,,,,,,,,,,,,,,,,,,,,,,,,,,,,,,,,,,,,,,,,,,,,,,,,,,,,,,,,,,,,,,,,,,,,,,
nanog1,5799,fell,2.32,1,56.2784,28.543,3.06172,4.41966,150.878,41.1558,18.2028,18.7166,1.12912,15.4685,12.1069,3.7986,6.16043,1.0864,,,,,,,,,,,,,,,,,,,,,,,,,,,,,,,,,,,,,,,,,,,,,,,,,,,,,,,,,,,,,,,,,,,,,,,,,,,,,,,,,,,,,,,,,,,,,,,,,,,,,,,,,,,,,,
nanog1,5800,fell,1,1,48.1775,32.7281,1.6486,3.14911,78.0038,21.0566,14.175,54.1843,3.70901,8.56612,6.97049,2.55906,7.20453,3.09859,,,,,,,,,,,,,,,,,,,,,,,,,,,,,,,,,,,,,,,,,,,,,,,,,,,,,,,,,,,,,,,,,,,,,,,,,,,,,,,,,,,,,,,,,,,,,,,,,,,,,,,,,,,,,,
nanog1,5801,fell,2.26,1,112.2,21.6944,2.78567,3.96697,130.287,30.1265,22.4918,21.8036,1.58528,12.2584,9.20074,3.24961,6.17772,3.3181,,,,,,,,,,,,,,,,,,,,,,,,,,,,,,,,,,,,,,,,,,,,,,,,,,,,,,,,,,,,,,,,,,,,,,,,,,,,,,,,,,,,,,,,,,,,,,,,,,,,,,,,,,,,,,
nanog1,5802,fell,3.4,1,98.4441,59.3628,2.93473,4.18242,207.638,51.7107,22.9584,10.7087,1.24564,19.4204,16.064,4.33556,6.24612,0.981876,,,,,,,,,,,,,,,,,,,,,,,,,,,,,,,,,,,,,,,,,,,,,,,,,,,,,,,,,,,,,,,,,,,,,,,,,,,,,,,,,,,,,,,,,,,,,,,,,,,,,,,,,,,,,,
nanog1,5803,fell,1.66,1,59.027,168.517,3.01965,3.65639,102.796,22.7686,11.2523,9.40445,0.375627,11.9799,9.68407,2.98437,4.02977,0.607442,,,,,,,,,,,,,,,,,,,,,,,,,,,,,,,,,,,,,,,,,,,,,,,,,,,,,,,,,,,,,,,,,,,,,,,,,,,,,,,,,,,,,,,,,,,,,,,,,,,,,,,,,,,,,,
nanog1,5804,fell,2.2,1,46.9574,33.909,1.52949,3.47343,110.917,32.3025,16.6271,21.139,24.5616,15.6244,8.62292,3.93607,8.52325,4.41002,,,,,,,,,,,,,,,,,,,,,,,,,,,,,,,,,,,,,,,,,,,,,,,,,,,,,,,,,,,,,,,,,,,,,,,,,,,,,,,,,,,,,,,,,,,,,,,,,,,,,,,,,,,,,,
nanog1,5805,fell,1.72,1,94.7775,118.873,3.01458,4.2442,135.926,44.9735,8.86993,3.39004,0.731307,13.8137,12.0415,3.3147,3.79495,0.648536,,,,,,,,,,,,,,,,,,,,,,,,,,,,,,,,,,,,,,,,,,,,,,,,,,,,,,,,,,,,,,,,,,,,,,,,,,,,,,,,,,,,,,,,,,,,,,,,,,,,,,,,,,,,,,
nanog1,5806,fell,1.5,1,160.364,6.12758,2.91336,4.08375,105.296,28.2703,23.7211,21.844,2.19253,11.6669,8.67158,2.9541,9.72331,3.1274,,,,,,,,,,,,,,,,,,,,,,,,,,,,,,,,,,,,,,,,,,,,,,,,,,,,,,,,,,,,,,,,,,,,,,,,,,,,,,,,,,,,,,,,,,,,,,,,,,,,,,,,,,,,,,
nanog1,5807,fell,0.98,1,99.1647,72.2178,0.998926,3.02004,99.0676,23.4135,7.91888,50.1394,24.1525,14.4304,8.77384,3.06797,10.9515,3.25045,,,,,,,,,,,,,,,,,,,,,,,,,,,,,,,,,,,,,,,,,,,,,,,,,,,,,,,,,,,,,,,,,,,,,,,,,,,,,,,,,,,,,,,,,,,,,,,,,,,,,,,,,,,,,,
nanog1,5808,fell,1.64,1,25.9733,61.5073,0.77981,2.93706,68.3951,29.7082,11.9572,10.1511,1.71339,7.77137,6.25304,2.24798,3.72072,0.895828,,,,,,,,,,,,,,,,,,,,,,,,,,,,,,,,,,,,,,,,,,,,,,,,,,,,,,,,,,,,,,,,,,,,,,,,,,,,,,,,,,,,,,,,,,,,,,,,,,,,,,,,,,,,,,
nanog1,5809,fell,2.98,1,84.1662,21.719,2.79009,4.21602,185.41,47.6491,29.5138,13.0126,0.577256,19.2067,15.154,4.02437,5.37537,0.803583,,,,,,,,,,,,,,,,,,,,,,,,,,,,,,,,,,,,,,,,,,,,,,,,,,,,,,,,,,,,,,,,,,,,,,,,,,,,,,,,,,,,,,,,,,,,,,,,,,,,,,,,,,,,,,
nanog1,5810,fell,1.92,1,132.653,59.6144,2.8329,4.32012,163.988,66.4923,9.28538,6.17289,0.671144,16.6252,16.1289,3.65797,4.9286,0.773561,,,,,,,,,,,,,,,,,,,,,,,,,,,,,,,,,,,,,,,,,,,,,,,,,,,,,,,,,,,,,,,,,,,,,,,,,,,,,,,,,,,,,,,,,,,,,,,,,,,,,,,,,,,,,,
nanog1,5811,fell,1.44,1,73.9827,83.0586,0.592934,2.9655,97.7408,35.1066,12.604,14.5209,0.466167,10.7554,8.23003,2.85332,5.75126,1.20012,,,,,,,,,,,,,,,,,,,,,,,,,,,,,,,,,,,,,,,,,,,,,,,,,,,,,,,,,,,,,,,,,,,,,,,,,,,,,,,,,,,,,,,,,,,,,,,,,,,,,,,,,,,,,,
nanog1,5812,fell,6.44,2,35.7617,4.98255,0.875392,3.32456,247.56,61.7648,37.3885,21.5237,1.01094,23.2689,17.7931,5.29621,6.66828,1.0832,89.8943,24.872,14.8134,7.55963,3.5316,9.2139,7.41084,2.8556,5.55676,3.27266,,,,,,,,,,,,,,,,,,,,,,,,,,,,,,,,,,,,,,,,,,,,,,,,,,,,,,,,,,,,,,,,,,,,,,,,,,,,,,,,,,,,,,,,,,,,,,,,,,,,
nanog1,5813,fell,2.7,1,97.071,59.7686,1.90567,3.59061,169.116,42.8055,20.6259,10.0841,0.572902,18.8552,13.4489,4.27371,5.50035,0.814909,,,,,,,,,,,,,,,,,,,,,,,,,,,,,,,,,,,,,,,,,,,,,,,,,,,,,,,,,,,,,,,,,,,,,,,,,,,,,,,,,,,,,,,,,,,,,,,,,,,,,,,,,,,,,,
nanog1,5814,fell,2.02,1,59.0012,84.3532,0.834443,3.09626,129.537,29.2742,17.2007,16.1427,0.784075,14.4972,11.3236,3.69279,5.90719,0.838533,,,,,,,,,,,,,,,,,,,,,,,,,,,,,,,,,,,,,,,,,,,,,,,,,,,,,,,,,,,,,,,,,,,,,,,,,,,,,,,,,,,,,,,,,,,,,,,,,,,,,,,,,,,,,,
nanog1,5815,fell,1.76,1,163.224,32.7041,2.20913,3.28615,37.4286,33.271,14.0197,35.1614,69.1712,6.18924,4.91779,2.27267,6.78602,5.82223,,,,,,,,,,,,,,,,,,,,,,,,,,,,,,,,,,,,,,,,,,,,,,,,,,,,,,,,,,,,,,,,,,,,,,,,,,,,,,,,,,,,,,,,,,,,,,,,,,,,,,,,,,,,,,
nanog1,5816,fell,1.64,1,146.671,75.064,1.16365,3.55344,112.551,30.4487,27.4574,20.8875,0.664688,11.2135,8.33891,3.30292,8.05445,1.7375,,,,,,,,,,,,,,,,,,,,,,,,,,,,,,,,,,,,,,,,,,,,,,,,,,,,,,,,,,,,,,,,,,,,,,,,,,,,,,,,,,,,,,,,,,,,,,,,,,,,,,,,,,,,,,
nanog1,5817,fell,3.98,1,99.1459,16.1311,0.814417,3.41732,276.319,57.4685,47.7798,14.07,1.34881,30.0621,19.63,6.84565,9.12857,1.93383,,,,,,,,,,,,,,,,,,,,,,,,,,,,,,,,,,,,,,,,,,,,,,,,,,,,,,,,,,,,,,,,,,,,,,,,,,,,,,,,,,,,,,,,,,,,,,,,,,,,,,,,,,,,,,
nanog1,5818,fell,1.24,1,72.3466,30.4539,2.15146,3.86577,60.2952,24.5706,8.96282,24.6292,29.3968,9.85,6.93577,2.4542,6.63453,4.92791,,,,,,,,,,,,,,,,,,,,,,,,,,,,,,,,,,,,,,,,,,,,,,,,,,,,,,,,,,,,,,,,,,,,,,,,,,,,,,,,,,,,,,,,,,,,,,,,,,,,,,,,,,,,,,
nanog1,5819,fell,3.56,1,124.139,12.5005,2.94014,4.24007,243.641,54.6416,30.6824,13.9548,1.23354,22.2289,16.4076,5.15362,6.65438,1.06662,,,,,,,,,,,,,,,,,,,,,,,,,,,,,,,,,,,,,,,,,,,,,,,,,,,,,,,,,,,,,,,,,,,,,,,,,,,,,,,,,,,,,,,,,,,,,,,,,,,,,,,,,,,,,,
nanog1,5820,fell,1.3,1,24.9321,70.4712,2.04585,3.80206,53.2114,24.6154,17.4453,26.6926,59.9449,8.2627,6.75579,2.15452,9.50152,6.56785,,,,,,,,,,,,,,,,,,,,,,,,,,,,,,,,,,,,,,,,,,,,,,,,,,,,,,,,,,,,,,,,,,,,,,,,,,,,,,,,,,,,,,,,,,,,,,,,,,,,,,,,,,,,,,
nanog1,5821,fell,1.14,1,80.1353,131.917,1.76212,3.92589,42.0211,22.3252,14.3252,11.9825,48.8415,5.68214,5.14904,2.11808,6.95638,7.27465,,,,,,,,,,,,,,,,,,,,,,,,,,,,,,,,,,,,,,,,,,,,,,,,,,,,,,,,,,,,,,,,,,,,,,,,,,,,,,,,,,,,,,,,,,,,,,,,,,,,,,,,,,,,,,
nanog1,5822,fell,1.58,1,140.559,134.8,0.922541,2.85245,104.683,29.5623,9.24529,17.6758,1.14895,13.8554,8.31803,3.61638,7.78064,0.87454,,,,,,,,,,,,,,,,,,,,,,,,,,,,,,,,,,,,,,,,,,,,,,,,,,,,,,,,,,,,,,,,,,,,,,,,,,,,,,,,,,,,,,,,,,,,,,,,,,,,,,,,,,,,,,
nanog1,5823,fell,1.18,1,37.2603,174.979,2.87831,4.17099,59.0589,25.1304,16.3587,41.355,0.986014,6.96178,6.16468,2.07703,4.26367,0.602211,,,,,,,,,,,,,,,,,,,,,,,,,,,,,,,,,,,,,,,,,,,,,,,,,,,,,,,,,,,,,,,,,,,,,,,,,,,,,,,,,,,,,,,,,,,,,,,,,,,,,,,,,,,,,,
nanog1,5824,fell,1.94,1,83.3326,88.7686,1.94942,3.62039,109.75,32.2884,7.22688,22.7595,6.17619,12.9676,7.79449,3.02325,6.86195,2.16678,,,,,,,,,,,,,,,,,,,,,,,,,,,,,,,,,,,,,,,,,,,,,,,,,,,,,,,,,,,,,,,,,,,,,,,,,,,,,,,,,,,,,,,,,,,,,,,,,,,,,,,,,,,,,,
nanog1,5825,fell,2.06,1,45.0456,18.6183,0.913927,3.16089,91.5755,35.2032,20.3029,18.0137,0.732756,11.6149,8.33992,2.72917,6.0659,1.46649,,,,,,,,,,,,,,,,,,,,,,,,,,,,,,,,,,,,,,,,,,,,,,,,,,,,,,,,,,,,,,,,,,,,,,,,,,,,,,,,,,,,,,,,,,,,,,,,,,,,,,,,,,,,,,
nanog1,5826,fell,1.64,1,65.2703,172.963,3.01177,3.96614,126.68,49.0339,11.9764,7.14939,0.277809,14.4044,12.7179,3.3709,4.10193,0.585482,,,,,,,,,,,,,,,,,,,,,,,,,,,,,,,,,,,,,,,,,,,,,,,,,,,,,,,,,,,,,,,,,,,,,,,,,,,,,,,,,,,,,,,,,,,,,,,,,,,,,,,,,,,,,,
nanog1,5827,fell,1.76,1,50.2419,80.5961,2.66437,3.5406,137.901,30.7545,14.7037,14.3891,1.57002,14.8748,10.8974,3.5655,6.80418,2.1655,,,,,,,,,,,,,,,,,,,,,,,,,,,,,,,,,,,,,,,,,,,,,,,,,,,,,,,,,,,,,,,,,,,,,,,,,,,,,,,,,,,,,,,,,,,,,,,,,,,,,,,,,,,,,,
nanog1,5828,fell,4.64,1,112.099,110.025,2.01577,3.90387,253.946,79.4609,35.0472,33.0657,5.66405,26.229,17.8805,6.38235,10.9938,2.71882,,,,,,,,,,,,,,,,,,,,,,,,,,,,,,,,,,,,,,,,,,,,,,,,,,,,,,,,,,,,,,,,,,,,,,,,,,,,,,,,,,,,,,,,,,,,,,,,,,,,,,,,,,,,,,
nanog1,5829,fell,2.24,1,108.536,51.05,0.891268,3.29517,156.628,42.6142,24.8353,21.7802,1.32053,17.3862,13.5426,3.91354,6.94142,1.52578,,,,,,,,,,,,,,,,,,,,,,,,,,,,,,,,,,,,,,,,,,,,,,,,,,,,,,,,,,,,,,,,,,,,,,,,,,,,,,,,,,,,,,,,,,,,,,,,,,,,,,,,,,,,,,
nanog1,5830,fell,1.66,1,96.575,9.7027,0.899243,3.33493,111.712,31.8522,21.2066,13.8117,0.703945,12.4113,9.58968,3.70859,6.44868,1.36196,,,,,,,,,,,,,,,,,,,,,,,,,,,,,,,,,,,,,,,,,,,,,,,,,,,,,,,,,,,,,,,,,,,,,,,,,,,,,,,,,,,,,,,,,,,,,,,,,,,,,,,,,,,,,,
nanog1,5831,fell,2.28,1,83.1659,104.311,3.04592,4.2641,172.129,43.2039,20.6889,8.68749,0.888818,17.0545,14.0134,3.75402,4.82593,0.818658,,,,,,,,,,,,,,,,,,,,,,,,,,,,,,,,,,,,,,,,,,,,,,,,,,,,,,,,,,,,,,,,,,,,,,,,,,,,,,,,,,,,,,,,,,,,,,,,,,,,,,,,,,,,,,
nanog1,5832,fell,4.4,1,114.639,19.8045,2.06577,3.61969,175.47,57.3195,24.8155,12.5352,2.62775,18.5949,13.6231,4.58812,6.88128,1.79646,,,,,,,,,,,,,,,,,,,,,,,,,,,,,,,,,,,,,,,,,,,,,,,,,,,,,,,,,,,,,,,,,,,,,,,,,,,,,,,,,,,,,,,,,,,,,,,,,,,,,,,,,,,,,,
nanog1,5833,fell,1.36,1,52.9522,41.1721,1.92775,3.50704,61.3144,26.8697,9.0735,7.08359,0.338103,7.30746,6.52295,2.05541,3.59347,0.451779,,,,,,,,,,,,,,,,,,,,,,,,,,,,,,,,,,,,,,,,,,,,,,,,,,,,,,,,,,,,,,,,,,,,,,,,,,,,,,,,,,,,,,,,,,,,,,,,,,,,,,,,,,,,,,
nanog1,5834,fell,1.04,1,48.3034,100.662,2.21144,3.38007,58.4546,30.1279,8.83937,26.0536,115.397,10.1239,7.37102,2.80056,9.36205,8.98688,,,,,,,,,,,,,,,,,,,,,,,,,,,,,,,,,,,,,,,,,,,,,,,,,,,,,,,,,,,,,,,,,,,,,,,,,,,,,,,,,,,,,,,,,,,,,,,,,,,,,,,,,,,,,,
nanog1,5835,fell,1.92,1,90.9296,139.749,1.2717,3.25744,130.606,27.2379,9.28487,17.8644,1.20586,16.1645,8.73383,4.18486,8.55808,3.02366,,,,,,,,,,,,,,,,,,,,,,,,,,,,,,,,,,,,,,,,,,,,,,,,,,,,,,,,,,,,,,,,,,,,,,,,,,,,,,,,,,,,,,,,,,,,,,,,,,,,,,,,,,,,,,
nanog1,5836,fell,1.2,1,35.5376,42.829,0.829239,3.0922,78.842,20.0228,11.1365,9.3759,0.694793,9.9999,7.58414,2.63356,4.16694,0.808369,,,,,,,,,,,,,,,,,,,,,,,,,,,,,,,,,,,,,,,,,,,,,,,,,,,,,,,,,,,,,,,,,,,,,,,,,,,,,,,,,,,,,,,,,,,,,,,,,,,,,,,,,,,,,,
nanog1,5837,fell,1.58,1,46.9154,70.8141,2.11495,3.70008,86.2956,33.5071,9.62676,28.3607,8.81384,11.132,8.51581,2.29388,7.58303,1.99684,,,,,,,,,,,,,,,,,,,,,,,,,,,,,,,,,,,,,,,,,,,,,,,,,,,,,,,,,,,,,,,,,,,,,,,,,,,,,,,,,,,,,,,,,,,,,,,,,,,,,,,,,,,,,,
nanog1,5838,fell,2.1,1,119.061,47.607,3.00219,4.27607,159.044,58.0496,10.4972,5.75076,0.529706,16.0717,12.15,3.7187,4.34317,0.6001,,,,,,,,,,,,,,,,,,,,,,,,,,,,,,,,,,,,,,,,,,,,,,,,,,,,,,,,,,,,,,,,,,,,,,,,,,,,,,,,,,,,,,,,,,,,,,,,,,,,,,,,,,,,,,
nanog1,5839,fell,1.68,1,176.236,100.191,1.3092,2.79428,149.325,23.8409,15.2121,16.0468,6.62842,16.6396,10.8706,3.69707,8.22483,4.33615,,,,,,,,,,,,,,,,,,,,,,,,,,,,,,,,,,,,,,,,,,,,,,,,,,,,,,,,,,,,,,,,,,,,,,,,,,,,,,,,,,,,,,,,,,,,,,,,,,,,,,,,,,,,,,
nanog1,5840,fell,1.42,1,64.3358,4.69467,1.30635,2.86145,104.145,38.229,11.9931,39.1692,2.92561,12.2713,8.72378,2.9946,7.94199,3.60366,,,,,,,,,,,,,,,,,,,,,,,,,,,,,,,,,,,,,,,,,,,,,,,,,,,,,,,,,,,,,,,,,,,,,,,,,,,,,,,,,,,,,,,,,,,,,,,,,,,,,,,,,,,,,,
nanog1,5841,fell,1.82,1,131.804,14.5562,2.71044,4.18498,127.166,46.4744,10.5465,5.92261,0.448379,13.709,11.1809,3.27702,4.4942,0.593831,,,,,,,,,,,,,,,,,,,,,,,,,,,,,,,,,,,,,,,,,,,,,,,,,,,,,,,,,,,,,,,,,,,,,,,,,,,,,,,,,,,,,,,,,,,,,,,,,,,,,,,,,,,,,,
nanog1,5842,fell,1.5,1,45.9651,102.9,2.14105,3.9418,60.0619,33.6897,8.01675,16.1121,27.0923,11.5028,7.18743,2.85028,5.59343,3.96627,,,,,,,,,,,,,,,,,,,,,,,,,,,,,,,,,,,,,,,,,,,,,,,,,,,,,,,,,,,,,,,,,,,,,,,,,,,,,,,,,,,,,,,,,,,,,,,,,,,,,,,,,,,,,,
nanog1,5843,fell,2.92,1,81.7465,135.128,1.126,2.34208,203.523,45.0368,23.7841,17.8264,2.63582,21.9419,15.8914,4.47271,8.10306,2.83978,,,,,,,,,,,,,,,,,,,,,,,,,,,,,,,,,,,,,,,,,,,,,,,,,,,,,,,,,,,,,,,,,,,,,,,,,,,,,,,,,,,,,,,,,,,,,,,,,,,,,,,,,,,,,,
nanog1,5844,fell,1.2,1,117.433,71.4984,1.37408,3.51567,50.9587,29.2325,17.9565,18.5647,5.87254,7.28534,4.34302,2.52263,7.64177,3.02793,,,,,,,,,,,,,,,,,,,,,,,,,,,,,,,,,,,,,,,,,,,,,,,,,,,,,,,,,,,,,,,,,,,,,,,,,,,,,,,,,,,,,,,,,,,,,,,,,,,,,,,,,,,,,,
nanog1,5845,fell,3.18,1,117.735,61.5188,2.97712,4.33318,167.265,47.8719,26.6391,10.7691,0.92645,15.4917,11.4869,3.3304,5.24654,0.889843,,,,,,,,,,,,,,,,,,,,,,,,,,,,,,,,,,,,,,,,,,,,,,,,,,,,,,,,,,,,,,,,,,,,,,,,,,,,,,,,,,,,,,,,,,,,,,,,,,,,,,,,,,,,,,
nanog1,5846,fell,1.04,1,58.0303,45.9039,0.835659,3.14617,76.0686,18.1432,10.6265,16.6141,1.18944,9.63926,8.54433,2.64446,6.04192,1.20892,,,,,,,,,,,,,,,,,,,,,,,,,,,,,,,,,,,,,,,,,,,,,,,,,,,,,,,,,,,,,,,,,,,,,,,,,,,,,,,,,,,,,,,,,,,,,,,,,,,,,,,,,,,,,,
nanog1,5847,fell,2.52,1,78.8209,50.9446,0.783086,3.41532,163.581,33.0452,24.0523,12.7843,1.71014,16.8235,10.7919,4.15051,6.32282,1.59462,,,,,,,,,,,,,,,,,,,,,,,,,,,,,,,,,,,,,,,,,,,,,,,,,,,,,,,,,,,,,,,,,,,,,,,,,,,,,,,,,,,,,,,,,,,,,,,,,,,,,,,,,,,,,,
nanog1,5848,fell,1.6,1,153.807,42.5647,2.487,3.79733,84.078,25.7928,12.4687,6.0452,0.387926,10.909,7.97123,3.15208,4.41602,0.690447,,,,,,,,,,,,,,,,,,,,,,,,,,,,,,,,,,,,,,,,,,,,,,,,,,,,,,,,,,,,,,,,,,,,,,,,,,,,,,,,,,,,,,,,,,,,,,,,,,,,,,,,,,,,,,
nanog1,5849,fell,2,1,120.961,43.6879,1.31403,3.68082,165.371,57.5212,13.6012,35.2573,1.37457,16.0787,12.1291,4.24995,8.03373,2.81149,,,,,,,,,,,,,,,,,,,,,,,,,,,,,,,,,,,,,,,,,,,,,,,,,,,,,,,,,,,,,,,,,,,,,,,,,,,,,,,,,,,,,,,,,,,,,,,,,,,,,,,,,,,,,,
nanog1,5850,fell,1.3,1,39.9534,167.712,1.45996,3.56862,115.945,31.3774,15.5341,14.5523,18.5505,14.0317,9.43133,3.16661,7.6944,1.92246,,,,,,,,,,,,,,,,,,,,,,,,,,,,,,,,,,,,,,,,,,,,,,,,,,,,,,,,,,,,,,,,,,,,,,,,,,,,,,,,,,,,,,,,,,,,,,,,,,,,,,,,,,,,,,
nanog1,5851,fell,2.12,1,54.1032,28.0052,0.745216,2.9893,136.38,25.7639,18.576,12.7792,0.750879,15.241,10.4954,4.25145,5.5415,1.18076,,,,,,,,,,,,,,,,,,,,,,,,,,,,,,,,,,,,,,,,,,,,,,,,,,,,,,,,,,,,,,,,,,,,,,,,,,,,,,,,,,,,,,,,,,,,,,,,,,,,,,,,,,,,,,
nanog1,5852,fell,3.68,1,88.0823,11.7969,2.85559,4.18973,254.331,67.7427,38.3064,11.294,0.919891,27.6254,21.7357,6.00824,7.92394,1.89207,,,,,,,,,,,,,,,,,,,,,,,,,,,,,,,,,,,,,,,,,,,,,,,,,,,,,,,,,,,,,,,,,,,,,,,,,,,,,,,,,,,,,,,,,,,,,,,,,,,,,,,,,,,,,,
nanog1,5853,fell,2,1,81.5281,2.57222,2.87101,4.00176,87.6825,27.7172,19.416,10.9815,1.21869,9.09396,7.37161,2.38694,4.75812,1.73272,,,,,,,,,,,,,,,,,,,,,,,,,,,,,,,,,,,,,,,,,,,,,,,,,,,,,,,,,,,,,,,,,,,,,,,,,,,,,,,,,,,,,,,,,,,,,,,,,,,,,,,,,,,,,,
nanog1,5854,fell,1.58,1,122.343,3.01065,1.99279,3.94992,83.4382,38.8512,25.8171,52.5375,54.0764,13.3044,9.96042,3.74195,11.5365,7.90738,,,,,,,,,,,,,,,,,,,,,,,,,,,,,,,,,,,,,,,,,,,,,,,,,,,,,,,,,,,,,,,,,,,,,,,,,,,,,,,,,,,,,,,,,,,,,,,,,,,,,,,,,,,,,,
nanog1,5855,fell,3.32,1,90.4904,13.2804,2.05104,2.9758,249.952,67.474,34.9224,38.9277,4.0252,21.0458,16.3309,4.98364,10.1744,4.84798,,,,,,,,,,,,,,,,,,,,,,,,,,,,,,,,,,,,,,,,,,,,,,,,,,,,,,,,,,,,,,,,,,,,,,,,,,,,,,,,,,,,,,,,,,,,,,,,,,,,,,,,,,,,,,
nanog1,5856,fell,1.38,1,58.6461,97.6198,1.40127,3.40488,81.2848,27.8181,12.8177,9.15248,0.396331,9.51644,6.52532,2.74683,3.96783,0.589459,,,,,,,,,,,,,,,,,,,,,,,,,,,,,,,,,,,,,,,,,,,,,,,,,,,,,,,,,,,,,,,,,,,,,,,,,,,,,,,,,,,,,,,,,,,,,,,,,,,,,,,,,,,,,,
nanog1,5857,fell,1.24,1,58.0583,20.7527,1.12612,3.08135,111.958,26.2553,19.8411,25.2119,8.25472,12.6371,10.1393,3.81277,9.00424,6.08418,,,,,,,,,,,,,,,,,,,,,,,,,,,,,,,,,,,,,,,,,,,,,,,,,,,,,,,,,,,,,,,,,,,,,,,,,,,,,,,,,,,,,,,,,,,,,,,,,,,,,,,,,,,,,,
nanog1,5858,fell,2,1,51.5757,86.2022,2.90118,4.12077,149.126,31.6674,22.0223,19.042,4.07082,14.0919,12.4711,3.36117,6.27198,1.36069,,,,,,,,,,,,,,,,,,,,,,,,,,,,,,,,,,,,,,,,,,,,,,,,,,,,,,,,,,,,,,,,,,,,,,,,,,,,,,,,,,,,,,,,,,,,,,,,,,,,,,,,,,,,,,
nanog1,5859,fell,3.2,1,95.0279,14.1335,1.13967,3.35902,189.286,46.5436,16.7294,16.3043,11.4691,18.1535,12.4296,3.88074,8.53013,2.38645,,,,,,,,,,,,,,,,,,,,,,,,,,,,,,,,,,,,,,,,,,,,,,,,,,,,,,,,,,,,,,,,,,,,,,,,,,,,,,,,,,,,,,,,,,,,,,,,,,,,,,,,,,,,,,
nanog1,5860,fell,1.58,1,67.0901,131.699,2.09552,3.29489,132.947,42.2546,16.3304,34.2703,27.067,20.363,14.6983,4.8016,9.32072,6.20946,,,,,,,,,,,,,,,,,,,,,,,,,,,,,,,,,,,,,,,,,,,,,,,,,,,,,,,,,,,,,,,,,,,,,,,,,,,,,,,,,,,,,,,,,,,,,,,,,,,,,,,,,,,,,,
nanog1,5861,fell,2.72,1,27.7552,38.0409,2.59874,4.16575,197.108,47.0466,18.801,6.89111,0.57159,21.3778,15.0025,4.68186,5.36779,0.708732,,,,,,,,,,,,,,,,,,,,,,,,,,,,,,,,,,,,,,,,,,,,,,,,,,,,,,,,,,,,,,,,,,,,,,,,,,,,,,,,,,,,,,,,,,,,,,,,,,,,,,,,,,,,,,
nanog1,5862,fell,1.26,1,60.553,10.5435,2.36294,3.46223,93.5063,29.3383,10.9737,21.1131,80.7942,11.0599,10.6284,3.36795,7.05101,5.53602,,,,,,,,,,,,,,,,,,,,,,,,,,,,,,,,,,,,,,,,,,,,,,,,,,,,,,,,,,,,,,,,,,,,,,,,,,,,,,,,,,,,,,,,,,,,,,,,,,,,,,,,,,,,,,
nanog1,5863,fell,1.36,1,99.9233,31.7719,2.45427,3.83612,55.8967,30.6283,16.1014,20.4832,25.5759,8.75994,5.66604,2.63674,6.2498,3.9762,,,,,,,,,,,,,,,,,,,,,,,,,,,,,,,,,,,,,,,,,,,,,,,,,,,,,,,,,,,,,,,,,,,,,,,,,,,,,,,,,,,,,,,,,,,,,,,,,,,,,,,,,,,,,,
nanog1,5864,fell,2.64,1,68.0349,25.3091,1.80988,3.23485,165.986,60.2043,32.9605,29.1313,89.226,16.764,12.3871,4.85254,10.2198,9.47184,,,,,,,,,,,,,,,,,,,,,,,,,,,,,,,,,,,,,,,,,,,,,,,,,,,,,,,,,,,,,,,,,,,,,,,,,,,,,,,,,,,,,,,,,,,,,,,,,,,,,,,,,,,,,,
nanog1,5865,fell,1.46,1,30.4577,49.2927,2.87157,4.25296,58.2139,25.5786,10.8863,2.59251,0.755588,6.3135,5.50754,1.70301,2.15397,0.424043,,,,,,,,,,,,,,,,,,,,,,,,,,,,,,,,,,,,,,,,,,,,,,,,,,,,,,,,,,,,,,,,,,,,,,,,,,,,,,,,,,,,,,,,,,,,,,,,,,,,,,,,,,,,,,
nanog1,5866,fell,2.12,1,95.374,14.3721,1.61456,3.30173,143.558,43.772,14.971,19.7151,5.62537,14.5002,11.5039,3.54536,6.93226,2.95439,,,,,,,,,,,,,,,,,,,,,,,,,,,,,,,,,,,,,,,,,,,,,,,,,,,,,,,,,,,,,,,,,,,,,,,,,,,,,,,,,,,,,,,,,,,,,,,,,,,,,,,,,,,,,,
nanog1,5867,fell,1.28,1,38.7866,123.387,3.04234,3.47419,86.9771,25.4927,12.3299,13.2413,3.49632,9.52835,8.08488,2.76372,4.78301,2.76641,,,,,,,,,,,,,,,,,,,,,,,,,,,,,,,,,,,,,,,,,,,,,,,,,,,,,,,,,,,,,,,,,,,,,,,,,,,,,,,,,,,,,,,,,,,,,,,,,,,,,,,,,,,,,,
nanog1,5868,fell,3.02,1,76.855,80.5959,2.87837,4.22337,216.605,45.0049,27.7443,11.3734,1.29578,22.746,15.1631,4.50208,6.6753,2.74335,,,,,,,,,,,,,,,,,,,,,,,,,,,,,,,,,,,,,,,,,,,,,,,,,,,,,,,,,,,,,,,,,,,,,,,,,,,,,,,,,,,,,,,,,,,,,,,,,,,,,,,,,,,,,,
nanog1,5869,fell,3.04,1,40.1602,0.278406,2.19954,3.99259,112.181,40.0189,24.6441,20.2499,9.51533,12.7129,10.0004,3.12751,5.08536,2.64952,,,,,,,,,,,,,,,,,,,,,,,,,,,,,,,,,,,,,,,,,,,,,,,,,,,,,,,,,,,,,,,,,,,,,,,,,,,,,,,,,,,,,,,,,,,,,,,,,,,,,,,,,,,,,,
nanog1,5870,fell,3.3,1,74.8348,71.7003,2.69087,4.41154,228.433,48.0311,24.0976,15.6204,1.88481,24.9381,17.3021,4.96128,8.27743,3.16576,,,,,,,,,,,,,,,,,,,,,,,,,,,,,,,,,,,,,,,,,,,,,,,,,,,,,,,,,,,,,,,,,,,,,,,,,,,,,,,,,,,,,,,,,,,,,,,,,,,,,,,,,,,,,,
nanog1,5871,fell,1.2,1,58.6654,61.8471,1.01123,3.34027,79.2777,20.3437,19.4383,29.7272,0.644394,10.1956,8.30431,3.04085,6.26298,0.974754,,,,,,,,,,,,,,,,,,,,,,,,,,,,,,,,,,,,,,,,,,,,,,,,,,,,,,,,,,,,,,,,,,,,,,,,,,,,,,,,,,,,,,,,,,,,,,,,,,,,,,,,,,,,,,
nanog1,5872,fell,2.6,1,103.527,20.9348,2.26282,4.09766,122.333,40.5248,12.6424,13.0817,4.15896,17.8963,14.542,3.87231,6.17895,1.53329,,,,,,,,,,,,,,,,,,,,,,,,,,,,,,,,,,,,,,,,,,,,,,,,,,,,,,,,,,,,,,,,,,,,,,,,,,,,,,,,,,,,,,,,,,,,,,,,,,,,,,,,,,,,,,
nanog1,5873,fell,4.14,1,113.07,24.2115,2.60054,4.21036,210.2,47.7408,27.5533,15.4274,2.20375,19.9275,14.5401,4.75628,6.18636,1.92426,,,,,,,,,,,,,,,,,,,,,,,,,,,,,,,,,,,,,,,,,,,,,,,,,,,,,,,,,,,,,,,,,,,,,,,,,,,,,,,,,,,,,,,,,,,,,,,,,,,,,,,,,,,,,,
nanog1,5874,fell,1.6,1,72.9211,82.6473,2.50607,3.89586,98.6265,28.486,6.54324,8.58244,36.1397,11.8805,9.8898,3.09064,5.06143,2.85662,,,,,,,,,,,,,,,,,,,,,,,,,,,,,,,,,,,,,,,,,,,,,,,,,,,,,,,,,,,,,,,,,,,,,,,,,,,,,,,,,,,,,,,,,,,,,,,,,,,,,,,,,,,,,,
nanog1,5875,fell,1.7,1,66.8659,129.797,2.56443,4.12882,126.4,41.189,12.1842,8.37772,12.5998,13.655,11.3061,2.87441,5.19249,2.58106,,,,,,,,,,,,,,,,,,,,,,,,,,,,,,,,,,,,,,,,,,,,,,,,,,,,,,,,,,,,,,,,,,,,,,,,,,,,,,,,,,,,,,,,,,,,,,,,,,,,,,,,,,,,,,
nanog1,5876,fell,1.1,1,27.4895,31.7834,1.06867,3.35877,74.4394,22.3441,12.5388,9.39825,1.07831,9.2334,7.76597,2.21172,3.97182,0.872286,,,,,,,,,,,,,,,,,,,,,,,,,,,,,,,,,,,,,,,,,,,,,,,,,,,,,,,,,,,,,,,,,,,,,,,,,,,,,,,,,,,,,,,,,,,,,,,,,,,,,,,,,,,,,,
nanog1,5877,fell,3.44,1,86.4461,12.0048,2.78643,3.96092,185.744,44.4753,28.2641,21.7382,1.53918,20.8353,15.4574,4.74043,10.3935,3.91191,,,,,,,,,,,,,,,,,,,,,,,,,,,,,,,,,,,,,,,,,,,,,,,,,,,,,,,,,,,,,,,,,,,,,,,,,,,,,,,,,,,,,,,,,,,,,,,,,,,,,,,,,,,,,,
nanog1,5878,fell,1.36,1,73.4045,71.7084,1.16976,3.40847,81.5736,36.769,18.5166,7.88411,0.332993,10.4631,8.53068,2.99231,4.57597,0.554293,,,,,,,,,,,,,,,,,,,,,,,,,,,,,,,,,,,,,,,,,,,,,,,,,,,,,,,,,,,,,,,,,,,,,,,,,,,,,,,,,,,,,,,,,,,,,,,,,,,,,,,,,,,,,,
nanog1,5879,fell,1.4,1,185.959,36.2324,0.965849,1.98694,102.186,20.3451,15.9025,32.1914,4.35409,10.9738,8.19925,3.47997,8.72892,1.64575,,,,,,,,,,,,,,,,,,,,,,,,,,,,,,,,,,,,,,,,,,,,,,,,,,,,,,,,,,,,,,,,,,,,,,,,,,,,,,,,,,,,,,,,,,,,,,,,,,,,,,,,,,,,,,
nanog1,5880,fell,1.74,1,11.4925,16.1538,1.58209,3.15788,111.736,47.2106,8.64748,27.0772,33.3306,16.8348,11.4301,4.01325,9.15945,3.17831,,,,,,,,,,,,,,,,,,,,,,,,,,,,,,,,,,,,,,,,,,,,,,,,,,,,,,,,,,,,,,,,,,,,,,,,,,,,,,,,,,,,,,,,,,,,,,,,,,,,,,,,,,,,,,
nanog1,5881,fell,1.86,1,63.8424,93.4783,2.05114,3.56981,87.4416,46.3878,6.79783,14.938,17.0854,9.86979,7.20552,2.06722,6.19113,5.21631,,,,,,,,,,,,,,,,,,,,,,,,,,,,,,,,,,,,,,,,,,,,,,,,,,,,,,,,,,,,,,,,,,,,,,,,,,,,,,,,,,,,,,,,,,,,,,,,,,,,,,,,,,,,,,
nanog1,5882,fell,1.98,1,33.0499,34.0708,0.667904,3.36456,90.5713,28.322,20.9259,9.3881,1.07729,8.98963,7.18643,2.87472,4.42796,0.945632,,,,,,,,,,,,,,,,,,,,,,,,,,,,,,,,,,,,,,,,,,,,,,,,,,,,,,,,,,,,,,,,,,,,,,,,,,,,,,,,,,,,,,,,,,,,,,,,,,,,,,,,,,,,,,
nanog1,5883,fell,1.68,1,65.1337,68.4075,1.05991,3.51918,113.547,37.3423,19.9953,10.8967,0.925189,11.0079,8.84622,3.02033,5.0447,1.19296,,,,,,,,,,,,,,,,,,,,,,,,,,,,,,,,,,,,,,,,,,,,,,,,,,,,,,,,,,,,,,,,,,,,,,,,,,,,,,,,,,,,,,,,,,,,,,,,,,,,,,,,,,,,,,
nanog1,5884,fell,2.28,1,116.424,27.4399,1.19898,2.97756,130.078,41.9694,20.6108,24.9945,0.890304,13.8686,10.8694,3.71489,9.78431,1.22839,,,,,,,,,,,,,,,,,,,,,,,,,,,,,,,,,,,,,,,,,,,,,,,,,,,,,,,,,,,,,,,,,,,,,,,,,,,,,,,,,,,,,,,,,,,,,,,,,,,,,,,,,,,,,,
nanog1,5885,fell,1.52,1,49.2751,55.0454,1.02832,2.60513,149.843,26.8213,30.0488,32.3927,34.6029,15.7211,8.60577,3.60692,10.2118,7.54799,,,,,,,,,,,,,,,,,,,,,,,,,,,,,,,,,,,,,,,,,,,,,,,,,,,,,,,,,,,,,,,,,,,,,,,,,,,,,,,,,,,,,,,,,,,,,,,,,,,,,,,,,,,,,,
nanog1,5886,fell,1.46,1,83.2681,129.462,2.4548,3.85895,84.2627,20.7742,7.02723,4.7989,0.429634,9.46267,7.77702,2.64551,4.57853,0.684115,,,,,,,,,,,,,,,,,,,,,,,,,,,,,,,,,,,,,,,,,,,,,,,,,,,,,,,,,,,,,,,,,,,,,,,,,,,,,,,,,,,,,,,,,,,,,,,,,,,,,,,,,,,,,,
nanog1,5887,fell,1.86,1,79.9431,100.145,2.11349,4.15858,188.577,51.8901,10.6345,12.2026,7.91479,20.5201,13.9577,4.10673,6.27701,1.57273,,,,,,,,,,,,,,,,,,,,,,,,,,,,,,,,,,,,,,,,,,,,,,,,,,,,,,,,,,,,,,,,,,,,,,,,,,,,,,,,,,,,,,,,,,,,,,,,,,,,,,,,,,,,,,
nanog1,5888,fell,1.98,1,108.545,9.54639,2.45044,3.74285,108.295,42.1808,8.37442,22.6687,2.53471,11.0297,9.44056,2.46195,6.94063,1.78789,,,,,,,,,,,,,,,,,,,,,,,,,,,,,,,,,,,,,,,,,,,,,,,,,,,,,,,,,,,,,,,,,,,,,,,,,,,,,,,,,,,,,,,,,,,,,,,,,,,,,,,,,,,,,,
nanog1,5889,fell,1.5,1,91.2095,68.3736,2.61455,4.32012,123.21,50.1669,8.66007,5.97128,0.295942,13.2338,13.1781,3.35629,4.24004,0.570495,,,,,,,,,,,,,,,,,,,,,,,,,,,,,,,,,,,,,,,,,,,,,,,,,,,,,,,,,,,,,,,,,,,,,,,,,,,,,,,,,,,,,,,,,,,,,,,,,,,,,,,,,,,,,,
nanog1,5890,fell,3.42,1,55.5622,38.7175,2.82198,4.29213,217.893,47.6371,34.0744,10.2373,1.10077,22.0192,16.473,4.67528,7.06682,1.29045,,,,,,,,,,,,,,,,,,,,,,,,,,,,,,,,,,,,,,,,,,,,,,,,,,,,,,,,,,,,,,,,,,,,,,,,,,,,,,,,,,,,,,,,,,,,,,,,,,,,,,,,,,,,,,
nanog1,5891,fell,1.22,1,37.3652,62.9632,2.52323,3.90682,125.472,20.4386,9.6409,4.38248,0.36489,14.0458,11.4651,3.24869,4.96147,1.31801,,,,,,,,,,,,,,,,,,,,,,,,,,,,,,,,,,,,,,,,,,,,,,,,,,,,,,,,,,,,,,,,,,,,,,,,,,,,,,,,,,,,,,,,,,,,,,,,,,,,,,,,,,,,,,
nanog1,5892,fell,1.54,1,51.9458,78.8842,2.9258,4.19145,75.6042,31.4562,8.99402,5.14012,0.212434,8.58603,7.78248,2.13673,2.50065,0.288385,,,,,,,,,,,,,,,,,,,,,,,,,,,,,,,,,,,,,,,,,,,,,,,,,,,,,,,,,,,,,,,,,,,,,,,,,,,,,,,,,,,,,,,,,,,,,,,,,,,,,,,,,,,,,,
nanog1,5893,fell,1.96,1,50.7764,5.7221,0.851058,3.25902,141.179,30.8609,14.4328,11.3026,0.48439,18.4604,13.3371,4.25406,5.41808,0.714223,,,,,,,,,,,,,,,,,,,,,,,,,,,,,,,,,,,,,,,,,,,,,,,,,,,,,,,,,,,,,,,,,,,,,,,,,,,,,,,,,,,,,,,,,,,,,,,,,,,,,,,,,,,,,,
nanog1,5894,fell,3.18,1,81.7838,70.1245,1.95116,3.47759,179.574,57.7069,25.6476,21.2904,6.00383,18.2329,15.6247,4.23091,7.3283,1.82206,,,,,,,,,,,,,,,,,,,,,,,,,,,,,,,,,,,,,,,,,,,,,,,,,,,,,,,,,,,,,,,,,,,,,,,,,,,,,,,,,,,,,,,,,,,,,,,,,,,,,,,,,,,,,,
nanog1,5895,fell,2.96,1,39.8168,21.7494,0.994876,2.084,131.479,36.7854,27.7651,14.9427,1.67763,15.9856,11.7554,4.38351,7.79792,1.30068,,,,,,,,,,,,,,,,,,,,,,,,,,,,,,,,,,,,,,,,,,,,,,,,,,,,,,,,,,,,,,,,,,,,,,,,,,,,,,,,,,,,,,,,,,,,,,,,,,,,,,,,,,,,,,
nanog1,5896,fell,1.86,1,37.0654,148.442,2.03708,3.61346,106.708,36.8833,18.4128,29.3833,26.7295,14.1922,9.76096,3.03768,11.3378,4.74462,,,,,,,,,,,,,,,,,,,,,,,,,,,,,,,,,,,,,,,,,,,,,,,,,,,,,,,,,,,,,,,,,,,,,,,,,,,,,,,,,,,,,,,,,,,,,,,,,,,,,,,,,,,,,,
nanog1,5897,fell,1.76,1,69.5591,17.7295,2.2314,3.88004,100.691,48.0196,7.919,17.3787,8.16234,12.8112,9.06162,2.94918,6.98694,2.00913,,,,,,,,,,,,,,,,,,,,,,,,,,,,,,,,,,,,,,,,,,,,,,,,,,,,,,,,,,,,,,,,,,,,,,,,,,,,,,,,,,,,,,,,,,,,,,,,,,,,,,,,,,,,,,
nanog1,5898,fell,3.26,1,104.312,51.2065,2.40906,3.59251,206.772,44.3451,53.2294,25.9153,5.07269,21.4075,15.8338,4.9427,9.26874,2.54954,,,,,,,,,,,,,,,,,,,,,,,,,,,,,,,,,,,,,,,,,,,,,,,,,,,,,,,,,,,,,,,,,,,,,,,,,,,,,,,,,,,,,,,,,,,,,,,,,,,,,,,,,,,,,,
nanog1,5899,fell,1.76,1,203.579,118.006,2.93663,3.99543,112.94,28.953,16.7662,17.7359,0.747049,11.916,10.253,3.06795,7.22813,2.34794,,,,,,,,,,,,,,,,,,,,,,,,,,,,,,,,,,,,,,,,,,,,,,,,,,,,,,,,,,,,,,,,,,,,,,,,,,,,,,,,,,,,,,,,,,,,,,,,,,,,,,,,,,,,,,
nanog1,5900,fell,2.22,1,93.3964,13.3966,0.888451,3.42478,175.146,48.9153,19.1907,11.0652,0.867253,17.7448,14.481,4.32365,7.07436,0.936549,,,,,,,,,,,,,,,,,,,,,,,,,,,,,,,,,,,,,,,,,,,,,,,,,,,,,,,,,,,,,,,,,,,,,,,,,,,,,,,,,,,,,,,,,,,,,,,,,,,,,,,,,,,,,,
nanog1,5901,fell,1.42,1,92.411,87.8828,3.20375,3.73351,101.719,39.9234,8.97429,12.3158,4.16771,12.9854,9.90198,3.09043,4.4415,3.56114,,,,,,,,,,,,,,,,,,,,,,,,,,,,,,,,,,,,,,,,,,,,,,,,,,,,,,,,,,,,,,,,,,,,,,,,,,,,,,,,,,,,,,,,,,,,,,,,,,,,,,,,,,,,,,
nanog1,5902,fell,3.34,1,52.0975,53.9902,2.54346,3.99495,219.174,46.2598,43.5988,18.4309,0.741741,17.4702,14.3674,4.51127,6.28751,0.932274,,,,,,,,,,,,,,,,,,,,,,,,,,,,,,,,,,,,,,,,,,,,,,,,,,,,,,,,,,,,,,,,,,,,,,,,,,,,,,,,,,,,,,,,,,,,,,,,,,,,,,,,,,,,,,
nanog1,5903,fell,1.58,1,75.8064,92.6551,1.46817,2.32011,89.2459,31.7844,16.8917,17.8161,0.589432,11.1854,7.5303,3.09251,7.55006,0.628141,,,,,,,,,,,,,,,,,,,,,,,,,,,,,,,,,,,,,,,,,,,,,,,,,,,,,,,,,,,,,,,,,,,,,,,,,,,,,,,,,,,,,,,,,,,,,,,,,,,,,,,,,,,,,,
nanog1,5904,fell,2.28,1,99.1195,116.148,0.678286,3.11494,100.339,21.8271,11.9041,14.5539,0.774685,12.5178,8.74162,3.46918,5.22996,0.730631,,,,,,,,,,,,,,,,,,,,,,,,,,,,,,,,,,,,,,,,,,,,,,,,,,,,,,,,,,,,,,,,,,,,,,,,,,,,,,,,,,,,,,,,,,,,,,,,,,,,,,,,,,,,,,
nanog1,5905,fell,1.64,1,59.2985,113.003,1.35235,2.24587,85.6691,25.572,14.6212,17.821,2.49102,9.53884,6.82648,3.06951,7.42183,2.52925,,,,,,,,,,,,,,,,,,,,,,,,,,,,,,,,,,,,,,,,,,,,,,,,,,,,,,,,,,,,,,,,,,,,,,,,,,,,,,,,,,,,,,,,,,,,,,,,,,,,,,,,,,,,,,
nanog1,5906,fell,2.32,1,103.642,57.8412,2.09154,3.62481,151.117,44.6321,23.2593,18.1635,19.7685,15.3003,11.7024,3.8416,8.15925,3.43081,,,,,,,,,,,,,,,,,,,,,,,,,,,,,,,,,,,,,,,,,,,,,,,,,,,,,,,,,,,,,,,,,,,,,,,,,,,,,,,,,,,,,,,,,,,,,,,,,,,,,,,,,,,,,,
nanog1,5907,fell,1.16,1,74.7417,25.4472,2.23842,3.62951,40.7682,26.1021,10.3142,31.5711,43.0907,7.72502,5.4714,2.39023,8.13026,3.92961,,,,,,,,,,,,,,,,,,,,,,,,,,,,,,,,,,,,,,,,,,,,,,,,,,,,,,,,,,,,,,,,,,,,,,,,,,,,,,,,,,,,,,,,,,,,,,,,,,,,,,,,,,,,,,
nanog1,5908,fell,2.32,1,81.5491,42.6225,1.98635,2.65551,126.854,45.5627,19.4768,36.8698,1.84025,13.4294,10.4794,3.6001,10.4004,2.23389,,,,,,,,,,,,,,,,,,,,,,,,,,,,,,,,,,,,,,,,,,,,,,,,,,,,,,,,,,,,,,,,,,,,,,,,,,,,,,,,,,,,,,,,,,,,,,,,,,,,,,,,,,,,,,
nanog1,5909,fell,2.22,1,45.8981,22.6182,0.8177,3.28854,135.55,28.2084,19.9294,10.3811,0.633475,15.4349,11.2122,3.36063,5.14916,0.964365,,,,,,,,,,,,,,,,,,,,,,,,,,,,,,,,,,,,,,,,,,,,,,,,,,,,,,,,,,,,,,,,,,,,,,,,,,,,,,,,,,,,,,,,,,,,,,,,,,,,,,,,,,,,,,
nanog1,5910,fell,3.02,1,103.169,37.5139,1.04355,3.33269,175.124,43.038,31.2836,19.7075,0.753562,17.048,11.4251,4.43681,5.70877,0.803676,,,,,,,,,,,,,,,,,,,,,,,,,,,,,,,,,,,,,,,,,,,,,,,,,,,,,,,,,,,,,,,,,,,,,,,,,,,,,,,,,,,,,,,,,,,,,,,,,,,,,,,,,,,,,,
nanog1,5911,fell,1.3,1,40.0269,47.5762,2.01988,3.53918,85.8811,20.4253,9.60128,5.30391,0.28435,9.71525,8.14399,2.4773,3.3561,0.415859,,,,,,,,,,,,,,,,,,,,,,,,,,,,,,,,,,,,,,,,,,,,,,,,,,,,,,,,,,,,,,,,,,,,,,,,,,,,,,,,,,,,,,,,,,,,,,,,,,,,,,,,,,,,,,
nanog1,5912,fell,2.18,1,43.7275,60.9807,1.6555,3.57502,124.472,34.4605,19.3623,9.90119,0.403475,13.2287,10.2862,3.25969,4.76423,0.589805,,,,,,,,,,,,,,,,,,,,,,,,,,,,,,,,,,,,,,,,,,,,,,,,,,,,,,,,,,,,,,,,,,,,,,,,,,,,,,,,,,,,,,,,,,,,,,,,,,,,,,,,,,,,,,
nanog1,5913,fell,2.12,1,34.6314,98.8433,1.71906,3.60966,91.2591,40.4125,16.3088,14.8723,0.592961,9.68256,7.74031,2.7564,4.13711,0.5182,,,,,,,,,,,,,,,,,,,,,,,,,,,,,,,,,,,,,,,,,,,,,,,,,,,,,,,,,,,,,,,,,,,,,,,,,,,,,,,,,,,,,,,,,,,,,,,,,,,,,,,,,,,,,,
nanog1,5914,fell,3.76,1,70.589,67.8478,3.11037,3.99382,298.074,79.6203,26.1122,15.2863,1.17965,24.3394,18.3542,5.74545,7.60014,1.16494,,,,,,,,,,,,,,,,,,,,,,,,,,,,,,,,,,,,,,,,,,,,,,,,,,,,,,,,,,,,,,,,,,,,,,,,,,,,,,,,,,,,,,,,,,,,,,,,,,,,,,,,,,,,,,
nanog1,5915,fell,1.58,1,63.6975,44.0679,3.06168,4.20319,95.3947,38.7689,10.065,5.92584,0.290374,10.5675,9.11884,2.39863,3.03973,0.383162,,,,,,,,,,,,,,,,,,,,,,,,,,,,,,,,,,,,,,,,,,,,,,,,,,,,,,,,,,,,,,,,,,,,,,,,,,,,,,,,,,,,,,,,,,,,,,,,,,,,,,,,,,,,,,
nanog1,5916,fell,1.72,1,82.4883,45.5182,2.8611,4.26421,101.211,37.0804,20.5954,5.24368,0.890325,10.291,9.30444,2.52254,3.61647,0.671337,,,,,,,,,,,,,,,,,,,,,,,,,,,,,,,,,,,,,,,,,,,,,,,,,,,,,,,,,,,,,,,,,,,,,,,,,,,,,,,,,,,,,,,,,,,,,,,,,,,,,,,,,,,,,,
nanog1,5917,fell,1.24,1,42.6834,72.1941,2.02772,3.97841,122.779,28.6639,7.68023,16.3141,35.5173,15.5357,9.9931,3.65369,7.51287,5.00118,,,,,,,,,,,,,,,,,,,,,,,,,,,,,,,,,,,,,,,,,,,,,,,,,,,,,,,,,,,,,,,,,,,,,,,,,,,,,,,,,,,,,,,,,,,,,,,,,,,,,,,,,,,,,,
nanog1,5918,fell,1.42,1,74.4976,149.516,1.66662,3.36454,103.002,24.1338,10.7811,22.5026,1.95099,11.2089,8.41591,3.01139,7.66385,1.12754,,,,,,,,,,,,,,,,,,,,,,,,,,,,,,,,,,,,,,,,,,,,,,,,,,,,,,,,,,,,,,,,,,,,,,,,,,,,,,,,,,,,,,,,,,,,,,,,,,,,,,,,,,,,,,
nanog1,5919,fell,3.24,1,186.182,55.6475,2.78586,3.96412,174.578,42.8124,29.6779,13.6708,1.10622,17.4341,13.1973,3.76159,4.72777,0.903538,,,,,,,,,,,,,,,,,,,,,,,,,,,,,,,,,,,,,,,,,,,,,,,,,,,,,,,,,,,,,,,,,,,,,,,,,,,,,,,,,,,,,,,,,,,,,,,,,,,,,,,,,,,,,,
nanog1,5920,fell,2.5,1,98.9546,73.9303,2.1369,3.8562,140.525,54.0639,18.3613,15.6852,60.2775,17.6436,13.6258,3.8799,7.68095,2.99184,,,,,,,,,,,,,,,,,,,,,,,,,,,,,,,,,,,,,,,,,,,,,,,,,,,,,,,,,,,,,,,,,,,,,,,,,,,,,,,,,,,,,,,,,,,,,,,,,,,,,,,,,,,,,,
nanog1,5921,fell,2.08,1,77.8282,98.8502,0.953658,3.04363,173.955,30.7712,17.5614,16.2431,2.84803,18.1112,10.0671,4.00593,7.87913,1.22909,,,,,,,,,,,,,,,,,,,,,,,,,,,,,,,,,,,,,,,,,,,,,,,,,,,,,,,,,,,,,,,,,,,,,,,,,,,,,,,,,,,,,,,,,,,,,,,,,,,,,,,,,,,,,,
nanog1,5922,fell,1.86,1,99.2228,92.185,1.9627,3.40132,98.9731,25.0316,29.1442,10.6226,0.404031,10.6578,7.78267,3.2354,5.11829,0.940138,,,,,,,,,,,,,,,,,,,,,,,,,,,,,,,,,,,,,,,,,,,,,,,,,,,,,,,,,,,,,,,,,,,,,,,,,,,,,,,,,,,,,,,,,,,,,,,,,,,,,,,,,,,,,,
nanog1,5923,fell,2.76,1,120.457,20.3983,2.78737,4.39703,143.646,36.2618,19.0655,7.08872,1.02588,14.4928,12.7125,3.23801,5.05081,1.08175,,,,,,,,,,,,,,,,,,,,,,,,,,,,,,,,,,,,,,,,,,,,,,,,,,,,,,,,,,,,,,,,,,,,,,,,,,,,,,,,,,,,,,,,,,,,,,,,,,,,,,,,,,,,,,
nanog1,5924,fell,2.22,1,127.124,143.613,1.41904,3.51874,164.648,50.6294,26.0666,18.6252,7.34762,18.3695,11.8927,4.32413,8.59388,1.86534,,,,,,,,,,,,,,,,,,,,,,,,,,,,,,,,,,,,,,,,,,,,,,,,,,,,,,,,,,,,,,,,,,,,,,,,,,,,,,,,,,,,,,,,,,,,,,,,,,,,,,,,,,,,,,
nanog1,5925,fell,0.98,1,59.6517,150.306,2.53719,3.95419,92.6149,15.8659,10.1573,39.1559,0.570127,10.4497,6.91542,2.90475,6.11836,0.983764,,,,,,,,,,,,,,,,,,,,,,,,,,,,,,,,,,,,,,,,,,,,,,,,,,,,,,,,,,,,,,,,,,,,,,,,,,,,,,,,,,,,,,,,,,,,,,,,,,,,,,,,,,,,,,
nanog1,5926,fell,3.12,1,86.1869,23.5369,2.9412,2.37105,161.499,51.4688,50.1302,29.8671,4.75641,16.765,13.0373,4.58181,8.41553,3.14191,,,,,,,,,,,,,,,,,,,,,,,,,,,,,,,,,,,,,,,,,,,,,,,,,,,,,,,,,,,,,,,,,,,,,,,,,,,,,,,,,,,,,,,,,,,,,,,,,,,,,,,,,,,,,,
nanog1,5927,fell,1.92,1,49.6749,54.0984,1.02925,3.27888,133.291,29.2818,13.7356,10.2477,0.318263,14.6708,10.6652,3.73978,5.33817,0.600466,,,,,,,,,,,,,,,,,,,,,,,,,,,,,,,,,,,,,,,,,,,,,,,,,,,,,,,,,,,,,,,,,,,,,,,,,,,,,,,,,,,,,,,,,,,,,,,,,,,,,,,,,,,,,,
nanog1,5928,fell,2.94,1,128.21,42.5558,1.94548,2.52166,184.264,64.6613,22.7815,21.5159,0.967464,19.3828,14.9617,4.98881,8.47587,1.32065,,,,,,,,,,,,,,,,,,,,,,,,,,,,,,,,,,,,,,,,,,,,,,,,,,,,,,,,,,,,,,,,,,,,,,,,,,,,,,,,,,,,,,,,,,,,,,,,,,,,,,,,,,,,,,
nanog1,5929,fell,2.12,1,78.1117,37.5234,1.76491,3.0252,74.2029,32.9347,12.8307,50.706,68.6676,9.87072,7.4306,3.11586,7.87706,7.67836,,,,,,,,,,,,,,,,,,,,,,,,,,,,,,,,,,,,,,,,,,,,,,,,,,,,,,,,,,,,,,,,,,,,,,,,,,,,,,,,,,,,,,,,,,,,,,,,,,,,,,,,,,,,,,
nanog1,5930,fell,1.86,1,87.3107,49.7627,0.631208,3.17972,129.036,35.9867,18.0294,10.544,0.536867,14.6613,11.6613,3.67432,5.52884,1.03626,,,,,,,,,,,,,,,,,,,,,,,,,,,,,,,,,,,,,,,,,,,,,,,,,,,,,,,,,,,,,,,,,,,,,,,,,,,,,,,,,,,,,,,,,,,,,,,,,,,,,,,,,,,,,,
nanog1,5931,fell,1.5,1,91.0978,139.576,1.86152,3.78523,47.0465,31.226,8.63069,20.5569,47.8284,8.24885,6.40692,2.10123,8.03839,5.90514,,,,,,,,,,,,,,,,,,,,,,,,,,,,,,,,,,,,,,,,,,,,,,,,,,,,,,,,,,,,,,,,,,,,,,,,,,,,,,,,,,,,,,,,,,,,,,,,,,,,,,,,,,,,,,
nanog1,5932,fell,1.54,1,45.1134,18.1111,1.92522,3.70594,85.1777,32.1554,10.5454,11.8912,0.391788,10.0578,8.78638,2.74125,5.52854,1.11491,,,,,,,,,,,,,,,,,,,,,,,,,,,,,,,,,,,,,,,,,,,,,,,,,,,,,,,,,,,,,,,,,,,,,,,,,,,,,,,,,,,,,,,,,,,,,,,,,,,,,,,,,,,,,,
nanog1,5933,fell,1.14,1,50.5798,111.29,2.47675,3.84875,82.6975,19.4253,8.20988,24.9896,2.57666,10.2987,8.52647,2.69077,5.90266,1.51006,,,,,,,,,,,,,,,,,,,,,,,,,,,,,,,,,,,,,,,,,,,,,,,,,,,,,,,,,,,,,,,,,,,,,,,,,,,,,,,,,,,,,,,,,,,,,,,,,,,,,,,,,,,,,,
nanog1,5934,fell,1.64,1,56.798,76.7857,2.39377,3.73,79.1217,32.8646,10.2006,7.303,0.605439,8.36378,7.55123,2.11994,3.52904,0.495363,,,,,,,,,,,,,,,,,,,,,,,,,,,,,,,,,,,,,,,,,,,,,,,,,,,,,,,,,,,,,,,,,,,,,,,,,,,,,,,,,,,,,,,,,,,,,,,,,,,,,,,,,,,,,,
nanog1,5935,fell,2.06,1,73.4379,150.678,0.667599,3.05581,186.322,42.6861,27.5262,62.0597,1.23105,22.543,15.9977,5.34746,11.1672,2.21539,,,,,,,,,,,,,,,,,,,,,,,,,,,,,,,,,,,,,,,,,,,,,,,,,,,,,,,,,,,,,,,,,,,,,,,,,,,,,,,,,,,,,,,,,,,,,,,,,,,,,,,,,,,,,,
nanog1,5936,fell,1.94,1,62.9813,112.221,2.48642,4.06296,126.644,46.665,12.0765,15.3173,4.21423,14.275,10.809,3.01989,5.49556,1.24783,,,,,,,,,,,,,,,,,,,,,,,,,,,,,,,,,,,,,,,,,,,,,,,,,,,,,,,,,,,,,,,,,,,,,,,,,,,,,,,,,,,,,,,,,,,,,,,,,,,,,,,,,,,,,,
nanog1,5937,fell,2.02,1,127.508,81.0817,1.29337,3.3988,144.761,44.7504,19.5085,40.9798,1.30648,15.5392,11.6594,4.66244,8.19855,1.65826,,,,,,,,,,,,,,,,,,,,,,,,,,,,,,,,,,,,,,,,,,,,,,,,,,,,,,,,,,,,,,,,,,,,,,,,,,,,,,,,,,,,,,,,,,,,,,,,,,,,,,,,,,,,,,
nanog1,5938,fell,3.02,1,60.8658,127.995,0.968676,3.43822,246.357,55.7562,25.2455,12.9721,1.01216,26.1181,19.0881,5.98244,7.59098,1.0877,,,,,,,,,,,,,,,,,,,,,,,,,,,,,,,,,,,,,,,,,,,,,,,,,,,,,,,,,,,,,,,,,,,,,,,,,,,,,,,,,,,,,,,,,,,,,,,,,,,,,,,,,,,,,,
nanog1,5939,fell,1.86,1,11.7726,5.01828,2.70015,3.98046,98.8138,36.8291,10.4875,10.3068,14.657,13.1396,10.0299,2.97826,4.62167,2.14525,,,,,,,,,,,,,,,,,,,,,,,,,,,,,,,,,,,,,,,,,,,,,,,,,,,,,,,,,,,,,,,,,,,,,,,,,,,,,,,,,,,,,,,,,,,,,,,,,,,,,,,,,,,,,,
nanog1,5940,fell,1.98,1,123.768,59.3295,0.7521,3.20712,148.011,27.0287,11.5231,9.63407,1.13087,15.0869,9.10729,3.72792,5.67091,1.47737,,,,,,,,,,,,,,,,,,,,,,,,,,,,,,,,,,,,,,,,,,,,,,,,,,,,,,,,,,,,,,,,,,,,,,,,,,,,,,,,,,,,,,,,,,,,,,,,,,,,,,,,,,,,,,
nanog1,5941,fell,1.64,1,55.233,53.6609,1.99639,3.80719,134.602,37.9389,13.0194,21.3672,3.77581,16.5292,10.6194,3.50551,7.61482,3.03028,,,,,,,,,,,,,,,,,,,,,,,,,,,,,,,,,,,,,,,,,,,,,,,,,,,,,,,,,,,,,,,,,,,,,,,,,,,,,,,,,,,,,,,,,,,,,,,,,,,,,,,,,,,,,,
nanog1,5942,fell,1.16,1,129.293,45.1055,2.85409,4.1521,81.6665,25.1538,16.1113,6.9147,0.315083,9.45533,6.78269,2.82795,3.99557,0.631883,,,,,,,,,,,,,,,,,,,,,,,,,,,,,,,,,,,,,,,,,,,,,,,,,,,,,,,,,,,,,,,,,,,,,,,,,,,,,,,,,,,,,,,,,,,,,,,,,,,,,,,,,,,,,,
nanog1,5943,fell,1.66,1,85.371,89.5534,3.08003,4.19762,83.4337,26.7883,6.72742,3.01304,0.403233,10.8571,7.5273,2.73352,3.55149,0.739933,,,,,,,,,,,,,,,,,,,,,,,,,,,,,,,,,,,,,,,,,,,,,,,,,,,,,,,,,,,,,,,,,,,,,,,,,,,,,,,,,,,,,,,,,,,,,,,,,,,,,,,,,,,,,,
nanog1,5944,fell,2.32,1,73.9564,4.03832,1.72687,3.36874,128.63,40.2854,17.4575,24.1198,65.9511,16.3303,11.85,3.72898,8.90564,6.95628,,,,,,,,,,,,,,,,,,,,,,,,,,,,,,,,,,,,,,,,,,,,,,,,,,,,,,,,,,,,,,,,,,,,,,,,,,,,,,,,,,,,,,,,,,,,,,,,,,,,,,,,,,,,,,
nanog1,5945,fell,1.62,1,40.9758,87.4462,0.997,2.65842,121.77,30.7435,13.6623,33.2622,20.3142,14.625,9.40588,3.9859,8.9624,7.42457,,,,,,,,,,,,,,,,,,,,,,,,,,,,,,,,,,,,,,,,,,,,,,,,,,,,,,,,,,,,,,,,,,,,,,,,,,,,,,,,,,,,,,,,,,,,,,,,,,,,,,,,,,,,,,
nanog1,5946,fell,1.7,1,62.5735,58.2909,2.06938,3.57907,80.8087,36.0453,9.09429,18.7222,40.9549,13.5501,9.26531,3.36875,6.35358,4.62042,,,,,,,,,,,,,,,,,,,,,,,,,,,,,,,,,,,,,,,,,,,,,,,,,,,,,,,,,,,,,,,,,,,,,,,,,,,,,,,,,,,,,,,,,,,,,,,,,,,,,,,,,,,,,,
nanog1,5947,fell,1.28,1,31.2909,16.0668,1.31163,2.40725,80.6661,26.3855,15.682,21.5909,1.50428,9.52244,7.14982,3.43255,9.90991,3.79662,,,,,,,,,,,,,,,,,,,,,,,,,,,,,,,,,,,,,,,,,,,,,,,,,,,,,,,,,,,,,,,,,,,,,,,,,,,,,,,,,,,,,,,,,,,,,,,,,,,,,,,,,,,,,,
nanog1,5948,fell,1.6,1,35.402,122.695,1.53109,3.47156,130.13,24.0511,11.2545,9.35784,0.603958,15.7983,10.8821,3.66239,6.14926,1.21183,,,,,,,,,,,,,,,,,,,,,,,,,,,,,,,,,,,,,,,,,,,,,,,,,,,,,,,,,,,,,,,,,,,,,,,,,,,,,,,,,,,,,,,,,,,,,,,,,,,,,,,,,,,,,,
nanog1,5949,fell,1.06,1,26.0957,104.749,0.955538,3.20711,70.9931,17.4055,10.2545,9.94572,0.176951,9.42146,8.18527,2.83185,4.62832,0.538885,,,,,,,,,,,,,,,,,,,,,,,,,,,,,,,,,,,,,,,,,,,,,,,,,,,,,,,,,,,,,,,,,,,,,,,,,,,,,,,,,,,,,,,,,,,,,,,,,,,,,,,,,,,,,,
nanog1,5950,fell,2.46,1,104.892,74.8748,3.17812,4.25551,179.309,47.125,20.8437,18.8329,1.127,16.7118,13.3693,3.83972,6.52104,1.86516,,,,,,,,,,,,,,,,,,,,,,,,,,,,,,,,,,,,,,,,,,,,,,,,,,,,,,,,,,,,,,,,,,,,,,,,,,,,,,,,,,,,,,,,,,,,,,,,,,,,,,,,,,,,,,
nanog1,5951,fell,2.12,1,82.045,105.75,2.04276,3.38486,88.6007,30.5216,12.0904,26.6005,0.756149,8.34142,7.3051,2.64432,5.36719,0.844301,,,,,,,,,,,,,,,,,,,,,,,,,,,,,,,,,,,,,,,,,,,,,,,,,,,,,,,,,,,,,,,,,,,,,,,,,,,,,,,,,,,,,,,,,,,,,,,,,,,,,,,,,,,,,,
nanog1,5952,fell,2.72,1,103.003,113.076,1.29459,2.78161,179.21,43.4242,22.5579,14.2323,3.92121,21.0739,16.383,4.51766,7.37187,1.76114,,,,,,,,,,,,,,,,,,,,,,,,,,,,,,,,,,,,,,,,,,,,,,,,,,,,,,,,,,,,,,,,,,,,,,,,,,,,,,,,,,,,,,,,,,,,,,,,,,,,,,,,,,,,,,
nanog1,5953,fell,1.62,1,32.5161,34.6752,0.971598,3.21106,125.101,40.5057,29.3033,20.9796,0.452876,12.2453,8.27702,3.48349,6.50684,1.05748,,,,,,,,,,,,,,,,,,,,,,,,,,,,,,,,,,,,,,,,,,,,,,,,,,,,,,,,,,,,,,,,,,,,,,,,,,,,,,,,,,,,,,,,,,,,,,,,,,,,,,,,,,,,,,
nanog1,5954,fell,1.8,1,46.2506,42.055,1.28047,2.65358,135.151,31.0964,15.2548,26.4749,26.3654,18.639,10.6661,4.41791,9.38308,5.70179,,,,,,,,,,,,,,,,,,,,,,,,,,,,,,,,,,,,,,,,,,,,,,,,,,,,,,,,,,,,,,,,,,,,,,,,,,,,,,,,,,,,,,,,,,,,,,,,,,,,,,,,,,,,,,
nanog1,5955,fell,1.64,1,87.9089,41.8107,2.39884,3.99444,111.884,42.2909,7.17864,4.60151,0.311019,12.5155,10.1839,2.72809,3.87617,1.16942,,,,,,,,,,,,,,,,,,,,,,,,,,,,,,,,,,,,,,,,,,,,,,,,,,,,,,,,,,,,,,,,,,,,,,,,,,,,,,,,,,,,,,,,,,,,,,,,,,,,,,,,,,,,,,
nanog1,5956,fell,2.38,1,71.8301,12.2826,0.906349,2.56329,163.339,37.041,22.4479,61.8518,22.2392,18.1967,11.5019,4.96533,11.1205,7.08843,,,,,,,,,,,,,,,,,,,,,,,,,,,,,,,,,,,,,,,,,,,,,,,,,,,,,,,,,,,,,,,,,,,,,,,,,,,,,,,,,,,,,,,,,,,,,,,,,,,,,,,,,,,,,,
nanog1,5957,fell,1.42,1,89.1195,53.0998,1.3716,3.20632,56.3617,36.6111,16.1202,27.2625,1.16616,7.86247,5.69294,2.49105,6.89592,1.88804,,,,,,,,,,,,,,,,,,,,,,,,,,,,,,,,,,,,,,,,,,,,,,,,,,,,,,,,,,,,,,,,,,,,,,,,,,,,,,,,,,,,,,,,,,,,,,,,,,,,,,,,,,,,,,
nanog1,5958,fell,1.52,1,71.1532,88.2795,1.48385,3.48929,143.644,44.1569,16.5988,9.36773,0.284068,13.6275,9.79516,3.97523,5.20999,0.633065,,,,,,,,,,,,,,,,,,,,,,,,,,,,,,,,,,,,,,,,,,,,,,,,,,,,,,,,,,,,,,,,,,,,,,,,,,,,,,,,,,,,,,,,,,,,,,,,,,,,,,,,,,,,,,
nanog1,5959,fell,1.4,1,140.333,135.541,3.0533,4.2321,96.6227,28.6319,7.73249,25.3678,0.717525,11.0618,8.52283,2.70029,5.87374,0.830849,,,,,,,,,,,,,,,,,,,,,,,,,,,,,,,,,,,,,,,,,,,,,,,,,,,,,,,,,,,,,,,,,,,,,,,,,,,,,,,,,,,,,,,,,,,,,,,,,,,,,,,,,,,,,,
nanog1,5960,fell,1.4,1,102.525,168.073,1.94981,3.62897,59.3362,28.7247,21.0674,21.3837,51.8773,8.8223,6.96985,2.88907,9.48419,4.68444,,,,,,,,,,,,,,,,,,,,,,,,,,,,,,,,,,,,,,,,,,,,,,,,,,,,,,,,,,,,,,,,,,,,,,,,,,,,,,,,,,,,,,,,,,,,,,,,,,,,,,,,,,,,,,
nanog1,5961,fell,2.18,1,51.9071,73.2674,1.67717,3.98513,167.915,31.682,20.7063,9.46407,0.701887,13.9485,10.2877,3.31491,5.66047,1.18584,,,,,,,,,,,,,,,,,,,,,,,,,,,,,,,,,,,,,,,,,,,,,,,,,,,,,,,,,,,,,,,,,,,,,,,,,,,,,,,,,,,,,,,,,,,,,,,,,,,,,,,,,,,,,,
nanog1,5962,fell,2.76,1,50.7224,135.86,2.25436,3.20922,124.122,39.41,18.7361,28.3521,100.016,17.6462,12.3771,4.02275,9.71682,7.64947,,,,,,,,,,,,,,,,,,,,,,,,,,,,,,,,,,,,,,,,,,,,,,,,,,,,,,,,,,,,,,,,,,,,,,,,,,,,,,,,,,,,,,,,,,,,,,,,,,,,,,,,,,,,,,
nanog1,5963,fell,1.94,1,41.1696,124.222,1.02803,2.46992,117.866,34.338,31.3768,12.7369,9.18312,11.2903,7.82855,3.20177,5.70123,1.82466,,,,,,,,,,,,,,,,,,,,,,,,,,,,,,,,,,,,,,,,,,,,,,,,,,,,,,,,,,,,,,,,,,,,,,,,,,,,,,,,,,,,,,,,,,,,,,,,,,,,,,,,,,,,,,
nanog1,5964,fell,1.7,1,132.1,64.9861,1.01671,3.39651,124.396,35.4068,23.3684,10.9977,0.351707,12.8681,8.70736,3.68086,6.69642,1.33563,,,,,,,,,,,,,,,,,,,,,,,,,,,,,,,,,,,,,,,,,,,,,,,,,,,,,,,,,,,,,,,,,,,,,,,,,,,,,,,,,,,,,,,,,,,,,,,,,,,,,,,,,,,,,,
nanog1,5965,fell,2.88,1,75.1127,5.80574,1.95967,3.96394,163.952,48.7986,13.5651,25.3907,23.9719,18.8351,13.0004,4.05401,8.80153,5.35889,,,,,,,,,,,,,,,,,,,,,,,,,,,,,,,,,,,,,,,,,,,,,,,,,,,,,,,,,,,,,,,,,,,,,,,,,,,,,,,,,,,,,,,,,,,,,,,,,,,,,,,,,,,,,,
nanog1,5966,fell,2.28,1,112.489,35.9823,2.98279,4.08377,123.104,28.6892,15.8127,12.0027,0.543812,12.1886,8.8457,2.94997,3.712,0.494584,,,,,,,,,,,,,,,,,,,,,,,,,,,,,,,,,,,,,,,,,,,,,,,,,,,,,,,,,,,,,,,,,,,,,,,,,,,,,,,,,,,,,,,,,,,,,,,,,,,,,,,,,,,,,,
nanog1,5967,fell,1.94,1,108.934,108.688,2.99351,4.24491,139.398,44.0207,7.71732,6.38006,0.601338,15.7728,12.5239,3.84353,4.33612,0.647807,,,,,,,,,,,,,,,,,,,,,,,,,,,,,,,,,,,,,,,,,,,,,,,,,,,,,,,,,,,,,,,,,,,,,,,,,,,,,,,,,,,,,,,,,,,,,,,,,,,,,,,,,,,,,,
nanog1,5968,fell,2.28,1,57.7317,109.713,2.13801,3.53311,131.338,42.8359,27.0262,38.8685,45.8507,14.8256,10.9868,3.89335,8.03507,6.68637,,,,,,,,,,,,,,,,,,,,,,,,,,,,,,,,,,,,,,,,,,,,,,,,,,,,,,,,,,,,,,,,,,,,,,,,,,,,,,,,,,,,,,,,,,,,,,,,,,,,,,,,,,,,,,
nanog1,5969,fell,1.1,1,48.2787,146.621,2.13448,3.76207,47.9625,27.5384,7.23757,15.9602,32.9893,7.13092,5.08004,2.26342,7.36343,3.95842,,,,,,,,,,,,,,,,,,,,,,,,,,,,,,,,,,,,,,,,,,,,,,,,,,,,,,,,,,,,,,,,,,,,,,,,,,,,,,,,,,,,,,,,,,,,,,,,,,,,,,,,,,,,,,
nanog1,5970,fell,1.76,1,85.2501,166.329,1.39023,3.51732,155.196,54.9062,21.545,15.2398,1.21658,14.4347,10.1831,3.25185,6.76624,2.25882,,,,,,,,,,,,,,,,,,,,,,,,,,,,,,,,,,,,,,,,,,,,,,,,,,,,,,,,,,,,,,,,,,,,,,,,,,,,,,,,,,,,,,,,,,,,,,,,,,,,,,,,,,,,,,
nanog1,5971,fell,1.72,1,133.151,49.4664,3.20056,4.29445,115.1,42.0209,13.4038,5.22744,0.338257,12.1075,9.29968,2.92966,3.93803,0.461741,,,,,,,,,,,,,,,,,,,,,,,,,,,,,,,,,,,,,,,,,,,,,,,,,,,,,,,,,,,,,,,,,,,,,,,,,,,,,,,,,,,,,,,,,,,,,,,,,,,,,,,,,,,,,,
nanog1,5972,fell,2.3,1,86.3856,82.0591,2.54597,4.01221,118.39,34.8705,12.1413,15.7025,1.04324,12.9641,9.10712,3.38529,7.31119,2.42412,,,,,,,,,,,,,,,,,,,,,,,,,,,,,,,,,,,,,,,,,,,,,,,,,,,,,,,,,,,,,,,,,,,,,,,,,,,,,,,,,,,,,,,,,,,,,,,,,,,,,,,,,,,,,,
nanog1,5973,fell,2.4,1,34.1626,109.776,1.59423,2.90953,110.696,40.306,19.4108,35.017,44.4611,17.0198,11.6866,4.59353,10.6989,2.94115,,,,,,,,,,,,,,,,,,,,,,,,,,,,,,,,,,,,,,,,,,,,,,,,,,,,,,,,,,,,,,,,,,,,,,,,,,,,,,,,,,,,,,,,,,,,,,,,,,,,,,,,,,,,,,
nanog1,5974,fell,1.62,1,129.354,120.015,0.740428,3.00668,97.5226,16.2917,8.81396,11.7123,0.838478,13.4974,8.72271,3.20312,5.94202,1.02192,,,,,,,,,,,,,,,,,,,,,,,,,,,,,,,,,,,,,,,,,,,,,,,,,,,,,,,,,,,,,,,,,,,,,,,,,,,,,,,,,,,,,,,,,,,,,,,,,,,,,,,,,,,,,,
nanog1,5975,fell,3,1,139.732,16.1979,1.11307,3.39025,268.22,80.7882,26.889,13.4442,1.23618,24.5277,19.8872,6.07185,7.51109,1.08729,,,,,,,,,,,,,,,,,,,,,,,,,,,,,,,,,,,,,,,,,,,,,,,,,,,,,,,,,,,,,,,,,,,,,,,,,,,,,,,,,,,,,,,,,,,,,,,,,,,,,,,,,,,,,,
nanog1,5976,fell,1.92,1,82.0761,23.3661,2.29461,3.02801,128.319,33.855,10.3047,26.7828,4.34662,15.362,12.191,3.68111,5.98768,3.68963,,,,,,,,,,,,,,,,,,,,,,,,,,,,,,,,,,,,,,,,,,,,,,,,,,,,,,,,,,,,,,,,,,,,,,,,,,,,,,,,,,,,,,,,,,,,,,,,,,,,,,,,,,,,,,
nanog1,5977,fell,4.34,1,179.227,59.4048,2.84929,4.27625,311.498,93.2928,46.1209,20.5299,1.88739,25.7443,22.8405,6.50229,9.60185,2.89868,,,,,,,,,,,,,,,,,,,,,,,,,,,,,,,,,,,,,,,,,,,,,,,,,,,,,,,,,,,,,,,,,,,,,,,,,,,,,,,,,,,,,,,,,,,,,,,,,,,,,,,,,,,,,,
nanog1,5978,fell,1.48,1,37.8101,51.9715,2.31382,3.51252,101.001,38.7241,11.6661,21.6673,55.9588,13.7183,9.20026,3.75622,7.28346,5.74866,,,,,,,,,,,,,,,,,,,,,,,,,,,,,,,,,,,,,,,,,,,,,,,,,,,,,,,,,,,,,,,,,,,,,,,,,,,,,,,,,,,,,,,,,,,,,,,,,,,,,,,,,,,,,,
nanog1,5979,fell,1.94,1,165.76,41.6711,2.81379,3.79079,104.987,30.7148,17.1038,8.12065,0.555444,11.712,9.49549,3.13382,4.18591,0.719776,,,,,,,,,,,,,,,,,,,,,,,,,,,,,,,,,,,,,,,,,,,,,,,,,,,,,,,,,,,,,,,,,,,,,,,,,,,,,,,,,,,,,,,,,,,,,,,,,,,,,,,,,,,,,,
nanog1,5980,fell,1.6,1,75.5281,60.7154,1.26419,3.55794,65.0777,30.2152,15.0532,11.386,0.663749,7.25225,6.37189,2.24588,4.37868,1.59627,,,,,,,,,,,,,,,,,,,,,,,,,,,,,,,,,,,,,,,,,,,,,,,,,,,,,,,,,,,,,,,,,,,,,,,,,,,,,,,,,,,,,,,,,,,,,,,,,,,,,,,,,,,,,,
nanog1,5981,fell,1.52,1,82.0505,165.992,3.19807,3.37923,113.6,43.0236,7.63195,25.3842,2.80609,13.91,12.4872,3.13618,7.78232,3.29783,,,,,,,,,,,,,,,,,,,,,,,,,,,,,,,,,,,,,,,,,,,,,,,,,,,,,,,,,,,,,,,,,,,,,,,,,,,,,,,,,,,,,,,,,,,,,,,,,,,,,,,,,,,,,,
nanog1,5982,fell,1.06,1,171.672,135.548,2.96372,4.06912,86.1292,17.1956,13.0733,50.1901,2.7964,10.7538,7.95218,2.73527,9.43183,1.98785,,,,,,,,,,,,,,,,,,,,,,,,,,,,,,,,,,,,,,,,,,,,,,,,,,,,,,,,,,,,,,,,,,,,,,,,,,,,,,,,,,,,,,,,,,,,,,,,,,,,,,,,,,,,,,
nanog1,5983,fell,3.48,1,44.9648,21.3209,0.88703,3.19216,222.981,61.5166,26.8918,36.5176,1.60384,30.5835,18.785,7.00974,13.7588,2.06755,,,,,,,,,,,,,,,,,,,,,,,,,,,,,,,,,,,,,,,,,,,,,,,,,,,,,,,,,,,,,,,,,,,,,,,,,,,,,,,,,,,,,,,,,,,,,,,,,,,,,,,,,,,,,,
nanog1,5984,fell,3,1,128.5,99.3833,1.29189,3.62269,183.223,60.0326,26.7046,15.5049,0.441502,21.0519,14.4386,4.82455,8.03311,0.955997,,,,,,,,,,,,,,,,,,,,,,,,,,,,,,,,,,,,,,,,,,,,,,,,,,,,,,,,,,,,,,,,,,,,,,,,,,,,,,,,,,,,,,,,,,,,,,,,,,,,,,,,,,,,,,
nanog1,5985,fell,1.62,1,35.5266,95.4688,1.09369,3.07088,81.5815,30.5523,11.1064,22.3035,13.1279,9.16715,6.68648,2.80239,9.76891,4.47542,,,,,,,,,,,,,,,,,,,,,,,,,,,,,,,,,,,,,,,,,,,,,,,,,,,,,,,,,,,,,,,,,,,,,,,,,,,,,,,,,,,,,,,,,,,,,,,,,,,,,,,,,,,,,,
nanog1,5986,fell,1.34,1,49.5216,90.4846,1.20151,2.93627,94.1115,22.9316,13.0242,14.4637,1.13971,11.322,8.03741,3.40531,7.21038,2.0383,,,,,,,,,,,,,,,,,,,,,,,,,,,,,,,,,,,,,,,,,,,,,,,,,,,,,,,,,,,,,,,,,,,,,,,,,,,,,,,,,,,,,,,,,,,,,,,,,,,,,,,,,,,,,,
nanog1,5987,fell,2.02,1,54.6435,48.9542,2.09486,3.99686,113.985,39.7757,12.7471,22.6765,31.0371,14.7032,9.19237,3.54577,7.33824,4.22646,,,,,,,,,,,,,,,,,,,,,,,,,,,,,,,,,,,,,,,,,,,,,,,,,,,,,,,,,,,,,,,,,,,,,,,,,,,,,,,,,,,,,,,,,,,,,,,,,,,,,,,,,,,,,,
nanog1,5988,fell,1.84,1,109.598,3.65162,2.56711,4.09865,98.4603,34.8291,16.8273,52.7884,0.991587,10.549,9.02099,2.8043,7.36144,1.17384,,,,,,,,,,,,,,,,,,,,,,,,,,,,,,,,,,,,,,,,,,,,,,,,,,,,,,,,,,,,,,,,,,,,,,,,,,,,,,,,,,,,,,,,,,,,,,,,,,,,,,,,,,,,,,
nanog1,5989,fell,1.3,1,100.748,171.856,2.3304,3.90922,59.2029,26.0033,14.538,10.4467,6.70322,10.1859,6.56996,2.8913,5.03827,1.87986,,,,,,,,,,,,,,,,,,,,,,,,,,,,,,,,,,,,,,,,,,,,,,,,,,,,,,,,,,,,,,,,,,,,,,,,,,,,,,,,,,,,,,,,,,,,,,,,,,,,,,,,,,,,,,
nanog1,5990,fell,1.64,1,89.1512,88.1883,2.89908,4.23283,111.822,44.2868,7.29838,5.20803,0.456993,11.2153,10.812,2.49024,3.19915,0.462571,,,,,,,,,,,,,,,,,,,,,,,,,,,,,,,,,,,,,,,,,,,,,,,,,,,,,,,,,,,,,,,,,,,,,,,,,,,,,,,,,,,,,,,,,,,,,,,,,,,,,,,,,,,,,,
nanog1,5991,fell,2.22,1,83.2611,72.5445,2.96402,4.19898,153.166,35.4373,18.7542,6.0794,0.84073,14.2344,11.6173,3.4288,4.51144,0.724153,,,,,,,,,,,,,,,,,,,,,,,,,,,,,,,,,,,,,,,,,,,,,,,,,,,,,,,,,,,,,,,,,,,,,,,,,,,,,,,,,,,,,,,,,,,,,,,,,,,,,,,,,,,,,,
nanog1,5992,fell,2.44,1,76.4262,76.8267,1.25239,3.04948,151.098,41.009,17.1438,12.2576,20.683,16.3286,11.4762,3.73072,6.62772,3.06891,,,,,,,,,,,,,,,,,,,,,,,,,,,,,,,,,,,,,,,,,,,,,,,,,,,,,,,,,,,,,,,,,,,,,,,,,,,,,,,,,,,,,,,,,,,,,,,,,,,,,,,,,,,,,,
nanog1,5993,fell,1.7,1,71.9731,2.96397,3.02907,3.98645,89.9007,41.7984,9.17167,7.82239,0.475854,10.3277,9.83352,2.37897,2.93982,0.418168,,,,,,,,,,,,,,,,,,,,,,,,,,,,,,,,,,,,,,,,,,,,,,,,,,,,,,,,,,,,,,,,,,,,,,,,,,,,,,,,,,,,,,,,,,,,,,,,,,,,,,,,,,,,,,
nanog1,5994,fell,2.26,1,139.573,5.57813,3.18197,4.46473,176.202,53.3945,11.9091,10.7446,12.8141,19.7845,15.4731,4.74884,9.98195,4.80958,,,,,,,,,,,,,,,,,,,,,,,,,,,,,,,,,,,,,,,,,,,,,,,,,,,,,,,,,,,,,,,,,,,,,,,,,,,,,,,,,,,,,,,,,,,,,,,,,,,,,,,,,,,,,,
nanog1,5995,fell,1.6,1,142.45,31.8022,2.87664,4.04481,91.9756,25.7974,18.996,10.8534,0.485308,8.98518,7.73619,2.26336,4.51639,1.2864,,,,,,,,,,,,,,,,,,,,,,,,,,,,,,,,,,,,,,,,,,,,,,,,,,,,,,,,,,,,,,,,,,,,,,,,,,,,,,,,,,,,,,,,,,,,,,,,,,,,,,,,,,,,,,
nanog1,5996,fell,1.56,1,88.0398,72.0088,3.0307,4.02442,90.0059,30.0299,8.13638,4.51415,0.412556,11.4838,10.1967,2.9111,3.79177,0.648323,,,,,,,,,,,,,,,,,,,,,,,,,,,,,,,,,,,,,,,,,,,,,,,,,,,,,,,,,,,,,,,,,,,,,,,,,,,,,,,,,,,,,,,,,,,,,,,,,,,,,,,,,,,,,,
nanog1,5997,fell,1.76,1,37.0468,14.6104,2.4959,3.69359,129.177,35.5612,6.40092,16.1994,0.662732,20.5213,13.9237,4.99029,8.00152,1.50487,,,,,,,,,,,,,,,,,,,,,,,,,,,,,,,,,,,,,,,,,,,,,,,,,,,,,,,,,,,,,,,,,,,,,,,,,,,,,,,,,,,,,,,,,,,,,,,,,,,,,,,,,,,,,,
nanog1,5998,fell,2.18,1,75.8015,10.5973,1.09494,2.86334,81.758,35.9917,12.015,20.5862,0.718325,10.9679,8.24667,2.95854,8.42162,1.37096,,,,,,,,,,,,,,,,,,,,,,,,,,,,,,,,,,,,,,,,,,,,,,,,,,,,,,,,,,,,,,,,,,,,,,,,,,,,,,,,,,,,,,,,,,,,,,,,,,,,,,,,,,,,,,
nanog1,5999,fell,2.54,1,44.2762,65.8015,2.66121,4.28523,158.589,44.0732,18.342,6.21752,0.804509,14.5453,12.0828,3.42419,5.08334,0.983445,,,,,,,,,,,,,,,,,,,,,,,,,,,,,,,,,,,,,,,,,,,,,,,,,,,,,,,,,,,,,,,,,,,,,,,,,,,,,,,,,,,,,,,,,,,,,,,,,,,,,,,,,,,,,,
nanog1,6000,fell,1.62,1,71.7867,95.5702,2.95467,3.94499,101.394,23.4271,17.9729,13.3953,0.384828,8.50455,7.53935,2.38267,4.29437,0.659619,,,,,,,,,,,,,,,,,,,,,,,,,,,,,,,,,,,,,,,,,,,,,,,,,,,,,,,,,,,,,,,,,,,,,,,,,,,,,,,,,,,,,,,,,,,,,,,,,,,,,,,,,,,,,,
nanog1,6001,fell,2.1,1,67.5831,53.2547,1.40286,2.9076,160.681,49.9241,13.234,27.1726,58.8609,24.8124,16.0448,4.85352,10.7243,6.00492,,,,,,,,,,,,,,,,,,,,,,,,,,,,,,,,,,,,,,,,,,,,,,,,,,,,,,,,,,,,,,,,,,,,,,,,,,,,,,,,,,,,,,,,,,,,,,,,,,,,,,,,,,,,,,
nanog1,6002,fell,3.52,1,127.197,38.8868,2.92883,4.00979,185.949,48.6784,23.9457,14.9572,1.19055,23.6836,16.4025,5.40528,8.21134,2.80893,,,,,,,,,,,,,,,,,,,,,,,,,,,,,,,,,,,,,,,,,,,,,,,,,,,,,,,,,,,,,,,,,,,,,,,,,,,,,,,,,,,,,,,,,,,,,,,,,,,,,,,,,,,,,,
nanog1,6003,fell,3.06,1,81.9012,23.8344,2.53622,3.83175,207.295,48.8789,21.5555,10.7041,0.825601,22.7336,16.5042,4.91803,6.71602,1.06517,,,,,,,,,,,,,,,,,,,,,,,,,,,,,,,,,,,,,,,,,,,,,,,,,,,,,,,,,,,,,,,,,,,,,,,,,,,,,,,,,,,,,,,,,,,,,,,,,,,,,,,,,,,,,,
nanog1,6004,fell,2.3,1,188.613,14.6692,1.09184,3.03428,156.149,41.0046,25.3679,24.4552,7.34297,18.3711,10.9806,4.69144,8.42654,5.09329,,,,,,,,,,,,,,,,,,,,,,,,,,,,,,,,,,,,,,,,,,,,,,,,,,,,,,,,,,,,,,,,,,,,,,,,,,,,,,,,,,,,,,,,,,,,,,,,,,,,,,,,,,,,,,
nanog1,6005,fell,2.64,1,72.581,30.7019,1.05158,3.28617,230.991,60.8637,39.486,14.7117,1.3369,26.7567,17.8206,6.02517,8.48505,1.52572,,,,,,,,,,,,,,,,,,,,,,,,,,,,,,,,,,,,,,,,,,,,,,,,,,,,,,,,,,,,,,,,,,,,,,,,,,,,,,,,,,,,,,,,,,,,,,,,,,,,,,,,,,,,,,
nanog1,6006,fell,1.92,1,28.9499,3.81078,2.44797,3.92303,94.9868,45.3203,10.4175,11.9437,11.8715,10.3548,8.56853,2.3421,4.93908,2.25594,,,,,,,,,,,,,,,,,,,,,,,,,,,,,,,,,,,,,,,,,,,,,,,,,,,,,,,,,,,,,,,,,,,,,,,,,,,,,,,,,,,,,,,,,,,,,,,,,,,,,,,,,,,,,,
nanog1,6007,fell,1.38,1,58.7522,146.213,2.95917,4.00768,94.0494,29.6512,17.5161,4.12577,0.348167,10.2222,7.71829,2.81253,3.81737,1.18398,,,,,,,,,,,,,,,,,,,,,,,,,,,,,,,,,,,,,,,,,,,,,,,,,,,,,,,,,,,,,,,,,,,,,,,,,,,,,,,,,,,,,,,,,,,,,,,,,,,,,,,,,,,,,,
nanog1,6008,fell,2.7,1,101.813,60.7055,2.52231,3.86839,139.599,38.3784,22.1538,12.932,1.58311,13.6711,9.5564,3.80671,5.84413,2.83853,,,,,,,,,,,,,,,,,,,,,,,,,,,,,,,,,,,,,,,,,,,,,,,,,,,,,,,,,,,,,,,,,,,,,,,,,,,,,,,,,,,,,,,,,,,,,,,,,,,,,,,,,,,,,,
nanog1,6009,fell,1.42,1,98.9293,74.1894,1.44425,2.87759,96.8913,29.3668,12.5105,22.0007,54.985,13.2406,8.64226,3.40074,9.07166,7.86548,,,,,,,,,,,,,,,,,,,,,,,,,,,,,,,,,,,,,,,,,,,,,,,,,,,,,,,,,,,,,,,,,,,,,,,,,,,,,,,,,,,,,,,,,,,,,,,,,,,,,,,,,,,,,,
nanog1,6010,fell,4.66,1,95.1467,75.1486,2.77369,3.75188,247.602,53.6071,35.316,16.7722,1.18423,20.2113,17.7252,4.51543,6.40987,1.10539,,,,,,,,,,,,,,,,,,,,,,,,,,,,,,,,,,,,,,,,,,,,,,,,,,,,,,,,,,,,,,,,,,,,,,,,,,,,,,,,,,,,,,,,,,,,,,,,,,,,,,,,,,,,,,
nanog1,6011,fell,1.56,1,57.7761,25.0722,2.83552,4.23114,61.875,32.0774,6.46366,3.3445,0.768818,9.36449,9.00116,2.32322,3.01782,0.515894,,,,,,,,,,,,,,,,,,,,,,,,,,,,,,,,,,,,,,,,,,,,,,,,,,,,,,,,,,,,,,,,,,,,,,,,,,,,,,,,,,,,,,,,,,,,,,,,,,,,,,,,,,,,,,
nanog1,6012,fell,1.68,1,35.7307,3.46037,1.25419,3.30622,83.9953,27.287,18.0771,10.5484,0.66673,10.7542,8.35298,3.38378,6.30053,1.15704,,,,,,,,,,,,,,,,,,,,,,,,,,,,,,,,,,,,,,,,,,,,,,,,,,,,,,,,,,,,,,,,,,,,,,,,,,,,,,,,,,,,,,,,,,,,,,,,,,,,,,,,,,,,,,
nanog1,6013,fell,1.26,1,57.7505,89.7316,2.00157,3.81553,57.2665,29.832,6.25492,13.8005,31.006,10.1221,7.4457,2.40567,6.70033,4.01617,,,,,,,,,,,,,,,,,,,,,,,,,,,,,,,,,,,,,,,,,,,,,,,,,,,,,,,,,,,,,,,,,,,,,,,,,,,,,,,,,,,,,,,,,,,,,,,,,,,,,,,,,,,,,,
nanog1,6014,fell,1.38,1,65.6926,33.5185,2.69202,4.23412,98.9665,34.4919,14.522,5.98215,0.308228,9.02282,8.1799,2.31068,2.77038,0.365264,,,,,,,,,,,,,,,,,,,,,,,,,,,,,,,,,,,,,,,,,,,,,,,,,,,,,,,,,,,,,,,,,,,,,,,,,,,,,,,,,,,,,,,,,,,,,,,,,,,,,,,,,,,,,,
nanog1,6015,fell,1.76,1,36.0778,31.674,2.97593,4.18097,77.0136,28.4609,25.325,13.2647,0.352558,6.86057,6.62728,1.83766,3.41628,0.518143,,,,,,,,,,,,,,,,,,,,,,,,,,,,,,,,,,,,,,,,,,,,,,,,,,,,,,,,,,,,,,,,,,,,,,,,,,,,,,,,,,,,,,,,,,,,,,,,,,,,,,,,,,,,,,
nanog1,6016,fell,2.38,1,100.195,6.3692,2.00116,3.30656,107.913,39.5992,11.934,25.9736,90.8116,13.0908,8.80635,3.37496,6.51664,6.67804,,,,,,,,,,,,,,,,,,,,,,,,,,,,,,,,,,,,,,,,,,,,,,,,,,,,,,,,,,,,,,,,,,,,,,,,,,,,,,,,,,,,,,,,,,,,,,,,,,,,,,,,,,,,,,
nanog1,6017,fell,1.36,1,51.4993,103.967,2.84366,4.0954,71.8748,30.4214,11.7905,4.50286,0.666519,9.29127,6.68127,2.6143,3.50099,0.459526,,,,,,,,,,,,,,,,,,,,,,,,,,,,,,,,,,,,,,,,,,,,,,,,,,,,,,,,,,,,,,,,,,,,,,,,,,,,,,,,,,,,,,,,,,,,,,,,,,,,,,,,,,,,,,
nanog1,6018,fell,1.92,1,74.9452,54.5515,2.85377,4.01346,136.719,50.407,10.4629,7.93421,0.437638,15.7644,14.2937,3.76149,4.36376,0.602749,,,,,,,,,,,,,,,,,,,,,,,,,,,,,,,,,,,,,,,,,,,,,,,,,,,,,,,,,,,,,,,,,,,,,,,,,,,,,,,,,,,,,,,,,,,,,,,,,,,,,,,,,,,,,,
nanog1,6019,fell,1.7,1,119.553,22.8118,2.03637,3.20256,110.874,36.1532,11.2177,44.6897,111.81,16.8403,11.0396,4.02301,15.0057,12.5709,,,,,,,,,,,,,,,,,,,,,,,,,,,,,,,,,,,,,,,,,,,,,,,,,,,,,,,,,,,,,,,,,,,,,,,,,,,,,,,,,,,,,,,,,,,,,,,,,,,,,,,,,,,,,,
nanog1,6020,fell,2.5,1,105.969,14.5865,2.1683,3.32558,193.352,65.1687,15.5212,24.1333,2.17222,18.5276,15.2221,4.7648,7.38761,1.21974,,,,,,,,,,,,,,,,,,,,,,,,,,,,,,,,,,,,,,,,,,,,,,,,,,,,,,,,,,,,,,,,,,,,,,,,,,,,,,,,,,,,,,,,,,,,,,,,,,,,,,,,,,,,,,
nanog1,6021,fell,1.56,1,121.187,69.7828,2.50156,3.78318,109.253,31.7231,18.5803,37.0198,1.35733,12.9555,10.0606,3.47605,6.69982,1.17707,,,,,,,,,,,,,,,,,,,,,,,,,,,,,,,,,,,,,,,,,,,,,,,,,,,,,,,,,,,,,,,,,,,,,,,,,,,,,,,,,,,,,,,,,,,,,,,,,,,,,,,,,,,,,,
nanog1,6022,fell,2.16,1,74.0212,63.7054,2.29096,4.06142,153.414,50.2191,16.5606,11.7691,7.0757,16.0653,12.2532,3.39988,4.99469,1.71638,,,,,,,,,,,,,,,,,,,,,,,,,,,,,,,,,,,,,,,,,,,,,,,,,,,,,,,,,,,,,,,,,,,,,,,,,,,,,,,,,,,,,,,,,,,,,,,,,,,,,,,,,,,,,,
nanog1,6023,fell,1.4,1,55.7743,3.51936,1.53034,3.61259,50.2442,29.1367,8.91898,20.6558,43.5782,8.9078,6.76356,2.93599,8.53808,4.96363,,,,,,,,,,,,,,,,,,,,,,,,,,,,,,,,,,,,,,,,,,,,,,,,,,,,,,,,,,,,,,,,,,,,,,,,,,,,,,,,,,,,,,,,,,,,,,,,,,,,,,,,,,,,,,
nanog1,6024,fell,1.54,1,50.1504,140.586,2.46051,4.04972,73.0197,33.842,6.09081,3.70055,0.645236,9.57544,7.38794,2.16288,3.39644,0.473474,,,,,,,,,,,,,,,,,,,,,,,,,,,,,,,,,,,,,,,,,,,,,,,,,,,,,,,,,,,,,,,,,,,,,,,,,,,,,,,,,,,,,,,,,,,,,,,,,,,,,,,,,,,,,,
nanog1,6025,fell,1.58,1,55.7579,74.2245,2.94108,4.06213,79.6653,32.4965,10.0294,5.52879,2.13203,8.04235,6.52018,2.13837,3.08396,1.43289,,,,,,,,,,,,,,,,,,,,,,,,,,,,,,,,,,,,,,,,,,,,,,,,,,,,,,,,,,,,,,,,,,,,,,,,,,,,,,,,,,,,,,,,,,,,,,,,,,,,,,,,,,,,,,
nanog1,6026,fell,1.88,1,103.349,55.9296,1.71768,3.24434,128.514,54.392,18.7463,28.2651,30.2893,15.8107,11.4294,3.95175,8.73413,2.70089,,,,,,,,,,,,,,,,,,,,,,,,,,,,,,,,,,,,,,,,,,,,,,,,,,,,,,,,,,,,,,,,,,,,,,,,,,,,,,,,,,,,,,,,,,,,,,,,,,,,,,,,,,,,,,
nanog1,6027,fell,1.34,1,21.3057,160.741,2.09073,3.61332,52.086,29.7392,6.34926,13.8251,29.7134,10.2049,7.21026,3.10738,6.54863,4.14921,,,,,,,,,,,,,,,,,,,,,,,,,,,,,,,,,,,,,,,,,,,,,,,,,,,,,,,,,,,,,,,,,,,,,,,,,,,,,,,,,,,,,,,,,,,,,,,,,,,,,,,,,,,,,,
nanog1,6028,fell,1.9,1,39.1571,16.0394,2.24304,4.01542,119.174,37.5332,7.82327,19.7707,21.6252,15.2228,9.86275,3.74148,6.04396,3.61498,,,,,,,,,,,,,,,,,,,,,,,,,,,,,,,,,,,,,,,,,,,,,,,,,,,,,,,,,,,,,,,,,,,,,,,,,,,,,,,,,,,,,,,,,,,,,,,,,,,,,,,,,,,,,,
nanog1,6029,fell,1.96,1,81.9193,13.5491,1.69802,3.6215,101.674,28.815,12.9385,7.61625,0.589618,11.9383,9.31661,3.53857,4.33132,0.65066,,,,,,,,,,,,,,,,,,,,,,,,,,,,,,,,,,,,,,,,,,,,,,,,,,,,,,,,,,,,,,,,,,,,,,,,,,,,,,,,,,,,,,,,,,,,,,,,,,,,,,,,,,,,,,
nanog1,6030,fell,1.98,1,11.9854,89.9642,1.48581,3.69179,113.865,41.5433,9.25081,12.5059,4.49139,15.0075,10.0743,3.40335,6.37184,1.38505,,,,,,,,,,,,,,,,,,,,,,,,,,,,,,,,,,,,,,,,,,,,,,,,,,,,,,,,,,,,,,,,,,,,,,,,,,,,,,,,,,,,,,,,,,,,,,,,,,,,,,,,,,,,,,
nanog1,6031,fell,4.4,1,127.052,24.9322,2.09203,3.62724,245.884,81.2526,26.4352,29.9454,61.5893,21.8788,16.9994,5.42765,12.0182,7.84697,,,,,,,,,,,,,,,,,,,,,,,,,,,,,,,,,,,,,,,,,,,,,,,,,,,,,,,,,,,,,,,,,,,,,,,,,,,,,,,,,,,,,,,,,,,,,,,,,,,,,,,,,,,,,,
nanog1,6032,fell,1.18,1,81.1724,7.04899,0.956892,3.47895,97.0979,30.8657,20.7951,7.37238,0.229733,10.1575,7.61382,3.41585,4.93457,0.519562,,,,,,,,,,,,,,,,,,,,,,,,,,,,,,,,,,,,,,,,,,,,,,,,,,,,,,,,,,,,,,,,,,,,,,,,,,,,,,,,,,,,,,,,,,,,,,,,,,,,,,,,,,,,,,
nanog1,6033,fell,2.32,1,90.1123,24.8626,1.88045,3.62857,134.989,46.1713,26.7539,21.3003,3.35595,12.5519,9.24941,3.25641,8.46401,3.8078,,,,,,,,,,,,,,,,,,,,,,,,,,,,,,,,,,,,,,,,,,,,,,,,,,,,,,,,,,,,,,,,,,,,,,,,,,,,,,,,,,,,,,,,,,,,,,,,,,,,,,,,,,,,,,
nanog1,6034,fell,1.76,1,103.091,4.75192,1.21118,2.99982,120.963,31.5545,12.129,15.55,2.97104,15.9762,10.4969,3.70701,8.48736,4.22513,,,,,,,,,,,,,,,,,,,,,,,,,,,,,,,,,,,,,,,,,,,,,,,,,,,,,,,,,,,,,,,,,,,,,,,,,,,,,,,,,,,,,,,,,,,,,,,,,,,,,,,,,,,,,,
nanog1,6035,fell,2.24,1,53.7369,1.81539,1.19312,3.23801,131.51,47.5939,12.816,16.5406,7.67791,17.5336,10.6825,3.36269,6.84287,3.58919,,,,,,,,,,,,,,,,,,,,,,,,,,,,,,,,,,,,,,,,,,,,,,,,,,,,,,,,,,,,,,,,,,,,,,,,,,,,,,,,,,,,,,,,,,,,,,,,,,,,,,,,,,,,,,
nanog1,6036,fell,1.2,1,39.5177,150.811,3.26678,3.76055,79.4007,30.4867,16.2033,16.0149,0.374414,8.5762,6.65965,2.507,5.57079,1.25087,,,,,,,,,,,,,,,,,,,,,,,,,,,,,,,,,,,,,,,,,,,,,,,,,,,,,,,,,,,,,,,,,,,,,,,,,,,,,,,,,,,,,,,,,,,,,,,,,,,,,,,,,,,,,,
nanog1,6037,fell,1.86,1,75.1174,59.7595,2.87,4.24066,111.981,35.2141,14.233,17.9112,1.0251,11.1711,8.87415,3.09962,7.29295,1.50001,,,,,,,,,,,,,,,,,,,,,,,,,,,,,,,,,,,,,,,,,,,,,,,,,,,,,,,,,,,,,,,,,,,,,,,,,,,,,,,,,,,,,,,,,,,,,,,,,,,,,,,,,,,,,,
nanog1,6038,fell,2.32,1,122.991,44.5439,2.60684,3.91831,92.4479,26.5143,23.766,14.7601,0.708485,9.42632,8.6763,2.54724,3.62033,0.516312,,,,,,,,,,,,,,,,,,,,,,,,,,,,,,,,,,,,,,,,,,,,,,,,,,,,,,,,,,,,,,,,,,,,,,,,,,,,,,,,,,,,,,,,,,,,,,,,,,,,,,,,,,,,,,
nanog1,6039,fell,1.14,1,85.494,19.3815,2.88967,4.18222,85.3221,27.6029,10.9571,22.6235,0.939132,10.3611,7.52552,2.81284,7.92676,2.24238,,,,,,,,,,,,,,,,,,,,,,,,,,,,,,,,,,,,,,,,,,,,,,,,,,,,,,,,,,,,,,,,,,,,,,,,,,,,,,,,,,,,,,,,,,,,,,,,,,,,,,,,,,,,,,
nanog1,6040,fell,1.98,1,55.7607,60.5215,2.04721,3.19178,103.583,30.6446,16.4176,25.6924,42.8798,13.3181,9.09773,3.79289,9.18442,5.82938,,,,,,,,,,,,,,,,,,,,,,,,,,,,,,,,,,,,,,,,,,,,,,,,,,,,,,,,,,,,,,,,,,,,,,,,,,,,,,,,,,,,,,,,,,,,,,,,,,,,,,,,,,,,,,
nanog1,6041,fell,3.08,1,109.135,76.2455,1.37901,2.68932,188.578,47.0721,26.0713,23.8576,0.861994,19.0735,13.6651,4.19865,7.85342,0.925968,,,,,,,,,,,,,,,,,,,,,,,,,,,,,,,,,,,,,,,,,,,,,,,,,,,,,,,,,,,,,,,,,,,,,,,,,,,,,,,,,,,,,,,,,,,,,,,,,,,,,,,,,,,,,,
nanog1,6042,fell,2.6,1,87.3801,11.5453,1.75533,2.176,216.076,65.7496,29.7677,47.1038,13.7097,20.8482,13.9577,4.85898,14.2555,8.32911,,,,,,,,,,,,,,,,,,,,,,,,,,,,,,,,,,,,,,,,,,,,,,,,,,,,,,,,,,,,,,,,,,,,,,,,,,,,,,,,,,,,,,,,,,,,,,,,,,,,,,,,,,,,,,
nanog1,6043,fell,1.94,1,69.5168,59.7569,2.38095,3.6267,99.0055,38.1433,12.2299,8.37834,0.407585,11.842,9.08117,3.11148,3.9575,0.509019,,,,,,,,,,,,,,,,,,,,,,,,,,,,,,,,,,,,,,,,,,,,,,,,,,,,,,,,,,,,,,,,,,,,,,,,,,,,,,,,,,,,,,,,,,,,,,,,,,,,,,,,,,,,,,
nanog1,6044,fell,1.14,1,53.9591,37.7493,2.15779,3.19974,41.3558,23.3551,15.3816,46.4738,87.8922,7.22417,6.74116,2.90309,13.8765,7.35409,,,,,,,,,,,,,,,,,,,,,,,,,,,,,,,,,,,,,,,,,,,,,,,,,,,,,,,,,,,,,,,,,,,,,,,,,,,,,,,,,,,,,,,,,,,,,,,,,,,,,,,,,,,,,,
nanog1,6045,fell,1.7,1,52.9605,20.0819,2.3456,2.93775,107.537,33.4861,12.7915,11.9374,0.58843,12.6166,9.93105,3.31764,8.38709,1.21729,,,,,,,,,,,,,,,,,,,,,,,,,,,,,,,,,,,,,,,,,,,,,,,,,,,,,,,,,,,,,,,,,,,,,,,,,,,,,,,,,,,,,,,,,,,,,,,,,,,,,,,,,,,,,,
nanog1,6046,fell,1.48,1,172.919,13.2392,3.04951,4.30501,100.649,35.5195,10.3469,5.70498,0.365748,10.3256,8.47507,3.01166,3.4528,0.430828,,,,,,,,,,,,,,,,,,,,,,,,,,,,,,,,,,,,,,,,,,,,,,,,,,,,,,,,,,,,,,,,,,,,,,,,,,,,,,,,,,,,,,,,,,,,,,,,,,,,,,,,,,,,,,
nanog1,6047,fell,2.44,1,48.4443,72.8025,2.69839,4.15226,147.408,27.7521,17.917,11.5058,0.654288,17.4421,11.4342,3.54948,4.95137,0.692462,,,,,,,,,,,,,,,,,,,,,,,,,,,,,,,,,,,,,,,,,,,,,,,,,,,,,,,,,,,,,,,,,,,,,,,,,,,,,,,,,,,,,,,,,,,,,,,,,,,,,,,,,,,,,,
nanog1,6048,fell,2.48,1,36.3628,113.168,2.17667,4.00365,160.112,50.9559,21.8376,11.3568,72.8337,17.0913,13.9195,3.69382,5.98721,6.47087,,,,,,,,,,,,,,,,,,,,,,,,,,,,,,,,,,,,,,,,,,,,,,,,,,,,,,,,,,,,,,,,,,,,,,,,,,,,,,,,,,,,,,,,,,,,,,,,,,,,,,,,,,,,,,
nanog1,6049,fell,2.06,1,77.2747,8.41691,3.16103,4.44252,133.638,53.7227,10.3035,7.85317,0.331303,13.3793,11.6472,3.43738,4.94489,0.756416,,,,,,,,,,,,,,,,,,,,,,,,,,,,,,,,,,,,,,,,,,,,,,,,,,,,,,,,,,,,,,,,,,,,,,,,,,,,,,,,,,,,,,,,,,,,,,,,,,,,,,,,,,,,,,
nanog1,6050,fell,2.58,1,126.882,55.017,3.18433,4.37003,179.922,57.8625,13.5636,7.44913,0.591388,18.0716,13.2056,4.29855,5.75014,0.918864,,,,,,,,,,,,,,,,,,,,,,,,,,,,,,,,,,,,,,,,,,,,,,,,,,,,,,,,,,,,,,,,,,,,,,,,,,,,,,,,,,,,,,,,,,,,,,,,,,,,,,,,,,,,,,
nanog1,6051,fell,1.36,1,65.2794,10.218,0.73207,3.04742,97.5068,22.4698,12.5567,8.21551,0.38243,11.0899,8.73957,3.16397,5.09785,1.06572,,,,,,,,,,,,,,,,,,,,,,,,,,,,,,,,,,,,,,,,,,,,,,,,,,,,,,,,,,,,,,,,,,,,,,,,,,,,,,,,,,,,,,,,,,,,,,,,,,,,,,,,,,,,,,
nanog1,6052,fell,1.74,1,43.3917,75.3972,0.604446,2.99321,102.078,37.387,18.8529,11.1909,0.532304,11.4996,9.61355,3.08957,5.27675,1.03729,,,,,,,,,,,,,,,,,,,,,,,,,,,,,,,,,,,,,,,,,,,,,,,,,,,,,,,,,,,,,,,,,,,,,,,,,,,,,,,,,,,,,,,,,,,,,,,,,,,,,,,,,,,,,,
nanog1,6053,fell,2.1,1,81.0083,83.1979,3.02666,4.03822,97.3732,42.0501,13.6785,7.36868,0.426969,10.3639,9.10755,2.79122,3.37461,0.50675,,,,,,,,,,,,,,,,,,,,,,,,,,,,,,,,,,,,,,,,,,,,,,,,,,,,,,,,,,,,,,,,,,,,,,,,,,,,,,,,,,,,,,,,,,,,,,,,,,,,,,,,,,,,,,
nanog1,6054,fell,1.34,1,164.853,44.8767,2.24741,3.65918,70.3525,23.3216,9.94402,27.8345,2.29567,10.1414,7.17504,2.88367,7.47568,2.99657,,,,,,,,,,,,,,,,,,,,,,,,,,,,,,,,,,,,,,,,,,,,,,,,,,,,,,,,,,,,,,,,,,,,,,,,,,,,,,,,,,,,,,,,,,,,,,,,,,,,,,,,,,,,,,
nanog1,6055,fell,1.88,1,110.923,137.128,1.43649,2.88701,98.0924,23.8198,15.3687,22.4061,1.92422,11.8328,8.17814,3.20531,8.95313,2.26328,,,,,,,,,,,,,,,,,,,,,,,,,,,,,,,,,,,,,,,,,,,,,,,,,,,,,,,,,,,,,,,,,,,,,,,,,,,,,,,,,,,,,,,,,,,,,,,,,,,,,,,,,,,,,,
nanog1,6056,fell,1.64,1,112.512,111.198,1.91784,4.0313,112.301,34.8312,9.1745,12.2493,0.575031,11.6993,9.39882,3.34814,6.27168,1.13698,,,,,,,,,,,,,,,,,,,,,,,,,,,,,,,,,,,,,,,,,,,,,,,,,,,,,,,,,,,,,,,,,,,,,,,,,,,,,,,,,,,,,,,,,,,,,,,,,,,,,,,,,,,,,,
nanog1,6057,fell,1.58,1,95.4298,50.888,2.12864,3.59666,163.296,50.157,11.2362,23.4558,94.3488,23.1284,16.5038,4.82997,9.54795,5.57938,,,,,,,,,,,,,,,,,,,,,,,,,,,,,,,,,,,,,,,,,,,,,,,,,,,,,,,,,,,,,,,,,,,,,,,,,,,,,,,,,,,,,,,,,,,,,,,,,,,,,,,,,,,,,,
nanog1,6058,fell,1.7,1,111.439,54.8883,1.96505,3.95155,156.163,38.8231,14.937,18.0127,50.9432,15.9516,9.34494,3.4627,6.97628,5.27785,,,,,,,,,,,,,,,,,,,,,,,,,,,,,,,,,,,,,,,,,,,,,,,,,,,,,,,,,,,,,,,,,,,,,,,,,,,,,,,,,,,,,,,,,,,,,,,,,,,,,,,,,,,,,,
nanog1,6059,fell,1.74,1,76.6291,40.1488,1.87547,3.91954,105.311,36.3352,12.9184,4.467,0.308784,10.4231,8.7155,2.49655,3.30968,0.396375,,,,,,,,,,,,,,,,,,,,,,,,,,,,,,,,,,,,,,,,,,,,,,,,,,,,,,,,,,,,,,,,,,,,,,,,,,,,,,,,,,,,,,,,,,,,,,,,,,,,,,,,,,,,,,
nanog1,6060,fell,1.4,1,47.1638,27.1915,0.772153,3.1638,127.082,25.4079,17.4267,10.6639,0.279927,16.0179,10.1905,3.67541,5.12089,0.631875,,,,,,,,,,,,,,,,,,,,,,,,,,,,,,,,,,,,,,,,,,,,,,,,,,,,,,,,,,,,,,,,,,,,,,,,,,,,,,,,,,,,,,,,,,,,,,,,,,,,,,,,,,,,,,
nanog1,6061,fell,2.52,1,118.158,19.818,1.72327,3.22359,113.114,38.2321,17.1063,36.8796,29.0874,13.5655,10.0158,3.54882,9.7555,4.76073,,,,,,,,,,,,,,,,,,,,,,,,,,,,,,,,,,,,,,,,,,,,,,,,,,,,,,,,,,,,,,,,,,,,,,,,,,,,,,,,,,,,,,,,,,,,,,,,,,,,,,,,,,,,,,
nanog1,6062,fell,1.22,1,93.1312,69.8778,1.64242,3.41868,102.818,28.6481,8.72412,15.765,4.06858,12.8578,8.87498,3.11338,5.52175,1.31204,,,,,,,,,,,,,,,,,,,,,,,,,,,,,,,,,,,,,,,,,,,,,,,,,,,,,,,,,,,,,,,,,,,,,,,,,,,,,,,,,,,,,,,,,,,,,,,,,,,,,,,,,,,,,,
nanog1,6063,fell,1.22,1,99.081,163.321,2.87327,4.07377,71.463,24.4323,19.1729,42.6955,1.52752,8.76295,7.56111,2.8491,6.73664,1.90285,,,,,,,,,,,,,,,,,,,,,,,,,,,,,,,,,,,,,,,,,,,,,,,,,,,,,,,,,,,,,,,,,,,,,,,,,,,,,,,,,,,,,,,,,,,,,,,,,,,,,,,,,,,,,,
nanog1,6064,fell,1.24,1,178.483,73.6931,0.924482,3.2438,94.7819,16.1225,14.2939,34.1435,1.93111,12.3321,8.19992,3.21093,10.4562,2.52966,,,,,,,,,,,,,,,,,,,,,,,,,,,,,,,,,,,,,,,,,,,,,,,,,,,,,,,,,,,,,,,,,,,,,,,,,,,,,,,,,,,,,,,,,,,,,,,,,,,,,,,,,,,,,,
nanog1,6065,fell,1.62,1,83.4636,121.657,2.98987,4.33791,111.9,38.9454,6.88438,3.54893,0.590506,12.5741,10.3902,2.83291,3.22077,0.728744,,,,,,,,,,,,,,,,,,,,,,,,,,,,,,,,,,,,,,,,,,,,,,,,,,,,,,,,,,,,,,,,,,,,,,,,,,,,,,,,,,,,,,,,,,,,,,,,,,,,,,,,,,,,,,
nanog1,6066,fell,2.7,1,146.237,35.5288,3.03014,4.33431,201.027,73.1825,15.7138,8.17378,0.638781,18.9571,15.2469,4.53205,5.33452,0.859535,,,,,,,,,,,,,,,,,,,,,,,,,,,,,,,,,,,,,,,,,,,,,,,,,,,,,,,,,,,,,,,,,,,,,,,,,,,,,,,,,,,,,,,,,,,,,,,,,,,,,,,,,,,,,,
nanog1,6067,fell,2.04,1,91.6958,8.99796,1.59804,3.60995,95.5735,34.9142,9.79399,7.79987,0.574874,10.163,7.96684,2.61834,4.6863,0.964403,,,,,,,,,,,,,,,,,,,,,,,,,,,,,,,,,,,,,,,,,,,,,,,,,,,,,,,,,,,,,,,,,,,,,,,,,,,,,,,,,,,,,,,,,,,,,,,,,,,,,,,,,,,,,,
nanog1,6068,fell,1.68,1,102.603,44.7141,2.75393,4.10046,71.2332,28.2373,14.157,9.93374,0.448651,7.72955,6.50648,2.00794,3.43237,0.488887,,,,,,,,,,,,,,,,,,,,,,,,,,,,,,,,,,,,,,,,,,,,,,,,,,,,,,,,,,,,,,,,,,,,,,,,,,,,,,,,,,,,,,,,,,,,,,,,,,,,,,,,,,,,,,
nanog1,6069,fell,2.28,1,116.253,58.7723,2.86505,4.32429,103.569,30.041,21.6433,9.58172,0.645685,11.7761,8.49902,3.03801,5.06324,1.03799,,,,,,,,,,,,,,,,,,,,,,,,,,,,,,,,,,,,,,,,,,,,,,,,,,,,,,,,,,,,,,,,,,,,,,,,,,,,,,,,,,,,,,,,,,,,,,,,,,,,,,,,,,,,,,
nanog1,6070,fell,2.02,1,74.9818,75.0924,1.60265,3.93232,143.585,37.1753,13.7755,7.65806,0.544118,12.9536,9.89298,3.21582,5.16772,0.690851,,,,,,,,,,,,,,,,,,,,,,,,,,,,,,,,,,,,,,,,,,,,,,,,,,,,,,,,,,,,,,,,,,,,,,,,,,,,,,,,,,,,,,,,,,,,,,,,,,,,,,,,,,,,,,
nanog1,6071,fell,1.44,1,219.551,100.692,3.06471,4.35656,115.324,33.0867,10.7704,33.3886,0.58257,13.2378,9.91224,3.25564,7.02637,0.923531,,,,,,,,,,,,,,,,,,,,,,,,,,,,,,,,,,,,,,,,,,,,,,,,,,,,,,,,,,,,,,,,,,,,,,,,,,,,,,,,,,,,,,,,,,,,,,,,,,,,,,,,,,,,,,
nanog1,6072,fell,1.36,1,74.1633,94.1043,0.973454,3.1835,96.9713,30.8574,11.6437,13.3241,1.8139,12.1592,9.24501,2.72036,5.39535,1.49475,,,,,,,,,,,,,,,,,,,,,,,,,,,,,,,,,,,,,,,,,,,,,,,,,,,,,,,,,,,,,,,,,,,,,,,,,,,,,,,,,,,,,,,,,,,,,,,,,,,,,,,,,,,,,,
nanog1,6073,fell,2.56,1,110.186,135.375,1.12143,2.75158,170.253,53.4833,20.1901,30.7601,16.5751,17.4538,11.9538,3.93547,8.02577,6.06465,,,,,,,,,,,,,,,,,,,,,,,,,,,,,,,,,,,,,,,,,,,,,,,,,,,,,,,,,,,,,,,,,,,,,,,,,,,,,,,,,,,,,,,,,,,,,,,,,,,,,,,,,,,,,,
nanog1,6074,fell,2.66,1,65.9555,28.6167,0.853213,2.66212,162.564,37.926,21.9416,24.4073,0.690805,17.5512,13.4989,4.1175,7.00914,1.84884,,,,,,,,,,,,,,,,,,,,,,,,,,,,,,,,,,,,,,,,,,,,,,,,,,,,,,,,,,,,,,,,,,,,,,,,,,,,,,,,,,,,,,,,,,,,,,,,,,,,,,,,,,,,,,
nanog1,6075,fell,2.4,1,83.9489,18.2296,2.49031,3.79521,169.454,48.9454,19.038,12.9766,59.4022,17.782,12.3749,3.72172,7.97022,5.79219,,,,,,,,,,,,,,,,,,,,,,,,,,,,,,,,,,,,,,,,,,,,,,,,,,,,,,,,,,,,,,,,,,,,,,,,,,,,,,,,,,,,,,,,,,,,,,,,,,,,,,,,,,,,,,
nanog1,6076,fell,1.54,1,116.065,153.287,2.81657,2.59177,114.52,28.5199,14.2545,20.5183,4.08745,15.4754,11.7257,3.45479,9.34406,2.95649,,,,,,,,,,,,,,,,,,,,,,,,,,,,,,,,,,,,,,,,,,,,,,,,,,,,,,,,,,,,,,,,,,,,,,,,,,,,,,,,,,,,,,,,,,,,,,,,,,,,,,,,,,,,,,
nanog1,6077,fell,2.76,1,84.5863,24.5816,1.20326,3.47372,148.143,47.3246,28.7312,11.5071,0.802453,15.5927,12.0754,3.73232,5.73986,1.2312,,,,,,,,,,,,,,,,,,,,,,,,,,,,,,,,,,,,,,,,,,,,,,,,,,,,,,,,,,,,,,,,,,,,,,,,,,,,,,,,,,,,,,,,,,,,,,,,,,,,,,,,,,,,,,
nanog1,6078,fell,2.4,1,78.7764,0.694722,2.81278,3.79733,139.94,40.9198,28.1423,11.0265,1.19509,12.4747,10.1135,3.29336,4.65436,1.02524,,,,,,,,,,,,,,,,,,,,,,,,,,,,,,,,,,,,,,,,,,,,,,,,,,,,,,,,,,,,,,,,,,,,,,,,,,,,,,,,,,,,,,,,,,,,,,,,,,,,,,,,,,,,,,
nanog1,6079,fell,2.24,1,133.207,4.65559,0.870808,1.5789,140.478,39.687,22.1003,11.1877,3.78473,13.1915,9.60856,3.93995,6.8039,1.37703,,,,,,,,,,,,,,,,,,,,,,,,,,,,,,,,,,,,,,,,,,,,,,,,,,,,,,,,,,,,,,,,,,,,,,,,,,,,,,,,,,,,,,,,,,,,,,,,,,,,,,,,,,,,,,
nanog1,6080,fell,2.8,1,90.4553,28.9404,0.92847,2.57868,139.581,38.5453,21.4329,47.1332,23.3946,17.2444,12.3281,3.79146,8.91614,6.29284,,,,,,,,,,,,,,,,,,,,,,,,,,,,,,,,,,,,,,,,,,,,,,,,,,,,,,,,,,,,,,,,,,,,,,,,,,,,,,,,,,,,,,,,,,,,,,,,,,,,,,,,,,,,,,
nanog1,6081,fell,1.62,1,109.738,106.831,0.856174,3.14648,130.266,31.8849,29.0613,9.97174,0.366219,17.0875,10.5254,3.91718,6.20387,1.13378,,,,,,,,,,,,,,,,,,,,,,,,,,,,,,,,,,,,,,,,,,,,,,,,,,,,,,,,,,,,,,,,,,,,,,,,,,,,,,,,,,,,,,,,,,,,,,,,,,,,,,,,,,,,,,
nanog1,6082,fell,1.5,1,32.3209,31.5974,1.94459,3.32275,101.126,28.1049,11.6527,15.3334,71.6584,14.0554,8.5763,3.36889,7.88014,5.3858,,,,,,,,,,,,,,,,,,,,,,,,,,,,,,,,,,,,,,,,,,,,,,,,,,,,,,,,,,,,,,,,,,,,,,,,,,,,,,,,,,,,,,,,,,,,,,,,,,,,,,,,,,,,,,
nanog1,6083,fell,1.46,1,71.2517,144.649,2.89403,4.19312,96.0277,41.1697,15.9467,25.7417,0.832375,10.0138,8.87566,2.20626,6.6706,1.10435,,,,,,,,,,,,,,,,,,,,,,,,,,,,,,,,,,,,,,,,,,,,,,,,,,,,,,,,,,,,,,,,,,,,,,,,,,,,,,,,,,,,,,,,,,,,,,,,,,,,,,,,,,,,,,
nanog1,6084,fell,2.18,1,103.944,74.2368,2.51351,4.14448,138.117,42.6797,13.6953,9.57995,5.13404,13.9067,10.7572,2.64924,4.00667,1.20495,,,,,,,,,,,,,,,,,,,,,,,,,,,,,,,,,,,,,,,,,,,,,,,,,,,,,,,,,,,,,,,,,,,,,,,,,,,,,,,,,,,,,,,,,,,,,,,,,,,,,,,,,,,,,,
nanog1,6085,fell,2.12,1,58.2327,9.45727,1.73708,3.09593,89.6186,38.7803,12.9531,19.2704,108.362,11.1864,9.44166,3.26658,7.1236,7.1475,,,,,,,,,,,,,,,,,,,,,,,,,,,,,,,,,,,,,,,,,,,,,,,,,,,,,,,,,,,,,,,,,,,,,,,,,,,,,,,,,,,,,,,,,,,,,,,,,,,,,,,,,,,,,,
nanog1,6086,fell,2.28,1,149.115,35.3637,1.50143,3.51984,143.257,29.1624,16.5212,19.4322,6.26384,17.0249,12.3871,4.99563,10.6959,6.2547,,,,,,,,,,,,,,,,,,,,,,,,,,,,,,,,,,,,,,,,,,,,,,,,,,,,,,,,,,,,,,,,,,,,,,,,,,,,,,,,,,,,,,,,,,,,,,,,,,,,,,,,,,,,,,
nanog1,6087,fell,1.32,1,31.2433,28.6081,2.58141,3.81858,74.1712,25.7033,6.62286,6.489,0.261791,10.8086,9.008,2.77322,4.57118,0.859665,,,,,,,,,,,,,,,,,,,,,,,,,,,,,,,,,,,,,,,,,,,,,,,,,,,,,,,,,,,,,,,,,,,,,,,,,,,,,,,,,,,,,,,,,,,,,,,,,,,,,,,,,,,,,,
nanog1,6088,fell,1.46,1,82.2218,83.9543,1.41534,3.50049,108.736,33.9967,7.48526,14.9686,0.967014,12.4466,10.0015,3.80271,8.01145,1.93608,,,,,,,,,,,,,,,,,,,,,,,,,,,,,,,,,,,,,,,,,,,,,,,,,,,,,,,,,,,,,,,,,,,,,,,,,,,,,,,,,,,,,,,,,,,,,,,,,,,,,,,,,,,,,,
nanog1,6089,fell,2.44,1,84.2889,21.7061,2.27721,3.75227,133.627,48.7896,11.5455,21.7106,25.3442,13.541,10.6832,3.26333,6.65172,4.22304,,,,,,,,,,,,,,,,,,,,,,,,,,,,,,,,,,,,,,,,,,,,,,,,,,,,,,,,,,,,,,,,,,,,,,,,,,,,,,,,,,,,,,,,,,,,,,,,,,,,,,,,,,,,,,
nanog1,6090,fell,1.74,1,73.4072,115.515,2.9921,4.16388,97.5465,29.7053,12.1697,8.06982,0.81027,10.0509,7.92539,2.6724,3.09683,0.465258,,,,,,,,,,,,,,,,,,,,,,,,,,,,,,,,,,,,,,,,,,,,,,,,,,,,,,,,,,,,,,,,,,,,,,,,,,,,,,,,,,,,,,,,,,,,,,,,,,,,,,,,,,,,,,
nanog1,6091,fell,1.28,1,20.2982,62.956,1.40877,3.46106,61.7156,31.3701,9.84234,28.775,16.3633,9.33123,5.61667,2.13457,6.43182,5.94858,,,,,,,,,,,,,,,,,,,,,,,,,,,,,,,,,,,,,,,,,,,,,,,,,,,,,,,,,,,,,,,,,,,,,,,,,,,,,,,,,,,,,,,,,,,,,,,,,,,,,,,,,,,,,,
nanog1,6092,fell,2.48,1,154.517,59.7578,2.7949,4.23039,179.151,57.9169,13.1622,6.94799,0.722712,18.0747,16.2983,4.61774,5.55757,0.784539,,,,,,,,,,,,,,,,,,,,,,,,,,,,,,,,,,,,,,,,,,,,,,,,,,,,,,,,,,,,,,,,,,,,,,,,,,,,,,,,,,,,,,,,,,,,,,,,,,,,,,,,,,,,,,
nanog1,6093,fell,2.44,1,115.96,84.5668,1.04012,3.37903,195.868,34.5787,28.3822,11.9738,0.527923,21.6815,12.8146,5.15734,6.46026,1.20966,,,,,,,,,,,,,,,,,,,,,,,,,,,,,,,,,,,,,,,,,,,,,,,,,,,,,,,,,,,,,,,,,,,,,,,,,,,,,,,,,,,,,,,,,,,,,,,,,,,,,,,,,,,,,,
nanog1,6094,fell,1.86,1,51.3231,20.7012,1.4172,3.45832,120.153,44.2957,11.9061,23.5831,0.915836,13.6208,9.73864,3.05433,6.95033,1.81596,,,,,,,,,,,,,,,,,,,,,,,,,,,,,,,,,,,,,,,,,,,,,,,,,,,,,,,,,,,,,,,,,,,,,,,,,,,,,,,,,,,,,,,,,,,,,,,,,,,,,,,,,,,,,,
nanog1,6095,fell,1.92,1,106.727,38.7478,2.97845,4.16955,170.986,62.714,11.9396,6.66454,0.539224,17.9615,15.5418,4.28062,4.92552,0.663265,,,,,,,,,,,,,,,,,,,,,,,,,,,,,,,,,,,,,,,,,,,,,,,,,,,,,,,,,,,,,,,,,,,,,,,,,,,,,,,,,,,,,,,,,,,,,,,,,,,,,,,,,,,,,,
nanog1,6096,fell,1.64,1,73.4657,65.7472,2.04053,3.67795,67.1094,28.7036,22.6241,14.1047,4.67686,8.35771,7.37776,2.88534,5.18819,1.8693,,,,,,,,,,,,,,,,,,,,,,,,,,,,,,,,,,,,,,,,,,,,,,,,,,,,,,,,,,,,,,,,,,,,,,,,,,,,,,,,,,,,,,,,,,,,,,,,,,,,,,,,,,,,,,
nanog1,6097,fell,1.84,1,37.134,35.0269,1.08989,3.15261,154.747,49.8328,22.1427,29.1082,1.00767,14.1022,11.072,3.76689,7.70159,1.30298,,,,,,,,,,,,,,,,,,,,,,,,,,,,,,,,,,,,,,,,,,,,,,,,,,,,,,,,,,,,,,,,,,,,,,,,,,,,,,,,,,,,,,,,,,,,,,,,,,,,,,,,,,,,,,
nanog1,6098,fell,1.9,1,45.4474,22.1007,1.95946,2.44876,144.981,50.7086,25.2287,34.1229,63.7797,19.8008,13.8835,5.33394,9.45251,6.4966,,,,,,,,,,,,,,,,,,,,,,,,,,,,,,,,,,,,,,,,,,,,,,,,,,,,,,,,,,,,,,,,,,,,,,,,,,,,,,,,,,,,,,,,,,,,,,,,,,,,,,,,,,,,,,
nanog1,6099,fell,2.32,1,65.9903,10.0256,2.08467,3.74494,113.319,37.1217,8.74008,13.4339,64.2752,13.9555,10.9814,3.5427,7.4815,5.97066,,,,,,,,,,,,,,,,,,,,,,,,,,,,,,,,,,,,,,,,,,,,,,,,,,,,,,,,,,,,,,,,,,,,,,,,,,,,,,,,,,,,,,,,,,,,,,,,,,,,,,,,,,,,,,
nanog1,6100,fell,1.22,1,48.8619,28.2172,1.32151,3.36125,137.141,26.7362,21.8339,41.3885,3.18107,16.0794,9.33804,3.78076,10.7568,3.71297,,,,,,,,,,,,,,,,,,,,,,,,,,,,,,,,,,,,,,,,,,,,,,,,,,,,,,,,,,,,,,,,,,,,,,,,,,,,,,,,,,,,,,,,,,,,,,,,,,,,,,,,,,,,,,
nanog1,6101,fell,1.12,1,22.0891,73.5967,2.38044,3.63263,61.4045,37.1318,6.74585,44.6886,28.9982,9.56246,7.36325,2.50719,10.6581,4.07482,,,,,,,,,,,,,,,,,,,,,,,,,,,,,,,,,,,,,,,,,,,,,,,,,,,,,,,,,,,,,,,,,,,,,,,,,,,,,,,,,,,,,,,,,,,,,,,,,,,,,,,,,,,,,,
nanog1,6102,fell,1.66,1,139.857,35.626,1.00805,3.42355,118.968,43.4846,29.3838,76.1635,1.54443,12.7916,11.6576,3.8885,11.1911,4.46419,,,,,,,,,,,,,,,,,,,,,,,,,,,,,,,,,,,,,,,,,,,,,,,,,,,,,,,,,,,,,,,,,,,,,,,,,,,,,,,,,,,,,,,,,,,,,,,,,,,,,,,,,,,,,,
nanog1,6103,fell,1.16,1,141.465,26.5841,2.62437,4.059,76.0331,28.2364,15.0035,41.2051,0.880044,10.1852,6.91439,2.61611,6.62159,1.11686,,,,,,,,,,,,,,,,,,,,,,,,,,,,,,,,,,,,,,,,,,,,,,,,,,,,,,,,,,,,,,,,,,,,,,,,,,,,,,,,,,,,,,,,,,,,,,,,,,,,,,,,,,,,,,
nanog1,6104,fell,2.18,1,105.389,72.9292,1.87432,3.79525,154.789,56.7811,18.8462,10.0701,0.524365,16.7437,14.7212,3.99682,5.63446,0.754143,,,,,,,,,,,,,,,,,,,,,,,,,,,,,,,,,,,,,,,,,,,,,,,,,,,,,,,,,,,,,,,,,,,,,,,,,,,,,,,,,,,,,,,,,,,,,,,,,,,,,,,,,,,,,,
nanog1,6105,fell,1.68,1,54.7871,31.2331,2.21711,3.52337,116.371,42.7098,7.96507,43.2157,19.242,14.1372,9.53474,3.62303,10.4641,3.43155,,,,,,,,,,,,,,,,,,,,,,,,,,,,,,,,,,,,,,,,,,,,,,,,,,,,,,,,,,,,,,,,,,,,,,,,,,,,,,,,,,,,,,,,,,,,,,,,,,,,,,,,,,,,,,
nanog1,6106,fell,1.84,1,56.8527,7.47771,1.86488,3.44971,165.594,48.3295,15.3664,36.065,32.2081,20.4198,15.2633,5.20847,13.6534,4.47231,,,,,,,,,,,,,,,,,,,,,,,,,,,,,,,,,,,,,,,,,,,,,,,,,,,,,,,,,,,,,,,,,,,,,,,,,,,,,,,,,,,,,,,,,,,,,,,,,,,,,,,,,,,,,,
nanog1,6107,fell,1.72,1,101.216,25.874,1.00827,3.25021,111.851,26.219,22.9658,31.074,7.90995,11.7947,9.00631,3.39993,6.05886,3.81048,,,,,,,,,,,,,,,,,,,,,,,,,,,,,,,,,,,,,,,,,,,,,,,,,,,,,,,,,,,,,,,,,,,,,,,,,,,,,,,,,,,,,,,,,,,,,,,,,,,,,,,,,,,,,,
nanog1,6108,fell,2.04,1,63.1917,110.929,0.941658,3.3519,96.872,32.7838,18.4396,15.2798,0.586566,10.3017,7.74265,3.22919,5.71181,1.12398,,,,,,,,,,,,,,,,,,,,,,,,,,,,,,,,,,,,,,,,,,,,,,,,,,,,,,,,,,,,,,,,,,,,,,,,,,,,,,,,,,,,,,,,,,,,,,,,,,,,,,,,,,,,,,
nanog1,6109,fell,1.24,1,92.52,2.927,2.33257,3.74416,50.0346,33.3375,6.09139,21.6225,16.7623,10.2926,7.03054,2.57219,8.43208,2.17793,,,,,,,,,,,,,,,,,,,,,,,,,,,,,,,,,,,,,,,,,,,,,,,,,,,,,,,,,,,,,,,,,,,,,,,,,,,,,,,,,,,,,,,,,,,,,,,,,,,,,,,,,,,,,,
nanog1,6110,fell,2,1,86.2561,18.9316,1.84204,3.54629,132.917,43.8597,9.66031,13.7827,8.69122,13.2495,10.7752,2.87655,6.10717,3.23847,,,,,,,,,,,,,,,,,,,,,,,,,,,,,,,,,,,,,,,,,,,,,,,,,,,,,,,,,,,,,,,,,,,,,,,,,,,,,,,,,,,,,,,,,,,,,,,,,,,,,,,,,,,,,,
nanog1,6111,fell,1.52,1,62.6908,112.42,0.839551,2.07347,80.0419,22.9371,16.6984,57.9808,17.5703,11.5391,7.93952,3.09197,12.3317,3.42597,,,,,,,,,,,,,,,,,,,,,,,,,,,,,,,,,,,,,,,,,,,,,,,,,,,,,,,,,,,,,,,,,,,,,,,,,,,,,,,,,,,,,,,,,,,,,,,,,,,,,,,,,,,,,,
nanog1,6112,fell,1.64,1,102.715,53.4723,2.84298,4.0868,121.082,31.1896,14.9632,6.21083,0.384617,12.5688,9.36167,3.06608,4.01741,0.861793,,,,,,,,,,,,,,,,,,,,,,,,,,,,,,,,,,,,,,,,,,,,,,,,,,,,,,,,,,,,,,,,,,,,,,,,,,,,,,,,,,,,,,,,,,,,,,,,,,,,,,,,,,,,,,
nanog1,6113,fell,1.46,1,18.0159,43.4339,1.29657,3.19543,71.9746,30.4053,12.2189,35.2958,9.4154,9.91067,6.72472,2.74662,5.47322,5.80323,,,,,,,,,,,,,,,,,,,,,,,,,,,,,,,,,,,,,,,,,,,,,,,,,,,,,,,,,,,,,,,,,,,,,,,,,,,,,,,,,,,,,,,,,,,,,,,,,,,,,,,,,,,,,,
nanog1,6114,fell,2.08,1,42.7208,70.1032,2.2482,3.87727,112.731,34.8759,12.0866,13.7798,2.14327,11.6379,10.2327,3.19797,7.01001,3.28439,,,,,,,,,,,,,,,,,,,,,,,,,,,,,,,,,,,,,,,,,,,,,,,,,,,,,,,,,,,,,,,,,,,,,,,,,,,,,,,,,,,,,,,,,,,,,,,,,,,,,,,,,,,,,,
nanog1,6115,fell,1.4,1,48.8737,54.8471,1.69154,3.49701,64.9791,31.8942,8.54942,25.6041,1.94197,8.92013,7.3888,2.49859,6.76001,1.44033,,,,,,,,,,,,,,,,,,,,,,,,,,,,,,,,,,,,,,,,,,,,,,,,,,,,,,,,,,,,,,,,,,,,,,,,,,,,,,,,,,,,,,,,,,,,,,,,,,,,,,,,,,,,,,
nanog1,6116,fell,1.72,1,70.8479,3.88142,1.13216,1.6739,139.148,44.247,17.094,26.8944,2.32683,15.2432,12.1754,4.53466,11.0538,2.99306,,,,,,,,,,,,,,,,,,,,,,,,,,,,,,,,,,,,,,,,,,,,,,,,,,,,,,,,,,,,,,,,,,,,,,,,,,,,,,,,,,,,,,,,,,,,,,,,,,,,,,,,,,,,,,
nanog1,6117,fell,1.34,1,60.0956,42.55,2.01501,3.86096,55.0639,28.3451,9.36406,7.56777,0.558142,6.67242,6.10736,1.90209,2.66732,0.442326,,,,,,,,,,,,,,,,,,,,,,,,,,,,,,,,,,,,,,,,,,,,,,,,,,,,,,,,,,,,,,,,,,,,,,,,,,,,,,,,,,,,,,,,,,,,,,,,,,,,,,,,,,,,,,
nanog1,6118,fell,2,1,30.7481,123.499,0.808544,3.01293,144.627,31.2572,16.3771,11.9843,0.484522,15.6086,12.1234,3.84259,5.66086,1.3296,,,,,,,,,,,,,,,,,,,,,,,,,,,,,,,,,,,,,,,,,,,,,,,,,,,,,,,,,,,,,,,,,,,,,,,,,,,,,,,,,,,,,,,,,,,,,,,,,,,,,,,,,,,,,,
nanog1,6119,fell,2.28,1,93.536,69.237,2.67636,3.95155,116.816,37.717,27.5826,8.08329,0.542198,11.0539,8.16972,3.14347,4.67607,0.620318,,,,,,,,,,,,,,,,,,,,,,,,,,,,,,,,,,,,,,,,,,,,,,,,,,,,,,,,,,,,,,,,,,,,,,,,,,,,,,,,,,,,,,,,,,,,,,,,,,,,,,,,,,,,,,
nanog1,6120,fell,2.2,1,64.5326,24.5464,1.13251,3.03082,186.976,46.6997,18.3965,25.8047,9.26657,25.1148,14.7722,5.0461,9.97891,4.94189,,,,,,,,,,,,,,,,,,,,,,,,,,,,,,,,,,,,,,,,,,,,,,,,,,,,,,,,,,,,,,,,,,,,,,,,,,,,,,,,,,,,,,,,,,,,,,,,,,,,,,,,,,,,,,
nanog1,6121,fell,1.22,1,94.8321,69.8769,1.00669,2.27139,83.7348,29.6112,21.8308,48.0359,2.99657,10.5885,7.93188,2.57161,9.71868,2.81648,,,,,,,,,,,,,,,,,,,,,,,,,,,,,,,,,,,,,,,,,,,,,,,,,,,,,,,,,,,,,,,,,,,,,,,,,,,,,,,,,,,,,,,,,,,,,,,,,,,,,,,,,,,,,,
nanog1,6122,fell,3.34,1,96.9117,43.7673,0.83761,3.13107,235.533,48.5733,29.0784,16.8219,1.8565,26.4019,18.2353,5.63179,7.78775,1.73887,,,,,,,,,,,,,,,,,,,,,,,,,,,,,,,,,,,,,,,,,,,,,,,,,,,,,,,,,,,,,,,,,,,,,,,,,,,,,,,,,,,,,,,,,,,,,,,,,,,,,,,,,,,,,,
nanog1,6123,fell,3.58,1,91.5101,38.2273,0.686628,3.27018,245.231,64.7676,26.887,13.7283,1.18904,22.554,16.925,5.42237,8.08471,1.42324,,,,,,,,,,,,,,,,,,,,,,,,,,,,,,,,,,,,,,,,,,,,,,,,,,,,,,,,,,,,,,,,,,,,,,,,,,,,,,,,,,,,,,,,,,,,,,,,,,,,,,,,,,,,,,
nanog1,6124,fell,1.58,1,66.8562,13.4175,1.1916,3.24142,95.5233,38.9031,12.523,20.4813,0.797801,12.1857,8.35068,2.74928,6.6148,1.49152,,,,,,,,,,,,,,,,,,,,,,,,,,,,,,,,,,,,,,,,,,,,,,,,,,,,,,,,,,,,,,,,,,,,,,,,,,,,,,,,,,,,,,,,,,,,,,,,,,,,,,,,,,,,,,
nanog1,6125,fell,2.04,1,97.173,34.7269,1.31276,3.56802,119.22,36.0828,11.3532,9.4568,1.41355,13.7703,9.43731,3.56152,6.8447,3.08197,,,,,,,,,,,,,,,,,,,,,,,,,,,,,,,,,,,,,,,,,,,,,,,,,,,,,,,,,,,,,,,,,,,,,,,,,,,,,,,,,,,,,,,,,,,,,,,,,,,,,,,,,,,,,,
nanog1,6126,fell,1.4,1,67.129,115.259,1.16778,2.68919,116.852,37.4554,25.6269,87.2351,13.7961,13.4495,12.3045,3.24392,10.3852,7.00263,,,,,,,,,,,,,,,,,,,,,,,,,,,,,,,,,,,,,,,,,,,,,,,,,,,,,,,,,,,,,,,,,,,,,,,,,,,,,,,,,,,,,,,,,,,,,,,,,,,,,,,,,,,,,,
nanog1,6127,fell,2.34,1,93.2237,64.6789,0.665846,2.17373,221.465,52.9712,21.1689,51.8821,40.3413,21.0269,15.8062,4.6661,9.70893,8.36934,,,,,,,,,,,,,,,,,,,,,,,,,,,,,,,,,,,,,,,,,,,,,,,,,,,,,,,,,,,,,,,,,,,,,,,,,,,,,,,,,,,,,,,,,,,,,,,,,,,,,,,,,,,,,,
nanog1,6128,fell,1.9,1,92.2865,6.52604,1.74504,3.26293,136.447,48.1837,12.6493,24.7201,48.1971,14.5085,11.5967,3.41814,8.33269,3.93564,,,,,,,,,,,,,,,,,,,,,,,,,,,,,,,,,,,,,,,,,,,,,,,,,,,,,,,,,,,,,,,,,,,,,,,,,,,,,,,,,,,,,,,,,,,,,,,,,,,,,,,,,,,,,,
nanog1,6129,fell,1.68,1,123.154,84.9836,0.821432,3.34182,144.203,39.1887,16.6587,7.92931,0.277079,15.7317,11.6631,4.81489,5.68851,0.648837,,,,,,,,,,,,,,,,,,,,,,,,,,,,,,,,,,,,,,,,,,,,,,,,,,,,,,,,,,,,,,,,,,,,,,,,,,,,,,,,,,,,,,,,,,,,,,,,,,,,,,,,,,,,,,
nanog1,6130,fell,1.7,1,96.3597,8.75657,1.23567,3.08111,109.533,29.4304,9.47642,28.0817,8.44296,13.7211,7.93612,3.29481,6.64795,4.38475,,,,,,,,,,,,,,,,,,,,,,,,,,,,,,,,,,,,,,,,,,,,,,,,,,,,,,,,,,,,,,,,,,,,,,,,,,,,,,,,,,,,,,,,,,,,,,,,,,,,,,,,,,,,,,
nanog1,6131,fell,1.92,1,44.9723,86.9572,1.58876,3.39889,100.707,36.9655,18.3657,8.50227,0.622215,9.62478,8.8359,2.90688,4.79846,0.944762,,,,,,,,,,,,,,,,,,,,,,,,,,,,,,,,,,,,,,,,,,,,,,,,,,,,,,,,,,,,,,,,,,,,,,,,,,,,,,,,,,,,,,,,,,,,,,,,,,,,,,,,,,,,,,
nanog1,6132,fell,1.22,1,26.1311,103.599,2.32342,3.68348,50.3716,33.144,8.80157,24.9774,5.93603,13.4609,9.19912,4.10394,8.16094,2.2975,,,,,,,,,,,,,,,,,,,,,,,,,,,,,,,,,,,,,,,,,,,,,,,,,,,,,,,,,,,,,,,,,,,,,,,,,,,,,,,,,,,,,,,,,,,,,,,,,,,,,,,,,,,,,,
nanog1,6133,fell,1.12,1,78.0842,94.3143,2.31275,3.77129,44.9615,26.9433,13.7372,32.7367,21.3569,6.70296,5.84975,2.08426,8.58744,4.02347,,,,,,,,,,,,,,,,,,,,,,,,,,,,,,,,,,,,,,,,,,,,,,,,,,,,,,,,,,,,,,,,,,,,,,,,,,,,,,,,,,,,,,,,,,,,,,,,,,,,,,,,,,,,,,
nanog1,6134,fell,2.14,1,82.1997,102.409,1.21708,3.14793,126.681,33.3639,10.5978,20.2129,22.935,15.5538,8.00587,4.0085,9.26638,1.96291,,,,,,,,,,,,,,,,,,,,,,,,,,,,,,,,,,,,,,,,,,,,,,,,,,,,,,,,,,,,,,,,,,,,,,,,,,,,,,,,,,,,,,,,,,,,,,,,,,,,,,,,,,,,,,
nanog1,6135,fell,1.74,1,65.0543,37.0192,3.1486,4.10943,83.2798,34.0366,17.5879,12.2061,0.412643,8.11968,7.37766,2.3085,3.81046,0.581854,,,,,,,,,,,,,,,,,,,,,,,,,,,,,,,,,,,,,,,,,,,,,,,,,,,,,,,,,,,,,,,,,,,,,,,,,,,,,,,,,,,,,,,,,,,,,,,,,,,,,,,,,,,,,,
nanog1,6136,fell,2.08,1,46.8058,37.0693,2.09026,3.89945,121.556,34.9523,10.8764,15.7762,14.8731,14.4001,10.0684,3.06071,5.06791,3.94189,,,,,,,,,,,,,,,,,,,,,,,,,,,,,,,,,,,,,,,,,,,,,,,,,,,,,,,,,,,,,,,,,,,,,,,,,,,,,,,,,,,,,,,,,,,,,,,,,,,,,,,,,,,,,,
nanog1,6137,fell,3.26,1,117.057,21.4162,1.84964,3.95565,264.569,60.037,33.1265,27.1277,26.7244,20.7287,13.9996,5.12644,9.91003,5.17668,,,,,,,,,,,,,,,,,,,,,,,,,,,,,,,,,,,,,,,,,,,,,,,,,,,,,,,,,,,,,,,,,,,,,,,,,,,,,,,,,,,,,,,,,,,,,,,,,,,,,,,,,,,,,,
nanog1,6138,fell,4.04,1,81.5517,0.477933,2.16244,4.20853,172.738,74.1463,36.5112,19.4169,5.64287,20.0784,16.5166,4.98406,8.57329,2.48896,,,,,,,,,,,,,,,,,,,,,,,,,,,,,,,,,,,,,,,,,,,,,,,,,,,,,,,,,,,,,,,,,,,,,,,,,,,,,,,,,,,,,,,,,,,,,,,,,,,,,,,,,,,,,,
nanog1,6139,fell,2.22,1,33.5916,4.9887,2.3955,3.7171,137.014,45.2484,11.5222,18.0908,16.1719,15.3426,11.6411,3.36093,5.56561,4.76197,,,,,,,,,,,,,,,,,,,,,,,,,,,,,,,,,,,,,,,,,,,,,,,,,,,,,,,,,,,,,,,,,,,,,,,,,,,,,,,,,,,,,,,,,,,,,,,,,,,,,,,,,,,,,,
nanog1,6140,fell,2.52,1,51.6148,59.7401,0.856241,3.24245,129.093,40.5037,20.0297,10.4919,0.857326,13.3795,10.4094,3.66086,5.55098,1.32135,,,,,,,,,,,,,,,,,,,,,,,,,,,,,,,,,,,,,,,,,,,,,,,,,,,,,,,,,,,,,,,,,,,,,,,,,,,,,,,,,,,,,,,,,,,,,,,,,,,,,,,,,,,,,,
nanog1,6141,fell,1.3,1,69.1849,84.3612,0.708159,3.25149,93.0324,33.5192,12.6665,10.9518,0.64516,10.3,8.57961,2.67688,4.18163,0.620073,,,,,,,,,,,,,,,,,,,,,,,,,,,,,,,,,,,,,,,,,,,,,,,,,,,,,,,,,,,,,,,,,,,,,,,,,,,,,,,,,,,,,,,,,,,,,,,,,,,,,,,,,,,,,,
nanog1,6142,fell,0.98,1,49.3819,78.4683,1.19722,3.59089,68.0634,26.874,17.3631,39.359,2.81019,8.97553,6.60626,2.4061,7.74108,2.90248,,,,,,,,,,,,,,,,,,,,,,,,,,,,,,,,,,,,,,,,,,,,,,,,,,,,,,,,,,,,,,,,,,,,,,,,,,,,,,,,,,,,,,,,,,,,,,,,,,,,,,,,,,,,,,
nanog1,6143,fell,1.7,1,57.4604,90.6584,2.4342,3.80291,101.411,30.8683,12.8094,6.37514,0.596157,13.0977,8.14507,3.25215,4.45448,0.641793,,,,,,,,,,,,,,,,,,,,,,,,,,,,,,,,,,,,,,,,,,,,,,,,,,,,,,,,,,,,,,,,,,,,,,,,,,,,,,,,,,,,,,,,,,,,,,,,,,,,,,,,,,,,,,
