policy,runid,outcome,survival_s,targets,pos_err_cm,yaw_err_deg,pelvis_speed_mps,head_speed_mps,s0_e_legs_upper_j,s0_e_legs_lower_j,s0_e_waist_j,s0_e_arms_upper_j,s0_e_arms_lower_j,s0_v_legs_upper_krads2,s0_v_legs_lower_krads2,s0_v_waist_krads2,s0_v_arms_upper_krads2,s0_v_arms_lower_krads2,s1_e_legs_upper_j,s1_e_legs_lower_j,s1_e_waist_j,s1_e_arms_upper_j,s1_e_arms_lower_j,s1_v_legs_upper_krads2,s1_v_legs_lower_krads2,s1_v_waist_krads2,s1_v_arms_upper_krads2,s1_v_arms_lower_krads2,s2_e_legs_upper_j,s2_e_legs_lower_j,s2_e_waist_j,s2_e_arms_upper_j,s2_e_arms_lower_j,s2_v_legs_upper_krads2,s2_v_legs_lower_krads2,s2_v_waist_krads2,s2_v_arms_upper_krads2,s2_v_arms_lower_krads2,s3_e_legs_upper_j,s3_e_legs_lower_j,s3_e_waist_j,s3_e_arms_upper_j,s3_e_arms_lower_j,s3_v_legs_upper_krads2,s3_v_legs_lower_krads2,s3_v_waist_krads2,s3_v_arms_upper_krads2,s3_v_arms_lower_krads2,s4_e_legs_upper_j,s4_e_legs_lower_j,s4_e_waist_j,s4_e_arms_upper_j,s4_e_arms_lower_j,s4_v_legs_upper_krads2,s4_v_legs_lower_krads2,s4_v_waist_krads2,s4_v_arms_upper_krads2,s4_v_arms_lower_krads2,s5_e_legs_upper_j,s5_e_legs_lower_j,s5_e_waist_j,s5_e_arms_upper_j,s5_e_arms_lower_j,s5_v_legs_upper_krads2,s5_v_legs_lower_krads2,s5_v_waist_krads2,s5_v_arms_upper_krads2,s5_v_arms_lower_krads2,s6_e_legs_upper_j,s6_e_legs_lower_j,s6_e_waist_j,s6_e_arms_upper_j,s6_e_arms_lower_j,s6_v_legs_upper_krads2,s6_v_legs_lower_krads2,s6_v_waist_krads2,s6_v_arms_upper_krads2,s6_v_arms_lower_krads2,s7_e_legs_upper_j,s7_e_legs_lower_j,s7_e_waist_j,s7_e_arms_upper_j,s7_e_arms_lower_j,s7_v_legs_upper_krads2,s7_v_legs_lower_krads2,s7_v_waist_krads2,s7_v_arms_upper_krads2,s7_v_arms_lower_krads2,s8_e_legs_upper_j,s8_e_legs_lower_j,s8_e_waist_j,s8_e_arms_upper_j,s8_e_arms_lower_j,s8_v_legs_upper_krads2,s8_v_legs_lower_krads2,s8_v_waist_krads2,s8_v_arms_upper_krads2,s8_v_arms_lower_krads2,s9_e_legs_upper_j,s9_e_legs_lower_j,s9_e_waist_j,s9_e_arms_upper_j,s9_e_arms_lower_j,s9_v_legs_upper_krads2,s9_v_legs_lower_krads2,s9_v_waist_krads2,s9_v_arms_upper_krads2,s9_v_arms_lower_krads2,s10_e_legs_upper_j,s10_e_legs_lower_j,s10_e_waist_j,s10_e_arms_upper_j,s10_e_arms_lower_j,s10_v_legs_upper_krads2,s10_v_legs_lower_krads2,s10_v_waist_krads2,s10_v_arms_upper_krads2,s10_v_arms_lower_krads2,s11_e_legs_upper_j,s11_e_legs_lower_j,s11_e_waist_j,s11_e_arms_upper_j,s11_e_arms_lower_j,s11_v_legs_upper_krads2,s11_v_legs_lower_krads2,s11_v_waist_krads2,s11_v_arms_upper_krads2,s11_v_arms_lower_krads2
wcompton,4096,fell,2.18,1,83.7065,7.97084,2.65619,3.34884,299.565,125.021,35.9443,24.1402,29.9648,32.1795,26.5365,10.6939,11.2438,5.74129,,,,,,,,,,,,,,,,,,,,,,,,,,,,,,,,,,,,,,,,,,,,,,,,,,,,,,,,,,,,,,,,,,,,,,,,,,,,,,,,,,,,,,,,,,,,,,,,,,,,,,,,,,,,,,
wcompton,4097,fell,1.34,1,112.053,139.346,2.31557,3.61438,305.586,70.9416,41.6096,32.1062,39.7671,22.977,14.448,8.63148,11.4611,7.46178,,,,,,,,,,,,,,,,,,,,,,,,,,,,,,,,,,,,,,,,,,,,,,,,,,,,,,,,,,,,,,,,,,,,,,,,,,,,,,,,,,,,,,,,,,,,,,,,,,,,,,,,,,,,,,
wcompton,4098,fell,2.56,1,232.316,90.3701,2.3811,1.56174,1468.94,320.84,139.348,167.598,29.4752,72.4507,44.7665,24.1669,34.3051,8.97285,,,,,,,,,,,,,,,,,,,,,,,,,,,,,,,,,,,,,,,,,,,,,,,,,,,,,,,,,,,,,,,,,,,,,,,,,,,,,,,,,,,,,,,,,,,,,,,,,,,,,,,,,,,,,,
wcompton,4099,fell,1.48,1,106.098,107.789,2.42386,4.01665,287.425,76.8961,20.8847,33.7632,0.85515,28.5392,16.4765,10.5419,9.70791,1.91888,,,,,,,,,,,,,,,,,,,,,,,,,,,,,,,,,,,,,,,,,,,,,,,,,,,,,,,,,,,,,,,,,,,,,,,,,,,,,,,,,,,,,,,,,,,,,,,,,,,,,,,,,,,,,,
wcompton,4100,fell,2.26,1,120.614,29.5083,2.30109,2.93784,403.826,116.123,41.5459,58.7301,106.508,37.6035,25.2108,13.9882,18.3795,11.484,,,,,,,,,,,,,,,,,,,,,,,,,,,,,,,,,,,,,,,,,,,,,,,,,,,,,,,,,,,,,,,,,,,,,,,,,,,,,,,,,,,,,,,,,,,,,,,,,,,,,,,,,,,,,,
wcompton,4101,fell,1.84,1,21.1121,36.6851,2.80608,3.91931,344.986,81.5809,30.734,16.9178,0.977201,20.8932,15.798,7.27147,7.7388,1.01738,,,,,,,,,,,,,,,,,,,,,,,,,,,,,,,,,,,,,,,,,,,,,,,,,,,,,,,,,,,,,,,,,,,,,,,,,,,,,,,,,,,,,,,,,,,,,,,,,,,,,,,,,,,,,,
wcompton,4102,fell,2.2,1,83.427,41.5829,2.25384,2.78908,428.975,125.041,48.817,41.462,36.4823,40.2658,28.351,15.2645,17.7376,10.2999,,,,,,,,,,,,,,,,,,,,,,,,,,,,,,,,,,,,,,,,,,,,,,,,,,,,,,,,,,,,,,,,,,,,,,,,,,,,,,,,,,,,,,,,,,,,,,,,,,,,,,,,,,,,,,
wcompton,4103,fell,2.2,1,152.024,60.1494,2.3561,2.83705,530.768,133.043,59.9035,43.9536,13.3661,30.3448,23.4588,10.336,11.144,4.87331,,,,,,,,,,,,,,,,,,,,,,,,,,,,,,,,,,,,,,,,,,,,,,,,,,,,,,,,,,,,,,,,,,,,,,,,,,,,,,,,,,,,,,,,,,,,,,,,,,,,,,,,,,,,,,
wcompton,4104,fell,1.4,1,192.538,137.347,2.05545,3.51439,254.423,85.6254,30.94,62.065,12.8258,17.7371,14.6137,5.85936,12.8901,4.49144,,,,,,,,,,,,,,,,,,,,,,,,,,,,,,,,,,,,,,,,,,,,,,,,,,,,,,,,,,,,,,,,,,,,,,,,,,,,,,,,,,,,,,,,,,,,,,,,,,,,,,,,,,,,,,
wcompton,4105,fell,3.5,1,227.604,26.5987,2.74462,3.87107,644.683,227.629,85.4114,36.9732,5.7067,46.3352,34.6775,15.0769,19.8807,5.89276,,,,,,,,,,,,,,,,,,,,,,,,,,,,,,,,,,,,,,,,,,,,,,,,,,,,,,,,,,,,,,,,,,,,,,,,,,,,,,,,,,,,,,,,,,,,,,,,,,,,,,,,,,,,,,
wcompton,4106,fell,2.16,1,126.344,22.0751,1.76738,2.46788,348.868,81.314,45.7289,64.937,8.68324,29.3776,15.9671,11.4381,17.1008,5.28902,,,,,,,,,,,,,,,,,,,,,,,,,,,,,,,,,,,,,,,,,,,,,,,,,,,,,,,,,,,,,,,,,,,,,,,,,,,,,,,,,,,,,,,,,,,,,,,,,,,,,,,,,,,,,,
wcompton,4107,fell,1.82,1,140.913,11.2323,2.00013,3.47247,265.886,99.0166,25.6532,19.4142,33.1323,31.6418,16.3577,12.6333,11.6612,6.47138,,,,,,,,,,,,,,,,,,,,,,,,,,,,,,,,,,,,,,,,,,,,,,,,,,,,,,,,,,,,,,,,,,,,,,,,,,,,,,,,,,,,,,,,,,,,,,,,,,,,,,,,,,,,,,
wcompton,4108,fell,1.86,1,96.9082,69.8137,2.26165,3.50616,228.302,95.8301,17.0304,30.5004,12.7646,29.2715,16.8799,11.2356,14.971,5.5377,,,,,,,,,,,,,,,,,,,,,,,,,,,,,,,,,,,,,,,,,,,,,,,,,,,,,,,,,,,,,,,,,,,,,,,,,,,,,,,,,,,,,,,,,,,,,,,,,,,,,,,,,,,,,,
wcompton,4109,fell,2.12,1,106.653,83.7605,1.95237,3.29591,345.488,88.8772,41.6519,46.873,1.33152,32.2633,22.568,10.0602,13.173,3.18072,,,,,,,,,,,,,,,,,,,,,,,,,,,,,,,,,,,,,,,,,,,,,,,,,,,,,,,,,,,,,,,,,,,,,,,,,,,,,,,,,,,,,,,,,,,,,,,,,,,,,,,,,,,,,,
wcompton,4110,fell,2.48,1,187.648,16.999,2.47728,3.22548,413.263,155.91,50.722,54.0901,20.3773,46.3489,23.5838,18.097,14.5468,5.89896,,,,,,,,,,,,,,,,,,,,,,,,,,,,,,,,,,,,,,,,,,,,,,,,,,,,,,,,,,,,,,,,,,,,,,,,,,,,,,,,,,,,,,,,,,,,,,,,,,,,,,,,,,,,,,
wcompton,4111,fell,2.08,1,173.804,158.519,1.23664,2.73255,454.53,72.4688,45.7419,39.4028,44.0083,31.6495,16.7714,11.2878,10.858,6.27634,,,,,,,,,,,,,,,,,,,,,,,,,,,,,,,,,,,,,,,,,,,,,,,,,,,,,,,,,,,,,,,,,,,,,,,,,,,,,,,,,,,,,,,,,,,,,,,,,,,,,,,,,,,,,,
wcompton,4112,fell,2.3,1,186.027,29.0699,1.05882,2.97056,372.645,118.615,34.493,28.0773,3.05486,35.8548,26.9162,11.0473,12.0595,1.55731,,,,,,,,,,,,,,,,,,,,,,,,,,,,,,,,,,,,,,,,,,,,,,,,,,,,,,,,,,,,,,,,,,,,,,,,,,,,,,,,,,,,,,,,,,,,,,,,,,,,,,,,,,,,,,
wcompton,4113,fell,2.04,1,78.7936,24.7299,1.70843,3.71931,275.418,122.139,23.7607,12.0411,1.30608,30.7971,19.674,10.3582,10.572,4.39567,,,,,,,,,,,,,,,,,,,,,,,,,,,,,,,,,,,,,,,,,,,,,,,,,,,,,,,,,,,,,,,,,,,,,,,,,,,,,,,,,,,,,,,,,,,,,,,,,,,,,,,,,,,,,,
wcompton,4114,fell,1.44,1,173.109,120.723,2.33198,3.83312,373.155,105.408,55.8774,49.2974,65.1554,24.6628,20.8502,7.80891,14.1265,9.19495,,,,,,,,,,,,,,,,,,,,,,,,,,,,,,,,,,,,,,,,,,,,,,,,,,,,,,,,,,,,,,,,,,,,,,,,,,,,,,,,,,,,,,,,,,,,,,,,,,,,,,,,,,,,,,
wcompton,4115,fell,1.12,1,127.618,113.477,1.93444,3.99305,512.732,60.2554,32.7354,8.42089,0.523384,36.0235,16.9133,12.4657,9.85624,2.34774,,,,,,,,,,,,,,,,,,,,,,,,,,,,,,,,,,,,,,,,,,,,,,,,,,,,,,,,,,,,,,,,,,,,,,,,,,,,,,,,,,,,,,,,,,,,,,,,,,,,,,,,,,,,,,
wcompton,4116,fell,2.64,1,107.057,8.45299,2.61046,3.79863,400.151,128.626,42.2935,27.0951,1.38367,38.107,25.7243,13.454,14.8682,4.45776,,,,,,,,,,,,,,,,,,,,,,,,,,,,,,,,,,,,,,,,,,,,,,,,,,,,,,,,,,,,,,,,,,,,,,,,,,,,,,,,,,,,,,,,,,,,,,,,,,,,,,,,,,,,,,
wcompton,4117,fell,2.6,1,195.965,73.9789,2.66777,3.55428,375.95,165.386,50.8377,37.4702,2.49326,42.2748,21.1787,14.9402,17.3191,4.9155,,,,,,,,,,,,,,,,,,,,,,,,,,,,,,,,,,,,,,,,,,,,,,,,,,,,,,,,,,,,,,,,,,,,,,,,,,,,,,,,,,,,,,,,,,,,,,,,,,,,,,,,,,,,,,
wcompton,4118,fell,1.92,1,73.7506,66.2866,2.58893,3.00218,321.735,94.377,32.8321,30.0503,34.1983,32.9807,19.1493,13.3048,12.8875,5.17656,,,,,,,,,,,,,,,,,,,,,,,,,,,,,,,,,,,,,,,,,,,,,,,,,,,,,,,,,,,,,,,,,,,,,,,,,,,,,,,,,,,,,,,,,,,,,,,,,,,,,,,,,,,,,,
wcompton,4119,fell,1.46,1,154.422,61.5799,2.32735,3.13672,481.769,186.088,54.473,41.26,25.3532,28.3133,24.6345,10.1124,12.691,4.40863,,,,,,,,,,,,,,,,,,,,,,,,,,,,,,,,,,,,,,,,,,,,,,,,,,,,,,,,,,,,,,,,,,,,,,,,,,,,,,,,,,,,,,,,,,,,,,,,,,,,,,,,,,,,,,
wcompton,4120,fell,1.64,1,233.916,14.6179,1.84676,3.22444,421.39,123.598,41.3539,51.3029,36.9326,38.1727,27.8938,12.0739,15.0155,6.65271,,,,,,,,,,,,,,,,,,,,,,,,,,,,,,,,,,,,,,,,,,,,,,,,,,,,,,,,,,,,,,,,,,,,,,,,,,,,,,,,,,,,,,,,,,,,,,,,,,,,,,,,,,,,,,
wcompton,4121,fell,1.22,1,147.684,41.641,2.57008,3.99904,235.606,70.29,23.0094,11.1229,15.6422,22.3642,14.2691,9.0433,9.25625,6.32458,,,,,,,,,,,,,,,,,,,,,,,,,,,,,,,,,,,,,,,,,,,,,,,,,,,,,,,,,,,,,,,,,,,,,,,,,,,,,,,,,,,,,,,,,,,,,,,,,,,,,,,,,,,,,,
wcompton,4122,fell,1.78,1,182.479,52.5231,1.3301,2.85496,224.506,45.49,25.5212,49.9916,6.67667,25.0228,13.0738,8.94226,13.4597,3.64431,,,,,,,,,,,,,,,,,,,,,,,,,,,,,,,,,,,,,,,,,,,,,,,,,,,,,,,,,,,,,,,,,,,,,,,,,,,,,,,,,,,,,,,,,,,,,,,,,,,,,,,,,,,,,,
wcompton,4123,fell,2.08,1,170.231,46.0814,2.67825,4.09219,324.445,133.252,34.3214,10.0585,0.833764,33.158,24.8875,12.4332,9.29034,1.04436,,,,,,,,,,,,,,,,,,,,,,,,,,,,,,,,,,,,,,,,,,,,,,,,,,,,,,,,,,,,,,,,,,,,,,,,,,,,,,,,,,,,,,,,,,,,,,,,,,,,,,,,,,,,,,
wcompton,4124,fell,1.16,1,88.369,28.6476,2.88417,3.29966,221.99,82.4559,21.9421,27.6859,7.39211,40.3523,20.0727,15.7408,13.3948,5.19662,,,,,,,,,,,,,,,,,,,,,,,,,,,,,,,,,,,,,,,,,,,,,,,,,,,,,,,,,,,,,,,,,,,,,,,,,,,,,,,,,,,,,,,,,,,,,,,,,,,,,,,,,,,,,,
wcompton,4125,fell,1.26,1,128.476,33.5769,2.29691,3.83136,295.114,70.454,30.4442,19.7357,33.3443,21.3416,18.7321,7.36235,10.436,5.33511,,,,,,,,,,,,,,,,,,,,,,,,,,,,,,,,,,,,,,,,,,,,,,,,,,,,,,,,,,,,,,,,,,,,,,,,,,,,,,,,,,,,,,,,,,,,,,,,,,,,,,,,,,,,,,
wcompton,4126,fell,1.5,1,193.175,49.3448,2.02403,4.24152,414.977,45.6482,29.6516,7.78507,1.20924,32.4368,14.4454,12.9169,9.25466,2.74577,,,,,,,,,,,,,,,,,,,,,,,,,,,,,,,,,,,,,,,,,,,,,,,,,,,,,,,,,,,,,,,,,,,,,,,,,,,,,,,,,,,,,,,,,,,,,,,,,,,,,,,,,,,,,,
wcompton,4127,fell,1.24,1,131.447,179.552,1.56854,3.1999,260.161,61.583,41.0322,35.3376,89.4452,21.8565,14.0657,7.53839,13.385,11.4448,,,,,,,,,,,,,,,,,,,,,,,,,,,,,,,,,,,,,,,,,,,,,,,,,,,,,,,,,,,,,,,,,,,,,,,,,,,,,,,,,,,,,,,,,,,,,,,,,,,,,,,,,,,,,,
wcompton,4128,fell,2.18,1,112.906,95.2003,2.86714,4.07469,334.364,97.8212,21.4317,14.0481,3.95274,28.3529,22.7043,9.32721,10.8545,5.65248,,,,,,,,,,,,,,,,,,,,,,,,,,,,,,,,,,,,,,,,,,,,,,,,,,,,,,,,,,,,,,,,,,,,,,,,,,,,,,,,,,,,,,,,,,,,,,,,,,,,,,,,,,,,,,
wcompton,4129,fell,2.26,1,37.5561,50.4476,2.1646,3.66806,333.241,78.4857,33.7435,17.6606,0.846874,38.4256,21.7651,13.0077,10.6143,1.55213,,,,,,,,,,,,,,,,,,,,,,,,,,,,,,,,,,,,,,,,,,,,,,,,,,,,,,,,,,,,,,,,,,,,,,,,,,,,,,,,,,,,,,,,,,,,,,,,,,,,,,,,,,,,,,
wcompton,4130,fell,1.28,1,93.1213,12.8628,2.90479,3.85868,183.322,76.7428,25.2055,9.81727,0.769468,27.6179,21.0401,8.94958,8.9439,2.15764,,,,,,,,,,,,,,,,,,,,,,,,,,,,,,,,,,,,,,,,,,,,,,,,,,,,,,,,,,,,,,,,,,,,,,,,,,,,,,,,,,,,,,,,,,,,,,,,,,,,,,,,,,,,,,
wcompton,4131,fell,1.26,1,134.844,1.08631,2.81543,3.3747,254.873,133.68,29.2313,32.8843,9.28997,24.4029,24.6908,7.73153,11.1152,5.70491,,,,,,,,,,,,,,,,,,,,,,,,,,,,,,,,,,,,,,,,,,,,,,,,,,,,,,,,,,,,,,,,,,,,,,,,,,,,,,,,,,,,,,,,,,,,,,,,,,,,,,,,,,,,,,
wcompton,4132,fell,1.8,1,169.415,8.3421,2.14587,1.01664,1117.68,241.229,143.512,134.668,45.7424,50.7424,40.0388,18.6547,37.1928,13.7776,,,,,,,,,,,,,,,,,,,,,,,,,,,,,,,,,,,,,,,,,,,,,,,,,,,,,,,,,,,,,,,,,,,,,,,,,,,,,,,,,,,,,,,,,,,,,,,,,,,,,,,,,,,,,,
wcompton,4133,fell,5.48,2,401.215,9.02338,1.28424,2.91615,766.114,309.743,111.995,50.1763,1.42222,47.3701,33.4251,13.9293,18.2892,3.28949,175.497,25.8969,27.5102,17.6313,6.19778,14.4683,12.5839,3.23344,4.79131,1.51658,,,,,,,,,,,,,,,,,,,,,,,,,,,,,,,,,,,,,,,,,,,,,,,,,,,,,,,,,,,,,,,,,,,,,,,,,,,,,,,,,,,,,,,,,,,,,,,,,,,,
wcompton,4134,fell,1.28,1,150.348,65.6964,1.82904,2.80431,209.726,72.3665,24.2565,28.0337,6.87045,27.3881,16.759,11.0387,11.7427,3.32485,,,,,,,,,,,,,,,,,,,,,,,,,,,,,,,,,,,,,,,,,,,,,,,,,,,,,,,,,,,,,,,,,,,,,,,,,,,,,,,,,,,,,,,,,,,,,,,,,,,,,,,,,,,,,,
wcompton,4135,fell,1.28,1,186.927,94.8049,3.00182,3.23437,276.43,65.5498,50.6134,26.8672,0.577683,37.2455,21.2098,17.2607,12.4165,1.70091,,,,,,,,,,,,,,,,,,,,,,,,,,,,,,,,,,,,,,,,,,,,,,,,,,,,,,,,,,,,,,,,,,,,,,,,,,,,,,,,,,,,,,,,,,,,,,,,,,,,,,,,,,,,,,
wcompton,4136,fell,1.48,1,89.8342,41.0951,1.4097,3.3165,233.426,66.9092,17.3911,25.8316,8.19219,23.2091,15.9536,7.83137,11.1008,4.11078,,,,,,,,,,,,,,,,,,,,,,,,,,,,,,,,,,,,,,,,,,,,,,,,,,,,,,,,,,,,,,,,,,,,,,,,,,,,,,,,,,,,,,,,,,,,,,,,,,,,,,,,,,,,,,
wcompton,4137,fell,2.54,1,195.444,64.0689,1.45942,2.69239,400.14,113.021,46.7928,38.8287,57.4952,48.0383,24.2711,20.2583,19.0316,11.3129,,,,,,,,,,,,,,,,,,,,,,,,,,,,,,,,,,,,,,,,,,,,,,,,,,,,,,,,,,,,,,,,,,,,,,,,,,,,,,,,,,,,,,,,,,,,,,,,,,,,,,,,,,,,,,
wcompton,4138,fell,2.46,1,93.6139,45.3545,1.1698,3.50608,350.829,92.2949,36.2208,26.5875,3.73792,31.8671,21.7781,10.1378,12.7139,4.22611,,,,,,,,,,,,,,,,,,,,,,,,,,,,,,,,,,,,,,,,,,,,,,,,,,,,,,,,,,,,,,,,,,,,,,,,,,,,,,,,,,,,,,,,,,,,,,,,,,,,,,,,,,,,,,
wcompton,4139,fell,1.62,1,82.4304,51.9717,2.2093,3.99507,177.191,53.555,23.9032,5.56755,0.219233,17.3195,11.7028,5.24607,5.81445,1.66936,,,,,,,,,,,,,,,,,,,,,,,,,,,,,,,,,,,,,,,,,,,,,,,,,,,,,,,,,,,,,,,,,,,,,,,,,,,,,,,,,,,,,,,,,,,,,,,,,,,,,,,,,,,,,,
wcompton,4140,fell,1.06,1,48.403,34.8397,2.86126,3.67851,148.852,33.2209,14.6647,18.2025,4.78121,26.418,9.80141,11.9049,12.6864,4.70767,,,,,,,,,,,,,,,,,,,,,,,,,,,,,,,,,,,,,,,,,,,,,,,,,,,,,,,,,,,,,,,,,,,,,,,,,,,,,,,,,,,,,,,,,,,,,,,,,,,,,,,,,,,,,,
wcompton,4141,fell,1.82,1,63.6912,79.2543,1.83016,2.94976,201.8,62.3535,24.2775,24.2725,112.869,23.6864,15.6722,7.69041,11.546,10.4071,,,,,,,,,,,,,,,,,,,,,,,,,,,,,,,,,,,,,,,,,,,,,,,,,,,,,,,,,,,,,,,,,,,,,,,,,,,,,,,,,,,,,,,,,,,,,,,,,,,,,,,,,,,,,,
wcompton,4142,fell,1.32,1,126.252,137.568,3.34067,3.86027,527.866,125.574,42.9938,30.4772,1.05074,44.6082,28.2833,15.5532,17.6808,4.47911,,,,,,,,,,,,,,,,,,,,,,,,,,,,,,,,,,,,,,,,,,,,,,,,,,,,,,,,,,,,,,,,,,,,,,,,,,,,,,,,,,,,,,,,,,,,,,,,,,,,,,,,,,,,,,
wcompton,4143,fell,1.9,1,169.848,72.863,2.05686,3.44342,360.002,105.841,38.7491,23.8476,13.9043,49.794,20.9714,21.5291,17.7529,4.13305,,,,,,,,,,,,,,,,,,,,,,,,,,,,,,,,,,,,,,,,,,,,,,,,,,,,,,,,,,,,,,,,,,,,,,,,,,,,,,,,,,,,,,,,,,,,,,,,,,,,,,,,,,,,,,
wcompton,4144,fell,2.08,1,242.333,18.0762,2.83786,3.7445,344.522,160.894,63.2372,29.4459,6.37152,29.5524,28.757,9.25803,13.2366,6.76959,,,,,,,,,,,,,,,,,,,,,,,,,,,,,,,,,,,,,,,,,,,,,,,,,,,,,,,,,,,,,,,,,,,,,,,,,,,,,,,,,,,,,,,,,,,,,,,,,,,,,,,,,,,,,,
wcompton,4145,fell,2.34,1,144.341,18.6256,1.04334,2.32368,454.988,129.317,47.4226,50.8246,38.1086,38.56,26.384,13.6324,13.9793,5.41365,,,,,,,,,,,,,,,,,,,,,,,,,,,,,,,,,,,,,,,,,,,,,,,,,,,,,,,,,,,,,,,,,,,,,,,,,,,,,,,,,,,,,,,,,,,,,,,,,,,,,,,,,,,,,,
wcompton,4146,fell,1.62,1,149.392,83.0934,1.3993,4.0467,425.633,74.0564,34.2532,46.3791,1.22029,24.2503,17.9593,6.99429,8.08312,1.17593,,,,,,,,,,,,,,,,,,,,,,,,,,,,,,,,,,,,,,,,,,,,,,,,,,,,,,,,,,,,,,,,,,,,,,,,,,,,,,,,,,,,,,,,,,,,,,,,,,,,,,,,,,,,,,
wcompton,4147,fell,1.98,1,161.999,40.2512,2.38447,4.03567,278.802,94.283,30.8475,17.2049,18.4455,21.2719,17.2304,5.97588,8.02902,5.15207,,,,,,,,,,,,,,,,,,,,,,,,,,,,,,,,,,,,,,,,,,,,,,,,,,,,,,,,,,,,,,,,,,,,,,,,,,,,,,,,,,,,,,,,,,,,,,,,,,,,,,,,,,,,,,
wcompton,4148,fell,2.14,1,71.4939,27.9248,1.68932,3.3706,237.163,87.9605,23.3704,24.3437,20.7742,29.1562,20.0522,9.89992,12.7979,3.22927,,,,,,,,,,,,,,,,,,,,,,,,,,,,,,,,,,,,,,,,,,,,,,,,,,,,,,,,,,,,,,,,,,,,,,,,,,,,,,,,,,,,,,,,,,,,,,,,,,,,,,,,,,,,,,
wcompton,4149,fell,1.72,1,159.31,99.7956,1.87538,3.26124,347.058,124.317,30.6225,32.0089,44.5471,29.4571,19.0101,10.915,11.4792,7.40869,,,,,,,,,,,,,,,,,,,,,,,,,,,,,,,,,,,,,,,,,,,,,,,,,,,,,,,,,,,,,,,,,,,,,,,,,,,,,,,,,,,,,,,,,,,,,,,,,,,,,,,,,,,,,,
wcompton,4150,fell,1.48,1,160.46,67.9924,2.62124,3.6404,385.96,103.035,45.9637,39.3507,24.0168,26.5071,21.5494,9.63582,11.9171,3.78568,,,,,,,,,,,,,,,,,,,,,,,,,,,,,,,,,,,,,,,,,,,,,,,,,,,,,,,,,,,,,,,,,,,,,,,,,,,,,,,,,,,,,,,,,,,,,,,,,,,,,,,,,,,,,,
wcompton,4151,fell,1.26,1,72.6148,61.2714,1.90855,3.16293,304.491,72.4207,26.651,45.4888,0.85162,31.2646,24.5649,11.973,12.2666,2.87081,,,,,,,,,,,,,,,,,,,,,,,,,,,,,,,,,,,,,,,,,,,,,,,,,,,,,,,,,,,,,,,,,,,,,,,,,,,,,,,,,,,,,,,,,,,,,,,,,,,,,,,,,,,,,,
wcompton,4152,fell,1.44,1,93.5822,3.18415,2.23372,3.63668,252.85,56.363,30.4201,60.142,1.18499,20.6326,14.8791,6.56492,11.5593,1.56253,,,,,,,,,,,,,,,,,,,,,,,,,,,,,,,,,,,,,,,,,,,,,,,,,,,,,,,,,,,,,,,,,,,,,,,,,,,,,,,,,,,,,,,,,,,,,,,,,,,,,,,,,,,,,,
wcompton,4153,fell,1.6,1,99.824,114.42,2.92897,3.01225,312.672,51.2916,39.0865,51.177,3.38078,27.3442,15.5096,10.556,16.2076,4.39689,,,,,,,,,,,,,,,,,,,,,,,,,,,,,,,,,,,,,,,,,,,,,,,,,,,,,,,,,,,,,,,,,,,,,,,,,,,,,,,,,,,,,,,,,,,,,,,,,,,,,,,,,,,,,,
wcompton,4154,fell,1.72,1,42.9338,164.85,1.4474,2.938,290.474,84.995,37.4299,52.3504,21.9441,23.3876,16.6098,7.45516,14.5488,6.40829,,,,,,,,,,,,,,,,,,,,,,,,,,,,,,,,,,,,,,,,,,,,,,,,,,,,,,,,,,,,,,,,,,,,,,,,,,,,,,,,,,,,,,,,,,,,,,,,,,,,,,,,,,,,,,
wcompton,4155,fell,2.28,1,109.708,60.8457,2.36871,4.10177,418.91,81.1917,27.3134,28.8114,1.18014,45.5815,21.3955,19.0285,15.8431,3.05716,,,,,,,,,,,,,,,,,,,,,,,,,,,,,,,,,,,,,,,,,,,,,,,,,,,,,,,,,,,,,,,,,,,,,,,,,,,,,,,,,,,,,,,,,,,,,,,,,,,,,,,,,,,,,,
wcompton,4156,fell,2.04,1,206.411,47.5539,1.29287,0.764825,528.619,186.77,39.8485,29.2934,1.14213,48.2302,36.4548,16.0854,20.929,4.42411,,,,,,,,,,,,,,,,,,,,,,,,,,,,,,,,,,,,,,,,,,,,,,,,,,,,,,,,,,,,,,,,,,,,,,,,,,,,,,,,,,,,,,,,,,,,,,,,,,,,,,,,,,,,,,
wcompton,4157,fell,1.54,1,126.656,25.5264,2.78777,4.03182,383.639,57.2151,37.7492,17.5073,1.0234,54.9348,19.859,27.2078,20.836,4.03481,,,,,,,,,,,,,,,,,,,,,,,,,,,,,,,,,,,,,,,,,,,,,,,,,,,,,,,,,,,,,,,,,,,,,,,,,,,,,,,,,,,,,,,,,,,,,,,,,,,,,,,,,,,,,,
wcompton,4158,fell,1.88,1,161.731,66.3694,1.94929,3.65295,436.969,99.4838,46.1408,51.5739,32.2055,33.5045,19.7135,10.3173,14.8333,5.60346,,,,,,,,,,,,,,,,,,,,,,,,,,,,,,,,,,,,,,,,,,,,,,,,,,,,,,,,,,,,,,,,,,,,,,,,,,,,,,,,,,,,,,,,,,,,,,,,,,,,,,,,,,,,,,
wcompton,4159,fell,1.2,1,148.394,117.356,2.92703,4.09618,169.945,85.916,17.6892,36.9225,1.1293,23.8186,15.7766,8.19925,9.49343,1.83495,,,,,,,,,,,,,,,,,,,,,,,,,,,,,,,,,,,,,,,,,,,,,,,,,,,,,,,,,,,,,,,,,,,,,,,,,,,,,,,,,,,,,,,,,,,,,,,,,,,,,,,,,,,,,,
wcompton,4160,fell,1.28,1,153.198,43.0639,1.02313,3.38236,247.512,57.8194,30.9696,33.681,60.7986,17.9575,10.6879,6.62266,10.054,2.92419,,,,,,,,,,,,,,,,,,,,,,,,,,,,,,,,,,,,,,,,,,,,,,,,,,,,,,,,,,,,,,,,,,,,,,,,,,,,,,,,,,,,,,,,,,,,,,,,,,,,,,,,,,,,,,
wcompton,4161,fell,3.18,1,127.782,22.9089,2.39905,2.07109,618.576,170.174,55.9746,26.4419,6.9516,60.6969,36.4625,22.6018,21.8784,7.57439,,,,,,,,,,,,,,,,,,,,,,,,,,,,,,,,,,,,,,,,,,,,,,,,,,,,,,,,,,,,,,,,,,,,,,,,,,,,,,,,,,,,,,,,,,,,,,,,,,,,,,,,,,,,,,
wcompton,4162,fell,3.36,1,259.308,0.453846,2.62546,3.45137,654.171,148.85,82.5891,65.7391,9.90853,53.0236,31.5659,15.0171,18.7667,7.15194,,,,,,,,,,,,,,,,,,,,,,,,,,,,,,,,,,,,,,,,,,,,,,,,,,,,,,,,,,,,,,,,,,,,,,,,,,,,,,,,,,,,,,,,,,,,,,,,,,,,,,,,,,,,,,
wcompton,4163,fell,1.76,1,118.383,18.2259,1.78187,2.01377,268.226,97.5022,47.0431,31.5118,151.118,26.2436,15.5329,8.41994,13.1039,15.6908,,,,,,,,,,,,,,,,,,,,,,,,,,,,,,,,,,,,,,,,,,,,,,,,,,,,,,,,,,,,,,,,,,,,,,,,,,,,,,,,,,,,,,,,,,,,,,,,,,,,,,,,,,,,,,
wcompton,4164,fell,1.6,1,134.468,42.3882,2.07732,3.46933,513.538,127.933,51.8476,34.4856,19.5368,30.5641,20.7466,10.8007,13.2162,4.68746,,,,,,,,,,,,,,,,,,,,,,,,,,,,,,,,,,,,,,,,,,,,,,,,,,,,,,,,,,,,,,,,,,,,,,,,,,,,,,,,,,,,,,,,,,,,,,,,,,,,,,,,,,,,,,
wcompton,4165,fell,2.26,1,147.702,27.5453,2.54797,3.7361,384.438,88.8942,45.4654,41.4366,18.1755,25.8925,19.2144,7.86162,13.1141,4.42501,,,,,,,,,,,,,,,,,,,,,,,,,,,,,,,,,,,,,,,,,,,,,,,,,,,,,,,,,,,,,,,,,,,,,,,,,,,,,,,,,,,,,,,,,,,,,,,,,,,,,,,,,,,,,,
wcompton,4166,fell,0.9,1,143.527,107.335,1.72261,3.01014,206.069,61.2681,16.6568,45.174,3.61765,27.8556,17.0204,9.28839,9.82759,5.28405,,,,,,,,,,,,,,,,,,,,,,,,,,,,,,,,,,,,,,,,,,,,,,,,,,,,,,,,,,,,,,,,,,,,,,,,,,,,,,,,,,,,,,,,,,,,,,,,,,,,,,,,,,,,,,
wcompton,4167,fell,1.76,1,159.911,94.7177,1.72954,0.764004,522.242,189.493,49.3038,33.459,1.40673,49.0277,33.7702,17.1645,19.1019,5.29776,,,,,,,,,,,,,,,,,,,,,,,,,,,,,,,,,,,,,,,,,,,,,,,,,,,,,,,,,,,,,,,,,,,,,,,,,,,,,,,,,,,,,,,,,,,,,,,,,,,,,,,,,,,,,,
wcompton,4168,fell,2.52,1,95.5002,40.4058,2.12872,3.28452,293.22,95.8173,38.7545,31.1147,49.5043,30.3637,18.2795,10.5347,13.3545,8.80378,,,,,,,,,,,,,,,,,,,,,,,,,,,,,,,,,,,,,,,,,,,,,,,,,,,,,,,,,,,,,,,,,,,,,,,,,,,,,,,,,,,,,,,,,,,,,,,,,,,,,,,,,,,,,,
wcompton,4169,fell,2.76,1,156.536,109.658,1.36807,0.742907,1172.23,241.927,113.547,58.1614,11.4866,61.6028,42.1978,17.6961,25.9815,9.86316,,,,,,,,,,,,,,,,,,,,,,,,,,,,,,,,,,,,,,,,,,,,,,,,,,,,,,,,,,,,,,,,,,,,,,,,,,,,,,,,,,,,,,,,,,,,,,,,,,,,,,,,,,,,,,
wcompton,4170,fell,1.48,1,45.4537,85.8526,1.42942,3.46512,235.47,71.6747,33.757,15.4275,0.261597,21.4787,11.5434,7.50675,7.0634,0.758838,,,,,,,,,,,,,,,,,,,,,,,,,,,,,,,,,,,,,,,,,,,,,,,,,,,,,,,,,,,,,,,,,,,,,,,,,,,,,,,,,,,,,,,,,,,,,,,,,,,,,,,,,,,,,,
wcompton,4171,fell,1.48,1,146.651,47.772,1.93373,3.2784,356.564,69.6458,33.0803,37.3291,15.6104,36.4095,19.6736,14.4998,17.2338,4.91676,,,,,,,,,,,,,,,,,,,,,,,,,,,,,,,,,,,,,,,,,,,,,,,,,,,,,,,,,,,,,,,,,,,,,,,,,,,,,,,,,,,,,,,,,,,,,,,,,,,,,,,,,,,,,,
wcompton,4172,fell,2.12,1,190.206,114.836,2.36294,4.06657,477.843,127.046,68.8537,43.9666,9.1613,26.9249,22.518,8.32007,12.3474,3.71229,,,,,,,,,,,,,,,,,,,,,,,,,,,,,,,,,,,,,,,,,,,,,,,,,,,,,,,,,,,,,,,,,,,,,,,,,,,,,,,,,,,,,,,,,,,,,,,,,,,,,,,,,,,,,,
wcompton,4173,fell,1.94,1,107.207,67.8306,1.65867,2.89257,352.028,91.6254,29.4666,44.0622,17.5418,36.0404,20.17,14.3743,14.1986,4.18502,,,,,,,,,,,,,,,,,,,,,,,,,,,,,,,,,,,,,,,,,,,,,,,,,,,,,,,,,,,,,,,,,,,,,,,,,,,,,,,,,,,,,,,,,,,,,,,,,,,,,,,,,,,,,,
wcompton,4174,fell,0.88,1,63.4068,80.4169,1.56286,3.00589,229.634,85.1247,18.0311,29.9069,116.304,21.6296,18.5334,6.53936,15.4454,11.4998,,,,,,,,,,,,,,,,,,,,,,,,,,,,,,,,,,,,,,,,,,,,,,,,,,,,,,,,,,,,,,,,,,,,,,,,,,,,,,,,,,,,,,,,,,,,,,,,,,,,,,,,,,,,,,
wcompton,4175,fell,1.2,1,83.1248,3.38366,1.23682,3.42661,172.205,61.0501,28.0702,30.5801,1.59956,16.0843,11.827,5.62191,10.0145,3.48503,,,,,,,,,,,,,,,,,,,,,,,,,,,,,,,,,,,,,,,,,,,,,,,,,,,,,,,,,,,,,,,,,,,,,,,,,,,,,,,,,,,,,,,,,,,,,,,,,,,,,,,,,,,,,,
wcompton,4176,fell,2.28,1,139.438,24.7122,2.01599,3.56864,409.026,92.087,39.6426,25.4393,27.0702,44.3586,24.1183,18.5235,15.744,5.65009,,,,,,,,,,,,,,,,,,,,,,,,,,,,,,,,,,,,,,,,,,,,,,,,,,,,,,,,,,,,,,,,,,,,,,,,,,,,,,,,,,,,,,,,,,,,,,,,,,,,,,,,,,,,,,
wcompton,4177,fell,3.28,1,236.03,67.0519,0.864033,2.73336,479.184,163.608,51.2085,37.4501,30.5736,41.5771,29.7254,14.8014,19.583,7.9802,,,,,,,,,,,,,,,,,,,,,,,,,,,,,,,,,,,,,,,,,,,,,,,,,,,,,,,,,,,,,,,,,,,,,,,,,,,,,,,,,,,,,,,,,,,,,,,,,,,,,,,,,,,,,,
wcompton,4178,fell,1.5,1,149.006,90.0042,2.67331,3.87859,218.787,53.1497,30.5777,13.6973,20.4905,23.4871,12.5554,9.00267,8.3578,2.84137,,,,,,,,,,,,,,,,,,,,,,,,,,,,,,,,,,,,,,,,,,,,,,,,,,,,,,,,,,,,,,,,,,,,,,,,,,,,,,,,,,,,,,,,,,,,,,,,,,,,,,,,,,,,,,
wcompton,4179,fell,1.6,1,138.72,9.37892,1.5688,3.48105,259.074,56.2363,36.4831,54.6121,18.6141,26.5148,17.6886,9.76937,15.7266,4.67285,,,,,,,,,,,,,,,,,,,,,,,,,,,,,,,,,,,,,,,,,,,,,,,,,,,,,,,,,,,,,,,,,,,,,,,,,,,,,,,,,,,,,,,,,,,,,,,,,,,,,,,,,,,,,,
wcompton,4180,fell,2.08,1,50.4122,47.9631,2.34444,2.96453,346.019,95.5737,40.1575,37.4529,66.5447,31.6301,19.1267,10.7219,14.4991,10.6347,,,,,,,,,,,,,,,,,,,,,,,,,,,,,,,,,,,,,,,,,,,,,,,,,,,,,,,,,,,,,,,,,,,,,,,,,,,,,,,,,,,,,,,,,,,,,,,,,,,,,,,,,,,,,,
wcompton,4181,fell,2.32,1,104.449,45.0279,1.54369,3.63809,334.285,111.268,26.4534,17.3295,9.0688,41.1319,27.9906,15.333,12.9767,5.21814,,,,,,,,,,,,,,,,,,,,,,,,,,,,,,,,,,,,,,,,,,,,,,,,,,,,,,,,,,,,,,,,,,,,,,,,,,,,,,,,,,,,,,,,,,,,,,,,,,,,,,,,,,,,,,
wcompton,4182,fell,2.9,1,117.025,155.664,2.68005,3.9109,387.026,136.561,48.0414,24.1019,24.1757,28.2367,21.1773,8.58057,11.0036,8.73015,,,,,,,,,,,,,,,,,,,,,,,,,,,,,,,,,,,,,,,,,,,,,,,,,,,,,,,,,,,,,,,,,,,,,,,,,,,,,,,,,,,,,,,,,,,,,,,,,,,,,,,,,,,,,,
wcompton,4183,fell,1.82,1,19.3555,11.7198,1.92845,3.23745,249.593,76.2393,37.1928,60.8219,77.6284,29.56,18.128,10.6675,18.3201,7.18166,,,,,,,,,,,,,,,,,,,,,,,,,,,,,,,,,,,,,,,,,,,,,,,,,,,,,,,,,,,,,,,,,,,,,,,,,,,,,,,,,,,,,,,,,,,,,,,,,,,,,,,,,,,,,,
wcompton,4184,fell,1.46,1,108.458,22.6342,2.07563,4.21084,271.367,60.2794,21.1087,8.04325,0.528063,31.986,14.1003,13.4611,11.8398,3.81828,,,,,,,,,,,,,,,,,,,,,,,,,,,,,,,,,,,,,,,,,,,,,,,,,,,,,,,,,,,,,,,,,,,,,,,,,,,,,,,,,,,,,,,,,,,,,,,,,,,,,,,,,,,,,,
wcompton,4185,fell,1.12,1,129.8,9.21049,2.00191,3.85915,216.212,66.1289,15.7658,22.1063,25.1992,24.5597,15.2991,8.82633,11.2412,3.5385,,,,,,,,,,,,,,,,,,,,,,,,,,,,,,,,,,,,,,,,,,,,,,,,,,,,,,,,,,,,,,,,,,,,,,,,,,,,,,,,,,,,,,,,,,,,,,,,,,,,,,,,,,,,,,
wcompton,4186,fell,2.68,1,218.271,59.4228,2.52484,3.6044,545.383,158.967,76.3359,45.7264,32.7981,44.172,24.2697,15.8852,20.6066,7.30049,,,,,,,,,,,,,,,,,,,,,,,,,,,,,,,,,,,,,,,,,,,,,,,,,,,,,,,,,,,,,,,,,,,,,,,,,,,,,,,,,,,,,,,,,,,,,,,,,,,,,,,,,,,,,,
wcompton,4187,fell,2.3,1,137.366,10.1857,1.68453,2.82795,324.498,102.641,32.1466,22.9124,48.0922,38.9422,20.629,15.0418,13.6832,7.09654,,,,,,,,,,,,,,,,,,,,,,,,,,,,,,,,,,,,,,,,,,,,,,,,,,,,,,,,,,,,,,,,,,,,,,,,,,,,,,,,,,,,,,,,,,,,,,,,,,,,,,,,,,,,,,
wcompton,4188,fell,1.84,1,135.61,58.0271,1.01373,0.556408,608.174,229.799,67.1464,34.5596,2.0902,58.6893,39.7623,19.6124,25.2753,6.67741,,,,,,,,,,,,,,,,,,,,,,,,,,,,,,,,,,,,,,,,,,,,,,,,,,,,,,,,,,,,,,,,,,,,,,,,,,,,,,,,,,,,,,,,,,,,,,,,,,,,,,,,,,,,,,
wcompton,4189,fell,2.12,1,113.933,86.226,1.67569,2.89754,588.32,182.809,43.7195,40.1078,61.4513,36.8876,30.8988,11.6894,15.9758,9.00318,,,,,,,,,,,,,,,,,,,,,,,,,,,,,,,,,,,,,,,,,,,,,,,,,,,,,,,,,,,,,,,,,,,,,,,,,,,,,,,,,,,,,,,,,,,,,,,,,,,,,,,,,,,,,,
wcompton,4190,fell,2.14,1,46.764,63.704,1.71768,3.03871,269.105,61.8697,37.8979,47.4208,3.18503,22.5645,16.082,7.43452,13.2587,3.29791,,,,,,,,,,,,,,,,,,,,,,,,,,,,,,,,,,,,,,,,,,,,,,,,,,,,,,,,,,,,,,,,,,,,,,,,,,,,,,,,,,,,,,,,,,,,,,,,,,,,,,,,,,,,,,
wcompton,4191,fell,1.44,1,32.0752,22.8867,2.90135,3.84287,259.768,82.8168,16.741,22.3017,10.2797,20.0761,14.2987,6.63247,8.77775,3.28987,,,,,,,,,,,,,,,,,,,,,,,,,,,,,,,,,,,,,,,,,,,,,,,,,,,,,,,,,,,,,,,,,,,,,,,,,,,,,,,,,,,,,,,,,,,,,,,,,,,,,,,,,,,,,,
wcompton,4192,fell,2.56,1,160.031,133.799,0.891659,1.22338,428.819,155.147,44.8244,42.4673,55.1898,35.1486,21.5995,12.6249,19.946,8.24743,,,,,,,,,,,,,,,,,,,,,,,,,,,,,,,,,,,,,,,,,,,,,,,,,,,,,,,,,,,,,,,,,,,,,,,,,,,,,,,,,,,,,,,,,,,,,,,,,,,,,,,,,,,,,,
wcompton,4193,fell,1.78,1,50.4212,134.22,0.868672,0.381061,992.749,254.062,89.4222,81.8675,8.66086,52.9247,37.1732,15.2525,25.9201,10.7268,,,,,,,,,,,,,,,,,,,,,,,,,,,,,,,,,,,,,,,,,,,,,,,,,,,,,,,,,,,,,,,,,,,,,,,,,,,,,,,,,,,,,,,,,,,,,,,,,,,,,,,,,,,,,,
wcompton,4194,fell,1.4,1,121.559,138.407,1.14287,0.586506,534.887,124.618,57.7625,38.2838,29.0587,33.5498,21.7671,11.9192,15.454,11.4173,,,,,,,,,,,,,,,,,,,,,,,,,,,,,,,,,,,,,,,,,,,,,,,,,,,,,,,,,,,,,,,,,,,,,,,,,,,,,,,,,,,,,,,,,,,,,,,,,,,,,,,,,,,,,,
wcompton,4195,fell,3.36,1,221.928,99.3197,3.10061,3.68179,863.822,244.173,88.0445,69.632,2.99501,63.1238,34.5877,23.6179,26.5384,4.08554,,,,,,,,,,,,,,,,,,,,,,,,,,,,,,,,,,,,,,,,,,,,,,,,,,,,,,,,,,,,,,,,,,,,,,,,,,,,,,,,,,,,,,,,,,,,,,,,,,,,,,,,,,,,,,
wcompton,4196,fell,1.3,1,92.3672,86.6782,2.4316,3.3943,267.041,81.6635,29.7887,35.3215,4.16377,31.0261,23.6176,10.7424,11.6677,5.01829,,,,,,,,,,,,,,,,,,,,,,,,,,,,,,,,,,,,,,,,,,,,,,,,,,,,,,,,,,,,,,,,,,,,,,,,,,,,,,,,,,,,,,,,,,,,,,,,,,,,,,,,,,,,,,
wcompton,4197,fell,1.9,1,35.7235,12.7731,2.24627,3.59278,238.114,81.0446,29.037,28.5297,24.5262,22.5398,16.107,7.1278,12.0803,8.00962,,,,,,,,,,,,,,,,,,,,,,,,,,,,,,,,,,,,,,,,,,,,,,,,,,,,,,,,,,,,,,,,,,,,,,,,,,,,,,,,,,,,,,,,,,,,,,,,,,,,,,,,,,,,,,
wcompton,4198,fell,2.3,1,124.171,1.71947,2.36231,3.60495,275.471,85.9024,25.7789,18.9612,72.1523,33.1281,15.229,13.0642,11.5569,6.08162,,,,,,,,,,,,,,,,,,,,,,,,,,,,,,,,,,,,,,,,,,,,,,,,,,,,,,,,,,,,,,,,,,,,,,,,,,,,,,,,,,,,,,,,,,,,,,,,,,,,,,,,,,,,,,
wcompton,4199,fell,1.38,1,87.6793,24.9075,1.28225,3.47175,254.797,85.5406,17.8882,16.3669,0.371045,24.8828,20.7014,7.74786,8.25256,1.0691,,,,,,,,,,,,,,,,,,,,,,,,,,,,,,,,,,,,,,,,,,,,,,,,,,,,,,,,,,,,,,,,,,,,,,,,,,,,,,,,,,,,,,,,,,,,,,,,,,,,,,,,,,,,,,
wcompton,4200,fell,2.38,1,111.385,1.55306,2.1695,3.31883,324.713,87.2446,40.0989,32.6379,44.9961,27.0829,18.947,10.1947,12.4336,5.3961,,,,,,,,,,,,,,,,,,,,,,,,,,,,,,,,,,,,,,,,,,,,,,,,,,,,,,,,,,,,,,,,,,,,,,,,,,,,,,,,,,,,,,,,,,,,,,,,,,,,,,,,,,,,,,
wcompton,4201,fell,3.16,1,138.439,26.0693,1.88847,3.74564,405.457,101.055,36.7909,32.9955,76.6335,42.2205,21.2379,15.3167,19.5756,8.57364,,,,,,,,,,,,,,,,,,,,,,,,,,,,,,,,,,,,,,,,,,,,,,,,,,,,,,,,,,,,,,,,,,,,,,,,,,,,,,,,,,,,,,,,,,,,,,,,,,,,,,,,,,,,,,
wcompton,4202,fell,1.98,1,125.793,56.6863,1.47704,3.89344,462.507,83.7157,55.6662,44.8884,43.8679,49.5649,24.0673,21.222,17.4819,6.25751,,,,,,,,,,,,,,,,,,,,,,,,,,,,,,,,,,,,,,,,,,,,,,,,,,,,,,,,,,,,,,,,,,,,,,,,,,,,,,,,,,,,,,,,,,,,,,,,,,,,,,,,,,,,,,
wcompton,4203,fell,2.64,1,130.883,91.6738,2.19112,3.61,341.877,108.66,27.5445,24.5365,63.7725,32.2112,22.1863,10.5428,12.6583,8.7568,,,,,,,,,,,,,,,,,,,,,,,,,,,,,,,,,,,,,,,,,,,,,,,,,,,,,,,,,,,,,,,,,,,,,,,,,,,,,,,,,,,,,,,,,,,,,,,,,,,,,,,,,,,,,,
wcompton,4204,fell,1.4,1,129.069,13.3653,1.37698,3.75502,226.453,62.1108,17.5772,12.594,0.501808,30.7527,12.8124,13.1457,9.2901,0.779566,,,,,,,,,,,,,,,,,,,,,,,,,,,,,,,,,,,,,,,,,,,,,,,,,,,,,,,,,,,,,,,,,,,,,,,,,,,,,,,,,,,,,,,,,,,,,,,,,,,,,,,,,,,,,,
wcompton,4205,fell,2.62,1,102.551,6.62233,2.19569,3.39868,383.888,80.3751,34.2044,45.3785,18.5903,36.2057,24.522,12.7442,15.2446,10.4017,,,,,,,,,,,,,,,,,,,,,,,,,,,,,,,,,,,,,,,,,,,,,,,,,,,,,,,,,,,,,,,,,,,,,,,,,,,,,,,,,,,,,,,,,,,,,,,,,,,,,,,,,,,,,,
wcompton,4206,fell,1.26,1,136.105,165.196,2.14676,3.66043,266.089,106.548,29.8486,15.0255,2.48297,26.9705,21.9959,8.13861,10.8686,4.0118,,,,,,,,,,,,,,,,,,,,,,,,,,,,,,,,,,,,,,,,,,,,,,,,,,,,,,,,,,,,,,,,,,,,,,,,,,,,,,,,,,,,,,,,,,,,,,,,,,,,,,,,,,,,,,
wcompton,4207,fell,2.26,1,123.516,86.3241,2.61929,3.87488,327.338,74.6444,34.647,26.9273,38.9909,24.5811,15.0213,9.22541,11.5436,5.39748,,,,,,,,,,,,,,,,,,,,,,,,,,,,,,,,,,,,,,,,,,,,,,,,,,,,,,,,,,,,,,,,,,,,,,,,,,,,,,,,,,,,,,,,,,,,,,,,,,,,,,,,,,,,,,
wcompton,4208,fell,1.32,1,115.212,89.7311,2.70302,4.14403,551.229,105.17,25.5845,7.9222,0.514731,34.1606,21.4971,9.8082,9.24622,3.34427,,,,,,,,,,,,,,,,,,,,,,,,,,,,,,,,,,,,,,,,,,,,,,,,,,,,,,,,,,,,,,,,,,,,,,,,,,,,,,,,,,,,,,,,,,,,,,,,,,,,,,,,,,,,,,
wcompton,4209,fell,1.5,1,177.365,23.2006,2.284,3.80091,285.875,99.3422,20.712,11.7308,2.31966,30.7763,20.7284,10.5949,10.1184,3.66566,,,,,,,,,,,,,,,,,,,,,,,,,,,,,,,,,,,,,,,,,,,,,,,,,,,,,,,,,,,,,,,,,,,,,,,,,,,,,,,,,,,,,,,,,,,,,,,,,,,,,,,,,,,,,,
wcompton,4210,fell,1.2,1,120.533,15.7633,2.80493,3.3072,1126.23,40.4211,41.1487,43.8982,1.09736,42.0659,10.3232,11.6547,13.4446,2.48595,,,,,,,,,,,,,,,,,,,,,,,,,,,,,,,,,,,,,,,,,,,,,,,,,,,,,,,,,,,,,,,,,,,,,,,,,,,,,,,,,,,,,,,,,,,,,,,,,,,,,,,,,,,,,,
wcompton,4211,fell,2.1,1,197.844,97.4113,1.62613,1.84576,507.589,200.861,66.1709,38.7618,24.0266,37.1557,29.0854,11.2612,13.2718,7.2684,,,,,,,,,,,,,,,,,,,,,,,,,,,,,,,,,,,,,,,,,,,,,,,,,,,,,,,,,,,,,,,,,,,,,,,,,,,,,,,,,,,,,,,,,,,,,,,,,,,,,,,,,,,,,,
wcompton,4212,fell,4.3,1,204.864,2.31451,2.26585,3.04238,638.894,167.662,68.3019,64.0036,34.7505,61.3161,30.9827,22.7414,21.265,3.98278,,,,,,,,,,,,,,,,,,,,,,,,,,,,,,,,,,,,,,,,,,,,,,,,,,,,,,,,,,,,,,,,,,,,,,,,,,,,,,,,,,,,,,,,,,,,,,,,,,,,,,,,,,,,,,
wcompton,4213,fell,1.72,1,123.582,37.3878,2.64746,3.51213,360.25,218.031,47.1655,63.1948,13.2498,34.7915,32.8066,11.9648,13.495,5.34529,,,,,,,,,,,,,,,,,,,,,,,,,,,,,,,,,,,,,,,,,,,,,,,,,,,,,,,,,,,,,,,,,,,,,,,,,,,,,,,,,,,,,,,,,,,,,,,,,,,,,,,,,,,,,,
wcompton,4214,fell,1.54,1,109.103,33.1303,2.37684,4.22663,284.746,98.8339,27.8714,11.827,0.90305,35.353,22.3243,13.8813,11.315,2.48278,,,,,,,,,,,,,,,,,,,,,,,,,,,,,,,,,,,,,,,,,,,,,,,,,,,,,,,,,,,,,,,,,,,,,,,,,,,,,,,,,,,,,,,,,,,,,,,,,,,,,,,,,,,,,,
wcompton,4215,fell,2.08,1,91.8095,3.46369,0.971577,0.459999,949.216,190.548,76.1386,28.1054,2.37317,48.0977,29.2696,14.0839,24.5803,9.71136,,,,,,,,,,,,,,,,,,,,,,,,,,,,,,,,,,,,,,,,,,,,,,,,,,,,,,,,,,,,,,,,,,,,,,,,,,,,,,,,,,,,,,,,,,,,,,,,,,,,,,,,,,,,,,
wcompton,4216,fell,1.98,1,66.4739,50.7634,1.00236,1.63585,797.142,133.761,79.3875,103.676,35.7992,52.3082,26.5013,18.6609,32.8123,14.0696,,,,,,,,,,,,,,,,,,,,,,,,,,,,,,,,,,,,,,,,,,,,,,,,,,,,,,,,,,,,,,,,,,,,,,,,,,,,,,,,,,,,,,,,,,,,,,,,,,,,,,,,,,,,,,
wcompton,4217,fell,1.3,1,137.021,37.5548,1.41505,1.19962,494.311,217.444,69.296,46.2259,45.4152,34.6906,29.6544,12.5807,15.971,6.39853,,,,,,,,,,,,,,,,,,,,,,,,,,,,,,,,,,,,,,,,,,,,,,,,,,,,,,,,,,,,,,,,,,,,,,,,,,,,,,,,,,,,,,,,,,,,,,,,,,,,,,,,,,,,,,
wcompton,4218,fell,1.64,1,98.4289,102.684,1.55612,3.73577,285.415,75.5214,28.6746,13.8466,1.30938,31.6584,16.4948,10.0987,9.76676,1.80597,,,,,,,,,,,,,,,,,,,,,,,,,,,,,,,,,,,,,,,,,,,,,,,,,,,,,,,,,,,,,,,,,,,,,,,,,,,,,,,,,,,,,,,,,,,,,,,,,,,,,,,,,,,,,,
wcompton,4219,fell,2.26,1,142.885,38.3874,2.67401,3.60332,454.609,139.8,39.7212,63.2421,61.586,26.3331,21.6032,8.74303,14.7842,6.59546,,,,,,,,,,,,,,,,,,,,,,,,,,,,,,,,,,,,,,,,,,,,,,,,,,,,,,,,,,,,,,,,,,,,,,,,,,,,,,,,,,,,,,,,,,,,,,,,,,,,,,,,,,,,,,
wcompton,4220,fell,3.1,1,166.093,8.75425,2.52156,3.98535,560.701,208.128,49.6352,40.0079,10.3213,38.4726,30.1703,12.2423,16.1001,3.97698,,,,,,,,,,,,,,,,,,,,,,,,,,,,,,,,,,,,,,,,,,,,,,,,,,,,,,,,,,,,,,,,,,,,,,,,,,,,,,,,,,,,,,,,,,,,,,,,,,,,,,,,,,,,,,
wcompton,4221,fell,1.88,1,119.026,20.1546,1.05767,3.4136,373.4,66.861,43.8713,27.2938,2.6172,72.2576,22.4337,35.8713,27.224,4.87389,,,,,,,,,,,,,,,,,,,,,,,,,,,,,,,,,,,,,,,,,,,,,,,,,,,,,,,,,,,,,,,,,,,,,,,,,,,,,,,,,,,,,,,,,,,,,,,,,,,,,,,,,,,,,,
wcompton,4222,fell,2.18,1,82.1064,87.5992,2.53899,3.49117,472.56,109.254,53.802,55.9029,15.4706,31.971,21.2488,11.7048,14.5252,4.19942,,,,,,,,,,,,,,,,,,,,,,,,,,,,,,,,,,,,,,,,,,,,,,,,,,,,,,,,,,,,,,,,,,,,,,,,,,,,,,,,,,,,,,,,,,,,,,,,,,,,,,,,,,,,,,
wcompton,4223,fell,1.14,1,182.018,16.8607,1.48057,3.21634,189.755,30.4751,23.6165,18.8705,2.10701,29.9697,9.89234,13.9948,14.0476,3.73803,,,,,,,,,,,,,,,,,,,,,,,,,,,,,,,,,,,,,,,,,,,,,,,,,,,,,,,,,,,,,,,,,,,,,,,,,,,,,,,,,,,,,,,,,,,,,,,,,,,,,,,,,,,,,,
wcompton,4224,fell,1.54,1,133.772,77.5193,1.17064,3.73315,213.147,73.5628,27.6487,13.4549,0.906877,17.6413,12.2854,6.1077,8.81297,3.68467,,,,,,,,,,,,,,,,,,,,,,,,,,,,,,,,,,,,,,,,,,,,,,,,,,,,,,,,,,,,,,,,,,,,,,,,,,,,,,,,,,,,,,,,,,,,,,,,,,,,,,,,,,,,,,
wcompton,4225,fell,2.5,1,152.973,120.925,1.46732,2.99638,350.837,111.716,37.3435,31.7415,70.8253,37.1582,17.5598,14.7614,15.765,8.4072,,,,,,,,,,,,,,,,,,,,,,,,,,,,,,,,,,,,,,,,,,,,,,,,,,,,,,,,,,,,,,,,,,,,,,,,,,,,,,,,,,,,,,,,,,,,,,,,,,,,,,,,,,,,,,
wcompton,4226,fell,3.74,1,246.48,12.8106,3.09897,3.81329,624.681,245.596,78.4957,37.1766,1.17263,50.094,41.2581,14.9208,16.0939,2.3448,,,,,,,,,,,,,,,,,,,,,,,,,,,,,,,,,,,,,,,,,,,,,,,,,,,,,,,,,,,,,,,,,,,,,,,,,,,,,,,,,,,,,,,,,,,,,,,,,,,,,,,,,,,,,,
wcompton,4227,fell,1.06,1,106.606,42.2732,2.18034,3.50802,188.068,60.8364,18.7235,29.4474,41.2706,24.107,14.6222,8.95594,11.1125,3.94635,,,,,,,,,,,,,,,,,,,,,,,,,,,,,,,,,,,,,,,,,,,,,,,,,,,,,,,,,,,,,,,,,,,,,,,,,,,,,,,,,,,,,,,,,,,,,,,,,,,,,,,,,,,,,,
wcompton,4228,fell,1.8,1,118.265,19.0542,1.94227,3.48153,592.244,391.659,43.6582,25.889,15.8434,48.5252,39.9373,15.4491,17.2936,6.98443,,,,,,,,,,,,,,,,,,,,,,,,,,,,,,,,,,,,,,,,,,,,,,,,,,,,,,,,,,,,,,,,,,,,,,,,,,,,,,,,,,,,,,,,,,,,,,,,,,,,,,,,,,,,,,
wcompton,4229,fell,2.24,1,159.179,168.533,2.24326,3.42051,592.487,142.374,50.2396,37.7582,41.6229,51.7959,25.5258,20.0582,18.4442,5.57024,,,,,,,,,,,,,,,,,,,,,,,,,,,,,,,,,,,,,,,,,,,,,,,,,,,,,,,,,,,,,,,,,,,,,,,,,,,,,,,,,,,,,,,,,,,,,,,,,,,,,,,,,,,,,,
wcompton,4230,fell,2.1,1,170.12,85.8207,1.08917,1.07605,400.695,116.202,53.8445,30.4885,90.0997,33.461,22.419,12.8216,13.782,9.8642,,,,,,,,,,,,,,,,,,,,,,,,,,,,,,,,,,,,,,,,,,,,,,,,,,,,,,,,,,,,,,,,,,,,,,,,,,,,,,,,,,,,,,,,,,,,,,,,,,,,,,,,,,,,,,
wcompton,4231,fell,1.02,1,150.307,92.9722,2.10133,3.64423,209.645,60.9921,14.5015,30.0471,37.671,20.5354,17.1094,6.73495,13.3365,5.51695,,,,,,,,,,,,,,,,,,,,,,,,,,,,,,,,,,,,,,,,,,,,,,,,,,,,,,,,,,,,,,,,,,,,,,,,,,,,,,,,,,,,,,,,,,,,,,,,,,,,,,,,,,,,,,
wcompton,4232,fell,1.28,1,46.3574,98.0743,2.76108,4.02514,219.055,91.4261,23.095,10.2059,0.358038,26.5337,18.0235,9.60089,8.79341,1.51021,,,,,,,,,,,,,,,,,,,,,,,,,,,,,,,,,,,,,,,,,,,,,,,,,,,,,,,,,,,,,,,,,,,,,,,,,,,,,,,,,,,,,,,,,,,,,,,,,,,,,,,,,,,,,,
wcompton,4233,fell,1.14,1,140.534,2.21343,1.5331,3.42444,184.512,61.4399,20.553,19.9614,5.60969,23.7258,15.4303,9.43613,12.4429,5.10992,,,,,,,,,,,,,,,,,,,,,,,,,,,,,,,,,,,,,,,,,,,,,,,,,,,,,,,,,,,,,,,,,,,,,,,,,,,,,,,,,,,,,,,,,,,,,,,,,,,,,,,,,,,,,,
wcompton,4234,fell,2.56,1,195.987,114.747,1.09294,1.52182,398.815,162.035,41.9544,86.6553,37.4524,29.9677,26.5003,9.24179,18.5944,5.14676,,,,,,,,,,,,,,,,,,,,,,,,,,,,,,,,,,,,,,,,,,,,,,,,,,,,,,,,,,,,,,,,,,,,,,,,,,,,,,,,,,,,,,,,,,,,,,,,,,,,,,,,,,,,,,
wcompton,4235,fell,1.26,1,45.0654,54.0163,2.71062,3.87717,216.006,78.5449,26.2042,26.8682,5.22047,28.5809,16.5447,12.0408,12.0113,4.61846,,,,,,,,,,,,,,,,,,,,,,,,,,,,,,,,,,,,,,,,,,,,,,,,,,,,,,,,,,,,,,,,,,,,,,,,,,,,,,,,,,,,,,,,,,,,,,,,,,,,,,,,,,,,,,
wcompton,4236,fell,1.6,1,142.577,8.46401,2.75245,3.86461,408.774,119.59,62.307,66.5448,0.782251,35.8183,25.8146,10.6113,14.8115,2.17794,,,,,,,,,,,,,,,,,,,,,,,,,,,,,,,,,,,,,,,,,,,,,,,,,,,,,,,,,,,,,,,,,,,,,,,,,,,,,,,,,,,,,,,,,,,,,,,,,,,,,,,,,,,,,,
wcompton,4237,fell,2.24,1,150.868,9.45121,2.55805,3.77925,324.023,92.6145,30.6833,22.6326,115.334,33.173,19.3265,12.3564,13.392,6.01553,,,,,,,,,,,,,,,,,,,,,,,,,,,,,,,,,,,,,,,,,,,,,,,,,,,,,,,,,,,,,,,,,,,,,,,,,,,,,,,,,,,,,,,,,,,,,,,,,,,,,,,,,,,,,,
wcompton,4238,fell,1.92,1,158.247,52.3478,3.18076,3.66314,292.567,96.1358,29.4834,28.4746,34.3226,29.9245,16.5909,9.95825,11.1234,4.56719,,,,,,,,,,,,,,,,,,,,,,,,,,,,,,,,,,,,,,,,,,,,,,,,,,,,,,,,,,,,,,,,,,,,,,,,,,,,,,,,,,,,,,,,,,,,,,,,,,,,,,,,,,,,,,
wcompton,4239,fell,1.38,1,29.2323,6.35841,2.90389,4.01634,261.759,41.3189,26.7266,15.2477,0.427768,16.9135,11.3804,5.32489,5.95219,0.828322,,,,,,,,,,,,,,,,,,,,,,,,,,,,,,,,,,,,,,,,,,,,,,,,,,,,,,,,,,,,,,,,,,,,,,,,,,,,,,,,,,,,,,,,,,,,,,,,,,,,,,,,,,,,,,
wcompton,4240,fell,1.86,1,131.606,48.1799,1.37093,0.837746,968.296,247.436,67.9092,21.3758,3.36454,56.3856,40.9704,18.5407,20.4969,6.40204,,,,,,,,,,,,,,,,,,,,,,,,,,,,,,,,,,,,,,,,,,,,,,,,,,,,,,,,,,,,,,,,,,,,,,,,,,,,,,,,,,,,,,,,,,,,,,,,,,,,,,,,,,,,,,
wcompton,4241,fell,1.86,1,38.7312,28.2056,2.53629,3.6027,264.797,62.191,38.4039,24.3802,29.0528,26.1238,17.9075,8.43417,8.18336,4.39152,,,,,,,,,,,,,,,,,,,,,,,,,,,,,,,,,,,,,,,,,,,,,,,,,,,,,,,,,,,,,,,,,,,,,,,,,,,,,,,,,,,,,,,,,,,,,,,,,,,,,,,,,,,,,,
wcompton,4242,fell,1.66,1,191.14,8.72515,2.80717,4.06372,420.413,62.0326,48.5653,14.016,0.720579,57.3258,23.6457,27.0588,16.7381,1.67816,,,,,,,,,,,,,,,,,,,,,,,,,,,,,,,,,,,,,,,,,,,,,,,,,,,,,,,,,,,,,,,,,,,,,,,,,,,,,,,,,,,,,,,,,,,,,,,,,,,,,,,,,,,,,,
wcompton,4243,fell,1.66,1,203.393,12.6843,2.31407,3.93829,359.788,66.9421,37.1326,19.6316,5.05006,29.2403,16.7396,11.5333,10.0531,2.13126,,,,,,,,,,,,,,,,,,,,,,,,,,,,,,,,,,,,,,,,,,,,,,,,,,,,,,,,,,,,,,,,,,,,,,,,,,,,,,,,,,,,,,,,,,,,,,,,,,,,,,,,,,,,,,
wcompton,4244,fell,2.38,1,85.4245,26.6948,1.8425,3.62048,295.267,86.8544,37.0838,15.128,11.5674,30.6806,19.0692,10.8688,12.534,6.29009,,,,,,,,,,,,,,,,,,,,,,,,,,,,,,,,,,,,,,,,,,,,,,,,,,,,,,,,,,,,,,,,,,,,,,,,,,,,,,,,,,,,,,,,,,,,,,,,,,,,,,,,,,,,,,
wcompton,4245,fell,1.82,1,146.728,165.967,0.440099,0.331442,307.035,66.5759,27.2848,36.4132,8.18824,28.1746,18.1553,9.87324,18.2677,6.22427,,,,,,,,,,,,,,,,,,,,,,,,,,,,,,,,,,,,,,,,,,,,,,,,,,,,,,,,,,,,,,,,,,,,,,,,,,,,,,,,,,,,,,,,,,,,,,,,,,,,,,,,,,,,,,
wcompton,4246,fell,3,1,103.688,67.9049,2.56065,3.76848,539.427,142.98,55.3075,45.6724,8.05191,37.4178,31.3602,11.151,14.3261,4.87992,,,,,,,,,,,,,,,,,,,,,,,,,,,,,,,,,,,,,,,,,,,,,,,,,,,,,,,,,,,,,,,,,,,,,,,,,,,,,,,,,,,,,,,,,,,,,,,,,,,,,,,,,,,,,,
wcompton,4247,fell,2.1,1,185.841,57.5418,2.42453,4.18033,286.192,123.991,42.8629,20.4575,12.9161,25.9268,18.2846,8.97195,10.258,2.23726,,,,,,,,,,,,,,,,,,,,,,,,,,,,,,,,,,,,,,,,,,,,,,,,,,,,,,,,,,,,,,,,,,,,,,,,,,,,,,,,,,,,,,,,,,,,,,,,,,,,,,,,,,,,,,
wcompton,4248,fell,1.34,1,49.4223,95.8017,1.29381,3.52079,219.034,85.8177,27.9508,20.3986,0.733675,27.8459,19.3844,10.0148,10.1719,1.96376,,,,,,,,,,,,,,,,,,,,,,,,,,,,,,,,,,,,,,,,,,,,,,,,,,,,,,,,,,,,,,,,,,,,,,,,,,,,,,,,,,,,,,,,,,,,,,,,,,,,,,,,,,,,,,
wcompton,4249,fell,1.3,1,39.4778,107.176,1.75076,3.68902,232.326,94.535,24.8004,25.8949,0.808464,30.0242,21.4098,9.91441,11.9628,2.4625,,,,,,,,,,,,,,,,,,,,,,,,,,,,,,,,,,,,,,,,,,,,,,,,,,,,,,,,,,,,,,,,,,,,,,,,,,,,,,,,,,,,,,,,,,,,,,,,,,,,,,,,,,,,,,
wcompton,4250,fell,1.54,1,175.596,179.454,2.62278,3.73381,490.584,60.0699,38.8999,22.7573,1.66705,33.2005,15.2697,10.4428,9.86524,1.69416,,,,,,,,,,,,,,,,,,,,,,,,,,,,,,,,,,,,,,,,,,,,,,,,,,,,,,,,,,,,,,,,,,,,,,,,,,,,,,,,,,,,,,,,,,,,,,,,,,,,,,,,,,,,,,
wcompton,4251,fell,1.36,1,133.24,4.54306,2.4543,2.55812,279.402,89.0725,26.2254,38.6764,39.6824,25.4942,21.4066,8.3289,11.7218,7.14817,,,,,,,,,,,,,,,,,,,,,,,,,,,,,,,,,,,,,,,,,,,,,,,,,,,,,,,,,,,,,,,,,,,,,,,,,,,,,,,,,,,,,,,,,,,,,,,,,,,,,,,,,,,,,,
wcompton,4252,fell,1.76,1,77.3599,97.8998,1.61252,1.10826,362.133,93.4109,43.885,53.9972,52.0618,35.2331,19.5161,14.6367,21.8434,6.79249,,,,,,,,,,,,,,,,,,,,,,,,,,,,,,,,,,,,,,,,,,,,,,,,,,,,,,,,,,,,,,,,,,,,,,,,,,,,,,,,,,,,,,,,,,,,,,,,,,,,,,,,,,,,,,
wcompton,4253,fell,1.9,1,73.2132,60.1134,1.94219,3.17541,260.392,83.5098,27.2068,23.3957,116.24,23.7784,17.3206,8.35851,11.0316,10.5775,,,,,,,,,,,,,,,,,,,,,,,,,,,,,,,,,,,,,,,,,,,,,,,,,,,,,,,,,,,,,,,,,,,,,,,,,,,,,,,,,,,,,,,,,,,,,,,,,,,,,,,,,,,,,,
wcompton,4254,fell,2.04,1,159.409,139.245,2.39944,3.48433,384.512,72.149,35.1742,70.1569,7.58031,26.6409,18.6109,9.25333,12.1947,3.90527,,,,,,,,,,,,,,,,,,,,,,,,,,,,,,,,,,,,,,,,,,,,,,,,,,,,,,,,,,,,,,,,,,,,,,,,,,,,,,,,,,,,,,,,,,,,,,,,,,,,,,,,,,,,,,
wcompton,4255,fell,2.54,1,111.76,127.258,2.52111,3.79726,543.085,102.866,64.9207,70.4713,1.59488,44.7846,25.6575,16.1698,16.0998,2.79271,,,,,,,,,,,,,,,,,,,,,,,,,,,,,,,,,,,,,,,,,,,,,,,,,,,,,,,,,,,,,,,,,,,,,,,,,,,,,,,,,,,,,,,,,,,,,,,,,,,,,,,,,,,,,,
wcompton,4256,fell,1.88,1,138.801,60.473,1.82136,3.82931,246.527,73.1325,27.5956,9.40924,3.75532,36.2968,13.5912,15.2065,12.7536,3.81298,,,,,,,,,,,,,,,,,,,,,,,,,,,,,,,,,,,,,,,,,,,,,,,,,,,,,,,,,,,,,,,,,,,,,,,,,,,,,,,,,,,,,,,,,,,,,,,,,,,,,,,,,,,,,,
wcompton,4257,fell,2.66,1,148.105,106.022,2.84568,3.51682,509.553,93.9146,36.8836,29.0162,3.56611,43.572,19.2339,14.8129,16.0182,5.53471,,,,,,,,,,,,,,,,,,,,,,,,,,,,,,,,,,,,,,,,,,,,,,,,,,,,,,,,,,,,,,,,,,,,,,,,,,,,,,,,,,,,,,,,,,,,,,,,,,,,,,,,,,,,,,
wcompton,4258,fell,1.74,1,160.387,51.8904,1.36689,2.8701,343.743,110.315,35.2393,32.2204,63.4977,28.7481,24.7537,9.72979,12.6914,6.98364,,,,,,,,,,,,,,,,,,,,,,,,,,,,,,,,,,,,,,,,,,,,,,,,,,,,,,,,,,,,,,,,,,,,,,,,,,,,,,,,,,,,,,,,,,,,,,,,,,,,,,,,,,,,,,
wcompton,4259,fell,2.92,1,102.387,56.6328,2.12207,3.73278,358.481,100.038,38.0459,27.5835,7.63892,47.3164,25.3872,18.4536,18.9541,6.88356,,,,,,,,,,,,,,,,,,,,,,,,,,,,,,,,,,,,,,,,,,,,,,,,,,,,,,,,,,,,,,,,,,,,,,,,,,,,,,,,,,,,,,,,,,,,,,,,,,,,,,,,,,,,,,
wcompton,4260,fell,2.1,1,132.538,138.865,1.7801,2.53868,287.9,93.9242,29.9892,31.9251,88.9258,23.9749,20.6795,7.87929,14.319,13.0437,,,,,,,,,,,,,,,,,,,,,,,,,,,,,,,,,,,,,,,,,,,,,,,,,,,,,,,,,,,,,,,,,,,,,,,,,,,,,,,,,,,,,,,,,,,,,,,,,,,,,,,,,,,,,,
wcompton,4261,fell,1.36,1,167.847,177.006,3.01219,3.74837,351.31,61.9442,31.6016,20.6228,12.2744,46.1386,19.5415,17.7516,15.2794,7.16465,,,,,,,,,,,,,,,,,,,,,,,,,,,,,,,,,,,,,,,,,,,,,,,,,,,,,,,,,,,,,,,,,,,,,,,,,,,,,,,,,,,,,,,,,,,,,,,,,,,,,,,,,,,,,,
wcompton,4262,fell,1,1,100.467,88.0643,1.6679,3.36171,213.627,56.3444,36.5158,29.1455,32.3268,25.4767,15.9735,10.081,10.7155,4.49862,,,,,,,,,,,,,,,,,,,,,,,,,,,,,,,,,,,,,,,,,,,,,,,,,,,,,,,,,,,,,,,,,,,,,,,,,,,,,,,,,,,,,,,,,,,,,,,,,,,,,,,,,,,,,,
wcompton,4263,fell,1.78,1,178.438,155.832,1.73747,3.40429,326.033,81.5065,29.6405,42.4398,14.0455,31.9311,19.3618,12.0101,11.6495,5.5175,,,,,,,,,,,,,,,,,,,,,,,,,,,,,,,,,,,,,,,,,,,,,,,,,,,,,,,,,,,,,,,,,,,,,,,,,,,,,,,,,,,,,,,,,,,,,,,,,,,,,,,,,,,,,,
wcompton,4264,fell,2.8,1,83.9436,11.161,2.46303,3.58426,378.795,83.9143,34.0036,51.3291,23.1347,34.5671,25.0601,12.455,15.5685,7.32407,,,,,,,,,,,,,,,,,,,,,,,,,,,,,,,,,,,,,,,,,,,,,,,,,,,,,,,,,,,,,,,,,,,,,,,,,,,,,,,,,,,,,,,,,,,,,,,,,,,,,,,,,,,,,,
wcompton,4265,fell,1.7,1,147.54,43.5448,2.236,3.67954,226.504,77.5478,19.053,29.6723,14.746,23.5114,15.1694,8.30583,9.65342,5.9683,,,,,,,,,,,,,,,,,,,,,,,,,,,,,,,,,,,,,,,,,,,,,,,,,,,,,,,,,,,,,,,,,,,,,,,,,,,,,,,,,,,,,,,,,,,,,,,,,,,,,,,,,,,,,,
wcompton,4266,fell,1.86,1,121.3,14.304,2.56013,2.34275,330.948,63.3614,26.6014,14.2577,0.634388,26.4089,11.8327,9.81807,10.2095,2.84505,,,,,,,,,,,,,,,,,,,,,,,,,,,,,,,,,,,,,,,,,,,,,,,,,,,,,,,,,,,,,,,,,,,,,,,,,,,,,,,,,,,,,,,,,,,,,,,,,,,,,,,,,,,,,,
wcompton,4267,fell,1.58,1,164.824,145.543,2.56916,3.12174,684.053,239.117,73.1891,50.8033,25.9399,47.8309,36.2938,16.6645,21.8192,13.1903,,,,,,,,,,,,,,,,,,,,,,,,,,,,,,,,,,,,,,,,,,,,,,,,,,,,,,,,,,,,,,,,,,,,,,,,,,,,,,,,,,,,,,,,,,,,,,,,,,,,,,,,,,,,,,
wcompton,4268,fell,2.9,1,141.616,141.396,1.86207,3.98871,478.418,109.912,63.8965,33.7377,9.99644,36.2011,21.0213,12.5635,13.5939,5.01022,,,,,,,,,,,,,,,,,,,,,,,,,,,,,,,,,,,,,,,,,,,,,,,,,,,,,,,,,,,,,,,,,,,,,,,,,,,,,,,,,,,,,,,,,,,,,,,,,,,,,,,,,,,,,,
wcompton,4269,fell,1.78,1,162.391,70.1203,2.47407,3.57948,304.271,56.6315,27.3943,32.9673,33.6843,45.9301,20.3816,20.0587,16.6443,4.17023,,,,,,,,,,,,,,,,,,,,,,,,,,,,,,,,,,,,,,,,,,,,,,,,,,,,,,,,,,,,,,,,,,,,,,,,,,,,,,,,,,,,,,,,,,,,,,,,,,,,,,,,,,,,,,
wcompton,4270,fell,1.78,1,169.242,18.9929,2.27814,2.52245,231.618,89.9245,31.8921,65.2136,64.5541,22.845,16.6632,7.37707,13.7807,8.77304,,,,,,,,,,,,,,,,,,,,,,,,,,,,,,,,,,,,,,,,,,,,,,,,,,,,,,,,,,,,,,,,,,,,,,,,,,,,,,,,,,,,,,,,,,,,,,,,,,,,,,,,,,,,,,
wcompton,4271,fell,1.7,1,112.681,95.9734,1.87443,3.00877,231.931,66.3722,34.2295,26.7314,95.9352,20.8728,13.892,7.50279,10.8843,7.0013,,,,,,,,,,,,,,,,,,,,,,,,,,,,,,,,,,,,,,,,,,,,,,,,,,,,,,,,,,,,,,,,,,,,,,,,,,,,,,,,,,,,,,,,,,,,,,,,,,,,,,,,,,,,,,
wcompton,4272,fell,1.8,1,69.0104,63.5789,1.76267,3.17884,289.169,99.1867,28.0931,33.061,150.795,25.4347,17.6241,8.10242,13.6673,9.2638,,,,,,,,,,,,,,,,,,,,,,,,,,,,,,,,,,,,,,,,,,,,,,,,,,,,,,,,,,,,,,,,,,,,,,,,,,,,,,,,,,,,,,,,,,,,,,,,,,,,,,,,,,,,,,
wcompton,4273,fell,4.12,1,114.495,93.7617,1.87667,3.33455,570.071,160.745,67.9947,46.6872,33.7355,49.0466,26.6163,16.2,17.7273,5.01602,,,,,,,,,,,,,,,,,,,,,,,,,,,,,,,,,,,,,,,,,,,,,,,,,,,,,,,,,,,,,,,,,,,,,,,,,,,,,,,,,,,,,,,,,,,,,,,,,,,,,,,,,,,,,,
wcompton,4274,fell,1.24,1,99.0171,72.0771,1.47689,3.6246,213.058,84.5553,27.3431,20.9495,1.66181,24.5059,19.0842,7.61505,11.4628,4.41595,,,,,,,,,,,,,,,,,,,,,,,,,,,,,,,,,,,,,,,,,,,,,,,,,,,,,,,,,,,,,,,,,,,,,,,,,,,,,,,,,,,,,,,,,,,,,,,,,,,,,,,,,,,,,,
wcompton,4275,fell,1.4,1,167.782,51.0196,2.33279,3.77344,421.36,83.3472,38.7287,41.5053,1.31775,30.8161,17.3874,10.701,11.4482,2.77629,,,,,,,,,,,,,,,,,,,,,,,,,,,,,,,,,,,,,,,,,,,,,,,,,,,,,,,,,,,,,,,,,,,,,,,,,,,,,,,,,,,,,,,,,,,,,,,,,,,,,,,,,,,,,,
wcompton,4276,fell,2.14,1,136.689,109.763,2.12636,3.13562,374.828,116.421,41.8193,36.0191,77.5178,37.9695,20.6576,14.0375,14.2286,8.02829,,,,,,,,,,,,,,,,,,,,,,,,,,,,,,,,,,,,,,,,,,,,,,,,,,,,,,,,,,,,,,,,,,,,,,,,,,,,,,,,,,,,,,,,,,,,,,,,,,,,,,,,,,,,,,
wcompton,4277,fell,3.26,1,217.859,11.2483,2.31096,3.37968,565.684,125.336,55.9344,56.643,8.85698,54.545,26.8629,20.5014,19.1328,6.07834,,,,,,,,,,,,,,,,,,,,,,,,,,,,,,,,,,,,,,,,,,,,,,,,,,,,,,,,,,,,,,,,,,,,,,,,,,,,,,,,,,,,,,,,,,,,,,,,,,,,,,,,,,,,,,
wcompton,4278,fell,5.78,2,379.927,30.4046,3.26485,3.77462,719.589,237.407,94.4575,48.1036,1.16163,53.787,35.1801,17.2539,19.8708,1.99513,477.374,85.5996,50.8658,37.53,6.75915,22.352,18.2385,6.13873,8.62299,3.76006,,,,,,,,,,,,,,,,,,,,,,,,,,,,,,,,,,,,,,,,,,,,,,,,,,,,,,,,,,,,,,,,,,,,,,,,,,,,,,,,,,,,,,,,,,,,,,,,,,,,
wcompton,4279,fell,1.54,1,172.073,63.0992,1.10257,2.86849,365.774,81.7709,31.9997,39.2374,45.921,39.4258,25.34,14.8411,16.4976,6.78681,,,,,,,,,,,,,,,,,,,,,,,,,,,,,,,,,,,,,,,,,,,,,,,,,,,,,,,,,,,,,,,,,,,,,,,,,,,,,,,,,,,,,,,,,,,,,,,,,,,,,,,,,,,,,,
wcompton,4280,fell,1.16,1,111.785,67.6874,1.76714,3.60854,236.861,88.0952,16.6819,23.0612,7.96894,25.683,20.6296,9.20218,9.63955,2.49791,,,,,,,,,,,,,,,,,,,,,,,,,,,,,,,,,,,,,,,,,,,,,,,,,,,,,,,,,,,,,,,,,,,,,,,,,,,,,,,,,,,,,,,,,,,,,,,,,,,,,,,,,,,,,,
wcompton,4281,fell,1.6,1,128.027,103.796,2.60763,4.08361,278.044,70.4285,20.2681,7.34763,0.280056,26.5748,16.4411,8.99415,7.07856,1.10848,,,,,,,,,,,,,,,,,,,,,,,,,,,,,,,,,,,,,,,,,,,,,,,,,,,,,,,,,,,,,,,,,,,,,,,,,,,,,,,,,,,,,,,,,,,,,,,,,,,,,,,,,,,,,,
wcompton,4282,fell,1.92,1,107.594,37.6182,2.01189,4.05448,422.691,71.092,23.1243,10.5657,1.36226,28.4072,16.2623,10.4908,9.4012,3.28727,,,,,,,,,,,,,,,,,,,,,,,,,,,,,,,,,,,,,,,,,,,,,,,,,,,,,,,,,,,,,,,,,,,,,,,,,,,,,,,,,,,,,,,,,,,,,,,,,,,,,,,,,,,,,,
wcompton,4283,fell,1.78,1,143.723,24.1876,2.09019,3.16389,208.261,81.4306,27.4042,34.8775,41.9337,26.7057,13.9855,9.37949,10.6763,6.47046,,,,,,,,,,,,,,,,,,,,,,,,,,,,,,,,,,,,,,,,,,,,,,,,,,,,,,,,,,,,,,,,,,,,,,,,,,,,,,,,,,,,,,,,,,,,,,,,,,,,,,,,,,,,,,
wcompton,4284,fell,2.6,1,98.7677,57.281,0.408078,0.566559,697.237,210.933,67.8283,71.5732,2.99195,70.3095,47.7207,24.7433,32.1146,8.19026,,,,,,,,,,,,,,,,,,,,,,,,,,,,,,,,,,,,,,,,,,,,,,,,,,,,,,,,,,,,,,,,,,,,,,,,,,,,,,,,,,,,,,,,,,,,,,,,,,,,,,,,,,,,,,
wcompton,4285,fell,1.16,1,56.3043,9.51567,1.78869,3.39709,240.795,93.7094,21.8424,22.3888,4.68954,32.8532,21.5797,11.3607,12.419,4.34337,,,,,,,,,,,,,,,,,,,,,,,,,,,,,,,,,,,,,,,,,,,,,,,,,,,,,,,,,,,,,,,,,,,,,,,,,,,,,,,,,,,,,,,,,,,,,,,,,,,,,,,,,,,,,,
wcompton,4286,fell,2.44,1,108.799,73.0545,1.71915,3.62914,412.58,106.212,31.8439,28.3911,53.5119,31.2501,24.3921,10.2431,13.3076,10.4274,,,,,,,,,,,,,,,,,,,,,,,,,,,,,,,,,,,,,,,,,,,,,,,,,,,,,,,,,,,,,,,,,,,,,,,,,,,,,,,,,,,,,,,,,,,,,,,,,,,,,,,,,,,,,,
wcompton,4287,fell,1.86,1,114.472,124.313,1.27517,3.52275,262.751,102.453,25.206,25.0748,11.5768,30.2424,20.1276,10.8404,11.5115,4.67299,,,,,,,,,,,,,,,,,,,,,,,,,,,,,,,,,,,,,,,,,,,,,,,,,,,,,,,,,,,,,,,,,,,,,,,,,,,,,,,,,,,,,,,,,,,,,,,,,,,,,,,,,,,,,,
wcompton,4288,fell,2,1,104.605,116.423,1.75539,3.49001,436.826,166.626,53.3232,36.8166,22.8955,35.008,28.5694,12.9059,16.8532,6.91386,,,,,,,,,,,,,,,,,,,,,,,,,,,,,,,,,,,,,,,,,,,,,,,,,,,,,,,,,,,,,,,,,,,,,,,,,,,,,,,,,,,,,,,,,,,,,,,,,,,,,,,,,,,,,,
wcompton,4289,fell,1.38,1,69.3132,104.548,3.02603,3.21897,291.604,92.3808,36.5796,51.4832,5.35885,24.9723,21.9877,8.17627,18.24,5.9039,,,,,,,,,,,,,,,,,,,,,,,,,,,,,,,,,,,,,,,,,,,,,,,,,,,,,,,,,,,,,,,,,,,,,,,,,,,,,,,,,,,,,,,,,,,,,,,,,,,,,,,,,,,,,,
wcompton,4290,fell,2.6,1,131,45.7233,1.98944,3.81756,315.299,74.8739,29.3874,25.9488,11.9199,40.0581,19.4814,15.6224,14.8862,5.11265,,,,,,,,,,,,,,,,,,,,,,,,,,,,,,,,,,,,,,,,,,,,,,,,,,,,,,,,,,,,,,,,,,,,,,,,,,,,,,,,,,,,,,,,,,,,,,,,,,,,,,,,,,,,,,
wcompton,4291,fell,2,1,191.353,38.8392,2.23787,3.50408,329.418,109.712,35.6639,22.3999,78.5074,34.5,21.1139,12.6176,12.8863,8.30163,,,,,,,,,,,,,,,,,,,,,,,,,,,,,,,,,,,,,,,,,,,,,,,,,,,,,,,,,,,,,,,,,,,,,,,,,,,,,,,,,,,,,,,,,,,,,,,,,,,,,,,,,,,,,,
wcompton,4292,fell,2.42,1,218.922,22.8772,1.71011,3.20758,368.778,133.131,50.5027,34.7002,3.76509,47.384,26.3865,19.4618,18.5823,6.67797,,,,,,,,,,,,,,,,,,,,,,,,,,,,,,,,,,,,,,,,,,,,,,,,,,,,,,,,,,,,,,,,,,,,,,,,,,,,,,,,,,,,,,,,,,,,,,,,,,,,,,,,,,,,,,
wcompton,4293,fell,2.12,1,161.122,75.8392,2.16223,3.25852,458.701,137.667,50.1045,51.4152,65.6197,35.4842,26.1125,12.7496,21.3457,12.6289,,,,,,,,,,,,,,,,,,,,,,,,,,,,,,,,,,,,,,,,,,,,,,,,,,,,,,,,,,,,,,,,,,,,,,,,,,,,,,,,,,,,,,,,,,,,,,,,,,,,,,,,,,,,,,
wcompton,4294,fell,1.04,1,69.7518,27.9933,1.42016,3.507,181.461,62.2922,19.2364,19.1862,1.1345,23.8241,15.4075,9.08164,8.36252,2.54915,,,,,,,,,,,,,,,,,,,,,,,,,,,,,,,,,,,,,,,,,,,,,,,,,,,,,,,,,,,,,,,,,,,,,,,,,,,,,,,,,,,,,,,,,,,,,,,,,,,,,,,,,,,,,,
wcompton,4295,fell,1.52,1,115.944,121.494,1.37462,3.14727,356.451,102.484,43.1544,46.871,18.4363,42.3123,20.4317,17.6743,22.2398,5.91821,,,,,,,,,,,,,,,,,,,,,,,,,,,,,,,,,,,,,,,,,,,,,,,,,,,,,,,,,,,,,,,,,,,,,,,,,,,,,,,,,,,,,,,,,,,,,,,,,,,,,,,,,,,,,,
wcompton,4296,fell,1.58,1,90.8663,75.1747,0.858848,3.27695,266.345,96.6254,30.7388,33.6634,33.5558,26.7335,23.2337,8.92759,13.5508,5.57077,,,,,,,,,,,,,,,,,,,,,,,,,,,,,,,,,,,,,,,,,,,,,,,,,,,,,,,,,,,,,,,,,,,,,,,,,,,,,,,,,,,,,,,,,,,,,,,,,,,,,,,,,,,,,,
wcompton,4297,fell,2.48,1,96.2098,64.3322,2.68178,3.64899,336.49,112.597,39.773,31.7939,3.50118,31.8235,20.1864,11.0825,13.4568,5.42077,,,,,,,,,,,,,,,,,,,,,,,,,,,,,,,,,,,,,,,,,,,,,,,,,,,,,,,,,,,,,,,,,,,,,,,,,,,,,,,,,,,,,,,,,,,,,,,,,,,,,,,,,,,,,,
wcompton,4298,fell,1.9,1,134.1,30.4321,2.5767,3.19068,259.917,90.6928,38.6867,52.5731,41.5002,40.6218,19.5352,16.8629,19.1764,6.00985,,,,,,,,,,,,,,,,,,,,,,,,,,,,,,,,,,,,,,,,,,,,,,,,,,,,,,,,,,,,,,,,,,,,,,,,,,,,,,,,,,,,,,,,,,,,,,,,,,,,,,,,,,,,,,
wcompton,4299,fell,2.16,1,138.967,179.776,2.25403,3.44046,338.802,88.8537,42.8583,34.2686,51.3704,36.6103,16.9559,15.8582,14.3701,7.34303,,,,,,,,,,,,,,,,,,,,,,,,,,,,,,,,,,,,,,,,,,,,,,,,,,,,,,,,,,,,,,,,,,,,,,,,,,,,,,,,,,,,,,,,,,,,,,,,,,,,,,,,,,,,,,
wcompton,4300,fell,1.58,1,76.1207,10.2844,1.56084,1.07833,333.972,84.3561,37.1487,57.3177,58.3902,31.5098,17.9991,12.0771,15.672,5.38751,,,,,,,,,,,,,,,,,,,,,,,,,,,,,,,,,,,,,,,,,,,,,,,,,,,,,,,,,,,,,,,,,,,,,,,,,,,,,,,,,,,,,,,,,,,,,,,,,,,,,,,,,,,,,,
wcompton,4301,fell,1.66,1,80.5094,6.36179,1.27572,3.05889,307.937,77.9057,29.277,38.9957,87.0937,30.3784,14.9558,12.9077,12.9299,10.1115,,,,,,,,,,,,,,,,,,,,,,,,,,,,,,,,,,,,,,,,,,,,,,,,,,,,,,,,,,,,,,,,,,,,,,,,,,,,,,,,,,,,,,,,,,,,,,,,,,,,,,,,,,,,,,
wcompton,4302,fell,2.22,1,112.346,9.14498,2.62873,4.05102,433.101,93.9722,35.7826,25.5033,10.6021,32.6996,19.9958,11.6515,10.8853,2.93579,,,,,,,,,,,,,,,,,,,,,,,,,,,,,,,,,,,,,,,,,,,,,,,,,,,,,,,,,,,,,,,,,,,,,,,,,,,,,,,,,,,,,,,,,,,,,,,,,,,,,,,,,,,,,,
wcompton,4303,fell,1.98,1,217.08,139.735,0.584131,0.748939,1218.74,418.839,104.236,79.6911,38.9888,61.0756,45.9543,16.9041,26.6031,11.3226,,,,,,,,,,,,,,,,,,,,,,,,,,,,,,,,,,,,,,,,,,,,,,,,,,,,,,,,,,,,,,,,,,,,,,,,,,,,,,,,,,,,,,,,,,,,,,,,,,,,,,,,,,,,,,
wcompton,4304,fell,1.46,1,95.8364,76.1522,2.57682,3.34513,288.975,97.4767,42.8589,70.7931,60.4841,21.5562,21.3421,7.57344,12.9598,8.71851,,,,,,,,,,,,,,,,,,,,,,,,,,,,,,,,,,,,,,,,,,,,,,,,,,,,,,,,,,,,,,,,,,,,,,,,,,,,,,,,,,,,,,,,,,,,,,,,,,,,,,,,,,,,,,
wcompton,4305,fell,1.98,1,117.566,60.2517,1.79175,3.2481,356.819,93.5314,39.8543,42.8711,51.6611,27.6073,18.8009,8.99578,13.7334,6.31541,,,,,,,,,,,,,,,,,,,,,,,,,,,,,,,,,,,,,,,,,,,,,,,,,,,,,,,,,,,,,,,,,,,,,,,,,,,,,,,,,,,,,,,,,,,,,,,,,,,,,,,,,,,,,,
wcompton,4306,fell,2.04,1,120.868,107.067,1.78866,3.00877,351.11,81.9261,47.5408,27.4366,43.537,33.0685,20.2664,13.1909,14.9645,6.16235,,,,,,,,,,,,,,,,,,,,,,,,,,,,,,,,,,,,,,,,,,,,,,,,,,,,,,,,,,,,,,,,,,,,,,,,,,,,,,,,,,,,,,,,,,,,,,,,,,,,,,,,,,,,,,
wcompton,4307,fell,3.48,1,289.363,57.8611,2.4977,3.88836,925.796,234.291,97.7542,69.5075,7.02209,63.497,34.1252,21.4017,21.743,5.04655,,,,,,,,,,,,,,,,,,,,,,,,,,,,,,,,,,,,,,,,,,,,,,,,,,,,,,,,,,,,,,,,,,,,,,,,,,,,,,,,,,,,,,,,,,,,,,,,,,,,,,,,,,,,,,
wcompton,4308,fell,2.54,1,131.074,8.41122,2.22513,3.01012,328.44,114.769,27.5393,18.3475,9.64053,28.0874,19.5377,9.13029,12.8557,5.5679,,,,,,,,,,,,,,,,,,,,,,,,,,,,,,,,,,,,,,,,,,,,,,,,,,,,,,,,,,,,,,,,,,,,,,,,,,,,,,,,,,,,,,,,,,,,,,,,,,,,,,,,,,,,,,
wcompton,4309,fell,2.4,1,156.983,2.87549,2.93948,3.69144,428.327,137.973,57.1593,82.0585,6.58574,34.0694,26.0793,10.4573,16.5962,8.71568,,,,,,,,,,,,,,,,,,,,,,,,,,,,,,,,,,,,,,,,,,,,,,,,,,,,,,,,,,,,,,,,,,,,,,,,,,,,,,,,,,,,,,,,,,,,,,,,,,,,,,,,,,,,,,
wcompton,4310,fell,1.3,1,72.9247,98.3422,2.35574,3.64849,631.791,96.9329,64.2879,22.4715,0.496757,71.964,23.7534,34.6502,18.8632,2.25561,,,,,,,,,,,,,,,,,,,,,,,,,,,,,,,,,,,,,,,,,,,,,,,,,,,,,,,,,,,,,,,,,,,,,,,,,,,,,,,,,,,,,,,,,,,,,,,,,,,,,,,,,,,,,,
wcompton,4311,fell,1.54,1,50.3798,15.6682,1.5497,3.4718,251.322,80.9354,17.1808,23.6778,11.7169,24.7061,19.514,8.64675,14.1671,5.24311,,,,,,,,,,,,,,,,,,,,,,,,,,,,,,,,,,,,,,,,,,,,,,,,,,,,,,,,,,,,,,,,,,,,,,,,,,,,,,,,,,,,,,,,,,,,,,,,,,,,,,,,,,,,,,
wcompton,4312,fell,2.26,1,143.296,63.7339,1.92959,3.54443,327.378,128.668,30.1864,24.3374,80.4101,36.434,20.0674,15.0028,15.3129,9.83372,,,,,,,,,,,,,,,,,,,,,,,,,,,,,,,,,,,,,,,,,,,,,,,,,,,,,,,,,,,,,,,,,,,,,,,,,,,,,,,,,,,,,,,,,,,,,,,,,,,,,,,,,,,,,,
wcompton,4313,fell,1.4,1,103.892,114.528,1.69633,3.55851,262.099,64.4328,11.17,16.2958,1.92121,22.7701,17.4087,7.84612,8.4282,2.88223,,,,,,,,,,,,,,,,,,,,,,,,,,,,,,,,,,,,,,,,,,,,,,,,,,,,,,,,,,,,,,,,,,,,,,,,,,,,,,,,,,,,,,,,,,,,,,,,,,,,,,,,,,,,,,
wcompton,4314,fell,4.54,1,212.181,8.01952,3.36453,3.3531,755.775,296.251,108.323,93.1164,4.09936,60.0863,49.789,17.756,28.4566,8.6669,,,,,,,,,,,,,,,,,,,,,,,,,,,,,,,,,,,,,,,,,,,,,,,,,,,,,,,,,,,,,,,,,,,,,,,,,,,,,,,,,,,,,,,,,,,,,,,,,,,,,,,,,,,,,,
wcompton,4315,fell,2.84,1,150.856,39.7026,2.1369,4.04857,366.787,94.1356,40.0471,27.7534,28.8794,28.6139,18.5893,9.14967,14.717,9.25775,,,,,,,,,,,,,,,,,,,,,,,,,,,,,,,,,,,,,,,,,,,,,,,,,,,,,,,,,,,,,,,,,,,,,,,,,,,,,,,,,,,,,,,,,,,,,,,,,,,,,,,,,,,,,,
wcompton,4316,fell,2.44,1,133.224,82.4199,2.22832,3.51453,239.162,75.8354,26.4351,23.3077,27.2812,25.2807,13.3283,9.94444,10.0573,6.07924,,,,,,,,,,,,,,,,,,,,,,,,,,,,,,,,,,,,,,,,,,,,,,,,,,,,,,,,,,,,,,,,,,,,,,,,,,,,,,,,,,,,,,,,,,,,,,,,,,,,,,,,,,,,,,
wcompton,4317,fell,1.32,1,85.3304,97.7125,3.00597,3.57164,308.638,139.975,31.3723,25.4621,0.754622,29.5543,28.4967,9.22085,10.7632,2.24068,,,,,,,,,,,,,,,,,,,,,,,,,,,,,,,,,,,,,,,,,,,,,,,,,,,,,,,,,,,,,,,,,,,,,,,,,,,,,,,,,,,,,,,,,,,,,,,,,,,,,,,,,,,,,,
wcompton,4318,fell,1.6,1,93.0254,55.5615,2.51791,3.3568,364.939,115.127,42.4388,36.2638,3.87254,31.5467,20.7486,9.97389,12.9711,3.59361,,,,,,,,,,,,,,,,,,,,,,,,,,,,,,,,,,,,,,,,,,,,,,,,,,,,,,,,,,,,,,,,,,,,,,,,,,,,,,,,,,,,,,,,,,,,,,,,,,,,,,,,,,,,,,
wcompton,4319,fell,1.94,1,162.085,32.3009,2.80741,3.82569,308.048,104.639,32.5359,23.3936,11.496,35.0622,20.4412,13.5637,14.9556,4.96445,,,,,,,,,,,,,,,,,,,,,,,,,,,,,,,,,,,,,,,,,,,,,,,,,,,,,,,,,,,,,,,,,,,,,,,,,,,,,,,,,,,,,,,,,,,,,,,,,,,,,,,,,,,,,,
wcompton,4320,fell,1.5,1,105.107,128.082,1.70885,3.02172,234.966,66.3995,15.0648,33.4151,44.1795,23.6809,17.9902,8.42761,10.2425,5.97806,,,,,,,,,,,,,,,,,,,,,,,,,,,,,,,,,,,,,,,,,,,,,,,,,,,,,,,,,,,,,,,,,,,,,,,,,,,,,,,,,,,,,,,,,,,,,,,,,,,,,,,,,,,,,,
wcompton,4321,fell,1.56,1,157.775,178.54,1.30795,2.66036,694.714,166.558,64.9279,63.8067,23.6529,33.7951,27.4968,9.11369,17.2983,6.04096,,,,,,,,,,,,,,,,,,,,,,,,,,,,,,,,,,,,,,,,,,,,,,,,,,,,,,,,,,,,,,,,,,,,,,,,,,,,,,,,,,,,,,,,,,,,,,,,,,,,,,,,,,,,,,
wcompton,4322,fell,1.86,1,166.909,156.654,2.10037,2.9544,279.612,86.2278,31.8982,38.6936,105.756,24.0331,16.7783,8.24782,14.4001,10.0268,,,,,,,,,,,,,,,,,,,,,,,,,,,,,,,,,,,,,,,,,,,,,,,,,,,,,,,,,,,,,,,,,,,,,,,,,,,,,,,,,,,,,,,,,,,,,,,,,,,,,,,,,,,,,,
wcompton,4323,fell,2.2,1,107.093,111.495,2.42733,3.61857,348.311,85.4673,42.9333,35.2994,41.528,23.9995,19.712,7.25674,11.0473,7.18326,,,,,,,,,,,,,,,,,,,,,,,,,,,,,,,,,,,,,,,,,,,,,,,,,,,,,,,,,,,,,,,,,,,,,,,,,,,,,,,,,,,,,,,,,,,,,,,,,,,,,,,,,,,,,,
wcompton,4324,fell,2.44,1,81.4198,71.4059,1.87941,3.4949,320.601,71.8019,26.1113,15.8781,57.7683,27.5317,19.9496,10.3931,12.5714,10.88,,,,,,,,,,,,,,,,,,,,,,,,,,,,,,,,,,,,,,,,,,,,,,,,,,,,,,,,,,,,,,,,,,,,,,,,,,,,,,,,,,,,,,,,,,,,,,,,,,,,,,,,,,,,,,
wcompton,4325,fell,3.44,1,225.281,23.4077,1.74567,1.51925,427.02,166.451,54.4518,21.8605,1.09313,28.5133,21.7454,8.16185,12.2993,1.81046,,,,,,,,,,,,,,,,,,,,,,,,,,,,,,,,,,,,,,,,,,,,,,,,,,,,,,,,,,,,,,,,,,,,,,,,,,,,,,,,,,,,,,,,,,,,,,,,,,,,,,,,,,,,,,
wcompton,4326,fell,2,1,86.7447,60.5045,3.32862,3.59787,275.05,109.705,23.4626,40.8136,2.23332,35.9812,25.6965,12.5621,13.4014,4.78161,,,,,,,,,,,,,,,,,,,,,,,,,,,,,,,,,,,,,,,,,,,,,,,,,,,,,,,,,,,,,,,,,,,,,,,,,,,,,,,,,,,,,,,,,,,,,,,,,,,,,,,,,,,,,,
wcompton,4327,fell,1.88,1,127.404,52.1503,2.2214,3.76469,242.53,69.7693,22.1076,12.5655,11.7461,33.399,20.6199,11.8138,10.6272,3.88191,,,,,,,,,,,,,,,,,,,,,,,,,,,,,,,,,,,,,,,,,,,,,,,,,,,,,,,,,,,,,,,,,,,,,,,,,,,,,,,,,,,,,,,,,,,,,,,,,,,,,,,,,,,,,,
wcompton,4328,fell,1.7,1,178.8,146.832,2.04026,4.24323,315.797,54.6896,28.0368,12.5475,0.704231,23.9585,16.2984,7.91649,7.74855,1.46836,,,,,,,,,,,,,,,,,,,,,,,,,,,,,,,,,,,,,,,,,,,,,,,,,,,,,,,,,,,,,,,,,,,,,,,,,,,,,,,,,,,,,,,,,,,,,,,,,,,,,,,,,,,,,,
wcompton,4329,fell,0.84,1,27.5976,13.0969,2.5824,3.3046,193.688,56.1271,14.0613,17.7888,2.13872,26.8086,15.8774,7.93856,10.006,3.35347,,,,,,,,,,,,,,,,,,,,,,,,,,,,,,,,,,,,,,,,,,,,,,,,,,,,,,,,,,,,,,,,,,,,,,,,,,,,,,,,,,,,,,,,,,,,,,,,,,,,,,,,,,,,,,
wcompton,4330,fell,1.56,1,167.115,3.07274,2.12125,3.99754,243.367,52.2789,24.7467,9.64777,0.530088,19.3266,14.7987,6.5815,6.69415,1.40977,,,,,,,,,,,,,,,,,,,,,,,,,,,,,,,,,,,,,,,,,,,,,,,,,,,,,,,,,,,,,,,,,,,,,,,,,,,,,,,,,,,,,,,,,,,,,,,,,,,,,,,,,,,,,,
wcompton,4331,fell,2.16,1,288.682,141.414,0.82526,0.610487,591.48,196.544,76.3368,41.941,33.556,37.8301,29.0182,13.9905,17.4591,7.87865,,,,,,,,,,,,,,,,,,,,,,,,,,,,,,,,,,,,,,,,,,,,,,,,,,,,,,,,,,,,,,,,,,,,,,,,,,,,,,,,,,,,,,,,,,,,,,,,,,,,,,,,,,,,,,
wcompton,4332,fell,1.96,1,138.512,1.61566,2.34049,3.46316,274.919,103.74,35.1752,30.8674,71.7742,24.3952,19.6608,7.23905,10.3541,5.83279,,,,,,,,,,,,,,,,,,,,,,,,,,,,,,,,,,,,,,,,,,,,,,,,,,,,,,,,,,,,,,,,,,,,,,,,,,,,,,,,,,,,,,,,,,,,,,,,,,,,,,,,,,,,,,
wcompton,4333,fell,1.54,1,107.676,168.593,1.21645,3.48511,344.713,71.4296,20.9473,26.2173,28.8867,28.7712,19.6348,9.41503,10.8606,2.78301,,,,,,,,,,,,,,,,,,,,,,,,,,,,,,,,,,,,,,,,,,,,,,,,,,,,,,,,,,,,,,,,,,,,,,,,,,,,,,,,,,,,,,,,,,,,,,,,,,,,,,,,,,,,,,
wcompton,4334,fell,1.1,1,19.5448,64.4414,2.08048,3.48721,198.104,43.3955,24.6896,47.5615,68.7781,15.0605,11.462,5.35128,10.2706,3.94972,,,,,,,,,,,,,,,,,,,,,,,,,,,,,,,,,,,,,,,,,,,,,,,,,,,,,,,,,,,,,,,,,,,,,,,,,,,,,,,,,,,,,,,,,,,,,,,,,,,,,,,,,,,,,,
wcompton,4335,fell,2.8,1,147.788,36.4283,0.814191,0.507791,667.43,243.51,56.7993,67.1681,6.3721,53.0154,40.1095,16.043,28.6237,7.27343,,,,,,,,,,,,,,,,,,,,,,,,,,,,,,,,,,,,,,,,,,,,,,,,,,,,,,,,,,,,,,,,,,,,,,,,,,,,,,,,,,,,,,,,,,,,,,,,,,,,,,,,,,,,,,
wcompton,4336,fell,1.68,1,103.453,85.9318,1.6091,3.36594,310.435,88.9865,25.1366,32.9419,68.1274,35.3043,23.3791,13.8087,13.6662,6.8459,,,,,,,,,,,,,,,,,,,,,,,,,,,,,,,,,,,,,,,,,,,,,,,,,,,,,,,,,,,,,,,,,,,,,,,,,,,,,,,,,,,,,,,,,,,,,,,,,,,,,,,,,,,,,,
wcompton,4337,fell,1.68,1,117.942,67.7131,1.48817,3.3161,269.749,103.193,29.2924,26.1328,52.4018,22.1685,19.2607,7.10753,12.4926,5.26979,,,,,,,,,,,,,,,,,,,,,,,,,,,,,,,,,,,,,,,,,,,,,,,,,,,,,,,,,,,,,,,,,,,,,,,,,,,,,,,,,,,,,,,,,,,,,,,,,,,,,,,,,,,,,,
wcompton,4338,fell,2.24,1,135.822,39.1305,2.50986,3.58808,233.045,69.408,23.3209,12.4494,5.24314,26.176,13.9151,10.0742,10.866,4.1977,,,,,,,,,,,,,,,,,,,,,,,,,,,,,,,,,,,,,,,,,,,,,,,,,,,,,,,,,,,,,,,,,,,,,,,,,,,,,,,,,,,,,,,,,,,,,,,,,,,,,,,,,,,,,,
wcompton,4339,fell,1.08,1,127.89,70.8428,2.01159,3.36634,180.994,59.0355,23.1106,34.8274,38.6171,23.1696,12.0941,8.46629,12.1339,5.58344,,,,,,,,,,,,,,,,,,,,,,,,,,,,,,,,,,,,,,,,,,,,,,,,,,,,,,,,,,,,,,,,,,,,,,,,,,,,,,,,,,,,,,,,,,,,,,,,,,,,,,,,,,,,,,
wcompton,4340,fell,2.54,1,113.62,69.8693,1.79817,3.83686,540.788,120.968,53.4812,29.8665,30.3607,62.2506,28.7738,24.1496,20.3067,5.77901,,,,,,,,,,,,,,,,,,,,,,,,,,,,,,,,,,,,,,,,,,,,,,,,,,,,,,,,,,,,,,,,,,,,,,,,,,,,,,,,,,,,,,,,,,,,,,,,,,,,,,,,,,,,,,
wcompton,4341,fell,1.46,1,172.882,61.7602,2.39558,2.79692,357.53,124.381,36.3876,21.8078,1.25773,49.59,23.7646,20.9162,15.7329,1.75475,,,,,,,,,,,,,,,,,,,,,,,,,,,,,,,,,,,,,,,,,,,,,,,,,,,,,,,,,,,,,,,,,,,,,,,,,,,,,,,,,,,,,,,,,,,,,,,,,,,,,,,,,,,,,,
wcompton,4342,fell,2.58,1,73.1916,23.1125,2.11464,3.62157,401.561,106.173,45.5307,39.6243,41.8164,31.3007,19.6165,10.4855,14.9197,8.73191,,,,,,,,,,,,,,,,,,,,,,,,,,,,,,,,,,,,,,,,,,,,,,,,,,,,,,,,,,,,,,,,,,,,,,,,,,,,,,,,,,,,,,,,,,,,,,,,,,,,,,,,,,,,,,
wcompton,4343,fell,1.14,1,70.4025,59.2921,1.87964,3.72802,216.869,56.8818,24.4695,23.0977,14.3343,22.7535,15.4629,8.29276,9.91217,3.16788,,,,,,,,,,,,,,,,,,,,,,,,,,,,,,,,,,,,,,,,,,,,,,,,,,,,,,,,,,,,,,,,,,,,,,,,,,,,,,,,,,,,,,,,,,,,,,,,,,,,,,,,,,,,,,
wcompton,4344,fell,1.54,1,112.426,13.3401,2.13478,3.56033,238.899,94.2645,24.5928,16.2825,62.0756,21.0574,16.5743,6.4208,7.20652,5.10581,,,,,,,,,,,,,,,,,,,,,,,,,,,,,,,,,,,,,,,,,,,,,,,,,,,,,,,,,,,,,,,,,,,,,,,,,,,,,,,,,,,,,,,,,,,,,,,,,,,,,,,,,,,,,,
wcompton,4345,fell,2.08,1,167.314,90.0144,2.8376,3.62118,340.954,59.4,43.5,22.8911,0.970382,30.3125,17.427,11.5763,10.7319,2.11094,,,,,,,,,,,,,,,,,,,,,,,,,,,,,,,,,,,,,,,,,,,,,,,,,,,,,,,,,,,,,,,,,,,,,,,,,,,,,,,,,,,,,,,,,,,,,,,,,,,,,,,,,,,,,,
wcompton,4346,fell,1.46,1,98.4191,112.531,1.4108,3.71875,272.167,63.2156,20.2607,18.224,4.33337,25.9844,16.252,9.41917,9.45459,2.99901,,,,,,,,,,,,,,,,,,,,,,,,,,,,,,,,,,,,,,,,,,,,,,,,,,,,,,,,,,,,,,,,,,,,,,,,,,,,,,,,,,,,,,,,,,,,,,,,,,,,,,,,,,,,,,
wcompton,4347,fell,2.28,1,120.332,29.9332,2.51339,3.71959,378.339,133.527,32.6739,22.1743,23.2811,35.6459,20.7496,12.4989,10.6047,3.77447,,,,,,,,,,,,,,,,,,,,,,,,,,,,,,,,,,,,,,,,,,,,,,,,,,,,,,,,,,,,,,,,,,,,,,,,,,,,,,,,,,,,,,,,,,,,,,,,,,,,,,,,,,,,,,
wcompton,4348,fell,1.42,1,170.072,98.318,1.93948,3.82314,236.443,44.9101,28.6565,16.6815,0.688503,26.5458,15.2595,9.76583,8.59511,1.81134,,,,,,,,,,,,,,,,,,,,,,,,,,,,,,,,,,,,,,,,,,,,,,,,,,,,,,,,,,,,,,,,,,,,,,,,,,,,,,,,,,,,,,,,,,,,,,,,,,,,,,,,,,,,,,
wcompton,4349,fell,2.74,1,98.6148,39.1481,1.61856,2.86371,366.858,95.5963,41.2474,52.6492,79.3528,43.7451,22.6895,15.3386,18.3275,5.36543,,,,,,,,,,,,,,,,,,,,,,,,,,,,,,,,,,,,,,,,,,,,,,,,,,,,,,,,,,,,,,,,,,,,,,,,,,,,,,,,,,,,,,,,,,,,,,,,,,,,,,,,,,,,,,
wcompton,4350,fell,1.94,1,74.606,43.6069,1.00396,2.49594,256.773,86.1753,32.1412,43.466,72.4372,22.9361,18.5995,7.7247,15.9389,13.0982,,,,,,,,,,,,,,,,,,,,,,,,,,,,,,,,,,,,,,,,,,,,,,,,,,,,,,,,,,,,,,,,,,,,,,,,,,,,,,,,,,,,,,,,,,,,,,,,,,,,,,,,,,,,,,
wcompton,4351,fell,2.38,1,138.351,55.6752,1.33988,3.27454,395.388,98.5418,36.3565,35.5048,11.0845,35.9587,23.0715,13.351,12.4498,4.32576,,,,,,,,,,,,,,,,,,,,,,,,,,,,,,,,,,,,,,,,,,,,,,,,,,,,,,,,,,,,,,,,,,,,,,,,,,,,,,,,,,,,,,,,,,,,,,,,,,,,,,,,,,,,,,
wcompton,4352,fell,1.86,1,106.065,97.7989,1.76698,0.446253,808.572,231.23,91.0753,73.9912,60.3307,49.4921,42.0656,18.4229,24.6947,12.259,,,,,,,,,,,,,,,,,,,,,,,,,,,,,,,,,,,,,,,,,,,,,,,,,,,,,,,,,,,,,,,,,,,,,,,,,,,,,,,,,,,,,,,,,,,,,,,,,,,,,,,,,,,,,,
wcompton,4353,fell,2.78,1,134.478,7.08225,1.85488,1.24192,474.023,113.659,47.9213,35.1718,2.2442,36.0902,16.7675,12.5984,19.53,3.90031,,,,,,,,,,,,,,,,,,,,,,,,,,,,,,,,,,,,,,,,,,,,,,,,,,,,,,,,,,,,,,,,,,,,,,,,,,,,,,,,,,,,,,,,,,,,,,,,,,,,,,,,,,,,,,
wcompton,4354,fell,1.56,1,88.4413,54.8634,2.70631,3.67517,387.855,67.298,38.6956,39.6156,9.49672,43.096,20.047,16.6858,18.0895,6.11272,,,,,,,,,,,,,,,,,,,,,,,,,,,,,,,,,,,,,,,,,,,,,,,,,,,,,,,,,,,,,,,,,,,,,,,,,,,,,,,,,,,,,,,,,,,,,,,,,,,,,,,,,,,,,,
wcompton,4355,fell,1.84,1,124.566,31.6781,2.01257,3.21102,243.897,76.6826,25.0342,18.6511,102.745,24.6413,16.0671,8.15344,9.65605,8.52172,,,,,,,,,,,,,,,,,,,,,,,,,,,,,,,,,,,,,,,,,,,,,,,,,,,,,,,,,,,,,,,,,,,,,,,,,,,,,,,,,,,,,,,,,,,,,,,,,,,,,,,,,,,,,,
wcompton,4356,fell,1.42,1,78.6152,113.66,2.66749,3.49609,374.586,131.205,48.3743,77.0062,11.0164,31.1618,29.5606,9.90459,14.8791,4.14643,,,,,,,,,,,,,,,,,,,,,,,,,,,,,,,,,,,,,,,,,,,,,,,,,,,,,,,,,,,,,,,,,,,,,,,,,,,,,,,,,,,,,,,,,,,,,,,,,,,,,,,,,,,,,,
wcompton,4357,fell,2.22,1,89.4187,18.193,2.49788,3.78053,262.569,82.2321,22.1872,16.1731,46.2798,27.2199,16.79,9.9493,10.8434,5.44566,,,,,,,,,,,,,,,,,,,,,,,,,,,,,,,,,,,,,,,,,,,,,,,,,,,,,,,,,,,,,,,,,,,,,,,,,,,,,,,,,,,,,,,,,,,,,,,,,,,,,,,,,,,,,,
wcompton,4358,fell,1.52,1,113.568,1.32117,2.73895,4.12793,212.321,80.5921,19.3825,13.8875,0.611243,21.8898,15.0005,6.2674,8.76301,2.29876,,,,,,,,,,,,,,,,,,,,,,,,,,,,,,,,,,,,,,,,,,,,,,,,,,,,,,,,,,,,,,,,,,,,,,,,,,,,,,,,,,,,,,,,,,,,,,,,,,,,,,,,,,,,,,
wcompton,4359,fell,2,1,124.234,70.0523,2.32256,3.26589,329.518,72.37,32.0635,23.9979,39.1848,27.298,13.9198,9.57998,11.3303,6.5853,,,,,,,,,,,,,,,,,,,,,,,,,,,,,,,,,,,,,,,,,,,,,,,,,,,,,,,,,,,,,,,,,,,,,,,,,,,,,,,,,,,,,,,,,,,,,,,,,,,,,,,,,,,,,,
wcompton,4360,fell,1.96,1,132.146,174.272,1.77937,3.75665,457.126,105.032,36.6441,12.7527,0.96208,32.1176,19.0624,9.9902,10.0595,1.81064,,,,,,,,,,,,,,,,,,,,,,,,,,,,,,,,,,,,,,,,,,,,,,,,,,,,,,,,,,,,,,,,,,,,,,,,,,,,,,,,,,,,,,,,,,,,,,,,,,,,,,,,,,,,,,
wcompton,4361,fell,1.16,1,80.1772,30.0266,1.53233,3.19521,202.729,48.9979,18.6114,41.1365,80.8721,17.7105,14.9812,6.37708,11.9452,6.96545,,,,,,,,,,,,,,,,,,,,,,,,,,,,,,,,,,,,,,,,,,,,,,,,,,,,,,,,,,,,,,,,,,,,,,,,,,,,,,,,,,,,,,,,,,,,,,,,,,,,,,,,,,,,,,
wcompton,4362,fell,1.7,1,129.131,11.0689,1.60181,3.20614,348.823,89.8479,34.7839,45.9061,40.5334,27.7477,21.9881,10.3132,16.3485,10.5372,,,,,,,,,,,,,,,,,,,,,,,,,,,,,,,,,,,,,,,,,,,,,,,,,,,,,,,,,,,,,,,,,,,,,,,,,,,,,,,,,,,,,,,,,,,,,,,,,,,,,,,,,,,,,,
wcompton,4363,fell,2.54,1,154.334,46.0847,1.61507,3.23912,347.767,107.393,32.22,40.2821,62.1532,35.1032,28.9148,11.6475,15.5777,11.2512,,,,,,,,,,,,,,,,,,,,,,,,,,,,,,,,,,,,,,,,,,,,,,,,,,,,,,,,,,,,,,,,,,,,,,,,,,,,,,,,,,,,,,,,,,,,,,,,,,,,,,,,,,,,,,
wcompton,4364,fell,2.46,1,139.808,19.5584,2.47999,3.14573,461.058,130.444,47.5943,34.5221,24.491,36.0214,27.1061,11.9038,14.8581,8.45426,,,,,,,,,,,,,,,,,,,,,,,,,,,,,,,,,,,,,,,,,,,,,,,,,,,,,,,,,,,,,,,,,,,,,,,,,,,,,,,,,,,,,,,,,,,,,,,,,,,,,,,,,,,,,,
wcompton,4365,fell,2.3,1,76.6352,17.2609,1.63107,3.69638,388.54,75.7871,36.1162,19.0007,0.699599,27.202,16.4626,9.36301,8.66148,1.1214,,,,,,,,,,,,,,,,,,,,,,,,,,,,,,,,,,,,,,,,,,,,,,,,,,,,,,,,,,,,,,,,,,,,,,,,,,,,,,,,,,,,,,,,,,,,,,,,,,,,,,,,,,,,,,
wcompton,4366,fell,2.78,1,195.015,77.6439,0.627998,0.370301,986.294,325.711,89.2053,44.6027,2.72738,68.7927,47.1085,26.0843,34.3797,8.3488,,,,,,,,,,,,,,,,,,,,,,,,,,,,,,,,,,,,,,,,,,,,,,,,,,,,,,,,,,,,,,,,,,,,,,,,,,,,,,,,,,,,,,,,,,,,,,,,,,,,,,,,,,,,,,
wcompton,4367,fell,1.98,1,177.318,67.4389,1.57045,2.19172,572.283,137.28,88.7775,34.477,1.46348,66.1223,29.9988,33.7925,21.291,2.76156,,,,,,,,,,,,,,,,,,,,,,,,,,,,,,,,,,,,,,,,,,,,,,,,,,,,,,,,,,,,,,,,,,,,,,,,,,,,,,,,,,,,,,,,,,,,,,,,,,,,,,,,,,,,,,
wcompton,4368,fell,2.78,1,105.265,20.8719,2.18028,4.09513,608.48,131.717,66.8432,35.6778,1.41246,42.9942,24.0518,15.9534,16.2662,3.5163,,,,,,,,,,,,,,,,,,,,,,,,,,,,,,,,,,,,,,,,,,,,,,,,,,,,,,,,,,,,,,,,,,,,,,,,,,,,,,,,,,,,,,,,,,,,,,,,,,,,,,,,,,,,,,
wcompton,4369,fell,1.28,1,186.995,83.1226,1.8845,1.52637,311.112,72.9259,53.3465,27.1101,0.480824,35.4308,18.0993,14.3498,11.7308,1.52502,,,,,,,,,,,,,,,,,,,,,,,,,,,,,,,,,,,,,,,,,,,,,,,,,,,,,,,,,,,,,,,,,,,,,,,,,,,,,,,,,,,,,,,,,,,,,,,,,,,,,,,,,,,,,,
wcompton,4370,fell,4.34,1,203.71,15.3834,3.12478,2.41193,731.794,202.76,78.6909,68.7909,1.7398,60.912,35.8983,20.9652,26.5313,4.46037,,,,,,,,,,,,,,,,,,,,,,,,,,,,,,,,,,,,,,,,,,,,,,,,,,,,,,,,,,,,,,,,,,,,,,,,,,,,,,,,,,,,,,,,,,,,,,,,,,,,,,,,,,,,,,
wcompton,4371,fell,1.88,1,165.332,26.3303,2.30269,3.83172,218.296,98.0304,25.8171,12.6778,51.9558,20.38,17.2023,6.10699,6.82233,4.01383,,,,,,,,,,,,,,,,,,,,,,,,,,,,,,,,,,,,,,,,,,,,,,,,,,,,,,,,,,,,,,,,,,,,,,,,,,,,,,,,,,,,,,,,,,,,,,,,,,,,,,,,,,,,,,
wcompton,4372,fell,3.06,1,172.764,18.3811,2.43104,3.95733,549.172,227.941,61.6027,34.5627,14.8122,34.617,30.2946,10.2445,14.144,4.88034,,,,,,,,,,,,,,,,,,,,,,,,,,,,,,,,,,,,,,,,,,,,,,,,,,,,,,,,,,,,,,,,,,,,,,,,,,,,,,,,,,,,,,,,,,,,,,,,,,,,,,,,,,,,,,
wcompton,4373,fell,1.58,1,153.589,47.6302,1.4477,2.03952,635.126,122.052,73.6314,41.0096,1.34055,27.5331,21.4383,8.89049,11.4691,2.50104,,,,,,,,,,,,,,,,,,,,,,,,,,,,,,,,,,,,,,,,,,,,,,,,,,,,,,,,,,,,,,,,,,,,,,,,,,,,,,,,,,,,,,,,,,,,,,,,,,,,,,,,,,,,,,
wcompton,4374,fell,1.68,1,140.82,61.2029,1.31179,3.38827,398.972,86.1496,54.739,34.5155,21.5026,34.6682,22.9657,12.5071,14.5165,4.65416,,,,,,,,,,,,,,,,,,,,,,,,,,,,,,,,,,,,,,,,,,,,,,,,,,,,,,,,,,,,,,,,,,,,,,,,,,,,,,,,,,,,,,,,,,,,,,,,,,,,,,,,,,,,,,
wcompton,4375,fell,1.86,1,182.955,27.3779,3.17476,3.8881,289.314,78.8593,23.4001,15.0997,16.2094,21.758,13.8846,6.95173,9.77686,6.9659,,,,,,,,,,,,,,,,,,,,,,,,,,,,,,,,,,,,,,,,,,,,,,,,,,,,,,,,,,,,,,,,,,,,,,,,,,,,,,,,,,,,,,,,,,,,,,,,,,,,,,,,,,,,,,
wcompton,4376,fell,3.66,1,130.182,1.72222,2.01614,2.80433,375.758,147.533,34.3433,23.9411,18.0459,42.2796,24.0878,15.6294,19.0974,9.58789,,,,,,,,,,,,,,,,,,,,,,,,,,,,,,,,,,,,,,,,,,,,,,,,,,,,,,,,,,,,,,,,,,,,,,,,,,,,,,,,,,,,,,,,,,,,,,,,,,,,,,,,,,,,,,
wcompton,4377,fell,1.4,1,195.379,145.278,2.4668,3.89106,320.954,107.281,24.6273,14.2692,39.1576,34.2694,21.6324,12.1744,13.3419,5.47186,,,,,,,,,,,,,,,,,,,,,,,,,,,,,,,,,,,,,,,,,,,,,,,,,,,,,,,,,,,,,,,,,,,,,,,,,,,,,,,,,,,,,,,,,,,,,,,,,,,,,,,,,,,,,,
wcompton,4378,fell,2.7,1,212.401,91.5827,2.99711,3.40871,1525.14,341.676,113.475,127.375,45.5868,74.5836,45.3611,22.443,31.6495,8.81283,,,,,,,,,,,,,,,,,,,,,,,,,,,,,,,,,,,,,,,,,,,,,,,,,,,,,,,,,,,,,,,,,,,,,,,,,,,,,,,,,,,,,,,,,,,,,,,,,,,,,,,,,,,,,,
wcompton,4379,fell,1.94,1,104.522,143.425,2.20003,3.35085,334.755,68.5969,33.4532,35.468,43.2663,24.2484,18.0507,8.89169,10.1847,7.5141,,,,,,,,,,,,,,,,,,,,,,,,,,,,,,,,,,,,,,,,,,,,,,,,,,,,,,,,,,,,,,,,,,,,,,,,,,,,,,,,,,,,,,,,,,,,,,,,,,,,,,,,,,,,,,
wcompton,4380,fell,2.1,1,120.009,173.662,2.09346,3.0607,351.855,107.292,34.6184,22.7743,38.582,33.9524,26.8744,11.6446,16.5068,6.75964,,,,,,,,,,,,,,,,,,,,,,,,,,,,,,,,,,,,,,,,,,,,,,,,,,,,,,,,,,,,,,,,,,,,,,,,,,,,,,,,,,,,,,,,,,,,,,,,,,,,,,,,,,,,,,
wcompton,4381,fell,2.24,1,89.5427,2.40942,1.23856,3.60575,282.267,88.904,26.5107,14.7666,0.533154,30.0217,15.4286,11.4515,10.244,1.88513,,,,,,,,,,,,,,,,,,,,,,,,,,,,,,,,,,,,,,,,,,,,,,,,,,,,,,,,,,,,,,,,,,,,,,,,,,,,,,,,,,,,,,,,,,,,,,,,,,,,,,,,,,,,,,
wcompton,4382,fell,2,1,203.886,58.4286,2.36444,3.93549,275.25,67.5445,28.4977,12.7985,5.57275,26.3768,15.5935,9.75198,8.83162,2.38653,,,,,,,,,,,,,,,,,,,,,,,,,,,,,,,,,,,,,,,,,,,,,,,,,,,,,,,,,,,,,,,,,,,,,,,,,,,,,,,,,,,,,,,,,,,,,,,,,,,,,,,,,,,,,,
wcompton,4383,fell,1.28,1,193.817,100.18,2.06483,3.56151,237.923,102.753,20.2172,30.8542,1.15735,24.8187,21.4312,7.62897,11.7932,3.0084,,,,,,,,,,,,,,,,,,,,,,,,,,,,,,,,,,,,,,,,,,,,,,,,,,,,,,,,,,,,,,,,,,,,,,,,,,,,,,,,,,,,,,,,,,,,,,,,,,,,,,,,,,,,,,
wcompton,4384,fell,2.72,1,139.579,95.549,2.66541,3.80732,829.673,288.349,73.5498,53.9765,3.7658,71.483,38.4397,22.5584,24.8916,5.91855,,,,,,,,,,,,,,,,,,,,,,,,,,,,,,,,,,,,,,,,,,,,,,,,,,,,,,,,,,,,,,,,,,,,,,,,,,,,,,,,,,,,,,,,,,,,,,,,,,,,,,,,,,,,,,
wcompton,4385,fell,3.2,1,103.737,1.24896,1.71306,1.16354,848.801,216.695,85.5249,54.3555,14.4731,54.6434,32.2902,21.181,23.5321,11.6019,,,,,,,,,,,,,,,,,,,,,,,,,,,,,,,,,,,,,,,,,,,,,,,,,,,,,,,,,,,,,,,,,,,,,,,,,,,,,,,,,,,,,,,,,,,,,,,,,,,,,,,,,,,,,,
wcompton,4386,fell,2.32,1,220.719,44.1865,2.21741,3.52346,391.503,147.919,47.3378,21.1425,2.06744,32.954,23.5083,11.0388,13.699,3.29197,,,,,,,,,,,,,,,,,,,,,,,,,,,,,,,,,,,,,,,,,,,,,,,,,,,,,,,,,,,,,,,,,,,,,,,,,,,,,,,,,,,,,,,,,,,,,,,,,,,,,,,,,,,,,,
wcompton,4387,fell,1.98,1,109.238,81.4577,1.24447,0.661393,656.45,166.53,60.4935,55.4631,1.4896,34.3822,30.5342,11.3634,16.6692,3.42619,,,,,,,,,,,,,,,,,,,,,,,,,,,,,,,,,,,,,,,,,,,,,,,,,,,,,,,,,,,,,,,,,,,,,,,,,,,,,,,,,,,,,,,,,,,,,,,,,,,,,,,,,,,,,,
wcompton,4388,fell,1.78,1,158.232,4.16815,2.95905,3.00596,237.849,49.6943,22.5214,21.7571,1.40261,25.1766,14.7102,9.29481,10.8131,2.70205,,,,,,,,,,,,,,,,,,,,,,,,,,,,,,,,,,,,,,,,,,,,,,,,,,,,,,,,,,,,,,,,,,,,,,,,,,,,,,,,,,,,,,,,,,,,,,,,,,,,,,,,,,,,,,
wcompton,4389,fell,2.42,1,115.256,102.275,1.72311,3.40668,351.056,106.297,30.6716,56.5124,40.6135,34.3447,21.591,12.8328,17.9097,7.13982,,,,,,,,,,,,,,,,,,,,,,,,,,,,,,,,,,,,,,,,,,,,,,,,,,,,,,,,,,,,,,,,,,,,,,,,,,,,,,,,,,,,,,,,,,,,,,,,,,,,,,,,,,,,,,
wcompton,4390,fell,2.18,1,124.617,156.943,2.45796,3.64411,399.155,93.6355,47.1725,39.4778,3.06193,27.3056,20.5368,8.50404,13.4573,6.88296,,,,,,,,,,,,,,,,,,,,,,,,,,,,,,,,,,,,,,,,,,,,,,,,,,,,,,,,,,,,,,,,,,,,,,,,,,,,,,,,,,,,,,,,,,,,,,,,,,,,,,,,,,,,,,
wcompton,4391,fell,2.12,1,134.595,28.1821,2.38161,3.963,299.817,88.7398,34.0041,11.11,0.802327,20.7274,16.9467,5.66515,8.31425,2.30935,,,,,,,,,,,,,,,,,,,,,,,,,,,,,,,,,,,,,,,,,,,,,,,,,,,,,,,,,,,,,,,,,,,,,,,,,,,,,,,,,,,,,,,,,,,,,,,,,,,,,,,,,,,,,,
wcompton,4392,fell,1.78,1,137.092,3.2254,1.72467,3.53899,338.626,121.296,34.003,27.9554,29.4633,28.2319,21.9845,8.47073,11.8727,7.97436,,,,,,,,,,,,,,,,,,,,,,,,,,,,,,,,,,,,,,,,,,,,,,,,,,,,,,,,,,,,,,,,,,,,,,,,,,,,,,,,,,,,,,,,,,,,,,,,,,,,,,,,,,,,,,
wcompton,4393,fell,2.36,1,134.242,114.744,1.63842,3.08693,474.712,116.867,43.1155,43.5123,42.6685,66.8859,24.8999,28.4023,23.2544,3.51462,,,,,,,,,,,,,,,,,,,,,,,,,,,,,,,,,,,,,,,,,,,,,,,,,,,,,,,,,,,,,,,,,,,,,,,,,,,,,,,,,,,,,,,,,,,,,,,,,,,,,,,,,,,,,,
wcompton,4394,fell,1.2,1,95.427,40.3923,2.32762,3.96921,264.087,69.4901,25.4191,31.4565,27.9778,20.2124,13.0012,7.20834,10.9357,6.26563,,,,,,,,,,,,,,,,,,,,,,,,,,,,,,,,,,,,,,,,,,,,,,,,,,,,,,,,,,,,,,,,,,,,,,,,,,,,,,,,,,,,,,,,,,,,,,,,,,,,,,,,,,,,,,
wcompton,4395,fell,3.54,1,167.011,0.279912,2.48798,3.03352,516.984,177.525,66.8682,62.9347,3.22037,49.3353,30.1577,18.3811,22.183,6.32495,,,,,,,,,,,,,,,,,,,,,,,,,,,,,,,,,,,,,,,,,,,,,,,,,,,,,,,,,,,,,,,,,,,,,,,,,,,,,,,,,,,,,,,,,,,,,,,,,,,,,,,,,,,,,,
wcompton,4396,fell,2.28,1,119.369,21.5755,2.18498,3.17033,384.717,91.6418,39.5441,43.6199,94.8231,36.9154,21.5717,13.9053,15.8577,6.68157,,,,,,,,,,,,,,,,,,,,,,,,,,,,,,,,,,,,,,,,,,,,,,,,,,,,,,,,,,,,,,,,,,,,,,,,,,,,,,,,,,,,,,,,,,,,,,,,,,,,,,,,,,,,,,
wcompton,4397,fell,2.58,1,237.476,31.846,2.51063,3.21771,535.657,214.802,89.7371,104.479,14.7476,42.4955,28.1846,13.5429,21.7045,7.87933,,,,,,,,,,,,,,,,,,,,,,,,,,,,,,,,,,,,,,,,,,,,,,,,,,,,,,,,,,,,,,,,,,,,,,,,,,,,,,,,,,,,,,,,,,,,,,,,,,,,,,,,,,,,,,
wcompton,4398,fell,1.52,1,172.195,63.6958,1.58831,3.20868,387.25,80.6144,33.4833,40.926,6.05283,33.2665,20.669,11.7791,11.557,3.69626,,,,,,,,,,,,,,,,,,,,,,,,,,,,,,,,,,,,,,,,,,,,,,,,,,,,,,,,,,,,,,,,,,,,,,,,,,,,,,,,,,,,,,,,,,,,,,,,,,,,,,,,,,,,,,
wcompton,4399,fell,3.28,1,92.3234,27.3875,0.852587,0.37799,920.963,243.472,75.4009,31.7712,3.56697,67.9953,42.8996,21.7302,26.7433,7.98029,,,,,,,,,,,,,,,,,,,,,,,,,,,,,,,,,,,,,,,,,,,,,,,,,,,,,,,,,,,,,,,,,,,,,,,,,,,,,,,,,,,,,,,,,,,,,,,,,,,,,,,,,,,,,,
wcompton,4400,fell,1.86,1,212.125,24.377,0.590231,0.561634,1044.69,247.336,102.516,54.0733,4.44952,55.101,42.111,18.6817,25.5783,8.97667,,,,,,,,,,,,,,,,,,,,,,,,,,,,,,,,,,,,,,,,,,,,,,,,,,,,,,,,,,,,,,,,,,,,,,,,,,,,,,,,,,,,,,,,,,,,,,,,,,,,,,,,,,,,,,
wcompton,4401,fell,2.38,1,124.351,35.6287,1.60228,3.20032,391.606,104.892,48.5411,30.473,7.14304,38.345,24.0172,14.7088,14.1948,7.33979,,,,,,,,,,,,,,,,,,,,,,,,,,,,,,,,,,,,,,,,,,,,,,,,,,,,,,,,,,,,,,,,,,,,,,,,,,,,,,,,,,,,,,,,,,,,,,,,,,,,,,,,,,,,,,
wcompton,4402,fell,2.22,1,108.842,113.188,1.97954,3.09377,315.728,98.9537,32.0206,37.8362,48.3929,40.4647,23.3701,15.0338,15.6438,7.44177,,,,,,,,,,,,,,,,,,,,,,,,,,,,,,,,,,,,,,,,,,,,,,,,,,,,,,,,,,,,,,,,,,,,,,,,,,,,,,,,,,,,,,,,,,,,,,,,,,,,,,,,,,,,,,
wcompton,4403,fell,2.46,1,182.05,158.333,2.76857,3.56562,506.509,108.544,67.812,40.0148,2.09519,33.9524,22.9783,11.4639,15.8939,6.55182,,,,,,,,,,,,,,,,,,,,,,,,,,,,,,,,,,,,,,,,,,,,,,,,,,,,,,,,,,,,,,,,,,,,,,,,,,,,,,,,,,,,,,,,,,,,,,,,,,,,,,,,,,,,,,
wcompton,4404,fell,1.7,1,40.226,3.66239,2.17756,3.89159,228.11,71.108,14.3771,14.4154,2.70586,19.9952,14.1773,5.93637,7.79591,2.11646,,,,,,,,,,,,,,,,,,,,,,,,,,,,,,,,,,,,,,,,,,,,,,,,,,,,,,,,,,,,,,,,,,,,,,,,,,,,,,,,,,,,,,,,,,,,,,,,,,,,,,,,,,,,,,
wcompton,4405,fell,1.54,1,144.745,9.41526,2.3865,3.56247,238.566,83.262,31.9585,20.2513,39.8715,24.8102,18.7308,9.5603,9.6906,4.73894,,,,,,,,,,,,,,,,,,,,,,,,,,,,,,,,,,,,,,,,,,,,,,,,,,,,,,,,,,,,,,,,,,,,,,,,,,,,,,,,,,,,,,,,,,,,,,,,,,,,,,,,,,,,,,
wcompton,4406,fell,2.1,1,91.1465,139.475,0.848066,0.526709,418.438,109.18,45.6116,85.1775,23.6804,35.6745,21.7106,13.8671,19.2104,12.5439,,,,,,,,,,,,,,,,,,,,,,,,,,,,,,,,,,,,,,,,,,,,,,,,,,,,,,,,,,,,,,,,,,,,,,,,,,,,,,,,,,,,,,,,,,,,,,,,,,,,,,,,,,,,,,
wcompton,4407,fell,4.78,1,227.746,23.372,2.2655,3.37992,609.592,209.509,68.3958,49.3176,12.7663,53.6626,37.4632,17.6602,20.2492,6.2618,,,,,,,,,,,,,,,,,,,,,,,,,,,,,,,,,,,,,,,,,,,,,,,,,,,,,,,,,,,,,,,,,,,,,,,,,,,,,,,,,,,,,,,,,,,,,,,,,,,,,,,,,,,,,,
wcompton,4408,fell,1.2,1,64.4318,70.3818,2.12934,3.61431,222.292,100.139,31.5005,24.0076,34.2918,22.2884,19.9323,7.08307,10.8127,5.53098,,,,,,,,,,,,,,,,,,,,,,,,,,,,,,,,,,,,,,,,,,,,,,,,,,,,,,,,,,,,,,,,,,,,,,,,,,,,,,,,,,,,,,,,,,,,,,,,,,,,,,,,,,,,,,
wcompton,4409,fell,1.3,1,95.218,31.3203,2.44967,3.77099,245.125,57.1778,24.9707,23.5813,10.9969,18.09,14.1213,5.93463,9.74131,4.52219,,,,,,,,,,,,,,,,,,,,,,,,,,,,,,,,,,,,,,,,,,,,,,,,,,,,,,,,,,,,,,,,,,,,,,,,,,,,,,,,,,,,,,,,,,,,,,,,,,,,,,,,,,,,,,
wcompton,4410,fell,2.44,1,143.723,7.24268,2.89087,3.41807,359.802,125.789,50.7382,31.4906,0.93096,32.9199,18.3937,13.0886,13.2864,2.06065,,,,,,,,,,,,,,,,,,,,,,,,,,,,,,,,,,,,,,,,,,,,,,,,,,,,,,,,,,,,,,,,,,,,,,,,,,,,,,,,,,,,,,,,,,,,,,,,,,,,,,,,,,,,,,
wcompton,4411,fell,1.24,1,162.981,97.4133,1.04442,0.959956,280.053,38.5408,46.026,25.8614,0.971872,38.6433,12.5755,16.8423,17.2394,2.75288,,,,,,,,,,,,,,,,,,,,,,,,,,,,,,,,,,,,,,,,,,,,,,,,,,,,,,,,,,,,,,,,,,,,,,,,,,,,,,,,,,,,,,,,,,,,,,,,,,,,,,,,,,,,,,
wcompton,4412,fell,1.5,1,68.4905,32.0131,2.06902,3.79191,259.812,108.113,28.4214,11.6875,0.712372,21.1349,20.5036,6.22675,6.40148,1.0272,,,,,,,,,,,,,,,,,,,,,,,,,,,,,,,,,,,,,,,,,,,,,,,,,,,,,,,,,,,,,,,,,,,,,,,,,,,,,,,,,,,,,,,,,,,,,,,,,,,,,,,,,,,,,,
wcompton,4413,fell,1.96,1,99.5593,119.074,1.31091,2.56505,420.63,159.51,46.6092,57.3284,21.9798,25.954,25.5145,8.57595,15.4821,6.05989,,,,,,,,,,,,,,,,,,,,,,,,,,,,,,,,,,,,,,,,,,,,,,,,,,,,,,,,,,,,,,,,,,,,,,,,,,,,,,,,,,,,,,,,,,,,,,,,,,,,,,,,,,,,,,
wcompton,4414,fell,1.3,1,165.031,174.748,3.04263,3.55826,226.507,63.9059,33.757,16.8781,1.53208,35.2093,17.9929,13.8142,10.9092,2.73267,,,,,,,,,,,,,,,,,,,,,,,,,,,,,,,,,,,,,,,,,,,,,,,,,,,,,,,,,,,,,,,,,,,,,,,,,,,,,,,,,,,,,,,,,,,,,,,,,,,,,,,,,,,,,,
wcompton,4415,fell,1.24,1,53.4902,75.9723,2.86324,3.9163,236.458,55.4573,22.5362,16.9248,10.4734,19.7859,14.503,6.5272,7.43646,5.66233,,,,,,,,,,,,,,,,,,,,,,,,,,,,,,,,,,,,,,,,,,,,,,,,,,,,,,,,,,,,,,,,,,,,,,,,,,,,,,,,,,,,,,,,,,,,,,,,,,,,,,,,,,,,,,
wcompton,4416,fell,1.98,1,105.155,47.7,2.12638,3.79354,312.052,87.9391,31.3835,23.2896,68.7667,26.4242,18.5028,8.32132,13.6518,13.0175,,,,,,,,,,,,,,,,,,,,,,,,,,,,,,,,,,,,,,,,,,,,,,,,,,,,,,,,,,,,,,,,,,,,,,,,,,,,,,,,,,,,,,,,,,,,,,,,,,,,,,,,,,,,,,
wcompton,4417,fell,2.62,1,134.757,39.8869,0.891616,0.478305,829.393,214.929,59.1728,35.3749,18.772,67.1708,42.0286,19.2192,21.2949,7.3208,,,,,,,,,,,,,,,,,,,,,,,,,,,,,,,,,,,,,,,,,,,,,,,,,,,,,,,,,,,,,,,,,,,,,,,,,,,,,,,,,,,,,,,,,,,,,,,,,,,,,,,,,,,,,,
wcompton,4418,fell,1.6,1,68.9056,37.593,1.36186,2.75328,273.806,91.706,17.7251,17.8665,91.0301,28.3208,19.4072,10.8271,14.1374,10.4254,,,,,,,,,,,,,,,,,,,,,,,,,,,,,,,,,,,,,,,,,,,,,,,,,,,,,,,,,,,,,,,,,,,,,,,,,,,,,,,,,,,,,,,,,,,,,,,,,,,,,,,,,,,,,,
wcompton,4419,fell,3.3,1,144.828,120.244,1.76821,3.33751,399.639,107.901,47.9584,33.6055,86.9791,30.7256,20.3189,10.6703,14.4171,9.58501,,,,,,,,,,,,,,,,,,,,,,,,,,,,,,,,,,,,,,,,,,,,,,,,,,,,,,,,,,,,,,,,,,,,,,,,,,,,,,,,,,,,,,,,,,,,,,,,,,,,,,,,,,,,,,
wcompton,4420,fell,1.52,1,109.007,62.7502,2.53504,4.21055,211.213,44.2052,22.5951,6.13862,0.5057,17.8583,11.0432,6.49057,6.44694,1.41962,,,,,,,,,,,,,,,,,,,,,,,,,,,,,,,,,,,,,,,,,,,,,,,,,,,,,,,,,,,,,,,,,,,,,,,,,,,,,,,,,,,,,,,,,,,,,,,,,,,,,,,,,,,,,,
wcompton,4421,fell,2.62,1,67.0248,16.4317,2.43653,2.69026,280.468,58.1742,32.545,31.3235,52.4313,27.161,18.4101,9.16221,13.4327,9.28938,,,,,,,,,,,,,,,,,,,,,,,,,,,,,,,,,,,,,,,,,,,,,,,,,,,,,,,,,,,,,,,,,,,,,,,,,,,,,,,,,,,,,,,,,,,,,,,,,,,,,,,,,,,,,,
wcompton,4422,fell,3.98,1,102.865,18.6262,1.98492,3.43136,517.3,146.687,72.7588,55.7614,2.07778,40.5114,28.6,11.9028,15.2275,2.80491,,,,,,,,,,,,,,,,,,,,,,,,,,,,,,,,,,,,,,,,,,,,,,,,,,,,,,,,,,,,,,,,,,,,,,,,,,,,,,,,,,,,,,,,,,,,,,,,,,,,,,,,,,,,,,
wcompton,4423,fell,1.32,1,46.9962,109.803,2.822,3.86715,302.554,136.813,28.8663,15.3145,52.6134,38.4264,24.8822,14.7743,15.9485,9.33901,,,,,,,,,,,,,,,,,,,,,,,,,,,,,,,,,,,,,,,,,,,,,,,,,,,,,,,,,,,,,,,,,,,,,,,,,,,,,,,,,,,,,,,,,,,,,,,,,,,,,,,,,,,,,,
wcompton,4424,fell,2.28,1,97.5901,22.9502,2.5536,3.40841,246.714,67.6269,26.9309,20.056,82.1303,26.1751,13.8043,10.4539,12.4555,7.85317,,,,,,,,,,,,,,,,,,,,,,,,,,,,,,,,,,,,,,,,,,,,,,,,,,,,,,,,,,,,,,,,,,,,,,,,,,,,,,,,,,,,,,,,,,,,,,,,,,,,,,,,,,,,,,
wcompton,4425,fell,3.02,1,134.979,125.185,2.40806,3.12546,575.304,184.75,49.6236,44.6913,45.7285,56.6023,31.0677,19.7407,21.4174,5.57162,,,,,,,,,,,,,,,,,,,,,,,,,,,,,,,,,,,,,,,,,,,,,,,,,,,,,,,,,,,,,,,,,,,,,,,,,,,,,,,,,,,,,,,,,,,,,,,,,,,,,,,,,,,,,,
wcompton,4426,fell,2.52,1,175.04,127.151,1.04966,0.510573,1299.54,330.966,105.49,77.5824,1.91427,76.0505,43.0428,29.1342,33.5393,7.45634,,,,,,,,,,,,,,,,,,,,,,,,,,,,,,,,,,,,,,,,,,,,,,,,,,,,,,,,,,,,,,,,,,,,,,,,,,,,,,,,,,,,,,,,,,,,,,,,,,,,,,,,,,,,,,
wcompton,4427,fell,1.6,1,148.434,61.0661,2.97079,3.26561,676.513,181.417,76.9273,90.9944,17.2082,34.0959,34.2906,11.1828,17.2033,5.47206,,,,,,,,,,,,,,,,,,,,,,,,,,,,,,,,,,,,,,,,,,,,,,,,,,,,,,,,,,,,,,,,,,,,,,,,,,,,,,,,,,,,,,,,,,,,,,,,,,,,,,,,,,,,,,
wcompton,4428,fell,2.2,1,160.135,14.7337,2.97463,3.89734,409.044,165.408,47.8798,29.4253,4.47391,35.8939,31.4806,12.637,12.4744,3.12654,,,,,,,,,,,,,,,,,,,,,,,,,,,,,,,,,,,,,,,,,,,,,,,,,,,,,,,,,,,,,,,,,,,,,,,,,,,,,,,,,,,,,,,,,,,,,,,,,,,,,,,,,,,,,,
wcompton,4429,fell,2.3,1,173.71,17.7733,1.45323,3.45584,284.639,109.2,34.7934,32.2123,6.64676,23.9402,19.1192,7.04859,9.67827,4.2197,,,,,,,,,,,,,,,,,,,,,,,,,,,,,,,,,,,,,,,,,,,,,,,,,,,,,,,,,,,,,,,,,,,,,,,,,,,,,,,,,,,,,,,,,,,,,,,,,,,,,,,,,,,,,,
wcompton,4430,fell,1.88,1,155.727,123.243,2.33731,3.27084,279.391,92.7457,37.0982,38.5873,61.4094,25.5409,17.1553,8.24738,15.7838,8.81363,,,,,,,,,,,,,,,,,,,,,,,,,,,,,,,,,,,,,,,,,,,,,,,,,,,,,,,,,,,,,,,,,,,,,,,,,,,,,,,,,,,,,,,,,,,,,,,,,,,,,,,,,,,,,,
wcompton,4431,fell,1.94,1,168.316,0.587351,2.09356,3.72046,266.74,145.954,31.0711,18.7517,15.3438,25.5052,19.8395,8.47804,10.6924,4.36133,,,,,,,,,,,,,,,,,,,,,,,,,,,,,,,,,,,,,,,,,,,,,,,,,,,,,,,,,,,,,,,,,,,,,,,,,,,,,,,,,,,,,,,,,,,,,,,,,,,,,,,,,,,,,,
wcompton,4432,fell,1.76,1,160.006,69.621,2.76537,4.22958,341.53,85.0547,26.3807,10.2154,0.467518,34.9483,13.1203,12.8021,8.9394,1.43658,,,,,,,,,,,,,,,,,,,,,,,,,,,,,,,,,,,,,,,,,,,,,,,,,,,,,,,,,,,,,,,,,,,,,,,,,,,,,,,,,,,,,,,,,,,,,,,,,,,,,,,,,,,,,,
wcompton,4433,fell,1.16,1,172.771,137.875,2.43828,3.75408,561.516,173.572,27.4977,6.63625,0.401767,37.0372,25.7417,11.3568,9.05126,1.9609,,,,,,,,,,,,,,,,,,,,,,,,,,,,,,,,,,,,,,,,,,,,,,,,,,,,,,,,,,,,,,,,,,,,,,,,,,,,,,,,,,,,,,,,,,,,,,,,,,,,,,,,,,,,,,
wcompton,4434,fell,1.1,1,68.264,1.56228,2.22441,3.74997,210.585,66.0954,17.2282,30.2721,31.7801,30.5267,16.9418,12.7753,12.6804,3.58948,,,,,,,,,,,,,,,,,,,,,,,,,,,,,,,,,,,,,,,,,,,,,,,,,,,,,,,,,,,,,,,,,,,,,,,,,,,,,,,,,,,,,,,,,,,,,,,,,,,,,,,,,,,,,,
wcompton,4435,fell,2.48,1,75.153,20.6636,2.01706,2.02175,367.049,71.6915,41.1049,41.4483,9.83444,30.4675,19.1249,9.34349,16.7128,7.0358,,,,,,,,,,,,,,,,,,,,,,,,,,,,,,,,,,,,,,,,,,,,,,,,,,,,,,,,,,,,,,,,,,,,,,,,,,,,,,,,,,,,,,,,,,,,,,,,,,,,,,,,,,,,,,
wcompton,4436,fell,1.28,1,99.3537,43.1964,1.04688,3.67074,182.564,56.6465,24.7655,12.377,0.726444,27.1889,12.41,13.0252,10.1699,1.90985,,,,,,,,,,,,,,,,,,,,,,,,,,,,,,,,,,,,,,,,,,,,,,,,,,,,,,,,,,,,,,,,,,,,,,,,,,,,,,,,,,,,,,,,,,,,,,,,,,,,,,,,,,,,,,
wcompton,4437,fell,2.96,1,137.827,5.99285,1.70101,3.1133,509.203,158.663,48.9294,36.9744,6.73285,62.4624,33.4478,24.9261,22.0801,3.20081,,,,,,,,,,,,,,,,,,,,,,,,,,,,,,,,,,,,,,,,,,,,,,,,,,,,,,,,,,,,,,,,,,,,,,,,,,,,,,,,,,,,,,,,,,,,,,,,,,,,,,,,,,,,,,
wcompton,4438,fell,1.58,1,123.039,93.9445,2.16059,3.16286,1051.8,152.369,94.349,50.9819,79.1679,49.2497,25.8801,18.1973,19.6072,9.27257,,,,,,,,,,,,,,,,,,,,,,,,,,,,,,,,,,,,,,,,,,,,,,,,,,,,,,,,,,,,,,,,,,,,,,,,,,,,,,,,,,,,,,,,,,,,,,,,,,,,,,,,,,,,,,
wcompton,4439,fell,2.6,1,143.542,56.9699,2.73424,3.43062,317.71,146.593,48.3228,37.2081,18.1685,26.4601,19.9403,9.43919,14.5479,7.60615,,,,,,,,,,,,,,,,,,,,,,,,,,,,,,,,,,,,,,,,,,,,,,,,,,,,,,,,,,,,,,,,,,,,,,,,,,,,,,,,,,,,,,,,,,,,,,,,,,,,,,,,,,,,,,
wcompton,4440,fell,1.84,1,62.844,70.9059,1.91626,2.40446,263.084,72.8863,31.2128,42.3341,29.6654,23.8426,19.4248,8.24234,12.5399,13.2255,,,,,,,,,,,,,,,,,,,,,,,,,,,,,,,,,,,,,,,,,,,,,,,,,,,,,,,,,,,,,,,,,,,,,,,,,,,,,,,,,,,,,,,,,,,,,,,,,,,,,,,,,,,,,,
wcompton,4441,fell,3.06,1,171.04,17.3372,2.89375,3.41286,677.335,224.575,60.779,72.8248,4.04219,59.313,46.9557,19.9489,24.5575,4.36756,,,,,,,,,,,,,,,,,,,,,,,,,,,,,,,,,,,,,,,,,,,,,,,,,,,,,,,,,,,,,,,,,,,,,,,,,,,,,,,,,,,,,,,,,,,,,,,,,,,,,,,,,,,,,,
wcompton,4442,fell,1.34,1,102.525,100.21,2.46268,3.4474,251.153,70.0036,22.7481,31.7474,1.06128,19.8665,12.2724,6.01492,9.34778,2.41587,,,,,,,,,,,,,,,,,,,,,,,,,,,,,,,,,,,,,,,,,,,,,,,,,,,,,,,,,,,,,,,,,,,,,,,,,,,,,,,,,,,,,,,,,,,,,,,,,,,,,,,,,,,,,,
wcompton,4443,fell,1.64,1,196.431,42.026,2.14439,3.52379,296.62,104.539,52.9074,38.4531,13.9005,26.538,23.6394,8.47276,11.8396,7.26496,,,,,,,,,,,,,,,,,,,,,,,,,,,,,,,,,,,,,,,,,,,,,,,,,,,,,,,,,,,,,,,,,,,,,,,,,,,,,,,,,,,,,,,,,,,,,,,,,,,,,,,,,,,,,,
wcompton,4444,fell,1.8,1,153.944,17.7035,0.979096,0.380971,469.55,187.983,56.9615,24.3966,4.69246,36.1089,29.4246,10.8799,18.6687,8.39131,,,,,,,,,,,,,,,,,,,,,,,,,,,,,,,,,,,,,,,,,,,,,,,,,,,,,,,,,,,,,,,,,,,,,,,,,,,,,,,,,,,,,,,,,,,,,,,,,,,,,,,,,,,,,,
wcompton,4445,fell,0.96,1,51.3743,51.504,1.64558,3.4523,155.193,47.6666,14.8362,32.0074,7.43968,17.0864,11.4874,6.34069,11.0382,2.76029,,,,,,,,,,,,,,,,,,,,,,,,,,,,,,,,,,,,,,,,,,,,,,,,,,,,,,,,,,,,,,,,,,,,,,,,,,,,,,,,,,,,,,,,,,,,,,,,,,,,,,,,,,,,,,
wcompton,4446,fell,4.18,1,185.302,10.5112,2.5925,3.63069,567.377,184.078,79.3539,72.2845,8.02744,42.235,31.4903,12.4452,18.3124,3.12513,,,,,,,,,,,,,,,,,,,,,,,,,,,,,,,,,,,,,,,,,,,,,,,,,,,,,,,,,,,,,,,,,,,,,,,,,,,,,,,,,,,,,,,,,,,,,,,,,,,,,,,,,,,,,,
wcompton,4447,fell,1.88,1,188.577,6.1606,3.16963,4.04464,357.022,62.1574,32.5002,13.0864,0.520537,31.734,11.7234,11.2735,10.4003,2.2862,,,,,,,,,,,,,,,,,,,,,,,,,,,,,,,,,,,,,,,,,,,,,,,,,,,,,,,,,,,,,,,,,,,,,,,,,,,,,,,,,,,,,,,,,,,,,,,,,,,,,,,,,,,,,,
wcompton,4448,fell,1.36,1,115.26,43.635,1.28473,3.61695,205.26,50.139,23.5068,13.5222,0.744945,25.4292,11.9829,10.4348,8.35938,1.79861,,,,,,,,,,,,,,,,,,,,,,,,,,,,,,,,,,,,,,,,,,,,,,,,,,,,,,,,,,,,,,,,,,,,,,,,,,,,,,,,,,,,,,,,,,,,,,,,,,,,,,,,,,,,,,
wcompton,4449,fell,2.22,1,120.51,28.5205,1.29408,3.54509,299.005,79.7701,32.245,11.6364,1.00385,53.1661,18.8635,24.9961,17.5735,2.50053,,,,,,,,,,,,,,,,,,,,,,,,,,,,,,,,,,,,,,,,,,,,,,,,,,,,,,,,,,,,,,,,,,,,,,,,,,,,,,,,,,,,,,,,,,,,,,,,,,,,,,,,,,,,,,
wcompton,4450,fell,2.28,1,164.708,22.0824,1.87709,3.41012,329.08,108.831,38.413,43.2255,13.4215,32.5396,21.1572,12.3256,18.0262,6.74002,,,,,,,,,,,,,,,,,,,,,,,,,,,,,,,,,,,,,,,,,,,,,,,,,,,,,,,,,,,,,,,,,,,,,,,,,,,,,,,,,,,,,,,,,,,,,,,,,,,,,,,,,,,,,,
wcompton,4451,fell,1.42,1,74.1204,85.2361,2.8289,3.59842,449.299,92.0043,46.2794,26.3704,1.32618,50.4423,27.9247,19.2581,17.4277,4.4192,,,,,,,,,,,,,,,,,,,,,,,,,,,,,,,,,,,,,,,,,,,,,,,,,,,,,,,,,,,,,,,,,,,,,,,,,,,,,,,,,,,,,,,,,,,,,,,,,,,,,,,,,,,,,,
wcompton,4452,fell,2.06,1,115.778,69.5835,2.01003,3.99626,353.808,77.3216,33.6525,12.0774,1.01953,24.959,14.4075,8.22302,8.12517,1.78875,,,,,,,,,,,,,,,,,,,,,,,,,,,,,,,,,,,,,,,,,,,,,,,,,,,,,,,,,,,,,,,,,,,,,,,,,,,,,,,,,,,,,,,,,,,,,,,,,,,,,,,,,,,,,,
wcompton,4453,fell,1.82,1,133.055,54.8319,1.30806,0.579885,426.961,144.065,42.6952,30.7888,0.865421,35.1333,24.0772,12.1349,14.0033,2.36081,,,,,,,,,,,,,,,,,,,,,,,,,,,,,,,,,,,,,,,,,,,,,,,,,,,,,,,,,,,,,,,,,,,,,,,,,,,,,,,,,,,,,,,,,,,,,,,,,,,,,,,,,,,,,,
wcompton,4454,fell,1.72,1,197.385,51.3997,1.81249,3.11146,245.077,76.2454,21.913,24.4321,65.5554,25.4215,14.9425,9.37703,14.3479,9.04224,,,,,,,,,,,,,,,,,,,,,,,,,,,,,,,,,,,,,,,,,,,,,,,,,,,,,,,,,,,,,,,,,,,,,,,,,,,,,,,,,,,,,,,,,,,,,,,,,,,,,,,,,,,,,,
wcompton,4455,fell,1.52,1,188.191,44.8159,1.52487,3.17396,346.05,95.5219,35.2396,27.1935,16.2417,40.5409,25.0617,15.6525,14.689,4.51514,,,,,,,,,,,,,,,,,,,,,,,,,,,,,,,,,,,,,,,,,,,,,,,,,,,,,,,,,,,,,,,,,,,,,,,,,,,,,,,,,,,,,,,,,,,,,,,,,,,,,,,,,,,,,,
wcompton,4456,fell,1.8,1,95.6646,44.8624,2.17907,3.47511,314.034,102.758,30.008,21.078,89.1781,31.9843,20.1066,13.1964,13.5153,8.34924,,,,,,,,,,,,,,,,,,,,,,,,,,,,,,,,,,,,,,,,,,,,,,,,,,,,,,,,,,,,,,,,,,,,,,,,,,,,,,,,,,,,,,,,,,,,,,,,,,,,,,,,,,,,,,
wcompton,4457,fell,2.06,1,84.8289,83.7353,0.641636,0.761199,560.756,92.2399,69.6107,121.235,2.16111,31.9219,23.9238,11.0278,20.5115,5.81725,,,,,,,,,,,,,,,,,,,,,,,,,,,,,,,,,,,,,,,,,,,,,,,,,,,,,,,,,,,,,,,,,,,,,,,,,,,,,,,,,,,,,,,,,,,,,,,,,,,,,,,,,,,,,,
wcompton,4458,fell,2.5,1,98.5878,40.1764,2.12428,3.94273,353.856,142.986,36.1915,19.6904,1.38555,35.6622,26.6018,11.363,12.9708,4.49451,,,,,,,,,,,,,,,,,,,,,,,,,,,,,,,,,,,,,,,,,,,,,,,,,,,,,,,,,,,,,,,,,,,,,,,,,,,,,,,,,,,,,,,,,,,,,,,,,,,,,,,,,,,,,,
wcompton,4459,fell,1.14,1,92.8281,1.57964,2.65051,3.92812,196.396,59.7752,16.6069,37.9578,44.0481,18.5769,13.0687,6.57049,11.9273,6.99063,,,,,,,,,,,,,,,,,,,,,,,,,,,,,,,,,,,,,,,,,,,,,,,,,,,,,,,,,,,,,,,,,,,,,,,,,,,,,,,,,,,,,,,,,,,,,,,,,,,,,,,,,,,,,,
wcompton,4460,fell,2.34,1,180.307,69.3755,1.75616,3.02257,427.535,109.742,41.3878,24.2084,65.0272,55.44,26.8242,21.4786,16.2918,5.11995,,,,,,,,,,,,,,,,,,,,,,,,,,,,,,,,,,,,,,,,,,,,,,,,,,,,,,,,,,,,,,,,,,,,,,,,,,,,,,,,,,,,,,,,,,,,,,,,,,,,,,,,,,,,,,
wcompton,4461,fell,2.38,1,97.7842,4.04787,2.12048,3.60275,311.979,114.145,38.7789,26.3105,3.21623,31.1605,19.8658,10.9186,11.5649,4.56199,,,,,,,,,,,,,,,,,,,,,,,,,,,,,,,,,,,,,,,,,,,,,,,,,,,,,,,,,,,,,,,,,,,,,,,,,,,,,,,,,,,,,,,,,,,,,,,,,,,,,,,,,,,,,,
wcompton,4462,fell,1.66,1,94.8116,109.722,1.9128,3.45011,277.981,75.8078,42.2273,19.1192,16.6075,36.1457,18.6963,14.0715,14.7092,2.54298,,,,,,,,,,,,,,,,,,,,,,,,,,,,,,,,,,,,,,,,,,,,,,,,,,,,,,,,,,,,,,,,,,,,,,,,,,,,,,,,,,,,,,,,,,,,,,,,,,,,,,,,,,,,,,
wcompton,4463,fell,1.72,1,122.61,62.4925,1.80487,3.1111,295.891,106.853,38.8879,67.6191,25.4181,22.9792,15.9936,7.68386,13.5402,6.17378,,,,,,,,,,,,,,,,,,,,,,,,,,,,,,,,,,,,,,,,,,,,,,,,,,,,,,,,,,,,,,,,,,,,,,,,,,,,,,,,,,,,,,,,,,,,,,,,,,,,,,,,,,,,,,
wcompton,4464,fell,4.24,1,227.034,54.1521,1.77549,1.40863,1002.83,280.937,95.1023,111.18,3.67261,85.1521,57.1852,28.7824,34.2113,5.72232,,,,,,,,,,,,,,,,,,,,,,,,,,,,,,,,,,,,,,,,,,,,,,,,,,,,,,,,,,,,,,,,,,,,,,,,,,,,,,,,,,,,,,,,,,,,,,,,,,,,,,,,,,,,,,
wcompton,4465,fell,2.38,1,129.758,54.3974,1.54505,3.2699,424.444,172.988,54.097,36.6372,4.64285,42.3922,30.2301,12.9889,13.8524,5.2022,,,,,,,,,,,,,,,,,,,,,,,,,,,,,,,,,,,,,,,,,,,,,,,,,,,,,,,,,,,,,,,,,,,,,,,,,,,,,,,,,,,,,,,,,,,,,,,,,,,,,,,,,,,,,,
wcompton,4466,fell,1.64,1,51.6237,36.0841,1.27123,2.73769,318.58,95.6093,29.9956,48.8131,40.8381,24.2496,19.2534,7.86603,12.7657,4.83513,,,,,,,,,,,,,,,,,,,,,,,,,,,,,,,,,,,,,,,,,,,,,,,,,,,,,,,,,,,,,,,,,,,,,,,,,,,,,,,,,,,,,,,,,,,,,,,,,,,,,,,,,,,,,,
wcompton,4467,fell,2.56,1,192.686,164.487,2.00783,3.44589,508.359,106.553,49.1015,50.7809,28.134,45.0886,23.2785,16.8659,20.1983,7.69142,,,,,,,,,,,,,,,,,,,,,,,,,,,,,,,,,,,,,,,,,,,,,,,,,,,,,,,,,,,,,,,,,,,,,,,,,,,,,,,,,,,,,,,,,,,,,,,,,,,,,,,,,,,,,,
wcompton,4468,fell,2.28,1,203.559,126.622,1.96998,1.31047,599.708,161.782,76.7866,80.3621,14.4027,35.9572,29.3871,11.3721,16.2967,4.30752,,,,,,,,,,,,,,,,,,,,,,,,,,,,,,,,,,,,,,,,,,,,,,,,,,,,,,,,,,,,,,,,,,,,,,,,,,,,,,,,,,,,,,,,,,,,,,,,,,,,,,,,,,,,,,
wcompton,4469,fell,1.2,1,85.3016,66.1406,1.82409,4.02261,281.233,64.9311,30.2021,29.2509,19.9392,23.4086,13.9894,8.1367,10.5052,2.35819,,,,,,,,,,,,,,,,,,,,,,,,,,,,,,,,,,,,,,,,,,,,,,,,,,,,,,,,,,,,,,,,,,,,,,,,,,,,,,,,,,,,,,,,,,,,,,,,,,,,,,,,,,,,,,
wcompton,4470,fell,1.82,1,106.213,55.7871,2.06537,2.75322,229.747,48.592,24.9816,16.2859,142.712,22.0098,17.3602,8.44999,10.3547,10.0529,,,,,,,,,,,,,,,,,,,,,,,,,,,,,,,,,,,,,,,,,,,,,,,,,,,,,,,,,,,,,,,,,,,,,,,,,,,,,,,,,,,,,,,,,,,,,,,,,,,,,,,,,,,,,,
wcompton,4471,fell,1.86,1,118.221,50.2546,2.08797,2.72187,185.841,89.0982,21.2198,51.2842,56.3629,18.4225,15.2627,5.65066,11.7264,9.82649,,,,,,,,,,,,,,,,,,,,,,,,,,,,,,,,,,,,,,,,,,,,,,,,,,,,,,,,,,,,,,,,,,,,,,,,,,,,,,,,,,,,,,,,,,,,,,,,,,,,,,,,,,,,,,
wcompton,4472,fell,2.04,1,81.7292,101.23,1.59406,2.38151,330.487,66.5501,38.6915,31.8226,143.824,25.2173,15.6101,7.73565,12.5824,9.95562,,,,,,,,,,,,,,,,,,,,,,,,,,,,,,,,,,,,,,,,,,,,,,,,,,,,,,,,,,,,,,,,,,,,,,,,,,,,,,,,,,,,,,,,,,,,,,,,,,,,,,,,,,,,,,
wcompton,4473,fell,1.78,1,119.307,63.2338,0.801095,0.294469,512.269,139.647,61.1576,59.7846,3.70692,39.8353,26.773,12.7589,23.9727,9.20671,,,,,,,,,,,,,,,,,,,,,,,,,,,,,,,,,,,,,,,,,,,,,,,,,,,,,,,,,,,,,,,,,,,,,,,,,,,,,,,,,,,,,,,,,,,,,,,,,,,,,,,,,,,,,,
wcompton,4474,fell,2.06,1,195.716,23.3231,1.47804,3.61015,348.356,102.429,25.2811,30.6804,0.75914,44.1159,22.7552,16.4667,13.1662,2.09997,,,,,,,,,,,,,,,,,,,,,,,,,,,,,,,,,,,,,,,,,,,,,,,,,,,,,,,,,,,,,,,,,,,,,,,,,,,,,,,,,,,,,,,,,,,,,,,,,,,,,,,,,,,,,,
wcompton,4475,fell,2,1,167.892,54.2569,3.51681,3.68281,617.084,167.512,65.9092,36.4956,1.58884,36.7162,26.6152,11.8664,12.8983,2.51992,,,,,,,,,,,,,,,,,,,,,,,,,,,,,,,,,,,,,,,,,,,,,,,,,,,,,,,,,,,,,,,,,,,,,,,,,,,,,,,,,,,,,,,,,,,,,,,,,,,,,,,,,,,,,,
wcompton,4476,fell,2.54,1,113.209,14.743,2.37005,3.59503,292.775,123.757,43.7812,44.148,45.6177,31.9523,23.6678,10.8308,18.2387,10.19,,,,,,,,,,,,,,,,,,,,,,,,,,,,,,,,,,,,,,,,,,,,,,,,,,,,,,,,,,,,,,,,,,,,,,,,,,,,,,,,,,,,,,,,,,,,,,,,,,,,,,,,,,,,,,
wcompton,4477,fell,1.84,1,74.0252,91.7018,2.54275,3.3874,282.767,104.406,36.3352,83.6647,33.244,26.7231,22.2757,8.16615,13.0556,9.37353,,,,,,,,,,,,,,,,,,,,,,,,,,,,,,,,,,,,,,,,,,,,,,,,,,,,,,,,,,,,,,,,,,,,,,,,,,,,,,,,,,,,,,,,,,,,,,,,,,,,,,,,,,,,,,
wcompton,4478,fell,1.34,1,174.088,7.69194,2.60465,3.98973,286.863,76.8527,30.0113,20.6504,18.4114,24.7745,18.2107,8.00138,9.95414,4.4113,,,,,,,,,,,,,,,,,,,,,,,,,,,,,,,,,,,,,,,,,,,,,,,,,,,,,,,,,,,,,,,,,,,,,,,,,,,,,,,,,,,,,,,,,,,,,,,,,,,,,,,,,,,,,,
wcompton,4479,fell,2.42,1,124.842,110.762,0.950559,3.43484,433.019,81.7385,35.3098,25.3636,41.7483,43.0077,23.4833,15.9585,14.5067,3.54241,,,,,,,,,,,,,,,,,,,,,,,,,,,,,,,,,,,,,,,,,,,,,,,,,,,,,,,,,,,,,,,,,,,,,,,,,,,,,,,,,,,,,,,,,,,,,,,,,,,,,,,,,,,,,,
wcompton,4480,fell,2.26,1,107.861,65.9986,2.54703,3.84729,361.51,120.552,38.6509,32.1558,17.4592,26.0007,23.6373,7.48451,13.4584,8.90219,,,,,,,,,,,,,,,,,,,,,,,,,,,,,,,,,,,,,,,,,,,,,,,,,,,,,,,,,,,,,,,,,,,,,,,,,,,,,,,,,,,,,,,,,,,,,,,,,,,,,,,,,,,,,,
wcompton,4481,fell,2.7,1,179.449,101.241,1.8517,4.28746,425.261,127.104,56.492,21.7077,29.519,31.6023,20.0595,10.8239,16.4828,9.96956,,,,,,,,,,,,,,,,,,,,,,,,,,,,,,,,,,,,,,,,,,,,,,,,,,,,,,,,,,,,,,,,,,,,,,,,,,,,,,,,,,,,,,,,,,,,,,,,,,,,,,,,,,,,,,
wcompton,4482,fell,2.58,1,140.854,1.35676,2.53469,3.49673,347.826,77.3044,34.5022,59.684,8.2058,29.9139,19.7166,11.3788,15.0776,8.84379,,,,,,,,,,,,,,,,,,,,,,,,,,,,,,,,,,,,,,,,,,,,,,,,,,,,,,,,,,,,,,,,,,,,,,,,,,,,,,,,,,,,,,,,,,,,,,,,,,,,,,,,,,,,,,
wcompton,4483,fell,2.3,1,102.597,22.8165,1.6787,3.083,436.056,86.5385,37.5715,38.6932,21.0346,28.2619,20.9642,8.8421,12.7574,5.0481,,,,,,,,,,,,,,,,,,,,,,,,,,,,,,,,,,,,,,,,,,,,,,,,,,,,,,,,,,,,,,,,,,,,,,,,,,,,,,,,,,,,,,,,,,,,,,,,,,,,,,,,,,,,,,
wcompton,4484,fell,1.36,1,156.796,29.8718,2.72422,3.96417,239.08,63.3137,26.0894,48.4243,1.66489,23.4808,14.0907,8.7273,9.43836,1.89238,,,,,,,,,,,,,,,,,,,,,,,,,,,,,,,,,,,,,,,,,,,,,,,,,,,,,,,,,,,,,,,,,,,,,,,,,,,,,,,,,,,,,,,,,,,,,,,,,,,,,,,,,,,,,,
wcompton,4485,fell,1.72,1,127.656,16.4113,1.40576,2.54634,277.122,97.429,29.1976,46.886,81.22,23.6376,15.0771,6.90247,11.5211,9.68653,,,,,,,,,,,,,,,,,,,,,,,,,,,,,,,,,,,,,,,,,,,,,,,,,,,,,,,,,,,,,,,,,,,,,,,,,,,,,,,,,,,,,,,,,,,,,,,,,,,,,,,,,,,,,,
wcompton,4486,fell,1.44,1,75.8138,3.09756,1.27991,3.53256,280.112,57.0828,24.1148,47.768,1.23347,24.7679,17.8603,7.84429,9.14354,1.54206,,,,,,,,,,,,,,,,,,,,,,,,,,,,,,,,,,,,,,,,,,,,,,,,,,,,,,,,,,,,,,,,,,,,,,,,,,,,,,,,,,,,,,,,,,,,,,,,,,,,,,,,,,,,,,
wcompton,4487,fell,2.48,1,132.046,44.3083,1.55727,2.45313,298.458,74.6489,35.0895,29.2679,83.4928,24.6411,20.1715,8.04206,15.5489,10.2544,,,,,,,,,,,,,,,,,,,,,,,,,,,,,,,,,,,,,,,,,,,,,,,,,,,,,,,,,,,,,,,,,,,,,,,,,,,,,,,,,,,,,,,,,,,,,,,,,,,,,,,,,,,,,,
wcompton,4488,fell,1.96,1,195.232,27.6435,2.90194,3.38797,277.733,56.6544,24.3657,47.4105,6.37123,29.2673,16.7861,10.6907,11.26,3.10048,,,,,,,,,,,,,,,,,,,,,,,,,,,,,,,,,,,,,,,,,,,,,,,,,,,,,,,,,,,,,,,,,,,,,,,,,,,,,,,,,,,,,,,,,,,,,,,,,,,,,,,,,,,,,,
wcompton,4489,fell,2.42,1,133.983,2.17622,2.27798,2.92546,458.581,154.16,54.3086,78.3026,38.8672,33.9059,26.6563,9.54351,14.5344,9.2902,,,,,,,,,,,,,,,,,,,,,,,,,,,,,,,,,,,,,,,,,,,,,,,,,,,,,,,,,,,,,,,,,,,,,,,,,,,,,,,,,,,,,,,,,,,,,,,,,,,,,,,,,,,,,,
wcompton,4490,fell,1.68,1,156.148,76.5609,1.16545,3.4987,316.22,78.5754,26.7047,24.1133,84.0972,29.0597,19.5143,9.81527,14.1011,8.3297,,,,,,,,,,,,,,,,,,,,,,,,,,,,,,,,,,,,,,,,,,,,,,,,,,,,,,,,,,,,,,,,,,,,,,,,,,,,,,,,,,,,,,,,,,,,,,,,,,,,,,,,,,,,,,
wcompton,4491,fell,4.22,1,322.8,32.4675,1.87401,2.96535,894.323,268.468,135.693,106.289,5.55691,64.0069,38.9033,18.8887,29.4888,8.66825,,,,,,,,,,,,,,,,,,,,,,,,,,,,,,,,,,,,,,,,,,,,,,,,,,,,,,,,,,,,,,,,,,,,,,,,,,,,,,,,,,,,,,,,,,,,,,,,,,,,,,,,,,,,,,
wcompton,4492,fell,2.16,1,99.7845,170.335,2.14734,3.88002,412.205,91.1414,41.3126,41.8658,12.5436,25.3578,17.7265,7.32375,15.4627,8.43093,,,,,,,,,,,,,,,,,,,,,,,,,,,,,,,,,,,,,,,,,,,,,,,,,,,,,,,,,,,,,,,,,,,,,,,,,,,,,,,,,,,,,,,,,,,,,,,,,,,,,,,,,,,,,,
wcompton,4493,fell,2.1,1,142.321,123.801,1.64954,3.87732,396.485,144.416,62.1269,34.8102,58.0683,29.0326,22.2501,9.07723,16.8537,10.3473,,,,,,,,,,,,,,,,,,,,,,,,,,,,,,,,,,,,,,,,,,,,,,,,,,,,,,,,,,,,,,,,,,,,,,,,,,,,,,,,,,,,,,,,,,,,,,,,,,,,,,,,,,,,,,
wcompton,4494,fell,2.08,1,118.522,20.2816,1.81202,2.38585,318.061,105.866,34.145,39.9505,136.469,25.3478,22.0608,8.96525,13.3634,11.1833,,,,,,,,,,,,,,,,,,,,,,,,,,,,,,,,,,,,,,,,,,,,,,,,,,,,,,,,,,,,,,,,,,,,,,,,,,,,,,,,,,,,,,,,,,,,,,,,,,,,,,,,,,,,,,
wcompton,4495,fell,1.6,1,72.9593,17.6791,2.48263,3.3038,282.991,48.3125,34.2505,23.2181,4.02548,32.1205,13.9011,12.2579,11.3164,3.48815,,,,,,,,,,,,,,,,,,,,,,,,,,,,,,,,,,,,,,,,,,,,,,,,,,,,,,,,,,,,,,,,,,,,,,,,,,,,,,,,,,,,,,,,,,,,,,,,,,,,,,,,,,,,,,
wcompton,4496,fell,1.72,1,178.983,44.1973,1.50477,3.25331,295.917,117.283,24.7406,30.6602,44.8102,33.4106,18.3586,12.5176,15.1356,6.19719,,,,,,,,,,,,,,,,,,,,,,,,,,,,,,,,,,,,,,,,,,,,,,,,,,,,,,,,,,,,,,,,,,,,,,,,,,,,,,,,,,,,,,,,,,,,,,,,,,,,,,,,,,,,,,
wcompton,4497,fell,2.28,1,176.485,155.449,2.12943,3.70869,434.776,164.841,39.9678,28.553,56.3291,29.3267,27.7682,9.73473,12.4077,8.38074,,,,,,,,,,,,,,,,,,,,,,,,,,,,,,,,,,,,,,,,,,,,,,,,,,,,,,,,,,,,,,,,,,,,,,,,,,,,,,,,,,,,,,,,,,,,,,,,,,,,,,,,,,,,,,
wcompton,4498,fell,2.5,1,170.152,5.8776,1.68818,3.84091,304.277,69.7709,25.6135,18.2018,7.66178,56.5119,20.0157,24.1626,18.1439,5.55086,,,,,,,,,,,,,,,,,,,,,,,,,,,,,,,,,,,,,,,,,,,,,,,,,,,,,,,,,,,,,,,,,,,,,,,,,,,,,,,,,,,,,,,,,,,,,,,,,,,,,,,,,,,,,,
wcompton,4499,fell,2.24,1,195.743,4.11066,2.17214,2.81147,335.078,126.58,56.5255,74.7054,39.4166,28.3945,23.1067,7.80944,14.077,7.43555,,,,,,,,,,,,,,,,,,,,,,,,,,,,,,,,,,,,,,,,,,,,,,,,,,,,,,,,,,,,,,,,,,,,,,,,,,,,,,,,,,,,,,,,,,,,,,,,,,,,,,,,,,,,,,
wcompton,4500,fell,1.34,1,102.807,20.3046,1.95129,3.24088,279.35,117.347,23.4343,11.0347,1.4975,35.3617,21.7106,12.1307,12.7886,3.18354,,,,,,,,,,,,,,,,,,,,,,,,,,,,,,,,,,,,,,,,,,,,,,,,,,,,,,,,,,,,,,,,,,,,,,,,,,,,,,,,,,,,,,,,,,,,,,,,,,,,,,,,,,,,,,
wcompton,4501,fell,1.44,1,56.1599,2.08785,2.15773,3.47406,327.828,79.7629,35.0392,39.4486,1.95922,20.289,17.1676,5.62629,9.08149,1.50556,,,,,,,,,,,,,,,,,,,,,,,,,,,,,,,,,,,,,,,,,,,,,,,,,,,,,,,,,,,,,,,,,,,,,,,,,,,,,,,,,,,,,,,,,,,,,,,,,,,,,,,,,,,,,,
wcompton,4502,fell,1.96,1,174.747,20.0413,1.20212,3.03893,801.643,282.004,67.0379,63.3792,7.07362,59.8922,38.5536,22.2516,23.7336,6.26118,,,,,,,,,,,,,,,,,,,,,,,,,,,,,,,,,,,,,,,,,,,,,,,,,,,,,,,,,,,,,,,,,,,,,,,,,,,,,,,,,,,,,,,,,,,,,,,,,,,,,,,,,,,,,,
wcompton,4503,fell,1.86,1,121.32,7.24866,2.03702,3.73654,367.655,130.168,36.4498,33.7935,81.8653,32.0594,24.3252,10.1359,14.1791,7.15925,,,,,,,,,,,,,,,,,,,,,,,,,,,,,,,,,,,,,,,,,,,,,,,,,,,,,,,,,,,,,,,,,,,,,,,,,,,,,,,,,,,,,,,,,,,,,,,,,,,,,,,,,,,,,,
wcompton,4504,fell,2.24,1,156.769,62.5097,2.77865,3.77166,295.406,141.885,27.193,9.08429,0.36767,28.7093,23.6751,8.87486,8.01882,1.19747,,,,,,,,,,,,,,,,,,,,,,,,,,,,,,,,,,,,,,,,,,,,,,,,,,,,,,,,,,,,,,,,,,,,,,,,,,,,,,,,,,,,,,,,,,,,,,,,,,,,,,,,,,,,,,
wcompton,4505,fell,2.92,1,192.629,22.8403,2.05645,2.73063,500.838,155.431,55.7894,26.3557,1.25566,68.9918,35.38,27.365,23.1313,3.38535,,,,,,,,,,,,,,,,,,,,,,,,,,,,,,,,,,,,,,,,,,,,,,,,,,,,,,,,,,,,,,,,,,,,,,,,,,,,,,,,,,,,,,,,,,,,,,,,,,,,,,,,,,,,,,
wcompton,4506,fell,1.54,1,138.507,37.0692,1.96691,3.33402,650.875,161.967,39.0876,16.0159,4.97262,39.7261,28.0257,10.769,11.4856,5.29507,,,,,,,,,,,,,,,,,,,,,,,,,,,,,,,,,,,,,,,,,,,,,,,,,,,,,,,,,,,,,,,,,,,,,,,,,,,,,,,,,,,,,,,,,,,,,,,,,,,,,,,,,,,,,,
wcompton,4507,fell,1.62,1,115.413,25.2149,2.11771,2.95318,612.34,173.243,53.9699,52.0916,6.0305,34.136,29.5483,11.2399,13.518,3.23477,,,,,,,,,,,,,,,,,,,,,,,,,,,,,,,,,,,,,,,,,,,,,,,,,,,,,,,,,,,,,,,,,,,,,,,,,,,,,,,,,,,,,,,,,,,,,,,,,,,,,,,,,,,,,,
wcompton,4508,fell,2.6,1,238.007,58.9755,2.45268,3.83749,445.884,181.484,50.0838,26.9055,10.2843,36.6976,25.284,10.3194,14.3742,4.46083,,,,,,,,,,,,,,,,,,,,,,,,,,,,,,,,,,,,,,,,,,,,,,,,,,,,,,,,,,,,,,,,,,,,,,,,,,,,,,,,,,,,,,,,,,,,,,,,,,,,,,,,,,,,,,
wcompton,4509,fell,1.74,1,69.398,31.5918,2.2201,3.94102,266.157,93.9198,19.9319,27.3196,45.4857,21.6781,17.5447,5.94469,9.45598,5.9838,,,,,,,,,,,,,,,,,,,,,,,,,,,,,,,,,,,,,,,,,,,,,,,,,,,,,,,,,,,,,,,,,,,,,,,,,,,,,,,,,,,,,,,,,,,,,,,,,,,,,,,,,,,,,,
wcompton,4510,fell,1.28,1,134.148,111.459,0.744357,0.469667,369.818,61.9728,49.3693,53.2303,4.11959,31.7782,15.5349,13.1653,18.1082,4.09672,,,,,,,,,,,,,,,,,,,,,,,,,,,,,,,,,,,,,,,,,,,,,,,,,,,,,,,,,,,,,,,,,,,,,,,,,,,,,,,,,,,,,,,,,,,,,,,,,,,,,,,,,,,,,,
wcompton,4511,fell,1.64,1,102.218,46.2471,1.29388,3.61494,318.815,97.6275,29.424,35.4515,52.4352,45.9269,22.4805,19.2651,19.7432,8.40443,,,,,,,,,,,,,,,,,,,,,,,,,,,,,,,,,,,,,,,,,,,,,,,,,,,,,,,,,,,,,,,,,,,,,,,,,,,,,,,,,,,,,,,,,,,,,,,,,,,,,,,,,,,,,,
wcompton,4512,fell,2.3,1,98.1673,27.301,2.00017,4.02987,233.184,88.6977,22.4744,6.22504,0.904831,23.2942,15.2344,7.6077,9.15508,3.99762,,,,,,,,,,,,,,,,,,,,,,,,,,,,,,,,,,,,,,,,,,,,,,,,,,,,,,,,,,,,,,,,,,,,,,,,,,,,,,,,,,,,,,,,,,,,,,,,,,,,,,,,,,,,,,
wcompton,4513,fell,1.2,1,32.2287,94.5651,1.31891,3.48163,388.886,112.555,39.7317,30.7424,42.3374,36.9086,24.9482,12.3435,14.601,8.3545,,,,,,,,,,,,,,,,,,,,,,,,,,,,,,,,,,,,,,,,,,,,,,,,,,,,,,,,,,,,,,,,,,,,,,,,,,,,,,,,,,,,,,,,,,,,,,,,,,,,,,,,,,,,,,
wcompton,4514,fell,2.46,1,183.648,155.029,0.855786,2.11178,528.055,151.781,49.0416,50.6042,109.43,39.7288,20.9578,13.3135,17.5238,14.2084,,,,,,,,,,,,,,,,,,,,,,,,,,,,,,,,,,,,,,,,,,,,,,,,,,,,,,,,,,,,,,,,,,,,,,,,,,,,,,,,,,,,,,,,,,,,,,,,,,,,,,,,,,,,,,
wcompton,4515,fell,1.54,1,167.659,45.4273,2.49165,4.18446,261.893,61.7054,20.7105,6.62553,0.446755,34.1096,15.1827,12.1282,8.87111,1.66986,,,,,,,,,,,,,,,,,,,,,,,,,,,,,,,,,,,,,,,,,,,,,,,,,,,,,,,,,,,,,,,,,,,,,,,,,,,,,,,,,,,,,,,,,,,,,,,,,,,,,,,,,,,,,,
wcompton,4516,fell,1.2,1,114.365,48.9694,2.14288,3.40278,187.041,70.1974,22.3111,37.2806,14.7048,20.4534,16.2807,6.89722,10.8548,3.49908,,,,,,,,,,,,,,,,,,,,,,,,,,,,,,,,,,,,,,,,,,,,,,,,,,,,,,,,,,,,,,,,,,,,,,,,,,,,,,,,,,,,,,,,,,,,,,,,,,,,,,,,,,,,,,
wcompton,4517,fell,1.58,1,222.987,2.09895,3.27365,3.56398,569.471,135.339,61.8957,65.4113,2.08094,30.5126,28.7014,10.0569,17.6998,2.73087,,,,,,,,,,,,,,,,,,,,,,,,,,,,,,,,,,,,,,,,,,,,,,,,,,,,,,,,,,,,,,,,,,,,,,,,,,,,,,,,,,,,,,,,,,,,,,,,,,,,,,,,,,,,,,
wcompton,4518,fell,1.62,1,152.369,6.42215,2.39928,3.68319,298.793,74.6497,25.8903,31.8651,19.1434,32.2886,19.4864,11.3378,13.9608,6.0779,,,,,,,,,,,,,,,,,,,,,,,,,,,,,,,,,,,,,,,,,,,,,,,,,,,,,,,,,,,,,,,,,,,,,,,,,,,,,,,,,,,,,,,,,,,,,,,,,,,,,,,,,,,,,,
wcompton,4519,fell,1.52,1,141.961,93.3237,2.24867,2.97106,277.031,104.057,17.1976,37.0898,42.6119,27.5243,18.9978,8.68247,14.9705,6.69692,,,,,,,,,,,,,,,,,,,,,,,,,,,,,,,,,,,,,,,,,,,,,,,,,,,,,,,,,,,,,,,,,,,,,,,,,,,,,,,,,,,,,,,,,,,,,,,,,,,,,,,,,,,,,,
wcompton,4520,fell,1.88,1,176.237,19.6926,1.36623,0.681015,333.363,57.117,26.0385,13.3902,1.04536,43.1548,19.4287,17.1753,14.0768,2.49816,,,,,,,,,,,,,,,,,,,,,,,,,,,,,,,,,,,,,,,,,,,,,,,,,,,,,,,,,,,,,,,,,,,,,,,,,,,,,,,,,,,,,,,,,,,,,,,,,,,,,,,,,,,,,,
wcompton,4521,fell,1.32,1,115.809,31.9613,2.38153,3.17999,230.811,52.9827,26.619,37.3588,2.25242,41.6734,16.0818,19.953,15.8192,2.65261,,,,,,,,,,,,,,,,,,,,,,,,,,,,,,,,,,,,,,,,,,,,,,,,,,,,,,,,,,,,,,,,,,,,,,,,,,,,,,,,,,,,,,,,,,,,,,,,,,,,,,,,,,,,,,
wcompton,4522,fell,1.92,1,149.133,15.2554,2.71915,3.1634,220.331,90.9944,30.1978,23.8668,99.0296,21.504,16.9457,7.77393,13.0439,8.9783,,,,,,,,,,,,,,,,,,,,,,,,,,,,,,,,,,,,,,,,,,,,,,,,,,,,,,,,,,,,,,,,,,,,,,,,,,,,,,,,,,,,,,,,,,,,,,,,,,,,,,,,,,,,,,
wcompton,4523,fell,1.52,1,203.965,62.542,2.28832,3.54831,328.261,79.5096,34.9915,32.6317,38.5989,28.5559,18.3374,10.469,11.7787,5.52195,,,,,,,,,,,,,,,,,,,,,,,,,,,,,,,,,,,,,,,,,,,,,,,,,,,,,,,,,,,,,,,,,,,,,,,,,,,,,,,,,,,,,,,,,,,,,,,,,,,,,,,,,,,,,,
wcompton,4524,fell,3.56,1,149.61,9.22869,2.79415,3.61591,549.42,159.952,64.8487,37.4878,35.2502,39.7331,29.2981,11.9497,15.7545,6.26087,,,,,,,,,,,,,,,,,,,,,,,,,,,,,,,,,,,,,,,,,,,,,,,,,,,,,,,,,,,,,,,,,,,,,,,,,,,,,,,,,,,,,,,,,,,,,,,,,,,,,,,,,,,,,,
wcompton,4525,fell,3.72,1,219.683,138.643,0.855732,0.428361,1247.72,303.948,157.217,108.392,49.0033,91.0911,47.6448,32.6915,42.3374,13.4458,,,,,,,,,,,,,,,,,,,,,,,,,,,,,,,,,,,,,,,,,,,,,,,,,,,,,,,,,,,,,,,,,,,,,,,,,,,,,,,,,,,,,,,,,,,,,,,,,,,,,,,,,,,,,,
wcompton,4526,fell,2.38,1,121.661,2.34803,1.87315,3.48361,295.57,116.325,27.2978,20.1857,57.3776,35.5862,20.3917,14.4346,15.1236,6.54163,,,,,,,,,,,,,,,,,,,,,,,,,,,,,,,,,,,,,,,,,,,,,,,,,,,,,,,,,,,,,,,,,,,,,,,,,,,,,,,,,,,,,,,,,,,,,,,,,,,,,,,,,,,,,,
wcompton,4527,fell,2.66,1,135.076,16.3336,2.58814,3.79816,385.124,101.22,41.8987,19.828,1.14706,35.1858,18.6502,12.1392,10.8027,1.93065,,,,,,,,,,,,,,,,,,,,,,,,,,,,,,,,,,,,,,,,,,,,,,,,,,,,,,,,,,,,,,,,,,,,,,,,,,,,,,,,,,,,,,,,,,,,,,,,,,,,,,,,,,,,,,
wcompton,4528,fell,1.28,1,125.847,37.5283,2.0589,3.46055,198.444,50.7053,19.1822,24.3807,24.1686,26.4749,14.5714,11.4443,11.8083,4.38828,,,,,,,,,,,,,,,,,,,,,,,,,,,,,,,,,,,,,,,,,,,,,,,,,,,,,,,,,,,,,,,,,,,,,,,,,,,,,,,,,,,,,,,,,,,,,,,,,,,,,,,,,,,,,,
wcompton,4529,fell,2.26,1,144.08,15.1028,1.64703,3.6585,306.664,87.9718,36.0894,28.9833,1.30341,24.8408,19.8996,7.3005,9.80714,1.75489,,,,,,,,,,,,,,,,,,,,,,,,,,,,,,,,,,,,,,,,,,,,,,,,,,,,,,,,,,,,,,,,,,,,,,,,,,,,,,,,,,,,,,,,,,,,,,,,,,,,,,,,,,,,,,
wcompton,4530,fell,1.56,1,123.358,61.4165,1.44676,2.74129,273.37,64.8877,21.983,19.4441,40.4553,26.7323,20.6964,9.63255,9.08057,3.98246,,,,,,,,,,,,,,,,,,,,,,,,,,,,,,,,,,,,,,,,,,,,,,,,,,,,,,,,,,,,,,,,,,,,,,,,,,,,,,,,,,,,,,,,,,,,,,,,,,,,,,,,,,,,,,
wcompton,4531,fell,1.24,1,127.667,88.5788,1.69513,3.8171,202.815,99.3197,20.1433,33.4068,1.61055,27.0695,17.7112,9.75261,10.527,4.27651,,,,,,,,,,,,,,,,,,,,,,,,,,,,,,,,,,,,,,,,,,,,,,,,,,,,,,,,,,,,,,,,,,,,,,,,,,,,,,,,,,,,,,,,,,,,,,,,,,,,,,,,,,,,,,
wcompton,4532,fell,2.32,1,198.046,170.229,0.236427,0.13902,801.331,162.829,68.6912,48.0508,2.50125,52.8866,30.9918,16.9063,25.7059,7.34914,,,,,,,,,,,,,,,,,,,,,,,,,,,,,,,,,,,,,,,,,,,,,,,,,,,,,,,,,,,,,,,,,,,,,,,,,,,,,,,,,,,,,,,,,,,,,,,,,,,,,,,,,,,,,,
wcompton,4533,fell,3.78,1,357.998,23.5773,2.7628,4.00914,631.847,226.723,85.4659,48.2504,20.8645,39.5967,28.6478,12.5915,16.9194,6.76229,,,,,,,,,,,,,,,,,,,,,,,,,,,,,,,,,,,,,,,,,,,,,,,,,,,,,,,,,,,,,,,,,,,,,,,,,,,,,,,,,,,,,,,,,,,,,,,,,,,,,,,,,,,,,,
wcompton,4534,fell,2.58,1,150.291,90.8187,2.68835,3.8433,298.612,105.107,42.9998,14.9008,1.14604,22.3341,15.1425,7.05215,8.93287,2.23559,,,,,,,,,,,,,,,,,,,,,,,,,,,,,,,,,,,,,,,,,,,,,,,,,,,,,,,,,,,,,,,,,,,,,,,,,,,,,,,,,,,,,,,,,,,,,,,,,,,,,,,,,,,,,,
wcompton,4535,fell,2.04,1,75.8454,105.109,2.27242,3.23829,392.064,106.822,46.241,44.0776,49.8654,29.8413,24.3678,9.9614,17.5754,8.227,,,,,,,,,,,,,,,,,,,,,,,,,,,,,,,,,,,,,,,,,,,,,,,,,,,,,,,,,,,,,,,,,,,,,,,,,,,,,,,,,,,,,,,,,,,,,,,,,,,,,,,,,,,,,,
wcompton,4536,fell,1.28,1,149.269,11.1553,2.51589,3.90851,355.736,101.267,16.779,11.5396,0.569,31.3254,22.6728,9.49446,9.02252,1.31555,,,,,,,,,,,,,,,,,,,,,,,,,,,,,,,,,,,,,,,,,,,,,,,,,,,,,,,,,,,,,,,,,,,,,,,,,,,,,,,,,,,,,,,,,,,,,,,,,,,,,,,,,,,,,,
wcompton,4537,fell,3.12,1,219.695,156.042,2.05189,2.9329,744.173,183.548,73.7565,56.9764,34.6125,45.1114,29.598,12.6005,18.7644,8.60186,,,,,,,,,,,,,,,,,,,,,,,,,,,,,,,,,,,,,,,,,,,,,,,,,,,,,,,,,,,,,,,,,,,,,,,,,,,,,,,,,,,,,,,,,,,,,,,,,,,,,,,,,,,,,,
wcompton,4538,fell,1.4,1,85.7427,61.296,2.19033,3.17448,401.476,97.4115,28.236,31.8486,27.7643,25.6796,19.4358,8.6554,12.604,6.56762,,,,,,,,,,,,,,,,,,,,,,,,,,,,,,,,,,,,,,,,,,,,,,,,,,,,,,,,,,,,,,,,,,,,,,,,,,,,,,,,,,,,,,,,,,,,,,,,,,,,,,,,,,,,,,
wcompton,4539,fell,2.38,1,149.838,11.2944,1.88949,3.54079,326.601,118.312,34.0458,30.6897,52.7358,34.4213,20.5353,13.624,14.3232,4.81562,,,,,,,,,,,,,,,,,,,,,,,,,,,,,,,,,,,,,,,,,,,,,,,,,,,,,,,,,,,,,,,,,,,,,,,,,,,,,,,,,,,,,,,,,,,,,,,,,,,,,,,,,,,,,,
wcompton,4540,fell,3.54,1,219.639,20.977,2.44315,3.77862,592.602,159.157,72.7344,43.5091,19.7778,46.7557,30.2193,15.5535,16.3829,4.48949,,,,,,,,,,,,,,,,,,,,,,,,,,,,,,,,,,,,,,,,,,,,,,,,,,,,,,,,,,,,,,,,,,,,,,,,,,,,,,,,,,,,,,,,,,,,,,,,,,,,,,,,,,,,,,
wcompton,4541,fell,2.5,1,302.645,30.3363,2.98723,3.63179,884.137,255.634,89.0688,58.4703,8.94432,76.3805,43.9527,27.2036,27.9605,10.9393,,,,,,,,,,,,,,,,,,,,,,,,,,,,,,,,,,,,,,,,,,,,,,,,,,,,,,,,,,,,,,,,,,,,,,,,,,,,,,,,,,,,,,,,,,,,,,,,,,,,,,,,,,,,,,
wcompton,4542,fell,3.5,1,219.883,73.2011,3.01286,3.96277,862.141,322.96,107.423,72.7419,6.86177,58.6195,37.1348,18.9724,21.0523,4.56272,,,,,,,,,,,,,,,,,,,,,,,,,,,,,,,,,,,,,,,,,,,,,,,,,,,,,,,,,,,,,,,,,,,,,,,,,,,,,,,,,,,,,,,,,,,,,,,,,,,,,,,,,,,,,,
wcompton,4543,fell,1.3,1,110.93,43.3532,1.19065,3.34127,226.285,88.0414,19.5615,7.27508,1.46003,28.7688,15.8369,10.3578,9.44797,3.38275,,,,,,,,,,,,,,,,,,,,,,,,,,,,,,,,,,,,,,,,,,,,,,,,,,,,,,,,,,,,,,,,,,,,,,,,,,,,,,,,,,,,,,,,,,,,,,,,,,,,,,,,,,,,,,
wcompton,4544,fell,1.8,1,75.466,19.037,1.49047,3.12188,631.963,118.045,52.8283,56.148,2.60901,34.236,18.8252,11.0111,15.6362,3.80737,,,,,,,,,,,,,,,,,,,,,,,,,,,,,,,,,,,,,,,,,,,,,,,,,,,,,,,,,,,,,,,,,,,,,,,,,,,,,,,,,,,,,,,,,,,,,,,,,,,,,,,,,,,,,,
wcompton,4545,fell,2.22,1,55.3743,30.4727,2.34154,3.29521,366.125,82.6932,33.0501,30.9547,99.0928,26.9668,19.9154,9.2648,12.4155,10.0861,,,,,,,,,,,,,,,,,,,,,,,,,,,,,,,,,,,,,,,,,,,,,,,,,,,,,,,,,,,,,,,,,,,,,,,,,,,,,,,,,,,,,,,,,,,,,,,,,,,,,,,,,,,,,,
wcompton,4546,fell,2.26,1,135.863,12.8656,2.52101,3.84155,293.47,85.3462,29.3636,19.4262,37.9717,24.3919,18.8126,7.94953,8.9885,4.84256,,,,,,,,,,,,,,,,,,,,,,,,,,,,,,,,,,,,,,,,,,,,,,,,,,,,,,,,,,,,,,,,,,,,,,,,,,,,,,,,,,,,,,,,,,,,,,,,,,,,,,,,,,,,,,
wcompton,4547,fell,1.84,1,104.96,81.3654,2.83552,3.75308,393.157,70.9438,38.6227,15.1682,0.363905,45.9242,14.865,16.5062,12.3098,1.15617,,,,,,,,,,,,,,,,,,,,,,,,,,,,,,,,,,,,,,,,,,,,,,,,,,,,,,,,,,,,,,,,,,,,,,,,,,,,,,,,,,,,,,,,,,,,,,,,,,,,,,,,,,,,,,
wcompton,4548,fell,1.08,1,219.293,77.9566,2.34951,3.98561,342.119,38.7077,36.6632,16.2037,1.00905,22.1656,12.7662,8.45118,8.85833,2.22664,,,,,,,,,,,,,,,,,,,,,,,,,,,,,,,,,,,,,,,,,,,,,,,,,,,,,,,,,,,,,,,,,,,,,,,,,,,,,,,,,,,,,,,,,,,,,,,,,,,,,,,,,,,,,,
wcompton,4549,fell,1.9,1,144.175,2.12524,1.89318,2.86092,314.404,128.126,35.9121,42.4781,31.5582,25.5523,20.3857,8.46354,12.9391,8.59776,,,,,,,,,,,,,,,,,,,,,,,,,,,,,,,,,,,,,,,,,,,,,,,,,,,,,,,,,,,,,,,,,,,,,,,,,,,,,,,,,,,,,,,,,,,,,,,,,,,,,,,,,,,,,,
wcompton,4550,fell,1.4,1,79.1838,112.732,2.10214,3.8517,233.876,62.3447,15.9957,12.2247,0.754229,24.085,15.0448,8.34394,7.1385,1.93111,,,,,,,,,,,,,,,,,,,,,,,,,,,,,,,,,,,,,,,,,,,,,,,,,,,,,,,,,,,,,,,,,,,,,,,,,,,,,,,,,,,,,,,,,,,,,,,,,,,,,,,,,,,,,,
wcompton,4551,fell,1.18,1,59.384,52.4477,2.47624,3.16639,208.625,101.852,24.4541,35.6435,51.8331,30.8196,22.9332,12.0503,12.2225,5.59353,,,,,,,,,,,,,,,,,,,,,,,,,,,,,,,,,,,,,,,,,,,,,,,,,,,,,,,,,,,,,,,,,,,,,,,,,,,,,,,,,,,,,,,,,,,,,,,,,,,,,,,,,,,,,,
wcompton,4552,fell,2.2,1,127.755,175.392,0.554991,0.845714,495.725,72.8619,62.8535,47.3696,49.0009,23.2582,16.4412,8.22557,13.5858,5.65463,,,,,,,,,,,,,,,,,,,,,,,,,,,,,,,,,,,,,,,,,,,,,,,,,,,,,,,,,,,,,,,,,,,,,,,,,,,,,,,,,,,,,,,,,,,,,,,,,,,,,,,,,,,,,,
wcompton,4553,fell,2.54,1,192.886,26.3715,1.62005,1.30498,1652.66,352.532,164.889,102.281,56.0781,81.4444,53.4449,26.4652,37.0591,14.3569,,,,,,,,,,,,,,,,,,,,,,,,,,,,,,,,,,,,,,,,,,,,,,,,,,,,,,,,,,,,,,,,,,,,,,,,,,,,,,,,,,,,,,,,,,,,,,,,,,,,,,,,,,,,,,
wcompton,4554,fell,1.72,1,137.898,179.148,2.19751,3.54646,354.627,165.046,47.0504,31.0668,95.1408,27.5484,27.2079,8.24799,15.5631,7.90264,,,,,,,,,,,,,,,,,,,,,,,,,,,,,,,,,,,,,,,,,,,,,,,,,,,,,,,,,,,,,,,,,,,,,,,,,,,,,,,,,,,,,,,,,,,,,,,,,,,,,,,,,,,,,,
wcompton,4555,fell,1.64,1,158.995,8.70971,2.35138,3.77112,247.189,54.4184,28.8461,25.3745,2.26013,27.5988,17.2189,10.3336,12.3372,3.19068,,,,,,,,,,,,,,,,,,,,,,,,,,,,,,,,,,,,,,,,,,,,,,,,,,,,,,,,,,,,,,,,,,,,,,,,,,,,,,,,,,,,,,,,,,,,,,,,,,,,,,,,,,,,,,
wcompton,4556,fell,2.46,1,106.978,10.9851,2.13055,3.61729,195.726,80.6154,22.4266,18.5178,8.41695,20.3104,14.6262,5.7281,9.84946,4.6956,,,,,,,,,,,,,,,,,,,,,,,,,,,,,,,,,,,,,,,,,,,,,,,,,,,,,,,,,,,,,,,,,,,,,,,,,,,,,,,,,,,,,,,,,,,,,,,,,,,,,,,,,,,,,,
wcompton,4557,fell,1.18,1,113.848,116.318,1.79841,3.29909,312.038,53.4004,25.3903,30.9733,5.39651,33.2974,15.0397,13.6785,12.462,2.77502,,,,,,,,,,,,,,,,,,,,,,,,,,,,,,,,,,,,,,,,,,,,,,,,,,,,,,,,,,,,,,,,,,,,,,,,,,,,,,,,,,,,,,,,,,,,,,,,,,,,,,,,,,,,,,
wcompton,4558,fell,2.22,1,202.264,73.2062,2.63785,3.91138,389.558,161.13,42.2236,39.1944,48.1516,37.6879,26.2095,13.4579,15.3867,4.41646,,,,,,,,,,,,,,,,,,,,,,,,,,,,,,,,,,,,,,,,,,,,,,,,,,,,,,,,,,,,,,,,,,,,,,,,,,,,,,,,,,,,,,,,,,,,,,,,,,,,,,,,,,,,,,
wcompton,4559,fell,1.36,1,140.371,71.456,2.33951,3.93707,280.743,66.3927,22.8876,17.0474,0.285744,30.4316,13.6041,12.2213,8.65484,0.826232,,,,,,,,,,,,,,,,,,,,,,,,,,,,,,,,,,,,,,,,,,,,,,,,,,,,,,,,,,,,,,,,,,,,,,,,,,,,,,,,,,,,,,,,,,,,,,,,,,,,,,,,,,,,,,
wcompton,4560,fell,2.68,1,160.397,15.8832,2.91272,4.05696,530.988,155.965,64.1416,33.1372,17.8945,53.8074,21.9843,21.2254,18.0793,3.53989,,,,,,,,,,,,,,,,,,,,,,,,,,,,,,,,,,,,,,,,,,,,,,,,,,,,,,,,,,,,,,,,,,,,,,,,,,,,,,,,,,,,,,,,,,,,,,,,,,,,,,,,,,,,,,
wcompton,4561,fell,1.72,1,102.638,65.2677,1.91924,3.40359,733.911,117.717,59.5031,41.206,1.27965,35.5131,21.2261,12.8159,15.2424,3.97982,,,,,,,,,,,,,,,,,,,,,,,,,,,,,,,,,,,,,,,,,,,,,,,,,,,,,,,,,,,,,,,,,,,,,,,,,,,,,,,,,,,,,,,,,,,,,,,,,,,,,,,,,,,,,,
wcompton,4562,fell,4.58,1,142.488,18.3773,2.68532,3.51773,463.599,225.469,48.0101,25.3664,1.86818,41.8021,38.5101,12.6464,14.3649,4.23057,,,,,,,,,,,,,,,,,,,,,,,,,,,,,,,,,,,,,,,,,,,,,,,,,,,,,,,,,,,,,,,,,,,,,,,,,,,,,,,,,,,,,,,,,,,,,,,,,,,,,,,,,,,,,,
wcompton,4563,fell,1.1,1,97.8055,25.398,2.65381,3.9912,248.107,55.4894,27.0305,22.2124,11.8789,21.6846,14.7442,7.63777,9.01978,3.53493,,,,,,,,,,,,,,,,,,,,,,,,,,,,,,,,,,,,,,,,,,,,,,,,,,,,,,,,,,,,,,,,,,,,,,,,,,,,,,,,,,,,,,,,,,,,,,,,,,,,,,,,,,,,,,
wcompton,4564,fell,3.04,1,108.167,65.5699,2.37893,3.50805,361.816,114.681,45.2043,57.3517,77.7847,27.7382,20.0999,8.50621,13.5441,10.3358,,,,,,,,,,,,,,,,,,,,,,,,,,,,,,,,,,,,,,,,,,,,,,,,,,,,,,,,,,,,,,,,,,,,,,,,,,,,,,,,,,,,,,,,,,,,,,,,,,,,,,,,,,,,,,
wcompton,4565,fell,1.04,1,49.1271,107.628,2.35873,3.47325,187.193,62.3069,32.1439,58.3183,36.7252,17.3933,12.9673,5.93882,11.8651,5.11849,,,,,,,,,,,,,,,,,,,,,,,,,,,,,,,,,,,,,,,,,,,,,,,,,,,,,,,,,,,,,,,,,,,,,,,,,,,,,,,,,,,,,,,,,,,,,,,,,,,,,,,,,,,,,,
wcompton,4566,fell,2.12,1,131.607,58.6436,2.87968,3.6862,381.464,143.134,47.6814,34.5382,5.18271,47.8462,22.6237,18.9449,16.5072,4.6101,,,,,,,,,,,,,,,,,,,,,,,,,,,,,,,,,,,,,,,,,,,,,,,,,,,,,,,,,,,,,,,,,,,,,,,,,,,,,,,,,,,,,,,,,,,,,,,,,,,,,,,,,,,,,,
wcompton,4567,fell,1.9,1,12.4727,20.4947,2.68372,3.38289,244.082,95.4636,31.1723,40.2757,11.0016,22.8574,20.368,8.15549,11.4576,6.29353,,,,,,,,,,,,,,,,,,,,,,,,,,,,,,,,,,,,,,,,,,,,,,,,,,,,,,,,,,,,,,,,,,,,,,,,,,,,,,,,,,,,,,,,,,,,,,,,,,,,,,,,,,,,,,
wcompton,4568,fell,1.1,1,90.6262,133.898,2.12172,4.0344,249.483,60.9541,24.5732,29.9482,10.6737,26.9824,17.1637,10.4905,12.4385,3.08242,,,,,,,,,,,,,,,,,,,,,,,,,,,,,,,,,,,,,,,,,,,,,,,,,,,,,,,,,,,,,,,,,,,,,,,,,,,,,,,,,,,,,,,,,,,,,,,,,,,,,,,,,,,,,,
wcompton,4569,fell,1.6,1,61.5979,20.3963,1.73257,3.7259,264.502,83.9416,26.4856,31.6121,42.4921,26.7903,17.6126,9.94761,12.4041,7.47731,,,,,,,,,,,,,,,,,,,,,,,,,,,,,,,,,,,,,,,,,,,,,,,,,,,,,,,,,,,,,,,,,,,,,,,,,,,,,,,,,,,,,,,,,,,,,,,,,,,,,,,,,,,,,,
wcompton,4570,fell,1.3,1,130.43,53.9418,3.14198,3.63248,229.677,58.642,31.5001,23.0701,0.38763,22.3363,13.3799,8.32379,7.67476,0.957538,,,,,,,,,,,,,,,,,,,,,,,,,,,,,,,,,,,,,,,,,,,,,,,,,,,,,,,,,,,,,,,,,,,,,,,,,,,,,,,,,,,,,,,,,,,,,,,,,,,,,,,,,,,,,,
wcompton,4571,fell,1.78,1,119.21,114.908,2.60844,3.46712,441.535,102.391,39.9273,40.1818,7.86622,33.1498,19.8617,11.3834,12.1762,3.48102,,,,,,,,,,,,,,,,,,,,,,,,,,,,,,,,,,,,,,,,,,,,,,,,,,,,,,,,,,,,,,,,,,,,,,,,,,,,,,,,,,,,,,,,,,,,,,,,,,,,,,,,,,,,,,
wcompton,4572,fell,1.56,1,167.904,125.888,1.48685,3.26264,496.485,162.762,52.0936,42.3533,30.6332,33.6845,26.02,11.1286,14.0029,3.32262,,,,,,,,,,,,,,,,,,,,,,,,,,,,,,,,,,,,,,,,,,,,,,,,,,,,,,,,,,,,,,,,,,,,,,,,,,,,,,,,,,,,,,,,,,,,,,,,,,,,,,,,,,,,,,
wcompton,4573,fell,2.8,1,114.085,1.60811,2.47994,3.57088,392.082,123.713,45.9434,38.1865,11.9366,72.1891,28.1278,33.5763,26.9966,4.22029,,,,,,,,,,,,,,,,,,,,,,,,,,,,,,,,,,,,,,,,,,,,,,,,,,,,,,,,,,,,,,,,,,,,,,,,,,,,,,,,,,,,,,,,,,,,,,,,,,,,,,,,,,,,,,
wcompton,4574,fell,3.24,1,196.106,154.97,1.95593,2.90514,757.916,246.618,55.7762,48.9047,7.06636,57.1041,31.7381,18.757,22.2238,5.10097,,,,,,,,,,,,,,,,,,,,,,,,,,,,,,,,,,,,,,,,,,,,,,,,,,,,,,,,,,,,,,,,,,,,,,,,,,,,,,,,,,,,,,,,,,,,,,,,,,,,,,,,,,,,,,
wcompton,4575,fell,1.5,1,142.535,53.4176,2.0348,3.73173,251.35,58.3998,15.4657,17.1811,1.8367,24.436,17.1317,9.15736,8.47767,1.53428,,,,,,,,,,,,,,,,,,,,,,,,,,,,,,,,,,,,,,,,,,,,,,,,,,,,,,,,,,,,,,,,,,,,,,,,,,,,,,,,,,,,,,,,,,,,,,,,,,,,,,,,,,,,,,
wcompton,4576,fell,1.52,1,52.7502,80.3877,1.19875,3.2179,286.776,75.1595,26.6494,33.2543,37.4115,22.5472,14.2747,7.40868,11.1915,6.22743,,,,,,,,,,,,,,,,,,,,,,,,,,,,,,,,,,,,,,,,,,,,,,,,,,,,,,,,,,,,,,,,,,,,,,,,,,,,,,,,,,,,,,,,,,,,,,,,,,,,,,,,,,,,,,
wcompton,4577,fell,2.64,1,93.8322,94.137,2.64764,4.01082,409.33,82.8756,41.4673,32.2875,12.9643,60.5235,28.0128,25.6502,22.8053,8.4032,,,,,,,,,,,,,,,,,,,,,,,,,,,,,,,,,,,,,,,,,,,,,,,,,,,,,,,,,,,,,,,,,,,,,,,,,,,,,,,,,,,,,,,,,,,,,,,,,,,,,,,,,,,,,,
wcompton,4578,fell,1.84,1,109.74,11.7696,3.06975,3.16703,272.312,61.378,36.378,39.6317,1.61222,20.3229,10.2317,7.71219,15.3658,5.10926,,,,,,,,,,,,,,,,,,,,,,,,,,,,,,,,,,,,,,,,,,,,,,,,,,,,,,,,,,,,,,,,,,,,,,,,,,,,,,,,,,,,,,,,,,,,,,,,,,,,,,,,,,,,,,
wcompton,4579,fell,2.28,1,209.369,2.34425,2.67538,3.86984,417.49,102.391,42.3802,25.3237,26.7378,42.2798,19.1175,17.1141,15.5676,4.62721,,,,,,,,,,,,,,,,,,,,,,,,,,,,,,,,,,,,,,,,,,,,,,,,,,,,,,,,,,,,,,,,,,,,,,,,,,,,,,,,,,,,,,,,,,,,,,,,,,,,,,,,,,,,,,
wcompton,4580,fell,2.32,1,201.337,27.0865,2.41496,2.97224,383.055,136.937,50.8162,32.4551,3.59974,42.071,19.4882,15.8658,14.668,3.0183,,,,,,,,,,,,,,,,,,,,,,,,,,,,,,,,,,,,,,,,,,,,,,,,,,,,,,,,,,,,,,,,,,,,,,,,,,,,,,,,,,,,,,,,,,,,,,,,,,,,,,,,,,,,,,
wcompton,4581,fell,1.8,1,118.818,43.5063,2.47192,3.73321,290.904,72.9186,28.1828,42.0408,50.6892,28.8895,17.9415,11.1852,16.3162,8.63395,,,,,,,,,,,,,,,,,,,,,,,,,,,,,,,,,,,,,,,,,,,,,,,,,,,,,,,,,,,,,,,,,,,,,,,,,,,,,,,,,,,,,,,,,,,,,,,,,,,,,,,,,,,,,,
wcompton,4582,fell,2.02,1,82.8073,31.9588,1.223,2.03174,304.198,85.9652,43.0406,52.2474,57.1525,24.7891,22.4015,7.88915,11.7821,7.55139,,,,,,,,,,,,,,,,,,,,,,,,,,,,,,,,,,,,,,,,,,,,,,,,,,,,,,,,,,,,,,,,,,,,,,,,,,,,,,,,,,,,,,,,,,,,,,,,,,,,,,,,,,,,,,
wcompton,4583,fell,2.24,1,133.866,8.19782,2.45516,3.78283,346.346,162.877,37.6285,10.5481,1.04371,40.8705,26.6343,15.2713,13.3638,4.91441,,,,,,,,,,,,,,,,,,,,,,,,,,,,,,,,,,,,,,,,,,,,,,,,,,,,,,,,,,,,,,,,,,,,,,,,,,,,,,,,,,,,,,,,,,,,,,,,,,,,,,,,,,,,,,
wcompton,4584,fell,3.36,1,101.637,30.3776,1.69899,3.13925,589.67,228.663,46.1014,42.5615,28.8534,38.2276,36.8035,10.5432,18.716,6.52575,,,,,,,,,,,,,,,,,,,,,,,,,,,,,,,,,,,,,,,,,,,,,,,,,,,,,,,,,,,,,,,,,,,,,,,,,,,,,,,,,,,,,,,,,,,,,,,,,,,,,,,,,,,,,,
wcompton,4585,fell,1.74,1,58.4548,157.993,1.57467,2.75225,302.484,78.6089,23.8503,41.2995,33.5621,28.9646,19.778,10.7883,15.7203,6.94734,,,,,,,,,,,,,,,,,,,,,,,,,,,,,,,,,,,,,,,,,,,,,,,,,,,,,,,,,,,,,,,,,,,,,,,,,,,,,,,,,,,,,,,,,,,,,,,,,,,,,,,,,,,,,,
wcompton,4586,fell,1.14,1,99.3441,54.6333,2.60236,3.51128,218.562,62.6988,17.8522,20.8236,7.74915,24.3615,18.5746,9.42988,9.60569,1.5859,,,,,,,,,,,,,,,,,,,,,,,,,,,,,,,,,,,,,,,,,,,,,,,,,,,,,,,,,,,,,,,,,,,,,,,,,,,,,,,,,,,,,,,,,,,,,,,,,,,,,,,,,,,,,,
wcompton,4587,fell,2.26,1,169.691,26.232,1.69947,3.70944,259.944,140.2,24.664,8.44228,1.06714,25.4106,19.51,7.24848,8.21469,2.67551,,,,,,,,,,,,,,,,,,,,,,,,,,,,,,,,,,,,,,,,,,,,,,,,,,,,,,,,,,,,,,,,,,,,,,,,,,,,,,,,,,,,,,,,,,,,,,,,,,,,,,,,,,,,,,
wcompton,4588,fell,2.18,1,151.733,135.046,2.34654,3.61155,423.939,162.403,67.705,31.6434,39.6581,33.7291,20.4232,12.4782,12.4182,5.96403,,,,,,,,,,,,,,,,,,,,,,,,,,,,,,,,,,,,,,,,,,,,,,,,,,,,,,,,,,,,,,,,,,,,,,,,,,,,,,,,,,,,,,,,,,,,,,,,,,,,,,,,,,,,,,
wcompton,4589,fell,1.6,1,100.609,35.1989,2.49841,3.90695,311.731,101.571,38.7608,24.3557,0.754951,29.0634,19.6796,8.96906,10.7625,2.86945,,,,,,,,,,,,,,,,,,,,,,,,,,,,,,,,,,,,,,,,,,,,,,,,,,,,,,,,,,,,,,,,,,,,,,,,,,,,,,,,,,,,,,,,,,,,,,,,,,,,,,,,,,,,,,
wcompton,4590,fell,2.14,1,147.596,140.295,1.8803,3.18712,478.574,124.061,73.8945,47.2947,61.0123,35.999,21.1296,13.2005,16.3098,10.5056,,,,,,,,,,,,,,,,,,,,,,,,,,,,,,,,,,,,,,,,,,,,,,,,,,,,,,,,,,,,,,,,,,,,,,,,,,,,,,,,,,,,,,,,,,,,,,,,,,,,,,,,,,,,,,
wcompton,4591,fell,2,1,108.321,21.2943,2.91546,3.39989,329.812,121.628,45.8284,67.3309,16.6449,36.6885,26.4807,13.6001,19.4655,10.0591,,,,,,,,,,,,,,,,,,,,,,,,,,,,,,,,,,,,,,,,,,,,,,,,,,,,,,,,,,,,,,,,,,,,,,,,,,,,,,,,,,,,,,,,,,,,,,,,,,,,,,,,,,,,,,
wcompton,4592,fell,2.02,1,178.143,56.5074,2.51992,3.30525,422.873,140.663,53.5947,50.04,25.2835,35.773,19.213,11.2035,15.933,3.90424,,,,,,,,,,,,,,,,,,,,,,,,,,,,,,,,,,,,,,,,,,,,,,,,,,,,,,,,,,,,,,,,,,,,,,,,,,,,,,,,,,,,,,,,,,,,,,,,,,,,,,,,,,,,,,
wcompton,4593,fell,1.96,1,148.637,106.58,2.2325,2.71079,632.095,190.246,83.0818,77.1914,92.0906,40.0145,31.2296,13.101,20.8103,12.8756,,,,,,,,,,,,,,,,,,,,,,,,,,,,,,,,,,,,,,,,,,,,,,,,,,,,,,,,,,,,,,,,,,,,,,,,,,,,,,,,,,,,,,,,,,,,,,,,,,,,,,,,,,,,,,
wcompton,4594,fell,2,1,202.506,66.0801,1.59308,3.94432,563.364,91.829,25.76,14.8092,1.94974,46.5779,21.3624,17.9903,15.8356,6.56779,,,,,,,,,,,,,,,,,,,,,,,,,,,,,,,,,,,,,,,,,,,,,,,,,,,,,,,,,,,,,,,,,,,,,,,,,,,,,,,,,,,,,,,,,,,,,,,,,,,,,,,,,,,,,,
wcompton,4595,fell,1.52,1,189.079,148.982,2.77539,3.55161,1089.76,242.002,66.0576,62.1531,74.9697,44.124,31.6897,14.5203,20.9771,10.2039,,,,,,,,,,,,,,,,,,,,,,,,,,,,,,,,,,,,,,,,,,,,,,,,,,,,,,,,,,,,,,,,,,,,,,,,,,,,,,,,,,,,,,,,,,,,,,,,,,,,,,,,,,,,,,
wcompton,4596,fell,2.7,1,209.134,169.77,2.02257,1.32134,1019.68,247.93,112.476,92.4096,130.199,51.0183,36.1702,17.9987,33.7976,19.5693,,,,,,,,,,,,,,,,,,,,,,,,,,,,,,,,,,,,,,,,,,,,,,,,,,,,,,,,,,,,,,,,,,,,,,,,,,,,,,,,,,,,,,,,,,,,,,,,,,,,,,,,,,,,,,
wcompton,4597,fell,2.62,1,153.066,7.93652,1.63798,2.55214,303.866,100.84,33.4607,52.5363,26.5092,46.0949,20.0809,20.8922,24.3601,7.86259,,,,,,,,,,,,,,,,,,,,,,,,,,,,,,,,,,,,,,,,,,,,,,,,,,,,,,,,,,,,,,,,,,,,,,,,,,,,,,,,,,,,,,,,,,,,,,,,,,,,,,,,,,,,,,
wcompton,4598,fell,2,1,208.724,45.5762,1.20895,3.49409,428.429,102.985,53.2824,30.3684,48.2913,37.9101,20.2354,14.4935,16.9804,10.7897,,,,,,,,,,,,,,,,,,,,,,,,,,,,,,,,,,,,,,,,,,,,,,,,,,,,,,,,,,,,,,,,,,,,,,,,,,,,,,,,,,,,,,,,,,,,,,,,,,,,,,,,,,,,,,
wcompton,4599,fell,1.92,1,148.871,3.19104,2.55293,3.20818,283.106,53.0073,30.6107,41.3708,27.5548,28.7827,13.9753,12.517,13.9834,4.21572,,,,,,,,,,,,,,,,,,,,,,,,,,,,,,,,,,,,,,,,,,,,,,,,,,,,,,,,,,,,,,,,,,,,,,,,,,,,,,,,,,,,,,,,,,,,,,,,,,,,,,,,,,,,,,
wcompton,4600,fell,2.3,1,61.4079,24.126,1.22416,3.03429,644.693,115.014,44.0651,62.6855,33.4999,35.1903,27.1526,10.9398,17.7194,6.57307,,,,,,,,,,,,,,,,,,,,,,,,,,,,,,,,,,,,,,,,,,,,,,,,,,,,,,,,,,,,,,,,,,,,,,,,,,,,,,,,,,,,,,,,,,,,,,,,,,,,,,,,,,,,,,
wcompton,4601,fell,1.68,1,83.9613,25.4085,1.11175,3.42021,421.621,94.9544,30.7336,38.8452,4.99165,29.277,23.9857,9.96417,14.5539,6.72938,,,,,,,,,,,,,,,,,,,,,,,,,,,,,,,,,,,,,,,,,,,,,,,,,,,,,,,,,,,,,,,,,,,,,,,,,,,,,,,,,,,,,,,,,,,,,,,,,,,,,,,,,,,,,,
wcompton,4602,fell,2.2,1,144.71,61.3832,2.65753,3.46668,474.313,150.349,65.1988,62.548,37.037,32.7939,25.2664,10.2753,17.0557,8.84653,,,,,,,,,,,,,,,,,,,,,,,,,,,,,,,,,,,,,,,,,,,,,,,,,,,,,,,,,,,,,,,,,,,,,,,,,,,,,,,,,,,,,,,,,,,,,,,,,,,,,,,,,,,,,,
wcompton,4603,fell,3.14,1,233.365,37.0211,2.07099,3.26008,502.238,141.666,46.9709,38.6548,77.3587,51.9087,26.725,17.0535,17.6959,5.65108,,,,,,,,,,,,,,,,,,,,,,,,,,,,,,,,,,,,,,,,,,,,,,,,,,,,,,,,,,,,,,,,,,,,,,,,,,,,,,,,,,,,,,,,,,,,,,,,,,,,,,,,,,,,,,
wcompton,4604,fell,2.52,1,162.042,106.803,1.38086,3.25697,546.024,96.4266,47.3791,32.8443,15.1745,43.2633,24.8773,14.4206,13.7734,3.07217,,,,,,,,,,,,,,,,,,,,,,,,,,,,,,,,,,,,,,,,,,,,,,,,,,,,,,,,,,,,,,,,,,,,,,,,,,,,,,,,,,,,,,,,,,,,,,,,,,,,,,,,,,,,,,
wcompton,4605,fell,1.66,1,87.6677,26.3257,2.787,3.70312,204.616,77.695,23.6599,20.7581,32.9067,25.6503,15.8359,9.56678,12.4978,4.71305,,,,,,,,,,,,,,,,,,,,,,,,,,,,,,,,,,,,,,,,,,,,,,,,,,,,,,,,,,,,,,,,,,,,,,,,,,,,,,,,,,,,,,,,,,,,,,,,,,,,,,,,,,,,,,
wcompton,4606,fell,2.5,1,120.404,18.1513,2.45952,3.83358,299.726,109.202,29.0771,19.1418,4.98625,34.3412,19.8038,11.8893,12.467,6.78829,,,,,,,,,,,,,,,,,,,,,,,,,,,,,,,,,,,,,,,,,,,,,,,,,,,,,,,,,,,,,,,,,,,,,,,,,,,,,,,,,,,,,,,,,,,,,,,,,,,,,,,,,,,,,,
wcompton,4607,fell,2.24,1,134.302,107.866,1.78352,3.29937,651.823,204.641,66.76,46.6296,29.8437,40.4462,27.8536,12.8781,17.8381,7.46472,,,,,,,,,,,,,,,,,,,,,,,,,,,,,,,,,,,,,,,,,,,,,,,,,,,,,,,,,,,,,,,,,,,,,,,,,,,,,,,,,,,,,,,,,,,,,,,,,,,,,,,,,,,,,,
wcompton,4608,fell,2.48,1,170.785,177.17,0.926107,3.40006,504.641,120.368,46.5602,25.7887,55.8436,43.9458,28.1601,14.8303,15.3783,6.3493,,,,,,,,,,,,,,,,,,,,,,,,,,,,,,,,,,,,,,,,,,,,,,,,,,,,,,,,,,,,,,,,,,,,,,,,,,,,,,,,,,,,,,,,,,,,,,,,,,,,,,,,,,,,,,
wcompton,4609,fell,2.16,1,157.967,29.645,2.89438,3.95423,345.674,118.729,36.977,19.1875,4.56079,37.4682,23.7212,14.655,13.0457,6.43904,,,,,,,,,,,,,,,,,,,,,,,,,,,,,,,,,,,,,,,,,,,,,,,,,,,,,,,,,,,,,,,,,,,,,,,,,,,,,,,,,,,,,,,,,,,,,,,,,,,,,,,,,,,,,,
wcompton,4610,fell,1.4,1,141.788,15.4243,2.95578,3.71295,224.486,81.0786,32.7968,21.5821,7.28024,24.5291,19.358,9.30047,11.0699,6.25976,,,,,,,,,,,,,,,,,,,,,,,,,,,,,,,,,,,,,,,,,,,,,,,,,,,,,,,,,,,,,,,,,,,,,,,,,,,,,,,,,,,,,,,,,,,,,,,,,,,,,,,,,,,,,,
wcompton,4611,fell,3.3,1,216.492,11.0345,2.62304,2.89135,807.445,134.776,65.9457,47.6679,1.49691,50.52,31.4779,17.6043,20.7424,3.93376,,,,,,,,,,,,,,,,,,,,,,,,,,,,,,,,,,,,,,,,,,,,,,,,,,,,,,,,,,,,,,,,,,,,,,,,,,,,,,,,,,,,,,,,,,,,,,,,,,,,,,,,,,,,,,
wcompton,4612,fell,1.98,1,98.1306,28.9083,1.3247,3.38494,285.224,90.1322,23.8171,15.7871,2.26733,25.5691,20.8444,7.71303,9.21552,3.58077,,,,,,,,,,,,,,,,,,,,,,,,,,,,,,,,,,,,,,,,,,,,,,,,,,,,,,,,,,,,,,,,,,,,,,,,,,,,,,,,,,,,,,,,,,,,,,,,,,,,,,,,,,,,,,
wcompton,4613,fell,1.66,1,46.7775,7.79051,2.5502,3.60561,214.26,66.7487,22.1269,23.2096,23.1371,23.4971,15.3675,8.34561,11.2066,4.4212,,,,,,,,,,,,,,,,,,,,,,,,,,,,,,,,,,,,,,,,,,,,,,,,,,,,,,,,,,,,,,,,,,,,,,,,,,,,,,,,,,,,,,,,,,,,,,,,,,,,,,,,,,,,,,
wcompton,4614,fell,1.52,1,98.0147,28.3731,1.81475,3.27637,243.15,55.9086,25.9882,26.5585,39.3264,23.0093,12.7042,7.24686,11.087,7.83875,,,,,,,,,,,,,,,,,,,,,,,,,,,,,,,,,,,,,,,,,,,,,,,,,,,,,,,,,,,,,,,,,,,,,,,,,,,,,,,,,,,,,,,,,,,,,,,,,,,,,,,,,,,,,,
wcompton,4615,fell,1.56,1,107.624,16.2047,2.71918,4.13749,287.676,132.389,26.1588,13.1691,1.55397,31.3446,23.2465,11.2902,9.58454,1.67487,,,,,,,,,,,,,,,,,,,,,,,,,,,,,,,,,,,,,,,,,,,,,,,,,,,,,,,,,,,,,,,,,,,,,,,,,,,,,,,,,,,,,,,,,,,,,,,,,,,,,,,,,,,,,,
wcompton,4616,fell,2.24,1,91.0281,34.3585,1.03692,3.57651,302.25,131.082,26.1252,11.73,0.710561,26.5966,21.11,8.33335,8.77995,2.19965,,,,,,,,,,,,,,,,,,,,,,,,,,,,,,,,,,,,,,,,,,,,,,,,,,,,,,,,,,,,,,,,,,,,,,,,,,,,,,,,,,,,,,,,,,,,,,,,,,,,,,,,,,,,,,
wcompton,4617,fell,1.84,1,139.504,128.717,1.95437,3.04516,275.257,106.459,25.1561,29.0656,69.4287,24.3926,19.4603,7.86148,11.2856,6.20559,,,,,,,,,,,,,,,,,,,,,,,,,,,,,,,,,,,,,,,,,,,,,,,,,,,,,,,,,,,,,,,,,,,,,,,,,,,,,,,,,,,,,,,,,,,,,,,,,,,,,,,,,,,,,,
wcompton,4618,fell,2.2,1,122.666,80.465,2.13167,3.58013,323.826,77.3747,38.785,41.2794,107.421,34.0386,19.1439,13.8816,18.3377,13.8548,,,,,,,,,,,,,,,,,,,,,,,,,,,,,,,,,,,,,,,,,,,,,,,,,,,,,,,,,,,,,,,,,,,,,,,,,,,,,,,,,,,,,,,,,,,,,,,,,,,,,,,,,,,,,,
wcompton,4619,fell,2.88,1,123.933,8.952,2.85931,3.91747,421,148.001,46.4278,19.1012,0.965197,50.9553,24.0683,21.8205,17.0808,4.3404,,,,,,,,,,,,,,,,,,,,,,,,,,,,,,,,,,,,,,,,,,,,,,,,,,,,,,,,,,,,,,,,,,,,,,,,,,,,,,,,,,,,,,,,,,,,,,,,,,,,,,,,,,,,,,
wcompton,4620,fell,2.9,1,154.483,154.459,1.42658,3.16301,433.349,86.6606,50.5495,45.7569,60.3336,31.2551,20.1089,9.41097,14.5975,10.2626,,,,,,,,,,,,,,,,,,,,,,,,,,,,,,,,,,,,,,,,,,,,,,,,,,,,,,,,,,,,,,,,,,,,,,,,,,,,,,,,,,,,,,,,,,,,,,,,,,,,,,,,,,,,,,
wcompton,4621,fell,1.58,1,179.806,89.9098,2.68244,3.55182,481.265,130.63,50.6854,47.6177,34.7125,34.3903,21.7776,11.4359,15.4497,6.01019,,,,,,,,,,,,,,,,,,,,,,,,,,,,,,,,,,,,,,,,,,,,,,,,,,,,,,,,,,,,,,,,,,,,,,,,,,,,,,,,,,,,,,,,,,,,,,,,,,,,,,,,,,,,,,
wcompton,4622,fell,2.34,1,106.257,72.375,1.46095,3.35407,439.381,100.86,34.0876,28.1883,48.4431,34.8125,20.5304,12.4039,11.2247,4.92958,,,,,,,,,,,,,,,,,,,,,,,,,,,,,,,,,,,,,,,,,,,,,,,,,,,,,,,,,,,,,,,,,,,,,,,,,,,,,,,,,,,,,,,,,,,,,,,,,,,,,,,,,,,,,,
wcompton,4623,fell,2.64,1,121.912,31.8175,2.59083,3.59573,351.199,100.656,34.8171,29.1368,43.2172,36.8232,23.8456,13.487,13.1099,6.02186,,,,,,,,,,,,,,,,,,,,,,,,,,,,,,,,,,,,,,,,,,,,,,,,,,,,,,,,,,,,,,,,,,,,,,,,,,,,,,,,,,,,,,,,,,,,,,,,,,,,,,,,,,,,,,
wcompton,4624,fell,1.62,1,187.812,32.8772,2.23581,3.56796,274.369,52.1616,31.6532,26.7382,12.1045,28.3271,15.9481,10.4796,10.0318,6.63951,,,,,,,,,,,,,,,,,,,,,,,,,,,,,,,,,,,,,,,,,,,,,,,,,,,,,,,,,,,,,,,,,,,,,,,,,,,,,,,,,,,,,,,,,,,,,,,,,,,,,,,,,,,,,,
wcompton,4625,fell,2.04,1,156.378,128.171,1.50904,3.54564,336.429,77.3111,37.9372,31.1966,14.8459,21.3113,15.3827,7.15582,8.40224,4.52713,,,,,,,,,,,,,,,,,,,,,,,,,,,,,,,,,,,,,,,,,,,,,,,,,,,,,,,,,,,,,,,,,,,,,,,,,,,,,,,,,,,,,,,,,,,,,,,,,,,,,,,,,,,,,,
wcompton,4626,fell,2.22,1,180.52,54.1446,2.70188,3.23664,494.273,132.509,54.659,36.4839,7.13234,36.4246,22.2361,14.2418,12.9873,2.72868,,,,,,,,,,,,,,,,,,,,,,,,,,,,,,,,,,,,,,,,,,,,,,,,,,,,,,,,,,,,,,,,,,,,,,,,,,,,,,,,,,,,,,,,,,,,,,,,,,,,,,,,,,,,,,
wcompton,4627,fell,2.12,1,38.0074,68.3546,2.06144,3.48385,295.142,72.963,27.1302,44.5011,13.1087,26.175,20.4698,8.91865,14.6519,6.37816,,,,,,,,,,,,,,,,,,,,,,,,,,,,,,,,,,,,,,,,,,,,,,,,,,,,,,,,,,,,,,,,,,,,,,,,,,,,,,,,,,,,,,,,,,,,,,,,,,,,,,,,,,,,,,
wcompton,4628,fell,2.2,1,75.8796,148.924,2.14904,3.49292,472.06,111.92,60.1274,43.1938,28.4424,34.4079,25.6949,10.8696,14.7634,4.87893,,,,,,,,,,,,,,,,,,,,,,,,,,,,,,,,,,,,,,,,,,,,,,,,,,,,,,,,,,,,,,,,,,,,,,,,,,,,,,,,,,,,,,,,,,,,,,,,,,,,,,,,,,,,,,
wcompton,4629,fell,2.64,1,275.7,23.8458,2.75342,2.57304,577.979,239.971,69.3616,53.6184,61.7738,53.3435,40.4094,18.4269,25.4556,5.59199,,,,,,,,,,,,,,,,,,,,,,,,,,,,,,,,,,,,,,,,,,,,,,,,,,,,,,,,,,,,,,,,,,,,,,,,,,,,,,,,,,,,,,,,,,,,,,,,,,,,,,,,,,,,,,
wcompton,4630,fell,1.96,1,147.434,50.2404,2.49322,3.74368,330.419,91.0932,38.6726,25.201,6.76392,25.3702,14.9011,8.04647,8.90217,2.18777,,,,,,,,,,,,,,,,,,,,,,,,,,,,,,,,,,,,,,,,,,,,,,,,,,,,,,,,,,,,,,,,,,,,,,,,,,,,,,,,,,,,,,,,,,,,,,,,,,,,,,,,,,,,,,
wcompton,4631,fell,2.48,1,163.939,38.0932,1.12344,3.14946,408.983,108.165,46.4022,32.6525,52.1903,55.374,26.327,24.4808,22.8566,7.13345,,,,,,,,,,,,,,,,,,,,,,,,,,,,,,,,,,,,,,,,,,,,,,,,,,,,,,,,,,,,,,,,,,,,,,,,,,,,,,,,,,,,,,,,,,,,,,,,,,,,,,,,,,,,,,
wcompton,4632,fell,1.76,1,161.864,34.0513,2.41737,2.82006,481.822,52.047,44.5928,37.0272,46.1908,44.7737,16.1245,15.3019,15.8844,10.1396,,,,,,,,,,,,,,,,,,,,,,,,,,,,,,,,,,,,,,,,,,,,,,,,,,,,,,,,,,,,,,,,,,,,,,,,,,,,,,,,,,,,,,,,,,,,,,,,,,,,,,,,,,,,,,
wcompton,4633,fell,2.16,1,177.238,1.87344,3.16996,3.65802,409.473,142.087,46.5841,32.1692,1.76462,33.9717,28.2629,11.5095,13.7121,3.27392,,,,,,,,,,,,,,,,,,,,,,,,,,,,,,,,,,,,,,,,,,,,,,,,,,,,,,,,,,,,,,,,,,,,,,,,,,,,,,,,,,,,,,,,,,,,,,,,,,,,,,,,,,,,,,
wcompton,4634,fell,1.1,1,63.0749,26.7273,2.27684,3.31963,262.157,46.5253,29.2783,28.2591,60.024,25.7399,16.2065,9.73639,12.0363,7.83558,,,,,,,,,,,,,,,,,,,,,,,,,,,,,,,,,,,,,,,,,,,,,,,,,,,,,,,,,,,,,,,,,,,,,,,,,,,,,,,,,,,,,,,,,,,,,,,,,,,,,,,,,,,,,,
wcompton,4635,fell,1.9,1,193.332,151.775,2.60596,4.0121,328.189,97.4909,38.5737,22.8015,28.4807,34.5903,15.5595,13.8486,14.5741,2.98451,,,,,,,,,,,,,,,,,,,,,,,,,,,,,,,,,,,,,,,,,,,,,,,,,,,,,,,,,,,,,,,,,,,,,,,,,,,,,,,,,,,,,,,,,,,,,,,,,,,,,,,,,,,,,,
wcompton,4636,fell,3.36,1,203.641,75.4339,1.43022,0.49918,967.249,307.798,70.3633,41.6642,18.4759,49.4417,48.508,13.1107,24.5764,10.1562,,,,,,,,,,,,,,,,,,,,,,,,,,,,,,,,,,,,,,,,,,,,,,,,,,,,,,,,,,,,,,,,,,,,,,,,,,,,,,,,,,,,,,,,,,,,,,,,,,,,,,,,,,,,,,
wcompton,4637,fell,2.02,1,78.4613,22.8888,2.37921,3.49133,301.922,135.252,32.3307,21.3182,3.14248,29.689,23.1476,9.27273,11.4756,1.76276,,,,,,,,,,,,,,,,,,,,,,,,,,,,,,,,,,,,,,,,,,,,,,,,,,,,,,,,,,,,,,,,,,,,,,,,,,,,,,,,,,,,,,,,,,,,,,,,,,,,,,,,,,,,,,
wcompton,4638,fell,1.26,1,125.641,51.1931,2.16783,4.03782,240.277,80.4737,30.932,19.5627,57.3601,21.9867,14.1162,7.37869,8.97767,5.7771,,,,,,,,,,,,,,,,,,,,,,,,,,,,,,,,,,,,,,,,,,,,,,,,,,,,,,,,,,,,,,,,,,,,,,,,,,,,,,,,,,,,,,,,,,,,,,,,,,,,,,,,,,,,,,
wcompton,4639,fell,3.54,1,278.988,130.586,1.7759,3.70693,794.506,220.189,99.6734,46.0989,7.70952,56.5661,32.5872,19.5543,19.6759,4.32243,,,,,,,,,,,,,,,,,,,,,,,,,,,,,,,,,,,,,,,,,,,,,,,,,,,,,,,,,,,,,,,,,,,,,,,,,,,,,,,,,,,,,,,,,,,,,,,,,,,,,,,,,,,,,,
wcompton,4640,fell,1.44,1,109.335,108.213,1.89189,3.62069,333.863,95.6774,42.2633,28.5543,10.641,27.6117,19.1777,9.21405,11.5002,4.25983,,,,,,,,,,,,,,,,,,,,,,,,,,,,,,,,,,,,,,,,,,,,,,,,,,,,,,,,,,,,,,,,,,,,,,,,,,,,,,,,,,,,,,,,,,,,,,,,,,,,,,,,,,,,,,
wcompton,4641,fell,1.26,1,61.0181,105.008,2.2855,3.06473,545.843,169.914,55.4379,58.0292,133.502,43.7023,25.3232,15.269,17.6335,10.9511,,,,,,,,,,,,,,,,,,,,,,,,,,,,,,,,,,,,,,,,,,,,,,,,,,,,,,,,,,,,,,,,,,,,,,,,,,,,,,,,,,,,,,,,,,,,,,,,,,,,,,,,,,,,,,
wcompton,4642,fell,2.22,1,131.132,9.08573,2.71311,3.91257,387.086,115.907,44.2211,21.2423,5.48034,25.2567,19.134,7.54551,10.3906,2.72773,,,,,,,,,,,,,,,,,,,,,,,,,,,,,,,,,,,,,,,,,,,,,,,,,,,,,,,,,,,,,,,,,,,,,,,,,,,,,,,,,,,,,,,,,,,,,,,,,,,,,,,,,,,,,,
wcompton,4643,fell,2.1,1,146.411,29.1103,2.82477,3.71522,364.891,139.635,36.5233,10.508,0.903912,45.096,27.7135,16.3184,13.0664,2.43941,,,,,,,,,,,,,,,,,,,,,,,,,,,,,,,,,,,,,,,,,,,,,,,,,,,,,,,,,,,,,,,,,,,,,,,,,,,,,,,,,,,,,,,,,,,,,,,,,,,,,,,,,,,,,,
wcompton,4644,fell,1.72,1,36.9375,118.101,1.62641,0.780279,459.165,137.256,38.7785,57.8022,3.23759,42.3041,25.9808,13.8453,22.3428,5.03383,,,,,,,,,,,,,,,,,,,,,,,,,,,,,,,,,,,,,,,,,,,,,,,,,,,,,,,,,,,,,,,,,,,,,,,,,,,,,,,,,,,,,,,,,,,,,,,,,,,,,,,,,,,,,,
wcompton,4645,fell,2.34,1,111.404,89.2982,2.21067,3.67573,255.116,101.965,35.8594,13.2844,0.847345,25.4783,17.0641,7.59323,9.73329,3.17905,,,,,,,,,,,,,,,,,,,,,,,,,,,,,,,,,,,,,,,,,,,,,,,,,,,,,,,,,,,,,,,,,,,,,,,,,,,,,,,,,,,,,,,,,,,,,,,,,,,,,,,,,,,,,,
wcompton,4646,fell,3.32,1,156.185,141.734,1.4859,3.58863,560.601,154.818,51.3304,48.9651,61.6658,41.2107,26.4223,14.854,19.0229,10.1332,,,,,,,,,,,,,,,,,,,,,,,,,,,,,,,,,,,,,,,,,,,,,,,,,,,,,,,,,,,,,,,,,,,,,,,,,,,,,,,,,,,,,,,,,,,,,,,,,,,,,,,,,,,,,,
wcompton,4647,fell,1.56,1,140.82,103.944,1.15189,3.60225,300.099,104.517,30.7954,16.2732,0.4184,33.1639,17.9107,13.5542,10.0422,0.851357,,,,,,,,,,,,,,,,,,,,,,,,,,,,,,,,,,,,,,,,,,,,,,,,,,,,,,,,,,,,,,,,,,,,,,,,,,,,,,,,,,,,,,,,,,,,,,,,,,,,,,,,,,,,,,
wcompton,4648,fell,1.64,1,175.972,103.347,1.39871,0.591409,656.726,183.804,58.7943,42.2525,1.27409,46.4522,27.2971,16.842,19.8143,4.12216,,,,,,,,,,,,,,,,,,,,,,,,,,,,,,,,,,,,,,,,,,,,,,,,,,,,,,,,,,,,,,,,,,,,,,,,,,,,,,,,,,,,,,,,,,,,,,,,,,,,,,,,,,,,,,
wcompton,4649,fell,1.44,1,70.4698,18.4154,1.851,2.74088,337.431,112.32,40.2042,56.1502,52.0337,30.0397,26.56,10.5053,12.9402,5.10793,,,,,,,,,,,,,,,,,,,,,,,,,,,,,,,,,,,,,,,,,,,,,,,,,,,,,,,,,,,,,,,,,,,,,,,,,,,,,,,,,,,,,,,,,,,,,,,,,,,,,,,,,,,,,,
wcompton,4650,fell,1.2,1,54.9551,94.4775,3.16903,3.35291,266.603,56.1245,23.9063,31.5591,2.36199,22.9837,13.362,7.2586,11.1598,4.78499,,,,,,,,,,,,,,,,,,,,,,,,,,,,,,,,,,,,,,,,,,,,,,,,,,,,,,,,,,,,,,,,,,,,,,,,,,,,,,,,,,,,,,,,,,,,,,,,,,,,,,,,,,,,,,
wcompton,4651,fell,1.88,1,146.503,51.3689,1.66376,3.456,363.585,66.8512,37.4474,37.0439,31.8459,62.0609,18.6721,28.3503,22.9991,8.74042,,,,,,,,,,,,,,,,,,,,,,,,,,,,,,,,,,,,,,,,,,,,,,,,,,,,,,,,,,,,,,,,,,,,,,,,,,,,,,,,,,,,,,,,,,,,,,,,,,,,,,,,,,,,,,
wcompton,4652,fell,1.06,1,35.4121,80.1853,2.22406,3.28947,208.348,47.8087,22.9942,40.8282,110.342,17.9773,12.1704,6.29021,12.4008,12.3367,,,,,,,,,,,,,,,,,,,,,,,,,,,,,,,,,,,,,,,,,,,,,,,,,,,,,,,,,,,,,,,,,,,,,,,,,,,,,,,,,,,,,,,,,,,,,,,,,,,,,,,,,,,,,,
wcompton,4653,fell,2.22,1,60.1503,89.3065,0.669918,1.59072,488.214,120.595,54.8683,73.24,74.9589,35.1497,28.6464,10.4115,17.2284,5.51174,,,,,,,,,,,,,,,,,,,,,,,,,,,,,,,,,,,,,,,,,,,,,,,,,,,,,,,,,,,,,,,,,,,,,,,,,,,,,,,,,,,,,,,,,,,,,,,,,,,,,,,,,,,,,,
wcompton,4654,fell,1.78,1,140.206,150.314,2.0609,2.82015,289.512,122.787,24.6948,48.6629,56.5084,24.6453,19.6592,7.65116,17.2041,8.65864,,,,,,,,,,,,,,,,,,,,,,,,,,,,,,,,,,,,,,,,,,,,,,,,,,,,,,,,,,,,,,,,,,,,,,,,,,,,,,,,,,,,,,,,,,,,,,,,,,,,,,,,,,,,,,
wcompton,4655,fell,1.42,1,62.2341,142.547,2.638,3.74579,243.84,86.055,34.1587,19.2532,1.91915,20.5611,14.6082,6.87539,9.17717,4.32649,,,,,,,,,,,,,,,,,,,,,,,,,,,,,,,,,,,,,,,,,,,,,,,,,,,,,,,,,,,,,,,,,,,,,,,,,,,,,,,,,,,,,,,,,,,,,,,,,,,,,,,,,,,,,,
wcompton,4656,fell,1.06,1,122.289,26.0376,2.2117,3.86637,202.769,67.0772,16.8049,19.4512,12.2084,22.6572,17.956,7.5836,8.68408,3.95684,,,,,,,,,,,,,,,,,,,,,,,,,,,,,,,,,,,,,,,,,,,,,,,,,,,,,,,,,,,,,,,,,,,,,,,,,,,,,,,,,,,,,,,,,,,,,,,,,,,,,,,,,,,,,,
wcompton,4657,fell,1.8,1,136.46,93.3586,0.898897,0.36114,1282.39,346.165,91.9872,74.9701,3.00289,57.5898,45.164,17.1474,29.7114,7.20392,,,,,,,,,,,,,,,,,,,,,,,,,,,,,,,,,,,,,,,,,,,,,,,,,,,,,,,,,,,,,,,,,,,,,,,,,,,,,,,,,,,,,,,,,,,,,,,,,,,,,,,,,,,,,,
wcompton,4658,fell,2.64,1,204.267,63.0705,1.84628,0.918919,1333.32,591.839,94.2318,37.2396,55.6198,72.968,66.6888,18.5327,25.7058,13.4039,,,,,,,,,,,,,,,,,,,,,,,,,,,,,,,,,,,,,,,,,,,,,,,,,,,,,,,,,,,,,,,,,,,,,,,,,,,,,,,,,,,,,,,,,,,,,,,,,,,,,,,,,,,,,,
wcompton,4659,fell,3.16,1,96.5081,67.1307,1.77447,3.55644,603.567,210.605,70.5445,25.0727,1.37223,61.5445,43.6397,23.2394,20.1655,4.5008,,,,,,,,,,,,,,,,,,,,,,,,,,,,,,,,,,,,,,,,,,,,,,,,,,,,,,,,,,,,,,,,,,,,,,,,,,,,,,,,,,,,,,,,,,,,,,,,,,,,,,,,,,,,,,
wcompton,4660,fell,2.1,1,174.602,20.9891,2.37843,3.7267,342.338,107.873,41.9129,31.1661,27.9263,29.7504,19.5045,10.2783,13.0523,8.25915,,,,,,,,,,,,,,,,,,,,,,,,,,,,,,,,,,,,,,,,,,,,,,,,,,,,,,,,,,,,,,,,,,,,,,,,,,,,,,,,,,,,,,,,,,,,,,,,,,,,,,,,,,,,,,
wcompton,4661,fell,1.4,1,177.187,29.564,2.40851,3.67202,230.812,90.768,23.0538,12.5609,2.63295,25.384,19.9271,9.35868,9.59568,2.68346,,,,,,,,,,,,,,,,,,,,,,,,,,,,,,,,,,,,,,,,,,,,,,,,,,,,,,,,,,,,,,,,,,,,,,,,,,,,,,,,,,,,,,,,,,,,,,,,,,,,,,,,,,,,,,
wcompton,4662,fell,2.76,1,184.111,16.0996,2.60988,3.8041,512.918,114.792,52.6073,34.3104,11.5204,69.991,28.5174,30.2913,23.3832,7.84686,,,,,,,,,,,,,,,,,,,,,,,,,,,,,,,,,,,,,,,,,,,,,,,,,,,,,,,,,,,,,,,,,,,,,,,,,,,,,,,,,,,,,,,,,,,,,,,,,,,,,,,,,,,,,,
wcompton,4663,fell,1.56,1,133.48,1.20942,2.52388,3.28779,282.731,119.784,35.8629,38.1295,2.91902,25.082,17.2503,7.7285,11.2666,3.16908,,,,,,,,,,,,,,,,,,,,,,,,,,,,,,,,,,,,,,,,,,,,,,,,,,,,,,,,,,,,,,,,,,,,,,,,,,,,,,,,,,,,,,,,,,,,,,,,,,,,,,,,,,,,,,
wcompton,4664,fell,2.86,1,185.063,71.875,1.31543,3.22397,511.828,263.977,53.7691,44.6397,34.1771,40.9707,37.7503,13.1497,22.2917,10.2651,,,,,,,,,,,,,,,,,,,,,,,,,,,,,,,,,,,,,,,,,,,,,,,,,,,,,,,,,,,,,,,,,,,,,,,,,,,,,,,,,,,,,,,,,,,,,,,,,,,,,,,,,,,,,,
wcompton,4665,fell,1.32,1,57.3189,67.4576,2.1413,3.71952,215.999,62.671,25.4004,29.1352,23.6871,23.4698,17.0853,8.58833,15.7838,6.35889,,,,,,,,,,,,,,,,,,,,,,,,,,,,,,,,,,,,,,,,,,,,,,,,,,,,,,,,,,,,,,,,,,,,,,,,,,,,,,,,,,,,,,,,,,,,,,,,,,,,,,,,,,,,,,
wcompton,4666,fell,2.02,1,97.2867,9.20583,2.62465,3.63368,263.026,111.983,34.8526,21.3961,0.653511,23.9653,18.1607,6.9242,10.0794,2.65282,,,,,,,,,,,,,,,,,,,,,,,,,,,,,,,,,,,,,,,,,,,,,,,,,,,,,,,,,,,,,,,,,,,,,,,,,,,,,,,,,,,,,,,,,,,,,,,,,,,,,,,,,,,,,,
wcompton,4667,fell,1.84,1,200.981,109.097,1.86994,3.689,314.068,57.8125,28.9285,23.7931,15.5609,40.3419,20.2182,15.8027,16.2585,4.36192,,,,,,,,,,,,,,,,,,,,,,,,,,,,,,,,,,,,,,,,,,,,,,,,,,,,,,,,,,,,,,,,,,,,,,,,,,,,,,,,,,,,,,,,,,,,,,,,,,,,,,,,,,,,,,
wcompton,4668,fell,1.78,1,202.795,22.9342,2.48176,3.40005,300.587,76.603,35.7781,39.3248,6.16331,33.5339,17.6207,12.9612,15.5995,5.83315,,,,,,,,,,,,,,,,,,,,,,,,,,,,,,,,,,,,,,,,,,,,,,,,,,,,,,,,,,,,,,,,,,,,,,,,,,,,,,,,,,,,,,,,,,,,,,,,,,,,,,,,,,,,,,
wcompton,4669,fell,1.58,1,77.7752,35.4588,1.24706,3.61573,269.185,89.3825,38.9934,12.6475,2.10008,39.9435,18.415,17.9429,13.187,3.23581,,,,,,,,,,,,,,,,,,,,,,,,,,,,,,,,,,,,,,,,,,,,,,,,,,,,,,,,,,,,,,,,,,,,,,,,,,,,,,,,,,,,,,,,,,,,,,,,,,,,,,,,,,,,,,
wcompton,4670,fell,1.16,1,22.1871,145.919,1.30907,3.56374,396.955,64.6323,45.9842,25.7176,0.856004,57.6414,17.7589,29.2714,17.1429,3.32465,,,,,,,,,,,,,,,,,,,,,,,,,,,,,,,,,,,,,,,,,,,,,,,,,,,,,,,,,,,,,,,,,,,,,,,,,,,,,,,,,,,,,,,,,,,,,,,,,,,,,,,,,,,,,,
wcompton,4671,fell,1.44,1,108.148,2.67645,2.45669,4.04813,277.283,42.1397,15.8724,9.29479,0.50186,24.2552,13.2544,9.52523,7.58651,1.91642,,,,,,,,,,,,,,,,,,,,,,,,,,,,,,,,,,,,,,,,,,,,,,,,,,,,,,,,,,,,,,,,,,,,,,,,,,,,,,,,,,,,,,,,,,,,,,,,,,,,,,,,,,,,,,
wcompton,4672,fell,3.64,1,150.765,11.3843,1.60429,3.38795,513.722,177.982,64.5931,54.2405,3.90456,39.6048,31.358,12.0828,17.9632,5.94525,,,,,,,,,,,,,,,,,,,,,,,,,,,,,,,,,,,,,,,,,,,,,,,,,,,,,,,,,,,,,,,,,,,,,,,,,,,,,,,,,,,,,,,,,,,,,,,,,,,,,,,,,,,,,,
wcompton,4673,fell,2.12,1,121.504,95.2312,1.99969,3.70068,371.915,91.2425,41.7941,35.4183,51.745,28.828,22.9053,8.2073,12.816,9.13335,,,,,,,,,,,,,,,,,,,,,,,,,,,,,,,,,,,,,,,,,,,,,,,,,,,,,,,,,,,,,,,,,,,,,,,,,,,,,,,,,,,,,,,,,,,,,,,,,,,,,,,,,,,,,,
wcompton,4674,fell,1.34,1,173.92,29.1651,2.83836,3.33556,274.321,81.8956,28.5077,27.5871,16.3102,37.773,20.6193,15.8635,14.9871,5.35947,,,,,,,,,,,,,,,,,,,,,,,,,,,,,,,,,,,,,,,,,,,,,,,,,,,,,,,,,,,,,,,,,,,,,,,,,,,,,,,,,,,,,,,,,,,,,,,,,,,,,,,,,,,,,,
wcompton,4675,fell,2.34,1,210.301,17.072,1.68026,3.33732,483.656,187.943,54.5732,40.7466,6.45993,44.4549,32.5718,15.2964,16.1052,6.02853,,,,,,,,,,,,,,,,,,,,,,,,,,,,,,,,,,,,,,,,,,,,,,,,,,,,,,,,,,,,,,,,,,,,,,,,,,,,,,,,,,,,,,,,,,,,,,,,,,,,,,,,,,,,,,
wcompton,4676,fell,2.06,1,122.537,114.751,0.194777,0.277129,248.107,115.938,41.2458,23.4676,90.8748,36.7874,23.7608,13.0225,19.6107,12.3559,,,,,,,,,,,,,,,,,,,,,,,,,,,,,,,,,,,,,,,,,,,,,,,,,,,,,,,,,,,,,,,,,,,,,,,,,,,,,,,,,,,,,,,,,,,,,,,,,,,,,,,,,,,,,,
wcompton,4677,fell,1.84,1,150.484,1.08729,2.18291,2.63047,243.016,79.2077,32.9814,35.5909,128.104,26.2437,14.4286,10.5536,15.496,12.9845,,,,,,,,,,,,,,,,,,,,,,,,,,,,,,,,,,,,,,,,,,,,,,,,,,,,,,,,,,,,,,,,,,,,,,,,,,,,,,,,,,,,,,,,,,,,,,,,,,,,,,,,,,,,,,
wcompton,4678,fell,2.04,1,73.3263,105.603,2.00655,3.02902,374.318,79.806,44.1481,25.0656,16.9154,27.9698,17.2596,9.53332,9.9485,4.07119,,,,,,,,,,,,,,,,,,,,,,,,,,,,,,,,,,,,,,,,,,,,,,,,,,,,,,,,,,,,,,,,,,,,,,,,,,,,,,,,,,,,,,,,,,,,,,,,,,,,,,,,,,,,,,
wcompton,4679,fell,3.16,1,125.265,80.1873,1.28296,3.40779,474.079,122.2,51.3696,46.7062,8.73534,40.0381,23.2896,13.1236,15.8375,4.1878,,,,,,,,,,,,,,,,,,,,,,,,,,,,,,,,,,,,,,,,,,,,,,,,,,,,,,,,,,,,,,,,,,,,,,,,,,,,,,,,,,,,,,,,,,,,,,,,,,,,,,,,,,,,,,
wcompton,4680,fell,3.44,1,249.151,21.2767,1.64732,1.10035,1951.7,474.179,125.83,145.363,7.73877,85.9393,63.9595,24.4597,43.0334,12.1694,,,,,,,,,,,,,,,,,,,,,,,,,,,,,,,,,,,,,,,,,,,,,,,,,,,,,,,,,,,,,,,,,,,,,,,,,,,,,,,,,,,,,,,,,,,,,,,,,,,,,,,,,,,,,,
wcompton,4681,fell,2.64,1,235.361,85.3348,1.14679,0.584695,645.95,205.04,80.8641,65.7867,22.5907,42.6317,28.2936,14.3405,23.8614,11.0399,,,,,,,,,,,,,,,,,,,,,,,,,,,,,,,,,,,,,,,,,,,,,,,,,,,,,,,,,,,,,,,,,,,,,,,,,,,,,,,,,,,,,,,,,,,,,,,,,,,,,,,,,,,,,,
wcompton,4682,fell,2.32,1,264.128,1.19768,2.0277,3.36465,479.719,133.994,50.9242,32.075,8.27489,43.2502,26.4494,15.1342,13.9052,6.19149,,,,,,,,,,,,,,,,,,,,,,,,,,,,,,,,,,,,,,,,,,,,,,,,,,,,,,,,,,,,,,,,,,,,,,,,,,,,,,,,,,,,,,,,,,,,,,,,,,,,,,,,,,,,,,
wcompton,4683,fell,3.5,1,146.619,6.21121,1.9082,3.39062,560.185,192.31,62.7365,39.9652,1.7766,49.571,30.0117,17.0338,18.5523,2.52286,,,,,,,,,,,,,,,,,,,,,,,,,,,,,,,,,,,,,,,,,,,,,,,,,,,,,,,,,,,,,,,,,,,,,,,,,,,,,,,,,,,,,,,,,,,,,,,,,,,,,,,,,,,,,,
wcompton,4684,fell,1.38,1,115.372,19.6417,1.964,3.9792,209.774,54.6852,14.7678,18.8807,1.03804,24.023,13.4258,8.78289,8.5625,2.74374,,,,,,,,,,,,,,,,,,,,,,,,,,,,,,,,,,,,,,,,,,,,,,,,,,,,,,,,,,,,,,,,,,,,,,,,,,,,,,,,,,,,,,,,,,,,,,,,,,,,,,,,,,,,,,
wcompton,4685,fell,1.9,1,117.109,91.5237,2.84677,3.88215,540.581,166.045,58.6446,23.507,0.763609,39.5074,25.3187,12.4121,13.9669,1.88528,,,,,,,,,,,,,,,,,,,,,,,,,,,,,,,,,,,,,,,,,,,,,,,,,,,,,,,,,,,,,,,,,,,,,,,,,,,,,,,,,,,,,,,,,,,,,,,,,,,,,,,,,,,,,,
wcompton,4686,fell,1.08,1,22.8729,49.9332,2.37562,3.6043,178.158,64.3413,21.8146,28.9976,43.0774,18.6685,10.9736,7.40433,10.5839,4.36684,,,,,,,,,,,,,,,,,,,,,,,,,,,,,,,,,,,,,,,,,,,,,,,,,,,,,,,,,,,,,,,,,,,,,,,,,,,,,,,,,,,,,,,,,,,,,,,,,,,,,,,,,,,,,,
wcompton,4687,fell,1.34,1,104.309,31.0419,1.12126,1.12434,895.961,175.112,84.3421,78.7539,81.3791,53.2075,32.2798,17.9611,23.8167,10.9,,,,,,,,,,,,,,,,,,,,,,,,,,,,,,,,,,,,,,,,,,,,,,,,,,,,,,,,,,,,,,,,,,,,,,,,,,,,,,,,,,,,,,,,,,,,,,,,,,,,,,,,,,,,,,
wcompton,4688,fell,2.96,1,207.525,85.648,1.34757,0.688071,1053.72,263.428,83.5994,65.6503,2.33538,62.4382,40.0788,19.295,28.6891,6.35841,,,,,,,,,,,,,,,,,,,,,,,,,,,,,,,,,,,,,,,,,,,,,,,,,,,,,,,,,,,,,,,,,,,,,,,,,,,,,,,,,,,,,,,,,,,,,,,,,,,,,,,,,,,,,,
wcompton,4689,fell,3.66,1,245.255,112.998,3.29394,2.04005,1823.86,533.053,160.558,118.227,27.3573,104.851,75.047,36.4275,41.7539,11.9155,,,,,,,,,,,,,,,,,,,,,,,,,,,,,,,,,,,,,,,,,,,,,,,,,,,,,,,,,,,,,,,,,,,,,,,,,,,,,,,,,,,,,,,,,,,,,,,,,,,,,,,,,,,,,,
wcompton,4690,fell,1.66,1,132.986,15.8,1.85282,1.57759,211.481,55.294,38.0573,44.6313,1.25773,15.2316,9.3437,5.82783,11.7238,4.69294,,,,,,,,,,,,,,,,,,,,,,,,,,,,,,,,,,,,,,,,,,,,,,,,,,,,,,,,,,,,,,,,,,,,,,,,,,,,,,,,,,,,,,,,,,,,,,,,,,,,,,,,,,,,,,
wcompton,4691,fell,1.1,1,16.5395,64.2939,1.74947,3.2293,295.396,51.4994,34.9617,52.2557,30.3279,22.8209,14.2993,7.38412,13.365,5.27488,,,,,,,,,,,,,,,,,,,,,,,,,,,,,,,,,,,,,,,,,,,,,,,,,,,,,,,,,,,,,,,,,,,,,,,,,,,,,,,,,,,,,,,,,,,,,,,,,,,,,,,,,,,,,,
wcompton,4692,fell,0.96,1,69.334,36.1449,1.61545,3.66567,205.427,53.4254,23.2166,20.0748,76.4762,23.3467,14.0699,8.90856,11.0981,7.33084,,,,,,,,,,,,,,,,,,,,,,,,,,,,,,,,,,,,,,,,,,,,,,,,,,,,,,,,,,,,,,,,,,,,,,,,,,,,,,,,,,,,,,,,,,,,,,,,,,,,,,,,,,,,,,
wcompton,4693,fell,1.74,1,132.446,0.493471,2.69701,3.62113,256.654,109.09,33.9382,24.3326,14.0457,26.8438,14.5986,8.1763,10.6402,6.74741,,,,,,,,,,,,,,,,,,,,,,,,,,,,,,,,,,,,,,,,,,,,,,,,,,,,,,,,,,,,,,,,,,,,,,,,,,,,,,,,,,,,,,,,,,,,,,,,,,,,,,,,,,,,,,
wcompton,4694,fell,1.72,1,144.31,37.8951,1.64302,3.68172,374.278,96.6785,32.6751,18.8905,35.7602,33.609,22.7475,12.0325,11.4505,3.67126,,,,,,,,,,,,,,,,,,,,,,,,,,,,,,,,,,,,,,,,,,,,,,,,,,,,,,,,,,,,,,,,,,,,,,,,,,,,,,,,,,,,,,,,,,,,,,,,,,,,,,,,,,,,,,
wcompton,4695,fell,2.06,1,133.048,48.0025,2.19641,3.83469,326.302,110.182,40.4112,38.3799,58.8271,25.4631,20.4596,8.56252,11.9771,7.24965,,,,,,,,,,,,,,,,,,,,,,,,,,,,,,,,,,,,,,,,,,,,,,,,,,,,,,,,,,,,,,,,,,,,,,,,,,,,,,,,,,,,,,,,,,,,,,,,,,,,,,,,,,,,,,
wcompton,4696,fell,2.42,1,103.558,39.7882,1.52924,3.81544,328.075,120.018,33.6509,17.1606,14.6433,36.5173,25.6919,13.4277,13.7538,6.20195,,,,,,,,,,,,,,,,,,,,,,,,,,,,,,,,,,,,,,,,,,,,,,,,,,,,,,,,,,,,,,,,,,,,,,,,,,,,,,,,,,,,,,,,,,,,,,,,,,,,,,,,,,,,,,
wcompton,4697,fell,2.24,1,120.318,29.0223,1.79572,3.77821,335.795,86.5432,32.2444,13.5582,1.55856,49.4417,20.842,19.5804,15.2217,2.09012,,,,,,,,,,,,,,,,,,,,,,,,,,,,,,,,,,,,,,,,,,,,,,,,,,,,,,,,,,,,,,,,,,,,,,,,,,,,,,,,,,,,,,,,,,,,,,,,,,,,,,,,,,,,,,
wcompton,4698,fell,2.36,1,129.466,95.3103,1.5515,0.798352,797.925,120.525,57.5892,42.0344,2.42776,47.4162,27.7928,16.9425,24.089,6.96115,,,,,,,,,,,,,,,,,,,,,,,,,,,,,,,,,,,,,,,,,,,,,,,,,,,,,,,,,,,,,,,,,,,,,,,,,,,,,,,,,,,,,,,,,,,,,,,,,,,,,,,,,,,,,,
wcompton,4699,fell,2.32,1,95.6168,23.7587,2.69728,3.76366,386.514,161.415,34.8925,11.9706,0.783468,40.3112,27.0473,14.487,12.8745,2.32773,,,,,,,,,,,,,,,,,,,,,,,,,,,,,,,,,,,,,,,,,,,,,,,,,,,,,,,,,,,,,,,,,,,,,,,,,,,,,,,,,,,,,,,,,,,,,,,,,,,,,,,,,,,,,,
wcompton,4700,fell,1.3,1,127.532,10.8049,2.9355,3.81977,302.818,73.4754,25.4948,16.2836,0.648164,43.047,18.836,19.3074,13.3158,1.90366,,,,,,,,,,,,,,,,,,,,,,,,,,,,,,,,,,,,,,,,,,,,,,,,,,,,,,,,,,,,,,,,,,,,,,,,,,,,,,,,,,,,,,,,,,,,,,,,,,,,,,,,,,,,,,
wcompton,4701,fell,4.66,1,271.767,7.50879,3.03978,3.72183,1036.75,308.663,134.878,78.6732,1.43753,87.9812,54.431,31.4552,31.5966,4.12654,,,,,,,,,,,,,,,,,,,,,,,,,,,,,,,,,,,,,,,,,,,,,,,,,,,,,,,,,,,,,,,,,,,,,,,,,,,,,,,,,,,,,,,,,,,,,,,,,,,,,,,,,,,,,,
wcompton,4702,fell,2.36,1,93.206,18.4926,2.68842,3.96243,430.405,134.801,43.7345,19.2085,2.54407,35.7485,27.6376,10.9258,13.293,5.47406,,,,,,,,,,,,,,,,,,,,,,,,,,,,,,,,,,,,,,,,,,,,,,,,,,,,,,,,,,,,,,,,,,,,,,,,,,,,,,,,,,,,,,,,,,,,,,,,,,,,,,,,,,,,,,
wcompton,4703,fell,2.36,1,102.156,52.0008,1.35091,3.18518,447.847,85.6158,40.7955,37.7951,17.8991,32.0324,23.4076,10.239,14.0446,4.30489,,,,,,,,,,,,,,,,,,,,,,,,,,,,,,,,,,,,,,,,,,,,,,,,,,,,,,,,,,,,,,,,,,,,,,,,,,,,,,,,,,,,,,,,,,,,,,,,,,,,,,,,,,,,,,
wcompton,4704,fell,2.12,1,210.552,23.5866,2.30471,3.75418,397.832,229.759,46.5387,17.6838,0.937762,38.5935,36.7714,11.0226,12.3672,2.36697,,,,,,,,,,,,,,,,,,,,,,,,,,,,,,,,,,,,,,,,,,,,,,,,,,,,,,,,,,,,,,,,,,,,,,,,,,,,,,,,,,,,,,,,,,,,,,,,,,,,,,,,,,,,,,
wcompton,4705,fell,1.5,1,43.0138,105.067,2.23086,3.66332,405.008,130.313,48.628,31.7925,56.5392,24.7429,17.2725,8.66455,9.75503,3.3385,,,,,,,,,,,,,,,,,,,,,,,,,,,,,,,,,,,,,,,,,,,,,,,,,,,,,,,,,,,,,,,,,,,,,,,,,,,,,,,,,,,,,,,,,,,,,,,,,,,,,,,,,,,,,,
wcompton,4706,fell,1.86,1,231.147,66.2717,2.22355,3.72589,321.552,66.0628,29.9198,21.6475,14.8659,34.5156,15.9508,13.2396,11.9864,3.45,,,,,,,,,,,,,,,,,,,,,,,,,,,,,,,,,,,,,,,,,,,,,,,,,,,,,,,,,,,,,,,,,,,,,,,,,,,,,,,,,,,,,,,,,,,,,,,,,,,,,,,,,,,,,,
wcompton,4707,fell,2.26,1,183.302,110.775,1.06325,0.583292,633.747,122.146,59.7266,44.5339,2.61923,46.5487,27.3718,16.3459,21.9541,6.62128,,,,,,,,,,,,,,,,,,,,,,,,,,,,,,,,,,,,,,,,,,,,,,,,,,,,,,,,,,,,,,,,,,,,,,,,,,,,,,,,,,,,,,,,,,,,,,,,,,,,,,,,,,,,,,
wcompton,4708,fell,1.7,1,156.664,58.6297,1.93884,3.60407,366.325,66.4452,36.2296,26.7953,28.1427,52.2906,24.5897,22.6919,17.9292,5.55176,,,,,,,,,,,,,,,,,,,,,,,,,,,,,,,,,,,,,,,,,,,,,,,,,,,,,,,,,,,,,,,,,,,,,,,,,,,,,,,,,,,,,,,,,,,,,,,,,,,,,,,,,,,,,,
wcompton,4709,fell,3.76,1,256.361,53.7792,2.07303,2.35288,633.55,175.771,86.6906,64.5132,1.49845,41.6182,30.1791,13.3424,21.9095,3.63772,,,,,,,,,,,,,,,,,,,,,,,,,,,,,,,,,,,,,,,,,,,,,,,,,,,,,,,,,,,,,,,,,,,,,,,,,,,,,,,,,,,,,,,,,,,,,,,,,,,,,,,,,,,,,,
wcompton,4710,fell,1.14,1,86.4416,93.7551,2.60327,3.79719,166.349,81.2884,23.2749,10.4703,1.59584,20.568,15.2473,6.79898,9.07467,3.6253,,,,,,,,,,,,,,,,,,,,,,,,,,,,,,,,,,,,,,,,,,,,,,,,,,,,,,,,,,,,,,,,,,,,,,,,,,,,,,,,,,,,,,,,,,,,,,,,,,,,,,,,,,,,,,
wcompton,4711,fell,2.22,1,190.483,7.45268,3.09223,3.77811,376.947,120.556,36.0569,21.4982,5.55211,33.984,29.1248,11.2458,12.6462,4.62899,,,,,,,,,,,,,,,,,,,,,,,,,,,,,,,,,,,,,,,,,,,,,,,,,,,,,,,,,,,,,,,,,,,,,,,,,,,,,,,,,,,,,,,,,,,,,,,,,,,,,,,,,,,,,,
wcompton,4712,fell,1.92,1,155.441,55.9247,2.96407,2.95568,388.684,64.4566,29.4787,36.3066,5.59603,55.6758,17.5113,25.253,22.3212,6.82236,,,,,,,,,,,,,,,,,,,,,,,,,,,,,,,,,,,,,,,,,,,,,,,,,,,,,,,,,,,,,,,,,,,,,,,,,,,,,,,,,,,,,,,,,,,,,,,,,,,,,,,,,,,,,,
wcompton,4713,fell,1.22,1,131.652,125.588,2.68017,3.91328,230.346,111.269,20.9711,23.5364,5.29595,30.9286,21.3715,11.984,11.3869,2.12691,,,,,,,,,,,,,,,,,,,,,,,,,,,,,,,,,,,,,,,,,,,,,,,,,,,,,,,,,,,,,,,,,,,,,,,,,,,,,,,,,,,,,,,,,,,,,,,,,,,,,,,,,,,,,,
wcompton,4714,fell,1.1,1,83.5913,46.4052,2.86558,3.84723,201.193,48.1539,27.8002,52.1158,5.15062,16.1909,13.0355,5.609,9.6542,4.72293,,,,,,,,,,,,,,,,,,,,,,,,,,,,,,,,,,,,,,,,,,,,,,,,,,,,,,,,,,,,,,,,,,,,,,,,,,,,,,,,,,,,,,,,,,,,,,,,,,,,,,,,,,,,,,
wcompton,4715,fell,2.72,1,80.7663,3.5944,0.791627,0.811013,892.603,277.17,77.1964,50.338,2.66935,71.7626,54.8943,22.6657,28.9164,6.29804,,,,,,,,,,,,,,,,,,,,,,,,,,,,,,,,,,,,,,,,,,,,,,,,,,,,,,,,,,,,,,,,,,,,,,,,,,,,,,,,,,,,,,,,,,,,,,,,,,,,,,,,,,,,,,
wcompton,4716,fell,1.54,1,150.643,138.517,2.68242,3.89855,483.18,116.913,36.6316,16.2912,28.5513,41.3007,26.087,14.4165,13.0404,4.31575,,,,,,,,,,,,,,,,,,,,,,,,,,,,,,,,,,,,,,,,,,,,,,,,,,,,,,,,,,,,,,,,,,,,,,,,,,,,,,,,,,,,,,,,,,,,,,,,,,,,,,,,,,,,,,
wcompton,4717,fell,2.04,1,160.361,23.1545,2.68482,3.45569,310.771,86.403,30.5618,19.15,28.336,27.9825,20.3193,10.4697,10.1154,3.26972,,,,,,,,,,,,,,,,,,,,,,,,,,,,,,,,,,,,,,,,,,,,,,,,,,,,,,,,,,,,,,,,,,,,,,,,,,,,,,,,,,,,,,,,,,,,,,,,,,,,,,,,,,,,,,
wcompton,4718,fell,1.66,1,182.233,12.5898,2.77803,3.37579,291.166,47.28,22.9145,25.7355,18.4785,36.3281,17.0602,15.1714,12.8238,5.48687,,,,,,,,,,,,,,,,,,,,,,,,,,,,,,,,,,,,,,,,,,,,,,,,,,,,,,,,,,,,,,,,,,,,,,,,,,,,,,,,,,,,,,,,,,,,,,,,,,,,,,,,,,,,,,
wcompton,4719,fell,1.84,1,113.789,10.5244,1.89165,2.70132,234.835,99.8475,26.887,29.014,73.585,22.4843,20.1134,7.1524,16.2092,8.73107,,,,,,,,,,,,,,,,,,,,,,,,,,,,,,,,,,,,,,,,,,,,,,,,,,,,,,,,,,,,,,,,,,,,,,,,,,,,,,,,,,,,,,,,,,,,,,,,,,,,,,,,,,,,,,
wcompton,4720,fell,1.96,1,130.872,2.67346,2.78569,3.90437,280.228,101.938,24.1865,12.7099,14.7523,21.5834,19.2347,5.81164,8.66907,6.2339,,,,,,,,,,,,,,,,,,,,,,,,,,,,,,,,,,,,,,,,,,,,,,,,,,,,,,,,,,,,,,,,,,,,,,,,,,,,,,,,,,,,,,,,,,,,,,,,,,,,,,,,,,,,,,
wcompton,4721,fell,2.1,1,64.724,171.472,2.34489,3.93047,336.43,94.0483,39.792,16.5881,25.5629,24.0567,17.8739,7.26334,9.37284,5.29512,,,,,,,,,,,,,,,,,,,,,,,,,,,,,,,,,,,,,,,,,,,,,,,,,,,,,,,,,,,,,,,,,,,,,,,,,,,,,,,,,,,,,,,,,,,,,,,,,,,,,,,,,,,,,,
wcompton,4722,fell,1.66,1,165.119,112.29,3.14063,3.43859,294.638,42.9258,40.2129,71.5552,2.87773,20.8761,12.441,7.48203,12.1516,4.89609,,,,,,,,,,,,,,,,,,,,,,,,,,,,,,,,,,,,,,,,,,,,,,,,,,,,,,,,,,,,,,,,,,,,,,,,,,,,,,,,,,,,,,,,,,,,,,,,,,,,,,,,,,,,,,
wcompton,4723,fell,1.22,1,87.2726,34.5831,2.61923,4.04398,184.628,59.9129,21.1731,28.8241,48.664,20.2691,13.2746,7.59628,8.45685,4.74699,,,,,,,,,,,,,,,,,,,,,,,,,,,,,,,,,,,,,,,,,,,,,,,,,,,,,,,,,,,,,,,,,,,,,,,,,,,,,,,,,,,,,,,,,,,,,,,,,,,,,,,,,,,,,,
wcompton,4724,fell,1.7,1,125.543,19.1986,1.43911,3.20247,315.765,118.413,48.3734,22.5147,45.8211,35.63,21.047,14.5807,13.4585,4.6121,,,,,,,,,,,,,,,,,,,,,,,,,,,,,,,,,,,,,,,,,,,,,,,,,,,,,,,,,,,,,,,,,,,,,,,,,,,,,,,,,,,,,,,,,,,,,,,,,,,,,,,,,,,,,,
wcompton,4725,fell,4.1,1,73.5686,31.8153,1.67544,3.64066,413.22,150.22,50.0545,23.3237,36.9717,37.8712,23.899,12.0593,16.2442,6.75568,,,,,,,,,,,,,,,,,,,,,,,,,,,,,,,,,,,,,,,,,,,,,,,,,,,,,,,,,,,,,,,,,,,,,,,,,,,,,,,,,,,,,,,,,,,,,,,,,,,,,,,,,,,,,,
wcompton,4726,fell,2.04,1,146.549,93.8104,1.53276,2.19081,322.702,67.3556,33.1412,37.1326,96.3485,33.0756,14.0625,12.8537,14.3756,8.23619,,,,,,,,,,,,,,,,,,,,,,,,,,,,,,,,,,,,,,,,,,,,,,,,,,,,,,,,,,,,,,,,,,,,,,,,,,,,,,,,,,,,,,,,,,,,,,,,,,,,,,,,,,,,,,
wcompton,4727,fell,1.82,1,119.389,91.0845,1.87886,3.30366,378.671,85.7951,35.4285,33.7194,11.8505,34.1199,21.0894,12.385,13.2585,2.53864,,,,,,,,,,,,,,,,,,,,,,,,,,,,,,,,,,,,,,,,,,,,,,,,,,,,,,,,,,,,,,,,,,,,,,,,,,,,,,,,,,,,,,,,,,,,,,,,,,,,,,,,,,,,,,
wcompton,4728,fell,1.36,1,117.642,99.5301,2.33994,3.1851,232.029,64.3933,26.5808,22.8451,92.247,20.5595,14.2318,6.96485,10.5984,10.3949,,,,,,,,,,,,,,,,,,,,,,,,,,,,,,,,,,,,,,,,,,,,,,,,,,,,,,,,,,,,,,,,,,,,,,,,,,,,,,,,,,,,,,,,,,,,,,,,,,,,,,,,,,,,,,
wcompton,4729,fell,2,1,156.567,42.0824,2.07974,3.09951,328.997,85.1357,31.2025,36.4408,88.0104,22.4251,15.6337,7.36287,10.2359,9.05898,,,,,,,,,,,,,,,,,,,,,,,,,,,,,,,,,,,,,,,,,,,,,,,,,,,,,,,,,,,,,,,,,,,,,,,,,,,,,,,,,,,,,,,,,,,,,,,,,,,,,,,,,,,,,,
wcompton,4730,fell,1.74,1,93.9631,0.315912,1.5605,3.14003,220.508,59.5311,26.0032,16.2208,113.806,22.1524,15.2395,7.4109,8.6639,10.7569,,,,,,,,,,,,,,,,,,,,,,,,,,,,,,,,,,,,,,,,,,,,,,,,,,,,,,,,,,,,,,,,,,,,,,,,,,,,,,,,,,,,,,,,,,,,,,,,,,,,,,,,,,,,,,
wcompton,4731,fell,3.9,1,168.565,1.7949,2.74821,3.9121,368.387,182.27,49.5612,42.5597,1.39139,27.6742,23.3549,8.17522,11.0663,1.78627,,,,,,,,,,,,,,,,,,,,,,,,,,,,,,,,,,,,,,,,,,,,,,,,,,,,,,,,,,,,,,,,,,,,,,,,,,,,,,,,,,,,,,,,,,,,,,,,,,,,,,,,,,,,,,
wcompton,4732,fell,2.26,1,144.696,27.483,2.45641,3.64209,417.329,133.543,39.4941,11.492,0.651118,48.0711,29.3626,19.2708,14.6216,2.16095,,,,,,,,,,,,,,,,,,,,,,,,,,,,,,,,,,,,,,,,,,,,,,,,,,,,,,,,,,,,,,,,,,,,,,,,,,,,,,,,,,,,,,,,,,,,,,,,,,,,,,,,,,,,,,
wcompton,4733,fell,2.48,1,220.883,126.908,2.14158,3.82533,414.357,123.069,37.6768,24.0041,17.2969,33.0351,24.3764,9.99878,13.2714,7.61151,,,,,,,,,,,,,,,,,,,,,,,,,,,,,,,,,,,,,,,,,,,,,,,,,,,,,,,,,,,,,,,,,,,,,,,,,,,,,,,,,,,,,,,,,,,,,,,,,,,,,,,,,,,,,,
wcompton,4734,fell,1.06,1,87.4116,84.0287,2.09399,3.50473,184.547,37.6215,20.8502,29.9403,25.202,21.3789,12.6555,8.15181,11.827,5.47007,,,,,,,,,,,,,,,,,,,,,,,,,,,,,,,,,,,,,,,,,,,,,,,,,,,,,,,,,,,,,,,,,,,,,,,,,,,,,,,,,,,,,,,,,,,,,,,,,,,,,,,,,,,,,,
wcompton,4735,fell,2,1,130.364,50.6215,2.03648,3.1379,398.612,140.843,40.1317,39.0897,109.854,39.1469,25.1161,14.0154,17.0366,14.0466,,,,,,,,,,,,,,,,,,,,,,,,,,,,,,,,,,,,,,,,,,,,,,,,,,,,,,,,,,,,,,,,,,,,,,,,,,,,,,,,,,,,,,,,,,,,,,,,,,,,,,,,,,,,,,
wcompton,4736,fell,2,1,90.0638,102.581,2.06464,2.94419,421.2,94.2447,42.5065,92.3554,7.20374,31.3446,21.2944,11.5809,20.4349,6.79446,,,,,,,,,,,,,,,,,,,,,,,,,,,,,,,,,,,,,,,,,,,,,,,,,,,,,,,,,,,,,,,,,,,,,,,,,,,,,,,,,,,,,,,,,,,,,,,,,,,,,,,,,,,,,,
wcompton,4737,fell,1.52,1,199.491,32.3758,1.65407,3.58348,257.054,80.5548,23.58,15.2521,28.0162,28.538,20.9062,10.4966,12.4879,5.60535,,,,,,,,,,,,,,,,,,,,,,,,,,,,,,,,,,,,,,,,,,,,,,,,,,,,,,,,,,,,,,,,,,,,,,,,,,,,,,,,,,,,,,,,,,,,,,,,,,,,,,,,,,,,,,
wcompton,4738,fell,1.52,1,51.2284,91.6543,1.24318,3.27306,386.824,79.852,31.0807,50.0887,38.6733,28.6309,22.3024,8.18339,11.9731,4.36658,,,,,,,,,,,,,,,,,,,,,,,,,,,,,,,,,,,,,,,,,,,,,,,,,,,,,,,,,,,,,,,,,,,,,,,,,,,,,,,,,,,,,,,,,,,,,,,,,,,,,,,,,,,,,,
wcompton,4739,fell,2.1,1,117.495,101.905,2.47965,3.26899,442.856,94.3959,54.7512,40.4121,54.4293,27.6621,19.6873,9.01532,14.9039,9.64872,,,,,,,,,,,,,,,,,,,,,,,,,,,,,,,,,,,,,,,,,,,,,,,,,,,,,,,,,,,,,,,,,,,,,,,,,,,,,,,,,,,,,,,,,,,,,,,,,,,,,,,,,,,,,,
wcompton,4740,fell,3.34,1,83.7221,10.3724,1.97293,1.00575,725.581,202.422,100.88,51.4385,1.65601,61.2043,39.1932,21.9337,26.6047,3.31955,,,,,,,,,,,,,,,,,,,,,,,,,,,,,,,,,,,,,,,,,,,,,,,,,,,,,,,,,,,,,,,,,,,,,,,,,,,,,,,,,,,,,,,,,,,,,,,,,,,,,,,,,,,,,,
wcompton,4741,fell,1.54,1,93.5449,0.0413208,1.35199,3.74856,226.861,68.3946,25.0668,24.1763,1.93502,21.8523,14.784,7.25422,11.8514,4.99109,,,,,,,,,,,,,,,,,,,,,,,,,,,,,,,,,,,,,,,,,,,,,,,,,,,,,,,,,,,,,,,,,,,,,,,,,,,,,,,,,,,,,,,,,,,,,,,,,,,,,,,,,,,,,,
wcompton,4742,fell,1.18,1,130.576,26.215,1.90698,3.88043,253.926,72.7055,17.3849,20.4751,15.0179,29.1821,21.9786,9.92912,11.608,3.77653,,,,,,,,,,,,,,,,,,,,,,,,,,,,,,,,,,,,,,,,,,,,,,,,,,,,,,,,,,,,,,,,,,,,,,,,,,,,,,,,,,,,,,,,,,,,,,,,,,,,,,,,,,,,,,
wcompton,4743,fell,1.2,1,135.383,125.635,1.86707,3.67686,334.464,107.06,48.8855,33.1762,92.2066,25.0327,17.8362,10.3182,12.045,6.01179,,,,,,,,,,,,,,,,,,,,,,,,,,,,,,,,,,,,,,,,,,,,,,,,,,,,,,,,,,,,,,,,,,,,,,,,,,,,,,,,,,,,,,,,,,,,,,,,,,,,,,,,,,,,,,
wcompton,4744,fell,1.92,1,115.954,4.40045,1.74618,3.59763,260.562,113.596,35.8453,47.4265,1.70974,26.918,19.5004,7.61266,10.822,3.97869,,,,,,,,,,,,,,,,,,,,,,,,,,,,,,,,,,,,,,,,,,,,,,,,,,,,,,,,,,,,,,,,,,,,,,,,,,,,,,,,,,,,,,,,,,,,,,,,,,,,,,,,,,,,,,
wcompton,4745,fell,1.56,1,103.854,13.4602,1.95209,2.47294,275.224,72.2334,21.6966,36.1917,2.87057,21.961,14.9609,7.54328,11.9289,2.93352,,,,,,,,,,,,,,,,,,,,,,,,,,,,,,,,,,,,,,,,,,,,,,,,,,,,,,,,,,,,,,,,,,,,,,,,,,,,,,,,,,,,,,,,,,,,,,,,,,,,,,,,,,,,,,
wcompton,4746,fell,1.24,1,35.3352,25.3311,2.58049,4.10063,390.06,83.8724,33.2862,11.774,0.585836,60.0785,21.0505,27.5531,17.454,2.91505,,,,,,,,,,,,,,,,,,,,,,,,,,,,,,,,,,,,,,,,,,,,,,,,,,,,,,,,,,,,,,,,,,,,,,,,,,,,,,,,,,,,,,,,,,,,,,,,,,,,,,,,,,,,,,
wcompton,4747,fell,1.74,1,83.0452,61.2115,1.93923,3.03255,296.095,93.9273,30.5163,51.1226,75.9912,24.2038,19.081,7.81946,14.4064,8.13264,,,,,,,,,,,,,,,,,,,,,,,,,,,,,,,,,,,,,,,,,,,,,,,,,,,,,,,,,,,,,,,,,,,,,,,,,,,,,,,,,,,,,,,,,,,,,,,,,,,,,,,,,,,,,,
wcompton,4748,fell,2.16,1,118.856,154.262,1.7255,3.43642,374.911,78.8769,46.6243,35.5932,48.0811,35.214,18.5176,13.7639,15.3001,4.6508,,,,,,,,,,,,,,,,,,,,,,,,,,,,,,,,,,,,,,,,,,,,,,,,,,,,,,,,,,,,,,,,,,,,,,,,,,,,,,,,,,,,,,,,,,,,,,,,,,,,,,,,,,,,,,
wcompton,4749,fell,2.28,1,76.1093,103.445,1.22979,3.70238,310.652,71.4234,28.8913,15.7433,2.98608,31.5398,21.0052,10.3356,10.815,3.33374,,,,,,,,,,,,,,,,,,,,,,,,,,,,,,,,,,,,,,,,,,,,,,,,,,,,,,,,,,,,,,,,,,,,,,,,,,,,,,,,,,,,,,,,,,,,,,,,,,,,,,,,,,,,,,
wcompton,4750,fell,1.48,1,164.324,74.7756,1.2858,0.789203,873.502,194.704,92.2096,54.6336,3.22123,40.6574,28.7151,13.1721,16.8526,4.81805,,,,,,,,,,,,,,,,,,,,,,,,,,,,,,,,,,,,,,,,,,,,,,,,,,,,,,,,,,,,,,,,,,,,,,,,,,,,,,,,,,,,,,,,,,,,,,,,,,,,,,,,,,,,,,
wcompton,4751,fell,1.72,1,147.205,78.9721,1.44937,3.13036,330.137,88.4888,41.8516,30.3574,33.9359,35.5283,21.3158,13.5862,14.7119,5.57742,,,,,,,,,,,,,,,,,,,,,,,,,,,,,,,,,,,,,,,,,,,,,,,,,,,,,,,,,,,,,,,,,,,,,,,,,,,,,,,,,,,,,,,,,,,,,,,,,,,,,,,,,,,,,,
wcompton,4752,fell,3.3,1,276.13,9.35323,2.75661,3.73551,478.915,216.601,75.2664,40.203,7.59865,45.9657,31.4887,15.0407,20.5116,7.07245,,,,,,,,,,,,,,,,,,,,,,,,,,,,,,,,,,,,,,,,,,,,,,,,,,,,,,,,,,,,,,,,,,,,,,,,,,,,,,,,,,,,,,,,,,,,,,,,,,,,,,,,,,,,,,
wcompton,4753,fell,2.44,1,183.882,52.5935,1.67539,3.30183,319.598,97.8,49.5256,45.7334,37.728,24.4813,18.6794,8.413,14.7225,5.19025,,,,,,,,,,,,,,,,,,,,,,,,,,,,,,,,,,,,,,,,,,,,,,,,,,,,,,,,,,,,,,,,,,,,,,,,,,,,,,,,,,,,,,,,,,,,,,,,,,,,,,,,,,,,,,
wcompton,4754,fell,1.8,1,68.6645,23.5888,2.02932,3.4004,268.298,95.7705,32.5289,31.0062,15.3773,27.9388,18.3134,8.93492,11.7579,4.70814,,,,,,,,,,,,,,,,,,,,,,,,,,,,,,,,,,,,,,,,,,,,,,,,,,,,,,,,,,,,,,,,,,,,,,,,,,,,,,,,,,,,,,,,,,,,,,,,,,,,,,,,,,,,,,
wcompton,4755,fell,1.96,1,113.423,76.8134,1.83625,3.46122,308.326,98.2792,33.0915,30.8225,71.2574,34.5113,20.3154,13.7582,17.2033,9.80017,,,,,,,,,,,,,,,,,,,,,,,,,,,,,,,,,,,,,,,,,,,,,,,,,,,,,,,,,,,,,,,,,,,,,,,,,,,,,,,,,,,,,,,,,,,,,,,,,,,,,,,,,,,,,,
wcompton,4756,fell,1.52,1,171.672,80.815,2.78646,3.80517,370.098,129.544,33.1027,29.7861,12.6678,27.976,25.0069,9.35122,12.4059,3.31972,,,,,,,,,,,,,,,,,,,,,,,,,,,,,,,,,,,,,,,,,,,,,,,,,,,,,,,,,,,,,,,,,,,,,,,,,,,,,,,,,,,,,,,,,,,,,,,,,,,,,,,,,,,,,,
wcompton,4757,fell,1.4,1,34.3145,116.52,2.79139,3.40436,387.536,103.096,26.8686,38.6428,15.4366,28.3691,22.1311,9.28433,13.2445,8.34713,,,,,,,,,,,,,,,,,,,,,,,,,,,,,,,,,,,,,,,,,,,,,,,,,,,,,,,,,,,,,,,,,,,,,,,,,,,,,,,,,,,,,,,,,,,,,,,,,,,,,,,,,,,,,,
wcompton,4758,fell,1.48,1,138.533,76.9068,1.7953,3.15465,619.455,198.821,55.0115,50.3243,12.1921,37.7845,29.1067,11.811,14.4618,3.26184,,,,,,,,,,,,,,,,,,,,,,,,,,,,,,,,,,,,,,,,,,,,,,,,,,,,,,,,,,,,,,,,,,,,,,,,,,,,,,,,,,,,,,,,,,,,,,,,,,,,,,,,,,,,,,
wcompton,4759,fell,1.88,1,122.129,1.47121,0.683364,0.402248,339.02,89.8493,36.228,39.712,1.87557,30.0276,21.2669,10.6526,18.4347,4.0864,,,,,,,,,,,,,,,,,,,,,,,,,,,,,,,,,,,,,,,,,,,,,,,,,,,,,,,,,,,,,,,,,,,,,,,,,,,,,,,,,,,,,,,,,,,,,,,,,,,,,,,,,,,,,,
wcompton,4760,fell,2.56,1,116.558,32.7703,1.55969,2.51818,400.371,114.651,53.3372,58.006,75.8867,34.6544,20.9139,10.8319,13.8313,10.2212,,,,,,,,,,,,,,,,,,,,,,,,,,,,,,,,,,,,,,,,,,,,,,,,,,,,,,,,,,,,,,,,,,,,,,,,,,,,,,,,,,,,,,,,,,,,,,,,,,,,,,,,,,,,,,
wcompton,4761,fell,3.04,1,170.725,61.1869,3.05378,3.8681,497.592,147.396,52.7562,30.9304,2.36272,37.9707,23.1443,13.53,12.4894,2.44973,,,,,,,,,,,,,,,,,,,,,,,,,,,,,,,,,,,,,,,,,,,,,,,,,,,,,,,,,,,,,,,,,,,,,,,,,,,,,,,,,,,,,,,,,,,,,,,,,,,,,,,,,,,,,,
wcompton,4762,fell,1.3,1,125.991,130.667,2.56641,2.124,247.151,79.6141,33.6432,51.9436,8.48297,25.0873,18.6396,7.65424,12.5395,8.32474,,,,,,,,,,,,,,,,,,,,,,,,,,,,,,,,,,,,,,,,,,,,,,,,,,,,,,,,,,,,,,,,,,,,,,,,,,,,,,,,,,,,,,,,,,,,,,,,,,,,,,,,,,,,,,
wcompton,4763,fell,1.96,1,111.54,88.2526,1.30357,0.963227,646.976,124.863,61.7072,26.3603,1.92418,38.1383,27.0574,11.9926,17.7178,5.93842,,,,,,,,,,,,,,,,,,,,,,,,,,,,,,,,,,,,,,,,,,,,,,,,,,,,,,,,,,,,,,,,,,,,,,,,,,,,,,,,,,,,,,,,,,,,,,,,,,,,,,,,,,,,,,
wcompton,4764,fell,1.46,1,96.4707,22.4788,1.44178,3.84328,236.912,102.138,24.5971,14.6501,0.533366,27.2695,15.4382,9.42028,7.51957,0.714208,,,,,,,,,,,,,,,,,,,,,,,,,,,,,,,,,,,,,,,,,,,,,,,,,,,,,,,,,,,,,,,,,,,,,,,,,,,,,,,,,,,,,,,,,,,,,,,,,,,,,,,,,,,,,,
wcompton,4765,fell,2.18,1,135.827,69.4217,2.37916,3.21298,319.504,74.6805,39.0218,35.9177,80.0655,32.8384,17.2184,14.3639,15.1481,7.79979,,,,,,,,,,,,,,,,,,,,,,,,,,,,,,,,,,,,,,,,,,,,,,,,,,,,,,,,,,,,,,,,,,,,,,,,,,,,,,,,,,,,,,,,,,,,,,,,,,,,,,,,,,,,,,
wcompton,4766,fell,1.16,1,127.411,30.5632,2.55422,4.35493,202.248,67.7904,26.8776,25.0533,1.29894,24.4857,14.0008,10.0624,11.3198,2.25225,,,,,,,,,,,,,,,,,,,,,,,,,,,,,,,,,,,,,,,,,,,,,,,,,,,,,,,,,,,,,,,,,,,,,,,,,,,,,,,,,,,,,,,,,,,,,,,,,,,,,,,,,,,,,,
wcompton,4767,fell,1.18,1,111.266,12.9289,2.46162,2.58979,190.659,63.0683,24.2433,37.8363,1.00862,19.346,9.09495,7.72197,12.6349,1.88858,,,,,,,,,,,,,,,,,,,,,,,,,,,,,,,,,,,,,,,,,,,,,,,,,,,,,,,,,,,,,,,,,,,,,,,,,,,,,,,,,,,,,,,,,,,,,,,,,,,,,,,,,,,,,,
wcompton,4768,fell,2.16,1,82.4671,51.2806,2.51331,3.66576,314.764,73.3072,29.0855,13.2795,1.22294,28.6746,19.7803,9.09518,8.64017,2.27232,,,,,,,,,,,,,,,,,,,,,,,,,,,,,,,,,,,,,,,,,,,,,,,,,,,,,,,,,,,,,,,,,,,,,,,,,,,,,,,,,,,,,,,,,,,,,,,,,,,,,,,,,,,,,,
wcompton,4769,fell,2.68,1,159.795,100.652,2.49644,3.41116,466.998,132.816,47.0361,32.0468,72.6722,61.7113,20.5982,25.3409,21.5394,9.81371,,,,,,,,,,,,,,,,,,,,,,,,,,,,,,,,,,,,,,,,,,,,,,,,,,,,,,,,,,,,,,,,,,,,,,,,,,,,,,,,,,,,,,,,,,,,,,,,,,,,,,,,,,,,,,
wcompton,4770,fell,2.14,1,186.39,92.2835,1.13287,0.632852,414.352,132.537,54.5992,35.4031,46.2224,27.614,22.0862,10.1234,14.3354,3.08353,,,,,,,,,,,,,,,,,,,,,,,,,,,,,,,,,,,,,,,,,,,,,,,,,,,,,,,,,,,,,,,,,,,,,,,,,,,,,,,,,,,,,,,,,,,,,,,,,,,,,,,,,,,,,,
wcompton,4771,fell,2.38,1,52.8599,32.3542,2.68197,4.05251,361.195,85.2407,24.521,22.2047,4.14564,38.3394,22.3535,14.8157,15.6053,3.2072,,,,,,,,,,,,,,,,,,,,,,,,,,,,,,,,,,,,,,,,,,,,,,,,,,,,,,,,,,,,,,,,,,,,,,,,,,,,,,,,,,,,,,,,,,,,,,,,,,,,,,,,,,,,,,
wcompton,4772,fell,1.8,1,123.821,9.51097,2.26829,3.31713,368.667,99.581,34.6245,35.0927,69.4972,35.3159,24.8479,12.8423,14.8418,7.59538,,,,,,,,,,,,,,,,,,,,,,,,,,,,,,,,,,,,,,,,,,,,,,,,,,,,,,,,,,,,,,,,,,,,,,,,,,,,,,,,,,,,,,,,,,,,,,,,,,,,,,,,,,,,,,
wcompton,4773,fell,1.28,1,81.9817,176.152,2.07959,3.53291,263.859,71.4542,26.6796,16.7641,2.08169,27.1209,19.2294,9.05545,9.33256,2.53036,,,,,,,,,,,,,,,,,,,,,,,,,,,,,,,,,,,,,,,,,,,,,,,,,,,,,,,,,,,,,,,,,,,,,,,,,,,,,,,,,,,,,,,,,,,,,,,,,,,,,,,,,,,,,,
wcompton,4774,fell,1.42,1,227.886,43.7333,2.41273,3.70335,802.555,65.5711,51.2446,37.0218,5.43212,41.4767,18.5129,13.3303,12.4969,3.97417,,,,,,,,,,,,,,,,,,,,,,,,,,,,,,,,,,,,,,,,,,,,,,,,,,,,,,,,,,,,,,,,,,,,,,,,,,,,,,,,,,,,,,,,,,,,,,,,,,,,,,,,,,,,,,
wcompton,4775,fell,1.58,1,179.597,132.921,0.761684,0.48775,920.127,181.516,43.5072,39.3475,1.27932,47.0511,28.8982,14.4561,16.499,4.5194,,,,,,,,,,,,,,,,,,,,,,,,,,,,,,,,,,,,,,,,,,,,,,,,,,,,,,,,,,,,,,,,,,,,,,,,,,,,,,,,,,,,,,,,,,,,,,,,,,,,,,,,,,,,,,
wcompton,4776,fell,3.56,1,142.35,110.337,1.17875,0.642512,776.657,206.141,78.1355,47.2813,6.46745,49.2437,33.0993,14.541,23.6446,7.71756,,,,,,,,,,,,,,,,,,,,,,,,,,,,,,,,,,,,,,,,,,,,,,,,,,,,,,,,,,,,,,,,,,,,,,,,,,,,,,,,,,,,,,,,,,,,,,,,,,,,,,,,,,,,,,
wcompton,4777,fell,1.84,1,109.376,117.137,2.15117,3.48964,282.325,82.7502,38.7524,33.2683,6.15369,31.1196,16.3324,11.405,15.0028,2.48435,,,,,,,,,,,,,,,,,,,,,,,,,,,,,,,,,,,,,,,,,,,,,,,,,,,,,,,,,,,,,,,,,,,,,,,,,,,,,,,,,,,,,,,,,,,,,,,,,,,,,,,,,,,,,,
wcompton,4778,fell,1.12,1,94.9925,59.7181,1.11642,3.19352,236.782,92.7362,34.0348,15.8748,0.449439,34.5548,18.3379,14.0395,11.3738,2.15431,,,,,,,,,,,,,,,,,,,,,,,,,,,,,,,,,,,,,,,,,,,,,,,,,,,,,,,,,,,,,,,,,,,,,,,,,,,,,,,,,,,,,,,,,,,,,,,,,,,,,,,,,,,,,,
wcompton,4779,fell,2.04,1,176.249,151.597,3.10571,3.33464,264.536,82.8968,29.3855,17.0723,0.990761,24.4195,19.0449,6.79417,8.86519,2.97467,,,,,,,,,,,,,,,,,,,,,,,,,,,,,,,,,,,,,,,,,,,,,,,,,,,,,,,,,,,,,,,,,,,,,,,,,,,,,,,,,,,,,,,,,,,,,,,,,,,,,,,,,,,,,,
wcompton,4780,fell,1.02,1,122.923,92.3187,2.00306,3.05063,229.054,35.22,25.3932,7.67822,0.348588,29.4525,10.7282,13.2771,9.22221,2.74418,,,,,,,,,,,,,,,,,,,,,,,,,,,,,,,,,,,,,,,,,,,,,,,,,,,,,,,,,,,,,,,,,,,,,,,,,,,,,,,,,,,,,,,,,,,,,,,,,,,,,,,,,,,,,,
wcompton,4781,fell,1.12,1,101.2,101.749,2.25079,3.50633,197.257,72.9649,45.1177,29.922,49.6809,20.8238,13.2493,7.01972,10.3199,5.98469,,,,,,,,,,,,,,,,,,,,,,,,,,,,,,,,,,,,,,,,,,,,,,,,,,,,,,,,,,,,,,,,,,,,,,,,,,,,,,,,,,,,,,,,,,,,,,,,,,,,,,,,,,,,,,
wcompton,4782,fell,1.7,1,136.903,39.4545,1.18444,2.64605,326.581,113.968,27.7024,42.61,51.1278,27.3103,24.4333,7.92887,12.615,10.7571,,,,,,,,,,,,,,,,,,,,,,,,,,,,,,,,,,,,,,,,,,,,,,,,,,,,,,,,,,,,,,,,,,,,,,,,,,,,,,,,,,,,,,,,,,,,,,,,,,,,,,,,,,,,,,
wcompton,4783,fell,1.96,1,147.688,75.8279,1.35717,3.60903,188.386,102.959,21.0907,11.2775,7.01762,18.7995,14.46,6.04986,8.00279,4.07514,,,,,,,,,,,,,,,,,,,,,,,,,,,,,,,,,,,,,,,,,,,,,,,,,,,,,,,,,,,,,,,,,,,,,,,,,,,,,,,,,,,,,,,,,,,,,,,,,,,,,,,,,,,,,,
wcompton,4784,fell,1.66,1,210.05,141.826,1.45377,3.24363,512.842,176.08,40.289,36.3458,20.981,35.506,27.192,12.5959,16.0369,5.05642,,,,,,,,,,,,,,,,,,,,,,,,,,,,,,,,,,,,,,,,,,,,,,,,,,,,,,,,,,,,,,,,,,,,,,,,,,,,,,,,,,,,,,,,,,,,,,,,,,,,,,,,,,,,,,
wcompton,4785,fell,2.24,1,130.354,133.791,2.24173,3.98506,349.545,106.145,36.7779,17.1893,70.0434,41.0425,19.86,16.6527,13.8298,6.10114,,,,,,,,,,,,,,,,,,,,,,,,,,,,,,,,,,,,,,,,,,,,,,,,,,,,,,,,,,,,,,,,,,,,,,,,,,,,,,,,,,,,,,,,,,,,,,,,,,,,,,,,,,,,,,
wcompton,4786,fell,1.74,1,145.732,25.962,3.06957,3.79097,345.248,109.379,25.7445,22.2329,0.697796,65.8619,30.945,26.2884,19.5665,3.54368,,,,,,,,,,,,,,,,,,,,,,,,,,,,,,,,,,,,,,,,,,,,,,,,,,,,,,,,,,,,,,,,,,,,,,,,,,,,,,,,,,,,,,,,,,,,,,,,,,,,,,,,,,,,,,
wcompton,4787,fell,1.8,1,88.7327,118.44,2.25591,3.75813,241.967,87.4102,26.951,18.0129,5.73754,29.3601,19.6536,10.1238,13.6911,7.16123,,,,,,,,,,,,,,,,,,,,,,,,,,,,,,,,,,,,,,,,,,,,,,,,,,,,,,,,,,,,,,,,,,,,,,,,,,,,,,,,,,,,,,,,,,,,,,,,,,,,,,,,,,,,,,
wcompton,4788,fell,1.16,1,35.4932,59.4712,2.53028,3.07864,1136.17,128.536,56.3097,21.8139,0.532556,36.9792,18.7505,9.14697,10.6531,2.22963,,,,,,,,,,,,,,,,,,,,,,,,,,,,,,,,,,,,,,,,,,,,,,,,,,,,,,,,,,,,,,,,,,,,,,,,,,,,,,,,,,,,,,,,,,,,,,,,,,,,,,,,,,,,,,
wcompton,4789,fell,2.12,1,161.208,22.0866,1.70945,3.08487,365.635,73.9436,43.2112,33.9093,67.1544,33.4445,19.9973,13.3381,18.4154,7.79905,,,,,,,,,,,,,,,,,,,,,,,,,,,,,,,,,,,,,,,,,,,,,,,,,,,,,,,,,,,,,,,,,,,,,,,,,,,,,,,,,,,,,,,,,,,,,,,,,,,,,,,,,,,,,,
wcompton,4790,fell,1.84,1,110.926,19.4625,1.48617,1.286,340.108,84.9159,41.2417,22.3331,0.652968,34.4452,16.2847,13.0658,12.9979,2.56326,,,,,,,,,,,,,,,,,,,,,,,,,,,,,,,,,,,,,,,,,,,,,,,,,,,,,,,,,,,,,,,,,,,,,,,,,,,,,,,,,,,,,,,,,,,,,,,,,,,,,,,,,,,,,,
wcompton,4791,fell,2.6,1,190.465,63.1595,3.0935,4.19763,499.285,157.052,55.7195,40.0202,1.29333,44.0958,27.204,16.5303,14.6638,1.91305,,,,,,,,,,,,,,,,,,,,,,,,,,,,,,,,,,,,,,,,,,,,,,,,,,,,,,,,,,,,,,,,,,,,,,,,,,,,,,,,,,,,,,,,,,,,,,,,,,,,,,,,,,,,,,
wcompton,4792,fell,1.9,1,115.997,77.7095,3.14059,4.27684,371.747,68.6984,23.6751,8.81263,0.87163,39.9407,19.0131,15.9641,11.7717,2.84334,,,,,,,,,,,,,,,,,,,,,,,,,,,,,,,,,,,,,,,,,,,,,,,,,,,,,,,,,,,,,,,,,,,,,,,,,,,,,,,,,,,,,,,,,,,,,,,,,,,,,,,,,,,,,,
wcompton,4793,fell,2.02,1,49.8708,154.981,0.983155,0.502359,1098.55,199.971,103.671,91.0153,33.7916,57.3747,33.2175,16.2851,31.782,13.8428,,,,,,,,,,,,,,,,,,,,,,,,,,,,,,,,,,,,,,,,,,,,,,,,,,,,,,,,,,,,,,,,,,,,,,,,,,,,,,,,,,,,,,,,,,,,,,,,,,,,,,,,,,,,,,
wcompton,4794,fell,2.62,1,124.235,44.1338,2.35527,3.98725,323.378,93.3876,43.2876,20.2295,1.35554,26.691,20.3804,7.54027,9.79018,2.09436,,,,,,,,,,,,,,,,,,,,,,,,,,,,,,,,,,,,,,,,,,,,,,,,,,,,,,,,,,,,,,,,,,,,,,,,,,,,,,,,,,,,,,,,,,,,,,,,,,,,,,,,,,,,,,
wcompton,4795,fell,1.62,1,129.239,2.2021,1.62596,3.41948,340.488,137.828,31.6006,28.9959,22.1369,30.3684,30.5449,9.30339,10.3924,6.91395,,,,,,,,,,,,,,,,,,,,,,,,,,,,,,,,,,,,,,,,,,,,,,,,,,,,,,,,,,,,,,,,,,,,,,,,,,,,,,,,,,,,,,,,,,,,,,,,,,,,,,,,,,,,,,
wcompton,4796,fell,2.12,1,162.681,67.8525,1.98039,2.13333,302.8,82.406,30.8123,23.5117,143.559,35.3047,17.3126,14.1705,14.9543,13.2532,,,,,,,,,,,,,,,,,,,,,,,,,,,,,,,,,,,,,,,,,,,,,,,,,,,,,,,,,,,,,,,,,,,,,,,,,,,,,,,,,,,,,,,,,,,,,,,,,,,,,,,,,,,,,,
wcompton,4797,fell,2.18,1,112.642,147.825,1.79401,2.99928,466.871,110.805,57.1175,51.7737,36.7892,35.176,21.4727,13.239,14.5068,8.61998,,,,,,,,,,,,,,,,,,,,,,,,,,,,,,,,,,,,,,,,,,,,,,,,,,,,,,,,,,,,,,,,,,,,,,,,,,,,,,,,,,,,,,,,,,,,,,,,,,,,,,,,,,,,,,
wcompton,4798,fell,2.78,1,168.2,65.7275,2.32442,3.76983,428.925,118.996,47.6256,22.6569,8.27165,44.2831,20.3025,17.2819,13.4365,2.65445,,,,,,,,,,,,,,,,,,,,,,,,,,,,,,,,,,,,,,,,,,,,,,,,,,,,,,,,,,,,,,,,,,,,,,,,,,,,,,,,,,,,,,,,,,,,,,,,,,,,,,,,,,,,,,
wcompton,4799,fell,1.62,1,98.6132,11.8551,2.01618,3.30247,305.389,87.5299,36.9424,34.8239,1.96686,26.4105,21.6926,8.49989,11.8876,2.60094,,,,,,,,,,,,,,,,,,,,,,,,,,,,,,,,,,,,,,,,,,,,,,,,,,,,,,,,,,,,,,,,,,,,,,,,,,,,,,,,,,,,,,,,,,,,,,,,,,,,,,,,,,,,,,
wcompton,4800,fell,2.28,1,183.632,24.7001,1.86111,3.4585,352.795,117.703,34.1207,23.3462,25.67,25.9877,21.2924,7.5468,9.08415,5.48322,,,,,,,,,,,,,,,,,,,,,,,,,,,,,,,,,,,,,,,,,,,,,,,,,,,,,,,,,,,,,,,,,,,,,,,,,,,,,,,,,,,,,,,,,,,,,,,,,,,,,,,,,,,,,,
wcompton,4801,fell,1.78,1,230.121,36.5925,1.69779,3.51943,334.496,163.16,53.6522,54.5076,3.40016,28.8961,22.3249,9.40133,16.3017,3.09095,,,,,,,,,,,,,,,,,,,,,,,,,,,,,,,,,,,,,,,,,,,,,,,,,,,,,,,,,,,,,,,,,,,,,,,,,,,,,,,,,,,,,,,,,,,,,,,,,,,,,,,,,,,,,,
wcompton,4802,fell,2.34,1,130.77,18.7445,2.44437,4.40344,459.11,97.7536,40.4112,38.4451,1.96659,23.0806,19.9298,7.53237,11.1647,5.7456,,,,,,,,,,,,,,,,,,,,,,,,,,,,,,,,,,,,,,,,,,,,,,,,,,,,,,,,,,,,,,,,,,,,,,,,,,,,,,,,,,,,,,,,,,,,,,,,,,,,,,,,,,,,,,
wcompton,4803,fell,2.2,1,104.059,34.1639,2.57372,3.97715,307.313,83.2009,27.6546,24.9845,33.8067,25.423,16.5425,8.63082,12.2537,9.15397,,,,,,,,,,,,,,,,,,,,,,,,,,,,,,,,,,,,,,,,,,,,,,,,,,,,,,,,,,,,,,,,,,,,,,,,,,,,,,,,,,,,,,,,,,,,,,,,,,,,,,,,,,,,,,
wcompton,4804,fell,2.06,1,129.18,125.806,2.83593,3.77878,350.441,128.261,38.9862,17.0382,6.37073,39.233,25.896,14.3955,12.3214,2.05105,,,,,,,,,,,,,,,,,,,,,,,,,,,,,,,,,,,,,,,,,,,,,,,,,,,,,,,,,,,,,,,,,,,,,,,,,,,,,,,,,,,,,,,,,,,,,,,,,,,,,,,,,,,,,,
wcompton,4805,fell,0.84,1,115.699,176.855,2.19627,3.43129,318.208,49.5936,37.1247,24.9414,0.237157,34.4919,14.3144,14.6575,9.17663,0.852051,,,,,,,,,,,,,,,,,,,,,,,,,,,,,,,,,,,,,,,,,,,,,,,,,,,,,,,,,,,,,,,,,,,,,,,,,,,,,,,,,,,,,,,,,,,,,,,,,,,,,,,,,,,,,,
wcompton,4806,fell,1.7,1,83.1579,142.447,1.20815,3.53736,357.158,84.328,25.8384,21.6341,60.0852,44.7111,24.1217,18.8885,16.0526,6.12334,,,,,,,,,,,,,,,,,,,,,,,,,,,,,,,,,,,,,,,,,,,,,,,,,,,,,,,,,,,,,,,,,,,,,,,,,,,,,,,,,,,,,,,,,,,,,,,,,,,,,,,,,,,,,,
wcompton,4807,fell,1.72,1,132.248,56.1114,1.75175,4.02599,255.293,113.173,34.3674,16.7001,0.674067,26.5645,19.1521,10.1598,11.9806,1.81691,,,,,,,,,,,,,,,,,,,,,,,,,,,,,,,,,,,,,,,,,,,,,,,,,,,,,,,,,,,,,,,,,,,,,,,,,,,,,,,,,,,,,,,,,,,,,,,,,,,,,,,,,,,,,,
wcompton,4808,fell,1.6,1,197.411,65.3176,1.95343,3.44629,290.023,77.1617,32.7678,28.0618,77.2495,30.4278,18.5208,12.0385,16.2435,8.38492,,,,,,,,,,,,,,,,,,,,,,,,,,,,,,,,,,,,,,,,,,,,,,,,,,,,,,,,,,,,,,,,,,,,,,,,,,,,,,,,,,,,,,,,,,,,,,,,,,,,,,,,,,,,,,
wcompton,4809,fell,2.76,1,121.796,5.56612,1.5137,3.77414,298.753,128.33,37.5164,11.8814,0.76881,42.5905,20.8416,18.2227,13.4266,2.49022,,,,,,,,,,,,,,,,,,,,,,,,,,,,,,,,,,,,,,,,,,,,,,,,,,,,,,,,,,,,,,,,,,,,,,,,,,,,,,,,,,,,,,,,,,,,,,,,,,,,,,,,,,,,,,
wcompton,4810,fell,2.06,1,108.207,16.2982,1.48088,3.57132,260.169,92.3729,29.466,22.302,1.17457,24.0967,16.3164,7.19311,10.0069,3.52657,,,,,,,,,,,,,,,,,,,,,,,,,,,,,,,,,,,,,,,,,,,,,,,,,,,,,,,,,,,,,,,,,,,,,,,,,,,,,,,,,,,,,,,,,,,,,,,,,,,,,,,,,,,,,,
wcompton,4811,fell,1.24,1,21.502,132.642,1.03494,3.51135,257.213,58.7828,33.4753,23.4108,64.4321,27.7395,16.7972,11.3723,12.3586,6.97373,,,,,,,,,,,,,,,,,,,,,,,,,,,,,,,,,,,,,,,,,,,,,,,,,,,,,,,,,,,,,,,,,,,,,,,,,,,,,,,,,,,,,,,,,,,,,,,,,,,,,,,,,,,,,,
wcompton,4812,fell,2.7,1,151.109,43.9988,2.1313,3.38275,324.561,159.636,34.0388,32.4403,8.98985,28.0185,22.34,9.24279,12.2158,7.68268,,,,,,,,,,,,,,,,,,,,,,,,,,,,,,,,,,,,,,,,,,,,,,,,,,,,,,,,,,,,,,,,,,,,,,,,,,,,,,,,,,,,,,,,,,,,,,,,,,,,,,,,,,,,,,
wcompton,4813,fell,1.48,1,114.927,11.2526,1.4258,3.52003,245.312,124.906,26.1365,11.3999,0.602388,25.5971,20.3531,8.66447,10.1455,2.293,,,,,,,,,,,,,,,,,,,,,,,,,,,,,,,,,,,,,,,,,,,,,,,,,,,,,,,,,,,,,,,,,,,,,,,,,,,,,,,,,,,,,,,,,,,,,,,,,,,,,,,,,,,,,,
wcompton,4814,fell,1.98,1,148.896,17.2705,2.76782,2.63644,315.85,91.7346,34.5635,103.384,5.64118,41.2882,23.2065,17.6947,20.4,6.09111,,,,,,,,,,,,,,,,,,,,,,,,,,,,,,,,,,,,,,,,,,,,,,,,,,,,,,,,,,,,,,,,,,,,,,,,,,,,,,,,,,,,,,,,,,,,,,,,,,,,,,,,,,,,,,
wcompton,4815,fell,1.46,1,82.8006,39.6978,1.0835,3.02571,318.463,83.4612,47.3936,38.8944,9.72148,28.2214,22.6127,10.5837,16.1603,6.17029,,,,,,,,,,,,,,,,,,,,,,,,,,,,,,,,,,,,,,,,,,,,,,,,,,,,,,,,,,,,,,,,,,,,,,,,,,,,,,,,,,,,,,,,,,,,,,,,,,,,,,,,,,,,,,
wcompton,4816,fell,1.56,1,199.856,75.4449,2.42246,4.01605,303.599,59.3525,35.8778,18.8389,0.645365,30.5476,14.2706,11.1518,10.0596,2.06004,,,,,,,,,,,,,,,,,,,,,,,,,,,,,,,,,,,,,,,,,,,,,,,,,,,,,,,,,,,,,,,,,,,,,,,,,,,,,,,,,,,,,,,,,,,,,,,,,,,,,,,,,,,,,,
wcompton,4817,fell,2.04,1,131.651,14.0773,2.47103,3.65579,349.938,101.773,49.1973,32.8246,27.3164,27.0069,18.2494,9.65857,14.053,6.17746,,,,,,,,,,,,,,,,,,,,,,,,,,,,,,,,,,,,,,,,,,,,,,,,,,,,,,,,,,,,,,,,,,,,,,,,,,,,,,,,,,,,,,,,,,,,,,,,,,,,,,,,,,,,,,
wcompton,4818,fell,1.7,1,58.399,29.8944,1.48682,3.05434,249.034,69.1195,24.8739,29.0206,81.5967,25.0026,13.1574,9.62298,15.1017,7.92029,,,,,,,,,,,,,,,,,,,,,,,,,,,,,,,,,,,,,,,,,,,,,,,,,,,,,,,,,,,,,,,,,,,,,,,,,,,,,,,,,,,,,,,,,,,,,,,,,,,,,,,,,,,,,,
wcompton,4819,fell,1.88,1,105.616,26.5655,1.66361,3.65762,221.168,72.8316,20.9801,9.03573,0.686676,22.3223,16.6211,6.78805,8.31694,2.33592,,,,,,,,,,,,,,,,,,,,,,,,,,,,,,,,,,,,,,,,,,,,,,,,,,,,,,,,,,,,,,,,,,,,,,,,,,,,,,,,,,,,,,,,,,,,,,,,,,,,,,,,,,,,,,
wcompton,4820,fell,1.38,1,27.9187,110.951,2.12456,2.36417,331.265,44.6891,52.5042,67.5948,21.6473,29.3254,11.797,12.4925,18.1492,9.45705,,,,,,,,,,,,,,,,,,,,,,,,,,,,,,,,,,,,,,,,,,,,,,,,,,,,,,,,,,,,,,,,,,,,,,,,,,,,,,,,,,,,,,,,,,,,,,,,,,,,,,,,,,,,,,
wcompton,4821,fell,2.04,1,48.6926,71.1231,1.47624,3.29889,366.73,87.9161,43.3317,42.4645,51.1797,26.521,17.8025,8.17024,11.287,3.81346,,,,,,,,,,,,,,,,,,,,,,,,,,,,,,,,,,,,,,,,,,,,,,,,,,,,,,,,,,,,,,,,,,,,,,,,,,,,,,,,,,,,,,,,,,,,,,,,,,,,,,,,,,,,,,
wcompton,4822,fell,1.22,1,125.035,39.8991,2.07585,3.99729,223.236,73.471,34.9512,22.298,40.1843,20.6405,13.4385,6.93175,7.8242,3.52265,,,,,,,,,,,,,,,,,,,,,,,,,,,,,,,,,,,,,,,,,,,,,,,,,,,,,,,,,,,,,,,,,,,,,,,,,,,,,,,,,,,,,,,,,,,,,,,,,,,,,,,,,,,,,,
wcompton,4823,fell,1.52,1,143.583,155.795,1.85462,3.30258,277.215,69.1292,30.5591,23.6334,18.4907,34.0575,19.3244,12.0824,16.1234,5.66474,,,,,,,,,,,,,,,,,,,,,,,,,,,,,,,,,,,,,,,,,,,,,,,,,,,,,,,,,,,,,,,,,,,,,,,,,,,,,,,,,,,,,,,,,,,,,,,,,,,,,,,,,,,,,,
wcompton,4824,fell,2.02,1,157.729,171.368,1.32847,3.10663,453.393,99.0167,46.2711,45.2723,10.1691,40.2897,18.9615,16.1703,16.8206,7.87498,,,,,,,,,,,,,,,,,,,,,,,,,,,,,,,,,,,,,,,,,,,,,,,,,,,,,,,,,,,,,,,,,,,,,,,,,,,,,,,,,,,,,,,,,,,,,,,,,,,,,,,,,,,,,,
wcompton,4825,fell,1.86,1,124.265,7.70775,0.950046,0.433281,429.544,121.478,42.3066,52.3779,5.22738,30.1404,22.5182,9.97999,22.8811,7.98956,,,,,,,,,,,,,,,,,,,,,,,,,,,,,,,,,,,,,,,,,,,,,,,,,,,,,,,,,,,,,,,,,,,,,,,,,,,,,,,,,,,,,,,,,,,,,,,,,,,,,,,,,,,,,,
wcompton,4826,fell,2.36,1,107.104,98.7436,1.65948,3.30227,486.97,134.849,46.9658,30.6503,45.4641,40.1791,21.4489,14.525,16.85,4.76295,,,,,,,,,,,,,,,,,,,,,,,,,,,,,,,,,,,,,,,,,,,,,,,,,,,,,,,,,,,,,,,,,,,,,,,,,,,,,,,,,,,,,,,,,,,,,,,,,,,,,,,,,,,,,,
wcompton,4827,fell,1.9,1,125.746,18.7621,2.46219,3.67202,286.016,79.8248,27.3676,8.61017,0.951422,54.5398,21.0177,24.4588,17.0661,2.75767,,,,,,,,,,,,,,,,,,,,,,,,,,,,,,,,,,,,,,,,,,,,,,,,,,,,,,,,,,,,,,,,,,,,,,,,,,,,,,,,,,,,,,,,,,,,,,,,,,,,,,,,,,,,,,
wcompton,4828,fell,2.12,1,129.306,133.144,3.00111,3.72647,376.505,104.344,28.2002,19.5158,12.4707,39.2177,25.9226,13.9194,14.6697,6.07137,,,,,,,,,,,,,,,,,,,,,,,,,,,,,,,,,,,,,,,,,,,,,,,,,,,,,,,,,,,,,,,,,,,,,,,,,,,,,,,,,,,,,,,,,,,,,,,,,,,,,,,,,,,,,,
wcompton,4829,fell,2.1,1,211.958,19.8444,1.63974,3.09782,366.949,163.978,31.7045,16.3404,31.3385,31.1252,26.1069,8.55309,12.6782,7.53003,,,,,,,,,,,,,,,,,,,,,,,,,,,,,,,,,,,,,,,,,,,,,,,,,,,,,,,,,,,,,,,,,,,,,,,,,,,,,,,,,,,,,,,,,,,,,,,,,,,,,,,,,,,,,,
wcompton,4830,fell,1.28,1,113.893,39.6518,1.41451,3.73737,215.713,87.8264,25.7219,9.3096,0.606064,45.3185,14.6702,21.692,14.257,3.456,,,,,,,,,,,,,,,,,,,,,,,,,,,,,,,,,,,,,,,,,,,,,,,,,,,,,,,,,,,,,,,,,,,,,,,,,,,,,,,,,,,,,,,,,,,,,,,,,,,,,,,,,,,,,,
wcompton,4831,fell,1.82,1,59.3964,37.3313,2.16419,2.82602,209.363,71.9209,23.3083,40.3871,62.3068,21.9522,13.6184,8.39983,10.2839,7.52144,,,,,,,,,,,,,,,,,,,,,,,,,,,,,,,,,,,,,,,,,,,,,,,,,,,,,,,,,,,,,,,,,,,,,,,,,,,,,,,,,,,,,,,,,,,,,,,,,,,,,,,,,,,,,,
wcompton,4832,fell,2.08,1,179.414,66.5974,1.86856,3.73693,401.134,121.788,44.9566,34.7846,7.24893,41.1222,22.313,17.0776,15.4495,5.2913,,,,,,,,,,,,,,,,,,,,,,,,,,,,,,,,,,,,,,,,,,,,,,,,,,,,,,,,,,,,,,,,,,,,,,,,,,,,,,,,,,,,,,,,,,,,,,,,,,,,,,,,,,,,,,
wcompton,4833,fell,2.46,1,104.127,23.2252,2.60326,3.78085,400.106,119.572,44.6045,32.9438,1.2005,35.7042,22.985,12.964,12.368,2.95511,,,,,,,,,,,,,,,,,,,,,,,,,,,,,,,,,,,,,,,,,,,,,,,,,,,,,,,,,,,,,,,,,,,,,,,,,,,,,,,,,,,,,,,,,,,,,,,,,,,,,,,,,,,,,,
wcompton,4834,fell,1.96,1,71.7339,32.78,3.09894,3.99987,313.213,64.6194,28.83,24.3381,0.79969,29.0985,15.7458,11.2878,11.3101,1.53384,,,,,,,,,,,,,,,,,,,,,,,,,,,,,,,,,,,,,,,,,,,,,,,,,,,,,,,,,,,,,,,,,,,,,,,,,,,,,,,,,,,,,,,,,,,,,,,,,,,,,,,,,,,,,,
wcompton,4835,fell,2.6,1,91.6159,56.0426,0.83306,0.675478,559.019,148.574,58.5616,53.2415,6.70249,57.8908,34.235,21.1861,24.8106,7.74728,,,,,,,,,,,,,,,,,,,,,,,,,,,,,,,,,,,,,,,,,,,,,,,,,,,,,,,,,,,,,,,,,,,,,,,,,,,,,,,,,,,,,,,,,,,,,,,,,,,,,,,,,,,,,,
wcompton,4836,fell,2.34,1,183.377,160.888,2.24009,4.01856,471.045,116.276,41.4658,20.1126,34.7356,49.1864,26.7136,18.1462,13.9436,4.54753,,,,,,,,,,,,,,,,,,,,,,,,,,,,,,,,,,,,,,,,,,,,,,,,,,,,,,,,,,,,,,,,,,,,,,,,,,,,,,,,,,,,,,,,,,,,,,,,,,,,,,,,,,,,,,
wcompton,4837,fell,2.08,1,153.658,44.1689,1.84958,3.42716,482.221,73.766,57.4492,35.5725,1.14824,26.391,14.7845,9.57039,14.6673,2.96327,,,,,,,,,,,,,,,,,,,,,,,,,,,,,,,,,,,,,,,,,,,,,,,,,,,,,,,,,,,,,,,,,,,,,,,,,,,,,,,,,,,,,,,,,,,,,,,,,,,,,,,,,,,,,,
wcompton,4838,fell,1.98,1,88.3459,106.497,1.49115,3.36112,262.936,125.424,27.8602,64.1569,2.60645,28.9665,20.7412,9.38369,14.567,4.43657,,,,,,,,,,,,,,,,,,,,,,,,,,,,,,,,,,,,,,,,,,,,,,,,,,,,,,,,,,,,,,,,,,,,,,,,,,,,,,,,,,,,,,,,,,,,,,,,,,,,,,,,,,,,,,
wcompton,4839,fell,1.68,1,104.151,22.1548,2.71862,4.22712,356.922,54.4047,49.6112,23.6078,0.666481,45.241,17.4053,19.2739,14.585,2.03277,,,,,,,,,,,,,,,,,,,,,,,,,,,,,,,,,,,,,,,,,,,,,,,,,,,,,,,,,,,,,,,,,,,,,,,,,,,,,,,,,,,,,,,,,,,,,,,,,,,,,,,,,,,,,,
wcompton,4840,fell,1.86,1,76.0327,77.5055,1.82206,2.66148,261.904,96.7259,31.5825,56.9785,34.4374,27.1938,18.9872,9.2366,13.977,5.59396,,,,,,,,,,,,,,,,,,,,,,,,,,,,,,,,,,,,,,,,,,,,,,,,,,,,,,,,,,,,,,,,,,,,,,,,,,,,,,,,,,,,,,,,,,,,,,,,,,,,,,,,,,,,,,
wcompton,4841,fell,1.4,1,176.905,51.1146,2.43329,0.894337,633.414,194.556,52.4973,33.996,1.91526,39.9561,28.1779,12.0487,14.9112,3.78216,,,,,,,,,,,,,,,,,,,,,,,,,,,,,,,,,,,,,,,,,,,,,,,,,,,,,,,,,,,,,,,,,,,,,,,,,,,,,,,,,,,,,,,,,,,,,,,,,,,,,,,,,,,,,,
wcompton,4842,fell,1.62,1,120.583,108.434,2.05005,3.53127,290.889,64.3231,21.2033,19.1582,41.0747,23.5777,16.787,7.89171,11.1402,4.58553,,,,,,,,,,,,,,,,,,,,,,,,,,,,,,,,,,,,,,,,,,,,,,,,,,,,,,,,,,,,,,,,,,,,,,,,,,,,,,,,,,,,,,,,,,,,,,,,,,,,,,,,,,,,,,
wcompton,4843,fell,1.48,1,85.2187,113.68,1.14055,3.47359,261.302,63.8426,18.0416,15.7797,0.277301,27.3047,16.0464,10.1463,8.45569,0.80061,,,,,,,,,,,,,,,,,,,,,,,,,,,,,,,,,,,,,,,,,,,,,,,,,,,,,,,,,,,,,,,,,,,,,,,,,,,,,,,,,,,,,,,,,,,,,,,,,,,,,,,,,,,,,,
wcompton,4844,fell,1.54,1,73.0934,12.106,1.90001,3.27961,317.588,78.7641,33.7252,43.5499,39.749,26.7436,20.1649,9.45766,10.0533,6.5047,,,,,,,,,,,,,,,,,,,,,,,,,,,,,,,,,,,,,,,,,,,,,,,,,,,,,,,,,,,,,,,,,,,,,,,,,,,,,,,,,,,,,,,,,,,,,,,,,,,,,,,,,,,,,,
wcompton,4845,fell,2.28,1,201.661,81.7147,2.37056,3.36212,360.674,97.4614,35.8678,27.7897,58.6113,37.9638,18.3807,16.8428,16.7945,7.24411,,,,,,,,,,,,,,,,,,,,,,,,,,,,,,,,,,,,,,,,,,,,,,,,,,,,,,,,,,,,,,,,,,,,,,,,,,,,,,,,,,,,,,,,,,,,,,,,,,,,,,,,,,,,,,
wcompton,4846,fell,2.04,1,118.457,59.1602,1.42983,1.71544,302.019,62.8339,33.8012,35.8323,81.2843,28.049,15.7053,10.8468,17.3144,12.8994,,,,,,,,,,,,,,,,,,,,,,,,,,,,,,,,,,,,,,,,,,,,,,,,,,,,,,,,,,,,,,,,,,,,,,,,,,,,,,,,,,,,,,,,,,,,,,,,,,,,,,,,,,,,,,
wcompton,4847,fell,2.62,1,142.393,37.8462,1.81624,3.84567,360.752,91.7658,32.658,24.1472,2.2794,39.4056,20.8596,14.5348,15.7429,4.72199,,,,,,,,,,,,,,,,,,,,,,,,,,,,,,,,,,,,,,,,,,,,,,,,,,,,,,,,,,,,,,,,,,,,,,,,,,,,,,,,,,,,,,,,,,,,,,,,,,,,,,,,,,,,,,
wcompton,4848,fell,1.9,1,117.81,0.809702,2.29956,3.98463,301.118,81.5769,50.5385,29.3136,20.422,28.8836,20.1333,10.5523,11.7465,5.79183,,,,,,,,,,,,,,,,,,,,,,,,,,,,,,,,,,,,,,,,,,,,,,,,,,,,,,,,,,,,,,,,,,,,,,,,,,,,,,,,,,,,,,,,,,,,,,,,,,,,,,,,,,,,,,
wcompton,4849,fell,2.3,1,118.118,3.9224,1.98452,2.72247,379.95,91.0867,38.7462,33.3188,52.9107,34.1401,18.9411,13.5957,13.6667,6.16615,,,,,,,,,,,,,,,,,,,,,,,,,,,,,,,,,,,,,,,,,,,,,,,,,,,,,,,,,,,,,,,,,,,,,,,,,,,,,,,,,,,,,,,,,,,,,,,,,,,,,,,,,,,,,,
wcompton,4850,fell,1.98,1,144.317,46.4311,1.68509,2.76383,446.708,65.9152,47.7081,38.9937,7.77383,31.7953,19.8953,12.1949,12.8733,4.35278,,,,,,,,,,,,,,,,,,,,,,,,,,,,,,,,,,,,,,,,,,,,,,,,,,,,,,,,,,,,,,,,,,,,,,,,,,,,,,,,,,,,,,,,,,,,,,,,,,,,,,,,,,,,,,
wcompton,4851,fell,2.22,1,93.8468,155.583,2.43521,3.68121,404.249,103.853,42.9786,44.3456,13.8534,27.1383,20.6505,7.85236,14.442,7.95721,,,,,,,,,,,,,,,,,,,,,,,,,,,,,,,,,,,,,,,,,,,,,,,,,,,,,,,,,,,,,,,,,,,,,,,,,,,,,,,,,,,,,,,,,,,,,,,,,,,,,,,,,,,,,,
wcompton,4852,fell,2.1,1,136.676,55.8164,2.84458,3.98643,346.1,106.952,35.5141,16.9941,1.65852,30.8881,19.339,10.8865,13.7898,4.18996,,,,,,,,,,,,,,,,,,,,,,,,,,,,,,,,,,,,,,,,,,,,,,,,,,,,,,,,,,,,,,,,,,,,,,,,,,,,,,,,,,,,,,,,,,,,,,,,,,,,,,,,,,,,,,
wcompton,4853,fell,1.14,1,54.6179,11.279,2.07441,4.19753,226.531,44.5536,22.8855,25.3894,26.6526,24.6111,10.9435,10.3092,11.1149,3.03297,,,,,,,,,,,,,,,,,,,,,,,,,,,,,,,,,,,,,,,,,,,,,,,,,,,,,,,,,,,,,,,,,,,,,,,,,,,,,,,,,,,,,,,,,,,,,,,,,,,,,,,,,,,,,,
wcompton,4854,fell,1.68,1,144.682,88.6182,1.75111,3.26382,384.872,104.735,41.6291,35.202,37.7279,33.0703,20.7027,11.2152,13.112,4.81792,,,,,,,,,,,,,,,,,,,,,,,,,,,,,,,,,,,,,,,,,,,,,,,,,,,,,,,,,,,,,,,,,,,,,,,,,,,,,,,,,,,,,,,,,,,,,,,,,,,,,,,,,,,,,,
wcompton,4855,fell,1.1,1,132.014,178.788,1.83652,2.41875,283.774,49.5445,29.6481,51.0913,97.0208,24.1281,17.2739,7.83816,14.7573,7.32717,,,,,,,,,,,,,,,,,,,,,,,,,,,,,,,,,,,,,,,,,,,,,,,,,,,,,,,,,,,,,,,,,,,,,,,,,,,,,,,,,,,,,,,,,,,,,,,,,,,,,,,,,,,,,,
wcompton,4856,fell,1.38,1,184.924,147.312,2.89205,3.31392,789.76,77.6269,60.8826,30.2703,0.764251,39.6168,18.6148,12.3569,10.6764,1.89086,,,,,,,,,,,,,,,,,,,,,,,,,,,,,,,,,,,,,,,,,,,,,,,,,,,,,,,,,,,,,,,,,,,,,,,,,,,,,,,,,,,,,,,,,,,,,,,,,,,,,,,,,,,,,,
wcompton,4857,fell,2.66,1,111.105,5.22503,1.50597,3.76335,367.214,105.291,37.6347,16.1563,17.5478,51.9585,21.3715,20.8998,16.2606,4.91224,,,,,,,,,,,,,,,,,,,,,,,,,,,,,,,,,,,,,,,,,,,,,,,,,,,,,,,,,,,,,,,,,,,,,,,,,,,,,,,,,,,,,,,,,,,,,,,,,,,,,,,,,,,,,,
wcompton,4858,fell,1.04,1,161.582,43.3053,2.36965,3.12901,181.613,33.8722,34.7191,32.2543,74.9161,23.2324,12.8157,9.69118,11.4832,5.90142,,,,,,,,,,,,,,,,,,,,,,,,,,,,,,,,,,,,,,,,,,,,,,,,,,,,,,,,,,,,,,,,,,,,,,,,,,,,,,,,,,,,,,,,,,,,,,,,,,,,,,,,,,,,,,
wcompton,4859,fell,1.92,1,102.535,25.9378,1.82692,3.332,322.876,126.124,25.6789,23.8022,2.49612,33.5128,22.5424,11.6107,11.7084,4.46581,,,,,,,,,,,,,,,,,,,,,,,,,,,,,,,,,,,,,,,,,,,,,,,,,,,,,,,,,,,,,,,,,,,,,,,,,,,,,,,,,,,,,,,,,,,,,,,,,,,,,,,,,,,,,,
wcompton,4860,fell,2.98,1,234.882,25.8085,2.67458,3.226,462.983,145.166,57.4059,68.1537,19.8719,34.0032,27.6741,10.6106,15.6996,5.84829,,,,,,,,,,,,,,,,,,,,,,,,,,,,,,,,,,,,,,,,,,,,,,,,,,,,,,,,,,,,,,,,,,,,,,,,,,,,,,,,,,,,,,,,,,,,,,,,,,,,,,,,,,,,,,
wcompton,4861,fell,1.98,1,118.285,38.7994,1.95909,3.62466,247.552,72.6183,27.0029,19.5265,26.4725,29.5261,15.3939,11.8335,13.2665,8.95475,,,,,,,,,,,,,,,,,,,,,,,,,,,,,,,,,,,,,,,,,,,,,,,,,,,,,,,,,,,,,,,,,,,,,,,,,,,,,,,,,,,,,,,,,,,,,,,,,,,,,,,,,,,,,,
wcompton,4862,fell,2.24,1,103.13,16.2244,1.92251,3.39224,387.09,82.1355,33.128,31.0437,5.74465,37.518,22.2507,14.3871,14.2633,2.36671,,,,,,,,,,,,,,,,,,,,,,,,,,,,,,,,,,,,,,,,,,,,,,,,,,,,,,,,,,,,,,,,,,,,,,,,,,,,,,,,,,,,,,,,,,,,,,,,,,,,,,,,,,,,,,
wcompton,4863,fell,2.36,1,233.507,98.9542,1.4639,2.9234,669.839,216.987,68.8618,58.6696,24.5913,39.9353,30.2416,11.3095,16.202,5.80149,,,,,,,,,,,,,,,,,,,,,,,,,,,,,,,,,,,,,,,,,,,,,,,,,,,,,,,,,,,,,,,,,,,,,,,,,,,,,,,,,,,,,,,,,,,,,,,,,,,,,,,,,,,,,,
wcompton,4864,fell,1.56,1,98.6472,23.2576,2.54843,4.08616,297.444,64.2976,35.7106,12.5647,0.513447,31.3944,13.3866,12.7035,10.4407,2.68175,,,,,,,,,,,,,,,,,,,,,,,,,,,,,,,,,,,,,,,,,,,,,,,,,,,,,,,,,,,,,,,,,,,,,,,,,,,,,,,,,,,,,,,,,,,,,,,,,,,,,,,,,,,,,,
wcompton,4865,fell,2.06,1,78.4352,57.8083,1.97306,3.41907,364.38,82.0122,39.3667,42.8869,33.6149,24.4758,18.9872,7.73758,11.925,4.59543,,,,,,,,,,,,,,,,,,,,,,,,,,,,,,,,,,,,,,,,,,,,,,,,,,,,,,,,,,,,,,,,,,,,,,,,,,,,,,,,,,,,,,,,,,,,,,,,,,,,,,,,,,,,,,
wcompton,4866,fell,2.16,1,99.2329,24.4977,2.55528,2.89679,550.197,145.494,47.2752,71.4746,44.3468,33.3695,26.7487,10.7241,16.0234,9.14655,,,,,,,,,,,,,,,,,,,,,,,,,,,,,,,,,,,,,,,,,,,,,,,,,,,,,,,,,,,,,,,,,,,,,,,,,,,,,,,,,,,,,,,,,,,,,,,,,,,,,,,,,,,,,,
wcompton,4867,fell,1.64,1,184.466,63.7203,1.74081,3.57807,368.059,102.752,49.5703,30.1726,1.8382,36.2416,24.54,12.8733,16.1121,5.48247,,,,,,,,,,,,,,,,,,,,,,,,,,,,,,,,,,,,,,,,,,,,,,,,,,,,,,,,,,,,,,,,,,,,,,,,,,,,,,,,,,,,,,,,,,,,,,,,,,,,,,,,,,,,,,
wcompton,4868,fell,1.78,1,146.102,38.196,0.619315,0.179363,581.625,136.223,56.7805,32.7136,3.72714,43.2237,26.7244,15.1759,20.64,6.64807,,,,,,,,,,,,,,,,,,,,,,,,,,,,,,,,,,,,,,,,,,,,,,,,,,,,,,,,,,,,,,,,,,,,,,,,,,,,,,,,,,,,,,,,,,,,,,,,,,,,,,,,,,,,,,
wcompton,4869,fell,1.64,1,120.522,15.2867,1.95729,3.7384,291.025,114.989,29.0254,18.1953,6.21245,35.7917,25.2045,14.7034,11.9309,4.91355,,,,,,,,,,,,,,,,,,,,,,,,,,,,,,,,,,,,,,,,,,,,,,,,,,,,,,,,,,,,,,,,,,,,,,,,,,,,,,,,,,,,,,,,,,,,,,,,,,,,,,,,,,,,,,
wcompton,4870,fell,1.86,1,141.889,28.8038,1.29393,3.56962,200.194,110.824,22.6274,13.5212,1.18241,20.7144,19.3515,5.57373,11.1755,3.75661,,,,,,,,,,,,,,,,,,,,,,,,,,,,,,,,,,,,,,,,,,,,,,,,,,,,,,,,,,,,,,,,,,,,,,,,,,,,,,,,,,,,,,,,,,,,,,,,,,,,,,,,,,,,,,
wcompton,4871,fell,2.06,1,118.574,39.9957,2.5773,3.03514,373.783,102.633,51.7276,26.4719,6.07563,30.8067,20.2251,10.7527,13.4538,3.944,,,,,,,,,,,,,,,,,,,,,,,,,,,,,,,,,,,,,,,,,,,,,,,,,,,,,,,,,,,,,,,,,,,,,,,,,,,,,,,,,,,,,,,,,,,,,,,,,,,,,,,,,,,,,,
wcompton,4872,fell,2.14,1,145.001,14.1485,2.85712,4.06178,336.364,129.215,42.1338,19.9868,13.3452,26.2993,22.9067,7.51217,10.3262,4.88949,,,,,,,,,,,,,,,,,,,,,,,,,,,,,,,,,,,,,,,,,,,,,,,,,,,,,,,,,,,,,,,,,,,,,,,,,,,,,,,,,,,,,,,,,,,,,,,,,,,,,,,,,,,,,,
wcompton,4873,fell,1.52,1,147.011,91.5294,2.17105,1.28479,304.251,84.5648,31.3333,37.4787,10.8222,20.753,15.0347,8.89589,15.9963,8.01606,,,,,,,,,,,,,,,,,,,,,,,,,,,,,,,,,,,,,,,,,,,,,,,,,,,,,,,,,,,,,,,,,,,,,,,,,,,,,,,,,,,,,,,,,,,,,,,,,,,,,,,,,,,,,,
wcompton,4874,fell,2.4,1,230.74,30.0127,1.71386,2.99368,481.334,119.41,64.289,55.1757,42.9012,41.3032,28.8807,15.1735,19.278,9.85452,,,,,,,,,,,,,,,,,,,,,,,,,,,,,,,,,,,,,,,,,,,,,,,,,,,,,,,,,,,,,,,,,,,,,,,,,,,,,,,,,,,,,,,,,,,,,,,,,,,,,,,,,,,,,,
wcompton,4875,fell,1.82,1,78.3753,143.744,1.72635,2.81596,272.373,73.9041,36.8838,90.6341,105.065,24.7201,17.8185,8.60173,18.0765,9.29538,,,,,,,,,,,,,,,,,,,,,,,,,,,,,,,,,,,,,,,,,,,,,,,,,,,,,,,,,,,,,,,,,,,,,,,,,,,,,,,,,,,,,,,,,,,,,,,,,,,,,,,,,,,,,,
wcompton,4876,fell,1.36,1,148.585,10.0443,1.88794,3.93845,229.584,53.5787,20.0572,55.7584,5.17305,21.5822,14.651,6.26057,11.2938,4.79687,,,,,,,,,,,,,,,,,,,,,,,,,,,,,,,,,,,,,,,,,,,,,,,,,,,,,,,,,,,,,,,,,,,,,,,,,,,,,,,,,,,,,,,,,,,,,,,,,,,,,,,,,,,,,,
wcompton,4877,fell,1.5,1,41.7685,30.6817,1.70162,3.07921,256.323,78.9544,28.073,48.2817,43.2597,30.5327,17.8225,11.4371,15.2655,7.561,,,,,,,,,,,,,,,,,,,,,,,,,,,,,,,,,,,,,,,,,,,,,,,,,,,,,,,,,,,,,,,,,,,,,,,,,,,,,,,,,,,,,,,,,,,,,,,,,,,,,,,,,,,,,,
wcompton,4878,fell,0.98,1,57.5212,138.352,2.45397,3.84653,161.552,105.736,14.1482,20.073,13.1716,23.324,11.9085,9.04577,9.36998,2.69177,,,,,,,,,,,,,,,,,,,,,,,,,,,,,,,,,,,,,,,,,,,,,,,,,,,,,,,,,,,,,,,,,,,,,,,,,,,,,,,,,,,,,,,,,,,,,,,,,,,,,,,,,,,,,,
wcompton,4879,fell,1.3,1,86.7714,142.426,1.3466,2.71105,227.854,84.1518,35.4117,38.2367,6.8774,25.8064,17.2385,8.32119,9.51954,5.11727,,,,,,,,,,,,,,,,,,,,,,,,,,,,,,,,,,,,,,,,,,,,,,,,,,,,,,,,,,,,,,,,,,,,,,,,,,,,,,,,,,,,,,,,,,,,,,,,,,,,,,,,,,,,,,
wcompton,4880,fell,1.6,1,114.108,106.147,1.37258,3.37714,306.478,72.7211,18.4201,22.1503,4.60037,26.6661,18.2781,8.7922,8.40982,1.59168,,,,,,,,,,,,,,,,,,,,,,,,,,,,,,,,,,,,,,,,,,,,,,,,,,,,,,,,,,,,,,,,,,,,,,,,,,,,,,,,,,,,,,,,,,,,,,,,,,,,,,,,,,,,,,
wcompton,4881,fell,2.8,1,102.815,149.169,1.14213,0.825195,1449.65,152.504,115.018,100.915,2.85485,56.1965,26.2003,19.8827,26.7663,8.55614,,,,,,,,,,,,,,,,,,,,,,,,,,,,,,,,,,,,,,,,,,,,,,,,,,,,,,,,,,,,,,,,,,,,,,,,,,,,,,,,,,,,,,,,,,,,,,,,,,,,,,,,,,,,,,
wcompton,4882,fell,1.78,1,99.3218,83.2311,2.6204,3.31188,265.525,62.3336,44.2191,60.2549,33.2885,20.1604,16.3937,7.20552,11.6358,5.63153,,,,,,,,,,,,,,,,,,,,,,,,,,,,,,,,,,,,,,,,,,,,,,,,,,,,,,,,,,,,,,,,,,,,,,,,,,,,,,,,,,,,,,,,,,,,,,,,,,,,,,,,,,,,,,
wcompton,4883,fell,1.5,1,143.548,110.111,2.25463,3.62744,344.223,68.9869,40.8631,11.835,0.772884,39.719,18.8867,16.6727,10.6653,0.989836,,,,,,,,,,,,,,,,,,,,,,,,,,,,,,,,,,,,,,,,,,,,,,,,,,,,,,,,,,,,,,,,,,,,,,,,,,,,,,,,,,,,,,,,,,,,,,,,,,,,,,,,,,,,,,
wcompton,4884,fell,1.34,1,147.436,5.04087,1.66597,3.56748,297.682,115.603,34.0879,44.3583,0.970832,29.0404,23.9427,8.589,11.8054,2.87568,,,,,,,,,,,,,,,,,,,,,,,,,,,,,,,,,,,,,,,,,,,,,,,,,,,,,,,,,,,,,,,,,,,,,,,,,,,,,,,,,,,,,,,,,,,,,,,,,,,,,,,,,,,,,,
wcompton,4885,fell,1.48,1,100.187,36.5351,1.91328,3.73828,274.57,71.5247,19.2319,13.139,37.7128,29.2366,16.7113,12.1883,11.1933,5.54375,,,,,,,,,,,,,,,,,,,,,,,,,,,,,,,,,,,,,,,,,,,,,,,,,,,,,,,,,,,,,,,,,,,,,,,,,,,,,,,,,,,,,,,,,,,,,,,,,,,,,,,,,,,,,,
wcompton,4886,fell,1.58,1,153.971,57.6823,1.27264,3.62252,346.436,88.6053,28.8023,25.5517,21.8969,39.4001,22.6979,15.0159,13.9465,4.20607,,,,,,,,,,,,,,,,,,,,,,,,,,,,,,,,,,,,,,,,,,,,,,,,,,,,,,,,,,,,,,,,,,,,,,,,,,,,,,,,,,,,,,,,,,,,,,,,,,,,,,,,,,,,,,
wcompton,4887,fell,1.44,1,122.232,10.9086,2.67023,3.67354,250.405,56.8863,28.606,21.2148,13.1435,19.4998,15.565,6.74368,10.1722,3.86023,,,,,,,,,,,,,,,,,,,,,,,,,,,,,,,,,,,,,,,,,,,,,,,,,,,,,,,,,,,,,,,,,,,,,,,,,,,,,,,,,,,,,,,,,,,,,,,,,,,,,,,,,,,,,,
wcompton,4888,fell,1.46,1,125.927,22.3135,2.04116,4.18522,496.373,86.5007,39.5366,23.9105,1.29129,41.2179,21.5211,14.7904,15.9203,5.88231,,,,,,,,,,,,,,,,,,,,,,,,,,,,,,,,,,,,,,,,,,,,,,,,,,,,,,,,,,,,,,,,,,,,,,,,,,,,,,,,,,,,,,,,,,,,,,,,,,,,,,,,,,,,,,
wcompton,4889,fell,3.08,1,62.4438,77.5197,1.87881,3.12624,360.104,91.8237,34.5306,36.9212,57.4089,39.1888,20.1261,14.8276,16.4969,6.29119,,,,,,,,,,,,,,,,,,,,,,,,,,,,,,,,,,,,,,,,,,,,,,,,,,,,,,,,,,,,,,,,,,,,,,,,,,,,,,,,,,,,,,,,,,,,,,,,,,,,,,,,,,,,,,
wcompton,4890,fell,2.74,1,105.199,116.974,1.45744,0.793112,1009.34,199.802,76.5524,66.7446,2.62761,47.9526,33.4583,15.6577,23.8396,6.08056,,,,,,,,,,,,,,,,,,,,,,,,,,,,,,,,,,,,,,,,,,,,,,,,,,,,,,,,,,,,,,,,,,,,,,,,,,,,,,,,,,,,,,,,,,,,,,,,,,,,,,,,,,,,,,
wcompton,4891,fell,1.16,1,9.68081,148.472,1.10437,3.38882,284.372,71.9034,22.867,19.1175,1.04591,46.9009,18.37,21.998,16.4821,4.81379,,,,,,,,,,,,,,,,,,,,,,,,,,,,,,,,,,,,,,,,,,,,,,,,,,,,,,,,,,,,,,,,,,,,,,,,,,,,,,,,,,,,,,,,,,,,,,,,,,,,,,,,,,,,,,
wcompton,4892,fell,2,1,111.896,8.50371,2.36242,3.25659,896.652,87.9377,46.3557,31.3429,0.925704,59.3902,23.4739,20.0778,14.9758,1.9138,,,,,,,,,,,,,,,,,,,,,,,,,,,,,,,,,,,,,,,,,,,,,,,,,,,,,,,,,,,,,,,,,,,,,,,,,,,,,,,,,,,,,,,,,,,,,,,,,,,,,,,,,,,,,,
wcompton,4893,fell,1.98,1,80.753,134.665,1.02879,0.673698,1382.63,230.261,124.982,119.995,155.655,67.6026,44.5334,19.981,30.6144,21.9371,,,,,,,,,,,,,,,,,,,,,,,,,,,,,,,,,,,,,,,,,,,,,,,,,,,,,,,,,,,,,,,,,,,,,,,,,,,,,,,,,,,,,,,,,,,,,,,,,,,,,,,,,,,,,,
wcompton,4894,fell,1.54,1,97.5255,39.8436,1.6136,3.85959,305.522,66.7846,25.9311,19.5057,3.08089,24.3918,13.7766,7.75977,8.95375,1.83119,,,,,,,,,,,,,,,,,,,,,,,,,,,,,,,,,,,,,,,,,,,,,,,,,,,,,,,,,,,,,,,,,,,,,,,,,,,,,,,,,,,,,,,,,,,,,,,,,,,,,,,,,,,,,,
wcompton,4895,fell,2.56,1,174.543,48.7763,2.72678,3.74044,283.078,135.452,40.8636,27.2294,1.64436,25.7095,20.3252,6.54051,12.023,3.9952,,,,,,,,,,,,,,,,,,,,,,,,,,,,,,,,,,,,,,,,,,,,,,,,,,,,,,,,,,,,,,,,,,,,,,,,,,,,,,,,,,,,,,,,,,,,,,,,,,,,,,,,,,,,,,
wcompton,4896,fell,1.2,1,67.6944,76.3955,1.97415,3.63293,350.901,78.7881,37.5261,25.7805,20.1026,25.7259,17.3476,9.17017,14.7318,7.19417,,,,,,,,,,,,,,,,,,,,,,,,,,,,,,,,,,,,,,,,,,,,,,,,,,,,,,,,,,,,,,,,,,,,,,,,,,,,,,,,,,,,,,,,,,,,,,,,,,,,,,,,,,,,,,
wcompton,4897,fell,2.68,1,196.97,59.0778,2.19888,3.14754,348.974,124.585,38.3802,74.0237,16.5389,27.0638,18.56,8.85478,11.9967,6.45265,,,,,,,,,,,,,,,,,,,,,,,,,,,,,,,,,,,,,,,,,,,,,,,,,,,,,,,,,,,,,,,,,,,,,,,,,,,,,,,,,,,,,,,,,,,,,,,,,,,,,,,,,,,,,,
wcompton,4898,fell,3.6,1,291.355,65.2391,1.4136,0.636778,1164.44,298.952,116.181,130.413,34.953,73.3725,44.5802,23.5707,39.8031,11.7906,,,,,,,,,,,,,,,,,,,,,,,,,,,,,,,,,,,,,,,,,,,,,,,,,,,,,,,,,,,,,,,,,,,,,,,,,,,,,,,,,,,,,,,,,,,,,,,,,,,,,,,,,,,,,,
wcompton,4899,fell,3.54,1,144.818,1.22453,1.33198,3.40141,487.465,160.195,52.8819,26.793,1.60812,36.5787,26.3974,11.3115,14.3848,2.6874,,,,,,,,,,,,,,,,,,,,,,,,,,,,,,,,,,,,,,,,,,,,,,,,,,,,,,,,,,,,,,,,,,,,,,,,,,,,,,,,,,,,,,,,,,,,,,,,,,,,,,,,,,,,,,
wcompton,4900,fell,1.62,1,177.081,101.922,1.74542,2.15777,371.405,71.7177,45.2364,39.4227,51.4945,30.4926,18.5422,10.8769,11.6605,8.73928,,,,,,,,,,,,,,,,,,,,,,,,,,,,,,,,,,,,,,,,,,,,,,,,,,,,,,,,,,,,,,,,,,,,,,,,,,,,,,,,,,,,,,,,,,,,,,,,,,,,,,,,,,,,,,
wcompton,4901,fell,1.8,1,94.8562,13.1672,1.36173,0.930919,302.551,81.2604,34.9381,23.2777,1.00612,22.424,12.4298,7.71842,11.3227,2.65343,,,,,,,,,,,,,,,,,,,,,,,,,,,,,,,,,,,,,,,,,,,,,,,,,,,,,,,,,,,,,,,,,,,,,,,,,,,,,,,,,,,,,,,,,,,,,,,,,,,,,,,,,,,,,,
wcompton,4902,fell,2.54,1,154.171,61.6501,1.8141,3.44977,316.615,80.1828,29.5621,36.3497,14.6489,31.6019,19.0969,10.8671,11.8114,6.53154,,,,,,,,,,,,,,,,,,,,,,,,,,,,,,,,,,,,,,,,,,,,,,,,,,,,,,,,,,,,,,,,,,,,,,,,,,,,,,,,,,,,,,,,,,,,,,,,,,,,,,,,,,,,,,
wcompton,4903,fell,2.18,1,158.371,11.3949,1.79738,3.11317,395.564,134.81,46.5431,19.6251,0.795669,43.3372,26.6168,15.0254,14.1688,3.02655,,,,,,,,,,,,,,,,,,,,,,,,,,,,,,,,,,,,,,,,,,,,,,,,,,,,,,,,,,,,,,,,,,,,,,,,,,,,,,,,,,,,,,,,,,,,,,,,,,,,,,,,,,,,,,
wcompton,4904,fell,2.1,1,128.934,50.6896,2.0937,3.4283,238.42,86.5617,27.2095,22.579,88.1484,21.9521,15.448,8.1245,10.7257,7.52801,,,,,,,,,,,,,,,,,,,,,,,,,,,,,,,,,,,,,,,,,,,,,,,,,,,,,,,,,,,,,,,,,,,,,,,,,,,,,,,,,,,,,,,,,,,,,,,,,,,,,,,,,,,,,,
wcompton,4905,fell,1.86,1,100.447,88.2922,2.12394,3.69255,287.871,76.7231,27.5364,16.2715,19.9314,36.7097,16.0722,14.0327,11.7359,3.13105,,,,,,,,,,,,,,,,,,,,,,,,,,,,,,,,,,,,,,,,,,,,,,,,,,,,,,,,,,,,,,,,,,,,,,,,,,,,,,,,,,,,,,,,,,,,,,,,,,,,,,,,,,,,,,
wcompton,4906,fell,2.2,1,122.345,104.868,1.62049,3.49785,304.913,99.3387,30.2186,20.4387,1.06588,28.4499,17.8451,9.77976,10.3164,2.93025,,,,,,,,,,,,,,,,,,,,,,,,,,,,,,,,,,,,,,,,,,,,,,,,,,,,,,,,,,,,,,,,,,,,,,,,,,,,,,,,,,,,,,,,,,,,,,,,,,,,,,,,,,,,,,
wcompton,4907,fell,1.38,1,113.082,58.4499,1.41655,3.86001,304.736,82.6343,21.7148,7.35081,0.374291,38.1327,18.3019,14.1167,10.2772,1.42008,,,,,,,,,,,,,,,,,,,,,,,,,,,,,,,,,,,,,,,,,,,,,,,,,,,,,,,,,,,,,,,,,,,,,,,,,,,,,,,,,,,,,,,,,,,,,,,,,,,,,,,,,,,,,,
wcompton,4908,fell,2.08,1,65.3336,30.3897,1.70641,3.82264,304.622,92.9458,25.1481,15.0357,0.968723,24.9305,18.9182,7.61048,8.33086,1.35917,,,,,,,,,,,,,,,,,,,,,,,,,,,,,,,,,,,,,,,,,,,,,,,,,,,,,,,,,,,,,,,,,,,,,,,,,,,,,,,,,,,,,,,,,,,,,,,,,,,,,,,,,,,,,,
wcompton,4909,fell,1.64,1,97.039,19.1052,2.23704,3.71505,191.073,71.0968,24.085,18.98,10.7014,20.4423,12.2751,8.12018,8.71358,2.21236,,,,,,,,,,,,,,,,,,,,,,,,,,,,,,,,,,,,,,,,,,,,,,,,,,,,,,,,,,,,,,,,,,,,,,,,,,,,,,,,,,,,,,,,,,,,,,,,,,,,,,,,,,,,,,
wcompton,4910,fell,2.92,1,169.41,32.5236,2.76472,3.98489,362.346,108.413,32.3221,24.9133,10.2114,27.6024,21.0593,8.48979,13.0473,4.60051,,,,,,,,,,,,,,,,,,,,,,,,,,,,,,,,,,,,,,,,,,,,,,,,,,,,,,,,,,,,,,,,,,,,,,,,,,,,,,,,,,,,,,,,,,,,,,,,,,,,,,,,,,,,,,
wcompton,4911,fell,1.64,1,158.742,4.17607,2.29398,3.75798,341.513,133.286,33.1627,27.2335,11.1369,34.8573,25.6068,11.3514,11.293,6.11888,,,,,,,,,,,,,,,,,,,,,,,,,,,,,,,,,,,,,,,,,,,,,,,,,,,,,,,,,,,,,,,,,,,,,,,,,,,,,,,,,,,,,,,,,,,,,,,,,,,,,,,,,,,,,,
wcompton,4912,fell,1.7,1,167.746,97.7797,2.36325,4.14585,307.54,84.3214,26.9602,16.0585,51.7116,35.6431,23.1541,13.3134,14.0148,7.27277,,,,,,,,,,,,,,,,,,,,,,,,,,,,,,,,,,,,,,,,,,,,,,,,,,,,,,,,,,,,,,,,,,,,,,,,,,,,,,,,,,,,,,,,,,,,,,,,,,,,,,,,,,,,,,
wcompton,4913,fell,1.48,1,166.294,22.8,1.95666,3.68009,312.827,89.1775,36.8369,26.3019,33.9765,22.4455,15.4617,7.53867,8.79214,5.95323,,,,,,,,,,,,,,,,,,,,,,,,,,,,,,,,,,,,,,,,,,,,,,,,,,,,,,,,,,,,,,,,,,,,,,,,,,,,,,,,,,,,,,,,,,,,,,,,,,,,,,,,,,,,,,
wcompton,4914,fell,2.36,1,174.795,24.2508,1.86702,3.35373,567.237,167.293,63.6401,50.2969,7.68845,50.4607,36.5272,15.8517,16.8041,4.18558,,,,,,,,,,,,,,,,,,,,,,,,,,,,,,,,,,,,,,,,,,,,,,,,,,,,,,,,,,,,,,,,,,,,,,,,,,,,,,,,,,,,,,,,,,,,,,,,,,,,,,,,,,,,,,
wcompton,4915,fell,3.24,1,171.009,15.2989,2.70407,3.65498,600.075,178.693,65.8235,45.5867,4.12375,51.4001,32.358,16.3144,18.5353,5.14551,,,,,,,,,,,,,,,,,,,,,,,,,,,,,,,,,,,,,,,,,,,,,,,,,,,,,,,,,,,,,,,,,,,,,,,,,,,,,,,,,,,,,,,,,,,,,,,,,,,,,,,,,,,,,,
wcompton,4916,fell,2.56,1,97.457,33.6625,1.88162,3.64746,291.472,77.4007,25.507,25.9543,19.8304,31.5176,16.3382,12.3592,12.6335,3.53211,,,,,,,,,,,,,,,,,,,,,,,,,,,,,,,,,,,,,,,,,,,,,,,,,,,,,,,,,,,,,,,,,,,,,,,,,,,,,,,,,,,,,,,,,,,,,,,,,,,,,,,,,,,,,,
wcompton,4917,fell,2.12,1,93.5356,170.451,2.21641,3.04481,375.408,95.3146,42.5416,54.2037,55.6781,22.2367,18.0113,7.31255,11.9746,8.96877,,,,,,,,,,,,,,,,,,,,,,,,,,,,,,,,,,,,,,,,,,,,,,,,,,,,,,,,,,,,,,,,,,,,,,,,,,,,,,,,,,,,,,,,,,,,,,,,,,,,,,,,,,,,,,
wcompton,4918,fell,2.58,1,159.184,84.7508,1.44329,3.33075,367.488,92.8352,37.6431,29.4887,18.1153,40.3314,18.3169,15.8918,14.5751,5.85871,,,,,,,,,,,,,,,,,,,,,,,,,,,,,,,,,,,,,,,,,,,,,,,,,,,,,,,,,,,,,,,,,,,,,,,,,,,,,,,,,,,,,,,,,,,,,,,,,,,,,,,,,,,,,,
wcompton,4919,fell,1.16,1,26.236,141.651,0.712531,3.39822,468.633,82.4119,38.2454,29.612,46.9599,21.603,15.2264,6.88114,13.7409,5.11611,,,,,,,,,,,,,,,,,,,,,,,,,,,,,,,,,,,,,,,,,,,,,,,,,,,,,,,,,,,,,,,,,,,,,,,,,,,,,,,,,,,,,,,,,,,,,,,,,,,,,,,,,,,,,,
wcompton,4920,fell,2.66,1,84.1431,0.20701,2.33131,3.84583,312.076,103.005,26.6461,12.0512,1.13656,34.913,21.0369,11.8769,9.59574,1.44754,,,,,,,,,,,,,,,,,,,,,,,,,,,,,,,,,,,,,,,,,,,,,,,,,,,,,,,,,,,,,,,,,,,,,,,,,,,,,,,,,,,,,,,,,,,,,,,,,,,,,,,,,,,,,,
wcompton,4921,fell,1.76,1,191.126,47.0924,1.77871,3.41978,248.732,70.3043,31.6496,29.5755,6.70332,27.5425,12.3787,11.0935,13.8562,3.21405,,,,,,,,,,,,,,,,,,,,,,,,,,,,,,,,,,,,,,,,,,,,,,,,,,,,,,,,,,,,,,,,,,,,,,,,,,,,,,,,,,,,,,,,,,,,,,,,,,,,,,,,,,,,,,
wcompton,4922,fell,1.82,1,100.166,135.106,2.5054,4.03263,381.182,69.9222,29.738,8.02887,0.668471,35.5367,17.0816,13.4735,10.8757,1.93113,,,,,,,,,,,,,,,,,,,,,,,,,,,,,,,,,,,,,,,,,,,,,,,,,,,,,,,,,,,,,,,,,,,,,,,,,,,,,,,,,,,,,,,,,,,,,,,,,,,,,,,,,,,,,,
wcompton,4923,fell,1.52,1,153.863,160.022,2.58552,3.99227,281.774,69.4519,27.6684,40.8751,0.782397,28.2281,18.0322,11.0343,10.1464,1.3383,,,,,,,,,,,,,,,,,,,,,,,,,,,,,,,,,,,,,,,,,,,,,,,,,,,,,,,,,,,,,,,,,,,,,,,,,,,,,,,,,,,,,,,,,,,,,,,,,,,,,,,,,,,,,,
wcompton,4924,fell,2.5,1,139.737,46.1086,1.06881,2.50566,278.527,101.847,30.2839,36.996,96.4241,23.4825,17.5208,7.35267,12.2245,9.81886,,,,,,,,,,,,,,,,,,,,,,,,,,,,,,,,,,,,,,,,,,,,,,,,,,,,,,,,,,,,,,,,,,,,,,,,,,,,,,,,,,,,,,,,,,,,,,,,,,,,,,,,,,,,,,
wcompton,4925,fell,1.5,1,121.73,87.1317,1.22295,3.79409,279.113,90.6656,28.5349,18.4029,11.665,25.9605,20.2839,8.9987,11.6568,4.68069,,,,,,,,,,,,,,,,,,,,,,,,,,,,,,,,,,,,,,,,,,,,,,,,,,,,,,,,,,,,,,,,,,,,,,,,,,,,,,,,,,,,,,,,,,,,,,,,,,,,,,,,,,,,,,
wcompton,4926,fell,1.86,1,158.249,81.2615,2.50256,3.91096,413.867,145.77,27.947,30.7954,11.2756,31.115,23.7335,8.50081,14.899,6.50726,,,,,,,,,,,,,,,,,,,,,,,,,,,,,,,,,,,,,,,,,,,,,,,,,,,,,,,,,,,,,,,,,,,,,,,,,,,,,,,,,,,,,,,,,,,,,,,,,,,,,,,,,,,,,,
wcompton,4927,fell,2.76,1,189.11,14.788,2.38885,3.54246,324.087,145.313,37.0559,16.4822,27.0949,26.092,22.786,7.47258,9.665,6.07927,,,,,,,,,,,,,,,,,,,,,,,,,,,,,,,,,,,,,,,,,,,,,,,,,,,,,,,,,,,,,,,,,,,,,,,,,,,,,,,,,,,,,,,,,,,,,,,,,,,,,,,,,,,,,,
wcompton,4928,fell,1.72,1,115.175,34.7724,1.83128,3.48139,225.796,86.3639,26.1478,31.7833,5.17028,31.5767,17.5175,12.7439,16.0567,4.65393,,,,,,,,,,,,,,,,,,,,,,,,,,,,,,,,,,,,,,,,,,,,,,,,,,,,,,,,,,,,,,,,,,,,,,,,,,,,,,,,,,,,,,,,,,,,,,,,,,,,,,,,,,,,,,
wcompton,4929,fell,1.36,1,62.8084,40.8283,1.99657,3.72333,586.043,102.656,26.0764,12.349,0.669219,44.4339,19.2378,16.197,12.4879,2.62762,,,,,,,,,,,,,,,,,,,,,,,,,,,,,,,,,,,,,,,,,,,,,,,,,,,,,,,,,,,,,,,,,,,,,,,,,,,,,,,,,,,,,,,,,,,,,,,,,,,,,,,,,,,,,,
wcompton,4930,fell,1.82,1,137.484,18.8675,1.9446,3.34321,278.319,85.1413,29.8027,24.1162,42.8422,35.3882,19.0891,14.8346,14.2365,4.57301,,,,,,,,,,,,,,,,,,,,,,,,,,,,,,,,,,,,,,,,,,,,,,,,,,,,,,,,,,,,,,,,,,,,,,,,,,,,,,,,,,,,,,,,,,,,,,,,,,,,,,,,,,,,,,
wcompton,4931,fell,2.68,1,170.596,78.7516,1.70754,0.913077,514.046,81.8991,42.7776,78.1334,4.02788,32.0983,17.5539,9.78589,16.7248,4.94267,,,,,,,,,,,,,,,,,,,,,,,,,,,,,,,,,,,,,,,,,,,,,,,,,,,,,,,,,,,,,,,,,,,,,,,,,,,,,,,,,,,,,,,,,,,,,,,,,,,,,,,,,,,,,,
wcompton,4932,fell,1.92,1,142.868,57.9008,1.36531,3.43272,407.587,79.8176,38.107,24.5813,26.0383,33.6198,23.986,11.5824,11.2708,4.55367,,,,,,,,,,,,,,,,,,,,,,,,,,,,,,,,,,,,,,,,,,,,,,,,,,,,,,,,,,,,,,,,,,,,,,,,,,,,,,,,,,,,,,,,,,,,,,,,,,,,,,,,,,,,,,
wcompton,4933,fell,1.38,1,145.793,111.253,2.4023,3.39283,237.118,59.7535,29.4496,77.9504,12.1159,23.0324,13.8215,8.63466,13.5402,6.32906,,,,,,,,,,,,,,,,,,,,,,,,,,,,,,,,,,,,,,,,,,,,,,,,,,,,,,,,,,,,,,,,,,,,,,,,,,,,,,,,,,,,,,,,,,,,,,,,,,,,,,,,,,,,,,
wcompton,4934,fell,1.88,1,60.3617,84.6109,1.37088,1.02623,755.476,199.546,69.5631,41.4524,36.0315,36.37,35.6421,9.91188,20.2346,13.277,,,,,,,,,,,,,,,,,,,,,,,,,,,,,,,,,,,,,,,,,,,,,,,,,,,,,,,,,,,,,,,,,,,,,,,,,,,,,,,,,,,,,,,,,,,,,,,,,,,,,,,,,,,,,,
wcompton,4935,fell,3.1,1,161.811,55.9534,1.15522,2.65646,540.351,127.026,42.2845,43.3925,43.9011,43.8709,25.26,14.2548,15.1581,6.63858,,,,,,,,,,,,,,,,,,,,,,,,,,,,,,,,,,,,,,,,,,,,,,,,,,,,,,,,,,,,,,,,,,,,,,,,,,,,,,,,,,,,,,,,,,,,,,,,,,,,,,,,,,,,,,
wcompton,4936,fell,1.42,1,98.5985,150.951,1.85114,3.59398,253.639,105.181,27.6989,9.79863,0.968542,25.8687,22.0793,8.52525,10.2103,4.05178,,,,,,,,,,,,,,,,,,,,,,,,,,,,,,,,,,,,,,,,,,,,,,,,,,,,,,,,,,,,,,,,,,,,,,,,,,,,,,,,,,,,,,,,,,,,,,,,,,,,,,,,,,,,,,
wcompton,4937,fell,1.58,1,137.785,24.204,1.88613,2.95788,297.43,94.4745,28.56,37.8453,109.552,31.979,17.8636,13.2393,13.798,9.94084,,,,,,,,,,,,,,,,,,,,,,,,,,,,,,,,,,,,,,,,,,,,,,,,,,,,,,,,,,,,,,,,,,,,,,,,,,,,,,,,,,,,,,,,,,,,,,,,,,,,,,,,,,,,,,
wcompton,4938,fell,2.92,1,66.6222,49.5957,2.72711,3.88752,412.667,111.339,42.3326,36.8042,4.3765,34.9763,25.2212,12.0467,13.9249,3.40245,,,,,,,,,,,,,,,,,,,,,,,,,,,,,,,,,,,,,,,,,,,,,,,,,,,,,,,,,,,,,,,,,,,,,,,,,,,,,,,,,,,,,,,,,,,,,,,,,,,,,,,,,,,,,,
wcompton,4939,fell,1.7,1,152.2,125.217,1.59878,3.13133,595.362,232.102,54.7086,54.3205,7.15971,33.3896,33.4849,10.1221,17.7162,3.81071,,,,,,,,,,,,,,,,,,,,,,,,,,,,,,,,,,,,,,,,,,,,,,,,,,,,,,,,,,,,,,,,,,,,,,,,,,,,,,,,,,,,,,,,,,,,,,,,,,,,,,,,,,,,,,
wcompton,4940,fell,2,1,121.088,51.2174,1.24936,3.00175,540.789,427.385,65.5952,65.4795,51.7186,33.033,35.0198,9.66243,19.2332,5.93632,,,,,,,,,,,,,,,,,,,,,,,,,,,,,,,,,,,,,,,,,,,,,,,,,,,,,,,,,,,,,,,,,,,,,,,,,,,,,,,,,,,,,,,,,,,,,,,,,,,,,,,,,,,,,,
wcompton,4941,fell,1.96,1,77.1377,65.8495,1.95531,3.95565,548.232,99.9708,34.3089,9.37212,0.896818,40.3595,19.9116,15.0478,11.8752,2.24994,,,,,,,,,,,,,,,,,,,,,,,,,,,,,,,,,,,,,,,,,,,,,,,,,,,,,,,,,,,,,,,,,,,,,,,,,,,,,,,,,,,,,,,,,,,,,,,,,,,,,,,,,,,,,,
wcompton,4942,fell,1.6,1,166.966,74.8913,2.07795,3.62069,220.688,51.9849,28.5788,22.262,19.2673,27.9859,13.8809,10.8549,11.351,4.92053,,,,,,,,,,,,,,,,,,,,,,,,,,,,,,,,,,,,,,,,,,,,,,,,,,,,,,,,,,,,,,,,,,,,,,,,,,,,,,,,,,,,,,,,,,,,,,,,,,,,,,,,,,,,,,
wcompton,4943,fell,2.58,1,162.501,12.7012,2.30784,3.56132,322.909,128.742,42.6327,26.2089,10.5762,35.4987,18.4631,14.4732,15.2236,6.69568,,,,,,,,,,,,,,,,,,,,,,,,,,,,,,,,,,,,,,,,,,,,,,,,,,,,,,,,,,,,,,,,,,,,,,,,,,,,,,,,,,,,,,,,,,,,,,,,,,,,,,,,,,,,,,
wcompton,4944,fell,2.42,1,233.597,53.5421,1.44021,3.47226,369.891,134.674,40.162,18.4875,11.2941,35.9506,26.4172,12.9214,14.0723,5.9543,,,,,,,,,,,,,,,,,,,,,,,,,,,,,,,,,,,,,,,,,,,,,,,,,,,,,,,,,,,,,,,,,,,,,,,,,,,,,,,,,,,,,,,,,,,,,,,,,,,,,,,,,,,,,,
wcompton,4945,fell,1.42,1,160.794,48.2042,2.09113,3.53328,302.339,93.8114,36.278,33.1154,1.88995,28.3151,23.0008,9.48518,14.6828,4.81181,,,,,,,,,,,,,,,,,,,,,,,,,,,,,,,,,,,,,,,,,,,,,,,,,,,,,,,,,,,,,,,,,,,,,,,,,,,,,,,,,,,,,,,,,,,,,,,,,,,,,,,,,,,,,,
wcompton,4946,fell,1.08,1,75.2187,60.4291,1.67019,3.152,216.443,65.8991,19.4229,36.4502,35.4406,21.9889,11.8417,8.82015,10.1642,3.92684,,,,,,,,,,,,,,,,,,,,,,,,,,,,,,,,,,,,,,,,,,,,,,,,,,,,,,,,,,,,,,,,,,,,,,,,,,,,,,,,,,,,,,,,,,,,,,,,,,,,,,,,,,,,,,
wcompton,4947,fell,3.34,1,212.636,66.5899,2.83629,2.48862,634.07,187.177,76.6044,85.0048,19.1976,63.0397,36.2261,24.1288,24.0335,9.85548,,,,,,,,,,,,,,,,,,,,,,,,,,,,,,,,,,,,,,,,,,,,,,,,,,,,,,,,,,,,,,,,,,,,,,,,,,,,,,,,,,,,,,,,,,,,,,,,,,,,,,,,,,,,,,
wcompton,4948,fell,1.28,1,85.4284,42.5131,2.31835,3.06488,492.614,150.527,46.2738,49.4214,83.1854,32.9365,25.9975,11.2415,16.993,10.6155,,,,,,,,,,,,,,,,,,,,,,,,,,,,,,,,,,,,,,,,,,,,,,,,,,,,,,,,,,,,,,,,,,,,,,,,,,,,,,,,,,,,,,,,,,,,,,,,,,,,,,,,,,,,,,
wcompton,4949,fell,1.12,1,67.4865,82.9014,2.23516,4.26779,317.959,75.9595,47.9661,43.8817,7.54594,17.9775,13.2963,5.56793,7.67596,2.06743,,,,,,,,,,,,,,,,,,,,,,,,,,,,,,,,,,,,,,,,,,,,,,,,,,,,,,,,,,,,,,,,,,,,,,,,,,,,,,,,,,,,,,,,,,,,,,,,,,,,,,,,,,,,,,
wcompton,4950,fell,2.32,1,68.0241,32.1679,0.637748,0.546453,715.715,172.625,58.4857,22.5516,5.07085,40.2143,29.6012,12.2429,13.8022,4.03468,,,,,,,,,,,,,,,,,,,,,,,,,,,,,,,,,,,,,,,,,,,,,,,,,,,,,,,,,,,,,,,,,,,,,,,,,,,,,,,,,,,,,,,,,,,,,,,,,,,,,,,,,,,,,,
wcompton,4951,fell,1.74,1,73.5017,50.534,1.74884,3.23718,219.052,62.5168,22.1908,19.8854,58.3634,24.3899,13.1456,8.66393,9.66966,6.48789,,,,,,,,,,,,,,,,,,,,,,,,,,,,,,,,,,,,,,,,,,,,,,,,,,,,,,,,,,,,,,,,,,,,,,,,,,,,,,,,,,,,,,,,,,,,,,,,,,,,,,,,,,,,,,
wcompton,4952,fell,1.58,1,22.5453,53.9079,2.39851,3.59264,265.755,87.1595,26.2299,11.0605,2.92524,26.6634,16.4999,7.89108,8.50788,1.86114,,,,,,,,,,,,,,,,,,,,,,,,,,,,,,,,,,,,,,,,,,,,,,,,,,,,,,,,,,,,,,,,,,,,,,,,,,,,,,,,,,,,,,,,,,,,,,,,,,,,,,,,,,,,,,
wcompton,4953,fell,1.88,1,19.7652,23.8535,2.29269,3.62077,274.191,62.7363,25.7716,20.5152,9.28622,27.9739,18.8545,10.5422,11.3214,5.81112,,,,,,,,,,,,,,,,,,,,,,,,,,,,,,,,,,,,,,,,,,,,,,,,,,,,,,,,,,,,,,,,,,,,,,,,,,,,,,,,,,,,,,,,,,,,,,,,,,,,,,,,,,,,,,
wcompton,4954,fell,1.28,1,166.249,81.7827,1.22029,3.65161,276.86,115.586,36.6757,14.9606,0.746108,25.1715,19.3717,7.73667,10.8604,2.29509,,,,,,,,,,,,,,,,,,,,,,,,,,,,,,,,,,,,,,,,,,,,,,,,,,,,,,,,,,,,,,,,,,,,,,,,,,,,,,,,,,,,,,,,,,,,,,,,,,,,,,,,,,,,,,
wcompton,4955,fell,1.44,1,181.868,95.0242,2.29791,0.641194,673.105,170.071,70.5687,60.7482,7.02284,44.5016,30.4533,16.9089,19.0304,5.34753,,,,,,,,,,,,,,,,,,,,,,,,,,,,,,,,,,,,,,,,,,,,,,,,,,,,,,,,,,,,,,,,,,,,,,,,,,,,,,,,,,,,,,,,,,,,,,,,,,,,,,,,,,,,,,
wcompton,4956,fell,2.22,1,127.269,16.6809,2.49783,4.1612,285.448,93.6002,22.8601,9.81054,1.47495,23.3891,16.3305,6.86313,8.90664,4.8308,,,,,,,,,,,,,,,,,,,,,,,,,,,,,,,,,,,,,,,,,,,,,,,,,,,,,,,,,,,,,,,,,,,,,,,,,,,,,,,,,,,,,,,,,,,,,,,,,,,,,,,,,,,,,,
wcompton,4957,fell,2.04,1,54.903,27.6122,1.54434,0.822173,659.312,125.328,86.163,74.141,51.7187,37.9289,33.0149,11.4968,21.3887,9.95966,,,,,,,,,,,,,,,,,,,,,,,,,,,,,,,,,,,,,,,,,,,,,,,,,,,,,,,,,,,,,,,,,,,,,,,,,,,,,,,,,,,,,,,,,,,,,,,,,,,,,,,,,,,,,,
wcompton,4958,fell,1.86,1,110.198,6.78608,1.46609,1.55778,672.731,232.148,55.3147,29.5014,1.99179,48.1559,33.7412,16.2576,17.4146,4.64692,,,,,,,,,,,,,,,,,,,,,,,,,,,,,,,,,,,,,,,,,,,,,,,,,,,,,,,,,,,,,,,,,,,,,,,,,,,,,,,,,,,,,,,,,,,,,,,,,,,,,,,,,,,,,,
wcompton,4959,fell,2.18,1,110.606,1.8054,2.72396,3.81005,256.441,121.496,28.0182,9.0338,0.618204,29.926,19.2339,10.6195,8.40929,1.74648,,,,,,,,,,,,,,,,,,,,,,,,,,,,,,,,,,,,,,,,,,,,,,,,,,,,,,,,,,,,,,,,,,,,,,,,,,,,,,,,,,,,,,,,,,,,,,,,,,,,,,,,,,,,,,
wcompton,4960,fell,2.42,1,74.1232,57.0586,2.60612,4.04657,314.919,96.6702,31.3065,13.9502,0.974851,33.7918,25.8212,11.0219,10.6823,3.17481,,,,,,,,,,,,,,,,,,,,,,,,,,,,,,,,,,,,,,,,,,,,,,,,,,,,,,,,,,,,,,,,,,,,,,,,,,,,,,,,,,,,,,,,,,,,,,,,,,,,,,,,,,,,,,
wcompton,4961,fell,1.34,1,21.4421,128.542,1.10679,3.17129,274.214,106.593,22.7932,23.8905,2.37541,27.7721,21.0486,9.21834,10.2797,2.99682,,,,,,,,,,,,,,,,,,,,,,,,,,,,,,,,,,,,,,,,,,,,,,,,,,,,,,,,,,,,,,,,,,,,,,,,,,,,,,,,,,,,,,,,,,,,,,,,,,,,,,,,,,,,,,
wcompton,4962,fell,1.7,1,152.594,17.5921,1.66573,3.38795,308.174,80.2752,32.5452,37.7296,59.6974,27.0241,19.6661,8.85864,11.9613,5.7262,,,,,,,,,,,,,,,,,,,,,,,,,,,,,,,,,,,,,,,,,,,,,,,,,,,,,,,,,,,,,,,,,,,,,,,,,,,,,,,,,,,,,,,,,,,,,,,,,,,,,,,,,,,,,,
wcompton,4963,fell,2.66,1,76.9351,14.6686,2.70719,3.10956,358.539,122.131,32.8575,49.135,20.1537,27.6839,21.2055,7.52108,13.0586,7.80642,,,,,,,,,,,,,,,,,,,,,,,,,,,,,,,,,,,,,,,,,,,,,,,,,,,,,,,,,,,,,,,,,,,,,,,,,,,,,,,,,,,,,,,,,,,,,,,,,,,,,,,,,,,,,,
wcompton,4964,fell,2.06,1,137.129,113.479,1.00407,1.55293,1038.83,305.575,147.875,75.5051,10.6526,61.1611,50.6242,21.4203,33.9691,12.0669,,,,,,,,,,,,,,,,,,,,,,,,,,,,,,,,,,,,,,,,,,,,,,,,,,,,,,,,,,,,,,,,,,,,,,,,,,,,,,,,,,,,,,,,,,,,,,,,,,,,,,,,,,,,,,
wcompton,4965,fell,2.16,1,156.013,32.9762,2.4067,3.28042,382.74,126.324,36.6207,40.2305,56.6784,38.3241,21.1091,13.634,16.5595,8.67085,,,,,,,,,,,,,,,,,,,,,,,,,,,,,,,,,,,,,,,,,,,,,,,,,,,,,,,,,,,,,,,,,,,,,,,,,,,,,,,,,,,,,,,,,,,,,,,,,,,,,,,,,,,,,,
wcompton,4966,fell,2.44,1,154.798,84.5718,0.724906,2.78083,424.216,96.8528,32.0505,32.7807,59.0295,31.499,22.2392,9.73992,14.5573,7.81685,,,,,,,,,,,,,,,,,,,,,,,,,,,,,,,,,,,,,,,,,,,,,,,,,,,,,,,,,,,,,,,,,,,,,,,,,,,,,,,,,,,,,,,,,,,,,,,,,,,,,,,,,,,,,,
wcompton,4967,fell,2.1,1,161.628,29.3829,1.70696,3.24451,334.202,124.742,59.6016,55.5134,4.35962,30.7799,18.9802,8.81005,15.9302,3.67161,,,,,,,,,,,,,,,,,,,,,,,,,,,,,,,,,,,,,,,,,,,,,,,,,,,,,,,,,,,,,,,,,,,,,,,,,,,,,,,,,,,,,,,,,,,,,,,,,,,,,,,,,,,,,,
wcompton,4968,fell,1.76,1,198.412,22.3342,2.51869,2.72432,275.008,64.7511,19.9158,20.7876,0.571644,27.5118,17.854,9.86028,9.97015,2.24677,,,,,,,,,,,,,,,,,,,,,,,,,,,,,,,,,,,,,,,,,,,,,,,,,,,,,,,,,,,,,,,,,,,,,,,,,,,,,,,,,,,,,,,,,,,,,,,,,,,,,,,,,,,,,,
wcompton,4969,fell,2.16,1,161.231,141.428,2.20312,3.61656,399.092,134.879,51.0881,34.0129,25.4015,26.4849,23.032,7.26352,11.4949,4.71514,,,,,,,,,,,,,,,,,,,,,,,,,,,,,,,,,,,,,,,,,,,,,,,,,,,,,,,,,,,,,,,,,,,,,,,,,,,,,,,,,,,,,,,,,,,,,,,,,,,,,,,,,,,,,,
wcompton,4970,fell,1.84,1,87.545,14.3558,2.0967,3.00181,221.008,66.6451,22.9067,38.3093,57.8844,24.7177,15.1621,8.56984,12.4203,5.97115,,,,,,,,,,,,,,,,,,,,,,,,,,,,,,,,,,,,,,,,,,,,,,,,,,,,,,,,,,,,,,,,,,,,,,,,,,,,,,,,,,,,,,,,,,,,,,,,,,,,,,,,,,,,,,
wcompton,4971,fell,2.3,1,186.724,63.2697,1.73144,3.11765,424.613,130.057,38.4544,40.8444,25.8717,33.3603,25.0486,10.9977,11.5277,6.78656,,,,,,,,,,,,,,,,,,,,,,,,,,,,,,,,,,,,,,,,,,,,,,,,,,,,,,,,,,,,,,,,,,,,,,,,,,,,,,,,,,,,,,,,,,,,,,,,,,,,,,,,,,,,,,
wcompton,4972,fell,1.16,1,86.9926,45.0931,1.37433,3.33586,291.842,64.2252,28.5441,37.4727,17.0641,25.4348,20.3772,8.39551,11.8349,3.16062,,,,,,,,,,,,,,,,,,,,,,,,,,,,,,,,,,,,,,,,,,,,,,,,,,,,,,,,,,,,,,,,,,,,,,,,,,,,,,,,,,,,,,,,,,,,,,,,,,,,,,,,,,,,,,
wcompton,4973,fell,2.12,1,119.876,4.82144,2.19791,3.63871,299.664,75.4724,28.5253,32.676,5.76713,41.4223,19.9222,18.607,19.7665,5.63829,,,,,,,,,,,,,,,,,,,,,,,,,,,,,,,,,,,,,,,,,,,,,,,,,,,,,,,,,,,,,,,,,,,,,,,,,,,,,,,,,,,,,,,,,,,,,,,,,,,,,,,,,,,,,,
wcompton,4974,fell,2.26,1,151.264,56.0007,2.52201,3.82206,406.55,132.689,46.4052,64.5962,15.4068,28.4181,22.6725,8.93983,14.5358,3.8463,,,,,,,,,,,,,,,,,,,,,,,,,,,,,,,,,,,,,,,,,,,,,,,,,,,,,,,,,,,,,,,,,,,,,,,,,,,,,,,,,,,,,,,,,,,,,,,,,,,,,,,,,,,,,,
wcompton,4975,fell,1.84,1,85.5518,25.395,1.3707,3.83909,251.348,49.9647,25.5309,40.9975,2.09717,24.5024,14.9922,7.07947,10.4455,3.41211,,,,,,,,,,,,,,,,,,,,,,,,,,,,,,,,,,,,,,,,,,,,,,,,,,,,,,,,,,,,,,,,,,,,,,,,,,,,,,,,,,,,,,,,,,,,,,,,,,,,,,,,,,,,,,
wcompton,4976,fell,2.66,1,175.613,66.4457,2.16018,3.13774,354.36,145.633,50.1991,28.7578,17.2989,28.8532,21.1493,8.63187,11.7904,8.10307,,,,,,,,,,,,,,,,,,,,,,,,,,,,,,,,,,,,,,,,,,,,,,,,,,,,,,,,,,,,,,,,,,,,,,,,,,,,,,,,,,,,,,,,,,,,,,,,,,,,,,,,,,,,,,
wcompton,4977,fell,2.42,1,96.5901,38.2478,1.87419,3.81794,350.076,102.625,37.446,17.3498,2.19594,38.4924,27.8152,13.3436,12.4122,4.20653,,,,,,,,,,,,,,,,,,,,,,,,,,,,,,,,,,,,,,,,,,,,,,,,,,,,,,,,,,,,,,,,,,,,,,,,,,,,,,,,,,,,,,,,,,,,,,,,,,,,,,,,,,,,,,
wcompton,4978,fell,1.42,1,156.458,32.0834,2.54463,4.06831,429.362,91.8123,40.3393,16.3648,0.74505,37.2151,19.4586,13.1452,12.4898,4.17932,,,,,,,,,,,,,,,,,,,,,,,,,,,,,,,,,,,,,,,,,,,,,,,,,,,,,,,,,,,,,,,,,,,,,,,,,,,,,,,,,,,,,,,,,,,,,,,,,,,,,,,,,,,,,,
wcompton,4979,fell,2.22,1,49.6106,9.28984,2.04911,3.73436,292.368,96.6837,23.9021,14.0994,3.88555,30.8578,19.0046,10.5011,10.2258,2.85127,,,,,,,,,,,,,,,,,,,,,,,,,,,,,,,,,,,,,,,,,,,,,,,,,,,,,,,,,,,,,,,,,,,,,,,,,,,,,,,,,,,,,,,,,,,,,,,,,,,,,,,,,,,,,,
wcompton,4980,fell,2.6,1,151.69,82.9712,1.40887,3.23309,422.087,94.0625,42.1362,33.806,34.6549,43.8934,24.0484,16.0013,16.2451,4.64477,,,,,,,,,,,,,,,,,,,,,,,,,,,,,,,,,,,,,,,,,,,,,,,,,,,,,,,,,,,,,,,,,,,,,,,,,,,,,,,,,,,,,,,,,,,,,,,,,,,,,,,,,,,,,,
wcompton,4981,fell,1.4,1,120.967,15.228,2.30512,4.03655,322.661,61.8682,40.8492,15.9264,0.3796,33.6528,21.0791,12.5577,12.0399,1.88358,,,,,,,,,,,,,,,,,,,,,,,,,,,,,,,,,,,,,,,,,,,,,,,,,,,,,,,,,,,,,,,,,,,,,,,,,,,,,,,,,,,,,,,,,,,,,,,,,,,,,,,,,,,,,,
wcompton,4982,fell,1.36,1,178.572,58.5113,2.51038,4.21727,351.826,52.5209,32.2906,30.6763,1.10856,29.967,14.9311,10.077,11.2048,2.82329,,,,,,,,,,,,,,,,,,,,,,,,,,,,,,,,,,,,,,,,,,,,,,,,,,,,,,,,,,,,,,,,,,,,,,,,,,,,,,,,,,,,,,,,,,,,,,,,,,,,,,,,,,,,,,
wcompton,4983,fell,1.3,1,115.074,118.192,2.1122,3.92145,299.585,60.1785,19.0478,25.3068,31.7672,29.8681,18.2926,12.6993,12.4392,4.52239,,,,,,,,,,,,,,,,,,,,,,,,,,,,,,,,,,,,,,,,,,,,,,,,,,,,,,,,,,,,,,,,,,,,,,,,,,,,,,,,,,,,,,,,,,,,,,,,,,,,,,,,,,,,,,
wcompton,4984,fell,1.34,1,172.985,106.838,1.41406,3.34997,251.117,72.4378,28.4058,38.2161,56.4791,19.2522,16.019,6.58952,8.7597,6.76242,,,,,,,,,,,,,,,,,,,,,,,,,,,,,,,,,,,,,,,,,,,,,,,,,,,,,,,,,,,,,,,,,,,,,,,,,,,,,,,,,,,,,,,,,,,,,,,,,,,,,,,,,,,,,,
wcompton,4985,fell,1.92,1,126.35,59.4742,1.5254,0.984291,850.473,199.559,62.5212,76.5438,21.9409,54.7957,37.6087,18.4811,25.8664,7.00994,,,,,,,,,,,,,,,,,,,,,,,,,,,,,,,,,,,,,,,,,,,,,,,,,,,,,,,,,,,,,,,,,,,,,,,,,,,,,,,,,,,,,,,,,,,,,,,,,,,,,,,,,,,,,,
wcompton,4986,fell,2.2,1,112.385,10.0204,0.662626,0.387255,609.698,143.837,51.2347,23.8978,4.40886,57.544,28.5869,21.6955,23.1982,7.74887,,,,,,,,,,,,,,,,,,,,,,,,,,,,,,,,,,,,,,,,,,,,,,,,,,,,,,,,,,,,,,,,,,,,,,,,,,,,,,,,,,,,,,,,,,,,,,,,,,,,,,,,,,,,,,
wcompton,4987,fell,1.52,1,180.171,23.6709,1.76063,2.21148,1294.22,290.792,122.912,129.594,3.98804,51.1737,38.8634,15.1966,22.9793,5.94727,,,,,,,,,,,,,,,,,,,,,,,,,,,,,,,,,,,,,,,,,,,,,,,,,,,,,,,,,,,,,,,,,,,,,,,,,,,,,,,,,,,,,,,,,,,,,,,,,,,,,,,,,,,,,,
wcompton,4988,fell,2.24,1,138.88,13.3389,2.28537,3.34243,383.383,121.127,35.4402,38.641,159.9,35.5494,22.4863,13.9614,14.8484,8.95351,,,,,,,,,,,,,,,,,,,,,,,,,,,,,,,,,,,,,,,,,,,,,,,,,,,,,,,,,,,,,,,,,,,,,,,,,,,,,,,,,,,,,,,,,,,,,,,,,,,,,,,,,,,,,,
wcompton,4989,fell,2.44,1,42.8952,25.0229,1.91116,3.7549,442.748,91.3315,50.2773,28.5809,16.2788,56.242,24.6741,23.0496,20.627,3.78727,,,,,,,,,,,,,,,,,,,,,,,,,,,,,,,,,,,,,,,,,,,,,,,,,,,,,,,,,,,,,,,,,,,,,,,,,,,,,,,,,,,,,,,,,,,,,,,,,,,,,,,,,,,,,,
wcompton,4990,fell,1,1,62.6199,65.3145,1.33874,2.70524,199.682,54.1575,24.4382,45.6265,71.1709,22.5844,14.2435,7.43799,15.4584,6.38219,,,,,,,,,,,,,,,,,,,,,,,,,,,,,,,,,,,,,,,,,,,,,,,,,,,,,,,,,,,,,,,,,,,,,,,,,,,,,,,,,,,,,,,,,,,,,,,,,,,,,,,,,,,,,,
wcompton,4991,fell,1.26,1,37.8812,37.105,2.04135,3.35629,226.988,50.4073,20.2171,12.1111,0.615103,28.5813,14.5444,11.5256,11.3316,2.49574,,,,,,,,,,,,,,,,,,,,,,,,,,,,,,,,,,,,,,,,,,,,,,,,,,,,,,,,,,,,,,,,,,,,,,,,,,,,,,,,,,,,,,,,,,,,,,,,,,,,,,,,,,,,,,
wcompton,4992,fell,1.32,1,71.664,57.8773,2.4392,3.70189,432.394,69.7574,33.1259,15.6868,0.258941,29.6225,16.6132,8.17042,7.30605,1.19371,,,,,,,,,,,,,,,,,,,,,,,,,,,,,,,,,,,,,,,,,,,,,,,,,,,,,,,,,,,,,,,,,,,,,,,,,,,,,,,,,,,,,,,,,,,,,,,,,,,,,,,,,,,,,,
wcompton,4993,fell,2.5,1,126.876,116.101,1.09166,3.4216,397.156,83.6393,32.926,24.8598,25.345,43.6514,21.4451,16.4294,16.2262,4.98585,,,,,,,,,,,,,,,,,,,,,,,,,,,,,,,,,,,,,,,,,,,,,,,,,,,,,,,,,,,,,,,,,,,,,,,,,,,,,,,,,,,,,,,,,,,,,,,,,,,,,,,,,,,,,,
wcompton,4994,fell,2.18,1,57.6979,38.2188,2.64012,2.42488,238.68,70.6267,42.3445,50.5639,72.447,22.8383,15.5614,7.91161,12.6739,12.193,,,,,,,,,,,,,,,,,,,,,,,,,,,,,,,,,,,,,,,,,,,,,,,,,,,,,,,,,,,,,,,,,,,,,,,,,,,,,,,,,,,,,,,,,,,,,,,,,,,,,,,,,,,,,,
wcompton,4995,fell,0.98,1,76.3842,38.7009,1.65261,3.04624,192.139,80.8473,21.7166,45.8851,41.8136,23.0798,15.0643,7.6816,9.05001,8.84946,,,,,,,,,,,,,,,,,,,,,,,,,,,,,,,,,,,,,,,,,,,,,,,,,,,,,,,,,,,,,,,,,,,,,,,,,,,,,,,,,,,,,,,,,,,,,,,,,,,,,,,,,,,,,,
wcompton,4996,fell,1.66,1,139.166,28.5211,1.67628,3.57307,340.778,91.3239,31.0788,31.2632,35.5535,41.4317,23.0551,15.9818,15.2102,4.98128,,,,,,,,,,,,,,,,,,,,,,,,,,,,,,,,,,,,,,,,,,,,,,,,,,,,,,,,,,,,,,,,,,,,,,,,,,,,,,,,,,,,,,,,,,,,,,,,,,,,,,,,,,,,,,
wcompton,4997,fell,2.12,1,96.848,112.499,2.05684,3.46105,258.989,70.1152,27.7206,20.6641,50.3691,31.5236,14.7546,12.5533,11.7726,5.96903,,,,,,,,,,,,,,,,,,,,,,,,,,,,,,,,,,,,,,,,,,,,,,,,,,,,,,,,,,,,,,,,,,,,,,,,,,,,,,,,,,,,,,,,,,,,,,,,,,,,,,,,,,,,,,
wcompton,4998,fell,2.08,1,76.891,44.3174,1.43524,3.4355,262.826,55.8874,32.1015,30.4403,56.9774,24.8495,14.2576,9.0478,10.8958,5.78433,,,,,,,,,,,,,,,,,,,,,,,,,,,,,,,,,,,,,,,,,,,,,,,,,,,,,,,,,,,,,,,,,,,,,,,,,,,,,,,,,,,,,,,,,,,,,,,,,,,,,,,,,,,,,,
wcompton,4999,fell,1.16,1,66.6271,19.8561,1.7584,3.53468,308.054,108.072,18.896,19.7807,0.813938,40.2919,22.583,15.0927,13.2819,1.89887,,,,,,,,,,,,,,,,,,,,,,,,,,,,,,,,,,,,,,,,,,,,,,,,,,,,,,,,,,,,,,,,,,,,,,,,,,,,,,,,,,,,,,,,,,,,,,,,,,,,,,,,,,,,,,
wcompton,5000,fell,1.42,1,107.666,27.6587,2.40622,3.74793,281.241,85.5207,34.6675,21.0787,2.11526,37.9499,20.2721,14.2891,15.5945,4.69851,,,,,,,,,,,,,,,,,,,,,,,,,,,,,,,,,,,,,,,,,,,,,,,,,,,,,,,,,,,,,,,,,,,,,,,,,,,,,,,,,,,,,,,,,,,,,,,,,,,,,,,,,,,,,,
wcompton,5001,fell,1.4,1,136.104,147.335,2.36603,3.18407,293.613,67.5262,30.9282,19.2062,22.8013,32.5796,16.6943,13.1744,11.2715,5.47479,,,,,,,,,,,,,,,,,,,,,,,,,,,,,,,,,,,,,,,,,,,,,,,,,,,,,,,,,,,,,,,,,,,,,,,,,,,,,,,,,,,,,,,,,,,,,,,,,,,,,,,,,,,,,,
wcompton,5002,fell,1.94,1,104.971,117.186,0.629103,0.82889,703.627,136.372,63.0386,28.3444,2.97098,44.4503,29.0166,13.8526,16.9864,6.65381,,,,,,,,,,,,,,,,,,,,,,,,,,,,,,,,,,,,,,,,,,,,,,,,,,,,,,,,,,,,,,,,,,,,,,,,,,,,,,,,,,,,,,,,,,,,,,,,,,,,,,,,,,,,,,
wcompton,5003,fell,2.64,1,118.553,43.2176,1.85019,2.45864,607.937,130.196,36.2666,21.3022,2.03028,53.7404,30.0448,19.1984,17.1445,4.77361,,,,,,,,,,,,,,,,,,,,,,,,,,,,,,,,,,,,,,,,,,,,,,,,,,,,,,,,,,,,,,,,,,,,,,,,,,,,,,,,,,,,,,,,,,,,,,,,,,,,,,,,,,,,,,
wcompton,5004,fell,1.54,1,119.149,8.88836,2.83313,3.54701,326.91,109.852,36.6523,31.1728,2.93818,38.9217,20.7117,15.4956,14.2382,5.64428,,,,,,,,,,,,,,,,,,,,,,,,,,,,,,,,,,,,,,,,,,,,,,,,,,,,,,,,,,,,,,,,,,,,,,,,,,,,,,,,,,,,,,,,,,,,,,,,,,,,,,,,,,,,,,
wcompton,5005,fell,1.14,1,78.5203,32.6723,1.88765,3.56746,231.554,55.8542,28.6677,31.5281,45.7019,25.1984,15.9322,8.42514,12.618,5.16574,,,,,,,,,,,,,,,,,,,,,,,,,,,,,,,,,,,,,,,,,,,,,,,,,,,,,,,,,,,,,,,,,,,,,,,,,,,,,,,,,,,,,,,,,,,,,,,,,,,,,,,,,,,,,,
wcompton,5006,fell,2.26,1,137.798,42.2316,2.59664,3.67779,425.074,136.665,53.2517,48.1327,65.2958,30.0139,21.2178,10.8212,15.2593,7.59854,,,,,,,,,,,,,,,,,,,,,,,,,,,,,,,,,,,,,,,,,,,,,,,,,,,,,,,,,,,,,,,,,,,,,,,,,,,,,,,,,,,,,,,,,,,,,,,,,,,,,,,,,,,,,,
wcompton,5007,fell,1.18,1,87.422,20.6894,2.42236,3.7747,197.83,53.1598,15.4182,22.2266,19.4077,20.8274,12.6295,7.67353,10.6924,5.55793,,,,,,,,,,,,,,,,,,,,,,,,,,,,,,,,,,,,,,,,,,,,,,,,,,,,,,,,,,,,,,,,,,,,,,,,,,,,,,,,,,,,,,,,,,,,,,,,,,,,,,,,,,,,,,
wcompton,5008,fell,1.78,1,82.0265,75.5312,1.1725,0.665638,331.538,73.7425,39.5279,48.4171,15.8447,36.0467,18.0963,12.9412,19.2734,9.09407,,,,,,,,,,,,,,,,,,,,,,,,,,,,,,,,,,,,,,,,,,,,,,,,,,,,,,,,,,,,,,,,,,,,,,,,,,,,,,,,,,,,,,,,,,,,,,,,,,,,,,,,,,,,,,
wcompton,5009,fell,2.2,1,126.015,60.6996,1.7177,3.58572,327.831,189.894,30.7768,14.9931,2.07145,36.5776,35.6334,11.6938,11.1988,2.22866,,,,,,,,,,,,,,,,,,,,,,,,,,,,,,,,,,,,,,,,,,,,,,,,,,,,,,,,,,,,,,,,,,,,,,,,,,,,,,,,,,,,,,,,,,,,,,,,,,,,,,,,,,,,,,
wcompton,5010,fell,1.32,1,112.912,33.6251,1.83643,3.94465,358.725,160.699,29.4445,8.8367,0.971856,39.4639,34.5202,12.0658,11.4235,3.76997,,,,,,,,,,,,,,,,,,,,,,,,,,,,,,,,,,,,,,,,,,,,,,,,,,,,,,,,,,,,,,,,,,,,,,,,,,,,,,,,,,,,,,,,,,,,,,,,,,,,,,,,,,,,,,
wcompton,5011,fell,1.4,1,127.017,52.8381,1.61369,2.5619,283.876,66.7336,28.6577,67.6412,39.1707,17.9554,13.744,6.38872,13.2798,10.0394,,,,,,,,,,,,,,,,,,,,,,,,,,,,,,,,,,,,,,,,,,,,,,,,,,,,,,,,,,,,,,,,,,,,,,,,,,,,,,,,,,,,,,,,,,,,,,,,,,,,,,,,,,,,,,
wcompton,5012,fell,2.14,1,94.5426,25.9608,1.41686,3.53787,264.684,114.852,32.91,15.8493,2.67642,36.2303,23.7892,12.0376,12.3686,4.11284,,,,,,,,,,,,,,,,,,,,,,,,,,,,,,,,,,,,,,,,,,,,,,,,,,,,,,,,,,,,,,,,,,,,,,,,,,,,,,,,,,,,,,,,,,,,,,,,,,,,,,,,,,,,,,
wcompton,5013,fell,2.62,1,135.762,2.56157,2.56906,3.7463,250.545,113.683,38.4925,22.9094,1.87466,24.1269,19.5424,7.72582,11.524,3.7122,,,,,,,,,,,,,,,,,,,,,,,,,,,,,,,,,,,,,,,,,,,,,,,,,,,,,,,,,,,,,,,,,,,,,,,,,,,,,,,,,,,,,,,,,,,,,,,,,,,,,,,,,,,,,,
wcompton,5014,fell,2.66,1,82.9492,92.7407,1.17172,1.07322,1154.31,220.935,105.882,87.6408,14.8651,61.8557,43.7804,22.1483,30.8857,8.04886,,,,,,,,,,,,,,,,,,,,,,,,,,,,,,,,,,,,,,,,,,,,,,,,,,,,,,,,,,,,,,,,,,,,,,,,,,,,,,,,,,,,,,,,,,,,,,,,,,,,,,,,,,,,,,
wcompton,5015,fell,1.46,1,164.103,126.53,2.59454,3.42149,257.642,87.1825,34.4382,21.5838,7.10522,23.2194,16.9167,7.8748,10.2874,4.08164,,,,,,,,,,,,,,,,,,,,,,,,,,,,,,,,,,,,,,,,,,,,,,,,,,,,,,,,,,,,,,,,,,,,,,,,,,,,,,,,,,,,,,,,,,,,,,,,,,,,,,,,,,,,,,
wcompton,5016,fell,1.14,1,93.4199,88.552,2.34314,4.07663,270.582,52.8611,24.2365,21.3361,8.24551,23.2334,17.1402,8.16649,8.51211,2.10339,,,,,,,,,,,,,,,,,,,,,,,,,,,,,,,,,,,,,,,,,,,,,,,,,,,,,,,,,,,,,,,,,,,,,,,,,,,,,,,,,,,,,,,,,,,,,,,,,,,,,,,,,,,,,,
wcompton,5017,fell,2.14,1,149.148,21.1967,2.50808,3.55992,280.399,73.4546,32.018,18.5208,61.109,24.2843,16.0347,9.09773,9.60737,5.53006,,,,,,,,,,,,,,,,,,,,,,,,,,,,,,,,,,,,,,,,,,,,,,,,,,,,,,,,,,,,,,,,,,,,,,,,,,,,,,,,,,,,,,,,,,,,,,,,,,,,,,,,,,,,,,
wcompton,5018,fell,1.9,1,147.132,63.1571,2.5013,3.81142,365.529,118.408,41.6131,31.3637,43.8711,32.881,21.9269,12.372,14.6628,5.72745,,,,,,,,,,,,,,,,,,,,,,,,,,,,,,,,,,,,,,,,,,,,,,,,,,,,,,,,,,,,,,,,,,,,,,,,,,,,,,,,,,,,,,,,,,,,,,,,,,,,,,,,,,,,,,
wcompton,5019,fell,1.44,1,182.238,21.2546,1.71578,1.06719,850.048,239.779,87.8031,68.3988,22.148,37.0556,35.8547,12.1975,17.4422,8.19523,,,,,,,,,,,,,,,,,,,,,,,,,,,,,,,,,,,,,,,,,,,,,,,,,,,,,,,,,,,,,,,,,,,,,,,,,,,,,,,,,,,,,,,,,,,,,,,,,,,,,,,,,,,,,,
wcompton,5020,fell,1.34,1,134.697,51.5978,2.99632,3.4568,353.739,92.2734,35.345,44.5134,1.60492,32.0894,24.5705,11.6276,14.0694,4.02259,,,,,,,,,,,,,,,,,,,,,,,,,,,,,,,,,,,,,,,,,,,,,,,,,,,,,,,,,,,,,,,,,,,,,,,,,,,,,,,,,,,,,,,,,,,,,,,,,,,,,,,,,,,,,,
wcompton,5021,fell,2.82,1,84.9091,159.237,1.16049,0.345886,1185.2,237.731,100.926,53.2393,48.9621,61.0253,36.6475,16.7033,33.52,18.1067,,,,,,,,,,,,,,,,,,,,,,,,,,,,,,,,,,,,,,,,,,,,,,,,,,,,,,,,,,,,,,,,,,,,,,,,,,,,,,,,,,,,,,,,,,,,,,,,,,,,,,,,,,,,,,
wcompton,5022,fell,2.52,1,93.9102,44.7102,1.89028,3.63745,316.097,105.32,39.868,31.1178,3.92859,26.6471,18.2984,8.32138,10.7886,3.25549,,,,,,,,,,,,,,,,,,,,,,,,,,,,,,,,,,,,,,,,,,,,,,,,,,,,,,,,,,,,,,,,,,,,,,,,,,,,,,,,,,,,,,,,,,,,,,,,,,,,,,,,,,,,,,
wcompton,5023,fell,2.1,1,154.147,0.575658,2.80401,3.83078,365.727,177.61,38.6284,44.6945,2.69133,35.5807,32.5319,11.0485,14.6016,5.48827,,,,,,,,,,,,,,,,,,,,,,,,,,,,,,,,,,,,,,,,,,,,,,,,,,,,,,,,,,,,,,,,,,,,,,,,,,,,,,,,,,,,,,,,,,,,,,,,,,,,,,,,,,,,,,
wcompton,5024,fell,1.42,1,89.1419,50.6946,2.87884,3.86267,287.864,85.0781,18.4241,13.8636,1.70798,26.5523,21.3777,8.86883,8.82366,2.78748,,,,,,,,,,,,,,,,,,,,,,,,,,,,,,,,,,,,,,,,,,,,,,,,,,,,,,,,,,,,,,,,,,,,,,,,,,,,,,,,,,,,,,,,,,,,,,,,,,,,,,,,,,,,,,
wcompton,5025,fell,3.94,1,104.961,28.9346,2.671,3.61511,531.331,102.371,34.862,15.5838,1.48533,47.6355,25.7255,17.1874,16.7118,6.3655,,,,,,,,,,,,,,,,,,,,,,,,,,,,,,,,,,,,,,,,,,,,,,,,,,,,,,,,,,,,,,,,,,,,,,,,,,,,,,,,,,,,,,,,,,,,,,,,,,,,,,,,,,,,,,
wcompton,5026,fell,2.14,1,187.656,34.062,2.81722,3.853,272.976,65.925,32.9914,11.3529,4.0909,35.7744,19.4662,14.2899,10.2134,2.17577,,,,,,,,,,,,,,,,,,,,,,,,,,,,,,,,,,,,,,,,,,,,,,,,,,,,,,,,,,,,,,,,,,,,,,,,,,,,,,,,,,,,,,,,,,,,,,,,,,,,,,,,,,,,,,
wcompton,5027,fell,1.64,1,154.16,7.90596,1.87656,3.85149,358.917,54.5757,31.2384,19.2982,0.711348,31.9014,16.5213,11.4301,9.43844,1.00583,,,,,,,,,,,,,,,,,,,,,,,,,,,,,,,,,,,,,,,,,,,,,,,,,,,,,,,,,,,,,,,,,,,,,,,,,,,,,,,,,,,,,,,,,,,,,,,,,,,,,,,,,,,,,,
wcompton,5028,fell,1.08,1,113.363,128.144,2.30525,3.73317,203.782,75.901,29.7596,22.2712,34.3958,26.7045,20.3184,10.112,12.3225,4.57062,,,,,,,,,,,,,,,,,,,,,,,,,,,,,,,,,,,,,,,,,,,,,,,,,,,,,,,,,,,,,,,,,,,,,,,,,,,,,,,,,,,,,,,,,,,,,,,,,,,,,,,,,,,,,,
wcompton,5029,fell,4.36,1,240.078,89.288,1.12788,3.42096,942.379,252.925,115.824,58.0767,21.4487,62.7346,42.2726,19.9351,23.7931,7.41071,,,,,,,,,,,,,,,,,,,,,,,,,,,,,,,,,,,,,,,,,,,,,,,,,,,,,,,,,,,,,,,,,,,,,,,,,,,,,,,,,,,,,,,,,,,,,,,,,,,,,,,,,,,,,,
wcompton,5030,fell,2.32,1,106.507,82.0542,1.47766,3.38236,411.477,142.015,50.2551,27.8079,0.929964,38.3401,32.0684,11.404,12.5901,3.01331,,,,,,,,,,,,,,,,,,,,,,,,,,,,,,,,,,,,,,,,,,,,,,,,,,,,,,,,,,,,,,,,,,,,,,,,,,,,,,,,,,,,,,,,,,,,,,,,,,,,,,,,,,,,,,
wcompton,5031,fell,1.08,1,34.7135,162.613,2.26226,4.05887,258.431,56.5218,24.2468,45.7084,46.0073,18.6148,13.8835,5.93947,10.1696,5.26484,,,,,,,,,,,,,,,,,,,,,,,,,,,,,,,,,,,,,,,,,,,,,,,,,,,,,,,,,,,,,,,,,,,,,,,,,,,,,,,,,,,,,,,,,,,,,,,,,,,,,,,,,,,,,,
wcompton,5032,fell,2.34,1,121.844,9.85159,1.38893,3.05018,307.091,67.1341,24.0091,34.9321,32.1705,30.8029,16.3553,10.577,13.3538,8.18744,,,,,,,,,,,,,,,,,,,,,,,,,,,,,,,,,,,,,,,,,,,,,,,,,,,,,,,,,,,,,,,,,,,,,,,,,,,,,,,,,,,,,,,,,,,,,,,,,,,,,,,,,,,,,,
wcompton,5033,fell,1.48,1,64.4799,17.3689,1.86214,3.54702,290.782,173.996,34.4762,29.7105,19.1924,35.4696,33.4883,10.9438,15.6031,7.67138,,,,,,,,,,,,,,,,,,,,,,,,,,,,,,,,,,,,,,,,,,,,,,,,,,,,,,,,,,,,,,,,,,,,,,,,,,,,,,,,,,,,,,,,,,,,,,,,,,,,,,,,,,,,,,
wcompton,5034,fell,2.78,1,153.341,33.3085,2.79178,3.46508,391.409,141.403,53.0282,50.7016,7.71212,39.1248,24.3743,12.3148,16.8219,7.57378,,,,,,,,,,,,,,,,,,,,,,,,,,,,,,,,,,,,,,,,,,,,,,,,,,,,,,,,,,,,,,,,,,,,,,,,,,,,,,,,,,,,,,,,,,,,,,,,,,,,,,,,,,,,,,
wcompton,5035,fell,1.96,1,114.365,44.0449,2.73713,3.7735,283.35,76.2091,36.2031,21.9414,51.4423,22.6936,14.0525,7.95516,15.2929,12.0545,,,,,,,,,,,,,,,,,,,,,,,,,,,,,,,,,,,,,,,,,,,,,,,,,,,,,,,,,,,,,,,,,,,,,,,,,,,,,,,,,,,,,,,,,,,,,,,,,,,,,,,,,,,,,,
wcompton,5036,fell,0.98,1,93.7173,112.891,1.87775,3.73818,280.879,39.8468,31.8283,12.5865,0.492171,21.8149,11.7102,7.13221,6.80818,1.37578,,,,,,,,,,,,,,,,,,,,,,,,,,,,,,,,,,,,,,,,,,,,,,,,,,,,,,,,,,,,,,,,,,,,,,,,,,,,,,,,,,,,,,,,,,,,,,,,,,,,,,,,,,,,,,
wcompton,5037,fell,2.98,1,196.787,7.27056,2.63082,4.15013,408.102,132.511,38.2788,22.5515,30.2332,28.5607,21.5897,9.24284,10.8295,3.42274,,,,,,,,,,,,,,,,,,,,,,,,,,,,,,,,,,,,,,,,,,,,,,,,,,,,,,,,,,,,,,,,,,,,,,,,,,,,,,,,,,,,,,,,,,,,,,,,,,,,,,,,,,,,,,
wcompton,5038,fell,1.36,1,200.675,11.728,2.41889,3.94595,439.521,126.203,26.1833,9.63013,0.464842,27.9169,19.7661,7.63094,7.03415,1.67818,,,,,,,,,,,,,,,,,,,,,,,,,,,,,,,,,,,,,,,,,,,,,,,,,,,,,,,,,,,,,,,,,,,,,,,,,,,,,,,,,,,,,,,,,,,,,,,,,,,,,,,,,,,,,,
wcompton,5039,fell,1.28,1,126.604,122.057,2.52215,3.5869,273.536,84.3683,33.0828,20.9703,97.7959,28.4115,20.6037,11.2148,13.7122,15.3494,,,,,,,,,,,,,,,,,,,,,,,,,,,,,,,,,,,,,,,,,,,,,,,,,,,,,,,,,,,,,,,,,,,,,,,,,,,,,,,,,,,,,,,,,,,,,,,,,,,,,,,,,,,,,,
wcompton,5040,fell,0.96,1,53.682,140.34,1.49013,3.18883,256.099,72.4773,17.13,33.3473,142.532,21.6634,13.7311,7.53976,13.3046,10.1877,,,,,,,,,,,,,,,,,,,,,,,,,,,,,,,,,,,,,,,,,,,,,,,,,,,,,,,,,,,,,,,,,,,,,,,,,,,,,,,,,,,,,,,,,,,,,,,,,,,,,,,,,,,,,,
wcompton,5041,fell,2.08,1,195.569,36.2809,1.96004,3.2548,285.929,79.101,23.6245,34.1896,38.2781,32.3999,15.6879,12.3658,13.5609,6.15827,,,,,,,,,,,,,,,,,,,,,,,,,,,,,,,,,,,,,,,,,,,,,,,,,,,,,,,,,,,,,,,,,,,,,,,,,,,,,,,,,,,,,,,,,,,,,,,,,,,,,,,,,,,,,,
wcompton,5042,fell,1.74,1,85.5767,108.858,2.21336,2.97876,757.085,184.722,65.8493,33.3794,0.729896,31.9164,27.9599,9.85863,10.5907,2.07686,,,,,,,,,,,,,,,,,,,,,,,,,,,,,,,,,,,,,,,,,,,,,,,,,,,,,,,,,,,,,,,,,,,,,,,,,,,,,,,,,,,,,,,,,,,,,,,,,,,,,,,,,,,,,,
wcompton,5043,fell,1.8,1,33.0686,13.6952,1.77989,3.5818,246.642,81.8103,35.5621,20.1999,16.2032,36.2229,21.7016,15.4058,13.4844,5.38768,,,,,,,,,,,,,,,,,,,,,,,,,,,,,,,,,,,,,,,,,,,,,,,,,,,,,,,,,,,,,,,,,,,,,,,,,,,,,,,,,,,,,,,,,,,,,,,,,,,,,,,,,,,,,,
wcompton,5044,fell,1.78,1,120.955,28.0271,1.5271,0.82149,351.662,115.417,37.6408,35.6413,1.20504,37.4047,22.1728,13.8268,21.3202,3.77684,,,,,,,,,,,,,,,,,,,,,,,,,,,,,,,,,,,,,,,,,,,,,,,,,,,,,,,,,,,,,,,,,,,,,,,,,,,,,,,,,,,,,,,,,,,,,,,,,,,,,,,,,,,,,,
wcompton,5045,fell,1.28,1,148.288,24.7373,2.5679,3.06285,307.293,113.165,37.0556,43.0538,2.66879,31.2746,26.0171,11.1216,16.2665,4.87995,,,,,,,,,,,,,,,,,,,,,,,,,,,,,,,,,,,,,,,,,,,,,,,,,,,,,,,,,,,,,,,,,,,,,,,,,,,,,,,,,,,,,,,,,,,,,,,,,,,,,,,,,,,,,,
wcompton,5046,fell,2.16,1,143.783,22.3706,2.63844,3.56743,296.908,74.6909,32.5335,26.402,16.0903,32.5563,17.0573,13.7557,12.9752,7.29715,,,,,,,,,,,,,,,,,,,,,,,,,,,,,,,,,,,,,,,,,,,,,,,,,,,,,,,,,,,,,,,,,,,,,,,,,,,,,,,,,,,,,,,,,,,,,,,,,,,,,,,,,,,,,,
wcompton,5047,fell,2.74,1,112.734,12.9324,2.50691,3.91949,302.207,100.654,27.6588,14.36,2.72359,31.7765,22.2636,9.87324,10.1838,2.58127,,,,,,,,,,,,,,,,,,,,,,,,,,,,,,,,,,,,,,,,,,,,,,,,,,,,,,,,,,,,,,,,,,,,,,,,,,,,,,,,,,,,,,,,,,,,,,,,,,,,,,,,,,,,,,
wcompton,5048,fell,3.5,1,184.944,8.64897,2.57933,3.46108,482.453,157.109,59.8638,48.1644,53.1333,47.237,27.5112,18.1016,18.7836,6.00973,,,,,,,,,,,,,,,,,,,,,,,,,,,,,,,,,,,,,,,,,,,,,,,,,,,,,,,,,,,,,,,,,,,,,,,,,,,,,,,,,,,,,,,,,,,,,,,,,,,,,,,,,,,,,,
wcompton,5049,fell,1.44,1,217.774,47.4184,2.57479,3.7308,323.377,88.0363,36.7804,16.8864,10.4789,28.385,16.6804,10.4448,10.7444,3.32581,,,,,,,,,,,,,,,,,,,,,,,,,,,,,,,,,,,,,,,,,,,,,,,,,,,,,,,,,,,,,,,,,,,,,,,,,,,,,,,,,,,,,,,,,,,,,,,,,,,,,,,,,,,,,,
wcompton,5050,fell,1.86,1,43.8973,23.4208,1.66139,2.21969,218.571,69.1245,27.9032,41.8193,116.204,22.8602,14.452,7.85714,12.9023,11.4894,,,,,,,,,,,,,,,,,,,,,,,,,,,,,,,,,,,,,,,,,,,,,,,,,,,,,,,,,,,,,,,,,,,,,,,,,,,,,,,,,,,,,,,,,,,,,,,,,,,,,,,,,,,,,,
wcompton,5051,fell,1.58,1,110.941,97.9373,1.17557,3.23892,382.093,114.808,35.0806,42.5343,87.6676,27.9739,17.3099,10.1361,15.3317,7.22779,,,,,,,,,,,,,,,,,,,,,,,,,,,,,,,,,,,,,,,,,,,,,,,,,,,,,,,,,,,,,,,,,,,,,,,,,,,,,,,,,,,,,,,,,,,,,,,,,,,,,,,,,,,,,,
wcompton,5052,fell,1.08,1,15.6898,179.382,2.4344,2.71206,182.148,43.2691,18.6412,54.8465,6.61664,25.1037,13.107,10.5546,11.0033,2.86883,,,,,,,,,,,,,,,,,,,,,,,,,,,,,,,,,,,,,,,,,,,,,,,,,,,,,,,,,,,,,,,,,,,,,,,,,,,,,,,,,,,,,,,,,,,,,,,,,,,,,,,,,,,,,,
wcompton,5053,fell,2.36,1,123.411,67.8508,1.10259,3.57262,312.642,101.078,30.6695,16.0061,5.64722,44.4976,22.2335,16.7304,15.6209,5.07944,,,,,,,,,,,,,,,,,,,,,,,,,,,,,,,,,,,,,,,,,,,,,,,,,,,,,,,,,,,,,,,,,,,,,,,,,,,,,,,,,,,,,,,,,,,,,,,,,,,,,,,,,,,,,,
wcompton,5054,fell,3.2,1,253.421,28.551,2.01873,3.459,483.708,196.515,50.423,34.4881,90.1289,43.6997,30.4209,15.2415,15.973,7.33176,,,,,,,,,,,,,,,,,,,,,,,,,,,,,,,,,,,,,,,,,,,,,,,,,,,,,,,,,,,,,,,,,,,,,,,,,,,,,,,,,,,,,,,,,,,,,,,,,,,,,,,,,,,,,,
wcompton,5055,fell,1.82,1,124.484,13.2937,1.71081,3.47835,314.154,101.855,27.761,26.7562,15.172,34.7761,20.4532,13.2034,13.4927,3.88113,,,,,,,,,,,,,,,,,,,,,,,,,,,,,,,,,,,,,,,,,,,,,,,,,,,,,,,,,,,,,,,,,,,,,,,,,,,,,,,,,,,,,,,,,,,,,,,,,,,,,,,,,,,,,,
wcompton,5056,fell,3.02,1,153.546,129.755,2.8655,3.66689,584.803,223.427,60.8992,57.6821,13.8187,36.6656,34.9645,10.9193,16.8611,5.95035,,,,,,,,,,,,,,,,,,,,,,,,,,,,,,,,,,,,,,,,,,,,,,,,,,,,,,,,,,,,,,,,,,,,,,,,,,,,,,,,,,,,,,,,,,,,,,,,,,,,,,,,,,,,,,
wcompton,5057,fell,1.08,1,53.6473,20.1871,2.24222,3.58096,180.699,87.1239,22.1921,15.2337,14.8608,30.7113,18.7256,11.7538,10.9195,4.68822,,,,,,,,,,,,,,,,,,,,,,,,,,,,,,,,,,,,,,,,,,,,,,,,,,,,,,,,,,,,,,,,,,,,,,,,,,,,,,,,,,,,,,,,,,,,,,,,,,,,,,,,,,,,,,
wcompton,5058,fell,1.46,1,135.019,46.5674,1.06728,3.36853,299.807,106.588,34.09,9.0866,0.72516,37.4646,25.673,13.7998,11.8004,3.70704,,,,,,,,,,,,,,,,,,,,,,,,,,,,,,,,,,,,,,,,,,,,,,,,,,,,,,,,,,,,,,,,,,,,,,,,,,,,,,,,,,,,,,,,,,,,,,,,,,,,,,,,,,,,,,
wcompton,5059,fell,1.44,1,147.592,33.479,2.43099,4.33824,322.448,63.9946,24.8722,10.7301,0.379702,31.6962,12.9369,13.951,9.6111,1.45557,,,,,,,,,,,,,,,,,,,,,,,,,,,,,,,,,,,,,,,,,,,,,,,,,,,,,,,,,,,,,,,,,,,,,,,,,,,,,,,,,,,,,,,,,,,,,,,,,,,,,,,,,,,,,,
wcompton,5060,fell,1.84,1,187.481,44.0354,3.15452,3.7855,338.358,154.162,47.0526,28.2841,1.40048,33.2945,23.982,10.6552,16.0557,4.18801,,,,,,,,,,,,,,,,,,,,,,,,,,,,,,,,,,,,,,,,,,,,,,,,,,,,,,,,,,,,,,,,,,,,,,,,,,,,,,,,,,,,,,,,,,,,,,,,,,,,,,,,,,,,,,
wcompton,5061,fell,2.46,1,116.676,62.008,1.64398,3.47457,477.57,133.394,40.1704,41.2082,31.485,34.6795,28.8179,10.0492,11.7663,3.75674,,,,,,,,,,,,,,,,,,,,,,,,,,,,,,,,,,,,,,,,,,,,,,,,,,,,,,,,,,,,,,,,,,,,,,,,,,,,,,,,,,,,,,,,,,,,,,,,,,,,,,,,,,,,,,
wcompton,5062,fell,1.84,1,116.587,33.2134,2.78234,4.05697,284.425,45.6349,33.0218,47.9107,1.45111,20.8927,15.1292,7.58436,10.5129,2.12331,,,,,,,,,,,,,,,,,,,,,,,,,,,,,,,,,,,,,,,,,,,,,,,,,,,,,,,,,,,,,,,,,,,,,,,,,,,,,,,,,,,,,,,,,,,,,,,,,,,,,,,,,,,,,,
wcompton,5063,fell,1.94,1,201.104,80.6011,1.72694,3.18945,398.454,87.5577,47.304,44.1234,20.9939,36.5211,21.1492,13.6072,14.9151,3.69636,,,,,,,,,,,,,,,,,,,,,,,,,,,,,,,,,,,,,,,,,,,,,,,,,,,,,,,,,,,,,,,,,,,,,,,,,,,,,,,,,,,,,,,,,,,,,,,,,,,,,,,,,,,,,,
wcompton,5064,fell,2.04,1,119.949,100.435,2.45611,3.93134,218.178,74.6387,29.8604,28.1636,18.3687,21.4353,13.228,7.72565,13.7932,5.55931,,,,,,,,,,,,,,,,,,,,,,,,,,,,,,,,,,,,,,,,,,,,,,,,,,,,,,,,,,,,,,,,,,,,,,,,,,,,,,,,,,,,,,,,,,,,,,,,,,,,,,,,,,,,,,
wcompton,5065,fell,2.82,1,193.523,18.4505,2.36096,3.51059,437.881,134.73,50.815,27.8986,2.12274,46.2823,26.8901,16.6566,17.4795,2.77626,,,,,,,,,,,,,,,,,,,,,,,,,,,,,,,,,,,,,,,,,,,,,,,,,,,,,,,,,,,,,,,,,,,,,,,,,,,,,,,,,,,,,,,,,,,,,,,,,,,,,,,,,,,,,,
wcompton,5066,fell,0.86,1,47.3706,159.044,2.4228,3.15514,382.071,72.754,43.4472,18.7424,0.203168,46.8162,17.2317,19.901,12.398,1.18908,,,,,,,,,,,,,,,,,,,,,,,,,,,,,,,,,,,,,,,,,,,,,,,,,,,,,,,,,,,,,,,,,,,,,,,,,,,,,,,,,,,,,,,,,,,,,,,,,,,,,,,,,,,,,,
wcompton,5067,fell,1.88,1,21.88,53.7181,2.32077,3.74297,250.945,50.397,27.2111,21.4847,5.15794,21.9328,15.8268,6.28505,8.37796,3.85095,,,,,,,,,,,,,,,,,,,,,,,,,,,,,,,,,,,,,,,,,,,,,,,,,,,,,,,,,,,,,,,,,,,,,,,,,,,,,,,,,,,,,,,,,,,,,,,,,,,,,,,,,,,,,,
wcompton,5068,fell,1.72,1,72.9853,6.44931,1.9456,3.51937,219.349,110.352,32.0592,39.0686,13.685,25.1846,18.9124,9.61466,13.9195,7.81316,,,,,,,,,,,,,,,,,,,,,,,,,,,,,,,,,,,,,,,,,,,,,,,,,,,,,,,,,,,,,,,,,,,,,,,,,,,,,,,,,,,,,,,,,,,,,,,,,,,,,,,,,,,,,,
wcompton,5069,fell,1.54,1,140.432,23.5037,1.64652,1.32313,448.888,110.042,53.3455,61.904,88.2863,36.5968,18.663,13.6229,15.9548,9.90733,,,,,,,,,,,,,,,,,,,,,,,,,,,,,,,,,,,,,,,,,,,,,,,,,,,,,,,,,,,,,,,,,,,,,,,,,,,,,,,,,,,,,,,,,,,,,,,,,,,,,,,,,,,,,,
wcompton,5070,fell,2.56,1,110.786,16.71,1.61517,3.50444,424.692,103.895,56.8547,33.1255,8.91875,39.2363,22.1035,15.2758,18.281,4.22955,,,,,,,,,,,,,,,,,,,,,,,,,,,,,,,,,,,,,,,,,,,,,,,,,,,,,,,,,,,,,,,,,,,,,,,,,,,,,,,,,,,,,,,,,,,,,,,,,,,,,,,,,,,,,,
wcompton,5071,fell,1.38,1,117.013,155.718,2.32929,2.73457,280.946,116.74,28.9281,50.0593,5.92922,28.3248,27.6093,9.85309,16.8348,4.4428,,,,,,,,,,,,,,,,,,,,,,,,,,,,,,,,,,,,,,,,,,,,,,,,,,,,,,,,,,,,,,,,,,,,,,,,,,,,,,,,,,,,,,,,,,,,,,,,,,,,,,,,,,,,,,
wcompton,5072,fell,1.26,1,81.3514,25.917,1.11737,3.61214,217.742,60.0704,31.0664,23.1604,1.11378,23.0193,15.5088,8.87168,12.6903,3.67554,,,,,,,,,,,,,,,,,,,,,,,,,,,,,,,,,,,,,,,,,,,,,,,,,,,,,,,,,,,,,,,,,,,,,,,,,,,,,,,,,,,,,,,,,,,,,,,,,,,,,,,,,,,,,,
wcompton,5073,fell,1.96,1,64.4373,12.184,2.83265,3.90254,252.094,112.265,34.6605,25.846,2.73453,45.1372,21.2442,17.8069,15.713,3.51235,,,,,,,,,,,,,,,,,,,,,,,,,,,,,,,,,,,,,,,,,,,,,,,,,,,,,,,,,,,,,,,,,,,,,,,,,,,,,,,,,,,,,,,,,,,,,,,,,,,,,,,,,,,,,,
wcompton,5074,fell,1.7,1,130.817,74.8785,1.9571,3.34542,282.216,82.8493,27.0816,13.5825,38.1578,32.7663,22.608,12.0186,10.7195,6.28637,,,,,,,,,,,,,,,,,,,,,,,,,,,,,,,,,,,,,,,,,,,,,,,,,,,,,,,,,,,,,,,,,,,,,,,,,,,,,,,,,,,,,,,,,,,,,,,,,,,,,,,,,,,,,,
wcompton,5075,fell,2.2,1,192.193,56.6846,2.44301,3.89334,357.743,75.1533,37.9006,20.9813,23.448,32.2948,17.7811,11.9626,12.5972,7.43337,,,,,,,,,,,,,,,,,,,,,,,,,,,,,,,,,,,,,,,,,,,,,,,,,,,,,,,,,,,,,,,,,,,,,,,,,,,,,,,,,,,,,,,,,,,,,,,,,,,,,,,,,,,,,,
wcompton,5076,fell,2.08,1,111.653,142.856,2.07885,3.62413,318.911,67.6999,37.9068,21.1296,15.8363,28.808,20.1256,11.1213,14.0291,5.54263,,,,,,,,,,,,,,,,,,,,,,,,,,,,,,,,,,,,,,,,,,,,,,,,,,,,,,,,,,,,,,,,,,,,,,,,,,,,,,,,,,,,,,,,,,,,,,,,,,,,,,,,,,,,,,
wcompton,5077,fell,1.72,1,149.98,36.882,1.78553,0.781182,458.004,163.893,41.9328,31.5162,1.06604,38.5852,26.2654,12.2016,16.7526,2.16136,,,,,,,,,,,,,,,,,,,,,,,,,,,,,,,,,,,,,,,,,,,,,,,,,,,,,,,,,,,,,,,,,,,,,,,,,,,,,,,,,,,,,,,,,,,,,,,,,,,,,,,,,,,,,,
wcompton,5078,fell,1.36,1,142.888,86.3743,2.50918,3.7391,418.42,90.8179,34.6199,12.7495,0.737503,33.5283,19.1227,11.0446,10.1245,3.57223,,,,,,,,,,,,,,,,,,,,,,,,,,,,,,,,,,,,,,,,,,,,,,,,,,,,,,,,,,,,,,,,,,,,,,,,,,,,,,,,,,,,,,,,,,,,,,,,,,,,,,,,,,,,,,
wcompton,5079,fell,1.36,1,175.845,53.9853,2.20905,3.57836,233.311,71.8978,33.8924,57.584,32.4922,17.5585,12.2877,5.77856,13.3246,7.99292,,,,,,,,,,,,,,,,,,,,,,,,,,,,,,,,,,,,,,,,,,,,,,,,,,,,,,,,,,,,,,,,,,,,,,,,,,,,,,,,,,,,,,,,,,,,,,,,,,,,,,,,,,,,,,
wcompton,5080,fell,4.22,1,87.4387,5.71835,1.53124,3.17897,445.213,110.513,51.0826,35.9356,6.01827,54.1994,28.3366,19.4286,16.7398,4.69462,,,,,,,,,,,,,,,,,,,,,,,,,,,,,,,,,,,,,,,,,,,,,,,,,,,,,,,,,,,,,,,,,,,,,,,,,,,,,,,,,,,,,,,,,,,,,,,,,,,,,,,,,,,,,,
wcompton,5081,fell,1.74,1,130.294,13.9747,2.39413,3.2512,426.149,174.032,35.2939,53.0197,95.4682,32.3733,29.4915,10.6097,12.9251,7.7811,,,,,,,,,,,,,,,,,,,,,,,,,,,,,,,,,,,,,,,,,,,,,,,,,,,,,,,,,,,,,,,,,,,,,,,,,,,,,,,,,,,,,,,,,,,,,,,,,,,,,,,,,,,,,,
wcompton,5082,fell,1.94,1,89.4139,12.4121,2.72697,2.24184,680.868,65.2346,50.1315,36.168,5.1721,82.7592,14.7814,33.1773,26.4325,5.15501,,,,,,,,,,,,,,,,,,,,,,,,,,,,,,,,,,,,,,,,,,,,,,,,,,,,,,,,,,,,,,,,,,,,,,,,,,,,,,,,,,,,,,,,,,,,,,,,,,,,,,,,,,,,,,
wcompton,5083,fell,1.46,1,220.497,110.637,2.40362,3.96808,312.574,71.7785,23.6418,9.68207,0.220163,24.3858,17.4171,7.39128,6.49997,1.01813,,,,,,,,,,,,,,,,,,,,,,,,,,,,,,,,,,,,,,,,,,,,,,,,,,,,,,,,,,,,,,,,,,,,,,,,,,,,,,,,,,,,,,,,,,,,,,,,,,,,,,,,,,,,,,
wcompton,5084,fell,1.4,1,187.453,70.6288,3.01454,3.79949,288.406,113.051,39.8838,27.2562,1.75182,26.3196,27.1551,8.23388,11.7236,3.63972,,,,,,,,,,,,,,,,,,,,,,,,,,,,,,,,,,,,,,,,,,,,,,,,,,,,,,,,,,,,,,,,,,,,,,,,,,,,,,,,,,,,,,,,,,,,,,,,,,,,,,,,,,,,,,
wcompton,5085,fell,2.2,1,113.879,165.462,2.48536,3.65727,379.047,81.9894,43.413,30.1882,18.6561,34.9301,20.2609,13.0784,13.7582,4.21769,,,,,,,,,,,,,,,,,,,,,,,,,,,,,,,,,,,,,,,,,,,,,,,,,,,,,,,,,,,,,,,,,,,,,,,,,,,,,,,,,,,,,,,,,,,,,,,,,,,,,,,,,,,,,,
wcompton,5086,fell,0.88,1,5.22922,22.7983,1.30147,0.999078,335.318,103.138,40.2539,26.7738,0.602061,28.2077,19.7352,8.40925,11.4634,1.97984,,,,,,,,,,,,,,,,,,,,,,,,,,,,,,,,,,,,,,,,,,,,,,,,,,,,,,,,,,,,,,,,,,,,,,,,,,,,,,,,,,,,,,,,,,,,,,,,,,,,,,,,,,,,,,
wcompton,5087,fell,1.78,1,96.1741,18.5003,1.94228,3.65275,282.702,101.716,28.8812,35.2306,14.0216,35.2163,24.3465,11.9101,13.6392,3.63924,,,,,,,,,,,,,,,,,,,,,,,,,,,,,,,,,,,,,,,,,,,,,,,,,,,,,,,,,,,,,,,,,,,,,,,,,,,,,,,,,,,,,,,,,,,,,,,,,,,,,,,,,,,,,,
wcompton,5088,fell,1.2,1,31.2737,39.2626,2.25606,3.8475,193.563,68.2652,13.0725,21.491,16.9121,23.0827,15.1472,9.15991,8.82239,5.0265,,,,,,,,,,,,,,,,,,,,,,,,,,,,,,,,,,,,,,,,,,,,,,,,,,,,,,,,,,,,,,,,,,,,,,,,,,,,,,,,,,,,,,,,,,,,,,,,,,,,,,,,,,,,,,
wcompton,5089,fell,1.46,1,159.915,55.53,2.19364,3.20891,374.169,171.947,46.6431,40.9627,25.2651,26.6001,19.4999,8.67819,11.8133,2.84675,,,,,,,,,,,,,,,,,,,,,,,,,,,,,,,,,,,,,,,,,,,,,,,,,,,,,,,,,,,,,,,,,,,,,,,,,,,,,,,,,,,,,,,,,,,,,,,,,,,,,,,,,,,,,,
wcompton,5090,fell,2.3,1,141.357,138.075,1.40684,3.50503,350.963,104.225,44.1052,21.8402,0.804859,31.479,17.0122,10.7749,11.1504,2.41815,,,,,,,,,,,,,,,,,,,,,,,,,,,,,,,,,,,,,,,,,,,,,,,,,,,,,,,,,,,,,,,,,,,,,,,,,,,,,,,,,,,,,,,,,,,,,,,,,,,,,,,,,,,,,,
wcompton,5091,fell,1.4,1,145.901,113.385,2.56646,3.88539,188.04,55.009,24.9843,11.7092,1.12128,19.0815,12.1701,7.05861,8.34837,2.24997,,,,,,,,,,,,,,,,,,,,,,,,,,,,,,,,,,,,,,,,,,,,,,,,,,,,,,,,,,,,,,,,,,,,,,,,,,,,,,,,,,,,,,,,,,,,,,,,,,,,,,,,,,,,,,
wcompton,5092,fell,2.6,1,150.195,5.76557,2.87364,4.02118,399.03,106.213,36.828,20.3704,1.09737,43.2889,24.0111,15.3911,14.32,2.32069,,,,,,,,,,,,,,,,,,,,,,,,,,,,,,,,,,,,,,,,,,,,,,,,,,,,,,,,,,,,,,,,,,,,,,,,,,,,,,,,,,,,,,,,,,,,,,,,,,,,,,,,,,,,,,
wcompton,5093,fell,1.26,1,146.125,1.16519,3.08911,3.51414,303.009,86.9055,18.5432,29.6263,1.71643,31.8919,19.3116,12.4946,13.3952,3.10708,,,,,,,,,,,,,,,,,,,,,,,,,,,,,,,,,,,,,,,,,,,,,,,,,,,,,,,,,,,,,,,,,,,,,,,,,,,,,,,,,,,,,,,,,,,,,,,,,,,,,,,,,,,,,,
wcompton,5094,fell,1.1,1,71.749,21.1844,2.01638,3.88669,204.98,72.9141,17.5212,17.5094,91.6211,28.2619,17.0111,11.4888,12.2819,9.06477,,,,,,,,,,,,,,,,,,,,,,,,,,,,,,,,,,,,,,,,,,,,,,,,,,,,,,,,,,,,,,,,,,,,,,,,,,,,,,,,,,,,,,,,,,,,,,,,,,,,,,,,,,,,,,
wcompton,5095,fell,2.58,1,180.239,34.9206,2.04526,3.7686,356.499,115.027,34.8842,42.7717,17.7181,27.5365,18.8535,8.70212,10.4586,6.50962,,,,,,,,,,,,,,,,,,,,,,,,,,,,,,,,,,,,,,,,,,,,,,,,,,,,,,,,,,,,,,,,,,,,,,,,,,,,,,,,,,,,,,,,,,,,,,,,,,,,,,,,,,,,,,
wcompton,5096,fell,1.18,1,96.0628,63.9681,2.95113,3.76202,268.939,122.914,37.2795,27.5046,10.3735,27.0267,24.8895,8.93118,11.5679,5.14466,,,,,,,,,,,,,,,,,,,,,,,,,,,,,,,,,,,,,,,,,,,,,,,,,,,,,,,,,,,,,,,,,,,,,,,,,,,,,,,,,,,,,,,,,,,,,,,,,,,,,,,,,,,,,,
wcompton,5097,fell,3.5,1,287.486,143.648,1.46259,0.393199,1186.92,320.066,153.238,125.634,1.97675,68.8896,49.9332,23.6844,33.8004,4.40557,,,,,,,,,,,,,,,,,,,,,,,,,,,,,,,,,,,,,,,,,,,,,,,,,,,,,,,,,,,,,,,,,,,,,,,,,,,,,,,,,,,,,,,,,,,,,,,,,,,,,,,,,,,,,,
wcompton,5098,fell,1.82,1,161.324,40.405,3.19312,3.82639,552.974,204.851,50.4424,46.141,26.3634,28.6899,28.1258,8.69522,16.782,7.38451,,,,,,,,,,,,,,,,,,,,,,,,,,,,,,,,,,,,,,,,,,,,,,,,,,,,,,,,,,,,,,,,,,,,,,,,,,,,,,,,,,,,,,,,,,,,,,,,,,,,,,,,,,,,,,
wcompton,5099,fell,2.62,1,192.548,116.948,2.78275,3.41076,705.343,212.602,66.2914,46.7603,1.55065,39.1449,25.8088,12.7779,14.4276,2.40774,,,,,,,,,,,,,,,,,,,,,,,,,,,,,,,,,,,,,,,,,,,,,,,,,,,,,,,,,,,,,,,,,,,,,,,,,,,,,,,,,,,,,,,,,,,,,,,,,,,,,,,,,,,,,,
wcompton,5100,fell,3.16,1,105.857,12.4006,2.64378,3.63231,510.307,137.556,47.0383,31.6718,3.25015,72.1966,36.0887,28.2838,22.7685,3.86749,,,,,,,,,,,,,,,,,,,,,,,,,,,,,,,,,,,,,,,,,,,,,,,,,,,,,,,,,,,,,,,,,,,,,,,,,,,,,,,,,,,,,,,,,,,,,,,,,,,,,,,,,,,,,,
wcompton,5101,fell,3.18,1,112.182,31.4172,1.27062,3.75923,350.068,115.936,31.7567,15.3776,6.5175,36.7788,22.2206,12.5521,10.4622,2.43954,,,,,,,,,,,,,,,,,,,,,,,,,,,,,,,,,,,,,,,,,,,,,,,,,,,,,,,,,,,,,,,,,,,,,,,,,,,,,,,,,,,,,,,,,,,,,,,,,,,,,,,,,,,,,,
wcompton,5102,fell,1.86,1,90.133,18.6045,2.10893,3.12363,485.887,193.505,48.9135,31.8527,15.5298,46.6565,29.0362,16.6537,19.1253,8.76192,,,,,,,,,,,,,,,,,,,,,,,,,,,,,,,,,,,,,,,,,,,,,,,,,,,,,,,,,,,,,,,,,,,,,,,,,,,,,,,,,,,,,,,,,,,,,,,,,,,,,,,,,,,,,,
wcompton,5103,fell,1.5,1,120.497,87.3586,2.27189,3.79536,292.246,49.938,36.6959,14.4338,10.5604,37.0866,16.6777,14.5276,14.2397,7.43942,,,,,,,,,,,,,,,,,,,,,,,,,,,,,,,,,,,,,,,,,,,,,,,,,,,,,,,,,,,,,,,,,,,,,,,,,,,,,,,,,,,,,,,,,,,,,,,,,,,,,,,,,,,,,,
wcompton,5104,fell,1.78,1,101.101,89.3934,2.55911,3.71029,357.131,67.0365,45.2932,15.8133,1.29649,25.3504,11.1947,9.98149,10.9821,3.01708,,,,,,,,,,,,,,,,,,,,,,,,,,,,,,,,,,,,,,,,,,,,,,,,,,,,,,,,,,,,,,,,,,,,,,,,,,,,,,,,,,,,,,,,,,,,,,,,,,,,,,,,,,,,,,
wcompton,5105,fell,1.8,1,82.5191,31.2801,2.25865,3.5236,323.386,80.196,24.8888,24.7441,47.6742,47.1859,19.5037,20.8191,18.9509,7.49812,,,,,,,,,,,,,,,,,,,,,,,,,,,,,,,,,,,,,,,,,,,,,,,,,,,,,,,,,,,,,,,,,,,,,,,,,,,,,,,,,,,,,,,,,,,,,,,,,,,,,,,,,,,,,,
wcompton,5106,fell,1.68,1,162.117,131.464,1.41279,2.33969,485.247,101.287,30.7528,15.1194,11.7355,26.6555,18.4761,7.44013,12.9434,10.7434,,,,,,,,,,,,,,,,,,,,,,,,,,,,,,,,,,,,,,,,,,,,,,,,,,,,,,,,,,,,,,,,,,,,,,,,,,,,,,,,,,,,,,,,,,,,,,,,,,,,,,,,,,,,,,
wcompton,5107,fell,1.56,1,98.4688,11.643,2.55724,4.01461,211.641,80.2724,33.1223,7.4952,0.525715,22.7026,12.0383,8.7116,7.50449,1.94189,,,,,,,,,,,,,,,,,,,,,,,,,,,,,,,,,,,,,,,,,,,,,,,,,,,,,,,,,,,,,,,,,,,,,,,,,,,,,,,,,,,,,,,,,,,,,,,,,,,,,,,,,,,,,,
wcompton,5108,fell,2.64,1,279.76,67.5324,2.8855,3.35659,594.524,192.77,85.4255,62.2706,7.42161,46.8515,33.397,15.3728,23.6494,8.25082,,,,,,,,,,,,,,,,,,,,,,,,,,,,,,,,,,,,,,,,,,,,,,,,,,,,,,,,,,,,,,,,,,,,,,,,,,,,,,,,,,,,,,,,,,,,,,,,,,,,,,,,,,,,,,
wcompton,5109,fell,1.98,1,113.511,1.59014,2.26151,3.65258,293.83,84.5317,30.9649,18.7347,51.2802,29.052,18.1986,12.1769,15.1947,8.30104,,,,,,,,,,,,,,,,,,,,,,,,,,,,,,,,,,,,,,,,,,,,,,,,,,,,,,,,,,,,,,,,,,,,,,,,,,,,,,,,,,,,,,,,,,,,,,,,,,,,,,,,,,,,,,
wcompton,5110,fell,2.06,1,182.299,12.1809,2.59079,3.34351,309.543,107.658,37.4352,21.8699,16.0469,33.5516,19.344,14.7975,11.6003,4.94848,,,,,,,,,,,,,,,,,,,,,,,,,,,,,,,,,,,,,,,,,,,,,,,,,,,,,,,,,,,,,,,,,,,,,,,,,,,,,,,,,,,,,,,,,,,,,,,,,,,,,,,,,,,,,,
wcompton,5111,fell,1.46,1,92.8496,14.401,0.585832,0.716205,704.993,204.46,73.3778,63.5148,6.42122,42.3165,35.9252,13.7838,21.1006,7.33586,,,,,,,,,,,,,,,,,,,,,,,,,,,,,,,,,,,,,,,,,,,,,,,,,,,,,,,,,,,,,,,,,,,,,,,,,,,,,,,,,,,,,,,,,,,,,,,,,,,,,,,,,,,,,,
wcompton,5112,fell,1.14,1,38.2089,2.20075,1.78511,3.81617,204.866,85.116,19.2543,30.5965,15.9607,24.5205,21.1925,7.80482,11.6517,5.78709,,,,,,,,,,,,,,,,,,,,,,,,,,,,,,,,,,,,,,,,,,,,,,,,,,,,,,,,,,,,,,,,,,,,,,,,,,,,,,,,,,,,,,,,,,,,,,,,,,,,,,,,,,,,,,
wcompton,5113,fell,1.28,1,146.301,25.8623,1.10984,3.71023,234.867,54.6844,21.2205,52.2709,2.58472,23.5922,16.1703,8.85215,12.2765,4.36052,,,,,,,,,,,,,,,,,,,,,,,,,,,,,,,,,,,,,,,,,,,,,,,,,,,,,,,,,,,,,,,,,,,,,,,,,,,,,,,,,,,,,,,,,,,,,,,,,,,,,,,,,,,,,,
wcompton,5114,fell,1.86,1,183.155,38.5068,3.01246,3.63496,362.841,103.92,37.9207,28.885,0.826864,25.1379,14.3255,7.50753,10.2978,2.36452,,,,,,,,,,,,,,,,,,,,,,,,,,,,,,,,,,,,,,,,,,,,,,,,,,,,,,,,,,,,,,,,,,,,,,,,,,,,,,,,,,,,,,,,,,,,,,,,,,,,,,,,,,,,,,
wcompton,5115,fell,1.6,1,110.492,32.7998,2.60949,4.172,500.127,68.203,38.2493,21.4917,3.8297,47.5017,23.045,19.097,15.4811,4.20251,,,,,,,,,,,,,,,,,,,,,,,,,,,,,,,,,,,,,,,,,,,,,,,,,,,,,,,,,,,,,,,,,,,,,,,,,,,,,,,,,,,,,,,,,,,,,,,,,,,,,,,,,,,,,,
wcompton,5116,fell,2.12,1,124.149,116.321,0.830295,0.614112,487.58,140.313,53.6088,42.0434,93.5608,41.9569,24.8991,17.9091,20.7347,10.7172,,,,,,,,,,,,,,,,,,,,,,,,,,,,,,,,,,,,,,,,,,,,,,,,,,,,,,,,,,,,,,,,,,,,,,,,,,,,,,,,,,,,,,,,,,,,,,,,,,,,,,,,,,,,,,
wcompton,5117,fell,4.22,1,159.441,16.1635,2.00762,3.8835,614.891,170.35,75.4421,30.238,1.8969,55.2146,32.5597,18.9967,19.9788,4.08331,,,,,,,,,,,,,,,,,,,,,,,,,,,,,,,,,,,,,,,,,,,,,,,,,,,,,,,,,,,,,,,,,,,,,,,,,,,,,,,,,,,,,,,,,,,,,,,,,,,,,,,,,,,,,,
wcompton,5118,fell,1.68,1,145.105,67.5607,1.53915,2.78335,251.11,88.0389,23.6717,42.838,152.56,21.6316,18.5683,6.82147,13.5327,9.48954,,,,,,,,,,,,,,,,,,,,,,,,,,,,,,,,,,,,,,,,,,,,,,,,,,,,,,,,,,,,,,,,,,,,,,,,,,,,,,,,,,,,,,,,,,,,,,,,,,,,,,,,,,,,,,
wcompton,5119,fell,1.18,1,118.961,55.1417,2.02411,4.30655,329.29,90.4177,44.1102,24.1253,1.28511,25.2324,20.1309,9.04548,9.64015,1.58902,,,,,,,,,,,,,,,,,,,,,,,,,,,,,,,,,,,,,,,,,,,,,,,,,,,,,,,,,,,,,,,,,,,,,,,,,,,,,,,,,,,,,,,,,,,,,,,,,,,,,,,,,,,,,,
wcompton,5120,fell,1.98,1,148.593,39.0596,2.02996,3.65949,260.345,95.8356,36.5733,22.3829,52.0383,27.6625,18.5156,10.3296,13.3465,5.41132,,,,,,,,,,,,,,,,,,,,,,,,,,,,,,,,,,,,,,,,,,,,,,,,,,,,,,,,,,,,,,,,,,,,,,,,,,,,,,,,,,,,,,,,,,,,,,,,,,,,,,,,,,,,,,
wcompton,5121,fell,2.86,1,88.5035,7.98668,2.78375,3.67239,367.435,125.199,43.3111,59.86,12.6986,31.6086,26.2391,9.55684,15.1599,7.50783,,,,,,,,,,,,,,,,,,,,,,,,,,,,,,,,,,,,,,,,,,,,,,,,,,,,,,,,,,,,,,,,,,,,,,,,,,,,,,,,,,,,,,,,,,,,,,,,,,,,,,,,,,,,,,
wcompton,5122,fell,2.22,1,185.051,30.704,1.64508,3.33636,548.534,155.614,61.0407,33.0594,1.49326,42.5886,29.3582,13.8439,14.7771,2.67546,,,,,,,,,,,,,,,,,,,,,,,,,,,,,,,,,,,,,,,,,,,,,,,,,,,,,,,,,,,,,,,,,,,,,,,,,,,,,,,,,,,,,,,,,,,,,,,,,,,,,,,,,,,,,,
wcompton,5123,fell,1.82,1,170.809,21.9424,2.91809,3.93446,711.989,237.303,51.6414,27.3137,2.01326,54.7316,45.8579,17.4102,21.2589,6.3419,,,,,,,,,,,,,,,,,,,,,,,,,,,,,,,,,,,,,,,,,,,,,,,,,,,,,,,,,,,,,,,,,,,,,,,,,,,,,,,,,,,,,,,,,,,,,,,,,,,,,,,,,,,,,,
wcompton,5124,fell,2.1,1,108.178,45.0763,2.13227,3.12511,333.397,115.684,44.0529,49.3363,30.3956,36.1505,17.6627,14.6832,13.961,5.47319,,,,,,,,,,,,,,,,,,,,,,,,,,,,,,,,,,,,,,,,,,,,,,,,,,,,,,,,,,,,,,,,,,,,,,,,,,,,,,,,,,,,,,,,,,,,,,,,,,,,,,,,,,,,,,
wcompton,5125,fell,1.48,1,162.254,113.127,2.26504,3.39393,316.281,89.2264,27.815,34.1621,52.2692,24.8402,17.5899,7.30001,12.5196,6.63443,,,,,,,,,,,,,,,,,,,,,,,,,,,,,,,,,,,,,,,,,,,,,,,,,,,,,,,,,,,,,,,,,,,,,,,,,,,,,,,,,,,,,,,,,,,,,,,,,,,,,,,,,,,,,,
wcompton,5126,fell,1.34,1,119.176,105.371,1.91184,3.50345,271.986,52.6115,25.2237,28.8318,26.9504,29.3222,16.4471,11.323,11.2814,6.2398,,,,,,,,,,,,,,,,,,,,,,,,,,,,,,,,,,,,,,,,,,,,,,,,,,,,,,,,,,,,,,,,,,,,,,,,,,,,,,,,,,,,,,,,,,,,,,,,,,,,,,,,,,,,,,
wcompton,5127,fell,2.74,1,90.5028,100.579,1.2131,0.834985,693.167,134.062,64.0736,101.656,14.485,42.2211,26.7226,13.3914,23.2233,10.5752,,,,,,,,,,,,,,,,,,,,,,,,,,,,,,,,,,,,,,,,,,,,,,,,,,,,,,,,,,,,,,,,,,,,,,,,,,,,,,,,,,,,,,,,,,,,,,,,,,,,,,,,,,,,,,
wcompton,5128,fell,1.24,1,61.4367,21.0968,1.5309,3.73448,194.511,46.0602,18.9214,27.6545,35.6379,20.9034,14.3664,7.84371,11.6794,3.37366,,,,,,,,,,,,,,,,,,,,,,,,,,,,,,,,,,,,,,,,,,,,,,,,,,,,,,,,,,,,,,,,,,,,,,,,,,,,,,,,,,,,,,,,,,,,,,,,,,,,,,,,,,,,,,
wcompton,5129,fell,1.54,1,174.035,34.2905,2.48811,3.91378,349.806,91.7049,43.3458,16.6318,1.79931,56.1112,24.1627,24.4015,19.1023,4.34605,,,,,,,,,,,,,,,,,,,,,,,,,,,,,,,,,,,,,,,,,,,,,,,,,,,,,,,,,,,,,,,,,,,,,,,,,,,,,,,,,,,,,,,,,,,,,,,,,,,,,,,,,,,,,,
wcompton,5130,fell,1.8,1,74.3665,52.0152,2.16525,2.44501,291.681,61.511,32.6422,34.359,95.8106,23.8747,18.2703,7.86533,10.9125,7.64528,,,,,,,,,,,,,,,,,,,,,,,,,,,,,,,,,,,,,,,,,,,,,,,,,,,,,,,,,,,,,,,,,,,,,,,,,,,,,,,,,,,,,,,,,,,,,,,,,,,,,,,,,,,,,,
wcompton,5131,fell,2.28,1,233.503,92.4577,1.31292,0.771678,2219.24,451.05,137.191,107.075,4.60361,83.648,57.2494,24.2724,40.8798,11.7547,,,,,,,,,,,,,,,,,,,,,,,,,,,,,,,,,,,,,,,,,,,,,,,,,,,,,,,,,,,,,,,,,,,,,,,,,,,,,,,,,,,,,,,,,,,,,,,,,,,,,,,,,,,,,,
wcompton,5132,fell,1.72,1,59.0151,38.436,2.87706,4.12727,259.959,63.498,36.0002,17.9014,1.06828,25.3812,12.9163,10.1175,9.64076,1.46439,,,,,,,,,,,,,,,,,,,,,,,,,,,,,,,,,,,,,,,,,,,,,,,,,,,,,,,,,,,,,,,,,,,,,,,,,,,,,,,,,,,,,,,,,,,,,,,,,,,,,,,,,,,,,,
wcompton,5133,fell,1.52,1,105.521,4.45356,1.6026,3.73582,226.649,66.8195,28.2182,9.951,1.12208,34.4901,17.5608,13.5957,13.5986,4.15583,,,,,,,,,,,,,,,,,,,,,,,,,,,,,,,,,,,,,,,,,,,,,,,,,,,,,,,,,,,,,,,,,,,,,,,,,,,,,,,,,,,,,,,,,,,,,,,,,,,,,,,,,,,,,,
wcompton,5134,fell,0.92,1,154.401,125.036,2.1718,4.01841,232.857,43.2018,20.3208,12.961,0.40897,21.5404,12.8942,7.9439,6.41919,1.34945,,,,,,,,,,,,,,,,,,,,,,,,,,,,,,,,,,,,,,,,,,,,,,,,,,,,,,,,,,,,,,,,,,,,,,,,,,,,,,,,,,,,,,,,,,,,,,,,,,,,,,,,,,,,,,
wcompton,5135,fell,2.02,1,167.982,79.997,2.23268,3.87411,286.368,113.552,30.7774,21.7883,29.9422,22.4523,17.6589,6.76667,9.73343,5.81228,,,,,,,,,,,,,,,,,,,,,,,,,,,,,,,,,,,,,,,,,,,,,,,,,,,,,,,,,,,,,,,,,,,,,,,,,,,,,,,,,,,,,,,,,,,,,,,,,,,,,,,,,,,,,,
wcompton,5136,fell,1.14,1,59.8369,84.4889,2.2951,3.94161,252.714,117.467,24.3979,20.1759,6.69868,32.7908,27.0026,11.9728,12.4464,3.93624,,,,,,,,,,,,,,,,,,,,,,,,,,,,,,,,,,,,,,,,,,,,,,,,,,,,,,,,,,,,,,,,,,,,,,,,,,,,,,,,,,,,,,,,,,,,,,,,,,,,,,,,,,,,,,
wcompton,5137,fell,4.82,1,158.589,17.3096,1.95546,2.71812,619.129,215.062,85.7163,87.0203,78.8737,47.8969,32.2607,17.193,26.5935,8.59411,,,,,,,,,,,,,,,,,,,,,,,,,,,,,,,,,,,,,,,,,,,,,,,,,,,,,,,,,,,,,,,,,,,,,,,,,,,,,,,,,,,,,,,,,,,,,,,,,,,,,,,,,,,,,,
wcompton,5138,fell,1.46,1,167.286,90.1562,1.57761,3.47265,385.557,98.0359,39.9302,13.9146,0.445821,42.2926,27.4708,15.7912,13.2351,2.34087,,,,,,,,,,,,,,,,,,,,,,,,,,,,,,,,,,,,,,,,,,,,,,,,,,,,,,,,,,,,,,,,,,,,,,,,,,,,,,,,,,,,,,,,,,,,,,,,,,,,,,,,,,,,,,
wcompton,5139,fell,2.72,1,31.8016,7.48387,2.47546,3.39249,1199.28,106.685,57.8215,38.5336,1.1087,52.4706,27.253,13.0471,13.38,2.14972,,,,,,,,,,,,,,,,,,,,,,,,,,,,,,,,,,,,,,,,,,,,,,,,,,,,,,,,,,,,,,,,,,,,,,,,,,,,,,,,,,,,,,,,,,,,,,,,,,,,,,,,,,,,,,
wcompton,5140,fell,2.08,1,62.7568,131.933,1.68326,3.4359,351.276,70.8744,36.3772,40.2858,40.9135,27.2707,16.7544,9.45104,11.3846,8.73506,,,,,,,,,,,,,,,,,,,,,,,,,,,,,,,,,,,,,,,,,,,,,,,,,,,,,,,,,,,,,,,,,,,,,,,,,,,,,,,,,,,,,,,,,,,,,,,,,,,,,,,,,,,,,,
wcompton,5141,fell,1.58,1,151.629,81.2912,2.79087,3.42315,360.719,120.487,31.4989,38.7059,33.5606,29.4559,23.293,9.39231,13.1144,4.77532,,,,,,,,,,,,,,,,,,,,,,,,,,,,,,,,,,,,,,,,,,,,,,,,,,,,,,,,,,,,,,,,,,,,,,,,,,,,,,,,,,,,,,,,,,,,,,,,,,,,,,,,,,,,,,
wcompton,5142,fell,2.02,1,137.163,14.3199,2.49532,4.13074,636.464,120.126,52.6697,46.6949,1.91152,35.9359,21.3858,11.7763,15.4761,4.32484,,,,,,,,,,,,,,,,,,,,,,,,,,,,,,,,,,,,,,,,,,,,,,,,,,,,,,,,,,,,,,,,,,,,,,,,,,,,,,,,,,,,,,,,,,,,,,,,,,,,,,,,,,,,,,
wcompton,5143,fell,3.24,1,145.916,4.66369,2.40752,3.52022,449.082,123.411,48.0863,54.6119,44.2059,40.6852,21.3397,12.3918,15.6527,10.3959,,,,,,,,,,,,,,,,,,,,,,,,,,,,,,,,,,,,,,,,,,,,,,,,,,,,,,,,,,,,,,,,,,,,,,,,,,,,,,,,,,,,,,,,,,,,,,,,,,,,,,,,,,,,,,
wcompton,5144,fell,1.44,1,133.08,7.82692,2.4426,2.992,161.701,81.5045,26.6308,54.5862,63.2843,17.9262,13.1929,5.8737,14.2585,9.1382,,,,,,,,,,,,,,,,,,,,,,,,,,,,,,,,,,,,,,,,,,,,,,,,,,,,,,,,,,,,,,,,,,,,,,,,,,,,,,,,,,,,,,,,,,,,,,,,,,,,,,,,,,,,,,
wcompton,5145,fell,2.3,1,103.109,127.305,1.65148,3.46451,259.566,67.5248,34.1774,9.50376,0.59274,21.7,15.2681,6.80236,6.98997,1.3615,,,,,,,,,,,,,,,,,,,,,,,,,,,,,,,,,,,,,,,,,,,,,,,,,,,,,,,,,,,,,,,,,,,,,,,,,,,,,,,,,,,,,,,,,,,,,,,,,,,,,,,,,,,,,,
wcompton,5146,fell,2.32,1,169.979,97.2018,2.31607,3.79038,401.7,71.1874,45.0136,38.674,0.944787,33.1171,22.1689,10.0656,12.3161,2.04913,,,,,,,,,,,,,,,,,,,,,,,,,,,,,,,,,,,,,,,,,,,,,,,,,,,,,,,,,,,,,,,,,,,,,,,,,,,,,,,,,,,,,,,,,,,,,,,,,,,,,,,,,,,,,,
wcompton,5147,fell,1.5,1,143.678,60.4831,2.43517,4.18392,341.719,59.6398,42.8121,14.6296,0.733987,43.4391,16.0392,18.6691,13.755,2.82861,,,,,,,,,,,,,,,,,,,,,,,,,,,,,,,,,,,,,,,,,,,,,,,,,,,,,,,,,,,,,,,,,,,,,,,,,,,,,,,,,,,,,,,,,,,,,,,,,,,,,,,,,,,,,,
wcompton,5148,fell,0.94,1,64.8676,27.6123,0.7531,0.394124,266.024,68.7722,37.3577,21.9399,0.534342,28.7285,18.8525,8.69535,12.7987,2.68771,,,,,,,,,,,,,,,,,,,,,,,,,,,,,,,,,,,,,,,,,,,,,,,,,,,,,,,,,,,,,,,,,,,,,,,,,,,,,,,,,,,,,,,,,,,,,,,,,,,,,,,,,,,,,,
wcompton,5149,fell,1.5,1,162.954,42.783,2.39372,3.94979,393.037,62.8969,45.4422,18.3489,0.720792,40.1537,22.5227,15.3807,11.7983,1.94437,,,,,,,,,,,,,,,,,,,,,,,,,,,,,,,,,,,,,,,,,,,,,,,,,,,,,,,,,,,,,,,,,,,,,,,,,,,,,,,,,,,,,,,,,,,,,,,,,,,,,,,,,,,,,,
wcompton,5150,fell,1.26,1,151.702,93.6796,1.0377,0.465019,603.709,73.4606,45.6303,24.7274,0.574532,60.2874,21.3931,20.4164,21.1823,3.30754,,,,,,,,,,,,,,,,,,,,,,,,,,,,,,,,,,,,,,,,,,,,,,,,,,,,,,,,,,,,,,,,,,,,,,,,,,,,,,,,,,,,,,,,,,,,,,,,,,,,,,,,,,,,,,
wcompton,5151,fell,2.26,1,67.572,8.46995,2.59439,3.62177,356.992,87.805,33.13,29.2047,26.6342,28.6312,19.1123,10.9433,12.9989,6.05512,,,,,,,,,,,,,,,,,,,,,,,,,,,,,,,,,,,,,,,,,,,,,,,,,,,,,,,,,,,,,,,,,,,,,,,,,,,,,,,,,,,,,,,,,,,,,,,,,,,,,,,,,,,,,,
wcompton,5152,fell,3.46,1,210.406,44.933,2.35458,3.10661,474.705,139.733,66.327,57.0383,19.1207,45.4804,27.3058,15.9281,20.7799,8.33788,,,,,,,,,,,,,,,,,,,,,,,,,,,,,,,,,,,,,,,,,,,,,,,,,,,,,,,,,,,,,,,,,,,,,,,,,,,,,,,,,,,,,,,,,,,,,,,,,,,,,,,,,,,,,,
wcompton,5153,fell,2.24,1,147.101,43.6291,2.47604,3.89358,335.775,113.055,33.4168,18.2876,67.6711,43.4488,22.9833,17.8863,15.9823,7.06123,,,,,,,,,,,,,,,,,,,,,,,,,,,,,,,,,,,,,,,,,,,,,,,,,,,,,,,,,,,,,,,,,,,,,,,,,,,,,,,,,,,,,,,,,,,,,,,,,,,,,,,,,,,,,,
wcompton,5154,fell,2.2,1,184.805,43.2273,2.80022,3.73216,393.483,145.347,49.233,29.8559,37.6798,30.1273,26.8807,9.34849,13.0576,6.15114,,,,,,,,,,,,,,,,,,,,,,,,,,,,,,,,,,,,,,,,,,,,,,,,,,,,,,,,,,,,,,,,,,,,,,,,,,,,,,,,,,,,,,,,,,,,,,,,,,,,,,,,,,,,,,
wcompton,5155,fell,2.26,1,118.231,18.4619,2.6473,3.5797,375.103,107.225,31.642,31.4539,32.5955,29.4885,22.8015,10.0997,13.7059,15.3861,,,,,,,,,,,,,,,,,,,,,,,,,,,,,,,,,,,,,,,,,,,,,,,,,,,,,,,,,,,,,,,,,,,,,,,,,,,,,,,,,,,,,,,,,,,,,,,,,,,,,,,,,,,,,,
wcompton,5156,fell,2.16,1,173.314,123.961,0.865412,0.732975,410.75,146.635,55.2136,49.1142,78.9921,29.5875,22.8013,9.06619,15.3116,10.8546,,,,,,,,,,,,,,,,,,,,,,,,,,,,,,,,,,,,,,,,,,,,,,,,,,,,,,,,,,,,,,,,,,,,,,,,,,,,,,,,,,,,,,,,,,,,,,,,,,,,,,,,,,,,,,
wcompton,5157,fell,2.46,1,146.383,28.4236,0.798841,1.98016,301.769,95.8574,42.8636,47.4404,134.65,31.9333,23.813,10.9395,17.9764,10.5778,,,,,,,,,,,,,,,,,,,,,,,,,,,,,,,,,,,,,,,,,,,,,,,,,,,,,,,,,,,,,,,,,,,,,,,,,,,,,,,,,,,,,,,,,,,,,,,,,,,,,,,,,,,,,,
wcompton,5158,fell,2.3,1,155.288,6.96141,1.80679,3.25376,575.598,170.109,48.3949,39.3132,43.8144,46.589,27.7329,17.2279,16.9076,3.22025,,,,,,,,,,,,,,,,,,,,,,,,,,,,,,,,,,,,,,,,,,,,,,,,,,,,,,,,,,,,,,,,,,,,,,,,,,,,,,,,,,,,,,,,,,,,,,,,,,,,,,,,,,,,,,
wcompton,5159,fell,1.38,1,135.158,60.9102,2.58795,3.46012,377.986,127.947,56.4956,41.1868,36.3579,26.4202,20.2338,8.06143,12.8646,7.66754,,,,,,,,,,,,,,,,,,,,,,,,,,,,,,,,,,,,,,,,,,,,,,,,,,,,,,,,,,,,,,,,,,,,,,,,,,,,,,,,,,,,,,,,,,,,,,,,,,,,,,,,,,,,,,
wcompton,5160,fell,2.08,1,113.464,64.1431,1.76393,3.67791,437.621,121.222,32.2631,41.8349,5.83223,39.8962,26.7644,11.1762,14.5894,8.29134,,,,,,,,,,,,,,,,,,,,,,,,,,,,,,,,,,,,,,,,,,,,,,,,,,,,,,,,,,,,,,,,,,,,,,,,,,,,,,,,,,,,,,,,,,,,,,,,,,,,,,,,,,,,,,
wcompton,5161,fell,2.18,1,128.09,43.4435,2.83126,3.71311,308.857,100.67,28.5393,29.5284,1.02797,23.0544,17.9836,7.63007,11.1045,2.6899,,,,,,,,,,,,,,,,,,,,,,,,,,,,,,,,,,,,,,,,,,,,,,,,,,,,,,,,,,,,,,,,,,,,,,,,,,,,,,,,,,,,,,,,,,,,,,,,,,,,,,,,,,,,,,
wcompton,5162,fell,1.48,1,48.9552,71.5779,1.55789,3.47682,226.778,72.8757,27.4763,33.3752,8.33664,23.8081,17.3262,7.29134,11.1572,2.39186,,,,,,,,,,,,,,,,,,,,,,,,,,,,,,,,,,,,,,,,,,,,,,,,,,,,,,,,,,,,,,,,,,,,,,,,,,,,,,,,,,,,,,,,,,,,,,,,,,,,,,,,,,,,,,
wcompton,5163,fell,1.38,1,97.8006,16.4031,1.09389,3.35947,260.154,103.834,24.9931,8.5962,0.328879,34.2412,19.9147,12.1117,10.8978,1.58732,,,,,,,,,,,,,,,,,,,,,,,,,,,,,,,,,,,,,,,,,,,,,,,,,,,,,,,,,,,,,,,,,,,,,,,,,,,,,,,,,,,,,,,,,,,,,,,,,,,,,,,,,,,,,,
wcompton,5164,fell,2.08,1,155.563,24.3455,2.66145,3.88329,397.025,102.597,27.3772,7.79982,0.909148,35.6809,22.4759,10.6836,10.4855,3.10274,,,,,,,,,,,,,,,,,,,,,,,,,,,,,,,,,,,,,,,,,,,,,,,,,,,,,,,,,,,,,,,,,,,,,,,,,,,,,,,,,,,,,,,,,,,,,,,,,,,,,,,,,,,,,,
wcompton,5165,fell,2.3,1,106.966,122.494,1.58379,3.76433,370.805,89.3964,42.0505,12.0465,1.3225,42.1329,20.0737,13.3713,11.5891,2.28915,,,,,,,,,,,,,,,,,,,,,,,,,,,,,,,,,,,,,,,,,,,,,,,,,,,,,,,,,,,,,,,,,,,,,,,,,,,,,,,,,,,,,,,,,,,,,,,,,,,,,,,,,,,,,,
wcompton,5166,fell,2.38,1,124.481,53.1542,1.04375,2.96368,494.292,125.925,45.9693,45.9548,23.4286,37.9664,27.0512,14.0646,14.7252,6.27279,,,,,,,,,,,,,,,,,,,,,,,,,,,,,,,,,,,,,,,,,,,,,,,,,,,,,,,,,,,,,,,,,,,,,,,,,,,,,,,,,,,,,,,,,,,,,,,,,,,,,,,,,,,,,,
wcompton,5167,fell,2.46,1,264.936,117.107,2.85998,3.98396,557.042,166.242,81.2701,42.065,1.01476,42.9154,30.812,10.9205,14.5605,1.92816,,,,,,,,,,,,,,,,,,,,,,,,,,,,,,,,,,,,,,,,,,,,,,,,,,,,,,,,,,,,,,,,,,,,,,,,,,,,,,,,,,,,,,,,,,,,,,,,,,,,,,,,,,,,,,
wcompton,5168,fell,1.76,1,87.2901,119.982,1.54295,0.854885,992.87,138.479,92.711,51.7726,45.296,47.4975,25.7377,14.9394,26.2995,14.2098,,,,,,,,,,,,,,,,,,,,,,,,,,,,,,,,,,,,,,,,,,,,,,,,,,,,,,,,,,,,,,,,,,,,,,,,,,,,,,,,,,,,,,,,,,,,,,,,,,,,,,,,,,,,,,
wcompton,5169,fell,2.26,1,79.1811,89.898,2.46835,3.74552,287.181,97.1568,31.2775,8.57101,0.836325,26.1988,17.8678,9.13702,9.41827,2.89011,,,,,,,,,,,,,,,,,,,,,,,,,,,,,,,,,,,,,,,,,,,,,,,,,,,,,,,,,,,,,,,,,,,,,,,,,,,,,,,,,,,,,,,,,,,,,,,,,,,,,,,,,,,,,,
wcompton,5170,fell,2.74,1,217.711,69.8604,2.25284,3.67877,563.792,121.027,61.273,41.6288,29.8228,57.0362,26.6445,24.2482,21.8795,6.33284,,,,,,,,,,,,,,,,,,,,,,,,,,,,,,,,,,,,,,,,,,,,,,,,,,,,,,,,,,,,,,,,,,,,,,,,,,,,,,,,,,,,,,,,,,,,,,,,,,,,,,,,,,,,,,
wcompton,5171,fell,1.96,1,171.114,26.587,2.53126,3.66074,353.274,100.193,36.3092,32.3701,59.1543,29.3377,21.4867,9.94634,11.9332,7.75455,,,,,,,,,,,,,,,,,,,,,,,,,,,,,,,,,,,,,,,,,,,,,,,,,,,,,,,,,,,,,,,,,,,,,,,,,,,,,,,,,,,,,,,,,,,,,,,,,,,,,,,,,,,,,,
wcompton,5172,fell,1.4,1,91.1249,76.7007,2.5255,3.41418,401.178,83.3297,52.2964,33.4884,11.0238,25.245,18.4144,7.89485,11.3103,2.74879,,,,,,,,,,,,,,,,,,,,,,,,,,,,,,,,,,,,,,,,,,,,,,,,,,,,,,,,,,,,,,,,,,,,,,,,,,,,,,,,,,,,,,,,,,,,,,,,,,,,,,,,,,,,,,
wcompton,5173,fell,2.06,1,63.4277,87.0086,2.26489,3.02498,322.866,82.8098,36.2354,55.9007,3.17024,26.7738,20.8242,9.4111,15.4484,4.81809,,,,,,,,,,,,,,,,,,,,,,,,,,,,,,,,,,,,,,,,,,,,,,,,,,,,,,,,,,,,,,,,,,,,,,,,,,,,,,,,,,,,,,,,,,,,,,,,,,,,,,,,,,,,,,
wcompton,5174,fell,1.68,1,156.403,113.075,1.30897,0.288357,1133.01,293.61,93.8152,59.1482,2.58073,49.7542,35.8554,14.4046,23.9769,5.78804,,,,,,,,,,,,,,,,,,,,,,,,,,,,,,,,,,,,,,,,,,,,,,,,,,,,,,,,,,,,,,,,,,,,,,,,,,,,,,,,,,,,,,,,,,,,,,,,,,,,,,,,,,,,,,
wcompton,5175,fell,1.9,1,149.626,18.1339,2.21921,3.23454,234.974,98.2116,24.9518,31.0075,58.9927,22.1642,15.8258,7.43694,10.7342,9.12798,,,,,,,,,,,,,,,,,,,,,,,,,,,,,,,,,,,,,,,,,,,,,,,,,,,,,,,,,,,,,,,,,,,,,,,,,,,,,,,,,,,,,,,,,,,,,,,,,,,,,,,,,,,,,,
wcompton,5176,fell,2.4,1,143.157,33.8443,2.50579,3.84963,387.203,118.521,46.3592,12.5599,0.667786,43.7429,24.636,16.1839,15.2895,3.53483,,,,,,,,,,,,,,,,,,,,,,,,,,,,,,,,,,,,,,,,,,,,,,,,,,,,,,,,,,,,,,,,,,,,,,,,,,,,,,,,,,,,,,,,,,,,,,,,,,,,,,,,,,,,,,
wcompton,5177,fell,1.92,1,174.812,116.81,1.83507,3.62355,282.994,84.678,30.6751,26.4385,44.0847,24.2716,16.6967,7.40697,13.0295,3.76004,,,,,,,,,,,,,,,,,,,,,,,,,,,,,,,,,,,,,,,,,,,,,,,,,,,,,,,,,,,,,,,,,,,,,,,,,,,,,,,,,,,,,,,,,,,,,,,,,,,,,,,,,,,,,,
wcompton,5178,fell,2.58,1,238.854,40.4103,3.09328,3.24067,1245.69,250.461,127.885,93.9087,5.5803,52.9944,40.6704,16.1783,24.8317,5.60066,,,,,,,,,,,,,,,,,,,,,,,,,,,,,,,,,,,,,,,,,,,,,,,,,,,,,,,,,,,,,,,,,,,,,,,,,,,,,,,,,,,,,,,,,,,,,,,,,,,,,,,,,,,,,,
wcompton,5179,fell,1.5,1,212.666,70.4362,2.19674,3.4537,331.535,62.059,24.2281,23.7803,7.86987,24.6033,17.9505,6.96715,7.96926,4.23115,,,,,,,,,,,,,,,,,,,,,,,,,,,,,,,,,,,,,,,,,,,,,,,,,,,,,,,,,,,,,,,,,,,,,,,,,,,,,,,,,,,,,,,,,,,,,,,,,,,,,,,,,,,,,,
wcompton,5180,fell,2.42,1,128.148,7.2036,2.83178,4.19357,347.916,106.44,42.6159,16.4114,0.744673,35.511,14.7115,14.6565,11.4395,1.74525,,,,,,,,,,,,,,,,,,,,,,,,,,,,,,,,,,,,,,,,,,,,,,,,,,,,,,,,,,,,,,,,,,,,,,,,,,,,,,,,,,,,,,,,,,,,,,,,,,,,,,,,,,,,,,
wcompton,5181,fell,0.84,1,83.5889,126.493,2.15088,3.47872,314.389,90.7979,31.7644,18.6623,0.322774,46.5368,20.8361,19.9048,12.5935,1.05989,,,,,,,,,,,,,,,,,,,,,,,,,,,,,,,,,,,,,,,,,,,,,,,,,,,,,,,,,,,,,,,,,,,,,,,,,,,,,,,,,,,,,,,,,,,,,,,,,,,,,,,,,,,,,,
wcompton,5182,fell,2.36,1,200.505,0.691413,2.66372,3.09522,806.47,149.219,54.7903,26.8052,1.18104,39.8141,24.6492,12.961,13.8574,4.58016,,,,,,,,,,,,,,,,,,,,,,,,,,,,,,,,,,,,,,,,,,,,,,,,,,,,,,,,,,,,,,,,,,,,,,,,,,,,,,,,,,,,,,,,,,,,,,,,,,,,,,,,,,,,,,
wcompton,5183,fell,0.98,1,141.552,100.95,1.6862,3.55435,254.14,38.8838,28.9176,23.8794,0.66572,31.265,12.3075,14.4759,11.4363,1.96872,,,,,,,,,,,,,,,,,,,,,,,,,,,,,,,,,,,,,,,,,,,,,,,,,,,,,,,,,,,,,,,,,,,,,,,,,,,,,,,,,,,,,,,,,,,,,,,,,,,,,,,,,,,,,,
wcompton,5184,fell,1.76,1,128.719,91.6007,1.28036,2.48422,311.462,91.3406,50.2232,72.4519,85.5142,25.7243,19.7974,9.15075,19.7249,13.8689,,,,,,,,,,,,,,,,,,,,,,,,,,,,,,,,,,,,,,,,,,,,,,,,,,,,,,,,,,,,,,,,,,,,,,,,,,,,,,,,,,,,,,,,,,,,,,,,,,,,,,,,,,,,,,
wcompton,5185,fell,1.88,1,169.061,27.3951,1.22633,1.15947,385.663,89.0283,49.9421,39.181,17.5242,36.6666,21.4683,14.9662,16.9307,3.4011,,,,,,,,,,,,,,,,,,,,,,,,,,,,,,,,,,,,,,,,,,,,,,,,,,,,,,,,,,,,,,,,,,,,,,,,,,,,,,,,,,,,,,,,,,,,,,,,,,,,,,,,,,,,,,
wcompton,5186,fell,1.88,1,136.9,107.585,2.17058,2.48521,269.61,103.574,37.1231,53.2884,9.29905,23.6325,16.4243,8.43989,16.2868,8.25914,,,,,,,,,,,,,,,,,,,,,,,,,,,,,,,,,,,,,,,,,,,,,,,,,,,,,,,,,,,,,,,,,,,,,,,,,,,,,,,,,,,,,,,,,,,,,,,,,,,,,,,,,,,,,,
wcompton,5187,fell,3.42,1,122.406,75.3976,1.97194,2.65569,367.32,113.425,52.5191,36.6351,118.635,46.0956,24.3242,18.0581,19.9056,10.0135,,,,,,,,,,,,,,,,,,,,,,,,,,,,,,,,,,,,,,,,,,,,,,,,,,,,,,,,,,,,,,,,,,,,,,,,,,,,,,,,,,,,,,,,,,,,,,,,,,,,,,,,,,,,,,
wcompton,5188,fell,2.38,1,106.566,57.4877,1.2417,3.3972,528.377,136.3,46.3379,42.8313,41.7552,35.9517,26.961,13.2686,17.3058,5.55244,,,,,,,,,,,,,,,,,,,,,,,,,,,,,,,,,,,,,,,,,,,,,,,,,,,,,,,,,,,,,,,,,,,,,,,,,,,,,,,,,,,,,,,,,,,,,,,,,,,,,,,,,,,,,,
wcompton,5189,fell,2.32,1,191.178,44.8932,1.52894,3.76548,401.005,118.702,35.0696,24.6342,23.2962,35.5799,23.109,12.4848,14.3075,4.15505,,,,,,,,,,,,,,,,,,,,,,,,,,,,,,,,,,,,,,,,,,,,,,,,,,,,,,,,,,,,,,,,,,,,,,,,,,,,,,,,,,,,,,,,,,,,,,,,,,,,,,,,,,,,,,
wcompton,5190,fell,1.94,1,82.5029,94.1283,1.38737,3.84973,356.077,78.9668,47.9735,27.4589,75.1597,27.2992,19.7677,9.03664,14.7069,9.92428,,,,,,,,,,,,,,,,,,,,,,,,,,,,,,,,,,,,,,,,,,,,,,,,,,,,,,,,,,,,,,,,,,,,,,,,,,,,,,,,,,,,,,,,,,,,,,,,,,,,,,,,,,,,,,
wcompton,5191,fell,1.74,1,29.3058,53.0067,1.83422,3.11815,456.125,228.72,58.5164,59.2476,63.4452,33.264,30.2536,10.7176,18.0087,10.1214,,,,,,,,,,,,,,,,,,,,,,,,,,,,,,,,,,,,,,,,,,,,,,,,,,,,,,,,,,,,,,,,,,,,,,,,,,,,,,,,,,,,,,,,,,,,,,,,,,,,,,,,,,,,,,
wcompton,5192,fell,1.24,1,66.7766,11.0723,2.85636,4.10135,246.75,124.51,18.0854,12.6151,0.685105,33.256,24.3177,12.6575,11.8425,1.90732,,,,,,,,,,,,,,,,,,,,,,,,,,,,,,,,,,,,,,,,,,,,,,,,,,,,,,,,,,,,,,,,,,,,,,,,,,,,,,,,,,,,,,,,,,,,,,,,,,,,,,,,,,,,,,
wcompton,5193,fell,2.26,1,174.895,73.6319,2.58123,4.02334,534.251,108.597,53.5517,25.5824,48.6546,37.9966,24.5772,13.143,13.1267,5.68783,,,,,,,,,,,,,,,,,,,,,,,,,,,,,,,,,,,,,,,,,,,,,,,,,,,,,,,,,,,,,,,,,,,,,,,,,,,,,,,,,,,,,,,,,,,,,,,,,,,,,,,,,,,,,,
wcompton,5194,fell,1.1,1,75.9164,117.859,2.64068,3.44661,208.381,84.7543,46.4434,36.3163,44.4722,21.9116,15.909,7.66513,13.2575,6.74547,,,,,,,,,,,,,,,,,,,,,,,,,,,,,,,,,,,,,,,,,,,,,,,,,,,,,,,,,,,,,,,,,,,,,,,,,,,,,,,,,,,,,,,,,,,,,,,,,,,,,,,,,,,,,,
wcompton,5195,fell,1.58,1,93.4471,10.8095,2.44817,3.44283,274.762,72.3961,14.9135,20.2179,24.2928,32.5413,20.9663,12.4824,11.7583,4.74881,,,,,,,,,,,,,,,,,,,,,,,,,,,,,,,,,,,,,,,,,,,,,,,,,,,,,,,,,,,,,,,,,,,,,,,,,,,,,,,,,,,,,,,,,,,,,,,,,,,,,,,,,,,,,,
wcompton,5196,fell,1.14,1,151.182,49.818,2.63059,3.62422,997.38,83.7215,40.068,18.1146,0.312733,39.2809,17.9713,9.82913,8.74725,0.966243,,,,,,,,,,,,,,,,,,,,,,,,,,,,,,,,,,,,,,,,,,,,,,,,,,,,,,,,,,,,,,,,,,,,,,,,,,,,,,,,,,,,,,,,,,,,,,,,,,,,,,,,,,,,,,
wcompton,5197,fell,2.12,1,130.18,155.446,2.36688,4.04866,405.962,123.769,46.4788,22.999,5.59601,38.748,26.1236,14.556,13.745,5.5547,,,,,,,,,,,,,,,,,,,,,,,,,,,,,,,,,,,,,,,,,,,,,,,,,,,,,,,,,,,,,,,,,,,,,,,,,,,,,,,,,,,,,,,,,,,,,,,,,,,,,,,,,,,,,,
wcompton,5198,fell,1.96,1,131.285,34.7176,2.40803,3.77681,369.837,121.874,41.1471,31.9611,36.6501,28.7275,21.0327,8.31904,10.4135,7.33404,,,,,,,,,,,,,,,,,,,,,,,,,,,,,,,,,,,,,,,,,,,,,,,,,,,,,,,,,,,,,,,,,,,,,,,,,,,,,,,,,,,,,,,,,,,,,,,,,,,,,,,,,,,,,,
wcompton,5199,fell,1.3,1,42.2768,132.14,0.95785,3.41903,256.123,78.2943,29.3227,15.6318,1.70645,40.867,19.0863,16.7844,11.4858,2.13802,,,,,,,,,,,,,,,,,,,,,,,,,,,,,,,,,,,,,,,,,,,,,,,,,,,,,,,,,,,,,,,,,,,,,,,,,,,,,,,,,,,,,,,,,,,,,,,,,,,,,,,,,,,,,,
wcompton,5200,fell,1.9,1,123.842,58.43,1.51846,2.50203,275.161,107.788,43.1725,50.9787,48.4417,24.328,16.4802,8.55632,12.5712,9.4389,,,,,,,,,,,,,,,,,,,,,,,,,,,,,,,,,,,,,,,,,,,,,,,,,,,,,,,,,,,,,,,,,,,,,,,,,,,,,,,,,,,,,,,,,,,,,,,,,,,,,,,,,,,,,,
wcompton,5201,fell,1.84,1,185.068,32.339,1.24154,0.873705,310.526,52.7862,25.5557,18.7552,1.64997,40.1368,18.967,15.8819,17.5331,5.57375,,,,,,,,,,,,,,,,,,,,,,,,,,,,,,,,,,,,,,,,,,,,,,,,,,,,,,,,,,,,,,,,,,,,,,,,,,,,,,,,,,,,,,,,,,,,,,,,,,,,,,,,,,,,,,
wcompton,5202,fell,1.58,1,137.381,104.063,2.59242,3.20193,612.778,101.084,36.8953,60.606,2.61807,27.3453,20.2381,7.28044,14.8641,4.26403,,,,,,,,,,,,,,,,,,,,,,,,,,,,,,,,,,,,,,,,,,,,,,,,,,,,,,,,,,,,,,,,,,,,,,,,,,,,,,,,,,,,,,,,,,,,,,,,,,,,,,,,,,,,,,
wcompton,5203,fell,3.44,1,338.33,152.452,2.78315,3.59096,990.844,284.263,133.579,82.7036,37.3715,52.381,33.0988,17.5732,27.3674,11.0182,,,,,,,,,,,,,,,,,,,,,,,,,,,,,,,,,,,,,,,,,,,,,,,,,,,,,,,,,,,,,,,,,,,,,,,,,,,,,,,,,,,,,,,,,,,,,,,,,,,,,,,,,,,,,,
wcompton,5204,fell,2.04,1,56.1039,49.5571,1.34599,3.51406,342.679,74.8862,35.8768,29.334,9.83729,25.6778,15.5935,9.18419,12.5946,4.23563,,,,,,,,,,,,,,,,,,,,,,,,,,,,,,,,,,,,,,,,,,,,,,,,,,,,,,,,,,,,,,,,,,,,,,,,,,,,,,,,,,,,,,,,,,,,,,,,,,,,,,,,,,,,,,
wcompton,5205,fell,1.46,1,66.1132,151.901,1.78992,1.53519,397.459,125.6,29.3137,55.9384,31.7267,32.5506,24.4935,11.618,15.6522,5.90125,,,,,,,,,,,,,,,,,,,,,,,,,,,,,,,,,,,,,,,,,,,,,,,,,,,,,,,,,,,,,,,,,,,,,,,,,,,,,,,,,,,,,,,,,,,,,,,,,,,,,,,,,,,,,,
wcompton,5206,fell,0.88,1,62.3288,164.761,2.28892,4.04238,149.883,78.2875,14.6068,12.2687,2.72197,22.3024,19.7247,7.24363,7.91683,4.31853,,,,,,,,,,,,,,,,,,,,,,,,,,,,,,,,,,,,,,,,,,,,,,,,,,,,,,,,,,,,,,,,,,,,,,,,,,,,,,,,,,,,,,,,,,,,,,,,,,,,,,,,,,,,,,
wcompton,5207,fell,2.68,1,200.33,112.572,2.61832,3.93336,695.207,106.005,88.8628,41.2343,1.48494,58.1715,31.062,22.2765,19.3601,2.31029,,,,,,,,,,,,,,,,,,,,,,,,,,,,,,,,,,,,,,,,,,,,,,,,,,,,,,,,,,,,,,,,,,,,,,,,,,,,,,,,,,,,,,,,,,,,,,,,,,,,,,,,,,,,,,
wcompton,5208,fell,1.1,1,18.546,109.699,1.89684,3.6296,213.216,108.852,21.5685,34.4229,33.1992,22.8279,22.8694,6.82055,11.8086,7.27812,,,,,,,,,,,,,,,,,,,,,,,,,,,,,,,,,,,,,,,,,,,,,,,,,,,,,,,,,,,,,,,,,,,,,,,,,,,,,,,,,,,,,,,,,,,,,,,,,,,,,,,,,,,,,,
wcompton,5209,fell,1.84,1,142.097,59.7367,3.07391,4.1548,621.031,94.9318,40.9799,31.3065,5.7864,62.1742,28.6848,29.9565,23.2071,7.47632,,,,,,,,,,,,,,,,,,,,,,,,,,,,,,,,,,,,,,,,,,,,,,,,,,,,,,,,,,,,,,,,,,,,,,,,,,,,,,,,,,,,,,,,,,,,,,,,,,,,,,,,,,,,,,
wcompton,5210,fell,1.34,1,194.728,7.60653,2.53033,3.6273,337.453,195.994,32.2505,26.092,89.1689,34.2187,30.7303,12.421,14.9267,5.53363,,,,,,,,,,,,,,,,,,,,,,,,,,,,,,,,,,,,,,,,,,,,,,,,,,,,,,,,,,,,,,,,,,,,,,,,,,,,,,,,,,,,,,,,,,,,,,,,,,,,,,,,,,,,,,
wcompton,5211,fell,2.14,1,27.6172,29.6483,1.61083,3.43766,249.18,94.3457,30.6545,12.9719,3.09979,30.2965,16.0423,10.5963,11.7079,4.91465,,,,,,,,,,,,,,,,,,,,,,,,,,,,,,,,,,,,,,,,,,,,,,,,,,,,,,,,,,,,,,,,,,,,,,,,,,,,,,,,,,,,,,,,,,,,,,,,,,,,,,,,,,,,,,
wcompton,5212,fell,2.7,1,166.935,19.6183,2.03011,3.30749,364.457,107.954,36.8628,54.7487,41.274,35.6235,21.0347,12.7929,19.7163,10.0725,,,,,,,,,,,,,,,,,,,,,,,,,,,,,,,,,,,,,,,,,,,,,,,,,,,,,,,,,,,,,,,,,,,,,,,,,,,,,,,,,,,,,,,,,,,,,,,,,,,,,,,,,,,,,,
wcompton,5213,fell,2.52,1,263.545,149.614,1.85953,2.70803,768.751,228.566,88.9047,66.1929,23.6948,50.1815,29.2458,19.7334,22.9454,8.64864,,,,,,,,,,,,,,,,,,,,,,,,,,,,,,,,,,,,,,,,,,,,,,,,,,,,,,,,,,,,,,,,,,,,,,,,,,,,,,,,,,,,,,,,,,,,,,,,,,,,,,,,,,,,,,
wcompton,5214,fell,1.66,1,146.161,151.346,3.13956,3.4691,666.31,179.138,69.8887,67.2735,7.44417,40.9264,36.2647,11.6659,16.8639,5.07059,,,,,,,,,,,,,,,,,,,,,,,,,,,,,,,,,,,,,,,,,,,,,,,,,,,,,,,,,,,,,,,,,,,,,,,,,,,,,,,,,,,,,,,,,,,,,,,,,,,,,,,,,,,,,,
wcompton,5215,fell,1.28,1,54.582,9.91634,3.2996,3.93603,292.04,107.268,32.6295,34.8514,1.35249,32.6564,23.1736,12.1512,15.4944,3.4913,,,,,,,,,,,,,,,,,,,,,,,,,,,,,,,,,,,,,,,,,,,,,,,,,,,,,,,,,,,,,,,,,,,,,,,,,,,,,,,,,,,,,,,,,,,,,,,,,,,,,,,,,,,,,,
wcompton,5216,fell,2.64,1,155.024,73.9776,1.42266,0.868013,832.207,210.846,74.1401,68.293,16.5165,69.3142,43.0341,21.5671,28.1209,8.19701,,,,,,,,,,,,,,,,,,,,,,,,,,,,,,,,,,,,,,,,,,,,,,,,,,,,,,,,,,,,,,,,,,,,,,,,,,,,,,,,,,,,,,,,,,,,,,,,,,,,,,,,,,,,,,
wcompton,5217,fell,2.12,1,166.081,158.607,2.69116,3.68099,395.405,115.059,41.0569,37.8457,10.1331,29.5177,18.5614,10.6183,12.3622,4.95384,,,,,,,,,,,,,,,,,,,,,,,,,,,,,,,,,,,,,,,,,,,,,,,,,,,,,,,,,,,,,,,,,,,,,,,,,,,,,,,,,,,,,,,,,,,,,,,,,,,,,,,,,,,,,,
wcompton,5218,fell,2.24,1,82.3254,37.2223,2.27609,3.41281,307.154,95.2628,31.72,34.4184,2.36723,36.7427,18.6964,14.3047,12.8084,2.59049,,,,,,,,,,,,,,,,,,,,,,,,,,,,,,,,,,,,,,,,,,,,,,,,,,,,,,,,,,,,,,,,,,,,,,,,,,,,,,,,,,,,,,,,,,,,,,,,,,,,,,,,,,,,,,
wcompton,5219,fell,1.82,1,186.565,76.7042,1.87301,2.65401,237.578,83.6585,27.1116,34.2419,126.129,25.804,13.5957,9.36885,13.0463,11.4157,,,,,,,,,,,,,,,,,,,,,,,,,,,,,,,,,,,,,,,,,,,,,,,,,,,,,,,,,,,,,,,,,,,,,,,,,,,,,,,,,,,,,,,,,,,,,,,,,,,,,,,,,,,,,,
wcompton,5220,fell,1.24,1,43.7748,150.904,1.91676,2.75298,343.847,91.3435,29.931,26.4633,42.7875,23.1735,18.8834,6.68558,12.9898,11.239,,,,,,,,,,,,,,,,,,,,,,,,,,,,,,,,,,,,,,,,,,,,,,,,,,,,,,,,,,,,,,,,,,,,,,,,,,,,,,,,,,,,,,,,,,,,,,,,,,,,,,,,,,,,,,
wcompton,5221,fell,3.24,1,193.34,132.412,1.01009,2.45687,609.773,134.533,65.4719,49.6514,29.6956,49.1439,26.4435,16.885,20.856,3.60425,,,,,,,,,,,,,,,,,,,,,,,,,,,,,,,,,,,,,,,,,,,,,,,,,,,,,,,,,,,,,,,,,,,,,,,,,,,,,,,,,,,,,,,,,,,,,,,,,,,,,,,,,,,,,,
wcompton,5222,fell,1.54,1,70.5916,123.746,1.08745,2.38373,517.649,114.554,42.8437,34.5725,13.0438,36.7032,20.6547,13.2912,16.7756,6.29507,,,,,,,,,,,,,,,,,,,,,,,,,,,,,,,,,,,,,,,,,,,,,,,,,,,,,,,,,,,,,,,,,,,,,,,,,,,,,,,,,,,,,,,,,,,,,,,,,,,,,,,,,,,,,,
wcompton,5223,fell,1.56,1,163.735,19.2272,2.67743,3.38697,651.816,92.3221,54.8535,70.2725,3.78812,47.7747,23.6518,16.7487,16.0657,4.95997,,,,,,,,,,,,,,,,,,,,,,,,,,,,,,,,,,,,,,,,,,,,,,,,,,,,,,,,,,,,,,,,,,,,,,,,,,,,,,,,,,,,,,,,,,,,,,,,,,,,,,,,,,,,,,
wcompton,5224,fell,1.72,1,161.697,47.6493,1.67025,3.72092,373.204,122.091,49.2932,35.4052,3.01487,29.4869,19.7704,8.84498,12.8047,4.3066,,,,,,,,,,,,,,,,,,,,,,,,,,,,,,,,,,,,,,,,,,,,,,,,,,,,,,,,,,,,,,,,,,,,,,,,,,,,,,,,,,,,,,,,,,,,,,,,,,,,,,,,,,,,,,
wcompton,5225,fell,2.82,1,111.075,62.0563,0.388166,0.482311,718.547,116.669,70.8202,74.4637,1.46895,38.6177,27.0314,11.4131,20.9652,5.0657,,,,,,,,,,,,,,,,,,,,,,,,,,,,,,,,,,,,,,,,,,,,,,,,,,,,,,,,,,,,,,,,,,,,,,,,,,,,,,,,,,,,,,,,,,,,,,,,,,,,,,,,,,,,,,
wcompton,5226,fell,0.8,1,109.393,166.523,2.49816,3.16914,382.575,75.658,36.8729,13.3572,0.247065,54.7266,20.0037,21.7388,11.6808,1.58465,,,,,,,,,,,,,,,,,,,,,,,,,,,,,,,,,,,,,,,,,,,,,,,,,,,,,,,,,,,,,,,,,,,,,,,,,,,,,,,,,,,,,,,,,,,,,,,,,,,,,,,,,,,,,,
wcompton,5227,fell,1.58,1,172.784,108.055,1.41063,3.47541,362.422,87.0658,39.2248,30.555,13.1587,36.5953,19.9896,13.7162,13.2159,5.76086,,,,,,,,,,,,,,,,,,,,,,,,,,,,,,,,,,,,,,,,,,,,,,,,,,,,,,,,,,,,,,,,,,,,,,,,,,,,,,,,,,,,,,,,,,,,,,,,,,,,,,,,,,,,,,
wcompton,5228,fell,1.56,1,153.564,28.3129,1.97099,2.68935,300.186,101.193,31.4864,42.3807,62.8038,24.2468,19.6108,7.24365,13.694,7.50209,,,,,,,,,,,,,,,,,,,,,,,,,,,,,,,,,,,,,,,,,,,,,,,,,,,,,,,,,,,,,,,,,,,,,,,,,,,,,,,,,,,,,,,,,,,,,,,,,,,,,,,,,,,,,,
wcompton,5229,fell,3.4,1,166.844,12.2866,2.22251,2.50083,491.405,117.567,56.049,42.3367,5.55365,40.8509,22.9961,13.9623,17.0154,4.77208,,,,,,,,,,,,,,,,,,,,,,,,,,,,,,,,,,,,,,,,,,,,,,,,,,,,,,,,,,,,,,,,,,,,,,,,,,,,,,,,,,,,,,,,,,,,,,,,,,,,,,,,,,,,,,
wcompton,5230,fell,2.36,1,104.022,40.9531,2.23871,3.6344,228.158,59.173,22.674,19.7517,4.94586,28.6464,14.9727,9.78004,11.1317,4.52929,,,,,,,,,,,,,,,,,,,,,,,,,,,,,,,,,,,,,,,,,,,,,,,,,,,,,,,,,,,,,,,,,,,,,,,,,,,,,,,,,,,,,,,,,,,,,,,,,,,,,,,,,,,,,,
wcompton,5231,fell,1.44,1,67.9494,111.867,3.05193,3.89837,529.247,156.549,42.2964,32.4519,8.92925,34.144,27.6069,11.3796,15.1423,5.04482,,,,,,,,,,,,,,,,,,,,,,,,,,,,,,,,,,,,,,,,,,,,,,,,,,,,,,,,,,,,,,,,,,,,,,,,,,,,,,,,,,,,,,,,,,,,,,,,,,,,,,,,,,,,,,
wcompton,5232,fell,1.9,1,108.984,171.674,2.3343,3.66381,612.266,148.818,60.111,59.1416,20.2903,37.9753,22.7347,12.1138,18.7507,8.32212,,,,,,,,,,,,,,,,,,,,,,,,,,,,,,,,,,,,,,,,,,,,,,,,,,,,,,,,,,,,,,,,,,,,,,,,,,,,,,,,,,,,,,,,,,,,,,,,,,,,,,,,,,,,,,
wcompton,5233,fell,1.82,1,42.4701,98.3389,2.74278,3.91215,277.972,105.595,21.7337,16.4062,11.0923,28.2303,20.9223,10.014,11.7261,6.32945,,,,,,,,,,,,,,,,,,,,,,,,,,,,,,,,,,,,,,,,,,,,,,,,,,,,,,,,,,,,,,,,,,,,,,,,,,,,,,,,,,,,,,,,,,,,,,,,,,,,,,,,,,,,,,
wcompton,5234,fell,1.98,1,108.265,55.6376,1.66514,0.64819,723.224,192.434,61.5103,62.2963,5.84422,40.2307,31.2667,13.2858,27.6555,9.74351,,,,,,,,,,,,,,,,,,,,,,,,,,,,,,,,,,,,,,,,,,,,,,,,,,,,,,,,,,,,,,,,,,,,,,,,,,,,,,,,,,,,,,,,,,,,,,,,,,,,,,,,,,,,,,
wcompton,5235,fell,3.7,1,377.023,46.2796,1.98272,3.79012,696.871,257.012,94.2725,49.66,14.2467,52.5107,33.0492,18.3787,19.4185,5.51192,,,,,,,,,,,,,,,,,,,,,,,,,,,,,,,,,,,,,,,,,,,,,,,,,,,,,,,,,,,,,,,,,,,,,,,,,,,,,,,,,,,,,,,,,,,,,,,,,,,,,,,,,,,,,,
wcompton,5236,fell,2.5,1,136.479,78.4803,2.14369,3.44873,413.238,116.024,48.4305,22.5935,67.5888,44.7409,22.8734,19.4116,17.4513,9.33116,,,,,,,,,,,,,,,,,,,,,,,,,,,,,,,,,,,,,,,,,,,,,,,,,,,,,,,,,,,,,,,,,,,,,,,,,,,,,,,,,,,,,,,,,,,,,,,,,,,,,,,,,,,,,,
wcompton,5237,fell,2.34,1,113.392,24.3879,1.12897,2.00502,485.736,134.033,60.0317,35.7237,66.959,33.2016,23.9517,10.8739,11.8176,7.65166,,,,,,,,,,,,,,,,,,,,,,,,,,,,,,,,,,,,,,,,,,,,,,,,,,,,,,,,,,,,,,,,,,,,,,,,,,,,,,,,,,,,,,,,,,,,,,,,,,,,,,,,,,,,,,
wcompton,5238,fell,2.34,1,69.0881,20.5459,2.66749,3.8286,332.99,82.0084,34.8188,11.6482,0.769848,29.4551,20.5882,8.61488,9.37578,1.8541,,,,,,,,,,,,,,,,,,,,,,,,,,,,,,,,,,,,,,,,,,,,,,,,,,,,,,,,,,,,,,,,,,,,,,,,,,,,,,,,,,,,,,,,,,,,,,,,,,,,,,,,,,,,,,
wcompton,5239,fell,1.96,1,157.732,8.96654,2.12428,1.71179,613.82,134.731,49.9333,24.143,0.935543,63.8875,23.8106,25.4768,19.3661,4.04789,,,,,,,,,,,,,,,,,,,,,,,,,,,,,,,,,,,,,,,,,,,,,,,,,,,,,,,,,,,,,,,,,,,,,,,,,,,,,,,,,,,,,,,,,,,,,,,,,,,,,,,,,,,,,,
wcompton,5240,fell,1.36,1,147.38,48.8443,1.93971,3.18576,252.722,84.6489,36.1859,39.5645,13.7462,20.1799,14.4372,6.72502,10.129,4.33289,,,,,,,,,,,,,,,,,,,,,,,,,,,,,,,,,,,,,,,,,,,,,,,,,,,,,,,,,,,,,,,,,,,,,,,,,,,,,,,,,,,,,,,,,,,,,,,,,,,,,,,,,,,,,,
wcompton,5241,fell,1.86,1,128.296,57.8446,2.30411,3.70129,220.856,77.5846,24.2498,20.7337,12.1397,24.0667,17.8029,8.16528,9.71153,3.06447,,,,,,,,,,,,,,,,,,,,,,,,,,,,,,,,,,,,,,,,,,,,,,,,,,,,,,,,,,,,,,,,,,,,,,,,,,,,,,,,,,,,,,,,,,,,,,,,,,,,,,,,,,,,,,
wcompton,5242,fell,2.14,1,110.333,28.7163,2.08677,2.84113,409.156,100.872,48.0184,40.7559,70.2007,31.1913,25.2229,11.5749,14.7666,12.3483,,,,,,,,,,,,,,,,,,,,,,,,,,,,,,,,,,,,,,,,,,,,,,,,,,,,,,,,,,,,,,,,,,,,,,,,,,,,,,,,,,,,,,,,,,,,,,,,,,,,,,,,,,,,,,
wcompton,5243,fell,2.76,1,203.406,93.4055,1.89834,3.87294,556.774,120.132,68.092,36.1977,21.7695,55.167,28.1455,20.6208,18.458,6.22927,,,,,,,,,,,,,,,,,,,,,,,,,,,,,,,,,,,,,,,,,,,,,,,,,,,,,,,,,,,,,,,,,,,,,,,,,,,,,,,,,,,,,,,,,,,,,,,,,,,,,,,,,,,,,,
wcompton,5244,fell,2.8,1,101.76,10.5362,2.88008,3.88688,360.896,102.056,33.6438,14.936,0.819663,37.6553,22.5179,15.1807,12.0987,2.25387,,,,,,,,,,,,,,,,,,,,,,,,,,,,,,,,,,,,,,,,,,,,,,,,,,,,,,,,,,,,,,,,,,,,,,,,,,,,,,,,,,,,,,,,,,,,,,,,,,,,,,,,,,,,,,
wcompton,5245,fell,1.9,1,89.2928,68.2857,2.14249,3.01635,239.213,86.6185,31.8892,16.3961,60.9368,29.1699,15.9633,11.8169,13.0308,8.34921,,,,,,,,,,,,,,,,,,,,,,,,,,,,,,,,,,,,,,,,,,,,,,,,,,,,,,,,,,,,,,,,,,,,,,,,,,,,,,,,,,,,,,,,,,,,,,,,,,,,,,,,,,,,,,
wcompton,5246,fell,2.92,1,137.398,44.745,2.80368,4.21209,390.994,130.274,39.7611,35.0177,1.39157,31.2218,25.302,8.70971,10.1881,2.60739,,,,,,,,,,,,,,,,,,,,,,,,,,,,,,,,,,,,,,,,,,,,,,,,,,,,,,,,,,,,,,,,,,,,,,,,,,,,,,,,,,,,,,,,,,,,,,,,,,,,,,,,,,,,,,
wcompton,5247,fell,1.28,1,127.906,82.3796,2.38119,3.49165,225.914,60.1415,18.8441,42.0174,26.3995,23.6489,15.4425,9.13777,13.7097,7.57848,,,,,,,,,,,,,,,,,,,,,,,,,,,,,,,,,,,,,,,,,,,,,,,,,,,,,,,,,,,,,,,,,,,,,,,,,,,,,,,,,,,,,,,,,,,,,,,,,,,,,,,,,,,,,,
wcompton,5248,fell,1.28,1,41.7688,45.6627,2.53585,3.74905,185.306,47.861,21.9652,15.6196,1.6027,16.8897,12.3102,6.02343,7.00798,2.64698,,,,,,,,,,,,,,,,,,,,,,,,,,,,,,,,,,,,,,,,,,,,,,,,,,,,,,,,,,,,,,,,,,,,,,,,,,,,,,,,,,,,,,,,,,,,,,,,,,,,,,,,,,,,,,
wcompton,5249,fell,2.72,1,243.196,15.0439,2.18917,0.905127,1585.76,620.832,118.805,70.4462,1.31062,73.5353,64.4827,18.7285,28.9446,4.02389,,,,,,,,,,,,,,,,,,,,,,,,,,,,,,,,,,,,,,,,,,,,,,,,,,,,,,,,,,,,,,,,,,,,,,,,,,,,,,,,,,,,,,,,,,,,,,,,,,,,,,,,,,,,,,
wcompton,5250,fell,1.98,1,115.06,67.771,1.50853,0.93279,772.634,294.803,72.9403,50.7265,1.35788,63.5401,47.2537,18.4946,26.0122,5.00257,,,,,,,,,,,,,,,,,,,,,,,,,,,,,,,,,,,,,,,,,,,,,,,,,,,,,,,,,,,,,,,,,,,,,,,,,,,,,,,,,,,,,,,,,,,,,,,,,,,,,,,,,,,,,,
wcompton,5251,fell,1.46,1,112.704,98.5859,2.63194,3.57264,265.409,67.462,20.3605,31.1519,22.2675,20.9469,16.4552,7.06222,10.7492,4.72013,,,,,,,,,,,,,,,,,,,,,,,,,,,,,,,,,,,,,,,,,,,,,,,,,,,,,,,,,,,,,,,,,,,,,,,,,,,,,,,,,,,,,,,,,,,,,,,,,,,,,,,,,,,,,,
wcompton,5252,fell,1.66,1,147.448,99.3411,1.72045,3.74773,307.902,102.423,38.635,22.7181,49.8498,24.4954,18.1074,8.66354,15.1906,4.27595,,,,,,,,,,,,,,,,,,,,,,,,,,,,,,,,,,,,,,,,,,,,,,,,,,,,,,,,,,,,,,,,,,,,,,,,,,,,,,,,,,,,,,,,,,,,,,,,,,,,,,,,,,,,,,
wcompton,5253,fell,1.48,1,78.4861,41.6582,2.64949,3.3979,463.186,107.706,42.0116,58.3867,44.9811,32.4676,23.3388,11.328,15.6896,4.76839,,,,,,,,,,,,,,,,,,,,,,,,,,,,,,,,,,,,,,,,,,,,,,,,,,,,,,,,,,,,,,,,,,,,,,,,,,,,,,,,,,,,,,,,,,,,,,,,,,,,,,,,,,,,,,
wcompton,5254,fell,2,1,126.201,10.412,2.32171,3.32032,333.463,78.1905,32.339,33.016,35.8179,24.5249,16.6088,8.07954,11.5932,4.39005,,,,,,,,,,,,,,,,,,,,,,,,,,,,,,,,,,,,,,,,,,,,,,,,,,,,,,,,,,,,,,,,,,,,,,,,,,,,,,,,,,,,,,,,,,,,,,,,,,,,,,,,,,,,,,
wcompton,5255,fell,1.22,1,107.899,3.25552,2.88689,4.07846,266.74,85.0437,21.4835,23.2391,0.487341,34.4256,17.8127,13.5188,12.4191,2.10655,,,,,,,,,,,,,,,,,,,,,,,,,,,,,,,,,,,,,,,,,,,,,,,,,,,,,,,,,,,,,,,,,,,,,,,,,,,,,,,,,,,,,,,,,,,,,,,,,,,,,,,,,,,,,,
wcompton,5256,fell,2.88,1,154.889,11.795,2.44349,3.28715,456.443,157.19,62.569,62.2258,19.9386,38.5026,27.4128,12.4863,15.7306,7.12788,,,,,,,,,,,,,,,,,,,,,,,,,,,,,,,,,,,,,,,,,,,,,,,,,,,,,,,,,,,,,,,,,,,,,,,,,,,,,,,,,,,,,,,,,,,,,,,,,,,,,,,,,,,,,,
wcompton,5257,fell,2.24,1,114.192,146.294,2.30716,3.5476,239.597,80.8587,28.4567,7.27399,0.876479,27.5572,13.9439,9.70827,8.04773,2.24984,,,,,,,,,,,,,,,,,,,,,,,,,,,,,,,,,,,,,,,,,,,,,,,,,,,,,,,,,,,,,,,,,,,,,,,,,,,,,,,,,,,,,,,,,,,,,,,,,,,,,,,,,,,,,,
wcompton,5258,fell,1.8,1,50.7538,93.3712,1.91426,3.47152,415.297,100.243,42.5283,33.4193,20.0105,36.7979,19.6617,13.991,15.5929,4.8073,,,,,,,,,,,,,,,,,,,,,,,,,,,,,,,,,,,,,,,,,,,,,,,,,,,,,,,,,,,,,,,,,,,,,,,,,,,,,,,,,,,,,,,,,,,,,,,,,,,,,,,,,,,,,,
wcompton,5259,fell,1.2,1,57.3695,106.355,2.51125,2.98356,246.597,125.358,31.7813,27.7178,0.979655,32.222,21.6193,12.2675,12.6506,2.2151,,,,,,,,,,,,,,,,,,,,,,,,,,,,,,,,,,,,,,,,,,,,,,,,,,,,,,,,,,,,,,,,,,,,,,,,,,,,,,,,,,,,,,,,,,,,,,,,,,,,,,,,,,,,,,
wcompton,5260,fell,2.02,1,148.985,178.64,1.17033,2.66246,477.217,107.511,51.4626,43.7656,20.6516,33.7916,18.4365,12.3793,12.4016,5.19239,,,,,,,,,,,,,,,,,,,,,,,,,,,,,,,,,,,,,,,,,,,,,,,,,,,,,,,,,,,,,,,,,,,,,,,,,,,,,,,,,,,,,,,,,,,,,,,,,,,,,,,,,,,,,,
wcompton,5261,fell,2.38,1,112.16,51.1417,1.76208,3.30355,353.415,78.9483,36.1995,34.8011,45.3853,31.887,19.6564,10.8126,14.3324,7.45172,,,,,,,,,,,,,,,,,,,,,,,,,,,,,,,,,,,,,,,,,,,,,,,,,,,,,,,,,,,,,,,,,,,,,,,,,,,,,,,,,,,,,,,,,,,,,,,,,,,,,,,,,,,,,,
wcompton,5262,fell,2.76,1,119.978,16.9195,1.57587,3.6129,312.109,92.9042,29.8722,13.0593,1.00701,26.4366,19.19,7.89255,9.94136,3.38324,,,,,,,,,,,,,,,,,,,,,,,,,,,,,,,,,,,,,,,,,,,,,,,,,,,,,,,,,,,,,,,,,,,,,,,,,,,,,,,,,,,,,,,,,,,,,,,,,,,,,,,,,,,,,,
wcompton,5263,fell,1.84,1,60.2533,38.7085,1.66027,3.05792,324.312,122.03,39.0012,46.0156,16.2957,27.2397,25.5829,8.3625,11.7049,4.87979,,,,,,,,,,,,,,,,,,,,,,,,,,,,,,,,,,,,,,,,,,,,,,,,,,,,,,,,,,,,,,,,,,,,,,,,,,,,,,,,,,,,,,,,,,,,,,,,,,,,,,,,,,,,,,
wcompton,5264,fell,1.72,1,47.7405,76.26,2.03021,3.77203,332.363,63.9859,36.7912,14.9137,1.00719,28.3469,16.0552,10.3906,10.5164,4.74908,,,,,,,,,,,,,,,,,,,,,,,,,,,,,,,,,,,,,,,,,,,,,,,,,,,,,,,,,,,,,,,,,,,,,,,,,,,,,,,,,,,,,,,,,,,,,,,,,,,,,,,,,,,,,,
wcompton,5265,fell,2.78,1,199.617,8.43702,2.64603,3.7052,563.183,218.005,75.826,43.9107,9.36733,39.2023,31.5567,12.8696,17.9445,8.37321,,,,,,,,,,,,,,,,,,,,,,,,,,,,,,,,,,,,,,,,,,,,,,,,,,,,,,,,,,,,,,,,,,,,,,,,,,,,,,,,,,,,,,,,,,,,,,,,,,,,,,,,,,,,,,
wcompton,5266,fell,1.12,1,53.5959,23.4196,2.05197,4.06707,238.423,60.0024,25.6105,35.9117,25.4768,19.4154,13.5198,6.72523,10.9086,6.27446,,,,,,,,,,,,,,,,,,,,,,,,,,,,,,,,,,,,,,,,,,,,,,,,,,,,,,,,,,,,,,,,,,,,,,,,,,,,,,,,,,,,,,,,,,,,,,,,,,,,,,,,,,,,,,
wcompton,5267,fell,2.16,1,114.05,88.0086,2.02876,3.4969,386.872,90.0599,48.3507,51.9837,89.7205,28.4625,22.3239,8.62887,14.5309,7.31948,,,,,,,,,,,,,,,,,,,,,,,,,,,,,,,,,,,,,,,,,,,,,,,,,,,,,,,,,,,,,,,,,,,,,,,,,,,,,,,,,,,,,,,,,,,,,,,,,,,,,,,,,,,,,,
wcompton,5268,fell,2.1,1,139.002,156.674,1.6872,3.0477,397.306,126.368,46.7551,44.726,32.4754,37.907,23.4426,14.6429,16.0469,4.88093,,,,,,,,,,,,,,,,,,,,,,,,,,,,,,,,,,,,,,,,,,,,,,,,,,,,,,,,,,,,,,,,,,,,,,,,,,,,,,,,,,,,,,,,,,,,,,,,,,,,,,,,,,,,,,
wcompton,5269,fell,2.86,1,132.428,14.527,1.04388,3.32081,403.562,131.335,38.9954,20.9807,0.811282,29.5503,21.1666,9.02931,12.2249,2.92604,,,,,,,,,,,,,,,,,,,,,,,,,,,,,,,,,,,,,,,,,,,,,,,,,,,,,,,,,,,,,,,,,,,,,,,,,,,,,,,,,,,,,,,,,,,,,,,,,,,,,,,,,,,,,,
wcompton,5270,fell,2.06,1,194.126,92.1805,2.13494,2.45723,949.25,299.031,82.8885,71.0347,15.1009,55.9874,43.8469,19.1544,21.6519,5.92263,,,,,,,,,,,,,,,,,,,,,,,,,,,,,,,,,,,,,,,,,,,,,,,,,,,,,,,,,,,,,,,,,,,,,,,,,,,,,,,,,,,,,,,,,,,,,,,,,,,,,,,,,,,,,,
wcompton,5271,fell,1.9,1,140.498,34.2046,1.79781,3.58111,247.575,113.725,34.0165,25.7579,1.20186,21.7176,19.535,6.59907,11.2135,2.36317,,,,,,,,,,,,,,,,,,,,,,,,,,,,,,,,,,,,,,,,,,,,,,,,,,,,,,,,,,,,,,,,,,,,,,,,,,,,,,,,,,,,,,,,,,,,,,,,,,,,,,,,,,,,,,
wcompton,5272,fell,1.52,1,79.1602,37.7769,1.53684,3.83721,263.845,81.4209,30.6026,16.264,7.26122,32.4467,18.8326,12.5122,13.5072,5.98463,,,,,,,,,,,,,,,,,,,,,,,,,,,,,,,,,,,,,,,,,,,,,,,,,,,,,,,,,,,,,,,,,,,,,,,,,,,,,,,,,,,,,,,,,,,,,,,,,,,,,,,,,,,,,,
wcompton,5273,fell,1.7,1,108.273,110.386,1.02107,0.849381,431.281,50.7893,45.2109,14.8649,1.47529,41.6399,14.1568,17.4772,15.4791,4.08,,,,,,,,,,,,,,,,,,,,,,,,,,,,,,,,,,,,,,,,,,,,,,,,,,,,,,,,,,,,,,,,,,,,,,,,,,,,,,,,,,,,,,,,,,,,,,,,,,,,,,,,,,,,,,
wcompton,5274,fell,1.7,1,101.257,7.82455,1.70684,2.47616,203.601,70.3306,24.122,45.9532,77.5747,18.7741,11.361,6.51072,12.22,5.94344,,,,,,,,,,,,,,,,,,,,,,,,,,,,,,,,,,,,,,,,,,,,,,,,,,,,,,,,,,,,,,,,,,,,,,,,,,,,,,,,,,,,,,,,,,,,,,,,,,,,,,,,,,,,,,
wcompton,5275,fell,1.84,1,147.752,85.3879,1.38111,3.71736,253.1,127.134,32.3771,14.882,1.26161,35.0953,17.9904,13.5264,12.0699,2.70118,,,,,,,,,,,,,,,,,,,,,,,,,,,,,,,,,,,,,,,,,,,,,,,,,,,,,,,,,,,,,,,,,,,,,,,,,,,,,,,,,,,,,,,,,,,,,,,,,,,,,,,,,,,,,,
wcompton,5276,fell,1.74,1,145.269,30.1371,2.4483,3.86818,349.812,100.333,39.6704,32.7751,42.4557,31.7776,20.1232,11.9247,13.3552,5.42472,,,,,,,,,,,,,,,,,,,,,,,,,,,,,,,,,,,,,,,,,,,,,,,,,,,,,,,,,,,,,,,,,,,,,,,,,,,,,,,,,,,,,,,,,,,,,,,,,,,,,,,,,,,,,,
wcompton,5277,fell,0.92,1,98.2958,154.814,1.43826,3.5527,254.316,81.4365,20.9881,16.2441,102.39,25.1712,15.5429,9.29637,11.1842,7.22618,,,,,,,,,,,,,,,,,,,,,,,,,,,,,,,,,,,,,,,,,,,,,,,,,,,,,,,,,,,,,,,,,,,,,,,,,,,,,,,,,,,,,,,,,,,,,,,,,,,,,,,,,,,,,,
wcompton,5278,fell,1.54,1,112.563,52.2789,2.47596,2.85975,349.817,101.81,31.3132,48.0464,38.5173,26.6555,20.0777,9.3455,15.0546,5.54291,,,,,,,,,,,,,,,,,,,,,,,,,,,,,,,,,,,,,,,,,,,,,,,,,,,,,,,,,,,,,,,,,,,,,,,,,,,,,,,,,,,,,,,,,,,,,,,,,,,,,,,,,,,,,,
wcompton,5279,fell,1.34,1,121.41,8.54956,2.41463,3.89296,228.401,57.968,29.9815,29.8425,3.33412,17.5522,13.3243,6.57906,10.8867,4.90169,,,,,,,,,,,,,,,,,,,,,,,,,,,,,,,,,,,,,,,,,,,,,,,,,,,,,,,,,,,,,,,,,,,,,,,,,,,,,,,,,,,,,,,,,,,,,,,,,,,,,,,,,,,,,,
wcompton,5280,fell,1.8,1,91.9889,129.335,2.13128,3.70318,254.825,74.5139,29.4528,57.2908,12.6333,38.8785,21.4534,16.7041,14.9709,7.4168,,,,,,,,,,,,,,,,,,,,,,,,,,,,,,,,,,,,,,,,,,,,,,,,,,,,,,,,,,,,,,,,,,,,,,,,,,,,,,,,,,,,,,,,,,,,,,,,,,,,,,,,,,,,,,
wcompton,5281,fell,1.72,1,81.0629,55.932,1.75745,3.07165,275.295,95.1295,45.3032,58.5493,52.7424,29.6645,19.866,10.6439,12.9109,8.93588,,,,,,,,,,,,,,,,,,,,,,,,,,,,,,,,,,,,,,,,,,,,,,,,,,,,,,,,,,,,,,,,,,,,,,,,,,,,,,,,,,,,,,,,,,,,,,,,,,,,,,,,,,,,,,
wcompton,5282,fell,1.06,1,99.961,14.1852,2.67553,3.82472,190.69,74.1849,23.1765,23.0001,12.177,22.7248,14.374,8.92772,10.5299,3.81612,,,,,,,,,,,,,,,,,,,,,,,,,,,,,,,,,,,,,,,,,,,,,,,,,,,,,,,,,,,,,,,,,,,,,,,,,,,,,,,,,,,,,,,,,,,,,,,,,,,,,,,,,,,,,,
wcompton,5283,fell,2.28,1,131.301,79.1006,0.321146,0.174308,905.306,202.111,60.9718,48.6473,4.68747,48.3198,31.2897,12.9907,28.2348,10.8061,,,,,,,,,,,,,,,,,,,,,,,,,,,,,,,,,,,,,,,,,,,,,,,,,,,,,,,,,,,,,,,,,,,,,,,,,,,,,,,,,,,,,,,,,,,,,,,,,,,,,,,,,,,,,,
wcompton,5284,fell,2.2,1,167.252,41.4008,1.94333,3.61875,456.135,85.0825,57.4513,39.9125,78.6943,41.6748,20.6513,16.6982,19.1327,8.35637,,,,,,,,,,,,,,,,,,,,,,,,,,,,,,,,,,,,,,,,,,,,,,,,,,,,,,,,,,,,,,,,,,,,,,,,,,,,,,,,,,,,,,,,,,,,,,,,,,,,,,,,,,,,,,
wcompton,5285,fell,1.28,1,95.3425,12.4387,2.07832,3.39589,229.297,48.1227,23.644,31.951,35.8073,23.2135,13.1054,8.47493,8.84442,7.03308,,,,,,,,,,,,,,,,,,,,,,,,,,,,,,,,,,,,,,,,,,,,,,,,,,,,,,,,,,,,,,,,,,,,,,,,,,,,,,,,,,,,,,,,,,,,,,,,,,,,,,,,,,,,,,
wcompton,5286,fell,1.1,1,199.184,108.033,2.27001,3.80008,441.962,50.5062,38.3072,20.6628,0.880704,23.4659,15.0757,8.62796,9.65622,2.84406,,,,,,,,,,,,,,,,,,,,,,,,,,,,,,,,,,,,,,,,,,,,,,,,,,,,,,,,,,,,,,,,,,,,,,,,,,,,,,,,,,,,,,,,,,,,,,,,,,,,,,,,,,,,,,
wcompton,5287,fell,2.28,1,129.709,23.2604,2.16039,3.36426,275.202,119.836,33.5088,32.8511,19.0535,26.3162,22.2053,9.51275,12.9177,4.67334,,,,,,,,,,,,,,,,,,,,,,,,,,,,,,,,,,,,,,,,,,,,,,,,,,,,,,,,,,,,,,,,,,,,,,,,,,,,,,,,,,,,,,,,,,,,,,,,,,,,,,,,,,,,,,
wcompton,5288,fell,2.22,1,175.348,155.992,2.91934,3.29825,326.61,82.5239,36.8047,41.3109,3.56347,24.8066,14.9968,7.30251,12.0464,3.43851,,,,,,,,,,,,,,,,,,,,,,,,,,,,,,,,,,,,,,,,,,,,,,,,,,,,,,,,,,,,,,,,,,,,,,,,,,,,,,,,,,,,,,,,,,,,,,,,,,,,,,,,,,,,,,
wcompton,5289,fell,1.76,1,158.462,50.0796,1.61504,3.40809,249.338,82.75,32.7518,27.3787,17.2708,22.7822,18.6254,6.97007,12.7691,4.10271,,,,,,,,,,,,,,,,,,,,,,,,,,,,,,,,,,,,,,,,,,,,,,,,,,,,,,,,,,,,,,,,,,,,,,,,,,,,,,,,,,,,,,,,,,,,,,,,,,,,,,,,,,,,,,
wcompton,5290,fell,1.24,1,88.653,72.0247,2.11008,3.92467,265.005,55.8093,25.3969,36.2875,31.8217,19.5791,13.4484,6.53452,9.97689,3.72048,,,,,,,,,,,,,,,,,,,,,,,,,,,,,,,,,,,,,,,,,,,,,,,,,,,,,,,,,,,,,,,,,,,,,,,,,,,,,,,,,,,,,,,,,,,,,,,,,,,,,,,,,,,,,,
wcompton,5291,fell,2.22,1,213.771,4.3606,1.69558,1.46314,551.532,181.834,41.2066,24.095,2.78012,49.7319,30.883,18.188,17.888,6.5352,,,,,,,,,,,,,,,,,,,,,,,,,,,,,,,,,,,,,,,,,,,,,,,,,,,,,,,,,,,,,,,,,,,,,,,,,,,,,,,,,,,,,,,,,,,,,,,,,,,,,,,,,,,,,,
wcompton,5292,fell,2.84,1,148.598,9.00767,2.81512,3.67162,467.843,150.249,42.5148,36.876,3.81727,51.4083,33.5865,18.9826,20.136,4.03245,,,,,,,,,,,,,,,,,,,,,,,,,,,,,,,,,,,,,,,,,,,,,,,,,,,,,,,,,,,,,,,,,,,,,,,,,,,,,,,,,,,,,,,,,,,,,,,,,,,,,,,,,,,,,,
wcompton,5293,fell,3.46,1,199.749,3.94428,2.62433,2.34435,510.69,153.325,71.8012,75.6393,58.8942,47.3364,24.1552,18.3338,20.953,8.57947,,,,,,,,,,,,,,,,,,,,,,,,,,,,,,,,,,,,,,,,,,,,,,,,,,,,,,,,,,,,,,,,,,,,,,,,,,,,,,,,,,,,,,,,,,,,,,,,,,,,,,,,,,,,,,
wcompton,5294,fell,2.5,1,154.009,8.26224,2.56956,4.17746,371.836,123.239,46.4759,17.6347,0.777352,22.5452,16.396,6.64353,9.27124,1.88998,,,,,,,,,,,,,,,,,,,,,,,,,,,,,,,,,,,,,,,,,,,,,,,,,,,,,,,,,,,,,,,,,,,,,,,,,,,,,,,,,,,,,,,,,,,,,,,,,,,,,,,,,,,,,,
wcompton,5295,fell,2.94,1,124.399,43.9955,2.6773,3.44705,467.738,187.149,46.0644,36.0545,1.54664,45.7527,38.9779,14.0274,14.0105,2.06882,,,,,,,,,,,,,,,,,,,,,,,,,,,,,,,,,,,,,,,,,,,,,,,,,,,,,,,,,,,,,,,,,,,,,,,,,,,,,,,,,,,,,,,,,,,,,,,,,,,,,,,,,,,,,,
wcompton,5296,fell,1.64,1,114.912,8.0452,2.2907,3.80914,676.995,111.193,68.3957,41.0992,46.0483,53.0527,26.1859,22.0605,21.8036,7.27488,,,,,,,,,,,,,,,,,,,,,,,,,,,,,,,,,,,,,,,,,,,,,,,,,,,,,,,,,,,,,,,,,,,,,,,,,,,,,,,,,,,,,,,,,,,,,,,,,,,,,,,,,,,,,,
wcompton,5297,fell,1.6,1,149.668,114.883,2.27597,3.54739,597.429,190.189,82.2509,43.3298,39.4671,37.4967,28.9696,11.6934,13.9567,5.13702,,,,,,,,,,,,,,,,,,,,,,,,,,,,,,,,,,,,,,,,,,,,,,,,,,,,,,,,,,,,,,,,,,,,,,,,,,,,,,,,,,,,,,,,,,,,,,,,,,,,,,,,,,,,,,
wcompton,5298,fell,1.7,1,81.7928,83.8508,2.61178,3.87091,207.86,58.0368,31.9733,10.8085,0.559816,22.6399,11.2667,8.27866,7.42844,1.74275,,,,,,,,,,,,,,,,,,,,,,,,,,,,,,,,,,,,,,,,,,,,,,,,,,,,,,,,,,,,,,,,,,,,,,,,,,,,,,,,,,,,,,,,,,,,,,,,,,,,,,,,,,,,,,
wcompton,5299,fell,1.7,1,139.086,51.5082,3.0008,3.8354,277.446,53.7698,19.2487,24.3205,6.23716,39.4937,18.29,15.647,13.2558,3.7102,,,,,,,,,,,,,,,,,,,,,,,,,,,,,,,,,,,,,,,,,,,,,,,,,,,,,,,,,,,,,,,,,,,,,,,,,,,,,,,,,,,,,,,,,,,,,,,,,,,,,,,,,,,,,,
wcompton,5300,fell,1.8,1,127.719,94.1117,2.09961,3.70638,302.057,86.1391,33.3866,31.7536,13.3714,26.2264,18.8892,9.7474,10.6623,5.01067,,,,,,,,,,,,,,,,,,,,,,,,,,,,,,,,,,,,,,,,,,,,,,,,,,,,,,,,,,,,,,,,,,,,,,,,,,,,,,,,,,,,,,,,,,,,,,,,,,,,,,,,,,,,,,
wcompton,5301,fell,2.6,1,174.361,24.3549,1.93514,3.3975,439.277,157.589,57.1435,62.9451,2.26081,35.2494,24.9874,11.9028,18.1151,4.07519,,,,,,,,,,,,,,,,,,,,,,,,,,,,,,,,,,,,,,,,,,,,,,,,,,,,,,,,,,,,,,,,,,,,,,,,,,,,,,,,,,,,,,,,,,,,,,,,,,,,,,,,,,,,,,
wcompton,5302,fell,2.42,1,145.605,84.3325,2.28956,4.01608,417.17,117.408,40.676,19.0627,2.33388,32.9452,19.7815,10.904,10.3097,2.07543,,,,,,,,,,,,,,,,,,,,,,,,,,,,,,,,,,,,,,,,,,,,,,,,,,,,,,,,,,,,,,,,,,,,,,,,,,,,,,,,,,,,,,,,,,,,,,,,,,,,,,,,,,,,,,
wcompton,5303,fell,1.82,1,123.705,38.1464,2.58735,4.12418,319.571,123.255,31.6711,18.9203,0.910731,31.3839,23.7212,9.25542,10.0508,1.92087,,,,,,,,,,,,,,,,,,,,,,,,,,,,,,,,,,,,,,,,,,,,,,,,,,,,,,,,,,,,,,,,,,,,,,,,,,,,,,,,,,,,,,,,,,,,,,,,,,,,,,,,,,,,,,
wcompton,5304,fell,1.86,1,104.316,138.112,1.1334,0.645661,949.371,279.526,104.325,95.0447,14.9913,47.606,42.0559,15.211,29.3715,9.29189,,,,,,,,,,,,,,,,,,,,,,,,,,,,,,,,,,,,,,,,,,,,,,,,,,,,,,,,,,,,,,,,,,,,,,,,,,,,,,,,,,,,,,,,,,,,,,,,,,,,,,,,,,,,,,
wcompton,5305,fell,2.52,1,105.801,78.6638,2.19572,3.79809,253.314,63.1532,36.033,11.3876,1.01478,32.0309,15.8554,12.5478,10.4419,2.45881,,,,,,,,,,,,,,,,,,,,,,,,,,,,,,,,,,,,,,,,,,,,,,,,,,,,,,,,,,,,,,,,,,,,,,,,,,,,,,,,,,,,,,,,,,,,,,,,,,,,,,,,,,,,,,
wcompton,5306,fell,1.62,1,113.273,143.22,1.2493,0.598231,769.947,196.991,65.0869,50.6197,1.29146,78.6149,42.4735,30.2636,32.5305,5.58767,,,,,,,,,,,,,,,,,,,,,,,,,,,,,,,,,,,,,,,,,,,,,,,,,,,,,,,,,,,,,,,,,,,,,,,,,,,,,,,,,,,,,,,,,,,,,,,,,,,,,,,,,,,,,,
wcompton,5307,fell,2.86,1,155.667,34.6335,1.30179,3.53862,427.757,146.865,47.0042,15.4702,1.97843,69.4538,32.4025,28.6934,19.7471,4.87741,,,,,,,,,,,,,,,,,,,,,,,,,,,,,,,,,,,,,,,,,,,,,,,,,,,,,,,,,,,,,,,,,,,,,,,,,,,,,,,,,,,,,,,,,,,,,,,,,,,,,,,,,,,,,,
wcompton,5308,fell,1.7,1,131.872,9.10229,1.98523,3.75038,307.342,53.4852,23.672,10.2178,0.798001,38.3569,16.9461,15.1538,10.9314,1.98272,,,,,,,,,,,,,,,,,,,,,,,,,,,,,,,,,,,,,,,,,,,,,,,,,,,,,,,,,,,,,,,,,,,,,,,,,,,,,,,,,,,,,,,,,,,,,,,,,,,,,,,,,,,,,,
wcompton,5309,fell,1.98,1,63.3213,57.0159,1.75436,1.61372,952.246,210.458,91.785,106.959,24.6407,52.7375,36.3585,18.1661,24.3711,11.7387,,,,,,,,,,,,,,,,,,,,,,,,,,,,,,,,,,,,,,,,,,,,,,,,,,,,,,,,,,,,,,,,,,,,,,,,,,,,,,,,,,,,,,,,,,,,,,,,,,,,,,,,,,,,,,
wcompton,5310,fell,2.1,1,130.027,15.2107,2.66989,3.6195,364.152,209.422,32.43,26.1077,10.6498,47.0583,29.6507,18.6417,15.9787,4.10418,,,,,,,,,,,,,,,,,,,,,,,,,,,,,,,,,,,,,,,,,,,,,,,,,,,,,,,,,,,,,,,,,,,,,,,,,,,,,,,,,,,,,,,,,,,,,,,,,,,,,,,,,,,,,,
wcompton,5311,fell,2.1,1,107.641,88.6316,1.27365,0.616626,799.849,491.111,123.114,87.0634,31.2573,44.573,45.1974,14.8934,22.2332,4.55186,,,,,,,,,,,,,,,,,,,,,,,,,,,,,,,,,,,,,,,,,,,,,,,,,,,,,,,,,,,,,,,,,,,,,,,,,,,,,,,,,,,,,,,,,,,,,,,,,,,,,,,,,,,,,,
wcompton,5312,fell,1.46,1,196.205,22.54,2.45382,3.88723,429.019,73.1438,35.8762,18.4769,1.38491,35.546,21.5284,14.592,11.7151,1.8195,,,,,,,,,,,,,,,,,,,,,,,,,,,,,,,,,,,,,,,,,,,,,,,,,,,,,,,,,,,,,,,,,,,,,,,,,,,,,,,,,,,,,,,,,,,,,,,,,,,,,,,,,,,,,,
wcompton,5313,fell,2.56,1,246.23,45.4557,2.1276,3.1604,497.467,187.996,86.1078,73.209,27.7019,42.9733,28.709,13.1577,18.6551,5.85,,,,,,,,,,,,,,,,,,,,,,,,,,,,,,,,,,,,,,,,,,,,,,,,,,,,,,,,,,,,,,,,,,,,,,,,,,,,,,,,,,,,,,,,,,,,,,,,,,,,,,,,,,,,,,
wcompton,5314,fell,1.24,1,142.963,28.3745,2.31215,2.95968,996.106,87.7437,49.3851,30.8311,2.5581,52.1093,18.5533,19.0893,15.3024,3.75137,,,,,,,,,,,,,,,,,,,,,,,,,,,,,,,,,,,,,,,,,,,,,,,,,,,,,,,,,,,,,,,,,,,,,,,,,,,,,,,,,,,,,,,,,,,,,,,,,,,,,,,,,,,,,,
wcompton,5315,fell,1.46,1,156.899,62.2886,1.75744,2.75108,717.383,277.734,53.4842,38.4471,29.9681,42.128,42.5527,11.5676,17.1724,4.83343,,,,,,,,,,,,,,,,,,,,,,,,,,,,,,,,,,,,,,,,,,,,,,,,,,,,,,,,,,,,,,,,,,,,,,,,,,,,,,,,,,,,,,,,,,,,,,,,,,,,,,,,,,,,,,
wcompton,5316,fell,1.26,1,162.757,29.8925,2.55077,3.90908,246.616,80.8832,21.4455,7.12639,0.646299,23.9423,20.4926,7.50043,6.83739,1.33634,,,,,,,,,,,,,,,,,,,,,,,,,,,,,,,,,,,,,,,,,,,,,,,,,,,,,,,,,,,,,,,,,,,,,,,,,,,,,,,,,,,,,,,,,,,,,,,,,,,,,,,,,,,,,,
wcompton,5317,fell,2.28,1,77.7835,0.445069,1.24651,3.15814,410.866,132.852,31.8208,25.9948,10.4447,38.4175,30.2093,11.6972,12.5796,5.95727,,,,,,,,,,,,,,,,,,,,,,,,,,,,,,,,,,,,,,,,,,,,,,,,,,,,,,,,,,,,,,,,,,,,,,,,,,,,,,,,,,,,,,,,,,,,,,,,,,,,,,,,,,,,,,
wcompton,5318,fell,2.28,1,221.678,61.4961,2.58289,3.91229,357.776,85.2632,43.9352,21.4418,18.3589,29.6101,15.674,10.9686,12.0914,4.46464,,,,,,,,,,,,,,,,,,,,,,,,,,,,,,,,,,,,,,,,,,,,,,,,,,,,,,,,,,,,,,,,,,,,,,,,,,,,,,,,,,,,,,,,,,,,,,,,,,,,,,,,,,,,,,
wcompton,5319,fell,3,1,118.163,23.533,2.3765,3.7945,432.136,112.206,44.9812,28.0715,45.3568,33.6767,25.5105,10.5851,15.3105,7.67905,,,,,,,,,,,,,,,,,,,,,,,,,,,,,,,,,,,,,,,,,,,,,,,,,,,,,,,,,,,,,,,,,,,,,,,,,,,,,,,,,,,,,,,,,,,,,,,,,,,,,,,,,,,,,,
wcompton,5320,fell,1.98,1,160.286,11.1675,2.16897,3.75149,247.629,103.767,27.6175,9.22984,0.909979,24.88,21.7799,7.22125,7.81522,1.82103,,,,,,,,,,,,,,,,,,,,,,,,,,,,,,,,,,,,,,,,,,,,,,,,,,,,,,,,,,,,,,,,,,,,,,,,,,,,,,,,,,,,,,,,,,,,,,,,,,,,,,,,,,,,,,
wcompton,5321,fell,2.9,1,166.851,3.03387,2.69644,3.71345,496.664,155.073,49.709,36.8014,1.5035,66.0484,31.0042,28.3216,23.2509,4.61315,,,,,,,,,,,,,,,,,,,,,,,,,,,,,,,,,,,,,,,,,,,,,,,,,,,,,,,,,,,,,,,,,,,,,,,,,,,,,,,,,,,,,,,,,,,,,,,,,,,,,,,,,,,,,,
wcompton,5322,fell,1.68,1,93.2863,137.665,2.19673,4.06539,399.226,67.8346,38.9608,18.7058,0.633904,41.3827,20.1427,15.9492,11.416,2.18164,,,,,,,,,,,,,,,,,,,,,,,,,,,,,,,,,,,,,,,,,,,,,,,,,,,,,,,,,,,,,,,,,,,,,,,,,,,,,,,,,,,,,,,,,,,,,,,,,,,,,,,,,,,,,,
wcompton,5323,fell,3.92,1,203.195,8.54381,2.21815,1.55579,725.206,181.083,77.021,81.7078,13.6819,68.0459,36.6219,28.1446,29.5588,5.75537,,,,,,,,,,,,,,,,,,,,,,,,,,,,,,,,,,,,,,,,,,,,,,,,,,,,,,,,,,,,,,,,,,,,,,,,,,,,,,,,,,,,,,,,,,,,,,,,,,,,,,,,,,,,,,
wcompton,5324,fell,1.8,1,105.793,17.3997,1.91082,3.65742,265.729,63.6335,35.0266,18.8108,2.96694,38.308,15.6625,16.0532,14.3702,3.47946,,,,,,,,,,,,,,,,,,,,,,,,,,,,,,,,,,,,,,,,,,,,,,,,,,,,,,,,,,,,,,,,,,,,,,,,,,,,,,,,,,,,,,,,,,,,,,,,,,,,,,,,,,,,,,
wcompton,5325,fell,1.9,1,16.9689,34.542,2.17729,3.54821,272.626,66.5362,22.6362,26.3604,67.436,22.3125,17.4951,6.96789,12.4215,8.05778,,,,,,,,,,,,,,,,,,,,,,,,,,,,,,,,,,,,,,,,,,,,,,,,,,,,,,,,,,,,,,,,,,,,,,,,,,,,,,,,,,,,,,,,,,,,,,,,,,,,,,,,,,,,,,
wcompton,5326,fell,2.7,1,109.207,28.3093,3.13272,4.26085,445.058,79.6796,24.7757,16.0169,1.32201,37.9919,21.9938,13.4978,14.5247,6.21023,,,,,,,,,,,,,,,,,,,,,,,,,,,,,,,,,,,,,,,,,,,,,,,,,,,,,,,,,,,,,,,,,,,,,,,,,,,,,,,,,,,,,,,,,,,,,,,,,,,,,,,,,,,,,,
wcompton,5327,fell,1.76,1,96.4304,6.81859,1.98624,3.4837,217.545,94.4422,20.8914,33.4091,40.3662,22.2387,18.9069,6.36287,11.1626,4.38836,,,,,,,,,,,,,,,,,,,,,,,,,,,,,,,,,,,,,,,,,,,,,,,,,,,,,,,,,,,,,,,,,,,,,,,,,,,,,,,,,,,,,,,,,,,,,,,,,,,,,,,,,,,,,,
wcompton,5328,fell,2.26,1,136.158,136.465,2.21345,1.89646,1168.73,80.5329,114.298,77.6286,1.57484,56.1653,21.7655,20.9934,26.6867,4.49136,,,,,,,,,,,,,,,,,,,,,,,,,,,,,,,,,,,,,,,,,,,,,,,,,,,,,,,,,,,,,,,,,,,,,,,,,,,,,,,,,,,,,,,,,,,,,,,,,,,,,,,,,,,,,,
wcompton,5329,fell,1.46,1,191.825,44.3621,2.54603,3.79792,279.373,66.3425,21.7423,9.92113,0.959346,28.5859,16.9446,10.4671,8.37569,2.25385,,,,,,,,,,,,,,,,,,,,,,,,,,,,,,,,,,,,,,,,,,,,,,,,,,,,,,,,,,,,,,,,,,,,,,,,,,,,,,,,,,,,,,,,,,,,,,,,,,,,,,,,,,,,,,
wcompton,5330,fell,2.74,1,139.636,131.971,2.32034,3.19188,537.003,129.962,50.9374,64.0509,15.8806,36.7245,23.0036,12.4765,16.5946,5.50459,,,,,,,,,,,,,,,,,,,,,,,,,,,,,,,,,,,,,,,,,,,,,,,,,,,,,,,,,,,,,,,,,,,,,,,,,,,,,,,,,,,,,,,,,,,,,,,,,,,,,,,,,,,,,,
wcompton,5331,fell,2.02,1,131.403,114.383,3.02639,4.07566,355.642,77.0041,30.4271,26.743,1.11283,37.7447,19.0046,14.8971,14.305,3.16096,,,,,,,,,,,,,,,,,,,,,,,,,,,,,,,,,,,,,,,,,,,,,,,,,,,,,,,,,,,,,,,,,,,,,,,,,,,,,,,,,,,,,,,,,,,,,,,,,,,,,,,,,,,,,,
wcompton,5332,fell,3.06,1,106.714,28.325,0.962689,3.39795,369.157,116.795,41.9805,14.6782,1.27193,50.7033,23.3787,21.5908,17.246,3.68971,,,,,,,,,,,,,,,,,,,,,,,,,,,,,,,,,,,,,,,,,,,,,,,,,,,,,,,,,,,,,,,,,,,,,,,,,,,,,,,,,,,,,,,,,,,,,,,,,,,,,,,,,,,,,,
wcompton,5333,fell,1.32,1,149.957,19.798,2.23899,3.21293,249.813,66.9274,22.4478,19.2126,2.86299,25.5915,17.1338,8.66632,8.55041,1.39501,,,,,,,,,,,,,,,,,,,,,,,,,,,,,,,,,,,,,,,,,,,,,,,,,,,,,,,,,,,,,,,,,,,,,,,,,,,,,,,,,,,,,,,,,,,,,,,,,,,,,,,,,,,,,,
wcompton,5334,fell,2.58,1,100.86,26.9507,3.05072,3.77303,408.694,143.009,40.3459,27.3883,2.25341,34.8192,24.3875,11.2911,13.683,3.66356,,,,,,,,,,,,,,,,,,,,,,,,,,,,,,,,,,,,,,,,,,,,,,,,,,,,,,,,,,,,,,,,,,,,,,,,,,,,,,,,,,,,,,,,,,,,,,,,,,,,,,,,,,,,,,
wcompton,5335,fell,1.68,1,64.084,76.39,2.06515,4.11051,226.977,73.712,17.0035,10.6291,8.44192,28.4397,17.3989,11.1013,10.0986,3.176,,,,,,,,,,,,,,,,,,,,,,,,,,,,,,,,,,,,,,,,,,,,,,,,,,,,,,,,,,,,,,,,,,,,,,,,,,,,,,,,,,,,,,,,,,,,,,,,,,,,,,,,,,,,,,
wcompton,5336,fell,1.98,1,155.892,5.07844,2.86441,3.56104,205.694,76.7731,32.8851,60.17,8.01853,19.7232,13.2411,7.29507,13.8811,3.88433,,,,,,,,,,,,,,,,,,,,,,,,,,,,,,,,,,,,,,,,,,,,,,,,,,,,,,,,,,,,,,,,,,,,,,,,,,,,,,,,,,,,,,,,,,,,,,,,,,,,,,,,,,,,,,
wcompton,5337,fell,1.54,1,149.633,63.862,1.93928,3.26675,382.591,123.255,69.2325,105.154,12.8749,25.7615,17.4682,8.01944,15.8944,7.73208,,,,,,,,,,,,,,,,,,,,,,,,,,,,,,,,,,,,,,,,,,,,,,,,,,,,,,,,,,,,,,,,,,,,,,,,,,,,,,,,,,,,,,,,,,,,,,,,,,,,,,,,,,,,,,
wcompton,5338,fell,2.44,1,196.861,163.696,1.12465,2.94078,534.185,113.377,50.4077,43.9627,106.025,42.5257,24.1467,15.6455,16.1028,8.57962,,,,,,,,,,,,,,,,,,,,,,,,,,,,,,,,,,,,,,,,,,,,,,,,,,,,,,,,,,,,,,,,,,,,,,,,,,,,,,,,,,,,,,,,,,,,,,,,,,,,,,,,,,,,,,
wcompton,5339,fell,1.76,1,26.3837,179,1.82001,0.808415,1010.91,163.067,117.452,134.196,139.247,57.9882,29.0018,20.7084,35.1841,21.9006,,,,,,,,,,,,,,,,,,,,,,,,,,,,,,,,,,,,,,,,,,,,,,,,,,,,,,,,,,,,,,,,,,,,,,,,,,,,,,,,,,,,,,,,,,,,,,,,,,,,,,,,,,,,,,
wcompton,5340,fell,1.56,1,63.6746,10.4435,0.868745,3.45777,280.898,70.0278,25.7024,20.9134,1.31575,28.1518,20.0746,9.06819,10.1375,2.98547,,,,,,,,,,,,,,,,,,,,,,,,,,,,,,,,,,,,,,,,,,,,,,,,,,,,,,,,,,,,,,,,,,,,,,,,,,,,,,,,,,,,,,,,,,,,,,,,,,,,,,,,,,,,,,
wcompton,5341,fell,2.64,1,81.1278,45.9736,2.69456,3.81741,499.935,148.775,49.7658,20.7143,2.68333,43.4774,24.4771,15.8304,16.3676,5.80193,,,,,,,,,,,,,,,,,,,,,,,,,,,,,,,,,,,,,,,,,,,,,,,,,,,,,,,,,,,,,,,,,,,,,,,,,,,,,,,,,,,,,,,,,,,,,,,,,,,,,,,,,,,,,,
wcompton,5342,fell,2.64,1,66.6942,12.9414,2.35131,2.68448,371.869,80.8766,45.8809,51.6177,46.3989,28.7581,18.1416,9.54622,13.5995,5.22097,,,,,,,,,,,,,,,,,,,,,,,,,,,,,,,,,,,,,,,,,,,,,,,,,,,,,,,,,,,,,,,,,,,,,,,,,,,,,,,,,,,,,,,,,,,,,,,,,,,,,,,,,,,,,,
wcompton,5343,fell,2.16,1,116.039,35.4762,2.73742,3.66674,240.03,76.2369,25.1277,16.5974,21.2189,17.7505,15.4101,5.20794,7.76896,4.97669,,,,,,,,,,,,,,,,,,,,,,,,,,,,,,,,,,,,,,,,,,,,,,,,,,,,,,,,,,,,,,,,,,,,,,,,,,,,,,,,,,,,,,,,,,,,,,,,,,,,,,,,,,,,,,
wcompton,5344,fell,1.9,1,119.928,23.8214,2.22598,3.55718,249.696,81.9588,23.341,32.2682,30.4627,26.7156,14.8599,9.146,10.078,6.02155,,,,,,,,,,,,,,,,,,,,,,,,,,,,,,,,,,,,,,,,,,,,,,,,,,,,,,,,,,,,,,,,,,,,,,,,,,,,,,,,,,,,,,,,,,,,,,,,,,,,,,,,,,,,,,
wcompton,5345,fell,2.32,1,100.892,143.897,2.94429,3.75928,561.891,116.593,37.7097,29.2542,1.78526,38.7892,27.5158,12.0448,15.0747,4.31912,,,,,,,,,,,,,,,,,,,,,,,,,,,,,,,,,,,,,,,,,,,,,,,,,,,,,,,,,,,,,,,,,,,,,,,,,,,,,,,,,,,,,,,,,,,,,,,,,,,,,,,,,,,,,,
wcompton,5346,fell,1.76,1,170.243,18.9726,2.62007,4.26324,590.002,67.6279,47.0619,16.5725,0.481293,60.0546,19.4996,25.4187,16.1714,2.27816,,,,,,,,,,,,,,,,,,,,,,,,,,,,,,,,,,,,,,,,,,,,,,,,,,,,,,,,,,,,,,,,,,,,,,,,,,,,,,,,,,,,,,,,,,,,,,,,,,,,,,,,,,,,,,
wcompton,5347,fell,3.22,1,103.695,11.6752,2.3258,4.00904,393.522,112.36,40.2208,27.5773,7.84303,44.3566,27.2892,15.5869,17.1991,5.17621,,,,,,,,,,,,,,,,,,,,,,,,,,,,,,,,,,,,,,,,,,,,,,,,,,,,,,,,,,,,,,,,,,,,,,,,,,,,,,,,,,,,,,,,,,,,,,,,,,,,,,,,,,,,,,
wcompton,5348,fell,1.52,1,195.948,9.38398,1.73018,3.80529,316.848,52.0889,22.8013,12.548,0.161922,37.822,17.7714,15.5228,11.3826,0.978833,,,,,,,,,,,,,,,,,,,,,,,,,,,,,,,,,,,,,,,,,,,,,,,,,,,,,,,,,,,,,,,,,,,,,,,,,,,,,,,,,,,,,,,,,,,,,,,,,,,,,,,,,,,,,,
wcompton,5349,fell,1.76,1,99.8848,64.1743,2.6153,3.33895,248.715,95.1694,38.5486,33.6487,9.21945,28.6865,16.7232,11.5168,13.4782,8.96059,,,,,,,,,,,,,,,,,,,,,,,,,,,,,,,,,,,,,,,,,,,,,,,,,,,,,,,,,,,,,,,,,,,,,,,,,,,,,,,,,,,,,,,,,,,,,,,,,,,,,,,,,,,,,,
wcompton,5350,fell,2.04,1,138.718,22.6043,3.01083,3.95643,570.059,144.181,44.0005,19.3101,0.690207,45.025,25.4978,15.0855,13.1648,2.02092,,,,,,,,,,,,,,,,,,,,,,,,,,,,,,,,,,,,,,,,,,,,,,,,,,,,,,,,,,,,,,,,,,,,,,,,,,,,,,,,,,,,,,,,,,,,,,,,,,,,,,,,,,,,,,
wcompton,5351,fell,2.1,1,168.074,44.2908,1.27683,1.17137,797.281,209.942,68.9518,40.8457,1.06698,50.3295,35.8392,16.0096,24.0745,4.92566,,,,,,,,,,,,,,,,,,,,,,,,,,,,,,,,,,,,,,,,,,,,,,,,,,,,,,,,,,,,,,,,,,,,,,,,,,,,,,,,,,,,,,,,,,,,,,,,,,,,,,,,,,,,,,
wcompton,5352,fell,2.66,1,166.593,65.9147,1.74655,1.42247,1400.95,356.862,98.8918,63.0385,1.70573,65.2154,48.3853,25.0388,27.4332,4.85755,,,,,,,,,,,,,,,,,,,,,,,,,,,,,,,,,,,,,,,,,,,,,,,,,,,,,,,,,,,,,,,,,,,,,,,,,,,,,,,,,,,,,,,,,,,,,,,,,,,,,,,,,,,,,,
wcompton,5353,fell,2.02,1,51.1868,19.4812,2.1612,3.4194,262.023,87.224,34.2884,19.8936,0.764514,35.0745,20.4014,12.8378,12.3756,2.24694,,,,,,,,,,,,,,,,,,,,,,,,,,,,,,,,,,,,,,,,,,,,,,,,,,,,,,,,,,,,,,,,,,,,,,,,,,,,,,,,,,,,,,,,,,,,,,,,,,,,,,,,,,,,,,
wcompton,5354,fell,1.08,1,129.723,50.4402,2.02685,3.1982,168.525,56.0246,19.3814,58.2009,13.8629,17.4917,10.8029,6.07822,12.4729,6.86045,,,,,,,,,,,,,,,,,,,,,,,,,,,,,,,,,,,,,,,,,,,,,,,,,,,,,,,,,,,,,,,,,,,,,,,,,,,,,,,,,,,,,,,,,,,,,,,,,,,,,,,,,,,,,,
wcompton,5355,fell,1.64,1,109.15,23.6212,1.6448,3.52127,343.925,102.841,42.6918,39.3459,3.12377,30.3486,26.038,10.0762,11.5327,3.23884,,,,,,,,,,,,,,,,,,,,,,,,,,,,,,,,,,,,,,,,,,,,,,,,,,,,,,,,,,,,,,,,,,,,,,,,,,,,,,,,,,,,,,,,,,,,,,,,,,,,,,,,,,,,,,
wcompton,5356,fell,2.3,1,70.6749,52.3311,1.96588,3.70227,424.102,111.242,48.4873,39.1138,79.598,36.3394,26.1889,11.5304,13.021,10.1795,,,,,,,,,,,,,,,,,,,,,,,,,,,,,,,,,,,,,,,,,,,,,,,,,,,,,,,,,,,,,,,,,,,,,,,,,,,,,,,,,,,,,,,,,,,,,,,,,,,,,,,,,,,,,,
wcompton,5357,fell,1.84,1,125.998,29.3375,1.80224,3.0491,186.247,74.4176,21.6965,27.1538,91.1465,20.5162,16.7881,6.58808,12.4493,10.6821,,,,,,,,,,,,,,,,,,,,,,,,,,,,,,,,,,,,,,,,,,,,,,,,,,,,,,,,,,,,,,,,,,,,,,,,,,,,,,,,,,,,,,,,,,,,,,,,,,,,,,,,,,,,,,
wcompton,5358,fell,3.36,1,80.778,12.6725,1.87688,3.72965,376.423,81.8487,39.0185,22.0092,26.5814,34.4397,21.9814,11.0851,13.7968,7.09127,,,,,,,,,,,,,,,,,,,,,,,,,,,,,,,,,,,,,,,,,,,,,,,,,,,,,,,,,,,,,,,,,,,,,,,,,,,,,,,,,,,,,,,,,,,,,,,,,,,,,,,,,,,,,,
wcompton,5359,fell,2.56,1,117.395,41.3154,2.43579,3.22652,423.739,122.006,54.9724,39.1603,29.9552,53.1855,22.5074,22.7399,18.8271,8.75881,,,,,,,,,,,,,,,,,,,,,,,,,,,,,,,,,,,,,,,,,,,,,,,,,,,,,,,,,,,,,,,,,,,,,,,,,,,,,,,,,,,,,,,,,,,,,,,,,,,,,,,,,,,,,,
wcompton,5360,fell,2.32,1,177.788,7.78582,1.54532,1.17463,277.708,53.3917,44.9931,40.3215,1.41447,20.8077,14.0812,6.94262,11.3658,3.16429,,,,,,,,,,,,,,,,,,,,,,,,,,,,,,,,,,,,,,,,,,,,,,,,,,,,,,,,,,,,,,,,,,,,,,,,,,,,,,,,,,,,,,,,,,,,,,,,,,,,,,,,,,,,,,
wcompton,5361,fell,1.82,1,192.074,8.75587,2.26908,3.59415,354.785,140.601,51.5965,41.7665,9.08788,31.5769,18.2053,10.9576,13.8236,5.77343,,,,,,,,,,,,,,,,,,,,,,,,,,,,,,,,,,,,,,,,,,,,,,,,,,,,,,,,,,,,,,,,,,,,,,,,,,,,,,,,,,,,,,,,,,,,,,,,,,,,,,,,,,,,,,
wcompton,5362,fell,1.76,1,153.237,40.9993,1.7655,2.95011,399.597,114.551,60.2602,52.5484,54.4653,37.7209,21.4351,12.5741,16.7616,7.33174,,,,,,,,,,,,,,,,,,,,,,,,,,,,,,,,,,,,,,,,,,,,,,,,,,,,,,,,,,,,,,,,,,,,,,,,,,,,,,,,,,,,,,,,,,,,,,,,,,,,,,,,,,,,,,
wcompton,5363,fell,1.32,1,83.5001,13.9188,2.83354,3.53587,255.891,72.8448,25.4949,30.9349,6.38412,17.3597,15.0289,5.55828,8.56462,2.13141,,,,,,,,,,,,,,,,,,,,,,,,,,,,,,,,,,,,,,,,,,,,,,,,,,,,,,,,,,,,,,,,,,,,,,,,,,,,,,,,,,,,,,,,,,,,,,,,,,,,,,,,,,,,,,
wcompton,5364,fell,2.2,1,94.912,59.6447,1.74085,2.39326,284.708,111.308,32.5212,62.7231,69.9809,25.9213,21.9928,8.93178,17.3736,10.5219,,,,,,,,,,,,,,,,,,,,,,,,,,,,,,,,,,,,,,,,,,,,,,,,,,,,,,,,,,,,,,,,,,,,,,,,,,,,,,,,,,,,,,,,,,,,,,,,,,,,,,,,,,,,,,
wcompton,5365,fell,2.1,1,70.4493,101.785,1.29044,3.41555,399.567,78.4105,39.4142,29.8678,59.6838,26.5213,17.636,10.5454,12.568,5.02444,,,,,,,,,,,,,,,,,,,,,,,,,,,,,,,,,,,,,,,,,,,,,,,,,,,,,,,,,,,,,,,,,,,,,,,,,,,,,,,,,,,,,,,,,,,,,,,,,,,,,,,,,,,,,,
wcompton,5366,fell,2.28,1,120.615,42.6677,2.63774,3.30276,465.46,126.777,48.5277,41.3113,43.6553,45.0004,30.191,15.5329,16.9775,10.8299,,,,,,,,,,,,,,,,,,,,,,,,,,,,,,,,,,,,,,,,,,,,,,,,,,,,,,,,,,,,,,,,,,,,,,,,,,,,,,,,,,,,,,,,,,,,,,,,,,,,,,,,,,,,,,
wcompton,5367,fell,2.68,1,80.4545,10.8408,1.42828,1.22103,446.853,46.58,54.6923,13.098,1.01869,98.7226,20.1327,48.4543,30.7406,3.09858,,,,,,,,,,,,,,,,,,,,,,,,,,,,,,,,,,,,,,,,,,,,,,,,,,,,,,,,,,,,,,,,,,,,,,,,,,,,,,,,,,,,,,,,,,,,,,,,,,,,,,,,,,,,,,
wcompton,5368,fell,1.66,1,60.9458,105.415,1.27048,3.69287,351.992,113.693,26.596,28.6393,59.9488,43.641,22.8089,18.1525,16.8231,6.16446,,,,,,,,,,,,,,,,,,,,,,,,,,,,,,,,,,,,,,,,,,,,,,,,,,,,,,,,,,,,,,,,,,,,,,,,,,,,,,,,,,,,,,,,,,,,,,,,,,,,,,,,,,,,,,
wcompton,5369,fell,1.2,1,175.179,6.78016,2.25821,3.77887,214.534,74.8752,22.8714,17.2299,0.907487,26.37,15.5053,9.06641,11.8261,3.84619,,,,,,,,,,,,,,,,,,,,,,,,,,,,,,,,,,,,,,,,,,,,,,,,,,,,,,,,,,,,,,,,,,,,,,,,,,,,,,,,,,,,,,,,,,,,,,,,,,,,,,,,,,,,,,
wcompton,5370,fell,2.66,1,216.537,53.7583,2.19294,3.45844,544.771,148.234,83.0723,94.8267,75.7953,36.9415,26.6545,10.6795,19.0613,7.19147,,,,,,,,,,,,,,,,,,,,,,,,,,,,,,,,,,,,,,,,,,,,,,,,,,,,,,,,,,,,,,,,,,,,,,,,,,,,,,,,,,,,,,,,,,,,,,,,,,,,,,,,,,,,,,
wcompton,5371,fell,2.98,1,128.52,43.7381,1.92744,2.93476,639.278,224.734,75.6081,63.5727,34.5969,43.768,42.1752,15.0224,19.9249,9.71825,,,,,,,,,,,,,,,,,,,,,,,,,,,,,,,,,,,,,,,,,,,,,,,,,,,,,,,,,,,,,,,,,,,,,,,,,,,,,,,,,,,,,,,,,,,,,,,,,,,,,,,,,,,,,,
wcompton,5372,fell,2.78,1,201.255,53.2355,2.41513,3.656,720.339,181.198,85.8595,81.3521,12.2188,40.5777,26.5287,11.527,21.1639,8.05298,,,,,,,,,,,,,,,,,,,,,,,,,,,,,,,,,,,,,,,,,,,,,,,,,,,,,,,,,,,,,,,,,,,,,,,,,,,,,,,,,,,,,,,,,,,,,,,,,,,,,,,,,,,,,,
wcompton,5373,fell,1.56,1,158.15,25.3568,2.27477,3.96299,282.471,86.5038,21.1417,12.9896,0.713578,39.1528,18.9528,16.8199,11.9621,2.0457,,,,,,,,,,,,,,,,,,,,,,,,,,,,,,,,,,,,,,,,,,,,,,,,,,,,,,,,,,,,,,,,,,,,,,,,,,,,,,,,,,,,,,,,,,,,,,,,,,,,,,,,,,,,,,
wcompton,5374,fell,2.46,1,108.689,11.6403,2.54114,3.61415,395.944,123.863,48.3464,35.7589,17.0274,37.8309,24.0364,12.3849,13.5282,4.26399,,,,,,,,,,,,,,,,,,,,,,,,,,,,,,,,,,,,,,,,,,,,,,,,,,,,,,,,,,,,,,,,,,,,,,,,,,,,,,,,,,,,,,,,,,,,,,,,,,,,,,,,,,,,,,
wcompton,5375,fell,3.26,1,55.8135,31.9898,1.83614,3.32212,399.007,159.899,30.4575,25.083,56.5747,54.0008,26.9815,20.9064,20.0309,10.1678,,,,,,,,,,,,,,,,,,,,,,,,,,,,,,,,,,,,,,,,,,,,,,,,,,,,,,,,,,,,,,,,,,,,,,,,,,,,,,,,,,,,,,,,,,,,,,,,,,,,,,,,,,,,,,
wcompton,5376,fell,1.64,1,189.055,170.617,1.30608,3.32514,342.984,79.9035,33.605,31.6121,76.3846,30.6086,17.7083,10.9944,15.2779,5.29025,,,,,,,,,,,,,,,,,,,,,,,,,,,,,,,,,,,,,,,,,,,,,,,,,,,,,,,,,,,,,,,,,,,,,,,,,,,,,,,,,,,,,,,,,,,,,,,,,,,,,,,,,,,,,,
wcompton,5377,fell,1.98,1,140.057,154.573,2.40016,3.69395,427.02,147.29,51.8511,43.9118,17.3458,28.6981,25.4445,7.67426,13.6298,5.28749,,,,,,,,,,,,,,,,,,,,,,,,,,,,,,,,,,,,,,,,,,,,,,,,,,,,,,,,,,,,,,,,,,,,,,,,,,,,,,,,,,,,,,,,,,,,,,,,,,,,,,,,,,,,,,
wcompton,5378,fell,2.22,1,163.543,61.72,2.64675,3.69778,386.283,85.1468,42.0405,30.5509,46.1401,32.2727,20.8192,12.1444,12.4809,5.18964,,,,,,,,,,,,,,,,,,,,,,,,,,,,,,,,,,,,,,,,,,,,,,,,,,,,,,,,,,,,,,,,,,,,,,,,,,,,,,,,,,,,,,,,,,,,,,,,,,,,,,,,,,,,,,
wcompton,5379,fell,1.76,1,89.741,67.0432,1.19275,3.4943,199.531,60.3522,18.8933,9.28283,1.85477,20.4361,12.1381,6.82342,7.22907,2.9683,,,,,,,,,,,,,,,,,,,,,,,,,,,,,,,,,,,,,,,,,,,,,,,,,,,,,,,,,,,,,,,,,,,,,,,,,,,,,,,,,,,,,,,,,,,,,,,,,,,,,,,,,,,,,,
wcompton,5380,fell,2.28,1,143.404,15.1854,1.62206,3.75682,446.153,59.8023,39.6315,37.0674,0.884568,32.2221,18.8186,12.7141,11.665,2.25782,,,,,,,,,,,,,,,,,,,,,,,,,,,,,,,,,,,,,,,,,,,,,,,,,,,,,,,,,,,,,,,,,,,,,,,,,,,,,,,,,,,,,,,,,,,,,,,,,,,,,,,,,,,,,,
wcompton,5381,fell,1.48,1,130.051,0.00133804,1.8831,3.80717,238.319,90.586,23.0785,27.4127,4.07754,34.1969,16.4562,14.5886,11.8752,1.98616,,,,,,,,,,,,,,,,,,,,,,,,,,,,,,,,,,,,,,,,,,,,,,,,,,,,,,,,,,,,,,,,,,,,,,,,,,,,,,,,,,,,,,,,,,,,,,,,,,,,,,,,,,,,,,
wcompton,5382,fell,2.1,1,73.1576,43.9784,2.80176,3.16342,239.798,76.2511,29.0118,16.5691,43.6829,29.4269,16.5306,10.534,9.82746,6.77739,,,,,,,,,,,,,,,,,,,,,,,,,,,,,,,,,,,,,,,,,,,,,,,,,,,,,,,,,,,,,,,,,,,,,,,,,,,,,,,,,,,,,,,,,,,,,,,,,,,,,,,,,,,,,,
wcompton,5383,fell,2.24,1,168.487,36.8683,2.61938,3.72647,343.574,98.1893,38.8379,44.0578,4.85211,38.843,24.4532,14.1043,15.0897,4.15101,,,,,,,,,,,,,,,,,,,,,,,,,,,,,,,,,,,,,,,,,,,,,,,,,,,,,,,,,,,,,,,,,,,,,,,,,,,,,,,,,,,,,,,,,,,,,,,,,,,,,,,,,,,,,,
wcompton,5384,fell,1.8,1,132.865,23.1836,1.81664,2.3767,167.305,54.3959,22.4138,12.5825,144.752,23.5901,13.6272,10.0483,13.348,12.1668,,,,,,,,,,,,,,,,,,,,,,,,,,,,,,,,,,,,,,,,,,,,,,,,,,,,,,,,,,,,,,,,,,,,,,,,,,,,,,,,,,,,,,,,,,,,,,,,,,,,,,,,,,,,,,
wcompton,5385,fell,2.12,1,106.248,15.6427,1.58026,3.58941,326.709,129.445,36.4213,15.9582,1.59126,40.1092,26.6039,13.266,13.1065,2.28764,,,,,,,,,,,,,,,,,,,,,,,,,,,,,,,,,,,,,,,,,,,,,,,,,,,,,,,,,,,,,,,,,,,,,,,,,,,,,,,,,,,,,,,,,,,,,,,,,,,,,,,,,,,,,,
wcompton,5386,fell,1.38,1,129.037,33.5116,3.17623,3.74696,545.284,71.1273,44.4498,25.5615,0.794234,45.0532,17.3303,18.7148,13.5429,1.9614,,,,,,,,,,,,,,,,,,,,,,,,,,,,,,,,,,,,,,,,,,,,,,,,,,,,,,,,,,,,,,,,,,,,,,,,,,,,,,,,,,,,,,,,,,,,,,,,,,,,,,,,,,,,,,
wcompton,5387,fell,3.06,1,271.055,19.9812,2.19801,3.72094,687.368,356.317,90.8163,44.7423,2.33397,57.1509,52.7917,15.9499,21.9723,4.98933,,,,,,,,,,,,,,,,,,,,,,,,,,,,,,,,,,,,,,,,,,,,,,,,,,,,,,,,,,,,,,,,,,,,,,,,,,,,,,,,,,,,,,,,,,,,,,,,,,,,,,,,,,,,,,
wcompton,5388,fell,2.9,1,117.899,5.50766,2.75105,3.86459,402.291,148.558,50.2489,17.2967,0.828118,53.1687,30.3588,21.0988,16.6961,2.8578,,,,,,,,,,,,,,,,,,,,,,,,,,,,,,,,,,,,,,,,,,,,,,,,,,,,,,,,,,,,,,,,,,,,,,,,,,,,,,,,,,,,,,,,,,,,,,,,,,,,,,,,,,,,,,
wcompton,5389,fell,1.5,1,98.9633,49.9372,1.99758,4.06616,245.278,43.5478,30.4046,8.93973,0.494222,23.6811,11.6827,8.54121,7.67145,3.07493,,,,,,,,,,,,,,,,,,,,,,,,,,,,,,,,,,,,,,,,,,,,,,,,,,,,,,,,,,,,,,,,,,,,,,,,,,,,,,,,,,,,,,,,,,,,,,,,,,,,,,,,,,,,,,
wcompton,5390,fell,2.34,1,125.218,3.97341,2.86838,3.58445,413.887,109.368,38.7677,28.7118,3.93472,48.8052,23.9831,19.7766,16.382,5.38429,,,,,,,,,,,,,,,,,,,,,,,,,,,,,,,,,,,,,,,,,,,,,,,,,,,,,,,,,,,,,,,,,,,,,,,,,,,,,,,,,,,,,,,,,,,,,,,,,,,,,,,,,,,,,,
wcompton,5391,fell,1.78,1,139.418,38.75,2.17551,3.59525,266.807,94.4433,40.0662,30.7438,29.6012,26.8167,19.4122,10.2509,12.0847,2.91327,,,,,,,,,,,,,,,,,,,,,,,,,,,,,,,,,,,,,,,,,,,,,,,,,,,,,,,,,,,,,,,,,,,,,,,,,,,,,,,,,,,,,,,,,,,,,,,,,,,,,,,,,,,,,,
wcompton,5392,fell,2.58,1,243.021,115.233,2.48259,4.18977,491.104,136.138,51.1148,31.3771,4.91111,34.867,26.9855,12.1228,15.376,5.62127,,,,,,,,,,,,,,,,,,,,,,,,,,,,,,,,,,,,,,,,,,,,,,,,,,,,,,,,,,,,,,,,,,,,,,,,,,,,,,,,,,,,,,,,,,,,,,,,,,,,,,,,,,,,,,
wcompton,5393,fell,1.8,1,113.011,83.8299,1.64611,3.93223,329.672,120.78,39.2978,35.6951,102.173,23.1759,18.2427,7.29055,12.8266,9.55571,,,,,,,,,,,,,,,,,,,,,,,,,,,,,,,,,,,,,,,,,,,,,,,,,,,,,,,,,,,,,,,,,,,,,,,,,,,,,,,,,,,,,,,,,,,,,,,,,,,,,,,,,,,,,,
wcompton,5394,fell,1.32,1,184.034,0.471185,2.5887,3.76126,203.797,49.3866,22.0734,14.4064,1.76356,17.2645,14.4024,6.13052,8.9782,3.367,,,,,,,,,,,,,,,,,,,,,,,,,,,,,,,,,,,,,,,,,,,,,,,,,,,,,,,,,,,,,,,,,,,,,,,,,,,,,,,,,,,,,,,,,,,,,,,,,,,,,,,,,,,,,,
wcompton,5395,fell,2.92,1,119.131,127.026,1.05053,3.23423,498.659,169.779,57.3744,53.4616,5.48906,49.5106,29.5754,17.66,20.0552,6.6315,,,,,,,,,,,,,,,,,,,,,,,,,,,,,,,,,,,,,,,,,,,,,,,,,,,,,,,,,,,,,,,,,,,,,,,,,,,,,,,,,,,,,,,,,,,,,,,,,,,,,,,,,,,,,,
wcompton,5396,fell,1.28,1,149.822,10.5124,2.90052,3.66275,279.045,91.0243,30.7442,14.8684,0.371506,41.659,25.5181,18.2822,11.7608,1.46237,,,,,,,,,,,,,,,,,,,,,,,,,,,,,,,,,,,,,,,,,,,,,,,,,,,,,,,,,,,,,,,,,,,,,,,,,,,,,,,,,,,,,,,,,,,,,,,,,,,,,,,,,,,,,,
wcompton,5397,fell,2.84,1,128.847,114.4,2.75006,3.46974,593.983,137.565,73.9177,63.4984,19.5853,37.0099,28.056,12.8612,16.2305,7.58048,,,,,,,,,,,,,,,,,,,,,,,,,,,,,,,,,,,,,,,,,,,,,,,,,,,,,,,,,,,,,,,,,,,,,,,,,,,,,,,,,,,,,,,,,,,,,,,,,,,,,,,,,,,,,,
wcompton,5398,fell,1.9,1,129.916,96.5165,1.4973,1.13606,396.812,50.2901,40.415,26.6438,0.693346,25.6176,14.3995,9.23855,10.0745,1.72358,,,,,,,,,,,,,,,,,,,,,,,,,,,,,,,,,,,,,,,,,,,,,,,,,,,,,,,,,,,,,,,,,,,,,,,,,,,,,,,,,,,,,,,,,,,,,,,,,,,,,,,,,,,,,,
wcompton,5399,fell,1.04,1,77.3434,16.7138,2.32704,3.90669,206.805,82.1523,18.3926,14.5656,46.4376,26.8082,14.4265,10.7119,10.4544,7.18419,,,,,,,,,,,,,,,,,,,,,,,,,,,,,,,,,,,,,,,,,,,,,,,,,,,,,,,,,,,,,,,,,,,,,,,,,,,,,,,,,,,,,,,,,,,,,,,,,,,,,,,,,,,,,,
wcompton,5400,fell,0.98,1,123.56,6.55786,2.21129,3.68187,234.523,70.8418,23.9792,17.6958,34.6561,42.3303,20.6557,16.6907,12.1066,4.00118,,,,,,,,,,,,,,,,,,,,,,,,,,,,,,,,,,,,,,,,,,,,,,,,,,,,,,,,,,,,,,,,,,,,,,,,,,,,,,,,,,,,,,,,,,,,,,,,,,,,,,,,,,,,,,
wcompton,5401,fell,1.34,1,86.4016,13.9251,2.88082,4.11928,344.999,83.0044,25.4278,14.4999,1.02924,33.2155,16.4996,12.8951,11.3601,3.85458,,,,,,,,,,,,,,,,,,,,,,,,,,,,,,,,,,,,,,,,,,,,,,,,,,,,,,,,,,,,,,,,,,,,,,,,,,,,,,,,,,,,,,,,,,,,,,,,,,,,,,,,,,,,,,
wcompton,5402,fell,1.38,1,53.059,21.0146,1.00542,3.4285,229.816,73.1958,25.0381,12.4612,20.1492,29.2242,15.9952,11.2858,10.308,4.84655,,,,,,,,,,,,,,,,,,,,,,,,,,,,,,,,,,,,,,,,,,,,,,,,,,,,,,,,,,,,,,,,,,,,,,,,,,,,,,,,,,,,,,,,,,,,,,,,,,,,,,,,,,,,,,
wcompton,5403,fell,1.48,1,200.888,63.6037,3.20178,3.62941,464.943,170.672,54.2836,48.0238,8.78744,34.8926,28.3165,9.7984,15.9312,4.24806,,,,,,,,,,,,,,,,,,,,,,,,,,,,,,,,,,,,,,,,,,,,,,,,,,,,,,,,,,,,,,,,,,,,,,,,,,,,,,,,,,,,,,,,,,,,,,,,,,,,,,,,,,,,,,
wcompton,5404,fell,2.08,1,133.92,115.16,2.11645,3.90599,301.313,104.596,28.8705,17.7273,1.6738,23.8471,21.0184,6.68987,9.85088,2.71379,,,,,,,,,,,,,,,,,,,,,,,,,,,,,,,,,,,,,,,,,,,,,,,,,,,,,,,,,,,,,,,,,,,,,,,,,,,,,,,,,,,,,,,,,,,,,,,,,,,,,,,,,,,,,,
wcompton,5405,fell,2.08,1,110.255,74.3576,1.00908,2.89451,420.73,78.2949,45.2534,36.0036,107.984,30.9112,17.4488,12.081,12.4196,9.69732,,,,,,,,,,,,,,,,,,,,,,,,,,,,,,,,,,,,,,,,,,,,,,,,,,,,,,,,,,,,,,,,,,,,,,,,,,,,,,,,,,,,,,,,,,,,,,,,,,,,,,,,,,,,,,
wcompton,5406,fell,2.6,1,74.4042,40.2399,0.919132,0.759137,693.054,159.926,58.8298,28.7844,4.90192,51.6442,33.5364,17.3767,19.568,8.38669,,,,,,,,,,,,,,,,,,,,,,,,,,,,,,,,,,,,,,,,,,,,,,,,,,,,,,,,,,,,,,,,,,,,,,,,,,,,,,,,,,,,,,,,,,,,,,,,,,,,,,,,,,,,,,
wcompton,5407,fell,2.28,1,148.087,151.969,1.54357,3.55622,562.487,150.525,45.6023,49.9903,35.605,34.3857,25.8776,11.4559,16.7136,5.23747,,,,,,,,,,,,,,,,,,,,,,,,,,,,,,,,,,,,,,,,,,,,,,,,,,,,,,,,,,,,,,,,,,,,,,,,,,,,,,,,,,,,,,,,,,,,,,,,,,,,,,,,,,,,,,
wcompton,5408,fell,1,1,139.199,7.46688,1.73169,3.64873,264.188,26.6284,25.3892,19.4359,27.7849,20.2074,8.05403,6.03548,10.0591,6.90071,,,,,,,,,,,,,,,,,,,,,,,,,,,,,,,,,,,,,,,,,,,,,,,,,,,,,,,,,,,,,,,,,,,,,,,,,,,,,,,,,,,,,,,,,,,,,,,,,,,,,,,,,,,,,,
wcompton,5409,fell,0.9,1,71.7586,51.1463,1.4145,3.50259,212.722,56.825,18.9507,24.4506,41.6933,28.7815,15.9264,10.6146,12.0971,5.424,,,,,,,,,,,,,,,,,,,,,,,,,,,,,,,,,,,,,,,,,,,,,,,,,,,,,,,,,,,,,,,,,,,,,,,,,,,,,,,,,,,,,,,,,,,,,,,,,,,,,,,,,,,,,,
wcompton,5410,fell,2.44,1,87.0488,77.7762,2.59256,3.13447,394.059,83.6597,46.0367,32.4843,2.39701,26.5261,19.0881,9.10494,12.457,1.80288,,,,,,,,,,,,,,,,,,,,,,,,,,,,,,,,,,,,,,,,,,,,,,,,,,,,,,,,,,,,,,,,,,,,,,,,,,,,,,,,,,,,,,,,,,,,,,,,,,,,,,,,,,,,,,
wcompton,5411,fell,1.58,1,121.764,14.5046,2.50068,4.63711,532.607,101.483,43.1347,11.965,0.44177,52.1849,16.9058,21.617,13.333,1.51766,,,,,,,,,,,,,,,,,,,,,,,,,,,,,,,,,,,,,,,,,,,,,,,,,,,,,,,,,,,,,,,,,,,,,,,,,,,,,,,,,,,,,,,,,,,,,,,,,,,,,,,,,,,,,,
wcompton,5412,fell,2.3,1,135.808,7.90021,1.73314,3.46687,408.203,123.48,41.9013,28.6302,37.7328,27.5417,19.366,9.21071,12.7008,7.1569,,,,,,,,,,,,,,,,,,,,,,,,,,,,,,,,,,,,,,,,,,,,,,,,,,,,,,,,,,,,,,,,,,,,,,,,,,,,,,,,,,,,,,,,,,,,,,,,,,,,,,,,,,,,,,
wcompton,5413,fell,1.22,1,106.511,41.8937,2.88679,3.94169,282.2,76.6961,20.0606,9.32825,0.459546,35.3892,16.3638,14.5516,9.94401,1.07146,,,,,,,,,,,,,,,,,,,,,,,,,,,,,,,,,,,,,,,,,,,,,,,,,,,,,,,,,,,,,,,,,,,,,,,,,,,,,,,,,,,,,,,,,,,,,,,,,,,,,,,,,,,,,,
wcompton,5414,fell,3.02,1,124.186,31.2749,2.74427,3.94634,351.584,102.166,36.4972,9.76985,0.594914,45.5703,22.0406,19.3753,13.9483,2.33807,,,,,,,,,,,,,,,,,,,,,,,,,,,,,,,,,,,,,,,,,,,,,,,,,,,,,,,,,,,,,,,,,,,,,,,,,,,,,,,,,,,,,,,,,,,,,,,,,,,,,,,,,,,,,,
wcompton,5415,fell,1.56,1,126.653,22.883,1.54712,2.40856,281.048,63.061,29.8638,34.8866,86.0805,25.612,15.4411,8.19068,15.2681,9.6088,,,,,,,,,,,,,,,,,,,,,,,,,,,,,,,,,,,,,,,,,,,,,,,,,,,,,,,,,,,,,,,,,,,,,,,,,,,,,,,,,,,,,,,,,,,,,,,,,,,,,,,,,,,,,,
wcompton,5416,fell,2.58,1,93.3621,56.6092,0.65902,0.32317,598.635,179.285,67.6608,56.6651,4.06332,60.3554,34.4932,21.9492,27.6698,9.14282,,,,,,,,,,,,,,,,,,,,,,,,,,,,,,,,,,,,,,,,,,,,,,,,,,,,,,,,,,,,,,,,,,,,,,,,,,,,,,,,,,,,,,,,,,,,,,,,,,,,,,,,,,,,,,
wcompton,5417,fell,1.54,1,110.417,31.4359,2.38101,4.12033,300.263,96.3802,23.2683,12.4434,1.07069,40.779,22.4322,15.4181,12.3014,2.59388,,,,,,,,,,,,,,,,,,,,,,,,,,,,,,,,,,,,,,,,,,,,,,,,,,,,,,,,,,,,,,,,,,,,,,,,,,,,,,,,,,,,,,,,,,,,,,,,,,,,,,,,,,,,,,
wcompton,5418,fell,1.88,1,200.112,49.2193,1.64636,2.28886,269.887,73.4261,25.9088,44.3427,62.1104,26.1781,19.6081,9.70113,14.9234,6.89442,,,,,,,,,,,,,,,,,,,,,,,,,,,,,,,,,,,,,,,,,,,,,,,,,,,,,,,,,,,,,,,,,,,,,,,,,,,,,,,,,,,,,,,,,,,,,,,,,,,,,,,,,,,,,,
wcompton,5419,fell,2.52,1,126.156,72.0478,2.27673,4.24994,368.735,97.8822,38.2675,16.1494,23.1262,28.8826,22.3121,9.26571,9.93391,4.72643,,,,,,,,,,,,,,,,,,,,,,,,,,,,,,,,,,,,,,,,,,,,,,,,,,,,,,,,,,,,,,,,,,,,,,,,,,,,,,,,,,,,,,,,,,,,,,,,,,,,,,,,,,,,,,
wcompton,5420,fell,1.64,1,174.714,54.0834,2.68027,4.29487,828.911,129.951,87.2436,25.1271,0.609506,92.3619,33.3577,41.6485,26.3198,3.16026,,,,,,,,,,,,,,,,,,,,,,,,,,,,,,,,,,,,,,,,,,,,,,,,,,,,,,,,,,,,,,,,,,,,,,,,,,,,,,,,,,,,,,,,,,,,,,,,,,,,,,,,,,,,,,
wcompton,5421,fell,1.64,1,203.843,69.3555,0.910365,0.417837,690.878,183.476,75.7347,73.0058,4.17632,56.6465,35.1033,19.1266,25.115,6.6668,,,,,,,,,,,,,,,,,,,,,,,,,,,,,,,,,,,,,,,,,,,,,,,,,,,,,,,,,,,,,,,,,,,,,,,,,,,,,,,,,,,,,,,,,,,,,,,,,,,,,,,,,,,,,,
wcompton,5422,fell,1.28,1,182.582,119.109,2.21802,1.6991,625.279,84.8424,55.8911,35.342,0.558939,38.0815,21.4901,11.765,12.098,1.93874,,,,,,,,,,,,,,,,,,,,,,,,,,,,,,,,,,,,,,,,,,,,,,,,,,,,,,,,,,,,,,,,,,,,,,,,,,,,,,,,,,,,,,,,,,,,,,,,,,,,,,,,,,,,,,
wcompton,5423,fell,1.72,1,50.5951,4.69075,2.34872,3.47367,308.807,109.544,23.9658,28.8017,78.1637,26.4381,24.5416,7.42902,12.3562,9.19987,,,,,,,,,,,,,,,,,,,,,,,,,,,,,,,,,,,,,,,,,,,,,,,,,,,,,,,,,,,,,,,,,,,,,,,,,,,,,,,,,,,,,,,,,,,,,,,,,,,,,,,,,,,,,,
wcompton,5424,fell,1.18,1,93.64,121.171,2.27487,3.40188,201.506,69.1684,26.2178,36.7182,38.5264,23.9595,18.565,8.26432,12.4968,4.98664,,,,,,,,,,,,,,,,,,,,,,,,,,,,,,,,,,,,,,,,,,,,,,,,,,,,,,,,,,,,,,,,,,,,,,,,,,,,,,,,,,,,,,,,,,,,,,,,,,,,,,,,,,,,,,
wcompton,5425,fell,1.4,1,129.394,23.7081,2.49443,3.77235,232.801,81.3172,33.7874,31.6096,4.0351,15.4133,13.6522,4.54731,9.57826,4.58483,,,,,,,,,,,,,,,,,,,,,,,,,,,,,,,,,,,,,,,,,,,,,,,,,,,,,,,,,,,,,,,,,,,,,,,,,,,,,,,,,,,,,,,,,,,,,,,,,,,,,,,,,,,,,,
wcompton,5426,fell,2.5,1,182.313,70.9306,1.04396,0.536852,483.679,138.892,54.6131,31.3267,14.3809,45.1636,32.1734,13.8993,20.8964,9.22781,,,,,,,,,,,,,,,,,,,,,,,,,,,,,,,,,,,,,,,,,,,,,,,,,,,,,,,,,,,,,,,,,,,,,,,,,,,,,,,,,,,,,,,,,,,,,,,,,,,,,,,,,,,,,,
wcompton,5427,fell,1.08,1,153.123,32.0752,2.48879,3.73521,190.966,65.6005,21.2923,20.4993,56.8587,27.7269,15.0597,11.0097,12.1499,5.66198,,,,,,,,,,,,,,,,,,,,,,,,,,,,,,,,,,,,,,,,,,,,,,,,,,,,,,,,,,,,,,,,,,,,,,,,,,,,,,,,,,,,,,,,,,,,,,,,,,,,,,,,,,,,,,
wcompton,5428,fell,2.36,1,57.1541,74.8182,2.10582,3.65565,354.51,110.005,40.8116,75.867,33.0238,28.3406,20.2322,9.43795,15.937,9.97492,,,,,,,,,,,,,,,,,,,,,,,,,,,,,,,,,,,,,,,,,,,,,,,,,,,,,,,,,,,,,,,,,,,,,,,,,,,,,,,,,,,,,,,,,,,,,,,,,,,,,,,,,,,,,,
wcompton,5429,fell,1.76,1,65.1739,15.3391,2.11011,3.56155,627.704,316.556,38.6648,25.7138,8.36127,50.3541,44.1209,16.8714,18.6856,6.33766,,,,,,,,,,,,,,,,,,,,,,,,,,,,,,,,,,,,,,,,,,,,,,,,,,,,,,,,,,,,,,,,,,,,,,,,,,,,,,,,,,,,,,,,,,,,,,,,,,,,,,,,,,,,,,
wcompton,5430,fell,1.78,1,139.541,43.5468,2.15674,2.75234,179.808,78.343,27.5016,41.9318,73.1088,18.9538,10.4287,6.85099,13.1477,9.23167,,,,,,,,,,,,,,,,,,,,,,,,,,,,,,,,,,,,,,,,,,,,,,,,,,,,,,,,,,,,,,,,,,,,,,,,,,,,,,,,,,,,,,,,,,,,,,,,,,,,,,,,,,,,,,
wcompton,5431,fell,2.6,1,117.47,94.7125,0.907191,0.945559,525.552,124.546,51.7864,47.3096,65.1195,36.4043,23.0679,12.9653,18.9151,11.2448,,,,,,,,,,,,,,,,,,,,,,,,,,,,,,,,,,,,,,,,,,,,,,,,,,,,,,,,,,,,,,,,,,,,,,,,,,,,,,,,,,,,,,,,,,,,,,,,,,,,,,,,,,,,,,
wcompton,5432,fell,1.52,1,155.544,107.953,1.88245,1.87788,513.483,125.197,37.8877,33.8292,3.31272,37.5112,23.1142,13.3841,13.9978,3.22234,,,,,,,,,,,,,,,,,,,,,,,,,,,,,,,,,,,,,,,,,,,,,,,,,,,,,,,,,,,,,,,,,,,,,,,,,,,,,,,,,,,,,,,,,,,,,,,,,,,,,,,,,,,,,,
wcompton,5433,fell,2.54,1,86.2565,28.3978,2.35293,3.66911,518.018,151.923,59.5705,41.2685,58.055,43.0475,31.0136,14.4405,16.0977,6.12966,,,,,,,,,,,,,,,,,,,,,,,,,,,,,,,,,,,,,,,,,,,,,,,,,,,,,,,,,,,,,,,,,,,,,,,,,,,,,,,,,,,,,,,,,,,,,,,,,,,,,,,,,,,,,,
wcompton,5434,fell,1.28,1,124.034,146.15,2.5178,3.50558,250.621,49.3422,24.3671,30.7415,16.2905,31.381,17.3631,12.2747,12.7993,3.89773,,,,,,,,,,,,,,,,,,,,,,,,,,,,,,,,,,,,,,,,,,,,,,,,,,,,,,,,,,,,,,,,,,,,,,,,,,,,,,,,,,,,,,,,,,,,,,,,,,,,,,,,,,,,,,
wcompton,5435,fell,2.5,1,116.263,5.17899,2.60269,2.30196,399.157,136.396,56.7217,53.2,10.6704,38.3971,22.2187,13.4172,16.9925,5.21079,,,,,,,,,,,,,,,,,,,,,,,,,,,,,,,,,,,,,,,,,,,,,,,,,,,,,,,,,,,,,,,,,,,,,,,,,,,,,,,,,,,,,,,,,,,,,,,,,,,,,,,,,,,,,,
wcompton,5436,fell,1.48,1,124.366,7.56915,2.40059,3.94687,233.016,99.393,29.3054,14.4733,33.3666,18.9906,15.6974,5.98293,8.04101,4.47235,,,,,,,,,,,,,,,,,,,,,,,,,,,,,,,,,,,,,,,,,,,,,,,,,,,,,,,,,,,,,,,,,,,,,,,,,,,,,,,,,,,,,,,,,,,,,,,,,,,,,,,,,,,,,,
wcompton,5437,fell,2.02,1,133.697,94.2195,1.95287,2.63737,467.691,198.996,61.0727,39.4734,61.4461,35.9832,31.3966,13.6121,14.6814,9.25228,,,,,,,,,,,,,,,,,,,,,,,,,,,,,,,,,,,,,,,,,,,,,,,,,,,,,,,,,,,,,,,,,,,,,,,,,,,,,,,,,,,,,,,,,,,,,,,,,,,,,,,,,,,,,,
wcompton,5438,fell,2.58,1,162.205,61.838,1.54159,3.72732,437.424,112.439,46.0721,21.7042,2.58235,52.1522,23.3111,19.8447,16.8471,2.74663,,,,,,,,,,,,,,,,,,,,,,,,,,,,,,,,,,,,,,,,,,,,,,,,,,,,,,,,,,,,,,,,,,,,,,,,,,,,,,,,,,,,,,,,,,,,,,,,,,,,,,,,,,,,,,
wcompton,5439,fell,2.28,1,139.388,8.45579,1.15642,3.14606,311.469,89.6828,26.8553,18.4705,74.2594,36.4921,20.7258,13.2753,14.5457,11.4076,,,,,,,,,,,,,,,,,,,,,,,,,,,,,,,,,,,,,,,,,,,,,,,,,,,,,,,,,,,,,,,,,,,,,,,,,,,,,,,,,,,,,,,,,,,,,,,,,,,,,,,,,,,,,,
wcompton,5440,fell,1.28,1,117.821,103.724,3.01735,3.71923,231.184,52.804,24.2188,17.1514,0.404088,31.5454,16.3753,11.9756,10.1724,1.14761,,,,,,,,,,,,,,,,,,,,,,,,,,,,,,,,,,,,,,,,,,,,,,,,,,,,,,,,,,,,,,,,,,,,,,,,,,,,,,,,,,,,,,,,,,,,,,,,,,,,,,,,,,,,,,
wcompton,5441,fell,3.1,1,121.175,26.476,1.67832,3.17652,406.832,115.924,40.8379,23.9284,2.40887,37.2642,29.1375,12.842,13.3278,2.88249,,,,,,,,,,,,,,,,,,,,,,,,,,,,,,,,,,,,,,,,,,,,,,,,,,,,,,,,,,,,,,,,,,,,,,,,,,,,,,,,,,,,,,,,,,,,,,,,,,,,,,,,,,,,,,
wcompton,5442,fell,1.72,1,153.035,49.787,2.39467,3.12459,289.999,66.2087,20.0182,47.1967,19.6157,24.3426,16.708,8.27291,9.80386,6.78853,,,,,,,,,,,,,,,,,,,,,,,,,,,,,,,,,,,,,,,,,,,,,,,,,,,,,,,,,,,,,,,,,,,,,,,,,,,,,,,,,,,,,,,,,,,,,,,,,,,,,,,,,,,,,,
wcompton,5443,fell,2.98,1,95.3276,11.4635,2.84285,3.83309,517.316,134.834,61.0774,32.1971,0.835941,47.4531,25.6271,15.9048,16.5029,1.68796,,,,,,,,,,,,,,,,,,,,,,,,,,,,,,,,,,,,,,,,,,,,,,,,,,,,,,,,,,,,,,,,,,,,,,,,,,,,,,,,,,,,,,,,,,,,,,,,,,,,,,,,,,,,,,
wcompton,5444,fell,2.62,1,194.972,11.1839,2.06412,3.1482,366.857,116.055,53.8856,76.8238,36.3125,33.8878,22.3214,10.6067,19.885,10.0403,,,,,,,,,,,,,,,,,,,,,,,,,,,,,,,,,,,,,,,,,,,,,,,,,,,,,,,,,,,,,,,,,,,,,,,,,,,,,,,,,,,,,,,,,,,,,,,,,,,,,,,,,,,,,,
wcompton,5445,fell,1.96,1,139.099,39.6116,2.64844,3.8295,256.542,134.642,29.5973,22.3467,40.4426,24.6963,24.3484,7.41466,10.581,6.1246,,,,,,,,,,,,,,,,,,,,,,,,,,,,,,,,,,,,,,,,,,,,,,,,,,,,,,,,,,,,,,,,,,,,,,,,,,,,,,,,,,,,,,,,,,,,,,,,,,,,,,,,,,,,,,
wcompton,5446,fell,5.38,2,226.124,79.8763,3.01042,3.67631,842.163,274.677,103.561,62.5737,1.4183,59.2454,42.4356,18.4324,21.9206,3.05455,265.229,59.7159,31.7421,34.8463,23.4721,10.2522,9.7806,3.18578,9.14663,3.84391,,,,,,,,,,,,,,,,,,,,,,,,,,,,,,,,,,,,,,,,,,,,,,,,,,,,,,,,,,,,,,,,,,,,,,,,,,,,,,,,,,,,,,,,,,,,,,,,,,,,
wcompton,5447,fell,3.6,1,116.727,96.1249,2.86322,3.73442,400.934,132.066,31.5307,9.06299,1.37973,54.6461,28.4275,19.9573,16.778,5.43811,,,,,,,,,,,,,,,,,,,,,,,,,,,,,,,,,,,,,,,,,,,,,,,,,,,,,,,,,,,,,,,,,,,,,,,,,,,,,,,,,,,,,,,,,,,,,,,,,,,,,,,,,,,,,,
wcompton,5448,fell,1.64,1,38.1377,118.862,1.20698,3.52059,278.066,73.2747,16.8396,24.9335,5.33528,30.069,18.9757,11.0156,10.4242,2.02722,,,,,,,,,,,,,,,,,,,,,,,,,,,,,,,,,,,,,,,,,,,,,,,,,,,,,,,,,,,,,,,,,,,,,,,,,,,,,,,,,,,,,,,,,,,,,,,,,,,,,,,,,,,,,,
wcompton,5449,fell,2.62,1,111.384,3.76975,1.30791,2.94883,332.027,104.216,40.9556,32.9274,4.75553,32.8479,23.6633,11.3909,13.9705,4.96791,,,,,,,,,,,,,,,,,,,,,,,,,,,,,,,,,,,,,,,,,,,,,,,,,,,,,,,,,,,,,,,,,,,,,,,,,,,,,,,,,,,,,,,,,,,,,,,,,,,,,,,,,,,,,,
wcompton,5450,fell,2.54,1,106.678,86.1494,1.3144,3.51707,408.631,101.558,31.124,20.9987,87.0268,34.3413,24.7677,11.1351,13.4269,8.96257,,,,,,,,,,,,,,,,,,,,,,,,,,,,,,,,,,,,,,,,,,,,,,,,,,,,,,,,,,,,,,,,,,,,,,,,,,,,,,,,,,,,,,,,,,,,,,,,,,,,,,,,,,,,,,
wcompton,5451,fell,1.98,1,64.1843,94.72,2.17629,3.94056,400.283,86.9603,27.8401,13.7768,1.36221,42.8529,21.3992,16.7377,14.7227,5.5224,,,,,,,,,,,,,,,,,,,,,,,,,,,,,,,,,,,,,,,,,,,,,,,,,,,,,,,,,,,,,,,,,,,,,,,,,,,,,,,,,,,,,,,,,,,,,,,,,,,,,,,,,,,,,,
wcompton,5452,fell,1.46,1,66.0898,140.883,2.31679,3.66912,359.969,104.52,52.3653,21.5702,0.385285,46.1567,24.3411,19.6064,14.6038,2.18488,,,,,,,,,,,,,,,,,,,,,,,,,,,,,,,,,,,,,,,,,,,,,,,,,,,,,,,,,,,,,,,,,,,,,,,,,,,,,,,,,,,,,,,,,,,,,,,,,,,,,,,,,,,,,,
wcompton,5453,fell,1.5,1,94.0555,32.6153,2.62627,3.97349,203.624,92.3766,21.9537,14.6813,1.2149,21.9477,16.2352,6.69701,10.2038,4.29139,,,,,,,,,,,,,,,,,,,,,,,,,,,,,,,,,,,,,,,,,,,,,,,,,,,,,,,,,,,,,,,,,,,,,,,,,,,,,,,,,,,,,,,,,,,,,,,,,,,,,,,,,,,,,,
wcompton,5454,fell,1.48,1,153.597,3.04902,1.562,3.47553,358.573,110.627,37.0463,31.7949,2.24989,33.4497,27.345,10.5606,14.1835,4.97922,,,,,,,,,,,,,,,,,,,,,,,,,,,,,,,,,,,,,,,,,,,,,,,,,,,,,,,,,,,,,,,,,,,,,,,,,,,,,,,,,,,,,,,,,,,,,,,,,,,,,,,,,,,,,,
wcompton,5455,fell,1.5,1,143.014,96.034,2.72292,3.83346,316.882,78.9651,32.8543,22.0934,2.73924,57.559,21.254,29.3544,17.0745,2.85481,,,,,,,,,,,,,,,,,,,,,,,,,,,,,,,,,,,,,,,,,,,,,,,,,,,,,,,,,,,,,,,,,,,,,,,,,,,,,,,,,,,,,,,,,,,,,,,,,,,,,,,,,,,,,,
wcompton,5456,fell,1.7,1,160.65,20.8123,2.49395,3.07751,242.65,82.7076,25.1661,17.5924,1.9974,22.3843,16.4614,6.92119,9.39902,3.25154,,,,,,,,,,,,,,,,,,,,,,,,,,,,,,,,,,,,,,,,,,,,,,,,,,,,,,,,,,,,,,,,,,,,,,,,,,,,,,,,,,,,,,,,,,,,,,,,,,,,,,,,,,,,,,
wcompton,5457,fell,1.66,1,90.701,45.3176,1.06261,3.62529,290.007,119.834,24.2109,17.4639,25.9767,24.2166,24.7774,6.81655,10.2213,4.25625,,,,,,,,,,,,,,,,,,,,,,,,,,,,,,,,,,,,,,,,,,,,,,,,,,,,,,,,,,,,,,,,,,,,,,,,,,,,,,,,,,,,,,,,,,,,,,,,,,,,,,,,,,,,,,
wcompton,5458,fell,2.52,1,206.684,15.2615,3.02339,3.99286,558.189,116.048,56.5331,34.0932,7.83592,39.0835,23.4852,11.9438,14.5918,5.35415,,,,,,,,,,,,,,,,,,,,,,,,,,,,,,,,,,,,,,,,,,,,,,,,,,,,,,,,,,,,,,,,,,,,,,,,,,,,,,,,,,,,,,,,,,,,,,,,,,,,,,,,,,,,,,
wcompton,5459,fell,2.56,1,143.385,16.9886,1.44811,2.78053,307.298,113.203,39.998,36.2726,25.0737,36.4386,20.5061,14.1486,18.3756,7.20345,,,,,,,,,,,,,,,,,,,,,,,,,,,,,,,,,,,,,,,,,,,,,,,,,,,,,,,,,,,,,,,,,,,,,,,,,,,,,,,,,,,,,,,,,,,,,,,,,,,,,,,,,,,,,,
wcompton,5460,fell,1.58,1,189.067,64.3664,2.1611,3.96137,228.945,130.853,18.8621,10.6752,1.54878,25.6618,23.5548,7.58416,10.0829,4.42539,,,,,,,,,,,,,,,,,,,,,,,,,,,,,,,,,,,,,,,,,,,,,,,,,,,,,,,,,,,,,,,,,,,,,,,,,,,,,,,,,,,,,,,,,,,,,,,,,,,,,,,,,,,,,,
wcompton,5461,fell,1.86,1,109.524,25.8119,1.834,3.51968,328.308,83.4033,38.9549,45.2373,26.8232,26.3383,21.5372,9.48439,14.4725,3.94202,,,,,,,,,,,,,,,,,,,,,,,,,,,,,,,,,,,,,,,,,,,,,,,,,,,,,,,,,,,,,,,,,,,,,,,,,,,,,,,,,,,,,,,,,,,,,,,,,,,,,,,,,,,,,,
wcompton,5462,fell,1.1,1,83.6539,87.3467,2.03868,3.36797,174.507,46.8429,21.3136,23.7317,52.9214,17.8786,12.8297,6.14541,10.3817,5.0265,,,,,,,,,,,,,,,,,,,,,,,,,,,,,,,,,,,,,,,,,,,,,,,,,,,,,,,,,,,,,,,,,,,,,,,,,,,,,,,,,,,,,,,,,,,,,,,,,,,,,,,,,,,,,,
wcompton,5463,fell,1.5,1,107.942,92.5904,2.6357,3.311,619.908,153.841,50.7929,53.5245,23.5325,32.7547,22.2282,11.5943,13.1505,3.21643,,,,,,,,,,,,,,,,,,,,,,,,,,,,,,,,,,,,,,,,,,,,,,,,,,,,,,,,,,,,,,,,,,,,,,,,,,,,,,,,,,,,,,,,,,,,,,,,,,,,,,,,,,,,,,
wcompton,5464,fell,1.36,1,142.333,39.8951,1.43673,3.0269,270.187,107.961,26.1348,21.9418,2.71313,27.7046,22.4977,8.91168,11.5126,3.6204,,,,,,,,,,,,,,,,,,,,,,,,,,,,,,,,,,,,,,,,,,,,,,,,,,,,,,,,,,,,,,,,,,,,,,,,,,,,,,,,,,,,,,,,,,,,,,,,,,,,,,,,,,,,,,
wcompton,5465,fell,1.54,1,119.181,98.9194,2.90988,3.68296,511.593,164.623,47.2439,51.722,35.16,31.0529,30.4607,9.84017,13.5199,3.30791,,,,,,,,,,,,,,,,,,,,,,,,,,,,,,,,,,,,,,,,,,,,,,,,,,,,,,,,,,,,,,,,,,,,,,,,,,,,,,,,,,,,,,,,,,,,,,,,,,,,,,,,,,,,,,
wcompton,5466,fell,1.66,1,79.4379,134.527,2.78592,3.81009,243.053,85.9175,31.8917,26.8346,2.52117,25.4099,21.8737,6.63599,8.64957,3.24773,,,,,,,,,,,,,,,,,,,,,,,,,,,,,,,,,,,,,,,,,,,,,,,,,,,,,,,,,,,,,,,,,,,,,,,,,,,,,,,,,,,,,,,,,,,,,,,,,,,,,,,,,,,,,,
wcompton,5467,fell,0.76,1,128.578,20.1854,2.00655,3.90616,227.311,52.4445,13.8719,13.0018,0.95927,30.0224,16.3377,9.69926,9.0279,1.45697,,,,,,,,,,,,,,,,,,,,,,,,,,,,,,,,,,,,,,,,,,,,,,,,,,,,,,,,,,,,,,,,,,,,,,,,,,,,,,,,,,,,,,,,,,,,,,,,,,,,,,,,,,,,,,
wcompton,5468,fell,1.42,1,92.5926,67.8835,2.62384,3.79721,281.51,152.996,42.8472,15.5929,0.460143,34.1753,29.5533,10.3831,10.7518,1.32417,,,,,,,,,,,,,,,,,,,,,,,,,,,,,,,,,,,,,,,,,,,,,,,,,,,,,,,,,,,,,,,,,,,,,,,,,,,,,,,,,,,,,,,,,,,,,,,,,,,,,,,,,,,,,,
wcompton,5469,fell,1.3,1,45.3878,58.8675,2.49224,3.56006,238.647,83.719,16.9138,27.0468,76.8712,22.1935,17.9934,7.79061,9.3379,9.77187,,,,,,,,,,,,,,,,,,,,,,,,,,,,,,,,,,,,,,,,,,,,,,,,,,,,,,,,,,,,,,,,,,,,,,,,,,,,,,,,,,,,,,,,,,,,,,,,,,,,,,,,,,,,,,
wcompton,5470,fell,1.96,1,221,113.257,1.22017,0.790854,849.536,205.881,65.7897,68.9545,4.79622,44.8472,33.6266,15.4829,29.9212,10.285,,,,,,,,,,,,,,,,,,,,,,,,,,,,,,,,,,,,,,,,,,,,,,,,,,,,,,,,,,,,,,,,,,,,,,,,,,,,,,,,,,,,,,,,,,,,,,,,,,,,,,,,,,,,,,
wcompton,5471,fell,1.66,1,147.031,44.8529,2.96041,4.00772,354.864,100.175,42.1329,21.4539,0.574073,33.1292,26.4627,10.9289,10.4243,1.71098,,,,,,,,,,,,,,,,,,,,,,,,,,,,,,,,,,,,,,,,,,,,,,,,,,,,,,,,,,,,,,,,,,,,,,,,,,,,,,,,,,,,,,,,,,,,,,,,,,,,,,,,,,,,,,
wcompton,5472,fell,3,1,218.993,128.186,2.91622,3.5844,369.412,110.352,44.34,27.8235,24.1584,36.6603,17.7932,14.6455,13.171,4.68912,,,,,,,,,,,,,,,,,,,,,,,,,,,,,,,,,,,,,,,,,,,,,,,,,,,,,,,,,,,,,,,,,,,,,,,,,,,,,,,,,,,,,,,,,,,,,,,,,,,,,,,,,,,,,,
wcompton,5473,fell,2.56,1,113.709,8.17205,1.97456,3.40033,456.166,139.08,57.6873,87.9634,26.8737,36.9661,25.825,10.8007,15.3382,6.43455,,,,,,,,,,,,,,,,,,,,,,,,,,,,,,,,,,,,,,,,,,,,,,,,,,,,,,,,,,,,,,,,,,,,,,,,,,,,,,,,,,,,,,,,,,,,,,,,,,,,,,,,,,,,,,
wcompton,5474,fell,1.4,1,171.393,11.4636,2.46642,3.4844,450.212,147.622,35.6663,39.4316,58.6614,33.8404,26.2393,11.6249,15.571,8.05593,,,,,,,,,,,,,,,,,,,,,,,,,,,,,,,,,,,,,,,,,,,,,,,,,,,,,,,,,,,,,,,,,,,,,,,,,,,,,,,,,,,,,,,,,,,,,,,,,,,,,,,,,,,,,,
wcompton,5475,fell,1.5,1,159.851,17.7247,2.23278,4.01026,277.491,69.2932,28.991,11.5418,0.334917,20.9424,15.6976,6.59892,6.06422,0.5916,,,,,,,,,,,,,,,,,,,,,,,,,,,,,,,,,,,,,,,,,,,,,,,,,,,,,,,,,,,,,,,,,,,,,,,,,,,,,,,,,,,,,,,,,,,,,,,,,,,,,,,,,,,,,,
wcompton,5476,fell,1.86,1,134.592,102.867,2.21236,3.50643,321.468,103.302,40.7801,31.7192,60.5716,28.1396,16.2752,9.98218,11.5847,5.70168,,,,,,,,,,,,,,,,,,,,,,,,,,,,,,,,,,,,,,,,,,,,,,,,,,,,,,,,,,,,,,,,,,,,,,,,,,,,,,,,,,,,,,,,,,,,,,,,,,,,,,,,,,,,,,
wcompton,5477,fell,1.32,1,63.7279,42.4324,0.914776,3.25016,196.629,42.0948,16.2529,16.9201,0.719419,17.8745,11.7412,6.07223,7.95239,2.36861,,,,,,,,,,,,,,,,,,,,,,,,,,,,,,,,,,,,,,,,,,,,,,,,,,,,,,,,,,,,,,,,,,,,,,,,,,,,,,,,,,,,,,,,,,,,,,,,,,,,,,,,,,,,,,
wcompton,5478,fell,1.24,1,89.7396,7.36444,2.45848,3.99375,256.791,61.7858,28.5176,10.1626,0.358724,22.5839,13.1694,6.98573,6.33094,0.819153,,,,,,,,,,,,,,,,,,,,,,,,,,,,,,,,,,,,,,,,,,,,,,,,,,,,,,,,,,,,,,,,,,,,,,,,,,,,,,,,,,,,,,,,,,,,,,,,,,,,,,,,,,,,,,
wcompton,5479,fell,1.28,1,171.017,57.4452,2.64143,3.26381,228.89,101.57,47.6361,37.4586,12.2202,23.389,19.8081,7.90726,11.3025,6.93121,,,,,,,,,,,,,,,,,,,,,,,,,,,,,,,,,,,,,,,,,,,,,,,,,,,,,,,,,,,,,,,,,,,,,,,,,,,,,,,,,,,,,,,,,,,,,,,,,,,,,,,,,,,,,,
wcompton,5480,fell,1.34,1,19.8535,9.10903,2.89052,3.82987,277.208,148.191,37.2926,22.0501,0.623095,33.9594,27.332,11.7,12.8276,1.94445,,,,,,,,,,,,,,,,,,,,,,,,,,,,,,,,,,,,,,,,,,,,,,,,,,,,,,,,,,,,,,,,,,,,,,,,,,,,,,,,,,,,,,,,,,,,,,,,,,,,,,,,,,,,,,
wcompton,5481,fell,1.88,1,103.268,22.9841,2.22146,2.68515,332.358,98.8165,34.2986,17.1191,1.01544,26.1573,17.1133,8.18004,12.0676,4.10546,,,,,,,,,,,,,,,,,,,,,,,,,,,,,,,,,,,,,,,,,,,,,,,,,,,,,,,,,,,,,,,,,,,,,,,,,,,,,,,,,,,,,,,,,,,,,,,,,,,,,,,,,,,,,,
wcompton,5482,fell,2.46,1,137.207,81.5612,1.65027,3.66196,372.685,87.5699,32.528,22.9344,21.0399,33.586,17.856,12.8076,12.4992,3.85093,,,,,,,,,,,,,,,,,,,,,,,,,,,,,,,,,,,,,,,,,,,,,,,,,,,,,,,,,,,,,,,,,,,,,,,,,,,,,,,,,,,,,,,,,,,,,,,,,,,,,,,,,,,,,,
wcompton,5483,fell,2.78,1,241.245,25.7494,1.38336,4.05062,646.874,217.889,80.0162,34.8014,1.08841,50.2777,29.3054,15.4472,16.0457,2.8718,,,,,,,,,,,,,,,,,,,,,,,,,,,,,,,,,,,,,,,,,,,,,,,,,,,,,,,,,,,,,,,,,,,,,,,,,,,,,,,,,,,,,,,,,,,,,,,,,,,,,,,,,,,,,,
wcompton,5484,fell,1.04,1,66.5826,9.08867,2.43286,3.60749,294.791,37.1058,27.2114,13.8555,0.823123,24.3607,11.4648,8.80024,8.64657,3.18743,,,,,,,,,,,,,,,,,,,,,,,,,,,,,,,,,,,,,,,,,,,,,,,,,,,,,,,,,,,,,,,,,,,,,,,,,,,,,,,,,,,,,,,,,,,,,,,,,,,,,,,,,,,,,,
wcompton,5485,fell,2.3,1,99.1963,112.54,1.79549,3.88278,320.853,66.4706,25.9161,14.6511,6.07522,36.2907,18.3204,14.1187,12.0661,2.82047,,,,,,,,,,,,,,,,,,,,,,,,,,,,,,,,,,,,,,,,,,,,,,,,,,,,,,,,,,,,,,,,,,,,,,,,,,,,,,,,,,,,,,,,,,,,,,,,,,,,,,,,,,,,,,
wcompton,5486,fell,1.62,1,25.1851,74.9488,1.79256,3.38178,271.685,72.589,37.8509,22.9673,1.66748,29.8483,20.2704,10.6006,11.044,1.77371,,,,,,,,,,,,,,,,,,,,,,,,,,,,,,,,,,,,,,,,,,,,,,,,,,,,,,,,,,,,,,,,,,,,,,,,,,,,,,,,,,,,,,,,,,,,,,,,,,,,,,,,,,,,,,
wcompton,5487,fell,1.18,1,18.5457,35.2422,1.91971,4.21657,251.13,49.6832,28.0963,22.9009,2.1129,15.7181,11.2421,4.87963,5.93302,1.21206,,,,,,,,,,,,,,,,,,,,,,,,,,,,,,,,,,,,,,,,,,,,,,,,,,,,,,,,,,,,,,,,,,,,,,,,,,,,,,,,,,,,,,,,,,,,,,,,,,,,,,,,,,,,,,
wcompton,5488,fell,2.48,1,149.712,21.4337,2.31264,3.70043,290.327,115.76,34.4129,21.0395,7.67416,29.7889,20.0258,9.76375,12.0097,5.02093,,,,,,,,,,,,,,,,,,,,,,,,,,,,,,,,,,,,,,,,,,,,,,,,,,,,,,,,,,,,,,,,,,,,,,,,,,,,,,,,,,,,,,,,,,,,,,,,,,,,,,,,,,,,,,
wcompton,5489,fell,1.64,1,120.654,114.069,1.54044,3.48803,317.743,90.6371,33.6686,26.1002,43.4481,32.2909,20.3476,11.5489,11.5597,4.28928,,,,,,,,,,,,,,,,,,,,,,,,,,,,,,,,,,,,,,,,,,,,,,,,,,,,,,,,,,,,,,,,,,,,,,,,,,,,,,,,,,,,,,,,,,,,,,,,,,,,,,,,,,,,,,
wcompton,5490,fell,3.14,1,201.821,62.6229,2.82948,4.17868,528.633,165.062,65.1046,30.7368,0.761255,47.3523,27.7729,16.8738,16.0005,2.04546,,,,,,,,,,,,,,,,,,,,,,,,,,,,,,,,,,,,,,,,,,,,,,,,,,,,,,,,,,,,,,,,,,,,,,,,,,,,,,,,,,,,,,,,,,,,,,,,,,,,,,,,,,,,,,
wcompton,5491,fell,2.18,1,111.296,15.2572,2.45512,3.81483,327.105,43.4902,39.7119,22.8261,8.79373,55.7496,14.746,27.7,18.3837,5.17224,,,,,,,,,,,,,,,,,,,,,,,,,,,,,,,,,,,,,,,,,,,,,,,,,,,,,,,,,,,,,,,,,,,,,,,,,,,,,,,,,,,,,,,,,,,,,,,,,,,,,,,,,,,,,,
wcompton,5492,fell,1.46,1,118.73,85.405,2.02919,3.97755,240.801,76.6374,21.0237,18.7675,0.657864,24.5203,17.1922,8.02165,11.9906,2.69863,,,,,,,,,,,,,,,,,,,,,,,,,,,,,,,,,,,,,,,,,,,,,,,,,,,,,,,,,,,,,,,,,,,,,,,,,,,,,,,,,,,,,,,,,,,,,,,,,,,,,,,,,,,,,,
wcompton,5493,fell,1.68,1,44.157,160.822,2.6618,3.67207,363.096,99.5215,35.8156,26.4944,3.29327,41.5332,23.5693,16.0437,14.6735,3.96784,,,,,,,,,,,,,,,,,,,,,,,,,,,,,,,,,,,,,,,,,,,,,,,,,,,,,,,,,,,,,,,,,,,,,,,,,,,,,,,,,,,,,,,,,,,,,,,,,,,,,,,,,,,,,,
wcompton,5494,fell,1.4,1,96.9024,117.545,1.37891,3.48188,414.219,133.709,44.3322,30.5827,98.5084,29.3046,24.2971,10.8331,13.7168,5.34112,,,,,,,,,,,,,,,,,,,,,,,,,,,,,,,,,,,,,,,,,,,,,,,,,,,,,,,,,,,,,,,,,,,,,,,,,,,,,,,,,,,,,,,,,,,,,,,,,,,,,,,,,,,,,,
wcompton,5495,fell,2.62,1,93.8914,42.8199,3.01292,3.9699,486.533,107.192,37.7912,25.3156,1.72364,38.3135,23.1562,12.423,14.227,4.41788,,,,,,,,,,,,,,,,,,,,,,,,,,,,,,,,,,,,,,,,,,,,,,,,,,,,,,,,,,,,,,,,,,,,,,,,,,,,,,,,,,,,,,,,,,,,,,,,,,,,,,,,,,,,,,
wcompton,5496,fell,2.12,1,176.641,4.68594,2.30779,2.3618,412.217,97.4998,57.6434,85.6291,110.545,27.9264,21.0078,8.63269,19.3943,12.2023,,,,,,,,,,,,,,,,,,,,,,,,,,,,,,,,,,,,,,,,,,,,,,,,,,,,,,,,,,,,,,,,,,,,,,,,,,,,,,,,,,,,,,,,,,,,,,,,,,,,,,,,,,,,,,
wcompton,5497,fell,2.52,1,188.069,43.2235,2.68378,3.69242,380.08,141.987,40.3938,23.5646,10.7634,33.5806,28.1389,9.79042,13.7084,5.33587,,,,,,,,,,,,,,,,,,,,,,,,,,,,,,,,,,,,,,,,,,,,,,,,,,,,,,,,,,,,,,,,,,,,,,,,,,,,,,,,,,,,,,,,,,,,,,,,,,,,,,,,,,,,,,
wcompton,5498,fell,1.32,1,131.068,2.59672,1.30991,3.59579,192.696,44.8734,20.6986,14.7855,0.479778,22.3712,12.3412,8.52707,7.82053,1.42199,,,,,,,,,,,,,,,,,,,,,,,,,,,,,,,,,,,,,,,,,,,,,,,,,,,,,,,,,,,,,,,,,,,,,,,,,,,,,,,,,,,,,,,,,,,,,,,,,,,,,,,,,,,,,,
wcompton,5499,fell,2.44,1,94.1293,113.988,0.930416,3.34599,419.771,91.0783,34.1543,30.3035,34.628,42.0679,20.0087,16.5093,14.5709,5.25338,,,,,,,,,,,,,,,,,,,,,,,,,,,,,,,,,,,,,,,,,,,,,,,,,,,,,,,,,,,,,,,,,,,,,,,,,,,,,,,,,,,,,,,,,,,,,,,,,,,,,,,,,,,,,,
wcompton,5500,fell,3.26,1,292.328,24.802,2.78876,3.80319,570.216,164.182,72.0889,43.5266,5.74652,56.4645,30.705,21.4837,19.9065,2.82794,,,,,,,,,,,,,,,,,,,,,,,,,,,,,,,,,,,,,,,,,,,,,,,,,,,,,,,,,,,,,,,,,,,,,,,,,,,,,,,,,,,,,,,,,,,,,,,,,,,,,,,,,,,,,,
wcompton,5501,fell,1.8,1,167.248,20.4471,2.30533,3.42381,256.004,110.895,27.1729,32.2391,3.88791,23.3327,18.4314,6.99347,9.61412,5.21198,,,,,,,,,,,,,,,,,,,,,,,,,,,,,,,,,,,,,,,,,,,,,,,,,,,,,,,,,,,,,,,,,,,,,,,,,,,,,,,,,,,,,,,,,,,,,,,,,,,,,,,,,,,,,,
wcompton,5502,fell,1.3,1,107.346,174.738,1.16766,3.18627,271.472,94.7392,30.7008,17.3117,3.09257,39.8588,17.5109,14.6008,12.9009,6.65317,,,,,,,,,,,,,,,,,,,,,,,,,,,,,,,,,,,,,,,,,,,,,,,,,,,,,,,,,,,,,,,,,,,,,,,,,,,,,,,,,,,,,,,,,,,,,,,,,,,,,,,,,,,,,,
wcompton,5503,fell,1.92,1,126.11,125.619,1.3325,0.834106,781.163,181.286,70.5541,79.7523,5.20737,46.8168,31.6466,14.2794,21.8724,6.82844,,,,,,,,,,,,,,,,,,,,,,,,,,,,,,,,,,,,,,,,,,,,,,,,,,,,,,,,,,,,,,,,,,,,,,,,,,,,,,,,,,,,,,,,,,,,,,,,,,,,,,,,,,,,,,
wcompton,5504,fell,2.34,1,137.427,1.54374,2.14989,3.7248,364.748,123.065,34.3559,36.5134,5.34323,26.6828,19.6516,8.15141,11.8874,5.71534,,,,,,,,,,,,,,,,,,,,,,,,,,,,,,,,,,,,,,,,,,,,,,,,,,,,,,,,,,,,,,,,,,,,,,,,,,,,,,,,,,,,,,,,,,,,,,,,,,,,,,,,,,,,,,
wcompton,5505,fell,3.38,1,267.741,18.5447,2.68293,4.01745,547.792,135.864,69.8137,27.6991,0.992912,45.714,25.0376,16.0004,15.4339,1.87989,,,,,,,,,,,,,,,,,,,,,,,,,,,,,,,,,,,,,,,,,,,,,,,,,,,,,,,,,,,,,,,,,,,,,,,,,,,,,,,,,,,,,,,,,,,,,,,,,,,,,,,,,,,,,,
wcompton,5506,fell,1.18,1,111.528,67.0878,2.55673,3.69428,1288.5,152.557,46.5605,17.5624,0.671511,51.2325,21.2792,17.1817,13.6799,2.88502,,,,,,,,,,,,,,,,,,,,,,,,,,,,,,,,,,,,,,,,,,,,,,,,,,,,,,,,,,,,,,,,,,,,,,,,,,,,,,,,,,,,,,,,,,,,,,,,,,,,,,,,,,,,,,
wcompton,5507,fell,1.76,1,98.4025,160.798,2.43403,3.60829,326.441,68.1103,34.7839,19.5936,1.22849,30.8212,15.6313,12.2393,13.7363,4.97776,,,,,,,,,,,,,,,,,,,,,,,,,,,,,,,,,,,,,,,,,,,,,,,,,,,,,,,,,,,,,,,,,,,,,,,,,,,,,,,,,,,,,,,,,,,,,,,,,,,,,,,,,,,,,,
wcompton,5508,fell,2.24,1,118.085,19.3294,2.49178,3.71405,242.36,63.2907,20.993,15.5318,79.3676,20.5556,13.7266,7.18642,9.97157,8.92551,,,,,,,,,,,,,,,,,,,,,,,,,,,,,,,,,,,,,,,,,,,,,,,,,,,,,,,,,,,,,,,,,,,,,,,,,,,,,,,,,,,,,,,,,,,,,,,,,,,,,,,,,,,,,,
wcompton,5509,fell,2.3,1,166.506,2.53811,1.00774,2.50209,324.106,148.524,36.113,53.7362,117.418,35.3322,22.4891,13.397,17.2595,6.18399,,,,,,,,,,,,,,,,,,,,,,,,,,,,,,,,,,,,,,,,,,,,,,,,,,,,,,,,,,,,,,,,,,,,,,,,,,,,,,,,,,,,,,,,,,,,,,,,,,,,,,,,,,,,,,
wcompton,5510,fell,1.8,1,89.6892,6.48896,2.0299,3.42806,296.051,68.7215,21.7013,26.7665,39.8377,32.5706,20.6298,11.7561,13.3656,3.66828,,,,,,,,,,,,,,,,,,,,,,,,,,,,,,,,,,,,,,,,,,,,,,,,,,,,,,,,,,,,,,,,,,,,,,,,,,,,,,,,,,,,,,,,,,,,,,,,,,,,,,,,,,,,,,
wcompton,5511,fell,3.9,1,48.9484,4.34417,2.67784,4.16709,374.733,71.2031,41.1072,17.2698,1.13152,48.7435,20.063,19.5615,13.3671,2.90045,,,,,,,,,,,,,,,,,,,,,,,,,,,,,,,,,,,,,,,,,,,,,,,,,,,,,,,,,,,,,,,,,,,,,,,,,,,,,,,,,,,,,,,,,,,,,,,,,,,,,,,,,,,,,,
wcompton,5512,fell,1.96,1,146.576,77.4576,1.45683,0.385513,863.681,254.555,86.0458,46.402,1.73637,73.694,43.559,27.4741,29.7928,5.38789,,,,,,,,,,,,,,,,,,,,,,,,,,,,,,,,,,,,,,,,,,,,,,,,,,,,,,,,,,,,,,,,,,,,,,,,,,,,,,,,,,,,,,,,,,,,,,,,,,,,,,,,,,,,,,
wcompton,5513,fell,1.22,1,173.842,15.8712,2.09755,3.65284,230.793,82.3611,24.0218,64.2453,1.0515,29.7549,23.7848,10.7381,13.3269,2.2778,,,,,,,,,,,,,,,,,,,,,,,,,,,,,,,,,,,,,,,,,,,,,,,,,,,,,,,,,,,,,,,,,,,,,,,,,,,,,,,,,,,,,,,,,,,,,,,,,,,,,,,,,,,,,,
wcompton,5514,fell,2.34,1,169.472,24.9751,2.22652,3.2304,358.43,129.167,40.5029,31.2115,35.1176,42.2873,32.4635,14.9484,14.7958,6.00339,,,,,,,,,,,,,,,,,,,,,,,,,,,,,,,,,,,,,,,,,,,,,,,,,,,,,,,,,,,,,,,,,,,,,,,,,,,,,,,,,,,,,,,,,,,,,,,,,,,,,,,,,,,,,,
wcompton,5515,fell,2.34,1,159.204,11.5692,2.07705,3.24266,635.812,193.625,57.3643,33.6426,13.8242,43.7436,27.5402,12.799,12.9502,3.42047,,,,,,,,,,,,,,,,,,,,,,,,,,,,,,,,,,,,,,,,,,,,,,,,,,,,,,,,,,,,,,,,,,,,,,,,,,,,,,,,,,,,,,,,,,,,,,,,,,,,,,,,,,,,,,
wcompton,5516,fell,1.24,1,54.8294,6.77515,1.00414,3.58384,226.081,104.469,25.2271,13.3518,4.4688,26.017,19.8981,9.13072,10.3057,4.62391,,,,,,,,,,,,,,,,,,,,,,,,,,,,,,,,,,,,,,,,,,,,,,,,,,,,,,,,,,,,,,,,,,,,,,,,,,,,,,,,,,,,,,,,,,,,,,,,,,,,,,,,,,,,,,
wcompton,5517,fell,1.64,1,100.804,91.4111,1.36049,3.06442,296.518,64.801,28.411,37.2866,70.7029,22.8933,17.7042,7.8384,11.4104,8.81075,,,,,,,,,,,,,,,,,,,,,,,,,,,,,,,,,,,,,,,,,,,,,,,,,,,,,,,,,,,,,,,,,,,,,,,,,,,,,,,,,,,,,,,,,,,,,,,,,,,,,,,,,,,,,,
wcompton,5518,fell,2.06,1,113.68,49.5056,2.90796,3.63514,599.17,107.398,47.3685,29.6241,0.632704,37.0125,22.6521,11.2337,10.179,1.23285,,,,,,,,,,,,,,,,,,,,,,,,,,,,,,,,,,,,,,,,,,,,,,,,,,,,,,,,,,,,,,,,,,,,,,,,,,,,,,,,,,,,,,,,,,,,,,,,,,,,,,,,,,,,,,
wcompton,5519,fell,1.72,1,55.0558,22.1105,2.69026,4.10733,213.911,48.6397,21.0103,24.5077,2.77176,19.0271,9.87722,6.40045,9.99583,3.54284,,,,,,,,,,,,,,,,,,,,,,,,,,,,,,,,,,,,,,,,,,,,,,,,,,,,,,,,,,,,,,,,,,,,,,,,,,,,,,,,,,,,,,,,,,,,,,,,,,,,,,,,,,,,,,
wcompton,5520,fell,3.2,1,191.665,58.5587,1.99524,3.60999,552.321,189.385,58.3435,26.7129,6.93944,55.01,37.3412,19.2596,18.9927,5.26626,,,,,,,,,,,,,,,,,,,,,,,,,,,,,,,,,,,,,,,,,,,,,,,,,,,,,,,,,,,,,,,,,,,,,,,,,,,,,,,,,,,,,,,,,,,,,,,,,,,,,,,,,,,,,,
wcompton,5521,fell,2.18,1,129.371,50.249,2.47069,3.49808,255.278,107.262,26.5373,25.8717,55.6599,23.973,17.342,8.34989,11.9864,7.9159,,,,,,,,,,,,,,,,,,,,,,,,,,,,,,,,,,,,,,,,,,,,,,,,,,,,,,,,,,,,,,,,,,,,,,,,,,,,,,,,,,,,,,,,,,,,,,,,,,,,,,,,,,,,,,
wcompton,5522,fell,2.3,1,142.312,73.7074,1.87363,2.85636,279.661,91.4044,37.0566,43.5411,11.148,24.0738,16.2496,8.48966,11.8978,8.22681,,,,,,,,,,,,,,,,,,,,,,,,,,,,,,,,,,,,,,,,,,,,,,,,,,,,,,,,,,,,,,,,,,,,,,,,,,,,,,,,,,,,,,,,,,,,,,,,,,,,,,,,,,,,,,
wcompton,5523,fell,3.28,1,201.081,6.028,2.45813,3.6668,541.6,130.546,51.6954,41.2935,7.44933,40.6575,27.8498,12.1455,15.2031,7.78261,,,,,,,,,,,,,,,,,,,,,,,,,,,,,,,,,,,,,,,,,,,,,,,,,,,,,,,,,,,,,,,,,,,,,,,,,,,,,,,,,,,,,,,,,,,,,,,,,,,,,,,,,,,,,,
wcompton,5524,fell,1.36,1,80.2434,89.1603,1.1033,2.92584,331.115,102.567,41.9279,22.3339,1.12494,40.0226,22.1325,15.136,15.449,4.16244,,,,,,,,,,,,,,,,,,,,,,,,,,,,,,,,,,,,,,,,,,,,,,,,,,,,,,,,,,,,,,,,,,,,,,,,,,,,,,,,,,,,,,,,,,,,,,,,,,,,,,,,,,,,,,
wcompton,5525,fell,1.4,1,159.012,74.2801,2.43986,3.96547,376.043,84.7559,39.637,11.2901,0.459237,36.6101,20.3358,13.9252,11.2906,2.2722,,,,,,,,,,,,,,,,,,,,,,,,,,,,,,,,,,,,,,,,,,,,,,,,,,,,,,,,,,,,,,,,,,,,,,,,,,,,,,,,,,,,,,,,,,,,,,,,,,,,,,,,,,,,,,
wcompton,5526,fell,2.08,1,65.9184,4.97585,2.65817,4.28095,361.452,88.2983,26.1951,17.3656,2.9078,31.2197,22.198,11.9506,10.8891,1.89487,,,,,,,,,,,,,,,,,,,,,,,,,,,,,,,,,,,,,,,,,,,,,,,,,,,,,,,,,,,,,,,,,,,,,,,,,,,,,,,,,,,,,,,,,,,,,,,,,,,,,,,,,,,,,,
wcompton,5527,fell,1.18,1,98.6713,2.03066,1.98046,3.57234,261.86,86.2493,38.6242,33.0822,4.69097,21.8611,19.4078,7.08616,10.6261,3.43432,,,,,,,,,,,,,,,,,,,,,,,,,,,,,,,,,,,,,,,,,,,,,,,,,,,,,,,,,,,,,,,,,,,,,,,,,,,,,,,,,,,,,,,,,,,,,,,,,,,,,,,,,,,,,,
wcompton,5528,fell,2.28,1,96.7841,45.642,1.74079,3.15264,436.751,103.011,37.9935,35.33,22.857,33.3309,25.8387,10.1323,12.8956,7.37504,,,,,,,,,,,,,,,,,,,,,,,,,,,,,,,,,,,,,,,,,,,,,,,,,,,,,,,,,,,,,,,,,,,,,,,,,,,,,,,,,,,,,,,,,,,,,,,,,,,,,,,,,,,,,,
wcompton,5529,fell,1.52,1,118.592,28.7877,1.42265,3.45196,309.304,97.9098,32.3195,22.2271,4.55685,28.1583,17.2844,9.47828,9.72848,2.01303,,,,,,,,,,,,,,,,,,,,,,,,,,,,,,,,,,,,,,,,,,,,,,,,,,,,,,,,,,,,,,,,,,,,,,,,,,,,,,,,,,,,,,,,,,,,,,,,,,,,,,,,,,,,,,
wcompton,5530,fell,2.24,1,125.067,37.3236,2.48193,3.73712,327.712,93.0336,29.6027,22.194,3.94196,37.8422,16.626,16.0956,15.736,5.33661,,,,,,,,,,,,,,,,,,,,,,,,,,,,,,,,,,,,,,,,,,,,,,,,,,,,,,,,,,,,,,,,,,,,,,,,,,,,,,,,,,,,,,,,,,,,,,,,,,,,,,,,,,,,,,
wcompton,5531,fell,1,1,22.815,17.2112,1.94393,3.8378,163.851,62.6093,13.9328,30.4005,37.6992,16.2301,11.1169,5.86229,10.7357,4.3348,,,,,,,,,,,,,,,,,,,,,,,,,,,,,,,,,,,,,,,,,,,,,,,,,,,,,,,,,,,,,,,,,,,,,,,,,,,,,,,,,,,,,,,,,,,,,,,,,,,,,,,,,,,,,,
wcompton,5532,fell,1.86,1,187.632,1.24419,1.96047,2.05794,240.348,66.9171,28.8403,44.8885,100.581,32.1871,15.5118,12.3491,17.8739,11.4856,,,,,,,,,,,,,,,,,,,,,,,,,,,,,,,,,,,,,,,,,,,,,,,,,,,,,,,,,,,,,,,,,,,,,,,,,,,,,,,,,,,,,,,,,,,,,,,,,,,,,,,,,,,,,,
wcompton,5533,fell,1.64,1,78.5545,9.62369,1.41783,3.03029,278.773,85.9857,23.3012,30.8452,100.034,21.5528,15.8454,7.88377,12.4319,9.89776,,,,,,,,,,,,,,,,,,,,,,,,,,,,,,,,,,,,,,,,,,,,,,,,,,,,,,,,,,,,,,,,,,,,,,,,,,,,,,,,,,,,,,,,,,,,,,,,,,,,,,,,,,,,,,
wcompton,5534,fell,1.24,1,124.237,9.80094,1.7959,2.79773,203.516,73.4233,29.2401,43.9911,64.9445,14.2919,12.1352,5.60927,12.395,9.1874,,,,,,,,,,,,,,,,,,,,,,,,,,,,,,,,,,,,,,,,,,,,,,,,,,,,,,,,,,,,,,,,,,,,,,,,,,,,,,,,,,,,,,,,,,,,,,,,,,,,,,,,,,,,,,
wcompton,5535,fell,1.6,1,110.992,72.1053,1.70685,3.10739,361.051,79.9457,34.8459,36.2424,28.0471,27.2825,18.3184,8.30825,9.7139,5.62528,,,,,,,,,,,,,,,,,,,,,,,,,,,,,,,,,,,,,,,,,,,,,,,,,,,,,,,,,,,,,,,,,,,,,,,,,,,,,,,,,,,,,,,,,,,,,,,,,,,,,,,,,,,,,,
wcompton,5536,fell,2.24,1,163.595,86.2827,1.75537,4.06385,314.251,105.427,29.055,9.77418,1.64187,25.4201,18.077,7.27688,8.9535,4.96044,,,,,,,,,,,,,,,,,,,,,,,,,,,,,,,,,,,,,,,,,,,,,,,,,,,,,,,,,,,,,,,,,,,,,,,,,,,,,,,,,,,,,,,,,,,,,,,,,,,,,,,,,,,,,,
wcompton,5537,fell,2.02,1,142.02,128.681,2.91673,2.16204,1070.33,299.327,89.9454,105.189,45.2622,46.846,36.8205,17.452,22.6033,5.287,,,,,,,,,,,,,,,,,,,,,,,,,,,,,,,,,,,,,,,,,,,,,,,,,,,,,,,,,,,,,,,,,,,,,,,,,,,,,,,,,,,,,,,,,,,,,,,,,,,,,,,,,,,,,,
wcompton,5538,fell,1.8,1,158.123,32.8969,1.88639,3.54333,278.416,85.2807,20.628,28.7431,53.4896,32.3384,17.8279,11.936,10.4153,6.2267,,,,,,,,,,,,,,,,,,,,,,,,,,,,,,,,,,,,,,,,,,,,,,,,,,,,,,,,,,,,,,,,,,,,,,,,,,,,,,,,,,,,,,,,,,,,,,,,,,,,,,,,,,,,,,
wcompton,5539,fell,1.16,1,98.0753,56.979,1.87201,3.54881,209.474,77.2533,18.1945,65.5752,25.1516,21.4829,18.0682,6.62754,14.3159,8.29381,,,,,,,,,,,,,,,,,,,,,,,,,,,,,,,,,,,,,,,,,,,,,,,,,,,,,,,,,,,,,,,,,,,,,,,,,,,,,,,,,,,,,,,,,,,,,,,,,,,,,,,,,,,,,,
wcompton,5540,fell,2.26,1,101.828,29.3838,1.46842,0.853657,618.698,112.926,67.5541,81.3016,67.7259,27.4551,23.5572,10.5565,20.1881,13.3894,,,,,,,,,,,,,,,,,,,,,,,,,,,,,,,,,,,,,,,,,,,,,,,,,,,,,,,,,,,,,,,,,,,,,,,,,,,,,,,,,,,,,,,,,,,,,,,,,,,,,,,,,,,,,,
wcompton,5541,fell,2.18,1,82.2642,90.4452,1.61323,3.69664,433.591,96.8383,49.7323,23.7104,1.19491,47.8902,23.2198,16.7475,17.5331,3.07939,,,,,,,,,,,,,,,,,,,,,,,,,,,,,,,,,,,,,,,,,,,,,,,,,,,,,,,,,,,,,,,,,,,,,,,,,,,,,,,,,,,,,,,,,,,,,,,,,,,,,,,,,,,,,,
wcompton,5542,fell,1.34,1,105.262,71.4018,2.59285,3.68915,324.653,71.0677,41.0168,34.7468,3.27594,18.209,16.6277,5.8429,9.99403,5.25137,,,,,,,,,,,,,,,,,,,,,,,,,,,,,,,,,,,,,,,,,,,,,,,,,,,,,,,,,,,,,,,,,,,,,,,,,,,,,,,,,,,,,,,,,,,,,,,,,,,,,,,,,,,,,,
wcompton,5543,fell,2.46,1,114.959,27.2997,2.43735,3.92978,398.148,102.423,41.5616,26.082,2.29505,42.6825,27.2671,15.3183,15.4012,3.4518,,,,,,,,,,,,,,,,,,,,,,,,,,,,,,,,,,,,,,,,,,,,,,,,,,,,,,,,,,,,,,,,,,,,,,,,,,,,,,,,,,,,,,,,,,,,,,,,,,,,,,,,,,,,,,
wcompton,5544,fell,1.02,1,75.4562,44.9039,2.38538,3.81858,215.519,58.6771,23.4991,27.3738,25.7566,19.2775,14.7879,6.74923,9.5643,3.88641,,,,,,,,,,,,,,,,,,,,,,,,,,,,,,,,,,,,,,,,,,,,,,,,,,,,,,,,,,,,,,,,,,,,,,,,,,,,,,,,,,,,,,,,,,,,,,,,,,,,,,,,,,,,,,
wcompton,5545,fell,2.1,1,110.473,11.6117,1.22665,0.686332,497.594,114.018,44.9792,48.8699,20.4226,36.0239,20.295,11.4011,26.3316,8.5562,,,,,,,,,,,,,,,,,,,,,,,,,,,,,,,,,,,,,,,,,,,,,,,,,,,,,,,,,,,,,,,,,,,,,,,,,,,,,,,,,,,,,,,,,,,,,,,,,,,,,,,,,,,,,,
wcompton,5546,fell,1.46,1,122.292,5.57651,2.35543,4.01839,245.268,65.7756,23.9265,32.2517,1.56432,22.546,14.3798,7.71499,10.5547,4.26879,,,,,,,,,,,,,,,,,,,,,,,,,,,,,,,,,,,,,,,,,,,,,,,,,,,,,,,,,,,,,,,,,,,,,,,,,,,,,,,,,,,,,,,,,,,,,,,,,,,,,,,,,,,,,,
wcompton,5547,fell,2.18,1,184.446,110.624,0.921145,0.504245,1278.48,332.558,123.051,62.753,2.57445,71.8431,51.9576,23.8425,31.292,7.23465,,,,,,,,,,,,,,,,,,,,,,,,,,,,,,,,,,,,,,,,,,,,,,,,,,,,,,,,,,,,,,,,,,,,,,,,,,,,,,,,,,,,,,,,,,,,,,,,,,,,,,,,,,,,,,
wcompton,5548,fell,2.92,1,116.069,27.5688,2.53145,3.70663,373.276,109.828,45.7321,36.2481,9.41898,37.7369,21.4189,13.8513,15.5767,5.75608,,,,,,,,,,,,,,,,,,,,,,,,,,,,,,,,,,,,,,,,,,,,,,,,,,,,,,,,,,,,,,,,,,,,,,,,,,,,,,,,,,,,,,,,,,,,,,,,,,,,,,,,,,,,,,
wcompton,5549,fell,0.98,1,69.7126,49.1694,2.0675,3.34383,167.233,48.316,23.7656,25.2685,94.2969,21.4081,13.4226,7.96044,10.8081,8.89912,,,,,,,,,,,,,,,,,,,,,,,,,,,,,,,,,,,,,,,,,,,,,,,,,,,,,,,,,,,,,,,,,,,,,,,,,,,,,,,,,,,,,,,,,,,,,,,,,,,,,,,,,,,,,,
wcompton,5550,fell,1.02,1,85.5401,85.2617,1.72347,3.75838,197.334,55.2207,17.1874,15.1512,55.6571,33.4315,14.7691,13.8765,11.949,5.15251,,,,,,,,,,,,,,,,,,,,,,,,,,,,,,,,,,,,,,,,,,,,,,,,,,,,,,,,,,,,,,,,,,,,,,,,,,,,,,,,,,,,,,,,,,,,,,,,,,,,,,,,,,,,,,
wcompton,5551,fell,1.34,1,90.4235,39.0937,2.73601,3.91172,247.312,59.321,23.7857,9.514,0.320595,34.3756,14.9676,14.0197,10.1867,1.26273,,,,,,,,,,,,,,,,,,,,,,,,,,,,,,,,,,,,,,,,,,,,,,,,,,,,,,,,,,,,,,,,,,,,,,,,,,,,,,,,,,,,,,,,,,,,,,,,,,,,,,,,,,,,,,
wcompton,5552,fell,1.36,1,96.6424,134.925,2.54999,3.89864,359.009,84.2914,36.6722,23.1589,2.69362,26.4404,18.6311,10.0727,10.7854,3.36214,,,,,,,,,,,,,,,,,,,,,,,,,,,,,,,,,,,,,,,,,,,,,,,,,,,,,,,,,,,,,,,,,,,,,,,,,,,,,,,,,,,,,,,,,,,,,,,,,,,,,,,,,,,,,,
wcompton,5553,fell,1.66,1,69.2393,145.288,1.67068,2.62069,397.023,143.147,56.1283,74.1819,26.1634,30.5292,20.2264,9.55807,16.9478,7.04779,,,,,,,,,,,,,,,,,,,,,,,,,,,,,,,,,,,,,,,,,,,,,,,,,,,,,,,,,,,,,,,,,,,,,,,,,,,,,,,,,,,,,,,,,,,,,,,,,,,,,,,,,,,,,,
wcompton,5554,fell,1.38,1,97.8579,89.4829,1.30217,3.66945,298.094,84.6486,23.2128,20.4509,4.86881,35.5967,24.9465,13.005,10.8682,4.42482,,,,,,,,,,,,,,,,,,,,,,,,,,,,,,,,,,,,,,,,,,,,,,,,,,,,,,,,,,,,,,,,,,,,,,,,,,,,,,,,,,,,,,,,,,,,,,,,,,,,,,,,,,,,,,
wcompton,5555,fell,2,1,159.362,20.38,1.62838,3.53187,344.34,74.9346,38.3008,38.1407,46.8703,25.5075,16.1016,7.5473,13.8927,4.51562,,,,,,,,,,,,,,,,,,,,,,,,,,,,,,,,,,,,,,,,,,,,,,,,,,,,,,,,,,,,,,,,,,,,,,,,,,,,,,,,,,,,,,,,,,,,,,,,,,,,,,,,,,,,,,
wcompton,5556,fell,1.22,1,92.1813,57.7863,2.03327,4.10507,264.803,53.5294,20.6108,16.637,24.7654,36.3446,15.6178,15.257,11.8449,3.76322,,,,,,,,,,,,,,,,,,,,,,,,,,,,,,,,,,,,,,,,,,,,,,,,,,,,,,,,,,,,,,,,,,,,,,,,,,,,,,,,,,,,,,,,,,,,,,,,,,,,,,,,,,,,,,
wcompton,5557,fell,1.76,1,96.8922,6.88881,1.49397,3.51696,245.198,73.7169,24.5273,25.3863,50.5241,22.9106,16.9446,7.98052,14.3044,7.46253,,,,,,,,,,,,,,,,,,,,,,,,,,,,,,,,,,,,,,,,,,,,,,,,,,,,,,,,,,,,,,,,,,,,,,,,,,,,,,,,,,,,,,,,,,,,,,,,,,,,,,,,,,,,,,
wcompton,5558,fell,1.78,1,192.568,56.3512,1.75824,3.07518,323.835,85.8198,34.8749,28.3106,102.298,43.7755,21.5515,18.4803,15.7712,9.29157,,,,,,,,,,,,,,,,,,,,,,,,,,,,,,,,,,,,,,,,,,,,,,,,,,,,,,,,,,,,,,,,,,,,,,,,,,,,,,,,,,,,,,,,,,,,,,,,,,,,,,,,,,,,,,
wcompton,5559,fell,1.46,1,150.113,19.9004,2.5965,3.9403,252.978,120.009,18.7773,5.20379,0.71612,33.7607,22.901,12.0363,10.2007,2.09292,,,,,,,,,,,,,,,,,,,,,,,,,,,,,,,,,,,,,,,,,,,,,,,,,,,,,,,,,,,,,,,,,,,,,,,,,,,,,,,,,,,,,,,,,,,,,,,,,,,,,,,,,,,,,,
wcompton,5560,fell,2.72,1,163.063,67.7907,1.97555,3.51311,498.593,108.649,55.9445,33.5769,50.1995,64.1203,22.3491,26.6303,21.4752,6.37338,,,,,,,,,,,,,,,,,,,,,,,,,,,,,,,,,,,,,,,,,,,,,,,,,,,,,,,,,,,,,,,,,,,,,,,,,,,,,,,,,,,,,,,,,,,,,,,,,,,,,,,,,,,,,,
wcompton,5561,fell,2.66,1,102.598,79.3727,2.48348,3.41521,369.877,99.82,36.4345,41.7043,56.806,41.8606,21.9452,14.8163,16.2236,6.83614,,,,,,,,,,,,,,,,,,,,,,,,,,,,,,,,,,,,,,,,,,,,,,,,,,,,,,,,,,,,,,,,,,,,,,,,,,,,,,,,,,,,,,,,,,,,,,,,,,,,,,,,,,,,,,
wcompton,5562,fell,1.38,1,114.214,75.3157,2.36479,3.91537,274.569,62.2506,27.6436,29.811,76.7929,16.7545,14.1832,5.32968,11.7112,8.25066,,,,,,,,,,,,,,,,,,,,,,,,,,,,,,,,,,,,,,,,,,,,,,,,,,,,,,,,,,,,,,,,,,,,,,,,,,,,,,,,,,,,,,,,,,,,,,,,,,,,,,,,,,,,,,
wcompton,5563,fell,2.3,1,125.803,12.7629,2.15271,3.70747,333.847,91.5203,28.9312,30.2714,48.9348,37.076,17.9922,15.7708,14.982,5.69186,,,,,,,,,,,,,,,,,,,,,,,,,,,,,,,,,,,,,,,,,,,,,,,,,,,,,,,,,,,,,,,,,,,,,,,,,,,,,,,,,,,,,,,,,,,,,,,,,,,,,,,,,,,,,,
wcompton,5564,fell,2.18,1,184.918,179.53,2.50656,3.75174,372.754,104.221,45.6548,30.0353,3.03876,34.5292,22.1396,12.6943,15.1628,4.06535,,,,,,,,,,,,,,,,,,,,,,,,,,,,,,,,,,,,,,,,,,,,,,,,,,,,,,,,,,,,,,,,,,,,,,,,,,,,,,,,,,,,,,,,,,,,,,,,,,,,,,,,,,,,,,
wcompton,5565,fell,2.32,1,155.058,12.8622,1.92241,2.91694,824.859,185.413,63.7861,67.2109,44.2631,48.5198,35.2752,16.2176,25.1446,5.85042,,,,,,,,,,,,,,,,,,,,,,,,,,,,,,,,,,,,,,,,,,,,,,,,,,,,,,,,,,,,,,,,,,,,,,,,,,,,,,,,,,,,,,,,,,,,,,,,,,,,,,,,,,,,,,
wcompton,5566,fell,1.92,1,124.041,153.404,2.20526,3.66135,716.543,117.081,32.3386,8.13729,0.646435,53.6146,27.5279,19.5063,12.7566,2.90458,,,,,,,,,,,,,,,,,,,,,,,,,,,,,,,,,,,,,,,,,,,,,,,,,,,,,,,,,,,,,,,,,,,,,,,,,,,,,,,,,,,,,,,,,,,,,,,,,,,,,,,,,,,,,,
wcompton,5567,fell,1.48,1,102.952,49.8778,2.44349,3.59358,265.606,78.943,25.0231,29.6676,44.0035,22.1006,16.7079,7.94891,12.067,3.97869,,,,,,,,,,,,,,,,,,,,,,,,,,,,,,,,,,,,,,,,,,,,,,,,,,,,,,,,,,,,,,,,,,,,,,,,,,,,,,,,,,,,,,,,,,,,,,,,,,,,,,,,,,,,,,
wcompton,5568,fell,1.7,1,63.016,41.883,2.10549,3.25051,365.033,64.0397,41.0039,21.2676,0.941169,34.0719,16.8933,12.237,11.2574,2.76932,,,,,,,,,,,,,,,,,,,,,,,,,,,,,,,,,,,,,,,,,,,,,,,,,,,,,,,,,,,,,,,,,,,,,,,,,,,,,,,,,,,,,,,,,,,,,,,,,,,,,,,,,,,,,,
wcompton,5569,fell,2.48,1,133.807,40.6298,2.22562,3.63399,400.52,115.946,45.0865,32.0724,7.9989,42.4619,22.8824,16.2763,14.7063,7.72956,,,,,,,,,,,,,,,,,,,,,,,,,,,,,,,,,,,,,,,,,,,,,,,,,,,,,,,,,,,,,,,,,,,,,,,,,,,,,,,,,,,,,,,,,,,,,,,,,,,,,,,,,,,,,,
wcompton,5570,fell,2.06,1,111.789,42.6694,2.73044,3.00552,281.85,82.7385,40.7367,21.2028,56.8436,24.0261,16.9799,8.60414,9.7958,5.79233,,,,,,,,,,,,,,,,,,,,,,,,,,,,,,,,,,,,,,,,,,,,,,,,,,,,,,,,,,,,,,,,,,,,,,,,,,,,,,,,,,,,,,,,,,,,,,,,,,,,,,,,,,,,,,
wcompton,5571,fell,1.52,1,197.028,14.4595,1.85519,1.3671,771.373,165.354,81.8397,95.2956,3.75986,35.4715,28.318,9.51989,24.9174,8.56767,,,,,,,,,,,,,,,,,,,,,,,,,,,,,,,,,,,,,,,,,,,,,,,,,,,,,,,,,,,,,,,,,,,,,,,,,,,,,,,,,,,,,,,,,,,,,,,,,,,,,,,,,,,,,,
wcompton,5572,fell,2.04,1,32.5492,127.839,2.44884,3.70725,295.054,66.1364,22.7594,13.6766,49.6314,43.9692,17.3686,19.2524,15.8023,6.09834,,,,,,,,,,,,,,,,,,,,,,,,,,,,,,,,,,,,,,,,,,,,,,,,,,,,,,,,,,,,,,,,,,,,,,,,,,,,,,,,,,,,,,,,,,,,,,,,,,,,,,,,,,,,,,
wcompton,5573,fell,2.18,1,169.04,2.66025,2.93833,3.38852,309.442,106.472,32.3291,26.4875,4.207,33.8999,19.1437,13.6954,11.7746,5.30571,,,,,,,,,,,,,,,,,,,,,,,,,,,,,,,,,,,,,,,,,,,,,,,,,,,,,,,,,,,,,,,,,,,,,,,,,,,,,,,,,,,,,,,,,,,,,,,,,,,,,,,,,,,,,,
wcompton,5574,fell,2,1,99.99,1.7307,0.953394,1.2561,225.685,87.0926,26.2829,31.6045,136.531,37.5092,22.2794,15.3246,23.3507,14.3775,,,,,,,,,,,,,,,,,,,,,,,,,,,,,,,,,,,,,,,,,,,,,,,,,,,,,,,,,,,,,,,,,,,,,,,,,,,,,,,,,,,,,,,,,,,,,,,,,,,,,,,,,,,,,,
wcompton,5575,fell,1.28,1,114.651,20.2121,2.16003,3.92334,194.901,54.5614,15.1742,27.791,23.5981,17.186,11.0274,6.75023,12.6701,4.20963,,,,,,,,,,,,,,,,,,,,,,,,,,,,,,,,,,,,,,,,,,,,,,,,,,,,,,,,,,,,,,,,,,,,,,,,,,,,,,,,,,,,,,,,,,,,,,,,,,,,,,,,,,,,,,
wcompton,5576,fell,2.48,1,138.332,151.227,1.70065,3.94537,443.231,64.4503,48.3981,34.1674,8.04372,30.122,21.4262,10.0805,12.0074,6.32195,,,,,,,,,,,,,,,,,,,,,,,,,,,,,,,,,,,,,,,,,,,,,,,,,,,,,,,,,,,,,,,,,,,,,,,,,,,,,,,,,,,,,,,,,,,,,,,,,,,,,,,,,,,,,,
wcompton,5577,fell,1.92,1,145.783,46.1919,2.41035,3.55811,360.265,51.1249,26.3501,28.6248,4.60335,34.7919,19.389,13.515,12.4583,4.42729,,,,,,,,,,,,,,,,,,,,,,,,,,,,,,,,,,,,,,,,,,,,,,,,,,,,,,,,,,,,,,,,,,,,,,,,,,,,,,,,,,,,,,,,,,,,,,,,,,,,,,,,,,,,,,
wcompton,5578,fell,2.04,1,176.678,138.178,2.44764,3.53796,286.61,133.117,29.332,15.5138,2.14922,29.7528,22.4679,9.30608,10.1889,3.3095,,,,,,,,,,,,,,,,,,,,,,,,,,,,,,,,,,,,,,,,,,,,,,,,,,,,,,,,,,,,,,,,,,,,,,,,,,,,,,,,,,,,,,,,,,,,,,,,,,,,,,,,,,,,,,
wcompton,5579,fell,2.1,1,117.243,13.7714,1.47995,3.55795,283.964,144.803,27.6888,11.7929,3.51001,28.7874,20.6354,9.1462,10.1136,4.72193,,,,,,,,,,,,,,,,,,,,,,,,,,,,,,,,,,,,,,,,,,,,,,,,,,,,,,,,,,,,,,,,,,,,,,,,,,,,,,,,,,,,,,,,,,,,,,,,,,,,,,,,,,,,,,
wcompton,5580,fell,1.5,1,96.2586,62.7949,1.12161,4.50837,514.871,76.5709,37.4095,11.7439,0.515911,36.4026,19.8377,14.3395,11.1938,1.89159,,,,,,,,,,,,,,,,,,,,,,,,,,,,,,,,,,,,,,,,,,,,,,,,,,,,,,,,,,,,,,,,,,,,,,,,,,,,,,,,,,,,,,,,,,,,,,,,,,,,,,,,,,,,,,
wcompton,5581,fell,2.38,1,105.315,25.7643,2.71483,3.86276,414.753,135.976,33.8917,25.2171,1.15002,40.7871,31.1343,13.1873,13.4205,4.35819,,,,,,,,,,,,,,,,,,,,,,,,,,,,,,,,,,,,,,,,,,,,,,,,,,,,,,,,,,,,,,,,,,,,,,,,,,,,,,,,,,,,,,,,,,,,,,,,,,,,,,,,,,,,,,
wcompton,5582,fell,1.16,1,56.2136,109.98,1.87831,3.72534,242.174,75.9222,30.2302,13.3933,0.49294,39.6889,18.248,14.7484,11.8211,1.46859,,,,,,,,,,,,,,,,,,,,,,,,,,,,,,,,,,,,,,,,,,,,,,,,,,,,,,,,,,,,,,,,,,,,,,,,,,,,,,,,,,,,,,,,,,,,,,,,,,,,,,,,,,,,,,
wcompton,5583,fell,2.08,1,197.495,22.796,1.0239,1.89042,386.55,119.1,35.1547,57.0963,100.526,36.263,20.9618,13.0517,20.3689,6.00936,,,,,,,,,,,,,,,,,,,,,,,,,,,,,,,,,,,,,,,,,,,,,,,,,,,,,,,,,,,,,,,,,,,,,,,,,,,,,,,,,,,,,,,,,,,,,,,,,,,,,,,,,,,,,,
wcompton,5584,fell,4.3,1,140.173,14.0375,2.73366,3.73978,601.289,218.387,76.3622,58.435,20.8556,52.3219,35.925,17.1684,20.7342,4.81274,,,,,,,,,,,,,,,,,,,,,,,,,,,,,,,,,,,,,,,,,,,,,,,,,,,,,,,,,,,,,,,,,,,,,,,,,,,,,,,,,,,,,,,,,,,,,,,,,,,,,,,,,,,,,,
wcompton,5585,fell,1.42,1,83.6496,3.09494,1.89586,3.60749,305.994,84.6771,55.1926,51.5888,1.91806,30.5986,23.7295,10.2056,13.5809,2.5014,,,,,,,,,,,,,,,,,,,,,,,,,,,,,,,,,,,,,,,,,,,,,,,,,,,,,,,,,,,,,,,,,,,,,,,,,,,,,,,,,,,,,,,,,,,,,,,,,,,,,,,,,,,,,,
wcompton,5586,fell,2.1,1,140.569,49.3471,2.82936,3.67249,310.882,134.869,34.0844,21.7557,7.24639,27.8951,24.5319,8.68963,13.3768,6.60537,,,,,,,,,,,,,,,,,,,,,,,,,,,,,,,,,,,,,,,,,,,,,,,,,,,,,,,,,,,,,,,,,,,,,,,,,,,,,,,,,,,,,,,,,,,,,,,,,,,,,,,,,,,,,,
wcompton,5587,fell,2.12,1,96.373,142.255,2.86891,3.81732,241.886,61.4261,27.902,11.753,1.83952,29.587,17.3487,11.437,9.91753,1.70057,,,,,,,,,,,,,,,,,,,,,,,,,,,,,,,,,,,,,,,,,,,,,,,,,,,,,,,,,,,,,,,,,,,,,,,,,,,,,,,,,,,,,,,,,,,,,,,,,,,,,,,,,,,,,,
wcompton,5588,fell,3.44,1,259.213,19.6927,2.27056,3.39024,660.837,190.948,92.0652,75.6601,14.2123,51.415,29.1824,16.3356,21.8737,5.59728,,,,,,,,,,,,,,,,,,,,,,,,,,,,,,,,,,,,,,,,,,,,,,,,,,,,,,,,,,,,,,,,,,,,,,,,,,,,,,,,,,,,,,,,,,,,,,,,,,,,,,,,,,,,,,
wcompton,5589,fell,2.54,1,174.774,2.87947,2.82461,3.75407,406.398,148.989,51.4846,28.2782,7.43752,34.8915,24.1232,10.8345,14.8802,6.76024,,,,,,,,,,,,,,,,,,,,,,,,,,,,,,,,,,,,,,,,,,,,,,,,,,,,,,,,,,,,,,,,,,,,,,,,,,,,,,,,,,,,,,,,,,,,,,,,,,,,,,,,,,,,,,
wcompton,5590,fell,2.12,1,154.086,171.16,1.20758,3.32127,322.778,87.657,40.1024,40.7605,59.1055,27.5901,13.1005,10.2765,11.1002,4.96908,,,,,,,,,,,,,,,,,,,,,,,,,,,,,,,,,,,,,,,,,,,,,,,,,,,,,,,,,,,,,,,,,,,,,,,,,,,,,,,,,,,,,,,,,,,,,,,,,,,,,,,,,,,,,,
wcompton,5591,fell,2.84,1,234.957,40.6329,2.51151,3.7744,485.791,137.581,72.0728,48.5375,17.6526,46.0609,26.0894,17.6963,18.6363,8.88705,,,,,,,,,,,,,,,,,,,,,,,,,,,,,,,,,,,,,,,,,,,,,,,,,,,,,,,,,,,,,,,,,,,,,,,,,,,,,,,,,,,,,,,,,,,,,,,,,,,,,,,,,,,,,,
wcompton,5592,fell,1.6,1,142.591,164.326,2.18631,4.16426,580.727,111.596,58.7533,28.2067,7.34866,60.166,27.517,24.4301,23.0754,8.13215,,,,,,,,,,,,,,,,,,,,,,,,,,,,,,,,,,,,,,,,,,,,,,,,,,,,,,,,,,,,,,,,,,,,,,,,,,,,,,,,,,,,,,,,,,,,,,,,,,,,,,,,,,,,,,
wcompton,5593,fell,1.96,1,166.956,57.8263,1.25762,1.19227,693.837,174.835,68.234,50.8228,2.11153,51.9409,32.203,20.7954,24.1851,5.85016,,,,,,,,,,,,,,,,,,,,,,,,,,,,,,,,,,,,,,,,,,,,,,,,,,,,,,,,,,,,,,,,,,,,,,,,,,,,,,,,,,,,,,,,,,,,,,,,,,,,,,,,,,,,,,
wcompton,5594,fell,2.56,1,212.955,31.9579,1.58603,2.93806,530.898,187.157,68.2312,50.1387,11.8649,38.3073,22.3795,12.6413,15.6531,9.18465,,,,,,,,,,,,,,,,,,,,,,,,,,,,,,,,,,,,,,,,,,,,,,,,,,,,,,,,,,,,,,,,,,,,,,,,,,,,,,,,,,,,,,,,,,,,,,,,,,,,,,,,,,,,,,
wcompton,5595,fell,1.62,1,43.0913,3.37084,1.03572,2.75724,275.033,67.055,27.9455,46.6306,34.3299,22.4883,16.5053,7.53477,15.5922,4.8087,,,,,,,,,,,,,,,,,,,,,,,,,,,,,,,,,,,,,,,,,,,,,,,,,,,,,,,,,,,,,,,,,,,,,,,,,,,,,,,,,,,,,,,,,,,,,,,,,,,,,,,,,,,,,,
wcompton,5596,fell,2.52,1,108.832,9.38559,2.62,3.75925,346.64,77.2226,43.6397,35.9438,3.08778,53.8224,23.039,20.5295,18.272,4.54132,,,,,,,,,,,,,,,,,,,,,,,,,,,,,,,,,,,,,,,,,,,,,,,,,,,,,,,,,,,,,,,,,,,,,,,,,,,,,,,,,,,,,,,,,,,,,,,,,,,,,,,,,,,,,,
wcompton,5597,fell,2.58,1,85.5715,50.7078,2.15156,3.18713,412.38,87.8511,42.237,27.4521,0.806449,29.7387,17.1169,10.8425,11.4232,1.79506,,,,,,,,,,,,,,,,,,,,,,,,,,,,,,,,,,,,,,,,,,,,,,,,,,,,,,,,,,,,,,,,,,,,,,,,,,,,,,,,,,,,,,,,,,,,,,,,,,,,,,,,,,,,,,
wcompton,5598,fell,1.72,1,120.188,10.4942,1.38423,2.89038,315.657,79.5541,34.6502,28.4033,95.6694,26.3204,19.1789,9.24581,10.6152,9.04581,,,,,,,,,,,,,,,,,,,,,,,,,,,,,,,,,,,,,,,,,,,,,,,,,,,,,,,,,,,,,,,,,,,,,,,,,,,,,,,,,,,,,,,,,,,,,,,,,,,,,,,,,,,,,,
wcompton,5599,fell,1.64,1,120.96,38.284,2.18905,3.6591,491.929,171.864,54.5512,44.6623,24.9488,30.4218,26.0031,8.50888,13.725,4.05372,,,,,,,,,,,,,,,,,,,,,,,,,,,,,,,,,,,,,,,,,,,,,,,,,,,,,,,,,,,,,,,,,,,,,,,,,,,,,,,,,,,,,,,,,,,,,,,,,,,,,,,,,,,,,,
wcompton,5600,fell,1.76,1,79.6582,11.6455,1.69664,3.22146,326.422,94.8234,26.2131,31.5051,9.54819,28.0434,21.0393,8.62388,11.9154,6.39655,,,,,,,,,,,,,,,,,,,,,,,,,,,,,,,,,,,,,,,,,,,,,,,,,,,,,,,,,,,,,,,,,,,,,,,,,,,,,,,,,,,,,,,,,,,,,,,,,,,,,,,,,,,,,,
wcompton,5601,fell,2.38,1,53.9312,96.8822,2.18419,3.59408,249.31,96.2082,30.6785,17.3664,5.345,22.5304,18.4437,6.93728,9.7514,8.21008,,,,,,,,,,,,,,,,,,,,,,,,,,,,,,,,,,,,,,,,,,,,,,,,,,,,,,,,,,,,,,,,,,,,,,,,,,,,,,,,,,,,,,,,,,,,,,,,,,,,,,,,,,,,,,
wcompton,5602,fell,2.38,1,127.944,35.8951,1.10477,1.08623,942.201,168.042,83.737,31.0457,4.4757,54.8848,27.7727,20.2559,21.9929,7.75123,,,,,,,,,,,,,,,,,,,,,,,,,,,,,,,,,,,,,,,,,,,,,,,,,,,,,,,,,,,,,,,,,,,,,,,,,,,,,,,,,,,,,,,,,,,,,,,,,,,,,,,,,,,,,,
wcompton,5603,fell,0.94,1,40.4371,110.308,1.20932,2.89509,267.437,80.8219,20.6151,40.1828,109.448,20.2644,15.0602,6.78708,13.9738,7.56532,,,,,,,,,,,,,,,,,,,,,,,,,,,,,,,,,,,,,,,,,,,,,,,,,,,,,,,,,,,,,,,,,,,,,,,,,,,,,,,,,,,,,,,,,,,,,,,,,,,,,,,,,,,,,,
wcompton,5604,fell,2.44,1,185.726,11.6155,1.64572,3.61547,505.661,161.399,45.0643,39.8495,32.8199,37.4436,35.3241,11.1687,17.1713,6.21592,,,,,,,,,,,,,,,,,,,,,,,,,,,,,,,,,,,,,,,,,,,,,,,,,,,,,,,,,,,,,,,,,,,,,,,,,,,,,,,,,,,,,,,,,,,,,,,,,,,,,,,,,,,,,,
wcompton,5605,fell,0.9,1,98.6815,24.6117,1.64279,0.761769,1022.46,166.168,78.0112,38.9484,1.36379,47.8614,23.6189,12.8388,17.8301,4.52925,,,,,,,,,,,,,,,,,,,,,,,,,,,,,,,,,,,,,,,,,,,,,,,,,,,,,,,,,,,,,,,,,,,,,,,,,,,,,,,,,,,,,,,,,,,,,,,,,,,,,,,,,,,,,,
wcompton,5606,fell,1.04,1,79.091,9.358,2.02636,3.52496,141.019,30.5265,19.5802,15.7984,69.3824,22.5772,11.8518,8.87335,9.99579,6.42257,,,,,,,,,,,,,,,,,,,,,,,,,,,,,,,,,,,,,,,,,,,,,,,,,,,,,,,,,,,,,,,,,,,,,,,,,,,,,,,,,,,,,,,,,,,,,,,,,,,,,,,,,,,,,,
wcompton,5607,fell,1.76,1,172.017,17.479,2.35663,2.13864,256.132,64.5516,36.875,29.7023,1.4768,26.0202,15.1479,8.68356,12.0117,2.28857,,,,,,,,,,,,,,,,,,,,,,,,,,,,,,,,,,,,,,,,,,,,,,,,,,,,,,,,,,,,,,,,,,,,,,,,,,,,,,,,,,,,,,,,,,,,,,,,,,,,,,,,,,,,,,
wcompton,5608,fell,2.26,1,118.51,18.9928,1.54056,2.90301,444.45,195.478,46.4766,63.1998,2.20192,42.8011,34.2952,14.4832,16.2376,3.15058,,,,,,,,,,,,,,,,,,,,,,,,,,,,,,,,,,,,,,,,,,,,,,,,,,,,,,,,,,,,,,,,,,,,,,,,,,,,,,,,,,,,,,,,,,,,,,,,,,,,,,,,,,,,,,
wcompton,5609,fell,2.12,1,163.604,22.8669,2.07737,2.96781,256.973,129.018,38.9085,40.6472,31.8708,24.8184,23.6831,7.78525,13.1004,4.10372,,,,,,,,,,,,,,,,,,,,,,,,,,,,,,,,,,,,,,,,,,,,,,,,,,,,,,,,,,,,,,,,,,,,,,,,,,,,,,,,,,,,,,,,,,,,,,,,,,,,,,,,,,,,,,
wcompton,5610,fell,2.72,1,161.713,24.9323,2.99948,3.71535,347.386,123.262,49.461,62.8091,5.18019,29.3037,26.7582,8.71927,12.5579,3.26364,,,,,,,,,,,,,,,,,,,,,,,,,,,,,,,,,,,,,,,,,,,,,,,,,,,,,,,,,,,,,,,,,,,,,,,,,,,,,,,,,,,,,,,,,,,,,,,,,,,,,,,,,,,,,,
wcompton,5611,fell,1.44,1,115.609,118.395,2.11962,3.948,286.2,89.5682,38.4958,12.6831,0.776692,30.849,21.2039,9.99047,11.1739,2.16496,,,,,,,,,,,,,,,,,,,,,,,,,,,,,,,,,,,,,,,,,,,,,,,,,,,,,,,,,,,,,,,,,,,,,,,,,,,,,,,,,,,,,,,,,,,,,,,,,,,,,,,,,,,,,,
wcompton,5612,fell,2.02,1,108.275,18.03,2.30168,3.31575,350.593,64.87,47.5106,63.0146,1.98238,24.2427,13.9713,8.12195,16.3577,3.4027,,,,,,,,,,,,,,,,,,,,,,,,,,,,,,,,,,,,,,,,,,,,,,,,,,,,,,,,,,,,,,,,,,,,,,,,,,,,,,,,,,,,,,,,,,,,,,,,,,,,,,,,,,,,,,
wcompton,5613,fell,2.14,1,173.99,18.4039,2.08834,3.70029,367.981,250.84,35.4513,17.6947,1.20683,33.9305,33.7434,8.62993,12.1522,2.50929,,,,,,,,,,,,,,,,,,,,,,,,,,,,,,,,,,,,,,,,,,,,,,,,,,,,,,,,,,,,,,,,,,,,,,,,,,,,,,,,,,,,,,,,,,,,,,,,,,,,,,,,,,,,,,
wcompton,5614,fell,1.52,1,188.114,22.1655,3.09528,4.2544,475.535,71.3833,33.0825,19.4684,4.09305,26.5062,18.0755,8.69398,10.6917,5.64525,,,,,,,,,,,,,,,,,,,,,,,,,,,,,,,,,,,,,,,,,,,,,,,,,,,,,,,,,,,,,,,,,,,,,,,,,,,,,,,,,,,,,,,,,,,,,,,,,,,,,,,,,,,,,,
wcompton,5615,fell,1.34,1,62.4927,21.7598,1.80052,3.60757,190.67,68.7476,18.4986,20.5057,5.46555,23.0522,13.0775,8.49091,8.20831,1.89613,,,,,,,,,,,,,,,,,,,,,,,,,,,,,,,,,,,,,,,,,,,,,,,,,,,,,,,,,,,,,,,,,,,,,,,,,,,,,,,,,,,,,,,,,,,,,,,,,,,,,,,,,,,,,,
wcompton,5616,fell,1.38,1,188.209,28.795,0.699152,0.402587,607.02,123.598,69.2424,56.8284,1.35148,43.3999,25.9982,15.9106,23.6198,3.76467,,,,,,,,,,,,,,,,,,,,,,,,,,,,,,,,,,,,,,,,,,,,,,,,,,,,,,,,,,,,,,,,,,,,,,,,,,,,,,,,,,,,,,,,,,,,,,,,,,,,,,,,,,,,,,
wcompton,5617,fell,1.4,1,100.951,105.634,1.70443,3.07259,241.607,84.8808,16.5909,44.0467,128.754,23.0526,16.8903,6.71442,15.4896,10.2209,,,,,,,,,,,,,,,,,,,,,,,,,,,,,,,,,,,,,,,,,,,,,,,,,,,,,,,,,,,,,,,,,,,,,,,,,,,,,,,,,,,,,,,,,,,,,,,,,,,,,,,,,,,,,,
wcompton,5618,fell,1.94,1,140.386,27.7672,2.16678,3.56487,285.824,91.7861,38.0682,24.7511,41.555,27.3456,16.9341,9.67642,11.8157,5.61477,,,,,,,,,,,,,,,,,,,,,,,,,,,,,,,,,,,,,,,,,,,,,,,,,,,,,,,,,,,,,,,,,,,,,,,,,,,,,,,,,,,,,,,,,,,,,,,,,,,,,,,,,,,,,,
wcompton,5619,fell,1.36,1,98.8232,30.3697,3.01167,4.21183,271.115,75.8244,22.9153,12.0489,0.430132,31.493,18.3258,12.0595,10.3276,2.49979,,,,,,,,,,,,,,,,,,,,,,,,,,,,,,,,,,,,,,,,,,,,,,,,,,,,,,,,,,,,,,,,,,,,,,,,,,,,,,,,,,,,,,,,,,,,,,,,,,,,,,,,,,,,,,
wcompton,5620,fell,1.9,1,78.9626,42.5307,1.79504,3.47588,349.347,89.4673,50.5906,44.6106,38.5945,27.9544,21.0925,9.29482,14.862,5.17577,,,,,,,,,,,,,,,,,,,,,,,,,,,,,,,,,,,,,,,,,,,,,,,,,,,,,,,,,,,,,,,,,,,,,,,,,,,,,,,,,,,,,,,,,,,,,,,,,,,,,,,,,,,,,,
wcompton,5621,fell,1.72,1,101.549,54.3018,3.02327,3.95217,350.93,50.8247,36.5112,11.2791,0.481654,36.325,13.6217,15.2697,10.6792,1.37438,,,,,,,,,,,,,,,,,,,,,,,,,,,,,,,,,,,,,,,,,,,,,,,,,,,,,,,,,,,,,,,,,,,,,,,,,,,,,,,,,,,,,,,,,,,,,,,,,,,,,,,,,,,,,,
wcompton,5622,fell,1.76,1,125.446,67.5527,0.772396,0.614851,554.384,131.703,44.1929,54.3651,14.0348,48.8454,24.4522,18.2065,24.3774,7.90312,,,,,,,,,,,,,,,,,,,,,,,,,,,,,,,,,,,,,,,,,,,,,,,,,,,,,,,,,,,,,,,,,,,,,,,,,,,,,,,,,,,,,,,,,,,,,,,,,,,,,,,,,,,,,,
wcompton,5623,fell,2.12,1,144.89,10.5114,2.72435,3.5586,271.895,100.058,40.8592,33.7864,2.044,26.5173,19.518,8.47592,12.3106,2.34741,,,,,,,,,,,,,,,,,,,,,,,,,,,,,,,,,,,,,,,,,,,,,,,,,,,,,,,,,,,,,,,,,,,,,,,,,,,,,,,,,,,,,,,,,,,,,,,,,,,,,,,,,,,,,,
wcompton,5624,fell,2.74,1,153.455,47.1369,3.01973,3.64122,347.865,118.556,38.2707,48.0798,27.3644,29.4253,25.7067,8.58061,13.1419,9.70715,,,,,,,,,,,,,,,,,,,,,,,,,,,,,,,,,,,,,,,,,,,,,,,,,,,,,,,,,,,,,,,,,,,,,,,,,,,,,,,,,,,,,,,,,,,,,,,,,,,,,,,,,,,,,,
wcompton,5625,fell,2.02,1,137.036,174.873,2.05791,3.90468,381.43,138.159,42.1122,24.4616,30.629,30.757,23.8856,9.75559,12.0147,5.41868,,,,,,,,,,,,,,,,,,,,,,,,,,,,,,,,,,,,,,,,,,,,,,,,,,,,,,,,,,,,,,,,,,,,,,,,,,,,,,,,,,,,,,,,,,,,,,,,,,,,,,,,,,,,,,
wcompton,5626,fell,2.04,1,182.096,67.857,1.26335,0.568515,1217.6,237.094,69.5448,68.8143,2.34283,55.1983,42.0376,17.2898,27.43,6.68032,,,,,,,,,,,,,,,,,,,,,,,,,,,,,,,,,,,,,,,,,,,,,,,,,,,,,,,,,,,,,,,,,,,,,,,,,,,,,,,,,,,,,,,,,,,,,,,,,,,,,,,,,,,,,,
wcompton,5627,fell,2.02,1,121.516,1.95012,1.30882,3.15415,265.38,97.5095,34.9176,17.0057,11.6946,21.822,16.8258,8.45128,14.3876,6.70484,,,,,,,,,,,,,,,,,,,,,,,,,,,,,,,,,,,,,,,,,,,,,,,,,,,,,,,,,,,,,,,,,,,,,,,,,,,,,,,,,,,,,,,,,,,,,,,,,,,,,,,,,,,,,,
wcompton,5628,fell,2.72,1,130.619,4.86866,2.61659,3.51969,292.688,104.828,40.8924,41.9001,56.9221,29.8532,21.2108,10.4571,15.1087,5.60481,,,,,,,,,,,,,,,,,,,,,,,,,,,,,,,,,,,,,,,,,,,,,,,,,,,,,,,,,,,,,,,,,,,,,,,,,,,,,,,,,,,,,,,,,,,,,,,,,,,,,,,,,,,,,,
wcompton,5629,fell,1.46,1,84.7317,6.91391,2.81159,4.21333,239.199,66.7933,18.503,7.13634,0.37501,24.1316,15.8485,8.31822,7.65774,2.08743,,,,,,,,,,,,,,,,,,,,,,,,,,,,,,,,,,,,,,,,,,,,,,,,,,,,,,,,,,,,,,,,,,,,,,,,,,,,,,,,,,,,,,,,,,,,,,,,,,,,,,,,,,,,,,
wcompton,5630,fell,1.9,1,82.1284,66.5982,2.30366,3.69775,358.828,121.571,47.6946,35.7223,6.90041,26.8389,18.0395,7.90985,11.0581,2.95113,,,,,,,,,,,,,,,,,,,,,,,,,,,,,,,,,,,,,,,,,,,,,,,,,,,,,,,,,,,,,,,,,,,,,,,,,,,,,,,,,,,,,,,,,,,,,,,,,,,,,,,,,,,,,,
wcompton,5631,fell,1.88,1,128.756,21.5103,2.80172,3.75064,271.838,86.9885,25.6992,16.8682,8.35146,25.5767,17.7291,8.53892,9.91798,3.10297,,,,,,,,,,,,,,,,,,,,,,,,,,,,,,,,,,,,,,,,,,,,,,,,,,,,,,,,,,,,,,,,,,,,,,,,,,,,,,,,,,,,,,,,,,,,,,,,,,,,,,,,,,,,,,
wcompton,5632,fell,1.52,1,51.4439,12.8409,2.23517,3.45609,354.819,78.0932,40.0065,24.2908,0.556969,37.1216,21.8078,14.3971,13.8574,2.6164,,,,,,,,,,,,,,,,,,,,,,,,,,,,,,,,,,,,,,,,,,,,,,,,,,,,,,,,,,,,,,,,,,,,,,,,,,,,,,,,,,,,,,,,,,,,,,,,,,,,,,,,,,,,,,
wcompton,5633,fell,3.8,1,192.659,119.079,2.49019,3.93258,426.771,176.526,60.9176,79.287,56.3019,28.267,25.2835,7.751,16.5572,8.35631,,,,,,,,,,,,,,,,,,,,,,,,,,,,,,,,,,,,,,,,,,,,,,,,,,,,,,,,,,,,,,,,,,,,,,,,,,,,,,,,,,,,,,,,,,,,,,,,,,,,,,,,,,,,,,
wcompton,5634,fell,2.34,1,230.531,59.2268,0.803893,2.34657,434.673,147.809,40.2272,48.9782,13.8564,29.4437,23.4534,9.25187,12.2306,6.15486,,,,,,,,,,,,,,,,,,,,,,,,,,,,,,,,,,,,,,,,,,,,,,,,,,,,,,,,,,,,,,,,,,,,,,,,,,,,,,,,,,,,,,,,,,,,,,,,,,,,,,,,,,,,,,
wcompton,5635,fell,1.26,1,87.3169,94.3797,2.91677,3.5158,246.918,161.863,24.7095,31.0902,5.5125,26.547,24.8547,8.16725,11.1618,5.85931,,,,,,,,,,,,,,,,,,,,,,,,,,,,,,,,,,,,,,,,,,,,,,,,,,,,,,,,,,,,,,,,,,,,,,,,,,,,,,,,,,,,,,,,,,,,,,,,,,,,,,,,,,,,,,
wcompton,5636,fell,1.9,1,147.783,26.4039,2.09052,2.65579,258.766,82.2139,31.4295,38.1187,75.1659,21.6546,16.4195,6.46006,13.6151,8.45567,,,,,,,,,,,,,,,,,,,,,,,,,,,,,,,,,,,,,,,,,,,,,,,,,,,,,,,,,,,,,,,,,,,,,,,,,,,,,,,,,,,,,,,,,,,,,,,,,,,,,,,,,,,,,,
wcompton,5637,fell,2.24,1,93.9918,38.1793,1.9477,3.62813,342.174,169.107,30.6618,10.5036,1.0787,38.9121,33.426,13.2803,11.1856,2.83307,,,,,,,,,,,,,,,,,,,,,,,,,,,,,,,,,,,,,,,,,,,,,,,,,,,,,,,,,,,,,,,,,,,,,,,,,,,,,,,,,,,,,,,,,,,,,,,,,,,,,,,,,,,,,,
wcompton,5638,fell,2.2,1,201.634,106.109,2.97579,2.74803,665.227,291.69,85.7851,50.8056,16.2432,40.4629,31.6288,12.9828,14.392,5.74433,,,,,,,,,,,,,,,,,,,,,,,,,,,,,,,,,,,,,,,,,,,,,,,,,,,,,,,,,,,,,,,,,,,,,,,,,,,,,,,,,,,,,,,,,,,,,,,,,,,,,,,,,,,,,,
wcompton,5639,fell,1.82,1,66.1042,120.468,1.61934,3.66545,458.731,180.237,45.798,28.9323,2.37803,35.5145,34.6111,9.33791,13.8224,3.079,,,,,,,,,,,,,,,,,,,,,,,,,,,,,,,,,,,,,,,,,,,,,,,,,,,,,,,,,,,,,,,,,,,,,,,,,,,,,,,,,,,,,,,,,,,,,,,,,,,,,,,,,,,,,,
wcompton,5640,fell,2.5,1,222.341,2.41705,2.3907,2.86173,510.75,124.15,72.6638,49.5344,54.8119,41.4251,23.7672,13.5827,17.1305,5.52544,,,,,,,,,,,,,,,,,,,,,,,,,,,,,,,,,,,,,,,,,,,,,,,,,,,,,,,,,,,,,,,,,,,,,,,,,,,,,,,,,,,,,,,,,,,,,,,,,,,,,,,,,,,,,,
wcompton,5641,fell,1.76,1,175.519,58.3715,1.97135,3.8659,304.803,87.0988,20.7349,17.9852,48.4892,30.5579,18.0111,10.8933,13.1256,6.69766,,,,,,,,,,,,,,,,,,,,,,,,,,,,,,,,,,,,,,,,,,,,,,,,,,,,,,,,,,,,,,,,,,,,,,,,,,,,,,,,,,,,,,,,,,,,,,,,,,,,,,,,,,,,,,
wcompton,5642,fell,2.48,1,67.3723,41.9415,1.7937,3.0258,347.365,93.5247,38.7204,23.9077,94.0728,44.7901,20.7738,16.9643,16.5354,6.47324,,,,,,,,,,,,,,,,,,,,,,,,,,,,,,,,,,,,,,,,,,,,,,,,,,,,,,,,,,,,,,,,,,,,,,,,,,,,,,,,,,,,,,,,,,,,,,,,,,,,,,,,,,,,,,
wcompton,5643,fell,1.74,1,133.222,18.3764,1.29646,0.634563,474.848,188.899,45.8889,51.4845,4.44353,39.3314,31.3378,14.0268,23.1769,6.55064,,,,,,,,,,,,,,,,,,,,,,,,,,,,,,,,,,,,,,,,,,,,,,,,,,,,,,,,,,,,,,,,,,,,,,,,,,,,,,,,,,,,,,,,,,,,,,,,,,,,,,,,,,,,,,
wcompton,5644,fell,2.36,1,80.972,18.4884,1.33185,3.2265,356.64,128.657,28.0639,29.785,4.3787,42.0871,31.629,14.4023,12.9336,4.38045,,,,,,,,,,,,,,,,,,,,,,,,,,,,,,,,,,,,,,,,,,,,,,,,,,,,,,,,,,,,,,,,,,,,,,,,,,,,,,,,,,,,,,,,,,,,,,,,,,,,,,,,,,,,,,
wcompton,5645,fell,2.24,1,104.689,59.3669,2.12884,2.13484,553.22,158.456,69.6722,53.6405,19.9307,39.2873,30.9574,13.7018,16.3734,6.43277,,,,,,,,,,,,,,,,,,,,,,,,,,,,,,,,,,,,,,,,,,,,,,,,,,,,,,,,,,,,,,,,,,,,,,,,,,,,,,,,,,,,,,,,,,,,,,,,,,,,,,,,,,,,,,
wcompton,5646,fell,1.24,1,47.8704,15.3965,1.58521,3.36102,221.779,119.134,18.7213,29.316,3.88871,27.5967,18.6189,9.09629,12.1661,2.95113,,,,,,,,,,,,,,,,,,,,,,,,,,,,,,,,,,,,,,,,,,,,,,,,,,,,,,,,,,,,,,,,,,,,,,,,,,,,,,,,,,,,,,,,,,,,,,,,,,,,,,,,,,,,,,
wcompton,5647,fell,3.74,1,185.444,18.8943,1.64748,3.59479,626.226,182.717,79.0419,36.5615,1.55505,49.0382,37.5657,15.3562,18.7868,4.66363,,,,,,,,,,,,,,,,,,,,,,,,,,,,,,,,,,,,,,,,,,,,,,,,,,,,,,,,,,,,,,,,,,,,,,,,,,,,,,,,,,,,,,,,,,,,,,,,,,,,,,,,,,,,,,
wcompton,5648,fell,1.18,1,185.882,40.8695,2.97299,3.4433,257.217,53.3957,26.0213,25.1442,1.10163,24.3928,12.9418,8.49707,11.6967,3.46542,,,,,,,,,,,,,,,,,,,,,,,,,,,,,,,,,,,,,,,,,,,,,,,,,,,,,,,,,,,,,,,,,,,,,,,,,,,,,,,,,,,,,,,,,,,,,,,,,,,,,,,,,,,,,,
wcompton,5649,fell,1.84,1,100.992,45.4647,1.81388,2.39462,237.614,72.4753,27.7657,35.5917,104.711,26.1171,17.6748,9.80353,16.1824,9.61283,,,,,,,,,,,,,,,,,,,,,,,,,,,,,,,,,,,,,,,,,,,,,,,,,,,,,,,,,,,,,,,,,,,,,,,,,,,,,,,,,,,,,,,,,,,,,,,,,,,,,,,,,,,,,,
wcompton,5650,fell,1.78,1,160.105,121.341,1.85879,3.60215,338.652,57.0349,38.3039,43.5366,1.3351,23.8773,14.4048,7.39105,8.80155,1.43277,,,,,,,,,,,,,,,,,,,,,,,,,,,,,,,,,,,,,,,,,,,,,,,,,,,,,,,,,,,,,,,,,,,,,,,,,,,,,,,,,,,,,,,,,,,,,,,,,,,,,,,,,,,,,,
wcompton,5651,fell,2.1,1,131.852,16.7164,2.74127,3.54863,298.741,95.236,32.3445,24.7851,8.87561,37.7939,24.5313,14.1512,12.5271,3.82565,,,,,,,,,,,,,,,,,,,,,,,,,,,,,,,,,,,,,,,,,,,,,,,,,,,,,,,,,,,,,,,,,,,,,,,,,,,,,,,,,,,,,,,,,,,,,,,,,,,,,,,,,,,,,,
wcompton,5652,fell,2.12,1,167.945,51.7724,1.50233,3.42546,320.231,136.48,25.7805,14.1707,9.57105,40.1446,26.0549,13.7768,14.5418,5.95836,,,,,,,,,,,,,,,,,,,,,,,,,,,,,,,,,,,,,,,,,,,,,,,,,,,,,,,,,,,,,,,,,,,,,,,,,,,,,,,,,,,,,,,,,,,,,,,,,,,,,,,,,,,,,,
wcompton,5653,fell,1.46,1,136.459,24.9228,2.6028,3.70973,235.739,71.3116,27.9099,22.6628,50.6736,20.9536,16.6189,8.33769,12.5065,8.78245,,,,,,,,,,,,,,,,,,,,,,,,,,,,,,,,,,,,,,,,,,,,,,,,,,,,,,,,,,,,,,,,,,,,,,,,,,,,,,,,,,,,,,,,,,,,,,,,,,,,,,,,,,,,,,
wcompton,5654,fell,2.08,1,76.9675,64.1377,2.17981,3.54303,312.239,64.3452,32.3315,29.9,88.9701,25.1944,17.1994,9.07482,11.8344,9.77716,,,,,,,,,,,,,,,,,,,,,,,,,,,,,,,,,,,,,,,,,,,,,,,,,,,,,,,,,,,,,,,,,,,,,,,,,,,,,,,,,,,,,,,,,,,,,,,,,,,,,,,,,,,,,,
wcompton,5655,fell,2.1,1,122.218,16.1343,2.33494,3.93026,342.251,85.3364,41.5567,13.7421,1.68369,34.1252,19.7867,13.8861,11.0243,2.7194,,,,,,,,,,,,,,,,,,,,,,,,,,,,,,,,,,,,,,,,,,,,,,,,,,,,,,,,,,,,,,,,,,,,,,,,,,,,,,,,,,,,,,,,,,,,,,,,,,,,,,,,,,,,,,
wcompton,5656,fell,2.02,1,158.186,56.3906,2.37658,3.29137,373.239,108.55,41.5392,51.3565,32.7912,33.7826,23.2312,11.5439,13.306,4.12847,,,,,,,,,,,,,,,,,,,,,,,,,,,,,,,,,,,,,,,,,,,,,,,,,,,,,,,,,,,,,,,,,,,,,,,,,,,,,,,,,,,,,,,,,,,,,,,,,,,,,,,,,,,,,,
wcompton,5657,fell,2.66,1,126.161,97.7512,2.22923,3.19519,365.566,132.291,40.2722,42.1249,52.5939,39.9417,24.8352,12.7893,18.6519,6.12586,,,,,,,,,,,,,,,,,,,,,,,,,,,,,,,,,,,,,,,,,,,,,,,,,,,,,,,,,,,,,,,,,,,,,,,,,,,,,,,,,,,,,,,,,,,,,,,,,,,,,,,,,,,,,,
wcompton,5658,fell,1.44,1,110.374,15.8599,2.37979,2.8995,347.898,97.1196,38.8371,44.7016,52.2359,24.9432,19.5201,8.48644,13.3565,7.29742,,,,,,,,,,,,,,,,,,,,,,,,,,,,,,,,,,,,,,,,,,,,,,,,,,,,,,,,,,,,,,,,,,,,,,,,,,,,,,,,,,,,,,,,,,,,,,,,,,,,,,,,,,,,,,
wcompton,5659,fell,1.06,1,145.233,25.0518,2.01322,3.77413,200.55,102.685,23.4939,12.282,16.391,25.4451,22.2777,8.94584,9.68859,2.91302,,,,,,,,,,,,,,,,,,,,,,,,,,,,,,,,,,,,,,,,,,,,,,,,,,,,,,,,,,,,,,,,,,,,,,,,,,,,,,,,,,,,,,,,,,,,,,,,,,,,,,,,,,,,,,
wcompton,5660,fell,3.08,1,137.627,9.36521,2.82543,3.67885,574.583,167.269,59.1054,76.0127,43.3019,39.6417,29.1032,13.0618,18.1522,7.80385,,,,,,,,,,,,,,,,,,,,,,,,,,,,,,,,,,,,,,,,,,,,,,,,,,,,,,,,,,,,,,,,,,,,,,,,,,,,,,,,,,,,,,,,,,,,,,,,,,,,,,,,,,,,,,
wcompton,5661,fell,2.8,1,141.48,14.1408,1.38252,2.86427,652.497,354.342,51.987,73.8501,23.9412,50.7789,43.2635,14.7618,24.093,6.68744,,,,,,,,,,,,,,,,,,,,,,,,,,,,,,,,,,,,,,,,,,,,,,,,,,,,,,,,,,,,,,,,,,,,,,,,,,,,,,,,,,,,,,,,,,,,,,,,,,,,,,,,,,,,,,
wcompton,5662,fell,2.48,1,196.041,69.1176,1.40599,2.95017,303.621,90.3525,35.1376,38.7415,3.54991,34.0862,17.7753,13.1976,16.6045,4.42972,,,,,,,,,,,,,,,,,,,,,,,,,,,,,,,,,,,,,,,,,,,,,,,,,,,,,,,,,,,,,,,,,,,,,,,,,,,,,,,,,,,,,,,,,,,,,,,,,,,,,,,,,,,,,,
wcompton,5663,fell,1.92,1,26.7152,94.6209,1.75984,3.57828,312.012,124.788,27.8024,24.5748,4.47794,31.384,27.9545,9.92419,11.5865,3.81033,,,,,,,,,,,,,,,,,,,,,,,,,,,,,,,,,,,,,,,,,,,,,,,,,,,,,,,,,,,,,,,,,,,,,,,,,,,,,,,,,,,,,,,,,,,,,,,,,,,,,,,,,,,,,,
wcompton,5664,fell,2.36,1,189.529,102.789,1.87742,3.55752,373.387,97.2546,41.4044,14.8886,2.45953,33.9487,23.0201,12.4684,11.2709,1.98133,,,,,,,,,,,,,,,,,,,,,,,,,,,,,,,,,,,,,,,,,,,,,,,,,,,,,,,,,,,,,,,,,,,,,,,,,,,,,,,,,,,,,,,,,,,,,,,,,,,,,,,,,,,,,,
wcompton,5665,fell,1.46,1,165.538,127.814,2.63412,3.99351,320.156,95.8003,46.377,36.7742,44.1654,19.1607,15.8113,6.34958,11.0305,4.61292,,,,,,,,,,,,,,,,,,,,,,,,,,,,,,,,,,,,,,,,,,,,,,,,,,,,,,,,,,,,,,,,,,,,,,,,,,,,,,,,,,,,,,,,,,,,,,,,,,,,,,,,,,,,,,
wcompton,5666,fell,2.1,1,72.4968,133.862,2.03514,3.52831,300.354,90.7383,27.0986,29.3333,81.8438,32.9594,19.171,11.3849,12.7446,9.43219,,,,,,,,,,,,,,,,,,,,,,,,,,,,,,,,,,,,,,,,,,,,,,,,,,,,,,,,,,,,,,,,,,,,,,,,,,,,,,,,,,,,,,,,,,,,,,,,,,,,,,,,,,,,,,
wcompton,5667,fell,3.08,1,427.16,13.4213,2.78998,3.87007,779.924,236.773,105.126,90.9426,45.5627,50.5393,34.7603,16.9207,22.3151,8.60805,,,,,,,,,,,,,,,,,,,,,,,,,,,,,,,,,,,,,,,,,,,,,,,,,,,,,,,,,,,,,,,,,,,,,,,,,,,,,,,,,,,,,,,,,,,,,,,,,,,,,,,,,,,,,,
wcompton,5668,fell,3.02,1,168.553,1.63701,1.87419,3.52613,534.938,157.808,49.4869,57.8544,34.7415,40.7631,28.5674,13.7223,18.7015,4.71094,,,,,,,,,,,,,,,,,,,,,,,,,,,,,,,,,,,,,,,,,,,,,,,,,,,,,,,,,,,,,,,,,,,,,,,,,,,,,,,,,,,,,,,,,,,,,,,,,,,,,,,,,,,,,,
wcompton,5669,fell,2.5,1,124.773,72.4502,1.5561,3.21355,331.608,82.2407,36.7768,42.5487,38.5868,35.1431,17.0802,14.0774,18.0867,12.8231,,,,,,,,,,,,,,,,,,,,,,,,,,,,,,,,,,,,,,,,,,,,,,,,,,,,,,,,,,,,,,,,,,,,,,,,,,,,,,,,,,,,,,,,,,,,,,,,,,,,,,,,,,,,,,
wcompton,5670,fell,1.3,1,119.776,178.967,3.2895,3.95288,330.53,101.802,25.7606,21.9078,1.06081,32.0916,21.6043,10.4302,13.9268,5.32155,,,,,,,,,,,,,,,,,,,,,,,,,,,,,,,,,,,,,,,,,,,,,,,,,,,,,,,,,,,,,,,,,,,,,,,,,,,,,,,,,,,,,,,,,,,,,,,,,,,,,,,,,,,,,,
wcompton,5671,fell,2.3,1,161.087,1.81904,1.38135,3.10015,378.991,134.981,38.7784,28.4577,7.62037,50.8515,29.3143,20.0827,16.6619,6.67662,,,,,,,,,,,,,,,,,,,,,,,,,,,,,,,,,,,,,,,,,,,,,,,,,,,,,,,,,,,,,,,,,,,,,,,,,,,,,,,,,,,,,,,,,,,,,,,,,,,,,,,,,,,,,,
wcompton,5672,fell,1.3,1,103.806,58.6346,2.74098,3.70079,217.695,48.8895,21.5098,25.1596,17.2211,22.1707,14.5793,8.40314,10.6783,6.24798,,,,,,,,,,,,,,,,,,,,,,,,,,,,,,,,,,,,,,,,,,,,,,,,,,,,,,,,,,,,,,,,,,,,,,,,,,,,,,,,,,,,,,,,,,,,,,,,,,,,,,,,,,,,,,
wcompton,5673,fell,1.48,1,81.438,102.649,1.86101,2.89827,301.012,88.4828,32.7158,41.4563,41.5167,30.0733,20.054,10.5109,15.8913,5.83853,,,,,,,,,,,,,,,,,,,,,,,,,,,,,,,,,,,,,,,,,,,,,,,,,,,,,,,,,,,,,,,,,,,,,,,,,,,,,,,,,,,,,,,,,,,,,,,,,,,,,,,,,,,,,,
wcompton,5674,fell,1.84,1,81.6455,130.347,2.32047,3.63536,302.73,86.2819,30.7283,22.7813,27.0926,27.9143,19.1407,8.16254,9.64864,4.83806,,,,,,,,,,,,,,,,,,,,,,,,,,,,,,,,,,,,,,,,,,,,,,,,,,,,,,,,,,,,,,,,,,,,,,,,,,,,,,,,,,,,,,,,,,,,,,,,,,,,,,,,,,,,,,
wcompton,5675,fell,2.62,1,150.6,1.82673,2.29717,3.09883,425.012,125.445,51.9851,52.7573,17.0979,34.1875,22.5312,10.3722,13.4364,7.39337,,,,,,,,,,,,,,,,,,,,,,,,,,,,,,,,,,,,,,,,,,,,,,,,,,,,,,,,,,,,,,,,,,,,,,,,,,,,,,,,,,,,,,,,,,,,,,,,,,,,,,,,,,,,,,
wcompton,5676,fell,1.24,1,127.812,140.068,2.01689,1.18994,804.382,51.0578,72.8463,64.2079,2.47132,56.0826,13.4893,23.5255,22.3942,4.27939,,,,,,,,,,,,,,,,,,,,,,,,,,,,,,,,,,,,,,,,,,,,,,,,,,,,,,,,,,,,,,,,,,,,,,,,,,,,,,,,,,,,,,,,,,,,,,,,,,,,,,,,,,,,,,
wcompton,5677,fell,2.36,1,179.001,35.4223,1.057,3.14807,322.012,114.844,31.3305,23.4576,39.9154,31.1319,27.8054,10.4827,14.892,6.63008,,,,,,,,,,,,,,,,,,,,,,,,,,,,,,,,,,,,,,,,,,,,,,,,,,,,,,,,,,,,,,,,,,,,,,,,,,,,,,,,,,,,,,,,,,,,,,,,,,,,,,,,,,,,,,
wcompton,5678,fell,2.06,1,60.514,11.7148,1.53273,3.16777,346.806,66.5442,28.9652,38.8184,56.6099,33.2382,20.371,11.4723,15.3538,6.2249,,,,,,,,,,,,,,,,,,,,,,,,,,,,,,,,,,,,,,,,,,,,,,,,,,,,,,,,,,,,,,,,,,,,,,,,,,,,,,,,,,,,,,,,,,,,,,,,,,,,,,,,,,,,,,
wcompton,5679,fell,2.14,1,124.501,60.657,2.97878,4.01134,355.86,104.765,28.3613,27.434,3.09304,30.6452,25.0959,10.0207,13.1206,3.44192,,,,,,,,,,,,,,,,,,,,,,,,,,,,,,,,,,,,,,,,,,,,,,,,,,,,,,,,,,,,,,,,,,,,,,,,,,,,,,,,,,,,,,,,,,,,,,,,,,,,,,,,,,,,,,
wcompton,5680,fell,1.56,1,122.857,88.0314,2.93762,4.16625,264.923,67.1046,25.4998,28.204,1.25439,17.3885,11.3103,5.78819,8.12924,3.67614,,,,,,,,,,,,,,,,,,,,,,,,,,,,,,,,,,,,,,,,,,,,,,,,,,,,,,,,,,,,,,,,,,,,,,,,,,,,,,,,,,,,,,,,,,,,,,,,,,,,,,,,,,,,,,
wcompton,5681,fell,2.2,1,121.303,152.952,2.30593,3.86006,332.524,76.9283,37.1518,18.6284,43.9764,27.9276,17.7343,10.7011,10.1935,4.72638,,,,,,,,,,,,,,,,,,,,,,,,,,,,,,,,,,,,,,,,,,,,,,,,,,,,,,,,,,,,,,,,,,,,,,,,,,,,,,,,,,,,,,,,,,,,,,,,,,,,,,,,,,,,,,
wcompton,5682,fell,2.1,1,124.835,30.1281,2.85877,3.83188,314.921,112.633,26.6112,9.20277,0.93398,40.1333,23.856,15.3246,12.1427,3.51979,,,,,,,,,,,,,,,,,,,,,,,,,,,,,,,,,,,,,,,,,,,,,,,,,,,,,,,,,,,,,,,,,,,,,,,,,,,,,,,,,,,,,,,,,,,,,,,,,,,,,,,,,,,,,,
wcompton,5683,fell,0.92,1,115.216,168.107,1.88427,3.84049,230.162,32.2976,28.2443,18.9798,0.353539,21.1277,9.85137,9.15901,6.88893,0.673015,,,,,,,,,,,,,,,,,,,,,,,,,,,,,,,,,,,,,,,,,,,,,,,,,,,,,,,,,,,,,,,,,,,,,,,,,,,,,,,,,,,,,,,,,,,,,,,,,,,,,,,,,,,,,,
wcompton,5684,fell,2.56,1,220.307,51.8285,2.87313,3.84265,389.97,138.615,46.2474,30.2526,4.69008,35.1159,22.1363,10.1149,13.9989,6.34911,,,,,,,,,,,,,,,,,,,,,,,,,,,,,,,,,,,,,,,,,,,,,,,,,,,,,,,,,,,,,,,,,,,,,,,,,,,,,,,,,,,,,,,,,,,,,,,,,,,,,,,,,,,,,,
wcompton,5685,fell,2.2,1,179.567,157.14,1.76996,1.20541,598.593,170.134,85.3371,52.9684,63.5348,34.581,24.3207,12.7301,18.2132,12.3222,,,,,,,,,,,,,,,,,,,,,,,,,,,,,,,,,,,,,,,,,,,,,,,,,,,,,,,,,,,,,,,,,,,,,,,,,,,,,,,,,,,,,,,,,,,,,,,,,,,,,,,,,,,,,,
wcompton,5686,fell,1.18,1,164.015,133.143,1.49986,2.81669,207.544,96.3056,25.334,43.7838,6.67431,25.5201,21.1719,8.17398,12.9002,5.32149,,,,,,,,,,,,,,,,,,,,,,,,,,,,,,,,,,,,,,,,,,,,,,,,,,,,,,,,,,,,,,,,,,,,,,,,,,,,,,,,,,,,,,,,,,,,,,,,,,,,,,,,,,,,,,
wcompton,5687,fell,2.68,1,123.917,20.5317,2.45024,2.90317,386.481,99.7837,42.4498,65.3108,14.8642,33.8671,22.0633,11.2756,14.963,4.86737,,,,,,,,,,,,,,,,,,,,,,,,,,,,,,,,,,,,,,,,,,,,,,,,,,,,,,,,,,,,,,,,,,,,,,,,,,,,,,,,,,,,,,,,,,,,,,,,,,,,,,,,,,,,,,
wcompton,5688,fell,1.68,1,101.297,52.8933,1.75737,1.25228,318.88,108.359,37.4212,24.139,3.76431,33.3673,19.2314,12.0962,17.6143,5.6193,,,,,,,,,,,,,,,,,,,,,,,,,,,,,,,,,,,,,,,,,,,,,,,,,,,,,,,,,,,,,,,,,,,,,,,,,,,,,,,,,,,,,,,,,,,,,,,,,,,,,,,,,,,,,,
wcompton,5689,fell,2.6,1,93.5787,23.3063,2.30221,3.01937,401.744,126.051,55.0456,44.9234,79.7375,34.9461,20.7126,12.1176,15.436,7.41991,,,,,,,,,,,,,,,,,,,,,,,,,,,,,,,,,,,,,,,,,,,,,,,,,,,,,,,,,,,,,,,,,,,,,,,,,,,,,,,,,,,,,,,,,,,,,,,,,,,,,,,,,,,,,,
wcompton,5690,fell,1.92,1,142.599,5.72693,3.23841,3.9108,367.103,124.196,36.2484,26.8657,2.29761,30.3192,23.0038,8.92625,10.5935,3.47154,,,,,,,,,,,,,,,,,,,,,,,,,,,,,,,,,,,,,,,,,,,,,,,,,,,,,,,,,,,,,,,,,,,,,,,,,,,,,,,,,,,,,,,,,,,,,,,,,,,,,,,,,,,,,,
wcompton,5691,fell,2.1,1,178.473,171.006,2.0276,3.38117,376.191,89.3142,32.8796,19.9999,9.47061,38.1,22.5577,13.8684,15.1679,3.47772,,,,,,,,,,,,,,,,,,,,,,,,,,,,,,,,,,,,,,,,,,,,,,,,,,,,,,,,,,,,,,,,,,,,,,,,,,,,,,,,,,,,,,,,,,,,,,,,,,,,,,,,,,,,,,
wcompton,5692,fell,1.76,1,40.7129,89.2186,1.36623,3.59692,215.458,80.5977,26.697,43.0898,3.63385,23.8586,15.339,7.82258,10.6584,2.88006,,,,,,,,,,,,,,,,,,,,,,,,,,,,,,,,,,,,,,,,,,,,,,,,,,,,,,,,,,,,,,,,,,,,,,,,,,,,,,,,,,,,,,,,,,,,,,,,,,,,,,,,,,,,,,
wcompton,5693,fell,1.48,1,95.9585,16.9921,1.38511,0.972516,475.405,101.556,50.8394,72.7689,48.4839,27.7674,22.7287,10.6432,19.7926,7.49665,,,,,,,,,,,,,,,,,,,,,,,,,,,,,,,,,,,,,,,,,,,,,,,,,,,,,,,,,,,,,,,,,,,,,,,,,,,,,,,,,,,,,,,,,,,,,,,,,,,,,,,,,,,,,,
wcompton,5694,fell,1.78,1,44.3526,14.9809,2.13996,3.35079,267.553,98.0774,23.6765,30.5141,69.5903,29.4131,20.2828,11.2026,13.1107,8.4602,,,,,,,,,,,,,,,,,,,,,,,,,,,,,,,,,,,,,,,,,,,,,,,,,,,,,,,,,,,,,,,,,,,,,,,,,,,,,,,,,,,,,,,,,,,,,,,,,,,,,,,,,,,,,,
wcompton,5695,fell,1.74,1,105.761,101.138,2.86779,3.3152,408.001,62.6167,48.55,25.0076,1.06582,36.8753,15.6821,15.4104,15.6598,4.38959,,,,,,,,,,,,,,,,,,,,,,,,,,,,,,,,,,,,,,,,,,,,,,,,,,,,,,,,,,,,,,,,,,,,,,,,,,,,,,,,,,,,,,,,,,,,,,,,,,,,,,,,,,,,,,
wcompton,5696,fell,2.42,1,159.648,0.615617,2.49458,3.82852,362.039,150.255,34.9125,16.167,1.40595,44.9824,29.3136,16.2127,14.1518,2.95604,,,,,,,,,,,,,,,,,,,,,,,,,,,,,,,,,,,,,,,,,,,,,,,,,,,,,,,,,,,,,,,,,,,,,,,,,,,,,,,,,,,,,,,,,,,,,,,,,,,,,,,,,,,,,,
wcompton,5697,fell,2,1,144.352,121.011,1.68693,2.717,358.366,113.908,43.9072,40.9272,58.9829,29.4923,19.5778,11.1453,13.1782,5.1106,,,,,,,,,,,,,,,,,,,,,,,,,,,,,,,,,,,,,,,,,,,,,,,,,,,,,,,,,,,,,,,,,,,,,,,,,,,,,,,,,,,,,,,,,,,,,,,,,,,,,,,,,,,,,,
wcompton,5698,fell,1.76,1,81.7654,44.23,1.28448,3.06808,416.962,90.7173,28.5358,43.6198,76.311,26.6546,20.4138,8.62394,15.8358,8.27731,,,,,,,,,,,,,,,,,,,,,,,,,,,,,,,,,,,,,,,,,,,,,,,,,,,,,,,,,,,,,,,,,,,,,,,,,,,,,,,,,,,,,,,,,,,,,,,,,,,,,,,,,,,,,,
wcompton,5699,fell,2.56,1,41.2659,136.665,1.84063,3.35588,394.051,94.5757,41.9201,32.3384,91.234,39.4168,26.2199,13.2636,16.6106,9.42549,,,,,,,,,,,,,,,,,,,,,,,,,,,,,,,,,,,,,,,,,,,,,,,,,,,,,,,,,,,,,,,,,,,,,,,,,,,,,,,,,,,,,,,,,,,,,,,,,,,,,,,,,,,,,,
wcompton,5700,fell,2.78,1,208.205,137.345,1.58443,3.67999,741.5,227.374,88.2411,51.4994,11.0605,47.7298,33.7084,14.7717,17.1885,6.14603,,,,,,,,,,,,,,,,,,,,,,,,,,,,,,,,,,,,,,,,,,,,,,,,,,,,,,,,,,,,,,,,,,,,,,,,,,,,,,,,,,,,,,,,,,,,,,,,,,,,,,,,,,,,,,
wcompton,5701,fell,3.4,1,208.825,106.846,2.4104,3.4871,651.436,211.897,90.6991,61.5059,5.8832,43.3755,33.0022,12.6405,16.6136,2.45471,,,,,,,,,,,,,,,,,,,,,,,,,,,,,,,,,,,,,,,,,,,,,,,,,,,,,,,,,,,,,,,,,,,,,,,,,,,,,,,,,,,,,,,,,,,,,,,,,,,,,,,,,,,,,,
wcompton,5702,fell,1.44,1,123.157,99.08,1.58949,3.72927,246.304,55.2895,32.9818,17.5775,3.35887,27.8926,13.1752,10.3561,8.65517,1.67705,,,,,,,,,,,,,,,,,,,,,,,,,,,,,,,,,,,,,,,,,,,,,,,,,,,,,,,,,,,,,,,,,,,,,,,,,,,,,,,,,,,,,,,,,,,,,,,,,,,,,,,,,,,,,,
wcompton,5703,fell,1.28,1,28.9278,26.0152,2.30532,3.81684,216.499,48.7909,31.7171,21.6778,0.769059,29.5144,14.3436,10.5481,9.91562,2.16576,,,,,,,,,,,,,,,,,,,,,,,,,,,,,,,,,,,,,,,,,,,,,,,,,,,,,,,,,,,,,,,,,,,,,,,,,,,,,,,,,,,,,,,,,,,,,,,,,,,,,,,,,,,,,,
wcompton,5704,fell,0.8,1,29.1696,139.948,2.09529,3.45271,340.787,78.2022,39.3848,19.0618,0.276767,40.6683,17.2843,18.7871,12.6236,1.53331,,,,,,,,,,,,,,,,,,,,,,,,,,,,,,,,,,,,,,,,,,,,,,,,,,,,,,,,,,,,,,,,,,,,,,,,,,,,,,,,,,,,,,,,,,,,,,,,,,,,,,,,,,,,,,
wcompton,5705,fell,2.58,1,169.087,38.454,1.76913,3.33573,495.169,173.148,55.0206,75.9777,17.6772,37.8867,30.8313,11.4582,22.2089,6.17331,,,,,,,,,,,,,,,,,,,,,,,,,,,,,,,,,,,,,,,,,,,,,,,,,,,,,,,,,,,,,,,,,,,,,,,,,,,,,,,,,,,,,,,,,,,,,,,,,,,,,,,,,,,,,,
wcompton,5706,fell,3.06,1,129.218,105.971,2.10501,3.35984,687.808,197.831,74.1199,123.444,4.1062,45.4603,40.3605,14.1817,22.2802,3.60374,,,,,,,,,,,,,,,,,,,,,,,,,,,,,,,,,,,,,,,,,,,,,,,,,,,,,,,,,,,,,,,,,,,,,,,,,,,,,,,,,,,,,,,,,,,,,,,,,,,,,,,,,,,,,,
wcompton,5707,fell,1.62,1,187.894,149.99,1.6303,3.56285,415.22,103.904,42.9201,33.9907,34.3455,29.8179,24.0753,11.014,13.8519,3.90747,,,,,,,,,,,,,,,,,,,,,,,,,,,,,,,,,,,,,,,,,,,,,,,,,,,,,,,,,,,,,,,,,,,,,,,,,,,,,,,,,,,,,,,,,,,,,,,,,,,,,,,,,,,,,,
wcompton,5708,fell,2.26,1,176.095,43.0402,2.86169,3.79766,404.764,184.885,40.7007,15.1775,0.816307,45.2211,34.3518,15.8957,13.2391,3.13779,,,,,,,,,,,,,,,,,,,,,,,,,,,,,,,,,,,,,,,,,,,,,,,,,,,,,,,,,,,,,,,,,,,,,,,,,,,,,,,,,,,,,,,,,,,,,,,,,,,,,,,,,,,,,,
wcompton,5709,fell,2.02,1,92.6569,117.533,1.39431,0.874812,729.734,234.405,59.9049,40.1134,2.26886,44.7182,38.6133,13.4558,19.6698,5.95707,,,,,,,,,,,,,,,,,,,,,,,,,,,,,,,,,,,,,,,,,,,,,,,,,,,,,,,,,,,,,,,,,,,,,,,,,,,,,,,,,,,,,,,,,,,,,,,,,,,,,,,,,,,,,,
wcompton,5710,fell,1.28,1,137.432,31.5191,2.46106,4.11416,278.246,35.808,41.1652,21.2547,0.374257,25.4047,13.1246,9.75609,7.99322,0.855297,,,,,,,,,,,,,,,,,,,,,,,,,,,,,,,,,,,,,,,,,,,,,,,,,,,,,,,,,,,,,,,,,,,,,,,,,,,,,,,,,,,,,,,,,,,,,,,,,,,,,,,,,,,,,,
wcompton,5711,fell,2.08,1,71.2743,151.295,1.63058,3.44726,374.663,64.1014,40.0471,37.1063,23.7962,26.8262,17.1765,9.78368,11.8707,5.43248,,,,,,,,,,,,,,,,,,,,,,,,,,,,,,,,,,,,,,,,,,,,,,,,,,,,,,,,,,,,,,,,,,,,,,,,,,,,,,,,,,,,,,,,,,,,,,,,,,,,,,,,,,,,,,
wcompton,5712,fell,1.86,1,155.188,133.784,1.32988,0.759273,509.206,146.499,51.9626,42.2529,3.48722,37.0889,27.2511,12.0955,20.4896,6.4534,,,,,,,,,,,,,,,,,,,,,,,,,,,,,,,,,,,,,,,,,,,,,,,,,,,,,,,,,,,,,,,,,,,,,,,,,,,,,,,,,,,,,,,,,,,,,,,,,,,,,,,,,,,,,,
wcompton,5713,fell,3.02,1,89.4093,114.284,2.66563,3.83516,423.267,117.443,40.5619,21.5851,24.3867,35.153,26.4809,10.3436,11.6245,5.9077,,,,,,,,,,,,,,,,,,,,,,,,,,,,,,,,,,,,,,,,,,,,,,,,,,,,,,,,,,,,,,,,,,,,,,,,,,,,,,,,,,,,,,,,,,,,,,,,,,,,,,,,,,,,,,
wcompton,5714,fell,1.42,1,81.6626,62.7951,2.03815,3.70242,358.492,74.1167,24.8849,25.4044,39.5934,28.6566,23.2282,9.9158,11.0678,4.64942,,,,,,,,,,,,,,,,,,,,,,,,,,,,,,,,,,,,,,,,,,,,,,,,,,,,,,,,,,,,,,,,,,,,,,,,,,,,,,,,,,,,,,,,,,,,,,,,,,,,,,,,,,,,,,
wcompton,5715,fell,3.02,1,291.959,70.6921,2.73657,3.66899,839.165,264.209,85.8986,67.9878,52.2409,60.0144,40.6295,17.844,21.2412,10.1567,,,,,,,,,,,,,,,,,,,,,,,,,,,,,,,,,,,,,,,,,,,,,,,,,,,,,,,,,,,,,,,,,,,,,,,,,,,,,,,,,,,,,,,,,,,,,,,,,,,,,,,,,,,,,,
wcompton,5716,fell,2.82,1,190.034,100.876,2.90243,3.73877,518.928,118.226,50.0058,20.6608,1.70394,55.4051,24.9604,22.0409,17.5879,3.35218,,,,,,,,,,,,,,,,,,,,,,,,,,,,,,,,,,,,,,,,,,,,,,,,,,,,,,,,,,,,,,,,,,,,,,,,,,,,,,,,,,,,,,,,,,,,,,,,,,,,,,,,,,,,,,
wcompton,5717,fell,2.18,1,121.513,49.8409,2.90349,4.06617,273.587,68.8035,23.9965,7.69134,1.05103,28.0593,13.9194,11.3613,10.0889,4.24748,,,,,,,,,,,,,,,,,,,,,,,,,,,,,,,,,,,,,,,,,,,,,,,,,,,,,,,,,,,,,,,,,,,,,,,,,,,,,,,,,,,,,,,,,,,,,,,,,,,,,,,,,,,,,,
wcompton,5718,fell,2.3,1,163.005,44.3834,2.09687,4.25197,391.652,70.2812,39.8335,44.048,2.4344,27.4244,17.155,8.40852,13.0284,5.25768,,,,,,,,,,,,,,,,,,,,,,,,,,,,,,,,,,,,,,,,,,,,,,,,,,,,,,,,,,,,,,,,,,,,,,,,,,,,,,,,,,,,,,,,,,,,,,,,,,,,,,,,,,,,,,
wcompton,5719,fell,1.1,1,109.029,67.439,2.05628,3.79757,203.109,54.9717,31.6496,34.289,34.8391,20.7459,12.3323,7.81594,13.0567,5.15169,,,,,,,,,,,,,,,,,,,,,,,,,,,,,,,,,,,,,,,,,,,,,,,,,,,,,,,,,,,,,,,,,,,,,,,,,,,,,,,,,,,,,,,,,,,,,,,,,,,,,,,,,,,,,,
wcompton,5720,fell,1.78,1,111.931,51.9432,2.22015,2.95389,340.195,61.477,45.7058,50.7537,45.7775,33.175,17.3749,13.1201,16.1796,10.9398,,,,,,,,,,,,,,,,,,,,,,,,,,,,,,,,,,,,,,,,,,,,,,,,,,,,,,,,,,,,,,,,,,,,,,,,,,,,,,,,,,,,,,,,,,,,,,,,,,,,,,,,,,,,,,
wcompton,5721,fell,1.74,1,129.884,71.0776,2.60679,3.55027,217.254,94.4329,25.289,29.0223,1.04025,23.1506,15.3978,8.29445,10.7474,3.24173,,,,,,,,,,,,,,,,,,,,,,,,,,,,,,,,,,,,,,,,,,,,,,,,,,,,,,,,,,,,,,,,,,,,,,,,,,,,,,,,,,,,,,,,,,,,,,,,,,,,,,,,,,,,,,
wcompton,5722,fell,2.54,1,110.81,44.8907,2.71984,4.00195,308.686,75.9909,29.6145,12.1518,0.750961,21.669,11.6167,7.01506,7.04071,1.87234,,,,,,,,,,,,,,,,,,,,,,,,,,,,,,,,,,,,,,,,,,,,,,,,,,,,,,,,,,,,,,,,,,,,,,,,,,,,,,,,,,,,,,,,,,,,,,,,,,,,,,,,,,,,,,
wcompton,5723,fell,2.12,1,210.306,22.1008,2.71915,3.68828,333.013,91.0033,32.1103,25.0283,29.0844,25.6736,20.8506,7.80985,8.87465,4.84401,,,,,,,,,,,,,,,,,,,,,,,,,,,,,,,,,,,,,,,,,,,,,,,,,,,,,,,,,,,,,,,,,,,,,,,,,,,,,,,,,,,,,,,,,,,,,,,,,,,,,,,,,,,,,,
wcompton,5724,fell,1.04,1,76.5695,106.848,2.20587,3.38364,173.885,47.3225,15.4331,34.2812,6.01107,27.1175,11.2128,10.6057,11.0425,3.94661,,,,,,,,,,,,,,,,,,,,,,,,,,,,,,,,,,,,,,,,,,,,,,,,,,,,,,,,,,,,,,,,,,,,,,,,,,,,,,,,,,,,,,,,,,,,,,,,,,,,,,,,,,,,,,
wcompton,5725,fell,2,1,75.6566,33.3923,1.50875,0.808199,1004.01,227.295,97.3225,70.0471,6.34269,61.8377,39.0972,22.5075,26.2326,6.326,,,,,,,,,,,,,,,,,,,,,,,,,,,,,,,,,,,,,,,,,,,,,,,,,,,,,,,,,,,,,,,,,,,,,,,,,,,,,,,,,,,,,,,,,,,,,,,,,,,,,,,,,,,,,,
wcompton,5726,fell,1.62,1,73.7068,86.4044,1.33487,3.38649,285.172,100.927,24.1527,28.3514,71.598,27.7575,21.2452,9.85882,13.6417,5.89722,,,,,,,,,,,,,,,,,,,,,,,,,,,,,,,,,,,,,,,,,,,,,,,,,,,,,,,,,,,,,,,,,,,,,,,,,,,,,,,,,,,,,,,,,,,,,,,,,,,,,,,,,,,,,,
wcompton,5727,fell,1.26,1,158.645,174.099,1.22873,2.98852,228.172,55.792,26.4996,22.1763,3.96194,29.2977,15.5869,12.664,11.4266,3.72771,,,,,,,,,,,,,,,,,,,,,,,,,,,,,,,,,,,,,,,,,,,,,,,,,,,,,,,,,,,,,,,,,,,,,,,,,,,,,,,,,,,,,,,,,,,,,,,,,,,,,,,,,,,,,,
wcompton,5728,fell,2.42,1,163.838,21.7094,2.04923,3.42172,456.837,147.18,50.3808,39.8515,13.2334,46.9637,23.9944,17.9085,15.1248,4.49849,,,,,,,,,,,,,,,,,,,,,,,,,,,,,,,,,,,,,,,,,,,,,,,,,,,,,,,,,,,,,,,,,,,,,,,,,,,,,,,,,,,,,,,,,,,,,,,,,,,,,,,,,,,,,,
wcompton,5729,fell,1.7,1,134.094,0.449335,2.79486,3.80345,361.023,47.8552,33.1654,17.3522,2.04137,35.7275,15.2068,13.9208,12.196,3.78988,,,,,,,,,,,,,,,,,,,,,,,,,,,,,,,,,,,,,,,,,,,,,,,,,,,,,,,,,,,,,,,,,,,,,,,,,,,,,,,,,,,,,,,,,,,,,,,,,,,,,,,,,,,,,,
wcompton,5730,fell,1.62,1,88.7889,67.3914,2.88846,2.26146,410.561,42.2215,55.8009,69.6516,2.27214,24.967,9.65619,9.55899,18.6671,5.65899,,,,,,,,,,,,,,,,,,,,,,,,,,,,,,,,,,,,,,,,,,,,,,,,,,,,,,,,,,,,,,,,,,,,,,,,,,,,,,,,,,,,,,,,,,,,,,,,,,,,,,,,,,,,,,
wcompton,5731,fell,3.22,1,173.677,16.8782,1.70682,2.17982,473.685,120.928,62.7995,41.4688,144.029,40.3643,26.7331,13.1584,17.98,6.01168,,,,,,,,,,,,,,,,,,,,,,,,,,,,,,,,,,,,,,,,,,,,,,,,,,,,,,,,,,,,,,,,,,,,,,,,,,,,,,,,,,,,,,,,,,,,,,,,,,,,,,,,,,,,,,
wcompton,5732,fell,1.26,1,82.8565,75.3721,2.33637,4.40079,259.947,69.2292,21.1428,10.426,0.840492,16.6073,13.2082,5.06554,7.60174,3.97145,,,,,,,,,,,,,,,,,,,,,,,,,,,,,,,,,,,,,,,,,,,,,,,,,,,,,,,,,,,,,,,,,,,,,,,,,,,,,,,,,,,,,,,,,,,,,,,,,,,,,,,,,,,,,,
wcompton,5733,fell,2.14,1,112.76,11.5353,1.41977,3.69094,444.478,144.884,29.5434,12.1985,0.4117,40.8147,28.5417,12.4682,12.2219,1.86182,,,,,,,,,,,,,,,,,,,,,,,,,,,,,,,,,,,,,,,,,,,,,,,,,,,,,,,,,,,,,,,,,,,,,,,,,,,,,,,,,,,,,,,,,,,,,,,,,,,,,,,,,,,,,,
wcompton,5734,fell,1.78,1,192.294,21.9518,2.08362,0.886073,1355.44,243.673,142.387,98.1433,100.388,57.5214,35.3828,19.3918,31.0297,19.3736,,,,,,,,,,,,,,,,,,,,,,,,,,,,,,,,,,,,,,,,,,,,,,,,,,,,,,,,,,,,,,,,,,,,,,,,,,,,,,,,,,,,,,,,,,,,,,,,,,,,,,,,,,,,,,
wcompton,5735,fell,2.18,1,122.385,11.6808,2.85438,3.97299,278.03,82.1419,28.3929,10.4229,1.09351,29.2783,21.7855,10.6606,10.3778,5.02582,,,,,,,,,,,,,,,,,,,,,,,,,,,,,,,,,,,,,,,,,,,,,,,,,,,,,,,,,,,,,,,,,,,,,,,,,,,,,,,,,,,,,,,,,,,,,,,,,,,,,,,,,,,,,,
wcompton,5736,fell,1.56,1,150.446,41.1462,2.19769,4.41092,506.183,50.4018,53.919,14.4427,1.69454,51.0509,16.4042,22.9574,16.0556,2.7056,,,,,,,,,,,,,,,,,,,,,,,,,,,,,,,,,,,,,,,,,,,,,,,,,,,,,,,,,,,,,,,,,,,,,,,,,,,,,,,,,,,,,,,,,,,,,,,,,,,,,,,,,,,,,,
wcompton,5737,fell,1.54,1,79.2425,91.2389,1.86103,3.6423,237.177,71.2033,33.5259,28.3108,1.92897,20.6644,15.7567,6.57925,8.09395,1.5019,,,,,,,,,,,,,,,,,,,,,,,,,,,,,,,,,,,,,,,,,,,,,,,,,,,,,,,,,,,,,,,,,,,,,,,,,,,,,,,,,,,,,,,,,,,,,,,,,,,,,,,,,,,,,,
wcompton,5738,fell,1.74,1,165.505,67.7341,1.41932,3.19784,380.192,76.9254,24.7882,28.9729,31.9831,28.3801,18.062,10.0115,14.9106,5.95953,,,,,,,,,,,,,,,,,,,,,,,,,,,,,,,,,,,,,,,,,,,,,,,,,,,,,,,,,,,,,,,,,,,,,,,,,,,,,,,,,,,,,,,,,,,,,,,,,,,,,,,,,,,,,,
wcompton,5739,fell,1.08,1,98.2956,11.1223,1.86964,2.94282,191.391,59.7584,18.8361,38.1711,27.7354,23.0975,12.9211,8.72333,10.0894,7.25959,,,,,,,,,,,,,,,,,,,,,,,,,,,,,,,,,,,,,,,,,,,,,,,,,,,,,,,,,,,,,,,,,,,,,,,,,,,,,,,,,,,,,,,,,,,,,,,,,,,,,,,,,,,,,,
wcompton,5740,fell,2.28,1,171.489,77.7433,1.72789,3.58521,476.288,102.774,37.9209,26.2284,44.4249,37.8795,28.1142,12.6009,12.6913,4.65738,,,,,,,,,,,,,,,,,,,,,,,,,,,,,,,,,,,,,,,,,,,,,,,,,,,,,,,,,,,,,,,,,,,,,,,,,,,,,,,,,,,,,,,,,,,,,,,,,,,,,,,,,,,,,,
wcompton,5741,fell,2,1,62.8645,168.634,1.51181,2.98363,318.951,72.5776,32.9228,49.0107,69.8089,31.705,19.7095,11.5262,14.2106,8.7054,,,,,,,,,,,,,,,,,,,,,,,,,,,,,,,,,,,,,,,,,,,,,,,,,,,,,,,,,,,,,,,,,,,,,,,,,,,,,,,,,,,,,,,,,,,,,,,,,,,,,,,,,,,,,,
wcompton,5742,fell,1.44,1,117.592,166.352,2.38096,3.90901,370.946,53.2084,36.5541,23.1511,18.4896,37.6115,16.3803,15.0416,13.8042,5.51145,,,,,,,,,,,,,,,,,,,,,,,,,,,,,,,,,,,,,,,,,,,,,,,,,,,,,,,,,,,,,,,,,,,,,,,,,,,,,,,,,,,,,,,,,,,,,,,,,,,,,,,,,,,,,,
wcompton,5743,fell,2.46,1,142.347,53.7898,2.38193,2.82184,374.53,113.385,45.143,36.2248,66.5809,34.5118,20.2124,13.7474,12.6333,7.30208,,,,,,,,,,,,,,,,,,,,,,,,,,,,,,,,,,,,,,,,,,,,,,,,,,,,,,,,,,,,,,,,,,,,,,,,,,,,,,,,,,,,,,,,,,,,,,,,,,,,,,,,,,,,,,
wcompton,5744,fell,1.92,1,150.231,15.1232,1.23671,3.18101,240.545,117.043,24.0049,17.3512,1.56627,22.6674,20.1709,6.32587,10.1433,3.30834,,,,,,,,,,,,,,,,,,,,,,,,,,,,,,,,,,,,,,,,,,,,,,,,,,,,,,,,,,,,,,,,,,,,,,,,,,,,,,,,,,,,,,,,,,,,,,,,,,,,,,,,,,,,,,
wcompton,5745,fell,1.42,1,49.708,52.6051,1.84878,3.86117,183.257,53.9417,18.4903,15.9597,2.29486,21.8794,12.6644,6.70563,10.5034,4.7561,,,,,,,,,,,,,,,,,,,,,,,,,,,,,,,,,,,,,,,,,,,,,,,,,,,,,,,,,,,,,,,,,,,,,,,,,,,,,,,,,,,,,,,,,,,,,,,,,,,,,,,,,,,,,,
wcompton,5746,fell,2.48,1,143.349,140.661,1.5793,3.05853,411.94,120.842,35.5985,47.9381,47.3376,46.3222,28.5323,18.6539,20.2561,8.64964,,,,,,,,,,,,,,,,,,,,,,,,,,,,,,,,,,,,,,,,,,,,,,,,,,,,,,,,,,,,,,,,,,,,,,,,,,,,,,,,,,,,,,,,,,,,,,,,,,,,,,,,,,,,,,
wcompton,5747,fell,2.04,1,143.068,2.94671,0.996033,0.909809,1008.72,677.984,67.4486,46.6047,14.7659,73.3773,62.5182,25.5386,26.2146,6.77071,,,,,,,,,,,,,,,,,,,,,,,,,,,,,,,,,,,,,,,,,,,,,,,,,,,,,,,,,,,,,,,,,,,,,,,,,,,,,,,,,,,,,,,,,,,,,,,,,,,,,,,,,,,,,,
wcompton,5748,fell,2.24,1,149.156,23.6349,1.63626,3.16004,250.894,76.3297,26.3853,20.4634,28.4227,22.3949,17.0437,7.42611,10.3392,5.595,,,,,,,,,,,,,,,,,,,,,,,,,,,,,,,,,,,,,,,,,,,,,,,,,,,,,,,,,,,,,,,,,,,,,,,,,,,,,,,,,,,,,,,,,,,,,,,,,,,,,,,,,,,,,,
wcompton,5749,fell,0.88,1,70.1076,162.037,2.41494,3.3796,209.005,75.2645,14.3492,37.8999,2.34173,27.5217,22.9338,7.82789,10.1124,4.75702,,,,,,,,,,,,,,,,,,,,,,,,,,,,,,,,,,,,,,,,,,,,,,,,,,,,,,,,,,,,,,,,,,,,,,,,,,,,,,,,,,,,,,,,,,,,,,,,,,,,,,,,,,,,,,
wcompton,5750,fell,1.84,1,182.413,112.243,2.26169,3.84416,364.846,122.362,41.4077,45.8651,7.13537,28.2742,19.0263,10.3196,12.7302,5.26059,,,,,,,,,,,,,,,,,,,,,,,,,,,,,,,,,,,,,,,,,,,,,,,,,,,,,,,,,,,,,,,,,,,,,,,,,,,,,,,,,,,,,,,,,,,,,,,,,,,,,,,,,,,,,,
wcompton,5751,fell,0.94,1,22.6091,15.8281,1.91483,3.75175,140.973,57.874,17.2125,25.1249,1.0879,20.155,12.6012,7.33589,11.4997,4.16745,,,,,,,,,,,,,,,,,,,,,,,,,,,,,,,,,,,,,,,,,,,,,,,,,,,,,,,,,,,,,,,,,,,,,,,,,,,,,,,,,,,,,,,,,,,,,,,,,,,,,,,,,,,,,,
wcompton,5752,fell,1.04,1,78.277,55.095,1.90672,3.5494,268.63,89.2065,39.8911,29.0483,87.9235,27.9367,18.1065,9.86158,12.5956,8.49399,,,,,,,,,,,,,,,,,,,,,,,,,,,,,,,,,,,,,,,,,,,,,,,,,,,,,,,,,,,,,,,,,,,,,,,,,,,,,,,,,,,,,,,,,,,,,,,,,,,,,,,,,,,,,,
wcompton,5753,fell,3.3,1,190.131,140.535,0.864693,0.528686,633.834,190.34,55.0768,72.7444,13.1615,55.3421,37.3733,19.1645,28.1221,12.8601,,,,,,,,,,,,,,,,,,,,,,,,,,,,,,,,,,,,,,,,,,,,,,,,,,,,,,,,,,,,,,,,,,,,,,,,,,,,,,,,,,,,,,,,,,,,,,,,,,,,,,,,,,,,,,
wcompton,5754,fell,1.72,1,129.24,29.296,2.58952,3.01501,533.245,179.077,37.1763,39.86,46.5581,37.4868,29.5224,9.86819,17.4951,12.318,,,,,,,,,,,,,,,,,,,,,,,,,,,,,,,,,,,,,,,,,,,,,,,,,,,,,,,,,,,,,,,,,,,,,,,,,,,,,,,,,,,,,,,,,,,,,,,,,,,,,,,,,,,,,,
wcompton,5755,fell,1.4,1,121.98,46.616,2.32608,4.27656,370.501,65.1439,45.3473,16.8145,0.909367,41.3891,20.905,15.0113,12.3749,2.75044,,,,,,,,,,,,,,,,,,,,,,,,,,,,,,,,,,,,,,,,,,,,,,,,,,,,,,,,,,,,,,,,,,,,,,,,,,,,,,,,,,,,,,,,,,,,,,,,,,,,,,,,,,,,,,
wcompton,5756,fell,2.36,1,94.4617,75.914,1.07931,0.792882,517.837,141.148,54.2994,82.1302,4.30684,42.2216,28.8771,13.8303,24.2889,8.26873,,,,,,,,,,,,,,,,,,,,,,,,,,,,,,,,,,,,,,,,,,,,,,,,,,,,,,,,,,,,,,,,,,,,,,,,,,,,,,,,,,,,,,,,,,,,,,,,,,,,,,,,,,,,,,
wcompton,5757,fell,3.04,1,233.556,49.5074,1.81414,3.4135,837.962,222.036,98.2655,62.2324,3.92796,54.9368,38.6771,18.6107,22.5108,6.23525,,,,,,,,,,,,,,,,,,,,,,,,,,,,,,,,,,,,,,,,,,,,,,,,,,,,,,,,,,,,,,,,,,,,,,,,,,,,,,,,,,,,,,,,,,,,,,,,,,,,,,,,,,,,,,
wcompton,5758,fell,2.86,1,118.293,21.2694,1.13113,0.571437,1328.45,256.589,68.0092,27.6108,4.64637,74.6088,49.837,21.6896,26.2055,12.192,,,,,,,,,,,,,,,,,,,,,,,,,,,,,,,,,,,,,,,,,,,,,,,,,,,,,,,,,,,,,,,,,,,,,,,,,,,,,,,,,,,,,,,,,,,,,,,,,,,,,,,,,,,,,,
wcompton,5759,fell,1.58,1,183.393,29.3311,2.04564,3.52325,359.38,129.964,53.5951,53.3075,2.22925,32.2949,24.3253,10.0397,16.9692,6.3091,,,,,,,,,,,,,,,,,,,,,,,,,,,,,,,,,,,,,,,,,,,,,,,,,,,,,,,,,,,,,,,,,,,,,,,,,,,,,,,,,,,,,,,,,,,,,,,,,,,,,,,,,,,,,,
wcompton,5760,fell,1.88,1,143.664,70.1615,2.74242,3.95361,456.209,237.099,45.6937,28.9271,1.36284,39.1768,34.798,10.524,16.2453,3.37137,,,,,,,,,,,,,,,,,,,,,,,,,,,,,,,,,,,,,,,,,,,,,,,,,,,,,,,,,,,,,,,,,,,,,,,,,,,,,,,,,,,,,,,,,,,,,,,,,,,,,,,,,,,,,,
wcompton,5761,fell,2,1,119.426,134.982,1.27801,2.57021,367.93,96.0069,41.4298,50.2883,100.916,30.3735,18.3087,11.4643,15.1622,10.138,,,,,,,,,,,,,,,,,,,,,,,,,,,,,,,,,,,,,,,,,,,,,,,,,,,,,,,,,,,,,,,,,,,,,,,,,,,,,,,,,,,,,,,,,,,,,,,,,,,,,,,,,,,,,,
wcompton,5762,fell,1.1,1,136.172,28.8447,1.86053,3.56161,184.243,61.1924,24.9687,15.5087,31.8956,27.0684,14.6681,9.907,10.8997,3.10718,,,,,,,,,,,,,,,,,,,,,,,,,,,,,,,,,,,,,,,,,,,,,,,,,,,,,,,,,,,,,,,,,,,,,,,,,,,,,,,,,,,,,,,,,,,,,,,,,,,,,,,,,,,,,,
wcompton,5763,fell,2.26,1,139.954,26.1719,2.77778,3.8786,370.877,127.562,42.1392,33.3282,18.2237,38.8826,20.1441,16.0093,14.7994,3.70647,,,,,,,,,,,,,,,,,,,,,,,,,,,,,,,,,,,,,,,,,,,,,,,,,,,,,,,,,,,,,,,,,,,,,,,,,,,,,,,,,,,,,,,,,,,,,,,,,,,,,,,,,,,,,,
wcompton,5764,fell,4.12,1,253.359,9.68124,2.06756,3.96144,645.958,184.432,72.4993,52.468,3.07113,52.9584,34.9775,18.4031,21.6248,3.06275,,,,,,,,,,,,,,,,,,,,,,,,,,,,,,,,,,,,,,,,,,,,,,,,,,,,,,,,,,,,,,,,,,,,,,,,,,,,,,,,,,,,,,,,,,,,,,,,,,,,,,,,,,,,,,
wcompton,5765,fell,1.42,1,37.9746,9.80008,2.17151,3.3664,298.236,70.9263,30.7423,46.5145,41.648,31.4972,21.964,11.8036,14.9564,4.26586,,,,,,,,,,,,,,,,,,,,,,,,,,,,,,,,,,,,,,,,,,,,,,,,,,,,,,,,,,,,,,,,,,,,,,,,,,,,,,,,,,,,,,,,,,,,,,,,,,,,,,,,,,,,,,
wcompton,5766,fell,1.26,1,148.348,50.0979,0.643007,3.31753,219.399,88.2929,23.6039,12.8174,0.697129,36.6564,20.6023,14.3466,12.8279,3.65162,,,,,,,,,,,,,,,,,,,,,,,,,,,,,,,,,,,,,,,,,,,,,,,,,,,,,,,,,,,,,,,,,,,,,,,,,,,,,,,,,,,,,,,,,,,,,,,,,,,,,,,,,,,,,,
wcompton,5767,fell,3.08,1,129.879,65.0425,2.07847,3.22848,444.181,148.149,52.4985,23.3631,2.92869,39.9298,22.4259,13.636,11.9771,1.9567,,,,,,,,,,,,,,,,,,,,,,,,,,,,,,,,,,,,,,,,,,,,,,,,,,,,,,,,,,,,,,,,,,,,,,,,,,,,,,,,,,,,,,,,,,,,,,,,,,,,,,,,,,,,,,
wcompton,5768,fell,1.44,1,144.716,22.4265,2.05267,3.81884,260.895,62.25,20.0809,12.8388,0.494876,24.5536,16.3086,10.046,7.88615,1.71476,,,,,,,,,,,,,,,,,,,,,,,,,,,,,,,,,,,,,,,,,,,,,,,,,,,,,,,,,,,,,,,,,,,,,,,,,,,,,,,,,,,,,,,,,,,,,,,,,,,,,,,,,,,,,,
wcompton,5769,fell,2.52,1,71.6504,27.1964,2.64476,3.95953,369.848,70.1027,37.7455,20.477,0.864501,25.5991,14.3545,9.32412,8.41191,1.72763,,,,,,,,,,,,,,,,,,,,,,,,,,,,,,,,,,,,,,,,,,,,,,,,,,,,,,,,,,,,,,,,,,,,,,,,,,,,,,,,,,,,,,,,,,,,,,,,,,,,,,,,,,,,,,
wcompton,5770,fell,1.96,1,212.443,150.899,2.07332,3.8613,654.062,121.07,43.3486,53.7883,2.22431,37.6663,24.6179,11.1495,13.2165,3.90055,,,,,,,,,,,,,,,,,,,,,,,,,,,,,,,,,,,,,,,,,,,,,,,,,,,,,,,,,,,,,,,,,,,,,,,,,,,,,,,,,,,,,,,,,,,,,,,,,,,,,,,,,,,,,,
wcompton,5771,fell,1.6,1,166.663,15.6042,2.49398,3.91975,252.83,87.7187,40.6332,27.2722,0.661979,21.9032,16.7816,8.28245,9.88775,2.09206,,,,,,,,,,,,,,,,,,,,,,,,,,,,,,,,,,,,,,,,,,,,,,,,,,,,,,,,,,,,,,,,,,,,,,,,,,,,,,,,,,,,,,,,,,,,,,,,,,,,,,,,,,,,,,
wcompton,5772,fell,1.56,1,99.1869,30.2158,2.32165,3.22623,281.472,74.2756,24.3595,22.8029,99.5491,22.2464,15.7061,7.99081,10.1671,7.60176,,,,,,,,,,,,,,,,,,,,,,,,,,,,,,,,,,,,,,,,,,,,,,,,,,,,,,,,,,,,,,,,,,,,,,,,,,,,,,,,,,,,,,,,,,,,,,,,,,,,,,,,,,,,,,
wcompton,5773,fell,2.08,1,87.4465,5.66777,2.77618,3.62789,263.454,74.7771,30.6377,23.8044,1.23369,23.0359,18.0145,7.63957,10.6461,2.98804,,,,,,,,,,,,,,,,,,,,,,,,,,,,,,,,,,,,,,,,,,,,,,,,,,,,,,,,,,,,,,,,,,,,,,,,,,,,,,,,,,,,,,,,,,,,,,,,,,,,,,,,,,,,,,
wcompton,5774,fell,2.46,1,186.886,86.2086,0.787137,2.71322,449.137,99.4319,38.7852,60.5694,11.7723,42.6183,22.5703,15.4941,17.0602,5.46898,,,,,,,,,,,,,,,,,,,,,,,,,,,,,,,,,,,,,,,,,,,,,,,,,,,,,,,,,,,,,,,,,,,,,,,,,,,,,,,,,,,,,,,,,,,,,,,,,,,,,,,,,,,,,,
wcompton,5775,fell,1.46,1,152.838,5.03985,2.34224,3.71012,323.072,90.81,34.1893,17.8122,43.8967,30.7915,18.5907,11.3394,10.498,4.74083,,,,,,,,,,,,,,,,,,,,,,,,,,,,,,,,,,,,,,,,,,,,,,,,,,,,,,,,,,,,,,,,,,,,,,,,,,,,,,,,,,,,,,,,,,,,,,,,,,,,,,,,,,,,,,
wcompton,5776,fell,2.16,1,185.329,36.0034,2.73813,3.80902,332.514,86.1298,34.1486,12.6793,5.53755,33.787,19.34,14.2364,10.8737,2.76299,,,,,,,,,,,,,,,,,,,,,,,,,,,,,,,,,,,,,,,,,,,,,,,,,,,,,,,,,,,,,,,,,,,,,,,,,,,,,,,,,,,,,,,,,,,,,,,,,,,,,,,,,,,,,,
wcompton,5777,fell,1.76,1,100.143,150.4,2.37053,4.13615,570.185,87.5444,60.8765,26.7254,0.95499,91.7041,33.6337,44.3587,28.1488,3.94236,,,,,,,,,,,,,,,,,,,,,,,,,,,,,,,,,,,,,,,,,,,,,,,,,,,,,,,,,,,,,,,,,,,,,,,,,,,,,,,,,,,,,,,,,,,,,,,,,,,,,,,,,,,,,,
wcompton,5778,fell,3.2,1,266.729,48.9558,2.90636,2.44849,623.253,208.554,84.2385,56.4181,1.68914,43.9511,30.4683,13.489,18.8502,3.41983,,,,,,,,,,,,,,,,,,,,,,,,,,,,,,,,,,,,,,,,,,,,,,,,,,,,,,,,,,,,,,,,,,,,,,,,,,,,,,,,,,,,,,,,,,,,,,,,,,,,,,,,,,,,,,
wcompton,5779,fell,2.42,1,105.044,26.1703,1.80726,3.86685,318.6,83.5066,29.9965,11.7212,0.747804,38.38,20.3155,15.3422,11.8258,2.74324,,,,,,,,,,,,,,,,,,,,,,,,,,,,,,,,,,,,,,,,,,,,,,,,,,,,,,,,,,,,,,,,,,,,,,,,,,,,,,,,,,,,,,,,,,,,,,,,,,,,,,,,,,,,,,
wcompton,5780,fell,2.42,1,204.485,8.00911,3.27933,3.68099,462.009,182.051,52.2888,28.0794,4.37707,37.0368,29.351,11.3721,13.0179,4.8318,,,,,,,,,,,,,,,,,,,,,,,,,,,,,,,,,,,,,,,,,,,,,,,,,,,,,,,,,,,,,,,,,,,,,,,,,,,,,,,,,,,,,,,,,,,,,,,,,,,,,,,,,,,,,,
wcompton,5781,fell,1.04,1,65.4171,25.3225,2.01101,3.66967,262.538,71.8134,20.0884,29.8091,89.0243,23.3032,17.8988,7.83589,10.4609,6.87746,,,,,,,,,,,,,,,,,,,,,,,,,,,,,,,,,,,,,,,,,,,,,,,,,,,,,,,,,,,,,,,,,,,,,,,,,,,,,,,,,,,,,,,,,,,,,,,,,,,,,,,,,,,,,,
wcompton,5782,fell,1.56,1,176.313,17.4187,2.77247,3.52342,538.431,221.474,53.2908,43.8037,27.5721,45.0652,38.3155,14.3091,17.2903,6.17855,,,,,,,,,,,,,,,,,,,,,,,,,,,,,,,,,,,,,,,,,,,,,,,,,,,,,,,,,,,,,,,,,,,,,,,,,,,,,,,,,,,,,,,,,,,,,,,,,,,,,,,,,,,,,,
wcompton,5783,fell,2.6,1,148.807,143.7,2.17032,3.77494,574.273,108.255,47.5861,37.3573,41.0817,44.1072,24.8435,14.876,16.0956,9.34723,,,,,,,,,,,,,,,,,,,,,,,,,,,,,,,,,,,,,,,,,,,,,,,,,,,,,,,,,,,,,,,,,,,,,,,,,,,,,,,,,,,,,,,,,,,,,,,,,,,,,,,,,,,,,,
wcompton,5784,fell,2.34,1,135.135,64.3205,1.71784,3.30832,320.269,89.7878,36.7097,25.2743,19.6562,37.4021,22.7098,14.3433,13.7729,3.0538,,,,,,,,,,,,,,,,,,,,,,,,,,,,,,,,,,,,,,,,,,,,,,,,,,,,,,,,,,,,,,,,,,,,,,,,,,,,,,,,,,,,,,,,,,,,,,,,,,,,,,,,,,,,,,
wcompton,5785,fell,1.24,1,68.327,131.187,2.65759,3.69413,339.885,70.4743,29.5563,50.0823,10.9698,29.5326,20.6384,10.692,12.1065,5.96899,,,,,,,,,,,,,,,,,,,,,,,,,,,,,,,,,,,,,,,,,,,,,,,,,,,,,,,,,,,,,,,,,,,,,,,,,,,,,,,,,,,,,,,,,,,,,,,,,,,,,,,,,,,,,,
wcompton,5786,fell,1.88,1,166.423,14.0441,2.4604,3.48334,281.219,83.9443,23.0247,31.1955,92.5362,25.0522,17.9202,8.84625,10.8632,10.2858,,,,,,,,,,,,,,,,,,,,,,,,,,,,,,,,,,,,,,,,,,,,,,,,,,,,,,,,,,,,,,,,,,,,,,,,,,,,,,,,,,,,,,,,,,,,,,,,,,,,,,,,,,,,,,
wcompton,5787,fell,1.08,1,31.4399,176.264,2.50616,3.58536,293.724,51.9108,17.7854,19.7169,5.94685,30.4915,15.1258,11.6292,10.1941,5.27387,,,,,,,,,,,,,,,,,,,,,,,,,,,,,,,,,,,,,,,,,,,,,,,,,,,,,,,,,,,,,,,,,,,,,,,,,,,,,,,,,,,,,,,,,,,,,,,,,,,,,,,,,,,,,,
wcompton,5788,fell,2.38,1,166.499,86.649,2.3939,2.97643,834.543,237.461,75.1406,47.0735,4.98804,61.061,39.2991,20.8372,22.9812,7.35433,,,,,,,,,,,,,,,,,,,,,,,,,,,,,,,,,,,,,,,,,,,,,,,,,,,,,,,,,,,,,,,,,,,,,,,,,,,,,,,,,,,,,,,,,,,,,,,,,,,,,,,,,,,,,,
wcompton,5789,fell,1.4,1,82.6297,73.108,1.42569,3.83373,210.511,63.6026,19.8106,12.5925,0.355302,29.2512,16.1719,11.6741,9.16039,1.55406,,,,,,,,,,,,,,,,,,,,,,,,,,,,,,,,,,,,,,,,,,,,,,,,,,,,,,,,,,,,,,,,,,,,,,,,,,,,,,,,,,,,,,,,,,,,,,,,,,,,,,,,,,,,,,
wcompton,5790,fell,2.16,1,71.5477,4.82059,2.62118,3.13762,350.489,136.291,46.6946,60.3956,16.2539,31.5287,27.6748,10.4646,17.4762,11.275,,,,,,,,,,,,,,,,,,,,,,,,,,,,,,,,,,,,,,,,,,,,,,,,,,,,,,,,,,,,,,,,,,,,,,,,,,,,,,,,,,,,,,,,,,,,,,,,,,,,,,,,,,,,,,
wcompton,5791,fell,1.62,1,89.6267,18.3413,2.7013,1.86208,341.629,65.3964,31.9439,22.6233,6.74459,32.1781,17.7754,13.6811,13.0386,2.87302,,,,,,,,,,,,,,,,,,,,,,,,,,,,,,,,,,,,,,,,,,,,,,,,,,,,,,,,,,,,,,,,,,,,,,,,,,,,,,,,,,,,,,,,,,,,,,,,,,,,,,,,,,,,,,
wcompton,5792,fell,1.38,1,139.191,6.79847,1.99551,3.87314,377.098,41.144,42.2102,22.0194,0.620158,24.2905,12.4127,7.55,7.53802,1.12011,,,,,,,,,,,,,,,,,,,,,,,,,,,,,,,,,,,,,,,,,,,,,,,,,,,,,,,,,,,,,,,,,,,,,,,,,,,,,,,,,,,,,,,,,,,,,,,,,,,,,,,,,,,,,,
wcompton,5793,fell,1.84,1,61.2393,115.146,2.23146,3.68339,360.383,93.7401,23.1936,22.4253,32.3439,37.9684,20.765,13.5402,13.9585,7.30659,,,,,,,,,,,,,,,,,,,,,,,,,,,,,,,,,,,,,,,,,,,,,,,,,,,,,,,,,,,,,,,,,,,,,,,,,,,,,,,,,,,,,,,,,,,,,,,,,,,,,,,,,,,,,,
wcompton,5794,fell,1.52,1,150.766,26.7527,2.67416,4.15707,310.635,86.0933,45.3245,26.7882,31.979,26.4448,20.1349,9.13429,11.5796,5.95479,,,,,,,,,,,,,,,,,,,,,,,,,,,,,,,,,,,,,,,,,,,,,,,,,,,,,,,,,,,,,,,,,,,,,,,,,,,,,,,,,,,,,,,,,,,,,,,,,,,,,,,,,,,,,,
wcompton,5795,fell,1.84,1,194.006,24.1724,2.59882,3.97448,201.378,101.289,39.8769,37.5398,30.837,21.6989,17.8288,7.62402,11.8615,5.24195,,,,,,,,,,,,,,,,,,,,,,,,,,,,,,,,,,,,,,,,,,,,,,,,,,,,,,,,,,,,,,,,,,,,,,,,,,,,,,,,,,,,,,,,,,,,,,,,,,,,,,,,,,,,,,
wcompton,5796,fell,2.36,1,240.46,32.8358,2.69587,3.46882,648.936,189.614,69.3307,41.6555,30.2229,41.385,24.2043,15.9987,15.5689,4.85186,,,,,,,,,,,,,,,,,,,,,,,,,,,,,,,,,,,,,,,,,,,,,,,,,,,,,,,,,,,,,,,,,,,,,,,,,,,,,,,,,,,,,,,,,,,,,,,,,,,,,,,,,,,,,,
wcompton,5797,fell,1.02,1,55.2817,23.8745,2.16909,3.39616,169.854,57.8718,26.1901,37.1701,56.7788,15.8126,12.0528,5.44456,9.56069,7.79228,,,,,,,,,,,,,,,,,,,,,,,,,,,,,,,,,,,,,,,,,,,,,,,,,,,,,,,,,,,,,,,,,,,,,,,,,,,,,,,,,,,,,,,,,,,,,,,,,,,,,,,,,,,,,,
wcompton,5798,fell,2.4,1,115.926,11.8073,2.80861,3.85739,306.021,121.594,27.9175,21.9605,7.79511,34.3867,20.2133,12.6169,11.1827,4.18024,,,,,,,,,,,,,,,,,,,,,,,,,,,,,,,,,,,,,,,,,,,,,,,,,,,,,,,,,,,,,,,,,,,,,,,,,,,,,,,,,,,,,,,,,,,,,,,,,,,,,,,,,,,,,,
wcompton,5799,fell,1.5,1,216.834,132.316,2.17909,3.44031,466.59,116.948,48.236,59.1664,7.81573,29.5192,23.9847,9.93307,13.2276,5.92424,,,,,,,,,,,,,,,,,,,,,,,,,,,,,,,,,,,,,,,,,,,,,,,,,,,,,,,,,,,,,,,,,,,,,,,,,,,,,,,,,,,,,,,,,,,,,,,,,,,,,,,,,,,,,,
wcompton,5800,fell,1.82,1,66.8756,1.69335,2.07594,2.91522,359.513,155.084,49.2163,89.2509,24.4658,35.7973,26.9807,11.4571,16.4766,7.75244,,,,,,,,,,,,,,,,,,,,,,,,,,,,,,,,,,,,,,,,,,,,,,,,,,,,,,,,,,,,,,,,,,,,,,,,,,,,,,,,,,,,,,,,,,,,,,,,,,,,,,,,,,,,,,
wcompton,5801,fell,2.28,1,151.587,50.1536,2.67978,2.70019,414.538,118.593,42.4493,46.9683,65.2798,32.3135,22.7761,10.5589,15.4461,5.89583,,,,,,,,,,,,,,,,,,,,,,,,,,,,,,,,,,,,,,,,,,,,,,,,,,,,,,,,,,,,,,,,,,,,,,,,,,,,,,,,,,,,,,,,,,,,,,,,,,,,,,,,,,,,,,
wcompton,5802,fell,2.14,1,217.609,22.7614,2.99273,3.6877,482.202,170.107,49.41,31.6484,6.13919,40.8662,28.255,16.2356,13.8334,2.29646,,,,,,,,,,,,,,,,,,,,,,,,,,,,,,,,,,,,,,,,,,,,,,,,,,,,,,,,,,,,,,,,,,,,,,,,,,,,,,,,,,,,,,,,,,,,,,,,,,,,,,,,,,,,,,
wcompton,5803,fell,2.3,1,140.149,61.0366,1.53725,3.55547,264.171,84.413,28.1608,12.7193,0.528821,25.7037,13.7729,9.7889,7.93664,1.54363,,,,,,,,,,,,,,,,,,,,,,,,,,,,,,,,,,,,,,,,,,,,,,,,,,,,,,,,,,,,,,,,,,,,,,,,,,,,,,,,,,,,,,,,,,,,,,,,,,,,,,,,,,,,,,
wcompton,5804,fell,2.46,1,136.259,102.353,2.23854,1.55024,1038.8,190.614,108.146,93.4168,89.9449,59.3998,34.6447,22.3768,35.5198,12.8458,,,,,,,,,,,,,,,,,,,,,,,,,,,,,,,,,,,,,,,,,,,,,,,,,,,,,,,,,,,,,,,,,,,,,,,,,,,,,,,,,,,,,,,,,,,,,,,,,,,,,,,,,,,,,,
wcompton,5805,fell,2.58,1,165.952,98.6807,2.0218,3.44358,598.9,204.371,64.1126,48.5536,28.5689,35.4419,27.4768,10.2551,14.5833,4.40852,,,,,,,,,,,,,,,,,,,,,,,,,,,,,,,,,,,,,,,,,,,,,,,,,,,,,,,,,,,,,,,,,,,,,,,,,,,,,,,,,,,,,,,,,,,,,,,,,,,,,,,,,,,,,,
wcompton,5806,fell,2.22,1,73.9973,15.1002,1.31468,2.68396,343.074,93.2425,42.818,38.0388,8.25873,26.4226,16.988,8.77002,16.2974,5.71353,,,,,,,,,,,,,,,,,,,,,,,,,,,,,,,,,,,,,,,,,,,,,,,,,,,,,,,,,,,,,,,,,,,,,,,,,,,,,,,,,,,,,,,,,,,,,,,,,,,,,,,,,,,,,,
wcompton,5807,fell,1.12,1,91.4792,114.444,2.1651,3.33621,335.964,46.4444,24.0862,47.984,7.6457,22.5259,14.8357,7.55804,11.1638,2.67841,,,,,,,,,,,,,,,,,,,,,,,,,,,,,,,,,,,,,,,,,,,,,,,,,,,,,,,,,,,,,,,,,,,,,,,,,,,,,,,,,,,,,,,,,,,,,,,,,,,,,,,,,,,,,,
wcompton,5808,fell,1.74,1,115.319,26.2313,1.63693,2.89115,210.948,99.5292,21.3851,33.8223,62.6831,23.1915,19.1009,8.33916,11.3116,5.49152,,,,,,,,,,,,,,,,,,,,,,,,,,,,,,,,,,,,,,,,,,,,,,,,,,,,,,,,,,,,,,,,,,,,,,,,,,,,,,,,,,,,,,,,,,,,,,,,,,,,,,,,,,,,,,
wcompton,5809,fell,2.08,1,112.427,121.307,1.36327,3.66701,305.291,63.9599,35.6514,24.2018,49.9493,29.1188,14.8629,11.214,10.169,4.57209,,,,,,,,,,,,,,,,,,,,,,,,,,,,,,,,,,,,,,,,,,,,,,,,,,,,,,,,,,,,,,,,,,,,,,,,,,,,,,,,,,,,,,,,,,,,,,,,,,,,,,,,,,,,,,
wcompton,5810,fell,2.88,1,120.597,134.243,2.23628,2.81947,398.788,82.1833,43.4248,33.9626,6.83099,33.2981,19.887,11.6453,14.9979,5.17632,,,,,,,,,,,,,,,,,,,,,,,,,,,,,,,,,,,,,,,,,,,,,,,,,,,,,,,,,,,,,,,,,,,,,,,,,,,,,,,,,,,,,,,,,,,,,,,,,,,,,,,,,,,,,,
wcompton,5811,fell,1.8,1,104.38,17.0893,1.07946,0.548223,340.048,106.813,34.728,46.9086,1.86468,33.5413,17.9289,10.5242,19.1818,4.28019,,,,,,,,,,,,,,,,,,,,,,,,,,,,,,,,,,,,,,,,,,,,,,,,,,,,,,,,,,,,,,,,,,,,,,,,,,,,,,,,,,,,,,,,,,,,,,,,,,,,,,,,,,,,,,
wcompton,5812,fell,2.18,1,95.4839,126.168,1.74594,3.2617,332.523,65.9581,29.6881,36.1685,67.0626,26.543,18.4383,8.30579,14.9299,6.35985,,,,,,,,,,,,,,,,,,,,,,,,,,,,,,,,,,,,,,,,,,,,,,,,,,,,,,,,,,,,,,,,,,,,,,,,,,,,,,,,,,,,,,,,,,,,,,,,,,,,,,,,,,,,,,
wcompton,5813,fell,1.68,1,155.659,2.17354,2.67977,3.7252,340.618,119.892,48.8289,20.3122,3.06986,42.8173,27.8595,16.9523,15.6552,4.11273,,,,,,,,,,,,,,,,,,,,,,,,,,,,,,,,,,,,,,,,,,,,,,,,,,,,,,,,,,,,,,,,,,,,,,,,,,,,,,,,,,,,,,,,,,,,,,,,,,,,,,,,,,,,,,
wcompton,5814,fell,2.08,1,140.246,99.2417,0.970507,1.78002,462.471,107.535,47.1047,71.9701,65.0145,42.8289,30.4366,16.8032,22.1147,11.2499,,,,,,,,,,,,,,,,,,,,,,,,,,,,,,,,,,,,,,,,,,,,,,,,,,,,,,,,,,,,,,,,,,,,,,,,,,,,,,,,,,,,,,,,,,,,,,,,,,,,,,,,,,,,,,
wcompton,5815,fell,1.58,1,197.203,9.5266,2.69316,3.76483,269.471,120.797,31.2665,33.4942,0.64109,22.1774,18.2241,7.15862,9.36579,1.88697,,,,,,,,,,,,,,,,,,,,,,,,,,,,,,,,,,,,,,,,,,,,,,,,,,,,,,,,,,,,,,,,,,,,,,,,,,,,,,,,,,,,,,,,,,,,,,,,,,,,,,,,,,,,,,
wcompton,5816,fell,2,1,149.721,151.374,2.22561,4.37166,443.692,101.616,54.0454,33.1688,2.35847,45.6472,20.5215,17.4602,18.1942,3.96311,,,,,,,,,,,,,,,,,,,,,,,,,,,,,,,,,,,,,,,,,,,,,,,,,,,,,,,,,,,,,,,,,,,,,,,,,,,,,,,,,,,,,,,,,,,,,,,,,,,,,,,,,,,,,,
wcompton,5817,fell,2.16,1,141.319,131.762,2.76629,3.79383,360.938,81.4721,37.4709,18.0635,5.78382,59.2202,19.492,26.0393,18.0264,4.50314,,,,,,,,,,,,,,,,,,,,,,,,,,,,,,,,,,,,,,,,,,,,,,,,,,,,,,,,,,,,,,,,,,,,,,,,,,,,,,,,,,,,,,,,,,,,,,,,,,,,,,,,,,,,,,
wcompton,5818,fell,2.12,1,162.06,108.917,1.03906,1.82492,455.989,109.295,56.2861,66.8746,51.4414,37.4305,19.8617,15.1195,20.8861,10.4919,,,,,,,,,,,,,,,,,,,,,,,,,,,,,,,,,,,,,,,,,,,,,,,,,,,,,,,,,,,,,,,,,,,,,,,,,,,,,,,,,,,,,,,,,,,,,,,,,,,,,,,,,,,,,,
wcompton,5819,fell,1.38,1,237.489,70.1494,2.38264,3.99761,426.558,111.712,28.5885,11.2779,0.635428,28.674,17.2882,8.32903,7.48925,1.62611,,,,,,,,,,,,,,,,,,,,,,,,,,,,,,,,,,,,,,,,,,,,,,,,,,,,,,,,,,,,,,,,,,,,,,,,,,,,,,,,,,,,,,,,,,,,,,,,,,,,,,,,,,,,,,
wcompton,5820,fell,2.06,1,165.394,3.64711,1.84088,3.22644,658.553,275.938,82.5545,52.6915,38.4777,36.7438,37.2298,10.8195,17.7244,7.49776,,,,,,,,,,,,,,,,,,,,,,,,,,,,,,,,,,,,,,,,,,,,,,,,,,,,,,,,,,,,,,,,,,,,,,,,,,,,,,,,,,,,,,,,,,,,,,,,,,,,,,,,,,,,,,
wcompton,5821,fell,1.12,1,150.382,11.2661,2.57098,3.8865,186.78,72.4232,23.3366,13.1232,13.8282,22.0217,12.7198,8.69462,8.92566,5.67244,,,,,,,,,,,,,,,,,,,,,,,,,,,,,,,,,,,,,,,,,,,,,,,,,,,,,,,,,,,,,,,,,,,,,,,,,,,,,,,,,,,,,,,,,,,,,,,,,,,,,,,,,,,,,,
wcompton,5822,fell,2.5,1,116.847,5.19523,1.58619,3.51924,401.358,109.916,39.0569,29.1554,25.0114,35.3111,21.8932,11.596,12.3051,3.75247,,,,,,,,,,,,,,,,,,,,,,,,,,,,,,,,,,,,,,,,,,,,,,,,,,,,,,,,,,,,,,,,,,,,,,,,,,,,,,,,,,,,,,,,,,,,,,,,,,,,,,,,,,,,,,
wcompton,5823,fell,2.04,1,70.0688,135.072,2.41448,3.97991,246.409,83.3364,37.5884,39.0752,1.14614,16.7929,13.836,6.09349,6.93959,0.923913,,,,,,,,,,,,,,,,,,,,,,,,,,,,,,,,,,,,,,,,,,,,,,,,,,,,,,,,,,,,,,,,,,,,,,,,,,,,,,,,,,,,,,,,,,,,,,,,,,,,,,,,,,,,,,
wcompton,5824,fell,2.14,1,99.2641,58.6218,2.69381,3.73602,289.027,90.0369,31.1515,15.7899,2.11497,32.269,20.8942,12.6384,11.1834,2.06594,,,,,,,,,,,,,,,,,,,,,,,,,,,,,,,,,,,,,,,,,,,,,,,,,,,,,,,,,,,,,,,,,,,,,,,,,,,,,,,,,,,,,,,,,,,,,,,,,,,,,,,,,,,,,,
wcompton,5825,fell,1.58,1,168.78,58.6359,1.49987,3.55116,302.997,92.3335,29.531,25.391,54.3774,29.9248,20.3794,11.1324,11.57,5.64514,,,,,,,,,,,,,,,,,,,,,,,,,,,,,,,,,,,,,,,,,,,,,,,,,,,,,,,,,,,,,,,,,,,,,,,,,,,,,,,,,,,,,,,,,,,,,,,,,,,,,,,,,,,,,,
wcompton,5826,fell,1.46,1,65.8669,135.8,2.12549,2.57207,253.332,74.8535,28.2531,52.9907,9.77876,25.4342,13.8902,9.5047,10.3239,8.43159,,,,,,,,,,,,,,,,,,,,,,,,,,,,,,,,,,,,,,,,,,,,,,,,,,,,,,,,,,,,,,,,,,,,,,,,,,,,,,,,,,,,,,,,,,,,,,,,,,,,,,,,,,,,,,
wcompton,5827,fell,1.64,1,91.7947,27.5983,2.86069,3.97912,266.315,69.2123,37.5258,19.6921,1.3595,26.7951,15.7313,10.0822,11.5128,3.64422,,,,,,,,,,,,,,,,,,,,,,,,,,,,,,,,,,,,,,,,,,,,,,,,,,,,,,,,,,,,,,,,,,,,,,,,,,,,,,,,,,,,,,,,,,,,,,,,,,,,,,,,,,,,,,
wcompton,5828,fell,2.34,1,168.506,84.4721,1.28658,3.32045,494.734,130.851,51.519,37.5173,25.7729,40.0385,22.7184,15.3275,16.8786,6.21487,,,,,,,,,,,,,,,,,,,,,,,,,,,,,,,,,,,,,,,,,,,,,,,,,,,,,,,,,,,,,,,,,,,,,,,,,,,,,,,,,,,,,,,,,,,,,,,,,,,,,,,,,,,,,,
wcompton,5829,fell,1.84,1,143.405,14.8763,1.69595,3.54177,273.699,60.5776,32.3777,34.8948,47.0986,25.1418,19.7619,7.45922,11.7528,4.43722,,,,,,,,,,,,,,,,,,,,,,,,,,,,,,,,,,,,,,,,,,,,,,,,,,,,,,,,,,,,,,,,,,,,,,,,,,,,,,,,,,,,,,,,,,,,,,,,,,,,,,,,,,,,,,
wcompton,5830,fell,2.48,1,106.403,152.413,1.93652,1.84598,1302.52,230.748,144.393,99.0654,39.2588,69.2352,38.5179,25.1281,31.3388,13.7379,,,,,,,,,,,,,,,,,,,,,,,,,,,,,,,,,,,,,,,,,,,,,,,,,,,,,,,,,,,,,,,,,,,,,,,,,,,,,,,,,,,,,,,,,,,,,,,,,,,,,,,,,,,,,,
wcompton,5831,fell,2.22,1,141.945,1.68591,2.27355,3.17261,414.671,175.536,41.7244,31.9199,22.1884,43.1964,30.9164,14.619,15.2837,4.69094,,,,,,,,,,,,,,,,,,,,,,,,,,,,,,,,,,,,,,,,,,,,,,,,,,,,,,,,,,,,,,,,,,,,,,,,,,,,,,,,,,,,,,,,,,,,,,,,,,,,,,,,,,,,,,
wcompton,5832,fell,2.32,1,147.35,12.2949,2.7024,3.77638,399.078,110.822,34.4873,13.0193,1.38113,53.9328,27.1866,20.815,16.2416,2.81671,,,,,,,,,,,,,,,,,,,,,,,,,,,,,,,,,,,,,,,,,,,,,,,,,,,,,,,,,,,,,,,,,,,,,,,,,,,,,,,,,,,,,,,,,,,,,,,,,,,,,,,,,,,,,,
wcompton,5833,fell,2.02,1,136.383,43.6652,2.24158,3.74991,290.759,87.068,34.1295,21.9604,49.0923,25.1822,19.4653,8.31485,10.053,6.25019,,,,,,,,,,,,,,,,,,,,,,,,,,,,,,,,,,,,,,,,,,,,,,,,,,,,,,,,,,,,,,,,,,,,,,,,,,,,,,,,,,,,,,,,,,,,,,,,,,,,,,,,,,,,,,
wcompton,5834,fell,1.28,1,89.5497,10.4603,1.26961,1.48975,419.834,94.9762,40.9683,44.4239,104.016,30.1315,21.8556,11.0981,15.9908,16.1771,,,,,,,,,,,,,,,,,,,,,,,,,,,,,,,,,,,,,,,,,,,,,,,,,,,,,,,,,,,,,,,,,,,,,,,,,,,,,,,,,,,,,,,,,,,,,,,,,,,,,,,,,,,,,,
wcompton,5835,fell,2.56,1,88.2789,68.3756,1.68109,3.50912,354.631,109.249,43.687,33.2128,6.86208,33.4252,20.3738,12.9457,18.2375,8.74634,,,,,,,,,,,,,,,,,,,,,,,,,,,,,,,,,,,,,,,,,,,,,,,,,,,,,,,,,,,,,,,,,,,,,,,,,,,,,,,,,,,,,,,,,,,,,,,,,,,,,,,,,,,,,,
wcompton,5836,fell,1.7,1,66.0302,73.5261,1.07015,2.41625,262.777,80.3099,28.1668,40.9625,74.8432,27.5987,20.7828,9.74505,15.3115,9.42394,,,,,,,,,,,,,,,,,,,,,,,,,,,,,,,,,,,,,,,,,,,,,,,,,,,,,,,,,,,,,,,,,,,,,,,,,,,,,,,,,,,,,,,,,,,,,,,,,,,,,,,,,,,,,,
wcompton,5837,fell,2.68,1,179.81,9.03246,1.6315,3.40531,455.751,200.388,59.2043,34.0911,1.78924,36.6829,29.2836,11.3659,13.6626,2.42257,,,,,,,,,,,,,,,,,,,,,,,,,,,,,,,,,,,,,,,,,,,,,,,,,,,,,,,,,,,,,,,,,,,,,,,,,,,,,,,,,,,,,,,,,,,,,,,,,,,,,,,,,,,,,,
wcompton,5838,fell,2.36,1,169.077,33.8501,1.15763,3.12919,409.437,115.841,35.7358,25.4964,34.8849,26.9804,20.2733,7.60235,12.0324,4.51318,,,,,,,,,,,,,,,,,,,,,,,,,,,,,,,,,,,,,,,,,,,,,,,,,,,,,,,,,,,,,,,,,,,,,,,,,,,,,,,,,,,,,,,,,,,,,,,,,,,,,,,,,,,,,,
wcompton,5839,fell,1.26,1,119.109,92.696,2.98388,3.58966,289.85,48.3809,33.0128,23.9232,6.33718,27.3183,13.2616,11.5573,9.96715,4.19839,,,,,,,,,,,,,,,,,,,,,,,,,,,,,,,,,,,,,,,,,,,,,,,,,,,,,,,,,,,,,,,,,,,,,,,,,,,,,,,,,,,,,,,,,,,,,,,,,,,,,,,,,,,,,,
wcompton,5840,fell,1.84,1,126.068,93.5438,2.30953,3.13665,278.573,110.843,30.7381,33.3925,94.0593,24.9504,20.3022,7.21476,11.6431,8.90367,,,,,,,,,,,,,,,,,,,,,,,,,,,,,,,,,,,,,,,,,,,,,,,,,,,,,,,,,,,,,,,,,,,,,,,,,,,,,,,,,,,,,,,,,,,,,,,,,,,,,,,,,,,,,,
wcompton,5841,fell,1.36,1,120.921,38.8799,1.69202,3.47391,295.329,70.0952,19.7419,15.5379,1.06736,26.1311,19.934,7.89321,10.5293,2.94458,,,,,,,,,,,,,,,,,,,,,,,,,,,,,,,,,,,,,,,,,,,,,,,,,,,,,,,,,,,,,,,,,,,,,,,,,,,,,,,,,,,,,,,,,,,,,,,,,,,,,,,,,,,,,,
wcompton,5842,fell,1.3,1,80.9978,24.701,1.99303,3.39001,224.851,96.466,25.638,19.2974,4.35546,29.2407,17.3512,10.9091,10.037,4.76091,,,,,,,,,,,,,,,,,,,,,,,,,,,,,,,,,,,,,,,,,,,,,,,,,,,,,,,,,,,,,,,,,,,,,,,,,,,,,,,,,,,,,,,,,,,,,,,,,,,,,,,,,,,,,,
wcompton,5843,fell,1.36,1,106.71,147.701,1.86635,3.66262,233.679,59.5931,14.883,20.1863,11.1541,23.7928,16.8695,8.12024,9.64255,2.82465,,,,,,,,,,,,,,,,,,,,,,,,,,,,,,,,,,,,,,,,,,,,,,,,,,,,,,,,,,,,,,,,,,,,,,,,,,,,,,,,,,,,,,,,,,,,,,,,,,,,,,,,,,,,,,
wcompton,5844,fell,1.16,1,155.931,5.79319,1.52568,3.24369,228.629,89.1874,27.7595,15.0969,2.4309,25.6096,19.654,8.23645,8.6105,3.31258,,,,,,,,,,,,,,,,,,,,,,,,,,,,,,,,,,,,,,,,,,,,,,,,,,,,,,,,,,,,,,,,,,,,,,,,,,,,,,,,,,,,,,,,,,,,,,,,,,,,,,,,,,,,,,
wcompton,5845,fell,2.02,1,89.6396,12.1607,2.31447,3.87361,261.312,91.0882,17.4396,19.2409,9.54223,29.2672,20.9758,9.5928,11.1065,2.14803,,,,,,,,,,,,,,,,,,,,,,,,,,,,,,,,,,,,,,,,,,,,,,,,,,,,,,,,,,,,,,,,,,,,,,,,,,,,,,,,,,,,,,,,,,,,,,,,,,,,,,,,,,,,,,
wcompton,5846,fell,1.42,1,64.2116,53.284,2.45191,3.1809,314.345,86.1289,32.5133,38.7077,2.29311,31.0687,22.9029,11.4317,14.4524,3.1897,,,,,,,,,,,,,,,,,,,,,,,,,,,,,,,,,,,,,,,,,,,,,,,,,,,,,,,,,,,,,,,,,,,,,,,,,,,,,,,,,,,,,,,,,,,,,,,,,,,,,,,,,,,,,,
wcompton,5847,fell,1.56,1,172.172,11.3047,2.21035,3.82838,245.131,83.552,36.8519,18.7475,13.8581,28.9915,16.5266,10.7278,13.8621,5.29794,,,,,,,,,,,,,,,,,,,,,,,,,,,,,,,,,,,,,,,,,,,,,,,,,,,,,,,,,,,,,,,,,,,,,,,,,,,,,,,,,,,,,,,,,,,,,,,,,,,,,,,,,,,,,,
wcompton,5848,fell,1.84,1,64.1324,36.5515,1.60002,3.75151,279.478,93.8302,15.5864,18.1599,1.85304,36.2322,22.125,13.1092,14.4881,4.87432,,,,,,,,,,,,,,,,,,,,,,,,,,,,,,,,,,,,,,,,,,,,,,,,,,,,,,,,,,,,,,,,,,,,,,,,,,,,,,,,,,,,,,,,,,,,,,,,,,,,,,,,,,,,,,
wcompton,5849,fell,2.08,1,193.728,136.063,1.91836,2.21713,1784.93,222.443,150.464,118.114,86.8035,69.3033,44.4667,21.1922,36.7992,16.5878,,,,,,,,,,,,,,,,,,,,,,,,,,,,,,,,,,,,,,,,,,,,,,,,,,,,,,,,,,,,,,,,,,,,,,,,,,,,,,,,,,,,,,,,,,,,,,,,,,,,,,,,,,,,,,
wcompton,5850,fell,1.14,1,22.3221,169.894,1.28656,4.19879,321.054,68.3972,41.5781,20.174,2.66608,23.0213,16.5331,7.95448,8.10406,1.6099,,,,,,,,,,,,,,,,,,,,,,,,,,,,,,,,,,,,,,,,,,,,,,,,,,,,,,,,,,,,,,,,,,,,,,,,,,,,,,,,,,,,,,,,,,,,,,,,,,,,,,,,,,,,,,
wcompton,5851,fell,1.7,1,136.076,12.0897,1.75894,3.40024,221.32,77.182,24.7742,37.4602,28.9035,29.6824,12.5443,11.6621,14.3878,5.67644,,,,,,,,,,,,,,,,,,,,,,,,,,,,,,,,,,,,,,,,,,,,,,,,,,,,,,,,,,,,,,,,,,,,,,,,,,,,,,,,,,,,,,,,,,,,,,,,,,,,,,,,,,,,,,
wcompton,5852,fell,2.92,1,154.203,81.1114,2.64051,3.87895,342.049,109.456,39.529,14.6126,4.90587,33.3359,16.5544,13.6276,12.699,3.37395,,,,,,,,,,,,,,,,,,,,,,,,,,,,,,,,,,,,,,,,,,,,,,,,,,,,,,,,,,,,,,,,,,,,,,,,,,,,,,,,,,,,,,,,,,,,,,,,,,,,,,,,,,,,,,
wcompton,5853,fell,2.26,1,238.898,112.279,2.62569,2.42093,661.073,174.433,92.9718,60.3614,5.07794,39.4433,27.5991,13.6901,19.5204,6.28461,,,,,,,,,,,,,,,,,,,,,,,,,,,,,,,,,,,,,,,,,,,,,,,,,,,,,,,,,,,,,,,,,,,,,,,,,,,,,,,,,,,,,,,,,,,,,,,,,,,,,,,,,,,,,,
wcompton,5854,fell,1.94,1,163.891,20.9557,2.04813,3.55551,320.168,102.687,50.3348,45.1634,4.56448,31.7794,24.2036,9.39223,14.0414,3.44811,,,,,,,,,,,,,,,,,,,,,,,,,,,,,,,,,,,,,,,,,,,,,,,,,,,,,,,,,,,,,,,,,,,,,,,,,,,,,,,,,,,,,,,,,,,,,,,,,,,,,,,,,,,,,,
wcompton,5855,fell,3.3,1,174.821,8.14076,2.43712,3.11169,629.292,189.527,83.5533,67.5467,11.9483,65.0165,35.5091,25.0977,23.5301,7.47971,,,,,,,,,,,,,,,,,,,,,,,,,,,,,,,,,,,,,,,,,,,,,,,,,,,,,,,,,,,,,,,,,,,,,,,,,,,,,,,,,,,,,,,,,,,,,,,,,,,,,,,,,,,,,,
wcompton,5856,fell,1.98,1,152.678,3.08918,2.36037,3.43904,306.586,98.8635,36.5419,28.6378,26.6706,23.6899,17.5075,7.47471,10.7502,5.03322,,,,,,,,,,,,,,,,,,,,,,,,,,,,,,,,,,,,,,,,,,,,,,,,,,,,,,,,,,,,,,,,,,,,,,,,,,,,,,,,,,,,,,,,,,,,,,,,,,,,,,,,,,,,,,
wcompton,5857,fell,1.44,1,58.3038,13.3608,0.482154,0.192904,490.888,81.8677,67.7497,31.3212,0.827774,44.4386,23.2956,18.2254,19.0018,2.97113,,,,,,,,,,,,,,,,,,,,,,,,,,,,,,,,,,,,,,,,,,,,,,,,,,,,,,,,,,,,,,,,,,,,,,,,,,,,,,,,,,,,,,,,,,,,,,,,,,,,,,,,,,,,,,
wcompton,5858,fell,3.46,1,91.4215,46.7062,2.35624,3.91879,609.744,165.954,67.1317,47.0812,12.8533,43.9281,35.4734,13.1018,18.1131,5.64638,,,,,,,,,,,,,,,,,,,,,,,,,,,,,,,,,,,,,,,,,,,,,,,,,,,,,,,,,,,,,,,,,,,,,,,,,,,,,,,,,,,,,,,,,,,,,,,,,,,,,,,,,,,,,,
wcompton,5859,fell,2.92,1,143.529,23.8387,2.10434,3.66856,464.375,141.086,49.7347,20.4607,1.84262,81.2164,30.9678,36.9345,27.7699,3.3631,,,,,,,,,,,,,,,,,,,,,,,,,,,,,,,,,,,,,,,,,,,,,,,,,,,,,,,,,,,,,,,,,,,,,,,,,,,,,,,,,,,,,,,,,,,,,,,,,,,,,,,,,,,,,,
wcompton,5860,fell,1.22,1,67.2475,101.74,1.48386,3.23119,335.46,70.5112,47.5093,40.7622,76.9811,22.2783,16.2801,7.78687,12.7697,8.36526,,,,,,,,,,,,,,,,,,,,,,,,,,,,,,,,,,,,,,,,,,,,,,,,,,,,,,,,,,,,,,,,,,,,,,,,,,,,,,,,,,,,,,,,,,,,,,,,,,,,,,,,,,,,,,
wcompton,5861,fell,1.06,1,163.994,18.8561,2.38627,3.77804,237.177,60.9257,20.5473,19.665,34.5473,32.4566,19.8386,12.9165,12.5088,4.91441,,,,,,,,,,,,,,,,,,,,,,,,,,,,,,,,,,,,,,,,,,,,,,,,,,,,,,,,,,,,,,,,,,,,,,,,,,,,,,,,,,,,,,,,,,,,,,,,,,,,,,,,,,,,,,
wcompton,5862,fell,1.42,1,96.0901,12.1953,2.80112,3.40074,233.917,71.1383,26.4162,26.1364,37.7279,25.9299,23.063,9.07346,8.30608,4.96159,,,,,,,,,,,,,,,,,,,,,,,,,,,,,,,,,,,,,,,,,,,,,,,,,,,,,,,,,,,,,,,,,,,,,,,,,,,,,,,,,,,,,,,,,,,,,,,,,,,,,,,,,,,,,,
wcompton,5863,fell,1.6,1,163.391,52.3245,2.70461,3.559,615.76,137.748,56.5759,49.2265,25.802,36.7728,25.4977,11.008,16.525,6.03551,,,,,,,,,,,,,,,,,,,,,,,,,,,,,,,,,,,,,,,,,,,,,,,,,,,,,,,,,,,,,,,,,,,,,,,,,,,,,,,,,,,,,,,,,,,,,,,,,,,,,,,,,,,,,,
wcompton,5864,fell,1.48,1,158.462,54.5689,2.21272,3.53844,275.834,96.8804,35.5469,31.1268,8.34246,25.7508,18.7458,9.67579,12.5371,8.3904,,,,,,,,,,,,,,,,,,,,,,,,,,,,,,,,,,,,,,,,,,,,,,,,,,,,,,,,,,,,,,,,,,,,,,,,,,,,,,,,,,,,,,,,,,,,,,,,,,,,,,,,,,,,,,
wcompton,5865,fell,2.68,1,175.636,49.054,1.54881,3.89481,275.244,102.604,28.5172,10.6863,4.18554,27.0789,17.395,7.8086,9.86384,4.74547,,,,,,,,,,,,,,,,,,,,,,,,,,,,,,,,,,,,,,,,,,,,,,,,,,,,,,,,,,,,,,,,,,,,,,,,,,,,,,,,,,,,,,,,,,,,,,,,,,,,,,,,,,,,,,
wcompton,5866,fell,2.4,1,138.522,84.3695,1.28715,3.69361,320.595,88.5478,25.6416,19.6009,41.177,28.8828,16.7675,10.298,12.2919,5.15842,,,,,,,,,,,,,,,,,,,,,,,,,,,,,,,,,,,,,,,,,,,,,,,,,,,,,,,,,,,,,,,,,,,,,,,,,,,,,,,,,,,,,,,,,,,,,,,,,,,,,,,,,,,,,,
wcompton,5867,fell,3.22,1,193.27,4.24829,2.91605,3.84316,814.515,225.966,77.1849,38.2217,1.85725,52.5057,33.8772,18.0802,17.6961,4.20009,,,,,,,,,,,,,,,,,,,,,,,,,,,,,,,,,,,,,,,,,,,,,,,,,,,,,,,,,,,,,,,,,,,,,,,,,,,,,,,,,,,,,,,,,,,,,,,,,,,,,,,,,,,,,,
wcompton,5868,fell,2.52,1,142.834,42.1324,1.94204,3.28353,335.89,80.7817,44.0089,27.0896,28.7163,50.5927,17.5928,21.6126,20.4691,8.26077,,,,,,,,,,,,,,,,,,,,,,,,,,,,,,,,,,,,,,,,,,,,,,,,,,,,,,,,,,,,,,,,,,,,,,,,,,,,,,,,,,,,,,,,,,,,,,,,,,,,,,,,,,,,,,
wcompton,5869,fell,1.82,1,168.007,29.1887,2.19586,2.92215,276.502,49.0973,16.935,41.4897,15.646,30.6717,16.6428,11.7111,12.4265,7.48537,,,,,,,,,,,,,,,,,,,,,,,,,,,,,,,,,,,,,,,,,,,,,,,,,,,,,,,,,,,,,,,,,,,,,,,,,,,,,,,,,,,,,,,,,,,,,,,,,,,,,,,,,,,,,,
wcompton,5870,fell,1.32,1,145.048,141.781,2.02945,3.8208,252.178,80.0544,29.4004,14.4009,1.3254,29.1844,20.7936,10.9705,12.2706,4.03582,,,,,,,,,,,,,,,,,,,,,,,,,,,,,,,,,,,,,,,,,,,,,,,,,,,,,,,,,,,,,,,,,,,,,,,,,,,,,,,,,,,,,,,,,,,,,,,,,,,,,,,,,,,,,,
wcompton,5871,fell,2.02,1,111.08,38.6202,1.87052,2.7847,311.345,49.9717,32.9718,57.6482,105.81,25.6429,19.3718,8.12645,14.5531,7.06868,,,,,,,,,,,,,,,,,,,,,,,,,,,,,,,,,,,,,,,,,,,,,,,,,,,,,,,,,,,,,,,,,,,,,,,,,,,,,,,,,,,,,,,,,,,,,,,,,,,,,,,,,,,,,,
wcompton,5872,fell,2.04,1,159.153,56.5626,2.94427,3.66502,384.031,102.731,44.1514,34.3684,3.10966,41.2922,22.1952,16.4704,15.538,3.34046,,,,,,,,,,,,,,,,,,,,,,,,,,,,,,,,,,,,,,,,,,,,,,,,,,,,,,,,,,,,,,,,,,,,,,,,,,,,,,,,,,,,,,,,,,,,,,,,,,,,,,,,,,,,,,
wcompton,5873,fell,2.32,1,160.452,134.678,2.56736,3.32668,417.81,108.402,44.4084,28.5475,26.3982,39.8603,27.4728,13.5214,14.6704,8.19575,,,,,,,,,,,,,,,,,,,,,,,,,,,,,,,,,,,,,,,,,,,,,,,,,,,,,,,,,,,,,,,,,,,,,,,,,,,,,,,,,,,,,,,,,,,,,,,,,,,,,,,,,,,,,,
wcompton,5874,fell,2.14,1,96.0584,148.184,1.81261,3.34443,387.315,85.3498,41.9653,39.605,42.4598,26.5137,18.6107,9.01469,12.7596,9.68762,,,,,,,,,,,,,,,,,,,,,,,,,,,,,,,,,,,,,,,,,,,,,,,,,,,,,,,,,,,,,,,,,,,,,,,,,,,,,,,,,,,,,,,,,,,,,,,,,,,,,,,,,,,,,,
wcompton,5875,fell,2.6,1,179.972,6.57258,2.35016,3.73405,401.151,120.818,41.5222,24.5785,22.3506,42.3157,28.6607,14.2369,15.8245,6.14534,,,,,,,,,,,,,,,,,,,,,,,,,,,,,,,,,,,,,,,,,,,,,,,,,,,,,,,,,,,,,,,,,,,,,,,,,,,,,,,,,,,,,,,,,,,,,,,,,,,,,,,,,,,,,,
wcompton,5876,fell,1.3,1,38.0731,77.503,2.06501,3.62098,239.006,64.9668,18.4144,12.3559,1.26335,29.157,17.9066,9.83314,8.7798,2.3998,,,,,,,,,,,,,,,,,,,,,,,,,,,,,,,,,,,,,,,,,,,,,,,,,,,,,,,,,,,,,,,,,,,,,,,,,,,,,,,,,,,,,,,,,,,,,,,,,,,,,,,,,,,,,,
wcompton,5877,fell,1.62,1,68.4626,71.0493,2.09806,2.89011,463.683,131.495,34.4693,38.6262,51.6863,41.7891,23.801,14.5766,18.0941,10.4124,,,,,,,,,,,,,,,,,,,,,,,,,,,,,,,,,,,,,,,,,,,,,,,,,,,,,,,,,,,,,,,,,,,,,,,,,,,,,,,,,,,,,,,,,,,,,,,,,,,,,,,,,,,,,,
wcompton,5878,fell,1.68,1,90.4802,46.3527,1.64097,0.703015,574.259,141.142,44.0771,30.0729,0.873414,41.0828,24.1025,12.1679,16.2062,2.68135,,,,,,,,,,,,,,,,,,,,,,,,,,,,,,,,,,,,,,,,,,,,,,,,,,,,,,,,,,,,,,,,,,,,,,,,,,,,,,,,,,,,,,,,,,,,,,,,,,,,,,,,,,,,,,
wcompton,5879,fell,1.9,1,135.331,121.109,2.93206,3.44262,335.096,85.1853,39.7149,47.7105,11.8337,34.7028,21.0767,14.9735,15.6735,5.38482,,,,,,,,,,,,,,,,,,,,,,,,,,,,,,,,,,,,,,,,,,,,,,,,,,,,,,,,,,,,,,,,,,,,,,,,,,,,,,,,,,,,,,,,,,,,,,,,,,,,,,,,,,,,,,
wcompton,5880,fell,1.1,1,71.6909,19.0459,1.85809,3.03982,211.174,68.1342,19.24,49.1003,20.254,27.1724,16.3618,10.1483,14.0483,3.49575,,,,,,,,,,,,,,,,,,,,,,,,,,,,,,,,,,,,,,,,,,,,,,,,,,,,,,,,,,,,,,,,,,,,,,,,,,,,,,,,,,,,,,,,,,,,,,,,,,,,,,,,,,,,,,
wcompton,5881,fell,2.24,1,88.5099,37.4028,1.44363,3.7326,318.326,94.706,33.8757,14.8903,1.72189,30.2521,20.4788,8.96509,12.1861,5.1368,,,,,,,,,,,,,,,,,,,,,,,,,,,,,,,,,,,,,,,,,,,,,,,,,,,,,,,,,,,,,,,,,,,,,,,,,,,,,,,,,,,,,,,,,,,,,,,,,,,,,,,,,,,,,,
wcompton,5882,fell,1.26,1,150.944,35.2808,2.57993,3.29301,170.872,64.8071,29.3797,26.5737,2.77048,17.0277,13.7652,5.88115,9.14724,1.73778,,,,,,,,,,,,,,,,,,,,,,,,,,,,,,,,,,,,,,,,,,,,,,,,,,,,,,,,,,,,,,,,,,,,,,,,,,,,,,,,,,,,,,,,,,,,,,,,,,,,,,,,,,,,,,
wcompton,5883,fell,1.56,1,132.431,57.892,1.45889,3.70272,260.085,104.226,35.0374,18.5884,4.31879,20.7936,15.839,6.56126,7.75057,2.35394,,,,,,,,,,,,,,,,,,,,,,,,,,,,,,,,,,,,,,,,,,,,,,,,,,,,,,,,,,,,,,,,,,,,,,,,,,,,,,,,,,,,,,,,,,,,,,,,,,,,,,,,,,,,,,
wcompton,5884,fell,1.42,1,129.096,69.5908,1.69382,3.24135,475.572,295.321,60.4672,35.0038,64.1926,40.2245,40.91,14.2778,15.1219,7.8721,,,,,,,,,,,,,,,,,,,,,,,,,,,,,,,,,,,,,,,,,,,,,,,,,,,,,,,,,,,,,,,,,,,,,,,,,,,,,,,,,,,,,,,,,,,,,,,,,,,,,,,,,,,,,,
wcompton,5885,fell,1.74,1,75.1419,26.8858,2.22817,3.03414,299.687,90.5605,30.6748,38.8891,40.9224,26.6871,14.7844,8.24735,12.1872,8.3057,,,,,,,,,,,,,,,,,,,,,,,,,,,,,,,,,,,,,,,,,,,,,,,,,,,,,,,,,,,,,,,,,,,,,,,,,,,,,,,,,,,,,,,,,,,,,,,,,,,,,,,,,,,,,,
wcompton,5886,fell,1.74,1,153.51,150.616,1.94402,3.47225,562.399,148.113,48.2645,19.1768,2.25907,38.3882,25.2819,13.1234,12.9297,5.62595,,,,,,,,,,,,,,,,,,,,,,,,,,,,,,,,,,,,,,,,,,,,,,,,,,,,,,,,,,,,,,,,,,,,,,,,,,,,,,,,,,,,,,,,,,,,,,,,,,,,,,,,,,,,,,
wcompton,5887,fell,2.78,1,146.487,3.44471,1.06742,0.178799,827.772,138.959,96.9789,92.0705,1.34497,52.6771,29.3607,17.824,23.8434,3.15324,,,,,,,,,,,,,,,,,,,,,,,,,,,,,,,,,,,,,,,,,,,,,,,,,,,,,,,,,,,,,,,,,,,,,,,,,,,,,,,,,,,,,,,,,,,,,,,,,,,,,,,,,,,,,,
wcompton,5888,fell,2.24,1,208.757,95.6897,0.926454,0.616732,826.973,226.092,88.0762,79.7427,22.5856,51.9029,37.7812,18.0892,28.8982,9.543,,,,,,,,,,,,,,,,,,,,,,,,,,,,,,,,,,,,,,,,,,,,,,,,,,,,,,,,,,,,,,,,,,,,,,,,,,,,,,,,,,,,,,,,,,,,,,,,,,,,,,,,,,,,,,
wcompton,5889,fell,1.86,1,80.2614,106.133,2.27399,3.36796,231.945,66.2452,25.6303,26.9227,47.7221,21.4979,14.1085,6.99251,9.5748,2.90956,,,,,,,,,,,,,,,,,,,,,,,,,,,,,,,,,,,,,,,,,,,,,,,,,,,,,,,,,,,,,,,,,,,,,,,,,,,,,,,,,,,,,,,,,,,,,,,,,,,,,,,,,,,,,,
wcompton,5890,fell,1.74,1,183.205,59.6737,1.09476,3.12987,353.415,89.5982,31.4843,33.2442,48.0337,29.0003,20.743,9.40409,14.3709,5.75719,,,,,,,,,,,,,,,,,,,,,,,,,,,,,,,,,,,,,,,,,,,,,,,,,,,,,,,,,,,,,,,,,,,,,,,,,,,,,,,,,,,,,,,,,,,,,,,,,,,,,,,,,,,,,,
wcompton,5891,fell,1.12,1,19.0929,64.8323,2.85212,3.6606,208.489,123.494,20.385,16.7012,10.8557,33.375,24.8081,12.7564,11.3323,6.18297,,,,,,,,,,,,,,,,,,,,,,,,,,,,,,,,,,,,,,,,,,,,,,,,,,,,,,,,,,,,,,,,,,,,,,,,,,,,,,,,,,,,,,,,,,,,,,,,,,,,,,,,,,,,,,
wcompton,5892,fell,1.58,1,143.165,0.366648,1.82631,3.7374,281.924,55.9762,32.3089,16.4193,2.66527,31.1887,16.112,10.8982,9.47898,1.7722,,,,,,,,,,,,,,,,,,,,,,,,,,,,,,,,,,,,,,,,,,,,,,,,,,,,,,,,,,,,,,,,,,,,,,,,,,,,,,,,,,,,,,,,,,,,,,,,,,,,,,,,,,,,,,
wcompton,5893,fell,0.9,1,144.116,43.7441,2.40418,3.71875,186.422,87.3225,16.4036,23.442,11.1797,32.5909,21.4162,13.9776,11.5551,6.05078,,,,,,,,,,,,,,,,,,,,,,,,,,,,,,,,,,,,,,,,,,,,,,,,,,,,,,,,,,,,,,,,,,,,,,,,,,,,,,,,,,,,,,,,,,,,,,,,,,,,,,,,,,,,,,
wcompton,5894,fell,2.76,1,119.674,53.9365,2.95264,3.94034,604.646,136.052,43.2374,20.3281,1.60486,49.3678,24.74,19.2774,14.9324,4.28682,,,,,,,,,,,,,,,,,,,,,,,,,,,,,,,,,,,,,,,,,,,,,,,,,,,,,,,,,,,,,,,,,,,,,,,,,,,,,,,,,,,,,,,,,,,,,,,,,,,,,,,,,,,,,,
wcompton,5895,fell,2.7,1,186.954,12.389,3.09955,2.96289,453.879,142.651,43.1111,27.1525,2.76226,52.451,29.4819,19.3527,16.478,3.19409,,,,,,,,,,,,,,,,,,,,,,,,,,,,,,,,,,,,,,,,,,,,,,,,,,,,,,,,,,,,,,,,,,,,,,,,,,,,,,,,,,,,,,,,,,,,,,,,,,,,,,,,,,,,,,
wcompton,5896,fell,1.7,1,156.172,124.97,1.87569,3.31817,299.246,93.8673,21.5843,36.4989,46.7264,33.0454,23.0444,12.4112,18.3532,5.85951,,,,,,,,,,,,,,,,,,,,,,,,,,,,,,,,,,,,,,,,,,,,,,,,,,,,,,,,,,,,,,,,,,,,,,,,,,,,,,,,,,,,,,,,,,,,,,,,,,,,,,,,,,,,,,
wcompton,5897,fell,1.46,1,93.8526,10.3899,2.55435,3.81489,346.091,74.0266,25.5354,30.6144,20.1253,21.4511,16.9954,7.1069,9.1942,4.96172,,,,,,,,,,,,,,,,,,,,,,,,,,,,,,,,,,,,,,,,,,,,,,,,,,,,,,,,,,,,,,,,,,,,,,,,,,,,,,,,,,,,,,,,,,,,,,,,,,,,,,,,,,,,,,
wcompton,5898,fell,3.46,1,186.893,19.803,1.33858,1.97243,650.264,222.069,105.156,82.7233,125.07,45.6237,34.087,16.4051,23.8111,11.6838,,,,,,,,,,,,,,,,,,,,,,,,,,,,,,,,,,,,,,,,,,,,,,,,,,,,,,,,,,,,,,,,,,,,,,,,,,,,,,,,,,,,,,,,,,,,,,,,,,,,,,,,,,,,,,
wcompton,5899,fell,1.52,1,92.0287,136.577,2.07941,4.06335,259.533,67.5016,29.6826,19.4838,1.49368,41.7901,18.8057,17.7623,14.4487,3.81169,,,,,,,,,,,,,,,,,,,,,,,,,,,,,,,,,,,,,,,,,,,,,,,,,,,,,,,,,,,,,,,,,,,,,,,,,,,,,,,,,,,,,,,,,,,,,,,,,,,,,,,,,,,,,,
wcompton,5900,fell,2.08,1,194.558,30.4641,0.267415,0.584154,750.979,209.498,77.3356,35.4798,1.72547,48.4467,39.2694,15.5169,22.5987,4.67015,,,,,,,,,,,,,,,,,,,,,,,,,,,,,,,,,,,,,,,,,,,,,,,,,,,,,,,,,,,,,,,,,,,,,,,,,,,,,,,,,,,,,,,,,,,,,,,,,,,,,,,,,,,,,,
wcompton,5901,fell,1.8,1,137.535,110.654,1.84158,2.7352,257.222,99.1681,26.4319,24.0808,25.9579,24.6602,18.403,7.74332,12.56,6.76806,,,,,,,,,,,,,,,,,,,,,,,,,,,,,,,,,,,,,,,,,,,,,,,,,,,,,,,,,,,,,,,,,,,,,,,,,,,,,,,,,,,,,,,,,,,,,,,,,,,,,,,,,,,,,,
wcompton,5902,fell,2.52,1,169.722,102.948,1.74029,3.03226,346.674,88.7098,36.8632,34.1865,68.301,28.4885,18.6213,9.17163,14.1659,10.01,,,,,,,,,,,,,,,,,,,,,,,,,,,,,,,,,,,,,,,,,,,,,,,,,,,,,,,,,,,,,,,,,,,,,,,,,,,,,,,,,,,,,,,,,,,,,,,,,,,,,,,,,,,,,,
wcompton,5903,fell,1.96,1,138.695,20.8921,2.5365,3.36512,261.042,136.138,26.147,24.0764,3.63985,24.3117,22.9619,7.25349,9.92092,2.6809,,,,,,,,,,,,,,,,,,,,,,,,,,,,,,,,,,,,,,,,,,,,,,,,,,,,,,,,,,,,,,,,,,,,,,,,,,,,,,,,,,,,,,,,,,,,,,,,,,,,,,,,,,,,,,
wcompton,5904,fell,2.52,1,138.925,32.8257,2.38482,3.32536,453.817,115.704,54.3557,48.4823,3.32859,37.4851,22.3196,13.1894,13.8725,4.39328,,,,,,,,,,,,,,,,,,,,,,,,,,,,,,,,,,,,,,,,,,,,,,,,,,,,,,,,,,,,,,,,,,,,,,,,,,,,,,,,,,,,,,,,,,,,,,,,,,,,,,,,,,,,,,
wcompton,5905,fell,1.9,1,204.355,62.2155,3.22033,3.60805,322.021,109.596,33.7806,34.5585,23.8908,35.3753,17.8955,13.893,13.5817,5.28212,,,,,,,,,,,,,,,,,,,,,,,,,,,,,,,,,,,,,,,,,,,,,,,,,,,,,,,,,,,,,,,,,,,,,,,,,,,,,,,,,,,,,,,,,,,,,,,,,,,,,,,,,,,,,,
wcompton,5906,fell,2.22,1,176.247,73.7424,3.11475,3.38623,634.291,174.125,68.1926,59.3463,11.6461,43.2543,35.6031,14.3465,17.9976,3.84425,,,,,,,,,,,,,,,,,,,,,,,,,,,,,,,,,,,,,,,,,,,,,,,,,,,,,,,,,,,,,,,,,,,,,,,,,,,,,,,,,,,,,,,,,,,,,,,,,,,,,,,,,,,,,,
wcompton,5907,fell,1.2,1,104.925,22.5455,2.13645,3.46841,253.215,57.1638,34.1666,39.3686,55.871,25.2828,13.8771,9.51354,10.9032,5.02257,,,,,,,,,,,,,,,,,,,,,,,,,,,,,,,,,,,,,,,,,,,,,,,,,,,,,,,,,,,,,,,,,,,,,,,,,,,,,,,,,,,,,,,,,,,,,,,,,,,,,,,,,,,,,,
wcompton,5908,fell,2.86,1,150.392,54.498,2.79896,3.86173,545.836,117.654,60.2948,28.1669,0.725703,49.7217,29.9689,16.152,17.0117,1.99362,,,,,,,,,,,,,,,,,,,,,,,,,,,,,,,,,,,,,,,,,,,,,,,,,,,,,,,,,,,,,,,,,,,,,,,,,,,,,,,,,,,,,,,,,,,,,,,,,,,,,,,,,,,,,,
wcompton,5909,fell,2.48,1,175.281,1.68412,1.84138,3.74588,283.024,99.9083,34.945,16.0372,27.9841,36.905,18.7498,14.5183,13.9339,3.32286,,,,,,,,,,,,,,,,,,,,,,,,,,,,,,,,,,,,,,,,,,,,,,,,,,,,,,,,,,,,,,,,,,,,,,,,,,,,,,,,,,,,,,,,,,,,,,,,,,,,,,,,,,,,,,
wcompton,5910,fell,1.48,1,118.46,26.3197,1.92379,3.97832,294.839,42.3708,32.5631,13.0081,0.447703,30.9959,14.5737,11.8424,8.20704,1.29554,,,,,,,,,,,,,,,,,,,,,,,,,,,,,,,,,,,,,,,,,,,,,,,,,,,,,,,,,,,,,,,,,,,,,,,,,,,,,,,,,,,,,,,,,,,,,,,,,,,,,,,,,,,,,,
wcompton,5911,fell,1.36,1,15.1628,81.6766,1.94848,3.37452,301.156,99.8264,26.7677,12.3254,0.670125,46.525,20.9769,17.3866,12.9808,3.42697,,,,,,,,,,,,,,,,,,,,,,,,,,,,,,,,,,,,,,,,,,,,,,,,,,,,,,,,,,,,,,,,,,,,,,,,,,,,,,,,,,,,,,,,,,,,,,,,,,,,,,,,,,,,,,
wcompton,5912,fell,2.02,1,166.639,17.0263,2.36467,3.3307,376.819,106.313,27.8973,43.4753,17.4851,29.0672,20.6407,11.5257,12.4959,3.97857,,,,,,,,,,,,,,,,,,,,,,,,,,,,,,,,,,,,,,,,,,,,,,,,,,,,,,,,,,,,,,,,,,,,,,,,,,,,,,,,,,,,,,,,,,,,,,,,,,,,,,,,,,,,,,
wcompton,5913,fell,2.08,1,181.673,89.8686,1.78709,1.74516,582.684,122.91,47.8934,100.147,71.5306,37.4709,22.1213,14.2435,19.4259,12.4063,,,,,,,,,,,,,,,,,,,,,,,,,,,,,,,,,,,,,,,,,,,,,,,,,,,,,,,,,,,,,,,,,,,,,,,,,,,,,,,,,,,,,,,,,,,,,,,,,,,,,,,,,,,,,,
wcompton,5914,fell,3.32,1,156.86,17.8691,1.59977,3.72184,775.384,171.445,86.043,67.1555,52.4746,44.6113,35.5546,14.3197,19.346,9.78783,,,,,,,,,,,,,,,,,,,,,,,,,,,,,,,,,,,,,,,,,,,,,,,,,,,,,,,,,,,,,,,,,,,,,,,,,,,,,,,,,,,,,,,,,,,,,,,,,,,,,,,,,,,,,,
wcompton,5915,fell,1.26,1,72.6346,51.9639,2.5906,4.04413,276.281,66.992,22.1947,9.36915,0.411001,18.2105,13.9735,5.49146,6.48655,2.23018,,,,,,,,,,,,,,,,,,,,,,,,,,,,,,,,,,,,,,,,,,,,,,,,,,,,,,,,,,,,,,,,,,,,,,,,,,,,,,,,,,,,,,,,,,,,,,,,,,,,,,,,,,,,,,
wcompton,5916,fell,1.7,1,186.212,126.534,2.39411,3.24752,757.136,300.415,80.0619,67.0034,2.07568,37.3316,35.892,10.0721,17.2666,3.66561,,,,,,,,,,,,,,,,,,,,,,,,,,,,,,,,,,,,,,,,,,,,,,,,,,,,,,,,,,,,,,,,,,,,,,,,,,,,,,,,,,,,,,,,,,,,,,,,,,,,,,,,,,,,,,
wcompton,5917,fell,1.2,1,11.8468,78.2631,1.65816,3.71296,204.664,51.5334,17.3553,18.7681,41.3968,20.2406,15.0885,6.13068,9.23771,4.40245,,,,,,,,,,,,,,,,,,,,,,,,,,,,,,,,,,,,,,,,,,,,,,,,,,,,,,,,,,,,,,,,,,,,,,,,,,,,,,,,,,,,,,,,,,,,,,,,,,,,,,,,,,,,,,
wcompton,5918,fell,4.02,1,99.9417,10.6657,1.98554,3.46247,494.626,141.605,47.3896,37.4197,42.5358,50.6786,34.8894,18.7984,21.6585,6.28815,,,,,,,,,,,,,,,,,,,,,,,,,,,,,,,,,,,,,,,,,,,,,,,,,,,,,,,,,,,,,,,,,,,,,,,,,,,,,,,,,,,,,,,,,,,,,,,,,,,,,,,,,,,,,,
wcompton,5919,fell,1.54,1,187.435,76.4546,1.41519,3.62744,520.094,127.077,39.4682,28.5699,1.93462,38.685,29.7114,12.5371,12.0639,2.31139,,,,,,,,,,,,,,,,,,,,,,,,,,,,,,,,,,,,,,,,,,,,,,,,,,,,,,,,,,,,,,,,,,,,,,,,,,,,,,,,,,,,,,,,,,,,,,,,,,,,,,,,,,,,,,
wcompton,5920,fell,2.66,1,200.239,120.372,2.17787,3.19403,505.693,144.591,65.9405,52.7945,62.3738,41.0498,24.6301,14.7528,18.2125,9.3859,,,,,,,,,,,,,,,,,,,,,,,,,,,,,,,,,,,,,,,,,,,,,,,,,,,,,,,,,,,,,,,,,,,,,,,,,,,,,,,,,,,,,,,,,,,,,,,,,,,,,,,,,,,,,,
wcompton,5921,fell,2.66,1,123.506,84.6444,1.07191,3.74709,384.928,110.626,46.8774,16.9045,2.1091,56.3366,25.4956,25.0977,18.6221,2.94706,,,,,,,,,,,,,,,,,,,,,,,,,,,,,,,,,,,,,,,,,,,,,,,,,,,,,,,,,,,,,,,,,,,,,,,,,,,,,,,,,,,,,,,,,,,,,,,,,,,,,,,,,,,,,,
wcompton,5922,fell,1.34,1,149.226,144.311,1.3253,0.611177,503.939,131.149,46.7377,84.248,30.2297,36.8108,24.3315,13.603,21.6518,10.9061,,,,,,,,,,,,,,,,,,,,,,,,,,,,,,,,,,,,,,,,,,,,,,,,,,,,,,,,,,,,,,,,,,,,,,,,,,,,,,,,,,,,,,,,,,,,,,,,,,,,,,,,,,,,,,
wcompton,5923,fell,2.5,1,128.903,3.20188,2.15073,3.45344,317.523,113.429,37.6863,29.278,34.1403,47.2206,21.2306,20.109,17.2888,3.55177,,,,,,,,,,,,,,,,,,,,,,,,,,,,,,,,,,,,,,,,,,,,,,,,,,,,,,,,,,,,,,,,,,,,,,,,,,,,,,,,,,,,,,,,,,,,,,,,,,,,,,,,,,,,,,
wcompton,5924,fell,2.54,1,200.717,19.2669,2.21511,4.0455,417.611,144.083,60.73,33.2602,0.898981,35.3162,23.6417,11.3897,14.3946,1.86816,,,,,,,,,,,,,,,,,,,,,,,,,,,,,,,,,,,,,,,,,,,,,,,,,,,,,,,,,,,,,,,,,,,,,,,,,,,,,,,,,,,,,,,,,,,,,,,,,,,,,,,,,,,,,,
wcompton,5925,fell,1.12,1,63.7152,79.5879,2.1507,3.0551,184.433,54.6903,19.0255,48.1233,74.2125,16.7431,14.5761,5.3934,9.78292,4.86605,,,,,,,,,,,,,,,,,,,,,,,,,,,,,,,,,,,,,,,,,,,,,,,,,,,,,,,,,,,,,,,,,,,,,,,,,,,,,,,,,,,,,,,,,,,,,,,,,,,,,,,,,,,,,,
wcompton,5926,fell,1.92,1,216.316,88.6891,2.41525,3.56899,1000.08,369.093,84.2421,85.6006,12.2036,60.2206,52.1998,15.5734,26.4387,4.99033,,,,,,,,,,,,,,,,,,,,,,,,,,,,,,,,,,,,,,,,,,,,,,,,,,,,,,,,,,,,,,,,,,,,,,,,,,,,,,,,,,,,,,,,,,,,,,,,,,,,,,,,,,,,,,
wcompton,5927,fell,2.46,1,187.498,16.4855,1.67782,3.61272,383.653,113.038,41.9688,22.9742,2.03649,36.4934,24.6836,12.1228,11.3508,1.71767,,,,,,,,,,,,,,,,,,,,,,,,,,,,,,,,,,,,,,,,,,,,,,,,,,,,,,,,,,,,,,,,,,,,,,,,,,,,,,,,,,,,,,,,,,,,,,,,,,,,,,,,,,,,,,
wcompton,5928,fell,1.84,1,196.933,87.8202,1.43564,1.20211,433.394,139.639,53.0543,39.6197,3.81269,29.1583,22.0494,8.77527,15.1132,4.93125,,,,,,,,,,,,,,,,,,,,,,,,,,,,,,,,,,,,,,,,,,,,,,,,,,,,,,,,,,,,,,,,,,,,,,,,,,,,,,,,,,,,,,,,,,,,,,,,,,,,,,,,,,,,,,
wcompton,5929,fell,1.66,1,81.5857,10.7143,2.06246,3.58555,256.273,73.9559,29.7208,37.4114,7.85116,24.9622,15.7907,8.28244,9.83807,6.99374,,,,,,,,,,,,,,,,,,,,,,,,,,,,,,,,,,,,,,,,,,,,,,,,,,,,,,,,,,,,,,,,,,,,,,,,,,,,,,,,,,,,,,,,,,,,,,,,,,,,,,,,,,,,,,
wcompton,5930,fell,2.86,1,82.6901,57.3547,1.73415,3.62395,358.38,88.7861,40.7136,20.3098,33.4573,43.6054,19.3884,17.1635,15.2016,4.89723,,,,,,,,,,,,,,,,,,,,,,,,,,,,,,,,,,,,,,,,,,,,,,,,,,,,,,,,,,,,,,,,,,,,,,,,,,,,,,,,,,,,,,,,,,,,,,,,,,,,,,,,,,,,,,
wcompton,5931,fell,1.78,1,220.138,80.8966,1.97758,3.62343,305.584,111.853,35.0992,26.418,71.4843,29.7695,21.0155,10.132,14.9957,9.12153,,,,,,,,,,,,,,,,,,,,,,,,,,,,,,,,,,,,,,,,,,,,,,,,,,,,,,,,,,,,,,,,,,,,,,,,,,,,,,,,,,,,,,,,,,,,,,,,,,,,,,,,,,,,,,
wcompton,5932,fell,1.88,1,150.825,11.2225,2.42316,3.4044,226.98,96.8526,27.582,29.9271,40.7019,21.4361,19.8044,6.47043,11.2306,8.54085,,,,,,,,,,,,,,,,,,,,,,,,,,,,,,,,,,,,,,,,,,,,,,,,,,,,,,,,,,,,,,,,,,,,,,,,,,,,,,,,,,,,,,,,,,,,,,,,,,,,,,,,,,,,,,
wcompton,5933,fell,1.28,1,31.2689,154.54,1.94852,3.5101,257.804,63.8458,22.5179,48.0322,43.0983,23.4355,13.535,7.99998,14.4913,7.83993,,,,,,,,,,,,,,,,,,,,,,,,,,,,,,,,,,,,,,,,,,,,,,,,,,,,,,,,,,,,,,,,,,,,,,,,,,,,,,,,,,,,,,,,,,,,,,,,,,,,,,,,,,,,,,
wcompton,5934,fell,1.86,1,140.654,21.3144,2.36846,3.72862,223.266,93.6235,23.8895,24.1286,9.30197,19.1109,15.6621,6.02197,8.5152,4.56322,,,,,,,,,,,,,,,,,,,,,,,,,,,,,,,,,,,,,,,,,,,,,,,,,,,,,,,,,,,,,,,,,,,,,,,,,,,,,,,,,,,,,,,,,,,,,,,,,,,,,,,,,,,,,,
wcompton,5935,fell,1.84,1,71.3229,109.532,2.08508,2.23108,401.844,143.339,35.7381,73.3375,1.58181,34.6323,26.3143,11.8681,19.3926,3.24457,,,,,,,,,,,,,,,,,,,,,,,,,,,,,,,,,,,,,,,,,,,,,,,,,,,,,,,,,,,,,,,,,,,,,,,,,,,,,,,,,,,,,,,,,,,,,,,,,,,,,,,,,,,,,,
wcompton,5936,fell,2.28,1,93.8644,48.3888,2.77916,3.59818,392.391,99.8734,33.1609,38.8923,14.5983,30.7222,20.9919,9.52918,13.3718,4.86798,,,,,,,,,,,,,,,,,,,,,,,,,,,,,,,,,,,,,,,,,,,,,,,,,,,,,,,,,,,,,,,,,,,,,,,,,,,,,,,,,,,,,,,,,,,,,,,,,,,,,,,,,,,,,,
wcompton,5937,fell,1.8,1,147.139,6.11687,1.33443,0.480803,437.018,68.1217,46.8056,58.683,2.45421,26.0173,17.9859,7.88987,18.3583,5.92452,,,,,,,,,,,,,,,,,,,,,,,,,,,,,,,,,,,,,,,,,,,,,,,,,,,,,,,,,,,,,,,,,,,,,,,,,,,,,,,,,,,,,,,,,,,,,,,,,,,,,,,,,,,,,,
wcompton,5938,fell,1.56,1,213.296,84.475,2.37145,4.31537,314.88,59.2767,35.9493,12.4643,0.551408,27.6181,15.3563,10.8711,7.81575,1.00926,,,,,,,,,,,,,,,,,,,,,,,,,,,,,,,,,,,,,,,,,,,,,,,,,,,,,,,,,,,,,,,,,,,,,,,,,,,,,,,,,,,,,,,,,,,,,,,,,,,,,,,,,,,,,,
wcompton,5939,fell,1.88,1,102.866,22.1017,2.23592,3.50942,297.411,89.6698,24.7802,25.4962,28.5282,23.8083,18.5948,7.8446,8.78866,4.03652,,,,,,,,,,,,,,,,,,,,,,,,,,,,,,,,,,,,,,,,,,,,,,,,,,,,,,,,,,,,,,,,,,,,,,,,,,,,,,,,,,,,,,,,,,,,,,,,,,,,,,,,,,,,,,
wcompton,5940,fell,2.84,1,128.065,2.61281,1.8516,3.54132,385.843,144.293,34.9833,22.9521,3.50879,43.3595,22.8716,16.0661,16.1025,5.03089,,,,,,,,,,,,,,,,,,,,,,,,,,,,,,,,,,,,,,,,,,,,,,,,,,,,,,,,,,,,,,,,,,,,,,,,,,,,,,,,,,,,,,,,,,,,,,,,,,,,,,,,,,,,,,
wcompton,5941,fell,1.58,1,75.7853,43.6237,1.33404,3.45658,316.329,93.2314,35.2112,41.5729,18.4318,30.5882,17.0025,11.9067,14.1442,6.0694,,,,,,,,,,,,,,,,,,,,,,,,,,,,,,,,,,,,,,,,,,,,,,,,,,,,,,,,,,,,,,,,,,,,,,,,,,,,,,,,,,,,,,,,,,,,,,,,,,,,,,,,,,,,,,
wcompton,5942,fell,1.58,1,135.198,46.6338,2.28698,3.1368,241.428,36.1039,36.1751,29.2,0.5908,21.6908,9.36097,8.90587,9.81058,1.21372,,,,,,,,,,,,,,,,,,,,,,,,,,,,,,,,,,,,,,,,,,,,,,,,,,,,,,,,,,,,,,,,,,,,,,,,,,,,,,,,,,,,,,,,,,,,,,,,,,,,,,,,,,,,,,
wcompton,5943,fell,3,1,132.57,109.57,2.71837,3.8562,297.031,100.147,33.9138,23.5156,12.4301,27.0611,17.0893,9.52425,11.2922,7.09037,,,,,,,,,,,,,,,,,,,,,,,,,,,,,,,,,,,,,,,,,,,,,,,,,,,,,,,,,,,,,,,,,,,,,,,,,,,,,,,,,,,,,,,,,,,,,,,,,,,,,,,,,,,,,,
wcompton,5944,fell,2.38,1,46.3527,76.3281,1.053,2.84619,561.338,102.503,40.3305,47.5282,49.3819,52.8502,36.6055,17.3091,17.7815,7.39596,,,,,,,,,,,,,,,,,,,,,,,,,,,,,,,,,,,,,,,,,,,,,,,,,,,,,,,,,,,,,,,,,,,,,,,,,,,,,,,,,,,,,,,,,,,,,,,,,,,,,,,,,,,,,,
wcompton,5945,fell,1.34,1,111.637,32.9916,1.54433,3.16226,230.842,83.0368,32.7946,28.7195,7.46916,28.2272,17.3903,9.3902,12.3775,5.4637,,,,,,,,,,,,,,,,,,,,,,,,,,,,,,,,,,,,,,,,,,,,,,,,,,,,,,,,,,,,,,,,,,,,,,,,,,,,,,,,,,,,,,,,,,,,,,,,,,,,,,,,,,,,,,
wcompton,5946,fell,1.04,1,143.105,8.91146,1.92599,3.68263,293.739,75.6313,25.3949,47.9673,12.6098,30.5666,20.1373,12.2594,13.1899,3.64087,,,,,,,,,,,,,,,,,,,,,,,,,,,,,,,,,,,,,,,,,,,,,,,,,,,,,,,,,,,,,,,,,,,,,,,,,,,,,,,,,,,,,,,,,,,,,,,,,,,,,,,,,,,,,,
wcompton,5947,fell,1.66,1,95.1387,2.90627,2.77544,3.72098,281.274,107.58,32.2896,41.9746,4.69096,29.7538,21.4199,8.99278,12.7826,4.42353,,,,,,,,,,,,,,,,,,,,,,,,,,,,,,,,,,,,,,,,,,,,,,,,,,,,,,,,,,,,,,,,,,,,,,,,,,,,,,,,,,,,,,,,,,,,,,,,,,,,,,,,,,,,,,
wcompton,5948,fell,1.9,1,97.3177,119.449,1.32871,2.88964,1001.15,149.291,80.6938,69.8609,2.71554,58.0059,33.4137,20.3224,20.3172,5.45683,,,,,,,,,,,,,,,,,,,,,,,,,,,,,,,,,,,,,,,,,,,,,,,,,,,,,,,,,,,,,,,,,,,,,,,,,,,,,,,,,,,,,,,,,,,,,,,,,,,,,,,,,,,,,,
wcompton,5949,fell,1.18,1,29.6929,126.4,3.3487,3.57119,179.336,59.1,27.3028,16.2836,0.582922,25.7263,15.8976,9.73335,9.64764,1.67471,,,,,,,,,,,,,,,,,,,,,,,,,,,,,,,,,,,,,,,,,,,,,,,,,,,,,,,,,,,,,,,,,,,,,,,,,,,,,,,,,,,,,,,,,,,,,,,,,,,,,,,,,,,,,,
wcompton,5950,fell,1.58,1,74.7961,75.0379,1.56212,4.03553,253.405,104.798,40.8839,20.9016,0.857318,30.3849,23.5049,9.76085,11.0415,2.99032,,,,,,,,,,,,,,,,,,,,,,,,,,,,,,,,,,,,,,,,,,,,,,,,,,,,,,,,,,,,,,,,,,,,,,,,,,,,,,,,,,,,,,,,,,,,,,,,,,,,,,,,,,,,,,
wcompton,5951,fell,1.6,1,160.984,22.4215,2.63719,3.82217,280.23,131.738,31.907,38.0101,5.15326,28.1946,26.8663,8.59584,10.7655,3.66102,,,,,,,,,,,,,,,,,,,,,,,,,,,,,,,,,,,,,,,,,,,,,,,,,,,,,,,,,,,,,,,,,,,,,,,,,,,,,,,,,,,,,,,,,,,,,,,,,,,,,,,,,,,,,,
wcompton,5952,fell,1.82,1,209.049,172.447,1.80898,3.1003,355.919,100.475,41.5956,39.7748,26.9372,40.8271,16.947,16.3673,15.3751,6.93551,,,,,,,,,,,,,,,,,,,,,,,,,,,,,,,,,,,,,,,,,,,,,,,,,,,,,,,,,,,,,,,,,,,,,,,,,,,,,,,,,,,,,,,,,,,,,,,,,,,,,,,,,,,,,,
wcompton,5953,fell,1.9,1,167.634,35.7242,2.02349,2.89893,282.654,107.41,45.0541,76.2207,32.8599,27.1145,20.6323,8.18737,15.8896,7.21925,,,,,,,,,,,,,,,,,,,,,,,,,,,,,,,,,,,,,,,,,,,,,,,,,,,,,,,,,,,,,,,,,,,,,,,,,,,,,,,,,,,,,,,,,,,,,,,,,,,,,,,,,,,,,,
wcompton,5954,fell,2.7,1,175.376,68.9852,2.21028,3.09456,526.916,119.235,52.7419,53.7668,37.9238,42.821,22.0319,15.5383,19.2567,5.34063,,,,,,,,,,,,,,,,,,,,,,,,,,,,,,,,,,,,,,,,,,,,,,,,,,,,,,,,,,,,,,,,,,,,,,,,,,,,,,,,,,,,,,,,,,,,,,,,,,,,,,,,,,,,,,
wcompton,5955,fell,2.58,1,93.0188,6.28779,2.12585,3.11704,241.104,100.964,31.5083,34.7022,15.3692,24.8526,17.0997,8.69224,13.8992,6.2549,,,,,,,,,,,,,,,,,,,,,,,,,,,,,,,,,,,,,,,,,,,,,,,,,,,,,,,,,,,,,,,,,,,,,,,,,,,,,,,,,,,,,,,,,,,,,,,,,,,,,,,,,,,,,,
wcompton,5956,fell,1.48,1,112.202,3.1999,2.85249,3.75266,252.055,85.168,35.6584,40.8382,0.897784,26.1843,19.82,8.49128,8.91166,1.03305,,,,,,,,,,,,,,,,,,,,,,,,,,,,,,,,,,,,,,,,,,,,,,,,,,,,,,,,,,,,,,,,,,,,,,,,,,,,,,,,,,,,,,,,,,,,,,,,,,,,,,,,,,,,,,
wcompton,5957,fell,1.38,1,134.951,129.111,2.59973,3.56835,358.134,104.82,41.7109,34.1402,10.4324,22.7212,18.4549,7.35136,10.6804,6.76583,,,,,,,,,,,,,,,,,,,,,,,,,,,,,,,,,,,,,,,,,,,,,,,,,,,,,,,,,,,,,,,,,,,,,,,,,,,,,,,,,,,,,,,,,,,,,,,,,,,,,,,,,,,,,,
wcompton,5958,fell,2.76,1,156.799,18.921,2.56953,3.92076,352.716,120.858,37.6433,26.4241,51.0591,29.055,20.8124,8.89458,10.1101,6.00757,,,,,,,,,,,,,,,,,,,,,,,,,,,,,,,,,,,,,,,,,,,,,,,,,,,,,,,,,,,,,,,,,,,,,,,,,,,,,,,,,,,,,,,,,,,,,,,,,,,,,,,,,,,,,,
wcompton,5959,fell,1.6,1,129.822,64.1102,1.94587,3.96136,478.696,62.0853,72.5777,52.845,0.831977,44.3296,18.6179,18.197,15.4179,1.91738,,,,,,,,,,,,,,,,,,,,,,,,,,,,,,,,,,,,,,,,,,,,,,,,,,,,,,,,,,,,,,,,,,,,,,,,,,,,,,,,,,,,,,,,,,,,,,,,,,,,,,,,,,,,,,
wcompton,5960,fell,1.34,1,179.487,87.0468,1.46086,1.64964,591.961,245.818,63.3717,61.6368,59.1178,39.2614,36.166,14.066,20.1706,7.45563,,,,,,,,,,,,,,,,,,,,,,,,,,,,,,,,,,,,,,,,,,,,,,,,,,,,,,,,,,,,,,,,,,,,,,,,,,,,,,,,,,,,,,,,,,,,,,,,,,,,,,,,,,,,,,
wcompton,5961,fell,2.18,1,101.844,10.3448,1.95422,3.91617,304.438,99.0515,31.3997,8.92662,0.754488,41.6426,18.3494,17.9193,14.2185,3.25791,,,,,,,,,,,,,,,,,,,,,,,,,,,,,,,,,,,,,,,,,,,,,,,,,,,,,,,,,,,,,,,,,,,,,,,,,,,,,,,,,,,,,,,,,,,,,,,,,,,,,,,,,,,,,,
wcompton,5962,fell,1.66,1,166.452,75.2868,1.85711,3.5508,260.121,100.792,27.0622,27.1093,22.8274,31.7123,21.1576,11.6573,11.6052,6.47885,,,,,,,,,,,,,,,,,,,,,,,,,,,,,,,,,,,,,,,,,,,,,,,,,,,,,,,,,,,,,,,,,,,,,,,,,,,,,,,,,,,,,,,,,,,,,,,,,,,,,,,,,,,,,,
wcompton,5963,fell,1.52,1,196.861,61.5695,1.30413,3.56758,352.566,99.5073,37.8528,16.1135,29.7917,23.9819,18.1406,7.21828,8.80096,3.46293,,,,,,,,,,,,,,,,,,,,,,,,,,,,,,,,,,,,,,,,,,,,,,,,,,,,,,,,,,,,,,,,,,,,,,,,,,,,,,,,,,,,,,,,,,,,,,,,,,,,,,,,,,,,,,
wcompton,5964,fell,1.96,1,104.361,36.2641,2.69625,4.00667,357.191,60.347,48.5599,14.6932,0.612021,38.9952,16.5934,16.5875,13.5934,2.86403,,,,,,,,,,,,,,,,,,,,,,,,,,,,,,,,,,,,,,,,,,,,,,,,,,,,,,,,,,,,,,,,,,,,,,,,,,,,,,,,,,,,,,,,,,,,,,,,,,,,,,,,,,,,,,
wcompton,5965,fell,1.88,1,90.934,21.9083,2.61585,3.91671,311.357,88.351,26.4435,28.6208,6.05015,29.9285,20.9117,10.4984,11.523,2.78944,,,,,,,,,,,,,,,,,,,,,,,,,,,,,,,,,,,,,,,,,,,,,,,,,,,,,,,,,,,,,,,,,,,,,,,,,,,,,,,,,,,,,,,,,,,,,,,,,,,,,,,,,,,,,,
wcompton,5966,fell,2.2,1,182.267,92.8316,2.56985,3.74194,333.445,137.972,42.8332,22.1444,80.6295,27.5607,17.845,10.5328,12.511,6.14174,,,,,,,,,,,,,,,,,,,,,,,,,,,,,,,,,,,,,,,,,,,,,,,,,,,,,,,,,,,,,,,,,,,,,,,,,,,,,,,,,,,,,,,,,,,,,,,,,,,,,,,,,,,,,,
wcompton,5967,fell,2.7,1,147.781,39.0251,2.4559,3.86073,340.153,111.992,36.9623,31.6446,44.586,38.7898,18.8104,15.0787,13.1428,7.1928,,,,,,,,,,,,,,,,,,,,,,,,,,,,,,,,,,,,,,,,,,,,,,,,,,,,,,,,,,,,,,,,,,,,,,,,,,,,,,,,,,,,,,,,,,,,,,,,,,,,,,,,,,,,,,
wcompton,5968,fell,2.12,1,192.867,48.2422,2.81807,3.66939,338.115,66.2141,42.6417,47.8219,2.08933,33.4853,21.7687,13.1998,12.7198,4.51098,,,,,,,,,,,,,,,,,,,,,,,,,,,,,,,,,,,,,,,,,,,,,,,,,,,,,,,,,,,,,,,,,,,,,,,,,,,,,,,,,,,,,,,,,,,,,,,,,,,,,,,,,,,,,,
wcompton,5969,fell,1.8,1,121.333,11.2393,1.0246,0.65732,913.487,314.168,97.4569,67.3152,12.4649,58.5197,46.0284,21.8232,26.8321,8.52784,,,,,,,,,,,,,,,,,,,,,,,,,,,,,,,,,,,,,,,,,,,,,,,,,,,,,,,,,,,,,,,,,,,,,,,,,,,,,,,,,,,,,,,,,,,,,,,,,,,,,,,,,,,,,,
wcompton,5970,fell,2.62,1,322.277,69.8687,1.37206,1.67017,1455.44,439.362,140.023,88.2895,15.1735,75.8621,58.7636,23.3552,32.5456,11.326,,,,,,,,,,,,,,,,,,,,,,,,,,,,,,,,,,,,,,,,,,,,,,,,,,,,,,,,,,,,,,,,,,,,,,,,,,,,,,,,,,,,,,,,,,,,,,,,,,,,,,,,,,,,,,
wcompton,5971,fell,2.14,1,114.431,55.9317,2.28549,3.88313,296.926,148.732,27.2191,11.3857,0.672019,33.3215,23.8467,10.9819,10.6901,2.44246,,,,,,,,,,,,,,,,,,,,,,,,,,,,,,,,,,,,,,,,,,,,,,,,,,,,,,,,,,,,,,,,,,,,,,,,,,,,,,,,,,,,,,,,,,,,,,,,,,,,,,,,,,,,,,
wcompton,5972,fell,1.96,1,128.052,27.9186,2.06939,3.81305,758.713,139.711,59.9329,36.5066,0.86673,52.9866,25.3902,18.0909,20.2961,3.22393,,,,,,,,,,,,,,,,,,,,,,,,,,,,,,,,,,,,,,,,,,,,,,,,,,,,,,,,,,,,,,,,,,,,,,,,,,,,,,,,,,,,,,,,,,,,,,,,,,,,,,,,,,,,,,
wcompton,5973,fell,1.7,1,109.346,144.72,2.49915,3.24075,272.876,53.1351,19.5176,45.4328,18.0963,20.6601,13.5937,6.76842,10.5179,6.42383,,,,,,,,,,,,,,,,,,,,,,,,,,,,,,,,,,,,,,,,,,,,,,,,,,,,,,,,,,,,,,,,,,,,,,,,,,,,,,,,,,,,,,,,,,,,,,,,,,,,,,,,,,,,,,
wcompton,5974,fell,2.8,1,78.1625,75.5796,2.19637,3.80231,357.191,123.224,36.047,12.7175,0.691901,40.5783,28.2846,13.04,11.7829,1.67074,,,,,,,,,,,,,,,,,,,,,,,,,,,,,,,,,,,,,,,,,,,,,,,,,,,,,,,,,,,,,,,,,,,,,,,,,,,,,,,,,,,,,,,,,,,,,,,,,,,,,,,,,,,,,,
wcompton,5975,fell,2.5,1,196.381,135.456,1.08056,2.76147,389.595,98.5761,37.0459,50.1353,65.3936,33.3746,25.2226,11.6333,16.8859,9.88287,,,,,,,,,,,,,,,,,,,,,,,,,,,,,,,,,,,,,,,,,,,,,,,,,,,,,,,,,,,,,,,,,,,,,,,,,,,,,,,,,,,,,,,,,,,,,,,,,,,,,,,,,,,,,,
wcompton,5976,fell,2.62,1,189.998,151.077,2.92729,3.98254,658.251,194.569,63.5407,41.4698,15.397,51.5533,26.8872,18.3304,17.5474,5.82441,,,,,,,,,,,,,,,,,,,,,,,,,,,,,,,,,,,,,,,,,,,,,,,,,,,,,,,,,,,,,,,,,,,,,,,,,,,,,,,,,,,,,,,,,,,,,,,,,,,,,,,,,,,,,,
wcompton,5977,fell,1.44,1,85.4672,57.0152,2.38862,3.88892,386.526,82.2637,48.3215,22.4706,0.748129,41.641,21.5262,15.2529,14.0263,2.64893,,,,,,,,,,,,,,,,,,,,,,,,,,,,,,,,,,,,,,,,,,,,,,,,,,,,,,,,,,,,,,,,,,,,,,,,,,,,,,,,,,,,,,,,,,,,,,,,,,,,,,,,,,,,,,
wcompton,5978,fell,1.84,1,105.459,179.2,2.02362,2.73631,358.586,90.9832,38.5263,64.4211,84.1924,30.4075,18.695,10.7349,17.7873,9.86975,,,,,,,,,,,,,,,,,,,,,,,,,,,,,,,,,,,,,,,,,,,,,,,,,,,,,,,,,,,,,,,,,,,,,,,,,,,,,,,,,,,,,,,,,,,,,,,,,,,,,,,,,,,,,,
wcompton,5979,fell,1.62,1,196.75,15.8635,2.81443,3.92279,298.654,60.654,27.8544,23.4215,6.35128,27.1018,19.3766,9.8303,10.3879,6.56043,,,,,,,,,,,,,,,,,,,,,,,,,,,,,,,,,,,,,,,,,,,,,,,,,,,,,,,,,,,,,,,,,,,,,,,,,,,,,,,,,,,,,,,,,,,,,,,,,,,,,,,,,,,,,,
wcompton,5980,fell,1.6,1,121.176,17.1293,1.95444,3.58883,224.527,84.5385,26.8844,21.5525,31.5301,19.7585,14.8774,6.29597,9.87048,5.46396,,,,,,,,,,,,,,,,,,,,,,,,,,,,,,,,,,,,,,,,,,,,,,,,,,,,,,,,,,,,,,,,,,,,,,,,,,,,,,,,,,,,,,,,,,,,,,,,,,,,,,,,,,,,,,
wcompton,5981,fell,1.6,1,135.699,89.2979,2.06613,1.39573,564.914,250.447,58.3677,45.3716,1.64909,37.8275,32.4898,12.6192,14.5026,2.97264,,,,,,,,,,,,,,,,,,,,,,,,,,,,,,,,,,,,,,,,,,,,,,,,,,,,,,,,,,,,,,,,,,,,,,,,,,,,,,,,,,,,,,,,,,,,,,,,,,,,,,,,,,,,,,
wcompton,5982,fell,1.7,1,178.354,130.825,1.38609,1.32479,340.611,49.591,33.797,67.8069,3.10118,20.0248,13.4053,6.99596,14.1261,3.69288,,,,,,,,,,,,,,,,,,,,,,,,,,,,,,,,,,,,,,,,,,,,,,,,,,,,,,,,,,,,,,,,,,,,,,,,,,,,,,,,,,,,,,,,,,,,,,,,,,,,,,,,,,,,,,
wcompton,5983,fell,1.56,1,85.346,53.0336,1.71092,3.71112,314.048,115.411,42.9194,36.0723,0.889856,30.5736,23.9708,9.19908,12.9454,1.82504,,,,,,,,,,,,,,,,,,,,,,,,,,,,,,,,,,,,,,,,,,,,,,,,,,,,,,,,,,,,,,,,,,,,,,,,,,,,,,,,,,,,,,,,,,,,,,,,,,,,,,,,,,,,,,
wcompton,5984,fell,1.34,1,72.9868,134.384,0.456369,2.10254,479.208,56.6678,32.368,49.2864,4.54234,45.0686,14.155,19.8926,17.5286,4.8796,,,,,,,,,,,,,,,,,,,,,,,,,,,,,,,,,,,,,,,,,,,,,,,,,,,,,,,,,,,,,,,,,,,,,,,,,,,,,,,,,,,,,,,,,,,,,,,,,,,,,,,,,,,,,,
wcompton,5985,fell,1.52,1,64.9709,126.053,2.72158,3.60873,274.668,75.5059,35.6912,18.271,5.47169,21.0536,17.3077,7.41764,9.12267,2.87703,,,,,,,,,,,,,,,,,,,,,,,,,,,,,,,,,,,,,,,,,,,,,,,,,,,,,,,,,,,,,,,,,,,,,,,,,,,,,,,,,,,,,,,,,,,,,,,,,,,,,,,,,,,,,,
wcompton,5986,fell,2.02,1,14.3703,178.7,1.03406,3.12696,499.45,96.659,59.3415,56.8525,16.642,45.4212,23.5453,19.0761,21.4374,6.36667,,,,,,,,,,,,,,,,,,,,,,,,,,,,,,,,,,,,,,,,,,,,,,,,,,,,,,,,,,,,,,,,,,,,,,,,,,,,,,,,,,,,,,,,,,,,,,,,,,,,,,,,,,,,,,
wcompton,5987,fell,2.22,1,140.676,50.9288,2.14605,2.61591,440.675,181.196,48.7624,39.0049,4.24963,47.0426,33.3192,18.5573,19.4382,4.27564,,,,,,,,,,,,,,,,,,,,,,,,,,,,,,,,,,,,,,,,,,,,,,,,,,,,,,,,,,,,,,,,,,,,,,,,,,,,,,,,,,,,,,,,,,,,,,,,,,,,,,,,,,,,,,
wcompton,5988,fell,2.36,1,143.161,17.2455,1.81547,3.84196,335.986,76.7201,39.1538,66.2564,1.24065,27.4204,21.1051,9.4681,13.3859,2.26261,,,,,,,,,,,,,,,,,,,,,,,,,,,,,,,,,,,,,,,,,,,,,,,,,,,,,,,,,,,,,,,,,,,,,,,,,,,,,,,,,,,,,,,,,,,,,,,,,,,,,,,,,,,,,,
wcompton,5989,fell,0.98,1,98.7402,114.154,2.10965,3.27908,171.909,50.5199,27.7465,29.2894,43.0412,22.9636,11.3637,8.99346,10.2431,5.56289,,,,,,,,,,,,,,,,,,,,,,,,,,,,,,,,,,,,,,,,,,,,,,,,,,,,,,,,,,,,,,,,,,,,,,,,,,,,,,,,,,,,,,,,,,,,,,,,,,,,,,,,,,,,,,
wcompton,5990,fell,2,1,110.654,154.813,1.37432,0.657618,494.755,90.5203,55.1423,43.5475,3.86158,30.9203,21.656,10.4033,19.9652,7.46421,,,,,,,,,,,,,,,,,,,,,,,,,,,,,,,,,,,,,,,,,,,,,,,,,,,,,,,,,,,,,,,,,,,,,,,,,,,,,,,,,,,,,,,,,,,,,,,,,,,,,,,,,,,,,,
wcompton,5991,fell,1.88,1,152.658,11.1568,2.27785,3.68757,316.771,113.781,35.6242,15.8629,8.34414,39.0281,19.6168,16.9923,12.7803,2.87422,,,,,,,,,,,,,,,,,,,,,,,,,,,,,,,,,,,,,,,,,,,,,,,,,,,,,,,,,,,,,,,,,,,,,,,,,,,,,,,,,,,,,,,,,,,,,,,,,,,,,,,,,,,,,,
wcompton,5992,fell,2.04,1,100.874,55.9516,1.32723,3.88218,328.506,69.8807,39.3211,22.7129,33.8467,34.4959,15.3216,14.5342,11.9043,3.63929,,,,,,,,,,,,,,,,,,,,,,,,,,,,,,,,,,,,,,,,,,,,,,,,,,,,,,,,,,,,,,,,,,,,,,,,,,,,,,,,,,,,,,,,,,,,,,,,,,,,,,,,,,,,,,
wcompton,5993,fell,1.96,1,145.388,81.9304,1.94475,3.54677,243.422,93.7573,30.681,28.2263,86.1134,25.2341,19.6632,8.27418,10.7127,9.68466,,,,,,,,,,,,,,,,,,,,,,,,,,,,,,,,,,,,,,,,,,,,,,,,,,,,,,,,,,,,,,,,,,,,,,,,,,,,,,,,,,,,,,,,,,,,,,,,,,,,,,,,,,,,,,
wcompton,5994,fell,1.64,1,200.848,16.1741,2.08517,3.57478,332.312,75.4886,33.3724,27.637,5.27377,56.1974,20.8199,25.0726,22.2595,5.59608,,,,,,,,,,,,,,,,,,,,,,,,,,,,,,,,,,,,,,,,,,,,,,,,,,,,,,,,,,,,,,,,,,,,,,,,,,,,,,,,,,,,,,,,,,,,,,,,,,,,,,,,,,,,,,
wcompton,5995,fell,2.66,1,231.618,158.307,1.86759,1.21021,789.034,198.707,94.7698,52.4873,12.1969,60.2698,36.9007,22.0843,22.3797,5.73413,,,,,,,,,,,,,,,,,,,,,,,,,,,,,,,,,,,,,,,,,,,,,,,,,,,,,,,,,,,,,,,,,,,,,,,,,,,,,,,,,,,,,,,,,,,,,,,,,,,,,,,,,,,,,,
wcompton,5996,fell,1.98,1,93.2368,37.1374,1.29202,3.69281,254.661,108.087,24.0581,11.7269,2.62495,32.0161,15.7338,13.5402,12.3631,3.43394,,,,,,,,,,,,,,,,,,,,,,,,,,,,,,,,,,,,,,,,,,,,,,,,,,,,,,,,,,,,,,,,,,,,,,,,,,,,,,,,,,,,,,,,,,,,,,,,,,,,,,,,,,,,,,
wcompton,5997,fell,2.5,1,195.613,11.8132,2.26044,3.70159,368.116,164.121,45.7889,35.0434,22.3428,31.5404,26.8552,10.6668,15.6645,4.95752,,,,,,,,,,,,,,,,,,,,,,,,,,,,,,,,,,,,,,,,,,,,,,,,,,,,,,,,,,,,,,,,,,,,,,,,,,,,,,,,,,,,,,,,,,,,,,,,,,,,,,,,,,,,,,
wcompton,5998,fell,1.44,1,130.666,27.054,2.32281,3.21548,333.924,73.7795,27.0591,23.6613,13.1894,37.7211,19.4209,14.5616,13.133,5.65545,,,,,,,,,,,,,,,,,,,,,,,,,,,,,,,,,,,,,,,,,,,,,,,,,,,,,,,,,,,,,,,,,,,,,,,,,,,,,,,,,,,,,,,,,,,,,,,,,,,,,,,,,,,,,,
wcompton,5999,fell,2.44,1,95.502,9.90566,1.98311,3.67808,282.343,96.5331,31.3786,19.1222,25.1869,33.7662,22.6536,11.6572,15.5761,5.54905,,,,,,,,,,,,,,,,,,,,,,,,,,,,,,,,,,,,,,,,,,,,,,,,,,,,,,,,,,,,,,,,,,,,,,,,,,,,,,,,,,,,,,,,,,,,,,,,,,,,,,,,,,,,,,
wcompton,6000,fell,1.54,1,28.2183,138.472,1.50155,3.75009,278.353,47.5248,30.2847,17.2191,0.443644,38.4278,15.7038,15.0202,13.1598,1.54807,,,,,,,,,,,,,,,,,,,,,,,,,,,,,,,,,,,,,,,,,,,,,,,,,,,,,,,,,,,,,,,,,,,,,,,,,,,,,,,,,,,,,,,,,,,,,,,,,,,,,,,,,,,,,,
wcompton,6001,fell,1,1,139.159,56.4953,2.00762,3.00606,258.821,170.891,19.3699,45.5822,49.5651,30.3381,28.4432,11.6204,11.6396,6.47827,,,,,,,,,,,,,,,,,,,,,,,,,,,,,,,,,,,,,,,,,,,,,,,,,,,,,,,,,,,,,,,,,,,,,,,,,,,,,,,,,,,,,,,,,,,,,,,,,,,,,,,,,,,,,,
wcompton,6002,fell,1.38,1,204.467,121.816,3.26353,3.73883,530.944,111.289,41.0315,25.0431,3.05963,41.722,27.5056,15.0845,12.85,2.51211,,,,,,,,,,,,,,,,,,,,,,,,,,,,,,,,,,,,,,,,,,,,,,,,,,,,,,,,,,,,,,,,,,,,,,,,,,,,,,,,,,,,,,,,,,,,,,,,,,,,,,,,,,,,,,
wcompton,6003,fell,1.68,1,113.259,83.674,2.16875,3.94872,356.86,53.1521,31.0423,22.1508,0.408973,34.3681,18.6187,13.3099,8.91217,0.898966,,,,,,,,,,,,,,,,,,,,,,,,,,,,,,,,,,,,,,,,,,,,,,,,,,,,,,,,,,,,,,,,,,,,,,,,,,,,,,,,,,,,,,,,,,,,,,,,,,,,,,,,,,,,,,
wcompton,6004,fell,2.3,1,131.42,52.1008,1.26544,1.30562,783.086,134.267,68.6466,59.7847,47.1957,55.9533,33.0496,19.4908,25.6815,11.7366,,,,,,,,,,,,,,,,,,,,,,,,,,,,,,,,,,,,,,,,,,,,,,,,,,,,,,,,,,,,,,,,,,,,,,,,,,,,,,,,,,,,,,,,,,,,,,,,,,,,,,,,,,,,,,
wcompton,6005,fell,1.46,1,162.734,19.5929,2.09563,3.76518,315.94,59.358,29.8131,24.7598,13.5521,33.7963,17.3554,12.8825,11.7497,3.52889,,,,,,,,,,,,,,,,,,,,,,,,,,,,,,,,,,,,,,,,,,,,,,,,,,,,,,,,,,,,,,,,,,,,,,,,,,,,,,,,,,,,,,,,,,,,,,,,,,,,,,,,,,,,,,
wcompton,6006,fell,2.16,1,76.4241,166.419,1.48582,1.98777,453.682,87.4577,61.0118,42.9939,38.9815,24.3818,16.9262,8.19767,13.1572,6.48141,,,,,,,,,,,,,,,,,,,,,,,,,,,,,,,,,,,,,,,,,,,,,,,,,,,,,,,,,,,,,,,,,,,,,,,,,,,,,,,,,,,,,,,,,,,,,,,,,,,,,,,,,,,,,,
wcompton,6007,fell,2.3,1,118.995,62.3143,2.48119,4.17495,410.505,112.982,30.4623,10.0747,0.718352,37.2831,21.3105,14.7937,11.2899,2.90846,,,,,,,,,,,,,,,,,,,,,,,,,,,,,,,,,,,,,,,,,,,,,,,,,,,,,,,,,,,,,,,,,,,,,,,,,,,,,,,,,,,,,,,,,,,,,,,,,,,,,,,,,,,,,,
wcompton,6008,fell,2.88,1,169.412,162.775,2.51916,4.19069,507.703,139.121,53.2591,29.5324,7.59633,35.1174,25.6103,11.0964,14.293,6.34874,,,,,,,,,,,,,,,,,,,,,,,,,,,,,,,,,,,,,,,,,,,,,,,,,,,,,,,,,,,,,,,,,,,,,,,,,,,,,,,,,,,,,,,,,,,,,,,,,,,,,,,,,,,,,,
wcompton,6009,fell,1.48,1,126.314,6.51214,2.2373,3.41226,334.685,90.8831,22.7921,22.7528,41.276,29.6203,21.4002,10.4258,13.3309,8.0878,,,,,,,,,,,,,,,,,,,,,,,,,,,,,,,,,,,,,,,,,,,,,,,,,,,,,,,,,,,,,,,,,,,,,,,,,,,,,,,,,,,,,,,,,,,,,,,,,,,,,,,,,,,,,,
wcompton,6010,fell,3.22,1,102.495,1.2456,2.51697,3.6272,360.829,103.832,37.9255,28.353,13.7106,40.7995,23.6297,14.7539,14.6881,4.03387,,,,,,,,,,,,,,,,,,,,,,,,,,,,,,,,,,,,,,,,,,,,,,,,,,,,,,,,,,,,,,,,,,,,,,,,,,,,,,,,,,,,,,,,,,,,,,,,,,,,,,,,,,,,,,
wcompton,6011,fell,2.3,1,162.697,52.398,2.59162,3.7212,380.547,107.355,37.3356,19.2999,21.0605,35.1543,20.5111,13.1177,12.4035,4.20784,,,,,,,,,,,,,,,,,,,,,,,,,,,,,,,,,,,,,,,,,,,,,,,,,,,,,,,,,,,,,,,,,,,,,,,,,,,,,,,,,,,,,,,,,,,,,,,,,,,,,,,,,,,,,,
wcompton,6012,fell,1.46,1,111.588,13.9085,1.506,3.24394,230.961,74.8938,18.9551,21.5496,19.9915,28.9783,18.7571,10.0693,11.4492,3.38545,,,,,,,,,,,,,,,,,,,,,,,,,,,,,,,,,,,,,,,,,,,,,,,,,,,,,,,,,,,,,,,,,,,,,,,,,,,,,,,,,,,,,,,,,,,,,,,,,,,,,,,,,,,,,,
wcompton,6013,fell,2.8,1,285.303,98.1585,1.34663,0.829426,1675.36,454.904,118.047,115.523,2.89925,96.5151,66.4126,30.5304,37.7606,6.06481,,,,,,,,,,,,,,,,,,,,,,,,,,,,,,,,,,,,,,,,,,,,,,,,,,,,,,,,,,,,,,,,,,,,,,,,,,,,,,,,,,,,,,,,,,,,,,,,,,,,,,,,,,,,,,
wcompton,6014,fell,1.78,1,134.013,8.87308,1.8813,2.48641,169.192,72.82,22.1257,30.1728,128.347,16.4625,15.7132,6.15977,9.40502,10.9833,,,,,,,,,,,,,,,,,,,,,,,,,,,,,,,,,,,,,,,,,,,,,,,,,,,,,,,,,,,,,,,,,,,,,,,,,,,,,,,,,,,,,,,,,,,,,,,,,,,,,,,,,,,,,,
wcompton,6015,fell,2.24,1,237.056,144.087,1.08074,0.364035,1183.89,511.941,117.162,75.324,15.027,58.1938,60.7817,17.0262,30.4516,9.79621,,,,,,,,,,,,,,,,,,,,,,,,,,,,,,,,,,,,,,,,,,,,,,,,,,,,,,,,,,,,,,,,,,,,,,,,,,,,,,,,,,,,,,,,,,,,,,,,,,,,,,,,,,,,,,
wcompton,6016,fell,1.3,1,82.0997,20.3209,2.64612,4.05013,314.168,55.1291,27.8505,11.2666,0.553248,58.8912,20.7956,29.7628,16.5124,2.62549,,,,,,,,,,,,,,,,,,,,,,,,,,,,,,,,,,,,,,,,,,,,,,,,,,,,,,,,,,,,,,,,,,,,,,,,,,,,,,,,,,,,,,,,,,,,,,,,,,,,,,,,,,,,,,
wcompton,6017,fell,1.78,1,122.96,25.683,2.14539,3.67393,198.65,80.5701,23.3197,14.0192,1.21005,21.7855,15.8374,7.18168,7.59098,2.15191,,,,,,,,,,,,,,,,,,,,,,,,,,,,,,,,,,,,,,,,,,,,,,,,,,,,,,,,,,,,,,,,,,,,,,,,,,,,,,,,,,,,,,,,,,,,,,,,,,,,,,,,,,,,,,
wcompton,6018,fell,2.36,1,106.82,21.4045,2.29274,2.23579,479.216,157.465,52.9546,45.4865,6.46616,29.0283,24.8526,9.65612,17.3932,6.88555,,,,,,,,,,,,,,,,,,,,,,,,,,,,,,,,,,,,,,,,,,,,,,,,,,,,,,,,,,,,,,,,,,,,,,,,,,,,,,,,,,,,,,,,,,,,,,,,,,,,,,,,,,,,,,
wcompton,6019,fell,1.42,1,160.042,35.5922,1.97461,3.25578,305.167,79.5144,20.1649,38.8349,42.8261,26.8449,18.6829,9.412,14.2543,10.9336,,,,,,,,,,,,,,,,,,,,,,,,,,,,,,,,,,,,,,,,,,,,,,,,,,,,,,,,,,,,,,,,,,,,,,,,,,,,,,,,,,,,,,,,,,,,,,,,,,,,,,,,,,,,,,
wcompton,6020,fell,1.76,1,173.711,31.3618,1.77141,3.05535,301.346,93.4082,35.8182,51.2883,22.477,25.6438,19.6147,7.68013,12.643,5.90888,,,,,,,,,,,,,,,,,,,,,,,,,,,,,,,,,,,,,,,,,,,,,,,,,,,,,,,,,,,,,,,,,,,,,,,,,,,,,,,,,,,,,,,,,,,,,,,,,,,,,,,,,,,,,,
wcompton,6021,fell,3.68,1,98.4938,21.4586,1.85255,3.40626,525.416,137.815,77.7365,62.4929,13.6664,37.1629,23.5822,13.0338,17.5579,8.02563,,,,,,,,,,,,,,,,,,,,,,,,,,,,,,,,,,,,,,,,,,,,,,,,,,,,,,,,,,,,,,,,,,,,,,,,,,,,,,,,,,,,,,,,,,,,,,,,,,,,,,,,,,,,,,
wcompton,6022,fell,3.3,1,180.978,45.1524,2.37189,3.32783,761.672,223.438,84.2786,81.656,5.23449,64.7171,41.8004,19.7722,22.3675,4.85465,,,,,,,,,,,,,,,,,,,,,,,,,,,,,,,,,,,,,,,,,,,,,,,,,,,,,,,,,,,,,,,,,,,,,,,,,,,,,,,,,,,,,,,,,,,,,,,,,,,,,,,,,,,,,,
wcompton,6023,fell,1.42,1,105.291,45.5956,2.83047,3.85253,222.837,57.5455,21.975,14.8335,34.5255,28.441,13.4465,13.1874,12.5028,5.58298,,,,,,,,,,,,,,,,,,,,,,,,,,,,,,,,,,,,,,,,,,,,,,,,,,,,,,,,,,,,,,,,,,,,,,,,,,,,,,,,,,,,,,,,,,,,,,,,,,,,,,,,,,,,,,
wcompton,6024,fell,2.74,1,119.229,56.0297,2.99169,4.1133,450.065,128.633,34.6917,16.8813,1.04891,49.9435,25.8906,17.0594,13.8921,2.01161,,,,,,,,,,,,,,,,,,,,,,,,,,,,,,,,,,,,,,,,,,,,,,,,,,,,,,,,,,,,,,,,,,,,,,,,,,,,,,,,,,,,,,,,,,,,,,,,,,,,,,,,,,,,,,
wcompton,6025,fell,2.1,1,191.911,16.5041,2.65455,3.24853,265.131,94.9366,35.4917,21.9875,31.1894,19.7331,17.3808,6.50353,7.96858,4.48781,,,,,,,,,,,,,,,,,,,,,,,,,,,,,,,,,,,,,,,,,,,,,,,,,,,,,,,,,,,,,,,,,,,,,,,,,,,,,,,,,,,,,,,,,,,,,,,,,,,,,,,,,,,,,,
wcompton,6026,fell,1.16,1,83.465,2.88082,2.33031,4.03426,235.995,56.3092,27.217,23.2571,4.84158,23.3274,13.8452,9.61387,9.64095,2.97592,,,,,,,,,,,,,,,,,,,,,,,,,,,,,,,,,,,,,,,,,,,,,,,,,,,,,,,,,,,,,,,,,,,,,,,,,,,,,,,,,,,,,,,,,,,,,,,,,,,,,,,,,,,,,,
wcompton,6027,fell,3.44,1,122.164,47.9787,1.48029,3.20024,470.957,145.835,59.6031,49.2022,17.6399,38.1084,22.8543,13.0655,16.6057,7.35083,,,,,,,,,,,,,,,,,,,,,,,,,,,,,,,,,,,,,,,,,,,,,,,,,,,,,,,,,,,,,,,,,,,,,,,,,,,,,,,,,,,,,,,,,,,,,,,,,,,,,,,,,,,,,,
wcompton,6028,fell,2.32,1,65.9477,28.8276,1.48254,2.99432,435.177,106.89,51.2789,53.9384,10.631,38.9518,27.3698,12.8163,14.3283,3.97513,,,,,,,,,,,,,,,,,,,,,,,,,,,,,,,,,,,,,,,,,,,,,,,,,,,,,,,,,,,,,,,,,,,,,,,,,,,,,,,,,,,,,,,,,,,,,,,,,,,,,,,,,,,,,,
wcompton,6029,fell,1.84,1,132.892,29.4535,1.86471,3.06436,243.214,93.4914,26.2115,29.6885,114.358,27.8387,14.3392,11.0031,12.1744,12.4108,,,,,,,,,,,,,,,,,,,,,,,,,,,,,,,,,,,,,,,,,,,,,,,,,,,,,,,,,,,,,,,,,,,,,,,,,,,,,,,,,,,,,,,,,,,,,,,,,,,,,,,,,,,,,,
wcompton,6030,fell,1.28,1,77.7213,97.8226,1.91335,3.95437,225.571,115.562,26.7035,14.1517,0.449508,24.7419,19.5814,8.33799,8.72968,1.77271,,,,,,,,,,,,,,,,,,,,,,,,,,,,,,,,,,,,,,,,,,,,,,,,,,,,,,,,,,,,,,,,,,,,,,,,,,,,,,,,,,,,,,,,,,,,,,,,,,,,,,,,,,,,,,
wcompton,6031,fell,3.58,1,186.834,20.7375,2.34662,1.29385,1845.83,437.078,149.62,119.179,14.3296,83.8011,66.5684,23.8431,37.6759,16.5666,,,,,,,,,,,,,,,,,,,,,,,,,,,,,,,,,,,,,,,,,,,,,,,,,,,,,,,,,,,,,,,,,,,,,,,,,,,,,,,,,,,,,,,,,,,,,,,,,,,,,,,,,,,,,,
wcompton,6032,fell,1.18,1,94.7293,96.7461,2.39312,4.06325,298.131,50.4464,34.9878,16.2642,0.39187,26.0685,14.5512,10.4416,8.958,2.19808,,,,,,,,,,,,,,,,,,,,,,,,,,,,,,,,,,,,,,,,,,,,,,,,,,,,,,,,,,,,,,,,,,,,,,,,,,,,,,,,,,,,,,,,,,,,,,,,,,,,,,,,,,,,,,
wcompton,6033,fell,1.7,1,156.914,151.315,2.0101,3.63278,282.126,92.3464,33.9829,32.5229,61.4269,23.8287,16.7373,8.42098,14.2221,7.79084,,,,,,,,,,,,,,,,,,,,,,,,,,,,,,,,,,,,,,,,,,,,,,,,,,,,,,,,,,,,,,,,,,,,,,,,,,,,,,,,,,,,,,,,,,,,,,,,,,,,,,,,,,,,,,
wcompton,6034,fell,1.32,1,61.7578,34.4751,2.91249,3.67392,254.102,114.464,30.7586,29.2174,6.82706,28.4455,23.6371,8.76631,10.9121,6.96499,,,,,,,,,,,,,,,,,,,,,,,,,,,,,,,,,,,,,,,,,,,,,,,,,,,,,,,,,,,,,,,,,,,,,,,,,,,,,,,,,,,,,,,,,,,,,,,,,,,,,,,,,,,,,,
wcompton,6035,fell,1.52,1,147.168,81.258,1.48008,3.75254,277.792,71.0008,19.6126,13.183,0.624698,26.3835,16.008,9.12046,8.14229,1.82077,,,,,,,,,,,,,,,,,,,,,,,,,,,,,,,,,,,,,,,,,,,,,,,,,,,,,,,,,,,,,,,,,,,,,,,,,,,,,,,,,,,,,,,,,,,,,,,,,,,,,,,,,,,,,,
wcompton,6036,fell,2.02,1,174.045,42.1572,2.12104,3.48075,395.35,120.749,37.7103,22.5846,2.27852,30.7075,24.4719,7.97604,11.6023,4.07516,,,,,,,,,,,,,,,,,,,,,,,,,,,,,,,,,,,,,,,,,,,,,,,,,,,,,,,,,,,,,,,,,,,,,,,,,,,,,,,,,,,,,,,,,,,,,,,,,,,,,,,,,,,,,,
wcompton,6037,fell,1.84,1,62.753,4.68107,2.23936,3.99346,625.635,69.8609,52.8638,25.1421,1.05967,51.3341,17.3765,18.939,16.0759,3.6495,,,,,,,,,,,,,,,,,,,,,,,,,,,,,,,,,,,,,,,,,,,,,,,,,,,,,,,,,,,,,,,,,,,,,,,,,,,,,,,,,,,,,,,,,,,,,,,,,,,,,,,,,,,,,,
wcompton,6038,fell,1.84,1,182.398,35.4347,1.9048,2.77276,266.546,106.112,33.4685,26.99,4.82383,24.3525,18.7245,8.50769,10.0624,2.95444,,,,,,,,,,,,,,,,,,,,,,,,,,,,,,,,,,,,,,,,,,,,,,,,,,,,,,,,,,,,,,,,,,,,,,,,,,,,,,,,,,,,,,,,,,,,,,,,,,,,,,,,,,,,,,
wcompton,6039,fell,1.52,1,112.842,0.807216,1.60141,3.82406,265.517,57.0196,15.9576,26.5933,1.01079,26.8655,16.1773,8.50818,10.6992,2.19339,,,,,,,,,,,,,,,,,,,,,,,,,,,,,,,,,,,,,,,,,,,,,,,,,,,,,,,,,,,,,,,,,,,,,,,,,,,,,,,,,,,,,,,,,,,,,,,,,,,,,,,,,,,,,,
wcompton,6040,fell,2.44,1,180.715,55.9935,1.70022,3.43694,400.334,110.556,42.4083,23.0394,108.185,37.7189,22.1896,14.7259,15.5654,11.4201,,,,,,,,,,,,,,,,,,,,,,,,,,,,,,,,,,,,,,,,,,,,,,,,,,,,,,,,,,,,,,,,,,,,,,,,,,,,,,,,,,,,,,,,,,,,,,,,,,,,,,,,,,,,,,
wcompton,6041,fell,1.98,1,111.231,80.4964,2.27388,3.64068,343.568,88.5223,38.7298,31.3796,9.01818,40.0948,22.7627,15.3901,15.7723,2.12192,,,,,,,,,,,,,,,,,,,,,,,,,,,,,,,,,,,,,,,,,,,,,,,,,,,,,,,,,,,,,,,,,,,,,,,,,,,,,,,,,,,,,,,,,,,,,,,,,,,,,,,,,,,,,,
wcompton,6042,fell,1.36,1,87.3456,78.3335,2.3804,3.71504,218.571,65.196,19.1139,35.5989,3.35188,19.8646,15.3672,7.03185,10.3522,4.27304,,,,,,,,,,,,,,,,,,,,,,,,,,,,,,,,,,,,,,,,,,,,,,,,,,,,,,,,,,,,,,,,,,,,,,,,,,,,,,,,,,,,,,,,,,,,,,,,,,,,,,,,,,,,,,
wcompton,6043,fell,2.46,1,138.85,104.638,1.43667,2.8312,343.604,95.0384,35.4939,41.6456,78.5674,40.1824,18.1391,15.7622,17.3487,7.20583,,,,,,,,,,,,,,,,,,,,,,,,,,,,,,,,,,,,,,,,,,,,,,,,,,,,,,,,,,,,,,,,,,,,,,,,,,,,,,,,,,,,,,,,,,,,,,,,,,,,,,,,,,,,,,
wcompton,6044,fell,1.68,1,118.991,30.3474,1.85561,2.91246,283.85,73.2658,32.8517,74.2773,7.41084,21.7928,14.2552,7.76502,16.7964,5.39314,,,,,,,,,,,,,,,,,,,,,,,,,,,,,,,,,,,,,,,,,,,,,,,,,,,,,,,,,,,,,,,,,,,,,,,,,,,,,,,,,,,,,,,,,,,,,,,,,,,,,,,,,,,,,,
wcompton,6045,fell,2.66,1,161.539,55.5464,2.36334,3.44575,355.727,104.875,41.83,31.2902,34.048,43.4076,18.6806,18.1808,18.1932,7.16961,,,,,,,,,,,,,,,,,,,,,,,,,,,,,,,,,,,,,,,,,,,,,,,,,,,,,,,,,,,,,,,,,,,,,,,,,,,,,,,,,,,,,,,,,,,,,,,,,,,,,,,,,,,,,,
wcompton,6046,fell,1.68,1,182.288,66.4867,1.7501,3.64117,293.168,53.7269,42.1745,33.3193,4.41545,28.2059,16.223,11.0551,11.6632,1.69117,,,,,,,,,,,,,,,,,,,,,,,,,,,,,,,,,,,,,,,,,,,,,,,,,,,,,,,,,,,,,,,,,,,,,,,,,,,,,,,,,,,,,,,,,,,,,,,,,,,,,,,,,,,,,,
wcompton,6047,fell,1.82,1,191.093,56.5796,2.1247,3.43603,307.664,83.6361,31.3185,30.2983,56.4649,35.6455,17.2434,14.5813,13.6394,9.07942,,,,,,,,,,,,,,,,,,,,,,,,,,,,,,,,,,,,,,,,,,,,,,,,,,,,,,,,,,,,,,,,,,,,,,,,,,,,,,,,,,,,,,,,,,,,,,,,,,,,,,,,,,,,,,
wcompton,6048,fell,2.32,1,120.841,72.9305,2.68627,3.84382,396.289,98.7008,38.4775,19.0414,44.7637,36.769,21.7052,14.3495,12.68,7.47802,,,,,,,,,,,,,,,,,,,,,,,,,,,,,,,,,,,,,,,,,,,,,,,,,,,,,,,,,,,,,,,,,,,,,,,,,,,,,,,,,,,,,,,,,,,,,,,,,,,,,,,,,,,,,,
wcompton,6049,fell,1.48,1,129.369,1.25959,2.77157,4.00964,220.925,85.1343,24.0264,9.80372,0.752163,21.1093,12.1794,6.87033,8.88529,3.81552,,,,,,,,,,,,,,,,,,,,,,,,,,,,,,,,,,,,,,,,,,,,,,,,,,,,,,,,,,,,,,,,,,,,,,,,,,,,,,,,,,,,,,,,,,,,,,,,,,,,,,,,,,,,,,
wcompton,6050,fell,2.14,1,215.593,24.4488,2.13567,3.48473,340.081,96.9642,29.1787,27.4763,13.7358,31.3162,18.7444,10.7798,13.3031,3.25352,,,,,,,,,,,,,,,,,,,,,,,,,,,,,,,,,,,,,,,,,,,,,,,,,,,,,,,,,,,,,,,,,,,,,,,,,,,,,,,,,,,,,,,,,,,,,,,,,,,,,,,,,,,,,,
wcompton,6051,fell,1.06,1,43.4837,83.4137,2.87092,3.43574,579.208,54.1018,53.1543,13.4048,0.520364,57.0462,16.7888,24.3156,14.5724,2.76898,,,,,,,,,,,,,,,,,,,,,,,,,,,,,,,,,,,,,,,,,,,,,,,,,,,,,,,,,,,,,,,,,,,,,,,,,,,,,,,,,,,,,,,,,,,,,,,,,,,,,,,,,,,,,,
wcompton,6052,fell,1.42,1,94.6441,118.429,2.44332,3.36607,341.852,103.421,40.2831,32.1237,68.8025,24.9585,19.0601,8.13799,12.5565,6.02501,,,,,,,,,,,,,,,,,,,,,,,,,,,,,,,,,,,,,,,,,,,,,,,,,,,,,,,,,,,,,,,,,,,,,,,,,,,,,,,,,,,,,,,,,,,,,,,,,,,,,,,,,,,,,,
wcompton,6053,fell,2.2,1,163.006,67.0477,2.25588,3.39299,436.144,162.734,39.6533,45.8143,13.8942,39.2742,20.4883,14.6154,16.2477,4.49018,,,,,,,,,,,,,,,,,,,,,,,,,,,,,,,,,,,,,,,,,,,,,,,,,,,,,,,,,,,,,,,,,,,,,,,,,,,,,,,,,,,,,,,,,,,,,,,,,,,,,,,,,,,,,,
wcompton,6054,fell,2,1,174.128,61.1962,2.12076,3.73392,421.469,73.0114,55.5076,37.5958,5.76884,39.6894,19.0179,17.2332,17.4671,6.63686,,,,,,,,,,,,,,,,,,,,,,,,,,,,,,,,,,,,,,,,,,,,,,,,,,,,,,,,,,,,,,,,,,,,,,,,,,,,,,,,,,,,,,,,,,,,,,,,,,,,,,,,,,,,,,
wcompton,6055,fell,1.26,1,114.993,75.8867,2.01092,3.25489,233.162,98.0415,18.9044,37.4703,11.2373,29.4883,21.6504,10.5696,16.5934,5.73521,,,,,,,,,,,,,,,,,,,,,,,,,,,,,,,,,,,,,,,,,,,,,,,,,,,,,,,,,,,,,,,,,,,,,,,,,,,,,,,,,,,,,,,,,,,,,,,,,,,,,,,,,,,,,,
wcompton,6056,fell,1.64,1,100.562,95.1526,1.78895,3.53368,285.429,59.2153,33.8056,27.9299,1.13702,22.3823,15.396,7.90309,10.7906,3.27196,,,,,,,,,,,,,,,,,,,,,,,,,,,,,,,,,,,,,,,,,,,,,,,,,,,,,,,,,,,,,,,,,,,,,,,,,,,,,,,,,,,,,,,,,,,,,,,,,,,,,,,,,,,,,,
wcompton,6057,fell,1.28,1,103.743,34.0037,1.68003,3.56283,295.955,62.4358,26.2066,31.1892,88.666,23.4957,17.1154,8.30973,12.6646,6.36931,,,,,,,,,,,,,,,,,,,,,,,,,,,,,,,,,,,,,,,,,,,,,,,,,,,,,,,,,,,,,,,,,,,,,,,,,,,,,,,,,,,,,,,,,,,,,,,,,,,,,,,,,,,,,,
wcompton,6058,fell,2.64,1,237.222,0.322003,1.98274,3.24755,473.367,132.561,58.4796,54.3177,15.278,44.4791,25.527,16.8381,15.7981,7.0018,,,,,,,,,,,,,,,,,,,,,,,,,,,,,,,,,,,,,,,,,,,,,,,,,,,,,,,,,,,,,,,,,,,,,,,,,,,,,,,,,,,,,,,,,,,,,,,,,,,,,,,,,,,,,,
wcompton,6059,fell,1.84,1,126.803,18.0451,1.37662,2.04756,220.489,93.1077,23.1952,53.1119,50.9121,22.27,18.1445,6.94287,16.7004,5.26029,,,,,,,,,,,,,,,,,,,,,,,,,,,,,,,,,,,,,,,,,,,,,,,,,,,,,,,,,,,,,,,,,,,,,,,,,,,,,,,,,,,,,,,,,,,,,,,,,,,,,,,,,,,,,,
wcompton,6060,fell,2.34,1,161.457,1.05644,2.70364,4.00894,472.182,112.237,48.4197,19.2449,1.05972,36.6802,29.3503,12.9319,12.9661,3.04431,,,,,,,,,,,,,,,,,,,,,,,,,,,,,,,,,,,,,,,,,,,,,,,,,,,,,,,,,,,,,,,,,,,,,,,,,,,,,,,,,,,,,,,,,,,,,,,,,,,,,,,,,,,,,,
wcompton,6061,fell,2.54,1,134.906,25.2607,2.25631,3.61931,360.515,107.473,39.533,33.4486,32.8526,28.932,23.2441,9.13268,11.4391,5.12949,,,,,,,,,,,,,,,,,,,,,,,,,,,,,,,,,,,,,,,,,,,,,,,,,,,,,,,,,,,,,,,,,,,,,,,,,,,,,,,,,,,,,,,,,,,,,,,,,,,,,,,,,,,,,,
wcompton,6062,fell,1.24,1,101.708,41.5566,2.36679,3.32706,233.436,59.8071,18.9418,33.0998,49.7902,19.9971,16.9431,7.25392,10.8834,6.71269,,,,,,,,,,,,,,,,,,,,,,,,,,,,,,,,,,,,,,,,,,,,,,,,,,,,,,,,,,,,,,,,,,,,,,,,,,,,,,,,,,,,,,,,,,,,,,,,,,,,,,,,,,,,,,
wcompton,6063,fell,1.82,1,145.578,72.0139,2.21051,3.87233,254.22,51.3889,34.6412,49.6782,3.89691,31.1186,16.8608,11.9253,13.0534,6.02147,,,,,,,,,,,,,,,,,,,,,,,,,,,,,,,,,,,,,,,,,,,,,,,,,,,,,,,,,,,,,,,,,,,,,,,,,,,,,,,,,,,,,,,,,,,,,,,,,,,,,,,,,,,,,,
wcompton,6064,fell,1.26,1,170.953,78.4983,3.0156,3.93412,290.576,64.7298,25.0406,36.8497,1.91654,39.1472,20.1906,15.9417,16.0516,3.3595,,,,,,,,,,,,,,,,,,,,,,,,,,,,,,,,,,,,,,,,,,,,,,,,,,,,,,,,,,,,,,,,,,,,,,,,,,,,,,,,,,,,,,,,,,,,,,,,,,,,,,,,,,,,,,
wcompton,6065,fell,2.22,1,218.36,8.26353,2.36416,3.72009,287.35,84.1114,27.1896,20.0477,44.5545,22.1541,14.9389,8.34546,13.3584,5.86461,,,,,,,,,,,,,,,,,,,,,,,,,,,,,,,,,,,,,,,,,,,,,,,,,,,,,,,,,,,,,,,,,,,,,,,,,,,,,,,,,,,,,,,,,,,,,,,,,,,,,,,,,,,,,,
wcompton,6066,fell,1.92,1,194.857,17.6401,3.01931,3.94039,332.396,132.855,31.9393,23.1428,2.08479,29.6115,23.5489,9.29497,10.2797,2.81391,,,,,,,,,,,,,,,,,,,,,,,,,,,,,,,,,,,,,,,,,,,,,,,,,,,,,,,,,,,,,,,,,,,,,,,,,,,,,,,,,,,,,,,,,,,,,,,,,,,,,,,,,,,,,,
wcompton,6067,fell,1.96,1,151.679,8.31932,1.15634,3.35406,268.652,114.001,24.973,13.6304,1.32967,29.3888,16.5712,11.425,11.2851,2.8744,,,,,,,,,,,,,,,,,,,,,,,,,,,,,,,,,,,,,,,,,,,,,,,,,,,,,,,,,,,,,,,,,,,,,,,,,,,,,,,,,,,,,,,,,,,,,,,,,,,,,,,,,,,,,,
wcompton,6068,fell,1.7,1,152.886,38.4389,1.6762,2.91964,193.058,68.239,29.6677,45.356,56.2567,19.742,12.3058,6.78606,14.9196,10.2499,,,,,,,,,,,,,,,,,,,,,,,,,,,,,,,,,,,,,,,,,,,,,,,,,,,,,,,,,,,,,,,,,,,,,,,,,,,,,,,,,,,,,,,,,,,,,,,,,,,,,,,,,,,,,,
wcompton,6069,fell,1.54,1,107.927,100.092,1.9701,4.0851,276.403,87.9674,26.7313,16.4687,2.03617,27.1283,16.3112,10.5476,10.1866,1.97547,,,,,,,,,,,,,,,,,,,,,,,,,,,,,,,,,,,,,,,,,,,,,,,,,,,,,,,,,,,,,,,,,,,,,,,,,,,,,,,,,,,,,,,,,,,,,,,,,,,,,,,,,,,,,,
wcompton,6070,fell,2.04,1,85.0747,30.4926,2.54723,3.99268,521.21,105.496,46.6036,18.9703,0.537839,56.3314,20.9069,23.3523,15.2924,1.34616,,,,,,,,,,,,,,,,,,,,,,,,,,,,,,,,,,,,,,,,,,,,,,,,,,,,,,,,,,,,,,,,,,,,,,,,,,,,,,,,,,,,,,,,,,,,,,,,,,,,,,,,,,,,,,
wcompton,6071,fell,1.3,1,186.002,35.9616,2.55218,3.46942,488.507,61.9459,46.5381,45.3117,0.643882,48.9298,17.3383,18.6122,15.7933,1.67597,,,,,,,,,,,,,,,,,,,,,,,,,,,,,,,,,,,,,,,,,,,,,,,,,,,,,,,,,,,,,,,,,,,,,,,,,,,,,,,,,,,,,,,,,,,,,,,,,,,,,,,,,,,,,,
wcompton,6072,fell,1.26,1,107.465,38.1025,2.98298,1.9543,380.378,108.285,35.5351,18.5777,0.799726,36.6252,22.2168,12.0127,14.1954,2.94546,,,,,,,,,,,,,,,,,,,,,,,,,,,,,,,,,,,,,,,,,,,,,,,,,,,,,,,,,,,,,,,,,,,,,,,,,,,,,,,,,,,,,,,,,,,,,,,,,,,,,,,,,,,,,,
wcompton,6073,fell,2.16,1,154.527,30.9043,3.13872,3.19712,416.089,191.316,45.086,32.25,0.955546,42.3072,30.9619,14.4885,15.9394,2.72082,,,,,,,,,,,,,,,,,,,,,,,,,,,,,,,,,,,,,,,,,,,,,,,,,,,,,,,,,,,,,,,,,,,,,,,,,,,,,,,,,,,,,,,,,,,,,,,,,,,,,,,,,,,,,,
wcompton,6074,fell,2.5,1,249.48,87.7581,1.64493,3.17161,621.378,149.519,61.6825,48.6348,6.02945,44.7922,23.8488,14.6713,17.4785,3.99184,,,,,,,,,,,,,,,,,,,,,,,,,,,,,,,,,,,,,,,,,,,,,,,,,,,,,,,,,,,,,,,,,,,,,,,,,,,,,,,,,,,,,,,,,,,,,,,,,,,,,,,,,,,,,,
wcompton,6075,fell,2.66,1,92.9072,13.3098,2.39486,3.59869,369.235,107.887,38.8458,22.2213,121.422,34.9557,20.57,12.9677,16.1731,12.7031,,,,,,,,,,,,,,,,,,,,,,,,,,,,,,,,,,,,,,,,,,,,,,,,,,,,,,,,,,,,,,,,,,,,,,,,,,,,,,,,,,,,,,,,,,,,,,,,,,,,,,,,,,,,,,
wcompton,6076,fell,0.76,1,117.661,158.093,2.29764,3.33428,332.709,48.8425,31.9288,17.5424,0.206791,31.5306,11.9197,13.1439,9.09881,0.820755,,,,,,,,,,,,,,,,,,,,,,,,,,,,,,,,,,,,,,,,,,,,,,,,,,,,,,,,,,,,,,,,,,,,,,,,,,,,,,,,,,,,,,,,,,,,,,,,,,,,,,,,,,,,,,
wcompton,6077,fell,3.04,1,111.126,39.2979,1.44796,3.47837,423.506,103.85,43.8795,15.5289,3.51732,61.3267,31.6188,26.0655,18.5759,4.46439,,,,,,,,,,,,,,,,,,,,,,,,,,,,,,,,,,,,,,,,,,,,,,,,,,,,,,,,,,,,,,,,,,,,,,,,,,,,,,,,,,,,,,,,,,,,,,,,,,,,,,,,,,,,,,
wcompton,6078,fell,1.36,1,142.379,43.5629,2.31999,3.12066,234.765,78.0648,32.2333,37.9352,68.9205,19.8727,16.567,6.55462,12.237,10.3673,,,,,,,,,,,,,,,,,,,,,,,,,,,,,,,,,,,,,,,,,,,,,,,,,,,,,,,,,,,,,,,,,,,,,,,,,,,,,,,,,,,,,,,,,,,,,,,,,,,,,,,,,,,,,,
wcompton,6079,fell,3.8,1,171.396,10.9333,2.31847,3.5761,553.55,182.783,59.9476,30.0406,1.40952,52.048,32.3768,16.932,16.7808,3.13289,,,,,,,,,,,,,,,,,,,,,,,,,,,,,,,,,,,,,,,,,,,,,,,,,,,,,,,,,,,,,,,,,,,,,,,,,,,,,,,,,,,,,,,,,,,,,,,,,,,,,,,,,,,,,,
wcompton,6080,fell,3.02,1,195.113,70.2452,2.39683,3.52535,638.428,132.006,61.794,32.6146,31.74,64.5485,28.2366,26.8657,21.0254,5.35961,,,,,,,,,,,,,,,,,,,,,,,,,,,,,,,,,,,,,,,,,,,,,,,,,,,,,,,,,,,,,,,,,,,,,,,,,,,,,,,,,,,,,,,,,,,,,,,,,,,,,,,,,,,,,,
wcompton,6081,fell,1.68,1,129.145,82.3071,1.06778,0.547568,379.247,107.26,58.0958,36.3149,5.58544,35.1645,23.6246,13.6152,19.423,7.89392,,,,,,,,,,,,,,,,,,,,,,,,,,,,,,,,,,,,,,,,,,,,,,,,,,,,,,,,,,,,,,,,,,,,,,,,,,,,,,,,,,,,,,,,,,,,,,,,,,,,,,,,,,,,,,
wcompton,6082,fell,1.3,1,45.4827,5.97643,3.14802,3.46521,304.099,83.1148,31.2206,28.3214,2.04559,26.2292,17.6419,8.29895,9.60357,2.81936,,,,,,,,,,,,,,,,,,,,,,,,,,,,,,,,,,,,,,,,,,,,,,,,,,,,,,,,,,,,,,,,,,,,,,,,,,,,,,,,,,,,,,,,,,,,,,,,,,,,,,,,,,,,,,
wcompton,6083,fell,2.76,1,153.256,17.0283,2.41948,2.42268,415.648,97.941,38.821,54.3622,1.74239,29.4424,16.92,9.52296,17.9811,4.16856,,,,,,,,,,,,,,,,,,,,,,,,,,,,,,,,,,,,,,,,,,,,,,,,,,,,,,,,,,,,,,,,,,,,,,,,,,,,,,,,,,,,,,,,,,,,,,,,,,,,,,,,,,,,,,
wcompton,6084,fell,3.38,1,231.187,8.9037,2.28686,3.30464,813.678,220.495,94.9251,75.1999,14.4893,55.7212,35.1411,16.3831,19.7754,4.43638,,,,,,,,,,,,,,,,,,,,,,,,,,,,,,,,,,,,,,,,,,,,,,,,,,,,,,,,,,,,,,,,,,,,,,,,,,,,,,,,,,,,,,,,,,,,,,,,,,,,,,,,,,,,,,
wcompton,6085,fell,2.28,1,83.1124,39.6986,1.0057,3.32078,295.949,113.684,29.9239,13.5146,4.62266,42.5852,22.1983,16.419,12.5742,3.95252,,,,,,,,,,,,,,,,,,,,,,,,,,,,,,,,,,,,,,,,,,,,,,,,,,,,,,,,,,,,,,,,,,,,,,,,,,,,,,,,,,,,,,,,,,,,,,,,,,,,,,,,,,,,,,
wcompton,6086,fell,1.42,1,138.875,18.8482,1.92328,3.52572,241.408,78.674,27.5514,25.2691,56.5934,20.028,15.9729,5.78338,12.1816,10.181,,,,,,,,,,,,,,,,,,,,,,,,,,,,,,,,,,,,,,,,,,,,,,,,,,,,,,,,,,,,,,,,,,,,,,,,,,,,,,,,,,,,,,,,,,,,,,,,,,,,,,,,,,,,,,
wcompton,6087,fell,0.92,1,11.6363,35.4114,2.42439,4.28062,551.255,65.7922,42.2987,13.1301,0.344779,52.3329,15.4237,20.3903,11.4524,2.16505,,,,,,,,,,,,,,,,,,,,,,,,,,,,,,,,,,,,,,,,,,,,,,,,,,,,,,,,,,,,,,,,,,,,,,,,,,,,,,,,,,,,,,,,,,,,,,,,,,,,,,,,,,,,,,
wcompton,6088,fell,1.58,1,81.359,103.552,2.13219,3.67349,708.026,135.268,73.5059,55.6086,45.9227,56.1039,29.2322,21.0368,26.2291,7.8583,,,,,,,,,,,,,,,,,,,,,,,,,,,,,,,,,,,,,,,,,,,,,,,,,,,,,,,,,,,,,,,,,,,,,,,,,,,,,,,,,,,,,,,,,,,,,,,,,,,,,,,,,,,,,,
wcompton,6089,fell,1.1,1,159.393,25.8676,2.34625,3.44416,200.686,57.9033,20.7477,26.8426,37.2961,39.8625,19.515,18.4988,16.3686,5.82727,,,,,,,,,,,,,,,,,,,,,,,,,,,,,,,,,,,,,,,,,,,,,,,,,,,,,,,,,,,,,,,,,,,,,,,,,,,,,,,,,,,,,,,,,,,,,,,,,,,,,,,,,,,,,,
wcompton,6090,fell,1.92,1,157.42,15.302,1.9401,3.39111,295.748,95.657,32.7926,26.0078,15.3234,25.1031,16.3872,8.35983,9.5192,3.76363,,,,,,,,,,,,,,,,,,,,,,,,,,,,,,,,,,,,,,,,,,,,,,,,,,,,,,,,,,,,,,,,,,,,,,,,,,,,,,,,,,,,,,,,,,,,,,,,,,,,,,,,,,,,,,
wcompton,6091,fell,1.36,1,48.3249,90.9166,2.3917,4.01716,275.31,60.1995,23.0592,40.955,10.1452,18.6036,14.5891,6.4606,11.8542,7.04579,,,,,,,,,,,,,,,,,,,,,,,,,,,,,,,,,,,,,,,,,,,,,,,,,,,,,,,,,,,,,,,,,,,,,,,,,,,,,,,,,,,,,,,,,,,,,,,,,,,,,,,,,,,,,,
wcompton,6092,fell,3.36,1,149.409,130.488,0.821284,0.379616,547.825,154.82,56.6676,48.3936,3.35,58.3885,32.8422,21.3362,24.841,7.39277,,,,,,,,,,,,,,,,,,,,,,,,,,,,,,,,,,,,,,,,,,,,,,,,,,,,,,,,,,,,,,,,,,,,,,,,,,,,,,,,,,,,,,,,,,,,,,,,,,,,,,,,,,,,,,
wcompton,6093,fell,1.18,1,69.1192,101.973,2.72482,3.73506,244.458,97.7246,22.383,24.9766,3.52511,33.218,23.1129,13.391,12.0953,3.94267,,,,,,,,,,,,,,,,,,,,,,,,,,,,,,,,,,,,,,,,,,,,,,,,,,,,,,,,,,,,,,,,,,,,,,,,,,,,,,,,,,,,,,,,,,,,,,,,,,,,,,,,,,,,,,
wcompton,6094,fell,3.08,1,138.925,0.395753,1.95099,2.66384,564.516,157.431,63.0531,38.5795,0.688219,40.0614,31.2129,12.2683,15.1005,1.80823,,,,,,,,,,,,,,,,,,,,,,,,,,,,,,,,,,,,,,,,,,,,,,,,,,,,,,,,,,,,,,,,,,,,,,,,,,,,,,,,,,,,,,,,,,,,,,,,,,,,,,,,,,,,,,
wcompton,6095,fell,2.18,1,164.937,8.18647,2.14194,3.6027,450.233,129.642,44.9394,24.5517,43.0175,33.3102,22.2916,11.3152,12.5003,6.82167,,,,,,,,,,,,,,,,,,,,,,,,,,,,,,,,,,,,,,,,,,,,,,,,,,,,,,,,,,,,,,,,,,,,,,,,,,,,,,,,,,,,,,,,,,,,,,,,,,,,,,,,,,,,,,
wcompton,6096,fell,2.04,1,125.935,55.9325,2.2525,3.35745,230.939,112.793,32.1684,20.4059,11.2199,24.4525,20.8192,7.89711,12.3246,4.82187,,,,,,,,,,,,,,,,,,,,,,,,,,,,,,,,,,,,,,,,,,,,,,,,,,,,,,,,,,,,,,,,,,,,,,,,,,,,,,,,,,,,,,,,,,,,,,,,,,,,,,,,,,,,,,
wcompton,6097,fell,2.06,1,102.779,31.7297,1.6848,2.41755,383.384,109.475,53.6874,71.2155,41.8446,26.1168,21.2771,8.59919,15.2589,6.51118,,,,,,,,,,,,,,,,,,,,,,,,,,,,,,,,,,,,,,,,,,,,,,,,,,,,,,,,,,,,,,,,,,,,,,,,,,,,,,,,,,,,,,,,,,,,,,,,,,,,,,,,,,,,,,
wcompton,6098,fell,1.84,1,100.191,11.1311,2.46044,2.41271,250.471,73.2584,35.0312,22.3153,74.9971,27.6094,15.3541,9.96753,13.2134,7.85101,,,,,,,,,,,,,,,,,,,,,,,,,,,,,,,,,,,,,,,,,,,,,,,,,,,,,,,,,,,,,,,,,,,,,,,,,,,,,,,,,,,,,,,,,,,,,,,,,,,,,,,,,,,,,,
wcompton,6099,fell,2.54,1,98.2603,29.5653,1.83822,3.65931,327.614,114.609,31.6517,21.4691,82.4129,43.4667,22.2553,17.5928,16.593,10.5314,,,,,,,,,,,,,,,,,,,,,,,,,,,,,,,,,,,,,,,,,,,,,,,,,,,,,,,,,,,,,,,,,,,,,,,,,,,,,,,,,,,,,,,,,,,,,,,,,,,,,,,,,,,,,,
wcompton,6100,fell,2.62,1,107.891,17.2192,2.53772,3.684,390.344,151.22,56.8765,46.2622,28.4903,29.1801,23.4634,8.96947,14.5567,3.66755,,,,,,,,,,,,,,,,,,,,,,,,,,,,,,,,,,,,,,,,,,,,,,,,,,,,,,,,,,,,,,,,,,,,,,,,,,,,,,,,,,,,,,,,,,,,,,,,,,,,,,,,,,,,,,
wcompton,6101,fell,1.46,1,52.47,90.6164,1.66711,3.15753,337.688,96.0045,21.6103,56.0846,36.935,22.9241,17.65,7.338,13.6709,4.83368,,,,,,,,,,,,,,,,,,,,,,,,,,,,,,,,,,,,,,,,,,,,,,,,,,,,,,,,,,,,,,,,,,,,,,,,,,,,,,,,,,,,,,,,,,,,,,,,,,,,,,,,,,,,,,
wcompton,6102,fell,1.84,1,13.3373,88.3792,1.61885,2.69898,202.576,64.1941,27.5802,103.331,99.2193,22.2665,14.1481,7.43835,18.0834,13.734,,,,,,,,,,,,,,,,,,,,,,,,,,,,,,,,,,,,,,,,,,,,,,,,,,,,,,,,,,,,,,,,,,,,,,,,,,,,,,,,,,,,,,,,,,,,,,,,,,,,,,,,,,,,,,
wcompton,6103,fell,1.64,1,142.302,13.3497,2.9763,3.61795,369.781,86.7678,51.0105,60.5317,2.18234,26.118,15.7962,8.30888,11.8142,2.38145,,,,,,,,,,,,,,,,,,,,,,,,,,,,,,,,,,,,,,,,,,,,,,,,,,,,,,,,,,,,,,,,,,,,,,,,,,,,,,,,,,,,,,,,,,,,,,,,,,,,,,,,,,,,,,
wcompton,6104,fell,1.48,1,139.778,109.628,1.77978,3.49855,351.114,140.252,49.6564,33.3556,36.6865,21.1695,16.8957,6.16748,12.4234,4.18669,,,,,,,,,,,,,,,,,,,,,,,,,,,,,,,,,,,,,,,,,,,,,,,,,,,,,,,,,,,,,,,,,,,,,,,,,,,,,,,,,,,,,,,,,,,,,,,,,,,,,,,,,,,,,,
wcompton,6105,fell,2.04,1,86.12,85.4017,1.47903,3.78935,424.318,136.911,42.6047,37.2552,31.5398,31.8493,27.0795,9.00269,13.0356,4.11763,,,,,,,,,,,,,,,,,,,,,,,,,,,,,,,,,,,,,,,,,,,,,,,,,,,,,,,,,,,,,,,,,,,,,,,,,,,,,,,,,,,,,,,,,,,,,,,,,,,,,,,,,,,,,,
wcompton,6106,fell,2,1,140.123,124.997,2.26344,3.44308,405.009,140.21,38.357,45.1211,58.6785,31.8429,24.6583,9.44924,17.1504,8.30586,,,,,,,,,,,,,,,,,,,,,,,,,,,,,,,,,,,,,,,,,,,,,,,,,,,,,,,,,,,,,,,,,,,,,,,,,,,,,,,,,,,,,,,,,,,,,,,,,,,,,,,,,,,,,,
wcompton,6107,fell,2.42,1,104.233,87.9966,1.85722,3.30035,342.892,99.975,44.5441,37.5418,115.765,27.5868,22.1426,9.11866,12.1171,12.3208,,,,,,,,,,,,,,,,,,,,,,,,,,,,,,,,,,,,,,,,,,,,,,,,,,,,,,,,,,,,,,,,,,,,,,,,,,,,,,,,,,,,,,,,,,,,,,,,,,,,,,,,,,,,,,
wcompton,6108,fell,1.52,1,152.981,158.861,1.81738,2.84388,203.16,71.1932,26.4623,30.2029,69.9645,22.0453,14.127,7.33666,13.0953,9.42152,,,,,,,,,,,,,,,,,,,,,,,,,,,,,,,,,,,,,,,,,,,,,,,,,,,,,,,,,,,,,,,,,,,,,,,,,,,,,,,,,,,,,,,,,,,,,,,,,,,,,,,,,,,,,,
wcompton,6109,fell,1.82,1,234.161,113.593,1.87141,3.04078,503.825,115.395,51.8484,44.175,12.4664,36.0599,20.2751,12.6759,16.7358,4.21809,,,,,,,,,,,,,,,,,,,,,,,,,,,,,,,,,,,,,,,,,,,,,,,,,,,,,,,,,,,,,,,,,,,,,,,,,,,,,,,,,,,,,,,,,,,,,,,,,,,,,,,,,,,,,,
wcompton,6110,fell,2.42,1,104.62,34.157,1.32382,3.20395,332.295,117.257,32.5315,31.8824,33.8575,43.5532,28.7148,16.9428,15.7996,9.35164,,,,,,,,,,,,,,,,,,,,,,,,,,,,,,,,,,,,,,,,,,,,,,,,,,,,,,,,,,,,,,,,,,,,,,,,,,,,,,,,,,,,,,,,,,,,,,,,,,,,,,,,,,,,,,
wcompton,6111,fell,2.66,1,156.984,96.6634,2.75542,4.17144,409.864,97.6822,40.055,36.1474,28.5571,34.617,23.241,10.9949,14.9765,4.26712,,,,,,,,,,,,,,,,,,,,,,,,,,,,,,,,,,,,,,,,,,,,,,,,,,,,,,,,,,,,,,,,,,,,,,,,,,,,,,,,,,,,,,,,,,,,,,,,,,,,,,,,,,,,,,
wcompton,6112,fell,1.86,1,103.568,8.88586,2.64721,3.57607,219.306,75.9341,25.6578,23.803,34.0522,22.5121,17.5791,7.54992,11.2896,4.20606,,,,,,,,,,,,,,,,,,,,,,,,,,,,,,,,,,,,,,,,,,,,,,,,,,,,,,,,,,,,,,,,,,,,,,,,,,,,,,,,,,,,,,,,,,,,,,,,,,,,,,,,,,,,,,
wcompton,6113,fell,1.38,1,126.956,141.046,2.46648,3.74137,265.746,59.8918,37.9641,22.0188,64.8585,19.7418,14.8496,6.91227,8.39199,4.01386,,,,,,,,,,,,,,,,,,,,,,,,,,,,,,,,,,,,,,,,,,,,,,,,,,,,,,,,,,,,,,,,,,,,,,,,,,,,,,,,,,,,,,,,,,,,,,,,,,,,,,,,,,,,,,
wcompton,6114,fell,2.46,1,220.92,39.7516,0.891971,0.697869,505.964,135.941,57.7747,48.5385,20.3622,33.2746,19.8831,11.5317,21.5518,10.4801,,,,,,,,,,,,,,,,,,,,,,,,,,,,,,,,,,,,,,,,,,,,,,,,,,,,,,,,,,,,,,,,,,,,,,,,,,,,,,,,,,,,,,,,,,,,,,,,,,,,,,,,,,,,,,
wcompton,6115,fell,2.12,1,115.447,35.323,1.80914,2.80456,474.843,125.151,50.1132,44.6625,114.335,37.8624,28.3774,13.9997,13.2626,9.37544,,,,,,,,,,,,,,,,,,,,,,,,,,,,,,,,,,,,,,,,,,,,,,,,,,,,,,,,,,,,,,,,,,,,,,,,,,,,,,,,,,,,,,,,,,,,,,,,,,,,,,,,,,,,,,
wcompton,6116,fell,1.86,1,33.7787,166.132,1.99699,3.20674,569.356,123.953,54.3195,34.4789,5.01177,43.565,26.6958,17.9053,15.3043,3.40494,,,,,,,,,,,,,,,,,,,,,,,,,,,,,,,,,,,,,,,,,,,,,,,,,,,,,,,,,,,,,,,,,,,,,,,,,,,,,,,,,,,,,,,,,,,,,,,,,,,,,,,,,,,,,,
wcompton,6117,fell,1.56,1,123.083,22.694,2.44514,3.57039,210.55,69.4668,23.9062,20.6005,2.50853,21.5835,15.7576,6.55597,8.46238,3.01927,,,,,,,,,,,,,,,,,,,,,,,,,,,,,,,,,,,,,,,,,,,,,,,,,,,,,,,,,,,,,,,,,,,,,,,,,,,,,,,,,,,,,,,,,,,,,,,,,,,,,,,,,,,,,,
wcompton,6118,fell,1.92,1,146.982,38.8015,1.56872,3.6133,262.559,88.4967,26.8272,10.3206,0.715675,32.645,17.7902,12.8804,10.698,2.71512,,,,,,,,,,,,,,,,,,,,,,,,,,,,,,,,,,,,,,,,,,,,,,,,,,,,,,,,,,,,,,,,,,,,,,,,,,,,,,,,,,,,,,,,,,,,,,,,,,,,,,,,,,,,,,
wcompton,6119,fell,1.84,1,167.934,141.806,1.73872,3.48862,314.15,105.2,32.2275,32.6315,125.366,27.7892,18.6413,9.37595,15.0194,8.87774,,,,,,,,,,,,,,,,,,,,,,,,,,,,,,,,,,,,,,,,,,,,,,,,,,,,,,,,,,,,,,,,,,,,,,,,,,,,,,,,,,,,,,,,,,,,,,,,,,,,,,,,,,,,,,
wcompton,6120,fell,1.56,1,54.6986,2.72176,2.85217,4.22939,286.145,72.8806,23.8097,12.8448,0.931342,22.2574,17.2075,8.62652,7.46533,1.04559,,,,,,,,,,,,,,,,,,,,,,,,,,,,,,,,,,,,,,,,,,,,,,,,,,,,,,,,,,,,,,,,,,,,,,,,,,,,,,,,,,,,,,,,,,,,,,,,,,,,,,,,,,,,,,
wcompton,6121,fell,2.84,1,124.797,78.8015,1.80985,2.14413,546.296,179.527,75.6552,108.714,55.1956,40.6039,33.9247,14.3246,19.5883,8.7045,,,,,,,,,,,,,,,,,,,,,,,,,,,,,,,,,,,,,,,,,,,,,,,,,,,,,,,,,,,,,,,,,,,,,,,,,,,,,,,,,,,,,,,,,,,,,,,,,,,,,,,,,,,,,,
wcompton,6122,fell,1.94,1,124.035,11.8232,2.27997,3.76398,327.451,89.5325,32.9107,32.4357,28.3417,43.1087,20.8781,18.855,16.2346,3.72469,,,,,,,,,,,,,,,,,,,,,,,,,,,,,,,,,,,,,,,,,,,,,,,,,,,,,,,,,,,,,,,,,,,,,,,,,,,,,,,,,,,,,,,,,,,,,,,,,,,,,,,,,,,,,,
wcompton,6123,fell,2.74,1,136.96,18.9397,2.82193,3.96719,393.274,111.493,39.4931,17.6088,28.2795,43.161,24.4558,17.4278,14.6433,3.24075,,,,,,,,,,,,,,,,,,,,,,,,,,,,,,,,,,,,,,,,,,,,,,,,,,,,,,,,,,,,,,,,,,,,,,,,,,,,,,,,,,,,,,,,,,,,,,,,,,,,,,,,,,,,,,
wcompton,6124,fell,2.08,1,117.043,127.696,1.20265,3.46118,397.669,76.1744,35.1373,26.2892,17.5394,22.9894,15.9813,7.68943,11.9578,5.03535,,,,,,,,,,,,,,,,,,,,,,,,,,,,,,,,,,,,,,,,,,,,,,,,,,,,,,,,,,,,,,,,,,,,,,,,,,,,,,,,,,,,,,,,,,,,,,,,,,,,,,,,,,,,,,
wcompton,6125,fell,1.4,1,128.512,4.5179,1.53262,3.68769,207.564,51.3422,30.2666,11.6278,1.24094,25.827,12.5401,9.97831,10.6974,3.8269,,,,,,,,,,,,,,,,,,,,,,,,,,,,,,,,,,,,,,,,,,,,,,,,,,,,,,,,,,,,,,,,,,,,,,,,,,,,,,,,,,,,,,,,,,,,,,,,,,,,,,,,,,,,,,
wcompton,6126,fell,1.8,1,100.843,128.608,1.80741,3.78904,287.576,76.9382,42.4088,52.8033,4.14505,31.3631,18.7934,10.7936,12.3538,2.96908,,,,,,,,,,,,,,,,,,,,,,,,,,,,,,,,,,,,,,,,,,,,,,,,,,,,,,,,,,,,,,,,,,,,,,,,,,,,,,,,,,,,,,,,,,,,,,,,,,,,,,,,,,,,,,
wcompton,6127,fell,1.66,1,53.2156,139.416,1.84068,3.46911,352.741,96.3913,42.8867,33.2197,42.3259,34.4389,20.8579,13.542,15.1217,6.21152,,,,,,,,,,,,,,,,,,,,,,,,,,,,,,,,,,,,,,,,,,,,,,,,,,,,,,,,,,,,,,,,,,,,,,,,,,,,,,,,,,,,,,,,,,,,,,,,,,,,,,,,,,,,,,
wcompton,6128,fell,1.82,1,130.303,99.689,1.27348,2.22263,335.614,119.14,32.6485,54.3737,102.744,27.0309,19.3216,8.49436,18.2085,6.4039,,,,,,,,,,,,,,,,,,,,,,,,,,,,,,,,,,,,,,,,,,,,,,,,,,,,,,,,,,,,,,,,,,,,,,,,,,,,,,,,,,,,,,,,,,,,,,,,,,,,,,,,,,,,,,
wcompton,6129,fell,1.86,1,106.978,88.3366,1.64693,2.7325,247.002,54.311,27.9455,44.9342,14.6956,21.964,13.1926,7.77496,14.5581,5.88991,,,,,,,,,,,,,,,,,,,,,,,,,,,,,,,,,,,,,,,,,,,,,,,,,,,,,,,,,,,,,,,,,,,,,,,,,,,,,,,,,,,,,,,,,,,,,,,,,,,,,,,,,,,,,,
wcompton,6130,fell,1.32,1,94.7108,80.4671,2.44551,3.57524,251.118,70.3954,31.2951,24.5868,57.299,23.7803,15.4309,9.31724,10.7346,5.61779,,,,,,,,,,,,,,,,,,,,,,,,,,,,,,,,,,,,,,,,,,,,,,,,,,,,,,,,,,,,,,,,,,,,,,,,,,,,,,,,,,,,,,,,,,,,,,,,,,,,,,,,,,,,,,
wcompton,6131,fell,1.72,1,150.162,129.308,2.05268,2.9224,161.159,56.2878,26.261,28.145,77.6738,17.5324,11.9954,6.16979,8.84714,7.67676,,,,,,,,,,,,,,,,,,,,,,,,,,,,,,,,,,,,,,,,,,,,,,,,,,,,,,,,,,,,,,,,,,,,,,,,,,,,,,,,,,,,,,,,,,,,,,,,,,,,,,,,,,,,,,
wcompton,6132,fell,1.34,1,77.0791,46.6626,2.7322,3.4636,272.5,62.4976,37.3775,33.3653,32.3711,21.1088,15.1746,6.82052,10.7311,5.59053,,,,,,,,,,,,,,,,,,,,,,,,,,,,,,,,,,,,,,,,,,,,,,,,,,,,,,,,,,,,,,,,,,,,,,,,,,,,,,,,,,,,,,,,,,,,,,,,,,,,,,,,,,,,,,
wcompton,6133,fell,1.48,1,161.645,158.197,2.24587,3.41255,384.007,106.856,39.5707,47.8744,42.8089,24.131,21.1451,7.94344,15.2417,5.83938,,,,,,,,,,,,,,,,,,,,,,,,,,,,,,,,,,,,,,,,,,,,,,,,,,,,,,,,,,,,,,,,,,,,,,,,,,,,,,,,,,,,,,,,,,,,,,,,,,,,,,,,,,,,,,
wcompton,6134,fell,4.04,1,204.336,12.0922,2.11703,3.01157,603.01,184.439,72.4675,70.237,7.81349,46.8709,28.495,16.4127,20.5381,7.91242,,,,,,,,,,,,,,,,,,,,,,,,,,,,,,,,,,,,,,,,,,,,,,,,,,,,,,,,,,,,,,,,,,,,,,,,,,,,,,,,,,,,,,,,,,,,,,,,,,,,,,,,,,,,,,
wcompton,6135,fell,1.56,1,148.909,36.786,2.08329,3.61073,338.031,126.948,48.0483,41.9235,28.8781,23.699,17.7754,7.62359,12.8995,3.86771,,,,,,,,,,,,,,,,,,,,,,,,,,,,,,,,,,,,,,,,,,,,,,,,,,,,,,,,,,,,,,,,,,,,,,,,,,,,,,,,,,,,,,,,,,,,,,,,,,,,,,,,,,,,,,
wcompton,6136,fell,1.92,1,101.138,8.78157,2.71325,4.08101,297.771,82.9223,23.2496,27.0473,38.4149,31.0856,19.22,12.6257,13.0011,5.06934,,,,,,,,,,,,,,,,,,,,,,,,,,,,,,,,,,,,,,,,,,,,,,,,,,,,,,,,,,,,,,,,,,,,,,,,,,,,,,,,,,,,,,,,,,,,,,,,,,,,,,,,,,,,,,
wcompton,6137,fell,1.26,1,175.634,40.4649,2.871,3.0055,365.347,66.4481,47.1055,35.2345,0.642596,53.6257,19.8976,23.3717,18.0591,2.47059,,,,,,,,,,,,,,,,,,,,,,,,,,,,,,,,,,,,,,,,,,,,,,,,,,,,,,,,,,,,,,,,,,,,,,,,,,,,,,,,,,,,,,,,,,,,,,,,,,,,,,,,,,,,,,
wcompton,6138,fell,2.6,1,154.473,14.6536,0.457547,0.237654,740.433,222.32,68.6175,46.0054,1.48994,55.07,41.6156,16.4001,27.5366,5.86211,,,,,,,,,,,,,,,,,,,,,,,,,,,,,,,,,,,,,,,,,,,,,,,,,,,,,,,,,,,,,,,,,,,,,,,,,,,,,,,,,,,,,,,,,,,,,,,,,,,,,,,,,,,,,,
wcompton,6139,fell,1.46,1,145.558,30.448,3.02508,4.06802,331.035,66.494,22.9315,14.8185,5.38824,25.4753,19.04,8.50284,8.84694,3.39363,,,,,,,,,,,,,,,,,,,,,,,,,,,,,,,,,,,,,,,,,,,,,,,,,,,,,,,,,,,,,,,,,,,,,,,,,,,,,,,,,,,,,,,,,,,,,,,,,,,,,,,,,,,,,,
wcompton,6140,fell,1.82,1,194.325,9.32014,2.4385,3.44451,201.025,72.6228,19.4616,14.026,63.8938,23.7465,14.3288,9.03443,9.89532,8.79581,,,,,,,,,,,,,,,,,,,,,,,,,,,,,,,,,,,,,,,,,,,,,,,,,,,,,,,,,,,,,,,,,,,,,,,,,,,,,,,,,,,,,,,,,,,,,,,,,,,,,,,,,,,,,,
wcompton,6141,fell,1.72,1,117.61,33.8371,2.27037,3.87104,292.548,85.0338,33.6792,18.7719,5.7842,21.9305,17.6506,6.60147,8.24646,2.29632,,,,,,,,,,,,,,,,,,,,,,,,,,,,,,,,,,,,,,,,,,,,,,,,,,,,,,,,,,,,,,,,,,,,,,,,,,,,,,,,,,,,,,,,,,,,,,,,,,,,,,,,,,,,,,
wcompton,6142,fell,2.1,1,139.789,129.746,1.05619,0.179014,601.441,163.564,60.5069,52.2762,10.9296,36.8455,27.8853,11.4496,20.1019,9.14419,,,,,,,,,,,,,,,,,,,,,,,,,,,,,,,,,,,,,,,,,,,,,,,,,,,,,,,,,,,,,,,,,,,,,,,,,,,,,,,,,,,,,,,,,,,,,,,,,,,,,,,,,,,,,,
wcompton,6143,fell,1.86,1,116.72,17.8094,1.813,3.16144,216.519,106.577,26.409,27.2712,25.2414,28.016,19.0878,10.8441,13.1114,4.82074,,,,,,,,,,,,,,,,,,,,,,,,,,,,,,,,,,,,,,,,,,,,,,,,,,,,,,,,,,,,,,,,,,,,,,,,,,,,,,,,,,,,,,,,,,,,,,,,,,,,,,,,,,,,,,
