policy,runid,outcome,survival_s,targets,pos_err_cm,yaw_err_deg,pelvis_speed_mps,head_speed_mps,s0_e_legs_upper_j,s0_e_legs_lower_j,s0_e_waist_j,s0_e_arms_upper_j,s0_e_arms_lower_j,s0_v_legs_upper_krads2,s0_v_legs_lower_krads2,s0_v_waist_krads2,s0_v_arms_upper_krads2,s0_v_arms_lower_krads2,s0_steps,s0_touchdown_mps,s0_peak_grf_bw,s0_stomp_j,s1_e_legs_upper_j,s1_e_legs_lower_j,s1_e_waist_j,s1_e_arms_upper_j,s1_e_arms_lower_j,s1_v_legs_upper_krads2,s1_v_legs_lower_krads2,s1_v_waist_krads2,s1_v_arms_upper_krads2,s1_v_arms_lower_krads2,s1_steps,s1_touchdown_mps,s1_peak_grf_bw,s1_stomp_j,s2_e_legs_upper_j,s2_e_legs_lower_j,s2_e_waist_j,s2_e_arms_upper_j,s2_e_arms_lower_j,s2_v_legs_upper_krads2,s2_v_legs_lower_krads2,s2_v_waist_krads2,s2_v_arms_upper_krads2,s2_v_arms_lower_krads2,s2_steps,s2_touchdown_mps,s2_peak_grf_bw,s2_stomp_j,s3_e_legs_upper_j,s3_e_legs_lower_j,s3_e_waist_j,s3_e_arms_upper_j,s3_e_arms_lower_j,s3_v_legs_upper_krads2,s3_v_legs_lower_krads2,s3_v_waist_krads2,s3_v_arms_upper_krads2,s3_v_arms_lower_krads2,s3_steps,s3_touchdown_mps,s3_peak_grf_bw,s3_stomp_j,s4_e_legs_upper_j,s4_e_legs_lower_j,s4_e_waist_j,s4_e_arms_upper_j,s4_e_arms_lower_j,s4_v_legs_upper_krads2,s4_v_legs_lower_krads2,s4_v_waist_krads2,s4_v_arms_upper_krads2,s4_v_arms_lower_krads2,s4_steps,s4_touchdown_mps,s4_peak_grf_bw,s4_stomp_j,s5_e_legs_upper_j,s5_e_legs_lower_j,s5_e_waist_j,s5_e_arms_upper_j,s5_e_arms_lower_j,s5_v_legs_upper_krads2,s5_v_legs_lower_krads2,s5_v_waist_krads2,s5_v_arms_upper_krads2,s5_v_arms_lower_krads2,s5_steps,s5_touchdown_mps,s5_peak_grf_bw,s5_stomp_j,s6_e_legs_upper_j,s6_e_legs_lower_j,s6_e_waist_j,s6_e_arms_upper_j,s6_e_arms_lower_j,s6_v_legs_upper_krads2,s6_v_legs_lower_krads2,s6_v_waist_krads2,s6_v_arms_upper_krads2,s6_v_arms_lower_krads2,s6_steps,s6_touchdown_mps,s6_peak_grf_bw,s6_stomp_j,s7_e_legs_upper_j,s7_e_legs_lower_j,s7_e_waist_j,s7_e_arms_upper_j,s7_e_arms_lower_j,s7_v_legs_upper_krads2,s7_v_legs_lower_krads2,s7_v_waist_krads2,s7_v_arms_upper_krads2,s7_v_arms_lower_krads2,s7_steps,s7_touchdown_mps,s7_peak_grf_bw,s7_stomp_j,s8_e_legs_upper_j,s8_e_legs_lower_j,s8_e_waist_j,s8_e_arms_upper_j,s8_e_arms_lower_j,s8_v_legs_upper_krads2,s8_v_legs_lower_krads2,s8_v_waist_krads2,s8_v_arms_upper_krads2,s8_v_arms_lower_krads2,s8_steps,s8_touchdown_mps,s8_peak_grf_bw,s8_stomp_j,s9_e_legs_upper_j,s9_e_legs_lower_j,s9_e_waist_j,s9_e_arms_upper_j,s9_e_arms_lower_j,s9_v_legs_upper_krads2,s9_v_legs_lower_krads2,s9_v_waist_krads2,s9_v_arms_upper_krads2,s9_v_arms_lower_krads2,s9_steps,s9_touchdown_mps,s9_peak_grf_bw,s9_stomp_j,s10_e_legs_upper_j,s10_e_legs_lower_j,s10_e_waist_j,s10_e_arms_upper_j,s10_e_arms_lower_j,s10_v_legs_upper_krads2,s10_v_legs_lower_krads2,s10_v_waist_krads2,s10_v_arms_upper_krads2,s10_v_arms_lower_krads2,s10_steps,s10_touchdown_mps,s10_peak_grf_bw,s10_stomp_j,s11_e_legs_upper_j,s11_e_legs_lower_j,s11_e_waist_j,s11_e_arms_upper_j,s11_e_arms_lower_j,s11_v_legs_upper_krads2,s11_v_legs_lower_krads2,s11_v_waist_krads2,s11_v_arms_upper_krads2,s11_v_arms_lower_krads2,s11_steps,s11_touchdown_mps,s11_peak_grf_bw,s11_stomp_j,s12_e_legs_upper_j,s12_e_legs_lower_j,s12_e_waist_j,s12_e_arms_upper_j,s12_e_arms_lower_j,s12_v_legs_upper_krads2,s12_v_legs_lower_krads2,s12_v_waist_krads2,s12_v_arms_upper_krads2,s12_v_arms_lower_krads2,s12_steps,s12_touchdown_mps,s12_peak_grf_bw,s12_stomp_j,s13_e_legs_upper_j,s13_e_legs_lower_j,s13_e_waist_j,s13_e_arms_upper_j,s13_e_arms_lower_j,s13_v_legs_upper_krads2,s13_v_legs_lower_krads2,s13_v_waist_krads2,s13_v_arms_upper_krads2,s13_v_arms_lower_krads2,s13_steps,s13_touchdown_mps,s13_peak_grf_bw,s13_stomp_j,s14_e_legs_upper_j,s14_e_legs_lower_j,s14_e_waist_j,s14_e_arms_upper_j,s14_e_arms_lower_j,s14_v_legs_upper_krads2,s14_v_legs_lower_krads2,s14_v_waist_krads2,s14_v_arms_upper_krads2,s14_v_arms_lower_krads2,s14_steps,s14_touchdown_mps,s14_peak_grf_bw,s14_stomp_j,s15_e_legs_upper_j,s15_e_legs_lower_j,s15_e_waist_j,s15_e_arms_upper_j,s15_e_arms_lower_j,s15_v_legs_upper_krads2,s15_v_legs_lower_krads2,s15_v_waist_krads2,s15_v_arms_upper_krads2,s15_v_arms_lower_krads2,s15_steps,s15_touchdown_mps,s15_peak_grf_bw,s15_stomp_j,s16_e_legs_upper_j,s16_e_legs_lower_j,s16_e_waist_j,s16_e_arms_upper_j,s16_e_arms_lower_j,s16_v_legs_upper_krads2,s16_v_legs_lower_krads2,s16_v_waist_krads2,s16_v_arms_upper_krads2,s16_v_arms_lower_krads2,s16_steps,s16_touchdown_mps,s16_peak_grf_bw,s16_stomp_j,s17_e_legs_upper_j,s17_e_legs_lower_j,s17_e_waist_j,s17_e_arms_upper_j,s17_e_arms_lower_j,s17_v_legs_upper_krads2,s17_v_legs_lower_krads2,s17_v_waist_krads2,s17_v_arms_upper_krads2,s17_v_arms_lower_krads2,s17_steps,s17_touchdown_mps,s17_peak_grf_bw,s17_stomp_j
gr00t_wbc_h074_p000,3584,complete,90,18,7.52209,3.01279,0.0447552,0.0491725,181.617,28.2774,9.43806,14.0237,1.93403,18.0104,9.9904,2.63331,4.98341,1.05235,11,0.43493,0.886262,1.55301,198.759,16.4064,7.06177,12.7711,0.906809,16.2566,7.58428,2.52771,4.72532,1.03037,10,0.529544,1.11886,2.23004,270.921,23.3918,17.7226,61.0947,1.67898,20.8956,14.0662,3.56302,8.54567,2.00659,16,0.438663,0.987207,1.51912,246.183,26.8053,11.4616,21.2356,1.28915,18.6035,9.901,2.86576,5.29251,1.2261,8,0.575529,1.33995,3.92926,205.921,31.5258,12.1674,21.0344,0.727665,17.5297,10.2587,3.20966,4.87174,1.17404,10,0.668835,1.50275,2.85251,160.299,15.6096,7.39447,21.881,1.00132,13.1958,8.69248,2.34643,3.68102,1.36119,9,0.457324,1.01558,1.48721,202.562,23.769,11.4535,26.4663,1.22574,15.8917,9.84471,2.55981,4.92295,0.90782,12,0.558427,1.00189,1.83137,193.623,16.4867,9.69949,24.2064,1.58542,16.3802,7.85844,2.63734,3.7041,0.853323,10,0.541201,1.1759,1.8755,163.141,24.2265,9.29156,20.1755,1.0573,13.072,8.6043,2.04618,3.75427,0.879512,10,0.538644,0.904936,1.66898,232.136,18.4353,14.2006,21.8544,0.956647,20.2202,10.2881,3.3269,4.77044,0.990583,13,0.538456,1.20534,2.15321,418.407,50.248,78.463,200.603,66.4779,31.379,17.9286,5.84729,24.9041,11.0842,14,0.632243,1.3039,2.71908,369.283,33.3388,21.069,25.2938,1.87074,31.8063,13.6137,5.19737,6.83954,1.8881,18,0.505767,1.30008,1.88212,362.177,44.169,17.542,15.6369,0.987358,26.1342,13.4459,3.56897,5.28226,1.54821,12,0.421809,1.12142,2.47491,293.389,26.3295,31.9078,58.7732,5.9565,24.8369,8.70259,5.52912,17.9595,9.6995,15,0.470602,1.17185,2.21966,266.781,19.9824,13.6647,11.1699,1.28038,24.1221,10.8844,4.15989,6.24569,2.10319,19,0.458279,1.00157,1.38614,140.479,12.4375,6.03226,16.1236,1.24213,11.1752,6.24278,1.96287,4.25408,2.42112,6,0.523849,1.2569,1.98395,228.011,23.0903,9.16019,9.47235,1.41842,18.5047,11.3984,2.98651,4.49587,2.05184,13,0.599783,1.06196,1.7621,397.091,36.2342,14.2152,37.4933,13.9237,29.4811,15.5085,4.85948,12.0556,7.01841,22,0.499582,1.03088,2.29891
gr00t_wbc_h074_p000,3585,fell,61.14,13,12.8356,9.83811,2.67572,3.74313,309.317,28.9763,12.3067,15.4174,1.45681,26.2977,13.9674,4.19194,6.10791,1.08522,18,0.441553,0.919436,1.60239,188.774,20.7085,9.95693,22.4891,2.02532,15.0396,9.57202,2.57129,4.84067,1.67637,10,0.557095,1.19144,2.00307,113.252,18.0161,6.47853,10.1435,1.92062,9.60916,5.63467,1.54947,3.08411,2.8725,6,0.466317,0.969873,1.77733,260.452,30.1031,15.421,21.0497,2.42664,19.3757,9.42951,3.32763,5.39624,2.68231,10,0.591214,1.46348,3.19547,266.667,39.0089,15.3533,22.9772,1.59685,18.9713,10.2911,3.55494,5.23457,1.57721,10,0.662259,1.49923,2.87372,480.832,67.7125,22.4773,26.0102,1.5498,34.2305,18.7116,4.98174,7.14367,1.64815,14,0.577351,1.5059,3.6644,351.585,26.4443,17.8934,38.8863,2.23986,28.3898,14.8703,4.64467,8.55695,2.24872,18,0.447036,1.08674,2.27836,245.759,25.5166,18.2711,25.5907,1.3975,19.5586,11.9419,3.44278,5.65028,2.61881,11,0.531918,1.25855,2.55781,615.121,84.8239,28.831,26.7424,2.49296,45.2675,27.7068,7.08077,9.40214,5.65058,20,0.488151,1.41888,3.2619,163.396,15.8083,10.1511,29.4172,4.01739,12.9966,8.3735,2.19086,3.74038,2.65848,8,0.47767,1.11549,1.95802,422.948,61.0855,54.9221,147.967,133.487,35.3839,21.7797,6.99388,24.726,10.4749,19,0.500211,1.22284,2.39421,261.417,25.1648,9.70732,15.1308,1.04294,18.5322,10.8912,3.15316,5.63062,1.76018,9,0.617306,1.52515,3.53861,973.217,58.0609,40.5632,130.014,1.29552,29.5272,17.4185,4.77588,17.4765,3.98564,7,0.422835,1.0377,3.22622,,,,,,,,,,,,,,,,,,,,,,,,,,,,,,,,,,,,,,,,,,,,,,,,,,,,,,,,,,,,,,,,,,,,,,
gr00t_wbc_h074_p000,3586,complete,90,18,9.28293,2.92313,0.0465569,0.0618684,107.616,16.6537,7.25942,12.7376,5.06703,11.9833,7.10718,1.85462,5.42476,3.64219,8,0.372536,0.832766,1.4543,286.174,25.9446,14.7718,31.8112,1.76503,22.6305,12.9803,3.73912,8.32563,2.06237,15,0.512384,1.10099,1.82478,121.497,9.97979,7.36562,17.888,2.63691,11.6927,7.90632,2.18037,5.8637,2.90782,9,0.449941,1.00534,1.63818,304.88,29.3491,22.6874,38.363,78.0212,28.6461,16.069,4.85016,12.28,5.21423,24,0.376844,0.85652,1.24858,286.886,30.5299,15.5598,31.1012,1.3395,22.6575,12.2911,3.52205,9.18419,1.7241,14,0.483833,1.13005,1.70537,282.227,26.6922,11.3455,16.4169,0.906578,22.636,12.6763,3.77947,6.78447,1.31568,14,0.515109,1.23422,2.09565,273.487,26.4597,11.9293,11.642,1.33987,21.9922,11.4247,3.43321,7.03348,1.29172,15,0.475141,1.0599,1.35956,292.042,31.3038,10.4398,11.9901,0.857399,21.4789,11.0734,3.76024,7.23129,1.25344,12,0.679494,1.44615,3.23509,170.232,15.7867,8.04742,15.8488,2.09508,14.2847,8.73819,2.13125,3.51361,1.73737,10,0.512113,1.17644,1.60418,291.16,24.4337,10.8539,16.0116,1.93751,21.9716,11.5903,3.9035,5.14366,2.78265,14,0.568333,1.23186,2.37463,311.612,28.8653,13.8204,19.65,1.62186,27.5097,11.9889,4.54241,9.44695,4.0875,16,0.611446,1.28949,2.71177,557.374,84.175,46.5744,47.49,3.44828,44.4604,23.9818,7.60791,12.7196,6.18777,21,0.526675,1.2948,3.31704,235.972,26.7955,17.2525,23.1546,0.619888,20.2133,12.5545,3.45383,5.45294,1.03028,12,0.551692,1.25551,2.39624,226.214,18.4885,16.4252,26.7379,0.896317,20.9403,9.73148,3.26589,5.45539,1.28944,14,0.338555,1.06483,2.75583,937.921,94.8255,49.7589,63.1396,2.61191,61.5139,30.0955,7.70457,16.5966,3.66053,18,0.5209,1.21033,5.79079,242.041,30.1884,17.8282,26.828,0.822762,21.1314,13.3624,3.50977,5.75691,1.41488,14,0.542503,1.19099,1.75382,186.579,11.4055,13.2435,27.9105,0.978516,17.223,7.986,3.12532,5.06934,1.3543,11,0.562057,1.21633,2.17634,496.345,49.3209,38.021,31.4921,2.72599,37.1786,16.0682,6.49964,7.89306,3.61976,21,0.417536,1.42044,4.00764
gr00t_wbc_h074_p000,3587,complete,90,18,9.42281,3.21777,0.120988,0.063531,166.907,27.4496,8.05349,11.1132,0.899071,16.9203,10.6803,2.51648,5.36379,2.3872,7,0.470628,1.15402,2.83178,167.397,15.2951,18.4952,41.6325,3.47294,13.1267,8.86014,2.70953,7.31008,4.35462,9,0.564052,1.16911,1.964,136.902,15.8158,9.69517,21.8434,1.00691,11.0368,5.95594,1.87227,2.89389,0.987854,9,0.440932,0.984235,1.44203,189.67,20.1912,13.5685,21.5309,1.07159,16.1762,11.0153,2.55918,4.28937,1.35744,13,0.430719,1.0488,1.27574,244.633,27.7855,15.3134,31.5401,1.42393,19.3311,11.0383,3.2689,4.53985,1.63154,14,0.484147,1.06999,1.65986,242.588,33.9781,13.4938,20.8246,1.28936,20.2231,12.1076,3.08729,4.52615,1.01392,11,0.561961,1.20592,2.52877,276.583,31.5115,12.1416,14.3099,1.55358,18.6723,9.73186,3.35937,6.05504,1.9322,11,0.644977,1.42915,3.83122,301.572,29.673,13.7286,23.728,3.36344,23.6179,12.7571,3.99304,5.88455,3.36271,14,0.630735,1.32482,2.33635,166.196,16.5527,7.31366,12.0853,1.29385,13.1358,6.53037,2.23121,6.41434,1.97653,12,0.365716,0.769157,1.50687,273.128,18.7191,14.6724,12.2278,0.629647,24.1305,14.5654,4.28299,7.27573,2.99938,18,0.474243,0.992399,2.07789,261.969,25.3403,16.0608,20.7454,1.03212,20.1983,11.5418,3.32488,4.70247,1.45393,14,0.530827,1.14106,1.81103,444.403,49.4469,83.0303,175.161,144.995,36.5173,17.6109,9.04976,20.5951,11.2413,17,0.578625,1.39765,3.33054,192.772,26.8658,13.161,16.7673,0.916809,14.6707,9.64067,2.59876,4.9035,2.36049,9,0.600772,1.1105,2.03379,359.504,34.7586,24.9033,20.8731,1.29907,28.4146,15.963,5.06244,6.9158,2.11647,18,0.547044,1.18484,2.68184,312.006,50.299,33.279,30.1279,1.59912,25.5497,17.3365,4.77582,9.34888,2.82604,17,0.605573,1.16731,2.30023,409.704,48.7749,21.019,143.416,3.58392,30.4245,13.8143,5.95326,21.2075,6.56744,16,0.464035,1.42245,3.42968,854.09,120.151,87.2361,16.3958,1.31412,50.3234,29.6188,8.77725,10.0423,2.55873,23,0.444242,1.13232,3.1981,345.19,46.4615,35.1731,154.372,507.374,30.8002,19.1698,6.207,24.3882,23.6225,19,0.587317,1.29707,2.62207
gr00t_wbc_h074_p000,3588,complete,90,18,11.0206,3.04164,0.0207003,0.0296323,169.171,17.5642,10.6017,20.763,2.34375,16.6057,10.6433,2.61768,7.08321,5.12659,11,0.418883,0.84709,1.93877,164.024,14.0938,7.42217,10.2573,1.12713,13.6855,8.67237,2.12445,4.64831,2.7624,10,0.44622,1.01042,1.49488,208.86,19.2216,14.2136,25.2097,1.15721,16.6905,11.1522,2.86263,3.82116,1.08678,15,0.416059,0.95545,1.28104,243.354,27.2443,13.9802,28.0033,1.22353,18.282,11.0699,2.88578,4.20454,0.908029,13,0.514615,1.02105,1.46214,241.655,29.0907,13.2147,26.2809,1.73552,19.4887,8.96789,3.20172,4.31488,1.52029,9,0.529989,1.485,4.20037,159.687,28.5241,9.306,16.7853,1.7676,13.1842,7.32927,2.33343,3.45695,1.49911,10,0.404698,1.00476,1.25226,99.6115,13.0645,7.13193,12.9958,1.51378,9.54976,4.25079,1.83721,5.74338,2.35282,5,0.6269,1.47298,2.62736,286.364,35.093,21.6644,55.4269,3.29942,23.9314,15.2916,4.60308,9.75877,3.9936,15,0.573054,1.31459,2.49673,194.273,18.4666,10.4509,7.93753,1.59886,14.4856,6.86543,2.45458,2.91732,1.85332,9,0.649693,1.26149,2.4464,423.31,55.413,25.4946,14.6754,2.11726,32.3695,17.4229,5.50493,7.82538,2.71538,17,0.605486,1.33383,2.96216,346.25,38.4885,20.435,17.4479,1.53424,24.1973,13.8113,4.09752,6.50974,2.38873,11,0.48142,1.29955,4.15522,306.17,26.7602,25.8124,46.0643,3.75079,24.1975,13.8642,4.87732,11.8822,6.17087,16,0.550107,1.25259,2.7804,226.188,27.0953,18.273,18.0746,0.945206,18.0403,12.545,3.36938,5.47401,2.52776,13,0.602807,1.21594,2.3172,777.417,148.376,58.9042,46.926,1.40473,46.5108,28.4253,7.16595,9.41896,1.39341,19,0.405801,1.15216,3.73588,319.548,41.3279,28.5923,49.6303,2.35645,25.1761,14.354,4.65558,8.93005,3.25531,17,0.472152,1.10236,2.0515,417.438,63.3887,22.9854,25.6286,0.743231,30.8859,21.1033,5.07694,7.11513,1.5171,20,0.573555,1.09698,2.19551,391.099,65.5597,48.9875,162.747,13.0693,31.8051,18.1063,5.68217,15.4104,6.05152,12,0.604396,1.61802,5.10225,111.208,16.5819,6.00272,10.5026,1.11186,10.2653,7.96823,1.54055,2.63359,1.26449,6,0.389249,1.18842,2.88837
gr00t_wbc_h074_p000,3589,fell,65.74,14,12.2318,10.1818,2.28216,3.65883,225.57,29.6715,12.2826,17.9874,0.847399,21.9584,13.696,3.54657,5.64388,1.08165,17,0.446934,1.04426,1.63352,176.478,20.9319,7.33622,9.03057,1.19363,14.3388,7.5831,2.4288,4.02672,1.27184,10,0.497951,1.07841,1.84079,181.043,16.529,9.81991,21.8996,3.18028,14.8777,6.64292,2.64283,5.21601,2.93131,8,0.566018,1.44708,3.37393,270.531,29.1475,16.4538,27.9666,5.02183,21.8384,12.6461,3.44224,4.3072,3.3726,13,0.587954,1.12106,2.39167,263.523,30.0191,29.2037,23.1544,1.62849,19.5074,10.7885,3.71017,7.64748,4.51748,8,0.706092,1.70647,3.76954,324.341,46.1854,26.9286,43.7164,2.95328,26.5036,15.5776,4.66999,9.85662,3.73578,16,0.531981,1.27287,2.33203,694.238,59.5768,50.3351,17.2706,1.1158,43.9596,21.1566,6.51997,7.92469,2.94573,15,0.431256,1.3594,5.97289,259.186,34.7899,18.819,12.5737,3.301,20.1782,11.4514,3.74889,4.71703,3.21375,16,0.561983,1.1248,2.33125,336,35.8129,37.1792,66.177,35.1903,28.14,13.8472,5.78161,19.4172,14.1151,14,0.562486,1.36721,2.89151,283.246,46.2146,50.9069,35.7096,18.7752,21.5812,12.4189,4.14061,6.25188,4.05057,13,0.569131,1.28047,2.01577,444.782,41.69,32.0533,18.6137,3.63001,34.9589,17.9978,5.43143,7.50247,3.99708,14,0.455522,1.32577,4.3936,176.747,17.4167,12.4831,12.0374,0.979805,14.6415,9.50555,2.67624,3.65559,1.22828,10,0.532327,1.28328,2.27366,412.689,77.0531,32.7826,18.5895,1.23798,32.7638,22.0376,5.12534,7.4618,2.95476,12,0.49327,1.27017,4.05383,1723.55,81.2809,43.2743,10.9525,0.449982,43.8202,18.6504,7.1492,6.96012,2.35579,3,0.326396,2.09259,18.1423,,,,,,,,,,,,,,,,,,,,,,,,,,,,,,,,,,,,,,,,,,,,,,,,,,,,,,,,
gr00t_wbc_h074_p000,3590,complete,90,18,8.06723,2.03886,0.0359514,0.0371484,97.3537,19.8396,4.96843,12.6236,1.40955,10.6608,6.40137,1.66017,3.04528,0.897731,7,0.332329,0.860956,1.42505,255.252,18.5501,12.3807,18.0324,1.5282,22.6356,12.026,3.74034,6.20165,1.13774,18,0.419127,0.92084,1.79129,351.494,36.9919,19.2788,42.5525,2.09758,27.6789,16.0332,4.27594,9.53996,1.90257,17,0.519126,1.15492,2.37929,292.571,30.5699,12.4764,20.013,1.40057,26.011,13.2097,4.18333,7.09262,1.51429,13,0.664611,1.43296,3.08662,194.97,20.0926,13.2761,51.2782,3.81855,16.7584,9.81631,2.89708,12.0384,5.40453,9,0.526847,1.2114,2.55498,340.764,36.7905,15.8328,19.0449,1.89976,27.5088,15.3828,4.16536,9.4444,4.6107,14,0.662066,1.425,2.5733,297.178,33.4102,38.3589,36.1983,2.05298,22.433,10.3572,3.99536,11.1651,4.06816,15,0.559943,1.21574,1.82882,260.048,39.9794,24.3142,79.3054,2.32171,22.1284,12.7836,3.52476,12.2811,2.54687,10,0.644226,1.63985,3.11063,159.114,23.7066,21.8596,109.345,2.32582,11.9964,6.85845,2.58784,12.6453,1.99173,9,0.434465,1.01098,2.00351,245.527,27.9057,23.3474,42.5528,11.1836,19.6438,9.78132,4.21571,11.0339,5.74468,13,0.465411,1.13741,2.71596,100.055,10.9581,6.27797,14.8811,0.921062,8.50405,4.92337,1.56756,3.42245,1.00886,5,0.456998,1.21793,1.54857,307.896,29.4186,22.4292,24.4803,2.22083,24.7302,12.193,4.52043,8.02081,2.63817,15,0.542731,1.44893,2.55607,280.598,32.9745,18.0706,29.9119,1.18344,20.5474,11.8654,3.14969,6.6123,1.78891,13,0.421022,1.08034,1.20411,309.409,36.3333,18.0584,36.1338,4.082,24.4518,12.8382,3.77843,9.70806,3.9438,13,0.592772,1.57164,3.41809,167.955,19.0751,13.9454,24.6709,1.71199,15.2859,8.2882,2.67317,3.87316,2.29008,12,0.432494,1.05722,1.40307,351.68,30.0291,23.9532,28.4472,1.31218,27.228,12.6802,4.99747,6.51972,1.71477,18,0.522664,1.25233,2.31583,170.684,17.1091,11.1517,23.7104,1.60571,13.7338,7.37475,2.26269,4.88923,3.55668,12,0.497091,0.986408,1.2209,439.913,91.1557,31.6022,23.9538,1.30392,31.3967,19.0032,4.24231,6.97936,2.44037,10,0.578233,1.61193,4.21484
gr00t_wbc_h074_p000,3591,fell,70.66,15,13.7726,8.77902,1.6543,2.06667,255.334,24.737,12.2206,20.3509,1.27547,23.4107,12.0403,3.96863,6.78289,1.83924,13,0.540407,1.24422,2.42357,187.573,21.7918,10.2798,16.3084,1.35163,14.3898,7.41172,2.48978,5.14779,1.08642,9,0.52111,1.1089,1.52362,274.733,25.5747,10.3159,10.2465,1.76997,21.4361,11.5967,3.41139,6.42589,1.41201,13,0.549445,1.3373,2.9315,292.276,33.3857,12.1464,12.4946,1.72545,22.7273,13.204,3.86784,7.08414,1.98147,10,0.529062,1.49107,3.73154,144.623,14.5701,6.89724,13.7435,1.19832,14.0257,7.57093,2.21796,4.52643,1.27932,7,0.574871,1.29536,2.27774,387.257,39.1162,16.7584,13.6658,1.43236,28.6695,16.9175,4.24851,5.78456,2.69408,15,0.543953,1.41369,3.31176,203.419,20.3189,6.69737,9.5634,0.851897,15.9149,9.16823,2.5031,2.8264,1.75347,9,0.512756,1.39414,2.95274,264.882,22.418,12.3322,9.74905,1.85148,21.3417,13.8958,3.44113,4.26165,2.04504,15,0.49391,1.0837,2.04887,221.342,30.4191,10.2212,11.2202,2.00334,20.1764,12.5335,3.1109,4.11289,3.12278,15,0.407285,1.00412,1.74433,400.349,39.9557,15.4706,36.7974,2.42808,27.9103,14.3804,5.05063,11.0519,4.79808,16,0.523127,1.42244,3.64343,456.642,45.7181,21.8603,31.6689,1.07148,31.253,16.6758,4.48283,8.44385,1.64538,14,0.522756,1.21459,3.27868,170.461,14.4361,12.6745,28.6673,1.31348,15.3295,7.30242,2.7521,4.01154,1.16314,9,0.584832,1.23036,2.05928,143.22,14.6023,10.6633,26.1376,1.38078,11.3458,6.20781,1.91739,3.39684,0.84217,7,0.544795,1.23553,1.80094,395.334,50.5211,20.6882,26.9385,1.08572,31.6506,17.4217,5.09539,8.06474,1.7359,21,0.382164,0.985992,2.17265,3498.34,245.649,112.957,78.2033,68.2399,88.0825,25.741,12.5233,21.0734,12.5329,2,0.249733,0.547646,0.779282,,,,,,,,,,,,,,,,,,,,,,,,,,,,,,,,,,,,,,,,,,
gr00t_wbc_h074_p000,3592,fell,55.54,12,8.8085,14.3679,1.75478,2.43679,294.342,26.453,14.7508,19.7583,1.20659,27.0743,16.2309,4.49796,8.5781,3.57929,19,0.432247,1.01084,1.59535,307.572,26.4238,15.6474,38.0122,1.97579,24.4424,13.1389,4.27133,11.507,3.79488,18,0.51574,1.00102,1.9943,102.931,13.4037,7.2283,18.1977,1.48175,8.85574,5.52532,1.7042,4.17685,2.32197,6,0.45099,0.998903,1.32554,271.246,33.8425,18.5659,27.6236,4.9513,24.0297,13.0394,3.98522,8.41376,5.1159,14,0.536464,1.42685,2.77994,269.196,33.7261,13.2553,18.3073,2.8615,22.411,12.0269,3.41409,6.41625,2.80412,11,0.636492,1.69412,3.33661,186.245,40.9403,11.6923,34.0662,2.3123,15.5956,10.7541,3.22457,14.3317,9.37803,11,0.672591,1.13857,2.11735,463.378,52.4025,19.248,21.2106,1.57052,39.4708,21.4789,5.80957,9.5641,4.30037,16,0.597125,1.61374,3.8386,296.16,28.5629,11.4257,22.9047,1.01707,22.6178,10.7825,3.81511,5.26561,1.52562,12,0.673116,1.53759,3.49306,262.428,21.4459,13.984,21.8234,3.33406,21.3638,10.6706,3.79564,7.75863,3.87419,13,0.546413,1.19108,2.64855,269.128,24.686,16.9082,21.6326,2.94482,22.6292,13.6927,3.91739,8.04743,5.73716,14,0.618289,1.16673,2.37207,177.903,23.1934,12.4017,12.3223,1.15128,15.2267,10.1486,2.53882,5.86845,3.61199,9,0.524463,1.20115,2.66283,993.304,128.323,36.2013,24.1156,1.60228,46.9777,13.3601,6.39197,8.52642,2.73591,4,0.220242,0.622394,0.770523,,,,,,,,,,,,,,,,,,,,,,,,,,,,,,,,,,,,,,,,,,,,,,,,,,,,,,,,,,,,,,,,,,,,,,,,,,,,,,,,,,,,
gr00t_wbc_h074_p000,3593,complete,90,18,8.94199,3.10139,0.020806,0.0102205,319.482,35.6969,15.3356,15.0376,1.26168,31.0457,16.7233,4.9338,7.68892,2.00969,21,0.398393,0.940178,1.81738,608.461,62.5748,22.8706,26.5749,3.02449,37.1152,19.5857,5.1908,10.8442,4.94283,11,0.739729,1.56119,6.15139,169.354,14.6238,9.66304,10.4581,2.17646,13.562,7.1077,2.34189,4.52125,3.47268,10,0.533483,1.22232,1.77124,174.226,15.7742,11.4015,14.5941,1.94222,15.6196,7.99341,2.64522,5.70307,3.8499,10,0.488492,1.0738,1.97461,158.743,25.6073,11.0365,13.9948,1.10777,12.4846,7.66195,2.54468,6.62684,1.95771,9,0.411956,1.15478,1.4915,221.419,18.7003,12.7282,12.2861,2.65214,17.6494,10.6464,3.22218,6.10656,3.00301,13,0.560574,1.2235,2.01433,254.692,20.7144,14.5883,14.2665,1.29058,20.2543,10.6433,3.48002,5.87617,2.09461,14,0.468575,1.22626,1.83311,326.022,50.355,20.1576,14.9408,1.08628,29.4697,18.9561,4.84991,9.33942,2.27223,23,0.515448,1.00962,1.82889,261.8,20.6084,11.4188,14.9877,0.852098,20.1328,9.27822,3.47181,6.87006,1.42063,11,0.559748,1.34636,2.58516,199.223,29.1672,9.0793,11.2003,0.907379,17.4714,9.2685,2.81845,6.25577,1.36535,13,0.489614,0.926054,1.47485,161.982,12.9425,11.271,14.8663,1.86551,15.8447,6.97934,2.54939,4.55465,1.47417,12,0.436428,1.04556,1.08897,576.013,51.9384,31.7683,21.0396,1.19432,38.411,19.8484,6.24021,12.2223,3.19858,22,0.506954,1.26058,2.8554,346.229,37.357,17.4148,52.169,1.44558,22.9977,12.753,3.77727,10.6496,2.05688,13,0.500369,1.38798,2.86304,411.497,44.5387,30.4951,126.544,2.7402,31.1343,16.6612,6.15463,22.309,4.04302,17,0.48387,1.22956,2.90621,511.624,54.2852,131.286,446.816,87.8319,39.2947,19.6564,8.51848,44.04,12.484,13,0.46937,1.28072,4.24383,407.713,47.6569,25.0364,14.4383,0.752213,25.6546,17.1237,4.43472,3.96511,1.32354,16,0.482146,1.23668,2.26723,568.444,65.9788,94.9675,333.194,42.4822,42.0204,21.8166,8.64086,30.3276,14.4293,18,0.51489,1.28899,3.72006,285.701,30.7386,30.3989,23.4274,1.16135,28.0736,14.6813,4.69302,7.15645,1.8572,20,0.509826,1.05538,1.63219
gr00t_wbc_h074_p000,3594,complete,90,18,7.24468,2.66795,0.00721332,0.00550362,112.426,14.7835,5.09314,8.89213,1.88484,10.5793,6.54498,1.74309,3.46562,1.35987,7,0.335419,0.81579,1.48997,177.737,25.9652,9.75097,22.7815,2.97107,14.3684,9.40674,2.51917,7.61684,2.76403,10,0.588273,1.17205,2.31019,310.836,24.3685,14.0166,24.844,1.23184,26.2685,13.7964,4.62129,8.36804,2.49625,21,0.47125,1.07589,1.93764,198.042,21.6338,11.5725,15.8813,0.864282,18.9146,13.4344,3.08849,4.35471,2.09404,12,0.482361,1.11999,2.19216,209.637,25.4664,8.81699,11.5618,1.72202,17.3692,10.5004,2.66516,4.42526,3.328,9,0.651656,1.33604,2.30198,285.561,25.3514,11.2421,13.3631,3.77512,25.4158,12.8279,3.515,5.23033,3.47454,17,0.468795,1.06818,1.48589,119.84,8.59222,6.5528,9.81481,5.99541,11.992,5.98195,2.07709,2.55483,2.87028,9,0.447354,0.958742,1.32505,245.848,19.7304,9.077,5.94265,2.00512,20.4467,9.2159,3.05402,3.43025,2.61757,14,0.473032,0.982891,1.42829,416.175,83.2991,22.2119,50.0412,1.62457,33.8305,18.4719,5.75039,11.497,2.99725,13,0.483559,1.5408,3.55403,103.189,13.6619,4.73539,9.7856,2.04581,8.9663,5.456,1.59259,3.31953,2.1968,6,0.527861,1.26403,1.82462,267.327,31.7581,13.7538,10.1621,1.45493,23.16,11.8166,3.30835,4.40629,2.62421,14,0.448256,1.10846,2.06159,377.926,70.8929,22.0235,69.5542,2.31643,32.1181,21.1754,5.35276,15.3274,3.50048,23,0.467825,1.0317,1.76194,518.183,75.0171,19.8123,16.2389,1.09512,36.3893,21.5918,4.72677,6.02452,2.00487,15,0.640316,1.4146,4.12014,409.231,46.4478,23.0013,21.1951,0.943623,33.3019,19.6869,4.99866,8.51645,1.93437,15,0.533957,1.34423,2.8227,155.961,12.9421,9.70032,30.9234,1.16714,14.4745,5.78786,2.75996,7.09839,1.87078,8,0.513627,1.45389,2.49051,442.6,47.8324,39.9887,18.1826,1.64816,34.1369,20.6743,5.61401,8.20635,2.19455,19,0.428488,1.19332,2.3433,252.463,35.4196,19.5582,16.0036,1.24188,23.0862,13.7512,4.02918,5.63198,2.03561,14,0.573439,1.16926,2.51076,357.691,40.7182,14.2264,11.9168,1.14952,24.4136,14.5725,3.228,5.8505,2.75997,10,0.657097,1.36787,4.02101
gr00t_wbc_h074_p000,3595,complete,90,18,10.8176,3.03217,0.0058731,0.0105293,156.596,23.8606,7.00406,9.11309,1.6654,15.0618,8.59717,2.83918,4.87135,1.12017,9,0.410906,1.16706,2.53401,320.56,47.6147,14.9796,32.0671,1.66678,25.4632,17.6053,3.98308,8.35239,1.79427,16,0.603125,1.1602,2.23287,168.897,12.7305,8.24648,11.9394,1.73559,15.0027,9.19775,2.80321,5.5386,2.34587,12,0.47128,1.05411,1.90137,111.9,11.3977,6.10539,17.3176,1.55823,9.92453,5.98647,1.73188,4.45679,2.35513,7,0.467331,0.994886,1.80887,93.4857,9.20617,6.47631,12.001,1.05773,8.72111,5.34266,1.73779,3.01966,2.22006,5,0.588925,1.25281,2.27848,275.364,25.2808,14.108,46.4843,1.67426,22.0264,11.7453,3.81737,9.69044,3.91992,17,0.571374,1.0461,1.96602,162.116,14.9174,11.1114,19.0865,1.35387,11.8963,6.62259,2.34507,3.76824,1.20338,10,0.583799,1.03337,2.08129,223.32,49.8658,13.6671,24.0736,1.23401,22.2474,12.842,3.53176,4.65168,1.10917,11,0.61909,1.25929,2.5503,253.342,32.6933,24.4186,92.5433,65.2196,21.5529,10.6991,3.98492,18.9919,11.6686,9,0.610708,1.53979,3.30313,204.145,18.4998,11.5541,24.1373,0.957092,15.7893,7.27209,3.03638,4.82993,1.06169,11,0.510626,1.23503,2.35714,312.848,34.5317,19.0748,35.9333,2.12058,24.2036,10.2984,4.2883,8.13545,2.07452,11,0.620479,1.64458,3.67969,253.846,25.7192,21.3463,32.9215,1.12988,22.1507,11.4895,4.27795,6.0258,1.42859,17,0.461568,1.02966,1.5239,637.719,74.3127,27.5075,32.5406,1.5077,46.449,23.4006,7.06127,9.29642,2.32664,18,0.511222,1.61429,4.02284,441.179,38.9189,19.308,28.8161,1.32968,29.0783,16.7376,4.37932,6.04524,1.59759,10,0.581152,1.83677,6.10375,824.406,84.5623,33.6608,30.1334,1.70926,46.0602,24.2611,7.03741,9.80343,4.18232,24,0.384222,1.44681,4.37869,312.485,67.377,17.1329,21.0166,3.03913,24.0924,15.1909,4.18069,7.46621,5.45039,14,0.717945,1.33953,3.16434,298.232,32.2197,12.7707,12.8473,1.0202,24.3578,13.4913,3.89069,5.61091,1.86986,14,0.57838,1.21186,2.65791,176.733,19.8212,13.7309,13.9327,1.51999,15.2175,9.44353,2.44212,5.11483,1.82531,5,0.430397,1.42551,3.53141
gr00t_wbc_h074_p000,3596,complete,90,18,8.0901,3.09884,0.0427985,0.0694542,138.348,19.5618,6.96165,9.22687,1.32509,13.4575,8.32048,1.94972,3.7878,1.30357,9,0.387981,0.909694,1.72388,104.413,9.54526,5.07012,7.09556,1.80263,9.22493,5.96355,1.59996,3.34276,0.993225,7,0.426719,1.0054,1.78941,162.251,14.6646,8.82978,8.52761,1.20602,15.2044,9.47747,2.52793,3.30858,1.42886,11,0.53835,1.12096,2.00929,248.943,21.7016,8.97983,30.4397,1.73253,19.0669,12.1324,3.56644,7.42554,2.61464,11,0.567639,1.30364,2.75761,269.982,33.3,13.7891,57.2013,1.25845,21.9162,12.6603,4.13464,12.9683,3.67476,12,0.564988,1.23533,2.85234,286.784,26.8732,18.5477,11.1053,0.937059,23.961,12.9684,4.08451,5.7131,3.45321,14,0.609819,1.28597,2.25718,253.426,28.146,13.7233,10.5089,1.01386,19.4077,11.2067,3.27475,6.18545,2.47803,11,0.685335,1.13659,2.93337,189.035,18.9693,11.3938,11.4592,1.34038,16.0162,9.73134,2.68613,3.68337,1.33692,11,0.545708,1.24346,2.22734,263.51,32.9781,14.6735,17.3256,1.19427,19.7043,9.97373,3.30818,4.69051,1.05838,13,0.546984,1.11011,2.09026,389.954,76.7336,37.0937,84.9311,9.3393,32.2664,22.1012,5.46451,13.3534,3.68587,17,0.547054,1.27931,2.54356,326.453,36.6845,19.1678,31.1615,8.41586,22.7397,14.8237,4.43952,8.3024,6.52984,17,0.488491,1.15965,2.62799,569.604,68.1349,27.4684,22.9941,1.77574,36.6337,20.2614,5.97912,8.64272,4.00381,18,0.588231,1.62633,4.69186,363.414,68.0042,17.377,16.5188,1.81614,29.3512,18.7891,4.68539,7.46002,3.54204,14,0.602652,1.54039,3.08458,271.097,43.2617,14.381,20.638,0.809704,22.2338,12.3037,3.38788,6.32894,1.51261,12,0.484915,1.13972,1.98629,224.028,22.3858,16.1123,20.2995,2.27459,18.5363,10.4189,3.25833,5.41409,2.58624,14,0.477819,1.16455,1.65221,236.886,21.5162,13.3732,13.6384,1.53596,19.983,12.1304,3.77639,5.49203,2.22325,13,0.442784,1.28634,2.09826,176.963,34.4068,18.9667,19.8917,2.38643,14.768,8.81816,2.9629,7.68512,3.37914,13,0.358518,0.786463,1.13749,280.364,60.3113,21.0009,23.9926,1.19303,24.3089,18.5237,4.0942,5.56111,1.49352,19,0.541915,0.987078,1.75092
gr00t_wbc_h074_p000,3597,fell,66.02,14,22.5337,13.8386,2.61718,3.63401,95.0582,19.7077,4.63312,12.3697,1.24185,9.82265,6.85951,1.60303,2.85092,0.736044,7,0.322398,0.73372,1.25112,170.42,18.1181,12.4498,33.7816,1.95413,14.9012,10.3476,2.60427,6.51164,1.96538,11,0.472645,1.12429,1.91319,252.412,23.0914,12.8004,24.7943,0.936116,19.9707,10.5626,3.07187,5.4338,0.989949,16,0.436426,0.93587,1.51211,142.943,10.2748,8.65965,18.3619,1.06416,12.9098,6.92227,2.42009,4.70296,1.53007,9,0.463293,1.03779,1.67369,233.169,21.8103,10.6882,11.6414,1.53146,17.0905,8.95159,3.04882,5.86046,3.55585,10,0.528107,1.29913,2.81877,174.454,16.5554,9.56227,19.8674,1.20467,14.2977,8.99741,2.33771,3.04762,0.805158,12,0.44874,0.956064,1.51872,258.344,36.9033,14.3578,23.905,0.905298,20.663,13.002,3.50744,4.73,1.10009,11,0.624486,1.4046,2.5408,358.483,73.9278,24.5142,33.4073,1.03568,33.0937,20.466,5.20731,9.62094,1.82302,17,0.593857,1.08362,2.59446,469.876,50.2753,19.4576,14.5887,1.14102,35.3017,19.1502,5.38108,9.50846,4.57095,16,0.562536,1.43768,4.28489,347.858,37.2629,12.1095,9.70409,1.03791,26.3784,15.4771,4.11616,5.64802,1.9382,15,0.504263,1.19245,2.74102,295.567,33.8908,22.7937,21.0364,1.38768,22.9244,13.4526,3.77943,5.40196,1.34757,12,0.608045,1.39091,3.11956,359.89,39.6956,19.5695,24.0627,26.5064,25.9696,13.8961,4.85113,13.0279,8.70465,12,0.565381,1.59258,4.79116,1073.37,291.728,45.6309,29.3036,1.71642,71.4085,53.3218,10.7008,18.5461,4.24286,22,0.709008,1.38892,6.71254,1470.46,73.8717,44.7832,10.3507,0.425987,59.8549,21.7392,7.23548,9.83946,2.21579,4,0.90995,1.79146,5.92699,,,,,,,,,,,,,,,,,,,,,,,,,,,,,,,,,,,,,,,,,,,,,,,,,,,,,,,,
gr00t_wbc_h074_p000,3598,fell,71.18,15,14.5444,11.5314,2.86771,3.74363,256.404,23.2106,12.7927,19.445,1.40119,21.3872,11.3704,3.5872,5.56571,1.28331,14,0.41896,0.929604,1.46108,156.137,14.9506,10.7307,23.556,3.41438,13.1497,7.49696,2.74133,5.69305,2.98059,9,0.527352,1.22524,2.14489,275.046,25.4208,10.3466,20.6285,1.74286,21.6984,10.7458,4.24991,10.1634,4.64667,12,0.473429,1.28656,3.01871,234.097,21.3973,12.1817,8.02662,1.21847,17.4647,10.5738,3.03376,3.54452,1.91822,14,0.505285,1.0713,1.45541,432.992,47.1606,15.9573,12.0759,1.43487,28.868,15.7088,4.78198,6.96157,2.44919,15,0.520543,1.5065,4.52508,326.563,33.4839,15.4094,14.152,2.63504,24.7346,17.076,4.12274,7.47406,3.38499,16,0.598847,1.19394,2.21209,352.504,37.5073,18.2365,15.8821,2.30252,27.6726,18.0419,4.35102,6.97671,4.23174,20,0.505548,1.12626,1.84062,99.2637,16.4998,8.26961,18.3059,3.16717,8.01008,4.74668,1.616,4.13684,2.08316,5,0.370228,1.05401,1.45698,266.922,34.9338,23.1724,49.7634,3.90529,24.1241,16.0721,4.41268,11.1432,6.77149,17,0.509871,1.1349,2.15584,418.589,38.4271,28.3525,24.855,3.10557,30.8816,18.1461,5.43821,9.41011,3.89852,20,0.447489,1.23118,2.45385,523.842,48.2399,26.4959,38.3237,3.01242,38.1025,19.4895,6.56147,12.3458,3.91101,22,0.557834,1.34616,3.01997,332.895,67.7029,35.6104,88.9214,3.10804,25.4583,16.8155,4.3497,13.5107,3.33839,16,0.37451,0.985306,2.1972,491.447,108.302,31.8321,26.6581,2.23194,40.5135,27.5795,6.52031,10.8219,2.06445,20,0.670612,1.17601,2.97076,616.648,86.8333,26.2406,23.251,1.42994,43.8048,23.9021,6.45644,10.4282,2.23755,20,0.527943,1.27846,3.45782,622.017,25.2328,13.798,7.56259,0.238739,22.7391,8.49664,2.73754,3.56449,0.582539,14,0.154035,0.64534,2.17119,,,,,,,,,,,,,,,,,,,,,,,,,,,,,,,,,,,,,,,,,,
gr00t_wbc_h074_p000,3599,complete,90,18,6.85722,2.34538,0.0170459,0.0181101,199.548,17.6631,10.1733,14.9514,1.67401,18.5532,11.5126,3.06698,5.78776,1.95429,12,0.445428,0.946136,1.65269,163.342,17.2554,10.6059,16.6106,1.34022,13.6405,8.63531,2.47243,4.31177,1.21902,11,0.495531,1.06679,1.63137,115.295,10.2169,9.14101,8.77511,1.83769,11.3311,6.67585,2.17976,2.64503,1.12735,9,0.330279,1.02249,1.41848,256.609,23.945,12.1574,9.67051,1.23587,20.0238,11.9177,3.38343,3.96068,1.18243,14,0.497747,1.12211,1.8121,236.084,21.3147,16.8742,14.891,1.29617,19.7167,13.6553,3.57408,5.21773,1.73076,15,0.475733,1.13995,1.7105,173.807,21.0182,10.0216,13.2284,1.2176,15.4676,9.318,2.29069,2.49489,1.11622,8,0.447438,1.16102,2.30024,176.973,15.9073,11.7638,23.3012,16.0369,14.1987,9.34161,2.85222,5.60103,3.87522,10,0.456242,1.14548,2.5486,231.592,25.6568,15.2755,28.2499,2.55389,17.525,11.4921,3.40433,7.48771,2.62312,12,0.538613,1.20969,2.16544,245.387,32.2585,14.6171,15.8067,0.423296,23.1599,11.6606,3.78465,5.70598,1.17033,12,0.391575,1.19055,2.2708,379.559,40.9188,22.3099,76.155,2.57703,25.8026,12.3823,4.13399,14.7627,2.63898,9,0.530921,1.64906,4.78691,350.775,34.764,21.7092,15.3081,1.41683,27.8488,17.7119,4.79046,7.03716,1.69298,16,0.667058,1.30283,2.78705,263.232,25.2652,18.0651,15.7775,2.02409,20.9585,10.794,3.7785,7.81487,2.74178,14,0.539551,1.19779,1.95128,227.81,24.7932,22.1467,12.6283,1.73323,18.7939,11.1013,3.5533,4.91187,2.06343,13,0.4762,1.13803,1.87206,220.5,38.833,26.3689,55.0876,2.47712,20.6397,16.2272,4.20233,11.4196,2.76859,14,0.588159,1.19956,1.95737,604.462,69.4097,35.8777,15.8002,1.77374,32.6528,20.3474,5.74844,6.75873,2.03669,14,0.388138,1.51173,5.61839,240.363,32.3783,16.6507,8.83621,1.81751,21.4916,13.0656,3.29519,3.50525,1.45501,9,0.526007,1.51414,3.42712,386.29,56.8676,24.3893,10.6429,1.18944,22.9841,12.349,3.59341,4.25488,1.59781,9,0.420747,1.2619,4.52648,262.825,29.8752,22.1912,11.9336,1.43509,24.9598,14.4614,4.45016,5.92455,2.06455,14,0.640005,1.28934,2.70503
gr00t_wbc_h074_p000,3600,fell,51.14,11,18.3398,9.00274,2.49013,3.04207,261.836,35.6489,9.33542,11.0017,1.45932,21.5243,11.8603,3.6594,6.29315,2.79215,13,0.43953,1.20901,2.58539,223.859,24.7568,10.1231,13.9848,1.13675,15.9204,7.34506,2.89955,4.42853,1.38507,9,0.547837,1.5866,3.22634,197.009,20.2032,8.14451,19.3485,1.41825,14.8338,7.53038,2.15821,3.97708,1.38525,10,0.443875,1.03055,2.34027,87.5972,8.42667,5.55402,16.3741,1.46937,7.35326,4.61729,1.32183,3.00954,1.53494,7,0.473058,0.976719,1.25409,293.51,24.8895,18.3164,15.325,2.31417,24.8238,11.1708,4.47647,7.21422,4.07759,14,0.520676,1.25447,2.46438,322.515,27.1447,16.7453,21.0983,0.787816,24.2985,13.4774,4.2363,5.69085,1.35879,15,0.524086,1.14564,2.0967,219.984,20.9521,10.4534,12.6181,1.19954,16.802,9.73782,2.69124,5.30101,2.05207,15,0.417525,0.911478,1.14972,231.514,25.1632,18.563,18.0266,2.92019,18.0699,11.3045,3.55465,5.9753,3.55427,11,0.456939,1.3313,2.63838,221.913,32.41,12.5238,21.9969,2.98018,17.929,13.5522,3.22353,5.76772,4.10483,12,0.502316,1.22273,2.63076,227.198,22.2786,10.9883,6.43732,1.64729,18.5072,10.8605,3.37353,5.98607,4.12113,9,0.694132,1.52558,3.34167,3259.18,231.924,123.173,26.8606,14.182,111.527,42.9847,15.2666,20.5083,14.0828,1,0.458763,0.993329,1.80899,,,,,,,,,,,,,,,,,,,,,,,,,,,,,,,,,,,,,,,,,,,,,,,,,,,,,,,,,,,,,,,,,,,,,,,,,,,,,,,,,,,,,,,,,,,,,,,,,,
gr00t_wbc_h074_p000,3601,complete,90,18,8.83363,2.80277,0.0163812,0.029356,244.253,33.1472,14.2739,21.3131,1.45646,23.383,14.0974,3.64561,7.08471,1.58974,13,0.545175,1.12771,1.72661,212.702,20.2709,9.42478,14.3398,1.25287,17.2593,11.193,2.88773,5.45295,1.02702,12,0.456482,1.1198,2.2688,234.837,24.6696,12.1328,17.9768,1.67062,19.1512,12.2824,3.34139,4.98426,1.87917,14,0.528619,1.09971,2.07353,241.037,21.5582,11.6194,20.7072,1.53775,18.6541,11.2408,3.12872,4.45454,1.51028,14,0.462054,0.994768,1.86197,173.719,17.9758,9.14676,21.61,1.59642,13.5874,8.22074,2.21679,3.47073,1.1444,11,0.40102,0.891066,1.15232,240.717,31.9492,29.0028,24.8256,0.93643,19.8953,12.9656,3.18998,4.79378,1.14032,14,0.516901,1.04235,1.53765,253.021,28.636,10.4644,21.8377,1.75126,19.5049,9.14157,3.40142,7.56249,1.7056,11,0.499103,1.4797,2.89639,1660.92,92.157,59.9828,29.599,1.37583,81.7758,32.9361,11.4594,16.4807,3.72056,15,0.557567,1.90954,12.1406,236.442,22.4307,13.546,26.549,1.69653,18.6588,10.9525,3.33461,4.86811,1.07079,13,0.531094,1.27335,2.12682,475.861,60.6497,35.4468,146.163,68.4867,37.9745,21.76,6.66451,17.9129,10.7813,16,0.562031,1.42232,3.05177,396.994,53.4955,18.3015,16.8685,1.76854,31.5317,18.6956,5.1222,9.45191,4.56473,18,0.625376,1.26942,2.50638,359.416,36.7217,15.4123,16.3294,10.6602,30.1965,16.1741,4.49554,11.3487,8.28239,14,0.558915,1.21443,3.51266,228.602,22.0238,13.4996,11.6091,1.42114,18.0084,8.47002,2.99002,6.49594,3.1477,9,0.50374,1.4162,3.57733,375.66,35.7522,28.3607,99.9579,2.21744,29.1238,14.189,4.57206,13.5657,2.8077,12,0.671567,1.7334,4.36223,606.181,68.3742,50.2283,73.2792,2.51812,40.7688,25.4538,6.13596,15.3324,3.66168,16,0.595232,1.43551,3.96272,438.309,53.0742,42.6446,204.456,65.9498,35.0724,19.3998,6.13111,22.3978,13.0631,19,0.38402,1.1113,2.23445,418.392,45.4097,28.5092,107.373,4.18549,27.9348,17.6223,4.94242,17.9657,5.44407,19,0.438421,1.12852,2.31547,212.075,25.404,10.9165,10.938,0.995117,15.8247,10.2168,2.71966,5.41492,1.31659,10,0.475616,1.24133,2.11738
gr00t_wbc_h074_p000,3602,complete,90,18,6.50561,3.36397,0.00371187,0.0101863,294.039,37.2665,12.1788,9.932,1.02318,24.0479,14.0731,3.742,7.82511,3.6501,14,0.582364,1.0087,2.1922,293.786,28.0854,12.7978,17.7577,3.55699,23.7382,13.6455,3.68584,6.31049,3.70895,15,0.53333,1.14949,2.15229,150.404,14.4672,8.91323,17.6805,2.25921,12.4751,5.75425,2.09928,4.33005,2.67151,7,0.519158,1.33672,3.08049,122.406,15.9074,8.46191,14.3475,1.15334,9.86998,5.3089,1.71052,4.18374,1.3126,5,0.666151,1.59925,2.96992,283.035,28.1491,16.1183,28.8562,1.11921,19.2567,11.302,2.95812,4.21685,1.8693,12,0.575453,1.26575,3.31259,230.428,20.4397,14.2597,23.7066,0.860098,21.5041,11.4087,3.70969,6.86593,3.3613,14,0.52047,1.13619,2.20046,197.299,19.0914,8.3462,9.71799,1.05396,15.1987,9.9446,2.4524,4.71614,1.92869,8,0.636106,1.4331,2.89982,397.371,51.0291,15.5489,34.7785,64.589,30.7458,17.792,4.97087,11.0993,8.12366,18,0.61856,1.2854,3.19116,178.2,20.3095,10.6816,15.8865,0.903534,15.1848,9.55664,2.44359,4.02456,1.41172,7,0.520654,1.3043,4.07024,323.67,31.3643,13.8585,23.8185,2.91508,27.1501,15.8408,4.00988,5.41047,4.17092,13,0.531509,1.40037,3.82416,318.942,42.4963,10.4878,14.719,1.21497,25.9105,14.4531,3.96703,3.416,3.4355,14,0.623949,1.42972,3.33323,116.098,12.9433,5.84448,10.8,2.25427,9.63253,4.41273,1.63454,3.10932,1.61929,5,0.598322,1.36143,2.9516,277.105,39.5102,12.115,11.1552,4.64461,19.0254,10.5948,2.877,5.60956,3.73974,10,0.499431,1.39441,2.65203,138.811,12.5496,7.35915,22.7599,3.17704,13.4815,7.38114,2.52531,5.79751,4.17614,9,0.520983,1.34789,2.16289,391.882,38.1287,19.1397,20.5764,1.80648,30.0955,14.5478,4.86824,7.24586,3.18509,17,0.529173,1.24872,3.05474,424.929,51.6373,32.0953,115.707,5.0877,31.1324,19.2584,5.97255,21.7158,7.76086,15,0.54738,1.26597,3.35018,397.92,36.9476,24.6125,10.2707,1.78169,31.79,16.2987,5.52582,5.42732,1.99855,17,0.559193,1.2998,3.33106,397.514,40.5923,20.6472,16.2679,1.94489,29.7373,15.3368,5.40895,6.098,2.45157,16,0.612512,1.5025,3.72807
gr00t_wbc_h074_p000,3603,complete,90,18,8.61533,2.95896,0.0411002,0.0440403,164.955,24.1986,7.89819,16.4603,1.78271,16.1288,10.0402,2.47131,4.11655,1.05348,12,0.357867,0.80361,1.37809,244.298,20.5844,12.2535,18.5033,1.38251,20.5576,10.768,3.4046,6.88216,1.31888,13,0.495372,1.18095,2.29986,134.076,14.5785,8.61865,40.3529,1.91306,11.3094,5.26583,1.88848,8.21206,2.08642,5,0.476532,1.24469,2.67811,228.886,18.8536,14.5301,14.4041,0.882195,20.5762,12.7927,3.64644,5.66464,1.31123,15,0.509532,1.13262,2.28879,646.082,62.0249,27.0989,13.9059,1.31516,45.2648,20.3779,6.20378,7.47081,2.31466,16,0.714391,1.51685,5.40521,158.248,23.5678,8.22947,11.3898,2.20718,16.9985,8.58085,2.68787,3.71255,2.01928,7,0.479308,1.18943,3.28455,184.295,14.0087,11.0983,17.0187,1.12553,15.7351,9.64567,2.3718,3.12814,0.959696,9,0.589525,1.08643,2.65671,179.062,14.4667,13.9547,29.6891,2.49093,17.2032,8.29821,3.21327,7.59917,3.79551,11,0.479739,1.08801,1.64655,208.367,22.2868,12.8909,19.7453,2.71887,17.7981,9.52288,3.13287,8.11138,5.23321,9,0.482558,1.16511,2.96063,1139.98,178.103,45.6165,47.0472,3.31752,75.3337,44.9583,10.3552,16.4435,8.71373,25,0.590656,1.25711,5.3454,393.659,122.288,32.9515,38.6468,1.47025,32.4116,24.0289,5.46051,8.66954,2.03783,10,0.553487,1.61897,5.46933,577.442,65.6835,33.8355,66.1391,2.48209,39.6812,20.7743,6.5098,11.4526,2.33604,16,0.608489,2.03943,5.38826,1286.9,119.884,67.5478,65.907,2.23582,56.9551,25.1085,8.86428,11.8496,2.31208,17,0.641672,1.41642,7.14066,235.52,17.3867,13.5069,22.2952,1.20241,18.0542,11.1415,3.21429,5.84873,1.86088,13,0.505386,1.0672,2.06298,233.132,23.7023,19.7888,17.0157,1.27603,18.7271,10.9904,3.24853,6.1441,2.29421,12,0.511737,1.27852,2.2867,277.476,37.4338,16.3085,14.8598,1.52406,24.787,15.4318,4.2207,4.64061,2.00107,16,0.507922,1.25185,2.37894,601.303,86.4299,41.8689,181.456,4.59585,45.2341,24.134,8.63395,27.7495,10.3651,19,0.656491,1.52803,3.77566,1272.72,223.381,74.0876,35.8386,1.4297,60.0781,40.1584,9.2566,16.0931,7.15386,17,0.682568,1.39058,7.78372
gr00t_wbc_h074_p000,3604,fell,65.96,14,18.0676,4.88851,2.42176,3.17652,118.978,12.2778,8.1223,14.7148,1.81165,11.3992,6.30824,1.7392,3.26147,1.24096,9,0.373828,0.744823,1.16847,256.102,33.8557,15.6994,23.5467,1.25352,23.1447,12.9826,3.92508,7.68349,1.26587,16,0.470119,0.977997,1.67989,116.442,11.5537,5.32893,11.347,1.21012,10.4375,6.10697,1.64108,3.71757,0.789437,8,0.401022,0.859461,1.37415,197.024,25.4247,10.474,11.7421,1.64124,17.3818,10.2321,2.77077,5.60066,2.22214,11,0.518402,1.10388,2.42979,413.3,43.275,17.606,19.5892,3.06426,29.9321,19.2348,4.64722,9.23163,4.18976,14,0.610157,1.60232,3.87196,244.42,22.7739,13.6749,16.8504,1.26103,19.7445,10.6962,3.53544,5.16445,2.3693,10,0.52447,1.31646,3.64229,381.443,35.6976,21.9549,33.9163,1.01793,30.9496,18.0388,5.1379,5.61262,1.54829,20,0.538981,1.20249,2.50443,510.938,79.1083,32.2048,36.0161,1.34082,37.7578,23.1263,5.8022,9.61098,2.14032,19,0.570846,1.35136,2.942,218.998,19.8589,17.647,26.3598,1.08486,17.7465,8.8002,3.29932,5.96538,1.42965,14,0.430866,1.15569,1.83229,293.507,46.4944,22.0265,25.1497,1.41096,22.3158,13.613,3.74957,7.31005,2.05214,13,0.559424,1.27831,2.14701,203.323,18.8069,11.5816,13.6631,1.11704,18.2926,8.75834,3.27512,3.97721,1.40758,14,0.449249,1.12045,1.53308,141.636,16.1227,12.4262,19.9828,0.906326,13.952,8.13702,2.44759,3.53896,1.17685,12,0.409429,1.04746,1.01146,337.558,39.6844,21.7496,29.4421,2.13137,26.505,15.06,4.5785,7.85637,4.46244,18,0.477254,1.18019,2.13051,3014.64,299.962,132.01,71.5152,3.65675,89.9254,44.416,13.6238,19.2332,5.44522,1,0.41571,0.995473,1.03854,,,,,,,,,,,,,,,,,,,,,,,,,,,,,,,,,,,,,,,,,,,,,,,,,,,,,,,,
gr00t_wbc_h074_p000,3605,complete,90,18,7.41041,2.88845,0.0444014,0.0463987,238.088,20.0685,10.3032,26.0442,4.43061,21.8491,10.3454,3.64283,13.267,5.96381,12,0.482796,1.04899,2.02125,257.052,21.6291,12.1877,16.5346,1.60473,20.9245,12.059,3.32506,4.78835,1.63651,13,0.536042,1.09489,2.36411,239.359,17.3001,16.2356,11.4963,1.45008,21.554,13.6893,3.84164,5.20081,1.70458,18,0.434671,0.964265,1.60475,204.713,17.3354,15.0431,15.3523,1.38427,18.6171,12.8952,3.25107,3.2064,1.45848,13,0.513382,1.13261,1.9278,300.093,26.3933,18.5311,29.4998,1.29842,27.0027,15.6931,4.71725,6.69188,2.95197,15,0.553851,1.26001,2.75179,298.744,30.011,17.5559,56.0991,5.94266,22.4211,15.134,3.67999,10.4134,6.36469,14,0.530632,1.22188,2.68823,551.169,63.4489,23.3583,27.2981,4.05801,29.1186,18.2428,4.28591,5.55477,5.76297,13,0.425929,1.59187,4.91704,246.024,28.225,14.8067,53.4204,10.3705,18.452,11.3622,3.33762,8.05948,6.61211,11,0.601232,1.24084,2.55386,314.102,31.6042,17.3406,62.7456,7.69903,24.4652,14.4002,3.70704,8.44518,7.88543,15,0.521984,1.14782,2.2037,267.696,31.3253,9.00151,27.1039,4.33297,21.1337,11.0772,2.83112,3.37643,4.67889,11,0.631244,1.32701,3.00669,159.591,17.9788,6.05301,21.6576,2.40472,14.6667,7.8723,2.17716,2.7208,3.2302,10,0.537695,0.970537,2.30361,366.617,36.1223,15.0999,46.4148,9.45689,30.1969,16.7674,4.25179,6.20155,5.91718,19,0.585687,1.19251,2.42452,438.42,44.9648,17.3889,10.3117,18.7838,30.484,13.7764,4.89272,2.73134,6.29319,15,0.495233,1.51069,4.24105,282.208,59.3474,11.278,9.05759,3.35945,22.5707,14.9744,3.21074,1.05876,2.55448,14,0.669042,1.06903,2.42477,1408.17,90.4947,57.0104,149.94,14.8534,74.234,35.219,9.44166,14.1548,9.28568,22,0.4379,1.302,7.11121,487.131,41.0173,21.0894,16.4864,4.27425,31.9583,15.5475,4.43409,1.44085,2.1694,16,0.455423,1.23091,3.64088,246.347,25.707,12.052,30.838,9.24608,18.7259,10.5975,2.69472,2.75902,2.7757,14,0.458178,0.94411,1.90533,867.875,57.0311,47.5055,27.2272,7.85279,44.7326,16.4905,7.71009,5.06946,4.9073,16,0.40206,1.1634,5.49213
gr00t_wbc_h074_p000,3606,fell,46.02,10,15.5026,9.3456,2.74136,3.81347,185.874,17.3493,8.34052,9.86067,1.18985,17.8765,10.4868,2.87503,5.2483,1.89354,12,0.449769,0.929569,1.773,225.339,25.2292,12.088,20.2661,1.51484,17.0059,9.3256,2.93432,5.56057,3.58659,12,0.585487,1.1461,1.85889,234.693,21.8925,13.4088,25.3505,2.92561,19.5005,13.742,3.32506,6.82086,5.50985,11,0.595825,1.37244,2.41945,93.7365,8.96315,7.77161,18.0882,1.26435,8.99884,4.44629,1.76796,2.8782,2.13109,6,0.578992,1.27767,2.15633,225.01,25.1947,13.8812,26.9968,1.95818,17.4902,11.2957,3.10995,6.11931,2.98221,12,0.488233,1.25897,2.22512,211.695,22.6228,9.1709,13.1601,1.30263,16.6448,9.98909,2.82798,6.32344,2.21296,11,0.509665,1.10628,1.94015,476.392,75.7932,17.9207,18.7256,1.30107,31.2842,17.6263,4.51799,8.34981,1.66658,10,0.745635,1.81855,5.37473,254.196,26.3474,8.18681,13.888,1.68081,19.7022,9.79475,3.20429,5.76387,1.14221,13,0.545967,1.30869,3.21339,650.339,58.6014,25.1233,35.1167,5.72743,49.5756,21.1865,7.40081,21.3431,6.46692,21,0.516238,1.45067,4.79486,731.601,34.4518,14.9619,7.1115,0.250139,28.8838,14.9285,4.58381,6.95338,0.891586,5,0.694415,0.874308,3.85018,,,,,,,,,,,,,,,,,,,,,,,,,,,,,,,,,,,,,,,,,,,,,,,,,,,,,,,,,,,,,,,,,,,,,,,,,,,,,,,,,,,,,,,,,,,,,,,,,,,,,,,,,,,,,,,,
gr00t_wbc_h074_p000,3607,complete,90,18,6.53373,1.71553,0.0181488,0.0281284,291.36,28.9225,13.4815,19.8509,1.4408,25.3995,13.8211,4.06507,5.59209,1.33309,18,0.404118,0.882468,1.52709,276.985,21.2703,18.413,29.2536,1.5567,23.0188,12.7574,4.18705,6.53577,1.20668,20,0.402785,0.968623,1.67377,276.805,29.5563,12.5741,35.1718,1.27032,21.3807,13.2132,3.36732,7.47493,1.69387,15,0.464077,1.10257,2.2534,218.847,16.7078,18.411,17.395,1.76691,19.0382,10.7976,3.57749,5.95724,1.15588,15,0.433795,0.954683,1.42762,297.291,30.0698,18.9224,18.7088,1.22674,24.7553,13.8682,4.38943,6.44938,1.17315,20,0.418616,0.870289,1.44925,253.877,28.6672,21.2094,60.5238,2.30059,21.0151,12.9069,3.60554,8.70289,1.92793,10,0.530221,1.47983,3.11148,197.477,21.121,22.21,16.8312,0.900692,16.3531,10.156,2.97559,6.38079,1.22368,11,0.532734,1.07107,1.78223,678.534,86.4982,45.7613,12.0554,1.32137,38.8911,20.7562,5.1567,9.02797,1.68068,15,0.491872,1.2965,4.1181,231.943,28.6478,16.52,9.58061,1.54625,19.2294,10.7859,2.88573,4.28058,1.22973,10,0.536572,1.34564,1.77108,286.224,32.3301,17.7906,16.0249,1.53479,24.7053,16.9701,4.22008,6.76766,1.15632,18,0.415392,1.00568,1.60468,570.049,53.1677,22.9023,34.2837,1.23538,39.2034,20.9517,6.158,10.9767,1.58627,18,0.511215,1.6495,4.76405,169.898,16.0478,11.1583,21.683,0.707336,15.4543,9.07317,2.7385,4.4407,0.70123,11,0.468966,1.14628,2.00497,343.245,30.7711,18.1658,20.241,1.45195,24.0716,15.3866,3.75913,7.00946,1.28792,14,0.461273,1.05045,2.11732,464.185,61.7593,53.9697,76.5185,1.83636,35.4083,21.3648,5.42136,14.7343,3.88625,21,0.571436,1.12941,2.78023,122.663,14.062,13.5044,14.6706,1.19928,12.7534,7.77277,2.52354,3.8314,1.06703,9,0.427383,1.0107,1.82334,837.1,64.0884,42.3071,20.8972,1.52103,56.2639,24.8544,7.89236,12.2654,1.69277,21,0.701254,1.39428,5.11661,538.516,51.1934,32.7998,104.517,26.6197,43.6666,19.8637,7.57954,25.4034,11.4699,17,0.594553,1.7139,5.11705,223.447,21.7097,9.51477,10.659,2.11581,17.6751,9.15872,2.80559,5.26469,1.44634,9,0.618306,1.58109,3.93727
gr00t_wbc_h074_p000,3608,fell,70.7,15,9.28568,9.93678,2.20012,3.69259,281.735,26.7317,11.638,13.302,1.32291,25.3848,13.5762,3.96351,6.10206,1.42745,17,0.433451,0.944982,1.65474,180.051,17.0319,8.62083,15.5102,1.52266,14.2806,7.87673,2.34521,4.17848,0.998899,10,0.522974,1.04304,1.62779,287.279,27.4363,16.2129,34.0056,2.27987,20.2623,10.0924,3.72646,8.78551,3.61742,10,0.702154,1.71776,4.46749,166.367,18.2313,7.69218,15.5837,1.95428,12.5826,7.02655,1.9074,4.0634,2.19593,8,0.47538,1.17984,2.38057,214.949,23.1288,9.49604,13.4063,1.3647,16.2356,9.30511,2.65879,3.76858,1.21151,12,0.4462,0.97005,1.49235,316.987,27.7398,12.5816,13.8952,1.61145,24.461,13.2614,4.09822,5.79598,1.37159,16,0.537277,1.25583,2.50938,182.429,18.4644,9.64073,12.7251,2.78036,16.1544,8.75526,2.54064,4.94454,1.27489,8,0.542719,1.29773,3.48203,257.718,47.0412,12.8205,20.183,3.30158,20.3031,13.6026,3.70151,9.65301,4.68532,11,0.683551,1.33502,2.83279,309.939,32.2139,12.7857,23.7865,1.60928,24.8379,14.7545,4.11687,10.8015,2.20908,13,0.56121,1.22277,3.01613,261.778,25.8518,11.7699,16.7984,1.55879,22.3786,14.9735,3.67892,6.10421,1.69782,12,0.518835,1.26119,2.69515,406.652,34.3171,17.1802,21.789,2.10622,25.6491,17.5834,4.04188,5.7605,3.45528,16,0.499133,1.17032,3.34323,615.97,58.3562,27.3664,23.8283,1.88666,43.7033,23.1688,6.51702,8.38638,2.34693,23,0.495651,1.26922,4.21425,203.958,34.4979,12.9709,18.9527,1.61843,16.5949,12.777,2.72557,4.62732,1.67621,10,0.629863,1.07183,2.3205,306.014,27.1931,18.3078,27.0207,4.94213,22.5932,11.0525,3.91025,11.432,6.53234,16,0.478382,1.02798,1.8674,1663.97,118.878,76.921,62.7544,12.3195,68.7464,20.6908,10.1808,22.8872,12.9076,2,0.321655,0.586056,0.990372,,,,,,,,,,,,,,,,,,,,,,,,,,,,,,,,,,,,,,,,,,
gr00t_wbc_h074_p000,3609,complete,90,18,8.32548,2.3972,0.0274469,0.0292616,294.102,28.0661,16.2689,19.576,2.28218,28.176,16.5534,4.52419,5.93927,1.51779,20,0.419713,0.924782,1.47731,107.086,10.4322,7.11975,14.9306,0.822914,10.0631,6.59757,1.69727,3.15959,0.753265,10,0.366926,0.834729,1.17537,237.15,21.079,10.8435,17.5505,1.09783,17.0305,7.50201,2.7388,4.96263,1.18733,10,0.515866,1.4985,2.70088,205.015,21.3693,12.4191,28.5558,1.38525,14.9099,10.4579,2.65605,4.60773,1.19948,7,0.574402,1.2454,3.43122,249.203,23.5393,14.1105,23.131,1.3269,19.8137,12.1529,3.3033,5.04458,1.30015,14,0.482212,0.995101,1.77958,255.811,24.5312,13.9171,21.9672,1.14071,20.5591,12.5556,3.26527,5.25297,1.24717,12,0.558659,1.18874,2.46235,89.3132,12.7434,12.6527,18.6966,1.63567,7.36341,4.06712,1.49753,2.68006,1.19171,7,0.372144,0.747025,0.992495,425.325,93.7748,27.0274,38.073,1.68699,35.3829,24.0224,5.90071,10.8066,2.80911,17,0.722254,1.41358,3.31064,358.721,34.8521,21.4111,26.0992,1.4173,27.6023,18.7156,4.95246,7.63912,3.63363,16,0.494849,1.30994,3.165,237.461,23.2617,16.3755,28.4152,1.47,19.7044,11.2828,3.51843,8.66861,3.76344,10,0.506201,1.45314,4.37274,236.05,21.7774,34.218,30.032,3.34376,17.6794,11.659,3.99442,12.0859,5.13885,11,0.470706,1.16049,1.80127,268.136,51.2978,15.7947,19.4548,2.45433,21.5813,13.8743,3.4963,6.74855,4.15064,15,0.618886,1.01605,2.18189,237.198,37.6901,15.7452,11.0351,0.661087,18.1917,12.6956,3.1298,4.3997,1.84006,11,0.523675,1.3377,2.63671,457.479,48.5588,26.3129,61.1756,15.238,32.0453,17.4597,5.26667,11.3782,9.13743,14,0.615961,1.6647,4.92871,277.526,29.416,12.5624,17.7179,1.46722,23.5522,9.94187,3.895,6.50903,1.41686,13,0.508919,1.51896,3.67951,380.236,42.3294,19.6651,34.6555,1.42775,25.9602,12.9536,4.74917,10.9669,2.25973,15,0.566987,1.35703,3.15077,477.721,49.7209,36.2674,17.0468,1.49043,35.8878,16.8121,6.2674,6.52374,1.85557,15,0.549339,1.66153,4.61053,278.326,37.0025,23.0647,15.7351,1.41564,22.2497,12.7367,4.06186,5.64299,1.38713,13,0.575342,1.23746,2.03264
gr00t_wbc_h074_p000,3610,complete,90,18,6.95842,2.94332,0.0409546,0.05135,292.124,36.8854,14.7953,18.3759,1.64078,26.9338,16.1279,4.14193,6.3804,1.5132,18,0.485125,0.995181,1.83299,176.337,13.2045,10.0893,17.8443,1.20287,15.7378,10.3918,2.74887,4.2109,1.17344,12,0.439155,1.05662,1.95511,230.837,19.5553,8.48405,16.4386,3.4449,18.0774,8.98011,3.48617,8.18607,5.011,13,0.43643,1.03229,2.41433,284.638,36.9233,12.1119,21.183,2.44197,23.6813,14.2622,3.92432,7.44405,5.3911,15,0.506272,1.08881,2.19065,215.429,20.4292,8.44835,13.4893,2.08268,18.3015,10.6871,2.90882,3.03723,3.43414,10,0.546133,1.22671,2.40211,282.439,26.1802,14.4021,8.97604,3.30231,24.9417,15.1007,3.96497,1.06154,2.95592,16,0.545267,1.14254,2.40994,242.459,21.5013,12.6241,26.8067,8.34461,19.6349,12.0411,3.53048,5.69695,5.34935,11,0.593324,1.26193,2.65354,267.067,34.5116,13.3067,44.086,2.73355,20.3455,11.6833,3.46246,12.5164,6.51793,14,0.46043,1.01713,1.71447,264.263,27.2733,10.6105,41.3972,1.56743,20.6886,12.2151,3.22633,9.58545,4.96818,17,0.502053,1.01281,2.22958,354.5,41.7185,16.8243,10.3702,7.45453,24.9734,13.6779,3.25178,3.71898,5.70556,11,0.600642,1.37898,3.84098,34.1941,3.86487,4.40029,21.6884,4.82765,3.46261,2.3141,0.738301,1.96185,1.83914,4,0.444611,0.875464,1.43694,259.801,19.2766,12.0352,11.428,1.50338,22.5214,12.079,3.60245,3.03436,3.14544,14,0.52803,1.16017,2.37153,443.435,60.381,18.9775,93.0996,2.91944,31.6541,16.7892,5.02273,15.7334,6.61332,13,0.67307,1.64026,4.591,353.832,34.9424,12.7093,12.2411,7.71429,22.8436,13.2559,2.77306,2.36379,5.99112,8,0.538671,1.39366,4.21782,244.442,19.33,11.3181,7.85446,2.12498,20.7993,10.7882,3.24618,3.89048,3.39654,12,0.582012,1.26082,2.87556,96.2158,17.5882,6.07028,13.0678,6.67329,8.43109,5.39108,1.44767,2.63383,2.91973,4,0.482611,1.30348,1.94096,248.53,21.2616,10.183,12.3049,2.15012,20.5622,11.8225,2.96507,4.92982,2.70303,12,0.480474,1.10391,2.27055,295.885,25.0947,12.6508,9.44611,7.15237,25.4345,14.6006,4.16063,4.70777,4.76273,19,0.421425,0.976016,2.05998
gr00t_wbc_h074_p000,3611,complete,90,18,21.4499,3.02191,0.0115292,0.0108625,212.382,26.1108,8.05012,13.8674,1.399,18.552,9.54811,2.88912,4.89342,1.12289,11,0.454149,0.971555,1.45301,277.02,20.5895,14.6161,21.3762,0.970199,23.2301,13.1751,4.23324,6.60907,1.0222,16,0.534069,1.12296,2.03278,246.274,25.7558,14.0828,26.2372,1.11268,18.9443,11.1412,3.12042,4.18043,0.988635,14,0.502899,1.044,1.51949,80.9935,9.98373,4.30214,15.0122,1.28849,6.205,3.4133,1.01117,2.77553,1.1081,3,0.711419,1.30038,3.40292,219.756,16.2596,8.17739,15.1651,1.99933,17.0118,8.97725,2.54025,4.75627,1.15242,7,0.539609,1.43177,4.38566,196.857,16.0986,8.99955,11.9031,2.02609,15.9864,9.82844,3.04161,5.78596,2.62881,11,0.518899,1.14744,1.85306,411.297,35.7274,26.5451,24.4645,6.82644,32.3019,17.3669,5.8817,13.8775,7.15873,16,0.567502,1.26773,3.16363,297.991,57.1413,15.8731,15.0984,1.50928,21.5799,13.7746,3.43515,4.8318,1.95197,16,0.609344,1.05164,2.03019,399.816,38.0626,19.3984,17.556,1.2293,32.4915,21.8696,4.96837,7.36352,2.39907,23,0.462748,1.11467,2.20438,262.343,27.0968,10.5334,25.6369,1.76724,21.0835,9.95986,3.76242,8.0313,4.75499,11,0.588861,1.37579,3.15139,448.353,61.317,24.961,136.663,5.00115,30.2605,17.5842,4.92296,17.3038,6.57984,17,0.534041,1.06009,3.28737,142.336,14.7941,8.77371,10.0687,3.68636,11.8894,6.40698,2.32635,5.98835,3.22727,7,0.413912,1.07236,2.53784,159.124,20.4259,10.9206,17.063,2.18179,14.6957,8.34989,2.19205,6.46237,2.87481,7,0.575597,1.39575,3.02159,772.416,130.847,74.3886,96.0486,1.85728,57.182,34.6494,8.76587,20.7284,3.89018,20,0.700523,1.58077,4.35368,451.731,50.2386,48.7562,316.01,11.3771,36.3716,19.1046,8.57023,39.4579,8.62157,19,0.529678,1.44212,3.00133,226.68,24.5222,30.1623,54.011,1.92104,18.5289,12.4089,4.13698,12.9757,2.51478,11,0.42213,1.11099,1.58311,1703.85,452.753,69.9536,46.9954,1.03661,99.9806,80.0424,13.6568,23.6773,4.17791,19,0.833185,1.49423,11.153,679.14,70.2939,25.5917,51.2333,5.75443,42.0593,20.2996,7.10284,20.8255,5.74105,21,0.289097,1.62973,5.53201
gr00t_wbc_h074_p000,3612,fell,65.76,14,11.7694,3.89051,3.01103,3.33841,171.86,23.4589,8.57088,14.2787,1.79538,16.9454,11.2138,2.69009,5.1899,1.19975,11,0.450958,0.90802,1.72266,227.926,20.3935,11.7891,42.1264,3.28691,17.6999,9.58215,3.06494,10.1074,6.51041,11,0.596217,1.1765,2.54828,197.743,20.6931,18.7566,24.0309,2.7265,16.6815,9.23486,3.06246,5.64355,3.67885,11,0.523769,1.23728,2.42395,150.02,15.5242,9.01179,18.8155,2.57247,13.7095,8.02235,2.39952,5.12017,3.39524,10,0.466366,0.896203,1.50969,381.218,44.0626,16.2296,15.5027,3.88141,31.3117,16.0145,4.63024,10.1661,6.59741,17,0.623248,1.21482,2.38972,197.242,15.4137,7.47797,13.2795,1.30488,12.4068,6.81333,1.80115,5.54122,2.04681,4,0.391323,0.896644,2.82574,251.649,22.5044,12.6905,12.2812,1.99304,21.6242,10.5642,3.89518,7.34334,5.03022,13,0.599541,1.38308,3.04054,301.917,27.4823,10.8666,20.5513,6.11586,23.1741,12.8112,3.98972,9.68435,8.88201,14,0.524472,1.23084,2.71958,287.84,30.0827,14.688,17.0518,2.7209,23.0869,13.9839,3.84006,5.75447,2.86931,13,0.621618,1.31218,2.4453,419.281,42.9615,24.6722,104.748,80.0726,32.6761,17.405,6.21115,19.7554,18.0872,15,0.63785,1.68085,3.95064,331.892,45.753,22.9652,24.5862,0.903442,27.7292,16.6114,4.86691,7.27663,1.69614,17,0.566555,1.23712,2.17397,299.904,28.1848,14.8559,19.5427,1.08534,23.5744,11.612,3.79135,5.48553,1.37125,12,0.477633,1.38556,3.07907,334.51,47.5985,19.8474,32.3401,0.785744,25.8923,16.6189,4.36161,7.42504,1.41452,14,0.541148,1.33634,2.63162,3416.24,348.548,132.804,57.9582,33.3092,78.9636,33.7279,13.6337,15.8503,6.15212,1,0.286949,0.512933,0.57251,,,,,,,,,,,,,,,,,,,,,,,,,,,,,,,,,,,,,,,,,,,,,,,,,,,,,,,,
gr00t_wbc_h074_p000,3613,complete,90,18,8.44369,3.0366,0.112508,0.134585,243.017,28.3675,13.7227,18.9431,1.22248,24.6532,12.841,4.31853,6.4161,1.10934,24,0.347504,0.779028,1.17614,284.238,28.1949,11.2594,27.8305,1.67227,21.4876,10.2061,3.42938,6.43369,1.33228,11,0.586999,1.61326,3.3409,266.341,25.5263,20.3557,59.149,1.6918,21.504,13.8286,3.48065,8.8406,1.54367,15,0.470808,1.05875,1.69576,260.127,28.4042,9.70293,47.0382,2.30415,18.8603,9.67665,2.98118,9.81359,2.5157,11,0.497468,1.19924,2.65917,353.449,30.2254,13.1643,25.0708,1.6791,25.2274,12.677,3.64782,6.80688,1.14062,9,0.683945,1.48569,3.98323,280.379,25.793,16.0131,21.6546,1.52196,24.758,12.1858,4.37667,7.52581,1.50609,17,0.458127,1.1281,2.06688,418.55,37.8586,19.5167,22.8647,1.66067,28.5655,17.0059,4.48028,7.23782,1.31531,17,0.46319,1.19491,2.1761,378.76,53.9209,22.5472,51.3388,3.58589,30.4236,17.069,4.27883,9.92297,2.82964,18,0.556256,1.04009,2.49231,239.057,21.4589,14.8114,17.9886,2.51718,20.6928,10.1475,3.48159,6.13429,3.31347,9,0.664356,1.55668,3.85334,462.729,49.5885,19.3067,18.9157,1.59292,31.1599,16.9798,4.93792,9.31709,4.72459,16,0.546721,1.50155,4.32688,518.745,50.8131,27.9129,16.2246,1.70905,38.5637,18.7369,6.54929,10.1446,4.73682,21,0.466868,1.48755,3.58036,334.267,29.3495,18.2417,18.0896,1.45141,27.6375,12.3317,4.53849,5.71232,2.27249,18,0.539043,1.2941,2.37101,487.315,85.9421,40.663,144.868,6.36424,41.4071,22.8458,7.29938,21.668,6.12145,17,0.651355,1.3322,3.10831,353.405,38.3671,18.1296,13.7097,2.05092,24.2408,10.0773,4.38537,6.6042,4.81312,15,0.533897,1.42881,3.80043,288.713,31.5157,16.1385,37.3713,5.86596,22.8667,9.99066,4.5227,12.5973,4.15857,14,0.561274,1.14467,2.26081,462.875,45.4001,79.6588,216.011,289.028,36.0551,17.7363,8.34704,22.4891,16.7554,15,0.66117,1.55279,3.29,430.401,54.0912,26.2914,28.9985,1.34964,31.711,16.4679,5.17764,6.85648,2.39827,12,0.624968,1.6447,4.64415,748.4,195.141,63.3464,81.9494,10.0786,51.2569,36.1328,8.01782,13.6856,4.53449,22,0.591441,1.17614,3.50205
gr00t_wbc_h074_p000,3614,fell,45.96,10,10.1397,6.12873,2.62741,3.85806,212.281,20.7506,9.54626,14.1261,1.41849,20.6777,11.1092,3.45625,6.18307,1.6514,13,0.410268,0.970537,1.60337,330.355,32.0126,14.6309,18.3192,1.00155,25.6443,14.368,3.61576,7.29008,1.4346,14,0.490328,1.17605,2.98828,149.691,13.0138,6.68248,12.7453,0.719453,13.5791,7.72607,2.10893,4.05283,0.781822,9,0.413637,1.00211,1.98844,311.68,31.5609,20.1618,29.2622,2.75388,24.545,11.8599,4.03677,12.3237,5.80634,15,0.570687,1.29332,2.72354,253.683,28.9249,9.59473,17.1132,2.37822,19.1388,9.37375,2.98447,5.83472,4.7373,11,0.540455,1.46525,3.23529,121.813,12.2463,6.4912,16.3838,1.17605,11.5415,5.92762,2.08628,3.99674,1.31059,7,0.462944,1.14712,1.78039,235.142,32.9433,22.5249,80.1572,5.91361,19.0119,11.2432,3.19297,9.93481,3.75246,11,0.415861,1.20391,2.69004,259.404,23.1765,14.5378,26.0353,0.874517,22.2445,12.3348,3.55254,5.13742,1.62451,12,0.403026,1.09614,2.12446,166.708,15.2297,17.337,25.651,1.71469,13.5638,6.9729,2.20009,5.10493,2.0852,8,0.5406,1.1849,1.58721,910.019,49.5764,21.7015,11.6255,0.628334,34.3706,14.5342,5.20263,7.83222,1.93274,4,0.272274,1.84082,13.4296,,,,,,,,,,,,,,,,,,,,,,,,,,,,,,,,,,,,,,,,,,,,,,,,,,,,,,,,,,,,,,,,,,,,,,,,,,,,,,,,,,,,,,,,,,,,,,,,,,,,,,,,,,,,,,,,
gr00t_wbc_h074_p000,3615,fell,65.68,14,8.76732,7.348,3.94136,4.05005,286.711,29.245,13.626,18.4701,1.14947,25.0352,13.1344,3.85483,6.56033,1.97078,18,0.447992,0.848549,1.84466,221.613,22.1093,11.5211,23.8055,1.54038,17.4038,9.55424,3.00855,3.55118,0.969186,13,0.497563,1.12088,2.24505,154.071,12.2315,10.1731,21.0161,0.676386,12.6039,7.00432,2.18821,3.56332,0.679334,11,0.453438,0.915842,1.62105,292.441,29.7277,17.417,27.4245,1.06518,24.3643,13.4737,3.90431,6.21296,1.3365,20,0.428505,0.909306,1.48909,192.861,20.1389,10.4421,24.7702,0.723668,13.9192,7.42604,2.68486,4.65863,1.37056,9,0.488856,1.36036,3.05909,243.518,18.2234,17.4506,30.154,1.5194,20.9188,10.509,4.00124,5.58333,1.6368,14,0.460072,1.149,2.05658,180.813,24.4272,16.8129,24.6391,1.22129,14.2816,10.4028,2.76214,5.79573,1.40973,8,0.581365,1.39154,2.28324,157.773,15.904,10.7715,20.7145,2.18272,14.7964,7.79343,2.50491,5.25008,2.55333,10,0.623062,1.02925,2.44172,412.659,44.3901,15.722,35.8502,1.48572,28.6678,17.4737,4.13163,9.69059,2.44263,15,0.519583,1.39545,3.90353,208.933,16.9388,10.3099,18.3594,1.19253,18.9443,11.1489,3.3764,5.22657,1.04632,14,0.44629,1.05143,2.20004,550.594,107.161,33.0526,95.833,2.3013,34.7198,22.5679,4.98736,13.6819,2.65048,11,0.526995,1.36615,5.1607,390.748,40.0607,43.9935,214.728,5.56618,29.2033,18.7471,5.33241,18.1212,4.79781,12,0.583394,1.35185,3.77807,659.363,41.6348,20.3368,20.6033,1.52465,38.5618,18.7464,5.89438,9.23307,1.8192,16,0.551867,1.36844,4.56286,3958.71,256.983,197.749,81.4216,2.18824,74.1654,26.2122,11.4692,14.5673,3.79636,2,0.269234,0.54311,1.17747,,,,,,,,,,,,,,,,,,,,,,,,,,,,,,,,,,,,,,,,,,,,,,,,,,,,,,,,
gr00t_wbc_h074_p000,3616,fell,50.8,11,8.20082,11.4118,2.81601,3.42375,252.354,25.8025,9.19899,10.7555,1.66684,20.1345,11.8447,3.224,5.19571,1.40375,15,0.406297,0.956766,1.66462,240.224,19.8518,11.8062,16.8255,1.77937,19.1877,10.0228,3.10592,4.93408,1.31785,14,0.464052,0.982065,1.33975,104.159,9.87889,9.04195,15.4438,1.68987,8.54272,5.12035,1.71001,5.81255,1.68297,4,0.450443,1.06893,1.5176,176.475,16.6298,8.65788,8.30398,1.25811,13.8819,7.99526,2.39661,3.49267,1.14598,10,0.505343,1.13943,1.9388,246.903,29.9441,12.6874,8.95649,1.07151,16.6525,10.9717,2.59286,6.0277,2.67524,10,0.502209,1.20557,2.46915,240.431,50.3059,14.9475,16.0215,1.25592,19.0832,13.1778,3.14262,4.61379,1.67885,9,0.672235,1.458,3.23606,218.38,29.9151,16.6854,21.2463,1.94731,18.4826,10.4149,3.04752,4.06795,1.14345,13,0.482922,1.03748,1.58671,604,101.675,47.334,100.208,3.58009,42.876,28.703,6.68135,14.3188,3.41762,17,0.562534,1.26681,4.2487,249.699,39.0552,18.0108,26.024,1.42612,17.5442,9.85199,3.11885,4.22914,1.25586,13,0.490932,1.05572,1.49941,272.402,38.2813,44.091,42.5492,2.03433,21.9311,12.4345,4.19562,9.65541,3.78058,12,0.519682,1.35102,2.09546,1249.88,44.2497,33.1782,12.5639,0.330317,40.3273,15.5327,5.57316,8.28957,1.90621,7,0.507154,1.02599,4.49667,,,,,,,,,,,,,,,,,,,,,,,,,,,,,,,,,,,,,,,,,,,,,,,,,,,,,,,,,,,,,,,,,,,,,,,,,,,,,,,,,,,,,,,,,,,,,,,,,,
gr00t_wbc_h074_p000,3617,complete,90,18,16.4659,2.72059,0.330697,0.333013,163.038,16.4142,8.64762,12.0172,1.54125,16.6878,9.03875,2.59661,4.12044,1.27229,12,0.371725,0.801413,1.37712,288.056,25.3363,16.4037,21.6406,2.18744,25.7934,14.7041,4.19094,7.87785,4.7636,21,0.452503,0.939021,1.73755,145.948,19.731,9.20604,17.809,1.04738,9.35018,4.48142,1.77782,3.11435,1.14546,7,0.660734,1.38344,2.9989,214.478,19.2848,14.829,27.5749,1.04115,18.5573,10.6975,3.27951,4.48461,1.16011,12,0.517606,1.15316,2.19098,230.037,20.2553,12.1692,20.9905,1.16806,18.9522,12.6216,3.15072,4.03485,1.08038,13,0.487444,1.09386,1.87734,284.941,31.7387,12.4445,13.9722,0.92386,20.7591,8.9767,3.956,8.84473,2.72827,10,0.539492,1.52466,3.50332,259.773,30.6301,23.7071,39.5568,1.43884,20.8657,14.3602,3.80435,10.1756,2.88307,14,0.553651,1.13916,1.93463,489.697,76.9442,37.4994,66.6488,2.33227,41.1165,25.9644,6.08727,12.9954,2.42808,14,0.623142,1.38226,4.1681,458.481,53.0397,18.583,16.3878,1.75266,33.9272,19.7534,5.40352,8.23389,2.02358,18,0.504047,1.28727,2.91274,334.078,36.1328,28.1288,125.027,8.93443,24.5542,15.3616,4.19827,12.2189,5.96601,12,0.534205,1.46896,3.44281,208.918,18.4105,12.6211,26.024,1.0655,17.1495,9.21372,3.26429,4.31855,0.935291,10,0.591328,1.44168,3.28786,151.537,14.4322,12.1479,22.493,1.07406,12.9774,6.69538,2.20923,3.73518,0.995766,11,0.335067,0.786178,1.05297,447.423,82.3783,29.5742,33.3969,1.79952,35.1068,21.8287,5.64203,8.50767,2.03208,16,0.59511,1.42994,3.43127,415.572,72.9527,30.9856,29.7744,2.00644,30.2004,20.1315,4.67932,7.04009,1.70208,15,0.449929,1.01245,2.89409,1023.07,171.355,52.0903,22.9893,1.49528,49.1318,30.9476,7.80263,10.2526,2.25699,12,0.505781,1.59072,9.41222,374.941,53.1354,24.1727,8.97244,1.01031,26.6756,13.2944,4.66308,6.39191,2.18336,16,0.522339,1.4176,2.71756,311.227,60.3392,20.6317,12.3911,1.4315,25.9833,13.6654,4.26596,5.9066,2.16694,15,0.517363,1.30184,2.38033,1234.22,318.498,53.6411,23.4023,2.1256,73.9105,55.1171,10.9549,13.5842,4.25587,20,0.541431,1.41671,8.26142
gr00t_wbc_h074_p000,3618,fell,41.32,9,24.7394,5.04909,1.34652,1.83249,152.689,15.8319,7.86679,7.97262,0.978505,15.3094,9.58205,2.3004,4.17218,2.53399,13,0.322648,0.762974,1.20328,92.6224,14.2819,7.33977,10.4576,0.857566,8.20728,4.4532,1.52699,3.17554,1.65727,5,0.617637,1.2461,2.17288,197.563,23.1425,11.9567,23.8107,1.28276,15.5655,9.85008,2.83152,4.19369,1.01097,10,0.520152,1.10043,2.08062,190.327,23.6061,12.1524,22.306,1.53539,15.6119,10.0975,2.84375,3.63654,1.03375,9,0.621609,1.39548,2.73223,176.807,16.113,15.2566,61.5523,37.0128,16.5758,9.16782,3.19381,10.9318,13.4787,11,0.51729,1.27391,2.39292,181.556,24.4234,12.1352,20.2423,1.2411,15.2897,9.57713,2.69801,5.43281,1.99739,10,0.540277,1.22848,2.05675,803.708,69.177,42.0839,28.1151,1.35874,44.4693,22.8652,6.65372,9.29522,1.66205,15,0.563536,1.74219,6.69967,318.625,32.3474,28.6225,132.814,10.4609,25.8354,14.8519,4.58826,13.9892,4.64623,13,0.56683,1.32191,2.96754,4498.73,572.538,282.277,289.379,100.963,142.987,73.665,24.4913,56.9436,26.522,3,0.66249,1.40254,8.28131,,,,,,,,,,,,,,,,,,,,,,,,,,,,,,,,,,,,,,,,,,,,,,,,,,,,,,,,,,,,,,,,,,,,,,,,,,,,,,,,,,,,,,,,,,,,,,,,,,,,,,,,,,,,,,,,,,,,,,,,,,,,,,
gr00t_wbc_h074_p000,3619,complete,90,18,8.32211,2.68714,0.0165165,0.0244184,335.836,32.0005,14.9595,15.4332,1.52695,28.8292,15.6435,4.389,8.14359,3.15036,16,0.421403,1.0321,2.22691,319.578,30.1932,11.5518,14.5879,3.29702,24.1015,15.06,3.7984,6.51578,2.36439,15,0.584382,1.20986,2.53129,244.869,47.8547,14.7535,27.7546,1.27593,20.4202,12.3672,3.28469,8.52396,2.3298,14,0.581029,0.940273,1.83155,215.241,16.5877,13.0917,25.6707,1.17945,19.0359,10.9284,3.11317,5.39286,1.0897,15,0.414462,0.934257,1.48776,271.013,28.1194,15.976,24.0954,2.34716,22.124,13.4505,3.6391,5.63052,1.14491,15,0.468636,1.04817,1.96194,131.911,16.8763,21.9186,79.6041,2.39256,11.9317,6.57444,2.44152,9.25412,1.87827,9,0.408725,1.06444,2.00733,247.903,22.6157,14.7263,31.1612,2.58314,23.1389,13.5883,4.17886,11.9883,4.25516,14,0.474601,1.21133,2.12541,309.554,29.0779,13.9615,24.6301,2.52621,26.0179,15.16,4.20645,8.35223,2.69917,15,0.561183,1.28286,2.24726,258.295,35.1363,16.1472,29.8945,15.1152,20.7257,12.8179,2.63557,7.8374,8.17995,10,0.585652,1.30427,2.76428,542.217,57.6049,25.3316,25.2393,1.02637,36.1116,17.4492,6.21688,11.5914,3.15261,16,0.628974,1.71299,5.41226,153.895,16.5339,9.90471,10.3487,1.03813,13.0901,6.64222,2.36913,4.16158,1.31624,8,0.56041,1.32965,2.79167,266.091,25.9406,23.9305,17.7869,1.37068,22.026,13.4147,4.47336,5.98253,2.33361,13,0.58386,1.33408,2.66675,682.151,113.221,39.6779,23.6248,1.13226,49.6738,32.3464,7.56616,8.98302,2.38959,18,0.733675,1.53313,4.04488,353.781,77.9611,45.8302,151.774,3.53318,28.9702,16.0639,5.68175,21.3632,4.22801,7,0.692333,1.49234,6.58426,435.542,42.6985,49.6235,84.5714,19.5602,35.4004,19.2945,7.62971,22.9817,7.52209,16,0.506977,1.35908,3.42196,355.554,55.8285,19.7158,8.73016,1.40915,27.1755,16.5876,4.6212,5.74678,2.0519,17,0.623583,1.10998,2.02221,355.337,35.2641,30.756,20.2186,1.65294,24.3284,16.1218,3.93171,6.17723,2.00324,13,0.527868,1.26139,3.28555,426.716,96.2867,31.2938,18.2153,2.06435,28.504,23.8739,4.69136,6.31356,2.10566,11,0.534454,1.31904,4.00339
gr00t_wbc_h074_p000,3620,fell,35.76,8,14.1329,22.4659,1.84758,2.72101,138.518,14.8546,6.62012,15.4028,1.2858,14.1811,8.54917,2.30308,4.11154,0.9921,12,0.317051,0.720578,0.924807,80.5049,9.88398,3.58073,12.4555,1.19198,6.91133,2.93834,1.17268,2.75034,0.794241,5,0.321083,0.891709,1.39675,370.123,36.4687,18.4352,27.1621,1.47693,30.1037,16.518,4.72521,10.6577,1.98086,15,0.582287,1.35666,3.00112,220.693,26.4277,9.75595,20.956,1.18505,18.0347,12.1213,2.77743,5.67505,0.841871,9,0.594694,1.40015,2.83511,297.248,30.095,13.2621,61.7261,0.977761,18.2405,9.04888,3.5103,10.4557,1.74409,9,0.546382,1.93999,5.30762,297.76,38.1378,15.2055,22.6747,1.15229,23.0566,13.304,4.15961,7.6015,1.39935,17,0.461107,1.19573,1.76531,188.958,17.4984,10.4881,17.166,1.83196,15.6158,9.36148,2.56914,4.13395,1.03026,13,0.342891,0.907404,1.12176,1238.89,88.9091,71.1069,15.7341,0.551895,42.0878,15.9539,6.76084,10.84,2.45049,7,0.615099,1.04693,3.64785,,,,,,,,,,,,,,,,,,,,,,,,,,,,,,,,,,,,,,,,,,,,,,,,,,,,,,,,,,,,,,,,,,,,,,,,,,,,,,,,,,,,,,,,,,,,,,,,,,,,,,,,,,,,,,,,,,,,,,,,,,,,,,,,,,,,,,,,,,,,
gr00t_wbc_h074_p000,3621,complete,90,18,7.71197,1.99417,0.00442596,0.00555184,143.097,18.2772,6.55841,13.5932,1.06118,13.4515,8.60231,2.08223,3.44896,0.919726,10,0.344812,0.800016,1.186,276.589,25.471,14.5052,22.253,1.35364,23.8164,11.6868,4.06541,6.47222,1.02545,14,0.507596,1.31681,2.74163,215.799,22.6912,12.2839,24.1946,1.93013,19.0705,11.1461,3.06082,5.17368,1.16112,13,0.462843,1.0529,1.73393,139.707,14.1688,8.99287,19.6163,2.61005,11.5722,7.00507,1.9081,4.46115,2.06776,10,0.401481,0.991199,1.29895,284.489,27.3816,10.7599,13.4558,1.5512,22.2619,10.6796,3.47307,5.87291,2.14136,13,0.576567,1.36983,2.80122,310.883,79.4072,24.392,26.3862,2.17422,24.3067,17.3628,4.34634,9.47119,3.74745,13,0.670614,1.46197,3.09613,469.516,63.9689,26.3554,56.5419,1.41314,32.3392,19.9189,4.57669,10.6194,2.5885,14,0.494515,1.28906,3.95669,402.887,81.0165,25.6187,27.1898,1.08873,31.7936,20.6284,4.73702,9.14846,1.73258,18,0.509136,1.23201,2.7553,202.485,24.3618,12.7544,21.0553,1.0823,16.6884,9.11373,2.60654,4.88898,1.1631,11,0.504263,1.13552,1.77647,194.402,23.8769,12.9819,14.6373,1.29455,15.3508,9.61587,2.25394,3.94201,1.12848,10,0.501912,1.32431,2.38037,337.548,46.9724,22.5828,16.6253,0.920376,29.496,14.6214,4.96819,6.14036,1.66669,18,0.556923,1.30078,2.25,478.297,96.4734,42.8539,56.5945,1.65824,34.9061,21.3423,5.88943,14.3045,3.08181,22,0.439356,1.06968,1.8031,420.984,46.8679,23.5953,84.5438,1.23241,29.8043,12.9984,4.87339,11.6176,2.04326,11,0.708407,1.92842,5.53317,588.202,75.8153,100.034,133.466,4.5188,48.1063,24.8184,8.94237,26.1449,6.48249,20,0.539403,1.36775,3.58076,376.457,33.4406,23.8672,101.908,6.80893,27.8749,14.6206,4.72768,12.2319,4.1432,13,0.51913,1.45353,3.96757,284.549,27.6057,15.2626,19.0659,1.73419,21.8765,10.3526,3.55261,6.01934,1.53214,16,0.530262,1.08453,1.75421,575.339,63.7518,87.1088,171.997,62.2715,45.72,24.1819,10.4527,28.0243,17.5547,19,0.583767,1.37215,3.51542,296.591,24.2485,12.642,20.1647,5.78555,24.1653,13.0987,4.05907,6.13197,3.18086,13,0.440831,1.24795,2.53544
gr00t_wbc_h074_p000,3622,complete,90,18,12.0931,2.38021,0.0634064,0.103608,254.906,27.4579,11.6259,18.0605,4.54757,23.6292,14.0171,3.76762,7.07276,3.10894,17,0.426665,0.898518,1.4642,151.458,27.2852,11.3756,16.9021,1.40654,13.1248,7.89954,2.38116,5.11897,1.26811,10,0.47232,0.958223,1.67426,171.232,20.528,7.85596,19.3502,1.56677,14.7894,8.00972,2.46319,4.39708,0.981473,8,0.577388,1.51311,2.97836,122.76,11.7575,6.78967,18.7836,1.44306,11.0292,6.37404,1.98572,3.96537,0.841958,9,0.367741,0.845445,1.25493,212.897,20.9611,11.3339,16.8376,1.5279,19.4752,11.1642,3.33484,6.54789,1.10328,12,0.610322,1.23572,2.37326,328.323,37.8192,26.7484,23.7589,1.40499,24.1282,14.2607,4.52062,11.0362,1.57449,14,0.497753,1.38711,2.91264,208.614,20.5448,15.9043,9.62289,1.18431,17.3078,9.1014,3.07468,5.96418,1.06131,11,0.47196,1.16274,2.08223,80.8187,10.3364,7.2785,10.9559,0.743082,7.24158,4.40361,1.25921,2.68429,0.628039,6,0.459709,1.08096,1.48807,251.512,24.2717,15.6311,16.8204,0.871381,20.9949,11.3953,3.91671,6.94022,0.875417,13,0.502576,1.2514,2.14933,264.564,41.4208,19.1063,19.5159,1.33353,21.1544,13.3973,3.50816,5.27453,1.36582,12,0.43657,1.20233,3.05894,73.3741,5.55119,5.13252,22.138,0.738554,5.90548,3.15617,1.27706,2.91097,0.590904,4,0.461926,1.10595,1.67075,332.752,32.3443,20.2809,24.6039,1.26111,28.3146,16.5964,4.12613,5.96772,1.11492,17,0.570893,1.1796,2.31637,215.328,23.8752,12.925,22.7442,0.948444,19.2973,12.1197,2.89926,4.55695,0.834812,10,0.506698,1.28593,2.59132,304.087,25.2683,40.6109,21.3452,1.37392,22.7381,12.4235,3.93584,6.75886,1.81046,14,0.526435,1.13275,1.62207,1255.74,107.689,113.994,270.258,11.3844,64.0222,32.6811,12.1393,30.6111,5.92092,20,0.393292,1.50678,8.43483,315.218,40.1533,19.9687,55.3686,1.11237,26.5204,11.9708,5.0429,9.29844,3.65678,14,0.612157,1.47833,2.52172,297.661,51.0756,15.4956,19.4703,1.51863,23.0478,13.872,3.52663,6.45164,3.86623,10,0.543263,1.42811,2.80137,628.521,70.2591,34.1457,95.026,3.0911,44.8255,27.0527,6.58068,12.3222,4.75953,18,0.50138,1.41083,5.07307
gr00t_wbc_h074_p000,3623,fell,70.68,15,19.7908,13.2966,1.59412,1.57191,197.064,21.7215,8.77106,15.3561,1.14342,16.8094,10.2604,2.66663,4.67619,1.73567,13,0.376324,0.809359,1.32823,134.719,12.4655,8.0242,19.9904,1.45798,12.209,6.38647,1.99799,4.32605,0.81451,12,0.386902,0.845031,1.10828,256.245,25.526,11.7033,16.9104,1.25529,20.2917,9.66722,3.33414,4.86976,0.900264,11,0.594125,1.2856,2.73138,89.6139,13.2025,4.95188,23.0247,0.976318,6.65312,3.92396,1.23046,2.69029,0.927857,5,0.464357,1.0197,1.83792,266.415,29.5126,19.1871,65.888,2.16044,18.4339,9.65821,2.98293,6.84231,1.77909,9,0.514129,1.42452,4.21889,158.186,14.5943,8.328,11.8957,1.5144,11.9191,8.49863,1.93414,3.57811,1.79402,8,0.49719,1.22357,2.04593,226.018,20.1512,13.1196,29.5678,2.28106,17.9216,8.40603,2.9185,6.52654,4.26149,8,0.424505,1.2059,3.82438,539.755,72.9498,34.9275,32.0803,1.20345,39.9417,24.4666,5.63539,6.66648,1.62562,21,0.473963,1.10412,3.0023,164.107,19.4528,9.77741,20.5374,1.06949,13.015,8.5643,1.88586,3.76444,0.811047,8,0.639074,1.05645,2.04177,422.915,49.0217,26.8422,55.205,1.72275,30.161,14.5069,4.79219,8.80645,1.99142,15,0.459772,1.3101,3.60271,424.626,39.8702,22.4748,27.5662,1.528,32.4376,16.1956,5.18624,8.94489,1.43489,23,0.453411,1.13277,2.16108,327.6,36.1172,15.2778,21.148,1.64956,24.9648,11.8503,3.76566,6.87048,1.24441,13,0.534231,1.22734,2.46472,412.979,50.8339,48.1105,57.642,1.89719,31.2245,17.1694,5.34375,13.7989,2.32608,20,0.425114,0.969849,1.65188,490.466,52.1294,29.0476,29.815,1.06665,37.4761,21.0433,5.99586,10.714,1.41508,19,0.530412,1.29994,3.1827,3168.01,200.845,134.052,49.0762,1.27767,77.8249,20.4698,9.88663,17.3553,2.19312,3,0.161057,0.86334,3.43095,,,,,,,,,,,,,,,,,,,,,,,,,,,,,,,,,,,,,,,,,,
gr00t_wbc_h074_p000,3624,fell,70.7,15,9.76353,3.68602,2.98547,1.26922,120.437,15.3941,5.49214,7.77426,1.60433,11.3647,6.28256,1.76965,4.01852,1.8316,10,0.291876,0.636719,1.05448,176.045,18.4943,7.17374,13.93,1.13586,14.9129,8.41112,2.43577,4.44424,1.34915,10,0.49548,1.159,2.21252,249.912,25.6277,9.81547,27.3192,1.34857,18.9964,11.0784,3.53639,8.56589,3.07669,14,0.483218,1.01785,1.59378,318.004,43.162,17.1534,40.5376,1.27069,27.4632,17.0227,5.15754,10.1474,3.29913,14,0.528594,1.3154,2.93157,226.754,32.0588,17.38,13.7225,1.36672,17.4784,9.79292,3.2254,4.48576,1.44714,14,0.446575,1.05192,1.42313,370.338,45.1655,32.4583,41.6516,1.63347,28.9275,16.5037,5.52733,7.91944,3.24277,15,0.470518,1.51152,3.19685,175.94,39.4307,18.5752,12.9433,1.14698,14.1181,9.41068,2.85042,3.45112,1.26635,9,0.548414,1.32921,2.03411,177.903,21.248,19.8204,13.9943,1.04813,14.6561,8.24784,2.80804,3.56469,0.984713,8,0.526487,1.42598,2.42144,201.42,24.6915,36.6129,32.2311,2.0132,15.5346,9.13034,3.85115,9.26846,3.11555,10,0.527849,1.13973,1.8064,214.045,22.0645,23.2894,144.239,4.09446,16.5367,7.06841,3.97095,18.5759,5.35288,9,0.536993,1.45375,2.21947,519.711,94.2891,31.8568,17.2269,0.87509,38.3381,22.6438,5.66848,8.05202,2.43791,17,0.536961,1.42801,3.11968,289.746,35.0949,21.7941,34.5594,1.28094,23.0264,13.119,3.99498,7.16831,1.81126,15,0.623571,1.23822,1.97738,279.952,29.3973,14.6731,23.6628,1.36263,21.4658,8.64103,3.5684,5.74082,1.09055,9,0.601253,1.77235,4.23157,309.591,36.1017,17.3015,20.086,1.62558,25.9576,13.8215,4.51887,5.11352,1.1568,15,0.558677,1.23007,2.08432,4139.78,267.191,289.628,433.827,100.25,121.452,31.8874,23.1928,58.9216,25.8672,1,0.405075,0.950201,0.837036,,,,,,,,,,,,,,,,,,,,,,,,,,,,,,,,,,,,,,,,,,
gr00t_wbc_h074_p000,3625,complete,90,18,7.51962,2.12052,0.0799109,0.0787194,229.24,27.2278,8.90225,11.5906,1.82633,18.9941,11.7502,2.64285,5.21861,1.84731,13,0.372962,0.849436,1.57829,173.83,28.3852,8.51396,10.26,1.25587,15.1672,8.31672,2.59064,4.07078,1.29418,8,0.723665,1.42395,2.61989,79.8353,8.53962,4.00638,13.7902,2.14117,6.418,3.43662,1.17598,1.75079,1.17572,4,0.559537,1.56166,2.4873,310.296,35.0934,12.2837,20.3796,1.08161,26.1005,13.1789,4.14268,4.89426,2.45906,15,0.562337,1.27398,2.7875,200.152,20.0832,14.2831,58.8009,4.12792,16.9526,9.31818,3.4229,15.2867,7.61102,10,0.59773,1.12611,1.90792,286.444,29.0824,14.3881,23.996,2.09694,25.4881,14.3203,4.11413,8.10954,2.4028,16,0.496874,1.15302,1.98355,222.686,21.5888,11.3481,20.5439,1.79605,18.1437,11.4377,3.08684,5.20145,1.04928,13,0.408399,0.984466,1.77309,210.853,41.1138,11.7533,25.5363,1.06504,18.6792,11.8116,2.83108,7.86708,1.4752,13,0.485333,1.08228,1.93186,298.026,28.7641,14.5862,24.7208,0.865182,23.494,13.1658,3.68908,6.48379,0.964656,15,0.513965,1.19926,2.39361,294.942,30.2792,28.874,81.8412,1.78141,20.1757,12.5356,3.48973,13.0956,2.04521,10,0.522742,1.44307,3.3625,137.466,11.9417,10.2777,18.3423,1.4964,10.5476,7.50781,2.10836,3.58442,0.825059,7,0.513489,1.26712,2.45935,203.518,14.4608,9.6185,19.9071,4.33749,17.7452,7.95295,3.12234,9.2422,5.29543,12,0.391402,0.991593,2.03098,371.454,50.2143,71.8499,232.269,315.915,32.1804,19.7788,6.85261,25.6761,19.49,11,0.429135,1.32497,3.89101,405.061,73.0401,29.386,21.2649,1.91898,31.4681,22.1953,6.19,8.39028,3.09315,18,0.552527,1.30876,2.88323,478.608,46.5103,32.2935,99.7635,4.15082,36.1787,23.2768,6.50808,12.2952,3.65384,22,0.564484,1.16099,2.98063,409.287,52.4758,23.8339,27.4766,1.2973,29.7748,19.0896,4.59925,6.75812,2.09929,10,0.618938,1.72206,4.67405,344.387,61.3702,16.577,15.3936,2.42502,26.1608,18.0148,4.22698,6.30022,3.23402,12,0.652004,1.39272,3.96686,636.549,98.7037,182.746,310.243,111.462,51.7093,30.8682,10.2837,37.1375,17.5976,19,0.536667,1.55404,4.41635
gr00t_wbc_h074_p000,3626,complete,90,18,8.25477,2.94419,0.00801256,0.00488368,249.85,23.6206,12.8954,16.0883,1.528,21.9861,12.57,3.77581,5.8439,1.63638,12,0.534423,1.20579,2.25048,187.618,17.4853,9.7911,20.9147,1.12909,15.5708,10.0571,2.49127,4.90786,1.59865,9,0.60367,1.24358,2.1713,219.936,19.9575,9.27576,17.3328,1.16669,17.5248,11.3826,2.87516,8.89978,1.85421,11,0.520457,1.08594,2.11907,361.802,30.6005,14.3974,11.7717,1.49127,30.2033,16.0563,4.67454,5.97174,3.49466,19,0.446083,1.05478,2.85839,130.248,15.1626,5.56161,10.6021,2.09093,10.6983,5.36489,1.80876,2.96264,3.48526,6,0.603448,1.25726,1.94275,305.907,31.454,12.3054,11.6089,1.2754,25.2627,16.2519,3.75798,4.11294,1.52195,16,0.596885,1.16262,2.50146,213.193,17.7509,11.8152,12.129,1.52716,18.7995,12.4731,3.43877,5.91784,1.69883,14,0.473786,1.0068,1.99903,125.09,15.3587,8.59512,43.5023,1.49814,10.2227,5.38765,1.80099,8.4143,1.54354,5,0.549105,1.69166,4.44096,366.839,77.4826,19.2735,16.7557,0.735872,28.0365,17.9092,4.19584,5.87361,1.56815,14,0.738153,1.30687,3.02214,137.367,15.8858,6.23186,13.8983,1.11982,11.0485,6.33127,1.78386,2.80903,1.3944,8,0.534059,1.09061,2.08279,189.562,17.5063,7.7728,16.3661,1.23903,14.8798,9.74157,2.30613,3.88625,1.61767,10,0.451987,1.00147,2.02323,208.858,26.0935,11.6679,49.2529,7.97242,17.05,5.96341,4.09212,13.155,9.02517,8,0.620091,1.46102,3.43623,133.561,23.8989,5.89729,14.7043,1.39524,13.2566,7.67416,1.96291,2.9533,1.09517,7,0.629828,1.27022,2.71773,361.117,56.4038,14.4551,15.6453,1.06469,29.4094,16.8399,4.54767,5.40617,1.58303,18,0.647575,1.25561,2.60129,323.192,54.1477,13.8773,15.873,1.395,26.8843,15.1241,3.88983,5.89602,1.61318,15,0.58523,1.00738,2.39687,145.779,20.1615,9.42665,12.7403,1.50497,12.7986,7.5942,2.13934,3.50194,1.48481,7,0.580014,1.3214,2.27731,288.912,28.6874,10.9941,7.69424,1.38961,23.704,11.3988,3.73854,4.03805,1.38564,15,0.550686,1.14265,2.66513,157.046,14.2774,6.864,8.2146,1.18904,13.6926,9.62106,2.22688,2.25701,1.50577,9,0.488916,1.11295,2.07549
gr00t_wbc_h074_p000,3627,complete,90,18,8.20174,3.0769,0.013852,0.0181247,304.26,32.2448,15.6756,13.968,1.21877,28.1093,16.5631,4.98934,7.33656,1.47808,21,0.455746,1.04725,1.87018,435.098,45.4101,18.4827,25.9782,2.45078,32.429,19.6095,5.08414,9.76787,2.68262,20,0.436858,1.22372,2.48729,375.296,49.2807,17.5775,19.3727,3.89508,29.2659,16.0658,4.81592,9.37783,6.52132,15,0.530671,1.32963,3.33033,256.912,30.1906,13.4016,19.5466,2.79619,20.3181,13.5096,3.13152,5.04342,3.61923,15,0.488096,1.14082,1.95088,316.265,28.2179,17.5194,16.6041,2.88441,24.9257,14.3951,4.69194,5.72742,3.87982,14,0.617654,1.41323,3.07297,476.354,40.4394,23.662,14.0555,1.84199,35.6688,18.06,5.86372,8.12244,3.76476,20,0.561294,1.21637,3.33705,465.06,52.0519,23.2775,22.4958,1.81102,35.9224,20.676,6.03151,10.2376,3.50823,17,0.57578,1.47522,3.68265,212.27,20.6898,10.7037,29.0287,1.9405,17.3629,10.3419,3.48032,9.6885,3.06221,14,0.485983,1.0524,2.13476,297.216,25.6795,19.1224,46.0245,159.556,25.4675,14.4313,4.94266,13.563,15.0918,14,0.586015,1.26469,2.70356,331.761,31.8699,13.9401,46.7667,2.53661,26.8882,12.9166,4.76555,13.5096,3.53771,12,0.591656,1.62441,4.63615,246.051,22.5638,12.4364,14.8571,0.603897,21.1111,14.4287,3.41938,6.06641,0.916438,13,0.539619,1.192,2.3455,184.154,21.7438,8.30527,10.3811,1.17023,15.8196,8.43597,2.68688,7.10627,3.31796,11,0.540572,1.14152,2.24758,888.004,58.304,30.4566,24.5427,1.50012,47.2348,27.7245,7.32054,11.0458,2.28652,20,0.463826,1.3433,6.23501,482.154,54.8165,17.7916,16.2867,1.9559,32.5371,16.9648,4.84712,9.7386,2.52971,17,0.814511,1.19988,2.98802,149.091,28.6688,34.997,24.1638,1.82825,13.0052,8.00302,2.46155,8.22811,2.73161,6,0.604538,1.41933,2.40073,976.366,78.2041,38.3886,33.8072,1.70982,56.5583,28.2347,8.39248,13.0982,6.74789,21,0.539152,1.26005,5.83541,522.608,54.1438,37.1819,115.643,11.7357,34.9003,17.5282,6.36879,18.398,6.26259,17,0.523088,1.43894,3.89372,531.978,48.0416,26.6696,18.5928,2.38986,37.2941,17.4908,5.92897,9.7505,3.39188,15,0.545919,1.3967,5.22838
gr00t_wbc_h074_p000,3628,complete,90,18,9.38984,2.71811,0.0457913,0.0866131,259.29,31.1841,14.0299,33.7648,0.759712,24.6831,13.6641,4.03298,8.01543,1.31191,16,0.49043,0.945177,1.72493,254.238,22.3772,12.337,22.8294,1.24077,20.9945,9.21746,3.45086,5.87732,1.39021,12,0.583841,1.24595,2.0928,177.675,15.5342,11.4686,20.0239,1.08531,15.3579,6.80111,2.45615,4.50888,1.75324,11,0.453707,0.978688,1.55254,137.798,9.27879,10.4868,28.7195,4.21512,12.9593,7.80331,2.57704,8.27313,4.01778,9,0.468842,1.04469,1.41788,216.442,22.2812,8.4943,17.2627,1.38103,16.5172,7.20857,3.05528,6.06458,1.26085,11,0.465788,1.20431,2.54179,216.872,20.8991,11.39,11.617,4.30303,18.4306,10.0452,3.15943,8.49513,4.30255,11,0.509954,1.10737,1.93558,301.817,32.7515,14.7391,10.9201,1.92237,24.4178,14.7099,4.05573,8.64353,1.79461,15,0.591958,1.21382,2.49955,426.076,44.873,20.0512,12.1549,1.70343,30.1969,16.1237,4.75133,7.06456,1.85203,12,0.45185,1.48669,4.6851,339.547,46.2393,13.2468,16.4088,1.52283,27.6822,14.3777,4.35607,4.50786,1.47167,14,0.583725,1.34282,2.64766,197.494,19.2757,9.3153,12.9695,1.20904,16.0696,10.8937,1.98635,3.34183,1.20714,11,0.405881,1.11844,2.43538,447.06,67.3973,17.2922,20.7445,1.56153,34.501,19.0796,5.05868,10.267,3.18495,18,0.420212,1.2392,3.19697,191.826,18.4872,9.92615,14.9235,1.58743,15.9236,10.2195,2.81482,5.41366,1.11241,11,0.526281,1.15818,1.77729,330.45,77.7947,20.0359,17.9322,1.72967,26.0756,17.3341,4.50485,11.4989,3.67299,11,0.767156,1.65198,3.76192,657.309,69.6681,27.3829,17.8838,1.81458,47.3095,23.7891,7.3897,13.7406,5.45766,24,0.465309,1.4729,4.51587,594.336,46.2383,81.9943,15.4076,1.64591,40.0298,19.0001,6.6782,11.0343,4.66329,16,0.53943,1.45052,4.54493,1611.23,121.436,47.1121,28.2536,1.1955,84.8552,33.8623,11.1752,20.7067,4.04282,17,0.525748,1.81164,11.4932,266.938,24.8011,14.1927,24.9911,1.46341,20.0057,10.8057,3.22079,4.66675,2.08292,11,0.637563,1.36902,2.16619,334.956,32.1453,15.247,21.2148,1.05155,24.5623,12.5083,3.96091,6.45278,2.62546,12,0.661563,1.58169,3.11016
gr00t_wbc_h074_p000,3629,fell,41.04,9,16.5435,8.36068,2.54687,3.69355,273.316,22.2481,13.4258,12.6716,1.52155,26.6891,14.2619,4.36685,7.55919,1.36657,17,0.485344,0.995719,1.95215,223.826,20.3409,8.37513,13.9252,2.56705,17.978,10.0433,2.8693,6.07103,2.82603,11,0.533108,1.14984,2.35859,160.06,35.361,9.39984,17.3831,1.01693,14.8731,9.71722,2.58088,7.53636,2.11473,7,0.644429,1.52224,2.87458,112.286,10.37,6.5696,26.3628,5.00794,9.72912,5.52947,2.25323,9.34457,4.63324,6,0.493678,1.3102,2.3545,293.819,38.4654,18.157,25.0195,1.23452,26.604,15.0668,4.51262,6.50649,1.68079,18,0.536172,1.1595,1.88354,210.262,46.981,13.3937,20.1423,1.29417,18.17,9.78021,3.06855,4.60694,1.41206,9,0.567076,1.31774,2.27972,317.932,29.8397,15.221,17.6826,2.35165,24.5088,13.0176,4.0097,6.49707,3.36137,14,0.592039,1.33589,2.25889,424.437,48.7291,23.5288,41.355,4.87632,29.8982,15.8104,5.15051,14.2357,6.22239,18,0.509608,1.44383,4.01144,2740.52,434.93,90.1687,29.0268,28.1557,84.6445,49.1754,12.0838,17.0732,4.38129,1,0.578884,0.845585,1.55072,,,,,,,,,,,,,,,,,,,,,,,,,,,,,,,,,,,,,,,,,,,,,,,,,,,,,,,,,,,,,,,,,,,,,,,,,,,,,,,,,,,,,,,,,,,,,,,,,,,,,,,,,,,,,,,,,,,,,,,,,,,,,,
gr00t_wbc_h074_p000,3630,complete,90,18,7.62066,2.51072,0.00524784,0.0172468,147.164,14.0918,8.74556,13.2761,1.11925,14.5157,9.67489,2.40829,3.63005,1.08728,9,0.442895,0.92663,1.72536,206.669,22.9306,14.8972,42.695,1.94712,16.38,8.52294,2.70643,6.50043,2.54928,13,0.50006,1.00863,1.47686,284.059,24.452,13.8901,20.9712,1.80976,24.2017,12.1936,4.22111,6.89807,1.9028,19,0.410892,0.978858,1.76957,231.009,21.5242,10.5491,13.1002,1.88218,19.442,9.55855,3.22289,3.97447,1.93608,15,0.432099,1.00257,1.89239,454.41,71.4233,22.1662,12.6873,1.73835,37.192,24.0032,5.78623,7.68247,2.65212,22,0.507699,1.1524,2.84859,237.475,23.094,9.70683,15.0749,1.64906,17.8911,11.4969,2.62293,4.00372,1.61376,12,0.484315,1.11061,2.3907,237.845,29.232,8.21796,13.2181,0.86001,17.603,10.5906,3.03421,4.039,1.43554,11,0.422737,1.20979,2.35976,303.164,30.557,17.4512,17.4432,1.10679,27.4354,16.5051,4.38325,6.85829,2.09237,17,0.4719,1.07867,2.58481,236.947,32.1256,10.8935,12.0744,1.16009,19.372,14.1805,3.10335,6.00852,1.79909,13,0.450481,1.13659,2.48795,262.744,27.0663,13.4292,15.9517,1.30739,20.7457,10.8416,3.49276,6.40839,1.10859,12,0.467045,1.25361,3.05401,805.571,80.7598,39.1893,25.9461,2.41747,49.1998,29.0181,7.29477,12.2102,3.40903,21,0.48777,1.53031,4.89213,500.428,44.6263,25.852,19.4937,26.8041,40.9727,20.6105,6.44109,10.8754,8.73796,19,0.485891,1.39386,4.7281,233.227,18.6222,16.4608,12.7266,54.3676,19.5333,9.13583,3.78593,9.69527,10.4999,13,0.537839,1.13672,2.90602,817.804,140.801,79.12,246.14,22.0817,62.4112,35.8378,11.9031,27.821,10.4159,17,0.466582,1.18624,5.15141,177.629,17.4808,11.2864,23.6736,0.940506,14.0488,7.37186,2.29143,3.36404,0.856406,9,0.555334,1.122,2.1648,201.109,19.0013,11.8185,27.2768,0.769852,16.1144,8.08141,3.05997,3.65518,0.922156,11,0.534359,1.17544,2.84401,208.386,16.1718,10.3174,21.1565,0.951576,16.8764,7.99983,2.93384,4.91975,1.07155,9,0.613355,1.4539,2.77381,330.083,34.0021,25.6355,52.7161,1.78876,24.5418,13.6641,4.05566,10.1381,2.21893,15,0.445171,1.17817,2.63896
gr00t_wbc_h074_p000,3631,complete,90,18,8.51076,2.29202,0.0168609,0.0104188,225.12,23.6445,10.3885,14.0498,1.43553,21.4047,11.6694,3.48926,5.09275,1.42094,12,0.465963,1.10958,2.06902,231.448,15.7306,10.2605,9.80781,2.05924,20.3256,11.2052,3.19384,5.41794,1.22861,13,0.488545,1.03459,1.72618,188.303,23.2031,6.69616,31.3897,2.31972,11.2269,6.18905,1.81908,7.04312,1.73991,8,0.398829,0.996432,2.63719,253.451,30.5193,9.63113,19.6058,2.08432,18.4786,10.3145,3.18451,5.22305,2.59389,12,0.562592,1.26202,2.07059,293.873,38.4846,14.446,43.0755,3.15948,23.8813,14.1492,4.16282,14.0126,4.605,14,0.584989,1.35861,2.72671,287.63,27.144,13.5742,17.21,2.33998,22.8695,13.6175,3.78283,6.65628,1.83324,14,0.563695,1.15534,2.13078,228.286,24.8529,9.92361,8.5619,1.30438,18.6956,9.95861,2.9888,4.79765,2.03363,17,0.436059,0.869304,1.41131,393.374,35.6204,19.1762,21.2769,1.74051,27.6914,13.9627,4.60269,5.28674,1.4662,17,0.471655,1.30086,3.54555,410.407,48.8198,17.9949,23.0786,1.23081,30.5539,17.4179,4.39744,6.04117,1.25167,11,0.657091,1.6626,4.43991,381.674,39.0789,20.4105,25.7385,1.11997,32.294,16.6828,4.97146,6.96271,1.12165,15,0.602995,1.34405,3.65808,435.966,83.3053,25.405,31.298,1.0981,33.8632,24.881,5.31421,7.48434,1.3641,18,0.615227,1.29359,3.05407,261.471,27.9301,12.477,24.0085,1.03215,20.0196,10.3884,3.14554,4.61333,1.02963,11,0.571297,1.46309,3.16656,165.464,18.8904,7.70692,16.9677,1.21301,13.2793,6.3648,2.07911,5.30398,1.28982,8,0.391511,1.1566,1.69493,739.312,68.2146,44.6864,152.017,3.92316,43.7932,24.3863,6.87866,21.6282,4.20819,19,0.581039,1.5449,4.12649,282.4,60.2028,21.3161,19.475,1.03456,25.8222,17.5255,3.93967,9.86857,1.63235,13,0.423767,1.0024,2.71961,71.8184,9.37579,11.3456,115.707,47.0181,7.36019,5.61759,1.69406,9.48614,4.29505,7,0.298389,0.832933,1.20603,177.586,20.4694,13.2846,17.2213,1.28316,17.7219,9.64611,3.34032,6.09191,1.03254,13,0.503912,1.11591,1.85748,210.985,38.2086,15.2874,20.5762,1.25842,17.2713,10.8544,3.09081,6.2369,1.30348,14,0.518964,0.920264,1.45445
gr00t_wbc_h074_p000,3632,complete,90,18,29.4064,2.39268,0.35084,0.375988,205.736,18.9402,11.1523,14.1371,1.87756,20.792,11.3416,3.51216,5.38634,1.05413,18,0.328383,0.816942,1.32705,322.763,30.493,13.5035,11.3677,1.38956,27.1816,16.9021,4.1916,6.83372,1.20545,19,0.474986,1.06062,2.00672,176.615,16.0027,9.35837,11.4669,1.554,14.0528,7.64596,2.44469,4.19501,1.0624,7,0.51789,1.38414,2.69356,223.998,21.9207,11.5031,15.6154,1.63565,18.8198,10.7626,3.04739,5.04237,1.16234,13,0.519579,1.09123,1.86092,211.682,26.9072,11.9397,21.1348,0.858427,17.7275,9.82079,2.9289,4.37318,1.26045,14,0.432891,0.952914,1.16536,163.092,23.3042,7.28028,20.5159,1.69557,12.6215,6.50559,1.98134,4.32854,1.28007,7,0.558079,1.28563,1.78483,202.236,20.7456,8.61625,21.538,1.26103,16.5067,7.68954,2.9213,4.95638,1.11071,9,0.538364,1.43105,2.34373,422.736,53.926,19.5184,27.2332,0.932368,33.3911,16.709,5.5196,9.34958,1.70105,19,0.632793,1.40592,2.35057,720.37,146.006,35.3613,30.5935,1.06055,44.6978,34.5689,7.27195,11.4877,2.14942,20,0.38279,1.26959,4.10725,424.022,32.7338,24.7446,65.4089,1.68961,32.0547,16.4047,5.26354,11.9209,2.6247,19,0.454816,1.06445,2.51564,386.069,52.1891,20.3601,31.8106,1.15036,30.0495,15.6957,4.63519,6.52284,1.80786,13,0.685724,1.5307,3.22378,373.171,33.7104,17.9378,29.6614,1.16531,28.0485,17.0887,4.26452,5.83113,1.62318,20,0.435361,1.04551,1.48752,344.371,30.6537,21.4012,30.0602,0.624712,25.7749,11.9683,4.529,7.62237,1.6749,17,0.500613,1.34232,2.73328,462.479,77.6197,22.5728,33.2212,0.837999,35.7593,22.8122,5.15308,9.64378,1.64501,13,0.560569,1.39884,3.38939,158.299,21.324,7.74599,20.8286,1.6724,14.9498,9.50314,1.97125,3.57027,1.22384,4,0.419159,1.94505,5.14982,278.091,37.8718,19.5791,31.4581,0.595215,24.076,16.0358,3.95713,6.99458,1.70108,19,0.388128,0.959523,1.3985,1302.73,424.942,55.2702,66.2098,1.85133,87.0964,77.5825,12.4208,20.8773,4.76871,27,0.592614,1.13442,6.63166,410.734,42.5674,40.4281,116.19,39.0786,35.335,18.9634,6.24823,19.1673,12.4874,20,0.535947,1.1247,1.80408
gr00t_wbc_h074_p000,3633,complete,90,18,12.3088,2.81617,0.494308,0.575851,241.743,22.8784,15.7058,15.3545,1.37652,21.0164,11.3478,3.49233,5.88893,2.00531,13,0.471301,1.00144,1.62823,157.005,16.3983,6.88146,9.01721,1.20053,13.0842,5.91396,2.33222,4.46878,3.33181,9,0.540784,1.22566,2.13307,209.981,19.5858,10.8926,12.4249,1.84948,16.7589,9.11891,2.84079,4.30523,4.23021,10,0.501685,1.27245,2.2605,326.521,29.1019,18.0701,21.8434,3.13876,27.1285,13.2372,4.87479,10.2455,5.61749,13,0.629414,1.48171,3.53402,210.375,18.4235,12.2965,14.8589,1.80406,16.8229,10.061,3.03361,5.09738,3.154,11,0.579304,1.20796,2.39424,175.194,17.0863,11.2716,45.388,1.14853,13.0044,7.66706,2.79991,5.43552,1.15902,10,0.531211,1.18256,2.47986,283.729,25.7478,25.4621,95.983,2.48656,20.6256,10.784,4.15757,9.51852,3.05677,10,0.531876,1.63504,3.36059,343.133,46.6129,25.5421,31.2572,1.46358,28.7754,15.6559,5.07886,10.8999,3.76914,14,0.677506,1.36592,2.60059,408.807,42.9521,21.1558,22.342,1.08034,31.0613,17.9983,4.81591,7.44602,2.34026,17,0.613856,1.3241,3.10674,285.581,25.3979,12.83,13.6505,1.97733,21.2906,9.45392,3.50919,3.36012,2.31191,12,0.605999,1.49409,3.28988,445.874,55.7448,40.872,18.1403,2.23236,34.3163,18.5201,5.94346,10.2494,4.44014,19,0.565524,1.23735,3.16574,812.377,120.273,57.7466,12.3231,1.07049,42.5248,27.4513,7.20759,6.71764,3.33566,16,0.497854,1.30877,5.55825,237.76,44.0661,13.372,23.0044,2.18581,17.3408,9.10345,2.91775,4.97609,2.00925,15,0.542508,1.06488,1.97433,467.296,55.7841,43.8584,143.544,40.4842,32.1103,16.9533,6.08373,19.8294,14.2482,18,0.464202,1.19201,2.36585,315.02,30.7009,18.6566,53.1559,2.73312,24.008,14.4608,4.27145,12.1815,4.92805,15,0.554846,1.17662,2.42747,378.627,38.3259,20.7968,31.5294,0.764702,28.5435,18.0804,4.36412,6.35932,1.38519,15,0.424128,1.27885,3.70807,187.071,20.2045,10.812,15.5778,1.32687,15.3392,9.2228,2.78396,4.79355,1.16048,10,0.491685,1.10931,2.06548,833.341,195.84,55.8544,41.6955,2.75845,58.8259,44.4016,10.1185,13.9707,6.46233,22,0.667353,1.28419,4.64787
gr00t_wbc_h074_p000,3634,complete,90,18,14.3242,2.62505,0.327609,0.320315,247.188,27.1231,11.7183,14.0542,1.46987,23.8548,11.9517,3.71365,5.96055,1.14433,15,0.44517,0.946096,1.53412,162.958,20.004,8.79906,28.2813,2.31606,14.0088,8.71478,2.08178,6.37643,2.05398,8,0.520952,1.20541,2.57551,204.691,20.2803,8.79507,15.0973,3.70726,16.5971,9.1741,2.51369,4.46851,1.36881,12,0.464965,1.03045,1.66793,303.548,33.3208,13.0579,21.1515,3.66948,24.5131,13.6252,3.84018,8.16828,4.24791,13,0.549565,1.30561,2.67896,365.023,35.3969,21.9405,49.0476,41.9785,28.7053,13.3833,5.87515,14.2635,6.21715,17,0.544601,1.23561,2.59523,216.278,21.9999,12.6404,19.3894,3.36044,17.331,7.30591,3.64804,10.5877,4.92974,10,0.50294,1.3878,3.38724,194.514,16.1181,11.8998,28.8819,3.35973,16.6873,9.02175,3.16609,9.73784,4.50541,14,0.397274,0.885076,1.44164,207.042,26.5163,9.38509,15.5172,2.90303,16.2686,8.23366,2.56333,4.63062,2.55744,8,0.393956,1.16134,2.7558,214.001,25.1767,12.7784,22.614,9.44803,16.7733,9.78982,3.01215,8.53986,7.08007,11,0.624642,1.24809,2.4161,181.096,18.3289,11.0305,6.49454,2.36237,14.8655,6.89604,2.45306,6.384,5.31651,10,0.506959,1.12581,1.54294,188.014,37.7166,15.5072,25.1741,3.61489,13.53,7.14042,2.42088,5.96397,3.51763,7,0.634321,1.19622,1.57004,201.367,31.9316,26.7457,22.681,3.27526,15.9062,7.54191,2.88199,6.30177,4.08921,9,0.611734,1.41919,2.94769,263.861,42.8966,24.6874,11.0497,1.57519,21.1876,12.2335,3.57847,5.23652,3.73086,13,0.627294,1.63135,2.35674,678.397,102.258,50.8042,87.5605,2.78236,45.7409,25.9199,7.07331,18.202,6.81516,18,0.445123,1.33746,4.25238,155.888,17.5759,11.6292,10.801,1.59412,11.1563,5.12289,2.10488,2.31359,1.64352,8,0.461967,1.11624,1.21803,230.683,36.6084,41.859,18.8083,0.761848,17.6942,9.88162,4.0658,6.861,2.06665,11,0.495971,1.25349,2.05754,1326.43,126.108,57.7351,13.2866,2.74861,70.6363,32.3803,10.2778,10.1748,4.45862,19,0.574417,1.73179,8.25748,635.313,65.9294,40.2851,13.4145,3.8497,42.7955,19.0831,7.63511,7.96088,4.11242,24,0.417017,1.46713,4.72533
gr00t_wbc_h074_p000,3635,complete,90,18,8.10143,2.24395,0.00729711,0.00987639,146.561,15.9992,9.73953,15.3019,1.19361,15.6773,9.25838,2.49928,4.2438,1.13516,13,0.422358,0.775067,1.42724,207.208,19.6439,11.2655,20.4273,1.61285,15.8784,8.06412,2.80714,4.53906,1.0086,8,0.466874,1.25523,3.3141,339.778,30.6182,15.01,50.7871,5.06946,26.2997,16.8414,4.15568,11.9686,4.40399,15,0.455611,1.13858,3.02425,299.289,29.8353,11.4668,21.6825,1.51824,22.6931,12.8314,3.62118,5.365,1.2628,13,0.624636,1.27933,2.94362,474.984,40.3468,31.588,71.9387,2.09455,35.8368,18.7748,6.43683,15.7322,2.32349,23,0.48339,1.20246,3.12214,70.7985,6.48654,4.42173,20.4667,1.11545,6.30609,4.228,1.08286,1.98252,0.603585,5,0.402266,0.904203,1.57182,251.773,31.1725,15.2793,27.3755,1.22147,21.0198,12.6018,3.43449,4.65451,1.92542,14,0.553957,1.13188,2.36569,211.717,18.6355,12.2006,25.6746,0.81768,17.8235,9.0823,3.4025,6.33809,2.04364,13,0.540534,1.10112,2.38943,348.259,36.9575,18.0225,19.3138,6.87746,26.8274,17.8809,4.48724,7.98342,4.7897,14,0.537718,1.31661,3.28508,362.153,36.7461,21.4124,21.7748,4.21084,24.5506,16.5852,4.83966,8.04046,3.44547,21,0.486645,1.0492,1.83393,129.725,21.4682,15.6182,22.2928,1.31737,9.98552,6.61234,2.0264,4.39388,1.4808,5,0.568513,1.421,2.47148,221.07,21.2399,12.3951,21.9059,1.21969,17.471,11.105,3.08042,4.54338,1.29182,12,0.447342,1.00278,2.30541,447.359,38.3256,19.3534,24.4391,1.15128,26.4286,14.2284,3.67529,5.39905,1.40504,13,0.448355,1.13851,2.84543,242.223,21.2075,16.2379,25.5549,1.09362,20.5651,13.1286,3.65054,5.31711,1.15665,13,0.609755,1.33568,2.57652,477.814,44.488,22.9979,35.0594,1.49397,35.7463,21.6949,5.30015,8.45641,1.54141,16,0.585849,1.5194,4.51124,475.85,46.9082,23.2264,69.7158,76.8757,34.2599,17.8797,6.24792,17.0535,15.3561,17,0.511389,1.3493,4.20258,281.875,32.1447,14.3085,16.6127,1.36157,24.3339,14.2839,4.24468,6.72521,1.2936,16,0.554591,1.15067,2.35685,261.033,26.4653,13.8531,22.0312,1.94118,22.2828,12.9157,3.32138,5.25766,1.15525,13,0.546566,1.1943,2.57497
gr00t_wbc_h074_p000,3636,complete,90,18,10.6591,2.75264,0.00994577,0.0132679,191.976,20.594,10.561,20.5154,1.32482,18.0868,12.1348,2.83137,5.79459,1.18165,12,0.405354,0.983661,1.43241,313.699,28.5647,12.5151,15.4825,0.959227,24.589,14.4378,3.88665,6.01434,0.890218,16,0.564185,1.20776,2.42182,350.822,32.5074,14.0015,15.8526,0.636748,27.3285,15.8472,4.54364,7.67872,0.959266,19,0.532766,1.03159,2.02908,130.323,13.4938,7.43323,14.968,1.46085,10.838,6.69778,2.04078,5.35371,1.5873,8,0.507734,1.15548,1.83868,101.056,10.9043,8.42184,14.2348,1.32443,8.74305,5.60477,1.76143,3.42096,1.24495,8,0.398611,0.918045,1.3922,237.731,22.8014,10.6667,19.7331,1.27528,18.3834,11.1318,3.17483,3.8205,0.934077,12,0.521162,1.21832,2.32456,170.281,18.6971,10.0894,17.2632,1.51973,14.1759,9.52234,2.44087,3.92342,0.896682,11,0.448852,0.975211,1.82234,383.415,36.8172,15.0473,20.1229,1.76056,25.3556,11.8139,3.85901,5.97922,1.4001,12,0.526129,1.61092,5.27865,388.784,41.5846,24.6898,28.6554,1.39182,31.448,18.2587,4.46131,6.25593,1.84937,16,0.572127,1.19795,2.80091,2140.01,230.041,107.613,78.2085,2.0623,102.905,50.3773,13.7135,18.6017,5.12842,23,0.722185,1.48284,12.127,309.768,26.4274,16.7464,25.5126,1.23879,22.747,13.7472,3.68775,5.65956,1.55936,14,0.552383,1.14597,2.04944,211.632,37.7697,22.0377,47.725,2.12795,17.4337,10.1945,3.15098,7.62776,2.48756,6,0.686156,1.77406,4.95504,466.942,56.3732,30.455,54.9943,3.49047,33.9323,25.8146,5.34413,9.22166,4.9414,23,0.487394,1.12279,2.79327,676.762,146.505,47.0938,54.3853,81.1463,50.8486,31.7392,7.91839,15.5931,12.8447,19,0.681699,1.35719,5.15126,1358.96,67.0609,59.9871,30.5198,3.38468,51.7921,28.3748,8.3689,11.3287,5.22322,19,0.433044,1.27928,5.44521,670.495,41.2552,34.2243,29.9619,1.33348,40.5246,21.4494,6.1797,7.84259,2.10215,17,0.478373,1.27343,3.65146,920.479,111.761,44.3307,29.267,1.26968,52.9019,30.8244,7.1018,10.8833,2.52689,12,0.457074,1.72889,9.82935,281.032,28.626,14.4491,16.4831,0.930168,22.7032,14.1751,3.80153,6.6905,1.69151,15,0.474125,1.09846,1.9598
gr00t_wbc_h074_p000,3637,complete,90,18,8.45007,2.86192,0.00455043,0.00671754,191.962,25.979,10.9629,15.3924,1.75481,17.0471,9.92967,2.85229,5.67643,2.1094,12,0.394801,0.845651,1.64196,223.939,19.5445,11.7232,11.6822,1.63577,18.3383,11.6625,3.12466,8.05603,2.56602,16,0.437517,0.983858,1.3672,202.634,25.1236,7.33205,8.60591,1.34252,16.258,9.57072,2.45502,4.40023,2.38413,9,0.523024,1.20015,2.46301,322.693,37.4439,16.6173,12.4245,1.95291,26.8035,15.8833,4.88869,7.77637,4.82602,16,0.571905,1.32836,2.3373,192.819,25.4389,9.07156,13.2193,3.9417,15.2133,7.32946,2.60947,4.23108,2.71383,10,0.494027,1.06497,1.34589,135.203,16.3609,8.04545,11.195,1.99218,10.7633,6.36971,2.04129,5.63862,2.72327,7,0.55487,1.10118,1.91439,229.713,22.6693,12.2787,9.80404,0.840607,18.0349,10.5515,3.23601,6.21182,2.26521,12,0.453542,1.12416,2.26177,180.241,16.4802,7.78636,14.8095,1.09406,13.9586,8.00845,2.22375,4.06038,1.10807,9,0.534334,1.10532,1.78855,333.586,38.0083,17.1243,25.5655,3.63407,25.7193,14.4946,4.58905,11.0129,5.00779,17,0.496496,1.24668,2.6947,266.98,24.0458,14.41,22.4775,1.36172,20.7943,10.7938,3.60415,3.85362,1.05976,13,0.508068,1.41398,2.23753,280.409,37.1025,33.2802,94.0355,1.71817,23.036,14.8352,3.9296,12.0196,2.15388,10,0.495279,1.32429,3.56448,232.775,22.199,22.1577,35.3947,1.33365,18.808,9.41027,3.47471,6.24651,1.4834,10,0.538449,1.36678,2.40754,140.071,20.0204,11.9584,36.0789,1.52472,11.3323,4.15699,2.37907,6.32315,2.38077,6,0.520763,1.30251,2.24411,232.122,22.2967,11.3895,20.0744,1.61254,18.3382,9.03337,2.95277,5.31523,2.87914,12,0.595423,1.17903,1.7167,236.057,32.9871,11.303,17.1265,1.98463,21.4846,11.3372,3.41312,5.48341,1.57418,11,0.515396,1.16371,2.68789,472.691,48.2336,27.2957,32.1897,1.25185,34.7045,15.3076,6.13218,8.6012,2.2308,17,0.633202,1.74561,4.57672,155.443,14.8436,8.37636,14.8001,1.03045,13.6848,6.427,2.21315,3.19879,0.937234,10,0.516092,1.12391,1.37269,200.254,21.0446,8.45891,15.2435,1.05728,18.3368,10.1235,3.01896,6.37288,1.7203,10,0.51337,1.33267,2.36754
gr00t_wbc_h074_p000,3638,complete,90,18,17.6765,2.14282,0.286869,0.353111,303.79,24.3364,18.788,24.6006,1.61457,28.069,16.1806,4.83407,7.83331,1.41349,19,0.467328,1.00497,1.81013,228.722,24.6143,15.9458,20.8323,1.49679,20.1718,14.5315,3.57239,5.86695,1.13015,16,0.457951,1.06534,1.84939,259.663,21.749,17.3456,16.7929,1.05501,23.4942,13.109,4.18396,6.94479,1.93382,18,0.448319,0.993411,1.85228,294.435,30.4526,14.3837,17.5702,2.02384,23.2699,11.604,3.95143,5.27837,1.73358,14,0.541666,1.32801,2.73632,354.435,42.3957,19.8634,36.4434,7.27136,26.3906,15.7284,4.82967,9.77848,6.41367,16,0.636629,1.39935,3.29862,234.953,29.2434,20.1998,27.0134,1.21581,19.8563,12.8412,3.52356,5.49593,1.50689,14,0.573374,1.17146,1.97544,118.224,15.2616,12.4011,15.4676,1.21202,9.57673,6.3128,1.61007,3.89854,1.18325,7,0.398081,1.07463,1.43545,421.674,65.999,43.8452,31.9807,1.15166,30.6345,20.6594,4.87497,9.23737,2.42851,13,0.571166,1.44252,3.84969,172.461,24.8102,22.558,17.9813,1.53699,13.0053,6.50497,2.34697,4.41084,1.50779,8,0.421033,1.10657,1.21976,356.494,65.5817,43.9851,34.443,1.28068,27.6518,17.7364,5.68698,10.8518,3.38326,18,0.439887,1.1802,2.20087,180.505,37.0696,18.5295,20.0117,1.34196,16.0914,11.1331,3.15379,5.92121,1.53762,9,0.575768,1.29532,2.3367,155.693,16.8354,20.7543,21.2476,0.985929,13.3474,9.30492,2.30617,3.7107,1.0911,10,0.414167,1.06273,1.29311,469.406,57.0928,28.4109,37.2742,1.3155,29.8656,15.3741,4.75409,8.99343,2.02917,17,0.424888,1.17153,3.15134,413.826,35.7263,25.7453,26.3742,1.63943,28.625,16.2785,5.23654,11.7492,3.53748,13,0.516944,1.48296,4.68408,722.732,83.6126,45.1001,142.603,63.7924,48.3164,26.1168,8.19533,22.5967,11.469,17,0.55464,1.79043,6.14992,277.547,35.2367,20.7255,63.5744,5.72192,21.4504,9.88086,4.32227,13.8934,4.25939,11,0.486735,1.56014,3.83786,183.054,29.1765,11.7514,22.5233,1.42965,17.3918,9.57694,2.68598,5.27953,1.52521,11,0.51703,1.1633,2.1488,1119.82,335.481,73.3241,46.222,1.27218,76.5306,62.2148,12.1219,16.9506,3.19669,30,0.762506,1.20031,5.00082
gr00t_wbc_h074_p000,3639,fell,56.16,12,18.8557,10.0653,2.64821,3.92869,180.546,20.0982,8.97094,14.8732,2.01407,17.4512,10.8113,2.75839,4.9819,1.744,12,0.408278,1.0094,2.06159,218.112,23.608,12.3381,33.2584,2.10042,17.283,8.86226,2.87513,9.05305,2.82931,12,0.506363,1.08261,1.52112,466.485,49.442,19.1711,18.7468,1.63635,32.8412,15.7163,5.21129,8.63854,1.88596,15,0.566428,1.63051,4.25362,241.732,24.2207,11.8976,20.4615,1.23765,18.9907,9.86779,3.29445,4.8915,0.986436,13,0.43784,1.19176,1.93974,90.3376,11.8147,5.9939,17.705,1.69758,7.92805,5.44836,1.28221,2.75852,0.913139,5,0.542614,1.18253,2.2186,489.447,63.169,26.7296,48.9651,2.64689,33.9652,20.1969,5.15599,10.1251,2.4753,19,0.427788,1.36128,2.97406,207.069,21.1312,22.6797,38.4261,1.32574,16.1764,8.57692,3.10789,5.36504,1.25945,12,0.424413,1.14556,1.77654,159.792,18.7683,12.5993,37.4574,1.81927,12.4609,6.3388,2.58891,6.66848,1.59502,7,0.496587,1.28923,1.74694,326.126,51.5335,54.4895,170.823,3.72169,27.071,16.2027,5.77012,22.9171,4.08516,13,0.523961,1.4102,2.90663,493.45,50.2315,42.6964,225.77,2.13698,38.8246,17.4484,7.0072,21.7437,3.83074,18,0.474999,1.22953,3.30746,279.374,32.4283,24.3485,30.8879,2.34659,22.3727,11.8181,4.27079,10.248,3.57166,12,0.599601,1.4811,2.87062,1347.65,63.1285,62.5612,8.44958,0.856291,49.3051,24.412,5.45239,9.8873,2.762,10,0.321838,1.52228,7.84579,,,,,,,,,,,,,,,,,,,,,,,,,,,,,,,,,,,,,,,,,,,,,,,,,,,,,,,,,,,,,,,,,,,,,,,,,,,,,,,,,,,,
gr00t_wbc_h074_p000,3640,complete,90,18,7.61914,2.39957,0.00709246,0.0146759,254.169,24.7498,11.3112,19.4787,1.75674,22.967,11.1064,3.6652,4.91139,1.33576,15,0.420845,0.962203,1.96455,182.89,23.0533,12.2215,32.0163,1.53462,14.2958,8.74211,2.21482,5.8559,1.17734,9,0.530329,1.1717,2.02911,241.53,26.5688,10.7726,13.7722,1.9051,19.8615,11.8728,3.04116,5.10677,1.16644,13,0.561154,1.19243,2.50103,256.742,21.7656,14.0719,49.7531,2.05444,20.6512,13.7255,3.61291,8.77947,2.08992,14,0.516168,1.05843,2.25856,144.116,26.7056,7.84594,13.9899,1.34492,12.9572,8.80517,2.29455,5.1095,1.21047,11,0.403119,0.996387,1.62835,222.212,18.2403,11.0429,15.6395,1.5226,18.8939,10.9397,3.07464,5.26545,1.03799,12,0.478501,1.15663,2.5826,158.685,25.3612,17.9778,64.4138,1.94418,12.4534,7.65038,2.24819,9.53351,1.76287,7,0.514685,1.25633,2.67794,318.777,40.5271,15.7643,15.5596,1.83871,26.2624,14.0984,3.77526,6.10146,1.14976,14,0.552783,1.05307,2.16982,247.673,24.2914,14.9255,34.023,1.19119,18.6168,11.2519,3.44462,6.34828,1.44545,11,0.566844,1.2413,2.17744,261.793,26.5135,25.5559,133.121,3.51329,21.4032,12.2751,3.59995,9.34972,3.01692,12,0.500718,1.10954,2.51022,284.666,23.0292,13.3071,15.874,1.97269,21.4485,11.3511,3.91375,6.56574,3.657,13,0.545477,1.33573,2.43804,187.671,17.4436,10.2341,15.5653,1.3572,15.2276,7.94895,2.94079,7.5733,3.77953,10,0.552849,1.1467,1.99284,710.697,73.1818,47.4131,31.0041,1.742,39.3888,16.8754,6.59977,7.76596,2.24404,16,0.524922,1.22518,4.13066,351.756,59.063,67.5279,130.336,2.42133,28.114,15.457,5.74891,13.5888,3.91842,11,0.618025,1.49008,3.24207,496.188,49.3447,28.5364,28.1589,1.72439,35.4597,20.5499,5.28076,7.01209,2.93724,21,0.632646,1.16211,2.62692,190.149,19.1992,14.009,23.9891,0.70713,17.8651,10.6576,2.79844,3.80437,0.899885,11,0.496373,1.00996,1.75624,345.955,57.6454,21.0608,27.9042,0.718056,25.9438,18.0083,4.41755,7.23593,0.872668,20,0.510529,0.952127,1.30615,221.186,37.7508,13.3038,21.1883,0.966557,16.84,9.07205,3.2208,4.68281,1.1018,9,0.662683,1.45972,1.95688
gr00t_wbc_h074_p000,3641,complete,90,18,9.47029,3.0331,0.00751523,0.0104214,279.448,32.4065,14.482,27.6999,0.900163,25.2542,14.8748,4.10604,7.89743,1.45961,17,0.464886,1.00618,1.63797,257.248,25.5808,10.6937,18.6172,1.13454,21.53,12.0892,3.53138,5.99024,1.2048,11,0.581044,1.65505,3.00937,244.293,26.8287,16.3138,24.4653,1.6905,20.7983,11.6645,3.6731,6.81229,1.77222,16,0.508301,1.03835,1.48422,255.967,22.1354,13.0262,22.7578,1.27079,21.3404,8.89023,3.69383,5.81465,1.66242,14,0.463196,1.31055,2.3453,81.4978,9.40643,5.2033,17.4209,0.956573,7.15915,4.16948,1.24977,2.193,0.878397,8,0.31779,0.703745,0.987832,310.629,35.2928,16.4633,30.9135,1.43133,23.7503,12.6174,3.7408,5.61359,1.62758,12,0.506316,1.52564,2.94211,348.63,39.438,21.3175,58.4068,1.94866,24.1456,12.8643,4.10844,7.89077,2.17227,13,0.491563,1.47139,3.69594,166.06,16.7881,10.4312,16.9684,1.45239,13.0665,7.28757,2.23331,3.66075,1.5288,10,0.494169,1.03537,1.25696,281.546,29.4738,13.8854,22.0206,1.23572,20.9183,10.8744,3.41767,7.74291,3.39162,10,0.507995,1.49693,4.06306,1133.48,95.5942,48.4991,34.0992,2.26379,63.3558,33.4251,8.48978,14.5106,6.16857,21,0.403347,1.42799,5.77358,265.97,29.4073,16.3292,20.0023,1.35791,23.8356,13.1641,3.7796,6.86269,4.03763,12,0.621506,1.09011,1.99654,212.473,38.132,17.7572,33.2914,2.57555,17.5988,11.5662,3.09238,8.25588,3.84064,12,0.441055,1.11115,1.54584,526.537,55.6451,28.7501,17.2736,4.91641,43.2798,24.2375,6.61078,9.87573,5.95876,24,0.423669,1.18321,3.1284,398.604,36.1466,25.6095,154.817,12.3354,30.7333,15.5686,5.13675,15.9659,10.4944,12,0.666041,1.51028,3.3974,722.055,113.212,32.7053,56.5239,5.80322,51.0464,31.2524,7.22857,17.988,4.769,18,0.533477,1.49421,5.36426,448.58,38.7753,17.0803,35.6157,1.21515,36.6833,17.2067,5.84907,14.5481,2.67518,19,0.610406,1.38566,3.22529,256.373,22.4648,12.6455,16.139,1.07438,21.4187,11.619,3.26405,6.1687,1.06845,15,0.48645,1.00572,1.91996,520.868,71.5947,70.3557,211.869,74.2291,37.9165,18.4285,8.18047,29.5883,12.4281,11,0.480839,1.56519,5.32339
gr00t_wbc_h074_p000,3642,fell,85.76,18,14.7176,8.21089,0.872105,1.00489,268.01,25.1708,10.5494,10.0008,1.21983,24.3377,13.9709,3.79595,6.73432,1.89039,15,0.497288,1.02053,2.21063,123.827,10.8046,11.069,22.2439,1.40594,11.7429,6.39923,2.18081,4.78373,1.71846,9,0.443011,1.01845,1.47253,203.023,22.8773,6.52762,11.8298,1.25416,16.0709,9.99295,2.26176,1.95642,1.69708,10,0.525468,1.11513,2.61827,152.38,18.1268,6.6256,12.8162,1.69581,13.9928,8.3236,2.12681,2.72129,2.13443,10,0.467542,1.00909,1.71347,474.533,47.7537,14.4602,22.5014,1.66497,31.3932,13.9934,4.1292,8.80105,2.21242,13,0.603575,1.67109,5.73238,139.529,12.256,8.58879,28.8004,1.67368,11.3296,5.47543,2.3601,5.74807,2.31848,6,0.667797,1.44047,3.28503,266.824,26.082,10.6652,20.2212,1.68262,17.6329,8.78977,2.92763,6.83182,3.7279,10,0.469353,1.44343,3.33336,211.442,26.5831,13.1945,13.6007,1.37119,17.9422,10.7911,3.28989,4.18935,2.15105,11,0.536667,1.34231,2.32732,684.37,78.1257,36.8431,19.4602,1.29673,46.1029,24.9194,7.00382,8.0482,2.41113,24,0.47924,1.38188,4.18736,138.8,16.025,7.01372,12.2663,0.934073,12.2554,7.68045,2.06016,2.08198,1.05004,7,0.479512,1.35081,2.20068,333.547,70.7968,19.9342,20.6496,1.53023,26.79,20.9754,4.48017,8.68131,2.42342,17,0.550187,1.1251,2.56228,238.262,25.2251,14.3718,29.6114,1.79461,17.9833,10.5391,3.35808,6.70773,2.02475,12,0.546813,1.2627,2.14215,1689.72,107.25,89.7202,24.0345,1.50147,77.8367,38.2796,10.6954,14.1069,2.91926,25,0.494772,1.54642,8.90054,486.539,55.3932,22.5036,22.1949,1.34247,34.9147,20.7154,5.21986,12.5725,1.81245,12,0.535224,1.66385,5.04934,376.342,33.4426,18.708,27.0056,1.64546,29.7727,18.5121,4.39764,8.41384,1.6316,15,0.489562,1.22714,2.65967,285.084,37.2232,16.0703,22.0829,2.12858,26.195,13.939,3.84588,9.04499,1.58296,14,0.461078,1.23289,2.80527,292.368,54.8622,18.4464,21.2155,0.795246,25.817,15.8059,4.19507,7.69331,1.6729,17,0.589513,1.10421,2.36918,3535.02,383.9,268.565,423.868,113.378,93.2695,41.3223,17.0548,57.5973,21.1677,2,0.262909,0.72457,4.19302
gr00t_wbc_h074_p000,3643,fell,62.58,13,55.1173,4.71593,3.58116,4.41877,274.068,30.8852,17.412,23.7983,0.990626,26.3121,13.2492,4.51314,7.12249,1.65397,19,0.447347,0.969015,1.60666,350.812,35.3789,16.2353,27.205,1.03209,26.2913,14.4239,4.42311,5.4881,1.67515,15,0.584574,1.43675,2.85917,307.304,33.7265,17.5043,25.0256,1.40827,23.4596,12.3849,4.25755,5.85359,2.61388,15,0.52864,1.231,2.49926,320.26,27.5452,13.2443,17.1474,1.64222,23.7835,12.0333,4.13164,4.80548,1.37092,13,0.579536,1.40946,3.26133,220.711,23.4336,14.4151,23.3562,0.81375,18.3503,12.0404,2.93545,5.14415,1.36896,10,0.676634,1.20094,2.51279,210.003,26.3991,11.5778,12.1222,1.83646,16.614,11.4588,2.73188,4.69437,2.54882,12,0.46716,1.09369,1.85094,345.345,44.6034,22.6294,20.8216,1.07558,27.533,18.7818,4.43583,5.3927,1.25172,19,0.59041,1.05699,2.28059,236.25,25.6523,16.0526,19.8077,1.4706,20.2208,13.0972,3.54186,4.64773,1.1375,13,0.550135,1.2011,2.37295,509.816,66.7869,28.8063,31.3554,1.94426,36.223,21.4133,5.18054,7.47484,2.1618,17,0.690541,1.29167,3.54629,330.479,33.5813,21.7536,22.5282,1.93891,25.5387,17.5433,4.54591,6.99729,3.222,20,0.445522,1.10419,2.09742,443.952,86.8363,27.974,13.4165,3.19952,31.6047,23.4783,5.94977,6.64318,4.56823,16,0.626244,1.32684,3.57869,996.497,113.878,46.3246,63.0638,11.4254,63.5002,31.7193,9.41882,20.3513,7.66694,23,0.50467,1.43252,5.38489,5167.57,272.197,279.698,253.793,27.3621,190.894,81.5431,31.3744,56.9183,16.0881,10,0.797671,2.60826,74.189,,,,,,,,,,,,,,,,,,,,,,,,,,,,,,,,,,,,,,,,,,,,,,,,,,,,,,,,,,,,,,,,,,,,,,
gr00t_wbc_h074_p000,3644,fell,60.84,13,13.6799,8.9269,3.12706,3.88272,239.723,36.27,12.902,19.8612,1.17007,22.2558,13.4787,3.49587,6.02131,1.12353,15,0.47422,1.03933,1.73548,262.774,24.3372,12.3561,17.5337,2.6899,21.3886,10.1404,3.68814,8.74871,6.65174,13,0.483836,1.32948,2.45446,215.342,20.2387,12.5961,19.8746,1.65267,19.3881,10.6801,3.33165,5.12079,1.43402,14,0.464186,1.07925,1.64486,203.428,20.32,9.54004,19.046,0.989139,16.6468,9.91738,2.63696,4.64258,0.910235,11,0.492697,1.1074,1.67388,188.762,14.5238,8.03785,28.6886,1.80413,16.5253,8.64316,3.16667,10.5657,3.39814,11,0.537803,1.16723,1.88415,395.695,38.974,15.3923,18.1011,1.87485,28.4185,14.9024,4.67842,11.3846,3.31186,14,0.561649,1.47227,4.16062,323.364,46.5199,13.4527,8.27666,1.58215,24.571,14.5778,4.18501,6.48762,2.19517,15,0.671808,1.2357,2.21476,255.295,32.6941,10.795,13.6924,1.64609,20.615,11.7172,3.4247,4.60496,2.03233,12,0.58254,1.21911,1.78627,157.84,15.7429,9.55914,18.2417,0.806406,14.4199,7.51795,2.79882,5.40721,1.92716,11,0.537118,1.17086,2.01765,357.191,32.0527,24.0141,25.9302,1.32697,28.712,19.4039,5.0475,7.54231,1.72427,20,0.460562,1.18657,2.24431,244.188,26.347,11.1413,20.9464,0.995533,18.6408,9.77966,2.83436,4.43394,1.1433,14,0.419138,0.98242,1.45574,468.367,47.6255,48.9275,258.353,8.96304,35.7689,14.6457,6.11717,24.2907,5.13043,13,0.506119,1.7439,5.23952,1227.69,62.3415,25.0101,14.8568,0.253899,31.1489,12.2954,4.85486,8.41528,0.643369,3,0.356916,1.21268,2.02318,,,,,,,,,,,,,,,,,,,,,,,,,,,,,,,,,,,,,,,,,,,,,,,,,,,,,,,,,,,,,,,,,,,,,,
gr00t_wbc_h074_p000,3645,complete,90,18,10.623,2.8145,0.172098,0.138305,326.322,29.6788,17.211,24.1129,1.52751,29.575,15.764,4.78604,7.44739,1.50403,17,0.507989,1.0972,1.99188,323.742,34.1423,16.1717,17.5183,2.16483,24.4655,13.7188,3.97697,9.27172,5.08772,19,0.42691,0.947264,1.56883,326.053,36.3159,11.9898,42.4009,32.0312,25.8386,14.0274,4.2523,15.7301,14.0408,10,0.497618,1.54344,4.83448,255.385,23.0185,15.5197,21.8401,0.807167,21.2874,10.5905,3.70591,4.4585,1.61888,14,0.549571,1.32329,2.32174,359.356,36.5779,14.3681,17.0656,2.64623,25.8155,15.3648,4.03438,7.50757,6.94532,15,0.525017,1.32843,3.13815,323.402,34.3164,16.2367,16.8211,1.89075,25.4425,15.1753,4.39639,6.351,4.45832,17,0.572928,1.3341,2.04407,194.544,24.2594,13.1679,11.9006,1.03226,15.3678,7.94155,2.83621,5.50351,2.68754,8,0.673994,1.35999,2.52455,528.977,74.9281,47.5902,162.298,5.75518,42.6421,22.9691,7.65913,20.627,7.19556,17,0.599755,1.27853,4.19494,486.38,45.3804,24.5545,15.025,1.55513,36.5922,19.6396,5.60979,8.66438,4.2286,19,0.551187,1.33377,3.88935,181.869,14.6017,11.8988,19.0553,2.2236,13.3537,7.31013,2.86666,7.17109,4.11557,8,0.578061,1.36382,3.0826,211.331,30.6398,14.2633,16.385,1.64986,16.5547,10.1373,2.90636,5.76945,4.05236,12,0.474822,1.10799,1.92379,192.209,20.3503,15.0708,14.3836,1.27028,14.7031,6.9338,2.61068,5.5628,3.27176,7,0.611426,1.25636,1.97356,330.32,36.1933,20.8742,13.7872,1.35097,24.2073,13.4624,3.74695,5.91705,2.89616,11,0.595566,1.50906,4.19225,295.241,32.5418,18.5651,17.7295,2.03238,24.4095,14.2958,4.28918,6.60608,3.72796,13,0.564958,1.31137,2.77209,407.264,54.7271,24.9349,22.6034,2.08682,32.433,15.6526,5.68128,9.97899,3.47726,16,0.539516,1.51156,3.27586,758.178,217.881,44.0304,35.7014,2.08469,53.4677,43.7142,8.38157,12.6544,3.93768,22,0.647273,1.53106,4.40531,197.286,43.8467,9.08359,17.5308,1.50803,20.0431,11.5142,3.0224,6.25934,2.13552,8,0.508889,1.61661,4.25151,509.416,144.697,43.1587,129.412,129.041,36.869,27.7008,7.03181,24.5398,10.802,15,0.606362,1.73747,4.27194
gr00t_wbc_h074_p000,3646,complete,90,18,8.4079,2.69158,0.0105208,0.0204328,275.55,26.9811,12.8511,15.1375,1.45438,24.341,12.0298,3.81722,6.45475,2.41566,14,0.519199,1.05167,1.81804,411.643,47.4692,18.1394,24.1055,1.37593,30.4332,15.9107,4.9232,7.15212,1.61242,14,0.550608,1.49863,4.05766,199.112,20.5078,10.5985,16.8701,2.05322,15.4322,8.90942,2.64746,5.22981,3.59309,10,0.517412,1.2033,2.20398,170.807,18.5423,10.0289,31.6055,1.92859,15.1383,7.92994,2.87641,9.91874,3.85864,9,0.535727,1.22211,2.03694,215.666,17.3355,10.696,14.1338,4.73675,17.6985,8.49555,3.03347,5.53298,3.39312,10,0.56392,1.26398,2.53074,117.635,11.1421,5.8089,14.0976,1.11474,10.366,7.65873,1.72477,3.92871,1.70581,10,0.428687,0.875591,1.91438,244.056,24.7286,15.6833,37.0393,1.65558,19.1667,11.2804,3.37669,8.46416,2.9871,14,0.453371,1.06117,2.04299,316.59,32.3151,12.7595,15.7999,1.02453,26.003,13.939,3.99545,6.31031,1.68277,13,0.690536,1.27728,3.27058,470.105,50.8663,19.091,28.8775,0.847996,33.8778,20.3495,5.25726,9.69022,2.96593,16,0.655049,1.38747,4.16545,295.211,30.0067,17.4588,21.9291,1.72479,22.4099,15.6907,3.73376,7.25518,2.12204,20,0.394974,0.88063,1.73277,324.17,35.262,13.7162,30.2529,1.41602,22.6558,11.0663,3.95072,6.71878,2.16827,13,0.513479,1.39473,3.56357,168.809,18.0227,12.2449,24.2706,0.89736,14.0771,8.06605,2.61961,3.635,1.13339,9,0.529903,1.25627,2.71821,82.9177,17.2415,10.0786,17.1975,1.73975,7.13378,4.39634,1.43623,2.43096,1.16688,4,0.557367,1.20171,1.91811,308.267,55.6308,54.9689,220.676,104.29,25.0349,14.7172,5.71449,21.3503,9.6029,11,0.66928,1.20561,3.05063,409.436,54.5738,28.2515,24.6028,1.86241,34.4496,17.5313,5.70708,7.60985,1.93015,20,0.561847,1.23228,2.12738,534.879,63.2631,41.0148,123.275,2.25174,35.6769,20.4654,6.32186,19.9122,3.45641,19,0.562698,1.37388,2.78669,430.84,46.1448,17.9487,29.6908,1.03767,30.498,17.954,4.51667,7.7907,1.89291,16,0.581608,1.37333,4.03707,116.306,11.6525,9.70248,22.1309,1.03445,11.4603,6.54102,2.06797,3.88269,1.34235,8,0.44686,0.997111,2.13807
gr00t_wbc_h074_p000,3647,complete,90,18,10.2483,2.72445,0.0334071,0.0347789,207.261,27.6544,10.8827,10.9078,0.978543,19.0659,11.8097,3.09857,6.34474,2.91939,13,0.409651,0.9058,1.60541,323.585,42.0617,18.1787,25.7952,0.979408,26.3701,14.3088,4.29375,6.17436,2.48873,18,0.544157,1.1401,1.9324,226.963,23.2832,11.6165,21.616,2.68908,19.2095,8.66654,3.13472,5.88193,4.37678,13,0.494871,1.07197,1.61163,324.761,27.574,17.9364,18.0087,1.55649,25.564,13.6737,4.67164,6.39549,4.4547,16,0.546049,1.39191,2.33993,226.389,17.6196,18.957,73.4174,3.79449,19.6713,12.1767,3.98009,9.72937,5.46479,12,0.557401,1.25059,2.14746,141.483,11.0399,9.72755,11.7039,1.87391,13.2079,8.65125,2.29175,3.91491,1.08894,10,0.464998,1.05353,1.74135,253.195,24.0627,16.8457,75.8666,1.48443,21.1311,9.96866,3.77052,14.1286,2.50677,10,0.530469,1.38688,2.71301,402.49,46.2904,24.3586,69.0739,3.35418,29.2181,18.3488,5.44113,18.0328,5.7939,13,0.6347,1.50053,3.65598,387.473,32.3271,15.2725,14.1728,1.16617,25.6792,14.6365,3.94961,5.54759,1.51053,14,0.473532,1.17891,2.02876,399.156,92.3777,30.2415,19.9312,1.85176,28.873,20.4934,4.71574,9.16577,2.58446,7,0.777125,1.81717,6.28026,340.48,28.5393,24.0222,18.5133,1.59379,26.6635,14.3972,4.75093,6.73325,1.50159,12,0.568915,1.45809,3.89204,376.521,38.5308,56.9086,43.6358,5.79349,30.1983,18.6352,5.60144,16.3957,6.54956,15,0.519767,1.25932,3.10665,179.811,16.8711,9.46515,15.1022,1.36596,15.2907,7.56389,2.54706,4.65505,1.85881,11,0.395358,1.03121,1.74706,802.577,170.15,41.572,105.503,2.99888,49.8199,35.6015,7.96888,21.0817,4.95492,14,0.731328,1.86318,6.93896,245.6,25.5057,10.3636,13.4227,1.42128,18.5948,10.7572,3.54968,7.1073,3.34657,11,0.573491,1.29512,3.1939,645.739,107.123,31.2282,19.4826,2.36269,44.2543,31.7829,6.66733,10.286,4.69046,33,0.524072,0.89903,2.03985,837.907,87.9863,36.3723,30.9282,3.20995,53.3109,26.8865,7.99417,6.16222,5.0106,24,0.414901,1.65677,5.90383,503.62,69.1169,30.417,5.97778,4.3616,37.1503,21.9102,5.27611,1.2213,2.24396,20,0.637081,1.08761,2.41223
gr00t_wbc_h074_p000,3648,fell,55.78,12,13.9813,12.0467,2.27809,2.22735,153.394,17.4708,7.86555,12.0702,1.3102,14.745,8.53713,2.40385,5.07619,1.05482,10,0.3574,0.800721,1.22449,233.493,28.5397,15.3963,18.5328,1.76871,19.7177,12.9758,3.5333,5.69823,2.42112,11,0.633789,1.41755,2.77653,165.495,17.8732,9.95197,16.9751,2.19106,13.1707,8.04522,2.06421,4.84784,2.76551,8,0.532243,1.24667,2.41279,706.539,102.249,27.3132,12.8908,1.43891,43.4957,26.5964,6.05113,10.4604,5.00701,23,0.477543,1.15756,3.61415,265.628,25.9478,13.6018,7.50959,1.07445,21.0777,15.295,3.61738,4.75477,1.6652,14,0.513665,1.12449,2.94856,238.706,20.4121,11.9083,8.29719,1.35671,19.517,11.8351,3.55006,4.37592,1.86475,12,0.555551,1.29388,2.60945,362.758,30.3231,23.1814,18.2406,2.31641,26.8897,12.5996,4.47163,7.43164,3.40384,13,0.607647,1.44975,4.09775,388.568,45.9113,16.2651,14.6865,0.982235,28.6151,14.9594,5.11966,8.80991,3.63309,18,0.580477,1.17245,2.08546,267.006,29.0976,18.1575,28.7261,1.27575,22.8146,12.7627,4.09734,5.57046,1.61086,13,0.526785,1.3244,2.37267,366.938,58.0282,62.6425,51.6868,14.1217,29.1121,20.1274,5.43068,13.564,9.49283,15,0.671618,1.20112,3.07814,184.902,23.3765,27.5448,43.6388,1.01307,16.2038,9.35252,3.12299,6.12255,1.18876,12,0.522527,1.13339,1.95015,3225.97,181.316,105.461,44.7845,83.9679,72.6251,24.3779,10.794,12.5514,5.21471,1,0.523811,1.21277,7.16916,,,,,,,,,,,,,,,,,,,,,,,,,,,,,,,,,,,,,,,,,,,,,,,,,,,,,,,,,,,,,,,,,,,,,,,,,,,,,,,,,,,,
gr00t_wbc_h074_p000,3649,fell,65.5,14,11.8939,6.7524,3.62107,4.28681,288.82,30.7346,14.086,17.5366,0.734834,27.1177,14.0078,4.39005,6.61629,0.97212,16,0.495292,1.04875,1.62681,240.692,23.547,12.6165,19.6788,1.39866,19.6665,11.6098,3.27847,5.5755,1.04565,11,0.587269,1.2129,2.3061,148.758,16.8745,10.2967,12.1059,0.616355,13.527,5.89131,2.31621,4.95133,0.811538,8,0.477876,1.31132,1.85823,266.197,35.1843,18.7042,17.1396,1.15142,20.9416,11.7112,2.87028,6.58183,1.00177,10,0.628065,1.38152,2.73295,359.149,64.8314,16.4877,22.794,1.22771,25.4716,14.9991,4.28353,7.46356,1.43345,12,0.65431,1.29195,3.18198,372.263,41.988,20.7627,22.6921,1.05493,26.2246,13.7994,4.1316,9.14947,1.27032,14,0.640436,1.36519,2.12137,312.843,32.6907,22.6336,137.897,10.676,25.0519,12.2778,4.44593,16.876,3.30498,13,0.54199,1.53695,3.10016,280.068,25.4574,14.1102,21.6782,1.49694,24.2026,13.0014,3.72311,6.68064,1.15898,15,0.477241,1.12658,2.10588,452.309,45.1912,25.961,31.3904,1.26824,31.5639,15.9259,5.42284,10.9543,1.55063,17,0.543991,1.47512,3.39536,218.766,25.5961,13.1185,21.5895,2.02178,19.8046,11.6426,3.41205,6.74765,1.11017,12,0.472576,1.2256,1.88834,341.676,45.9867,18.8632,29.9491,2.11035,26.6782,16.5058,4.03288,10.0491,2.20456,14,0.472446,1.28626,2.70187,251.085,26.5866,12.6883,18.0191,1.11139,23.073,14.2505,3.81079,7.13321,1.2552,14,0.465355,1.17638,2.53578,275.659,23.1473,12.2371,19.3708,1.13748,22.5317,10.4283,3.60762,6.92037,1.16523,11,0.542376,1.38533,3.61549,1192.03,54.343,33.1365,9.18588,0.201191,39.6563,13.7458,6.16491,8.86544,1.07365,7,0.260056,0.393578,0.757581,,,,,,,,,,,,,,,,,,,,,,,,,,,,,,,,,,,,,,,,,,,,,,,,,,,,,,,,
gr00t_wbc_h074_p000,3650,complete,90,18,8.23465,2.17002,0.036297,0.0476543,276.37,25.669,13.0243,18.9744,1.13725,24.0112,13.7801,4.00666,6.98997,1.53248,16,0.480805,0.957629,1.78326,204.771,22.1221,10.2355,15.0936,2.62393,17.3001,10.4441,2.7972,4.11104,2.87716,10,0.547529,1.21481,2.29312,242.082,22.2209,11.5843,11.9418,1.22774,20.0396,10.0126,3.20273,4.34684,1.51894,9,0.595253,1.65342,4.31027,151.306,17.6154,8.23444,16.7052,1.24779,12.687,5.81323,2.46709,4.95981,1.78958,9,0.429814,1.11154,1.88813,166.212,19.4276,9.30671,9.8541,1.70227,14.1406,8.61913,2.4982,3.1483,1.62685,10,0.485003,1.12464,1.5735,134.072,13.204,11.3524,31.8769,2.21085,11.2509,6.22361,2.41346,7.26203,2.20544,10,0.434924,0.971026,1.38207,321.918,39.7861,22.0665,20.5497,1.30308,28.1931,16.7066,4.59121,8.75478,1.84541,18,0.474124,1.11764,1.89636,300.647,40.9425,16.1319,12.5596,1.04038,23.2444,15.2954,3.66262,4.98784,1.72771,13,0.520952,1.25246,2.2222,209.084,20.115,20.3559,64.1699,31.5285,20.3089,10.4319,4.20331,10.0962,7.23589,12,0.532399,1.29629,1.92195,245.171,30.4665,20.9243,12.3915,1.44389,20.338,11.3888,3.62425,4.13177,1.69571,11,0.633948,1.3818,2.20214,548.546,133.354,45.0218,14.2005,1.46515,41.9658,32.2785,7.25579,8.11697,2.99169,23,0.651355,1.23202,3.26839,337.159,45.7282,33.0399,71.9588,21.6484,26.936,14.8287,4.72948,14.0637,5.96798,12,0.614773,1.53049,3.18049,170.976,17.4094,33.7942,35.703,1.81355,13.3574,7.1615,3.10021,7.70834,2.89007,10,0.349919,0.901505,1.2313,205.115,26.1375,25.4792,10.9748,1.13364,17.0751,11.3631,3.2592,4.93747,1.41775,13,0.453357,1.08591,1.5847,556.016,50.6392,33.542,16.2443,0.707428,32.4542,22.4085,4.82865,6.24793,1.87514,15,0.568854,1.33149,3.98149,472.781,56.1577,25.5868,17.1999,1.99203,29.9127,13.5731,5.71379,7.65962,2.31274,22,0.489172,1.37287,3.00615,340.815,36.0178,24.2932,13.0662,0.957932,25.1772,12.9956,4.84378,6.14977,1.57118,14,0.559969,1.43329,3.3926,248.997,26.511,19.8068,13.647,1.13416,18.5705,13.2736,3.47005,6.34109,1.54077,13,0.40674,0.998027,1.67234
gr00t_wbc_h074_p000,3651,complete,90,18,11.0891,2.71215,0.0389752,0.0323732,230.917,22.0268,11.0831,17.7426,1.60627,22.2275,12.2336,3.45333,5.58257,1.15758,16,0.400401,0.912197,1.47055,265.602,26.895,11.2429,19.061,1.92933,19.2832,9.63135,3.63293,8.22987,3.73114,13,0.519264,1.23266,2.69072,213.325,22.7492,8.91308,9.06075,1.03953,16.8709,8.54798,2.68803,7.01795,3.74671,11,0.458001,1.04134,1.88114,289.326,29.2157,14.3435,21.1243,1.44971,23.5009,11.8615,3.89662,6.38189,1.39839,14,0.702874,1.34738,2.74332,198.135,23.614,10.0818,14.3208,1.19725,15.875,7.72057,2.57752,4.88245,1.55191,8,0.560347,1.40077,3.16224,213.112,18.6535,13.9693,19.4929,1.05336,17.1735,8.19494,3.10316,5.03674,1.31689,14,0.476872,0.96963,1.78681,232.534,53.3256,34.6465,78.4221,10.7688,20.9411,12.7674,4.11692,11.9646,4.63142,9,0.537273,1.67348,4.10443,337.373,49.651,30.5507,52.062,10.4004,27.6396,15.4991,4.77122,18.1244,8.77615,14,0.49194,1.24164,3.09255,234.675,25.2157,12.1075,10.4376,1.98762,19.6371,9.34423,3.53266,5.38871,2.89456,12,0.45431,1.21286,2.66427,336.694,30.6942,18.0733,16.7875,1.83521,25.0184,12.9255,4.50704,8.18711,4.42382,20,0.439447,1.0019,1.66432,450.251,36.7186,27.6374,18.3222,1.39393,29.561,17.0938,5.22452,5.72106,3.04402,13,0.624958,1.50892,3.55512,453.031,49.2983,22.95,16.2786,1.82178,31.1917,13.7706,5.49636,6.41048,3.58408,15,0.549754,1.7802,5.05121,215.387,35.4903,14.9893,13.5659,1.66726,17.7001,9.28937,3.11455,6.30727,2.67252,9,0.678132,1.48409,2.22284,551.405,131.214,35.593,44.2307,3.09171,45.3802,29.1728,7.31341,14.6407,5.38137,18,0.578787,1.2195,3.56144,386.018,54.4265,24.4355,10.1125,1.606,30.0918,15.7557,4.75274,7.92566,5.28377,16,0.564615,1.33783,2.54269,371.938,40.0495,18.3935,105.04,36.874,29.8619,13.1568,5.20838,15.0301,12.1436,13,0.640257,1.45701,2.66837,504.018,88.2448,28.8669,65.6695,9.67614,37.0153,22.7673,5.01357,14.4771,7.04522,17,0.55793,1.62307,4.19891,168.879,14.0213,16.7983,44.9569,3.66085,14.1458,7.02217,3.43608,12.7883,7.07488,10,0.464771,0.990675,2.01393
gr00t_wbc_h074_p000,3652,fell,70.6,15,9.7442,9.72443,0.563489,2.53322,259.542,29.5466,10.1141,13.8154,2.0542,22.4954,12.7127,3.58591,5.82451,1.08634,16,0.439448,0.871782,1.44063,88.8073,8.84285,6.98786,15.4511,0.971519,9.50085,6.6567,1.71838,4.4648,0.909565,6,0.518005,1.10112,2.04174,163.402,15.7453,13.3388,49.9373,2.06837,13.0754,7.33646,2.26279,8.48493,2.69238,8,0.526811,1.07155,1.64575,311.964,28.8126,14.2978,22.1396,1.59542,24.818,14.4614,3.82656,5.21436,1.1828,18,0.457629,0.985786,1.70413,365.924,41.1337,13.1087,20.6919,1.12829,23.0095,13.7192,3.46936,5.98054,1.00485,9,0.473069,1.77404,5.038,356.079,33.4485,14.8023,20.5109,1.42676,25.024,15.0822,3.57697,5.2366,1.09235,11,0.571617,1.26652,4.93462,307.059,27.9315,13.1499,18.9413,3.24278,25.11,14.0764,4.81219,10.7111,4.71965,16,0.565624,1.21012,3.28691,132.438,11.2502,10.2923,13.0589,1.29686,11.4268,6.62489,2.09694,2.99773,1.0878,10,0.348911,0.905166,1.35449,249.594,22.9843,15.3449,19.4671,1.89404,20.7212,11.7573,3.78236,9.192,4.83684,13,0.521462,1.29731,2.327,246.779,24.1686,19.8748,46.4433,1.82345,20.2501,13.1799,3.52422,7.79726,2.16846,13,0.430742,1.15682,1.74625,834.893,140.711,43.8691,40.4629,1.31856,54.2554,31.9437,7.95037,12.858,5.03291,14,0.657419,1.59802,6.2851,290.77,24.4868,22.3284,33.5132,7.83907,21.0181,9.55189,3.56308,8.27798,5.72979,6,0.609426,2.02616,7.02722,242.335,28.3012,16.5778,20.3714,1.10131,21.3259,14.6959,3.59583,5.04727,2.32055,18,0.452888,0.943381,1.62295,307.238,58.3452,31.1594,23.7902,1.52132,25.2901,15.4317,4.79264,6.90479,2.7008,16,0.527248,1.19518,2.11782,1923.28,220.202,170.536,235.087,114.97,48.4002,18.4889,11.2942,33.2904,17.2604,2,0.312836,0.550617,0.73172,,,,,,,,,,,,,,,,,,,,,,,,,,,,,,,,,,,,,,,,,,
gr00t_wbc_h074_p000,3653,fell,66.08,14,13.868,8.75867,2.09547,1.66985,182.856,25.2813,10.1431,15.9226,1.75964,18.5465,10.7601,2.56181,4.33947,1.15142,9,0.498214,1.08584,2.35464,130.085,13.2609,16.8091,70.8455,2.82485,10.8848,7.15695,1.82006,5.4893,1.56606,8,0.432385,0.999289,1.65555,313.997,38.8464,18.6248,31.2832,0.830296,24.1842,14.0393,4.27014,6.60409,1.34369,17,0.476046,1.1642,2.35141,277.196,27.9033,14.9993,22.3412,1.02798,21.7905,12.4227,3.56931,4.9121,1.08412,14,0.567978,1.19926,1.99463,278.387,26.3852,16.5525,39.7589,1.79339,22.6293,10.4004,4.84651,11.4665,3.46888,12,0.575004,1.32356,2.9352,327.738,26.5816,15.1793,18.683,2.65358,25.6008,13.3184,5.00174,13.3185,4.23633,14,0.604306,1.29397,3.15968,427.896,38.8476,25.5794,95.78,2.25101,29.0238,14.3324,4.43584,9.02346,2.10678,14,0.477005,1.47074,4.10813,176.916,15.6344,9.77024,16.401,0.995076,13.5063,8.91202,2.4953,3.99121,1.16612,10,0.499178,1.14927,2.01492,283.201,28.4773,16.0074,24.4223,1.08606,22.7669,11.0896,3.60171,5.58837,1.34824,13,0.579603,1.20628,1.8926,396.735,28.6149,23.1234,22.0062,1.3625,26.8322,13.0222,3.87327,5.83067,2.38454,11,0.522264,1.30666,3.95444,95.9788,11.1362,4.98676,13.4628,2.39931,7.86481,4.03034,1.45423,3.12223,2.34462,5,0.575609,1.13898,1.90853,372.49,91.3933,25.6842,35.7845,6.71412,30.6418,21.1287,5.34763,8.08212,5.85224,19,0.671691,1.08538,2.46713,258.223,27.4139,14.7746,15.7291,1.58164,20.2078,12.0048,3.72676,6.76602,3.90016,12,0.586265,1.38174,2.73412,2027.16,289.004,93.9276,33.4858,9.49379,63.1128,40.0225,9.92094,20.7678,10.3108,3,1.09992,0.838807,2.80787,,,,,,,,,,,,,,,,,,,,,,,,,,,,,,,,,,,,,,,,,,,,,,,,,,,,,,,,
gr00t_wbc_h074_p000,3654,complete,90,18,9.40408,3.10733,0.0102437,0.0226229,301.839,31.6012,17.6487,22.2644,1.34327,26.2767,16.0647,4.35642,7.44238,2.28,18,0.464856,1.04785,1.7755,283.272,28.6912,11.8592,11.4507,1.4578,22.6536,13.6891,3.56314,5.3569,2.19297,15,0.533907,1.18084,2.04138,313.278,31.9777,12.6274,12.5311,1.38087,23.6587,11.6737,4.00377,6.36717,4.30714,16,0.608571,1.33582,3.01224,180.867,25.6643,9.94429,11.824,1.06149,14.8298,8.85001,2.6032,5.23594,2.58535,12,0.504027,0.986206,1.8096,145.59,15.2638,6.82685,16.3745,3.25721,11.9111,5.63919,2.22701,3.36284,1.70163,6,0.475363,1.41557,2.53869,260.567,25.7728,12.0278,16.5638,2.17133,21.1754,10.033,3.57275,5.79645,2.78133,11,0.650986,1.63197,3.55106,144.942,15.3275,10.7825,19.6965,3.51135,12.3749,7.3897,2.54231,6.12818,3.06074,9,0.576953,1.19737,2.27287,264.628,23.1162,13.1746,19.7242,3.09411,20.9486,10.7438,3.52794,7.5559,4.09593,12,0.650972,1.42401,2.61138,182.506,12.3349,11.4755,16.0513,3.32289,15.2764,7.8724,2.5914,4.93282,2.37816,10,0.487322,1.09742,1.84904,207.76,20.8585,11.8125,19.004,7.32104,18.1006,11.1917,3.07852,5.42815,3.94013,12,0.497076,1.10797,1.85561,216.605,21.1248,9.22434,15.4851,1.15792,18.5678,10.0768,2.94082,4.89729,1.26285,11,0.563801,1.25119,2.56478,577.455,60.6223,35.4295,30.4545,3.73505,35.7625,20.736,6.35157,8.66664,4.63471,19,0.51205,1.34301,3.1848,227.314,23.4925,15.2541,12.9832,1.62574,16.1903,9.06012,2.8767,4.82024,4.56177,11,0.502594,1.192,1.99909,266.343,36.4391,35.6263,124.601,389.791,22.1952,11.4045,4.65769,18.0313,14.8479,11,0.650674,1.52596,2.36492,220.07,21.992,13.9816,23.313,3.23587,14.5865,8.71113,2.49218,3.96333,2.74036,6,0.486078,1.1793,3.09239,661.154,150.173,72.505,57.1982,5.39487,52.6919,36.0709,8.54489,17.7663,9.36038,20,0.746269,1.39262,4.31014,289.064,26.9239,15.381,15.3052,3.14545,22.9096,13.3778,4.02763,6.42,3.90258,15,0.512599,1.06756,1.99282,408.816,41.1454,20.7346,20.4861,2.5914,28.2868,15.0723,5.13325,9.21232,5.57601,20,0.49447,1.27305,3.30363
gr00t_wbc_h074_p000,3655,fell,70.82,15,14.4307,11.6234,1.23178,1.36115,166.08,21.4088,8.24585,15.3837,1.91894,15.9039,9.21434,2.46828,4.91331,1.24704,11,0.39037,0.856459,1.55982,150.297,14.3623,14.8285,43.4699,6.18829,13.0981,9.20074,2.57905,8.55982,4.36424,10,0.511137,1.07179,1.76769,256.594,23.3626,17.9636,40.3433,3.63453,23.0031,12.5836,4.5507,11.0502,5.61027,11,0.603827,1.34341,3.27713,181.11,14.545,13.1637,4.8903,1.48803,14.5092,8.54083,2.82662,2.77396,1.7053,10,0.548505,1.17394,1.89573,145.042,14.5074,10.8121,26.9456,2.04849,11.7431,7.23568,2.37482,5.98731,3.5919,10,0.480062,1.01244,1.52202,200.751,23.7688,15.59,24.2304,1.28718,15.4767,8.36214,2.8815,3.99962,0.981557,10,0.433128,1.22308,1.81332,106.794,12.345,7.68912,21.5325,1.5805,9.73968,5.66291,1.39476,2.39116,0.906766,6,0.573781,1.13786,1.76486,391.252,32.5509,18.6247,28.9539,2.82465,28.7298,14.2317,4.57331,8.87103,4.31719,16,0.498036,1.16303,3.43087,365.929,71.181,21.178,16.9734,2.06502,26.4356,17.6057,4.66439,9.44055,3.81846,18,0.626634,1.00906,1.82362,176.673,46.2059,10.1848,15.6391,1.66751,14.4603,9.5107,2.37578,5.15505,2.49661,9,0.544017,0.961849,1.68629,248.355,20.831,12.147,15.4227,1.79332,18.4802,9.15229,3.65843,7.57802,5.63242,13,0.506411,1.13603,2.26898,521.437,55.0525,30.2097,27.3153,1.16376,40.9101,24.632,5.54904,9.38445,1.92738,24,0.501156,1.11262,2.76578,387.741,35.7192,21.3824,24.0865,1.25534,27.3156,14.3328,4.15452,6.56607,1.81905,11,0.575856,1.56419,4.38545,230.886,24.5522,12.7578,21.946,1.26053,21.3312,11.9218,3.48318,5.86551,1.05638,13,0.541706,1.29738,1.89759,2736.56,395.596,155.191,72.8792,3.58389,82.1528,40.3438,13.3866,22.5159,6.72451,2,0.268505,0.462592,0.732773,,,,,,,,,,,,,,,,,,,,,,,,,,,,,,,,,,,,,,,,,,
gr00t_wbc_h074_p000,3656,fell,36.02,8,24.4145,13.4658,2.41559,2.71196,212.701,36.4201,10.5,28.2454,1.41571,18.5139,11.405,2.96347,6.46424,1.31034,11,0.416472,1.19131,2.41224,286.544,24.1583,12.7729,16.6983,1.93538,22.5196,13.5432,3.81845,5.95824,1.49471,15,0.554042,1.20204,2.2198,190.942,18.0704,9.2717,14.8816,1.06072,15.1304,10.4662,2.54704,4.55691,1.47704,10,0.49431,1.12848,1.84775,199.608,22.9872,13.8519,23.9627,3.4681,15.4684,9.33689,2.40654,5.15118,2.4035,7,0.522264,1.37869,3.3502,195.788,21.4521,13.7346,28.4349,2.55725,15.0568,8.45171,3.24632,9.65974,4.20048,10,0.491025,1.2882,2.50361,342.972,44.2965,25.0061,54.0387,3.21085,24.0568,16.7198,4.40295,12.1209,5.81934,10,0.449622,1.6955,5.94421,295.66,47.6775,19.533,16.5647,6.11683,22.2401,15.1535,3.56961,6.179,3.69573,15,0.653914,1.12989,2.04659,1471.88,71.9118,52.2726,126.864,4.82343,59.0233,23.0689,7.33637,19.5615,7.2655,1,0.320766,0.571155,0.842163,,,,,,,,,,,,,,,,,,,,,,,,,,,,,,,,,,,,,,,,,,,,,,,,,,,,,,,,,,,,,,,,,,,,,,,,,,,,,,,,,,,,,,,,,,,,,,,,,,,,,,,,,,,,,,,,,,,,,,,,,,,,,,,,,,,,,,,,,,,,
gr00t_wbc_h074_p000,3657,complete,90,18,7.90807,3.05091,0.0152362,0.0162705,193.239,21.3979,9.01887,13.5735,1.25364,15.8816,8.75926,2.63388,5.37559,1.27352,12,0.364394,0.831504,1.15111,201.283,15.6818,10.1843,19.9476,1.3537,16.5212,9.88724,2.71255,3.35127,1.21275,15,0.451833,0.915072,1.49269,313.478,61.8033,13.4921,23.9426,1.34443,20.3845,14.703,2.81444,3.92963,1.36145,6,0.76365,1.37345,3.56356,276.973,26.3699,9.92607,26.8295,1.46554,19.8334,8.71429,3.84765,9.40785,4.59583,12,0.548623,1.4208,3.21349,207.722,17.9633,9.78132,15.2391,1.21575,17.7808,10.5729,3.18451,3.55197,1.61043,12,0.499407,1.08699,2.14462,356.824,34.9107,16.6295,11.7148,1.53138,29.3898,16.0731,4.41688,6.78787,2.56833,19,0.610212,1.18923,2.37044,325.69,30.9261,24.0389,122.887,185.079,23.81,12.162,3.96966,16.2451,7.46104,10,0.457576,1.33863,4.07752,339.988,39.0624,22.5852,18.3118,3.46912,27.4137,15.0156,4.67299,9.40776,4.71583,18,0.51647,1.15987,2.04536,231.62,23.023,7.42275,9.35155,6.59566,17.3502,7.68684,2.92462,6.56631,6.06828,9,0.68188,1.74336,3.68777,123.391,15.2843,4.97366,9.09567,1.37666,10.6209,5.59122,1.81647,4.05948,3.33255,6,0.67049,1.53052,2.51588,217.564,24.0337,11.9363,16.4565,1.63481,17.9615,9.09513,2.81215,4.08583,1.32849,9,0.663428,1.51311,2.54248,258.477,32.6339,14.0263,13.6861,2.00934,23.4829,11.0393,3.56929,5.55147,2.06851,17,0.368468,1.05191,1.70455,197.833,22.1904,22.9181,69.397,2.86142,13.7529,8.10871,2.44614,5.87157,2.11184,7,0.389158,1.37411,3.87584,328.385,28.1566,18.6563,38.1227,2.82812,22.9324,9.2165,3.66735,6.56749,2.34791,12,0.515596,1.4516,3.46218,243.921,24.5057,16.9833,44.4474,7.19673,21.8917,10.7262,3.88763,5.62975,3.06154,13,0.584667,1.34715,2.3234,262.633,29.4866,19.6647,25.4512,1.67722,20.7987,10.9647,3.24465,6.93161,3.64546,12,0.499929,1.31562,3.15365,341.903,57.7678,22.175,25.4567,0.931549,29.6842,21.5686,4.86857,8.49198,2.45729,22,0.528981,1.06526,1.73724,329.269,32.0034,15.9919,23.2133,1.21727,26.0952,12.9764,4.06763,7.28543,1.61277,15,0.499731,1.2346,2.71916
gr00t_wbc_h074_p000,3658,complete,90,18,8.13115,3.3634,0.0241262,0.0254254,283.012,27.9444,13.0639,11.814,5.49067,24.6832,12.6949,3.97836,9.55837,4.49869,15,0.449781,0.987797,1.70979,279.374,30.7192,14.3127,10.7503,1.59157,23.4286,12.1583,3.80487,4.51234,1.73883,17,0.474991,0.993904,1.65735,298.625,28.1885,14.0458,9.87054,1.21669,25.6761,13.069,3.97626,3.29252,2.25051,22,0.433983,0.88735,1.39809,177.266,15.878,6.50562,16.1988,0.956685,13.9109,6.86978,2.31651,2.917,1.26526,8,0.461894,1.16146,2.36118,138.636,27.9181,7.54713,11.7075,0.985547,11.504,7.12278,2.07307,4.56409,2.24219,10,0.413848,1.00054,1.52721,295.289,28.6215,14.8266,7.59382,1.60788,26.3653,14.0531,4.15521,3.74225,2.32924,18,0.566402,1.09388,2.09468,231.121,22.175,12.7107,41.1119,4.54011,19.8545,12.1905,3.45701,7.99142,4.60671,14,0.487592,1.06606,2.23433,247.255,29.8933,9.86374,24.0786,6.9318,18.9818,10.5017,2.83449,2.43211,2.7349,9,0.666545,1.4545,3.06503,327.192,31.7363,17.356,27.9999,3.90942,21.951,10.0761,4.02171,1.96239,2.57744,12,0.483259,1.40913,4.01558,800.573,78.9144,33.3428,10.4448,3.05735,49.1892,25.9276,7.54002,3.18691,2.99279,24,0.475096,1.27447,3.87851,462.611,94.8276,17.9611,8.51747,2.12328,33.7998,22.9463,5.01462,3.27679,2.97206,13,0.546711,1.12737,4.17669,349.749,30.261,18.8551,83.0033,6.45047,29.5185,15.3786,4.77135,12.568,5.69633,23,0.411906,0.899675,1.97161,345.549,34.7625,16.2965,15.8825,4.54593,23.7618,9.21464,3.28766,1.75642,2.10186,16,0.535613,1.2145,3.79288,444.095,37.8809,26.7597,15.8766,3.86934,39.6733,19.7094,5.49851,2.80573,2.40483,24,0.476756,1.00141,1.95527,578.463,61.5797,26.978,107.997,13.3262,41.0548,20.8736,6.15202,18.7347,13.6152,20,0.540073,1.40018,3.87192,868.988,84.7042,28.9464,55.1277,8.84259,55.476,26.1755,7.48804,11.0162,9.20552,25,0.389487,1.65918,6.26012,725.245,92.5089,25.6837,31.505,7.4832,42.5563,24.7092,5.11445,5.79765,6.69732,18,0.742826,1.29437,4.74409,171.573,19.3992,16.616,35.895,22.1984,14.3409,8.07822,2.82492,4.334,7.50253,10,0.414308,1.01355,1.66508
gr00t_wbc_h074_p000,3659,complete,90,18,7.4017,2.05729,0.013956,0.0217497,196.407,20.3771,9.73192,16.0415,0.947232,19.4248,13.2214,3.20056,5.33264,1.0695,15,0.378069,0.820492,1.63612,418.284,36.4267,15.7387,13.3585,1.44484,31.5057,16.4673,4.63528,8.36757,1.08344,15,0.547081,1.3241,3.51291,189.939,18.1053,5.8963,10.2492,2.1563,14.3307,6.9881,2.17886,4.41952,1.08189,10,0.484448,1.01613,2.20453,78.2405,8.24358,7.58854,10.1566,1.80056,6.20141,4.47437,1.29539,2.77616,1.02626,5,0.454172,1.16333,1.79866,221.521,21.6461,10.8922,27.6364,1.94378,18.0013,10.5651,3.09031,7.95483,2.09628,11,0.520392,1.30761,2.245,187.465,15.5362,9.12965,16.4207,1.45463,14.6312,7.52355,2.40821,5.23157,1.15888,9,0.567617,1.15064,1.84378,354.505,39.6032,19.5465,19.3374,1.0548,30.1967,17.7972,4.49344,8.02629,1.20512,17,0.512086,1.24081,2.53437,210.453,24.2541,10.7316,16.8342,1.28823,19.1987,11.4469,2.94572,5.55457,1.12061,14,0.432404,0.99796,1.40029,290.515,38.3418,13.2586,14.4822,1.74889,24.5719,16.0483,3.51945,8.09891,1.46023,13,0.556831,1.2962,2.73452,191.651,23.2426,9.89503,21.6986,0.922323,15.0182,6.4427,2.78644,5.00296,0.746497,8,0.58541,1.46319,2.23484,246.413,33.3396,15.328,24.3167,1.15666,16.6556,10.0792,2.6611,3.68773,0.839827,11,0.578462,1.33376,2.65007,207.622,25.8546,13.645,19.0792,0.798131,17.5186,11.0247,2.95026,4.20483,1.44673,11,0.57776,1.15053,2.63776,530.037,57.4294,43.3647,70.4312,3.85816,36.9006,20.5334,6.46457,17.7799,6.57789,13,0.547903,1.5554,5.49498,156.148,12.2812,12.4875,20.5051,2.75219,12.9631,6.3053,2.54716,6.5958,5.51338,8,0.641414,1.2679,2.29953,597.702,109.801,36.0481,19.7343,2.08133,42.5964,28.8124,6.38374,7.757,4.29639,17,0.617166,1.48768,4.29975,95.634,13.8228,11.0153,13.6636,0.820322,13.8054,8.16011,2.08528,3.54286,1.53744,12,0.190601,0.716665,1.15476,483.536,44.767,26.086,18.8719,1.11836,32.4459,18.4644,4.79144,7.94028,2.05253,10,0.58498,1.5548,6.06912,385.461,51.0876,36.043,135.293,8.90144,30.5965,20.8043,5.17998,15.7405,4.42827,16,0.551277,1.39218,3.19041
gr00t_wbc_h074_p000,3660,fell,60.8,13,20.2661,3.39589,1.61024,1.10501,283.198,31.2749,17.6644,23.4992,1.21113,26.4858,15.5783,4.58723,6.07109,1.53857,19,0.383213,0.928612,1.54793,202.002,25.0765,12.142,23.7726,1.04755,16.6748,10.2332,2.47126,3.84113,1.03008,9,0.489989,1.15518,2.44376,176.893,17.8763,7.63983,14.9115,1.34508,13.2593,6.17068,2.40007,3.95546,1.09778,9,0.466303,1.37668,2.60684,210.741,19.7686,14.6895,22.8573,1.28857,16.3394,9.17178,2.8646,4.76636,1.20765,11,0.477782,1.1333,1.67821,304.371,29.3819,18.9607,25.0786,0.923255,23.853,12.2065,4.32954,7.03433,1.40394,16,0.4756,1.29154,2.65122,319.33,37.0043,32.9654,139.759,2.19572,22.2168,12.1608,3.6581,13.1047,2.35952,7,0.534503,1.69567,5.43197,212.069,34.3159,14.2212,27.543,1.08998,19.3808,11.2087,2.77124,5.17667,1.27465,9,0.535225,1.29183,2.48421,263.233,31.7457,18.5268,44.7232,1.02565,20.5646,10.4848,3.54081,8.38056,1.55867,12,0.519917,1.19507,2.20576,388.078,38.3833,43.3632,151.927,5.82825,24.6862,11.1539,4.98177,14.3969,4.22293,15,0.349559,1.35078,3.93364,116.221,13.5628,9.42801,21.9304,0.564572,9.91297,6.32648,1.69488,3.14574,0.888996,8,0.430212,0.985039,1.54042,1136.16,136.7,73.9851,131.091,59.7702,70.2163,36.3224,10.0915,25.1731,9.15055,18,0.561201,1.27084,7.88783,824.56,82.4686,78.8517,179.32,75.655,54.0706,27.2993,9.4,27.3932,10.5274,20,0.655409,1.67165,6.07087,3641.9,367.271,317.014,236.871,238.561,99.8678,37.3469,17.8679,54.2506,27.3839,3,0.215106,0.490486,1.69889,,,,,,,,,,,,,,,,,,,,,,,,,,,,,,,,,,,,,,,,,,,,,,,,,,,,,,,,,,,,,,,,,,,,,,
gr00t_wbc_h074_p000,3661,complete,90,18,13.8606,2.90961,0.00275186,0.00458803,308.124,29.6868,17.3267,29.0109,1.44525,29.0426,15.7946,4.52826,6.83116,1.38341,18,0.513685,0.999007,1.8886,291.076,21.4776,19.537,28.6808,1.20693,24.3587,13.0309,4.21127,5.56916,1.166,18,0.467342,1.14038,1.85475,209.644,22.1769,12.3899,28.4408,1.12072,16.8949,9.36354,2.63665,4.29223,1.43996,9,0.652279,1.38751,2.32298,165.08,13.2243,12.6084,29.9318,5.20363,11.7936,6.1572,2.44324,5.88271,5.0613,8,0.481632,1.21785,2.69069,567.273,55.0683,27.9996,38.9613,10.3932,40.11,19.4801,6.75586,9.07845,5.3011,21,0.655424,1.39318,4.09377,122.175,10.7627,11.8018,13.7686,2.04551,10.3807,5.6056,2.12519,3.52951,2.30799,6,0.597825,1.38395,2.39344,397.456,35.2117,21.6315,18.7404,1.7495,28.0144,14.1389,4.56859,7.77977,2.38975,11,0.521304,1.40092,3.75667,312.058,36.2978,18.8506,11.4357,2.22826,24.3703,11.5078,4.52738,6.27362,2.55053,14,0.543231,1.53711,3.67565,175.041,17.4887,13.7979,19.4604,1.28194,13.7357,8.81886,2.25857,3.48946,1.13997,7,0.560854,1.58566,3.88002,290.198,28.2417,34.119,71.7319,3.62614,23.466,11.1277,4.86635,16.5414,4.98235,13,0.485765,1.13288,1.5833,511.485,40.2828,21.8859,14.9778,0.961197,34.1045,16.8061,5.2052,7.35695,2.49525,14,0.414583,1.20323,3.60324,262.839,34.6601,23.3882,20.9261,1.5709,19.193,9.55172,3.49607,6.65414,3.14908,10,0.636484,1.587,3.51179,324.403,52.4822,20.9873,18.8708,0.981186,25.1852,14.1198,4.12474,5.93827,1.52647,16,0.528228,1.17837,1.75907,484.414,58.4617,25.9911,17.5232,2.10352,32.2566,16.7119,5.78599,10.8012,5.70206,21,0.47,1.24037,2.87166,1129.66,244.799,62.0272,171.956,67.5159,72.2422,46.9194,11.6437,22.3318,11.3751,23,0.630925,1.34522,5.67349,430.164,57.5214,44.9399,102.325,88.9583,33.8088,17.517,6.12384,20.6164,16.7295,14,0.602998,1.26644,3.14008,542.793,61.3158,37.4547,39.4481,1.62297,37.7252,18.8017,6.77284,9.73867,2.4786,25,0.447307,1.34206,3.31109,170.652,20.3184,11.8463,18.2407,1.46448,13.5247,7.6503,2.1532,3.26727,1.03053,8,0.55489,1.17001,1.63197
gr00t_wbc_h074_p000,3662,complete,90,18,18.9458,2.29419,0.0310159,0.0361061,254.633,27.4311,11.9652,15.3319,1.17063,21.6719,10.858,3.15907,6.02125,2.04347,12,0.429492,0.974156,2.40125,325.892,28.7519,15.8739,22.6829,3.14026,22.3322,11.2139,3.32517,5.89283,2.21307,11,0.433659,1.49787,4.29788,216.461,19.6077,12.627,35.0589,2.11915,16.6763,10.8285,2.84349,6.20868,2.61012,11,0.522595,1.19759,2.55435,331.248,40.0504,24.7591,46.8994,1.31715,27.534,14.7049,4.52553,8.57902,1.93787,15,0.548369,1.16914,2.32218,289.527,24.9921,18.9926,27.9904,1.49359,22.4449,14.7057,3.93355,5.9452,1.66368,18,0.436172,1.03296,1.70409,220.501,18.5653,26.7353,90.6744,4.98327,16.7204,7.85558,3.48163,12.2296,5.34904,8,0.468776,1.3763,2.37336,375.288,37.4445,24.7033,27.9737,1.64918,30.6975,19.4435,5.05583,6.65491,1.54705,18,0.509151,1.2396,2.41629,291.476,31.8519,16.9356,21.7577,1.92566,21.745,10.1434,3.58738,4.87741,1.47418,12,0.636786,1.57584,3.0121,280.42,22.8259,16.3842,12.8145,1.26521,21.0541,13.0719,3.62241,5.93639,1.86324,13,0.515105,1.23573,2.68978,617.184,64.8958,27.3668,15.6101,1.44808,39.8533,25.0128,6.39639,10.5007,3.97111,19,0.533503,1.4633,4.33856,229.423,26.593,12.768,16.1273,2.21611,18.0282,9.37022,2.73704,6.29659,2.7077,7,0.569735,1.50545,4.75837,154.583,16.5493,12.0929,16.4351,0.916691,14.5177,9.12038,2.76245,3.91209,1.33905,11,0.447669,1.07883,1.4202,458.238,98.1496,30.9222,17.0035,1.43771,35.5291,22.0469,5.4616,8.75763,2.49876,17,0.607289,1.14241,2.70649,1092.34,291.16,53.9978,57.8817,2.01828,70.9662,51.987,10.7096,16.0706,4.1596,24,0.716136,1.27523,5.8177,381.04,41.5082,37.9714,132.244,18.1441,32.0308,20.8379,6.24816,18.962,8.24103,17,0.552913,1.39039,3.07805,357.958,34.8353,18.8493,17.846,1.37648,24.6375,14.7304,4.07895,7.84455,2.60992,12,0.494142,1.3752,2.89108,275.339,40.6869,37.4215,142.037,3.24306,20.4095,11.9709,3.99618,14.8466,3.03962,8,0.599706,1.74226,4.057,540.267,79.2645,71.4842,127.604,4.00948,43.1684,26.6928,7.34548,20.9722,3.77731,14,0.448406,1.34947,4.51884
gr00t_wbc_h074_p000,3663,complete,90,18,9.07302,3.06565,0.0192269,0.0365398,385.252,52.5994,13.9463,23.5331,1.37382,30.1345,17.0101,4.37411,8.51031,1.81531,19,0.530791,1.01939,2.15939,346.729,32.8457,14.1421,13.8375,2.11322,27.1741,15.9619,4.73637,8.30737,2.47344,16,0.517492,1.30343,2.45865,91.7217,13.6118,6.05105,19.2876,1.38961,7.88725,4.84839,1.37852,2.62299,0.789644,6,0.446364,0.797922,1.62265,247.136,23.8615,11.9271,16.665,3.20392,18.9207,9.67798,3.19724,6.23821,4.4548,12,0.585658,1.16809,2.03014,258.527,25.9879,15.1016,31.9678,2.11481,21.1758,12.2027,3.52844,7.18318,3.15214,12,0.525403,1.22392,2.69878,218.195,17.2197,14.6026,17.3273,1.81309,20.0248,10.8503,3.57085,5.69225,1.19192,17,0.378977,0.884132,1.46443,400.483,37.7634,17.513,16.4785,0.947307,29.4669,18.5189,4.90568,8.9211,2.17556,20,0.440668,1.16702,2.75498,215.582,19.9298,14.5985,12.6489,0.926542,17.3313,13.3594,3.14481,5.44515,1.19999,14,0.420832,0.989495,1.37719,345.883,30.9218,16.3001,19.03,1.40946,27.4908,13.2436,4.58951,11.3279,2.88573,16,0.455962,1.21753,3.21213,262.07,40.624,21.5361,154.396,2.80735,22.2519,13.578,4.37468,15.5691,3.6143,11,0.527705,1.36148,2.94478,240.141,23.7417,19.6389,26.9037,1.57427,20.6513,14.2862,3.636,7.64952,2.55552,13,0.52082,1.14703,2.69737,566.302,57.2273,25.646,16.7738,0.956041,29.9571,16.4843,4.50495,4.74917,1.70613,24,0.319977,1.03381,2.58934,156.667,17.7586,7.35902,18.8297,1.24968,10.6297,7.37941,2.01895,3.32308,1.37801,8,0.418494,1.1112,1.56295,201.679,14.6708,9.71515,6.4599,0.920689,15.5689,10.386,2.53386,3.26641,1.12097,12,0.427849,1.01393,1.57144,230.775,20.5663,10.5654,14.3314,0.697699,20.0258,12.4516,3.14346,3.68332,1.41017,15,0.386988,0.93582,1.7709,263.917,37.3861,15.4942,15.3171,1.1972,22.6917,13.2577,3.69785,8.16464,1.71083,15,0.48884,1.09103,2.01452,328.565,29.3884,23.3288,90.0298,73.3619,29.7353,16.155,5.81431,21.5426,12.8328,18,0.623423,1.27506,2.50348,670.886,93.8038,27.5801,16.9785,4.21458,41.0862,22.5116,6.16464,8.81914,3.82973,18,0.500178,1.22374,3.91885
gr00t_wbc_h074_p000,3664,fell,55.74,12,11.2877,12.4559,1.63374,3.32463,235.168,21.2768,11.4996,20.5707,2.37088,22.044,12.1082,3.51367,7.81404,2.2684,15,0.444174,0.89114,1.53418,120.119,9.47722,6.23316,11.2364,1.66266,10.9307,6.13825,2.19171,5.72058,1.61335,8,0.457911,1.01651,1.54901,169.81,17.708,11.0743,36.8685,2.48991,13.2252,7.33216,2.41645,5.75445,3.64678,11,0.440507,0.978558,1.39608,272.675,36.96,18.1468,28.2565,2.43727,21.1172,11.6793,3.64027,6.30966,3.20212,13,0.612809,1.19527,2.02322,302.885,38.3814,21.2683,27.7246,2.12392,22.7247,12.39,3.94946,7.62473,3.39429,15,0.543239,1.21233,2.15193,302.208,34.7454,23.343,34.6045,4.75273,23.7904,12.9824,4.17388,6.07984,3.0456,15,0.586011,1.1428,2.16316,209.366,37.6051,14.8438,25.5488,1.1938,17.5286,10.903,3.18494,6.38234,1.48781,12,0.435583,1.12605,1.99719,144.316,12.6308,8.55286,18.3119,1.58437,11.9477,7.18279,1.93545,3.56659,1.00976,11,0.359813,0.922114,1.16116,184.497,18.424,8.73479,19.5687,1.17519,13.6599,6.03755,2.50756,3.61181,0.929047,9,0.521632,1.36495,2.39656,163.571,16.7371,7.84159,22.7106,0.780863,12.7952,6.41177,2.01848,3.84684,0.919348,8,0.417717,1.02801,1.33199,325.611,24.8286,17.2806,27.0745,1.25945,26.0271,12.2907,4.05572,7.3575,1.54414,16,0.448754,1.15636,2.73978,1845.53,51.5126,65.0034,28.5999,0.197483,44.6237,16.7841,7.76657,11.2678,1.47062,4,1.51497,1.75863,13.3287,,,,,,,,,,,,,,,,,,,,,,,,,,,,,,,,,,,,,,,,,,,,,,,,,,,,,,,,,,,,,,,,,,,,,,,,,,,,,,,,,,,,
gr00t_wbc_h074_p000,3665,complete,90,18,8.60147,3.09848,0.0217496,0.0296061,97.4286,16.5068,6.6198,13.0233,1.4239,10.5395,6.38348,1.76472,3.80116,0.979007,6,0.478728,1.01494,1.62335,266.408,21.1542,13.1796,41.2766,2.47339,21.9708,12.0662,3.6459,10.0396,3.11609,15,0.480383,1.03219,1.9181,219.751,27.5138,10.238,21.6938,0.505741,17.7789,12.1181,3.03876,5.24478,0.987747,12,0.383524,0.990699,1.76045,119.682,13.0091,6.2557,17.4776,1.17838,11.3913,6.1168,1.58489,3.27439,0.817212,5,0.44014,1.32859,2.17789,428.278,39.8513,21.2274,35.2098,1.34108,29.2977,14.5213,4.48235,8.71324,1.74297,14,0.421676,1.2484,4.05962,300.17,27.6547,12.6336,25.555,1.45562,22.9397,11.8471,3.94835,6.49313,1.20653,12,0.623181,1.27403,2.75563,396.394,38.7683,19.4514,44.4431,1.93825,30.9987,17.2807,4.85359,10.0907,3.02144,17,0.598147,1.41312,3.32278,354.666,43.0705,14.5227,25.9811,1.68598,25.525,17.2944,3.54155,7.00377,1.56926,13,0.432816,1.37547,3.72239,389.606,31.9662,17.8225,28.2416,1.52279,28.3775,13.1708,4.55916,6.93515,1.4661,13,0.581332,1.56989,4.38839,170.158,20.6343,11.6342,21.8709,1.44821,15.6003,9.33686,2.41855,3.97253,0.835315,9,0.537896,1.20057,2.23873,130.882,13.446,6.37083,17.2774,0.968739,11.0135,6.32352,1.83152,2.66142,0.828553,8,0.433229,1.02315,1.86843,303.203,35.3375,14.7236,26.1516,1.38678,25.1931,12.9108,3.7256,5.69652,1.46481,15,0.521855,1.23682,2.48379,248.278,29.5289,12.7762,21.5598,1.29848,20.1541,10.5398,3.30236,4.2662,1.25096,15,0.438346,0.972028,2.24082,160.141,29.046,14.1001,20.3172,2.20407,12.7388,8.36469,2.33372,5.02738,1.84497,6,0.630473,1.26321,2.47667,247.899,22.8009,17.5023,12.4362,1.32168,19.3694,11.8573,3.55163,5.32114,2.21578,14,0.487734,1.1974,2.40301,241.817,19.3544,9.26062,13.8459,1.25636,19.1061,8.88427,3.16229,4.96018,1.84111,16,0.385459,0.940661,1.20408,374.909,37.2884,14.7391,16.4938,2.7164,27.3997,13.1788,4.32394,7.5968,5.35076,14,0.648384,1.56593,3.65557,262.029,29.8646,16.0004,16.0023,2.12229,22.101,11.8819,3.68517,6.44165,2.84672,12,0.542096,1.22676,2.37083
gr00t_wbc_h074_p000,3666,fell,35.88,8,8.411,7.62536,2.71137,3.62919,166.348,29.8591,9.50272,17.5185,1.44514,14.5333,8.58069,2.29996,4.37093,1.2357,9,0.403907,0.858588,1.37764,330.788,28.1065,12.724,17.6845,15.9291,26.8691,13.3849,4.58688,9.00317,6.6677,16,0.548187,1.32787,2.85353,245.169,24.4316,8.77473,12.4885,1.67391,18.2389,10.9412,2.91367,6.24404,2.17888,10,0.606216,1.35124,2.23936,376.006,39.1272,14.4526,30.6264,4.16892,26.3218,15.0844,3.83274,10.7668,6.18087,17,0.645262,1.22739,2.9986,342.325,33.2893,11.6934,50.5973,2.42693,24.6473,14.0676,4.06007,9.80017,5.01036,11,0.61686,1.44248,4.61595,334.318,30.2994,11.9531,9.57748,0.825823,21.8008,12.8106,3.1936,7.29418,1.78716,11,0.689766,1.47752,3.39409,270.481,28.3361,12.6626,10.6869,0.991982,22.0852,12.6187,3.40319,7.34258,3.8643,15,0.49093,1.09826,1.68981,1080.27,51.0203,27.2551,13.4764,0.983242,27.665,12.6383,4.10736,7.92359,3.53279,8,0.152988,0.878814,4.19167,,,,,,,,,,,,,,,,,,,,,,,,,,,,,,,,,,,,,,,,,,,,,,,,,,,,,,,,,,,,,,,,,,,,,,,,,,,,,,,,,,,,,,,,,,,,,,,,,,,,,,,,,,,,,,,,,,,,,,,,,,,,,,,,,,,,,,,,,,,,
gr00t_wbc_h074_p000,3667,complete,90,18,12.784,2.66991,0.0185552,0.0274033,248.999,22.7449,10.2128,19.2022,1.97991,22.7478,10.6409,3.70193,8.71223,3.66175,15,0.447414,0.924754,1.75441,211.122,16.2351,9.19112,7.35116,1.82966,18.3382,10.5016,3.2587,4.85222,3.22706,13,0.541921,1.14355,1.91746,267.038,26.8384,12.9967,18.1925,1.06313,22.0358,13.6891,3.52281,4.12091,2.20159,12,0.548768,1.32633,2.87222,279.397,23.2431,14.805,16.2723,2.90493,27.2245,15.2048,4.41585,5.71492,5.53539,18,0.500525,1.12675,1.97105,136.14,12.2005,5.94534,16.4032,1.21933,11.3274,7.13815,2.03032,3.15434,1.65411,7,0.525926,1.32133,2.47241,223.273,17.5229,11.4714,14.4608,1.36113,17.7893,10.336,3.19698,6.80695,3.25056,13,0.586466,1.1065,2.10461,325.176,77.9821,23.2224,26.5916,2.01274,26.7013,16.2778,4.67258,7.39743,2.81111,12,0.526987,1.34661,3.14432,131.296,13.8103,10.0271,24.3816,0.860941,10.3692,6.59372,1.77693,3.33566,0.948611,8,0.442461,1.05153,1.95738,280.437,46.821,20.5145,23.5643,0.762093,23.8742,14.7215,4.10513,4.99488,1.19378,17,0.442598,1.11462,1.56567,172.869,19.5529,15.0342,40.4425,1.57582,14.5067,9.24419,2.45113,5.1468,1.32485,9,0.574859,1.22523,2.10657,406.876,57.3963,29.4275,71.7133,4.47084,32.9827,17.2729,5.67416,15.392,4.9373,15,0.545408,1.32989,2.52664,300.271,39.787,28.6158,53.1371,1.61887,26.1166,13.7171,4.5183,11.2156,2.94308,15,0.500117,1.23953,2.10108,346.758,41.2691,24.8616,130.23,5.00146,27.2356,11.9768,5.28702,19.2641,6.43529,14,0.586539,1.46857,3.99715,627.5,61.0282,34.4038,38.9308,1.2333,41.2101,19.773,6.72491,11.0859,1.8142,23,0.406601,1.45893,4.56427,602.848,65.5828,34.9127,37.1444,0.526308,39.6787,19.8144,6.10944,11.256,1.71558,13,0.521777,1.57307,4.73493,333.759,42.7003,22.135,27.7152,1.0679,25.8958,14.1355,3.89045,5.85942,1.3112,13,0.482943,1.20878,2.67457,203.536,49.9454,17.9871,21.1639,0.90266,17.0973,10.5924,3.35944,4.62032,1.25707,10,0.59826,1.26263,2.29711,370.202,42.6401,19.2632,15.2603,0.916351,29.9086,14.4046,4.49498,8.85642,2.45098,9,0.551493,2.20072,7.93869
gr00t_wbc_h074_p000,3668,fell,66.08,14,9.19606,7.52579,2.48064,2.2919,91.2322,18.2384,5.74039,19.35,1.20481,10.6059,7.48868,2.01277,3.64901,0.735565,10,0.347118,0.861835,1.1949,247.593,23.1784,10.3721,14.7748,0.911599,19.3361,11.5869,3.11222,5.20319,0.822378,13,0.569139,1.17975,2.21278,389.615,44.0353,18.5442,20.4599,1.21575,28.6339,18.0986,4.42038,6.90484,1.0862,14,0.570128,1.31347,3.00495,293.245,29.6035,24.2183,18.0146,1.06077,22.6978,13.0409,4.52006,8.09982,2.00121,13,0.514815,1.40744,2.89043,302.861,32.0761,15.9024,17.529,0.818052,24.6154,13.4301,4.15692,6.50672,2.90814,17,0.584004,1.1569,2.13591,405.826,41.0837,22.8576,30.8737,1.99733,31.893,17.2282,5.68152,7.05297,1.82589,19,0.563945,1.34657,2.786,198.731,17.9646,11.8454,17.9783,1.74743,16.7853,8.74634,3.08075,6.58433,4.36255,11,0.508748,1.12978,1.89038,428.571,46.6008,22.7176,25.378,2.19115,32.4546,17.2878,5.53055,10.1495,3.24802,18,0.498626,1.41348,3.73063,287.15,33.0312,16.3686,20.2117,1.13401,25.2589,13.651,3.89135,7.31438,1.81027,18,0.553062,1.0417,1.88907,113.713,9.04385,8.75514,20.3749,1.23964,10.7652,5.6253,1.8357,3.72164,0.917926,8,0.464186,1.01496,1.47042,268.692,24.7744,12.9443,23.4039,0.925891,23.5235,12.9028,3.60907,5.89661,1.06715,13,0.557017,1.22106,2.74988,499.622,50.6674,27.869,176.672,2.80535,35.8483,17.977,6.14451,20.8379,4.60325,18,0.492257,1.38045,3.54576,440.14,38.733,22.2262,21.3272,1.0779,29.9135,17.7431,4.62871,9.22687,1.52115,15,0.448242,1.28437,3.81753,2747.56,124.157,112.212,22.9957,0.62348,95.468,26.4582,9.2035,16.8668,2.63295,1,0.615326,1.11328,1.96997,,,,,,,,,,,,,,,,,,,,,,,,,,,,,,,,,,,,,,,,,,,,,,,,,,,,,,,,
gr00t_wbc_h074_p000,3669,complete,90,18,88.6537,3.18353,0.327253,0.300105,308.2,30.5136,14.1139,23.0218,1.79693,27.1012,13.8529,4.45501,7.44121,1.52823,19,0.435151,0.958138,1.69855,276.503,25.2726,18.4593,44.0624,2.11617,21.8917,13.0907,3.82981,9.33648,2.45369,15,0.553591,1.18606,1.94987,309.386,25.6757,11.4998,14.6155,1.87577,22.6473,12.5398,3.43945,6.29252,1.41288,12,0.548095,1.25074,3.15333,473.192,48.3111,20.3947,11.3879,1.69235,33.2233,19.6651,4.81383,10.005,3.07143,15,0.541491,1.16845,4.20898,79.3354,6.78053,9.11417,19.3846,2.27763,7.72398,4.62052,1.71824,5.63052,2.86293,6,0.503999,1.08457,1.47617,278.577,25.6922,12.2145,14.4714,2.33542,20.7761,9.10812,3.84908,6.26477,3.60494,11,0.565319,1.70096,3.75247,258.24,27.024,14.0235,10.4837,1.03156,20.6862,14.55,3.38971,5.68101,1.83106,16,0.457058,1.05194,1.67373,432.666,49.3771,16.9648,11.5637,1.44357,32.6447,17.6006,4.90397,9.0298,2.3856,18,0.539475,1.38187,3.74883,295.374,42.0289,16.5115,15.7113,1.81041,25.7021,16.3048,4.41691,8.22277,2.08195,18,0.579127,1.08661,2.20241,287.119,24.9724,16.7004,15.301,1.50546,23.9446,12.1206,4.54038,7.58638,2.46722,16,0.546008,1.15334,1.87366,386.901,38.3639,17.5973,59.1154,5.46246,27.2976,14.3061,4.56372,13.5743,6.81992,14,0.570418,1.40342,3.08097,205.69,17.8239,9.69806,17.4798,2.85272,19.0339,10.381,2.84396,4.63227,1.81022,8,0.498471,1.41487,3.56588,217.225,18.018,14.165,21.5222,1.20787,17.6737,9.68806,2.93245,4.89513,1.9732,10,0.517107,1.21774,2.86918,675.021,89.248,64.7553,20.1559,1.36863,41.484,23.7466,7.51755,10.16,3.65894,18,0.624825,1.2333,3.65244,520.145,68.839,33.8264,36.6221,0.967146,36.7411,22.9543,5.1103,8.62898,1.73582,17,0.588266,1.2349,3.71324,3354.77,1062.23,195.994,178.305,169.311,171.514,162.759,27.6632,40.6631,14.7705,18,0.697986,1.48418,25.5907,561.038,61.7791,18.0823,25.3384,1.8231,36.0658,18.9232,6.53402,12.5375,3.8912,15,0.755354,2.10174,5.37061,662.187,62.657,19.5598,17.0705,1.93707,43.4569,22.4562,7.1762,11.3831,3.95184,22,0.604531,1.69635,4.41091
gr00t_wbc_h074_p000,3670,complete,90,18,8.85113,2.5039,0.0196649,0.022516,248.925,32.8531,12.0432,15.492,2.76842,22.373,11.4681,3.72001,6.54458,1.88605,13,0.489367,1.04986,1.8035,140.088,13.438,8.69026,27.8254,2.29047,11.7212,6.39858,2.21736,8.4155,3.74985,7,0.551266,1.51671,2.8587,299.152,33.9662,12.1692,15.93,1.35818,22.0066,12.0591,3.61549,7.02916,1.89194,15,0.513861,1.09624,1.6779,317.265,26.2778,15.5084,28.5621,1.90663,24.0696,12.4512,4.37867,7.22953,1.4864,17,0.410401,1.10753,2.51307,254.39,21.6506,15.9025,27.1806,1.08785,21.1002,12.4482,3.56844,6.41991,1.62511,14,0.518018,1.10004,1.64491,294.15,25.9014,15.0035,23.9954,0.801257,23.0382,10.6109,4.06706,5.7484,1.44054,16,0.469914,1.09791,1.82683,324.357,35.9076,22.3092,42.842,0.831489,25.7143,15.2811,4.41776,8.80486,1.74486,14,0.465673,1.05142,2.66158,126.223,12.1703,9.14076,21.6568,0.855329,10.9583,5.44034,1.82363,3.68792,0.73831,12,0.309157,0.732506,0.888457,460.823,87.2429,24.9178,26.4161,1.31376,35.0993,21.9967,4.87037,7.08123,1.67142,15,0.665523,1.33808,3.2971,368.284,55.9235,25.993,53.5192,3.10396,29.4321,16.5396,4.2201,9.86955,3.9607,16,0.616603,0.984978,2.41431,258.184,24.0354,19.6991,55.3614,4.86465,22.0227,10.8987,4.04002,10.8858,4.94768,14,0.517003,1.1408,1.59941,464.094,63.9883,43.0537,269.304,117.56,37.3842,19.691,7.46999,32.1741,13.5719,18,0.506397,1.26359,2.7607,334.056,34.2993,17.595,26.4177,0.88945,19.4286,10.2788,3.18057,4.52669,0.9965,10,0.380138,1.37239,2.15465,125.698,13.7718,16.218,41.7347,1.06174,11.0855,5.75625,2.32428,5.43403,1.50091,8,0.436668,0.994432,1.36525,504.367,112.39,72.7749,104.652,47.611,39.9216,27.2794,6.98993,21.4107,9.95489,21,0.605554,1.18676,2.48831,293.092,27.6298,17.4178,24.6697,1.42992,24.6582,10.2104,4.27061,5.65064,1.47648,10,0.557797,1.58345,4.93886,609.641,52.977,36.8662,42.5872,0.973969,41.977,21.5858,6.26476,9.63755,2.35262,21,0.449621,1.22912,3.01809,463.73,52.0706,26.4649,139.265,3.61981,30.3754,11.879,5.56098,18.6352,4.78668,17,0.557209,1.49176,5.08757
gr00t_wbc_h074_p000,3671,fell,85.76,18,15.5458,9.74623,2.00003,4.0067,174.169,24.6864,11.4031,19.6162,0.893563,16.5538,8.47303,2.76978,5.4178,1.25807,10,0.420778,1.07648,1.93738,173.291,17.0274,7.74892,12.8864,1.23197,14.0345,9.58075,2.58682,5.8012,1.33987,14,0.44199,0.854848,1.50325,102.861,10.0431,6.43943,17.7553,1.26514,9.94146,5.84904,1.85375,3.57827,1.43905,8,0.377174,0.935423,1.42951,250.761,25.7132,11.4971,14.1271,1.65525,18.8943,10.9965,3.29986,4.2329,1.49588,11,0.526752,1.26381,2.59955,227.986,25.5023,10.7524,15.6955,2.2539,18.7804,10.6444,3.25019,6.51152,3.68484,11,0.650266,1.24189,2.03831,225.445,46.4323,14.2891,10.6324,2.44316,18.0326,11.3263,3.21421,7.13699,4.84277,11,0.682984,1.36281,2.63876,343.205,34.9809,17.5954,15.49,1.76114,25.5331,12.6435,4.38322,7.62553,3.05914,13,0.570232,1.49564,3.59089,213.086,20.2358,11.4079,12.7318,2.46605,19.5679,12.1892,3.24879,6.57139,3.375,12,0.541272,1.16421,2.14702,172.077,16.8604,8.43904,14.1406,1.27028,12.4064,9.61628,1.82035,4.08305,2.27122,8,0.539439,1.22324,2.9836,248.777,21.5793,19.1101,32.8573,1.26677,23.14,11.0215,3.99177,5.50906,1.50092,15,0.481655,1.16738,1.78811,225.929,23.0687,12.2715,24.3191,0.928446,18.5404,11.4509,3.13765,3.42629,1.39764,11,0.506446,1.16616,2.36378,249.454,24.4879,11.2046,23.1372,1.22276,20.1766,11.6037,3.14329,4.05604,1.17543,13,0.481045,1.06854,1.77705,210.634,19.5357,17.4041,26.627,0.994116,16.2419,8.68536,3.16053,4.0713,1.00478,13,0.407176,1.01839,1.87527,283.801,27.7706,38.8555,134.197,190.574,22.9544,13.3383,5.74065,24.1898,16.9955,13,0.444559,1.01961,1.93006,341.266,35.7739,16.4753,20.8779,1.27602,24.8046,15.1916,3.88352,6.28374,2.06411,14,0.574019,1.25563,2.89887,261.873,36.8098,15.1388,17.4706,1.31,21.566,12.5309,3.4854,5.24238,2.73704,12,0.594517,1.33665,2.25581,427.514,47.6973,31.6607,41.5805,2.66493,34.3927,20.3923,6.11879,11.7018,4.98164,24,0.431387,1.15777,3.10751,1618.4,51.121,39.5933,12.3162,1.3586,42.5889,10.5001,4.14531,6.38515,3.11005,3,0.349737,1.23755,6.21213
gr00t_wbc_h074_p000,3672,fell,85.76,18,16.1921,6.42542,0.675886,1.50732,212.407,20.3318,9.87683,17.2784,1.19942,19.3819,10.7622,3.11478,4.94309,0.989769,12,0.459934,1.05251,2.31623,279.289,24.9028,11.5092,10.8287,1.17807,21.991,13.8848,3.76316,6.19625,1.56117,16,0.492734,1.09536,2.13577,399.675,41.1498,14.8943,20.3683,3.31709,31.7413,17.4175,4.47019,4.23269,3.32738,16,0.586536,1.30692,2.99961,211.674,17.7785,9.85297,49.8622,7.20777,18.2332,10.2238,2.73183,4.27015,4.81036,12,0.499137,1.07977,2.03905,134.542,15.202,4.9847,20.1644,4.53959,11.3923,6.11948,1.61752,1.99387,2.39479,9,0.429278,0.895939,1.19888,202.327,21.696,8.98388,48.2515,3.87302,17.9807,9.39996,3.07785,8.64134,5.7595,7,0.695974,1.65286,3.91285,256.94,20.5125,12.8228,28.6601,5.23788,21.7928,12.3454,4.04169,8.77242,4.17115,14,0.554224,1.2283,1.90894,274.978,25.2251,15.35,23.4315,2.24503,23.0958,12.8117,3.75479,6.47306,3.13439,13,0.617608,1.39102,2.6261,157.739,18.7329,10.0654,18.787,1.32673,13.8593,6.46202,2.33619,4.62812,1.98608,10,0.458478,1.09129,2.01783,224.025,25.6287,13.515,20.2647,1.79434,19.0368,10.0661,3.13859,5.28832,2.15543,13,0.532803,1.20685,1.95293,1213.89,105.733,44.5974,21.8626,1.58117,53.0032,27.3612,7.34645,12.3385,5.36303,17,0.633377,1.4326,9.04957,434.021,34.3009,27.2294,35.642,2.43795,30.9533,16.9598,5.13225,11.5783,5.20754,19,0.413268,1.08028,2.49146,392.737,54.5802,22.8331,23.4263,1.30137,30.3847,16.4287,5.12947,7.03662,2.04173,18,0.516708,1.22554,2.4979,294.399,32.0981,17.3099,22.9767,4.0609,23.4032,11.4621,3.71679,6.31126,2.54427,13,0.583346,1.11175,1.88828,424.592,70.6982,28.679,35.5306,1.26038,34.1278,16.6431,6.38906,8.94078,2.59046,23,0.585619,1.10855,2.32562,241.243,23.2252,17.3876,20.5856,1.55256,19.3642,11.1598,3.4417,4.14741,1.5655,15,0.505072,1.14367,2.1048,467.073,78.0834,28.9584,41.3309,1.38059,35.8852,23.1336,5.71762,8.68102,1.83452,16,0.574744,1.33841,3.39513,1506.95,70.6591,58.2861,87.8507,1.5682,48.1723,19.2883,7.11454,17.2564,2.5579,2,0.239868,0.691773,1.99689
gr00t_wbc_h074_p000,3673,fell,65.64,14,12.9731,7.33857,1.94783,2.02317,164.671,22.2867,7.91182,9.12342,1.08445,15.917,9.282,2.80323,4.66493,1.45592,10,0.438252,1.09293,2.18978,151.038,29.1379,8.46765,27.1298,3.03556,12.5188,8.05616,2.28982,7.19328,4.42973,6,0.631908,1.50106,2.31317,149.869,14.8994,9.22855,24.5811,1.19055,11.9279,6.66288,2.20479,6.00528,1.32585,8,0.585654,1.13456,2.06219,255.288,26.0348,12.2077,22.7248,1.21983,21.0377,11.0024,3.60571,3.95851,1.02661,14,0.532564,1.24756,2.36022,252.638,20.9747,17.6207,29.0016,1.99442,21.4488,11.8626,3.85689,5.05603,1.25424,16,0.535698,1.10138,1.7048,332.119,46.6974,23.4801,50.1686,1.69197,28.5825,16.849,4.423,8.20895,1.56158,15,0.598355,1.27729,2.51216,252.189,27.0937,14.8127,25.9943,1.04851,18.6658,11.0108,3.32409,4.04464,1.21993,12,0.470865,1.25895,2.50005,345.285,30.44,21.8026,31.8069,3.39182,25.3846,14.9278,4.57909,9.84754,6.07577,14,0.520903,1.23695,3.42213,121.324,11.1683,11.3752,13.0233,2.04365,10.6689,7.70159,1.96788,2.72353,1.68297,10,0.377539,1.03027,1.44141,254.159,28.5273,15.1749,14.558,3.70187,19.2256,11.662,3.49984,3.41209,2.43109,11,0.680206,1.33926,2.96268,261.579,31.9082,19.2838,11.4359,1.61751,19.5546,9.80701,3.6859,4.95611,2.22338,10,0.543711,1.5016,3.82303,501.254,99.8018,31.2736,32.7253,3.18703,38.2866,27.3239,6.0198,10.9292,6.95091,17,0.514555,1.30708,3.72279,239.148,37.2057,17.4841,25.3578,1.13469,19.3896,11.2935,3.49424,4.36702,1.55553,12,0.587964,1.38906,2.66076,2120.49,220.019,148.794,176.716,71.1589,63.088,21.1708,12.7359,30.4033,20.6637,3,0.242081,0.668426,0.765279,,,,,,,,,,,,,,,,,,,,,,,,,,,,,,,,,,,,,,,,,,,,,,,,,,,,,,,,
gr00t_wbc_h074_p000,3674,fell,56.28,12,22.6917,7.0643,3.64384,4.08974,301.154,30.0952,12.8948,10.6729,2.19631,26.7874,15.5252,4.08836,6.21501,1.61485,18,0.468863,0.906944,1.73131,131.285,14.8871,7.07288,14.8082,2.10219,11.2755,6.96526,1.8274,4.09745,1.94717,6,0.552009,1.18845,2.44642,97.9086,10.4014,5.70296,14.5717,2.6928,8.73339,6.39532,1.32443,2.56936,1.14171,6,0.477703,0.999321,1.94198,122.931,11.6897,6.62088,15.6102,3.48761,9.44636,4.24941,2.00971,4.67423,4.06367,6,0.45274,1.2861,2.32797,305.237,35.9365,16.1001,13.0057,1.34131,25.6167,14.9177,4.01871,6.15977,2.34648,13,0.601816,1.37778,2.75517,215.173,19.8759,15.6068,20.8328,1.06267,18.4064,11.2403,3.26727,3.76316,0.906896,13,0.468984,1.166,1.89773,243.08,28.1127,10.8457,20.952,1.38227,18.228,10.0157,2.80944,3.98456,1.20407,13,0.495248,1.06922,1.353,269.24,29.6325,16.2079,20.9865,1.02706,23.0655,13.4166,3.83103,5.31564,1.21998,14,0.476112,1.2325,2.6184,89.7955,12.8879,7.52486,20.4638,1.5439,8.83066,5.61658,1.35474,2.88946,0.857074,5,0.303284,1.3233,1.55363,313.427,31.9099,15.2312,23.9426,1.51775,22.4945,13.5406,3.10478,6.563,1.33051,11,0.426152,1.30157,3.2518,689.221,147.179,43.2809,93.7449,7.69008,45.9933,34.9873,7.2789,20.7432,10.7383,17,0.596097,1.38352,4.86138,3177.74,506.888,75.666,39.9933,68.9323,89.3526,60.1313,12.127,17.0842,8.64143,1,0.701443,1.32617,2.52899,,,,,,,,,,,,,,,,,,,,,,,,,,,,,,,,,,,,,,,,,,,,,,,,,,,,,,,,,,,,,,,,,,,,,,,,,,,,,,,,,,,,
gr00t_wbc_h074_p000,3675,fell,65.9,14,13.5118,6.49079,2.21639,2.63933,212.265,24.6942,12.9265,24.9046,1.41472,22.2008,13.8955,3.91539,9.63517,1.76657,17,0.427212,0.921578,1.50599,88.3897,10.0815,6.48774,14.7589,1.7435,8.02025,4.68319,1.48887,2.59164,0.959932,6,0.466593,1.17404,1.60157,197.145,19.9599,8.79342,17.1039,0.939712,15.1415,7.40528,2.52357,4.35152,0.960929,7,0.482742,1.54461,3.34824,80.0356,6.40438,6.89557,19.1852,1.12277,8.15002,4.39775,1.43987,2.52346,0.820651,7,0.450223,1.03029,1.16977,249.377,23.1848,9.97174,19.38,1.11299,17.5682,6.85716,3.24884,5.03182,1.05774,9,0.488566,1.5385,3.38965,336.64,39.6072,14.7435,23.8748,1.39242,23.1854,14.7298,3.74722,4.82504,1.23311,12,0.645679,1.52942,3.09876,390.932,37.607,17.4112,27.175,2.00403,27.4763,14.7954,4.24795,5.35552,1.25967,18,0.481351,1.18549,2.85639,301.855,37.6956,15.1417,61.8391,3.96412,22.1397,14.7596,3.3424,12.4533,5.59107,12,0.412635,1.43253,3.68669,227.346,23.1649,16.883,26.664,1.78192,21.6735,12.723,4.20454,4.77338,1.164,14,0.560237,1.3066,2.17655,825.454,97.4165,38.908,25.6894,1.50833,55.2506,34.5366,8.13516,12.5346,3.50365,21,0.447566,1.57948,5.90976,277.198,36.093,14.7325,18.1421,1.66891,21.9238,12.1413,3.60736,5.96813,2.98667,12,0.642337,1.29421,2.15518,340.314,63.2029,23.3594,27.8436,1.23361,28.0579,18.257,4.81068,7.02725,4.25783,15,0.643253,1.40418,2.72133,380.914,66.7734,35.5805,26.4084,1.63286,28.4398,16.6507,4.83627,7.33081,2.98764,12,0.63921,1.65836,3.49126,1674.03,74.223,53.9783,10.1674,1.37724,53.3738,15.6351,6.68517,9.30458,4.5676,5,0.453925,0.935667,1.44128,,,,,,,,,,,,,,,,,,,,,,,,,,,,,,,,,,,,,,,,,,,,,,,,,,,,,,,,
gr00t_wbc_h074_p000,3676,complete,90,18,10.7237,2.7482,0.030098,0.0547696,281.46,35.2938,11.583,17.4096,1.0959,22.0062,14.0382,3.40219,7.65394,1.60563,15,0.353869,1.07204,2.3806,276.144,22.7026,14.2981,13.8665,1.59852,25.2523,13.8372,4.34472,6.32178,1.81508,20,0.510168,1.08078,1.74541,258.544,25.7424,13.7076,18.8235,0.954566,20.7964,12.7389,3.58949,6.41609,1.98845,18,0.475378,0.985633,1.59796,309.687,26.1182,17.9665,20.9125,1.98097,24.1184,12.7993,4.53518,6.17777,3.94841,16,0.477787,1.22926,2.79097,336.235,43.8208,19.6313,14.9318,1.30413,26.5523,17.1971,4.28889,4.93139,1.92659,18,0.585482,1.09859,2.26333,277.915,26.367,18.3861,10.2645,1.11439,22.4349,11.6551,4.16672,3.20525,1.6016,16,0.538249,1.13292,2.20356,397.102,36.6638,22.2619,23.86,1.31651,28.3308,15.4574,5.06948,7.21924,2.37867,19,0.510792,1.28676,3.21342,468.975,54.5983,20.3555,35.441,1.88682,28.6793,17.3102,5.13999,7.53868,2.45831,19,0.423817,1.44931,4.24588,195.546,24.9172,11.6557,11.105,0.925858,15.6464,10.607,2.93353,3.66666,2.13303,9,0.53075,1.1845,2.36294,331.916,34.3663,19.904,10.6352,1.29285,26.8455,16.1507,4.48264,3.68446,2.08364,16,0.569081,1.27859,2.79655,381.014,41.5327,17.1688,10.8646,0.686255,27.3626,14.0252,5.04449,4.41629,2.10152,15,0.622702,1.45513,3.61135,160.261,42.3042,12.312,28.5877,0.73822,12.2951,9.41734,2.37729,9.07706,3.09732,10,0.660863,0.972832,2.06012,207.236,21.8844,12.1556,16.7079,1.26983,17.6167,11.6531,3.19183,5.78234,3.42489,14,0.462506,0.973346,1.66433,354.061,36.9908,14.8095,14.8891,1.46048,29.9503,15.1073,4.6749,9.5038,1.93883,17,0.573165,1.22634,2.968,253.502,25.3076,10.295,15.4143,1.26075,19.1676,11.3696,3.20668,4.16425,1.29221,11,0.60345,1.40678,2.88038,376.038,44.1497,21.3317,18.8766,1.02072,35.2433,22.4512,5.7194,7.00603,1.92086,24,0.490647,1.05994,2.14546,399.182,43.6761,17.0576,18.4387,1.7185,32.7773,13.3576,5.19461,8.72788,3.21609,21,0.503674,1.16876,2.69179,425.676,95.9697,20.506,19.8588,2.28238,33.1956,23.1591,5.27841,7.98025,3.18994,14,0.647726,1.36546,3.81829
gr00t_wbc_h074_p000,3677,complete,90,18,9.25127,2.55415,0.00679168,0.00687733,204.024,23.8487,10.9912,21.5409,2.14719,18.0172,9.79557,2.81362,6.06622,1.74422,14,0.379486,0.830681,1.11088,305.379,26.7152,13.3645,20.4707,1.77661,23.2515,12.184,3.78617,7.54122,3.01444,17,0.572112,1.13343,2.2356,259.026,27.777,12.0765,20.4544,1.25977,20.8951,11.6373,3.414,6.14025,2.18028,14,0.67682,1.14256,2.53356,109.622,10.9239,8.04898,22.921,2.80113,10.416,5.37374,1.8261,4.70859,2.6861,9,0.33441,0.873036,1.20243,191.066,22.2324,11.0691,16.7744,2.72787,16.8555,10.7008,2.98444,5.62868,2.5524,12,0.479259,1.18217,1.91657,269.907,32.1014,17.2454,31.1248,3.40643,20.9068,11.3438,3.53991,10.1896,4.40171,16,0.411455,0.956611,1.27359,278.035,28.8967,13.7902,18.4128,1.67269,22.7176,12.0084,3.58805,6.22963,1.57222,14,0.514266,1.12368,2.44846,370.849,30.4386,18.2402,25.4335,1.51828,29.9794,13.6993,5.0091,5.60011,1.25925,20,0.492236,1.0931,2.27866,319.913,26.0275,19.3555,25.5684,0.843206,24.8712,13.7544,4.42381,5.38068,1.41584,18,0.45558,1.12778,2.31996,436.403,75.2999,24.0773,22.4365,1.48624,37.5081,26.0319,5.8177,10.1122,2.72717,24,0.513513,1.09969,2.44752,236.725,23.6291,10.5693,22.0788,1.23578,19.153,11.1826,3.0585,4.95287,1.10257,12,0.559997,1.14491,2.72972,99.489,12.1463,9.37698,18.6282,0.830605,8.43894,6.62491,1.3907,2.63922,0.876619,6,0.512025,1.08948,1.91313,209.649,34.6671,39.1148,103.225,103.751,21.151,12.2252,4.37933,13.6786,5.58158,9,0.587624,1.52631,2.86226,301.005,35.5501,27.873,19.7408,1.04421,27.7578,15.5794,4.99113,8.51136,2.08981,24,0.42484,0.910764,1.55916,702.334,114.638,63.9256,27.1544,1.38628,45.5265,27.722,7.49076,11.8089,2.44517,14,0.630574,1.37483,4.46651,209.235,37.9144,14.6071,20.4531,1.23702,15.8403,10.0655,2.67621,6.2917,1.51811,10,0.593628,1.04296,1.4573,246.036,23.8231,13.244,15.6644,0.727905,19.3619,9.82498,2.9073,6.0805,1.53886,12,0.412491,1.03846,1.74625,230.668,27.9036,14.9107,23.9937,0.953125,18.7369,11.9372,3.49615,6.40503,1.60544,11,0.531635,1.22175,2.54242
gr00t_wbc_h074_p000,3678,fell,80.92,17,12.8725,8.73089,2.03041,3.33282,220.678,29.1544,7.91912,23.0351,1.1895,18.23,10.7245,2.76652,6.05722,1.55623,11,0.502114,0.965832,2.13305,195.802,19.4726,8.6359,16.5858,1.45454,15.9664,10.0142,2.81386,4.39249,1.08333,11,0.563664,1.18223,2.09348,263.917,31.5521,15.7112,27.9011,2.20437,18.3621,8.39998,3.30853,7.4048,1.41246,11,0.450917,1.42872,3.21372,249.357,24.0306,11.409,22.3144,1.5736,19.835,11.4912,3.10228,4.69757,1.18145,11,0.57338,1.26082,2.73577,455.85,65.71,24.8474,38.6135,1.51468,37.1586,21.5632,5.85257,12.8533,2.66376,19,0.55247,1.30629,2.98278,196.31,21.6501,10.3976,15.8349,2.4082,15.5111,10.183,2.01955,4.96318,1.67408,7,0.466959,1.21266,2.91633,283.746,33.1812,13.3946,36.4361,4.62754,23.3657,14.224,4.22476,12.2747,5.83641,15,0.492793,1.22947,2.45,330.92,41.9456,30.033,126.136,2.51347,29.674,15.035,6.19128,20.8144,6.41472,15,0.554259,1.28129,2.6144,274.478,26.0613,14.843,24.4034,1.88176,22.0576,13.4327,3.63531,5.56105,1.22063,13,0.62022,1.28957,2.39161,238.269,23.5982,16.0443,89.488,4.98124,19.3271,9.49047,4.31986,15.4715,5.17331,12,0.441195,1.10432,2.0501,398.168,42.1653,14.3091,13.3933,1.96347,28.975,22.5085,4.51511,6.41421,1.82665,24,0.403671,1.00948,1.92508,550.044,46.4982,20.9417,12.0414,1.51674,35.3461,18.9883,5.23926,7.30004,4.03821,14,0.520054,1.71861,5.42768,225.698,24.8246,9.50249,10.3053,1.85489,18.5726,11.6126,2.90076,4.55842,2.71939,11,0.438818,1.19666,2.5259,544.534,63.2613,21.1126,16.0237,2.02853,39.344,28.4321,5.89578,9.28279,3.5115,21,0.494235,1.27674,3.22683,439.279,53.8882,19.3064,23.8033,1.47792,32.9159,15.8123,5.1455,6.46612,1.76722,16,0.61608,1.56745,3.38375,282.267,40.6228,15.2128,18.5608,1.15744,25.0121,13.0455,3.98506,6.68222,2.32751,14,0.608792,1.29949,2.18843,1474.79,79.0093,34.2334,16.499,2.11318,51.9957,23.5344,6.39884,11.5134,4.99428,3,0.342567,0.677136,1.01809,,,,,,,,,,,,,,
gr00t_wbc_h074_p000,3679,fell,50.66,11,17.3889,2.71522,1.55197,1.98655,187.65,18.2114,9.53954,14.5606,1.65379,18.5598,10.7928,3.17597,5.68787,1.30448,13,0.427605,0.928775,1.33451,325.735,28.5167,13.6599,12.0585,3.51377,26.0401,17.3136,4.11953,7.5224,3.78691,15,0.57201,1.3492,2.94617,299.64,28.6919,10.3967,17.5688,3.60857,23.645,12.556,3.71144,6.62088,4.20114,14,0.523186,1.25024,2.96688,252.58,24.5839,9.65504,14.5391,2.14746,19.1599,10.2487,3.20971,6.22653,3.57945,13,0.531452,1.09633,1.76287,164.786,15.911,11.0395,23.3169,1.27813,14.3774,8.9075,2.49595,6.46237,3.44181,10,0.475893,1.08357,1.95623,280.421,30.2904,18.2265,23.4218,0.772878,23.088,13.8052,3.8002,6.16046,1.13776,12,0.555169,1.32974,3.49067,322.966,37.4952,16.2004,25.7822,0.733778,21.3216,9.98369,2.88544,5.71181,1.20208,8,0.585557,1.47128,4.01107,316.3,33.7291,17.0656,23.5263,0.956562,23.9385,14.0515,4.43809,5.17695,1.30433,16,0.46168,1.18191,2.23732,361.851,33.7065,17.9504,19.0886,1.67215,28.6068,15.6312,4.75238,6.46713,4.09846,17,0.559062,1.21057,2.38454,288.818,27.3014,15.8617,21.4484,1.05439,21.488,13.9843,3.44118,5.04005,1.3293,16,0.450342,1.03312,1.69414,1429.8,52.571,34.3332,15.8168,0.209703,40.9102,13.5107,4.62021,5.96891,0.955039,2,0.375328,1.13878,1.37473,,,,,,,,,,,,,,,,,,,,,,,,,,,,,,,,,,,,,,,,,,,,,,,,,,,,,,,,,,,,,,,,,,,,,,,,,,,,,,,,,,,,,,,,,,,,,,,,,,
gr00t_wbc_h074_p000,3680,fell,81.32,17,12.649,9.21879,2.19921,2.31913,213.905,23.0206,15.2913,9.18743,1.49036,16.9468,9.86836,2.82602,5.6052,2.42483,13,0.422201,0.82668,1.33513,157.127,17.7925,5.05149,13.3013,2.4825,12.198,6.28872,2.24118,6.02737,2.51286,6,0.616249,1.6275,3.81958,246.527,30.9136,8.05394,11.0594,1.31668,17.193,10.09,2.74346,5.24635,2.25822,10,0.517485,1.38301,3.20527,421.402,43.2683,15.8106,11.2942,1.14843,28.6122,16.4089,4.27273,7.61456,1.63291,21,0.516635,1.09573,2.7799,290.533,29.84,25.6891,81.0691,16.1651,22.0794,11.7472,4.52972,16.7522,4.25407,13,0.501633,1.29243,2.81219,206.254,20.8329,7.03375,8.34007,1.7557,16.143,9.00395,2.54296,4.76307,1.19399,12,0.450298,1.05086,2.03179,234.819,17.7775,9.269,11.8347,2.03522,18.1052,9.7003,3.43482,6.55949,3.20564,12,0.542087,1.19548,2.1339,299.435,36.2365,25.7622,95.92,4.91404,23.4045,13.3473,4.02779,10.7419,3.66584,15,0.482729,1.06181,1.61764,207.487,21.9365,10.103,10.7442,1.14835,15.7486,8.85057,2.77446,4.9786,1.75314,9,0.563356,1.40753,2.44899,244.889,37.8338,11.1316,23.3051,1.91956,19.7398,10.7263,3.351,5.99102,1.83612,10,0.613683,1.2747,3.19219,446.694,41.7849,18.5537,32.1196,1.51382,36.6723,17.9058,5.93772,8.79555,3.11992,17,0.566292,1.41944,4.04253,255.39,28.4962,16.6483,15.6935,2.22664,21.6511,12.8839,3.86394,7.07014,2.29902,16,0.411807,1.01386,1.72009,405.46,45.3951,38.9535,197.759,15.4359,34.4949,17.2688,7.10354,26.4245,9.91298,19,0.43912,1.0181,1.79002,143.964,17.1631,7.02411,16.1371,1.15908,12.5264,7.28044,2.22188,4.48222,1.02927,8,0.502295,1.27795,2.22991,325.5,35.4544,19.2847,29.2473,0.935078,26.9988,14.1135,4.23277,7.02465,1.52753,16,0.566545,1.20341,1.63932,338.449,35.1719,16.175,26.1528,0.680023,24.4471,13.7238,3.75373,6.56591,1.5254,10,0.588309,1.76025,4.87262,3236.66,311.215,108.735,138.305,13.8336,112.435,43.2498,14.2852,31.1086,13.7758,3,0.297915,0.537126,1.53876,,,,,,,,,,,,,,
gr00t_wbc_h074_p000,3681,complete,90,18,8.41279,2.60835,0.0167442,0.0319578,106.636,19.6625,5.67743,10.6179,1.61359,11.7888,7.61333,2.05862,3.18334,0.985097,8,0.372513,0.876998,1.46714,260.315,26.3355,13.0819,13.4022,1.63291,21.2126,14.4025,3.71935,7.66696,2.80891,13,0.576352,1.20185,2.65867,239.439,28.3281,7.11723,12.1509,0.48186,17.3008,9.7488,2.6721,4.61293,0.832261,10,0.517824,1.38949,3.51769,102.94,9.52254,5.36285,19.9713,1.91655,8.55691,5.29971,1.57691,4.42363,1.27329,6,0.38299,0.954526,1.58053,210.686,15.396,11.9499,12.6626,1.08733,15.9372,10.599,2.96205,5.59479,1.70454,12,0.486716,1.05603,2.21646,333.189,19.6792,18.3665,24.4921,1.711,22.1331,9.82049,3.52621,5.78273,1.73472,11,0.428088,1.26365,2.95032,308.153,31.4015,16.3113,24.2958,1.76593,20.4426,12.3506,3.10924,5.32054,1.06979,9,0.453854,1.26198,3.31914,243.094,22.8353,16.3958,22.9815,1.19859,21.1774,10.3765,3.94585,4.6622,1.06419,12,0.543324,1.28303,2.16652,119.011,14.3301,8.22812,13.7935,1.6227,9.45989,5.58027,1.92827,4.02401,1.05753,11,0.304721,0.711557,0.862787,186.104,22.035,15.513,43.7492,42.8206,15.3859,6.69463,3.84907,13.1378,5.80628,8,0.591635,1.60021,3.47111,267.517,26.3591,19.2768,21.7542,1.80583,22.3308,13.2417,3.74793,5.14127,1.46079,15,0.521837,1.06329,1.72676,140.885,23.1668,16.5069,19.5136,1.30937,11.2185,7.45544,2.07977,3.78943,1.11978,8,0.574725,1.23343,1.80633,350.632,68.7358,33.5786,26.2101,1.66213,27.8936,20.6438,4.73061,9.16002,1.90047,15,0.531844,1.46221,2.89667,507.657,67.9716,69.0442,257.203,27.4457,39.1758,19.1204,7.87685,38.182,10.2487,12,0.611234,1.316,3.40945,398.577,43.5076,23.6193,22.4998,1.51651,28.5264,16.4789,4.99791,7.05967,2.40088,14,0.603328,1.5382,3.9989,368.163,37.5539,17.6198,10.8531,1.5722,27.6655,14.0333,5.17238,10.5452,4.60003,17,0.481914,1.15534,2.39193,452.855,100.002,27.704,30.299,2.48678,35.2383,24.3226,6.01313,12.8641,6.03501,21,0.572351,1.18627,2.45739,332.716,36.839,26.279,253.353,59.4465,22.7377,13.6015,4.284,14.2223,6.55571,7,0.367169,1.20867,5.05973
gr00t_wbc_h074_p000,3682,complete,90,18,11.5475,3.04774,0.00464797,0.0169411,253.048,20.0617,12.4575,20.5632,1.56205,24.0659,12.223,4.06417,5.78623,1.03735,15,0.433467,1.02751,1.70781,177.471,21.6337,7.24783,20.412,1.16645,14.9182,9.06496,2.37481,4.32161,0.972013,9,0.491593,1.09186,2.44124,194.85,22.1923,11.592,32.9027,1.23546,15.0056,9.30628,2.61119,7.50879,1.47956,12,0.412417,0.962103,1.24911,230.999,24.8403,14.02,15.3454,1.17649,21.2985,10.6153,3.89676,5.59809,1.03004,14,0.435709,1.034,1.7131,340.577,42.7182,18.5554,18.3938,1.14546,26.9618,13.6136,4.02821,9.48882,1.21203,17,0.719929,1.06615,1.91037,64.6838,9.07912,8.47429,29.5437,1.28073,6.07774,3.43078,1.02998,4.78359,1.24744,6,0.389367,0.791942,1.09706,227.607,20.2825,12.5235,17.977,0.790379,18.7923,10.9146,3.34604,5.24194,0.926163,12,0.513337,1.18993,2.4427,239.447,22.5327,14.6511,18.1963,1.47263,20.3958,9.6317,3.40005,5.75704,1.12466,13,0.518441,1.10099,1.75053,316.88,27.9668,14.8556,22.2222,1.07772,25.2186,14.42,4.1006,7.3916,1.06255,16,0.515469,1.07055,1.98276,199.434,18.8523,10.9577,17.2558,0.957178,17.9574,10.6794,2.92755,4.6694,0.938528,15,0.42134,0.882212,1.69705,225.463,24.6016,25.6606,64.0144,2.99696,20.7143,11.9717,3.95351,12.1721,2.58807,12,0.522402,1.14637,1.73177,205.458,21.1294,24.5848,59.5326,2.47513,14.818,6.9587,2.70471,9.88102,1.99067,8,0.439237,1.40614,3.20723,330.921,46.1543,18.1737,26.7595,1.98374,24.6465,12.2899,4.06813,6.68727,1.17621,14,0.552508,1.39295,2.79986,564.851,55.7274,37.9052,69.5292,20.182,36.3613,18.8575,5.75696,13.6014,8.05737,23,0.461702,1.28071,3.27318,165.762,15.8645,11.0736,25.4161,4.86014,14.0896,7.7648,2.86877,11.3316,5.11719,9,0.462712,1.02519,2.25277,346.984,37.7862,39.8827,31.8551,1.53985,26.9398,17.2864,5.03395,12.0275,2.6383,18,0.482998,1.19871,2.15363,617.119,74.4245,33.6745,63.668,3.7966,46.9645,24.4808,7.17701,18.5298,4.72712,16,0.623058,1.69231,5.39257,333.286,57.9189,18.347,22.2531,2.0435,24.5793,17.228,3.70434,7.15583,1.76214,13,0.372386,1.26052,2.84895
gr00t_wbc_h074_p000,3683,fell,80.78,17,12.1362,7.93104,1.76,3.08416,187.42,20.2177,10.1302,14.7342,1.44442,17.7883,10.9766,2.91734,4.4232,1.02681,14,0.375342,0.846317,1.34933,184.947,21.3247,6.77004,11.4548,1.99137,14.005,8.64656,2.12639,5.27306,2.1303,10,0.440707,0.934188,1.84806,403.248,34.3171,13.6727,13.3934,2.054,30.8381,16.7021,4.7228,7.28425,4.08413,16,0.57983,1.31829,3.69129,619.244,53.6212,25.5517,13.6859,2.01158,38.3105,19.1123,5.08327,9.11828,5.89258,16,0.43317,1.3592,4.12442,161.173,15.5644,8.23787,30.1517,30.3925,15.1739,8.05159,2.85995,9.00254,9.29864,8,0.528259,1.26262,2.5561,404.575,35.4521,17.6112,36.5708,3.0398,29.6187,18.2599,4.55191,11.0957,4.7911,15,0.548623,1.30921,3.29536,337.36,32.9222,14.502,26.6174,2.21927,25.9683,14.1147,4.26973,10.0472,3.02093,16,0.491932,1.36402,3.18268,190.153,15.5942,11.7901,18.0441,1.60442,16.3938,9.1503,2.96982,4.20152,1.13579,12,0.459493,1.09181,1.72456,266.748,30.488,18.6511,24.156,1.61038,21.8122,13.6204,3.81458,9.83374,4.64533,11,0.538732,1.40498,2.73417,231.357,27.121,13.8344,11.5041,0.930843,16.5034,9.54891,3.09475,7.44486,4.10354,10,0.476693,1.38712,3.54713,107.542,12.6803,7.49196,15.0789,0.920631,12.1754,7.58242,1.87227,3.29832,0.904184,10,0.321692,1.15067,1.20533,180.215,21.8488,8.20389,18.7765,1.0397,13.6767,7.28742,2.34755,3.80302,0.881363,11,0.40849,0.843294,1.18188,557.104,122.442,25.1708,26.7189,1.01692,37.1671,25.6047,5.51201,12.0077,2.65269,13,0.489093,1.35296,4.65387,474.388,40.0236,23.3849,14.8553,0.748962,37.704,21.0504,6.05923,9.52466,2.72713,16,0.570513,1.58673,4.59512,295.422,37.07,12.3848,16.0721,2.47239,19.6405,10.4772,3.58889,8.12452,5.47549,13,0.493926,1.34715,2.7625,125.28,14.2544,7.74011,16.2191,1.55146,10.2299,7.13403,1.84521,2.6245,1.24258,6,0.590488,1.38208,1.97296,2981.63,162.216,124.147,22.3475,0.541424,92.9406,33.1175,12.1252,14.1443,3.759,3,0.437515,1.76235,1.50031,,,,,,,,,,,,,,
gr00t_wbc_h074_p000,3684,complete,90,18,8.51056,2.89359,0.0161547,0.0209125,167.455,22.2936,7.84944,14.018,3.02799,17.1666,10.1738,2.72894,5.66929,3.23343,9,0.46024,0.996038,1.80619,195.888,18.9912,7.43364,6.41833,1.6071,15.742,8.65668,2.59455,3.61782,2.52912,9,0.558755,1.39017,2.96109,374.333,42.3554,13.6585,15.1073,1.37331,29.6585,16.5452,4.40041,5.37167,2.17258,15,0.558527,1.35044,3.19579,211.604,16.8892,13.0285,20.7122,5.37794,18.3068,9.33202,3.09239,5.00402,4.14883,14,0.454467,1.006,1.67055,360.424,41.1384,13.9967,14.5915,1.48638,28.1468,16.2907,4.15104,5.38759,2.03523,15,0.616033,1.32738,2.53511,253.421,29.251,13.7166,15.8092,1.43194,22.8782,12.8433,3.87595,7.51935,2.87353,16,0.506272,1.06904,1.51135,243.617,26.2886,12.6674,10.5851,1.30339,21.1602,12.5628,3.80804,5.19704,1.69423,13,0.570627,1.30002,1.99045,269.843,29.9087,11.4628,12.0059,1.3939,20.3504,10.9307,3.4756,5.90024,1.69231,13,0.568386,1.25318,1.84156,269.019,29.298,14.1952,12.9857,1.28652,22.2301,13.012,3.6631,4.46005,1.41402,13,0.541277,1.23651,1.8367,337.411,41.5366,17.6083,19.9456,1.88788,28.3961,17.0329,4.26646,5.91841,2.14997,14,0.570483,1.38588,2.60168,224.099,38.231,13.9829,22.0165,3.10864,18.5174,11.3077,3.3076,6.56466,3.41529,13,0.582619,1.26698,2.04016,90.335,9.8252,6.48462,14.0028,1.28826,8.28267,4.39066,1.52213,3.35804,1.27875,4,0.47714,1.34401,2.04365,155.518,19.7126,14.1264,19.6824,1.3271,13.9452,6.43392,2.49555,3.94685,0.941518,10,0.482763,1.11553,1.45786,796.8,72.1031,36.7386,30.7222,1.58951,46.4206,23.1245,6.8044,9.76986,2.32656,18,0.4377,1.33616,3.80213,382.382,48.2795,31.4885,21.4069,2.50209,28.5043,15.5051,4.38843,8.07086,4.28454,12,0.560343,1.43322,3.15691,187.295,30.0346,16.1902,19.6814,1.82235,16.6621,10.5691,3.05781,7.86548,3.7322,13,0.526712,0.931803,1.52036,280.575,38.5792,22.5922,24.7047,2.97213,24.3431,15.5358,4.29711,5.25412,3.25905,16,0.437473,1.07755,2.01795,355.33,31.8837,25.9238,23.255,1.24045,29.3449,14.0807,4.36667,5.90577,3.74091,11,0.568641,1.74582,5.72898
gr00t_wbc_h074_p000,3685,complete,90,18,7.96888,2.41979,0.00376606,0.00347555,347.965,46.7028,15.3636,18.0712,1.38149,28.5754,15.3889,4.40734,6.65342,1.6925,18,0.462821,1.04962,2.10389,105.577,10.5755,7.31352,15.9169,2.0505,9.11329,6.92079,1.68126,3.07645,0.828636,8,0.432581,0.935675,1.36627,300.167,29.4705,21.2849,23.7231,0.979035,24.9724,15.1321,4.47837,6.74103,1.33171,15,0.62752,1.28733,2.44452,331.187,35.4901,16.5848,22.5769,0.854263,27.7299,16.1785,4.41437,5.27113,1.4318,15,0.596407,1.19988,2.1682,316.53,29.5687,29.2344,154.273,6.26943,20.6725,13.4826,3.25341,9.88135,3.13985,7,0.419041,1.59053,5.94562,329.05,38.8638,16.6837,28.0602,1.70404,24.6039,14.0266,3.99293,7.12989,1.22836,15,0.554391,1.14923,1.90824,322.611,27.9713,15.687,25.5851,1.20418,23.1311,13.4827,3.20865,6.13456,1.18964,13,0.454543,1.08878,3.18468,434.189,38.9985,23.7229,29.129,1.16574,31.7796,16.0824,5.10831,7.85751,1.09268,16,0.506341,1.19397,3.50054,139.474,14.9208,8.7746,19.5761,1.12209,10.7846,6.1767,1.96614,3.97176,0.905831,8,0.531617,1.01142,1.91537,301.34,21.1778,31.8124,122.636,7.80343,24.7022,13.5486,4.81814,15.1877,2.98587,15,0.462927,1.14786,2.1114,276.516,22.3229,13.6152,17.043,2.17929,21.6315,10.108,3.22702,6.8897,2.74814,15,0.481792,1.02245,1.61152,928.376,148.21,56.2148,217.979,42.8613,61.0535,37.0106,9.22498,29.456,11.1527,18,0.471795,1.19283,5.99489,469.393,51.7192,34.0057,170.838,35.6864,31.3871,19.7684,6.0449,20.7028,7.42466,12,0.718858,1.71743,4.36836,329.293,26.0477,17.6013,23.5234,2.01472,28.376,15.8393,4.93078,9.39436,3.06291,15,0.580694,1.33706,3.04139,444.231,52.4342,18.2617,11.2895,1.63479,32.0862,16.9372,5.05288,9.35939,5.18058,19,0.479961,1.35497,3.80927,306.914,62.7344,19.759,15.5225,1.19739,26.0936,15.7513,4.50816,9.63459,2.76334,13,0.568343,1.24119,2.30612,343.339,47.2241,24.0421,38.1951,3.44358,25.5829,14.19,4.62498,11.7952,5.71751,16,0.642626,1.35974,2.49728,121.85,9.2088,6.07025,19.1243,3.9268,9.98513,4.70683,1.68481,5.07106,3.24739,7,0.443987,0.960479,1.45469
gr00t_wbc_h074_p000,3686,fell,61.24,13,12.8519,4.30086,3.48721,3.73193,269.636,27.7631,12.8446,16.8507,1.5876,24.8051,12.8011,3.93278,5.58087,1.25657,15,0.458783,1.01305,2.03133,262.862,21.9253,12.6729,20.8325,1.35938,20.8584,10.1442,3.51692,4.39748,0.845219,12,0.644942,1.37423,2.25608,229.956,25.6257,16.3602,36.9189,1.29187,20.0448,11.2301,3.43489,6.06578,1.5598,13,0.560493,1.14536,2.11216,517.391,70.568,20.3326,25.0863,1.08112,36.8334,19.9947,5.09342,8.59273,1.28749,14,0.623269,1.50194,3.88868,168.94,19.9643,9.02103,22.7427,1.24041,14.4216,8.50006,2.48302,6.33222,1.09495,8,0.617155,1.37021,2.54923,277.904,37.2679,21.2516,56.3757,1.69707,23.7683,15.412,4.12012,10.6701,1.94838,19,0.415975,0.935529,1.42347,361.586,51.0382,32.7485,73.4758,2.92686,30.6874,19.0018,5.57474,15.8739,3.14887,18,0.547082,1.29996,2.88683,393.709,45.3129,14.8659,25.5988,1.72428,30.0123,18.7681,4.56386,6.72112,1.57934,17,0.575491,1.27808,2.83568,258.186,29.5056,11.631,19.4537,1.66836,20.2639,12.4866,3.357,5.87308,1.35074,13,0.517251,1.13107,2.24215,269.822,28.1715,12.9744,13.1622,1.28671,21.9661,11.6998,3.39668,6.91154,1.49581,17,0.447679,0.929024,1.60968,328.418,62.866,17.4394,96.0943,6.13008,23.9213,13.5657,3.84111,15.8323,6.52375,9,0.570591,1.72647,4.2772,297.021,34.5359,13.1489,10.3568,1.30772,22.9506,14.012,3.63852,6.44391,1.6149,13,0.620873,1.27432,2.89152,3394.15,385.284,127.875,91.6338,16.4996,110.201,59.1498,17.4916,35.7826,10.2824,4,0.240023,1.96538,33.9078,,,,,,,,,,,,,,,,,,,,,,,,,,,,,,,,,,,,,,,,,,,,,,,,,,,,,,,,,,,,,,,,,,,,,,
gr00t_wbc_h074_p000,3687,fell,35.64,8,14.4182,4.56376,0.955296,2.0773,252.181,25.6659,11.628,13.3272,1.41016,21.5116,11.7828,3.38899,5.5969,1.33733,16,0.391452,0.873082,1.66921,266.495,24.0346,12.7554,9.44855,1.1997,18.8307,9.40676,2.9634,4.21689,1.75033,9,0.538511,1.55425,4.17677,70.8915,7.0625,5.99319,18.7452,1.06467,6.57967,4.41595,1.36841,2.60087,1.22662,5,0.541105,1.09444,1.66113,285.185,27.4847,16.3832,21.3932,1.46062,22.6487,10.366,4.07417,5.13966,1.38973,17,0.554386,1.08598,2.13671,189.579,17.3245,14.0284,28.7667,1.18519,15.0585,7.00219,2.99358,5.0668,1.58479,12,0.442308,1.03542,1.58813,183.113,20.1059,14.0203,24.4439,1.06373,14.5723,9.16847,2.29989,3.29862,1.01846,11,0.542997,1.21205,1.70186,338.464,42.3273,28.1388,82.3211,2.55169,25.7774,14.4578,4.04535,9.17747,4.84688,12,0.599569,1.25064,2.47907,1705.95,46.1637,29.5023,11.7797,3.70977,41.8805,14.6541,4.76832,9.12377,6.4026,1,0.779961,1.18526,2.61549,,,,,,,,,,,,,,,,,,,,,,,,,,,,,,,,,,,,,,,,,,,,,,,,,,,,,,,,,,,,,,,,,,,,,,,,,,,,,,,,,,,,,,,,,,,,,,,,,,,,,,,,,,,,,,,,,,,,,,,,,,,,,,,,,,,,,,,,,,,,
gr00t_wbc_h074_p000,3688,complete,90,18,8.03299,2.3834,0.0245561,0.035798,190.745,18.9719,9.60895,14.4166,1.70441,18.6571,11.0173,3.00891,4.75902,1.33625,13,0.441989,0.947867,1.63105,137.784,15.9039,6.13021,25.228,2.21883,10.0707,4.94851,1.96222,7.2955,4.45745,8,0.433939,1.05675,1.39779,245.299,20.3667,13.1683,17.6787,1.9854,21.3995,11.8645,3.78369,6.17429,2.71419,17,0.443975,0.977937,1.58483,78.994,8.84626,4.36489,13.5825,1.44854,6.24434,3.42498,1.07375,2.34767,0.893186,6,0.496007,0.990712,1.59807,292.026,32.1262,12.4262,18.5565,1.96112,21.8513,12.1553,3.57072,7.00928,1.36595,13,0.450665,1.35131,2.44319,242.456,26.4124,13.4414,79.2801,3.87277,19.6841,12.7775,3.0794,12.8209,4.39555,12,0.42059,1.17111,2.50485,324.069,28.5931,11.0126,9.07608,1.40836,24.7243,12.1833,4.06405,6.8872,1.50852,16,0.549874,1.18826,2.68531,297.78,27.2608,13.1886,16.6488,1.42866,22.9527,12.9439,3.61602,6.94177,1.462,14,0.571606,1.25949,2.50871,119.16,13.9284,6.35319,13.4908,1.57687,10.5716,6.78913,1.82419,3.16971,0.809164,9,0.405011,0.966841,1.50356,280.314,37.8936,16.2762,61.3633,3.74308,24.1233,14.1005,3.95776,14.1577,4.35639,10,0.495922,1.50358,3.56366,419.184,62.3537,29.3993,19.422,1.66881,33.1758,19.0573,5.72332,10.4135,1.56574,25,0.524564,0.977853,1.71161,1771.81,254.745,87.8771,29.2429,1.46354,80.8274,42.8201,11.3536,17.9594,2.95877,13,0.480892,1.57535,14.2959,329.84,40.0173,28.9898,9.24591,2.12063,24.2441,13.5825,3.41128,6.52001,1.933,11,0.605087,1.35751,3.50699,211.529,43.2961,16.4991,9.53714,1.69855,16.9915,9.11944,2.92724,5.23183,1.03859,10,0.54297,1.05,1.42154,296.654,47.9229,22.5468,9.40912,1.15203,24.1541,13.976,4.35955,6.95605,1.60565,17,0.507756,1.19566,1.6855,210.528,33.6843,14.2969,7.0968,1.04602,17.3489,10.0746,2.77849,4.01793,1.19206,12,0.448038,1.13004,1.08261,388.404,56.0534,28.061,8.67664,1.49685,31.2341,15.3134,4.82969,8.32869,1.55849,20,0.511766,1.22406,1.90172,126.492,23.4697,12.4616,6.72354,0.826172,11.941,7.08266,1.91529,3.89885,0.810129,11,0.337587,0.868747,0.694297
gr00t_wbc_h074_p000,3689,complete,90,18,8.18318,2.04349,0.0461597,0.0585937,102.622,11.927,6.5449,14.8909,1.53755,12.3217,6.67486,2.15826,3.39401,0.869777,7,0.445719,0.984406,1.53419,254.049,42.5481,13.1314,21.8567,1.07224,19.7525,11.7443,3.00464,5.88421,1.16828,13,0.567563,1.02685,2.08684,390.617,37.4937,16.8644,21.6791,1.26434,28.1252,14.071,4.76219,8.38965,1.89829,19,0.512434,1.2575,2.69034,277.618,27.6573,18.1375,27.1243,2.02376,24.4853,13.3244,4.20408,7.43479,2.26742,16,0.47267,1.1298,1.80413,280.507,29.6313,13.0535,20.4085,0.678651,22.6704,14.9217,3.64089,6.63044,1.06593,15,0.514504,1.11683,1.81955,358.832,31.0881,17.5191,23.5054,1.7724,25.5003,12.6204,3.88168,7.8701,1.48503,12,0.510148,1.25223,3.59077,458.844,47.3133,23.866,27.8442,1.49212,35.5707,18.8348,5.70189,8.51002,1.59947,17,0.512308,1.52723,3.8216,176.955,21.407,15.8691,48.2023,2.08424,13.0514,8.16077,2.17256,7.32894,1.74711,8,0.547041,1.26718,2.24829,195.841,38.6714,13.8546,27.712,1.06282,17.7297,11.3462,2.98119,6.77512,1.27155,10,0.506829,1.38477,2.28899,608.141,65.2517,25.2726,32.9533,1.06611,43.2127,25.4287,6.23554,10.7311,2.22435,26,0.417342,1.15424,3.16921,389.659,39.8292,18.7122,23.7711,1.85855,29.992,16.4824,4.90098,6.23919,1.24182,15,0.507712,1.49646,3.18182,113.351,14.7374,12.7293,20.3681,0.804597,10.8592,5.8267,2.13379,3.94563,0.725002,8,0.414526,0.936607,1.33286,179.28,27.7381,36.7217,35.7945,0.908516,13.9653,7.82339,2.92852,5.65607,1.11373,9,0.495299,1.11942,1.55437,253.279,66.938,29.513,69.6259,11.1421,23.7751,14.1497,4.69324,14.6507,4.87374,10,0.682249,1.43358,2.9106,215.015,38.1008,13.1591,17.7089,2.19139,18.5288,10.7311,3.17502,7.15529,4.77736,13,0.544064,1.04361,2.19465,168.479,19.2869,12.3608,15.5201,1.92742,14.8388,8.83992,2.45545,5.92378,3.87347,9,0.61605,1.32061,3.10266,355.526,39.8015,36.3726,23.8084,3.21559,27.6873,15.5496,4.69902,11.1664,5.72528,16,0.479911,1.30914,2.40845,385.408,40.9453,32.8492,87.9131,5.55857,33.5789,16.3179,6.19762,17.2413,6.30589,17,0.536438,1.13792,2.60548
gr00t_wbc_h074_p000,3690,complete,90,18,9.74333,2.39088,0.00506301,0.00601691,212.592,28.9649,10.0306,15.9019,1.42146,19.3658,11.3059,2.611,5.02377,1.00679,8,0.551388,1.26411,2.69459,255.264,25.5689,9.10432,16.5915,1.12357,18.7805,10.247,3.08004,5.94139,1.20643,11,0.552862,1.41431,3.30269,268.837,27.932,11.9967,16.3453,1.924,20.4136,15.1597,3.30986,6.58468,1.42435,15,0.46619,1.07184,2.12129,242.499,25.9857,11.4884,18.8578,1.36512,21.0313,12.5485,3.48471,6.14895,1.17732,11,0.578107,1.36955,3.24537,252.184,22.3726,17.9945,38.9611,1.21475,21.7068,13.3074,3.7941,8.6067,1.55809,16,0.481265,1.08315,1.85897,147.154,15.5979,8.411,17.9248,1.95926,12.7474,7.12968,1.97168,4.11118,1.79813,8,0.489256,1.15911,1.94662,328.351,32.0102,18.5292,23.822,1.46334,27.9673,17.6433,4.46322,7.52544,1.75858,16,0.544871,1.27302,2.4685,143.893,11.7698,7.99082,18.6444,1.27896,12.8789,6.89211,2.45364,4.58977,0.989882,8,0.495614,1.17086,1.86704,471.582,79.9134,29.3489,58.606,1.09248,35.8544,21.3972,5.84173,13.3449,2.11537,17,0.725688,1.31057,2.979,235.308,28.3643,13.0671,19.6478,1.37737,19.2477,11.0439,3.5112,5.84614,1.21373,11,0.466451,1.3818,2.4467,417.968,37.1527,25.7833,128.198,80.6427,30.3818,15.8436,5.11256,17.1732,6.52351,14,0.58189,1.36064,3.39008,194.941,17.6894,10.6086,18.1534,0.961815,16.0191,9.69409,2.82468,5.1106,0.942357,11,0.493567,1.06516,1.84804,276.181,29.1729,22.251,91.1217,3.38766,21.0864,11.2623,3.93342,11.2821,2.85412,13,0.365419,1.16612,2.38007,237.75,35.1045,23.2242,38.5543,1.05228,18.7865,11.5918,3.36893,9.93134,1.71498,12,0.507785,1.10933,1.94327,92.241,15.5533,9.6427,22.3392,1.28253,9.10363,6.06344,1.75135,3.76788,1.037,6,0.45541,0.99184,1.75038,1729.05,96.2218,78.3691,49.4728,2.33694,79.7908,35.0255,11.228,15.563,6.17485,20,0.578608,1.78852,10.2648,708.757,87.7172,37.6156,67.3121,1.65099,43.589,24.8414,6.62403,15.2854,5.47173,16,0.63484,1.62892,5.6837,862.215,62.0495,49.3201,21.6178,6.03469,42.969,23.0871,6.90948,11.4105,8.21976,22,0.557638,1.09271,3.4253
gr00t_wbc_h074_p000,3691,complete,90,18,9.14909,2.71064,0.061282,0.0597465,102.067,22.7372,4.47643,13.4278,1.43093,10.7353,7.15406,2.02314,5.66487,1.92591,8,0.313376,0.741543,1.53104,204.094,22.7115,8.91684,23.0814,1.66376,15.6117,8.76468,2.41105,4.39803,1.03183,10,0.534858,1.11007,1.88916,247.937,24.7445,13.2366,19.5935,1.19081,20.062,10.8923,3.34908,5.97413,1.66906,11,0.620482,1.3565,2.79023,127.708,14.7062,9.55146,15.5295,1.39763,11.0109,6.63074,2.14251,4.36972,1.40501,7,0.519538,1.28903,2.15308,227.302,24.5558,14.6056,22.5138,1.23535,18.174,10.2929,3.02536,4.55899,1.11314,11,0.548723,1.3895,2.41447,253.938,36.5144,19.064,23.511,1.08796,21.1114,12.6751,3.72713,5.79996,1.58137,13,0.560633,1.26007,1.99547,255.097,26.431,21.973,22.9691,1.29155,24.7481,14.7314,4.07029,5.21147,1.64593,20,0.445299,0.992482,1.26857,191.909,20.6673,16.6091,66.9722,42.8908,17.0719,8.41004,3.35365,9.90663,11.2744,8,0.50206,1.38156,2.73056,238.239,19.1604,17.5214,18.3188,1.65541,19.5158,9.06116,3.92068,7.72482,4.25523,13,0.54604,1.28949,2.56411,316.745,29.4343,22.9428,32.1206,2.11486,22.9957,12.7281,4.70517,14.0484,5.21211,11,0.609833,1.58953,3.90437,448.161,45.5279,24.898,30.1521,4.27694,33.2081,16.4819,5.80812,15.1984,7.63853,22,0.526345,1.24995,3.00832,481.023,44.2535,30.8219,30.6775,0.826813,37.1186,20.5769,5.96981,6.68405,1.55068,19,0.608308,1.38614,3.49935,497.108,51.8524,27.5009,66.1116,1.75642,37.7697,20.4633,5.98117,14.1589,4.67798,21,0.576902,1.36683,3.2395,224.514,32.1378,16.1257,24.2295,3.48288,16.3705,9.20053,3.28166,9.66527,6.17482,10,0.603793,1.32269,2.25644,413.833,51.6559,31.6366,22.1615,12.5376,32.2845,18.534,5.45682,14.994,8.27804,11,0.628184,1.59552,4.09601,299.897,33.869,18.9214,34.0003,4.03902,23.8486,13.1773,4.18712,9.96953,6.27346,17,0.50776,1.0718,1.98328,284.263,36.8031,16.9298,40.6876,1.76661,23.0342,13.6762,3.87233,8.80833,3.54288,14,0.564272,1.24412,2.2182,547.288,119.781,30.2155,34.1098,1.6244,41.4171,30.1242,6.47834,9.98598,4.12976,19,0.579761,1.31753,3.31377
gr00t_wbc_h074_p000,3692,complete,90,18,18.2205,2.62459,0.080741,0.100595,201.293,21.4069,9.67404,14.893,1.74721,18.5334,10.4208,2.94834,4.72715,1.24831,13,0.401976,0.816952,1.57455,287.395,30.3988,11.1667,19.729,1.56064,21.9685,11.6515,3.53643,5.85727,1.4219,15,0.514798,1.08222,2.32302,189.547,17.6409,8.77788,10.9524,1.61812,15.5605,10.1987,2.3558,4.69066,2.52855,12,0.44647,0.984779,1.56993,141.582,13.5547,7.39145,15.8138,1.15163,12.488,7.37298,2.12854,3.63928,1.02963,9,0.486964,1.01651,1.75867,114.899,12.1325,8.22716,21.5849,0.949613,9.83264,5.86445,1.89195,4.45528,0.957453,6,0.490622,1.22936,1.86308,215.477,23.6496,10.3776,20.5717,1.55905,19.9834,12.6206,3.37356,5.72908,0.892523,11,0.448849,1.14478,1.90636,182.707,17.9009,25.8609,126.144,6.35736,16.3177,9.1698,3.40864,16.1621,6.92056,9,0.532908,1.321,2.00428,223.87,17.8623,13.6262,14.3657,0.809633,20.3107,10.1179,3.5787,6.46336,1.52828,16,0.400517,0.957615,1.17565,657.082,66.9352,21.5906,58.575,4.39873,42.2566,21.0114,6.39348,15.6858,4.96093,20,0.517358,1.59944,4.96203,162.666,19.1073,15.5106,130.498,2.73387,12.3822,5.42852,2.62619,16.2674,3.64424,7,0.479871,1.0683,1.78032,283.598,42.6524,11.5208,22.4741,1.15695,23.888,14.3104,3.90303,9.63819,2.60399,10,0.604862,1.32763,2.41235,432.881,94.0193,30.7355,20.623,0.8724,31.1271,22.9545,5.78104,8.65802,2.51626,19,0.542071,1.23148,2.31922,469.229,58.3354,26.3276,16.7634,0.807114,32.6133,18.1876,5.27257,8.53389,1.84232,15,0.557745,1.50775,4.45394,291.767,25.8643,76.0359,126.136,4.14023,21.6846,9.22138,5.33988,22.99,6.1817,11,0.528683,1.45004,3.14263,984.58,324.506,53.4435,27.1853,1.3028,66.5319,57.4718,9.81492,15.303,3.18675,23,0.748853,1.22414,5.59358,282.419,30.139,18.0301,18.3989,1.44442,22.0932,10.9669,4.33688,6.6592,1.78497,11,0.563481,1.54385,2.47437,260.676,24.0255,18.7841,21.7783,1.24017,23.1921,13.5974,4.4368,4.01517,1.28299,16,0.419305,1.13635,2.25817,253.087,35.4015,26.4071,13.7919,1.08935,21.8511,12.4361,4.10745,3.86506,1.75617,17,0.458104,1.09608,1.49124
gr00t_wbc_h074_p000,3693,complete,90,18,7.58683,2.96467,0.0423082,0.0535588,222.442,20.0123,13.0508,16.6604,1.1562,20.0759,11.9505,3.34804,4.85561,1.07324,12,0.456232,1.02011,2.11442,215.076,19.5744,12.5108,18.7704,0.809607,18.3567,9.85168,2.94442,3.95308,0.984273,16,0.418443,0.93855,1.11254,370.215,85.0466,26.4155,72.0421,1.95477,28.8503,19.6316,4.14814,10.4143,2.28587,13,0.743278,1.36687,3.45517,362.739,31.5761,16.8362,20.0403,6.90852,30.6946,15.1309,5.56017,9.91407,7.42551,18,0.52751,1.35989,2.61221,278.271,26.0565,21.403,74.5439,1.82378,21.9036,13.2056,4.11122,11.5713,3.62256,13,0.523628,1.31744,2.68928,269.721,30.8895,19.3746,11.9023,2.2018,23.2783,12.8863,3.9012,4.62153,2.68004,16,0.478705,1.14746,1.95876,203.99,33.0307,15.9364,10.3212,1.08587,16.8376,11.4322,3.13932,5.03712,2.70583,9,0.455109,1.35948,2.80311,280.118,29.2852,14.8222,18.345,1.91522,22.6813,12.571,3.67716,4.48282,1.29093,14,0.496155,1.13206,2.12559,181.881,29.0206,10.4131,16.8388,2.85454,14.325,8.81543,2.722,4.99958,3.09689,10,0.526339,1.29985,2.05609,240.528,49.2126,27.5616,24.6581,1.45721,20.7547,12.1847,3.51238,4.85,2.89347,13,0.627071,1.13523,2.07657,333.483,40.6093,35.2214,29.5346,1.50821,27.0944,14.606,4.84863,8.99836,3.38997,16,0.502555,1.22308,1.89394,273.783,74.6093,22.6047,24.274,1.03542,20.5054,14.7675,3.61455,5.65527,1.75071,9,0.679432,1.48974,2.80087,375.846,38.7602,20.3934,25.2595,0.850384,25.7638,13.4964,4.21922,6.33613,1.90483,16,0.569172,1.48503,3.61468,1411.82,184.317,74.693,37.829,2.12524,63.0798,31.9697,9.98088,14.4246,6.46485,13,0.501097,1.40314,10.3827,365.762,37.8428,16.7678,23.4985,1.45134,24.6391,14.5026,3.86577,5.9005,2.58522,11,0.642884,1.46608,2.7836,604.658,46.9932,77.5285,294.867,5.40437,36.104,21.4707,6.88083,24.9537,4.70141,15,0.507172,1.41976,3.71482,461.483,68.7281,25.6744,33.5374,0.595932,33.0553,24.9087,4.94044,7.33404,1.27902,18,0.554853,1.29797,2.97646,435.838,37.3734,55.0389,31.3436,1.44832,30.1882,15.8534,5.29781,10.049,2.38831,13,0.487979,1.38807,4.19681
gr00t_wbc_h074_p000,3694,complete,90,18,7.5723,2.49481,0.00738169,0.0111593,322.061,28.1643,14.1596,15.2512,1.5171,29.3921,15.5924,4.7924,10.7296,2.95235,19,0.472678,1.00766,1.64705,269.912,19.9158,12.7737,12.352,1.44926,22.488,11.4003,3.92286,6.09123,1.47657,17,0.457289,1.06008,1.74911,304.995,26.7209,12.8963,10.4642,0.958447,24.891,14.3476,3.86127,7.55669,1.5396,15,0.539065,1.2144,2.00783,234.662,22.3317,10.4647,16.5924,1.22696,18.8274,12.2912,3.27183,6.10567,1.57816,13,0.507431,1.06417,2.16828,280.659,28.881,12.9212,44.2326,2.08025,23.8914,14.4878,3.48597,10.081,3.39398,14,0.551187,1.1838,2.61026,196.526,20.4543,7.68829,28.2017,1.05392,15.9774,8.20813,2.72677,6.74906,1.88343,12,0.480859,1.13948,2.29848,252.724,24.5874,9.05416,13.9322,1.05105,20.3878,11.0369,2.85784,3.60392,1.35608,15,0.444669,0.934831,1.54321,278.185,28.9891,15.2599,38.3503,98.3599,25.5054,14.113,4.63152,12.5579,6.85586,12,0.550311,1.34571,3.27363,255.904,24.1497,8.85336,12.4812,0.961113,20.5344,11.4749,2.98014,4.07509,1.52699,13,0.585849,1.28948,2.57301,598.562,44.604,47.375,10.1828,1.46587,38.9854,18.4281,5.75407,7.22119,2.93375,17,0.43264,1.19418,4.45048,426.947,41.522,26.9279,117.281,145.898,31.7984,14.9323,4.49979,19.2238,11.0792,15,0.606785,1.41842,3.47104,500.515,49.6216,23.9036,49.7772,14.6261,38.665,19.2733,5.80292,14.5824,12.6715,17,0.548102,1.28464,3.80766,392.481,45.6336,15.4362,7.74081,1.84183,31.7387,18.2744,4.44168,4.57692,2.16221,15,0.63313,1.44579,3.32429,362.485,36.6303,14.4558,11.9287,1.40805,26.2433,14.0862,3.80147,5.19567,1.96923,13,0.556027,1.34682,3.36815,305.561,26.9746,17.9944,11.5243,0.934021,24.8002,14.4028,3.82666,5.47785,1.93428,19,0.506157,0.949012,1.69172,459.362,48.0927,19.3451,39.1573,0.988495,32.9332,18.1738,5.02102,11.8998,1.71225,14,0.494558,1.27518,3.3068,262.214,26.0511,10.0557,14.6671,1.25464,21.5612,10.3464,3.75769,6.84139,1.07598,13,0.484371,1.22775,2.58192,552.466,66.4984,33.0324,156.521,27.0471,40.1917,19.5987,5.68122,19.2648,7.67129,11,0.426012,1.49243,5.77261
gr00t_wbc_h074_p000,3695,fell,45.68,10,14.2927,17.2379,1.79661,2.28892,215.769,23.2587,9.25846,15.1396,1.21271,18.9497,9.92574,3.00155,5.2044,1.97971,12,0.473824,0.967675,1.61827,172.383,14.3124,9.67316,14.8852,4.20798,15.2971,7.55372,2.78573,5.78829,4.22934,10,0.559997,1.13616,1.79523,308.614,36.2159,17.5266,12.9714,1.55353,24.8586,14.2429,4.10339,7.72092,3.66434,17,0.581503,1.05008,1.94486,254.862,33.2377,13.9124,19.1287,1.05217,21.8396,11.8825,3.84613,5.53135,1.56986,15,0.570539,1.22183,2.14191,188.846,20.0377,16.0227,51.7588,1.95047,14.6386,9.19427,2.9999,6.57332,2.89016,11,0.453021,1.11365,1.76053,303.594,29.9444,31.2824,67.8753,2.3671,27.9231,15.385,5.09177,9.50554,3.3835,19,0.456376,1.16641,2.02617,239.568,18.3441,19.393,34.0121,3.65203,19.8553,10.0732,3.75287,5.46703,3.09129,13,0.625317,1.29417,2.09168,494.543,85.3414,31.2688,25.0224,2.18848,35.2306,18.0599,6.02029,9.86332,4.71065,17,0.556845,1.4846,3.6772,257.619,60.2426,26.1319,11.2857,1.43745,19.2846,11.2716,3.72229,5.71817,2.83492,11,0.603266,1.32313,1.78924,726.543,54.2776,55.697,159.568,42.3415,33.0493,16.2368,8.40622,22.3251,8.11333,3,0.622704,0.774752,2.69484,,,,,,,,,,,,,,,,,,,,,,,,,,,,,,,,,,,,,,,,,,,,,,,,,,,,,,,,,,,,,,,,,,,,,,,,,,,,,,,,,,,,,,,,,,,,,,,,,,,,,,,,,,,,,,,,
gr00t_wbc_h074_p000,3696,complete,90,18,15.683,2.88896,0.0327509,0.0356713,230.455,21.2446,9.53841,13.4147,2.43523,20.7866,10.557,3.50693,6.84732,4.12491,13,0.538521,1.02301,1.86299,194.855,24.249,7.87276,13.8242,1.37312,14.6362,8.62945,2.25688,4.95345,2.18835,8,0.6415,1.27555,2.18884,247.57,22.6513,12.6715,21.5363,2.15021,21.3164,10.5049,3.24249,4.71702,1.34982,12,0.369145,1.01264,2.31338,179.326,21.7864,10.088,20.5215,1.44439,13.4443,6.92315,2.15781,4.79745,1.16115,9,0.48305,1.05687,1.35392,184.892,16.9154,10.2119,16.7175,1.30907,15.8315,8.11748,2.60705,4.58696,1.10599,11,0.443556,1.06998,1.38055,225.353,18.9732,12.1203,19.3605,1.42259,19.618,10.8889,3.27458,5.49511,1.15654,14,0.487684,1.07034,1.4209,308.068,53.5902,19.6501,19.6229,1.53251,28.71,18.1418,4.7665,8.04222,1.54607,16,0.483076,1.27247,2.11568,230.646,27.9338,20.8173,36.5928,2.17659,19.4452,12.1055,3.33658,9.00654,3.70209,15,0.43342,1.03827,1.27943,117.532,15.4345,12.9118,50.0407,7.24835,10.0083,5.53349,2.30184,14.2952,8.38546,7,0.468524,1.04122,1.4465,138.243,21.974,7.88424,21.1766,3.28995,12.9286,7.51908,2.29164,5.99268,3.67191,6,0.634539,1.51057,2.8556,322.843,32.6303,10.0846,11.9302,1.69654,21.5907,11.3215,3.12306,6.08465,4.21348,9,0.441672,1.3783,4.18307,125.803,16.5581,6.09016,6.71112,1.09812,10.2006,4.83007,1.77991,2.47441,1.77306,7,0.442568,1.01532,1.25487,251.301,28.6876,10.7297,10.2126,1.0306,19.6206,11.1804,2.74358,2.91206,1.5858,15,0.611374,0.934864,1.66918,436.932,79.3419,23.0627,13.2759,1.13958,34.2977,20.5788,5.1199,6.58666,2.12448,15,0.721425,1.31875,3.22013,293.577,40.274,13.8576,20.7617,0.655773,24.0667,11.869,4.36283,8.51662,1.97546,12,0.596201,1.42074,2.72772,485.464,45.2919,27.744,17.4619,1.73877,36.6241,20.0877,6.17586,8.43994,3.22768,25,0.505493,1.11765,2.8402,830.789,90.1253,34.2186,17.5348,3.42961,56.8842,29.5945,9.02914,12.9841,6.14087,23,0.447107,1.81941,6.73682,346.912,40.6838,12.9462,19.4103,2.61895,23.4567,11.5492,3.97462,8.46902,5.70943,14,0.615666,1.26874,2.54952
gr00t_wbc_h074_p000,3697,complete,90,18,7.77813,2.29217,0.0207664,0.0340059,220.007,27.6093,9.5611,23.8808,1.66217,20.6992,12.4679,3.20777,8.31167,3.36641,13,0.405611,0.931732,2.00659,283.393,29.8546,14.6193,16.3243,1.49556,23.6253,13.9019,3.83127,7.8374,1.26738,17,0.455633,1.03242,1.59835,288.396,22.5347,12.759,14.8596,1.39439,23.6859,12.4393,3.98041,6.57549,1.51196,17,0.527526,1.15346,1.92064,169.238,11.9358,10.2597,17.1828,1.05316,16.1772,7.41713,2.65421,5.05614,1.09511,10,0.45451,1.07569,1.36459,234.207,19.9147,11.609,36.1302,2.41057,19.5047,9.1853,3.73284,9.53169,3.03969,13,0.424146,1.26143,2.36661,241.21,36.9554,15.4832,26.9537,0.967086,21.0428,12.7261,3.58796,8.59179,1.2705,16,0.500968,0.96002,1.5278,259.594,29.6836,17.8118,39.1581,1.70101,21.5171,11.4558,3.03595,7.68662,1.30298,13,0.487899,1.15982,1.90181,437.215,55.1964,22.6286,23.9758,1.12566,27.8095,16.8892,4.33532,8.09124,1.42408,13,0.601355,1.39979,3.4863,234.005,22.0974,16.171,23.7731,3.25613,18.3989,8.59099,3.68383,7.4155,2.63448,10,0.399629,1.362,3.40595,353.932,33.5506,15.9374,12.4324,2.24547,23.112,10.4496,3.4929,6.22095,3.96529,10,0.578487,1.85261,5.3018,243.988,30.3779,10.1857,10.5246,1.71257,21.5605,11.1129,3.36731,4.11008,2.48995,11,0.570949,1.42276,2.88563,273.68,21.7577,10.9649,8.57057,2.37176,21.9139,10.9443,3.35598,4.65649,2.75704,14,0.514782,1.04886,1.63033,212.461,21.3008,16.3279,12.6632,1.94667,18.7981,8.87564,3.13204,5.56662,2.39039,11,0.673372,1.18644,2.57053,233.334,36.8906,14.6371,19.2849,3.30735,18.2265,11.6213,2.80147,6.36048,2.85307,10,0.595975,1.29382,2.71718,217.009,27.476,8.84981,14.5217,1.71116,16.5191,8.25708,2.66955,5.05196,1.68278,10,0.533649,1.16087,2.28723,189.651,17.3456,31.4185,193.643,17.4897,15.5281,7.24397,3.09952,23.3527,10.1648,8,0.537462,1.04277,1.63644,437.812,31.9395,60.6366,282.702,130.678,30.7393,15.5097,8.22009,35.5108,17.1696,17,0.460265,0.954551,1.90456,338.233,39.939,15.1486,10.5229,1.05598,31.4285,18.6967,4.65382,8.17988,2.47251,21,0.452507,0.953231,1.82808
gr00t_wbc_h074_p000,3698,fell,76.16,16,11.6753,6.82788,1.77218,0.973791,327.318,35.5493,15.0226,17.6302,1.52522,26.8137,16.3893,4.37156,7.34355,1.6522,16,0.507926,1.07678,2.03257,246.866,29.1314,10.5792,35.3571,1.63159,19.1879,13.7703,3.19214,8.63146,2.3348,15,0.493499,0.965976,2.10836,186.888,23.1394,8.84381,9.69442,0.966404,15.4066,10.2174,2.40461,3.49173,1.20901,12,0.54844,0.958173,2.05464,240.748,21.4711,11.1922,15.3161,1.47724,19.9809,11.3529,3.62274,4.72988,2.15404,14,0.491277,1.09364,2.25749,136.774,14.3723,5.88321,14.9133,1.48777,10.8491,6.80368,1.82644,2.98621,1.20996,9,0.42143,0.931409,1.56412,307.089,30.3019,10.9714,16.4447,1.19525,24.0518,14.2409,3.77703,5.97819,2.48896,16,0.620229,1.2941,2.69984,183.535,21.28,11.1369,13.65,1.45804,16.0816,7.81362,3.04508,5.7203,2.74764,9,0.661307,1.43078,3.28888,365.337,34.0889,17.3641,15.5347,1.55863,28.7025,15.8345,4.70553,6.86627,2.82949,19,0.517771,1.12458,2.3606,253.136,24.8123,10.8781,19.4071,0.936736,20.1416,11.9768,3.0932,4.57833,1.11623,11,0.428479,1.26198,2.95861,385.511,61.7618,19.748,25.2906,1.51256,29.8593,19.5351,4.8689,5.70318,1.23895,17,0.743571,1.22704,2.77863,403.103,36.4866,17.1729,22.1003,1.12185,29.6595,17.1174,4.71046,8.03091,3.27757,15,0.543839,1.48153,4.0531,284.09,39.0743,19.4303,30.0186,1.3533,23.4022,12.6744,4.581,7.24609,2.52242,13,0.59122,1.4263,2.97803,288.03,27.6044,13.2095,20.351,1.53944,20.3998,14.1443,3.30478,6.16102,2.41848,12,0.421769,1.17022,2.05375,209.247,21.7257,35.1407,111.977,12.8475,19.0405,10.783,3.55055,9.43929,3.84016,10,0.460487,1.17451,2.22808,108.868,10.4624,8.40033,21.4742,1.27628,10.1241,6.14539,1.67373,2.58341,0.925854,6,0.607314,1.3198,2.62329,4691.09,358.605,166.926,102.576,13.0933,125.665,48.4942,20.2933,39.4921,15.0969,2,0.160988,0.319474,0.363754,,,,,,,,,,,,,,,,,,,,,,,,,,,,
gr00t_wbc_h074_p000,3699,complete,90,18,7.20109,1.73887,0.00476042,0.00513733,172.831,23.3163,7.2964,16.193,1.90482,16.4819,9.41256,2.42155,4.45142,1.19758,10,0.484853,0.979354,1.84183,246.336,24.8354,15.2334,17.4008,0.91335,18.6122,11.1206,3.5004,6.92001,1.43433,12,0.506916,1.24343,2.76712,124.415,16.2082,5.57238,11.5773,0.970932,10.6096,6.83259,1.56252,3.67332,1.06449,6,0.479492,1.09791,1.91889,297.111,26.6814,13.8985,12.6247,1.9362,23.6906,13.6894,3.80539,6.77787,3.35927,15,0.569583,1.12001,2.19182,194.848,25.113,17.9955,58.1543,3.42155,16.8822,10.0492,2.94074,10.3943,2.76038,12,0.372707,1.0421,1.84503,454.125,42.365,19.2984,21.7789,1.42421,33.4125,16.0545,5.23678,9.77565,1.33348,16,0.634365,1.37735,3.94949,510.13,63.9315,31.3659,136.369,30.7462,30.6739,19.51,4.50128,18.622,5.8573,10,0.474579,1.58873,5.91049,290.667,28.5058,12.9649,14.6233,1.1264,25.1126,13.3992,4.01221,7.37923,1.49787,15,0.556689,1.20998,2.32958,298.225,41.6154,24.7426,62.4956,2.04543,25.9059,15.3932,3.98057,8.67212,1.87331,16,0.61667,1.02242,2.00157,164.992,14.3148,8.96036,14.4986,1.47234,16.2605,9.00782,2.66402,3.82321,0.941828,9,0.551607,1.37729,2.28074,352.457,28.9583,32.2563,44.2009,14.8509,28.2548,14.3542,5.26428,10.5745,6.17526,20,0.42717,1.06341,1.74711,334.904,32.6505,24.7432,48.7287,20.3263,27.1685,11.4691,6.31007,17.7859,14.2006,15,0.554339,1.42173,3.30664,290.738,27.4535,13.8064,29.3741,4.44805,22.8205,11.1032,3.8454,7.93843,4.3105,13,0.624289,1.35289,2.33508,195.862,34.1211,10.5072,14.2772,2.03601,16.0141,11.1756,2.70497,6.72716,3.71223,9,0.561434,1.11569,2.76344,248.021,34.9425,21.2356,84.9795,17.318,19.712,11.6539,4.02008,16.1697,10.7276,11,0.624985,1.48233,3.42478,288.895,36.1656,16.2689,23.0172,2.69756,22.8936,12.3112,3.85195,6.84391,3.83532,10,0.62026,1.72885,4.20784,348.283,32.1786,17.4141,31.8242,4.70864,26.5847,12.9182,4.64246,12.7678,7.37976,18,0.602715,1.13766,2.29323,134.616,10.7687,7.74921,18.9154,1.21223,11.0709,6.04222,2.06677,6.04031,3.36595,8,0.498868,1.36314,2.14691
gr00t_wbc_h074_p000,3700,complete,90,18,8.64848,2.66419,0.107064,0.106115,263.21,25.3318,12.6355,18.0769,1.23306,23.5563,12.7602,3.96044,5.60157,1.22173,14,0.497844,1.17359,1.96665,211.035,15.0366,16.2568,79.6074,1.60759,18.7008,9.73274,3.46171,10.5632,1.71565,14,0.475312,1.01544,1.74997,216.216,24.807,9.80925,18.2749,0.944956,18.7811,10.2304,3.05518,5.11054,1.04426,12,0.479386,1.33638,2.14906,131.038,17.901,7.44969,20.2295,0.975235,11.6515,8.30424,1.97534,3.90484,0.850877,8,0.511,1.14821,1.88689,221.104,18.8672,16.2878,30.5153,1.14359,16.9835,8.21731,3.19549,6.56961,1.26855,10,0.507088,1.20616,2.81268,641.377,41.2311,25.0834,32.7725,0.882045,43.4467,20.7952,6.31923,10.0001,1.67705,20,0.489828,1.32741,3.82521,348.419,34.6131,17.0803,21.7266,1.15056,27.1846,15.2403,4.64355,8.65853,1.86382,17,0.43209,1.2189,2.75724,250.472,25.9076,13.6736,16.1717,1.81191,19.3402,10.2051,3.12248,5.94196,1.49884,12,0.49978,1.0663,2.19178,416.539,32.8778,17.8878,19.3431,1.45611,27.5758,15.4208,4.09482,7.78943,2.91829,15,0.530519,1.25778,3.33912,265.674,33.9772,13.8897,18.0907,1.13761,22.4531,14.9899,3.73745,7.36505,2.10621,16,0.528911,1.16783,2.20016,381.426,44.156,17.3345,23.013,1.76787,27.8273,17.188,4.24721,9.38898,2.31169,12,0.581195,1.47102,4.12518,465.984,44.5247,19.6222,15.4235,1.4779,30.4967,17.78,4.54885,9.27184,3.70335,18,0.449901,1.17552,3.21657,231.161,30.5985,12.3736,10.9659,1.94158,19.3135,9.84617,3.19224,4.97379,3.78498,19,0.298037,0.759778,1.16739,328.896,36.6148,16.7482,10.7009,2.75376,26.8591,14.5242,4.00791,4.17341,3.25396,18,0.542758,1.06153,1.97449,467.545,46.1893,20.3354,10.1545,1.08356,33.713,19.4931,5.27627,6.10592,2.24589,21,0.544979,1.2734,3.04829,347.756,31.3368,20.1853,81.3433,4.55052,27.9496,14.2694,4.61227,14.1337,6.49505,14,0.594913,1.24877,2.55076,373.478,36.843,15.4388,20.8859,2.35565,28.9484,15.6824,4.4287,6.84909,5.48977,19,0.510892,1.18316,2.40717,359.435,55.0222,19.6513,34.0263,1.8506,27.9657,17.2457,5.115,14.882,5.74825,19,0.576995,1.28806,2.56021
gr00t_wbc_h074_p000,3701,complete,90,18,13.7607,2.91382,0.0655475,0.0727065,146.241,24.8365,6.3068,13.6171,1.48824,14.8263,9.9645,2.50418,3.74662,0.963872,10,0.431093,0.961234,1.87994,316.696,32.7026,17.0407,29.3484,1.90637,25.3056,15.3541,3.84437,7.05058,1.66933,14,0.599308,1.26286,2.47341,484.707,41.9896,15.9064,16.8645,1.45338,28.5875,14.8297,3.74844,6.27133,1.11713,10,0.458498,1.75107,5.41373,260.197,26.8138,13.4339,30.787,1.75203,21.1212,14.305,3.55014,8.87462,1.82991,17,0.376835,0.959928,1.7122,227.966,22.139,11.0103,15.0688,2.9501,19.2398,10.641,3.04664,5.23349,2.75124,13,0.577646,1.17442,2.12825,263.968,27.5157,14.7426,17.9092,1.16317,20.3165,11.5708,2.7655,5.8108,1.10783,7,0.521651,1.49575,4.05006,287.765,23.8268,18.1916,21.237,1.2563,22.0074,11.6266,3.89832,6.34638,1.15478,14,0.513959,1.22127,2.25351,231.597,20.33,11.663,20.2268,1.0531,19.6702,10.684,3.4579,5.59475,1.07935,11,0.545057,1.23681,2.28579,271.927,27.3544,11.2543,15.0652,1.14203,19.9705,10.8686,3.22458,5.20387,1.75153,12,0.61919,1.27708,2.20699,420.14,66.0024,96.5341,207.278,16.8661,32.1679,20.763,8.00914,23.0087,9.23114,12,0.516866,1.47149,5.1757,296.042,30.02,26.9652,37.4781,2.25127,20.2295,11.8324,3.58811,6.94949,3.3672,9,0.548728,1.62134,3.52176,441.839,36.4686,23.5898,24.1458,1.34724,33.221,17.1813,6.3967,10.8699,3.67693,22,0.494313,1.25291,3.21556,107.921,14.2175,6.87436,20.2166,1.84114,9.09509,5.08777,1.71619,4.50706,2.21535,5,0.406963,0.983429,1.99536,241.447,20.9698,15.3185,23.0825,1.322,16.5871,9.41083,3.01591,4.47035,1.19369,10,0.621466,1.37477,2.52779,361.464,48.4785,21.7237,63.8206,2.60695,29.0696,15.7535,4.43547,10.4636,3.57014,12,0.538575,1.32355,3.91232,310.655,40.1951,17.4017,26.741,1.07306,27.4096,15.9195,4.42355,6.60515,1.61423,14,0.656578,1.36966,2.69327,373.327,34.966,20.8665,25.0338,1.32277,28.27,16.2999,4.46511,6.51987,1.72339,19,0.451912,1.05785,2.01362,469.978,93.8434,42.3814,44.1836,1.10601,37.0474,27.1549,6.19045,10.5588,1.84907,19,0.471032,1.25951,2.9753
gr00t_wbc_h074_p000,3702,complete,90,18,7.3293,3.24072,0.0243849,0.0186264,235.876,21.4412,9.68139,10.0387,1.34345,21.7991,11.8913,3.48773,5.5632,1.69108,14,0.449097,1.03189,1.79038,219.478,22.6147,10.3231,19.9643,1.2421,16.8183,7.89381,2.64569,4.27407,1.09937,10,0.521755,1.09979,1.59901,251.445,22.8277,12.6465,19.1495,1.41671,20.2841,10.6985,3.40222,6.84768,2.7695,12,0.566436,1.30076,2.72538,150.891,17.1051,7.75792,17.8056,1.79122,13.4553,8.81102,2.44067,4.09792,1.08567,11,0.350928,0.90629,1.54272,308.903,34.8157,12.8923,24.2524,1.41377,21.3556,11.5641,3.71896,7.61199,1.28224,13,0.544315,1.46713,3.63056,255.604,23.7403,14.1633,21.5458,1.37908,20.9711,10.685,3.80633,7.18363,1.60148,15,0.449331,1.00261,2.06698,368.315,48.426,18.9436,29.2124,0.802506,25.0903,15.2704,3.66483,9.06952,1.50787,11,0.625972,1.31761,3.74633,159.181,20.6351,7.16111,26.989,1.57797,11.9581,7.35057,2.15663,6.78397,1.41595,7,0.538139,1.35572,3.04249,274.366,32.262,22.8738,30.7217,1.2532,23.7679,14.306,4.09471,10.3782,2.10674,19,0.495711,1.02271,1.90808,199.144,26.2792,7.05322,9.05299,0.767917,15.4502,8.48845,2.45147,4.94793,0.872486,9,0.452784,1.28997,2.68832,515.971,48.4251,24.6609,30.3443,1.18814,37.5431,19.7308,6.179,14.1648,2.84732,20,0.537208,1.33722,3.86951,582.864,55.5658,33.9498,27.0381,1.21393,38.8685,25.6914,5.76103,12.8291,3.53528,17,0.557049,1.41395,3.85378,197.935,36.7373,11.6249,16.503,1.85373,15.5868,9.16247,2.37496,4.89124,2.3181,7,0.804283,1.29392,3.5692,432.853,48.3054,16.1738,26.0027,2.19731,29.6058,16.2173,4.59406,5.36293,3.37451,16,0.489797,1.42145,4.12374,352.161,28.0592,26.1007,22.41,1.16571,26.7945,16.4958,4.55309,3.76119,1.98954,15,0.639457,1.25642,2.90074,221.769,29.6668,10.4972,47.1677,3.83324,18.622,10.3852,3.39197,3.60366,2.9417,16,0.377605,0.933549,1.78574,380.459,35.8096,19.4347,56.5225,3.45308,30.9763,19.9661,5.0185,4.78927,4.28782,23,0.398991,0.984949,2.20561,479.097,64.9933,16.5844,27.4898,4.5114,29.7674,19.7477,4.11662,4.20152,3.97405,11,0.62793,1.51922,4.32346
gr00t_wbc_h074_p000,3703,complete,90,18,18.8909,2.98426,0.295528,0.198413,223.015,20.4678,13.1014,17.4772,1.44139,18.583,10.7906,3.03171,4.91785,1.32136,14,0.364601,0.801667,1.26173,248.83,22.8563,15.2104,31.0958,0.934791,20.5917,12.6651,3.2485,6.20781,1.28949,12,0.548849,1.28636,1.96633,134.253,12.0881,7.23997,23.2846,1.12621,11.4891,6.3407,1.90254,3.31669,1.10925,8,0.553441,1.14614,1.77296,143.912,19.745,7.5512,20.0486,0.84692,11.3561,6.58733,1.99887,3.43363,0.921972,6,0.536825,1.44896,2.23077,183.399,17.5082,9.04066,28.3163,1.22498,15.6028,9.01023,2.40444,4.87473,1.35718,10,0.47949,1.10083,2.44033,256.539,26.4284,17.6024,27.7054,1.38054,24.5348,14.3588,4.12406,5.02739,2.40799,15,0.529312,1.1967,2.26677,394.708,31.2003,21.4157,14.9587,3.20686,26.5453,15.7475,4.25665,6.33054,4.34987,16,0.540097,1.25589,2.53303,350.993,26.3258,23.6617,14.2092,1.77353,26.6211,13.2983,4.64699,6.36175,3.66619,18,0.526446,1.12543,2.11066,365.243,36.8413,17.2656,11.8655,1.07782,27.8973,14.8101,4.59905,6.54495,2.01954,12,0.607159,1.44895,3.98692,294.191,29.2664,31.2928,16.2544,0.949718,23.2032,13.7219,4.23813,6.35979,2.07797,15,0.496894,1.18172,2.11169,404.431,45.7959,30.5913,127.377,128.983,28.1235,14.7038,4.72157,17.2124,12.5344,14,0.592565,1.36888,3.02816,456.347,47.0199,34.9967,152.276,26.3611,32.9096,19.11,6.29086,17.9785,9.59205,17,0.6028,1.2779,3.25247,407.906,36.6052,24.537,75.6852,14.6066,33.6909,15.4114,5.7104,16.7877,8.49934,18,0.552247,1.2775,2.88826,385.667,32.3411,23.4901,105.384,13.5143,26.3806,16.036,4.68133,14.3162,6.56564,12,0.613684,1.3068,4.35914,281.604,27.4638,15.8344,27.6887,13.1695,21.8316,10.1109,3.64661,6.55826,3.86888,17,0.434818,0.96837,1.27659,462.01,50.1138,28.0717,17.9539,10.8037,35.5453,18.5436,4.11655,8.52984,6.98713,20,0.693429,1.19327,3.60009,490.42,103.85,30.4646,21.045,16.7485,34.9273,26.0743,5.17045,8.53763,6.4503,20,0.520057,1.20773,2.78256,2080.16,193.503,82.326,111.068,55.3857,112.186,53.8536,13.9962,29.5736,20.4395,23,0.553443,1.6563,12.3566
gr00t_wbc_h074_p000,3704,fell,55.62,12,11.0439,10.1563,2.35649,2.03842,194.243,24.6112,10.601,13.959,1.02492,18.7942,10.8388,3.02778,5.25185,1.76215,11,0.510384,1.01821,1.67626,233.854,21.3724,9.12963,17.5382,1.38723,18.1715,8.93328,2.89551,6.34715,1.26462,11,0.472735,1.28093,2.60984,346.298,33.1907,13.289,24.6539,1.18662,25.6097,13.5637,3.99522,7.61792,1.19506,12,0.449147,1.31705,3.81448,335.254,27.9371,17.9689,39.6353,1.42713,26.3787,15.6157,4.51786,8.67394,1.55219,18,0.456806,1.05429,2.22477,162.915,17.3236,9.42382,16.0451,1.45308,12.721,6.25068,2.18955,5.38629,3.07622,11,0.377665,0.832512,1.14873,261.465,29.8232,22.4877,97.1951,3.22304,21.0161,10.7982,4.02421,10.6382,3.82069,10,0.613297,1.6465,3.90078,410.477,32.5753,20.004,21.9392,1.79148,31.376,18.7891,4.74078,8.11235,1.42136,16,0.460124,1.12955,2.74236,402.846,32.1128,22.797,17.9855,1.69433,27.8382,13.1499,4.52032,6.76795,1.56066,15,0.504403,1.3294,3.6052,334.917,35.7205,23.2615,72.2714,9.45276,25.771,14.6065,4.53016,15.3811,6.53793,15,0.506406,1.24442,2.75393,363.27,38.0469,19.7773,61.4468,44.0563,27.8925,18.95,4.69501,14.7758,16.8838,13,0.561183,1.36545,3.62919,351.468,35.7305,15.8128,23.1326,4.89362,26.7968,14.0533,4.46338,7.90262,4.79358,16,0.456589,1.25609,3.01472,1685.24,228.476,120.043,330.376,81.4345,47.6599,19.196,7.18424,36.6349,17.7847,3,0.352244,0.869003,1.21454,,,,,,,,,,,,,,,,,,,,,,,,,,,,,,,,,,,,,,,,,,,,,,,,,,,,,,,,,,,,,,,,,,,,,,,,,,,,,,,,,,,,
gr00t_wbc_h074_p000,3705,complete,90,18,23.7473,2.28416,0.437985,0.45209,153.093,16.15,7.92617,15.0959,1.06885,16.4687,7.911,2.53753,4.19261,1.58975,10,0.385365,0.888741,1.38025,270.595,30.2449,15,20.9275,1.39661,20.6439,10.2653,4.01362,7.60737,4.1626,13,0.601761,1.42182,2.8686,126.626,14.1977,9.10383,13.8111,2.01848,9.76379,6.08743,2.06736,5.67186,3.03182,9,0.359072,0.858131,1.35435,190.564,20.6326,12.3546,22.0923,1.44813,15.9484,9.70656,2.76313,6.82202,3.29799,14,0.478223,0.919854,1.60868,198.066,28.7348,19.2181,46.4209,1.72211,17.3571,10.4105,3.39931,6.13072,1.45804,12,0.586209,1.23335,2.23942,300.532,40.9168,20.4215,23.2874,1.21634,27.5699,13.1679,4.77893,7.0308,1.1735,17,0.50643,1.21424,2.25023,278.595,29.4926,15.9872,24.6526,1.49485,24.03,14.3692,4.0499,7.24634,1.20903,16,0.485068,1.19371,1.97338,179.682,38.8695,12.2319,20.2586,1.71692,16.0357,10.5041,2.58244,5.55626,1.27184,12,0.611814,0.967701,1.7395,266.834,28.3607,16.741,18.0644,1.41111,21.7468,11.145,3.63126,7.23616,1.30715,12,0.550024,1.50529,3.22973,1226.53,354.768,80.1029,81.5015,4.32174,79.3325,63.8783,11.5978,24.927,5.9741,25,0.741911,1.23612,5.57951,1379.93,133.77,54.5272,37.0426,3.01395,69.0945,32.8673,9.05874,15.6716,5.85478,12,0.632589,1.98045,14.16,722.358,132.851,40.7574,82.4741,12.4738,51.5483,34.3749,7.71794,22.6842,6.64218,19,0.632912,1.57287,4.70273,367.448,42.9216,28.1604,27.4026,1.04292,30.6181,18.256,5.0386,9.2827,1.92218,15,0.547993,1.36894,2.99085,276.259,30.4722,15.0587,26.8596,0.886406,23.4047,12.8942,3.78861,6.67789,1.25127,13,0.526645,1.28385,2.70773,360.438,39.2535,26.9492,63.8303,1.60192,26.2417,16.1454,4.45166,10.7133,2.34869,19,0.393781,1.07866,2.24899,218.972,32.3307,17.0108,21.2769,1.31937,18.2288,10.4307,2.64364,6.30655,1.45003,10,0.479147,1.19045,1.89465,251.596,30.5958,21.8796,59.1925,4.8117,21.9853,12.6689,4.15738,13.6587,5.42555,14,0.454743,1.16101,1.75972,594.789,170.411,45.9402,127.915,6.96348,46.2698,32.0813,7.90531,26.7641,9.20033,17,0.590269,1.52968,4.28641
gr00t_wbc_h074_p000,3706,complete,90,18,7.37137,3.65772,0.0187625,0.0237412,309.447,27.6552,16.0356,39.7498,1.58276,26.9119,15.3849,4.39529,11.5442,3.33867,17,0.480927,1.00314,1.8605,298.415,29.4507,12.7309,10.7588,1.15464,24.7308,16.8777,4.03604,6.00834,3.84372,17,0.545907,1.13982,1.9733,266.494,28.8337,10.6047,20.8242,2.03666,20.7069,11.6836,3.09826,5.87673,3.45969,12,0.578636,1.25462,2.18048,225.728,24.6248,9.13762,10.3277,1.51317,18.975,12.9793,2.98383,4.80156,1.52736,14,0.453239,1.05469,1.85249,511.255,51.7926,20.3111,21.4883,1.38895,35.1652,18.058,5.19366,7.81485,2.00498,18,0.61442,1.33719,3.76448,233.918,19.2356,19.332,42.1316,1.96057,18.3947,9.69777,3.88178,12.2287,3.39219,13,0.461402,1.10429,2.19903,348.314,36.7402,12.5643,14.771,1.72469,24.6026,13.3615,3.8352,4.85229,2.56059,16,0.552817,1.22442,3.19771,292.267,24.7514,13.5582,18.4485,2.39695,23.2974,13.2033,3.86662,7.61563,5.87875,16,0.489491,1.07026,2.02178,354.084,49.3845,18.75,14.1783,1.06127,25.3592,15.5613,3.77196,6.48094,1.5993,16,0.605703,1.0659,2.7648,618.108,58.1581,31.3431,59.4214,2.63863,47.7755,23.3096,7.50631,16.1865,5.5718,20,0.595885,1.50721,5.39068,208.47,25.012,14.1254,25.1257,1.26227,17.7955,10.4555,3.37554,5.3917,1.65611,12,0.530464,1.18223,2.21538,192.484,26.0424,20.0437,19.3039,0.832277,15.5055,9.38884,2.63761,3.58011,1.25072,8,0.460052,1.07946,2.96096,157.43,16.3549,13.4557,19.4068,2.87592,13.0959,8.2073,2.49804,6.26998,3.7068,8,0.640542,1.30578,2.44299,229.117,27.2542,14.5681,10.012,1.61991,15.8157,9.78816,3.01633,4.17295,1.65238,9,0.608799,1.42746,2.83923,512.229,72.5966,24.7995,36.5012,4.2091,34.0433,21.2164,5.38227,11.1453,6.0027,21,0.455845,1.13369,2.64737,502.558,56.9499,24.6253,40.415,7.17794,32.8272,16.664,5.93552,14.7156,8.01593,18,0.603018,1.61122,4.73179,348.981,32.1578,20.1777,23.2212,1.25419,24.1949,12.5567,4.58132,8.22756,3.20384,13,0.720242,1.49962,3.58382,209.106,24.6584,23.317,67.2036,1.7282,15.5878,9.52081,2.69098,7.03075,1.53934,7,0.572597,1.3998,4.02148
gr00t_wbc_h074_p000,3707,complete,90,18,7.70181,2.66334,0.0144958,0.0274052,219.194,20.0037,13.2013,11.7587,1.25364,21.5592,10.6514,3.6973,5.29507,1.15819,13,0.464663,1.10805,1.69017,261.141,21.6854,11.7283,11.0479,0.923245,21.4947,12.3295,3.57749,4.74282,1.61643,16,0.451436,1.04975,1.70463,148.906,14.0872,17.3779,27.4557,3.44191,12.9809,8.67095,2.21966,4.99357,3.16219,8,0.51545,1.21494,2.10949,228.841,15.2466,12.1099,17.997,1.69992,20.8163,9.53557,3.4445,4.09802,1.69917,17,0.399685,0.94059,1.18902,237.882,26.2761,9.75939,10.129,1.44539,21.1441,9.50941,3.71169,4.45578,1.91185,12,0.577702,1.36821,2.29221,327.435,29.3989,15.4911,44.2217,6.27439,27.6436,18.335,4.1539,7.25577,3.01659,16,0.562069,1.15253,2.77629,222.134,22.7268,11.9832,17.6771,0.974233,17.8036,10.3538,2.73616,3.01933,1.06888,10,0.553837,1.18045,2.78287,215.258,16.38,11.7072,16.21,1.40652,19.9351,11.4825,3.3678,3.85989,1.47717,16,0.397609,0.953003,1.40255,221.881,22.4909,10.7418,14.2532,1.87975,17.8518,8.42531,2.74219,3.13437,1.49168,11,0.531178,1.13944,2.00042,366.104,45.8497,13.8402,27.799,0.621357,28.5659,14.6827,4.33885,5.84504,1.88968,14,0.54635,1.45016,3.33062,934.097,68.9554,29.4197,18.3425,1.94121,52.3749,25.896,7.40904,7.5766,2.16754,16,0.72473,1.50933,6.69931,240.199,22.4502,10.1741,13.9262,1.22896,20.1138,13.1229,3.19103,4.35979,1.44159,13,0.559778,1.25041,2.40795,420.005,50.8523,19.7749,19.7688,1.10509,35.8588,19.7794,5.51191,8.21043,2.48358,17,0.456817,1.24956,2.96367,348.366,46.5383,16.6046,14.8973,1.52555,28.3803,16.0183,4.66721,6.84366,2.03151,17,0.570563,1.24617,2.32451,273.258,25.0192,19.9863,16.489,1.60172,21.6903,12.3497,3.25006,5.08613,1.41713,12,0.51082,1.22745,3.23775,152.669,12.3222,10.5381,13.424,1.44428,11.7449,7.00766,1.96687,4.2214,1.28222,8,0.443487,1.27291,2.35789,422.389,80.7784,40.7181,14.3781,1.56979,32.6934,21.9167,5.35421,6.7729,2.79349,15,0.552084,1.25604,3.15253,349.448,74.4302,18.2621,19.0557,2.35154,27.2974,17.536,4.34953,7.76815,4.56205,15,0.589189,1.18018,2.27736
gr00t_wbc_h074_p000,3708,fell,77.06,16,39.8954,2.71807,4.59155,5.19292,216.258,20.8453,10.1911,15.2999,1.43351,19.3422,11.4099,3.06914,4.96263,1.4168,12,0.438497,1.00489,1.86505,196.684,18.1709,12.8985,43.1383,1.23912,16.0762,9.92226,2.60656,7.37345,1.47392,12,0.461293,0.983458,1.72947,234.926,23.1601,10.8364,22.3459,0.829528,19.027,10.8465,3.16248,4.76791,1.0512,10,0.543636,1.33002,2.50746,266.762,26.3744,13.3607,34.0722,0.792136,19.6987,12.5367,3.53277,8.38485,1.45262,12,0.485675,1.2634,2.80251,209.49,22.7586,13.1557,16.3308,1.6893,17.7955,12.3112,3.20218,4.93432,1.09691,14,0.452939,1.03747,1.56983,194.517,18.4807,8.90757,19.4263,1.20823,16.5819,10.4521,2.58956,4.5834,1.1172,10,0.466016,1.15566,2.25518,221.832,24.9635,12.3918,37.0698,3.9527,17.8439,10.7796,3.28035,11.4289,4.31031,11,0.481281,1.36259,2.69744,614.942,53.9665,25.1289,25.5604,1.51955,38.109,20.7787,5.62653,10.2915,1.68422,12,0.638782,1.50265,6.69854,184.735,22.7954,17.8897,9.66721,0.635193,17.2697,8.59605,2.85415,4.24506,1.33157,15,0.426965,0.918911,1.1234,552.691,127.962,54.1853,24.0564,1.79623,38.8779,27.8382,6.65984,16.7918,3.40171,20,0.565388,1.47589,2.63961,235.446,35.5901,21.7522,12.419,0.726313,21.6003,12.6253,3.5342,5.7965,1.20838,14,0.394192,1.05954,1.20413,527.034,60.317,68.7154,114.323,48.767,41.1827,18.7878,8.58478,25.2354,5.59172,21,0.479729,1.30463,2.9262,582.917,169.48,77.8445,13.5719,1.08436,43.815,32.5108,7.18664,10.1511,1.81037,27,0.53631,1.05619,2.24663,488.666,61.6534,30.3731,16.1812,1.87648,33.506,16.5608,5.34608,8.55233,2.07799,15,0.548003,1.5182,3.47226,431.887,80.5564,26.2941,10.867,1.62797,32.5765,18.9617,5.50604,7.45585,1.95641,19,0.55671,1.25501,2.2833,2661.73,662.018,100.851,20.1235,1.20964,108.114,90.7248,15.9041,17.7959,5.03665,1,0.671936,0.118191,0.198425,,,,,,,,,,,,,,,,,,,,,,,,,,,,
gr00t_wbc_h074_p000,3709,complete,90,18,8.45868,2.43703,0.01712,0.0227308,179.752,25.6991,9.7537,12.6058,1.665,18.3878,10.9165,2.91208,5.251,2.21665,11,0.438994,0.986335,1.99467,239.887,18.6338,14.0978,17.8103,1.52876,22.0562,12.1294,3.54991,4.98989,1.00847,15,0.476043,1.05309,1.72234,242.395,16.5014,12.3772,13.6142,1.53698,21.9315,11.7687,3.69431,5.78593,0.995394,18,0.418374,0.919282,1.40438,134.101,19.2136,5.70854,11.8884,1.68786,9.51223,5.13087,1.72007,3.66397,0.837979,6,0.465644,1.25573,2.10829,227.647,25.4173,9.91059,15.0403,1.41526,18.5203,9.75699,3.19072,5.34088,0.977018,9,0.632125,1.40581,2.89183,150.24,29.7913,10.1513,39.1641,1.57035,13.9549,7.28171,2.71881,10.2527,2.35887,7,0.547766,1.59343,2.96177,321.533,29.4855,16.8396,13.5512,1.09819,22.6897,9.48458,4.06002,5.26623,1.86928,12,0.583967,1.59143,3.93624,891.973,108.579,37.2382,11.1159,1.40321,59.9447,35.8104,8.38645,9.97138,4.17399,27,0.447911,1.6387,5.63658,488.91,48.22,21.3889,11.396,1.34675,35.1311,19.6083,5.46547,6.15708,3.8941,15,0.630004,1.69619,4.53004,379.901,42.6715,18.7068,99.0699,1.38023,29.3312,17.2553,4.09486,12.6189,3.38905,16,0.513762,1.30538,3.32938,367.344,40.1076,17.5783,12.8886,1.19127,28.5219,15.61,4.61865,5.33124,2.41727,16,0.391412,1.22844,2.94818,538.514,50.4334,21.0997,17.262,0.890586,38.6954,20.7855,5.71748,11.9701,2.61768,19,0.457648,1.18812,3.85156,360.073,37.5148,18.418,17.2918,2.45178,27.6226,13.9233,4.53518,8.18587,2.98354,15,0.595532,1.33549,3.49515,1106.6,139.743,68.107,18.4653,2.01014,63.9285,33.9707,10.1725,14.35,4.48967,22,0.712863,1.4442,5.27041,354.804,48.9624,19.7943,18.1799,0.919479,27.6027,17.7519,4.43333,6.63955,1.66385,19,0.604984,1.08623,2.09622,405.295,43.2399,19.0589,24.0027,0.856417,31.5242,17.1359,5.06003,6.46668,1.3135,12,0.45436,1.21905,4.0152,332.411,40.8842,19.6915,23.4345,2.70864,24.8097,13.9581,4.17867,5.99708,2.29145,14,0.561077,1.44795,3.42583,263.906,22.9448,22.1249,21.6122,3.11135,22.6989,11.9559,4.03488,4.14853,2.72997,13,0.586237,1.30967,2.46352
gr00t_wbc_h074_p000,3710,complete,90,18,8.33668,3.26722,0.0137509,0.0124211,125.291,11.0664,6.25274,16.9983,41.5077,12.9324,7.63748,2.18066,6.54574,6.41685,10,0.335792,0.696604,1.22396,173.337,22.7983,12.4937,22.628,1.52452,15.8185,9.6262,2.60201,3.52008,0.74524,13,0.552972,0.89371,1.59168,220.499,19.4362,14.6306,25.5448,1.36015,20.02,11.5844,3.53222,4.22037,0.993901,13,0.582447,1.25869,2.53518,288.569,30.0339,15.1194,17.9647,0.796146,23.3468,13.5922,3.84227,4.65597,1.05854,14,0.585218,1.37564,3.29073,220.55,24.1098,15.4131,23.1806,1.43245,19.0881,10.8753,3.15241,3.94317,1.49249,13,0.534578,1.08547,2.10587,301.141,31.7873,19.9055,39.8798,1.02974,23.0003,11.4806,3.71843,8.01056,2.9223,13,0.535239,1.20107,2.6637,148.349,23.5335,12.8098,20.036,1.00616,13.8792,7.29763,2.64098,4.27669,1.14478,10,0.473554,1.02105,1.67201,204.017,28.1924,10.749,17.384,1.7149,16.4224,8.87304,2.72501,6.20734,2.79289,12,0.523396,1.02284,1.57273,129.136,14.5413,11.4183,22.0007,1.26173,11.2481,5.6833,2.088,4.23366,1.08348,9,0.511386,1.00619,1.32862,243.486,29.9873,17.7955,20.2583,1.23133,22.5905,12.0579,3.58519,4.52346,1.25354,12,0.553535,1.27045,2.08367,296.357,28.8684,21.0693,25.1606,1.34472,23.138,13.1074,3.82625,4.84122,1.54982,12,0.61123,1.38679,3.11341,341.104,40.7642,23.7683,29.1391,0.784172,26.005,16.1311,4.40675,6.3095,1.56745,12,0.585802,1.47484,4.26019,196.78,23.5866,15.6878,20.8958,1.23647,16.6751,10.1116,2.71838,3.67611,1.37534,12,0.547599,1.12566,1.64375,284.422,51.3651,24.9774,49.6292,2.82726,27.3934,14.4717,4.57579,9.9601,3.42493,14,0.567866,1.27391,2.62012,216.006,21.5664,14.769,19.9854,1.36644,20.6042,9.45141,3.46821,5.19856,1.3999,14,0.4842,1.09971,1.81942,393.686,38.3537,19.3661,25.673,1.1272,26.6153,13.6421,3.72392,7.94375,2.01028,11,0.528857,1.35867,4.71153,223.696,38.5755,12.9415,22.1138,1.53876,17.8637,9.48386,2.90259,5.25839,1.56279,11,0.556992,1.24231,1.77587,219.79,25.3523,20.2883,43.3245,1.95094,15.8906,8.91591,3.42082,6.20218,2.18038,10,0.676778,1.52122,3.39482
gr00t_wbc_h074_p000,3711,complete,90,18,10.0225,2.8509,0.0111728,0.0172107,235.193,26.0053,12.8714,22.1905,1.13061,21.5037,14.0311,3.54023,4.79015,0.914864,16,0.444661,0.927261,1.5294,187.32,17.5144,9.86132,18.9538,1.07457,15.0396,9.29325,2.3786,3.32238,0.90871,12,0.410792,0.987248,1.46565,112.349,11.8948,7.9357,19.3571,0.806962,9.54668,4.29145,1.94903,3.46537,0.810584,7,0.469697,1.13868,2.31957,268.33,24.5498,14.6069,21.7589,1.73619,21.1152,12.8908,3.64491,5.04533,2.59599,14,0.454034,1.11845,1.99459,256.58,19.9528,11.6104,14.6062,1.67664,19.8488,11.3139,3.35196,4.76944,2.05573,14,0.50846,1.13077,2.03269,175.249,16.9263,9.78696,15.7106,2.67817,14.6206,9.39738,2.80353,5.57943,2.79378,10,0.497997,1.09337,2.30625,187.896,20.5283,16.3769,68.6908,6.03463,15.3383,6.94218,3.00551,10.4816,5.14228,11,0.476161,1.0331,2.03385,127.987,11.4848,10.3838,17.5941,1.57672,11.2209,6.82586,2.08381,3.64916,1.71459,8,0.487537,1.05686,1.68243,256.725,28.5006,11.6464,11.6393,1.51008,19.9152,15.0583,3.39716,6.99115,4.11759,17,0.399832,0.959895,1.33186,335.691,44.5684,20.5944,65.6322,2.3085,24.7877,14.7658,4.6851,12.6899,4.86567,12,0.603312,1.55635,3.5778,278.619,33.9058,15.2457,16.5028,0.884903,20.7626,11.6625,3.78606,5.44734,1.72392,11,0.600592,1.36587,2.17265,624.125,47.8557,28.1808,20.1541,2.57695,42.5935,20.5898,6.50575,10.3929,3.39086,20,0.485642,1.42059,3.587,336.02,57.0249,24.8809,31.5352,1.24443,27.4248,16.5185,4.75655,6.21019,2.35309,16,0.554015,1.1566,2.15042,1292.69,232.166,99.7572,36.809,1.36871,64.8914,43.676,11.7685,15.3236,2.18343,16,0.498071,1.45632,7.43409,387.93,48.8061,92.8072,216.277,123.057,31.9771,17.0885,7.48892,35.3209,16.513,15,0.430194,1.24576,2.81388,312.725,26.8054,15.6866,19.4435,1.37914,25.6046,13.6861,4.01642,7.24028,1.11736,15,0.464945,1.07171,2.31051,174.071,18.1262,10.3305,14.2538,1.99637,15.134,9.90386,2.37354,5.20311,0.96375,8,0.658311,1.25458,3.0374,284.851,23.6111,14.1942,21.4265,1.22458,23.8018,13.6027,4.14177,6.15752,1.19063,15,0.495928,1.13313,2.1642
gr00t_wbc_h074_p000,3712,complete,90,18,6.99571,3.59121,0.087072,0.0874362,256.456,20.7164,10.723,9.59027,1.70598,22.7634,13.3553,3.82033,7.31559,2.4304,14,0.484595,1.08553,2.13433,198.388,18.1542,11.6961,31.3008,1.64369,17.5719,10.8044,3.13644,6.7363,2.21231,12,0.472607,1.03964,1.93491,298.876,27.085,10.5196,14.1172,1.50272,22.4008,12.0324,3.36788,5.65695,1.52651,17,0.492321,1.02768,2.02868,190.689,22.951,12.1956,83.527,2.33256,15.8347,9.6666,2.82015,11.0108,3.66423,7,0.486378,1.41341,3.91854,285.608,23.7607,12.9006,16.4406,1.41789,24.2075,15.1912,3.92394,3.16847,1.5223,20,0.448149,0.960275,1.70545,310.374,29.3142,16.1206,57.8423,1.71829,25.3441,17.2503,4.4011,9.71771,2.2943,16,0.53514,1.21529,2.17948,215.562,23.4576,9.59973,17.73,1.70198,17.0545,8.51689,3.32721,6.39507,3.90776,8,0.628471,1.70203,3.89037,171.724,14.0467,11.6778,20.5036,1.99543,13.7518,6.89674,2.49092,6.37251,3.17072,8,0.548895,1.12294,2.11636,267.868,37.2194,14.4686,29.9553,1.38068,20.8836,11.4859,3.42238,7.64923,3.76093,14,0.666504,1.09898,1.86619,152.438,20.2345,10.7134,32.501,1.27982,11.8625,7.40545,1.98785,6.04419,1.9554,8,0.530708,1.13555,1.73793,332.967,37.4721,23.3262,24.8241,2.28258,26.9178,10.8684,4.70985,6.97483,2.02874,9,0.709763,2.27657,5.22578,309.461,34.3877,18.1697,19.0514,2.03646,25.7771,12.9779,4.26361,5.22181,1.35921,15,0.524319,1.20809,2.48229,399.946,39.6571,21.9592,24.5698,1.71937,27.8272,11.8513,4.71074,6.77988,1.90004,17,0.525648,1.39777,3.79747,406.678,69.6554,53.3308,186.072,70.5443,36.0961,18.3396,7.42777,28.496,10.4142,23,0.480059,0.895112,1.43622,128.96,19.5688,7.89232,15.5672,5.09213,11.377,6.45409,1.80211,6.11248,3.72048,5,0.531165,1.72846,2.95883,314.677,43.6555,18.0642,24.0125,1.94451,23.6514,14.6675,4.07188,6.12995,1.50751,18,0.577861,1.21619,2.1516,204.276,19.3373,10.4126,15.5903,0.881958,15.4147,9.04273,2.8023,4.02741,1.82847,12,0.5521,1.21014,2.21264,399.552,51.469,27.0756,19.9348,1.6653,30.3223,22.3182,4.94616,7.21859,3.87136,17,0.541334,1.2402,3.12186
gr00t_wbc_h074_p000,3713,complete,90,18,11.3253,3.23115,0.00888414,0.0142488,397.15,37.8911,14.8671,11.4668,1.37541,32.3464,17.878,4.70885,8.69468,2.14643,22,0.525586,0.98606,2.03,175.042,22.28,6.3906,11.1258,1.21858,13.8051,7.9003,2.26707,4.43685,1.41692,8,0.53031,1.13712,2.05175,312.853,35.3684,11.9942,7.24757,1.18051,25.0102,15.3264,3.66369,4.4569,1.88574,17,0.502311,1.0929,1.97861,359.785,41.0991,13.8278,14.9059,1.15764,27.0336,15.9916,4.36904,8.32145,2.32662,20,0.548008,1.04696,2.02014,185.881,15.9315,14.9551,15.5314,1.95819,14.14,8.86011,2.87011,5.79117,2.76677,7,0.573035,1.48914,3.6421,245.458,23.7824,18.5551,40.7664,3.32762,20.8051,13.3626,3.82679,9.22674,3.70962,16,0.437642,0.871338,1.87275,314.532,31.9827,13.7749,18.8552,1.13491,24.2593,13.5672,3.88949,5.89155,1.48728,14,0.54457,1.26085,2.81855,355.337,43.9815,22.3402,35.7104,26.9288,25.9917,13.6478,4.84916,13.8792,7.47692,14,0.653404,1.41285,3.32138,865.787,69.2518,45.0229,20.1466,2.4459,58.5712,28.9929,7.92742,13.2566,8.3395,21,0.510638,1.49921,6.2216,136.211,15.773,5.52618,14.7021,1.28473,9.05756,5.83691,1.25758,2.80738,1.45988,6,0.356729,0.948024,1.52966,294.725,24.3815,22.043,18.5072,2.02777,20.8303,11.452,3.387,6.27039,3.74019,11,0.558717,1.15784,3.60234,110.607,15.3639,4.68637,9.87454,1.37599,9.32819,4.13761,1.57062,5.34167,4.59503,5,0.543678,1.23365,1.37961,1030.46,95.0087,38.1794,12.7676,2.03025,53.5255,33.7402,6.82526,9.613,4.42156,24,0.358613,1.50905,5.32334,244.828,21.0314,19.8363,44.561,6.15162,18.3938,10.1972,3.50978,9.7279,7.57416,12,0.554142,1.1802,1.93684,747.205,89.1487,24.4891,16.6606,1.9212,46.5719,22.1835,7.57752,11.4777,4.45578,20,0.555784,1.90297,6.47114,793.512,150.033,34.5838,13.1648,1.81845,54.447,38.2292,7.82363,11.9905,2.6056,22,0.66289,1.22638,4.17333,209.265,32.6068,8.03665,15.0802,2.75685,17.6254,8.58919,2.53372,6.38398,1.64456,6,0.569049,1.43299,2.40935,327.42,34.0538,14.9347,14.0376,2.16421,24.9448,11.6472,4.25454,6.28856,2.16341,13,0.542597,1.47622,3.2851
gr00t_wbc_h074_p000,3714,complete,90,18,7.57497,2.50346,0.00947062,0.0195377,265.46,32.2977,13.488,15.772,1.55313,25.5907,16.1094,4.32305,7.46057,1.36838,17,0.470649,1.03461,1.92044,155.453,10.7105,7.53362,12.6936,1.70519,13.8739,7.9344,2.13425,4.77206,1.32866,7,0.432658,1.10482,2.85571,239.627,22.6335,10.2072,8.43564,1.28909,20.4048,11.7636,3.07199,3.60201,1.31523,14,0.494143,1.14187,1.82285,495.661,55.2549,23.0358,12.102,1.66929,29.197,18.3887,4.06262,6.79892,2.71003,15,0.305854,1.31544,3.45714,171.974,16.1927,10.472,30.6314,5.00134,15.1984,10.1691,2.91845,7.82969,5.53664,13,0.417965,0.903684,1.36599,152.007,17.4261,6.44527,11.9031,1.50889,12.7948,6.665,2.39203,4.99752,2.54913,8,0.490721,1.09832,1.68708,523.124,65.3254,15.8818,11.1416,0.984554,35.9208,19.8147,4.90542,9.09346,2.32047,21,0.346643,1.14417,3.24146,508.56,41.7002,13.8479,9.46654,1.35649,35.655,23.3688,4.57255,5.3131,1.89385,12,0.621279,1.63893,5.41585,347.472,28.2431,13.0273,14.4871,1.31398,27.8135,14.7343,4.71202,6.41512,2.49013,17,0.51079,1.32088,2.33181,342.458,37.4187,12.1235,26.4582,0.833733,24.9459,13.5909,4.44335,12.2884,1.7731,15,0.545124,1.45063,3.24061,245.171,28.043,13.3377,20.5829,0.911421,19.1421,10.776,3.02511,5.07506,1.24748,11,0.571593,1.21983,1.81641,407.188,69.9249,29.6173,133.691,3.10323,27.9023,15.6367,4.65033,18.0008,3.83327,12,0.637419,1.33818,3.15075,129.172,12.0537,10.569,21.995,0.839073,12.3504,6.79884,2.18042,3.12132,1.03522,10,0.525546,1.00555,1.4011,428.005,55.2588,40.3155,119.133,2.96084,33.6747,16.9588,5.89981,16.2673,4.05872,16,0.57266,1.47921,3.03824,140.468,15.129,13.0455,24.3345,0.703169,9.71138,5.68152,1.61516,3.27592,0.949484,7,0.469973,1.05923,1.32263,148.762,23.688,33.454,33.6675,1.2582,12.4124,6.2327,2.79235,5.96041,1.47478,8,0.648005,1.10913,1.79568,587.833,53.506,29.1659,35.7756,0.909735,42.2565,22.0349,6.25459,9.0633,2.43153,19,0.488343,1.56128,4.92705,519.332,54.0218,47.5886,121.569,65.9493,35.6699,15.928,5.60452,19.0195,17.7295,13,0.560972,1.33113,3.92755
gr00t_wbc_h074_p000,3715,complete,90,18,8.37352,2.93988,0.0209759,0.0215368,234.902,28.1254,11.7533,14.9794,1.65379,22.4332,12.123,3.64654,5.2801,1.02478,15,0.411191,1.05849,1.78191,272.859,33.8398,12.9681,51.8974,1.97611,21.9362,12.9684,3.14007,8.67183,2.19494,13,0.403028,1.01904,2.56239,177.448,19.0508,8.36139,12.4365,1.64872,13.7345,9.15889,2.49382,4.79914,1.28357,11,0.447364,0.991706,1.87549,273.207,25.4971,13.2947,21.7149,0.94004,22.1881,12.9964,3.49091,6.48768,1.41558,12,0.560613,1.24591,3.14205,368.438,45.7674,19.1099,35.2051,1.35987,27.4995,15.8739,4.31468,8.07394,1.64802,17,0.527008,1.21892,2.71566,126.533,12.1505,12.6334,17.8568,1.57726,11.8932,7.23989,2.38652,4.88629,3.28852,9,0.42453,1.10928,1.6088,143.131,19.0375,10.509,17.8507,0.91357,13.6205,7.60172,2.16791,3.77319,0.979241,7,0.571588,1.25119,1.95856,161.655,19.1026,21.2971,19.6378,1.25169,13.894,7.22948,2.55245,4.15949,1.23034,8,0.549166,1.48175,2.85447,374.604,87.8946,56.4608,88.5942,3.50317,31.9088,23.6551,5.40864,16.624,3.77048,14,0.617525,1.56842,4.14823,235.118,21.741,18.7928,21.0645,1.39893,19.4123,10.1636,3.66498,6.38803,1.1777,11,0.518177,1.39824,2.13369,240.433,33.4846,19.2485,23.4042,1.28073,22.1831,12.9481,3.64078,5.75675,1.16774,15,0.556653,1.05242,1.89774,245.63,67.9341,22.9397,21.3775,0.973112,22.2683,13.0836,3.50807,6.00685,1.23684,11,0.499358,1.07999,2.07974,379.695,59.7878,60.5187,104.706,8.57936,31.1041,19.3723,4.84344,13.593,5.18657,13,0.552244,1.42682,3.23804,270.905,47.7834,29.2219,24.6475,1.25383,21.2711,13.4999,3.89291,6.6138,1.52804,10,0.536792,1.31946,2.78541,231.475,23.9598,22.4165,14.8591,1.23376,21.2896,11.4486,3.90486,5.48216,1.68976,13,0.544217,1.27477,2.22357,335.863,33.5443,24.0806,18.6539,0.817694,28.7589,12.8607,4.87216,6.97016,1.56029,17,0.505442,1.22021,2.56216,267.922,78.5048,19.1582,22.1433,0.951023,21.3131,16.0141,3.84914,7.36734,1.83167,10,0.706798,1.50892,3.86881,358.773,37.3077,18.2053,20.0698,1.80759,30.506,14.8087,5.12165,10.8841,4.16954,13,0.576062,1.57091,4.17002
gr00t_wbc_h074_p000,3716,complete,90,18,10.4424,2.60355,0.0173697,0.0274228,228.082,20.3052,15.3739,25.7079,1.92379,22.788,14.1503,4.10134,9.00383,3.47351,18,0.413449,0.911844,1.50763,327.069,25.1332,12.3521,12.5697,1.15257,27.0144,14.6774,4.33445,7.24635,2.74243,16,0.565886,1.25148,2.49078,235.123,21.9147,10.1772,13.9141,1.52266,18.1498,10.6591,3.06725,6.4581,3.42191,12,0.568528,1.12479,1.70773,261.319,27.5979,10.0287,30.1842,2.75152,20.6193,11.8769,3.7447,10.7845,5.99134,12,0.539463,1.31341,3.20218,334.552,42.2803,21.2827,27.8635,3.03023,29.2559,18.3627,5.08518,9.24003,4.28904,18,0.607899,1.31739,2.23078,375.246,39.3901,25.4858,87.1579,2.28814,29.1084,14.2788,4.92481,11.4696,3.82228,16,0.542892,1.21076,2.60947,540.986,42.542,20.4456,22.3802,1.60224,37.1415,17.8558,4.98717,7.04109,1.51688,14,0.622929,1.42302,4.21598,417.125,57.1723,27.6883,118.12,10.8494,29.0179,16.2168,5.21651,16.3485,5.83116,14,0.586181,1.46059,3.48377,254.05,26.8188,12.8379,43.0187,10.4648,18.3801,10.8258,3.0027,9.50505,5.86819,11,0.455805,1.10687,2.25246,342.494,30.8683,17.9666,23.6276,5.49348,27.545,17.0964,4.17207,9.08165,7.41412,19,0.517319,1.21593,2.36257,341.385,33.3465,21.3896,35.7441,5.9469,25.8263,16.3044,3.74166,6.31725,4.53072,21,0.515983,1.04814,2.14411,646.533,68.4786,50.2594,38.003,1.27123,41.9256,24.1004,6.6205,9.63087,2.00221,24,0.49531,1.25987,4.11966,384.982,35.3912,22.0175,89.1467,6.95291,29.0994,15.3419,5.44035,13.5289,7.09087,15,0.558154,1.38375,3.15136,442.918,40.6707,21.0734,51.9063,7.92204,35.6175,17.1742,5.84817,18.8475,11.4838,17,0.585351,1.58977,3.5577,278.597,29.7524,22.2984,16.046,2.79268,22.7526,11.9341,3.61185,8.39169,4.3687,11,0.474723,1.11626,3.50736,312.985,39.8875,14.4516,26.0714,2.19959,23.6545,13.7219,3.61816,12.7457,4.53582,16,0.546038,1.06462,2.46605,416.734,45.3777,19.7002,27.1996,2.15894,31.1408,15.7533,5.20766,7.40464,3.6677,19,0.497475,1.30223,2.9534,464.759,69.1525,23.5462,18.4786,7.37775,33.8781,20.0665,5.40302,9.59725,5.00567,12,0.569581,1.71385,4.86505
gr00t_wbc_h074_p000,3717,complete,90,18,13.2387,2.41663,0.00398997,0.012183,316.786,44.3366,14.2494,16.3141,1.26201,28.5225,15.8779,4.15515,8.28118,1.48949,18,0.468546,0.899513,1.68822,241.653,24.5587,8.31343,9.21531,1.50196,18.1181,10.9213,2.63275,3.52191,1.09699,12,0.494761,1.03762,1.81136,248.417,23.3728,10.4394,23.5651,3.98163,19.9582,10.901,3.52866,6.37814,2.85994,13,0.528478,1.23399,2.21364,391.543,45.0053,15.14,19.3452,1.33072,31.0407,18.276,4.80562,8.33484,2.45726,17,0.525429,1.24045,2.89388,711.442,67.9229,31.6022,17.8168,1.84264,45.7555,22.8771,5.94685,11.7615,3.4576,16,0.59409,1.4782,5.78545,298.36,30.5545,15.3433,13.6651,5.99835,24.2813,14.114,3.75413,4.47268,2.58052,12,0.565547,1.26332,3.46465,537.184,59.9143,21.6861,12.6517,1.75152,35.4565,20.7227,5.66117,6.35064,2.91981,21,0.441031,1.32608,3.41761,107.013,8.80267,7.42792,20.1347,2.13548,10.03,6.57832,1.81388,3.00772,1.34461,5,0.499802,1.22658,2.24268,289.616,61.8147,15.6517,17.9684,4.20831,24.1548,16.7933,4.35131,10.7001,6.0643,16,0.621926,1.15496,2.30228,277.565,24.6176,12.3571,22.0697,3.28059,23.1561,13.7165,3.8704,8.94859,4.75834,13,0.611761,1.29171,2.81349,390.106,48.4308,22.9136,37.7212,1.41745,29.1643,16.783,4.75536,11.864,2.93291,19,0.506776,1.13895,2.14554,402.486,47.0797,14.4407,11.347,2.36802,27.0961,15.2452,4.03391,6.56366,1.97261,15,0.599467,1.19578,3.04196,191.437,17.8861,6.36636,10.565,1.3083,12.588,6.62887,1.94228,2.94752,1.11844,8,0.509349,1.13223,1.51297,282.819,23.5504,15.436,7.57928,1.61707,24.5595,13.5871,3.93153,2.93628,1.86753,19,0.474122,0.973826,1.6611,595.326,56.549,28.3499,82.3722,2.85125,45.4232,24.9926,6.45551,15.5039,6.15389,25,0.401609,1.2294,3.6074,378.934,38.4335,13.2213,25.5101,2.20129,28.549,14.7182,4.36946,6.25752,4.33663,15,0.669996,1.32272,3.00323,1197.09,109.075,32.4984,24.2214,1.62529,64.3145,30.699,9.03134,14.5844,2.49134,23,0.373925,1.9478,7.47905,625.237,59.1432,26.5539,26.9431,1.16468,42.5427,21.9029,6.38369,10.7043,2.04909,16,0.682364,1.70705,4.54148
gr00t_wbc_h074_p000,3718,complete,90,18,8.51952,2.78752,0.0224206,0.0406513,135.049,13.1335,7.16164,9.52828,1.45793,14.7434,9.25737,2.38297,4.3488,1.59317,10,0.425836,0.882986,1.60248,113.763,12.0818,9.25065,17.1159,0.596275,9.84017,6.64621,1.66498,3.58953,0.800133,6,0.546939,1.321,2.02264,362.886,55.6103,20.2472,18.6715,1.07097,29.0664,16.3515,4.90948,7.92667,1.18165,17,0.63119,1.15628,2.22069,220.419,30.4879,25.5064,79.8836,20.7234,19.3715,11.1965,3.41129,11.868,3.63208,13,0.514054,1.02902,1.45268,256.801,39.2951,18.2145,9.52161,0.927729,19.2411,10.4601,2.92027,6.14604,1.00012,10,0.417115,1.3211,3.13672,378.835,52.3003,30.696,17.0405,1.25204,28.4459,15.6863,5.01603,8.89204,1.89567,19,0.423405,1.09547,1.93586,307.484,42.9992,29.2891,72.1623,2.38294,26.7079,13.1486,5.56564,16.2285,3.24699,22,0.42352,0.987339,1.2613,169.673,33.2049,19.4709,11.2948,0.620815,15.5017,9.16595,2.9115,4.47423,1.07401,9,0.40695,1.17332,1.69898,327.155,36.3889,17.9842,17.4851,1.28996,21.2391,13.9212,3.23504,6.15246,1.15051,12,0.681568,1.26253,3.42304,285.836,34.6512,20.7265,23.2057,0.82597,24.9188,14.4181,4.33176,8.19939,1.43328,18,0.46727,0.953101,1.78188,316.443,33.0693,12.8975,20.3115,1.25181,25.238,12.6347,4.37061,6.37361,1.21899,15,0.653948,1.37995,2.9707,277.372,38.4361,18.8046,187.958,13.9663,22.52,11.8685,4.10921,26.8441,10.9919,11,0.546595,1.3385,3.16503,498.322,47.471,22.1192,29.9466,1.0555,35.4342,17.0488,5.66122,7.64148,1.53976,16,0.529607,1.56849,4.82851,278.502,32.0763,15.6479,22.665,1.33738,22.8942,11.659,3.43164,5.45408,1.41741,11,0.610029,1.46908,3.38657,639.908,53.4954,46.0627,114.718,4.4238,42.1428,22.5947,7.25589,15.8523,5.68756,18,0.474639,1.43311,4.66276,373.024,45.0582,24.5947,31.1078,1.38627,28.3863,19.4521,4.96691,7.13259,1.8264,17,0.472198,1.11944,2.67152,175.694,15.6014,11.1855,15.9724,1.4767,13.8256,8.39327,2.65504,5.79483,2.73709,11,0.512454,1.05105,1.88109,258.514,27.2429,15.9929,15.9654,1.22829,19.2563,12.7653,2.83066,5.48809,1.47104,9,0.358152,1.17769,3.4395
gr00t_wbc_h074_p000,3719,complete,90,18,9.274,3.38313,0.0519992,0.0608546,261.294,27.0984,14.3232,30.2242,2.80985,24.5956,13.0673,4.33157,9.84498,3.25736,14,0.508684,1.13165,2.26792,171.38,17.1586,9.1648,26.3229,13.7463,13.6052,8.04743,2.40631,8.02683,5.70797,9,0.546713,1.12331,1.93351,349.133,31.4325,14.5891,37.0354,1.67028,23.899,12.0089,3.63832,6.59775,1.79685,13,0.454117,1.34751,3.77993,473.699,47.939,18.1255,23.1856,0.894199,30.306,17.4526,4.66973,7.30291,1.58544,17,0.581705,1.40316,3.34814,386.626,41.5724,18.1595,22.007,4.01263,27.299,15.7042,4.72386,6.02087,4.54403,18,0.497248,1.23705,2.69963,297.843,48.4572,19.2463,28.1515,1.53632,24.2089,17.2724,3.95979,7.07542,1.95116,14,0.634996,1.37632,2.45358,222.384,24.5516,11.0084,22.5927,1.54367,16.4334,9.50649,2.76903,3.58255,0.958334,11,0.543152,1.28792,2.26251,432.398,75.4387,18.352,26.2717,1.40762,33.6852,20.5513,4.74882,8.79204,2.73326,17,0.669011,1.20797,3.05996,430.267,41.2789,23.2126,91.876,9.00604,29.279,16.692,4.79301,14.412,7.85979,18,0.568315,1.27767,3.74117,398.66,40.0225,18.8078,23.4818,0.964622,30.4668,19.2233,4.70492,9.0291,1.7324,16,0.568673,1.28882,2.96193,618.996,61.9819,67.9308,331.326,101.891,45.2047,21.9555,7.74841,36.6259,13.2754,15,0.71832,1.33393,4.61127,388.976,37.8944,18.0114,30.5812,0.828354,29.9517,16.3653,5.4421,13.3061,2.81363,14,0.722002,1.53722,4.27998,526.283,58.6801,38.9076,254.831,13.6694,40.0284,20.6871,6.83743,27.6022,10.2951,18,0.722029,1.2615,3.21706,261.452,37.108,12.2395,13.4069,1.95758,20.7244,11.5797,3.37946,5.55588,2.39618,12,0.629367,1.47219,2.74951,388.159,34.3368,20.1102,21.3124,3.51089,29.5875,16.4454,4.69621,6.29306,5.17402,20,0.439946,1.20633,2.30077,255.08,51.1962,13.1535,11.7328,1.36847,20.9251,11.8769,3.24944,5.53927,3.80559,13,0.652739,1.03639,1.97444,297.553,28.1835,13.8305,11.5665,2.26523,25.0144,13.8125,3.97463,5.52809,3.6129,14,0.448273,1.24587,2.75512,364.672,36.8375,15.3255,8.16864,1.88289,28.6256,14.952,4.06196,5.303,2.88311,21,0.466155,1.00123,1.69118
gr00t_wbc_h074_p000,3720,complete,90,18,8.74392,2.23308,0.0161364,0.01787,288.809,36.6729,14.3671,17.9348,1.40958,23.7491,13.8605,3.71641,5.72553,1.87263,15,0.554432,0.96531,1.82792,231.657,24.2002,12.9425,35.5918,1.76981,17.7769,9.16538,3.14847,6.58309,2.51335,10,0.462063,1.27134,2.82354,179.933,15.8271,11.1585,19.5707,1.44424,14.7223,9.10221,2.8152,4.54905,1.09042,9,0.491609,1.14575,2.42775,197.07,30.5423,14.722,27.085,3.36653,17.276,9.64976,3.21774,10.2189,4.94813,10,0.566953,1.29274,2.95644,284.88,37.0176,11.6832,13.3797,1.24496,22.5578,16.6725,3.80195,7.56806,2.11449,15,0.426773,1.08974,2.39175,450.824,42,25.7115,85.2592,3.26246,33.7401,16.8132,5.85589,9.74598,2.57221,20,0.534804,1.27941,3.12794,381.72,38.8841,17.0709,23.997,1.60371,25.7882,13.3815,4.05337,6.84046,1.42628,17,0.475976,1.23309,2.6986,251.045,29.7394,11.6108,17.2864,1.47596,19.1343,9.4134,3.277,5.08143,1.13202,10,0.694773,1.61059,3.30085,290.559,25.7503,11.8295,13.4962,1.06044,23.5901,12.4806,3.76017,6.6302,1.58743,15,0.447127,1.15961,2.12395,283.746,30.9481,14.5065,17.2697,1.82229,22.6915,11.0024,4.03064,7.8343,2.80095,15,0.569599,1.19684,1.81306,122.091,11.7895,6.91699,13.7788,4.00885,10.8142,5.63298,1.75141,5.4537,4.16957,5,0.646434,1.79374,3.59822,83.7029,6.86581,5.52766,9.89438,1.15676,6.48661,4.00438,1.18503,1.87002,0.879871,7,0.364361,0.980968,1.11959,427.371,28.4532,55.7486,206.843,222.964,33.1234,14.223,7.53314,29.115,15.8888,13,0.451219,1.29949,3.0094,298.372,32.6489,16.9721,22.9061,1.68712,25.1963,12.511,3.65079,8.32922,3.37964,17,0.492691,1.00384,1.65765,191.856,20.3625,24.0908,19.4072,2.09705,15.3015,8.23781,2.51179,4.59582,2.07307,9,0.486656,1.15057,1.81368,292.384,44.2531,17.3084,14.9788,2.72406,25.5369,14.7447,4.01279,7.07478,4.12654,15,0.57877,1.29184,2.15003,432.499,42.2399,23.4914,22.8458,2.39015,31.1713,14.235,5.28059,6.32716,2.48974,15,0.551558,1.53986,3.95633,223.816,24.605,22.7421,50.9103,1.22275,19.2405,11.4716,3.57038,8.13494,2.15808,12,0.440061,1.16559,1.72057
gr00t_wbc_h074_p000,3721,complete,90,18,19.4379,3.21808,0.0170213,0.0258508,207.033,27.283,11.2511,16.5803,2.1724,20.5666,11.4575,3.38761,5.89382,2.83498,19,0.37236,0.761794,1.2975,58.6414,5.53518,4.31891,16.908,1.45229,4.93103,3.33637,0.840852,2.41343,1.88212,5,0.426913,0.947947,1.34607,150.227,19.6441,6.62764,15.6471,1.96001,13.6968,8.32834,2.14201,5.16179,3.59054,11,0.430471,0.98729,1.93816,215.88,23.9878,10.7845,17.8257,1.3579,19.326,11.7086,3.13541,6.04174,2.19254,13,0.435443,1.0276,2.0273,407.795,43.7771,29.4116,21.0181,1.92466,31.6243,15.9387,5.35359,10.4522,4.75515,20,0.592703,1.27326,2.70277,372.668,41.9842,15.8935,28.3568,1.7362,28.3106,15.1632,4.64339,8.81289,3.49344,18,0.600939,1.29384,2.50316,156.474,10.8756,9.80829,17.2936,1.0061,12.6069,6.6523,2.35263,3.56178,1.02416,9,0.463564,1.01277,2.30646,235.34,31.3284,12.0061,20.3649,1.60814,20.1857,10.4982,3.26033,6.66782,3.73931,13,0.518731,1.32295,2.77549,414.614,58.8495,34.8439,131.764,21.1521,28.7535,15.3952,6.21043,26.9663,10.0686,10,0.666824,1.33343,5.44686,708.328,69.1235,31.6684,22.9769,1.19923,49.0302,28.2669,7.06717,10.2508,2.38811,21,0.518026,1.52031,5.25714,1011.51,215.915,58.8103,106.154,2.42232,70.9629,47.9287,9.81322,22.7456,5.26721,27,0.724609,1.2567,5.53543,207.759,18.8763,9.34712,15.3428,1.22303,14.6876,7.53617,2.34071,3.09818,0.947793,9,0.586279,1.16426,2.04782,256.174,23.2172,12.3018,17.0287,2.42578,19.6994,8.22775,3.32523,7.56374,3.90782,9,0.561472,1.72579,4.51657,383.663,40.3797,22.6851,47.5161,2.10671,29.5076,15.7078,5.14519,13.1239,6.39444,18,0.518478,1.29359,2.55455,560.384,53.041,44.2599,36.0889,1.4217,40.7815,17.7905,6.58873,10.4853,3.43964,17,0.570564,1.79349,4.53254,1356.79,188.17,67.9146,100.276,70.1069,82.3456,44.1436,12.2977,32.6863,18.2498,21,0.726736,1.86715,9.65449,337.055,33.5992,13.4086,41.5543,2.01065,23.5591,12.9749,3.47537,9.55334,2.63441,11,0.570902,1.34293,3.37296,226.286,24.8356,8.65286,12.2991,1.01125,17.7683,8.57722,2.86366,5.36489,1.90795,8,0.445562,1.41906,3.29448
gr00t_wbc_h074_p000,3722,fell,45.9,10,16.3379,2.99349,2.58596,3.97,199.386,19.6808,9.99346,19.9131,1.0556,19.2451,10.2413,3.04508,4.46975,0.941077,13,0.439221,0.970978,1.82681,368.859,37.4153,21.4141,52.2742,3.17349,28.0419,15.069,4.58431,9.181,2.98544,18,0.511392,1.23769,2.11848,295.387,26.1885,12.2733,15.153,0.899627,23.8489,12.2509,3.72861,6.49822,2.34453,15,0.516713,1.22063,2.14071,264.407,29.7001,14.9738,21.2653,2.22337,22.1121,11.8129,3.60886,5.66145,2.0903,14,0.610291,1.20999,2.19043,265.863,26.7443,14.7756,25.95,1.01809,21.8406,9.591,3.93136,4.77669,1.50861,11,0.59506,1.50043,3.18718,432.106,48.7585,19.9735,50.6453,2.78414,34.1248,16.1652,5.82569,13.6246,3.20436,17,0.594901,1.53842,3.45169,177.64,18.108,9.53773,23.4617,0.99298,14.5924,7.3512,2.30153,3.32896,0.993989,11,0.390751,0.914417,1.1513,266.007,26.0322,17.9705,26.3595,3.02178,23.107,14.2963,3.80174,5.49555,2.3724,14,0.504,1.15135,2.30178,254.811,37.5741,19.7637,23.7525,4.10503,20.7554,14.4491,3.76028,6.73584,4.98547,15,0.4948,1.16284,1.89936,780.97,50.5375,24.5684,9.22482,1.24525,30.4418,15.8015,3.59967,5.52402,2.95979,7,0.365619,0.861324,6.0637,,,,,,,,,,,,,,,,,,,,,,,,,,,,,,,,,,,,,,,,,,,,,,,,,,,,,,,,,,,,,,,,,,,,,,,,,,,,,,,,,,,,,,,,,,,,,,,,,,,,,,,,,,,,,,,,
gr00t_wbc_h074_p000,3723,complete,90,18,25.23,2.61228,0.358921,0.438166,239.499,22.4227,12.8525,15.0894,0.806966,23.1931,11.3507,3.87721,5.15851,1.14041,16,0.420715,0.904598,1.37742,281.204,25.0008,15.1922,28.7606,1.83729,23.719,13.5472,3.83397,9.49384,5.41888,12,0.622654,1.44315,3.06409,225.642,19.8584,13.2543,17.3242,0.712401,18.3706,10.8964,2.90996,3.70109,1.15084,12,0.556989,1.1502,1.89228,341.5,39.4405,16.2922,20.9958,1.39576,26.9101,12.6196,4.83182,9.29952,5.2215,17,0.573501,1.36859,2.71156,295.193,25.6908,16.7848,26.0245,1.00791,24.2574,12.1561,4.12719,5.28388,1.60691,18,0.514967,1.14991,1.84129,238.123,19.0104,16.3409,23.5307,0.951233,18.6976,13.3019,3.35714,6.0283,1.73784,14,0.434872,0.99824,1.46175,146.133,15.5648,12.5688,22.6132,2.26932,12.6259,6.70198,2.68656,4.01349,2.33405,10,0.435662,1.09033,1.9192,382.623,42.4474,19.3743,29.1229,3.92622,29.8819,15.466,5.47731,9.84918,3.85866,15,0.60562,1.50455,3.68098,290.383,29.641,17.7836,14.4503,2.08582,23.772,15.5169,4.30853,6.68859,3.07012,15,0.664394,1.22826,2.68645,274.213,32.6237,14.3574,19.0403,2.90025,21.3844,14.4379,3.36806,7.42494,5.34308,12,0.584002,1.21847,2.36274,369.896,71.5386,19.9224,23.1045,3.59969,31.2015,22.4228,5.18606,9.97738,5.88348,17,0.547045,1.26443,2.79169,291.769,28.3,14.1891,23.3583,2.08277,22.2296,13.7594,4.06269,8.64838,2.44969,16,0.547448,1.02928,1.90109,404.962,56.0417,25.2327,16.9547,1.21594,30.2952,19.2807,4.38894,6.94789,1.89366,14,0.717814,1.33541,3.0857,144.856,16.5407,25.3783,43.168,192.803,11.5486,5.92397,3.16082,19.0746,15.3653,7,0.504247,1.17902,2.09816,215.239,23.1463,13.973,5.77744,1.49158,16.45,10.3892,2.82801,4.05623,1.62086,10,0.545341,1.29391,2.26294,375.092,75.7507,26.9348,14.1304,0.77298,30.7865,21.0335,5.36106,7.12416,2.05804,18,0.505234,1.23043,2.47649,222.484,43.1055,19.7306,23.0146,1.13892,21.6518,12.5095,3.29438,7.52298,1.26217,14,0.510212,1.17732,1.67443,1788.2,430.754,111.406,69.593,1.41983,95.1286,69.3831,13.0267,26.3435,3.52396,22,0.703839,1.54825,10.3109
gr00t_wbc_h074_p000,3724,complete,90,18,23.6441,3.71566,0.0448118,0.0656611,164.618,27.348,6.27321,17.0127,1.57724,16.7605,10.8156,2.477,5.96816,2.1698,7,0.507964,1.0836,2.50319,111.125,9.22902,5.3889,14.3152,2.95262,10.1445,4.83322,1.97297,3.71566,3.93999,8,0.377992,0.850194,1.32781,209.848,17.6635,9.20991,9.47951,4.2258,16.3172,7.89147,2.62189,2.03428,3.40591,11,0.508238,1.04859,1.78621,270.69,37.638,11.2272,9.12291,5.20272,21.6463,13.6104,3.44923,2.60331,3.49002,12,0.570808,1.28909,2.62316,284.382,23.852,12.9552,20.4329,7.38849,22.7163,13.9929,3.68741,2.2245,3.39031,16,0.524002,1.19789,2.60624,161.711,13.6005,5.17562,18.726,7.65279,13.0337,7.0986,1.92292,1.13766,2.16633,9,0.480425,1.07657,1.70595,218.806,21.3443,9.32071,15.9861,7.68826,17.3388,11.132,2.44438,2.15829,3.43335,10,0.569265,1.20441,2.19258,451.68,45.1862,27.3978,148.278,24.2573,37.2012,16.4969,5.95149,16.1789,9.68673,21,0.561056,1.09232,2.83424,444.083,62.3221,22.0456,34.1889,33.4938,34.8154,18.6056,5.15296,3.55916,4.76905,18,0.63211,1.33092,3.1705,553.321,67.4875,29.1065,46.4819,35.0378,40.419,24.651,5.76937,7.4256,7.23203,23,0.611016,0.975916,2.48926,582.807,101.258,38.7709,24.5087,2.76137,44.43,23.6358,6.24298,4.17438,4.18392,21,0.60039,1.30229,2.88069,195.858,34.1576,22.4175,5.72665,8.63345,17.55,10.8659,2.95047,1.25398,3.27259,11,0.510157,1.06577,1.80908,165.768,18.2864,14.0236,6.06506,6.82295,13.8175,6.24628,2.21597,1.17223,3.42303,10,0.40864,1.04709,1.76611,437.84,48.2472,27.6654,6.85953,5.47488,30.7958,15.9466,4.34277,0.814063,1.80745,13,0.438613,1.27499,3.35658,1855.45,343.726,98.133,23.0724,2.37616,91.8437,60.4361,13.2505,10.0087,6.02599,16,0.517626,1.41526,13.6895,1058.61,73.9461,135.441,350.228,293.747,70.7963,30.9017,11.7209,32.373,25.2019,20,0.468833,1.45505,4.51305,2283.84,289.32,131.843,77.2184,50.4512,114.974,58.5755,15.1508,11.0611,14.252,19,0.645626,1.69284,14.4977,335.813,35.4659,20.6888,52.363,23.2673,25.7926,14.481,4.40996,12.2783,23.3587,14,0.508818,1.27882,2.02055
gr00t_wbc_h074_p000,3725,fell,75.66,16,12.1621,7.66102,1.68755,1.79727,287.776,28.4555,13.9576,17.7451,4.16578,25.0057,12.2297,3.95469,6.67228,2.77238,17,0.482852,0.998775,1.65954,255.478,22.5313,14.9915,23.7554,1.69047,19.3358,12.7881,3.13883,5.13947,1.88235,14,0.456062,1.04934,1.99532,235.795,24.3722,11.8284,30.2184,1.96978,16.8757,7.99598,2.95832,8.02518,4.40754,11,0.488711,1.18314,2.82762,255.029,19.5811,13.6789,22.6078,11.0501,22.3626,9.51984,3.88635,8.77319,6.32601,14,0.539631,1.17957,1.89363,212.642,21.0656,10.5228,14.1612,2.0232,16.913,10.9057,2.89344,4.43304,1.44511,13,0.500343,1.07538,1.72068,167.272,19.8054,18.7642,121.163,4.81584,15.5489,7.72719,2.9756,12.9612,4.12281,7,0.460011,1.20862,2.92384,228.051,33.3373,16.9608,17.7265,0.99407,18.0848,10.4025,3.25803,5.87234,1.97203,14,0.486522,1.11385,1.64631,146.309,19.8006,9.73071,11.4822,1.34025,14.0013,6.83249,2.12064,2.87571,0.949689,8,0.470115,1.29597,1.97178,228.041,23.9153,14.7295,15.0439,0.892563,18.0585,8.50796,3.2395,3.90096,1.12267,14,0.450079,0.96344,1.10885,415.832,49.5732,19.7777,36.4997,1.7232,33.776,18.8672,4.91834,8.97558,2.22119,18,0.529299,1.29493,3.08426,264.456,33.1384,41.6108,58.4114,20.0974,23.9795,10.0796,5.61513,15.9165,11.5983,11,0.600424,1.44729,2.6273,322.954,46.5854,19.8703,16.2089,1.85795,26.1554,14.1369,4.48248,6.4415,1.89736,16,0.566102,1.16353,1.9136,720.464,73.6478,29.4185,17.351,1.48534,37.8438,18.151,5.0874,7.10014,1.90994,15,0.397404,1.63289,5.40617,690.121,71.4322,27.8293,45.6435,3.31934,45.8784,23.1297,6.99732,14.6955,5.05989,16,0.677978,2.00651,6.31962,482.443,52.8107,28.3239,102.021,5.33888,33.8046,15.8151,5.52827,13.982,6.12466,16,0.546702,1.37719,3.58107,2016.02,119.729,58.4177,15.3414,28.8124,75.9795,20.4745,7.72067,9.62176,5.464,2,0.348621,0.803284,1.17633,,,,,,,,,,,,,,,,,,,,,,,,,,,,
gr00t_wbc_h074_p000,3726,fell,85.84,18,13.752,9.91274,2.2561,2.91269,204.134,27.4605,8.29095,12.9275,1.37481,18.8883,11.2004,2.70706,4.5917,0.989198,9,0.468072,1.11974,2.15839,301.144,38.193,14.7518,15.2636,1.84493,26.0106,15.1215,4.18339,8.57365,1.59112,19,0.459441,1.0569,1.92949,270.266,26.2316,10.3409,15.3325,1.23352,21.5105,12.598,3.20151,6.08395,1.15626,15,0.513504,1.14672,2.3854,233.028,26.2317,11.9952,37.3168,1.21041,18.8503,11.9211,3.18781,7.53422,1.39148,13,0.405325,1.1056,2.3262,301.922,31.0997,17.8002,17.9615,1.15854,25.3336,13.6808,3.94839,6.55963,1.12531,15,0.595405,1.22243,2.22154,284.943,28.4535,18.3536,20.6617,1.34268,27.1975,15.7992,4.74979,7.97258,1.51213,24,0.407968,0.924364,1.44798,249.716,24.4387,11.376,12.9906,0.921553,18.4082,11.1034,2.99065,6.25337,1.10643,13,0.458566,1.05697,1.71571,135.86,13.9815,7.17183,11.2533,1.04315,12.0058,9.10161,2.00686,4.20732,0.95281,8,0.503585,1.24073,2.0532,242.517,27.0093,10.9426,12.9641,0.791718,18.8224,11.1777,3.03778,5.65655,0.990341,12,0.581979,1.18053,2.62995,311.994,27.9031,15.55,23.5959,1.23774,28.5645,15.6412,4.68492,7.45218,1.26031,19,0.466763,1.09066,2.06596,431.313,59.65,30.7393,90.5181,2.57543,32.4773,19.3679,4.76055,11.2193,2.80218,14,0.532924,1.11079,3.26569,800.015,61.1066,34.8974,30.082,1.34451,45.6533,27.6659,6.95194,11.1529,3.25729,16,0.501262,1.38472,5.56735,261.053,29.6844,15.8814,23.8028,1.4884,21.8961,11.8682,3.61535,5.3089,1.59564,13,0.537548,1.1989,1.83228,554.532,53.1542,25.8297,27.6306,18.7264,42.9103,23.4472,6.69205,19.3538,11.5374,22,0.484588,1.36522,3.9986,312.863,32.4225,15.899,19.8828,1.73493,24.006,10.2678,4.00737,8.53534,3.32846,13,0.522061,1.50528,4.12369,150.4,17.6885,12.6939,17.7782,1.2013,13.5874,8.04827,2.43048,4.64248,1.30924,11,0.414072,0.99891,1.55097,1085.51,200.996,56.0765,33.7707,1.37771,64.2645,40.38,9.14785,17.7885,3.0213,17,0.568455,1.4945,6.54942,1738.7,71.2565,34.0192,15.0356,0.340515,59.9318,20.7299,6.18485,10.3314,1.92319,0,,,
gr00t_wbc_h074_p000,3727,complete,90,18,25.345,2.63913,0.0333899,0.0404562,207.092,26.7677,11.001,19.6003,3.63126,18.1853,11.04,2.69398,6.67776,3.20973,12,0.463684,0.848578,1.59129,298.723,27.1311,16.6616,27.029,1.14935,23.5767,12.713,3.73022,5.08335,1.05006,17,0.522332,1.03464,1.84453,196.114,15.7551,18.806,42.5116,1.19872,16.8519,10.2305,3.14386,7.33155,2.84513,11,0.538302,1.15306,2.01355,261.829,29.1251,16.2566,29.8895,37.0956,22.5652,13.3576,3.59225,8.89351,6.24605,12,0.548089,1.38404,2.96478,266.738,33.0852,16.2072,23.4503,2.73044,22.819,12.1937,3.82681,6.61534,3.2879,17,0.473838,1.0085,1.8089,252.221,22.9639,15.9613,23.9301,1.50322,20.7664,11.1746,3.34288,6.43643,2.33085,12,0.589086,1.29537,2.9012,263.11,27.6552,14.977,24.2727,2.56332,19.3293,9.35017,3.2857,6.66498,2.93932,13,0.457622,1.26997,2.74643,328.315,29.9294,17.5159,29.0063,1.82001,25.51,14.9018,3.97281,6.245,2.21393,17,0.509046,1.07251,2.07465,293.244,46.3263,16.6842,23.0931,3.81559,24.3365,15.1338,3.86163,7.28223,6.3783,13,0.537983,1.27195,2.72846,326.863,25.014,19.8303,28.1873,0.857765,26.1508,14.5846,4.93552,5.91327,1.85211,17,0.476726,1.14014,2.5482,477.482,48.3358,23.6376,26.1092,1.81381,34.7497,16.6534,5.56671,8.00522,2.73104,20,0.504419,1.21986,3.13692,650.197,68.4581,27.9717,39.5482,4.29782,41.7855,21.9772,7.84679,14.8306,9.94794,21,0.549759,1.75818,5.56918,357.428,29.9867,14.5699,15.648,1.70663,28.5014,17.102,4.45884,6.00916,2.57554,19,0.494116,1.08739,2.11619,2054.47,388.734,105.55,28.6481,2.96475,110.62,75.9559,14.3944,22.207,8.39998,18,0.46081,1.38422,12.7207,464.496,48.4459,21.5328,27.9075,1.33633,32.3503,17.9113,5.56737,6.74479,1.84011,17,0.679245,1.46807,3.5355,236.574,62.0605,16.7455,23.5581,1.8289,18.9286,14.068,3.47434,6.93356,1.90007,8,0.656631,1.65756,3.37014,744.007,88.6307,30.7273,30.8366,1.70844,47.0883,24.1938,8.1042,13.7727,3.68761,24,0.418585,1.73989,5.6086,395.355,38.6218,25.3775,81.133,2.1176,30.9771,16.2892,5.01963,11.5035,2.4824,18,0.494682,1.14663,2.35277
gr00t_wbc_h074_p000,3728,complete,90,18,16.8219,2.92008,0.00935591,0.0156134,252.196,23.3716,9.93239,11.4318,2.04415,20.795,10.3047,3.40817,7.38491,2.92879,17,0.370633,0.834194,1.1943,173.287,19.7578,7.65253,10.2655,1.40271,14.1281,8.52339,2.07607,2.77061,1.55689,9,0.63178,1.09298,1.94603,234.402,26.4379,9.41819,21.1964,2.05992,18.1483,10.9095,2.99395,7.22742,3.58564,14,0.439369,0.933443,1.62094,195.635,13.686,7.32926,10.6962,1.25636,16.4768,7.85564,2.86174,4.27351,2.56495,9,0.575205,1.39128,2.73441,208.749,23.3743,10.0212,8.12346,1.08754,17.5345,10.6731,3.09896,3.43319,1.51576,13,0.493466,1.04934,2.04428,260.426,23.7983,11.9604,8.18573,1.52818,21.6919,10.0021,3.64393,4.32233,3.25851,15,0.427325,1.0235,1.70666,218.169,22.9317,12.2257,28.7725,1.55756,18.4925,10.2844,2.83713,5.91165,3.02967,13,0.47583,0.996657,1.65777,304.831,37.1446,10.5739,33.1127,6.22387,22.7083,10.9074,3.46008,5.10629,3.89715,10,0.606697,1.38702,3.67803,1492.64,98.4337,68.826,211.548,11.8965,83.2313,34.4245,12.208,18.3835,12.4392,22,0.525428,1.92328,9.86761,243.11,26.2816,15.6738,53.5347,20.8909,18.9081,9.70637,3.44423,5.09276,4.14886,10,0.545463,1.34207,2.47295,245.059,25.0319,15.0492,47.3884,26.8305,19.8976,10.685,3.29765,5.92246,5.6311,15,0.434583,0.96518,1.39081,323.337,32.7504,13.2047,51.0612,13.0344,26.4127,15.0442,4.91812,12.937,7.64728,16,0.507424,1.29345,2.64168,303.331,20.3972,13.0402,8.26123,1.1581,23.6503,12.4785,3.72826,3.90834,1.609,19,0.441997,0.984003,1.69902,393.755,36.4584,16.1445,14.256,1.31642,32.2413,14.761,5.07567,5.35095,2.1064,17,0.545889,1.34219,3.23511,297.627,33.1057,12.7715,22.3398,1.35064,23.8068,14.6021,3.59853,5.14136,2.64805,16,0.464538,1.05356,2.18519,397.133,36.769,12.9477,9.4035,1.40496,29.9644,16.1641,4.49416,3.12334,1.93307,15,0.506528,1.38153,3.92555,353.088,31.2532,13.7489,17.8939,1.14415,26.9343,15.5088,4.58414,5.05157,2.31409,17,0.513254,1.26495,3.05504,209.633,22.2587,13.355,20.1131,1.00919,18.325,12.8453,3.38983,5.25599,1.63504,14,0.433677,1.05203,1.87098
gr00t_wbc_h074_p000,3729,complete,90,18,10.7271,2.99215,0.0176525,0.0123991,167.993,17.783,9.74066,20.0468,1.47324,18.2134,10.702,3.66988,11.8755,4.68423,12,0.432918,0.965988,1.52247,167.595,13.9695,9.85355,22.9043,1.32662,12.4419,7.28376,2.2487,3.61621,2.30467,8,0.447693,1.06084,2.10561,252.35,21.5688,15.0874,27.9357,0.800224,19.8424,10.8876,3.09223,4.6671,0.900135,14,0.512342,1.07019,1.89438,192.849,18.2217,12.2746,23.2859,0.523699,15.3414,8.6233,2.55186,4.22948,0.947017,8,0.488264,1.43843,4.02793,245.31,22.2685,13.5418,17.4999,1.39233,20.9673,11.4295,3.56758,5.50891,1.79015,13,0.489224,1.19265,2.28885,260.62,25.8859,15.692,22.6098,1.77102,20.831,15.0872,3.82836,6.5994,4.42444,19,0.379075,0.870746,1.40802,146.595,21.1302,8.66238,13.418,0.838617,11.3295,6.06104,2.09478,4.6321,1.82206,7,0.559794,1.41852,2.4657,404.225,37.0132,18.151,23.2393,2.16445,27.0225,14.1115,4.06372,7.52225,3.52939,13,0.413664,1.05768,3.1875,103.927,9.13364,6.26007,17.9427,5.44243,8.41044,6.7237,1.33419,2.75814,2.28112,8,0.380306,0.899403,1.45121,380.776,37.3939,25.509,26.4173,3.98499,26.5458,14.5548,4.62376,6.92137,5.65434,13,0.557763,1.55603,4.15712,336.827,39.9054,25.1661,148.415,22.8327,25.5231,14.8273,4.11562,13.6659,7.98459,9,0.56954,1.49196,4.15521,386.531,76.2818,24.3606,23.0807,1.49454,30.6475,21.3575,4.62831,7.27862,2.32018,12,0.617691,1.38065,3.8227,277.805,34.858,20.3468,22.7321,1.26431,21.8015,12.7936,3.79069,5.01117,2.69443,17,0.516791,1.17496,1.65634,397.081,51.4744,38.2788,108.182,81.0862,27.7275,14.8553,6.14367,17.8631,15.7516,19,0.534615,1.20627,2.63306,212.126,21.6636,15.7263,13.5147,2.26907,17.1689,8.55666,3.03281,5.21861,3.11389,13,0.447245,1.07297,1.71599,223.778,34.7734,17.1964,62.1713,1.86728,16.2396,10.0672,2.60852,7.30013,2.45664,7,0.357461,1.54266,4.46685,411.386,56.9688,31.1795,23.6376,1.08038,31.2254,17.8437,4.75612,7.04797,2.54536,18,0.543785,1.24413,2.22906,120.841,16.837,10.1632,19.078,1.17212,10.8089,6.60106,1.89177,3.76795,2.07856,7,0.509932,1.07635,1.77059
gr00t_wbc_h074_p000,3730,fell,80.66,17,11.5112,9.20317,3.12353,3.60221,325.97,34.082,13.828,16.736,1.09147,27.4246,15.323,4.45803,6.46777,1.25379,18,0.453385,0.99228,1.90643,218.812,28.4039,10.3873,15.4446,0.909861,17.8543,10.189,2.67539,4.59426,1.11803,9,0.694951,1.37184,2.84131,254.036,21.9294,11.4028,16.9158,3.34173,20.451,11.9182,2.9563,5.52786,1.95705,14,0.402334,1.04584,2.43462,284.812,23.7387,13.7394,16.461,2.29786,25.096,12.8144,4.12336,7.57921,3.87026,19,0.40193,0.96359,1.79656,119.707,21.0758,9.28151,22.232,1.45928,10.0562,5.80353,1.75951,4.02053,1.0748,6,0.603568,1.27572,1.93582,117.342,21.1774,13.3605,20.8872,1.16409,10.7855,7.16323,2.03417,4.09085,0.919701,8,0.518047,1.04159,1.55917,271.198,23.7166,11.3948,18.7923,0.70301,19.3055,8.63546,3.39263,6.005,1.00693,12,0.401759,1.29926,2.93507,453.336,42.3122,26.2783,23.6921,1.43418,33.4897,19.8352,5.32755,8.96801,1.66595,18,0.48397,1.30941,3.01718,420.571,63.4664,23.966,22.7791,1.67028,32.9799,20.0451,5.53442,11.5752,2.94439,17,0.558722,1.35144,2.61026,289.652,25.4402,10.2431,10.3536,1.5429,22.7914,14.8688,3.37269,6.13224,2.22596,14,0.517614,1.20468,2.22998,293.971,28.4868,14.4251,21.1936,1.02735,23.038,11.4108,3.65072,6.5232,1.37991,12,0.608042,1.35228,2.42711,253.39,24.0812,18.1552,52.7804,5.3047,20.8018,8.74131,4.27164,13.2309,6.75634,16,0.488016,1.02,2.21077,348.294,35.364,21.9227,32.2314,0.941107,24.5918,13.03,3.86853,8.33982,1.39587,11,0.464155,1.42826,3.55342,470.979,41.957,20.545,23.9846,0.95433,31.5566,15.6668,5.47316,8.77234,1.49267,21,0.488022,1.16357,2.13353,430.276,71.3363,25.4794,25.726,1.31793,30.1271,19.0852,4.60934,8.32859,1.7603,16,0.4704,1.14325,2.51916,200.544,23.6519,16.4111,21.344,1.03906,16.4606,9.24706,2.94745,6.85991,1.40671,7,0.598744,1.57568,3.46112,1187.31,34.9624,31.7941,24.4668,0.768141,29.0473,11.3034,5.23698,10.7786,2.17055,2,0.492126,1.56404,9.7601,,,,,,,,,,,,,,
gr00t_wbc_h074_p000,3731,complete,90,18,13.7689,3.15327,0.329767,0.396497,218.455,23.5907,10.0235,17.5048,1.96075,18.514,10.2521,2.88891,5.52221,1.51998,14,0.391743,0.819604,1.36401,300.714,27.7609,14.7346,28.9474,1.4355,24.6153,14.2629,4.23697,9.28616,2.25557,17,0.485181,1.07843,2.47345,240.007,27.0579,12.5428,16.8115,1.1844,20.4095,11.4578,3.08531,4.56284,1.06436,14,0.561728,1.05527,1.99509,264.817,34.4035,14.9547,47.4378,0.953118,19.2289,11.9087,3.18716,6.23632,1.23889,10,0.501889,1.5369,3.14132,259.026,34.9498,15.2009,27.1258,0.856835,20.2362,10.6236,3.34117,4.99683,1.39831,13,0.557545,1.21939,1.96242,166.712,20.692,13.9068,20.1983,1.18628,14.171,8.97212,2.50916,4.13396,1.12652,8,0.561662,1.27727,2.594,303.563,34.6778,13.5463,14.8662,1.58894,25.4778,15.1691,4.43973,6.93708,2.1315,17,0.521157,1.175,2.44817,202.207,22.735,9.89693,10.9881,1.52864,15.4666,9.58233,2.54133,3.70104,1.43002,8,0.602745,1.32715,2.58136,253.868,21.0019,14.9296,11.8107,1.0865,20.308,13.9253,3.62265,3.53821,1.34374,13,0.571143,1.19761,2.42039,330.178,36.7554,13.4621,34.9133,1.47426,24.5129,13.1649,4.28534,10.0601,2.15949,13,0.512049,1.32547,3.36701,345.458,56.5633,27.1833,48.6061,1.72207,27.6185,17.0529,4.95352,9.09189,2.99517,14,0.641676,1.34838,3.27264,217.208,22.4134,21.6724,13.6404,0.863961,17.1034,7.96358,3.04457,3.46209,1.15331,9,0.458633,1.24601,2.16886,230.492,36.4496,20.0651,12.736,0.944163,16.8139,12.9461,3.19486,4.88221,1.28793,9,0.488084,1.26461,2.36572,475.025,85.0801,37.8642,37.9597,1.58206,38.6226,24.5486,6.51816,11.9623,3.57185,21,0.532713,1.29981,3.04989,395.365,46.5129,34.7327,26.1448,1.58512,30.2437,18.8825,5.90702,9.86866,2.49995,15,0.505165,1.41931,3.11245,758.868,163.965,41.5994,34.073,1.19678,56.8255,38.399,8.38634,17.5536,3.7181,19,0.666247,1.31908,5.11446,397.266,38.8831,23.656,17.279,1.04874,25.1869,11.9574,4.12137,9.34628,1.82383,13,0.50765,1.48076,4.20183,515.612,55.4293,29.1892,29.5381,1.63288,36.2403,20.81,6.20342,13.9616,2.91455,22,0.452201,1.42047,3.44192
gr00t_wbc_h074_p000,3732,fell,70.98,15,26.6983,9.87576,1.75508,1.6474,297.955,34.7102,14.0701,18.1136,1.75879,26.1449,13.4254,4.31866,7.25023,2.25137,15,0.470534,1.18121,2.36515,216.879,19.0279,9.43085,19.4943,2.25702,16.2529,9.13423,2.72228,7.61447,4.91014,8,0.513671,1.49571,3.70362,266.384,23.9589,13.8737,20.6636,1.58585,20.663,12.7228,3.44702,5.46482,2.66502,14,0.572257,1.22741,1.88789,308.885,33.6733,15.8812,54.1179,53.3234,22.538,13.9608,4.06967,11.4061,4.9796,12,0.526879,1.31543,3.34557,557.402,54.0029,26.6802,60.8432,1.52433,38.727,22.2577,5.84784,11.8936,2.09135,21,0.529586,1.34699,3.5285,331.09,29.2823,20.4133,26.9117,0.862923,26.2438,13.7192,4.11958,7.45868,1.2926,15,0.586167,1.23215,2.43751,266.824,32.0807,24.1258,61.0203,1.4593,20.5289,13.9254,3.54472,10.2439,1.94434,10,0.541555,1.30931,3.3248,387.273,65.3237,17.3422,27.2918,1.1131,31.7891,22.447,4.69621,9.33115,1.40115,12,0.430623,1.34337,3.74777,978.387,72.3099,26.8565,34.2181,1.18571,48.2459,24.74,7.72491,10.6084,1.85523,16,0.415516,1.34197,5.59389,382.188,40.1369,15.4914,23.8981,1.32973,25.5982,15.1428,3.6905,6.80863,1.23936,12,0.67277,1.51067,3.62806,290.825,31.3818,15.5318,21.6317,1.23433,20.774,11.2732,3.53016,6.28178,1.25995,12,0.702349,1.30345,2.29648,152.126,18.7871,8.78815,19.1998,1.49228,12.5009,9.18262,2.06255,3.75808,0.924328,10,0.43885,0.997457,1.71169,376.943,76.4528,45.5289,118.119,8.4724,30.9322,20.173,5.75747,23.8706,4.66226,14,0.446131,1.33014,3.54092,1001.75,82.5099,48.773,40.8275,1.14007,64.9811,28.5053,9.33701,15.5374,3.228,20,0.445274,1.80635,7.92089,2017.74,518.153,155.91,390.308,125.173,65.9857,51.3458,14.2015,46.8038,19.8626,3,0.381866,0.854336,1.65086,,,,,,,,,,,,,,,,,,,,,,,,,,,,,,,,,,,,,,,,,,
gr00t_wbc_h074_p000,3733,fell,81.08,17,17.4252,3.42061,2.14329,2.88058,200.481,20.9623,8.11254,16.5455,1.86942,18.208,9.58927,2.87614,8.58656,4.00884,11,0.419549,0.947588,1.86764,237.455,22.9647,9.91997,16.2064,1.68454,20.0088,11.6406,3.04347,4.7835,1.60584,13,0.533612,1.20255,2.31435,273.346,32.9659,11.7533,10.4909,1.73636,20.5706,11.427,3.73667,6.06722,4.41042,14,0.448552,1.20917,2.80991,281.731,22.3667,16.1336,22.1565,2.15657,21.133,10.7741,3.64639,4.99761,1.85298,14,0.500862,1.07269,1.99082,231.278,21.9114,9.46211,11.8405,2.31566,17.347,10.081,2.47754,4.70339,1.71504,9,0.528258,1.05384,3.45847,233.918,22.618,13.1277,19.8463,2.39631,17.7961,9.37142,3.37441,6.36836,4.2277,12,0.518972,1.24735,2.48324,175.99,14.8282,11.2283,15.891,2.70814,15.4532,7.24864,2.66228,4.90318,3.93007,15,0.354518,0.848266,1.10072,196.471,39.4065,19.3863,18.8464,1.51982,16.2368,11.3147,2.85671,5.12087,2.31029,11,0.571485,1.19388,2.18182,522.826,70.0216,40.8128,204.429,4.16442,36.5717,22.3177,6.10726,14.201,3.53129,17,0.443421,1.11495,2.80371,216.839,36.7755,20.3148,23.256,0.749485,17.0777,10.1338,2.56069,3.65754,1.06969,10,0.634302,1.3648,2.6072,551.346,108.493,41.8444,119.284,2.75662,40.0817,24.447,6.57898,20.0264,3.76402,23,0.611003,1.10092,2.22896,242.285,30.5649,20.3819,28.3434,1.25563,20.6455,10.3071,3.57243,5.07059,1.22888,12,0.593021,1.41293,2.57885,985.696,163.498,62.0886,36.1318,1.36007,60.1645,34.4448,8.74125,11.0081,1.79452,15,0.558962,1.5037,6.96631,354.302,38.8679,19.7064,18.7446,1.78103,27.3518,11.586,4.90589,6.28358,1.50802,14,0.648587,1.4249,2.93225,366.957,39.5456,22.7197,18.7016,1.39489,29.3258,12.2105,5.32395,7.75356,1.86818,21,0.492306,1.13775,2.88431,394.122,44.822,17.1732,13.3078,1.6398,27.9994,13.9728,4.20886,7.20688,2.67695,15,0.514453,1.42287,3.52154,2687.78,358.01,124.828,28.9353,23.5288,72.1476,37.9745,12.4871,16.4415,6.62192,1,0.644325,1.12278,2.05597,,,,,,,,,,,,,,
gr00t_wbc_h074_p000,3734,fell,65.64,14,14.7153,6.24638,2.62575,3.43604,130.081,17.1856,9.05276,13.7427,2.43048,12.4919,7.87498,2.53942,6.66547,2.80679,12,0.375198,0.88877,1.43411,137.461,12.4015,7.12316,18.3372,2.88284,11.948,6.86971,2.13662,3.23853,2.86311,7,0.46835,1.12119,2.27169,327.904,30.3932,13.4053,18.9445,1.41734,26.4714,17.223,4.2195,6.44575,4.15065,18,0.488941,1.04266,2.35217,242.713,35.815,14.7819,20.849,2.45011,20.6197,12.5872,3.60469,10.8598,6.73857,13,0.619579,1.27236,2.32269,281.902,29.2482,18.9978,24.2819,1.19781,24.0442,12.4278,4.28822,5.01002,1.40298,13,0.595032,1.45917,3.14181,326.331,24.9455,19.9038,22.9602,2.4379,23.4321,11.6203,4.44751,6.26237,4.25591,14,0.564795,1.39389,3.1323,315.585,37.0931,18.038,35.3078,7.97843,23.1663,12.6028,4.23028,6.25612,4.29222,16,0.573631,1.27194,2.20788,268.485,21.902,18.2542,29.5292,2.38536,20.203,11.5797,4.33403,9.38668,5.95996,12,0.651629,1.29231,2.6153,163.824,15.6845,10.5366,9.14018,1.89434,13.419,9.34743,2.48394,4.04531,2.66332,9,0.490284,1.14377,2.0046,264.322,23.9321,22.5285,24.6436,1.95539,18.9306,10.3692,3.72987,5.98468,4.22509,10,0.615368,1.62872,3.78426,579.785,39.1651,34.5223,29.4941,1.63154,33.9095,17.1173,5.40372,6.98469,1.70812,13,0.587651,1.66835,5.22634,259.383,24.1524,17.1115,40.9998,1.84673,20.2745,13.904,3.7332,9.28135,2.42957,17,0.475564,1.03706,1.79986,349.844,31.2703,24.01,33.9221,0.652359,26.8004,13.909,4.74037,7.42955,1.37928,16,0.536387,1.28799,2.72874,1248.38,47.2915,48.1636,20.2628,0.290049,44.6539,11.2148,5.99632,9.17104,1.10745,2,0.416508,1.6431,7.39745,,,,,,,,,,,,,,,,,,,,,,,,,,,,,,,,,,,,,,,,,,,,,,,,,,,,,,,,
gr00t_wbc_h074_p000,3735,complete,90,18,10.0899,2.5441,0.0208245,0.032676,255.105,25.5367,9.3151,13.9828,1.31489,20.9677,11.0751,3.37987,4.99054,1.01697,13,0.482997,1.03354,1.95195,152.987,15.8419,12.6358,16.7248,0.991074,13.0108,7.9039,2.34084,5.32371,0.96449,8,0.460686,1.18483,2.32745,205.203,19.4476,9.95279,13.7151,1.51974,17.6466,9.78839,3.01449,5.16942,1.81111,11,0.542738,1.18746,2.026,285.422,31.2417,10.0345,23.1993,8.44803,21.2482,11.7168,3.34337,10.7558,6.74632,9,0.54351,1.34709,3.89996,330.224,37.4555,12.8717,19.7413,2.31765,25.8808,15.0431,3.81921,7.15186,2.37318,15,0.456636,1.14684,2.78866,346.933,36.3418,13.514,27.7393,1.57938,27.4956,16.9988,4.36465,10.823,2.22044,17,0.525155,1.15565,1.89128,472.523,36.5507,22.7766,15.6948,1.21877,33.4822,17.104,5.61807,8.20071,1.79325,15,0.703888,1.69543,4.49592,449.373,71.5324,29.4237,33.0171,0.829861,35.2608,20.9961,5.78386,9.29875,2.39151,19,0.563058,1.28257,2.52506,269.61,24.5492,14.0426,23.6004,1.41663,22.3639,12.1853,3.41919,5.0591,1.5148,16,0.515575,1.02516,1.46985,274.037,22.6378,11.7034,21.6269,1.81766,19.0195,9.33979,2.82814,4.68419,1.37584,9,0.383458,1.22642,2.58836,595.273,58.8224,33.4829,38.562,1.39857,41.7259,15.3167,7.0217,10.3645,2.67036,17,0.477538,1.75045,4.99656,310.132,50.2098,41.1286,105.765,198.653,26.4863,15.4937,5.13288,20.7048,11.4724,11,0.660418,1.40313,3.22037,279.55,58.4151,28.1792,34.3571,1.80888,24.8155,18.2147,4.42215,7.7927,3.40674,12,0.669344,1.37583,2.59725,381.997,78.683,26.1002,28.8388,1.31604,27.928,17.8843,4.95776,9.04466,2.43444,18,0.675176,1.28079,2.76784,281.945,23.6937,19.6157,23.2928,1.89732,21.1815,12.2577,3.89813,7.09849,4.40565,18,0.458678,1.00967,1.29547,260.321,41.5374,15.0038,17.3829,2.69283,19.2371,12.1101,2.83195,5.6542,3.66871,12,0.603062,1.1333,2.12997,937.609,83.2982,46.3325,58.3495,25.4251,54.0258,23.7172,7.71951,19.5667,15.4188,10,0.660034,1.84118,11.2108,360.634,38.7208,26.4287,51.5756,13.2204,26.9916,14.7209,4.55534,12.5768,10.7876,15,0.4651,1.28786,2.79502
gr00t_wbc_h074_p000,3736,complete,90,18,8.62504,2.11443,0.00695217,0.00783483,193.384,21.7535,8.55413,18.7329,1.79772,17.4144,8.34609,2.79076,4.81971,2.00844,14,0.316197,0.743561,0.992497,253.006,26.8887,13.0823,22.6929,0.85318,18.8201,11.1334,3.2668,4.71132,1.17965,12,0.554613,1.28234,2.44349,130.695,19.9548,6.99842,18.0426,1.6112,11.1704,6.32771,1.83891,3.99049,1.17118,6,0.579309,1.43277,2.54726,89.5657,11.449,12.733,43.9466,9.98282,9.09331,5.05408,1.69158,4.91687,2.74769,8,0.437962,0.970953,1.20822,286.943,35.1793,14.7895,34.2663,3.15919,20.1952,11.3016,3.54562,10.1323,4.91167,10,0.438034,1.52026,3.98022,211.638,20.1951,11.5823,15.0903,1.4767,18.4028,8.57411,3.56593,8.6506,3.95617,14,0.516637,1.08326,2.03659,302.925,31.3485,14.0259,20.466,1.23001,24.7258,12.2295,4.04171,8.41937,3.07417,13,0.543794,1.41742,2.91401,221.697,23.4117,14.4028,24.7264,1.0521,17.8769,9.78038,3.18416,5.98779,2.00979,10,0.480317,1.50692,2.84038,274.871,29.1427,20.3548,70.1603,2.42067,23.6399,12.9791,3.6751,11.6141,3.4912,10,0.403343,1.18095,3.1203,293.898,27.3935,15.692,28.7811,1.06247,21.101,12.2959,3.82666,7.28971,2.28734,14,0.517754,1.20339,1.60779,256.076,32.5333,12.2812,30.3955,5.59854,20.4226,10.743,3.24118,5.87116,2.19045,10,0.601378,1.40732,3.63728,347.355,35.2543,21.402,33.4263,1.88855,25.0826,14.662,4.82945,11.3347,3.92007,14,0.663849,1.38083,3.13887,657.467,100.218,54.8395,94.591,67.7136,47.6997,27.7647,8.10068,24.954,20.2085,19,0.481062,1.22707,3.8611,543.141,53.0555,27.5738,27.0044,2.29712,35.7234,23.2789,5.09977,9.3853,3.01977,16,0.54905,1.52615,4.78703,579.412,59.7368,27.6931,28.1353,1.06413,43.0675,21.8883,5.77106,6.99876,1.36389,17,0.592571,1.34012,4.32734,419.354,43.483,21.4183,20.4066,1.54469,32.1034,16.1218,5.01126,5.39197,1.51491,17,0.626531,1.3042,3.34256,167.203,15.29,12.6562,23.7135,1.84306,14.4238,8.18939,2.47395,3.16817,0.951305,10,0.551548,1.25272,2.14528,221.666,36.6702,12.3299,21.1758,1.2644,19.5992,10.231,3.13191,5.89186,1.60345,10,0.44423,1.22533,1.97589
gr00t_wbc_h074_p000,3737,fell,60.74,13,9.02388,5.65749,3.42729,3.80129,181.25,21.2736,9.75951,16.0081,1.33045,18.8892,9.52844,3.05067,4.96792,1.95823,9,0.53056,1.22961,2.41619,107.641,12.9505,13.0982,34.5313,1.57833,10.8213,7.02275,2.24902,5.86395,1.3919,7,0.525839,1.20892,2.18565,272.335,27.8891,13.6774,20.8194,1.40638,22.9791,12.7519,3.83729,6.00997,1.1679,14,0.528034,1.14545,2.10603,193.562,18.0244,8.60892,10.496,1.61194,16.2581,10.1122,2.47003,2.87694,1.45663,13,0.472467,1.01022,1.95803,219.796,21.6962,10.2287,14.5839,1.71608,20.3437,11.4985,3.35768,3.76034,2.33504,12,0.550312,1.24756,2.70982,219.8,25.3517,11.0008,31.9525,4.06066,19.9135,11.6695,3.35954,4.96207,2.92675,14,0.523558,1.04021,1.77828,474.326,49.6174,21.1944,23.4289,3.62134,26.9521,13.2563,3.75354,2.16688,4.27163,14,0.405613,1.29013,3.66571,231.073,21.9297,11.9095,22.0963,4.04349,19.3855,11.3431,2.83177,3.59166,3.74782,13,0.503993,1.21681,2.08551,283.59,22.1163,13.6064,18.2046,7.9249,23.267,12.8561,3.48165,2.46123,4.67856,16,0.42559,1.00521,1.98781,299.407,43.319,17.4924,14.5872,14.8921,25.9127,13.3511,3.88682,1.14778,2.18099,16,0.529324,1.08519,1.85884,286.542,25.4865,14.4478,35.0897,28.4569,23.1709,12.2235,3.51124,4.2785,6.69861,20,0.419858,0.848977,1.20569,353.564,66.483,17.334,29.534,16.068,31.6897,19.6864,4.55916,6.85901,8.98387,17,0.658761,1.08382,2.52023,2299.78,277.837,77.9324,5.87442,2.19259,63.4904,27.9411,9.77423,3.92746,3.07649,1,0.46434,1.34662,5.32358,,,,,,,,,,,,,,,,,,,,,,,,,,,,,,,,,,,,,,,,,,,,,,,,,,,,,,,,,,,,,,,,,,,,,,
gr00t_wbc_h074_p000,3738,complete,90,18,7.19121,2.83471,0.0106023,0.0220985,241.815,24.456,13.766,19.7629,1.55063,22.7559,13.8921,3.99704,5.29487,1.07193,16,0.409827,1.00462,1.58897,261.784,24.1304,16.8532,29.478,1.28508,21.5837,15.6537,3.52564,3.78666,0.998237,18,0.431568,0.974351,1.65273,308.713,37.8588,16.7023,35.093,0.781955,21.4021,13.8549,3.6184,7.12408,2.06856,11,0.455385,1.32691,3.48433,178.184,16.2616,11.786,39.9789,2.20003,15.09,9.95836,2.75536,7.61196,3.86557,12,0.464316,1.01676,1.6693,114.487,10.4294,7.07144,12.1794,0.71469,10.1382,5.9125,2.0234,4.01068,1.65747,7,0.568932,1.16178,1.92495,424.74,82.3055,21.5038,30.3832,0.944774,30.8046,18.8749,4.54466,5.91272,1.74964,16,0.600389,1.19296,2.5538,163.952,18.6371,9.32753,14.4778,0.969655,13.2735,5.66452,2.4137,3.15103,1.25187,10,0.477092,1.12791,1.68072,208.358,21.6146,16.9496,26.2221,17.0683,18.3972,10.3107,3.98187,9.44305,7.72221,13,0.511418,1.15457,2.00906,187.963,17.7665,12.4337,14.3502,0.960501,16.1799,9.38686,2.84074,5.62948,1.94743,14,0.433246,0.921223,1.28924,357.636,32.889,17.0806,9.60228,1.3143,25.5619,14.4708,3.89352,8.47693,4.57511,12,0.696728,1.4549,3.93554,291.134,59.9416,16.0854,8.30113,1.48609,22.95,12.7135,3.9592,7.04754,4.45693,10,0.508569,1.31092,3.16413,135.493,14.6673,11.2421,13.4382,1.60548,11.1382,7.3448,2.26695,3.44635,1.62468,8,0.552809,1.25932,2.13311,262.482,34.6866,15.0998,19.9461,0.875725,20.3863,12.5668,3.70766,6.66839,1.97059,11,0.42399,1.18014,3.05613,417.784,35.8778,24.3615,14.7677,0.525944,21.5895,14.0829,3.53718,5.69441,1.45829,6,0.525364,1.55847,6.47581,236.193,35.6072,19.6927,55.0105,10.5239,19.7329,11.2664,3.71464,10.3351,5.2287,10,0.46703,1.3757,3.16585,549.593,53.8692,43.5087,17.3715,1.44773,38.8368,24.5536,6.19261,6.79531,2.65759,17,0.543342,1.60727,4.79651,164.763,20.1896,18.1719,33.5107,1.10674,13.0826,8.31833,2.67247,7.517,2.10968,8,0.466217,1.21974,1.94109,211.286,24.1693,13.8587,10.0824,1.64446,17.3918,9.32844,2.68619,3.42206,1.38892,13,0.565562,1.0176,1.98091
gr00t_wbc_h074_p000,3739,complete,90,18,40.1879,3.19613,0.0379166,0.0333197,35.114,9.44789,4.61958,36.0143,5.00704,6.22048,3.91463,1.57178,9.75933,4.05158,5,0.365773,0.445386,0.834049,174.911,13.9932,8.86096,17.3763,2.19752,15.5135,9.35283,2.70762,5.85977,4.04675,10,0.526393,1.11803,1.87536,113.248,14.2415,6.53498,12.4015,1.09325,10.6261,5.92038,2.016,3.91952,2.5342,7,0.514018,1.18253,2.36429,257.482,21.4977,14.1969,20.4826,2.10233,21.4247,10.5169,3.96169,8.09994,4.13638,16,0.465905,1.06813,1.58967,286.176,35.1135,15.8667,20.011,1.03653,24.066,14.9425,3.76408,6.96868,0.998216,14,0.505494,1.21079,2.25945,404.905,37.2977,18.4676,23.751,1.01107,26.4133,12.928,4.16788,7.7548,1.21191,14,0.533995,1.49429,3.22271,203.287,23.5844,12.7885,21.2727,1.00719,16.5881,8.68924,2.72631,5.77303,1.03047,10,0.458783,1.30838,2.1294,322.102,32.7646,18.1851,30.9491,1.45268,25.3077,12.4315,4.2594,8.9398,3.01387,13,0.576619,1.35226,2.44106,288.74,31.8067,17.264,23.2361,1.26083,24.7675,13.0424,3.92766,6.84637,2.13802,15,0.481919,1.15726,1.92811,253.12,26.6727,10.4309,23.2773,17.3851,18.9945,7.57123,4.26209,12.2326,7.31537,12,0.495431,1.3462,3.23552,272.274,20.7301,21.7743,21.0805,6.45584,24.0382,11.4912,4.608,11.0548,10.1171,14,0.516534,1.21192,2.08005,226.341,19.825,11.9917,21.1379,7.22576,19.0359,8.35704,3.55844,4.8571,3.80422,11,0.54873,1.3304,2.61452,122.14,19.5294,9.26703,23.5804,2.55485,10.6203,6.25614,2.03597,4.37837,2.19914,7,0.497108,1.03692,1.44339,2232.9,535.132,115.535,54.7456,0.984707,117.752,86.4032,17.9742,21.1341,3.75682,21,0.673232,1.49755,12.8415,527.614,46.9075,40.9046,94.1373,8.043,38.7897,22.7059,6.62357,17.0487,5.47463,18,0.552213,1.46347,3.02073,309.66,33.1904,18.0895,30.3876,0.711708,23.7101,12.7357,3.78405,6.81822,1.40673,18,0.472799,1.00369,1.34756,217.772,20.901,18.5093,27.6512,1.08941,18.7257,8.99948,3.37109,5.98928,1.37544,12,0.494748,1.33972,2.04669,478.513,50.9869,32.5129,40.2555,1.08144,36.1584,13.9825,5.95906,10.0429,2.57118,16,0.490327,1.60365,3.82396
gr00t_wbc_h074_p000,3740,complete,90,18,10.1547,1.78165,0.0173478,0.0188265,305.839,30.4067,16.8561,11.8547,1.97718,26.5401,14.3283,4.10012,7.73396,4.49008,15,0.552314,1.13461,1.80472,285.691,27.7862,12.6577,15.5916,1.00094,18.836,11.4959,3.02232,4.89348,0.882502,11,0.381251,1.27457,3.29429,234.587,18.5449,10.4279,15.6827,1.24322,18.2745,11.1013,3.20154,5.82393,1.28982,12,0.507314,1.09285,2.10846,112.174,10.878,7.498,15.3734,1.0755,10.0367,5.27939,1.96071,3.47767,0.726371,6,0.573716,1.31044,2.18806,209.391,39.7055,16.9459,45.2148,3.07151,17.2774,13.3229,2.9139,9.8953,2.95362,14,0.513019,0.938767,1.92879,173.436,32.8939,10.1772,35.5469,1.476,14.151,10.9846,2.96307,11.8268,3.40069,10,0.482234,1.12416,1.8112,290.483,27.9394,15.2449,28.411,2.17937,24.5541,13.2839,4.00201,8.03914,3.05167,13,0.575904,1.30606,3.15895,230.097,23.5462,9.88667,19.1114,3.41038,19.7304,12.683,2.88373,6.16756,2.74838,12,0.449558,1.12782,1.97355,338.328,28.6285,16.3283,23.7312,4.24709,25.4187,13.9435,4.54239,7.56635,4.14038,17,0.468638,1.17026,2.59817,199.422,27.7435,7.94894,16.7352,1.59798,17.6408,10.057,2.99216,4.96982,2.73386,9,0.55313,1.34566,2.95095,163.946,15.0444,9.3273,33.2552,2.00075,14.1677,9.06634,2.47365,10.314,3.07165,7,0.57811,1.24831,2.70361,234.546,21.9014,11.5047,13.3738,0.945335,19.0953,9.70427,3.07266,5.74108,1.73551,12,0.524467,1.17825,2.27992,245.849,41.7572,20.535,39.7716,1.11744,22.5885,15.6653,4.09299,11.806,2.32675,14,0.499773,1.26843,2.29493,745.824,131.885,40.0893,35.629,1.45787,48.4379,33.6206,7.13847,13.7138,1.74707,20,0.589584,1.34378,4.51493,514.827,80.1447,53.7486,70.8058,3.3518,37.2911,23.9507,6.86505,16.2768,5.89577,19,0.5734,1.33397,2.98907,418.084,39.8437,124.68,299.024,85.719,37.8762,18.2052,8.66158,25.6857,16.274,16,0.53296,1.38941,2.92623,524.22,46.0505,106.606,203.374,49.4302,38.6525,19.0798,9.94527,25.3838,11.1163,16,0.418396,1.41848,3.85614,384.868,38.0776,39.7089,189.866,28.9981,28.7218,15.4513,5.63,21.8614,11.7084,13,0.505055,1.32232,3.49494
gr00t_wbc_h074_p000,3741,fell,66.16,14,22.4047,6.03554,2.5947,3.41545,138.857,15.7913,6.77119,11.2374,1.33986,15.8322,9.62542,2.807,5.25187,1.7233,10,0.410745,0.881482,1.41693,226.745,16.8503,11.8978,14.5246,1.04013,20.6672,9.85038,3.61557,5.51159,1.28518,17,0.413517,0.888199,1.56098,330.352,29.1108,18.6562,51.4304,2.50893,27.735,16.7948,4.63247,10.6885,3.59815,16,0.486552,1.14757,2.6835,291.793,27.1807,12.0726,19.6688,1.40292,22.056,11.3871,3.76567,7.17727,1.56799,13,0.483592,1.34742,3.43882,233.523,34.1279,13.2922,23.2665,0.969907,19.8894,11.1567,2.72331,5.64774,1.15042,13,0.61167,0.999564,2.31032,227.514,24.508,8.90464,20.8579,1.16426,17.5065,7.84563,2.91122,5.42929,1.61542,12,0.552552,1.14935,2.2658,164.664,17.1239,13.8014,71.1863,2.32967,12.6306,8.89544,2.35063,10.1956,3.52244,8,0.420358,1.15166,2.02195,283.141,26.8503,15.5531,26.563,1.98092,22.0007,10.8485,3.84319,8.12434,1.95129,18,0.44128,0.971005,1.71576,267.959,28.9657,15.9674,31.2411,0.830458,19.8905,9.99066,3.47616,6.93343,1.45117,10,0.495243,1.50005,2.89564,294.007,34.9499,16.4793,25.1214,1.82909,23.9083,13.0722,3.57971,5.79476,1.21775,12,0.594783,1.35231,2.70437,350.601,39.7633,19.3256,41.4905,1.58589,27.0572,16.5117,3.8887,7.83022,2.03994,14,0.649063,1.2159,2.65083,483.151,75.82,24.9644,34.5573,1.1069,37.3973,23.8567,6.12811,10.0517,1.66086,26,0.522937,1.06646,1.67266,326.503,41.321,18.1711,29.3708,1.01677,26.9291,13.0928,4.48825,6.78123,1.48576,15,0.688541,1.42753,3.07627,3270.46,556.457,76.4952,60.2237,1.12724,99.6433,53.9395,14.0171,19.7783,3.41392,1,0,0.534026,0.102051,,,,,,,,,,,,,,,,,,,,,,,,,,,,,,,,,,,,,,,,,,,,,,,,,,,,,,,,
gr00t_wbc_h074_p000,3742,fell,80.9,17,13.3846,8.50647,1.80815,2.53343,198.218,24.1924,9.96361,16.2926,1.33239,18.484,11.0606,2.98628,5.04089,1.04302,14,0.386208,0.843801,1.35299,258.015,19.9344,14.7501,16.4025,1.09939,23.9524,11.873,4.10398,6.80527,1.14475,21,0.383318,0.879791,1.25919,419.722,37.9278,16.9799,16.3676,1.33386,30.5766,17.944,4.72538,9.29369,1.49675,17,0.581841,1.19434,3.02913,223.67,27.6197,8.64036,13.1334,1.5009,16.1671,6.71943,2.85755,5.63055,1.01612,9,0.496301,1.4927,3.3189,197.095,20.067,9.12821,12.7712,1.13137,16.7547,12.6113,2.8338,5.15097,1.32044,13,0.469766,1.06636,2.02775,278.38,22.0173,13.7999,13.4511,2.3755,25.5193,14.532,4.3406,7.62772,1.73852,21,0.393344,0.915964,1.81516,252.341,27.8943,11.6241,47.2423,7.81859,19.0286,11.7815,3.65012,16.7963,10.3706,11,0.574594,1.24758,2.35222,287.345,36.7921,17.3047,20.866,1.79434,23.8418,15.126,3.97521,5.46775,2.99868,14,0.56499,1.34376,2.76662,284.492,32.7744,16.7425,20.2673,1.46995,22.4695,11.7583,3.39279,4.09093,1.74813,11,0.501915,1.36344,3.41105,216.995,31.0863,23.0662,27.3545,0.856237,17.2757,9.60712,3.29505,4.44,1.33688,11,0.573545,1.20707,2.09826,285.662,31.2961,21.777,23.8635,1.1079,23.7905,12.0993,4.13549,6.45567,1.44618,13,0.404427,1.28626,3.14086,270.945,25.7159,27.4443,26.8534,1.15837,21.1727,8.84278,4.24207,6.91684,2.03831,16,0.424248,1.18983,2.0655,650.584,183.95,36.3548,53.7025,1.9171,47.6131,36.092,6.98369,15.6568,2.94842,16,0.699276,1.51993,5.07457,609.352,66.1539,58.9057,123.089,6.78479,43.7338,20.7998,8.15426,23.6988,6.88713,19,0.479069,1.66281,4.45565,309.178,53.0048,30.5161,81.8622,5.03411,21.9363,12.8113,4.23048,11.8704,4.39612,10,0.530147,1.42344,2.69387,298.174,49.4163,66.2514,23.4509,1.92881,23.6842,13.2892,4.66301,8.20034,2.67861,14,0.590662,1.13286,1.63705,1049.16,61.1907,32.876,19.2358,1.31781,43.0984,17.7634,4.437,9.19673,3.19164,8,0.860516,1.0923,11.5962,,,,,,,,,,,,,,
gr00t_wbc_h074_p000,3743,complete,90,18,8.26151,2.87218,0.0188021,0.0152635,306.287,29.6823,15.009,19.9244,3.17119,27.9667,15.4607,4.40725,8.68905,3.80211,22,0.364923,0.837797,1.60135,272.026,32.2945,14.4387,18.3116,1.37097,22.0037,13.2398,3.83213,7.08595,2.14098,13,0.611281,1.32605,2.44775,282.599,30.3757,12.6141,12.5127,1.03631,21.6099,13.2203,3.26222,6.20578,0.991361,14,0.598524,1.03815,1.97791,263.454,20.1051,15.4985,19.7708,1.50619,23.9584,13.0335,3.94623,6.60702,1.11116,19,0.438029,0.950248,1.47763,147.284,15.2401,10.7663,24.2574,1.50699,12.2818,7.0031,2.28975,4.44144,1.15817,8,0.496835,1.28457,2.40931,309.656,27.4066,17.4757,30.8774,0.989021,24.803,14.0041,4.28716,5.43262,1.5393,15,0.505978,1.277,2.43836,168.117,17.0212,19.8658,98.376,2.22701,14.5457,8.93377,2.66857,7.65082,2.03956,8,0.517255,1.23014,2.30861,428.575,29.2548,76.4374,221.787,30.5752,30.2799,13.1189,7.66244,21.3997,6.57851,18,0.41631,1.10029,2.1384,210.517,25.3385,30.7566,109.341,3.88734,17.8931,12.5742,3.21988,9.75234,3.02382,10,0.503433,1.29102,2.11861,418.158,57.5067,29.8541,144.013,7.21928,33.0641,18.6394,4.99382,14.0879,5.97249,16,0.50623,1.26862,2.32925,167.12,18.195,10.1647,16.4097,1.24765,12.7555,7.68441,2.06868,4.35907,1.11692,8,0.503834,1.13832,1.54897,224.767,21.4702,8.968,9.34131,1.88315,18.2365,10.4498,3.15902,4.9193,1.79279,12,0.501499,1.31701,2.14661,301.161,34.1551,16.3244,28.2007,1.27859,21.366,11.5669,3.63508,4.91917,1.51551,12,0.449476,1.38728,3.17126,374.33,35.8948,41.2085,79.6248,13.6524,27.0132,14.6483,5.2635,12.9938,3.98368,13,0.556643,1.54222,3.96862,294.697,23.7198,15.6641,22.2183,2.18773,24.26,14.1647,4.2054,5.93063,1.49635,16,0.483952,1.15929,2.24112,165.779,20.7623,8.47205,20.4243,1.52129,14.0492,7.11508,2.29055,4.70672,1.3209,8,0.415151,1.05787,1.75721,537.524,60.4921,31.5997,21.0669,1.13732,36.0755,20.7186,5.65576,10.3591,2.32619,19,0.464449,1.26111,3.51617,241.007,27.4759,11.5509,25.6327,1.60987,19.1036,9.95841,3.21484,5.23008,1.39013,9,0.654371,1.56053,3.02498
gr00t_wbc_h074_p000,3744,complete,90,18,8.48264,2.25687,0.00697627,0.0114478,234.199,19.1103,12.9352,19.6404,1.74165,22.5145,13.2145,3.68105,5.48094,1.17799,15,0.423287,0.998003,1.71542,214.271,15.8015,10.0015,17.2959,1.88138,18.0307,9.7262,3.30572,5.51977,1.54523,11,0.493708,1.24889,2.16483,191.122,16.0391,9.0031,18.2692,2.71988,17.1887,9.453,2.82486,5.03446,2.73052,13,0.42997,0.99327,1.61276,412.544,29.9952,19.5693,15.6301,3.26165,31.5596,15.524,4.91512,10.3223,6.67477,15,0.532813,1.43475,3.62086,131.591,13.3272,6.00793,11.77,1.805,11.4338,6.58757,1.78901,4.00629,1.81501,8,0.447513,1.00918,1.7774,86.4349,9.88132,7.195,25.8734,2.00552,9.34952,4.65371,2.11925,7.67868,1.907,5,0.627509,1.29839,2.13522,162.529,17.5405,10.3939,44.3869,5.84042,12.6426,6.62704,1.99991,10.9468,5.72459,7,0.581264,1.20183,2.7403,279.328,23.9164,14.7917,18.5333,1.27085,23.5058,12.5381,4.1378,7.58742,1.07912,17,0.469628,1.05175,2.04098,288.795,24.1449,14.3681,22.0131,0.851379,20.5428,11.4543,2.96421,5.76282,1.10106,11,0.510206,1.18635,2.53237,349.221,33.8911,16.3166,27.1578,1.10152,26.1626,15.7126,4.20557,5.68152,1.36992,16,0.583258,1.23326,2.31723,295.816,26.0514,17.4809,22.1568,0.925592,20.647,10.0005,3.80054,6.06972,1.12489,12,0.404445,1.45752,3.55738,101.547,10.1165,6.66167,17.6212,0.581734,12.6117,7.85394,2.27798,4.2953,0.932777,9,0.301728,1.12789,1.67536,337.712,34.528,19.7499,26.4036,1.18957,23.054,12.9723,4.16995,6.76977,1.53655,14,0.602354,1.38867,2.58307,618.611,63.0525,49.552,48.5047,4.44184,43.0495,21.6111,6.78169,15.8215,5.06928,16,0.564065,1.72658,4.65825,1797.35,107.397,100.482,28.1465,2.86769,75.1399,34.9425,11.0833,18.912,5.30841,24,0.510046,1.43252,7.49024,541.4,33.3014,17.4455,10.9011,0.999722,31.7171,14.0514,4.11099,5.81777,1.49446,10,0.443357,1.36989,4.68526,318.999,62.8547,16.304,20.5529,1.1801,25.3697,15.8128,3.23065,8.72649,2.5081,11,0.664332,1.30905,3.18928,800.516,61.5287,24.1355,14.1193,1.53947,45.0954,19.3047,6.39534,8.24677,2.32727,14,0.360962,1.41253,5.8501
gr00t_wbc_h074_p000,3745,fell,75.94,16,12.5812,4.63119,0.96645,0.633073,153.635,22.8697,7.87678,9.97568,1.26703,16.6463,9.98624,2.49598,4.51369,0.939214,13,0.371183,0.748876,1.3234,182.65,15.9297,9.12077,13.5081,1.90334,16.0995,8.44716,2.83706,5.56998,2.06421,10,0.533039,1.1227,2.24662,286.605,25.9068,15.4423,19.3028,1.56153,26.3943,14.0038,4.29748,8.95342,2.57403,18,0.5174,1.06201,1.99332,385.942,56.8411,19.5305,21.6058,1.26771,30.4744,16.4802,5.56614,15.1693,3.82078,19,0.569183,1.10821,2.90607,340.136,30.113,16.8725,25.9889,1.34038,27.0168,15.4924,4.74284,7.44758,1.94229,19,0.524718,1.19164,2.33714,229.832,25.2726,10.7288,22.1844,1.50157,17.6103,11.7362,2.66528,3.78038,1.19115,7,0.596393,1.41263,3.93618,461.837,56.2773,20.7959,20.9173,1.09501,29.9332,18.96,4.75184,5.84525,1.67352,15,0.464941,1.51024,4.11703,210.937,20.5724,10.4653,14.9619,1.85567,15.9847,9.0889,2.36964,4.88894,3.2145,9,0.534245,1.20751,2.25194,180.136,31.1841,24.9193,27.7008,1.77048,14.3313,7.72764,3.60255,9.82822,5.67128,8,0.580866,1.57254,2.843,313.384,29.6959,19.4259,21.7028,1.28411,26.7028,14.0321,4.26609,7.11531,2.59854,17,0.561331,1.16643,2.01932,225.039,18.9848,11.1772,10.7003,1.8778,19.641,10.1357,3.38861,6.14343,3.57344,13,0.46657,1.16819,2.19985,791.857,57.2004,34.404,75.6864,255.669,46.2061,21.1048,8.73296,17.7555,17.5091,15,0.597635,1.48114,5.76484,387.423,31.3127,17.8673,43.3552,7.08157,28.8269,16.3414,4.49706,9.65709,5.17078,16,0.582613,1.39668,3.44364,210.646,20.6804,11.0689,23.8728,2.06998,17.1968,9.80153,3.04827,7.69974,3.44364,10,0.562461,1.47458,3.02229,343.739,30.4989,20.8382,79.7199,140.014,28.4276,14.3374,5.89661,16.5442,19.2802,16,0.540171,1.23347,2.81133,2862.43,408.564,138.29,30.3034,1.74689,95.18,39.2233,14.2675,17.4062,4.99549,4,0.226362,2.20061,26.5033,,,,,,,,,,,,,,,,,,,,,,,,,,,,
gr00t_wbc_h074_p000,3746,complete,90,18,8.11961,2.48793,0.0309403,0.0328286,297.677,36.7562,15.851,20.7444,1.29466,27.625,17.2233,4.43898,7.22369,2.51959,21,0.454531,0.962714,1.73972,248.029,23.9769,11.5321,21.5025,1.34925,19.7341,10.9835,3.4775,5.54927,1.32999,11,0.554182,1.39058,2.86727,129.664,12.4615,19.4157,42.0105,2.41087,12.5594,8.09703,2.44959,8.82998,4.22312,9,0.497405,1.07594,1.62673,144.226,16.3123,9.09062,17.6322,1.14387,13.7841,8.3978,2.38146,4.40032,0.929943,11,0.49782,1.03891,1.77234,248.699,22.411,18.0482,57.0044,1.99436,18.7192,13.2093,3.23631,8.60385,1.83827,12,0.452706,1.15779,2.47683,153.863,23.7231,11.9099,25.6248,0.893186,14.3922,9.01251,2.67622,6.61104,1.14485,12,0.51324,0.956708,1.87271,198.919,22.6721,8.76627,15.3656,2.19472,14.8102,9.68662,2.57336,4.41039,1.55718,11,0.46334,1.10177,1.48099,246.113,28.3438,13.0671,19.0535,1.58044,19.6752,10.5253,3.50636,6.48415,1.39919,12,0.509891,1.34286,3.12406,230.172,21.0224,10.1927,20.2295,1.12824,18.6916,9.49375,3.33358,5.24953,0.892373,10,0.587368,1.32517,2.50235,365.365,37.2668,42.2475,122.869,8.28586,28.6088,18.3168,4.97046,14.7568,3.87469,24,0.324752,1.02868,1.80996,294.232,43.4317,17.4593,21.6158,3.14604,26.0202,17.2572,4.30302,8.09139,2.22936,21,0.479011,0.892365,1.4432,1000.34,85.8583,48.1025,52.679,24.7316,60.0854,28.5127,9.10071,24.0363,12.0733,19,0.490523,1.65001,7.27067,125.875,12.4367,7.22592,11.1891,1.29909,12.0117,6.62375,2.22402,4.66689,1.534,8,0.482958,1.10422,1.89932,156.424,13.8921,15.6481,45.4946,23.6901,13.9808,8.65253,2.81984,10.2604,6.88511,8,0.523027,1.1162,1.87745,1224.67,63.8946,47.1059,16.9021,2.23849,46.9458,27.3101,6.96293,8.29551,4.75796,19,0.489416,1.21294,4.78408,634.655,69.713,26.1251,15.3755,8.29025,39.337,21.093,5.34544,9.03992,9.47781,17,0.405249,1.26203,4.37509,233.938,28.6812,12.6436,21.1559,6.17781,16.3842,8.04827,2.88995,8.67155,7.98498,9,0.462813,1.55359,3.94185,242.616,21.3676,12.9669,15.0511,1.21992,19.7792,13.8401,3.50671,6.08691,1.59624,14,0.49044,1.12654,1.52415
gr00t_wbc_h074_p000,3747,complete,90,18,10.2241,2.82374,0.00436429,0.0083505,64.107,11.6699,3.45863,10.122,1.69229,7.41391,5.28444,1.1498,2.4007,1.07076,7,0.259665,0.570266,0.776445,141.554,13.0715,10.2106,17.7113,2.02609,11.908,6.47852,2.03964,3.5438,1.10779,9,0.401927,0.898427,1.50535,143.501,14.9826,5.97119,9.86115,1.61696,11.3639,6.94568,1.76755,3.21058,0.92853,8,0.456433,1.14986,2.27602,569.315,78.7531,22.244,24.5928,1.47261,37.6029,20.862,5.54522,9.14066,1.97238,22,0.679687,1.10237,2.74361,124.029,23.0846,8.26018,17.0776,1.87623,9.37945,5.98397,1.83232,3.79001,0.988642,5,0.58706,1.32783,1.83196,290.375,27.3414,11.8417,19.4296,3.88413,19.4342,11.3755,3.16291,6.95157,3.23262,10,0.580257,1.38197,3.24412,122.334,12.8406,5.73498,24.2461,2.7963,9.74673,6.00546,2.0878,8.50065,5.81644,5,0.698674,1.49227,3.16909,174.715,29.9563,13.3224,19.7705,1.88115,15.1244,10.6845,2.60034,5.14682,2.0809,9,0.535416,1.25333,2.06768,223.529,28.7225,26.6576,16.4219,1.10688,18.9123,11.9571,3.36056,5.52795,1.99137,13,0.500542,1.12462,2.05522,288.527,28.0495,13.9639,28.7979,6.16532,23.167,11.4421,3.73134,4.99623,3.02183,14,0.436804,1.20339,2.50704,940.748,105.705,38.8948,24.6009,3.45266,43.6209,22.6962,7.01728,11.6778,6.42399,9,0.417268,1.56449,10.2665,267.291,31.384,14.4582,17.3696,3.89399,19.3335,11.6989,3.24123,4.82277,3.21061,11,0.688191,1.4174,2.57381,414.435,36.708,21.3561,23.6839,2.50209,31.1507,15.8745,5.67876,13.6911,4.80977,17,0.518473,1.35489,3.82818,256.963,41.4944,14.8542,16.4707,1.43363,20.4362,12.51,3.64887,6.28113,2.38711,15,0.563778,1.04928,1.9102,838.265,68.497,45.4408,23.2568,1.12771,51.2019,21.6579,8.18259,9.6491,4.15825,21,0.57332,1.62408,4.61821,621.647,71.3749,46.4833,148.845,4.29317,42.0197,23.1892,8.05557,22.5775,8.7461,17,0.531471,1.57074,5.13376,291.551,31.7484,14.1983,16.3989,2.44142,20.1134,9.31328,3.68788,7.18678,4.69343,11,0.48614,1.60348,3.74559,293.924,27.4123,44.0619,53.1679,3.07598,22.7071,12.9687,4.5727,12.8806,4.8582,13,0.555895,1.42899,2.62605
gr00t_wbc_h074_p000,3748,complete,90,18,10.8759,2.03877,0.0253854,0.0260348,232.636,28.937,14.4105,20.5528,1.77519,23.7515,14.4247,3.90868,5.03454,1.11993,19,0.382042,0.90106,1.45999,197.907,16.4604,9.7503,20.9395,1.59762,16.5816,9.21154,3.11733,6.62616,1.45381,11,0.48834,1.18718,2.36559,208.356,19.0933,8.42136,11.9761,1.13272,16.136,8.43301,2.51666,4.92084,1.07342,10,0.5691,1.19498,2.01034,267.528,27.6707,12.4235,23.1287,2.06576,22.421,12.4564,3.47486,7.62024,2.97624,12,0.625722,1.38886,2.8032,212.854,28.9347,14.0705,18.2291,2.05832,17.5972,10.0319,2.76542,6.36743,3.31631,8,0.553917,1.56393,2.98839,310.567,34.0168,16.9215,24.3442,1.04517,25.6933,14.5983,3.98446,6.91851,2.20794,15,0.575965,1.35215,2.80708,206.96,24.5498,10.6774,18.7675,1.43065,14.5887,7.00923,2.72405,5.80608,2.78365,8,0.456826,1.47259,3.92677,335.886,36.0069,18.5216,34.802,2.26971,25.2304,15.2535,4.0571,9.34383,2.069,9,0.537856,1.54937,4.3169,144.981,12.9875,9.38328,18.2212,0.95747,12.3669,6.06934,2.11746,3.09735,0.899527,9,0.532295,1.24364,2.11401,267.28,30.011,17.1263,25.1415,1.00493,21.7838,11.2546,3.31102,4.63632,0.894582,12,0.617571,1.26188,2.13739,222.79,24.2791,52.4469,194.558,2.69582,18.3358,10.4346,3.9819,18.6218,3.06626,9,0.502047,1.29481,3.29459,232.614,29.4355,13.9563,20.082,1.13725,19.6864,10.1492,3.00893,3.93748,0.94533,13,0.520189,1.18778,2.2023,661.184,124.783,39.2549,33.2578,1.0525,47.1468,29.7212,7.1644,9.79681,2.44629,20,0.542005,1.38342,3.36008,391.006,51.2455,30.1644,22.5357,1.22189,30.2086,17.6711,5.04923,6.83975,2.52609,15,0.608121,1.55421,3.33015,290.917,36.7836,19.1079,21.109,1.43702,24.1107,11.8933,4.0864,6.84608,1.97644,16,0.539956,1.17524,1.69324,762.719,195.931,46.0198,32.0194,1.56059,52.0773,40.1338,7.79819,10.8172,2.86426,31,0.514077,0.921171,2.96786,286.603,34.2976,18.3768,28.4742,0.970505,22.447,11.463,3.5197,5.3253,1.55012,15,0.493431,1.10932,1.49317,336.943,45.3287,29.4268,44.1848,4.23155,26.8108,14.3384,4.35634,10.5097,5.34427,14,0.650891,1.26232,2.24957
gr00t_wbc_h074_p000,3749,complete,90,18,10.7562,2.48178,0.005741,0.0101937,130.626,15.6795,7.88841,12.1786,1.63089,14.2422,9.26746,2.33736,3.93806,1.88036,8,0.464816,1.07189,1.67435,188.816,28.9314,8.29644,22.0266,1.61449,14.0871,8.24431,2.27455,3.60756,0.977781,10,0.54276,1.08541,1.59758,277.682,24.1107,17.0461,34.2152,1.21342,23.8601,13.4749,3.7731,6.33314,1.3473,14,0.477968,1.29712,2.39401,342.877,35.7677,12.7761,19.1572,1.22949,24.1746,12.9168,4.19521,9.75529,1.95021,16,0.413019,1.38733,3.1358,197.074,16.1578,12.3917,13.5599,1.33562,16.7592,7.71997,3.04886,6.16978,1.47202,13,0.410438,0.930949,1.25585,198.3,23.3762,9.95744,38.106,10.6528,14.5727,7.92571,2.78087,10.1705,5.72851,7,0.485062,1.47467,3.35748,331.044,34.397,18.8963,19.6627,1.72021,25.9838,16.9649,4.25123,6.36696,1.28743,14,0.531485,1.29085,3.36076,281.56,33.5259,30.8124,40.9285,11.971,22.9787,12.7913,4.05732,11.0403,7.57276,11,0.67236,1.53905,3.08721,347.313,54.3044,23.7696,38.0923,3.1991,26.8772,16.1897,4.53089,10.5334,5.90987,16,0.609594,1.21773,2.60427,560.835,56.1397,30.8642,38.1684,28.968,44.2464,25.2043,6.24673,15.8744,12.8635,22,0.493151,1.30831,3.74111,590.153,50.3761,35.6205,29.7939,1.30172,35.5354,18.7467,5.70872,6.77983,2.29245,17,0.591483,1.38754,4.05262,597.094,55.6323,36.0759,103.083,4.32451,38.0804,20.6293,6.29109,15.3785,7.40256,19,0.562919,1.49517,4.49066,382.157,33.2124,20.2985,47.1378,1.4376,27.1978,14.9188,4.16971,8.24353,2.79862,11,0.586721,1.55593,4.79423,1025.91,249.005,50.9903,66.5476,2.79283,67.4122,43.7925,10.4516,21.4775,8.59561,26,0.687067,1.25742,5.4483,458.495,37.5541,24.2714,26.5589,2.54442,31.0619,14.8395,5.7897,11.8094,3.54689,15,0.681813,1.85054,5.20361,186.694,17.7702,21.237,97.8284,14.9459,15.018,8.2297,3.38511,14.7018,5.59141,10,0.528197,1.15921,1.81346,662.567,161.87,42.3469,72.8947,4.14056,48.4537,32.9504,7.60999,21.1883,8.47885,17,0.541693,1.24844,4.83077,426.704,43.894,22.1611,19.5368,1.21941,31.2626,19.3995,5.58537,10.4583,5.34513,17,0.570227,1.29691,3.35537
gr00t_wbc_h074_p000,3750,complete,90,18,11.6013,2.55471,0.0211368,0.0265847,235.987,21.7511,10.249,20.0356,1.40964,21.3169,11.3333,3.61994,9.32225,3.69657,13,0.420335,0.97042,1.51059,274.985,28.2772,10.2603,27.6078,1.48991,20.402,10.5162,3.17016,6.40437,3.1332,11,0.581931,1.46078,3.05075,158.035,11.5421,6.6865,9.68659,1.69494,12.3034,6.6578,2.10972,4.58531,1.26831,9,0.493913,1.20938,2.13724,242.07,22.0111,12.9294,27.9121,1.52266,19.4108,10.2314,3.2988,8.83765,1.79276,13,0.520417,1.08695,1.58442,299.716,28.117,11.4536,25.9974,5.19872,19.1001,10.0044,3.43692,7.12628,4.76751,11,0.449151,1.33726,2.48628,156.85,13.6536,10.6971,17.2206,2.60037,13.6822,7.08902,2.58462,5.30107,3.84322,12,0.410504,0.906186,1.4781,320.011,27.6902,16.0662,16.4057,2.07103,25.588,13.2384,4.29525,7.28027,3.69009,15,0.514164,1.31431,2.8308,292.387,56.8596,14.5061,18.915,1.13187,24.3439,14.5024,4.24688,6.16627,2.13682,17,0.714607,1.12318,2.10304,295.274,27.0344,10.8807,20.9497,42.4792,23.9306,11.8926,3.98754,10.2953,7.23783,15,0.52209,1.16097,1.92293,196.449,22.6739,8.3302,19.0538,1.2989,14.95,8.58209,2.8087,6.8401,1.65514,8,0.534107,1.31101,2.09238,303.469,29.437,20.141,37.9131,2.66594,25.4282,11.814,4.45511,10.8419,3.17802,12,0.574503,1.28293,2.99303,287.341,29.472,12.5426,23.5513,1.69594,22.9719,11.7474,3.5032,4.87254,1.05237,11,0.464414,1.38262,3.25131,201.91,13.1842,11.0934,21.4332,0.976227,17.0193,9.06505,2.97149,4.10612,0.928809,14,0.401045,0.967,1.40248,271.056,29.3963,16.8345,26.8832,1.0034,23.5026,12.0573,3.95961,6.70273,1.49549,14,0.565029,1.25119,2.02882,235.406,40.6598,17.5609,23.5611,0.759651,19.0331,10.6696,3.05484,5.61736,1.4145,9,0.634471,1.40574,2.28352,273.126,27.4439,15.4165,26.3586,1.5046,22.2881,10.5335,3.7047,6.95881,1.66387,15,0.546873,1.26099,2.3235,895.963,91.5878,48.6084,152.803,93.271,55.6224,28.3744,8.63066,23.5752,8.3204,22,0.426754,1.00707,4.35374,270.001,25.0894,26.5367,120.517,41.9432,20.5158,11.2508,3.79679,14.8988,5.43064,13,0.568733,1.04798,2.04227
gr00t_wbc_h074_p000,3751,fell,65.52,14,13.1819,5.23778,2.92967,4.21356,193.224,22.0625,8.8558,16.448,1.12657,17.9226,10.7265,2.79912,5.16301,1.42432,15,0.444692,0.70442,1.33632,172.843,12.8329,12.5946,37.0304,3.27675,15.3582,6.45235,2.57947,8.45715,5.42727,14,0.369024,0.835934,1.13296,93.5229,14.4045,8.48619,21.9041,2.52119,7.86432,5.46168,1.25295,3.1747,2.39653,6,0.515379,1.00138,1.52072,224.862,17.8772,11.9271,23.3237,1.23716,17.7793,10.4958,2.83011,4.40362,1.83797,9,0.45991,1.2216,3.15107,330.426,35.2042,14.154,12.0263,1.89819,27.1927,16.5576,3.80152,9.29582,4.06727,12,0.695135,1.40017,3.40648,236.861,28.6567,8.46741,12.0871,1.67804,20.1332,9.06593,3.58877,7.49688,3.62976,10,0.641087,1.6985,3.93993,376.415,32.8472,16.5382,12.6401,1.90829,27.5404,13.8827,4.84652,9.67134,2.61408,19,0.444058,1.07137,1.79336,162.749,14.3544,8.96945,16.2787,1.67714,14.3247,8.49473,2.72576,8.7302,3.10419,9,0.551127,1.05474,2.07094,239.121,26.9868,22.2599,137.588,3.50619,20.4142,11.4911,3.83589,18.9078,6.46058,13,0.568422,1.16541,2.1876,559.716,49.8061,31.9776,76.959,1.41422,43.4276,20.7214,6.84351,19.6329,3.26304,23,0.540593,1.34792,3.65381,766.759,115.037,25.6769,15.0487,1.29186,43.6036,26.0492,5.81813,10.1698,2.37538,16,0.786303,1.02604,4.74367,291.813,37.3356,17.895,81.065,2.37894,24.7306,15.598,4.46824,13.7857,4.69913,19,0.464535,0.974108,1.75631,222.44,19.6451,9.32945,7.93015,2.04968,19.7496,9.69225,2.87096,1.96149,3.43659,10,0.565148,1.43899,4.15017,1173.62,26.6573,22.0382,7.03116,4.18762,36.8683,9.51611,3.26388,5.45336,6.36798,2,0.163795,0.322026,0.334259,,,,,,,,,,,,,,,,,,,,,,,,,,,,,,,,,,,,,,,,,,,,,,,,,,,,,,,,
gr00t_wbc_h074_p000,3752,complete,90,18,8.80185,2.96395,0.00133143,0.00828879,332.39,42.8066,13.9431,14.3196,1.46775,27.6224,16.8275,4.18995,7.4201,3.68268,19,0.440293,1.04457,2.22132,364.439,45.5583,13.9125,15.5965,1.75597,27.2363,17.8269,3.75662,7.06034,2.05443,17,0.458952,1.11865,2.27175,244.656,21.6573,9.82096,12.8741,2.02388,20.8283,11.4034,3.27696,4.79376,2.37759,14,0.512414,1.04758,2.23321,299.756,37.5052,13.8266,14.5848,2.02967,26.0666,15.7504,3.9204,5.75659,2.51737,17,0.626996,1.09455,2.30197,243.573,26.372,9.7267,26.6862,1.55348,18.7916,10.4801,3.36353,7.81338,3.19766,11,0.49633,1.1705,2.53867,202.533,26.8792,14.5941,21.5721,2.2648,15.6652,10.3656,2.73261,4.2703,2.23086,9,0.561287,1.33798,2.82729,380.755,62.4239,24.4762,25.0675,1.13257,29.6364,19.6538,4.94433,7.54387,2.09846,18,0.598076,1.28996,2.51904,382.815,40.463,19.9999,38.7624,7.03069,28.7375,15.0303,5.06806,14.9647,6.11072,16,0.514333,1.37451,3.5546,408.937,42.0437,21.781,55.1026,2.04363,31.8149,17.5943,5.19504,14.7522,4.95476,19,0.637175,1.38767,3.05971,344.173,32.6252,16.1028,11.1974,0.90155,23.7046,11.6048,4.28287,9.14156,4.20772,15,0.547589,1.35561,3.72074,293.273,28.7824,10.6971,14.0003,1.69193,21.6419,10.0086,3.64723,9.01584,3.33759,12,0.504476,1.34128,4.18594,249.635,26.805,16.838,12.8192,2.02777,21.0474,10.9126,3.93223,5.50903,2.32963,14,0.577212,1.26658,2.85919,335.907,27.2309,22.4431,15.6327,2.05309,23.5078,11.3057,3.59019,6.86335,4.07303,9,0.64429,1.71099,5.51385,230.551,19.5156,12.256,13.0527,1.77415,16.8389,7.82841,2.63621,4.54508,2.0877,8,0.512526,1.27559,2.27641,314.646,32.3799,12.887,10.0592,1.91087,26.3079,13.5388,4.2822,7.48887,4.10894,16,0.539356,1.18575,2.04012,513.15,119.221,51.9126,168.08,24.6652,37.8394,22.0596,7.57638,23.0132,7.73509,11,0.873592,1.77475,5.32138,232.891,29.4063,26.7245,112.259,29.4939,17.5207,11.5604,3.37505,14.3956,6.673,12,0.458261,1.13233,2.57178,292.539,24.278,14.0072,14.2284,2.09705,22.9792,13.2776,3.72813,9.52967,4.55624,11,0.554915,1.29363,3.59965
gr00t_wbc_h074_p000,3753,complete,90,18,8.95527,2.6894,0.0113374,0.0167207,168.185,20.533,10.2507,13.5159,0.948268,16.6335,8.92852,2.6174,4.46629,1.37939,11,0.417307,0.903885,1.27303,295.779,26.031,12.9311,14.5502,1.10127,24.2277,11.5876,3.95079,6.20175,3.16189,14,0.570256,1.35747,2.50059,260.969,28.8579,12.975,14.8215,1.2279,19.2109,11.3706,3.25367,5.23388,2.64932,17,0.48678,0.983648,1.26992,383.635,76.9054,22.3825,20.8524,0.783057,25.6972,16.3916,3.61791,4.52746,0.802816,10,0.494383,1.38402,3.22384,223.944,23.5895,17.3306,18.7062,1.61915,18.916,13.0909,3.36195,5.49829,1.14568,16,0.418137,0.989523,1.33858,213.516,17.0876,12.144,13.3947,1.03409,18.1366,9.72479,3.21408,5.79995,1.27187,12,0.547262,1.20872,2.08652,311.316,26.345,12.3765,16.5451,0.989602,23.7596,12.1588,3.54453,4.80399,1.46059,12,0.481279,1.28673,2.69572,407.572,57.3929,18.9563,13.7846,1.18771,32.1643,18.4422,4.93529,6.32345,1.78969,16,0.654335,1.35958,3.21095,254.221,27.2173,9.5028,14.7756,1.05472,21.494,12.2414,3.18253,4.57136,1.38209,12,0.549,1.26582,2.51449,282.905,28.1814,9.50113,25.8315,1.12348,23.5007,12.8089,3.88217,9.16917,3.98701,14,0.478948,1.12423,2.3889,218.201,21.2621,18.7832,42.3497,1.4085,15.9957,9.05012,3.21587,7.82779,3.28192,8,0.496418,1.48783,3.57755,320.093,36.2951,14.3946,14.2562,1.20165,27.155,15.7576,4.26659,6.5356,2.12131,18,0.472986,1.07193,2.02674,308.921,35.188,22.9613,14.2048,1.54885,24.8467,14.5108,4.41129,4.49354,2.34545,13,0.585925,1.49614,3.06158,398.457,40.2137,30.4515,142.346,57.311,28.7675,16.6174,5.70606,19.0335,10.5702,15,0.372836,1.31818,3.08816,214.035,23.0284,9.56384,10.9868,2.47749,15.519,8.06197,2.62431,4.51642,2.04323,10,0.472536,1.23422,1.97296,275.113,28.4217,30.511,233.846,4.04385,24.9903,13.3227,5.93132,25.9743,6.66809,12,0.472281,1.2921,2.87703,264.032,23.5861,12.0535,11.858,2.82629,22.6173,9.72952,3.64182,4.82895,3.01166,13,0.543482,1.20046,1.94052,384.973,41.1982,15.6872,15.4421,1.43938,26.3591,11.9549,4.38819,8.35399,1.83763,16,0.485688,1.29243,3.21982
gr00t_wbc_h074_p000,3754,complete,90,18,6.55411,3.0851,0.0242469,0.0260673,136.285,24.5231,5.23149,11.6317,2.70577,11.0754,7.45476,1.80914,4.31913,1.73206,8,0.3245,0.860673,1.55646,168.551,14.1252,9.65313,10.4724,1.20937,15.3203,9.52083,2.78761,4.34862,1.04663,12,0.483452,1.02281,1.7237,245.404,30.9026,8.97864,17.0311,1.16101,17.8472,10.3682,2.62362,4.48422,0.951712,7,0.606721,1.66442,4.81694,201.457,20.6014,8.44187,11.3845,1.53762,14.9363,9.46754,2.39194,4.57363,0.920232,10,0.529543,1.08721,2.07643,232.037,18.2347,12.2061,11.8611,0.931543,20.2056,11.7786,3.49482,6.15,1.15486,15,0.503749,0.997116,1.78689,175.204,24.5408,8.27589,10.5883,0.69135,13.2665,7.74466,2.39494,5.84774,1.02399,8,0.620661,1.25442,2.0874,154.052,14.3214,6.90724,5.70506,1.26619,13.5441,6.35511,2.15123,2.66207,1.22766,9,0.523314,1.13231,2.52414,169.516,13.8294,8.27318,13.4494,1.37125,17.2601,8.0263,2.85896,4.10109,1.67953,11,0.524363,1.1323,1.79724,515.095,63.2955,18.565,9.30399,0.682669,28.5561,17.1088,3.70623,4.1718,1.47361,10,0.522577,1.43358,4.44758,338.99,29.8157,14.5417,9.6422,1.3216,30.0255,16.8195,4.80154,4.52964,2.262,17,0.498744,1.14554,2.58864,300.578,27.8763,11.8925,7.50674,2.83945,25.9414,13.9628,3.56193,4.88485,3.21356,16,0.576183,1.12951,2.0567,346.132,34.9843,14.0802,10.6787,5.03246,28.2291,14.6661,4.24739,5.00559,4.65653,18,0.485216,1.15477,2.12062,1261.39,87.4406,65.0143,16.258,4.52985,58.2094,30.3114,8.44793,10.431,6.73316,15,0.619745,1.65095,10.5184,337.079,39.681,14.1296,12.1754,2.88366,29.137,17.1866,4.38945,5.39484,4.53403,16,0.516853,1.45009,2.79997,526.685,53.5204,22.1039,12.0666,8.28086,38.7485,20.5428,5.46543,3.98986,3.37373,20,0.596226,1.36217,3.53149,435.468,68.6512,16.211,15.6035,7.25676,30.7715,18.5334,4.47624,2.75958,3.69227,15,0.573373,1.36906,3.72035,130.194,15.5086,5.15193,6.55302,2.9518,10.9356,5.783,1.50066,1.93115,2.656,9,0.473545,0.939828,1.90487,272.12,25.9108,12.6023,33.7783,5.66011,20.9113,10.228,4.05555,6.59134,7.07916,13,0.430384,1.11305,2.1797
gr00t_wbc_h074_p000,3755,complete,90,18,7.36295,2.62264,0.148149,0.109921,224.278,22.5367,11.7951,12.8581,1.8374,22.4609,14.287,3.53992,5.08553,1.03497,17,0.384668,0.843898,1.3546,236.073,19.1144,14.1278,11.8853,1.4642,21.1555,12.823,3.77257,6.36077,1.64434,15,0.482802,1.02819,1.91458,310.695,32.2219,15.5842,63.3862,2.67285,23.7615,12.4133,4.4782,8.23297,5.06492,15,0.598915,1.18621,2.73116,174.922,15.5593,6.45944,15.9994,1.75763,13.2513,7.71039,2.22575,2.42869,1.39367,8,0.535865,1.05241,2.4553,274.497,23.0726,11.7767,17.9327,0.999629,20.8995,14.6441,3.60193,2.29504,1.69236,19,0.392628,0.837466,1.87754,316.163,28.8263,12.8684,12.7336,1.42299,26.5803,16.0569,4.03021,3.50665,2.31939,18,0.514449,1.06014,2.32723,331.915,32.9801,13.0031,12.1374,1.10357,27.3975,16.4993,4.20372,4.63318,1.81089,17,0.501486,1.11591,2.54824,129.431,14.3456,6.91619,14.5339,2.72311,9.61398,4.98176,2.11655,4.34563,3.59323,6,0.430622,0.997056,1.8263,215.154,20.6216,9.67307,14.0585,1.25411,18.4438,9.9187,3.18737,3.74438,2.61502,14,0.429685,0.979111,1.78036,257.51,36.6355,12.6464,10.1171,1.36894,20.2797,11.3174,3.23063,5.58975,2.27472,11,0.671862,1.14503,2.53685,377.236,35.2367,14.7229,14.793,1.40052,27.3538,16.7046,4.28516,7.96257,1.66894,17,0.464196,1.09653,2.44158,213.11,26.4184,12.8862,14.0908,1.24493,17.2594,10.8849,2.94683,6.38923,1.4943,12,0.508558,1.08708,1.91415,210.703,36.7615,16.1784,24.5299,1.36515,16.7778,10.1089,3.20329,6.62579,1.42106,10,0.577648,1.27874,2.27086,261.025,28.0728,12.792,14.5948,0.728748,20.7241,10.9337,3.32596,5.79545,1.90709,17,0.41451,0.915823,1.66868,430.994,61.7895,26.4234,27.5715,1.02605,30.263,15.9871,5.30259,11.651,2.46123,17,0.480931,1.39342,3.46123,310.676,38.0443,22.7615,21.0463,0.722687,24.3802,13.9085,4.13926,6.49305,1.29897,11,0.564803,1.41555,3.36776,338.816,45.6644,20.1535,15.8221,0.639864,26.2143,16.6442,4.04945,6.94688,1.64284,13,0.70675,1.33876,3.08558,448.174,47.7565,30.0258,17.2692,1.09872,32.0099,17.7015,5.49472,8.80914,2.82696,17,0.520238,1.48479,3.76966
gr00t_wbc_h074_p000,3756,complete,90,18,19.9,2.96235,0.411658,0.47077,307.803,26.8951,13.7626,18.8439,1.41824,26.8831,13.0774,4.22028,6.00947,1.70611,16,0.459514,1.02024,1.71393,271.949,25.425,15.9189,47.5126,2.19864,20.6229,13.0227,3.48879,7.90885,1.64685,14,0.463013,1.12241,1.96077,158.943,12.4674,7.885,15.1067,1.48038,13.7067,7.33984,2.14335,3.85348,1.07431,9,0.482919,1.08571,2.0529,264.918,22.6762,17.1716,26.8407,1.85869,23.0838,13.6366,3.77033,8.32372,2.53135,19,0.456389,0.892067,1.71883,296.296,33.2694,12.2972,19.1286,1.12853,21.6763,11.9618,3.81187,6.45701,1.49096,14,0.524765,1.18501,3.00267,352.748,35.4424,14.3138,45.4088,3.16752,25.8493,13.6476,4.57642,10.2369,3.36677,15,0.505709,1.29111,3.06655,225.621,18.6758,12.6018,28.9961,1.89203,15.8618,10.0062,2.86343,4.35833,1.27248,11,0.469432,1.20289,2.27723,280.261,31.7611,15.735,21.1873,1.50363,23.2317,13.4871,3.73947,5.40945,1.71733,14,0.481644,1.06213,2.22394,183.62,22.3764,11.1395,19.4082,1.56095,16.0028,8.93055,2.75736,4.8179,1.47418,9,0.520925,1.28994,2.92413,469.317,48.4687,54.8766,146.825,40.8119,33.5771,16.3682,5.76516,20.6716,8.07015,17,0.537882,1.32189,3.19185,461.174,86.7246,36.5269,24.0005,1.04936,35.047,23.1591,5.26403,13.1623,1.95012,19,0.510421,1.38593,2.5249,293.105,33.8547,16.4154,12.5083,1.22256,23.7463,14.8492,3.38473,6.48031,1.13885,12,0.426346,1.34923,2.81562,642.732,73.2776,73.4056,104.764,8.62586,48.4345,23.1824,8.26307,20.7772,5.06616,22,0.506739,1.45695,4.24995,619.858,69.5637,36.883,14.1458,0.750427,39.7426,20.0986,5.64895,9.49887,1.677,15,0.514473,1.62457,4.23709,331.758,32.9286,29.4475,17.9969,1.06609,27.596,10.4935,5.1597,7.34384,1.50621,16,0.454008,1.37665,3.39652,303.242,60.9897,25.3934,16.4847,0.87204,26.174,17.0288,4.44793,9.09677,1.40497,19,0.406474,1.01094,1.75942,630.969,232.202,118.649,35.9229,2.00015,49.5155,40.0236,8.11889,20.3455,4.57098,22,0.432443,1.2103,3.81682,565.439,102.192,86.171,47.5789,1.66154,41.0365,26.8496,6.72612,15.8253,2.98419,19,0.58722,1.4252,2.95588
gr00t_wbc_h074_p000,3757,complete,90,18,10.4076,2.81342,0.0201959,0.0221445,199.948,23.1257,7.96622,10.3445,0.99844,17.1731,9.62404,2.71672,4.3689,1.11075,12,0.427273,0.882667,1.38007,259.584,30.4708,10.5746,8.92815,1.70657,21.0381,12.7602,3.21462,5.81722,1.26477,13,0.540057,1.16347,2.42043,208.475,19.7048,16.2864,62.7205,2.22452,15.4813,8.09939,3.23448,11.2839,2.22026,8,0.564307,1.40915,3.01763,135.882,16.9061,9.62955,22.5496,2.06564,11.3817,6.63377,1.90931,3.29604,1.00801,9,0.535723,1.03183,1.73605,111.854,16.9553,12.2813,14.6811,1.28929,7.93148,4.55611,1.70233,3.12708,0.86795,7,0.452661,0.956716,1.43105,245.771,25.232,12.9081,17.2442,0.825884,18.6021,9.92646,3.01199,4.00635,0.98763,12,0.461834,1.26863,1.80958,267.611,32.8674,16.49,29.5487,1.575,20.2957,10.9116,3.32002,6.32131,1.53227,13,0.540246,1.24951,1.64539,368.377,46.5496,19.6697,36.5581,2.78058,31.0406,18.3121,5.05005,11.3097,5.29795,19,0.482335,1.05687,1.91084,305.711,34.5469,56.4417,103.974,7.67761,25.4848,14.8165,5.43273,19.6668,5.43446,12,0.53545,1.26754,2.04761,177.08,17.5745,13.3891,16.6208,1.10666,15.0673,6.5037,2.76992,4.56889,1.02296,9,0.548408,1.42259,2.01562,507.794,61.6933,25.0903,13.1848,1.38542,31.1015,18.5195,4.18065,6.92176,1.84568,11,0.609816,1.52477,3.82716,1043.11,73.4159,51.0983,18.5357,2.18605,58.4405,29.7991,8.77798,10.9599,2.7041,21,0.553721,1.73608,5.42617,185.005,23.7179,24.3942,61.6517,1.85516,17.1943,9.09406,3.5518,9.79649,2.28398,12,0.433029,1.0536,1.40948,628.157,84.0524,34.9773,14.2729,1.09813,43.4522,22.4727,8.01721,9.0918,2.5322,21,0.494067,1.62855,4.77532,358.189,40.4993,17.787,8.6297,1.83841,27.9216,14.4153,4.44126,5.88094,2.36635,15,0.724937,1.34556,2.31892,261.312,24.236,16.1674,12.1148,1.1848,23.6983,11.9401,4.17829,8.17655,2.27377,18,0.57626,1.00684,1.76207,322.034,31.6991,23.5033,84.4633,2.46551,26.931,15.4143,4.52089,18.2966,3.3169,12,0.541817,1.60084,4.45897,292.395,25.7823,15.6617,9.92389,1.38435,24.5039,12.5639,4.34347,6.88623,2.07835,15,0.568006,1.31632,2.36669
gr00t_wbc_h074_p000,3758,fell,75.8,16,12.7131,9.74265,2.4479,3.85967,122.817,12.3639,8.63177,22.5113,13.0482,14.8558,8.26773,2.57253,6.76425,4.5376,10,0.430009,0.921019,1.5959,329.935,33.2999,14.8161,21.8175,1.06829,25.6178,14.4016,4.48086,6.90734,1.32509,13,0.602981,1.46224,2.76309,319.309,44.0023,18.2973,16.8489,0.773155,25.2943,14.8547,3.65802,6.21295,1.29698,17,0.564544,1.06905,1.87126,190.516,14.2769,13.7801,50.6061,1.75485,18.1271,8.41692,3.26402,9.38161,3.52829,14,0.404987,0.920508,1.20048,296.706,43.5096,24.7285,33.5463,1.364,24.4355,13.9963,4.0584,8.89907,1.54761,12,0.4911,1.32717,2.78203,311.223,42.2364,20.413,14.299,1.35309,23.874,13.8335,3.8914,5.45306,1.03999,16,0.534056,1.05197,1.45569,281.33,30.7959,17.18,17.1692,1.25698,23.0577,12.7206,3.85115,5.58766,1.31901,14,0.518581,1.21356,2.08677,343.461,29.5181,24.4333,28.9262,1.09066,26.135,11.6633,4.29916,7.82393,1.44093,15,0.411702,1.10416,2.40013,586.459,59.1431,48.5655,99.9316,8.57886,41.7999,20.3525,6.82069,18.0172,4.94434,15,0.554056,1.78044,4.89739,247.909,27.8446,15.3621,17.3019,1.33603,21.7528,10.8416,3.70466,5.58005,1.12773,14,0.483026,1.113,1.61523,637.393,74.353,38.8346,71.8107,1.46703,46.348,25.0925,7.46349,16.7651,2.69235,22,0.533788,1.47402,4.03308,205.003,19.9737,11.9536,29.0721,1.01364,17.7052,8.87712,2.94766,5.25899,1.16926,10,0.524419,1.12949,1.87042,324.776,29.7017,15.121,31.523,1.05954,24.3927,12.8116,3.50941,6.85084,1.29878,10,0.463467,1.22415,3.52367,387.934,52.0153,25.5234,127.595,1.89072,30.0721,18.3645,5.02058,15.6889,2.92233,16,0.608447,1.04751,2.78593,378.821,31.103,19.1626,26.3496,0.914341,30.9653,17.5497,5.07722,7.00744,1.07884,19,0.541282,1.1866,2.06846,1699.62,57.466,82.5453,21.1857,0.321381,42.278,17.813,8.07004,10.4667,1.16477,5,0.238556,2.06804,15.186,,,,,,,,,,,,,,,,,,,,,,,,,,,,
gr00t_wbc_h074_p000,3759,complete,90,18,6.9017,2.60571,0.00404902,0.0175789,299.015,27.1204,13.7242,17.3966,1.36695,26.8193,13.1904,4.34141,6.42484,1.94227,18,0.507423,1.00849,1.84761,285.569,23.4748,16.5233,34.2956,1.72688,22.483,11.3306,3.65669,6.0385,2.12209,13,0.546108,1.20983,1.94214,223.707,19.7889,14.8585,25.6528,1.04829,20.1712,11.2565,3.6668,6.19955,3.11806,17,0.452857,1.00525,1.62041,286.97,34.9594,19.3318,25.367,1.84585,23.0243,12.319,3.71588,6.3302,2.6758,16,0.5291,1.12707,1.80222,205.558,19.7572,16.1371,14.6896,3.71847,17.9829,9.23073,3.16281,4.14714,3.37025,16,0.443559,1.01738,1.68619,183.312,18.5757,19.3776,21.3818,1.02818,15.2649,10.7336,3.16944,7.14942,2.8879,12,0.422728,1.07886,1.53399,247.616,69.2706,25.4438,54.0152,5.364,20.1589,14.0817,3.71252,11.6531,6.44115,10,0.550472,1.5695,3.31537,710.525,192.767,39.5847,27.3957,1.24959,47.5471,35.6819,7.61355,8.75731,3.01138,15,0.630711,1.56598,5.21914,762.507,87.4344,101.24,162.578,71.2303,47.0581,24.3399,6.86523,21.1218,10.5116,16,0.383431,1.30236,6.0813,780.777,71.7999,50.6222,28.4891,1.62722,38.8146,22.623,5.68613,7.4657,1.82528,15,0.629646,1.18999,4.67109,100.452,9.86737,30.1477,78.8008,5.12804,9.18988,5.08459,2.05184,10.266,3.85117,6,0.441666,0.974321,1.37158,201.006,29.1067,15.461,22.6594,1.46674,15.1703,8.43598,2.88795,3.40191,1.09061,9,0.518903,1.19708,2.03877,351.997,40.4922,38.3762,105.577,8.69034,26.8767,13.233,5.17538,15.6711,4.76677,14,0.482137,1.27923,3.55249,711.952,112.552,75.2415,171.373,15.3715,51.655,31.2132,8.59876,19.1635,5.91472,15,0.772033,1.5329,5.71856,465.838,56.3525,84.2394,295.232,78.8431,33.2468,20.6646,8.33546,19.8156,10.0592,22,0.481597,0.958076,1.44236,93.6694,6.54065,7.06592,9.84082,1.30292,7.83294,5.95591,1.49699,2.83778,1.34725,6,0.450481,1.08795,1.52264,215.125,47.9995,22.96,13.5758,1.49344,18.12,9.93767,3.73329,5.90923,2.50079,11,0.464215,1.11456,2.04305,214.623,20.1682,11.025,8.91357,1.32605,19.5155,12.7457,3.10695,3.58592,1.54759,16,0.541813,0.932248,2.2617
gr00t_wbc_h074_p000,3760,fell,86.3,18,14.9937,10.5098,2.83886,3.59538,213.326,30.8327,10.7227,17.6421,1.09291,19.0856,9.91751,2.89727,5.39091,1.57222,9,0.570821,1.11887,1.89436,413.807,41.4459,17.0137,22.8326,1.37675,27.9571,13.1903,4.27627,6.94961,2.21896,17,0.480168,1.25516,2.77976,318.465,46.7937,16.8328,10.0902,1.64391,25.651,12.7078,3.92031,7.53971,2.34545,16,0.60172,1.22709,2.45824,409.089,65.29,25.624,12.2102,1.00435,30.7241,16.8185,4.56647,6.42234,1.81906,18,0.665669,1.26095,2.51362,250.205,37.2606,15.3726,12.7552,1.72614,19.9327,10.6896,3.18076,4.40452,1.58948,11,0.608007,1.32197,2.0529,359.486,46.9063,18.3564,29.8476,2.51185,26.6719,13.4679,4.12899,7.55671,2.09099,17,0.486602,1.17493,2.03615,224.56,27.037,14.5266,15.2586,2.35968,16.3367,9.42844,2.55455,4.83347,3.09525,8,0.486093,1.37542,3.11513,291.578,37.9909,24.0748,14.3576,1.74957,24.9172,12.3552,4.29464,4.75379,2.45264,14,0.635704,1.43782,2.25553,216.987,44.199,22.4807,8.37108,1.21574,16.43,10.6911,3.00599,3.95111,1.90068,10,0.606825,1.08628,1.70967,266.253,33.9278,26.8874,13.2621,1.37652,21.7328,11.1301,3.46695,5.04799,2.06705,11,0.643546,1.53046,2.62037,339.894,46.2155,23.2081,30.5609,1.28428,29.2516,16.9992,4.77188,7.081,1.96331,17,0.594942,1.52168,2.69255,407.281,61.9437,22.9145,42.5931,1.40456,32.3575,18.7068,4.95927,9.87881,1.92204,14,0.595788,1.54215,3.80217,226.956,23.702,13,23.8056,0.961008,19.6382,11.355,3.09901,6.82809,1.53231,9,0.599513,1.35567,2.85816,343.163,35.6747,16.5221,25.1247,1.67473,28.4051,12.6495,4.46158,6.8772,1.49125,16,0.535802,1.05177,2.73142,309.719,36.5346,18.6025,20.2482,1.53423,23.659,11.1366,3.57801,7.48595,1.61309,15,0.524483,1.32744,2.10235,310.239,53.9819,21.5455,26.7154,1.54732,25.6332,15.8271,3.65339,8.6617,1.53192,12,0.533581,1.45667,2.50209,1476.03,227.691,117.413,203.962,163.885,77.0276,41.2665,11.7971,35.4419,9.65127,17,0.39907,1.59496,11.1152,3194.89,547.811,119.641,38.8892,1.03131,104.374,60.9998,14.7646,19.3802,3.69148,3,0.196218,1.07723,0.915792
gr00t_wbc_h074_p000,3761,complete,90,18,10.293,2.62602,0.0118826,0.0119155,182.876,19.3105,8.98309,16.5337,1.03473,17.7525,10.6678,3.03124,4.86683,0.87886,16,0.318968,0.710814,1.09314,333.205,31.4959,14.2089,21.412,1.13093,27.6626,11.8672,4.35714,7.05523,1.19345,20,0.558548,1.14706,2.23904,315.236,26.2705,12.8872,15.6185,1.17791,25.474,12.5456,4.28604,5.83923,1.193,15,0.535698,1.29845,2.68138,176.552,13.7844,9.33342,12.5713,1.53458,16.8902,9.0626,2.94012,5.29304,1.13933,15,0.3566,0.899797,1.32145,280.562,29.3587,11.8074,21.9795,1.58254,21.2295,10.7306,3.86015,8.37065,3.04569,12,0.479319,1.2678,2.7481,153.166,16.7854,5.88017,14.2941,1.38429,13.6638,7.06961,2.38578,5.792,3.03021,9,0.467031,1.29511,2.67629,291.002,42.3139,17.0745,14.196,1.27632,24.4036,15.1034,4.02752,7.40173,2.04866,14,0.587304,1.33847,2.32508,169.433,17.7732,8.15781,12.3709,1.79176,15.5371,8.20855,2.38789,5.86366,3.44383,8,0.470583,1.16866,1.914,211.472,20.3326,9.22681,17.1779,1.38036,16.1852,8.24611,2.551,4.30569,2.01506,10,0.554203,1.12919,1.93013,537.24,75.013,25.8958,28.6011,1.3407,38.0072,18.6124,6.22291,8.80792,1.5984,15,0.612859,1.70724,4.52771,352.849,54.4432,25.1182,36.5741,1.6393,28.2,15.3921,4.47202,6.65338,1.49241,17,0.534212,1.17306,2.49026,571.864,137.525,39.3235,40.8371,1.12505,45.9204,32.4888,7.31263,10.6282,1.90619,19,0.613215,1.3424,3.67976,189.625,34.2954,15.9001,24.1151,1.98828,16.5351,10.9175,2.85685,4.96647,1.45767,13,0.586278,1.04553,1.76474,299.342,24.434,16.7433,19.4247,3.01616,23.9485,11.876,4.70349,8.51043,5.06462,17,0.495243,1.20319,2.17011,172.035,14.4897,10.4113,21.6078,1.38498,13.2171,7.1188,2.54875,4.48231,2.12238,9,0.447391,1.1839,1.77193,356.088,34.4696,17.746,29.0279,1.44746,24.5059,12.9256,4.13435,6.17079,1.86314,17,0.539623,1.23724,1.90818,450.806,44.8752,28.5159,25.9315,1.64179,31.4648,16.2287,5.12015,10.0085,4.9483,17,0.563427,1.30775,2.87417,292.378,37.8979,13.8181,26.8081,1.37103,24.8885,13.1327,3.72651,7.09692,1.9594,10,0.691714,1.68427,3.52899
gr00t_wbc_h074_p000,3762,fell,61,13,8.03759,11.0199,2.38616,1.24673,154.04,20.9324,7.3409,11.8016,2.25075,13.1831,8.84777,2.02933,3.83995,1.25426,7,0.455135,1.04319,1.54135,330.68,28.2854,16.3998,19.5067,1.2376,26.5631,15.0137,4.59444,8.55931,1.64026,18,0.506549,1.11581,2.2754,301.745,32.2677,14.0083,19.6885,0.778117,26.0117,13.1384,4.29442,5.87483,1.17775,14,0.630277,1.20754,2.34177,302.061,31.3841,13.3629,30.9513,1.09046,21.864,10.0163,3.75966,9.89498,1.8386,12,0.60029,1.57252,3.52646,219.406,28.9874,10.2112,13.6671,1.2867,18.3246,9.43767,2.71281,6.00652,1.23413,10,0.599122,1.32062,2.25271,157.329,31.7044,8.12975,11.8431,1.37137,13.2594,7.49884,2.22983,5.42276,0.937909,7,0.645968,0.996624,1.85969,397.544,30.8197,25.9906,192.427,81.0553,33.0853,18.4523,5.77518,21.3078,8.9331,21,0.485564,1.11041,2.26464,437.255,66.749,20.667,87.8097,2.41502,35.961,18.8919,5.104,16.7662,3.85211,15,0.69539,1.36872,3.94126,297.699,29.0994,13.0827,16.6431,2.8912,22.5379,10.3457,3.71633,3.84205,1.64838,16,0.528528,1.25845,3.12291,414.109,90.5798,18.7114,16.9614,1.89816,33.7878,18.8258,5.75522,5.58858,3.27789,17,0.599865,1.15984,3.27417,123.011,14.2562,5.85304,46.0496,3.09423,11.8507,5.95385,2.28125,4.43701,3.22059,9,0.394794,1.059,2.0854,153.958,17.1354,9.60448,28.7267,9.27404,14.5133,8.99366,2.48579,4.06274,4.45388,9,0.461194,1.04696,1.98389,3912.63,583.518,224.983,43.1699,7.61131,102.433,58.6216,19.6267,17.4833,11.8355,2,0.299141,0.58765,0.888016,,,,,,,,,,,,,,,,,,,,,,,,,,,,,,,,,,,,,,,,,,,,,,,,,,,,,,,,,,,,,,,,,,,,,,
gr00t_wbc_h074_p000,3763,complete,90,18,21.38,3.04414,0.329388,0.321048,156.823,17.9867,6.55039,11.1712,1.4097,13.7011,7.15053,2.04252,3.99353,1.70179,11,0.349598,0.737293,1.13079,158.737,19.3969,6.64122,14.6624,1.26679,11.641,5.38983,2.20769,4.13118,0.865481,7,0.685186,1.48387,3.33839,264.884,26.0396,11.8515,15.9519,1.01207,21.2096,13.2755,3.47533,5.9541,1.00206,13,0.576261,1.20805,2.14627,143.074,15.0697,11.0489,42.4749,1.45991,11.4644,7.24802,2.09368,7.51497,1.25302,10,0.391882,0.874308,1.48577,164.087,17.1168,9.39115,12.9239,1.72943,14.2801,8.50277,2.12722,4.34496,0.78821,11,0.439285,0.925,1.24084,283.697,29.8955,17.5917,17.015,1.80179,25.3139,12.9948,4.18944,8.09422,1.29361,20,0.464024,0.942698,1.34985,311.412,27.1698,19.2798,72.8515,83.6339,25.9334,13.4539,4.5426,15.4796,8.51482,13,0.494501,1.30175,3.55044,997.991,152.912,52.5198,24.0711,1.18383,56.3619,34.0771,9.08791,12.5838,2.01603,17,0.633722,1.52135,4.72886,190.802,17.0367,11.7123,19.9217,0.772583,17.8488,8.92275,3.14889,6.0747,1.23324,13,0.403119,0.923455,1.36469,1057,83.9334,55.8177,58.4204,1.29305,66.1597,26.956,8.8643,15.6333,3.17242,23,0.400988,1.75984,6.7898,564.933,65.1338,23.5592,25.8041,2.71463,36.6028,18.6416,5.48548,9.7197,3.80519,12,0.740565,1.96548,6.32348,473.02,43.924,26.3559,32.2171,1.68712,34.2076,20.346,5.64001,9.53734,3.14577,17,0.525828,1.2568,2.76662,419.763,67.3876,22.13,23.3552,3.56893,32.5992,23.692,5.25322,9.30556,6.4189,21,0.517384,1.06553,2.22209,281.463,22.9754,17.1072,29.7648,1.47458,22.013,11.4352,3.75093,4.87077,1.15312,14,0.525544,1.23673,2.15021,295.895,31.8613,21.5553,23.5213,1.38409,24.0972,13.9159,4.37958,6.75754,1.70452,11,0.512799,1.46553,4.04166,63.2793,6.43604,5.5686,23.7823,0.969215,6.89966,3.78722,1.21713,3.15896,1.26262,6,0.425719,0.944988,1.49758,444.711,41.211,32.7769,40.3075,1.19688,36.6987,19.5119,6.46961,8.79699,2.65312,23,0.504003,1.20379,2.79983,951.528,100.558,42.662,54.2669,0.919731,53.2879,25.9901,8.7417,15.0448,2.92373,23,0.439748,1.74304,7.41346
gr00t_wbc_h074_p000,3764,complete,90,18,7.63,2.60583,0.0535956,0.0577239,164.435,22.1062,6.63889,13.1537,2.31522,14.5948,8.14193,2.43025,4.50818,1.12909,12,0.378664,0.766365,1.26492,253.503,31.3776,11.5453,18.1803,1.19682,19.6208,9.91037,3.49089,6.16862,1.02395,11,0.536,1.43658,2.91852,339.093,32.5163,14.343,17.4289,0.725698,25.3256,15.7808,3.96983,7.07338,1.12369,16,0.625785,1.20827,2.29574,202.59,19.6468,12.4931,18.8148,1.01268,17.954,10.103,3.22638,6.31732,0.935079,16,0.413591,0.871703,1.21452,234.787,27.9174,15.5032,12.0715,1.04933,19.9036,10.9554,3.25423,5.11992,0.773115,15,0.407708,0.930463,1.27359,298.577,30.0911,25.459,24.4029,1.83613,24.5207,12.3429,4.89022,9.90262,2.02291,12,0.515118,1.562,3.51595,127.199,17.7733,9.7084,11.6975,1.67608,11.9573,7.30792,1.95907,5.20206,1.09847,8,0.478312,0.993122,1.34116,139.849,28.0551,12.9049,7.77886,1.2874,13.7821,7.40545,2.31497,4.44257,1.12073,12,0.352331,0.924244,0.996756,309.531,52.9661,26.5942,23.0626,1.71911,23.8104,14.7172,3.75182,9.43827,2.20456,14,0.437653,1.1678,2.39463,297.495,37.7745,16.2189,16.2077,1.56911,26.0216,17.0347,4.19738,7.74755,1.16032,18,0.481435,1.15268,1.72721,332.554,38.165,18.9034,12.9226,1.39855,28.2258,16.0993,4.13818,8.63795,1.25798,21,0.413488,0.895755,1.59681,228.498,38.7465,20.0144,8.88147,0.71081,20.3416,12.1121,3.32612,5.84933,0.986437,16,0.491396,0.96916,1.18758,105.35,15.1539,11.953,11.4813,1.19281,10.9382,5.57544,1.93515,4.01676,1.01447,6,0.479425,1.22657,1.49212,509.082,64.9938,31.2717,14.6149,0.977478,37.9645,20.2885,5.45495,9.05212,1.36921,17,0.675043,1.43172,3.1039,278.624,27.4091,20.2783,14.2628,1.19607,25.2896,13.1131,4.48018,6.5211,1.16688,18,0.490946,1.06886,1.70073,292.576,37.5802,16.8251,54.703,117.962,20.8889,10.5378,3.9277,16.1875,9.73198,8,0.520254,2.07044,5.11395,982.666,87.8881,50.9221,20.8943,0.92926,59.0558,30.295,7.95228,15.3107,2.51083,19,0.643419,1.33946,6.06651,488.386,80.5806,46.2237,21.6017,7.12134,37.787,22.9674,6.13713,11.6795,4.00678,21,0.479806,1.15201,1.96745
gr00t_wbc_h074_p000,3765,fell,65.98,14,21.8425,9.64346,2.04178,2.44855,263.9,22.1764,14.0039,11.7564,0.704281,24.1567,12.3123,4.03157,6.71094,3.18901,19,0.400516,0.834808,1.34172,145.761,16.45,6.71693,9.33754,0.941157,11.1689,6.80578,1.87986,4.02209,1.07629,7,0.526197,1.09315,1.90175,230.53,26.1564,10.3766,10.2649,1.101,19.7634,10.139,3.18678,6.27326,1.73246,11,0.559733,1.30363,2.73266,151.769,11.8344,7.07236,19.0614,1.18049,11.3782,4.86407,1.79237,2.87974,0.782996,7,0.548027,1.26825,3.13069,376.143,33.6546,16.8312,45.8421,1.59804,28.9172,17.4549,4.75498,11.1883,2.80013,16,0.495804,1.31122,3.33716,109.218,13.8917,11.6224,15.3243,1.70854,9.30374,5.22224,1.96286,4.00573,2.25006,5,0.536824,1.27849,1.87592,171.527,28.8824,7.64953,22.7939,2.03167,14.1069,7.02699,2.65979,8.53572,4.43155,8,0.604169,1.25717,2.76678,94.5403,8.60757,8.89571,27.2965,1.46509,10.9351,6.42964,2.10229,6.10752,1.67912,8,0.479591,1.10538,1.98404,362.344,30.8297,19.2019,22.4041,1.51946,27.7044,13.9311,4.63459,11.1937,3.19262,13,0.485754,1.47984,3.70286,739.58,79.3388,40.4218,105.396,3.79889,49.8655,26.6425,6.9527,17.5432,3.65358,17,0.483396,1.44238,4.43491,708.23,162.072,40.0486,48.7646,1.95475,53.6682,36.1513,7.78894,18.0026,3.63773,21,0.699274,1.27134,4.07286,597.616,65.3445,28.1408,29.3282,2.13821,45.7781,27.6097,7.0193,15.1843,4.75517,23,0.481748,1.26559,3.82493,262.336,41.3922,10.9467,18.8147,1.89975,19.944,10.966,3.15291,6.36559,1.61255,10,0.584895,1.54621,3.36063,2102.96,117.892,60.8776,33.864,0.814335,63.1307,23.7881,9.40418,18.2111,3.40339,4,0.309063,0.635325,0.774704,,,,,,,,,,,,,,,,,,,,,,,,,,,,,,,,,,,,,,,,,,,,,,,,,,,,,,,,
gr00t_wbc_h074_p000,3766,fell,31.02,7,10.3126,26.2245,2.29386,3.04512,279.134,31.0529,12.9121,14.4133,1.21316,24.9811,15.4469,3.98888,6.33897,1.26687,17,0.410433,0.949026,1.74897,320.482,23.976,14.0354,17.46,1.80579,21.2153,12.3925,3.18428,4.70231,0.966852,12,0.382653,1.07121,2.4968,260.879,25.7129,14.2534,24.7893,1.30592,20.1046,13.2087,3.40145,5.56684,1.10845,16,0.45673,0.990403,1.80203,157.648,14.629,8.19244,12.2218,1.17318,13.1321,7.95725,2.13724,3.20186,0.957393,8,0.477336,1.10287,2.30522,230.437,24.816,14.8333,53.2655,1.94524,16.8684,11.1447,2.90738,6.96929,1.93654,11,0.439679,1.21066,2.80761,163.377,15.3152,9.41758,13.1615,1.25548,13.8265,7.56217,2.40678,4.48946,1.20155,8,0.533099,1.22942,2.09031,1329.98,69.1963,40.486,52.8762,134.901,43.4018,18.0615,5.40925,13.717,4.97121,1,0.405342,0.965636,1.7451,,,,,,,,,,,,,,,,,,,,,,,,,,,,,,,,,,,,,,,,,,,,,,,,,,,,,,,,,,,,,,,,,,,,,,,,,,,,,,,,,,,,,,,,,,,,,,,,,,,,,,,,,,,,,,,,,,,,,,,,,,,,,,,,,,,,,,,,,,,,,,,,,,,,,,,,,,
gr00t_wbc_h074_p000,3767,complete,90,18,14.0161,2.82434,0.0194315,0.0245934,278.599,23.3516,13.6845,18.2796,1.09631,23.6012,13.6259,3.79487,5.48517,1.52547,15,0.463882,1.0632,2.04354,245.674,33.3937,14.1414,24.5711,1.6298,20.8713,12.2694,3.46588,4.75741,1.05375,12,0.502375,1.34223,2.3806,197.708,28.8849,12.5453,21.4678,1.68387,15.3062,8.6424,2.53414,4.93143,1.56025,13,0.444977,0.926379,1.32358,254.894,24.1255,10.5846,20.0748,2.31411,21.1499,9.62848,3.54263,7.43359,3.09471,14,0.443676,1.12612,2.37259,135.165,10.2928,6.1701,14.8962,1.56189,10.6212,6.15843,1.74232,3.5036,1.88397,8,0.457199,1.03038,1.70481,328.46,34.0327,16.3126,18.5059,0.890053,25.8113,12.88,4.21151,6.58805,2.8347,13,0.589912,1.39351,3.15106,92.4308,9.2003,5.59222,13.6171,1.40758,7.63444,4.48639,1.40113,2.60907,0.847512,5,0.535684,1.31375,1.74707,185.245,17.9435,10.0816,13.6293,0.804274,17.6382,7.98144,3.18485,5.06002,1.73221,10,0.617409,1.35454,2.56664,217.277,21.5256,11.7109,20.1174,0.927398,15.921,9.44548,2.74328,4.09191,1.02316,11,0.568765,1.27529,2.26291,190.212,23.7548,11.9367,16.733,1.918,16.2188,8.30284,2.76762,3.76645,1.15835,9,0.568134,1.28814,2.82724,297.613,32.6294,13.2217,24.3286,1.96017,20.3197,10.3787,3.93593,9.63759,4.88097,12,0.484145,1.41862,3.77577,2238.1,404.131,111.815,24.809,2.74875,93.7472,73.1854,14.0656,18.8835,8.59464,24,0.580951,1.21474,8.78655,360.029,45.5357,13.2396,10.2505,2.44401,27.0669,14.7053,4.39265,6.50555,2.88928,16,0.585485,1.22727,2.2038,262.646,22.9641,12.3974,18.6827,1.07526,21.8488,12.1438,3.32849,6.43836,1.32569,14,0.40365,1.07415,2.72676,409.6,50.7792,50.8494,74.9797,3.18835,33.843,21.2396,5.68689,14.1901,2.6891,18,0.514969,1.25874,2.54248,609.214,50.4009,39.5784,101.252,2.14323,39.7191,18.9012,6.35517,16.545,2.48756,15,0.561521,1.39912,4.42619,301.519,24.9473,19.3705,27.7245,1.50742,22.3173,15.3603,3.75894,5.5271,1.16016,13,0.547473,1.21219,2.96731,269.521,21.2147,12.9419,20.0129,1.24307,22.2706,12.4924,3.69053,7.2207,1.8166,14,0.472354,1.07839,2.1054
gr00t_wbc_h074_p000,3768,complete,90,18,9.80227,2.3118,0.012748,0.0160378,213.102,27.3504,10.1987,10.5313,0.814983,22.324,13.1814,3.78585,6.79923,3.90676,16,0.441515,1.04452,1.80317,220.989,23.8863,15.7847,24.5933,1.55729,20.2205,13.3154,3.34221,10.687,3.16485,13,0.481242,1.07697,1.85041,213.352,28.5769,7.83223,12.8192,1.40193,16.1386,7.78554,2.52831,5.61421,1.9061,12,0.447412,0.961978,1.92851,311.125,34.4815,11.7053,11.9783,1.19906,23.2708,13.0517,3.95775,7.40416,2.85438,13,0.617813,1.43727,2.85035,55.8014,5.53027,6.86515,23.4001,2.82638,5.08518,2.79494,1.26929,5.24571,2.04868,3,0.653044,1.35966,2.25899,254.253,19.1408,19.7689,25.6531,2.52985,19.9609,10.9574,3.66526,7.02705,3.80959,16,0.485969,1.07952,1.64114,375.823,43.0547,22.937,29.0355,2.35738,30.2999,15.7694,5.56336,10.0782,5.13724,15,0.653911,1.634,3.49699,403.779,41.7734,21.6162,11.8748,1.51193,28.3389,19.4002,4.72036,7.32489,4.15066,15,0.64173,1.34656,3.22558,276.567,24.4585,16.4679,16.6637,1.76595,22.149,13.1949,3.86058,5.57991,1.60308,15,0.492323,1.25394,2.16234,272.567,28.3821,12.932,13.2818,1.69184,21.3697,11.6239,3.76508,4.17615,1.7607,12,0.515301,1.41333,3.19597,326.746,33.3571,49.7056,170.627,8.60864,28.5374,16.3114,6.37286,18.504,9.41502,17,0.545157,1.17346,2.28867,239.729,24.2164,22.7051,10.8443,1.57012,19.0914,8.63966,3.42563,4.1731,1.44814,9,0.656529,1.25088,3.25842,355.398,39.0866,27.8557,10.2473,1.2736,29.0745,15.623,4.98062,4.69505,1.60799,14,0.561046,1.26153,3.56225,316.373,29.0219,19.0606,17.3354,1.67888,26.7484,14.6082,4.47122,5.18308,1.92743,20,0.458293,0.997585,1.80235,356.628,68.8274,26.7132,78.4966,7.09134,28.6886,16.2204,4.48028,15.4095,8.39591,12,0.704587,1.27953,2.95396,1059.71,55.8983,49.2414,36.539,1.78618,40.9799,21.9363,6.67177,7.90149,2.2027,15,0.533734,1.43749,5.7024,708.567,77.7081,47.091,104.586,16.8857,44.576,23.4031,7.57555,26.7984,10.5017,23,0.51198,1.56428,4.96823,233.813,23.9068,11.9302,103.545,6.96024,17.9826,11.54,3.60747,11.8567,9.99849,10,0.660916,1.43915,3.02453
gr00t_wbc_h074_p000,3769,fell,41.02,9,16.9581,16.3082,0.780405,2.55072,339.3,53.7831,14.2884,19.5073,1.47599,29.2902,17.0742,4.39063,8.39626,3.06938,15,0.687608,1.23092,2.45789,323.312,40.1808,16.1735,13.6937,1.92576,25.9072,17.1244,3.77119,7.39087,2.18862,14,0.59934,1.28912,2.34591,326.544,27.108,15.0107,13.7351,1.23803,25.6131,12.102,4.49684,7.82683,1.15154,16,0.469788,1.31718,2.85272,161.905,22.7511,9.0302,15.87,1.38928,13.0077,8.59184,2.1977,4.0651,1.05489,10,0.511371,1.04465,1.371,321.842,33.8238,10.7961,19.3478,2.55691,23.5878,9.68212,3.67938,6.35922,3.41122,16,0.534995,1.12243,2.91027,165.167,17.4899,10.7762,21.7608,2.42908,13.7544,7.73957,2.65863,6.1468,3.20124,12,0.436158,0.996405,1.29338,190.659,18.3675,9.10957,16.1844,4.04576,15.967,8.3134,2.71221,4.63492,2.78475,9,0.554653,1.40297,2.44031,214.338,19.5981,10.4048,11.0985,1.82506,17.4793,10.6802,3.00574,5.83979,2.77114,14,0.452884,0.967725,1.459,2220.87,72.3142,70.9323,227.727,62.0166,72.0026,20.5151,8.53382,31.4001,16.028,1,0.62851,0.943283,1.96518,,,,,,,,,,,,,,,,,,,,,,,,,,,,,,,,,,,,,,,,,,,,,,,,,,,,,,,,,,,,,,,,,,,,,,,,,,,,,,,,,,,,,,,,,,,,,,,,,,,,,,,,,,,,,,,,,,,,,,,,,,,,,,
gr00t_wbc_h074_p000,3770,complete,90,18,8.88838,2.43038,0.0110408,0.0125221,240.189,20.8718,12.3153,12.0687,2.19748,23.4126,12.1364,4.08626,8.0526,4.56498,19,0.383665,0.909298,1.40044,108.255,13.7177,10.9425,16.3814,1.75637,8.47022,4.45094,1.81486,5.98559,3.57843,4,0.597407,1.50897,2.77275,299.712,31.6606,16.6707,10.7322,3.2098,25.537,15.3346,4.57051,7.99722,4.55838,16,0.52762,1.38196,2.61621,182.463,17.3949,9.94423,11.0015,2.35834,14.8717,9.75101,2.48741,4.80786,2.60867,12,0.555571,1.05054,2.03458,315.914,29.832,14.72,18.3136,1.57403,22.9033,12.17,3.62229,5.03185,1.24238,12,0.563288,1.6049,3.60845,278.412,25.1636,19.5999,42.1483,1.73261,22.8991,11.8005,4.01844,10.2373,3.0183,13,0.586757,1.31179,2.77104,290.873,26.7675,14.0216,21.982,1.23872,24.7526,12.2165,4.09404,6.68439,1.02806,15,0.576676,1.20735,2.47478,181.722,20.3921,12.8303,21.3906,0.999508,17.0277,9.47219,2.86082,4.865,0.938922,11,0.541602,1.16085,1.78663,369.228,52.9239,37.3088,30.3535,0.848206,30.3102,16.7794,5.42862,11.9527,1.95205,18,0.568211,1.20917,2.38819,535.503,55.3478,35.346,16.2963,1.42388,32.4743,16.9094,4.82682,8.96176,2.18074,12,0.480184,1.7258,4.20097,282.443,33.3582,30.8632,27.6832,0.78688,23.0143,10.8985,3.89904,9.13263,1.58019,13,0.513124,1.22565,2.64333,270.393,24.1502,22.0649,22.489,1.01105,25.3607,12.2432,4.55279,7.5969,1.56773,21,0.360267,0.930611,1.2938,510.481,48.6754,22.7224,30.8485,1.756,30.4465,16.427,5.052,9.0545,2.01863,12,0.473834,1.6781,4.85939,478.912,51.2455,25.3973,77.472,9.39829,35.8554,16.0982,7.19477,18.5453,6.45289,19,0.526572,1.58889,3.9723,226.774,24.6227,15.0455,24.3673,1.30781,19.8438,9.68581,2.88953,5.72304,1.45902,10,0.50107,1.46409,3.15812,254.979,37.8621,13.6388,33.3515,2.26609,19.1871,10.3462,3.05153,6.70702,3.99129,10,0.559937,1.32719,2.55974,361.313,63.3911,26.9435,46.0702,23.1205,27.9395,15.7043,5.03841,14.331,9.76503,15,0.559172,1.39159,2.68148,264.829,38.5363,14.6981,24.0014,2.20662,22.9169,14.1543,3.46806,6.4417,4.22855,14,0.611854,1.22109,2.07871
gr00t_wbc_h074_p000,3771,fell,85.66,18,20.1591,11.5357,2.31652,3.64053,120.892,15.3075,7.79294,16.0491,1.92249,12.4457,7.65295,2.27096,5.67463,3.48793,10,0.332877,0.843267,1.33617,153.937,14.5474,8.14384,18.8362,4.508,11.8647,7.31238,2.1703,3.80916,2.74233,8,0.534102,1.1833,1.77529,215.142,28.0065,11.71,17.5659,1.61222,16.5464,8.52321,3.20812,5.52541,2.97589,12,0.541733,1.20887,2.02351,165.41,17.5316,9.5113,19.7134,2.03171,14.9434,9.05025,2.42773,4.47051,3.17591,10,0.498821,1.11663,2.03278,318.904,33.2215,15.8381,25.6,1.40664,25.0225,10.3062,4.35027,5.62848,1.35752,18,0.554494,1.18341,2.38504,363.734,33.2186,20.6568,33.4672,1.37844,28.0461,12.7037,5.2756,6.28946,1.69569,20,0.560785,1.25838,2.43614,235.577,25.011,10.6847,24.1189,1.11456,17.9548,8.41389,3.23459,4.29608,1.78475,12,0.573553,1.40325,2.46359,500.151,63.8835,39.466,188.263,18.678,40.7575,20.9334,7.64939,23.6431,10.2337,23,0.522636,1.17516,2.89732,249.884,27.2936,16.0607,31.3289,1.2804,18.5874,9.95063,3.02277,6.20956,1.25322,11,0.551902,1.18852,1.56678,196.558,14.5836,12.8212,18.8482,1.52165,16.7843,8.67613,3.20193,5.0286,1.01581,12,0.39783,1.07521,1.48541,353.424,58.9825,26.5842,28.9081,1.54366,26.3178,16.7047,4.54146,9.72912,1.73554,10,0.491624,1.42318,3.7439,769.7,185.249,42.0589,110.375,2.53868,55.0544,44.2815,7.9774,19.9487,3.41013,27,0.545031,1.02178,3.56476,569.014,88.4876,39.4249,47.5466,1.06623,42.4762,33.6352,6.80802,13.2302,2.61178,21,0.520763,1.22683,3.32169,730.619,137.877,67.2213,178.653,79.504,52.4044,31.1779,9.95908,30.4942,9.40584,13,0.898144,1.65401,7.81319,929.686,105.257,61.8063,45.0889,1.25285,55.464,30.0705,9.16367,14.9637,2.92251,16,0.516001,1.5204,6.49487,192.749,17.7988,14.2482,22.0728,1.00523,16.1713,8.35052,2.8646,5.84008,1.42066,12,0.452707,1.01021,1.74195,1403.17,148.929,67.6752,91.3762,4.81884,75.6038,47.7331,10.1521,23.8603,7.58031,21,0.473962,1.55496,9.52449,2235.7,101.797,93.3116,125.588,24.9714,62.2738,13.9408,8.76769,24.5044,7.16993,0,,,
gr00t_wbc_h074_p000,3772,fell,75.86,16,7.99599,13.0212,0.702613,1.86162,202.865,27.2554,7.86172,11.6131,6.31127,17.77,9.92288,2.49629,7.81246,6.23275,11,0.309785,0.828488,1.82228,215.907,22.3682,11.2966,18.8197,1.39585,17.6205,10.7117,2.44767,5.47555,1.794,10,0.591843,1.39286,2.647,751.93,71.6174,32.3639,30.8526,1.57906,50.2526,25.483,7.27333,11.6599,1.87047,25,0.589087,1.17299,3.06216,162.864,15.0348,10.5323,18.8355,1.65055,15.3622,9.02965,2.62478,4.0708,1.0975,11,0.459398,1.00465,1.26028,107.723,16.2522,6.36937,14.8099,0.805619,9.61591,5.48919,1.5844,3.36725,0.759402,7,0.442147,1.20014,1.43351,392.305,52.4111,16.8024,17.8892,1.33065,29.3,16.5992,4.59774,9.21308,1.94183,16,0.752244,1.19987,2.3831,262.82,26.8724,15.0439,24.4965,1.48148,21.8265,12.3379,3.72951,5.92025,1.40774,13,0.654022,1.30379,2.48652,214.942,25.9888,12.3156,15.3562,1.6147,16.1537,9.29173,2.69257,5.49571,1.6413,9,0.622097,1.22789,2.30254,345.955,35.8709,13.5271,18.4277,1.7553,27.4188,14.7878,3.9112,8.52056,2.74693,14,0.555681,1.1793,3.23517,351.547,32.4527,19.0929,44.9814,2.79782,27.0902,13.5197,5.03626,16.3774,5.28124,17,0.470113,1.28317,3.01737,333.673,55.7899,22.5112,18.1299,1.40519,24.4789,16.0268,4.26043,10.3658,3.26638,13,0.545903,1.17742,2.44785,371.861,30.0874,20.7299,62.5002,2.82183,30.0855,17.0109,5.87832,17.6782,5.41454,22,0.406624,1.07659,2.65637,273.793,42.0635,11.3257,16.3278,0.806898,23.1759,15.2537,3.29276,4.7887,1.85489,12,0.615719,1.2309,2.88558,287.176,58.5891,18.2244,16.3683,0.896893,25.4382,16.7136,3.98946,5.95364,1.67643,12,0.624842,1.38162,3.34558,261.382,20.5916,17.2798,84.2629,64.4679,23.3775,13.4891,4.79057,13.7403,10.5853,15,0.461006,1.12901,2.22521,1206.13,67.2868,38.4999,16.3435,1.01309,47.9404,20.4672,5.68321,8.59618,2.98315,5,0.315913,1.22988,3.47927,,,,,,,,,,,,,,,,,,,,,,,,,,,,
gr00t_wbc_h074_p000,3773,fell,60.86,13,16.2086,9.73861,0.66722,2.21732,302.799,28.8902,12.0043,17.1379,5.31954,26.1443,13.5254,4.32362,10.5747,5.35505,17,0.421033,0.951301,1.65799,290.353,30.1459,12.3428,14.999,2.21266,21.3701,11.2131,3.32193,8.09937,3.39613,15,0.474827,1.03171,1.70764,240.636,25.4442,10.0694,16.6293,5.85356,17.4227,7.29979,3.22969,4.68648,2.58766,11,0.459961,1.32209,3.08389,314.594,31.6002,15.1404,9.86099,2.1972,24.9517,11.9972,4.18238,5.51816,3.33063,16,0.542612,1.09268,1.74497,171.431,12.79,18.9539,34.4534,58.1567,14.8843,5.90119,2.79346,5.30269,4.60491,9,0.498021,1.17933,2.03118,188.965,16.1925,11.6819,18.2721,1.44681,13.9281,6.31458,2.80548,6.39641,2.52262,10,0.469419,0.97419,1.28908,308.844,22.614,17.3621,12.6417,1.62543,23.5505,15.0067,4.31313,5.38467,3.14226,15,0.566088,1.16001,2.3374,269.292,24.8529,14.4839,10.0917,1.35754,21.6755,11.5302,3.64443,4.3739,2.39066,14,0.506346,1.15515,1.98553,364.639,30.0277,21.9872,18.5831,1.77673,26.6924,13.5521,5.14843,11.9067,5.25687,16,0.466536,1.22988,2.8573,143.092,19.0766,10.4137,22.0087,2.30677,10.6113,5.95847,2.12674,7.14905,3.63521,6,0.478137,1.13755,2.72344,211.686,20.0495,15.5576,20.0726,2.17315,17.6507,9.33715,3.66478,6.95162,3.14373,12,0.552215,1.16993,2.33061,273.082,30.4348,18.4704,20.6793,1.28606,21.5436,13.4775,3.82068,9.68197,4.79913,14,0.503971,1.16946,1.87304,1538.16,82.9084,47.5562,87.8947,10.0611,50.268,17.5497,7.79265,16.377,5.87904,2,0.290585,0.551938,2.2193,,,,,,,,,,,,,,,,,,,,,,,,,,,,,,,,,,,,,,,,,,,,,,,,,,,,,,,,,,,,,,,,,,,,,,
gr00t_wbc_h074_p000,3774,complete,90,18,7.94121,2.56639,0.00554919,0.00612563,267.524,23.6045,10.4618,12.7963,1.07707,21.6456,12.5521,3.49109,5.66482,1.88285,15,0.455323,0.955784,1.66698,221.544,16.5496,12.4836,17.5357,1.29178,20.0291,9.98184,3.30277,5.12283,1.51945,17,0.399094,0.884676,1.24517,170.275,17.2894,9.85035,19.4795,1.03525,15.5236,8.55738,2.76042,3.17905,1.03463,11,0.477696,1.13397,1.53514,269.281,20.5624,14.6748,27.9056,1.3396,22.4995,10.9588,3.54168,4.76203,1.6463,14,0.554118,1.11455,1.56595,192.768,25.3938,12.2293,21.1556,0.997105,15.1962,10.2335,2.77517,3.69082,1.33824,12,0.475083,1.09921,1.34906,96.8873,11.012,7.19605,21.0837,0.923053,8.87281,4.52388,1.62639,2.71247,1.08913,6,0.434174,1.15843,1.38201,191.641,39.493,11.9649,24.4001,1.60544,16.5297,10.3623,3.00166,4.77203,1.78419,10,0.570956,1.3478,2.26727,173.092,26.3487,11.8119,20.7333,1.1823,14.7197,8.24289,2.31001,4.47181,1.48416,10,0.51832,1.12497,1.4115,253.182,24.9689,11.5433,15.8177,1.59707,20.2093,10.8593,3.42631,4.79194,2.05069,12,0.47818,1.39333,2.1776,270.41,31.9944,15.9852,19.2689,1.09441,17.4528,9.11784,3.26559,4.49864,1.39061,16,0.462373,1.13995,2.50666,378.5,25.0278,12.5706,22.097,0.920344,22.0581,10.6715,2.89096,3.89284,1.21367,9,0.485429,1.31446,3.18127,799.024,46.0366,48.0051,38.1012,1.29081,35.6333,17.7076,5.69598,8.57427,2.07742,19,0.386308,1.07137,3.29334,129.298,14.7762,9.8998,20.9733,1.24428,10.8249,4.65618,1.88777,4.04077,1.02301,8,0.510505,1.22735,1.52894,241.776,26.6348,10.9984,17.6456,0.976935,16.8887,9.45002,2.71919,4.9625,1.35287,8,0.591548,1.57258,2.96939,244.217,22.0933,12.3809,18.7971,1.01453,18.3624,8.884,3.11047,4.8265,1.05171,9,0.634743,1.62024,2.61071,1259.99,219.468,66.7577,15.0501,3.20922,57.5265,36.4065,7.53662,11.6291,7.74082,11,0.539076,1.58424,13.3027,274.132,24.8771,16.9151,20.7481,2.71516,24.3544,10.9151,4.44709,9.81105,4.54143,14,0.59145,1.30685,2.30433,286.093,35.5515,14.9419,19.2999,2.28889,21.1576,10.7175,3.29502,5.73073,3.59079,11,0.706833,1.43383,3.60206
gr00t_wbc_h074_p000,3775,complete,90,18,10.1475,2.12679,0.0297322,0.0477104,165.532,20.8999,8.99744,14.2335,2.52425,15.9768,10.6114,2.58716,5.26478,2.82194,12,0.37424,0.815211,1.491,335.691,32.5984,14.6328,19.4813,1.86266,27.0937,14.814,4.57472,7.18571,2.42989,18,0.565434,1.20043,2.0898,268.699,27.4385,11.7365,13.1726,1.41015,19.7022,10.0267,3.48183,9.24264,3.02233,12,0.57056,1.26722,1.94193,290.526,25.7826,15.7719,14.9201,1.9346,25.4157,11.6386,4.30437,6.93361,4.5529,18,0.461707,1.09011,1.75365,329.298,38.8885,18.8674,21.1612,3.22908,25.5818,14.6652,4.18563,8.39189,6.18646,15,0.553829,1.33366,2.31021,166.478,15.4812,13.2351,18.4483,1.44155,15.1204,7.77071,2.61889,3.95494,2.04642,8,0.524728,1.37871,2.80518,218.331,29.4512,10.483,17.3932,1.93381,14.8238,7.62619,2.83511,5.62133,2.98895,8,0.499987,1.48784,3.80269,261.634,24.2222,29.157,58.5513,13.5127,21.7425,11.4092,4.05324,12.2906,9.79149,13,0.556879,1.22373,1.79396,271.615,31.2094,14.6882,19.8758,0.932728,22.478,11.1198,3.91856,6.69862,1.6269,12,0.589571,1.41444,2.64991,163.381,14.0121,14.8296,48.7847,2.76879,13.3081,5.94447,2.90261,9.00802,2.7915,9,0.465231,1.01267,1.63755,251.461,22.6938,15.804,29.0362,0.922684,18.3483,8.83872,3.40052,6.43903,1.9729,11,0.532123,1.37334,3.50789,197.757,19.6187,11.1205,20.4451,1.53395,15.2947,10.2355,2.55145,3.011,1.22637,12,0.457088,0.966384,1.8986,331.36,24.2229,20.9615,28.6989,1.2903,24.8086,17.4013,4.36285,5.9297,1.6103,15,0.555972,1.31296,2.71803,972.921,114.316,53.794,35.1842,4.30324,57.9037,34.1115,9.06166,15.385,8.13827,20,0.606967,1.33169,6.58725,670.188,60.7251,53.7132,207.676,18.5149,45.4121,23.3986,8.69519,28.0581,15.6886,18,0.562233,1.64348,5.61845,956.862,156.962,95.8866,307.799,21.4636,64.2918,32.6296,11.313,38.0519,11.2794,14,0.734107,1.74274,8.37618,125.187,14.7404,6.33041,10.9987,0.864662,12.2093,7.17369,2.09194,3.55528,0.828406,7,0.626045,1.34728,2.15663,1050.74,147.704,54.5877,37.5888,1.4659,53.2528,28.9926,7.61506,11.1531,1.75565,12,0.51961,1.39631,10.6274
gr00t_wbc_h074_p000,3776,fell,36.22,8,24.5062,16.6599,1.89803,2.75746,196.122,19.6349,9.87804,20.6886,1.24877,16.9367,9.84315,2.59131,4.54451,1.53439,12,0.43659,0.899883,1.45919,288.804,25.9765,16.9339,54.8232,2.291,22.3812,10.1521,4.04022,7.96762,1.86761,15,0.448686,1.10576,2.18446,183.019,19.7957,8.94608,22.3408,1.29935,15.1952,7.26805,2.71137,3.49724,1.15003,8,0.58519,1.63848,3.3448,298.175,27.5688,13.6326,24.6375,0.925117,21.8279,10.8959,3.5236,4.03696,1.17861,12,0.634284,1.46789,2.78487,231.01,27.1325,10.8476,22.3782,1.12229,16.5354,10.3902,2.7668,4.8306,1.2997,10,0.555314,1.20813,1.89424,178.149,17.8893,8.45205,20.7237,0.767642,14.6636,8.38925,2.64086,4.22641,0.873429,10,0.514631,1.09264,2.47748,349.755,48.3566,24.476,36.0088,1.24679,32.5313,18.9379,5.43693,6.9255,1.36868,18,0.499686,1.30427,2.23079,3210.25,472.503,152.221,199.087,61.0952,114.395,57.378,15.0074,28.6014,11.9743,3,0.277484,0.737407,0.846949,,,,,,,,,,,,,,,,,,,,,,,,,,,,,,,,,,,,,,,,,,,,,,,,,,,,,,,,,,,,,,,,,,,,,,,,,,,,,,,,,,,,,,,,,,,,,,,,,,,,,,,,,,,,,,,,,,,,,,,,,,,,,,,,,,,,,,,,,,,,
gr00t_wbc_h074_p000,3777,complete,90,18,8.05571,2.42579,0.0442825,0.0238291,231.221,23.5588,11.0336,8.90959,1.4379,20.4616,12.3166,3.11272,5.01752,2.1805,14,0.411831,0.872713,1.84867,410.416,51.6719,16.5628,16.6164,1.04534,32.4241,18.5064,4.65227,8.29096,1.50373,23,0.593107,0.892028,1.75034,174.23,15.5752,7.35201,12.6815,0.987381,12.9352,7.4586,2.17762,4.24172,1.29139,8,0.554115,1.18394,1.80551,233.197,20.9502,8.92149,14.9673,1.00341,18.4021,8.99466,2.83722,5.41908,1.53144,11,0.533565,1.30862,2.45802,358.301,37.9987,17.253,25.4867,1.18749,26.7165,15.5839,3.99395,6.83482,1.04091,15,0.674854,1.1824,2.39604,129.58,12.4924,8.96369,19.8049,1.32523,11.8414,5.56236,2.26276,3.52309,0.949644,8,0.532628,1.12091,1.94998,163.803,16.9082,6.97266,24.389,4.18464,14.8779,7.32169,2.52902,7.0523,3.53982,8,0.476864,1.25225,2.17142,525.278,50.5347,29.3928,23.1697,3.03984,34.7894,18.6429,5.2609,4.38362,3.66545,13,0.518125,1.79165,6.23383,507.093,56.5599,20.213,22.8187,1.97245,35.9216,19.3023,4.81436,4.38021,3.81194,14,0.626035,1.63635,4.55186,212.889,21.3723,9.60375,11.4152,1.96175,17.663,11.4111,2.75705,2.45721,2.27697,12,0.519506,1.09725,2.03052,1015.22,72.4098,27.4497,16.0349,1.98356,49.2917,25.1048,6.61231,9.33361,3.18374,12,0.455189,1.90038,10.1262,486.489,83.128,19.1827,27.8135,1.28703,36.961,22.1571,4.98201,14.2187,2.26707,18,0.69918,1.24337,3.15715,348.078,42.3467,17.0326,14.4666,1.37308,26.6272,17.2933,4.42058,8.18955,1.42811,12,0.625267,1.47379,3.20522,502.748,55.9588,28.0541,51.492,1.44811,36.7312,19.2386,5.71238,15.7399,2.7387,15,0.490832,1.77851,5.29119,905.882,165.86,88.2015,26.8277,0.816284,39.5627,26.6851,7.57627,11.9218,2.06206,6,0.317249,1.89812,15.4398,450.016,48.9295,23.9978,24.1968,0.988091,31.2796,16.753,4.7816,10.6104,1.84729,14,0.577614,1.68183,5.05651,318.294,41.2289,28.6423,20.4568,1.15857,28.1383,15.9934,4.7372,8.83438,2.23088,17,0.486937,1.27753,2.18863,273.236,34.8641,27.6428,20.5788,1.05013,22.1304,10.4731,4.00718,7.39235,1.88349,9,0.604178,1.75537,3.99524
gr00t_wbc_h074_p000,3778,fell,41.32,9,16.4295,11.1944,2.36825,3.55494,289.768,26.9892,12.3081,13.2899,1.36046,25.8076,14.1134,4.00073,6.11257,1.13173,18,0.421487,0.915969,1.35985,375.719,41.4843,16.5577,14.2678,1.59569,30.7516,19.3998,4.34091,7.87919,1.47825,20,0.485792,1.11976,2.2935,202.077,23.3285,8.49871,30.0888,1.72942,16.5337,9.23358,2.64777,7.57449,1.5964,9,0.529661,1.31309,2.60448,140.934,13.8421,7.58455,13.3732,1.40062,12.8994,8.72181,2.38792,5.04271,2.62073,8,0.501185,1.13765,2.27775,205.298,18.3351,11.9198,16.2492,2.06748,18.0324,9.32065,2.97434,5.82431,2.7881,12,0.559657,1.15418,1.76962,219.412,19.0836,10.8783,14.0646,2.91042,20.2909,10.2173,3.30349,5.87444,4.40552,15,0.514423,1.05882,1.5798,266.408,24.1124,11.7304,9.38657,1.49004,22.9654,12.6684,4.00511,4.17391,2.13556,15,0.408014,1.10442,1.93141,286.528,27.3884,11.5344,10.1714,0.883226,25.2603,13.0541,4.03832,5.43357,2.89938,17,0.543279,1.10904,2.22243,3369.98,518.862,140.523,45.3134,97.872,111.473,65.1745,18.2157,27.0266,11.6883,4,0.748035,0.756349,4.81829,,,,,,,,,,,,,,,,,,,,,,,,,,,,,,,,,,,,,,,,,,,,,,,,,,,,,,,,,,,,,,,,,,,,,,,,,,,,,,,,,,,,,,,,,,,,,,,,,,,,,,,,,,,,,,,,,,,,,,,,,,,,,,
gr00t_wbc_h074_p000,3779,fell,61,13,8.61104,11.5315,2.487,2.55684,219.9,24.5311,10.3289,9.48288,1.36009,20.8316,13.0928,3.20168,6.32083,2.52485,12,0.397235,1.00489,2.02461,112.203,10.2104,7.79089,20.2781,0.861859,9.13144,5.21728,1.62276,2.2447,0.695625,7,0.407331,1.02749,1.51496,244.371,24.3383,14.1572,18.9762,1.35143,20.1605,9.11359,3.57033,4.58302,1.10989,12,0.620092,1.40388,2.57023,324.854,28.5138,14.7143,17.4051,1.65361,24.7009,13.707,3.90661,4.32449,1.28517,16,0.502174,1.255,2.48101,155.956,16.0266,7.92857,9.88049,1.41318,12.5381,6.80403,2.1362,3.8101,1.47709,7,0.590638,1.22136,2.40244,327.047,37.4645,15.8696,12.4122,1.53344,23.8388,16.4936,3.75668,4.38285,2.27173,15,0.652239,1.24542,2.68281,291.852,44.7338,13.2289,17.7514,1.38909,24.0004,15.4791,3.58967,6.44615,2.77726,11,0.429131,1.15156,3.65546,409.311,40.2079,26.4078,32.4032,1.68326,32.734,19.6456,5.74569,11.0436,4.36891,22,0.440089,1.07631,2.42923,201.642,21.2737,15.0464,19.5904,1.43548,17.0349,10.1214,3.26608,4.94519,2.2542,10,0.556845,1.10151,2.55596,316.58,44.3463,18.6591,25.713,0.990705,27.4101,16.4199,4.80283,7.22885,1.64835,12,0.588153,1.39964,3.65198,397.284,41.7526,29.2801,22.1716,1.89155,29.7461,18.643,4.7459,10.7699,1.92397,12,0.568117,1.46729,3.55218,542.136,56.8763,18.7766,82.121,1.67385,34.8987,19.4659,5.28967,17.5233,2.55674,16,0.587667,1.6496,5.45158,1621.55,201.393,30.4639,20.5311,20.3375,61.5747,27.6414,7.10882,14.0428,5.66468,4,0.208569,2.37588,15.1074,,,,,,,,,,,,,,,,,,,,,,,,,,,,,,,,,,,,,,,,,,,,,,,,,,,,,,,,,,,,,,,,,,,,,,
gr00t_wbc_h074_p000,3780,complete,90,18,8.17873,2.30323,0.0450617,0.0719759,98.3473,17.594,6.54828,14.3099,1.71642,11.3364,8.36527,1.92665,2.84921,1.02886,8,0.358012,0.816464,1.39071,245.646,25.6612,10.9662,19.0177,2.00387,17.6212,11.1387,2.89708,3.82766,1.03431,10,0.598665,1.30561,2.48617,141.981,32.8807,8.94477,24.0144,1.51865,11.7094,8.50649,2.15184,4.22981,0.997343,8,0.661775,0.997202,1.71818,292.553,31.5235,22.8518,64.9755,2.21278,22.418,11.4431,3.6003,6.94345,1.92542,13,0.59887,1.22361,2.41401,355.54,40.0199,13.3671,25.0516,3.52388,25.8118,14.6614,3.84303,7.24181,1.53722,15,0.749278,1.17617,2.67136,392.647,38.6543,16.4763,21.9606,2.66451,29.1465,13.3682,4.95945,11.0783,6.80067,15,0.536782,1.45309,3.86318,279.929,29.0657,12.8923,18.8938,1.7078,21.1486,14.0263,3.38993,7.02544,2.5808,14,0.517,1.23927,2.45525,226.045,25.8147,7.90752,18.0253,1.88041,16.6565,6.57404,2.75315,7.07835,2.94076,10,0.482392,1.48299,3.54818,427.287,56.4214,22.4548,28.5354,2.00373,33.3532,18.1698,4.87429,9.86655,3.72707,17,0.484841,1.33264,3.22146,164.645,24.5175,12.793,23.7227,2.09998,15.3519,8.64064,2.81032,5.42301,2.74806,10,0.560131,1.32615,2.37583,215.027,28.0883,17.7964,76.4349,3.59255,17.0404,9.89416,2.94559,12.6545,5.38483,10,0.538195,1.27723,2.29693,669.547,61.9403,41.6201,31.7148,1.58493,37.6798,19.4829,5.02234,9.50852,1.82428,17,0.631708,1.29642,3.38217,267.864,54.542,27.6021,89.6672,3.76145,24.0366,16.3233,4.23918,13.6935,3.25819,13,0.462671,1.26809,1.83631,342.739,71.3094,15.505,20.1946,1.19892,28.8613,18.3893,3.92082,10.4658,2.08676,17,0.46321,1.35104,2.98605,232.537,26.5543,18.7315,18.0227,1.59596,20.4231,9.89033,3.72712,6.71856,1.43745,14,0.52978,1.21761,2.47035,413.084,39.7389,28.9942,23.4229,1.72954,30.2625,15.2138,5.01719,11.538,1.82244,19,0.44133,1.2481,2.37499,436.353,54.2751,39.7686,26.2108,0.965687,33.0188,13.5422,5.84163,11.5207,1.48492,18,0.496012,1.49606,3.1377,379.979,82.0211,25.0591,20.899,0.916264,30.8942,21.0489,4.85071,10.3621,1.67434,19,0.505242,1.37484,1.97098
gr00t_wbc_h074_p000,3781,fell,60.84,13,14.6531,10.6436,2.78222,3.01123,250.334,25.5782,10.5535,16.4643,2.21127,21.3601,11.6107,3.38363,5.10595,1.19226,15,0.453395,0.918458,1.6106,250.303,23.8634,14.21,34.7606,1.82219,21.0836,10.8696,3.2362,7.4596,2.28658,12,0.540942,1.08512,1.92434,76.0547,6.62591,4.89763,17.0865,2.11666,6.32921,3.5693,1.23393,2.52007,0.961844,6,0.374272,0.78679,1.32289,223.298,19.8116,14.2591,22.711,0.959725,18.9787,11.0862,3.20861,3.98754,0.781099,15,0.486305,0.99193,1.81845,297.682,28.7308,17.6432,25.6105,1.1861,23.9545,14.3932,3.95449,6.45856,1.12998,18,0.539105,0.998886,1.96317,184.624,24.3673,11.3324,21.7465,1.84857,15.592,11.9693,2.84671,3.8948,0.771963,12,0.44916,1.16991,1.90036,321.968,28.427,15.0922,16.7021,1.24495,26.8503,14.6815,4.27534,7.49182,1.49247,19,0.499067,1.06617,1.98957,1228.06,223.444,62.9723,20.3257,1.41718,62.89,41.5813,9.51045,11.3475,2.38645,25,0.562627,1.06181,4.1076,198.657,19.8617,13.4169,63.7451,1.72148,14.3376,8.34903,2.39387,9.81196,3.19732,8,0.674238,1.29221,3.29854,211.988,24.0547,7.80499,12.9723,1.32045,17.52,9.48259,3.05459,7.26089,2.99642,9,0.517609,1.42278,3.09525,283.23,26.7504,15.1997,35.2876,3.41935,24.436,16.8973,4.56113,14.5489,5.0407,16,0.462998,1.15517,2.38012,254.361,33.8971,12.595,12.7883,1.17406,22.5716,16.0547,3.78783,7.85695,2.16004,15,0.476176,1.07379,2.56746,2488.07,267.109,106.305,27.6738,1.19888,71.6211,27.9511,12.2288,16.5761,5.07729,2,0.469498,1.60036,41.4625,,,,,,,,,,,,,,,,,,,,,,,,,,,,,,,,,,,,,,,,,,,,,,,,,,,,,,,,,,,,,,,,,,,,,,
gr00t_wbc_h074_p000,3782,fell,71.1,15,13.6396,7.86913,2.07743,1.17617,250.397,33.1838,12.919,18.6253,3.26874,20.9428,12.1632,3.35938,8.70786,4.68639,13,0.437519,1.07373,2.46797,337.308,40.8855,15.3581,15.7453,0.938942,24.8586,14.4408,3.82506,5.19286,1.85881,13,0.555033,1.3269,2.59334,355.971,42.5089,16.9659,16.2749,1.2536,29.9247,16.4393,4.97388,8.40124,2.41771,17,0.613053,1.42796,2.82873,379.944,33.8843,15.6754,13.1487,1.41156,26.7002,11.9106,4.79318,7.74302,4.48857,12,0.557712,1.74194,4.62959,249.783,39.4473,18.5371,21.359,1.74624,19.431,10.702,3.47934,6.99183,3.20124,13,0.497074,1.15253,1.42522,224.044,28.7501,12.8279,34.0434,2.38178,17.111,7.30273,2.84439,4.60352,1.81129,11,0.518862,1.34663,2.50041,301.498,55.8635,20.2124,29.9827,2.65798,23.7939,14.1298,3.59818,7.27452,1.94317,14,0.625579,1.41785,3.18894,194.737,21.3061,11.8899,20.3286,0.876698,15.8673,8.38856,2.6771,5.11733,1.11965,10,0.618552,1.42298,2.52059,224.918,40.287,32.1236,123.211,7.66459,21.1683,12.6655,4.48754,17.285,7.14526,14,0.513459,1.00667,1.59414,379.156,38.3776,27.5336,22.0155,1.63207,31.8129,14.7181,5.97081,11.678,4.88564,21,0.488694,1.25104,2.20028,228.633,25.6899,15.0617,17.9872,1.12223,18.8449,8.92516,3.22109,6.09509,2.31405,11,0.657532,1.45632,2.40339,229.337,36.7124,22.5212,31.2412,1.55184,18.9545,10.7205,3.55868,8.05182,2.05733,10,0.601877,1.26187,2.27852,356.014,32.732,17.4429,30.9965,1.49153,26.6947,14.691,4.03271,6.8015,1.86169,15,0.420881,1.13187,3.02438,174.763,22.1703,12.3149,24.3386,4.16585,17.2311,11.1302,2.78898,5.8387,3.90848,11,0.655005,1.29644,2.2303,2741.04,312.853,176.438,209.174,73.0951,79.2251,36.2336,18.2893,42.7326,16.4652,2,0.229282,0.964433,15.8447,,,,,,,,,,,,,,,,,,,,,,,,,,,,,,,,,,,,,,,,,,
gr00t_wbc_h074_p000,3783,complete,90,18,9.73803,2.46672,0.106096,0.0918878,262.65,26.2655,14.7326,16.7569,2.28819,25.259,14.1377,4.0737,7.09214,2.67189,17,0.451471,0.939537,1.49824,213.949,18.975,13.3621,32.6686,3.69985,17.4256,9.65046,3.02084,10.0691,4.5528,13,0.499672,0.977239,1.91605,145.638,15.8348,9.78712,26.3839,4.35201,11.4102,7.62192,2.11264,4.02972,2.40989,8,0.464715,1.17602,2.07239,188.737,19.1339,7.83191,15.1202,1.06475,13.2636,7.38624,1.97186,4.44222,2.36417,7,0.384047,1.24877,2.78893,300.006,30.0274,20.3076,17.0006,2.42917,24.3627,18.5103,4.24751,7.18238,4.16569,18,0.47612,1.17642,2.41343,293.682,32.8799,19.4068,20.8024,2.68001,23.4834,14.1177,4.29235,7.25663,3.91323,14,0.595283,1.41019,2.69744,295.827,30.64,14.6513,12.9192,1.40991,23.1035,12.9073,4.00717,6.00153,1.36471,12,0.586104,1.42096,3.1096,322.752,31.9171,14.8773,15.7973,1.69639,24.8771,16.0941,4.02685,6.39073,1.43633,11,0.621434,1.51781,3.65836,392.786,43.0579,13.8396,13.6144,1.86737,27.386,14.968,4.20237,9.00191,1.98554,12,0.61375,1.61337,4.63973,241.251,22.3678,9.34796,16.099,2.13572,18.4858,11.3148,2.95379,4.00862,1.77623,17,0.416899,0.90178,1.36744,330.525,36.3167,12.2941,11.3472,1.27272,25.0655,14.1233,4.27348,5.53054,2.90743,13,0.642779,1.47445,3.40173,275.279,30.1447,13.6371,12.4906,1.85615,22.4656,12.6832,4.06374,4.54892,1.88337,12,0.623564,1.56691,3.0917,419.787,42.1726,83.9271,281.581,114.133,33.8013,16.7417,8.6645,34.8432,13.5295,15,0.543127,1.20733,3.01592,320.2,34.409,14.0191,25.864,1.24025,23.4104,16.6794,4.17005,7.97534,2.70161,15,0.510054,1.24765,2.38066,349.744,36.3273,42.3339,73.1262,38.618,28.5078,13.0241,6.56069,22.4829,11.1971,15,0.472883,1.33797,3.60404,134.753,21.7797,50.042,20.2751,1.24573,11.0793,7.79014,2.45713,4.60294,1.20615,9,0.505872,1.15893,1.52416,914.553,119.928,54.761,34.4571,1.11719,52.4028,32.2208,8.2634,12.4244,2.01409,23,0.517246,1.3676,4.84985,316.645,39.9308,36.9043,60.1238,18.019,27.7869,18.7553,5.13873,16.9837,9.55927,20,0.487492,1.11733,2.06818
gr00t_wbc_h074_p000,3784,complete,90,18,7.83965,2.41159,0.0266371,0.0389155,299.97,38.0047,16.2355,19.7829,1.16642,28.0382,15.7054,4.37318,7.44626,1.49845,18,0.548243,0.979187,1.70023,198.358,15.6265,14.7861,24.048,1.20667,17.7736,9.55782,3.18521,4.95797,0.979542,13,0.485609,1.0667,1.60494,283.572,34.1872,21.7087,27.2459,1.13178,22.5924,14.2653,4.05724,8.09738,1.26307,15,0.562189,1.23459,2.32111,352.946,37.1899,17.0268,22.8132,1.13768,27.5837,15.5941,4.62185,7.87012,1.35116,18,0.537597,1.13486,1.884,206.089,14.523,13.7947,21.8775,1.00507,18.3189,9.46294,3.25041,5.35202,0.895282,14,0.454086,1.00553,1.46258,207.656,24.2978,8.78365,21.5693,0.706668,17.1296,7.95961,2.81628,5.52244,1.05705,12,0.417446,1.07649,1.80457,336.422,26.5455,23.9314,54.649,2.07634,24.3724,14.9071,4.33974,10.2727,2.42288,12,0.533327,1.32818,3.39531,419.577,32.7057,21.2442,21.351,1.43833,34.0105,16.9058,5.76476,8.76029,1.34333,22,0.393454,0.935312,2.40746,318.469,27.0629,15.9861,24.0442,1.23528,27.332,16.1308,4.46974,7.41343,1.1265,16,0.570555,1.25355,2.40474,309.374,29.4409,15.9243,45.6695,1.03064,24.0623,14.077,3.95521,9.17548,1.36036,13,0.568192,1.33952,2.48338,754.012,62.477,47.5101,182.465,4.40073,40.699,20.3734,6.69183,21.2494,4.88163,17,0.362226,1.14947,3.29769,304.153,33.5527,19.949,19.8686,1.35019,26.4353,14.1497,4.26769,8.54508,1.18821,12,0.588111,1.33595,2.57483,709.213,142.608,56.51,16.9156,0.899632,45.3106,26.6191,7.5003,10.037,1.52569,18,0.529879,1.4518,3.77226,284.002,40.3563,23.0495,10.3921,1.36854,25.6741,12.6182,4.05941,6.47068,1.37789,20,0.439383,0.969071,1.20729,354.149,66.0662,24.9714,8.78583,1.21848,27.406,15.8137,4.35517,7.51184,1.60185,18,0.570736,1.08133,1.40234,311.438,54.7175,45.9372,75.1005,7.96786,26.455,16.3335,4.17624,12.7353,4.15846,15,0.444751,1.06476,1.91849,350.773,37.0359,19.0373,14.6631,1.19205,28.8469,14.118,4.57034,7.48205,1.29202,19,0.544348,1.18594,2.35484,375.607,34.046,14.8135,21.2927,0.952921,24.185,12.1853,3.8978,6.4542,1.12587,10,0.606671,1.51773,3.16844
gr00t_wbc_h074_p000,3785,complete,90,18,9.52475,3.26526,0.0175229,0.0223294,289.389,27.5836,13.4529,15.0175,0.932448,26.3543,13.8694,4.34059,6.54913,2.17834,17,0.432479,0.958037,1.47581,157.741,14.311,11.2788,58.9721,1.73932,13.184,8.48219,2.21586,7.71664,1.96502,10,0.464929,1.04121,1.84007,269.035,36.4658,18.8773,19.9675,1.28846,24.33,14.8751,3.90618,6.12191,1.54104,16,0.458943,1.10367,1.94858,112.152,14.0321,6.86481,18.3738,0.753731,10.3041,6.26958,1.85371,3.44048,0.837351,8,0.335395,0.990105,1.19438,211.419,24.0876,8.46874,19.3414,1.75188,15.4514,7.13811,2.79323,4.87997,1.08789,10,0.537861,1.30606,2.63051,247.436,28.9282,12.338,32.8491,2.30153,19.0819,9.5278,3.73376,12.0036,2.90948,12,0.535721,1.0609,1.87129,282.414,33.8299,10.8242,12.7753,1.22729,22.1822,13.0953,3.54899,6.60595,1.46598,13,0.578269,1.21594,2.69104,256.881,24.7905,12.4532,21.6269,1.39627,18.9949,10.5137,3.26216,6.71353,2.37585,11,0.529369,1.28812,3.30567,329.99,39.991,32.7297,133.309,16.6034,29.7073,19.8959,5.73681,12.6403,4.75562,17,0.627889,1.2185,2.98814,217.253,21.8558,10.9779,19.0267,1.18046,17.6451,10.6954,3.00293,4.06656,1.0553,12,0.472497,1.02378,1.83088,247.074,37.9219,9.43451,12.3158,1.63252,17.6442,10.3034,2.85219,6.5063,1.36468,11,0.599495,1.14917,2.11476,311.291,33.2712,16.6326,23.9442,0.866047,26.1471,13.0311,4.42247,8.46722,2.12858,13,0.571874,1.34276,3.15001,170.967,14.6555,9.75116,21.4258,1.64649,14.3243,8.48131,2.2486,4.24577,1.19163,9,0.528327,1.30984,2.96136,1047.57,61.3845,40.1986,33.6135,1.55986,59.684,26.8739,6.81826,8.9052,2.32896,20,0.42139,1.33752,6.35275,379.86,37.4045,15.1218,14.4273,1.54826,28.7385,15.0617,4.51448,7.63212,1.55575,17,0.524195,1.19749,3.26775,306.805,33.4698,11.6205,15.7336,2.40533,23.3298,12.4222,3.57948,3.30991,2.46147,9,0.870234,1.65193,5.01599,1140.5,86.6234,48.0016,17.2573,2.73144,52.8948,27.3572,7.40835,9.65352,6.19624,25,0.417165,1.44099,4.50851,227.575,22.7114,9.27576,15.8316,0.74242,19.2258,10.3763,3.06787,5.89419,1.76052,11,0.527693,1.23033,2.4379
gr00t_wbc_h074_p000,3786,complete,90,18,8.53866,2.70474,0.00432155,0.0176388,189.459,23.3174,8.52014,19.3513,1.2401,19.3874,10.3054,2.87785,6.32359,1.89698,10,0.481388,1.01624,2.34157,134.499,12.1585,7.43465,17.4776,1.0134,11.8644,7.08863,2.39786,8.1994,2.69102,8,0.468968,1.09899,1.71512,277.042,31.4713,13.7977,25.5743,2.1536,23.6508,13.4083,3.3451,6.08834,1.18553,15,0.453103,1.09382,2.31495,208.941,18.9034,13.5529,37.8943,1.2339,17.8741,10.6521,3.23982,6.73505,1.68687,16,0.413042,0.866342,1.72974,264.106,22.5793,19.7306,26.1535,0.961602,23.0371,14.6094,4.0209,5.22344,1.29581,17,0.445899,0.9964,1.76893,353.688,37.3288,18.4753,20.698,1.70415,25.6187,14.2136,4.31373,4.95008,1.42772,14,0.559646,1.44429,2.9486,408.399,78.3262,26.1644,30.1947,1.33871,33.4237,23.8274,5.24832,7.49789,1.55776,17,0.561433,1.26215,2.84693,135.936,14.7354,7.76328,18.386,1.37855,11.4745,7.10788,1.85668,3.47344,1.19014,8,0.542253,1.16345,1.98133,433.821,46.0578,23.511,17.8142,1.84066,29.7763,14.437,5.33527,8.46679,2.521,17,0.585137,1.52988,3.69127,217.373,17.6118,15.427,15.9224,1.2611,17.3722,11.3482,3.33421,5.35508,1.25114,11,0.601695,1.26734,2.51391,410.957,73.4039,23.9298,125.379,3.21946,29.6719,19.805,4.90039,15.6109,4.75926,12,0.426041,1.21402,3.78942,291.378,36.6622,14.8679,17.1226,1.14412,23.9444,13.7198,4.10654,8.22975,2.52242,17,0.508283,1.11278,1.97896,287.161,26.7834,17.1565,13.404,1.02422,26.7273,15.7722,4.48937,4.7371,1.48263,20,0.447649,1.06173,2.25528,149.269,26.3797,8.83714,11.234,0.91515,12.037,7.2218,2.15103,4.60273,1.59179,7,0.591758,1.33545,2.39327,689.787,119.73,42.3898,20.3268,1.31228,48.7586,29.5163,7.36595,12.4921,3.42844,22,0.768912,1.3857,3.55696,747.219,112.13,45.6091,45.4637,1.4549,49.34,29.8011,7.21404,13.9326,2.02357,15,0.848337,1.49961,5.20133,409.167,35.5053,22.0645,28.4015,1.1407,30.4089,16.514,5.08458,8.50384,1.11119,20,0.428409,1.07935,2.32392,240.357,22.714,31.1437,177.849,42.7422,22.2603,12.9298,3.92184,15.2832,5.58429,12,0.456842,1.1485,2.40508
gr00t_wbc_h074_p000,3787,complete,90,18,6.59116,2.77497,0.00388192,0.00284253,156.435,16.2761,6.21632,16.657,3.33432,13.8577,8.20607,2.14157,4.53592,1.8806,10,0.392575,0.896444,1.70792,250.45,26.8205,11.9164,30.0191,4.01656,21.2281,11.3906,3.4149,6.4393,2.47985,15,0.492111,1.02763,1.98411,301.078,26.991,12.1716,9.95787,1.4971,24.0528,13.7517,3.71222,6.82417,2.24555,14,0.58823,1.26594,2.63537,192.923,12.0295,7.77984,11.7621,3.94726,14.4954,7.02429,2.57587,5.41647,3.95001,9,0.556657,1.14648,2.50686,212.723,32.7884,13.215,12.6817,3.12285,17.6781,11.3776,3.15663,7.67689,4.38065,11,0.579221,1.25506,2.25607,258.457,23.4055,11.722,13.2063,1.34851,23.1289,16.1194,3.94027,4.24095,2.36936,16,0.484309,1.15624,2.49014,256.698,23.7743,13.0044,14.5761,1.72635,21.5131,12.1491,3.90468,6.8864,3.54925,15,0.49759,1.04709,2.65911,148.356,17.1582,5.88686,10.547,0.760651,12.9091,7.85862,1.96335,3.12055,1.91427,7,0.640779,1.42261,3.12514,618.279,58.4453,27.7048,12.7362,1.03062,47.3722,26.7149,6.81477,8.19923,1.88791,25,0.45321,1.37236,4.31832,280.398,34.0191,13.427,14.9274,1.07305,24.4677,16.0563,3.64276,7.30074,1.42596,14,0.486391,1.11099,2.34713,100.625,11.036,5.34692,17.1124,1.1865,8.27438,4.04894,1.56669,4.01002,1.14007,5,0.350119,1.18297,2.00279,323.182,33.219,16.6373,22.6768,1.37062,25.2978,14.8226,4.29795,10.3297,2.28493,17,0.51311,1.11797,2.2121,373.081,29.8379,19.6412,23.83,1.37231,28.1805,14.1959,5.30484,12.5832,3.09413,20,0.485776,1.1624,2.88608,428.28,43.784,24.4796,82.6665,2.08377,28.3437,16.02,4.62524,17.0749,4.18322,10,0.619312,1.61884,4.82338,306.163,28.3214,16.9905,21.9243,1.05886,23.0073,13.7063,4.15798,7.8587,1.95144,14,0.596341,1.2658,2.90319,357.981,35.0434,18.1649,18.1668,1.14544,27.9665,16.5024,4.44491,7.59552,1.36778,16,0.4732,1.2049,3.30423,177.699,18.7314,16.2483,51.2717,1.90278,15.0864,9.57522,3.09631,10.7989,2.56547,7,0.569397,1.39419,2.96349,340.637,50.9791,77.8362,266.941,6.5519,28.7616,16.6362,5.41417,25.5789,6.70687,10,0.871509,1.40378,3.93575
gr00t_wbc_h074_p000,3788,complete,90,18,7.98716,2.6341,0.00186012,0.00568815,146.243,13.6972,9.51988,23.1164,1.34985,14.1826,7.73727,2.25872,6.53302,2.57132,10,0.396048,0.800552,1.32758,199.815,19.2508,13.2271,21.0806,2.50459,16.1264,8.1417,3.3168,7.98982,4.47841,9,0.58963,1.29612,2.84195,184.987,26.0164,10.1383,16.4037,2.18912,15.3832,10.1812,2.83448,8.21404,1.83548,12,0.444557,0.961673,1.58312,287.283,28.8302,13.9576,23.6003,1.05861,23.2437,12.0271,3.71767,6.03995,1.29398,15,0.514801,1.13671,2.21388,273.929,27.4508,11.1217,20.3288,1.32019,19.2645,9.05745,2.9907,5.33567,1.22674,13,0.533476,1.2208,2.33186,254.242,25.0193,15.805,25.6945,0.821255,18.9595,9.43318,3.20263,5.99854,1.25304,13,0.537915,1.13024,1.73777,287.715,34.4227,14.7597,20.1122,1.33989,20.858,14.0708,3.1157,4.97061,2.60776,12,0.591611,1.25566,2.76612,442.968,46.5903,29.4429,30.8235,1.103,34.0997,16.6703,5.6524,7.55845,1.80792,14,0.47422,1.45986,4.66952,262.533,27.0956,16.9969,18.9353,1.42561,22.1093,10.3872,3.80489,5.81856,3.02884,16,0.525096,1.1449,1.75584,256.626,27.954,51.0164,179.129,29.3772,21.8034,10.6107,4.92205,18.7098,10.834,8,0.538355,1.62797,4.27781,272.998,58.2805,21.2443,28.9925,1.86435,22.3664,16.4734,3.75225,8.83091,3.96115,11,0.599026,1.49168,3.21325,159.069,14.9311,11.1413,22.6736,1.10449,14.0738,8.24087,2.32924,3.03205,0.965094,9,0.474087,1.1606,1.89137,341.164,59.6287,27.3788,36.9854,0.828186,25.3267,14.4524,4.52966,7.9428,1.28655,17,0.648732,1.04943,1.8486,371.787,44.9115,20.0169,27.2165,1.84558,29.0343,18.1416,4.51108,8.17434,1.57963,14,0.465301,1.3767,2.96207,417.511,65.0299,37.5675,69.0286,1.93798,29.556,19.3994,4.95245,13.5748,2.22304,16,0.614856,1.19462,2.8545,398.654,31.5814,14.4459,26.9899,1.60612,26.4682,13.6684,3.44253,6.52034,1.36404,8,0.461169,1.3838,4.63264,269.724,26.4116,19.715,24.9095,1.09151,19.9032,10.1194,3.94195,6.08202,1.32748,14,0.539278,1.25681,2.99657,211.152,30.3583,13.6429,20.6912,1.74674,19.0682,12.0982,3.15624,4.63603,1.38415,10,0.496486,1.26833,2.35933
gr00t_wbc_h074_p000,3789,fell,86,18,83.1553,3.30641,1.26431,2.26678,275.724,26.9268,14.618,20.3498,1.46788,24.9805,12.4502,3.9973,5.01653,1.14595,16,0.499766,1.03563,1.60492,229.993,19.7273,17.0051,27.5791,1.17973,18.1933,10.4758,3.40698,5.9089,1.26602,12,0.474462,1.17427,1.9906,299.29,34.7977,12.6668,21.2864,0.671282,22.814,13.2345,3.55138,4.51392,1.11278,13,0.773256,1.02122,2.40216,179.956,20.8579,9.84875,13.7044,1.07117,15.5835,9.16683,2.58037,5.03096,2.87693,10,0.552948,1.1737,1.99596,239.522,24.2961,17.3087,23.8741,1.46947,19.7153,11.68,3.33797,5.62267,2.2074,12,0.533095,1.13082,2.26498,316.604,32.9201,14.9405,22.4429,1.10808,22.3531,11.9847,3.72948,5.16652,1.3378,11,0.56929,1.40457,4.03551,298.193,27.3805,38.9512,112.882,6.43305,25.2573,10.913,4.82815,12.6744,3.26918,15,0.472273,1.1215,2.7357,253.62,22.4399,14.8681,18.1743,1.47903,20.3023,10.8741,3.63397,4.07763,0.887885,13,0.517565,1.2835,2.48434,174.338,19.1747,10.7979,18.2294,1.30071,14.3589,7.52724,2.42446,3.56172,0.878708,9,0.542213,1.27415,2.10286,452.676,119.731,27.7596,30.8372,1.04708,35.3692,25.2358,5.67772,9.19514,2.10386,16,0.626657,1.34319,3.34799,688.4,199.661,43.6312,80.471,1.96649,48.4626,35.6162,7.48822,14.268,2.67896,18,0.711818,1.57253,4.78152,338.556,44.6908,29.2075,81.3751,4.26536,25.4577,13.3594,3.9642,9.23009,3.155,8,0.789292,1.74638,4.90485,733.329,101.689,36.375,45.7495,2.12081,50.8475,28.2222,7.688,13.3405,3.72372,21,0.539669,1.74205,5.44023,725.229,77.9644,35.8823,34.001,2.59902,51.7663,23.6275,7.54132,9.85439,3.08891,21,0.63032,1.80408,5.71779,268.34,35.509,12.5948,23.4125,1.56229,18.9369,9.96414,2.8035,4.45048,1.49667,6,0.647816,1.77324,4.60186,1443.8,656.169,75.4943,54.0754,1.80165,104.981,107.215,16.6289,25.5645,6.14564,20,0.800933,1.17655,11.4274,463.2,66.2194,20.3618,20.9211,1.268,35.6205,19.7743,5.32502,7.89645,2.80878,14,0.698606,1.85372,3.99213,3141.08,132.316,84.8704,13.2794,2.30766,93.5641,33.9713,11.7013,14.9085,9.79387,2,0.625328,1.59151,3.68695
gr00t_wbc_h074_p000,3790,fell,70.76,15,12.0136,3.01579,1.47841,1.35116,457.381,49.7311,22.2756,17.1624,1.91241,37.0269,20.5618,5.59141,9.37807,1.72113,26,0.646391,0.877439,1.96935,312.673,28.2952,15.104,16.105,1.7997,26.5343,16.3717,4.26085,7.34038,2.54923,13,0.609374,1.33007,3.49911,245.221,24.9405,12.7909,19.856,1.05966,19.3309,10.7767,3.11867,6.00854,2.06722,14,0.470488,1.03641,1.4918,154.898,21.6684,9.32788,20.3507,0.91226,14.5105,7.886,2.36038,4.30763,1.02696,8,0.513203,1.25322,2.63487,144.9,22.4238,8.62315,18.1205,0.698078,11.7824,6.37243,2.01836,4.01169,0.972871,9,0.490697,1.16679,2.15106,272.326,42.0089,19.8916,23.8825,1.98495,22.0077,14.1579,3.79104,7.60389,1.98599,15,0.475384,1.22239,1.91271,273.486,35.6656,24.4899,20.068,1.28259,23.16,13.8778,4.13665,6.6534,1.45073,16,0.469718,1.15847,1.7078,219.679,27.3465,15.3777,22.1909,0.960269,17.5467,11.8845,2.88183,5.13038,1.24179,11,0.482231,1.21683,2.31922,586.1,112.962,35.0305,20.136,1.20248,42.5179,27.2479,6.7075,10.3764,2.03792,21,0.568804,1.28672,3.15687,233.105,27.0403,18.4395,19.886,1.10221,19.5844,10.1571,3.44467,4.72268,1.21347,14,0.435692,1.03884,1.36314,244.235,29.5134,22.8133,22.7798,1.37201,17.2278,10.992,3.01015,4.94169,1.78859,13,0.476945,1.03536,1.60811,234.668,21.6917,15.2095,18.7131,2.14838,20.8104,10.8353,3.71345,8.17371,3.93308,17,0.448334,0.984872,1.54539,137.596,15.2041,8.63066,16.4795,1.20401,11.1661,7.38133,1.86705,4.17509,1.7825,8,0.499543,1.27769,1.80846,326.385,30.8989,21.0005,19.398,0.595114,26.9097,13.8452,4.95813,7.63122,1.25963,17,0.520742,1.29864,2.45968,2137.55,344.157,132.889,48.2396,3.55662,67.2443,44.1235,12.3847,19.8635,4.23768,2,0.451771,1.26525,19.9972,,,,,,,,,,,,,,,,,,,,,,,,,,,,,,,,,,,,,,,,,,
gr00t_wbc_h074_p000,3791,complete,90,18,7.14329,2.86386,0.041984,0.066411,191.214,24.1015,13.8153,42.5954,1.10197,16.3408,9.35314,2.7767,8.34872,2.26706,11,0.403136,0.877188,1.38517,367.54,31.1153,13.9953,21.6495,0.717231,27.2744,15.4554,4.16859,7.22923,1.19915,16,0.432387,1.21838,3.21667,178.964,13.4203,9.15991,22.9216,1.07486,15.1389,7.59124,2.75968,4.54687,0.968823,10,0.51598,1.11509,1.79456,248.887,23.0262,18.9265,37.3556,1.36215,21.721,14.2761,3.6458,7.40583,1.63043,13,0.55341,1.18495,1.89721,173.824,18.6367,8.79229,18.6069,1.22593,14.6755,7.84961,2.44946,4.52432,1.13942,8,0.532679,1.28543,2.69462,462.523,55.825,18.6769,18.593,2.33151,36.2695,23.5889,5.32337,10.0339,2.81377,17,0.620121,1.34528,3.20798,376.053,36.2237,12.5977,25.494,1.07686,28.7116,14.2367,4.47264,10.2791,2.43589,14,0.55775,1.31755,4.07671,230.174,21.0105,10.5385,12.2911,1.54729,19.5525,12.1779,2.98229,5.53875,1.13975,10,0.539165,1.25422,2.66241,231.979,33.108,12.4751,16.8679,0.944282,19.7886,12.5377,3.1792,6.39423,1.14733,11,0.574597,1.29969,2.68648,124.81,23.8684,11.9176,12.403,1.42342,11.1447,8.04498,2.10719,6.35054,1.88644,8,0.451669,1.05496,1.94061,649.165,69.5316,29.3285,17.9929,1.6046,44.2421,23.1763,6.47435,11.7898,2.31474,20,0.547419,1.77986,5.1735,507.358,88.859,29.662,19.4117,1.33382,37.0452,22.403,5.49814,10.7635,2.73362,17,0.52293,1.27362,3.19134,942.769,177.918,72.1642,23.9616,1.86772,45.9563,32.4522,7.21919,10.4769,2.17095,11,0.381873,1.36366,7.4691,505.21,103.295,38.0276,177.83,18.1114,39.1885,23.3084,5.77536,17.1029,4.87768,15,0.694291,1.29782,3.66374,305.309,30.9386,16.9703,20.3014,1.0419,26.9643,12.8545,4.08675,8.97791,1.29431,14,0.533296,1.29491,2.85856,540.774,64.7172,28.0985,22.7458,2.18296,36.7902,20.7941,5.77729,9.72496,1.47656,19,0.526965,1.32625,3.39311,364.792,39.5942,22.8621,63.3307,2.38696,28.0533,14.3324,4.63723,13.7917,3.16141,18,0.524634,1.08364,1.6575,432.374,68.2957,32.2807,127.375,2.80058,32.5497,20.7449,5.0879,18.6952,3.56546,16,0.487455,1.159,2.52107
gr00t_wbc_h074_p000,3792,complete,90,18,8.50279,2.52896,0.0130702,0.0289132,182.485,20.6282,7.63379,8.83787,1.22118,16.1794,9.65196,2.50435,4.82038,2.49003,10,0.458495,0.960031,1.47666,227.491,24.5548,10.3533,18.3211,1.05639,18.1228,9.72451,2.97274,5.79803,2.29402,10,0.576681,1.32651,3.03665,103.816,13.2162,7.65438,16.8929,1.57878,8.12805,4.71701,1.35928,2.14352,1.06224,6,0.501754,1.12646,2.31233,267.425,29.2123,16.8915,30.0368,1.91898,22.7097,12.5151,3.75611,7.15179,3.16807,12,0.679307,1.37039,2.90491,226.237,22.6934,10.5568,18.2649,1.422,16.4852,7.87391,2.94922,3.93508,1.48401,11,0.547,1.36797,3.00605,175.426,23.1866,14.2851,36.7025,7.09277,14.3829,7.20776,3.21823,9.63015,6.97154,10,0.498416,1.1035,1.89758,356.117,68.411,21.1323,18.3826,2.3664,28.7709,17.8696,4.60571,7.55873,5.02628,16,0.771076,1.17726,2.54279,270.446,32.8022,17.7852,13.0769,1.3921,21.6216,10.9529,3.838,5.26953,2.57289,17,0.441318,1.07485,1.47901,292.595,42.1047,19.5523,23.076,1.26431,25.0751,14.5846,4.26189,10.4933,6.28296,15,0.52664,1.35425,2.12878,283.963,26.76,16.3874,19.4626,1.73655,22.3049,10.1999,3.47746,9.15379,4.59878,10,0.483057,1.49939,4.32004,67.3481,15.9099,7.47137,19.9516,1.83327,6.18478,5.06123,1.20828,6.2654,5.19655,4,0.56613,1.13573,1.75282,524.999,85.6199,51.1717,51.1703,11.1213,38.3302,20.8475,6.56809,19.2341,10.6503,15,0.602345,1.45171,3.84674,402.238,56.8838,32.3406,67.8894,1.72723,31.2551,18.7379,5.36743,12.1134,2.79589,16,0.55179,1.32036,2.72886,364.028,28.6808,28.2346,37.2621,1.3741,26.3926,12.5085,4.57164,7.52829,1.56844,12,0.591502,1.36454,3.26123,636.775,94.676,36.1556,44.3999,2.05687,44.5203,27.4455,6.75018,13.1454,2.57262,20,0.659996,1.21034,3.33512,246.097,26.2083,13.7505,22.907,1.30626,21.5521,12.1665,3.5714,5.64037,1.49879,11,0.557995,1.51231,3.48253,342.447,56.6446,21.536,20.8763,0.969032,28.2606,16.1433,4.80101,9.16541,1.59684,18,0.551498,1.22148,2.46708,138.698,20.4988,12.592,18.0484,0.927113,12.6196,6.57114,2.11331,4.96422,1.33111,8,0.460021,1.16404,1.52608
gr00t_wbc_h074_p000,3793,complete,90,18,9.33641,2.49844,0.00253705,0.00194319,126.203,14.4574,5.84216,11.3235,1.34167,13.1113,7.72245,2.25637,4.01354,0.990401,9,0.376852,0.838145,1.19673,153.87,26.4612,8.75961,21.8851,1.76279,13.5431,10.2271,2.59943,5.32175,1.27753,9,0.595229,1.14641,1.98961,267.794,36.8096,13.6295,25.8266,1.47517,19.8588,12.0472,2.90399,5.03598,1.41793,11,0.555547,1.16754,2.80571,258.481,24.6518,14.8385,22.0276,1.02975,20.3649,9.69959,3.39994,4.30482,1.76484,13,0.558041,1.23976,2.17148,255.984,23.0514,17.4451,25.7446,1.50922,20.8181,9.94127,3.88945,4.69296,1.43022,17,0.426393,0.981129,1.30553,314.392,37.9038,16.9499,31.3479,0.677381,22.7414,11.0067,3.6757,5.7131,1.25381,14,0.646128,1.33982,3.05761,351.091,36.1647,24.6071,28.7509,0.513601,25.8167,15.4973,4.11835,5.91,1.21755,20,0.482752,1.13062,1.68042,189.459,31.5387,16.4001,20.7738,1.33456,15.7995,8.35788,2.69723,4.60108,1.06289,9,0.624276,1.52877,2.466,241.442,34.5798,22.8765,24.2641,1.12812,16.6611,10.3378,2.82275,6.67421,1.98521,14,0.419418,1.02737,0.999956,241.17,29.2286,15.3662,22.6507,4.83443,20.6502,7.79673,3.89154,9.3608,6.35024,13,0.529344,1.31818,2.48398,95.5132,8.40475,27.9852,43.9921,1.98383,8.44164,3.7405,2.58519,10.076,3.95444,5,0.56657,1.07181,1.29412,313.722,36.5967,28.696,30.0759,0.818163,22.6578,12.6068,3.73436,5.73126,1.842,15,0.486974,1.1955,1.84356,250.742,24.7728,15.4285,19.3557,2.19851,21.4829,12.0148,3.51547,5.20903,3.73685,19,0.427311,0.893575,1.34642,579.891,135.709,56.7326,201.235,59.309,47.6387,28.0904,8.86124,27.2319,10.5076,17,0.650314,1.38901,4.0439,417.052,37.5118,36.3739,104.985,13.0566,32.8196,14.6788,6.26273,15.9921,7.415,16,0.463248,1.23562,2.97518,319.584,42.7421,21.3327,28.9045,1.0592,25.9679,13.8167,4.57207,5.64934,1.79846,19,0.450592,1.25262,2.23851,236.604,17.8561,14.7144,28.0656,1.063,20.3718,9.88017,3.4785,5.11008,1.43795,16,0.384119,0.974327,1.30045,239.733,33.1465,15.0082,24.22,1.01015,20.9586,12.2301,3.57914,5.6237,1.62521,14,0.498529,1.06797,1.81336
gr00t_wbc_h074_p000,3794,complete,90,18,9.61907,2.93892,0.00343585,0.00164276,291.805,33.6481,14.1266,14.3644,1.24015,24.6999,14.9341,3.9481,7.32865,1.84751,19,0.431733,0.873222,1.60916,161.226,13.9436,8.49694,14.0121,1.456,14.9209,8.61287,2.52791,4.16946,0.998047,12,0.403635,1.00569,1.37828,283.263,24.2052,15.7921,15.2275,1.52728,21.7841,11.567,3.60541,6.31442,1.30873,15,0.47679,1.00629,1.46047,331.297,31.2841,15.2666,24.6039,1.61152,26.0268,15.2156,4.26435,8.50555,1.87924,23,0.392511,0.900805,1.37315,228.426,23.2274,9.09838,9.81512,1.44955,18.5645,11.2878,2.74965,3.94598,2.24816,10,0.578929,1.33655,2.32064,241.239,26.6962,11.8568,17.8228,3.00101,18.205,10.3754,3.31225,5.35226,3.23105,11,0.563974,1.31472,2.6206,240.09,18.7854,14.675,16.0681,2.32628,20.1234,11.7434,3.82663,7.37432,4.9659,16,0.42687,1.0537,1.77978,248.792,21.3668,11.7871,11.9246,1.11513,20.9816,10.411,3.70609,6.2199,3.12109,13,0.580183,1.23133,2.01015,194.661,17.8262,10.4143,12.0941,0.856942,14.527,10.2003,2.61436,2.96616,1.22951,9,0.508169,1.22057,2.6318,237.614,27.4734,12.1353,18.8351,1.32152,19.1796,11.6836,3.31892,4.81694,1.37062,12,0.512161,1.15279,2.34252,415.001,41.6883,24.0128,13.3064,1.52536,33.6739,22.6019,5.70145,5.7375,1.74899,22,0.46106,1.14625,2.89593,373.885,36.1781,18.9812,28.7995,1.71099,26.5263,13.2792,4.4103,9.83051,2.72616,12,0.661226,1.47175,3.26196,308.57,35.7463,15.944,11.9267,1.54672,23.6296,14.2623,4.23677,4.45707,2.00579,15,0.509481,1.12718,1.85098,778.808,51.1717,104.409,340.978,39.6552,45.8604,20.6613,11.4988,49.6466,16.8287,16,0.489702,1.50638,4.84543,511.01,93.7033,29.7643,47.4932,1.73344,36.0168,24.468,5.85731,13.7128,3.41952,19,0.609708,1.13729,2.89455,450.175,99.5374,28.5823,14.1163,1.27023,36.0344,22.786,6.71302,9.80494,2.75768,18,0.562624,1.33412,3.40652,222.377,29.1705,15.3517,12.1403,1.55384,17.87,10.7787,3.22359,4.07934,1.88804,13,0.567408,1.05952,2.0298,128.167,15.8336,7.42789,13.1436,1.36549,10.2131,4.92237,1.88075,4.01475,2.91016,7,0.464748,0.929082,1.43918
gr00t_wbc_h074_p000,3795,fell,80.94,17,16.3865,6.66471,2.39041,3.15491,227.789,22.5745,10.6281,11.5585,1.84739,20.3044,11.5836,3.28847,6.65274,2.65838,15,0.430517,0.892524,1.46395,344.845,37.6523,15.7714,20.6066,1.33096,26.6175,14.9431,3.81428,6.06729,1.20645,18,0.510558,1.02711,1.94501,321.763,33.6936,16.9177,26.8817,1.44501,24.4077,12.3472,3.93793,5.16296,1.21402,16,0.606409,1.202,2.50859,355.421,43.82,17.8461,30.8788,1.15259,26.9622,15.5595,4.2802,6.23229,1.26292,14,0.504883,1.24521,3.13898,250.242,23.9434,12.4037,25.4058,1.2193,19.0834,10.9322,3.39275,5.40954,1.16079,10,0.639668,1.47827,2.64982,291.639,38.6859,15.4153,27.4588,1.37288,21.7814,13.4108,3.19695,4.79096,1.16891,13,0.600441,1.23208,2.26082,237.68,27.1695,14.6196,23.3141,1.3855,19.2114,11.7061,3.29453,4.06678,0.952483,12,0.55048,1.29241,2.06645,376.815,54.1213,19.5675,48.4559,1.73017,26.8953,16.2237,3.89448,7.93601,1.92999,11,0.592746,1.27858,3.87219,186.839,20.8014,6.90985,14.5073,1.47889,15.2099,7.50011,2.4657,4.55931,1.64148,10,0.452359,1.25326,2.38926,236.154,18.262,11.0282,13.3878,1.35305,21.0488,9.99082,3.4858,5.63287,0.987731,13,0.526976,1.21914,2.20631,252.526,22.5722,13.6319,11.9487,1.5321,19.2104,12.1554,3.55944,8.45158,3.35664,13,0.482431,1.17419,1.83404,645.783,66.7914,36.4294,24.9023,1.89585,44.3283,25.2316,6.66778,9.10204,3.57379,21,0.473811,1.59237,4.98379,231.848,24.4345,14.4608,17.9952,0.915764,19.4419,11.9082,3.19608,4.08143,0.962654,12,0.550927,1.15468,2.07822,261.109,22.5566,33.1596,165.391,7.47925,23.5067,14.4649,5.21389,22.6194,8.12613,11,0.622342,1.30034,2.60605,211.436,28.5699,12.1358,16.0532,1.31799,18.5647,9.7708,3.09369,6.46865,1.6479,11,0.461061,1.07118,2.05886,983.726,88.3901,36.8893,40.6594,1.17554,56.2217,25.7894,8.89923,12.2072,3.57512,21,0.54063,1.76221,7.46158,1309.86,85.2994,34.9684,19.0181,1.09992,45.595,25.7718,4.9914,8.43274,3.30073,5,0.726653,1.37074,8.16895,,,,,,,,,,,,,,
gr00t_wbc_h074_p000,3796,complete,90,18,7.63725,2.88564,0.0217906,0.0348035,202.708,24.8525,9.1087,17.4018,1.44867,16.5339,9.08718,2.45555,4.6738,1.08795,9,0.445364,1.06892,1.85027,274.802,26.4226,9.94731,14.4584,1.68165,21.6609,13.375,3.38856,6.3676,1.27766,14,0.5654,1.19415,2.35382,134.98,17.5936,4.74533,7.27538,2.10816,10.0446,4.38685,1.85844,3.33728,1.45329,8,0.516345,1.08493,2.24981,324.79,32.7491,15.0886,51.8023,2.29474,23.7921,14.9693,3.88218,9.87673,2.96571,15,0.588568,1.23538,2.38528,291.41,43.1889,12.5033,28.2261,1.01295,25.3224,13.5808,3.74476,4.49756,3.28772,15,0.506277,1.15466,2.04189,176.484,15.2409,8.94089,34.8057,2.15324,13.5348,8.07302,2.30467,2.78157,2.38113,13,0.410773,0.875356,1.7737,327.568,32.089,13.8234,39.1889,4.31533,24.4588,9.88948,3.80092,4.93745,4.18165,16,0.460373,1.22515,2.67013,311.533,37.879,12.5251,11.2272,3.39081,26.6562,16.3072,4.14098,4.53515,4.76447,16,0.567467,1.17394,2.60282,186.026,16.3222,7.71127,7.61368,1.16977,16.7496,8.49155,2.56941,2.35716,1.82705,13,0.460375,0.974087,1.40503,270.35,25.7378,13.1837,16.0595,1.43666,25.1848,12.3284,4.32829,7.38608,4.71488,16,0.494116,1.12456,1.79423,373.678,61.4319,24.5146,11.373,1.49382,27.1101,14.4228,5.04379,5.61387,3.76146,22,0.521625,0.94546,1.79058,159.391,17.7358,7.67635,8.01021,0.847582,14.8621,7.65907,2.56161,2.42595,1.42669,8,0.499944,1.30517,2.26311,539.019,105.647,24.3587,124.946,4.00762,43.1261,27.692,7.02145,19.151,5.43305,16,0.68478,1.51598,4.07269,551.082,47.4619,26.7891,102.738,129.504,37.9967,18.8908,6.60397,16.9415,15.5221,21,0.621238,1.27213,2.85362,146.176,14.1428,7.28539,26.6788,24.2128,12.4866,6.93081,1.80247,2.4907,5.38072,4,0.665043,1.63603,5.4013,344.778,34.0483,15.4897,18.2669,5.10092,28.9865,12.4045,4.44972,2.31489,4.5793,17,0.512503,1.35483,3.41927,517.551,52.8719,22.1988,18.1092,6.09778,39.8195,19.861,5.00443,2.45913,2.71871,17,0.673904,1.44116,3.41419,375.977,45.2421,17.9417,14.0671,38.5044,28.6937,13.9128,4.35541,4.23978,7.71663,15,0.565486,1.3448,2.92131
gr00t_wbc_h074_p000,3797,complete,90,18,11.359,3.54141,0.359614,0.333808,229.861,22.9253,13.6782,35.495,1.68324,20.7018,11.6658,3.35225,5.36676,1.31724,12,0.482877,1.12135,2.25499,201.065,20.0968,9.50884,17.1297,2.05542,16.528,9.44216,2.68488,6.1337,3.31923,15,0.418178,0.887813,1.5458,253.878,27.7588,12.0097,23.1084,1.10914,20.7253,11.9741,3.28023,6.26037,1.32562,13,0.484472,1.13787,2.15695,288.035,44.5795,23.6771,44.985,1.94831,22.863,16.4753,3.68533,7.98186,2.12316,16,0.44243,1.02513,2.24883,341.028,35.0384,18.1298,42.4922,1.54911,25.8239,13.6676,3.89375,9.76096,1.60785,10,0.50862,1.46691,4.2471,288.71,24.5444,20.2129,72.0195,1.91638,22.6837,14.2602,3.86423,10.0832,2.37732,14,0.483627,1.14664,2.14586,220.792,26.2991,11.2637,19.8336,0.87952,16.2419,8.99867,2.77684,5.06559,0.848243,13,0.463048,0.954662,1.3876,377.541,64.462,23.892,31.0233,0.756834,29.6239,18.4297,5.44824,10.1918,1.6835,22,0.505832,1.19047,2.35464,201.699,19.4642,11.3409,22.1253,0.664101,16.7082,8.37326,3.05036,4.55577,1.05961,10,0.518327,1.16883,2.51591,309.11,36.6393,16.0361,23.8972,1.60657,22.7464,12.7304,3.89737,6.49138,1.38312,20,0.402817,0.865761,1.44249,591.428,56.1305,73.2555,93.4689,10.5495,41.3802,24.1639,7.86681,22.2711,6.3095,22,0.416136,1.10051,3.40442,438.795,35.5616,22.1745,26.4124,1.35289,32.6193,17.9545,5.255,8.55644,1.81789,21,0.426584,1.14524,2.54818,859.751,64.5591,77.6171,39.8188,2.1081,51.0351,26.9344,7.49546,13.1144,3.44395,19,0.507806,1.67681,6.03275,464.511,46.7551,71.94,202.766,54.1405,38.3163,18.527,8.89889,32.5909,13.7901,17,0.501464,1.18439,3.08203,188.585,27.0583,11.8732,19.9966,2.37166,14.8872,8.48509,2.61236,6.91109,3.98911,9,0.650935,1.34674,2.13909,174.145,20.2172,11.0397,26.4523,3.32184,13.5928,7.09802,2.35381,8.52027,5.47911,10,0.566132,1.1356,2.38776,1594.08,157.377,65.2369,42.8481,1.44737,89.9495,42.9344,12.0262,18.788,4.25154,19,0.577662,1.9261,10.4472,1628.58,239.312,90.4579,28.4991,2.55692,81.1814,50.5277,12.1011,16.0437,8.64315,21,0.647434,1.39523,7.24539
gr00t_wbc_h074_p000,3798,fell,65.66,14,12.737,8.30258,2.18421,3.62773,192.319,27.1014,7.61811,11.4323,2.99811,18.0151,9.30401,2.63945,5.33083,2.05785,10,0.431349,0.946905,1.5613,236.253,20.2045,9.82514,18.3901,5.44899,19.7047,9.87426,3.15701,5.07951,5.72778,13,0.534878,1.07932,1.824,139.405,18.5154,7.2123,12.0125,1.67456,12.3876,6.72056,2.03202,2.37317,2.30094,8,0.523935,1.09449,1.92466,147.757,30.1379,8.9478,19.6288,3.95654,13.6972,8.48921,2.55064,6.99417,3.94669,7,0.535284,1.43994,2.91199,294.389,29.161,12.6354,9.85624,1.3854,24.7181,15.1674,3.69785,2.94253,1.90635,17,0.488347,1.04805,2.07535,209.525,21.3723,9.66248,16.9285,1.49129,18.2182,14.0968,3.07502,4.3089,2.47007,15,0.43528,0.965126,1.79858,275.533,29.2303,10.8522,20.2929,1.12579,21.6024,12.2889,3.33263,5.38945,1.69506,16,0.435802,0.956285,1.85371,485.763,53.0902,18.1154,33.7391,1.95595,36.3559,20.7294,5.05284,9.1816,3.26651,17,0.596763,1.33304,4.21879,237.148,29.4236,11.2608,19.153,2.6743,18.546,13.105,2.81703,3.49023,1.81863,9,0.563872,1.34004,2.95012,269.059,31.6901,9.64144,10.1836,1.77612,22.0386,11.6252,3.23514,4.34248,3.07986,10,0.619109,1.46741,3.86416,68.2058,7.0603,6.999,12.6914,1.93884,6.12363,3.79529,1.32985,3.57751,1.89508,4,0.591272,1.28556,1.8542,346.352,38.8484,37.0481,229.411,6.81947,29.676,16.828,5.50444,15.6417,4.31574,14,0.619241,1.39556,3.52703,511.101,45.9978,26.4173,20.6514,1.81507,36.8465,17.8933,5.57988,11.167,3.71532,15,0.572031,1.53694,4.92888,2523.54,178.866,100.707,25.108,0.162045,69.7556,25.5389,9.27814,12.7079,1.30218,2,0.27071,0.621983,1.3858,,,,,,,,,,,,,,,,,,,,,,,,,,,,,,,,,,,,,,,,,,,,,,,,,,,,,,,,
gr00t_wbc_h074_p000,3799,complete,90,18,8.06775,2.28925,0.0260498,0.0276854,206.525,22.3423,10.1573,17.7073,1.98795,17.794,9.26307,2.77769,4.82107,1.12116,12,0.424544,0.946122,1.79464,192.559,19.5336,9.2302,16.8242,1.75206,15.0123,9.83567,2.20102,3.63787,1.18341,8,0.541546,1.21072,2.55378,206.706,25.8299,19.356,51.3707,2.65602,15.7031,10.5137,2.77388,7.58287,2.05538,13,0.38636,0.898448,1.47987,89.0162,11.9266,5.55353,22.0993,1.70082,8.15553,3.63759,1.37581,4.12894,1.73763,5,0.355432,0.790599,1.01793,203.052,24.7158,11.8869,37.5547,2.92391,15.7175,9.1547,2.76868,8.32661,5.5285,11,0.506669,1.09377,1.95736,252.301,20.5507,16.9594,28.4151,2.2673,21.2063,12.8529,3.99672,7.50981,4.04213,13,0.510397,1.25059,2.48113,235.625,20.6524,25.7841,114.737,5.82422,19.1296,11.1673,3.84503,10.8528,5.88536,11,0.49808,1.17288,2.02183,190.558,18.6867,9.63185,12.6893,1.79722,15.1878,7.79125,2.91911,4.44125,1.42576,8,0.563496,1.37743,2.95753,135.769,13.2955,11.8681,13.8856,1.05148,12.1653,7.98637,2.44697,4.11329,1.06987,8,0.571869,1.18301,2.43409,214.204,27.2478,12.1204,11.733,1.57822,15.8299,10.9025,2.86097,4.6125,1.47361,10,0.516018,1.26411,2.45376,238.02,45.1655,24.3727,16.6476,0.694874,20.5931,16.0949,3.8793,5.51154,1.0942,15,0.54285,1.0749,2.2506,198.478,32.5935,19.9442,13.097,1.0301,16.9492,10.8766,2.87039,4.4637,1.29362,11,0.467432,1.13973,2.18517,245.282,32.4338,17.9568,14.4868,1.2401,19.5055,12.3745,3.23098,5.96608,1.58756,10,0.458979,1.29228,3.73408,824.599,149.699,87.286,374.118,19.2354,55.1991,36.4979,9.55321,39.4325,9.72113,14,0.559567,1.52073,6.46335,244.521,23.0812,15.5504,69.2772,5.64996,21.781,10.552,4.40021,16.5377,7.46622,10,0.686708,1.33702,3.95392,849.589,176.665,70.2628,94.0905,7.21415,65.1351,41.1598,10.1542,25.666,7.07945,27,0.522852,1.2482,4.3975,651.952,63.7883,24.9309,15.4886,0.915703,41.1066,24.2635,6.17552,9.07105,1.56888,19,0.496609,1.21846,4.09875,364.725,92.5099,31.666,33.3212,2.2085,28.8139,22.5774,5.39695,12.35,4.49627,15,0.680103,1.23042,3.2635
gr00t_wbc_h074_p000,3800,fell,60.9,13,11.6564,9.69558,2.75012,2.61862,328.025,28.7244,14.5833,16.7097,1.55465,29.642,15.7499,4.68649,7.49484,1.47625,19,0.473543,0.994726,1.76334,146.14,15.2295,8.5331,19.2178,1.44508,12.9673,8.86382,1.99375,2.67919,0.849647,9,0.475811,1.03653,1.92935,524.834,45.3048,35.9908,105.082,4.8406,37.1974,22.1642,5.92003,12.7521,3.08651,23,0.404387,1.12752,3.33046,198.729,18.8517,7.9504,16.0744,1.13138,15.1984,7.93393,2.57171,5.54866,1.64375,13,0.490735,0.964403,2.01938,237.582,24.5167,16.572,31.82,2.55399,21.8107,14.0567,3.67669,10.1689,2.57742,16,0.459865,1.04636,1.8828,317.41,35.2113,12.5532,10.9457,1.7392,25.729,15.4085,3.82313,7.49986,1.42169,16,0.508073,1.25934,2.35515,198.578,22.5339,9.42436,9.59126,1.6772,19.4977,12.3386,3.16518,6.02417,1.65547,12,0.502646,1.14648,2.12203,191.427,27.6078,7.998,15.2674,1.31187,16.9954,11.6252,2.57337,6.21469,1.59057,11,0.502115,1.14827,2.48968,398.246,27.6457,16.2646,16.1506,1.14273,29.436,16.1898,5.2971,8.8469,2.42991,18,0.631264,1.22223,3.24853,282.677,24.2499,15.4495,78.3826,10.9854,22.8591,14.7198,4.11008,13.0745,6.69195,16,0.443095,1.0505,2.25866,247.27,59.7761,13.659,41.7839,3.05495,20.8986,13.0448,3.5468,10.4634,4.70111,11,0.736253,1.31995,2.78642,366.47,32.0131,19.8129,34.8649,3.99867,28.0087,13.2351,4.39593,6.56562,3.77722,14,0.450739,1.41372,4.54672,4009.2,538.716,121.243,58.3428,31.9023,100.719,55.7171,15.477,20.4401,11.2647,3,0.110682,0.613652,1.26313,,,,,,,,,,,,,,,,,,,,,,,,,,,,,,,,,,,,,,,,,,,,,,,,,,,,,,,,,,,,,,,,,,,,,,
gr00t_wbc_h074_p000,3801,fell,65.56,14,12.5941,10.1699,1.39606,4.15885,289.043,34.4145,11.0283,24.495,1.29471,25.9045,14.8603,4.10295,9.18784,2.28477,15,0.410019,0.998381,2.17087,265.685,31.2371,10.7957,21.2736,1.38783,21.5487,11.3447,3.2539,6.08373,1.17064,13,0.577978,1.22236,2.22507,137.972,12.6552,7.75192,17.8124,1.21894,11.6569,8.77023,1.85677,3.30708,0.829502,10,0.425626,1.00161,1.46573,170.557,21.1843,8.76976,17.4219,1.08876,13.7143,7.26916,2.43033,4.05862,0.922548,9,0.475846,1.36952,2.6762,336.547,32.8339,20.1063,73.5087,7.19878,27.5108,17.1914,5.111,13.9177,6.31212,21,0.436423,1.01467,1.52288,174.049,16.4574,12.5131,23.6474,1.48902,17.0765,8.83629,3.176,5.27977,1.50607,9,0.568848,1.37035,2.4496,259.173,25.39,13.1327,23.6794,2.01041,21.3139,9.99041,3.47878,6.29626,1.36884,13,0.515692,1.1984,1.84588,507.305,59.4026,32.0033,36.7575,1.43643,33.993,18.6632,5.86316,12.7793,2.5279,16,0.484995,1.66688,4.7352,220.439,27.1114,16.3266,18.3995,1.08689,16.2077,7.06437,3.03233,5.39961,1.34877,15,0.439998,1.14006,2.29484,231.216,30.6368,18.1498,28.7564,1.20356,18.8403,10.2731,3.19279,6.13845,1.31984,12,0.473326,1.07752,1.75735,869.608,63.0231,43.5074,40.3087,1.13089,42.7519,20.6205,6.398,8.81369,2.35203,20,0.51592,1.48828,4.36385,608.154,59.2086,36.8597,84.9232,2.19542,41.0522,19.6732,6.88296,11.7753,2.7226,21,0.554971,1.5983,3.82185,457.29,41.5545,27.205,44.1591,2.22846,28.4461,15.6962,4.58686,9.97637,3.91741,14,0.460833,1.21165,2.91268,1313.31,24.978,71.4917,201.006,2.69739,39.2935,9.98131,6.62363,20.8057,3.19697,5,0.154648,0.501773,1.75154,,,,,,,,,,,,,,,,,,,,,,,,,,,,,,,,,,,,,,,,,,,,,,,,,,,,,,,,
gr00t_wbc_h074_p000,3802,complete,90,18,11.6006,3.37108,0.673309,0.761633,160.626,17.0891,9.73267,21.524,2.19796,15.7296,10.1349,2.56867,6.51372,3.87286,10,0.425834,0.983514,1.69944,155.888,14.821,7.10897,15.9909,1.70363,12.5266,6.85473,1.99635,3.71692,1.8562,7,0.614587,1.19047,1.9517,265.062,20.4018,11.2501,12.6879,3.09876,22.2056,11.3894,4.16541,6.95549,4.82177,14,0.558069,1.16447,2.31838,277.878,20.066,13.8622,17.8535,1.97633,23.1948,12.8187,4.07459,10.3231,3.20337,17,0.449907,0.949766,1.9146,231.378,28.468,9.20969,10.3677,1.01669,18.1815,8.14665,3.20643,6.69935,2.59034,12,0.449068,1.21354,2.30285,306.199,27.6535,15.1514,16.1037,0.576583,24.0239,14.7438,4.02422,6.74944,1.32755,16,0.627321,1.14164,2.41147,286.519,30.2934,18.8131,19.8169,1.65975,21.7268,13.6768,3.86969,8.37492,1.98346,15,0.465927,1.20247,2.60433,320.568,32.5446,13.4788,32.102,2.71199,25.755,13.7723,3.95763,9.34308,4.18374,14,0.573548,1.22996,3.49989,433.573,66.0629,23.9428,93.9514,2.01994,32.7752,22.3975,5.04617,14.3117,3.07359,15,0.517141,1.35418,3.75291,881.296,184.602,35.7154,28.7516,1.57768,53.5869,33.1948,8.58565,9.74406,2.22833,27,0.588976,1.2023,3.3722,390.941,36.4348,17.2715,23.9831,1.40651,29.8227,17.1243,5.07786,6.26853,2.171,27,0.466147,0.988397,1.882,280.96,23.875,12.5834,20.238,1.83659,21.2237,9.75608,3.9573,7.32105,3.34328,11,0.659951,1.57087,3.3968,211.997,20.2413,9.75896,21.5235,1.92791,16.6155,8.75817,2.89801,6.91065,3.64986,9,0.44283,1.1612,3.03872,606.867,70.2938,34.1602,29.879,3.63633,40.6969,20.1447,6.62596,9.9108,5.74637,20,0.565577,1.72515,4.96177,226.645,39.5251,20.0616,29.5717,7.39772,19.3253,11.4987,3.35013,10.8512,6.74421,13,0.538542,1.07473,1.82114,243.824,20.442,18.4374,21.1541,6.52624,19.2761,11.806,3.43034,6.31326,4.39834,14,0.495196,1.08156,2.0517,488.432,55.5505,25.4192,40.8602,2.51223,29.7286,15.7357,4.23546,9.37147,4.66189,9,0.581994,1.60395,5.74131,973.203,136.225,61.7532,64.1264,4.15347,57.2882,33.7135,8.83281,20.383,7.12195,16,0.590804,1.68171,7.24578
gr00t_wbc_h074_p000,3803,complete,90,18,7.86771,2.88023,0.00815362,0.0243866,144.371,17.1597,7.83035,15.3388,1.30964,15.1236,8.50168,2.43978,3.94974,1.05402,11,0.37721,0.798655,1.29755,175.553,15.907,8.51187,17.3456,1.96877,14.4994,7.37686,2.45522,4.16857,0.920811,11,0.437234,0.967387,1.7722,216.684,23.992,14.4624,61.8153,9.55018,15.4491,7.99782,3.07203,12.1242,7.77774,9,0.524993,1.39103,3.14439,223.982,21.7983,13.2807,19.4059,1.25599,20.1767,9.3957,3.49844,6.09389,1.21112,19,0.369496,0.783013,1.27225,55.6999,5.85186,2.35945,13.8881,1.23047,4.45293,2.6634,0.737543,2.48174,0.726146,2,0.582098,0.937402,1.59018,324.727,34.4896,14.1649,23.3424,1.2314,23.0561,12.1489,3.52624,7.29269,1.18167,10,0.485652,1.48237,4.12189,249.969,20.5724,15.0046,23.4803,0.73456,21.7337,10.3948,3.54355,4.60238,0.870913,17,0.440761,0.988541,1.58386,223.36,27.1615,12.8453,23.8875,1.84508,19.9946,10.348,3.16963,5.71168,1.16526,14,0.435912,1.01605,1.30373,342.905,26.1944,16.1552,17.3844,0.859167,25.8582,12.6939,4.35276,8.10746,1.20622,13,0.567041,1.38264,2.42936,267.079,31.5778,10.1057,19.0394,1.33522,19.525,10.9632,3.10093,6.19916,1.04681,11,0.672316,1.42911,2.86639,411.47,34.0972,26.4944,97.776,6.03435,31.7628,17.8437,5.42338,16.004,3.99512,18,0.516138,1.16794,2.66184,124.857,9.17023,7.42227,25.9436,0.836443,10.4581,5.08541,1.56805,4.07817,1.01158,7,0.404901,0.928531,1.16362,270.402,26.2119,22.2489,76.7523,1.72976,20.5208,13.278,3.55798,10.9533,2.60633,13,0.504831,1.14197,1.78671,188.114,18.9458,8.60147,17.3746,0.870848,15.4309,7.96323,2.74552,4.95362,0.825381,11,0.47126,1.09428,2.25736,372.166,53.2289,18.0658,52.678,1.72075,26.7014,15.2236,3.97886,13.7725,1.80676,9,0.53369,1.48062,4.25592,340.439,29.6482,16.1405,23.3799,0.530582,23.2493,12.8442,4.2909,7.1165,1.00498,16,0.454036,1.19855,3.44062,375.136,88.3267,30.1289,26.9666,1.03207,29.9338,21.5064,5.34194,11.8123,2.14854,16,0.545285,1.31844,2.6518,280.276,22.8112,31.1194,28.6078,1.27288,20.1464,9.57172,3.8032,6.79599,1.28639,15,0.595031,1.20528,2.13125
gr00t_wbc_h074_p000,3804,fell,65.62,14,13.1468,8.44356,1.49459,2.99221,282.546,23.683,13.9465,15.5353,1.64064,27.395,14.268,4.39081,6.63694,1.25632,19,0.403846,0.960338,1.63099,78.9264,8.92144,4.08338,15.1489,1.75126,6.37417,3.29669,1.09316,2.96901,1.14177,5,0.372457,0.882327,1.31588,180.496,17.4669,7.96968,16.2091,1.08351,15.3342,8.88305,2.64053,4.60431,0.983381,9,0.540879,1.21019,2.77354,376.852,63.0386,19.9603,51.5136,101.839,28.8272,18.5928,4.27484,13.538,4.7376,14,0.563819,1.30923,3.13907,251.838,23.1674,18.2868,81.9719,2.07184,20.2069,10.7795,3.2462,12.8452,2.57092,10,0.593409,1.43617,2.86336,192.304,18.4075,8.43392,9.19543,1.20766,15.4936,10.0088,2.51954,4.3621,1.57671,10,0.534969,1.14534,2.04076,248.779,20.1648,13.6665,14.5423,1.22077,20.7904,11.843,3.87686,7.33054,3.22167,14,0.476302,1.11332,2.16472,917.519,80.5437,49.1404,18.079,8.59177,48.2459,25.6636,6.56311,12.5103,7.71806,16,0.562473,1.81271,6.95439,243.226,25.0508,8.75819,17.6563,1.13569,20.2757,9.80473,3.5018,6.11478,1.09451,11,0.517518,1.36999,2.74084,232.088,30.7337,23.403,167.166,7.44853,20.1674,10.7782,4.02586,13.5897,5.01262,11,0.622568,1.27898,2.37626,217.93,33.4598,12.2909,25.1594,1.23913,18.1224,9.88684,3.11782,7.2485,1.57638,12,0.547911,1.02359,1.85497,163.729,20.0303,11.5185,33.1841,1.48819,12.425,6.16228,1.95214,6.6908,1.46302,9,0.503187,0.990014,1.46473,372.67,51.329,47.7107,184.615,107.855,32.063,17.9288,5.45927,22.9249,9.52751,10,0.60728,1.5157,3.55274,1106.61,36.5315,50.2724,136.69,164.668,32.8568,8.191,4.29054,19.2518,7.53482,2,0.226105,0.644806,3.83858,,,,,,,,,,,,,,,,,,,,,,,,,,,,,,,,,,,,,,,,,,,,,,,,,,,,,,,,
gr00t_wbc_h074_p000,3805,complete,90,18,8.23188,2.87596,0.00944732,0.0175943,248.964,31.9731,14.6911,37.9471,3.20836,24.1463,15.0994,3.95276,9.22109,4.97704,18,0.417246,0.929368,1.60817,271.336,25.3619,13.8436,25.2423,1.72338,20.5621,12.3927,3.18617,5.7651,1.23573,15,0.485998,1.08783,1.69593,279.374,29.434,13.4547,22.5593,1.64211,21.7266,10.5849,3.52962,5.924,1.43052,14,0.51938,1.22728,2.39778,170.93,14.6059,11.2785,18.0975,0.863889,15.5018,8.03079,2.69414,4.45832,1.06736,12,0.368388,0.923933,1.37261,269.475,32.8669,22.6744,30.7814,1.6705,21.7644,13.592,3.72583,7.25289,1.5532,15,0.56066,1.12023,1.84407,267.025,24.789,14.6929,16.0752,1.2479,21.8206,11.7372,3.507,5.80153,1.34478,12,0.555731,1.26791,2.13909,465.899,52.1006,24.446,21.7656,1.47546,35.0251,18.2344,5.60932,10.1269,1.94705,19,0.447381,1.21732,2.48178,340.731,34.5568,24.7986,23.3053,0.989272,24.9748,10.5425,4.47972,7.53454,1.88041,19,0.442361,1.14319,2.58811,412.941,47.0326,23.2766,25.3091,0.804411,28.851,14.6871,4.81084,9.7078,1.8318,15,0.681762,1.61781,3.33151,328.27,47.6062,20.9786,25.8144,1.34433,24.8343,14.4747,4.37641,7.67966,1.6893,15,0.409764,1.19413,2.6321,408.331,75.2899,36.7223,80.6636,15.4553,29.3726,17.7335,5.07935,21.164,9.62142,12,0.619783,1.36131,3.5528,293.321,34.6795,20.7172,38.2666,3.50554,22.8839,12.763,3.87535,9.28102,3.9052,12,0.586594,1.51024,2.9908,279.873,34.7267,16.9849,18.0463,2.32581,22.3038,11.9363,3.86116,8.53987,3.93622,16,0.531696,1.08262,1.74962,377.015,67.3072,26.286,21.619,2.50685,27.8274,16.9071,4.46365,7.97445,6.27463,15,0.64363,1.29355,2.82709,383.663,39.3631,27.6453,47.9901,67.7614,30.1038,13.1678,5.56007,14.4025,13.3745,21,0.456818,1.11678,3.20326,551.975,101.23,34.9548,23.1121,4.61877,44.2404,27.4779,7.01959,10.159,6.86331,21,0.611025,1.40492,2.89007,467.629,49.4771,38.1396,143.937,14.3242,34.0664,19.2556,5.83784,17.0751,6.05943,13,0.647124,1.6519,4.80694,270.362,25.8177,14.6836,25.4988,1.23302,21.3128,11.7867,3.20544,5.66183,1.46023,9,0.506617,1.26816,4.11201
gr00t_wbc_h074_p000,3806,fell,66.18,14,21.773,9.51155,3.19773,4.35588,202.904,24.1452,7.40052,15.3556,1.75483,17.7197,9.53105,2.7012,4.87573,1.18387,13,0.355587,0.782667,1.2031,115.724,11.7362,4.54521,11.6934,1.13577,10.8571,5.27647,1.71217,4.53843,1.82365,7,0.484997,1.16731,2.53245,239.821,20.7066,16.5405,40.7237,2.27599,20.2156,11.1619,3.59973,8.29366,3.62825,18,0.375017,0.926944,1.76967,285.427,24.0389,12.9746,12.6484,1.1911,25.5285,13.3868,4.24388,7.08304,1.61589,18,0.469115,1.09915,2.10382,266.449,26.461,11.6636,10.108,1.00525,25.0572,13.491,4.00168,5.24366,1.79544,18,0.437345,1.05176,1.73527,197.757,17.7731,9.22316,16.5132,0.892433,17.6585,8.65071,2.64977,3.72922,1.12395,11,0.464619,1.08515,2.47781,133.525,17.0331,13.7527,35.8963,3.42461,11.2695,5.09639,2.63097,11.1815,4.56197,7,0.490452,1.3096,2.25136,213.743,38.7986,17.8442,38.7689,1.90458,18.8225,10.4735,3.6172,8.183,2.1481,8,0.654469,1.65534,3.51444,124.314,8.52977,6.94797,8.37878,1.23895,11.1012,5.25478,1.98554,3.80471,0.939727,7,0.551079,1.14642,2.036,701.722,70.4187,36.7696,20.538,1.18947,38.4265,22.0371,6.3641,9.59907,2.71252,25,0.496422,1.19294,2.82916,287.619,32.3403,17.0981,8.30997,1.34286,24.0431,15.2986,4.30491,4.57009,1.73521,12,0.590678,1.4034,3.04905,423.293,67.4549,32.8992,14.5614,1.05834,33.4758,22.6525,5.93146,7.10798,1.7884,18,0.625002,1.35937,2.88234,608.865,55.6543,62.5092,262.888,4.51626,41.5299,19.9968,7.30523,26.4083,4.58548,18,0.428641,1.12741,3.53834,2857.29,554.122,143.677,352.452,27.6774,101.798,58.9593,16.4803,49.2817,13.6695,2,0.362236,3.44901,87.0527,,,,,,,,,,,,,,,,,,,,,,,,,,,,,,,,,,,,,,,,,,,,,,,,,,,,,,,,
gr00t_wbc_h074_p000,3807,complete,90,18,9.6891,2.87536,0.0147863,0.0121143,216.325,24.0004,10.8371,20.261,1.52371,20.337,11.5036,3.15122,5.20575,1.20301,13,0.455736,0.947453,1.76391,226.567,22.946,18.9911,55.5357,1.79892,18.2701,11.4681,3.13471,7.08601,1.45012,12,0.534076,1.22973,2.13851,200.97,24.6724,17.7082,35.8109,1.57459,15.3287,12.3158,2.77827,5.73056,1.33581,11,0.571499,1.14393,2.22519,308.729,33.2444,14.0386,51.599,1.551,22.5424,13.3964,3.30702,8.45671,1.94832,10,0.59543,1.40632,4.0377,281.367,30.2657,15.0695,27.9651,5.00426,21.7425,14.8692,3.99077,8.40066,6.51146,15,0.550696,1.20365,2.14158,441.134,42.7654,22.8394,43.1743,11.9548,29.2037,16.9345,4.81762,8.75939,5.79302,19,0.533743,1.2862,2.94658,335.233,40.2243,16.6957,22.4932,5.77412,26.0013,15.1905,4.35777,6.55951,4.72974,12,0.575767,1.75119,3.76231,189.734,28.1466,11.6261,12.1473,1.82515,17.4396,10.0321,3.02931,4.35087,2.74221,13,0.395511,1.10076,1.68181,185.089,19.7528,13.4374,14.5183,0.895584,15.1306,7.74191,3.18895,4.04438,1.9989,11,0.532425,1.30215,2.92013,189.74,23.6103,14.3061,17.1747,1.36653,16.1957,9.08023,3.14742,7.01841,3.15166,12,0.483138,1.12803,1.63266,65.6514,7.60812,5.3259,13.0176,1.03704,6.34817,3.53544,1.29803,2.74927,1.34065,5,0.432115,1.03872,1.39927,284.31,30.19,16.3304,16.7925,1.46545,20.3345,10.5736,3.45866,5.99759,3.78176,11,0.562537,1.51239,4.1458,246.946,26.0926,26.2647,66.3859,1.96196,21.3185,17.1949,3.78763,8.65435,2.5798,19,0.359628,0.959635,1.20598,295.681,28.8014,65.75,25.7086,1.12406,20.7955,10.468,4.90419,6.42299,1.41379,14,0.427437,1.20584,2.6675,439.762,49.0359,34.1104,27.1759,1.90744,29.4932,15.1536,4.98968,8.90536,3.70132,11,0.460294,1.28596,3.84159,169.598,18.1277,8.19711,10.0765,1.18038,16.3125,10.6562,2.23554,3.7668,1.42478,7,0.2749,1.10111,3.20194,155.384,35.0428,18.9807,24.2917,1.15868,14.6135,10.5132,3.26014,8.80573,2.14418,7,0.54766,1.65399,3.35475,216.638,28.8685,20.5755,20.1214,1.42399,18.452,11.0959,2.94532,4.81366,0.98977,8,0.604668,1.61463,3.57616
gr00t_wbc_h074_p000,3808,complete,90,18,9.18255,2.90545,0.00370264,0.0099477,251.015,25.3439,11.0057,13.7622,1.42796,22.7467,13.2448,3.54929,7.14258,3.60852,12,0.459854,1.16625,2.50886,154.997,20.3719,8.72427,18.4438,1.37879,12.429,7.74248,2.22163,4.06306,0.809166,8,0.520977,1.19569,1.89143,182.559,20.9663,12.0069,44.9571,1.83062,13.954,8.35742,2.35243,5.29091,1.41862,8,0.510187,1.26843,2.47232,303.291,25.9957,14.423,18.1182,2.00602,23.4483,14.0583,4.0183,5.66203,1.09788,15,0.535989,1.17924,2.26922,383.574,49.7146,19.2015,25.5108,1.24337,28.831,17.9767,5.16324,8.11582,1.69699,18,0.478029,1.19388,2.69977,256.328,32.8743,15.8026,26.3016,1.24749,20.5445,11.4224,3.7395,6.30533,1.56296,10,0.626558,1.41676,2.53382,294.655,22.9033,13.2201,23.1705,0.784444,21.7547,14.0395,3.17123,6.04504,1.28396,10,0.491931,1.36532,3.85644,132.669,16.2592,8.296,19.6619,1.52925,11.0226,6.94004,1.88571,3.26362,1.0273,10,0.397987,0.820773,1.45594,189.928,17.3681,9.99155,16.1291,1.63053,15.8213,10.7444,2.61418,4.2169,1.14532,11,0.472849,1.0912,1.7581,197.328,16.886,9.11031,17.5776,1.83052,16.8895,8.48937,2.9457,5.49541,2.35081,15,0.422633,0.916815,1.71461,479.247,48.6106,22.0829,27.6215,2.1418,33.0742,12.3755,5.7426,8.77027,1.74178,17,0.50191,1.61618,4.8478,393.891,48.4113,19.9286,30.2607,1.17196,28.6623,15.1901,4.97761,7.95331,1.38717,18,0.515901,1.21737,2.60066,406.286,37.5574,19.7384,21.5845,0.783766,30.6002,17.6537,5.09587,8.70375,2.60454,21,0.459149,1.06764,2.30426,579.588,126.613,60.4211,28.8033,1.52946,41.9757,28.4454,6.78043,14.3106,4.43054,15,0.521951,1.29689,4.12167,487.19,34.2917,22.0605,27.5367,1.7364,31.6523,17.9654,3.85598,6.87873,1.79305,15,0.510416,1.14971,3.66811,389.859,37.0159,17.942,27.3055,3.14068,28.3002,13.3892,4.68436,9.1309,3.57162,22,0.436038,1.08355,2.19063,273.999,25.2413,14.1247,24.1781,1.8397,21.8597,11.2152,3.48051,7.19372,2.2982,14,0.48905,1.15119,1.74371,285.304,34.038,12.7522,27.4372,2.38503,23.8869,11.1812,4.02831,6.26839,2.6245,10,0.643114,1.663,3.70751
gr00t_wbc_h074_p000,3809,complete,90,18,9.14996,1.75074,0.443965,0.488506,201.659,27.5326,11.0114,12.346,1.12177,16.4113,9.97454,2.85557,5.96232,1.57929,13,0.375711,1.08954,2.27572,240.244,31.4039,10.6487,12.9474,1.38318,19.7265,11.4964,2.73848,5.37842,1.77933,11,0.515553,1.21332,2.594,229.693,28.6258,9.02913,14.2249,1.96912,16.3502,8.21331,2.35254,4.30943,2.33542,12,0.643547,1.06474,1.78585,156.008,17.8276,6.75264,13.5819,2.24491,12.6641,6.72392,2.14361,3.77989,2.39141,7,0.470148,1.16062,2.58107,179.554,13.8503,9.67307,20.0391,3.95599,13.9718,7.48464,2.63491,5.73131,4.21165,9,0.475176,1.24672,2.3149,276.217,36.5991,21.8235,38.1782,1.31848,22.3771,12.728,3.43803,7.9866,2.11281,16,0.564355,1.02746,2.154,170.957,25.5734,12.4253,21.0155,1.22646,14.5851,9.18168,2.31102,4.63626,1.24057,10,0.520061,1.08316,1.81964,418.606,51.4012,35.4412,84.7207,32.6181,23.2114,13.4989,3.87033,11.8347,4.38045,21,0.331003,0.945355,2.13941,327.716,49.7189,22.377,26.6283,2.44385,26.2965,16.7889,4.17169,8.56533,2.09762,15,0.604678,1.26219,2.5196,66.4207,9.09363,5.157,13.5251,1.71758,6.16653,3.62062,1.11618,2.85088,2.11375,5,0.393342,1.02888,2.0112,899.676,135.914,64.6436,167.727,44.1655,59.7104,35.8431,8.48248,27.3109,7.03305,16,0.550161,1.58705,7.42826,288.685,38.5463,26.7233,100.659,32.3675,23.0018,14.866,4.37169,13.6969,6.0195,13,0.461395,1.36898,2.93409,119.723,12.0386,6.26456,20.9608,1.41219,11.0533,6.3988,1.914,4.274,1.09975,8,0.422906,0.900348,1.94761,453.266,41.249,26.3914,49.0055,1.70735,30.2374,16.1512,4.96806,11.1414,2.4992,14,0.5437,1.49932,4.8736,455.645,60.2444,22.538,85.7498,2.49232,29.8812,14.2671,4.95005,17.7241,4.12931,14,0.446193,1.70518,5.42839,687.603,76.0267,26.5046,25.6208,0.83345,38.6211,22.6312,5.68188,10.7219,1.42832,14,0.668746,1.4509,5.72955,338.594,49.4999,15.2427,23.1121,1.12096,25.6032,17.148,3.56602,8.1705,1.426,15,0.520922,1.06618,2.64915,2210.69,148.206,90.3563,30.6388,1.13094,90.6874,47.3796,11.8973,16.1247,3.30924,19,0.466837,1.67083,12.115
gr00t_wbc_h074_p000,3810,fell,75.94,16,16.3653,4.45689,1.5955,2.72078,216.68,19.5457,13.1914,23.3682,0.981267,19.1712,10.2029,3.08283,4.91418,1.69857,13,0.451204,0.978079,1.66303,315.299,34.3974,16.5374,28.3287,1.19068,24.5576,13.8143,4.34334,6.05998,1.79133,13,0.677613,1.43251,2.89759,278.498,28.2521,17.9524,18.4354,0.893715,23.1047,14.7266,3.96447,5.54896,1.87163,20,0.429867,0.959692,1.43304,392.918,42.5495,15.81,24.1515,1.58592,26.5205,14.7771,3.56075,6.78488,1.70671,13,0.510198,1.48925,4.36124,228.477,25.4211,13.0224,21.3374,1.41721,18.3741,10.4571,3.13679,6.91254,2.37891,11,0.627094,1.47498,2.55135,244.726,30.7744,17.8301,28.4795,1.86385,20.0634,12.8697,3.43244,8.69574,1.67533,12,0.480366,1.38217,2.57775,206.387,23.69,14.6134,19.5064,1.58858,18.3573,11.3771,3.007,5.83202,1.66622,13,0.454498,1.06944,1.59024,236.169,27.9031,18.9771,19.2261,0.958655,20.6301,11.2208,3.39295,6.54001,1.3024,12,0.554434,1.38539,2.22348,383.021,77.6872,24.2524,24.4682,1.21348,27.4964,20.0434,4.69609,9.64159,1.85459,15,0.612266,1.18448,2.78832,607.254,83.3364,33.3208,27.009,1.81876,41.9409,24.4964,6.5349,11.2957,1.94553,18,0.529349,1.44817,3.54762,602.976,64.1419,26.6866,33.2053,2.49635,39.9791,17.6765,6.43786,12.3198,3.04843,16,0.477925,1.69065,4.86967,300.105,52.4344,33.1813,41.1936,8.558,22.9813,12.0948,4.25937,8.32663,3.66716,9,0.621368,1.80694,4.22578,319.614,61.2947,18.4853,27.7175,3.49714,27.5397,16.8697,4.45532,10.8594,6.87946,11,0.656034,1.4993,3.83474,907.972,102.91,31.1108,23.9529,1.75695,60.2989,30.9768,8.3365,14.1173,6.63516,26,0.509016,1.6312,6.13655,711.241,168.85,37.4088,63.5912,3.46809,49.8582,35.2048,7.77204,16.5675,7.99023,18,0.622388,1.54839,5.27453,2559.71,96.0169,45.6926,9.50302,0.814182,72.8487,22.4628,8.17992,8.94559,3.79582,4,0.203262,0.611748,0.974579,,,,,,,,,,,,,,,,,,,,,,,,,,,,
gr00t_wbc_h074_p000,3811,fell,80.82,17,14.0449,9.62435,2.37189,2.75678,244.659,24.3084,12.6354,25.6165,1.66614,20.9827,12.4109,3.44637,7.79149,2.49106,15,0.41898,0.890241,1.80949,180.847,21.9387,16.2019,52.7517,2.1507,15.3233,8.86554,2.80921,7.15439,1.64143,10,0.639488,1.25409,2.61526,221.848,17.9225,14.4403,21.3872,1.53587,19.839,12.819,3.45837,5.06476,1.03107,16,0.40067,0.916917,1.71645,296.176,30.338,12.5301,16.6445,0.963477,21.1032,12.4695,3.24664,6.48956,1.37515,13,0.533825,1.15204,2.22497,268.107,33.092,14.634,19.2921,1.69553,22.6456,13.9731,3.69236,7.44661,1.49937,15,0.572561,1.18702,2.406,130.832,11.6912,6.35148,17.4918,1.32698,11.4679,6.20983,2.07812,4.0672,0.993904,6,0.592002,1.21636,2.46918,340.039,37.7974,32.4757,80.2818,6.24448,22.4938,12.1145,3.91575,13.9217,3.85344,14,0.440713,1.31944,3.3847,185.595,20.1886,9.21964,19.0464,1.23706,16.5958,9.51932,2.69461,4.63953,1.26873,9,0.534471,1.2899,2.62709,239.225,23.3269,12.3563,24.7012,1.01548,18.0721,9.51566,3.11332,5.47431,1.13129,13,0.542254,1.10582,1.60745,224.474,26.2193,11.2335,19.3095,1.12577,19.3609,10.9103,3.0951,5.22906,1.0231,11,0.547975,1.27351,2.13391,464.764,40.5062,22.2824,33.4389,1.38017,30.5196,14.6151,4.76424,9.09766,1.87869,14,0.593361,1.57505,5.08329,526.092,50.6197,32.0816,47.368,33.1552,40.7412,22.1682,7.10821,22.5741,15.4067,22,0.436428,1.11155,3.19524,473.979,64.7762,32.4669,25.2104,1.65622,32.5433,19.3268,5.52342,9.37198,2.42482,13,0.610188,1.53297,4.21326,410.593,50.0417,21.8168,21.0125,1.2519,31.1629,20.0968,4.89664,9.40003,1.81045,20,0.414686,1.07513,2.33563,774.139,86.1068,37.6257,98.8214,21.2118,44.8147,22.1622,6.65413,22.7925,7.94224,13,0.455229,1.38481,7.4912,360.377,32.6016,70.5822,313.485,13.8288,30.0533,15.1651,6.03862,26.3972,8.26401,16,0.622096,1.3018,2.04474,2134.09,419.995,129.532,110.074,11.4761,68.8723,43.5126,12.8912,27.1951,7.69497,3,0.230698,0.959788,22.8333,,,,,,,,,,,,,,
gr00t_wbc_h074_p000,3812,complete,90,18,8.47777,2.94753,0.0383334,0.0451323,201.734,26.3764,10.464,14.6384,1.46967,18.0856,11.5011,2.87706,6.78384,2.95124,13,0.425745,0.913768,1.45566,262.153,22.1621,14.0314,14.7191,2.92508,20.6055,11.3785,3.68887,5.72145,2.78943,13,0.4836,1.26389,2.26287,228.956,20.2727,16.4382,14.857,1.6504,19.9779,12.689,3.43788,4.93459,3.50246,17,0.434665,0.989143,1.46789,239.761,23.021,14.969,25.8482,1.26073,19.5826,10.7378,3.32026,6.59721,1.72279,10,0.548594,1.28779,3.6432,263.613,36.1296,15.3312,23.7755,1.41206,18.4836,9.61763,3.10324,5.72189,1.44517,8,0.65016,1.68359,4.50935,181.56,19.0117,13.0619,19.505,1.02778,14.7334,7.61604,2.77871,4.01487,1.42228,8,0.630211,1.67952,3.5923,196.918,29.2817,25.9897,86.4992,4.19792,14.4812,9.28225,2.82393,9.00248,2.79531,7,0.460563,1.25864,3.19144,323.616,32.7864,31.9815,111.835,3.09974,26.2402,16.1227,4.71207,11.924,4.16318,16,0.459462,1.1954,2.24633,200.226,25.2758,11.3583,21.5797,1.55506,15.0782,9.3474,2.45184,3.979,1.01228,10,0.531682,1.072,1.79418,183.383,21.997,10.0405,23.8811,1.74014,14.8775,8.40256,2.81071,4.92509,1.26697,8,0.554465,1.47218,3.42187,165.259,17.8483,11.3128,22.0076,1.22878,11.5686,7.00863,1.96966,3.20028,0.92383,8,0.56088,1.18537,1.93792,268.865,27.196,14.4176,20.2223,1.16801,22.5913,12.0783,3.72342,5.61651,1.56476,13,0.569241,1.33683,2.31465,278.414,50.2206,16.5555,23.3309,0.87644,19.7153,11.3847,3.30029,5.75934,1.14456,13,0.512748,1.08558,1.45818,447.075,70.1077,30.0856,64.3329,1.25393,34.565,21.1975,5.84379,12.1224,2.31601,15,0.598039,1.57813,3.69989,509.907,52.851,28.6599,29.3653,0.99675,38.6846,18.9846,6.02931,9.91523,2.03292,17,0.536945,1.53505,3.82239,403.79,58.0003,30.3406,23.8074,1.31694,31.3976,20.7606,5.44015,8.78611,1.66198,20,0.428039,1.12819,2.00118,377.121,78.9601,22.3045,29.1185,1.03224,30.022,20.73,4.73792,8.34427,1.73204,17,0.609377,1.21648,2.87573,532.182,61.7482,19.5551,17.8538,1.21705,39.1748,19.2084,6.11084,8.0224,2.41906,17,0.615752,1.44572,3.74843
gr00t_wbc_h074_p000,3813,complete,90,18,8.55968,2.54683,0.0695853,0.0615416,233.708,21.538,12.61,11.0196,1.03059,23.4595,12.5916,4.08384,6.04781,1.20052,16,0.409636,0.99517,1.76046,229.245,24.1548,9.51263,10.3581,0.872308,18.0685,11.4968,2.46053,5.56925,0.823717,12,0.507983,1.09556,1.84914,261.344,25.8122,10.8347,8.84904,1.75649,21.2173,12.3605,3.50313,5.95734,1.28746,15,0.438855,1.13125,2.04978,266.103,25.2892,11.1179,11.9475,0.658362,21.1924,13.1529,3.28999,6.43915,0.980358,13,0.549523,1.22006,1.98885,155.415,14.6639,12.4122,35.544,2.69731,12.5953,6.65389,2.31572,7.13378,2.68444,10,0.428025,1.01036,1.85152,262.535,25.8294,15.2574,20.1403,0.693186,22.0287,13.6662,3.75646,5.91332,0.94997,17,0.443834,1.03955,1.59908,164.684,15.0942,9.87254,15.2145,1.10505,14.3806,8.4808,2.45767,4.41277,1.08109,11,0.46635,1.02525,1.60724,354.567,31.7349,12.6179,14.6035,0.988243,25.2437,12.3002,3.79591,6.9097,1.20322,10,0.531877,1.35782,3.78216,380.126,56.6254,18.2502,46.2378,2.85722,30.057,17.1355,4.97659,13.892,3.79003,16,0.567757,1.29227,2.88952,363.168,36.9132,21.5384,156.17,7.05591,27.2948,14.3615,5.13472,19.976,7.69547,17,0.544697,1.25771,2.65357,597.93,84.2729,27.8805,20.825,2.75361,42.5449,24.5499,6.95014,11.4182,4.50261,21,0.491787,1.28746,2.72232,234.427,24.114,12.6156,12.3115,1.41025,21.3074,11.0654,3.60435,6.54456,2.03092,14,0.477094,1.14173,1.99703,377.426,49.3323,14.6222,14.2688,2.62873,27.3376,16.9176,3.63493,6.35881,3.60905,12,0.626473,1.29691,3.6082,447.616,97.413,20.2148,28.3231,1.69687,35.6545,24.8088,5.55417,16.3623,2.42076,13,0.578297,1.45812,4.47907,328.089,54.1541,27.1332,123.388,4.10011,26.4998,17.54,4.55209,19.06,3.71018,12,0.50295,1.13457,2.64635,105.481,8.61224,6.14069,8.39209,1.09211,9.36353,4.83291,1.62197,3.00575,1.10586,7,0.398483,0.982995,1.51609,575.456,88.3177,24.2174,19.5472,2.00757,37.029,22.3689,4.9905,7.43234,3.30818,19,0.486375,1.08466,2.96194,208.106,18.9183,6.70538,14.3046,1.03644,16.3928,7.83695,2.65607,3.02209,1.27807,9,0.40916,1.08644,2.00762
gr00t_wbc_h074_p000,3814,complete,90,18,24.0497,2.84539,0.395423,0.36687,304.088,26.7881,17.4073,53.2617,11.5613,24.4445,13.8807,3.97754,10.5715,7.48364,14,0.601558,1.128,2.24004,281.541,34.3749,12.6903,21.9049,2.56615,20.6849,12.2699,2.90306,5.86241,2.59658,13,0.654736,1.23041,2.38518,262.327,33.033,13.0981,16.6162,0.50053,21.109,11.347,3.26386,5.27422,1.74262,14,0.507843,1.15508,1.84757,491.707,59.4833,22.0849,17.5605,1.28849,37.4495,20.852,5.64327,8.79365,3.95994,17,0.550077,1.37706,3.62598,314.035,33.2943,20.1641,24.7945,1.56878,26.2786,13.3577,4.58441,4.90965,1.30865,18,0.507024,1.1594,1.82731,378.089,47.2424,31.7242,50.3975,2.27426,30.0695,15.0743,5.31835,11.4321,3.37031,19,0.564219,1.16816,1.88733,223.36,32.2502,13.2394,20.0861,2.08377,19.24,9.87527,3.05598,3.85998,1.21098,10,0.547499,1.34197,2.14228,247.482,30.5702,15.0936,19.1755,1.26995,16.2801,9.43268,2.48312,3.51318,0.980313,7,0.69943,1.79643,4.8249,244.555,31.7414,25.041,23.9435,1.8227,18.4286,7.97714,3.73396,5.59796,1.65935,10,0.455925,1.45361,3.19873,173.968,19.5625,8.75594,15.8701,0.819632,14.2962,7.99087,2.28711,4.07078,1.02107,7,0.677294,1.57788,3.90322,1256.62,105.417,168.315,213.456,227.068,75.7327,28.5066,15.4151,33.9554,15.9209,23,0.513092,1.98975,8.25037,286.26,32.4193,18.7217,34.7455,7.13536,22.4728,9.12445,3.99382,12.9479,8.38999,10,0.745139,1.81381,4.1352,238.246,38.2495,17.7984,22.5188,1.62152,20.1194,9.46378,3.65532,4.90571,1.48496,12,0.636974,1.53315,2.80021,72.4399,11.0831,6.17105,12.9865,1.19907,5.73972,2.47275,0.952289,1.70473,0.814961,7,0.270905,0.640173,0.644017,403.98,53.9705,22.9238,45.4203,3.75427,32.0942,15.426,5.83371,15.6879,5.78928,16,0.505867,1.50927,3.72504,940.107,104.258,47.7754,37.8125,3.67691,51.0548,29.114,8.02029,15.693,6.3679,18,0.575893,1.74947,6.8305,181.801,23.3348,37.6138,54.0084,47.4792,17.1193,8.89689,3.72241,12.9052,14.5494,12,0.621048,1.10389,2.24273,606.566,226.196,41.2369,60.1887,171.085,47.4567,35.2255,6.16946,14.6978,24.3866,17,0.71543,1.91201,6.06362
gr00t_wbc_h074_p000,3815,complete,90,18,7.45818,2.64658,0.00876565,0.00931538,302.171,26.7405,12.7312,20.1622,1.89079,27.0145,14.8844,4.47943,10.1064,4.89798,18,0.431823,0.913032,1.64019,293.202,31.2549,12.5259,18.456,1.80804,22.5322,15.6011,3.56713,7.68978,2.13249,16,0.531541,1.18442,2.01141,167.251,16.5166,9.10221,18.521,1.47799,14.2339,9.67925,2.36652,4.65862,1.02872,8,0.469552,1.32839,2.34641,180.807,21.7956,10.3469,19.9842,1.12438,15.8258,8.10938,2.76218,4.97418,1.05001,9,0.529502,1.26246,2.32106,194.113,18.7616,7.60705,10.0113,2.05646,16.4216,8.91047,2.5722,5.05141,2.74121,9,0.590939,1.29041,2.51994,253.385,22.6525,11.9327,15.7453,1.4085,20.7107,10.7953,3.49288,5.67783,2.81007,12,0.545436,1.26162,2.44706,273.352,25.1141,14.5754,24.9044,1.07806,20.5757,9.00662,4.11199,6.66813,1.68817,13,0.564268,1.43553,2.91605,167.055,20.1219,8.50587,16.6136,1.04489,14.3221,7.75608,2.40769,4.3618,1.91445,9,0.53538,1.34404,2.80806,170.546,19.1181,7.52625,13.6686,1.15094,13.6837,6.9663,2.14709,5.05777,2.75287,8,0.549466,1.14819,2.27657,169.988,16.7558,11.7528,66.1858,3.07756,15.9862,9.64549,2.91209,15.4313,2.89475,9,0.515312,1.03955,2.18784,395.629,40.3946,25.4606,74.8949,4.89873,25.0336,12.5454,3.87579,12.6806,6.18948,12,0.520757,1.47371,4.30807,308.024,72.1406,15.3811,20.5655,5.02949,26.2164,18.7646,4.16105,7.98228,5.25789,12,0.615054,1.42552,3.29942,405.478,48.5421,18.7275,24.9059,3.55079,29.2478,14.0002,4.96293,8.94511,6.10004,18,0.51554,1.38377,3.578,408.604,43.7793,28.2196,125.32,11.9117,29.4119,14.517,4.74059,15.3604,9.35106,13,0.684618,1.33877,3.98295,253.475,31.2659,10.0845,15.3652,2.1627,20.1911,11.6263,3.25331,5.07401,2.0806,15,0.441925,0.957529,1.95808,482.312,43.6913,29.9928,96.4286,38.9356,37.5855,15.5452,7.61677,23.3155,13.1619,15,0.498597,1.46261,4.17254,392.858,46.8759,17.563,16.5306,2.90568,30.3581,18.3346,4.70373,9.47923,4.67814,18,0.52778,1.22342,2.83472,611.455,46.9548,50.4036,134.868,52.792,35.8962,15.7778,6.4437,20.6221,9.20127,12,0.500209,1.80792,8.04754
gr00t_wbc_h074_p000,3816,complete,90,18,8.4785,2.91048,0.0202882,0.0277623,258.257,25.2667,13.2695,13.8193,1.60965,25.0267,13.154,4.02774,6.07855,1.07741,16,0.424564,0.961242,1.49845,134.541,11.0246,7.339,12.2697,1.58507,11.8727,6.81015,2.05435,3.81523,0.951318,9,0.457577,0.99074,1.54879,207.537,14.5736,12.0922,14.6247,1.2386,17.3887,9.98474,3.10758,5.08779,2.2665,15,0.418699,0.949655,1.37979,328.993,35.709,17.0393,32.325,1.5869,22.8954,12.5333,3.99148,7.50109,2.19589,15,0.526035,1.24569,2.67559,313.843,30.8454,13.661,19.0923,1.2563,23.8857,13.5785,3.60623,5.8951,1.47585,15,0.539007,1.11692,1.81372,209.811,24.1624,10.1725,18.9147,1.68362,15.9591,7.85929,2.75527,4.51015,2.02292,11,0.515415,1.35247,2.47879,241.973,21.7271,23.6176,68.3752,5.27189,20.6144,12.5296,3.85548,12.2686,7.94053,16,0.446737,1.03685,1.51612,305.949,32.3424,21.6254,40.0119,1.14869,24.1951,10.8699,4.08573,8.91904,2.4229,14,0.543743,1.33975,2.55916,269.541,42.7514,22.0496,57.3083,2.67697,21.0186,14.1204,3.69539,11.021,3.06734,15,0.549598,1.08208,1.48313,273.713,28.2735,14.3746,19.8829,2.74695,25.815,13.551,4.09987,7.83608,3.47114,13,0.623731,1.40615,2.50067,138.475,21.5982,6.50858,12.7253,3.39594,10.6589,7.6473,1.70795,3.05302,2.65128,7,0.557438,1.00682,1.57377,157.859,14.7585,53.7988,98.3016,11.6724,15.1097,7.48597,4.43416,24.617,8.81715,8,0.558403,1.15429,2.28145,429.605,54.0119,34.128,53.0808,1.79808,29.1004,16.3553,3.99593,9.97725,2.18864,10,0.501344,1.7019,4.72626,218.791,21.7673,17.0623,50.9149,3.65741,17.7917,10.649,2.89062,11.3766,4.68546,11,0.524119,1.15646,2.17006,316.247,31.7737,13.589,15.7581,1.01788,20.8436,11.1102,3.25781,4.68905,1.21761,8,0.551054,1.61319,3.35234,456.113,58.4153,17.8793,19.4909,1.59079,31.9409,17.6732,4.52515,8.81237,3.63907,14,0.558109,1.6018,5.10823,158.23,16.8991,10.5994,14.3652,1.55185,13.8463,6.8908,2.68506,4.55878,2.46181,9,0.630719,1.42644,2.22306,208.309,24.2608,12.7519,16.7755,1.2278,22.5388,13.1876,3.64022,4.47509,1.1329,17,0.435409,1.02385,1.46581
gr00t_wbc_h074_p000,3817,fell,55.9,12,10.7764,15.9919,1.82018,2.56929,261.994,26.9451,10.6674,15.0521,1.18834,21.888,12.3154,3.55932,6.82321,2.27542,14,0.504384,1.03302,1.8139,226.975,20.1024,17.1291,61.6839,2.24519,20.4523,12.627,3.70518,10.7628,2.44536,13,0.506163,1.16535,1.65583,295.894,24.2922,17.1563,33.6993,1.55958,23.9547,12.8863,4.20448,8.35994,1.53642,15,0.516327,1.26923,2.31228,141.607,10.1545,8.59692,13.6429,1.47099,12.69,6.06299,2.5416,5.12705,2.06098,9,0.447859,1.09978,1.72724,315.159,32.5807,20.2605,16.9237,2.00955,24.2042,13.4354,4.48197,6.97322,4.96192,14,0.538429,1.29557,2.72514,100.148,10.3944,7.09811,16.2502,1.08357,8.79934,4.74821,1.65977,2.90421,1.14505,7,0.469054,1.07277,1.8605,341.521,33.745,17.3489,45.2113,1.2642,27.7787,17.3175,4.51204,10.2305,2.31837,16,0.61619,1.46114,2.99247,272.513,23.6383,29.0548,110.169,1.63002,22.0199,12.7889,3.63994,10.0054,2.15264,12,0.481536,1.13525,2.05191,230.583,21.9131,10.6166,19.3315,1.29755,17.6745,11.5726,2.68434,4.76447,1.22986,10,0.480322,1.13203,2.89594,324.714,29.2808,21.0648,74.179,2.10362,27.788,15.3208,4.56201,14.7644,4.67135,19,0.48831,1.04245,2.11124,209.957,18.9969,8.84015,6.00174,1.10204,17.2942,12.9799,2.88175,4.39347,1.43479,12,0.456868,1.08227,2.15951,2294.91,351.639,118.947,29.1327,30.8237,77.7116,39.3232,12.2103,22.0074,8.16935,4,0.295853,1.66474,24.7134,,,,,,,,,,,,,,,,,,,,,,,,,,,,,,,,,,,,,,,,,,,,,,,,,,,,,,,,,,,,,,,,,,,,,,,,,,,,,,,,,,,,
gr00t_wbc_h074_p000,3818,fell,60.5,13,10.3828,11.828,2.10192,2.90228,279.643,21.2606,13.0096,11.0495,0.958953,27.4812,14.6988,4.60453,7.91129,2.34913,22,0.383978,0.834587,1.39888,169.058,13.9109,12.8499,50.0641,11.3429,15.6489,8.12773,2.7792,11.5906,9.46099,13,0.419692,0.935632,1.70198,244.035,24.656,16.1472,19.2698,1.37253,20.3811,12.5751,3.54304,5.35988,1.15756,14,0.516548,1.18308,2.01996,371.514,42.1867,17.138,17.4929,1.16374,26.7,17.023,4.35869,8.15468,1.69896,14,0.514477,1.34612,3.02779,385.931,45.7937,24.3965,74.2597,1.09263,28.5448,17.4703,4.98113,13.024,2.49883,15,0.570623,1.42147,2.91758,289.83,41.6504,14.4492,20.7129,1.06602,21.0764,13.9988,3.05443,8.45061,1.65362,9,0.600565,1.43956,3.59271,126.274,14.9918,10.8161,16.7621,3.37156,11.3266,6.10059,2.26611,2.86856,1.97019,6,0.60415,1.47576,2.55796,148.042,21.7901,18.227,35.1953,2.76647,12.5097,7.81771,2.55535,6.87595,3.43078,8,0.585629,1.28219,1.8595,259.485,24.7555,15.1945,12.9212,1.46793,18.6135,10.7461,3.1807,4.00537,1.26527,11,0.55637,1.35792,2.00801,204.093,22.9314,18.7446,22.4355,1.72783,17.3962,8.06895,3.10562,5.0366,1.2285,10,0.529124,1.35319,2.37199,307.785,34.5412,18.1798,22.5122,1.74973,24.8792,12.7588,4.21237,7.96577,1.60351,13,0.573939,1.41255,2.95613,310.336,36.209,21.5385,22.8025,1.48084,21.793,10.5884,4.31583,8.73719,1.70072,14,0.476836,1.35926,2.99247,864.127,40.4538,24.3274,8.06052,0.140636,36.933,11.8577,4.27948,5.74924,0.58027,5,0.298766,0.742642,0.78269,,,,,,,,,,,,,,,,,,,,,,,,,,,,,,,,,,,,,,,,,,,,,,,,,,,,,,,,,,,,,,,,,,,,,,
gr00t_wbc_h074_p000,3819,fell,45.68,10,13.3035,19.0278,1.47258,3.31982,197.087,20.4786,10.3207,21.7373,1.16891,17.9844,11.6934,2.86298,4.51534,1.13318,13,0.435307,0.947248,1.5743,129.575,21.3692,7.21038,22.0325,1.27854,10.6122,7.08134,2.06597,3.59295,0.904552,8,0.427373,1.0971,2.17764,251.256,18.7366,15.9036,22.8465,1.20254,20.7148,12.0657,3.81875,4.5496,1.27869,16,0.469234,1.05259,1.56937,209.37,18.962,14.2317,39.0095,1.8101,18.1008,8.63938,3.48696,7.92052,1.84666,12,0.431195,1.243,2.18522,208.462,21.0655,15.2619,52.2281,18.2446,17.833,9.99531,3.01618,7.45434,4.4432,9,0.500662,1.29807,3.15623,233.307,18.8201,13.6241,21.2784,1.46455,20.1773,12.2993,3.27614,4.26011,1.10088,14,0.470318,1.16094,1.87804,348.917,29.919,17.6451,21.637,1.25224,25.7077,12.4321,4.58824,5.81853,1.09433,15,0.497936,1.45097,2.94244,141.969,21.3947,17.5933,26.6363,1.30783,11.1866,6.17358,2.30404,4.78155,1.73495,7,0.559232,1.10054,1.80343,192.348,21.4447,13.8918,23.1822,1.33203,16.1304,8.35464,2.75363,4.2215,1.10393,12,0.464005,1.06312,1.96549,2812.51,153.003,108.452,207.516,205.094,72.4093,19.5588,8.01709,24.6428,18.7653,1,0.50145,1.03479,1.37869,,,,,,,,,,,,,,,,,,,,,,,,,,,,,,,,,,,,,,,,,,,,,,,,,,,,,,,,,,,,,,,,,,,,,,,,,,,,,,,,,,,,,,,,,,,,,,,,,,,,,,,,,,,,,,,,
gr00t_wbc_h074_p000,3820,complete,90,18,9.27795,2.21653,0.0409427,0.0425692,195.662,32.0277,10.5925,17.4085,1.42828,17.0483,11.2587,2.86668,5.27205,1.67294,10,0.489476,1.08698,1.91852,66.7777,5.389,3.02504,9.99645,1.15872,5.63942,3.18067,1.03604,2.33975,0.84458,4,0.45642,1.05555,1.68536,229.896,22.476,8.85649,10.1165,1.60163,19.2575,11.0746,2.83769,5.32695,1.12474,12,0.479351,1.151,2.05633,335.832,34.3733,20.2867,40.0061,1.65775,24.8516,12.7536,3.92445,8.97297,2.03926,18,0.497177,1.03752,1.71273,188.906,17.5644,9.31479,14.7681,1.53923,15.5115,7.96148,2.51009,5.16078,1.66012,12,0.505026,0.929725,1.29239,276.869,25.8304,16.6113,16.2409,1.22762,25.0296,12.0892,4.23064,7.39251,1.13679,17,0.415223,0.985542,1.61603,441.203,42.5634,20.8909,22.0508,1.27683,34.6125,19.0756,5.41156,10.0932,1.61366,13,0.671018,1.57332,5.12673,247.461,23.412,12.1423,18.5786,1.77512,21.4421,12.2886,3.68594,6.41234,1.12044,15,0.465557,1.12736,2.22325,211.706,16.9249,10.7717,17.4682,1.50462,18.5991,9.29676,3.10636,5.41253,1.04085,13,0.420249,0.989411,1.88847,307.517,25.5491,20.4151,82.6753,2.04186,25.0304,14.2175,4.40994,13.9508,2.31285,19,0.475853,1.0073,1.58074,452.532,58.6875,25.0537,26.9524,1.02737,36.2805,23.6329,5.45263,9.54285,2.20223,22,0.55623,1.18977,2.31736,369.463,49.867,23.3037,28.1378,1.34347,30.8487,18.6263,4.96966,7.84615,1.48599,17,0.575758,1.31988,2.71339,274.598,28.0421,12.1734,17.5605,1.57456,24.7345,10.7175,4.11055,6.08769,1.00606,10,0.584084,1.88885,3.89541,195.803,41.054,15.6945,21.4876,0.825472,14.637,8.35819,2.66245,5.8942,1.20474,10,0.401823,1.01582,1.43559,339.174,39.7803,30.4932,27.6443,2.84885,26.695,13.6146,4.94177,10.0492,3.79616,18,0.5052,1.21548,2.30017,395.97,42.3889,22.1662,24.0965,1.30659,31.0152,17.392,4.56764,8.80651,1.66517,10,0.59076,1.8755,6.91393,485.174,47.7,69.1728,69.9028,9.49888,32.12,16.441,5.43305,13.4783,6.02648,15,0.450955,1.25321,4.1511,386.121,42.4908,24.572,31.9452,2.35273,26.6266,12.276,5.54481,10.5266,3.88329,17,0.425703,1.3565,3.24676
gr00t_wbc_h074_p000,3821,fell,45.64,10,18.856,6.9278,1.92695,2.39489,202.84,18.6474,9.60563,19.079,6.38469,18.2294,11.1254,3.02056,6.59125,3.23234,15,0.340739,0.740379,1.28299,227.035,17.3546,12.3827,13.3954,1.87397,19.8766,11.3291,3.63458,3.91596,1.71211,14,0.502316,1.22276,2.40579,280.036,27.1119,11.7658,15.2659,1.44234,22.2419,15.0442,3.44196,6.97776,2.22671,12,0.591804,1.30608,3.16562,128.961,10.8778,9.76463,17.6447,1.30352,11.2893,8.16391,2.0206,3.97358,1.22399,11,0.358705,0.809981,1.34025,198.599,19.8204,13.6959,13.3563,0.947341,16.7088,11.0602,3.13396,5.19897,1.29335,12,0.52672,1.16781,2.207,366.719,42.7643,19.1917,12.6251,1.02823,28.0594,16.9594,4.62144,6.03843,1.91451,13,0.615332,1.5258,4.57532,124.588,11.4155,6.24297,15.9174,0.819594,10.0949,4.59827,1.74871,1.81218,0.874836,9,0.436048,0.819537,1.61798,116.862,15.3581,8.28933,18.6164,1.04717,8.66864,4.00424,1.57543,2.55422,0.742058,5,0.599513,1.63975,2.96977,436.912,42.5578,18.6918,28.6711,1.19833,30.7912,16.1082,4.43663,9.10559,2.59036,10,0.602377,1.54904,5.09394,1901.99,39.7927,60.0107,11.2705,1.17912,52.3148,13.4121,5.41866,8.33185,3.71366,1,0.596062,1.07618,1.6232,,,,,,,,,,,,,,,,,,,,,,,,,,,,,,,,,,,,,,,,,,,,,,,,,,,,,,,,,,,,,,,,,,,,,,,,,,,,,,,,,,,,,,,,,,,,,,,,,,,,,,,,,,,,,,,,
gr00t_wbc_h074_p000,3822,complete,90,18,7.2611,2.87218,0.0838524,0.102577,163.931,19.3515,9.64815,14.3001,1.84513,17.3249,11.0152,2.92384,4.76525,1.1245,15,0.320239,0.743656,1.15522,267.266,27.1922,10.7426,11.2981,1.27703,19.9474,11.2903,3.0969,7.13278,1.24135,10,0.570357,1.27798,3.08733,232.727,24.7532,9.56765,23.067,1.43921,17.7436,9.09944,3.30563,9.49481,3.24873,6,0.713214,1.92918,5.64668,281.312,27.9439,17.5628,16.3729,1.03629,22.0861,12.4751,4.36327,5.57001,1.55222,14,0.589881,1.42342,2.48098,119.801,11.8743,12.4004,14.4887,1.44027,10.4247,5.37657,1.99483,2.59111,1.04074,6,0.515248,1.26385,1.96921,244.488,31.5293,15.4248,14.2399,1.49741,18.8168,11.8483,3.45449,5.12109,1.95818,13,0.573712,1.14607,1.7175,338.249,37.4019,14.1327,19.2386,1.84952,26.4169,15.953,4.20549,3.90935,1.79215,14,0.551449,1.4576,3.08457,365.708,43.4629,21.1821,23.1623,1.87858,24.4097,14.4839,4.41331,4.81969,1.63622,16,0.474521,1.40558,3.45078,202.241,38.0902,34.8971,132.709,30.8378,16.7627,12.6694,3.82959,12.0678,6.19142,10,0.616113,1.33664,2.72935,270.286,24.459,14.5532,26.3058,1.80547,20.8154,11.4102,3.71752,6.07741,2.77325,14,0.521499,1.21127,2.0927,499.007,47.9143,27.4431,19.5711,1.96578,39.9635,21.8246,6.39843,7.133,3.45654,20,0.503222,1.49284,4.25217,397.604,32.7929,19.2563,22.3873,1.69663,32.0838,14.7863,5.76315,7.67738,2.34846,21,0.489701,1.1989,3.11434,311.044,30.3011,12.7239,79.3388,7.16937,22.9724,13.9417,3.58839,8.44949,5.38002,10,0.551372,1.31994,3.42354,105.519,10.2559,4.98933,24.7856,9.73369,8.96462,4.91158,1.54596,3.30755,2.24265,6,0.47784,1.27237,2.51809,316.924,35.1797,13.2638,22.3758,5.94399,26.5232,15.0618,4.07563,7.52102,4.50315,13,0.599311,1.37317,3.18561,296.412,31.9622,18.9912,73.5301,2.36603,22.809,12.2198,3.93827,11.381,2.32712,11,0.661675,1.50578,3.30604,362.664,38.3045,28.1387,191.093,63.5082,27.2488,15.3304,5.66513,24.9907,13.1903,15,0.488571,1.31558,3.09779,855.062,169.805,43.1083,34.2767,0.842194,51.7658,32.8146,8.26797,13.4947,1.69927,14,0.533689,1.34459,5.99252
gr00t_wbc_h074_p000,3823,complete,90,18,9.97125,2.48705,0.0111471,0.0106656,194.506,19.7625,8.96304,16.342,1.16767,18.1922,10.3418,2.90761,5.33815,1.25626,12,0.395842,0.846677,1.47181,144.438,14.4969,11.7654,39.8665,1.46586,12.5193,7.33211,2.19121,5.82752,1.74182,11,0.360205,0.877568,1.22415,288.137,26.7855,11.5906,15.1579,1.0906,22.2167,13.1658,3.52459,5.90959,2.29578,15,0.587729,1.09383,2.42991,291.546,25.6321,15.3018,33.3084,1.61718,22.4463,12.399,3.8083,9.47101,3.28481,14,0.529404,1.15642,1.97336,289.037,27.7286,11.6289,17.5224,2.11319,22.7347,13.4822,3.64202,6.2825,3.12113,15,0.507177,1.18467,2.0788,409.36,64.9618,15.0672,13.3493,1.17075,29.5646,18.9133,4.05374,4.79132,2.61761,16,0.620392,1.25831,2.90072,391.454,40.9754,13.2683,15.7764,1.2721,28.4926,12.8718,4.297,9.10766,3.21023,14,0.657172,1.54594,3.61237,299.291,26.0421,11.1188,11.7588,1.59883,23.3749,12.1829,3.68299,6.65527,2.03585,14,0.434343,1.13241,2.2981,303.911,30.1562,20.3254,28.4376,1.94783,21.4206,11.6794,3.57829,9.21462,1.82531,9,0.542681,1.47795,4.2827,253.027,20.8843,16.3919,41.1796,7.55676,21.5951,11.6149,4.33908,12.5243,7.13202,14,0.456097,1.00967,2.09329,317.505,29.4714,11.7616,15.376,1.84403,25.819,13.5712,4.15888,5.87858,1.38931,15,0.577504,1.22941,2.82858,770.264,72.1907,33.3847,21.2691,1.24831,50.7169,26.8842,7.72376,11.9338,2.65827,23,0.486039,1.69649,6.04659,296.615,23.9556,14.8792,8.84256,1.50407,25.9281,15.3694,4.07732,5.21391,1.83583,14,0.60066,1.40906,2.9692,393.633,52.6131,16.0684,20.4549,1.60003,29.4062,19.6602,4.59577,8.22008,2.69018,15,0.554153,1.27146,3.18606,515.657,47.6357,31.6044,118.288,3.70856,39.0916,23.9358,5.98109,21.0749,6.46698,18,0.551398,1.40213,3.4676,394.506,39.885,20.0087,23.5994,1.35141,31.1868,19.688,5.12077,8.41955,3.33886,19,0.590892,1.22228,3.00543,727.337,143.408,43.511,13.0663,1.55627,42.4485,29.8206,6.9722,7.9597,3.6735,10,0.629445,1.62211,7.32242,877.44,69.9537,40.6094,31.0744,1.56518,45.6364,26.784,6.33876,12.1947,3.81921,18,0.450233,1.36075,5.82325
gr00t_wbc_h074_p000,3824,fell,65.76,14,18.18,11.5448,1.39776,1.8052,207.568,32.9356,10.5775,26.9127,1.58452,19.0763,12.0818,3.16031,6.56681,1.33191,10,0.43745,1.19865,2.52685,225.652,27.2309,12.0074,25.6119,0.877368,16.3783,10.5813,2.43902,3.76122,0.99079,11,0.553061,1.12513,2.59536,170.006,17.7565,15.7771,25.1866,1.99286,13.8831,8.13383,2.47586,4.45717,1.56463,8,0.600706,1.24614,2.18433,250.979,28.5036,20.9773,31.171,2.08253,19.6152,12.3741,3.64791,6.70357,3.14282,12,0.593935,1.17338,2.23274,214.841,20.8523,13.213,25.8803,1.16707,17.6966,7.93148,3.11179,4.61594,1.3895,13,0.551526,1.11608,1.97425,379.253,31.695,14.3458,25.061,1.88176,26.2341,11.9124,3.843,8.39654,5.86228,8,0.46714,1.42837,4.72901,242.789,20.8006,19.749,16.624,2.17418,20.7503,8.09109,4.13305,6.36049,3.45105,15,0.489289,1.11052,1.79249,192.988,24.9874,10.3549,11.7364,1.50416,16.4812,8.43777,2.99594,4.72952,2.96776,12,0.609319,1.33411,2.28161,294.515,27.5994,15.1947,23.783,1.72521,22.3099,10.3894,3.92333,4.87092,2.625,15,0.560107,1.228,2.00399,282.644,69.5913,18.344,23.418,0.857783,21.643,14.4136,3.47413,5.47285,1.6456,13,0.652781,1.1351,1.91547,1680.08,223.075,104.07,153.346,10.4417,94.3644,50.1099,12.4049,25.9914,7.65948,23,0.557102,1.14749,8.42548,186.741,20.6218,16.5935,52.8625,2.67225,13.764,8.16263,2.36291,6.12515,1.81234,8,0.461339,1.03512,1.45979,375.313,42.3274,14.5894,15.6788,1.43694,25.9212,12.3918,4.29552,7.61681,2.42566,15,0.588277,1.37144,2.57219,1115.21,58.4587,70.1044,182.566,17.0649,34.782,14.5986,6.78861,22.3491,7.23082,0,,,,,,,,,,,,,,,,,,,,,,,,,,,,,,,,,,,,,,,,,,,,,,,,,,,,,,,,,,,
gr00t_wbc_h074_p000,3825,complete,90,18,10.0198,3.21986,0.031666,0.0466867,95.8141,9.62872,5.01061,10.729,1.5983,11.3281,6.66899,1.8346,3.19834,0.988679,8,0.409887,0.813415,1.47501,228.878,24.6264,8.22648,8.48404,1.16384,18.6464,11.2187,2.91168,5.62905,1.97869,12,0.479219,1.09214,2.19284,199.88,21.7174,9.56801,10.7904,1.51905,17.6935,12.3636,3.05813,6.32608,1.23221,13,0.440942,1.06723,1.78844,328.192,30.965,13.8169,13.8587,1.51922,26.3714,15.2958,4.20171,5.53918,1.90134,17,0.577145,1.20078,2.39391,312.709,28.9899,11.4271,14.1165,1.3967,21.9668,10.4185,3.2839,2.74268,1.88285,13,0.56793,1.31793,3.11583,239.891,20.2613,11.3879,20.991,1.37368,21.3704,12.3948,3.44652,2.56765,1.31431,15,0.479113,1.11537,2.04479,270.067,37.3484,12.6089,18.6463,0.816374,22.9064,11.0207,3.87719,6.29389,2.04113,11,0.548455,1.45454,3.52566,236.303,21.9818,9.0089,13.25,1.06632,19.2349,11.8764,2.74311,4.03332,1.30359,11,0.477672,1.35865,3.47345,139.134,16.6459,10.7646,18.8665,1.11127,12.5772,7.55251,2.28668,3.4545,1.11723,10,0.408242,1.03807,1.51335,158.786,16.6348,11.2649,84.3304,38.9644,13.0214,5.92103,2.48722,9.75088,6.22232,5,0.48365,1.5832,3.70764,176.905,32.6222,9.04018,20.4569,1.76768,15.4077,9.05694,2.59338,4.63377,1.65494,7,0.643839,1.63154,3.87751,372.804,35.1926,20.1531,122.267,54.6113,29.6805,15.7539,6.13953,23.4239,15.385,12,0.633609,1.37057,4.80908,411.908,60.5597,19.7512,17.042,1.00774,30.7008,17.1262,4.48893,7.66108,2.22664,15,0.656328,1.16504,2.6529,144.318,16.8916,8.48456,9.03372,1.88884,13.0508,8.00838,2.18784,3.10202,1.83206,5,0.663985,1.53409,3.51564,250.862,26.1203,10.4842,8.63312,0.909386,21.51,15.0705,3.60904,5.62966,2.7688,16,0.460972,1.09964,2.25735,427.604,42.8837,16.022,20.2449,1.38567,29.1186,15.2287,4.21385,5.73606,2.27623,14,0.599641,1.27702,3.6983,1450.87,103.606,212.952,346.1,184.935,81.7462,38.5544,15.0343,32.5192,12.2891,20,0.624062,1.51653,8.93266,314.805,28.3282,16.5788,23.9769,0.875,24.3623,15.2767,3.96177,4.3842,1.03373,16,0.551301,1.2372,2.65612
gr00t_wbc_h074_p000,3826,fell,56.4,12,23.3744,9.30313,2.69816,3.39659,314.288,27.4738,17.3029,22.0382,1.79396,28.0478,16.7752,4.69866,6.81064,2.05189,19,0.420476,0.971804,1.92501,226.4,31.6248,12.255,15.0978,1.32252,17.7774,12.2206,3.24563,6.50335,1.42708,14,0.538753,1.02156,1.82025,198.854,23.5664,7.77954,16.4856,3.74933,17.2927,9.58363,2.75915,5.92789,2.5946,11,0.52319,1.17105,2.33883,324.529,38.641,13.9973,15.0378,2.39668,28.4735,15.1924,4.22928,8.97705,3.65644,20,0.534193,0.92904,1.6558,154.79,15.6864,6.147,11.289,3.32354,12.9441,6.44238,2.24831,4.60368,3.67683,9,0.536437,1.0523,2.13944,217.958,19.1978,11.3994,13.6922,1.40027,18.6475,11.2118,3.29592,4.51627,3.31516,14,0.442115,1.00818,1.89412,342.41,37.1092,15.3586,17.0487,1.05304,29.887,18.9203,4.44083,7.8885,1.41518,18,0.485935,1.13347,2.14968,221.573,21.9068,9.69383,17.9007,2.04506,17.2821,9.28249,2.83448,5.93318,2.32004,12,0.571179,1.1303,2.37522,220.311,18.5596,12.4163,12.5479,1.86158,17.8925,9.64961,2.97809,6.81191,1.28728,11,0.546443,1.1171,2.4881,463.161,46.081,18.1725,9.88718,1.60359,37.1763,20.6946,6.02929,8.41479,4.3225,22,0.514367,1.20804,2.89144,305.421,49.9241,22.7037,20.088,1.32432,22.488,13.9426,4.24229,9.58878,2.34594,14,0.532414,1.33287,2.71946,2987.12,158.908,70.4008,104.643,2.06023,113.93,39.4558,12.4739,28.2951,5.76826,4,0.305763,0.558984,1.14255,,,,,,,,,,,,,,,,,,,,,,,,,,,,,,,,,,,,,,,,,,,,,,,,,,,,,,,,,,,,,,,,,,,,,,,,,,,,,,,,,,,,
gr00t_wbc_h074_p000,3827,complete,90,18,10.3351,2.92194,0.0151959,0.00553287,226.757,20.4359,10.9004,26.2876,2.76092,19.9857,11.047,3.26634,7.98968,3.08477,14,0.392762,0.858268,1.34055,284.853,22.6434,15.0042,30.1574,2.02003,22.6915,12.6072,3.80958,5.39639,1.5983,14,0.506049,1.22154,2.34434,245.493,27.1077,13.373,46.3077,2.65383,18.2411,9.65092,3.08925,9.35362,2.5457,8,0.463521,1.46172,4.16036,281.749,30.9786,13.4909,19.8818,1.23218,21.7318,14.26,3.31713,6.12432,1.23005,11,0.411294,1.15632,3.17058,414.392,41.6921,19.9401,32.9713,1.61289,30.6774,17.4881,4.70637,14.0075,3.05046,18,0.49413,1.20582,3.54623,261.568,34.1723,13.5873,17.9321,3.02733,19.5948,9.69719,3.36247,6.74473,2.20426,12,0.537635,1.19449,2.51288,240.504,21.6467,10.3965,13.1329,1.62266,18.3284,9.12615,2.91612,5.2705,2.11923,11,0.585136,1.31748,1.95118,385.742,35.4963,20.4392,21.6117,3.60348,29.4355,12.9538,5.07111,7.50857,4.95045,19,0.465544,1.07093,1.95787,503.611,57.9863,21.4938,14.4614,2.2228,33.1327,20.2362,5.18279,10.3404,4.73259,15,0.54804,1.4444,3.81416,283.252,27.0639,13.6351,21.6221,2.36954,22.5691,10.9317,3.75969,11.4461,4.86635,11,0.501978,1.27515,3.45209,197.168,17.9609,10.5307,11.984,2.45851,17.5173,10.1716,3.00373,6.87703,2.98672,15,0.398778,0.944588,1.35349,285.081,29.2669,11.5034,14.946,1.16094,22.0833,11.7384,3.50685,5.2333,1.6178,11,0.53494,1.54315,3.51137,248.705,27.7241,16.888,20.4341,1.80397,18.7535,11.1632,3.04747,5.06773,1.1657,16,0.370965,0.840226,1.14929,185.011,19.3014,42.7681,15.9739,1.05337,15.5687,9.32275,2.80366,4.15269,1.16229,10,0.498702,1.23175,1.69624,439.484,46.7602,28.2859,37.2826,1.35099,31.9172,21.1402,5.26959,7.38854,1.56212,21,0.49416,1.15821,2.32321,972.981,119.438,45.5081,41.1212,1.46244,62.0302,35.5649,9.10585,11.8051,2.67702,22,0.504109,1.6756,6.51272,308.647,32.8554,26.7502,33.0886,1.04017,28.3392,15.8549,4.80052,6.60818,1.72615,16,0.523852,1.29811,2.11315,192.653,25.2996,9.78897,10.8751,1.20073,15.0188,8.09908,2.6423,4.54575,2.15585,10,0.529101,1.19833,2.3412
gr00t_wbc_h074_p000,3828,fell,61.06,13,19.54,13.0236,1.24039,1.88973,140.389,13.07,7.5574,12.9582,2.29806,14.7916,9.10364,2.37049,4.12571,1.20774,11,0.387044,0.835646,1.52183,222.254,20.4642,10.5895,18.7494,1.38577,17.2246,9.90452,2.67112,5.87329,1.26171,14,0.400102,0.828415,1.64874,358.382,36.684,13.6187,17.5899,1.00588,25.5451,13.2818,4.06728,8.53157,1.62779,16,0.576,1.30498,3.29885,417.73,38.4941,16.052,13.3179,1.15057,31.814,16.5393,4.97009,8.18132,1.72721,17,0.557908,1.29906,3.54445,58.3552,8.5288,4.48871,13.0255,1.30338,5.21025,3.55184,0.84626,2.04146,0.762817,5,0.42887,1.01165,1.46765,280.536,28.3596,13.4958,18.0825,1.02659,22.1973,13.4748,3.46075,5.71159,1.07938,15,0.454823,1.03812,1.83056,365.028,42.2673,37.1448,122.006,5.57377,27.7375,16.8736,4.83655,10.8583,2.99688,13,0.56735,1.38652,4.13375,126.493,12.4944,8.18148,16.5978,1.5139,12.4353,7.79443,1.97867,2.55731,0.875067,8,0.349884,1.01033,1.92365,233.273,20.2411,10.2594,19.3772,0.79952,17.2142,9.1288,2.65747,4.21377,1.14611,10,0.462489,1.04176,2.20461,495.919,36.7238,19.9438,19.3107,1.46805,23.5581,12.3153,3.21405,4.4368,0.958872,12,0.645438,1.2079,4.96217,427.074,71.033,24.373,31.5957,2.17535,35.2345,20.8787,5.95967,8.77199,2.31146,19,0.684089,1.26449,2.58035,231.834,21.9786,13.8018,25.5425,1.22138,16.6421,8.47592,2.87722,4.58352,1.11059,10,0.456905,1.0984,2.22921,3380.91,596.959,113.552,68.6681,21.99,92.2228,48.701,14.479,19.038,6.63053,1,0.64724,1.35974,11.6601,,,,,,,,,,,,,,,,,,,,,,,,,,,,,,,,,,,,,,,,,,,,,,,,,,,,,,,,,,,,,,,,,,,,,,
gr00t_wbc_h074_p000,3829,complete,90,18,10.9742,2.97917,0.0163346,0.00523621,190.867,25.3894,10.0628,13.0794,1.4837,18.1557,10.7118,3.04357,6.0764,2.93794,13,0.436546,0.930461,1.59288,141.551,17.8728,6.64868,12.9629,1.81184,10.7337,6.36588,1.85151,4.59187,1.50711,7,0.489608,1.08116,1.61366,212.47,21.9221,12.4087,14.0978,0.911219,17.3212,10.6951,3.02283,4.46347,1.22332,8,0.647096,1.5398,3.98497,171.74,21.3281,10.9639,39.3214,2.84565,12.4565,5.29383,2.35355,6.36338,3.62222,8,0.552874,1.17709,1.83126,210.405,19.6252,11.3259,13.441,1.45635,16.8265,9.28557,2.95933,5.19463,1.47732,13,0.496867,1.13718,2.07189,220.187,19.995,9.32782,16.504,1.9871,16.8241,6.88948,2.80662,5.93226,2.23881,11,0.539262,0.979521,2.10566,330.525,30.2965,17.9925,19.676,1.91494,26.676,14.0641,4.46738,6.11787,2.63702,18,0.513969,1.15965,2.20767,426.134,50.2992,18.8201,24.608,1.76262,29.7301,15.9826,4.27603,8.97893,4.19814,14,0.51969,1.3552,3.92431,600.521,102.002,30.9056,28.2918,1.45229,38.5682,23.5697,6.14057,10.4234,4.3131,12,0.551344,1.42128,5.42206,324.255,36.9858,19.9274,11.694,1.31371,25.7888,14.5703,4.5818,4.43407,2.90643,16,0.586723,1.35834,2.80466,373.919,51.4191,32.3,26.438,2.49163,29.1565,17.9073,5.63418,9.37598,5.75954,17,0.559287,1.30838,2.67337,396.811,52.5562,40.6752,108.712,12.3892,30.6976,17.3328,5.43364,14.0902,5.34131,15,0.514813,1.46567,3.1062,553.808,78.0062,23.291,29.2181,0.842554,33.193,18.9302,4.69538,8.66098,1.28887,15,0.690992,1.23781,3.34698,283.018,25.9115,15.169,22.0515,1.07993,25.5537,11.6859,4.39452,7.72641,1.72359,14,0.439335,1.34153,2.87611,398.38,44.9274,27.3797,42.8034,1.82967,28.9561,15.7196,5.19088,11.0246,2.80624,19,0.529288,1.28906,1.96934,394.722,48.7783,18.5088,60.5733,3.98382,27.9143,16.4812,4.04373,15.8083,5.86955,11,0.676673,1.53307,4.80851,235.427,45.4904,20.1944,23.0623,1.37742,18.9288,11.806,3.03485,7.1292,1.40849,13,0.445711,1.03546,1.50731,248.914,22.4514,18.2545,127.811,4.1196,18.5558,9.33797,3.75756,17.201,4.71395,11,0.481098,1.37525,2.7735
gr00t_wbc_h074_p000,3830,complete,90,18,10.3781,2.91325,0.177111,0.331868,262.311,22.4275,14.8743,11.8898,1.22827,23.8035,14.062,4.00197,7.00005,3.4377,13,0.538442,1.20004,2.26919,126.376,11.7615,7.92844,19.0029,1.65302,11.8842,7.0004,2.0647,3.07305,0.961925,10,0.417115,0.982764,1.48282,203.781,19.2294,8.64113,10.4657,1.60279,16.0782,10.781,2.48847,4.96697,1.04532,9,0.536854,1.2075,2.16812,276.847,34.7382,10.6563,37.8435,1.7818,20.2831,12.257,3.05087,9.24843,1.67361,8,0.659043,1.83851,5.07308,257.88,25.7414,12.0905,20.8466,1.04624,21.2674,10.6254,3.39711,6.57447,1.13955,9,0.493949,1.39441,4.57725,261.603,18.6712,14.0135,20.8942,1.44422,22.5018,12.2575,3.81721,6.24228,1.23261,15,0.54441,1.10223,2.29744,106.092,13.7547,8.14856,32.5367,1.81393,8.74961,6.98596,1.53467,5.90504,1.55531,4,0.518999,1.36559,2.46169,399.888,79.6893,18.9201,79.0484,1.77345,28.7353,17.8768,4.09312,15.3766,2.29482,11,0.714894,1.44762,3.93184,1664.12,116.633,115.778,37.2299,2.11287,77.445,31.3987,10.5475,20.3004,4.28152,23,0.722637,1.60409,8.86513,217.888,22.2945,16.5395,14.4886,0.855793,18.3162,11.4477,3.33172,5.25057,1.58885,12,0.622156,1.21785,2.39045,303.007,42.1737,12.3665,19.4722,1.94604,24.4564,14.2089,3.7128,4.07163,2.30645,14,0.469445,1.16835,2.10246,312.314,37.3077,11.6203,19.0869,1.06421,25.3899,14.3928,4.35618,7.04827,2.95905,14,0.644661,1.30811,2.83021,329.495,51.6225,13.2765,16.0965,2.29061,24.0957,14.7105,3.87942,2.86623,2.96626,14,0.684139,1.18641,2.36842,259.216,36.4874,9.4892,17.449,3.41824,17.9763,10.6991,2.71783,2.87423,2.80873,11,0.412677,1.10467,2.17792,379.738,43.884,15.9115,10.9405,3.62875,28.0979,15.8471,3.70552,2.01177,3.31929,10,0.647054,1.67101,5.63141,1490.9,108.535,82.5895,25.4278,13.5326,66.4634,36.029,8.24038,3.44849,7.72182,20,0.612139,1.76499,8.9765,465.262,48.5306,20.4516,53.4677,150.897,31.1389,17.6502,4.85114,10.8373,15.1675,13,0.594398,1.50687,4.04002,559.762,58.6696,33.6542,23.9665,4.68785,39.8212,20.765,4.99657,3.4814,3.78284,24,0.485337,0.98003,2.56855
gr00t_wbc_h074_p000,3831,complete,90,18,9.76712,2.79357,0.0681835,0.0975067,188.329,15.5587,13.9504,39.5877,1.62369,17.532,8.99531,2.86999,8.08347,3.47136,12,0.379976,0.895899,1.53793,331.707,35.3219,16.1394,22.6846,1.9112,24.2338,14.6587,4.08866,5.89756,2.64759,14,0.662891,1.44103,3.13554,252.05,24.8718,11.8783,24.8595,1.22641,19.7637,8.83932,3.31538,4.27686,1.12409,9,0.477861,1.43143,3.3981,319.336,33.1187,19.067,31.8414,1.04159,24.2099,13.3172,4.16902,5.5564,1.5601,18,0.600119,1.09122,2.60804,245.027,26.93,15.4059,37.1112,2.45824,19.8578,12.4912,3.3796,7.95815,4.52455,15,0.429124,1.00241,1.75827,303.466,28.406,17.2957,26.0448,2.04294,23.7507,12.3238,4.1546,7.31091,2.20533,14,0.526475,1.32147,2.76742,450.276,74.7443,26.7212,30.1652,3.08949,38.2872,22.082,5.93417,9.98842,3.26973,20,0.415718,0.940186,2.65295,190.207,22.9349,15.7177,20.6383,1.10984,15.9611,8.86709,2.67771,4.80877,1.90646,10,0.567392,1.22782,2.06766,122.134,22.1761,9.04404,15.8571,2.67356,9.4927,4.54376,1.45797,2.35399,1.25853,6,0.620915,1.20419,1.75103,241.666,29.6423,12.0779,13.679,1.09159,18.6223,10.0086,2.99761,5.16411,2.74311,10,0.525737,1.35275,3.56531,108.274,12.9237,6.16231,10.8376,2.29805,9.54275,3.98467,1.78862,4.41308,2.69699,6,0.520964,1.16623,2.37578,345.745,42.8563,16.0257,13.0678,1.82731,28.4035,16.6221,4.24198,6.74445,3.64556,16,0.72167,1.3586,3.04359,135.595,19.8747,15.7321,14.7847,1.06214,11.2405,7.15959,2.27895,4.10759,1.03916,7,0.559699,1.3108,2.62444,297.865,45.1091,17.2718,12.6229,1.00589,23.1992,12.4363,3.13436,7.81245,1.6031,13,0.42181,1.11253,2.66935,834.071,78.493,37.3783,33.2125,1.2412,60.0657,32.0062,8.17717,10.453,2.40033,20,0.562423,1.91607,7.05544,284.191,30.1852,15.5017,19.7062,1.4233,24.5357,16.4788,4.04889,6.75778,1.52562,16,0.537,1.1899,2.23255,325.687,30.8204,17.0822,28.5587,12.3789,26.367,15.4352,4.68566,12.5099,5.06491,17,0.486738,1.25084,2.6212,281.094,46.0399,18.3047,17.1745,1.86365,22.7195,12.0789,4.40856,7.33269,2.27884,12,0.552799,1.37717,2.62554
gr00t_wbc_h074_p000,3832,complete,90,18,8.18311,2.30536,0.0306094,0.0415772,220.166,24.7,10.7561,10.5373,1.55892,18.5051,11.1383,2.76186,5.55357,1.64068,11,0.390724,0.953308,2.28896,289.329,25.1838,14.8568,16.1117,1.17074,25.9286,14.7116,4.3852,6.67781,1.70033,18,0.443903,1.03587,2.00777,211.469,18.406,13.8039,51.8742,37.3732,16.9786,8.82653,3.51923,11.1656,6.82852,10,0.430499,1.20049,2.31431,234.878,23.9951,13.3507,52.2908,1.66806,20.0775,11.9074,3.41912,11.3883,2.87659,15,0.465908,1.00764,1.79559,312.974,31.047,10.5691,47.7767,3.03352,22.0651,11.3121,3.48799,7.9711,4.33136,12,0.481787,1.37263,3.67294,290.672,35.9652,14.1724,9.41458,2.16364,24.0413,12.5072,3.42394,3.76769,2.48454,17,0.563828,0.944587,1.66868,188.964,17.5286,7.23851,8.59906,1.48442,15.5278,8.07648,2.36805,3.46264,2.89668,9,0.490451,1.30808,2.35497,334.519,34.0388,24.7057,121.989,74.6826,25.9807,14.9954,4.01198,16.1245,6.49404,11,0.613874,1.50939,3.45932,313.547,33.2505,15.194,23.3803,1.25739,26.452,12.5162,4.21583,7.42688,1.83395,16,0.595893,1.23117,2.27659,940.731,77.6757,65.4166,29.4592,1.00159,40.9635,21.8194,7.09192,10.8349,2.04363,14,0.446562,1.25976,5.23482,482.937,50.4719,22.0433,26.6123,0.833054,33.1497,20.1261,5.41341,9.81519,1.84131,16,0.532246,1.58617,3.51125,499.215,89.5133,50.4007,138.228,42.8671,38.1209,24.5634,6.93028,18.7731,6.45123,18,0.59255,1.29668,3.30066,791.936,77.314,36.7178,71.4185,1.60071,52.1541,29.674,8.35467,16.9519,2.31419,24,0.462637,1.27169,4.73938,452.993,42.6578,20.3666,23.0786,2.01611,32.3628,16.477,4.80491,9.38872,1.47649,11,0.591562,1.69524,5.51829,380.693,35.771,16.1682,19.0344,1.65442,28.7575,17.2638,4.4546,7.923,1.933,18,0.50233,1.15669,2.13511,299.122,23.5908,12.5268,16.1154,1.39021,24.3374,13.2647,3.87764,7.37452,1.38892,14,0.496071,1.12683,2.16579,323.177,33.559,22.8492,132.662,2.67392,27.0238,15.3454,4.9597,18.9694,3.00782,15,0.597881,1.30817,2.56543,355.382,71.688,46.4106,173.513,5.33418,28.1378,18.7758,5.26073,18.5406,4.31745,11,0.459896,1.41269,4.26081
gr00t_wbc_h074_p000,3833,complete,90,18,10.4998,2.26553,0.216155,0.202313,238.662,19.782,10.2148,13.7073,1.88524,20.8869,12.1653,3.32018,7.73161,2.47969,15,0.411187,0.889085,1.65167,215.016,22.4165,9.48735,11.9151,1.69133,18.3516,9.58136,2.94093,4.75944,1.52334,11,0.498559,1.18609,2.65728,291.722,28.6299,13.4141,18.3369,1.25134,22.5684,13.653,3.54519,4.86373,1.60806,14,0.620274,1.19517,2.70467,246.844,29.2458,10.8927,25.1752,1.7765,16.0157,9.27201,2.90341,5.89215,2.45396,9,0.627935,1.54911,3.76851,388.24,48.4195,22.5672,83.9239,3.67786,29.9394,20.348,4.73687,13.565,5.16898,17,0.555233,1.38136,3.26406,246.72,19.0146,13.5568,21.6524,1.73083,20.8388,11.3913,3.56462,4.99382,1.03467,14,0.48464,1.13175,2.12605,187.223,21.3777,8.69144,14.4281,1.72493,16.9382,10.8422,2.93983,6.22329,1.46164,9,0.50409,1.35897,3.00526,139.185,14.9584,9.05169,15.2102,1.24231,11.9371,6.22554,2.47568,5.92247,1.64345,9,0.475729,1.16503,2.37459,638.763,51.7447,29.4452,31.7013,1.78606,38.724,21.0066,5.92485,13.5082,3.36037,16,0.433251,1.2704,4.38625,862.994,81.9709,33.9225,18.4733,1.10132,58.9625,28.2346,8.52517,12.6639,3.58521,21,0.579359,1.65777,6.33037,429.19,48.2783,21.1654,15.7623,1.67141,32.6344,20.5352,4.84464,5.33691,2.64809,20,0.647243,1.26394,3.07174,291.486,35.2001,12.4815,9.39075,1.41545,23.5673,11.3131,3.67648,5.18704,2.92026,12,0.641631,1.35655,3.11443,459.052,47.0889,20.2596,16.5013,1.14829,32.7946,14.4759,5.26248,10.8083,4.32029,19,0.527059,1.28418,3.52904,159.494,28.5402,15.5995,14.9637,1.51231,13.6069,7.12522,2.63405,5.9175,2.33191,9,0.594116,1.2647,1.89046,287.718,29.4905,14.9745,20.3523,2.80894,23.8005,13.3106,4.03796,8.00597,3.09452,14,0.47314,1.12581,2.29821,274.809,28.446,20.1447,133.631,4.04459,23.4968,13.1753,4.30883,18.5472,4.33946,15,0.484088,1.16159,2.19821,286.254,26.401,15.1322,25.9796,1.4914,25.0323,11.8375,4.01245,6.66575,2.36492,16,0.450605,1.11194,1.79146,828.226,75.958,30.6315,38.6533,0.861919,48.452,22.791,6.89791,9.58122,2.03084,23,0.360277,1.32436,4.10872
gr00t_wbc_h074_p000,3834,complete,90,18,8.10799,2.23086,0.0121995,0.0221825,163.159,16.1419,8.80989,12.0677,1.55391,17.2544,11.8191,3.07584,5.37144,1.17963,13,0.411232,0.938992,1.64098,213.595,19.1976,7.75356,13.0428,1.40937,15.8312,7.99465,2.45575,3.91889,0.989411,10,0.566665,1.22764,2.66001,262.996,27.3406,13.1947,24.5857,2.48278,21.9694,13.4019,3.27491,8.4792,4.09341,15,0.435541,1.0172,2.39314,303.926,31.8478,14.5543,20.004,4.91924,23.6186,14.1198,3.86764,8.37271,4.25552,14,0.659432,1.26939,2.56085,309.381,28.017,13.2695,15.1093,3.52745,21.4654,13.298,3.47736,6.1343,4.32552,12,0.433492,1.25351,3.49417,274.423,25.4283,9.70493,14.3524,1.55701,21.4966,10.7958,3.43974,6.9382,3.65566,12,0.573016,1.27749,2.17674,263.621,26.7679,14.054,10.4454,1.21156,20.0757,13.3535,3.82295,5.33462,1.41514,18,0.419256,0.947135,1.42379,287.284,24.8606,13.5393,26.5476,1.63328,23.3216,11.2268,3.54706,9.21089,4.37872,11,0.491669,1.21274,3.31104,191.182,15.7725,12.653,17.477,0.905502,16.1623,8.81821,2.95526,4.49994,1.65198,12,0.445231,1.04985,1.52824,210.581,20.0015,7.99182,11.3333,1.09478,17.0797,9.96302,2.98079,5.17847,1.518,10,0.537472,1.1788,2.34515,842.005,85.1804,50.6542,26.1204,2.10119,48.4327,25.4659,7.00116,9.94523,4.07195,16,0.559498,1.51216,6.05541,537.935,52.7352,23.2754,34.795,4.02038,34.9832,19.5385,6.08825,13.3419,6.9306,19,0.467118,1.34925,3.57121,428.118,47.0421,24.7135,68.0835,3.4386,30.3298,14.9431,5.23933,15.3393,4.15684,7,0.624658,1.87522,7.16879,259.055,25.6716,14.9842,26.3712,3.38452,20.5055,13.8917,3.59472,7.37231,4.13628,13,0.521342,1.25286,2.76716,156.383,21.0355,11.2179,21.6883,1.23591,13.9532,8.14464,2.56266,2.8311,1.03864,6,0.636312,1.45617,4.14799,464.063,61.5021,26.1397,38.722,1.59277,32.8498,17.9574,5.90374,8.26323,1.65051,19,0.521021,1.40022,3.46698,685.007,82.6288,49.5632,119.824,7.02333,42.1314,22.4324,6.70771,18.7937,6.6918,13,0.787176,1.39077,5.88705,172.05,20.5944,9.22665,12.3208,2.3363,16.0366,10.5115,3.06527,6.08611,3.99802,9,0.619382,1.27772,2.77907
gr00t_wbc_h074_p000,3835,complete,90,18,9.19044,2.19704,0.133832,0.13826,247.873,32.4696,10.1748,13.1384,1.50398,20.2739,10.8756,2.89442,5.40283,1.8612,15,0.653947,0.764391,1.55187,155.586,13.501,7.8687,10.9798,1.98284,12.145,7.52254,2.42291,6.7857,1.72607,8,0.529427,1.15424,2.28262,220.086,19.6545,9.56813,11.2134,0.794205,17.5343,10.3829,3.09935,5.00151,0.99781,12,0.443359,1.16835,2.86293,187.019,18.6639,7.91424,16.7568,1.06173,14.6641,7.15218,2.45269,4.21408,0.919,10,0.494627,1.02351,1.83402,398.892,50.2121,16.7487,22.6039,0.910264,28.9505,17.5546,4.12434,6.34266,1.44944,14,0.471847,1.37991,4.00731,284.172,32.4982,16.6141,22.1602,1.23639,23.3101,14.4922,3.32741,4.79267,1.47402,14,0.540081,1.10962,2.43279,352.734,44.5792,19.86,21.2413,2.81734,27.2286,17.0691,4.72916,8.44672,6.03731,16,0.557259,1.34618,3.22509,208.082,34.8379,11.3805,16.6227,2.55697,16.1806,9.66225,2.5204,5.26514,4.03423,10,0.450572,0.993042,2.2694,235.291,26.2057,11.8455,14.2461,2.15459,19.0783,10.5158,2.8674,4.97245,3.24396,10,0.575294,1.42125,2.93584,141.598,20.5042,9.63623,24.099,5.37723,10.9657,5.73398,1.87652,5.4286,5.24166,8,0.544778,1.17295,2.40068,365.447,35.3542,27.0823,44.1779,2.38833,26.2588,12.2321,4.86613,12.0024,5.96036,18,0.457806,1.1321,3.11218,966.206,132.919,60.0791,102.292,36.2655,63.8423,30.7547,9.26356,24.9261,12.9937,15,0.658546,1.67195,7.95752,455.558,40.7836,66.9318,104.695,57.195,35.7815,16.5615,7.58548,17.5462,12.3156,17,0.427316,1.14181,3.08645,906.849,69.5943,27.0554,18.0699,1.90742,50.0418,24.378,6.87499,7.47759,4.34957,12,0.516299,1.46163,8.8189,362.495,48.7292,65.9258,297.946,161.334,29.0276,16.3691,6.44751,27.9807,20.5684,14,0.516415,1.17936,2.63414,525.045,85.9241,73.2366,245.202,136.252,38.8637,19.9332,8.27641,32.3043,17.1366,16,0.540931,1.04261,3.5587,497.391,54.5635,27.5355,25.2336,1.21036,36.3635,19.7304,5.60442,10.437,1.4936,22,0.481653,1.18011,2.37084,508.341,80.9383,31.2038,84.9725,2.75095,42.5188,25.2837,6.24178,17.0561,4.36182,19,0.500604,1.59765,3.9364
gr00t_wbc_h074_p000,3836,complete,90,18,9.51641,2.83954,0.00696277,0.0108802,270.28,23.9315,13.6515,14.5401,1.0366,25.9092,11.8772,4.21511,6.3168,1.30703,16,0.478277,1.01259,1.54173,175.737,18.2236,6.06639,9.12282,1.32899,15.4172,8.55321,2.49086,5.30279,2.96574,10,0.412229,1.19399,2.18049,202.802,19.6193,11.0155,54.3133,5.30702,17.3222,9.82704,2.93525,11.3176,5.60225,9,0.652342,1.36703,2.85498,260.584,31.8909,8.92398,20.2896,1.63157,21.4761,13.5123,3.35762,8.65956,3.04409,12,0.539961,1.24333,2.50753,105.242,11.8779,5.7469,13.2468,1.60175,8.39065,5.49171,1.31981,2.82236,1.36751,7,0.472015,0.988525,1.62647,398.722,37.4079,17.7406,22.4498,1.96575,32.6259,17.2787,5.41006,5.80995,1.7361,18,0.606367,1.37924,3.30889,275.22,25.8264,11.4987,13.2436,1.28801,22.296,11.276,3.70804,5.2764,1.2553,13,0.579056,1.26066,2.55297,383.274,51.8415,20.7784,44.2613,2.50124,33.9456,17.729,5.71344,11.9702,4.27521,24,0.526365,1.00815,1.77486,197.696,20.0971,9.79543,56.1142,52.4883,17.7179,9.5651,3.24736,10.2166,10.8738,12,0.470832,1.01803,1.84632,369.968,42.0475,16.7554,19.678,1.36317,25.4439,12.7467,4.22696,6.59541,1.04092,16,0.582898,1.34132,2.89799,243.105,20.7967,15.1456,31.3169,3.59018,18.3745,8.38394,3.32383,9.2271,4.21694,10,0.491782,1.33182,2.49187,231.928,25.4064,11.8514,18.5651,1.62222,20.2447,10.0523,3.45845,6.6588,1.41957,11,0.521117,1.28988,2.14386,1070.66,244.07,45.0687,39.9193,0.84935,66.0288,47.3267,8.69409,14.0032,1.84905,25,0.599114,1.08122,4.06722,468.943,47.4469,25.5109,22.5911,1.55611,34.5518,18.4004,5.3238,9.69237,1.19819,14,0.598117,1.72228,4.64026,556.649,67.64,40.1183,208.163,2.76799,37.9747,22.2173,6.29031,25.6808,3.79079,15,0.486937,1.59707,4.79696,208.446,18.1085,11.9605,24.1024,1.15302,17.6786,9.16353,2.89255,5.43588,1.10991,12,0.532029,1.08828,1.67486,1059.62,236.359,83.8589,264.147,20.9799,67.1314,45.7252,9.91637,29.7992,7.89058,20,0.549184,1.35548,5.48922,418.814,50.1096,16.7883,28.8224,1.47132,30.8544,17.4321,4.42929,7.5915,1.30596,12,0.721279,2.01941,4.8056
gr00t_wbc_h074_p000,3837,fell,85.84,18,12.392,8.49273,0.93476,2.39652,257.655,30.3742,14.6544,18.5423,1.36671,23.5431,13.3222,3.94854,6.13618,2.41249,19,0.426473,0.960141,1.80247,199.04,18.2926,11.2198,17.542,1.66673,17.368,9.12467,2.78533,4.96321,0.927248,11,0.47173,1.07002,1.67568,238.346,25.1085,18.4592,43.1744,2.71871,19.9409,10.9179,3.63423,9.16772,2.61772,16,0.421778,0.94974,1.36238,161.309,19.6443,15.8507,73.0659,2.32274,11.9477,7.2236,2.21604,9.40673,2.97909,6,0.563241,1.28919,2.10991,288.924,52.2799,17.1122,16.6382,1.63437,24.9124,15.9561,4.03503,6.9253,2.77858,14,0.544025,1.28834,2.94094,96.9934,8.87859,6.90491,10.7607,1.24513,7.77851,5.14906,1.47445,3.01471,1.71801,6,0.514626,1.1539,1.54331,291.042,27.0489,22.0844,28.7663,2.16566,25.0078,14.7278,4.39497,8.50541,3.69716,16,0.501175,1.09147,1.72794,381.653,47.5294,27.3324,103.954,5.9659,26.4793,15.5071,5.15226,14.5494,7.73476,11,0.520047,1.76761,4.94446,326.858,39.9016,31.3452,136.319,22.9624,28.6318,15.2914,5.43829,15.4053,11.8487,16,0.509726,1.15101,2.11828,299.81,32.2346,12.4075,18.2944,1.69559,21.6997,15.0309,3.47234,4.22797,1.26883,12,0.516095,1.3285,3.54528,193.594,19.6775,9.82368,12.318,1.7025,14.9883,10.2382,2.48012,3.46571,1.39938,10,0.512902,1.1822,2.46025,741.616,68.8296,24.7134,20.9112,1.32639,42.2243,20.0334,6.20784,8.73568,2.78221,9,0.350891,1.85229,9.03802,298.978,27.315,16.4754,11.3663,1.77188,23.1485,15.4572,4.18473,6.80765,3.10229,15,0.533588,1.17292,2.19146,430.667,63.0213,20.8478,35.4892,2.45918,34.1931,21.5238,5.84955,14.1558,4.79956,19,0.635082,1.26999,2.77965,796.005,67.8728,36.2799,31.1697,7.1479,44.573,23.4505,6.24246,11.5293,7.40373,18,0.475812,1.42719,4.41131,644.238,83.7466,33.7238,27.8961,1.47662,41.4712,26.3686,6.36759,9.47353,3.91071,20,0.517969,1.21835,3.12817,1158.9,113.541,65.1429,38.1574,3.44231,49.3616,27.5423,8.11927,9.78795,2.49969,14,0.464027,1.50697,8.30934,2402.66,289.424,175.51,34.7678,37.4442,69.451,33.9207,10.8577,14.7735,10.9167,1,0.0372314,0.522935,0.52887
gr00t_wbc_h074_p000,3838,complete,90,18,9.62709,3.29553,0.212994,0.151466,228.017,35.011,10.4715,15.5961,1.99818,19.983,13.7539,2.93992,4.71878,1.01846,10,0.366292,1.14775,2.44956,420.789,60.8366,19.5045,41.7056,2.32795,33.8381,17.5831,5.0525,10.6303,2.27609,15,0.685678,1.27154,2.83817,235.889,21.9555,11.1188,17.5704,1.53045,18.4048,10.0559,3.09387,5.98915,1.55289,10,0.664182,1.38765,2.73458,201.938,27.3434,13.3134,18.3565,2.38039,18.1987,10.9516,3.3512,7.41228,2.32011,13,0.542537,1.15774,2.26494,207.725,18.1313,10.3725,9.39384,1.47448,19.6537,10.5224,3.35022,5.43328,1.64096,12,0.58179,1.24006,2.34674,426.086,50.8495,18.1329,31.9462,4.56847,30.2192,16.2085,4.59832,10.7588,4.36442,13,0.579961,1.66096,4.40337,188.533,16.87,7.8338,12.6984,1.33562,14.2616,7.73321,2.83312,8.36939,3.57506,11,0.504278,1.12005,2.41133,214.864,20.8456,11.155,17.727,1.22902,18.1795,8.7228,3.19786,4.59407,1.14173,10,0.537859,1.38068,2.6371,207.348,22.5809,18.3768,84.7243,3.02203,18.0822,9.58623,3.38561,13.2585,3.05563,7,0.550837,1.31537,3.98072,399.582,34.1027,25.1791,18.4803,1.40023,30.8977,15.9128,5.43322,11.3267,2.98812,18,0.466984,1.30747,2.69268,436.816,42.2489,23.5369,14.2441,2.15928,30.4452,14.5402,5.40829,7.15768,4.17472,19,0.459404,1.19277,2.34107,409.002,52.438,16.7478,16.9343,1.5742,33.0929,17.8321,4.66896,3.9687,3.0529,23,0.454902,0.987027,1.61081,246.548,25.3506,10.8887,39.8372,2.33398,19.7737,10.0577,3.28375,9.74984,5.4903,10,0.530058,1.3925,3.80124,380.456,47.9036,19.4516,16.7865,2.39963,35.7209,22.8858,6.32336,8.0586,3.77456,27,0.452501,0.982691,1.82699,249.699,23.6884,12.062,9.29587,1.1194,18.8784,11.3464,3.11559,2.62551,1.97546,14,0.49767,1.07635,1.84965,387.577,45.2375,15.6698,14.7418,2.02716,27.7209,15.7177,4.1269,5.1322,3.0792,15,0.466723,1.14979,2.8426,235.359,24.274,11.1552,12.8852,1.22238,17.5058,11.9789,2.57896,3.46067,1.76931,10,0.475412,1.16727,3.61763,740.75,79.9026,37.8059,21.8089,1.95041,47.5802,25.2147,7.63214,11.2485,2.99545,24,0.429225,1.41695,4.26407
gr00t_wbc_h074_p000,3839,fell,55.7,12,7.4464,13.1665,2.56034,1.95686,202.774,21.0647,8.58843,9.61503,1.39403,17.6338,10.6509,2.78098,4.54785,1.84096,13,0.400683,0.851414,1.36129,304.726,28.3587,13.778,14.026,1.4749,23.1068,13.382,3.48276,5.74002,1.1999,11,0.589283,1.39879,3.39124,252.985,21.2754,12.9847,14.872,3.25526,23.0801,11.7149,3.64409,6.1179,2.51972,16,0.530244,1.05522,1.81226,236.115,22.1298,6.87376,11.3263,6.3745,16.9075,8.62519,2.40972,4.88647,5.85737,11,0.591002,1.25294,2.41318,224.529,23.2485,9.36889,9.83971,1.7884,16.7064,9.58404,3.11099,4.65657,1.75559,12,0.494815,1.08011,1.75732,849.301,92.5902,54.4937,222.602,4.54425,60.3959,31.7959,8.88317,30.7039,6.43146,22,0.630489,1.33593,4.77775,349.189,39.6514,17.1237,14.3036,1.60132,26.6601,14.3188,4.20921,5.92015,1.91328,15,0.504017,1.20861,2.69133,239.513,23.4529,11.6269,11.352,1.47621,18.9756,10.9813,3.27325,4.29109,1.97144,12,0.500316,1.20324,2.50467,81.2466,9.87466,7.71826,12.76,1.46681,7.86158,2.93238,1.7411,2.76345,1.91991,3,0.848794,1.63835,4.09551,203.81,17.6601,19.67,21.4588,1.45092,15.6033,9.48943,2.97011,4.59765,2.42396,11,0.484449,1.2212,1.94176,254.448,48.854,28.0161,22.6045,1.16438,20.036,11.8068,4.21382,4.53396,2.40663,18,0.39266,0.943624,1.98375,1806.91,327.819,170.23,198.409,81.3523,51.6788,34.9439,12.5099,29.9575,16.0972,2,0.471584,1.0262,1.05885,,,,,,,,,,,,,,,,,,,,,,,,,,,,,,,,,,,,,,,,,,,,,,,,,,,,,,,,,,,,,,,,,,,,,,,,,,,,,,,,,,,,
gr00t_wbc_h074_p000,3840,complete,90,18,12.7571,3.16456,0.233482,0.244151,227.144,20.0453,11.8629,19.2845,1.02832,20.9314,10.6232,3.49982,5.83267,1.1465,14,0.467267,0.98216,1.42452,226.914,21.4915,10.7911,16.0475,1.22606,18.2072,11.5364,2.84386,4.88755,0.973294,12,0.481094,1.03264,1.71204,286.877,24.5164,12.5861,10.9829,1.9103,24.8933,14.2947,4.12751,6.57789,1.79581,17,0.462279,1.11258,1.94457,146.383,13.1252,11.2473,24.6327,3.86304,12.6631,7.81477,2.32792,4.99308,3.1701,10,0.435793,0.943026,1.31188,272.232,22.8993,15.2189,26.2869,4.24321,22.5432,11.8065,4.15845,6.14868,2.21602,14,0.544366,1.32334,2.12221,238.426,17.3418,12.0758,17.5288,2.06761,19.7299,10.574,3.41189,6.61795,2.95107,13,0.507101,1.26778,1.84988,203.062,17.6128,12.4627,11.9158,2.19407,17.0984,9.18459,2.9469,6.6687,3.75764,10,0.572135,1.29033,2.03749,50.9357,5.24883,3.57953,13.62,1.37162,5.4092,2.37464,1.0341,3.13676,1.65157,2,0.453396,0.991974,1.56541,323.484,35.5484,17.8933,65.841,9.09675,27.4971,15.2764,4.81687,16.4415,6.36524,16,0.598933,1.32935,2.67201,312.066,26.2406,17.1612,19.7834,4.62575,27.1702,16.5684,4.43848,9.47975,6.66041,20,0.462406,1.11794,1.66683,423.906,36.8851,12.9695,14.8544,6.91035,28.9747,17.4,3.91868,6.89623,6.04437,12,0.460243,1.27646,4.18524,221.8,20.1255,15.1321,17.4676,1.05712,19.1481,10.4749,2.89445,5.43831,2.04451,8,0.524821,1.3433,3.95112,204.269,21.1601,12.4824,39.3023,1.72581,17.4181,10.5423,3.06251,9.64008,2.11252,11,0.480852,1.2243,2.27323,283.521,21.8075,17.4147,23.8451,1.47493,25.9627,11.8175,4.46995,8.60746,4.2203,16,0.551373,1.20016,2.17338,343.203,29.1441,58.0753,215.289,29.7523,29.4098,13.5903,6.80682,22.8772,11.8629,15,0.468861,1.28557,2.57207,1144.7,168.804,101.617,41.6131,1.75612,56.133,29.0781,8.93679,9.21008,2.49781,13,0.565345,1.10148,6.2282,200.429,32.3429,9.81921,9.45477,1.21839,15.7071,9.56472,2.44113,5.95777,2.44149,8,0.673913,1.20461,2.73171,870.649,88.2827,41.7833,235.232,6.69497,55.8919,31.0366,9.08427,29.9823,9.86387,24,0.473678,1.57478,5.5852
gr00t_wbc_h074_p000,3841,fell,51.6,11,32.1554,3.00097,3.25843,3.98677,236.029,24.5445,10.3168,15.3594,1.65745,20.3684,10.3083,3.11192,4.89281,1.21271,13,0.437689,0.979599,1.52605,260.096,30.5592,13.5124,17.6754,1.29359,21.0558,12.12,3.26983,6.16022,1.25856,14,0.492875,1.15924,1.99639,103.745,12.9256,5.41194,11.324,0.728493,10.0053,5.93436,1.64625,3.26441,0.703525,7,0.366814,1.05491,1.61941,215.896,20.7478,13.5683,20.9503,1.7591,18.2088,14.1058,3.30206,4.52946,0.779159,14,0.495492,1.10281,1.7471,169.26,28.4922,9.9218,14.7495,1.29294,14.0855,8.16711,2.77886,5.10436,1.03543,8,0.601139,1.41332,2.57161,145.176,14.0761,7.24774,12.4129,1.20031,12.7077,8.31029,1.97595,3.6995,1.17073,9,0.453525,1.12451,1.86386,418.899,36.9787,15.9595,14.5346,1.50568,25.0993,12.4461,4.21266,4.24139,1.71196,14,0.422479,1.36854,3.5521,240.26,23.6439,12.5056,18.4929,3.01128,21.8731,12.2103,3.38196,7.05381,3.69863,10,0.608233,1.34174,4.16149,324.064,62.1195,16.2393,18.056,3.04556,26.8146,17.6725,4.38333,7.82268,4.57044,14,0.685601,1.2739,2.72494,366.641,51.5356,18.4095,19.4687,0.983782,28.222,17.5433,4.3553,7.76375,1.50638,15,0.648146,1.28498,2.88554,3430.29,172.262,89.9799,140.506,21.236,120.608,54.2126,14.9834,30.239,7.28681,5,0.178627,2.40644,54.8451,,,,,,,,,,,,,,,,,,,,,,,,,,,,,,,,,,,,,,,,,,,,,,,,,,,,,,,,,,,,,,,,,,,,,,,,,,,,,,,,,,,,,,,,,,,,,,,,,,
gr00t_wbc_h074_p000,3842,fell,45.52,10,15.9054,10.9844,2.50524,3.81108,112.151,22.1428,5.8513,14.3036,1.98775,10.8524,6.54896,1.74634,3.25539,1.25281,8,0.256641,0.644523,1.00821,214.368,16.9809,9.88104,18.4124,1.43981,17.5852,9.37945,3.1148,5.92029,1.30252,12,0.471902,1.08451,2.04529,335.882,27.5077,18.4209,25.4899,1.02193,26.9874,14.3495,4.89243,7.24722,1.20423,19,0.486228,1.18063,1.9261,263.669,30.4,24.1105,21.635,1.27789,20.8505,13.4381,3.55472,6.09201,1.24557,19,0.406237,1.03478,1.08547,162.083,17.0989,24.759,67.5709,2.09684,12.5117,6.73221,2.29321,8.73928,2.17022,7,0.581178,1.2885,3.05884,285.062,44.6323,22.216,20.7376,0.727591,25.0573,13.768,4.02508,8.84637,1.50795,12,0.567197,1.4066,2.73647,370.402,36.5056,28.2312,19.0901,0.719173,25.663,13.1403,3.97343,7.57838,1.46644,11,0.486678,1.21351,3.03879,280.296,37.4074,23.093,12.0285,0.681036,26.6166,13.892,4.37191,7.51539,1.78032,21,0.416392,1.00484,1.34291,498.127,50.3476,29.4752,14.3782,1.01349,34.7934,19.2514,5.28133,8.38815,1.38097,18,0.389167,1.40629,3.27633,1894.52,21.4687,48.918,10.6936,0.245175,40.4477,9.80671,5.09282,7.67157,1.05226,1,0.522072,1.18894,2.97647,,,,,,,,,,,,,,,,,,,,,,,,,,,,,,,,,,,,,,,,,,,,,,,,,,,,,,,,,,,,,,,,,,,,,,,,,,,,,,,,,,,,,,,,,,,,,,,,,,,,,,,,,,,,,,,,
gr00t_wbc_h074_p000,3843,complete,90,18,25.6921,3.0613,0.00897412,0.00860678,238.006,19.099,10.9133,13.2654,1.33941,21.1763,11.53,3.52577,6.36266,3.04894,15,0.43708,0.985824,1.58228,225.476,23.8961,10.7208,19.4437,1.64146,16.479,9.2525,2.56374,4.78184,1.22801,10,0.509127,1.0976,1.37701,215.894,27.9987,9.35197,17.7941,1.14042,14.9673,7.58829,2.09509,4.48164,0.955294,12,0.649679,0.833589,1.70751,153.054,11.0411,7.88144,11.8215,1.50079,13.2143,6.59735,2.33263,4.27457,1.24565,11,0.429183,0.920796,1.47452,131.448,11.0567,5.73964,17.0634,1.80539,11.0604,4.79213,2.08727,4.343,1.78995,7,0.464031,1.14625,1.91548,378.284,37.6477,21.21,65.3364,27.8891,26.6293,13.3643,4.23142,12.4779,7.41846,12,0.454349,1.48935,4.7762,314.473,31.8359,12.1982,16.8218,1.16552,22.2116,10.8003,3.37377,5.69894,1.13703,12,0.63218,1.24519,2.64821,171.651,17.3479,9.28325,17.2384,0.955029,14.5171,8.58664,2.21727,4.22756,0.852105,10,0.469867,1.02198,1.53876,281.594,27.4146,13.7269,40.9283,3.06239,23.3765,14.2974,4.26893,11.2205,3.83932,17,0.461233,0.996807,2.20568,299.656,22.1122,15.2663,16.3391,1.39038,28.265,15.2103,4.68904,7.20305,1.3542,18,0.494803,1.08022,2.06185,1823.73,480.002,108.152,186.124,80.3443,107.37,86.5035,17.2024,39.8355,12.0196,20,0.620965,1.40967,11.9685,573.366,53.5874,33.0737,19.079,1.91177,39.1226,21.6343,6.50745,8.77237,2.27983,23,0.518189,1.21274,3.12034,615.527,49.7504,22.9355,20.304,1.44572,43.9478,22.7186,6.71622,7.66921,2.15311,20,0.449701,1.5043,4.05338,1539.41,212.992,68.3457,25.7141,2.8148,78.5413,38.6951,11.402,17.9586,4.49477,20,0.574218,1.36768,10.0801,242.789,25.547,11.5468,12.0324,1.30753,22.3528,14.1619,3.44403,7.13473,2.00316,15,0.503666,1.00365,1.82005,377.311,39.826,15.1834,11.0096,1.29361,29.2641,15.4443,4.20366,5.59345,1.70816,14,0.548607,1.44881,3.89325,234.852,49.8252,13.1841,13.7421,1.41829,17.48,10.3595,3.16138,6.23911,2.45457,11,0.769092,1.06909,2.34448,245.984,20.5883,25.3941,36.0046,54.086,23.0271,12.1463,4.36214,10.065,11.1117,14,0.511494,1.29015,2.03588
gr00t_wbc_h074_p000,3844,fell,41.06,9,24.3256,20.9974,2.26468,2.86778,133.944,19.6968,9.90539,18.5033,1.54427,14.588,9.90324,2.36874,4.2658,1.35128,11,0.379405,0.88102,1.37988,116.948,12.0178,8.45569,17.2281,1.76047,11.1297,6.49757,1.80148,3.34225,0.81117,8,0.453802,0.995069,1.72787,135.6,11.9295,7.72115,16.5495,1.93544,10.3451,7.46563,1.64688,3.30057,1.1471,7,0.501574,1.15828,2.0516,279.186,32.8337,11.6431,15.1888,2.76766,21.3755,12.65,3.57697,5.71783,2.27319,12,0.61041,1.45128,3.04688,318.618,36.2244,15.5863,19.0486,2.50227,25.02,12.9775,4.22129,6.87491,2.1694,15,0.584588,1.30359,3.13488,152.261,19.8876,10.5452,20.7117,2.54847,12.376,7.42581,2.35744,4.69924,1.56414,8,0.39998,1.02266,1.80849,204.588,17.7583,12.2459,28.7697,1.54504,15.836,8.55286,2.80974,8.50696,3.01939,9,0.481325,1.2281,2.75361,125.781,13.7177,8.16183,18.9612,0.625954,10.4543,6.23806,1.53636,3.73202,0.724588,6,0.582946,1.2826,2.03149,1439.08,70.4527,44.2022,58.381,1.12048,55.6431,17.2727,7.24632,17.5916,3.09289,3,0.385941,0.662562,1.57298,,,,,,,,,,,,,,,,,,,,,,,,,,,,,,,,,,,,,,,,,,,,,,,,,,,,,,,,,,,,,,,,,,,,,,,,,,,,,,,,,,,,,,,,,,,,,,,,,,,,,,,,,,,,,,,,,,,,,,,,,,,,,,
gr00t_wbc_h074_p000,3845,fell,56.7,12,25.3738,8.72103,3.28112,3.21292,248.931,20.0103,12.1553,13.8583,1.70861,24.1323,11.5504,4.1336,7.44193,3.36732,16,0.451491,0.983293,1.78682,383.067,40.731,19.2336,17.9412,1.55773,30.8124,16.8955,4.84578,7.75098,2.57,16,0.551437,1.33234,2.86423,238.722,23.6487,12.1708,18.6538,1.54791,20.8852,9.95902,3.4627,4.10589,0.977339,12,0.569329,1.33313,2.68307,152.693,14.754,10.8458,17.7947,0.847223,13.9996,7.42928,2.48978,4.87422,1.47274,8,0.516863,1.24744,2.16815,201.404,27.1832,10.9079,17.5746,1.42622,15.2685,8.44357,2.11071,3.57964,1.08239,7,0.697274,1.44021,3.0125,298.954,34.6223,19.5095,20.2587,1.36082,25.4672,15.5373,3.99294,6.97927,1.43025,13,0.610444,1.41793,2.89011,338.565,35.4921,16.8271,16.8423,1.33849,28.0756,14.5291,4.7043,7.04884,2.36777,14,0.617558,1.50699,3.253,176.852,15.8463,17.0898,33.0901,4.0853,14.3848,9.58821,3.15592,8.02622,4.85867,9,0.531925,1.1961,2.20179,580.823,51.6882,57.0933,172.047,17.9541,39.9543,22.5475,8.06182,21.6489,11.7798,19,0.481606,1.3125,2.98421,314.918,29.8876,19.3903,39.1414,6.75131,23.3428,12.3671,4.19769,12.2186,5.705,11,0.435829,1.37367,4.36065,231.036,57.4226,27.1927,29.477,7.00923,19.7338,14.1305,3.6314,9.93404,6.21278,10,0.563621,1.60646,2.88723,2964,480.45,121.161,64.8185,153.762,118.409,65.8316,17.0514,28.2081,16.7059,5,0.663101,1.26096,17.4916,,,,,,,,,,,,,,,,,,,,,,,,,,,,,,,,,,,,,,,,,,,,,,,,,,,,,,,,,,,,,,,,,,,,,,,,,,,,,,,,,,,,
gr00t_wbc_h074_p000,3846,fell,35.72,8,18.1418,9.08819,0.543017,1.93806,252.216,20.7101,13.9836,17.7978,1.33255,22.7652,13.0909,4.12736,6.10034,2.10319,14,0.488124,1.06117,2.02197,171.222,15.7268,9.59227,15.4765,1.28006,15.283,9.84638,2.59105,4.82039,1.96282,12,0.429543,0.930668,1.67761,183.489,21.7516,11.7267,22.2158,1.29124,15.1314,8.36523,2.65236,3.41017,0.846356,9,0.548604,1.35791,2.54942,226.632,20.5421,17.195,26.3828,3.21772,18.7596,9.4777,3.29783,6.92885,4.57103,11,0.563989,1.19758,2.37829,111.834,16.9795,19.2417,28.3654,5.44794,9.61046,5.67919,2.09872,4.56117,3.10075,7,0.443871,1.01944,1.46554,130.193,14.1368,9.54478,9.91788,1.77142,10.5402,6.18698,2.13877,3.78695,2.99622,8,0.537704,1.14086,1.79154,286.892,69.7059,16.2453,11.5529,2.33795,22.0119,14.7787,4.17283,6.92952,4.38481,10,0.648329,1.57208,3.4508,1522.52,86.3705,59.7744,12.5716,1.37439,36.884,15.3494,7.21855,9.83552,5.92104,4,0.258263,0.974962,1.16478,,,,,,,,,,,,,,,,,,,,,,,,,,,,,,,,,,,,,,,,,,,,,,,,,,,,,,,,,,,,,,,,,,,,,,,,,,,,,,,,,,,,,,,,,,,,,,,,,,,,,,,,,,,,,,,,,,,,,,,,,,,,,,,,,,,,,,,,,,,,
gr00t_wbc_h074_p000,3847,complete,90,18,9.74382,2.69583,0.267572,0.265644,108.876,20.0773,6.10127,21.5525,2.2308,10.2867,6.44654,1.93378,6.15972,3.34124,10,0.311627,0.769842,1.38142,234.645,21.2282,10.0371,12.6429,2.08689,18.2216,10.2771,3.14739,5.35465,2.08467,11,0.55554,1.24681,2.23634,220.98,26.1689,8.62252,8.55302,1.67455,17.2503,11.1393,2.50548,4.29163,2.42365,11,0.388415,1.01376,1.79322,185.16,16.8022,9.38454,13.3335,1.74365,15.2483,8.70021,2.67732,5.15269,3.1407,11,0.52132,1.03101,1.74723,257.414,30.5444,29.5638,79.5867,6.77389,21.0255,12.1255,4.11425,13.8075,6.23526,12,0.602684,1.28564,2.55841,444.021,41.7365,27.5925,19.1026,3.40965,29.832,16.012,4.59596,8.07689,4.70545,19,0.450683,1.15957,2.55879,371.716,36.3531,35.3499,95.4316,10.5757,31.9444,15.0136,5.60958,17.4168,8.87885,20,0.493785,1.07614,2.13254,280.587,62.0011,19.1113,29.156,1.30438,21.4575,14.5066,3.67765,6.25229,2.3703,13,0.602658,1.26753,2.45735,297.141,31.0463,13.3351,21.9323,1.20381,22.2103,10.2969,3.85505,4.5389,1.74918,13,0.582894,1.36698,2.75479,449.448,80.6181,28.4583,34.0988,1.47134,32.569,22.0231,5.21733,9.27932,3.24574,14,0.565204,1.36618,3.68226,707.134,72.2765,31.7508,38.8983,0.695122,46.7779,24.079,6.61775,10.0564,1.72832,25,0.446202,1.38022,4.04091,279.552,30.1367,13.6502,18.7485,1.20333,21.2448,10.9288,3.7126,5.4838,2.36474,11,0.6013,1.51263,3.01837,171.826,36.5003,17.6834,22.304,0.761375,12.8585,7.812,2.60913,4.58098,1.09118,8,0.557826,1.16721,1.6973,526.822,50.0622,42.8416,260.986,62.1502,39.732,20.3206,7.74353,27.9821,17.2871,17,0.579556,1.52026,3.76651,329.437,42.9634,14.8772,25.6112,9.78139,25.8233,14.9843,3.67107,6.72629,4.6874,14,0.591877,1.22706,2.22073,349.163,37.1235,37.9122,118.939,11.8881,30.4023,13.4852,5.90388,18.0727,7.32688,16,0.453282,1.34676,2.59386,271.79,30.0617,19.0272,16.7924,0.955757,19.491,10.4861,3.1184,6.20172,1.25102,8,0.485031,1.29249,2.72712,894.581,82.1824,37.33,18.1785,1.4585,56.4612,26.203,8.06193,12.8863,3.95188,26,0.560152,1.34046,4.48703
gr00t_wbc_h074_p000,3848,fell,56.04,12,13.5568,5.91854,2.24277,2.78045,275.216,34.4696,12.2543,11.3716,1.58571,23.067,14.0669,3.46072,7.60414,2.01396,17,0.472516,0.871892,1.58518,250.563,32.6562,8.65322,7.47707,1.81973,19.4361,9.97766,3.35985,3.9795,1.70093,10,0.610932,1.72386,3.85099,178.013,15.1057,14.7986,39.8977,2.32569,15.3134,8.07063,2.74721,9.1424,2.5981,10,0.508952,1.07023,1.63871,275.84,39.3316,11.4182,14.7824,2.08984,24.0836,14.5925,3.45521,3.8658,2.06138,14,0.544389,1.16818,2.53107,531.057,58.6494,19.4991,6.51339,1.5238,27.4282,12.1529,3.81708,2.4963,2.1196,9,0.802994,1.32646,4.4777,301.047,32.3116,14.2105,9.34347,1.62512,25.8872,13.9945,3.68463,3.70326,2.64833,15,0.553291,1.15219,2.03458,324.635,31.8711,12.0832,8.68315,2.72642,24.9392,14.5075,3.60673,4.33514,5.12859,16,0.535249,1.10065,1.93436,209.983,16.3739,9.35655,14.5354,4.57291,21.2905,11.3678,3.22293,4.43741,5.40316,15,0.441587,0.938507,1.62433,373.842,28.9962,17.0616,26.6234,14.4759,30.7143,14.4665,4.80575,6.27975,7.35039,20,0.477048,1.15606,2.13529,380.549,33.919,17.8799,54.0846,18.6711,28.2665,16.0504,3.69307,8.65904,9.22782,13,0.486935,1.26425,3.56704,137.791,16.7566,13.0255,22.0374,6.0452,11.5909,5.69432,1.82172,0.771453,2.13459,7,0.515905,0.99978,1.67807,2419.89,103.92,102.458,28.4619,22.8674,72.8636,27.5599,8.43768,4.5478,7.41466,1,0.0175476,0.568059,0.274567,,,,,,,,,,,,,,,,,,,,,,,,,,,,,,,,,,,,,,,,,,,,,,,,,,,,,,,,,,,,,,,,,,,,,,,,,,,,,,,,,,,,
gr00t_wbc_h074_p000,3849,complete,90,18,7.78299,2.33287,0.0142608,0.0188433,106.913,12.5839,6.56671,9.79944,1.47161,12.5043,7.46671,2.30452,3.55853,0.944086,9,0.350675,0.935095,1.46029,241.089,18.3388,12.2113,12.3849,1.28334,19.9011,11.4564,3.3622,5.50725,0.948931,12,0.593557,1.17701,2.11436,202.099,18.1495,9.27686,10.4747,0.928168,18.7544,9.99428,3.04906,5.51515,1.59348,15,0.485065,0.888347,1.66589,227.533,25.4881,9.24066,10.3723,1.48671,18.0092,11.8007,2.86365,3.97592,2.50879,12,0.48823,1.17734,2.03748,226.745,26.1301,9.03921,8.51235,2.61454,17.0922,11.9612,2.94102,3.77852,2.94109,18,0.317518,0.881927,1.31704,130.93,19.3448,7.3652,10.4181,1.30004,10.4291,7.72965,1.83206,4.52117,1.18357,8,0.457016,1.07925,1.85188,441.536,78.7441,33.9367,87.4375,2.29986,36.0841,23.4371,6.34018,18.0508,2.81192,23,0.432383,1.01219,1.93067,177.103,12.3728,17.6497,57.4586,24.2951,16.6035,8.7823,3.49372,15.8549,8.23867,10,0.479588,1.28281,2.30573,236.204,19.1239,17.4134,75.1921,1.49146,20.2312,10.5017,4.1664,14.7129,2.37013,12,0.412175,1.37351,2.73295,227.257,23.2501,10.7203,16.4088,2.4589,17.1791,11.1429,3.01048,4.94649,1.25075,11,0.481831,1.23066,1.97645,331.216,29.8585,17.6885,17.6128,1.75139,25.3835,13.6278,4.6708,5.42653,1.53719,18,0.488142,1.15734,2.54494,379.564,44.3911,14.5715,15.597,1.70457,28.063,14.7789,4.39658,5.52135,1.81043,11,0.461737,1.49444,4.59722,387.229,38.1908,17.9942,9.84055,1.95889,27.9469,14.9861,5.39228,8.68541,4.0657,13,0.565947,1.57304,5.11126,177.091,31.4879,8.64151,15.1422,2.32674,12.0052,7.1077,1.92313,3.38063,1.1544,6,0.662946,1.29964,1.87748,352.938,30.5857,22.6822,48.7527,3.77003,27.4868,13.2873,4.73823,14.1627,8.68685,20,0.456031,0.995246,2.0688,219.047,25.7472,12.4837,13.7886,1.71004,19.1853,11.764,3.31405,6.15063,1.95006,14,0.538023,1.10865,2.14687,272.645,26.6214,10.5713,42.1577,1.41758,19.6159,8.73837,3.64545,12.3828,2.85401,14,0.485183,1.19487,3.46184,152.069,16.2401,11.2336,32.0625,2.21505,14.047,8.84267,2.18046,8.03545,2.33459,10,0.464825,0.94965,1.9201
gr00t_wbc_h074_p000,3850,complete,90,18,7.03893,2.85947,0.0206203,0.0250662,82.3152,10.0057,3.89614,16.887,1.5828,9.19202,5.31743,1.40141,3.15755,0.845884,6,0.386026,0.862738,1.74547,218.304,21.2849,14.4412,22.1026,1.58779,18.2511,10.431,2.97605,7.41976,2.22458,13,0.506045,1.04467,1.89278,263.245,30.1326,9.03,12.2083,2.34568,19.4668,10.342,3.06126,3.38271,2.38985,9,0.566919,1.49748,3.06095,309.998,35.0977,12.0817,13.8988,8.88706,23.0012,11.4827,2.90411,2.7466,3.87923,11,0.639467,1.2872,2.61552,145.076,18.4541,8.26566,16.8306,9.33013,12.4787,5.95909,2.113,1.75119,2.26819,8,0.454482,1.08373,2.20603,152.323,17.9781,6.96848,11.0495,3.1107,13.8268,8.50182,2.45739,3.23407,3.48634,7,0.63674,1.38449,3.2136,180.278,22.4346,7.40307,15.2146,2.66314,14.723,9.34537,2.45072,4.74697,2.21569,8,0.558168,1.25316,2.97314,533.351,54.0845,21.3619,15.2224,1.79318,39.246,22.6249,5.32514,10.4647,1.849,20,0.480417,1.16663,3.4453,599.22,70.7651,26.9281,13.8964,1.09858,39.4915,23.3927,6.71959,12.0774,1.68689,21,0.430888,1.51318,4.19123,239.141,22.1476,10.1358,12.9035,1.10783,19.9093,10.8255,3.71279,5.5268,1.38388,12,0.585192,1.3592,2.64794,217.414,21.9312,12.191,15.2904,0.893562,17.0068,11.3321,3.26627,7.06738,1.55085,14,0.444202,0.968535,1.87158,527.041,119.205,31.8872,18.799,1.25185,40.2623,28.2848,6.6753,8.90387,2.41207,17,0.581428,1.31713,3.55392,258.615,39.9396,16.6593,12.8984,1.40337,19.6941,15.0843,3.07546,3.45676,1.55951,11,0.582732,1.25066,2.57238,282.921,29.7711,29.7964,156.407,55.2207,23.8503,13.56,4.66952,18.2736,10.0251,12,0.532905,1.30731,2.63475,163.632,14.4329,11.3168,10.1143,1.17335,14.6844,9.7523,2.62861,3.02517,1.31205,9,0.522284,1.26859,2.12935,503.476,50.0154,27.0237,17.4518,1.68829,40.1078,21.2267,6.18292,11.268,2.57292,17,0.511563,1.46584,4.94017,132.544,13.6503,8.571,13.7605,0.947853,11.898,7.49394,2.28841,4.46214,0.891344,8,0.388575,1.14945,1.5806,361.772,35.8315,22.1052,17.4134,1.32642,29.0889,16.3686,4.66132,8.06742,1.45493,17,0.500151,1.18854,2.75917
gr00t_wbc_h074_p000,3851,fell,80.74,17,12.24,6.13368,1.71005,3.71082,237.208,33.951,10.7391,11.9389,2.13372,22.3516,13.5021,3.68151,5.86666,1.23108,13,0.469275,1.23711,2.49539,132.84,15.0082,8.83262,24.5633,3.19865,11.8212,7.28561,2.03949,7.96525,3.66621,10,0.37826,0.867617,1.31903,275.336,26.3984,11.5315,13.2522,1.38016,22.662,14.1421,3.32852,5.17834,1.30109,12,0.595217,1.30351,2.97583,297.295,29.8333,19.9823,79.1854,6.6257,20.1756,14.1635,3.16667,12.4606,5.56021,10,0.399316,1.32794,3.13714,219.329,24.1101,17.7205,74.9496,15.2115,16.1849,9.25432,3.01251,11.1863,5.34099,9,0.513612,1.28165,2.33722,225.661,19.1434,16.3309,29.1707,1.10668,18.7626,10.8461,3.43877,7.3941,1.10888,11,0.499864,1.19448,2.16848,235.096,22.903,13.4696,22.8465,1.87408,18.9041,11.7214,3.52374,6.26231,1.80996,11,0.529129,1.23709,2.17072,363.527,52.9397,25.832,40.9066,1.65741,30.9756,19.2446,4.84319,11.4045,2.02271,18,0.547552,1.19689,2.21841,318.59,42.275,44.7456,204.071,49.4379,22.8536,13.4741,4.22396,13.0943,5.76432,12,0.541522,1.31373,3.1252,255.547,21.2469,13.6148,16.566,2.38074,22.1435,12.1014,4.07016,8.07445,3.17101,17,0.452779,1.00363,1.46931,209.972,22.2396,10.3869,32.0007,1.73512,17.8446,10.7898,3.26209,11.7392,4.07008,10,0.58171,1.12823,3.32808,308.774,29.8691,12.9855,26.5197,1.85565,24.7716,10.452,4.46082,11.548,3.99542,13,0.478433,1.33253,3.7711,356.362,52.3181,16.5119,16.8234,1.50991,27.7688,15.246,4.15897,10.2921,2.48203,18,0.774467,1.09585,2.03566,310.19,54.9491,13.2297,11.663,0.981384,26.3882,18.5888,4.09169,5.78355,1.58568,21,0.40141,0.963352,1.67663,285.442,28.8715,19.9589,14.5162,1.1385,24.1789,14.0404,4.06686,6.10302,1.81452,14,0.458305,1.1154,2.05952,440.439,53.2589,26.9768,43.0339,3.22497,31.027,16.8906,5.62427,9.00406,4.38963,15,0.561079,1.53077,3.64791,2114.36,231.951,138.991,194.957,149.634,63.4858,30.6373,11.2437,31.5638,14.359,1,0.550529,1.11047,1.2215,,,,,,,,,,,,,,
gr00t_wbc_h074_p000,3852,complete,90,18,9.54383,2.10587,0.054519,0.0760806,159.999,23.6864,7.38124,15.3584,0.917763,13.0022,7.03409,1.92521,3.81019,1.0834,10,0.418317,0.847127,1.23545,197.464,18.3171,8.90402,15.4141,1.85546,15.7957,7.37049,2.89592,5.51637,1.7531,8,0.526812,1.6004,3.44583,167.703,15.7002,7.86649,19.3336,2.92799,13.5998,9.17641,2.14612,3.93698,1.88699,11,0.448422,0.953573,1.35319,246.077,22.7657,13.7357,28.92,2.03135,18.1912,9.96667,3.37038,5.98586,2.40915,12,0.619578,1.24863,2.55189,166.579,18.5477,10.1324,21.3541,2.73177,13.3328,8.08845,2.38277,4.92168,3.12812,8,0.570654,1.21824,1.80248,165.421,17.6155,9.3727,15.2048,1.09407,14.562,8.3366,2.27218,4.39453,0.810962,11,0.438554,0.951712,1.68814,304.569,51.8681,19.7973,40.4052,1.67894,24.3828,15.2471,4.47007,12.2458,2.41389,16,0.603135,1.06141,1.98413,282.468,24.9271,9.42958,14.0503,1.72829,21.8735,10.0792,3.59665,8.09351,2.51125,11,0.575756,1.45783,3.10926,431.882,63.311,24.7991,75.5178,1.81035,31.5382,20.1775,5.18126,17.1091,2.44671,13,0.612424,1.53217,3.70723,266.61,45.9172,13.3209,14.9883,2.85761,20.9778,12.172,3.3458,5.33808,3.13123,13,0.499511,1.09636,1.6523,239.6,23.454,8.75629,45.4525,7.67539,18.8687,9.12043,3.31872,10.326,6.61906,9,0.547007,1.50827,3.77032,197.754,19.4364,11.1609,9.746,8.11092,16.8927,11.8604,2.57025,0.59168,1.49322,11,0.469541,0.980676,1.49552,861.281,204.211,34.8101,27.6806,96.2587,57.2705,39.9359,8.07401,6.41492,9.49808,17,0.895827,1.55216,5.70789,262.171,24.9497,9.23996,10.1836,4.44113,20.6796,8.24403,3.24365,3.5318,2.45377,12,0.582544,1.5892,3.93148,312.547,26.7302,13.4634,13.8424,4.23119,27.2063,13.9684,3.98767,5.14442,4.32955,18,0.503704,1.09455,1.78834,291.839,29.4807,12.8469,14.4707,3.09277,21.2553,11.9638,2.9393,3.08041,3.69431,10,0.516963,1.31126,2.73511,221.136,30.0908,11.7315,14.6267,2.86182,16.9814,9.41006,2.86034,2.9255,4.38459,7,0.570026,1.5371,4.00388,875.86,77.0686,35.7576,28.5555,5.26025,52.8266,27.8583,7.32963,4.75191,7.26217,15,0.544203,1.63848,7.5014
gr00t_wbc_h074_p000,3853,complete,90,18,8.90512,2.78885,0.0566331,0.0775893,117.373,12.1063,6.92551,9.6803,1.85178,12.9762,6.75205,2.41977,6.04766,2.56513,9,0.367773,0.88366,1.39161,87.7898,8.87565,3.56664,7.67045,2.8018,8.22704,4.66288,1.56206,2.85773,3.18689,6,0.490057,1.02203,1.84042,322.235,31.9073,8.89284,8.6112,2.74883,24.3423,13.1284,3.62941,4.36404,5.62208,10,0.591509,1.65405,4.44302,142.953,12.8438,6.20899,37.5974,2.82849,12.0098,6.86021,2.17179,8.65984,3.85558,8,0.526348,1.07286,1.82204,363.221,55.3873,20.4546,23.9995,1.19225,29.6291,18.9694,4.82161,9.26138,1.66538,19,0.520505,1.17675,2.22156,267.085,30.3357,12.7108,22.1281,0.952382,22.3482,11.1785,3.85673,7.42501,1.24347,12,0.559163,1.45296,2.75646,230.41,21.2655,10.9796,19.6668,1.55082,17.9349,7.73261,3.26447,5.94224,1.04623,11,0.488867,1.38822,3.08868,261.498,31.5509,20.1396,30.1106,1.57147,23.0728,15.5647,4.08964,8.66282,1.34916,19,0.422975,0.949492,1.38848,208.431,18.1737,9.44071,22.5281,1.03486,17.775,11.8789,2.84097,4.82134,0.930561,13,0.432189,1.04171,1.68507,87.2423,12.4838,5.94959,19.316,1.54252,7.94227,4.81811,1.45425,3.10101,0.932434,5,0.524426,1.28137,1.31733,221.451,25.4398,10.6899,22.1469,1.21196,17.774,9.78651,2.8625,5.90699,2.03031,13,0.456473,1.03518,1.6761,247.034,26.6209,34.7842,47.6637,5.48506,20.3582,11.0315,4.53784,12.8598,8.2719,9,0.59039,1.59343,4.29823,289.267,28.3568,12.7467,18.117,2.22729,24.5644,11.4892,3.75772,7.75419,2.40985,16,0.478961,1.00642,1.48462,227.815,23.4949,13.2728,19.324,1.44099,20.0177,12.888,3.39998,5.43513,1.42899,12,0.542224,1.35988,2.26243,198.592,23.1413,12.7761,16.9094,0.691656,18.1936,10.2448,3.13103,5.10105,1.00421,11,0.482322,1.10883,2.14004,566.776,42.3471,33.817,68.7037,2.1715,39.8982,18.2574,6.46005,17.5025,4.74944,19,0.556564,1.48801,4.09023,323.288,72.6711,28.9093,38.6475,1.16873,25.8122,15.3729,4.2431,10.9929,2.17708,12,0.655437,1.27793,2.05979,312.167,37.7281,17.6644,21.8861,0.830376,28.2106,15.4635,4.59668,7.23013,1.31575,20,0.434631,1.05801,1.33539
gr00t_wbc_h074_p000,3854,fell,80.86,17,9.84521,4.4808,0.823398,3.65502,193.169,22.7078,10.9565,11.0785,1.26686,20.4809,11.4481,3.46152,5.24997,1.45762,15,0.40893,0.886536,1.51387,262.378,26.5186,9.37995,9.51983,1.33637,19.9265,12.6346,2.96239,5.76304,2.56169,10,0.465257,1.21861,3.52793,241.287,27.3591,14.8567,48.1213,1.71926,21.5396,13.0427,3.31398,8.1341,1.89509,14,0.474894,1.11033,2.22109,230.304,21.6775,10.9842,21.58,0.988313,18.709,11.3254,3.32993,8.95886,2.42659,13,0.415675,0.948205,2.18035,517.703,59.4707,21.5833,56.5966,3.46928,40.3392,23.1468,6.31429,17.3215,4.45527,19,0.580703,1.38092,3.97729,155.96,17.4653,8.84042,15.92,1.0134,15.1581,10.5157,2.30543,4.03588,0.792235,11,0.486157,0.921729,2.20371,300.112,27.9152,14.6578,20.3927,1.42892,24.5732,15.5408,3.74912,6.20386,1.21402,16,0.4701,1.04876,1.96138,151.119,13.2128,7.78872,15.6868,1.97825,12.2845,7.38445,2.24265,3.68468,1.32516,7,0.515713,1.38335,2.93917,270.403,21.3536,24.1294,58.1767,1.697,20.5632,12.2428,3.89683,12.53,2.5669,14,0.470472,1.22581,2.67645,348.65,49.5522,43.5958,62.2798,1.94044,28.9516,16.5313,5.40662,14.2029,2.87231,17,0.478364,1.06124,2.11656,471.353,60.3108,30.1727,31.6372,1.56639,33.1467,23.2789,4.70118,9.711,2.24783,15,0.433159,1.11729,3.45232,240.412,34.9001,12.3907,17.4956,0.647829,17.8294,11.0821,2.7375,5.70115,1.05785,8,0.6038,1.56467,2.71105,230.755,19.4649,25.1518,134.607,1.68775,17.6099,9.06228,3.20027,13.2666,2.27488,8,0.522612,1.30576,4.10418,524.811,92.7275,37.9613,68.7516,1.7254,35.2735,22.3223,5.3165,13.897,3.25802,10,0.535307,1.51744,5.25843,1040.71,149.088,54.0839,49.8108,1.5232,51.4455,28.2406,7.19641,10.8456,2.09755,15,0.367459,1.42194,9.2554,297.859,39.1777,20.4661,25.8558,0.890783,23.7564,12.0986,4.01665,9.01013,1.76313,18,0.460738,1.02152,1.75816,1618.62,76.5609,50.3177,22.5343,0.365549,42.8409,22.305,5.29482,8.32414,1.64296,9,0.650415,1.24991,6.87767,,,,,,,,,,,,,,
gr00t_wbc_h074_p000,3855,complete,90,18,16.6223,2.46771,0.0102942,0.00711478,281.801,30.1649,11.6181,14.8563,1.08718,24.9932,13.2943,3.72457,6.13936,1.20147,15,0.53408,0.972246,2.039,238.205,28.5617,9.263,15.9089,1.27938,17.3398,9.99693,2.46673,5.12608,0.962614,10,0.563606,1.14369,1.91127,259.616,25.6007,9.47283,19.9374,1.72401,19.632,12.1905,3.1204,5.03894,1.12422,11,0.57293,1.43763,2.88638,154.329,13.3708,7.67376,19.1018,1.36698,12.3052,6.78287,1.91712,4.41416,0.937163,9,0.422272,0.932412,1.41055,385.503,37.828,16.9015,42.0306,1.89729,27.4524,14.3466,4.48738,10.9157,1.79202,12,0.51675,1.67495,4.72059,221.125,16.9877,11.248,15.9141,1.24741,19.0188,10.7803,3.16543,5.99555,1.05806,14,0.467296,0.911957,1.72302,250.883,39.5134,16.1616,22.4283,0.963596,20.3343,11.893,3.58205,8.02571,1.10006,11,0.546383,1.29943,2.50789,207.319,23.6296,50.8307,71.4531,5.56822,17.516,9.35134,3.34955,13.5702,3.92699,10,0.591057,1.26368,2.06178,311.998,30.3445,21.2004,19.2462,1.14841,28.2689,13.322,4.88009,6.96291,1.27557,19,0.456293,1.12116,1.90153,204.132,23.238,10.6257,24.2273,1.64504,18.627,11.2038,3.07619,5.20518,0.959663,12,0.367187,1.1585,2.05154,335.742,35.8092,38.8914,110.18,59.0435,25.9051,12.6577,5.34615,23.2656,12.8205,11,0.485253,1.2306,3.35364,714.501,91.1755,28.8434,27.9065,4.80497,46.2182,27.0239,7.10433,14.5429,5.9088,23,0.439823,1.31816,4.33973,1154.45,101.903,68.239,157.276,11.4978,59.8661,33.3843,10.9552,25.1648,10.8961,19,0.495954,1.80626,7.92113,508.797,50.7705,15.7209,11.9868,3.15397,34.6411,19.9801,5.80466,9.92444,4.08941,14,0.624651,1.76853,4.75381,258.766,19.9603,16.5623,14.4618,1.99714,20.0787,10.4988,3.78048,4.87547,2.79197,13,0.470509,1.05167,2.28863,446.972,42.2297,28.2427,30.8492,2.59591,34.1111,17.733,5.25542,10.307,3.76161,13,0.510087,1.48977,4.16848,238.181,31.3584,21.6059,39.6791,2.30655,21.1418,12.92,3.73553,6.74338,1.95666,16,0.451041,0.975003,1.64568,224.112,16.9794,12.2745,14.1124,1.2493,19.5791,11.2783,3.33977,4.86208,1.0862,13,0.456858,1.10123,1.48177
gr00t_wbc_h074_p000,3856,fell,30.94,7,19.6831,7.30349,2.43376,3.23877,124.593,24.5897,10.6675,11.6026,1.16254,12.8429,7.86724,2.10737,4.2852,0.939648,9,0.398392,0.937689,1.86688,176.121,23.5273,8.13178,18.5554,2.00256,16.1153,8.92514,2.47058,5.23448,1.87859,10,0.55611,1.01987,1.78183,166.671,15.5577,10.0028,20.7561,1.47231,14.3107,9.01926,2.64841,4.32536,0.963607,9,0.460542,1.14759,2.08386,348.288,36.2622,17.0498,23.6669,1.24307,27.7809,15.5145,4.23143,7.57961,2.30612,19,0.598519,1.11575,2.36114,249.767,25.4453,14.0902,18.0394,2.59246,20.3208,13.8964,3.18299,6.62492,3.52668,14,0.464962,1.12754,1.59384,356.191,76.1663,24.1431,140.559,2.57759,26.9508,16.2672,4.25412,15.1326,4.17498,8,0.643061,1.71131,4.98986,1511.81,63.8137,50.2684,34.5385,1.93953,47.8911,23.6107,6.61233,13.9723,2.46135,2,0.159838,0.843753,2.30039,,,,,,,,,,,,,,,,,,,,,,,,,,,,,,,,,,,,,,,,,,,,,,,,,,,,,,,,,,,,,,,,,,,,,,,,,,,,,,,,,,,,,,,,,,,,,,,,,,,,,,,,,,,,,,,,,,,,,,,,,,,,,,,,,,,,,,,,,,,,,,,,,,,,,,,,,,
gr00t_wbc_h074_p000,3857,fell,71.02,15,10.4102,9.40721,1.34665,2.55553,250.047,23.9581,13.0395,29.2345,1.78457,22.7719,11.7934,3.51882,6.01678,1.69187,18,0.363498,0.825771,1.22016,286.223,35.2461,8.63217,20.0783,0.975877,21.1552,10.5057,3.12684,7.70519,1.56213,11,0.43131,1.27415,2.94485,266.762,22.5971,11.7464,19.2658,1.5417,22.0771,10.1602,3.84523,6.98496,2.35261,12,0.606336,1.38928,2.82147,206.357,22.0029,11.2104,18.0341,3.36138,18.3318,9.70611,3.03702,5.66008,3.76367,12,0.506424,1.17486,2.06044,308.664,26.2787,17.0337,32.9463,10.8724,23.7898,12.3561,3.62764,9.4541,6.04997,11,0.553519,1.37006,3.74736,224.239,21.0764,14.8073,18.7162,1.96591,16.928,9.12068,3.10108,6.22677,2.69359,11,0.475741,1.29397,2.75743,259.048,24.8828,18.3398,28.9173,1.64437,18.7377,9.82943,3.25124,8.34924,2.77549,12,0.537708,1.11944,1.38899,366.017,90.9263,24.7686,56.2474,7.1047,30.4902,20.6422,5.12719,16.8602,11.6665,15,0.651549,1.27942,3.18737,379.855,49.4915,15.8688,15.5085,1.19581,29.0384,14.9339,4.24096,8.5523,1.36584,17,0.800175,1.18372,2.68066,611.307,76.0253,27.6328,46.7279,23.4964,46.7244,24.8945,7.05364,21.4571,10.0166,18,0.636077,1.57853,4.22809,223.878,22.9215,13.2941,18.5638,1.08102,19.6272,11.4854,3.51455,6.87338,1.0065,12,0.555993,1.17146,2.16768,409.255,40.5561,15.1152,18.7413,1.05594,28.3665,12.8045,4.06815,9.15088,1.19996,14,0.562832,1.29591,4.59091,335.196,41.5197,21.6636,14.6646,0.8685,29.3643,15.6931,4.42014,7.18466,1.18716,19,0.519757,1.10706,1.63676,384.955,55.1774,33.2443,65.1299,2.11819,29.945,17.8048,5.28173,14.1462,2.85175,17,0.552989,1.27041,1.90734,2936.13,167.279,84.1763,124.117,3.65498,82.6798,30.7388,12.5282,23.4897,3.68087,3,0.258458,0.699129,1.07302,,,,,,,,,,,,,,,,,,,,,,,,,,,,,,,,,,,,,,,,,,
gr00t_wbc_h074_p000,3858,fell,85.72,18,18.8275,9.0451,2.33678,2.79276,311.995,34.1468,12.7925,11.5846,1.19649,26.441,13.808,4.2384,7.67676,2.52717,16,0.486556,1.02989,1.98988,299.369,27.4176,12.2655,12.04,1.79052,23.4294,13.4926,3.58536,3.43898,2.60183,13,0.649806,1.37469,2.5923,319.5,31.757,12.6447,11.0802,0.833064,25.2719,13.8013,3.90836,5.35335,2.1937,14,0.608751,1.37203,2.65764,182.471,18.5776,9.54203,13.8507,1.24621,14.4023,7.45183,2.514,5.57821,1.17996,10,0.504326,1.05675,1.738,162.408,18.3867,7.85523,18.2291,0.688516,14.0625,6.45844,2.32846,5.7362,1.52212,8,0.55713,1.25888,1.97068,289.624,28.0218,16.7714,20.083,1.43084,23.0849,12.861,4.10468,5.50838,2.27563,14,0.604646,1.38462,2.45628,336.92,43.1756,28.4051,17.3239,1.09252,26.9836,17.0751,5.07004,5.34777,1.75135,14,0.609496,1.41283,2.87866,450.611,56.0818,20.0304,24.2522,40.0959,36.9789,18.8966,6.09578,9.75712,6.2827,17,0.548523,1.3922,3.33914,271.91,28.1533,11.8683,12.1263,1.50034,21.3666,11.9398,3.7963,3.25343,1.32885,13,0.50687,1.32557,2.23734,269.15,27.2227,11.3293,10.2472,1.18276,21.4814,12.062,3.39534,4.20974,1.19249,13,0.567263,1.21288,2.21996,141.268,15.7682,14.9639,85.4306,4.00843,12.6261,7.02419,3.03134,16.7538,5.34179,6,0.647168,1.63064,3.14571,897.739,81.1896,44.6849,50.1237,8.48198,63.9834,27.0639,9.43431,18.4426,7.626,26,0.493048,1.84172,5.67428,746.382,81.6214,31.2378,19.5571,1.13098,47.0772,23.1021,7.74342,11.9914,2.67843,22,0.53267,1.62112,6.20634,420.189,43.283,23.6206,23.8235,1.16306,31.3348,17.9287,4.72886,8.33632,2.60348,11,0.587033,1.42231,5.08407,311.797,69.6454,19.2616,14.3219,1.40868,23.3858,17.7947,3.8688,5.50252,1.73298,9,0.698713,1.72249,3.5805,379.756,36.629,24.9185,32.0872,1.70868,28.4154,16.9473,4.73705,9.98713,1.88678,13,0.559475,1.45259,3.67979,451.655,33.5617,20.3321,19.2792,2.51189,30.8726,16.8797,5.5476,8.51472,3.04141,14,0.558238,1.38659,3.45839,1466.37,67.1005,52.6601,14.2068,0.88707,49.5418,16.408,5.91533,10.8531,3.46954,1,0.351669,0.542736,0.825256
gr00t_wbc_h074_p000,3859,fell,55.88,12,13.6311,5.77117,1.34297,1.37986,231.54,22.9032,12.8309,17.1827,0.990927,21.7546,13.2211,3.55931,5.19996,0.888086,16,0.417013,0.944177,1.45116,213.808,27.1633,9.28986,21.352,1.72073,15.471,10.5123,2.28813,5.64528,1.08567,10,0.494413,0.980595,2.01238,239.199,23.8445,8.29749,17.6574,1.096,17.5903,10.4207,2.62304,4.44133,0.931464,10,0.505491,1.32625,2.98696,340.421,35.6223,13.8588,64.3776,1.62975,25.0255,16.1435,3.60788,9.47839,2.25742,17,0.591884,1.07336,2.32392,286.358,26.4615,12.973,25.9115,2.12148,23.7687,13.8229,3.79278,9.47859,2.7998,13,0.575036,1.29479,2.80034,300.244,31.3725,13.9084,21.1042,2.04716,24.1907,14.1681,3.72531,6.978,1.95808,12,0.630042,1.40924,3.01435,247.912,23.6535,13.3182,23.6233,0.938189,18.5762,9.74752,3.42666,4.51852,1.16034,12,0.538162,1.40329,2.70168,586.736,43.5817,22.8112,18.5314,1.14085,34.5693,19.2585,4.94606,11.3346,3.13679,12,0.45517,1.36774,5.97933,419.506,44.2052,15.7687,12.9847,1.77997,32.9302,18.4533,4.82307,8.58802,3.93978,16,0.638166,1.26265,2.89879,307.428,36.2756,20.5867,43.6646,3.37581,24.4436,12.6615,4.56941,14.6843,6.74347,13,0.666762,1.38404,2.59086,422.453,58.1506,21.9462,21.8153,1.76831,29.8461,16.4223,4.98225,6.1965,1.48078,11,0.53383,1.4751,4.30388,2726.02,431.873,134.719,71.6626,27.7399,65.6946,35.4895,11.4066,16.451,8.03761,1,0.473785,0.683766,0.990509,,,,,,,,,,,,,,,,,,,,,,,,,,,,,,,,,,,,,,,,,,,,,,,,,,,,,,,,,,,,,,,,,,,,,,,,,,,,,,,,,,,,
gr00t_wbc_h074_p000,3860,complete,90,18,8.97141,2.86249,0.010765,0.0178296,212.426,16.1406,12.4041,24.8716,1.78353,18.7032,11.0468,3.29828,8.05783,1.5736,10,0.496212,1.1774,2.30413,301.247,22.8845,15.3928,24.1914,2.96663,25.0874,13.0971,4.51108,10.5982,4.71441,16,0.472284,1.09331,2.13176,228.699,23.0135,9.71315,10.5913,1.82744,19.1367,13.2623,2.79467,3.34899,1.76771,12,0.570852,1.18677,2.32494,311.344,27.3307,13.696,29.3673,2.89888,25.9927,13.8681,4.73356,7.58132,3.89954,17,0.512126,1.12241,2.22508,60.2664,6.33868,3.70202,12.8779,0.863484,5.60829,3.48439,1.3364,4.8977,1.70104,4,0.556873,1.04859,1.49868,233.992,29.1461,13.6934,21.9196,0.873809,17.484,9.25219,2.91053,4.2732,1.06399,13,0.49885,1.00569,1.39681,257.676,32.5408,19.2991,22.6858,1.40307,21.9264,10.4864,3.93879,4.96931,1.00307,14,0.567486,1.19118,1.93673,221.566,31.6082,21.5278,103.249,4.9213,16.9096,10.3051,2.61821,9.12541,3.33607,9,0.4637,1.39484,2.67525,256.636,27.0882,16.7418,17.8315,1.88562,22.6731,13.6856,3.73792,5.72851,1.50732,14,0.555884,1.18586,1.71465,120.452,14.6678,4.54698,11.4058,1.38108,9.0007,4.55399,1.7707,3.75913,1.34114,6,0.465571,1.24971,1.92541,258.121,30.9269,16.4812,71.6877,2.38376,19.502,10.0628,3.42817,9.90012,2.39671,9,0.564323,1.73717,3.37527,819.069,194.84,50.7283,31.6155,1.1711,57.1414,43.6256,9.14287,18.106,3.13485,24,0.671142,1.15415,3.80592,242.104,25.1808,27.6284,165.657,162.617,20.3118,10.3759,5.62208,23.1012,14.8656,17,0.398488,0.87228,1.19632,380.862,44.6706,20.7736,16.7419,1.4384,34.8552,17.6084,6.05937,7.06823,1.98327,21,0.503796,1.11075,2.08121,473.365,54.7669,24.0103,19.5419,0.565674,34.39,20.2054,5.68508,8.07912,1.7286,19,0.399812,1.33297,3.48018,610.306,100.162,38.4205,51.5079,1.04973,40.3524,24.382,6.7576,14.3931,2.77855,15,0.585678,1.4302,4.22499,494.153,34.6416,14.6531,18.3174,1.16258,32.8407,19.7251,5.05622,8.00967,1.77872,11,0.524476,1.73131,7.23767,737.698,149.775,59.7935,19.4484,1.17935,44.5973,33.3445,7.63895,10.7234,2.78443,16,0.417568,1.35195,4.45203
gr00t_wbc_h074_p000,3861,complete,90,18,14.4401,2.41101,0.00656124,0.0123387,274.508,37.3981,11.2804,12.0691,1.15639,21.8806,12.0148,3.42448,6.69987,3.09815,14,0.538569,0.969684,1.85583,162.638,23.8903,6.69715,17.5872,6.25709,13.5403,7.20674,2.18491,4.69071,2.98961,8,0.594627,1.13785,2.01576,146.688,13.3079,7.83127,18.7324,1.61879,14.0714,8.50014,2.48252,6.05969,3.01149,11,0.51868,1.05038,1.864,355.661,37.927,14.8292,24.3996,1.03393,23.9977,11.596,4.48528,7.75831,2.26861,14,0.539314,1.61576,3.98748,110.821,14.1077,5.71864,17.0189,1.25745,8.85127,4.67163,1.52473,2.41716,1.48198,7,0.43397,0.999956,1.29515,356.743,57.592,15.1201,57.0117,3.90863,28.0848,16.0881,4.42832,11.8856,5.97621,13,0.745458,1.43834,3.15798,139.918,24.8704,12.389,10.8417,1.43555,11.207,6.07623,2.19123,5.47549,2.0477,6,0.675219,1.44173,2.80654,247.761,26.6061,9.93906,18.1908,1.50641,19.7917,10.0997,3.23736,6.26082,1.63395,11,0.563577,1.43312,2.65791,883.139,76.6501,37.6276,37.9185,1.69802,45.0678,20.406,6.63821,10.6814,1.89578,23,0.428204,1.40409,4.35703,2684.91,437.799,169.929,311.616,10.7576,131.656,76.3697,21.2488,57.8297,11.7526,25,0.56954,1.29992,10.0271,335.999,30.5363,19.7622,31.8531,1.09994,22.3108,13.0224,3.58141,6.67801,2.02705,18,0.518409,1.04609,1.35671,380.363,86.8391,35.9536,39.8932,2.27821,29.6936,19.19,5.13847,8.1407,4.02593,20,0.583854,1.13399,1.72795,237.188,39.9354,13.1349,18.5723,2.02134,18.9298,11.2742,3.12993,6.46005,3.50722,10,0.537728,1.53924,2.52254,403.325,56.4919,81.4837,253.881,93.6449,36.3448,17.0955,9.13056,33.1106,17.2618,17,0.478744,1.34028,2.66653,362.45,38.6971,20.3042,22.3065,1.33514,31.3943,16.946,4.68369,8.97098,4.25428,19,0.559406,1.17664,2.31701,329,27.8951,22.5241,34.3837,0.786835,26.7033,12.93,4.99335,6.8592,1.92275,17,0.506337,1.3268,2.37769,1188.92,150.028,78.7252,313.424,32.7131,77.6842,42.4836,12.1583,33.4973,18.6515,20,0.749029,1.60639,7.32044,420.997,80.2329,34.6816,27.6545,1.01668,30.7643,19.2047,5.81563,6.76103,3.36735,14,0.604632,1.53586,3.88348
gr00t_wbc_h074_p000,3862,fell,76.4,16,28.5923,4.56889,2.66758,4.0399,187.015,21.3584,8.6577,12.2327,1.349,19.1573,9.4875,2.70582,5.10224,1.53017,12,0.421619,0.844557,1.57875,285.581,28.694,15.233,18.4841,1.5426,24.9963,13.5573,3.60164,6.09201,1.03533,15,0.459703,1.11955,2.59163,261.291,22.0574,13.8321,19.9634,1.75626,18.7761,10.1115,3.19995,4.60207,0.95864,11,0.527587,1.20918,2.66856,129.243,14.2585,7.52116,17.3535,1.54884,10.5768,6.85846,1.74601,2.52588,0.731446,9,0.436657,1.01945,1.45984,184.868,17.7659,8.32612,20.6977,1.16258,14.8326,7.83613,2.44307,3.34483,0.86347,10,0.532646,1.09653,2.0997,150.969,16.3542,14.5598,22.5669,1.21009,12.7942,7.9444,2.26614,3.58389,1.10428,10,0.413508,0.88511,1.45473,452.173,72.7967,27.6697,81.1522,92.1897,34.836,21.3151,5.9928,18.4646,8.06802,16,0.649127,1.24861,3.23467,587.826,61.2772,33.8322,25.7283,4.80001,42.4489,20.0499,6.79233,7.57393,4.18319,20,0.561157,1.60595,4.77861,307.736,28.2494,21.9925,84.008,5.0002,21.9823,11.3816,4.34775,11.7543,4.15605,12,0.654699,1.56631,3.58582,392.708,56.3188,28.0954,18.005,2.4359,29.5043,26.3765,5.02234,3.49071,1.97691,22,0.593691,1.05263,2.39366,389.522,37.8662,20.7332,12.4861,3.79935,25.0688,12.9779,4.61893,4.69977,2.93998,12,0.637469,1.77741,4.91171,219.513,18.7863,15.8049,10.4312,1.92745,18.6525,9.77216,3.55163,3.5642,2.05371,11,0.597902,1.31949,2.63276,914.968,145.894,46.3848,21.1366,1.24339,56.3101,36.3964,8.53892,11.0731,4.14149,24,0.553002,1.22448,5.26528,401.965,58.1462,28.7654,25.4878,2.93091,30.5998,19.1344,5.50129,9.07273,3.07266,14,0.625426,1.43168,3.92205,275.687,25.3811,39.8098,41.415,1.61687,23.5391,11.7241,4.87286,9.41122,4.46529,15,0.525088,1.22277,2.01492,1800.43,93.9852,100.485,368.334,23.5362,70.1472,32.0145,10.8893,29.4705,10.0553,8,0.717512,1.98209,13.1313,,,,,,,,,,,,,,,,,,,,,,,,,,,,
gr00t_wbc_h074_p000,3863,fell,76.08,16,15.1578,4.0614,2.09889,0.182508,155.852,25.6829,7.45303,15.8888,1.18362,15.6549,10.5371,2.3766,4.06602,0.967178,12,0.332355,0.791552,1.20991,208.602,22.2145,7.66318,9.3175,1.86798,16.6508,9.26728,2.62319,4.93406,1.61655,10,0.504708,1.27092,2.3296,167.197,18.912,9.10896,16.494,4.27284,13.6937,7.39839,2.23747,5.27221,4.80764,9,0.48369,1.12611,2.3515,753.09,80.891,30.5127,35.3723,3.20069,44.7267,23.9529,6.93217,13.5141,6.48735,24,0.411797,1.42323,4.49716,288.091,30.6523,14.8339,15.7033,1.49609,22.3567,14.4729,3.76428,7.87285,3.13463,14,0.530504,1.20651,2.40507,543.754,55.7496,20.5174,30.5894,4.68981,40.472,21.8469,6.48226,17.1012,8.08802,24,0.513753,1.19493,3.15266,301.916,26.0868,15.7039,16.4027,1.13575,23.0297,11.9954,4.32109,8.24062,2.9108,15,0.528159,1.2791,3.42,357.143,34.9232,17.5682,14.3381,1.09644,25.5822,12.3419,4.05534,7.91894,2.38799,9,0.581672,1.89612,6.49361,210.287,25.3441,12.1571,8.06847,2.27667,17.047,8.95666,2.63834,4.86859,3.19804,13,0.504483,1.14048,2.02717,625.449,62.5454,38.3835,19.1474,2.78703,32.8116,18.591,4.81417,8.40062,5.92156,11,0.54379,1.56154,6.17134,275.369,32.9601,13.6834,15.583,1.4671,20.5006,9.34322,2.91995,6.19295,2.89264,9,0.45801,1.52116,4.06576,395.279,44.7,23.3014,25.1761,1.30119,30.1966,18.4927,4.62657,6.33651,2.13673,18,0.555221,1.27104,2.51737,742.233,97.7287,36.8913,36.6275,1.06778,48.4493,25.5877,7.29484,9.69855,2.78392,20,0.569087,1.73975,5.42567,554.948,75.9829,116.495,337.027,93.3363,39.9098,23.4873,7.80568,21.2768,12.3369,19,0.315142,1.15032,3.21606,409.145,98.7762,29.8889,38.3963,2.81705,30.9057,18.9691,5.38458,12.0774,5.78763,13,0.563122,1.39391,3.63653,3555.36,266.879,145.789,48.1675,22.8785,103.062,30.9699,15.7535,25.1534,17.2264,3,0.244962,0.544709,1.65865,,,,,,,,,,,,,,,,,,,,,,,,,,,,
gr00t_wbc_h074_p000,3864,complete,90,18,9.00949,2.95815,0.00785696,0.00615384,255.244,27.1351,12.0785,14.1815,1.83562,23.0538,11.3518,3.64449,5.3193,1.13433,17,0.409434,0.869089,1.36612,171.057,20.9619,7.98719,13.0848,1.51674,14.7718,11.0905,2.31923,4.85461,1.21453,11,0.449308,1.06895,1.5896,194.321,19.5958,13.405,30.7695,4.03819,17.1781,8.85805,3.20628,8.23694,4.36742,9,0.530195,1.37599,2.44693,210.498,19.6684,8.86013,9.55965,1.55032,16.8342,9.62746,2.74592,3.36842,1.68758,12,0.470287,1.04283,1.72743,335.273,39.1703,15.4571,19.1978,0.946924,24.9781,15.5077,3.84345,5.56104,2.96339,11,0.64821,1.60868,4.50918,231.519,47.609,14.4861,13.1991,1.5593,20.6701,12.0742,3.54469,5.62762,3.12747,12,0.637203,1.15714,2.73358,428.464,48.1048,21.1446,32.5531,2.49921,31.9999,17.8198,5.16901,11.2588,4.61523,19,0.523351,1.07159,2.66318,159.254,17.1472,9.08353,17.6669,1.47364,12.9505,6.68298,2.3339,4.43147,1.61262,11,0.402673,0.846736,1.47065,225.13,23.4409,10.8582,12.8787,1.08399,18.7841,9.59433,3.50675,3.5462,1.93351,12,0.461955,1.13946,2.77444,306.633,33.4938,17.963,14.7641,1.00462,25.7591,15.8536,4.3692,3.87525,1.77245,14,0.562796,1.33367,2.7787,660.187,87.2617,29.1677,35.3157,1.95703,41.5929,23.8152,6.87616,14.9694,4.27455,25,0.426128,1.34868,4.07676,254.72,31.1206,15.8586,15.1499,1.40825,19.5422,12.5395,3.67292,6.88412,4.27145,10,0.60166,1.45943,3.08126,774.885,63.0852,27.3895,15.9941,2.74432,49.451,25.3589,6.56943,12.0332,6.92219,16,0.585011,1.33505,6.2292,640.472,58.6417,42.0139,215.769,215.853,46.8531,23.0336,6.92469,23.2073,23.0136,19,0.560213,1.44558,4.90751,210.888,20.5362,15.8605,26.5176,14.8548,16.8638,11.6971,3.00577,6.99331,4.63668,15,0.421113,0.970166,1.45841,250.767,31.85,20.6891,25.7476,46.7197,21.0553,11.1152,3.78265,10.7199,7.84558,13,0.639649,1.25306,2.30169,615.736,51.4064,38.6038,20.1714,3.42969,44.7725,20.6497,6.65554,10.2154,4.7556,21,0.557886,1.1719,3.32673,312.737,43.1226,19.1801,15.5526,2.40768,25.8017,15.6596,4.44533,8.56842,4.53626,17,0.53348,1.23804,2.13146
gr00t_wbc_h074_p000,3865,complete,90,18,9.1581,2.58867,0.0162138,0.0164711,208.647,18.7632,9.96552,27.6416,1.6763,17.7705,9.05274,3.33609,10.9837,3.39057,14,0.416403,0.738373,1.19208,328.31,32.4677,15.1955,22.2262,4.17395,24.5057,14.1447,4.34866,7.11245,4.43215,14,0.572719,1.35718,3.37578,498.487,55.1458,24.801,13.5029,1.85551,35.8676,18.9156,6.37074,7.78427,3.50673,19,0.677193,1.36436,3.33115,150.332,20.6586,9.45977,14.4714,1.54201,11.6277,6.88546,2.29164,4.48679,2.97709,9,0.5778,1.22292,2.08259,354.519,30.9311,22.82,14.5446,1.39815,27.309,15.5721,4.79118,5.07498,2.83127,18,0.53307,1.19561,2.58936,319.093,29.509,23.1892,13.1311,1.13454,25.025,15.1805,4.66756,4.50742,2.12694,16,0.58099,1.25946,2.38437,527.36,96.4405,43.889,115.482,22.6728,40.5812,24.0363,7.23505,18.6505,11.619,20,0.60451,1.24714,3.15381,212.805,27.8773,12.3312,15.4474,2.27649,15.4961,9.76571,2.64381,4.06965,2.51893,8,0.684498,1.36592,2.30278,371.268,37.8932,21.6629,21.8239,1.30161,30.6573,16.2196,4.87033,9.75906,3.21622,15,0.53945,1.38179,4.24542,193.397,23.7776,7.58542,15.2927,1.13205,15.211,7.84598,2.41516,7.11735,3.03067,7,0.464199,1.62141,4.24537,418.904,40.4473,19.4555,23.0843,2.3342,30.3204,15.431,4.70819,6.98922,3.33639,17,0.501014,1.16023,2.70835,276.85,34.1944,15.0472,79.8052,5.13008,20.3379,12.6832,3.31031,10.4725,4.31152,10,0.422906,1.50193,4.06233,148.224,16.5101,9.72679,16.0257,1.04696,12.3196,6.12477,2.5557,5.61439,0.877625,10,0.504903,1.01776,2.25311,346.808,68.8351,18.4937,23.4311,1.29351,27.6121,18.4732,4.45294,9.88691,1.55985,10,0.438735,1.27234,4.53618,515.876,50.5208,28.0783,175.516,86.4552,39.0081,19.8253,6.58959,22.6717,16.9159,18,0.525457,1.48681,3.86085,511.535,54.6121,20.1349,11.6304,1.07405,37.9693,23.6182,5.36188,8.92181,3.23978,18,0.517356,1.23506,3.75468,280.175,40.6447,11.512,13.425,1.3979,21.7903,13.9771,3.74934,7.03983,1.26237,14,0.471064,1.14973,2.20878,376.563,34.6641,15.0533,16.3385,3.40295,26.902,13.3658,4.35121,9.12669,3.25936,14,0.551385,1.34272,4.14454
gr00t_wbc_h074_p000,3866,complete,90,18,10.0135,3.01941,0.0394148,0.0347833,210.182,25.1232,10.3271,13.6855,1.15723,20.1058,11.7436,3.23673,6.32389,1.54572,15,0.380813,0.934371,1.5754,114.01,10.1115,5.9479,20.0392,2.17897,9.47736,5.23251,1.39606,3.83877,2.18462,8,0.449236,0.940737,1.64471,123.312,13.8707,7.87893,17.3624,1.77654,10.4633,6.20171,1.73496,2.81103,0.898996,7,0.456445,1.03207,1.53627,309.771,22.6043,14.4158,16.1472,1.09001,20.2222,8.86083,3.00483,7.78025,1.71443,10,0.616609,1.55617,4.09327,143.689,16.9424,9.01023,26.3486,1.04462,12.9847,10.3624,2.14663,3.12234,0.821571,7,0.543667,1.3041,2.16403,215.881,22.7462,13.2616,28.6665,1.78812,17.7706,9.11286,3.03159,4.68146,1.30058,10,0.559806,1.29774,2.68562,459.711,54.52,23.4979,42.439,3.62562,32.3025,18.8699,5.09434,12.0646,7.84324,16,0.565021,1.50798,4.46858,410.535,39.7756,20.0356,14.3377,2.83321,29.3954,16.7693,4.9903,7.75186,4.8146,12,0.624646,1.76178,4.60102,213.822,17.0459,9.45668,10.0621,1.22911,15.439,10.0804,2.94965,6.72107,3.93277,8,0.632349,1.59197,3.97123,611.812,58.2765,21.0955,22.593,2.01086,40.9924,21.6981,6.35742,9.54727,2.93263,19,0.545671,1.47342,4.41822,296.738,27.9102,28.5536,39.7806,1.70798,26.0566,15.5616,5.09105,9.83658,2.87438,16,0.505004,1.15504,2.35341,208.291,26.3775,10.3618,20.2212,1.18294,16.6952,8.02311,2.60211,3.22698,1.14694,9,0.558724,1.38371,2.92107,545.845,91.7625,32.2211,29.9003,0.767126,39.9523,24.7525,5.86225,8.84721,1.32886,19,0.669567,1.26144,3.11455,771.599,61.0479,63.7448,219.604,9.75537,54.0017,26.5808,8.69108,26.4605,5.80394,21,0.503076,1.56039,5.23225,247.353,23.8905,12.9402,38.2272,1.34662,18.8373,9.73052,3.2567,7.2268,1.51875,12,0.601632,1.23784,2.66176,135.332,21.2544,8.06061,21.6928,1.00499,11.2193,6.88644,1.9147,3.21909,0.804027,6,0.597727,1.24305,1.79527,228.717,24.0244,18.0717,24.4624,2.97299,21.5761,9.94184,3.83237,5.00784,1.45622,16,0.400148,1.03913,1.44824,279.618,27.0345,13.8997,43.0509,3.98116,22.1337,11.9139,4.04701,14.239,7.75638,15,0.540348,1.13684,1.91188
gr00t_wbc_h074_p000,3867,complete,90,18,7.68078,2.56182,0.00982004,0.0135311,261.289,27.1484,20.4307,36.7322,1.0139,25.2164,15.4759,4.3422,7.37445,1.16336,21,0.391941,0.848707,1.39879,321.885,27.2938,14.2724,45.8941,2.76344,24.5569,11.4957,4.19695,11.1354,4.9692,17,0.536134,1.18293,2.44848,272.215,24.9184,17.6871,45.0241,2.82016,22.2813,11.3586,4.00926,9.51093,3.85222,19,0.385465,0.924646,1.64134,298.956,30.0776,16.9653,21.3114,4.84105,22.9965,12.6308,4.13375,9.26079,7.35574,12,0.595206,1.47035,3.0608,209.409,27.4998,13.4214,14.5727,1.66994,16.8419,9.51463,2.91529,5.75263,2.24578,9,0.621895,1.45039,2.73569,331.842,35.5764,18.4324,41.7801,1.30068,26.7342,17.5254,4.00709,9.55685,1.99319,19,0.448937,1.02112,2.20419,364.797,58.2919,27.4325,88.3326,6.8226,31.6802,18.4831,5.28908,17.4903,8.59386,15,0.494208,1.34156,3.47963,343.514,83.3768,21.3838,77.3603,1.62508,27.984,18.3338,4.48816,13.2251,2.38348,11,0.774313,1.62,3.70749,297.054,24.7861,9.06647,11.7887,1.20001,22.6847,11.4216,3.71914,6.62365,3.59293,13,0.361317,1.13726,2.75775,752.934,146.852,52.3727,191.295,25.5928,52.2703,30.481,8.35127,25.8846,9.77596,16,0.588749,1.58953,5.96966,488.107,48.7544,23.5098,20.9163,1.05631,38.9915,19.7305,6.26138,11.3548,1.65672,23,0.510498,1.27825,3.37983,182.561,20.2563,9.76694,10.3875,1.33625,16.1226,10.0609,2.84675,5.80874,0.940688,10,0.463206,1.03843,2.02831,372.502,47.2812,19.9491,53.145,1.50577,28.818,17.7289,4.58908,13.0414,3.8464,16,0.4642,1.20351,2.72545,214.657,27.3017,10.4477,15.5565,0.932587,16.7812,9.80934,2.45882,6.96005,1.54575,11,0.599601,1.0274,2.01717,486.446,51.9703,18.603,23.9012,1.23579,33.7919,13.5317,5.0438,7.84789,1.64813,15,0.58384,1.70325,4.81545,536.838,81.4517,30.7538,93.4339,3.66869,41.6305,23.493,6.55171,16.5547,5.04934,18,0.671221,1.47876,3.62205,298.97,28.4438,16.6432,14.6201,1.67416,22.1977,10.8494,4.13619,8.27158,3.17831,15,0.500988,1.17739,1.90543,114.032,11.861,8.42056,9.35144,1.26355,10.6838,5.69588,2.07128,4.17494,2.24959,7,0.490005,1.02839,1.72609
gr00t_wbc_h074_p000,3868,complete,90,18,10.7337,2.82501,0.427705,0.470261,146.747,14.9397,8.78227,15.2072,0.961993,15.2191,8.7699,2.51339,4.30906,1.40448,12,0.317322,0.774165,1.26606,220.258,20.0813,11.0985,18.3289,1.65644,16.7801,8.74685,2.59294,3.60399,1.33875,11,0.528822,1.13783,1.90261,226.6,17.159,11.4764,15.9424,2.66524,18.8714,7.84639,3.65465,6.45567,5.1034,13,0.535371,1.20118,2.16032,273.796,33.0348,14.882,21.06,2.32919,22.1015,11.832,3.41221,4.8893,3.65714,14,0.62402,1.16765,2.06154,211.69,21.0335,16.2697,38.0384,1.16069,16.8914,7.39725,3.17259,9.55333,4.0554,11,0.53931,1.22772,1.82845,266.537,28.8541,17.3787,23.6892,1.31628,21.3855,10.5248,3.667,4.39552,1.9014,15,0.575463,1.08833,1.68908,241.71,27.6147,11.3843,17.9842,1.53505,19.989,8.36504,3.13074,5.74329,3.52484,10,0.588578,1.49133,2.90805,188.105,34.347,13.3018,6.78874,2.01793,16.9073,9.63742,2.75089,4.12405,2.27638,13,0.493735,1.1659,1.69218,425.034,53.6682,23.5667,20.776,3.13719,30.6711,16.3541,4.64746,7.25477,3.24913,16,0.513234,1.32029,3.15169,150.088,26.0278,22.1048,19.9879,4.25553,13.9524,7.6278,2.2699,3.30336,2.63958,10,0.456905,1.08107,1.21541,257.449,52.0893,24.0775,14.6799,2.02365,23.0038,13.9463,3.80057,6.03568,3.30158,9,0.577221,1.86345,3.71733,323.02,49.2406,19.9753,22.013,3.97275,23.2687,12.4949,3.46123,6.22092,4.39868,15,0.557048,1.09317,2.05803,269.322,52.5348,16.402,18.4857,3.63247,20.8717,11.986,3.39525,7.03913,4.42161,11,0.6202,1.34399,1.98459,424.844,83.9008,24.9786,10.4731,1.38524,32.3798,18.8449,5.57365,9.44818,5.9985,21,0.631235,1.23362,2.51413,346.574,55.8203,25.2457,21.4299,1.83335,26.907,12.7222,5.09441,8.50164,5.41443,14,0.638192,1.68111,3.91309,281.646,32.0767,15.9356,18.6576,0.879387,21.5541,11.1246,3.68406,4.51981,1.27914,17,0.453495,1.03609,1.29034,370.067,45.0545,21.7803,29.3955,1.37561,27.0899,11.8287,4.83511,7.3153,2.50446,13,0.551034,1.59914,4.57988,624.272,197.376,44.5818,24.4705,3.87646,48.3977,37.1664,7.72611,10.1328,5.97819,18,0.650308,1.63525,4.6511
gr00t_wbc_h074_p000,3869,complete,90,18,9.75228,2.49499,0.0189463,0.0197737,157.035,17.9557,6.60612,10.5402,1.38818,13.2618,6.71348,2.19379,5.66291,2.3152,9,0.415605,0.976155,1.66109,136.387,15.5091,7.62982,17.4145,1.16695,11.0676,8.52986,1.70882,2.77111,0.74811,8,0.517729,1.23369,2.0838,196.451,28.2419,8.76945,19.1353,1.18097,16.7852,9.044,2.8514,5.05123,1.03066,11,0.448529,1.25829,2.55984,294.906,34.8697,17.1602,26.8273,1.4406,23.3749,15.3576,3.49974,5.8784,1.13337,16,0.466557,1.08834,2.18258,235.202,23.4424,14.0637,46.694,1.94297,19.1431,9.55339,3.13194,7.07213,1.97366,11,0.516788,1.24127,2.99333,221.131,25.5885,22.9624,27.4007,1.18122,16.9442,9.70114,3.07449,4.86986,1.05812,10,0.536437,1.38678,2.79985,171.44,25.6022,18.0977,41.3379,1.56958,13.9685,7.8159,2.78842,5.39612,2.46142,8,0.576255,1.21348,2.29316,567.193,138.483,32.6381,64.0068,3.3448,40.6509,28.1153,6.96387,12.809,5.28383,18,0.633037,1.55934,4.31542,282.628,29.5831,16.5766,60.6458,1.88713,20.3502,10.2386,3.37721,8.07008,3.03376,8,0.605371,1.65949,4.74498,416.78,59.6346,29.3743,52.0843,2.18933,31.2604,16.565,5.78517,14.8987,3.43228,18,0.512339,1.40114,2.91742,171.101,27.5016,17.0059,24.4614,0.930225,14.428,8.16248,2.0621,3.77659,1.07131,6,0.503779,1.50022,2.70685,551.784,154.594,32.2616,31.4809,1.23119,41.3578,28.7345,6.44027,7.98075,1.78039,26,0.720241,1.08761,3.05179,357.231,38.3377,54.4807,92.1718,46.2967,28.8097,14.4629,6.78334,24.1315,10.2094,15,0.548749,1.29578,2.58839,308.263,34.9668,19.2533,16.2907,1.33665,24.2101,10.9178,3.86308,6.23193,2.08106,12,0.695385,1.51962,3.14337,271.883,34.4467,17.3754,8.22498,1.63947,22.883,11.2773,3.73234,3.20875,2.00004,15,0.537129,1.15062,1.95437,371.142,73.4507,27.6843,38.6188,1.51615,28.0188,16.9896,4.90058,12.326,5.06854,12,0.707812,1.63188,3.36118,506.549,58.6187,27.1716,27.2905,1.49202,34.4043,16.5654,4.98501,5.95691,2.61504,12,0.528918,1.37241,4.77401,156.605,20.1266,10.1964,20.9004,2.74107,11.9482,5.91156,2.27549,7.54752,3.49406,6,0.629836,1.30384,1.97908
gr00t_wbc_h074_p000,3870,complete,90,18,9.45353,3.35125,0.0745984,0.0869269,319.028,30.4673,13.8515,21.0486,2.45573,29.0918,15.4702,4.5311,9.22819,7.70049,16,0.537944,1.09748,1.90058,152.666,19.417,7.39755,12.932,1.10129,13.1491,7.37337,2.21313,4.0695,1.21751,8,0.606922,1.17828,2.1077,274.047,22.9195,11.5267,8.89514,1.75665,23.5899,12.4338,3.85703,6.66763,4.08895,17,0.510233,1.16043,2.0551,256.112,24.7589,9.90402,7.63622,1.03243,20.8185,11.8302,2.95746,4.19795,1.56842,12,0.635815,1.14617,2.2027,276.459,25.8323,10.1778,13.7843,1.07767,22.8079,13.411,3.5002,6.23393,1.13997,13,0.492849,1.30833,2.48962,197.718,29.0994,10.9359,20.9058,0.728458,17.0541,11.2118,2.68466,5.63884,0.90574,9,0.679065,1.29758,2.45761,238.974,27.3977,19.8174,28.5707,1.22759,20.9932,10.6217,3.41091,6.79569,1.68453,11,0.574158,1.35565,2.54475,214.068,20.9752,26.798,70.7345,3.11738,19.0042,11.6961,3.80848,10.8732,5.66385,15,0.507111,1.03239,1.73215,352.991,33.281,24.924,18.4803,1.20833,29.0997,16.3175,5.11352,10.5513,3.01555,19,0.488759,1.09942,2.48954,234.469,37.7007,37.2197,134.021,22.1925,18.0667,11.3541,3.97372,18.499,6.97867,10,0.553033,1.37653,2.33753,357.87,63.2134,25.3928,15.4398,0.659088,27.5305,17.7861,4.22913,6.2444,1.47746,12,0.643629,1.47154,3.56339,469.914,70.2894,58.1203,70.9937,14.33,39.9678,24.1245,6.89361,13.6221,7.46712,21,0.47418,1.21691,2.78941,1202.55,173.945,198.115,337.923,50.9375,68.4497,34.7778,14.2157,49.1537,17.9472,20,0.483844,1.56907,9.36632,201.028,27.5027,11.4659,7.13501,1.42429,15.8123,12.163,2.80067,3.93263,2.55404,10,0.515649,1.2411,2.41342,470.289,85.1139,33.4776,78.6562,60.9164,36.7792,27.4316,6.03436,17.2596,8.56105,24,0.513754,1.10594,2.20665,383.929,42.8397,16.5689,14.9728,2.37263,29.0267,14.1375,4.2792,8.65027,6.67753,8,0.696078,1.89781,6.91665,330.33,34.8868,18.7157,28.7976,0.9888,25.4138,9.34156,4.03102,7.01108,1.58998,11,0.571583,1.67631,5.25557,380.112,38.3,33.8132,32.2687,1.21822,27.678,16.5649,5.32968,7.52714,1.57184,21,0.550265,1.21853,2.50718
gr00t_wbc_h074_p000,3871,fell,55.74,12,16.1872,3.06908,1.03472,2.45363,275.701,25.0307,17.5765,30.2412,1.714,26.3144,13.1668,4.31498,7.68222,1.86642,16,0.481624,1.02338,1.50605,231.11,20.4063,18.6224,22.3686,0.952756,21.7631,12.6004,3.77708,5.63669,1.53879,15,0.483928,1.05523,1.73653,176.533,15.9847,13.178,17.292,1.14117,16.5097,8.14955,2.99045,6.11625,3.36737,11,0.493375,1.11614,1.77462,244.534,24.0383,9.83586,14.3292,1.71066,19.6352,8.69763,2.97712,5.13004,3.1822,10,0.464445,1.28348,2.98586,249.417,39.4326,27.3248,136.769,3.65027,17.7739,9.80373,3.31865,9.80373,3.25369,12,0.590911,0.969095,1.53539,227.422,37.9142,28.7724,99.0002,4.62827,20.4562,11.6824,3.80501,14.9367,6.60028,9,0.609272,1.63911,3.06343,263.946,48.703,23.6027,13.8346,2.2907,25.735,14.4659,4.30822,7.54449,3.29998,18,0.526244,1.35684,1.86708,208.004,39.4748,14.3862,15.7381,1.73773,19.0192,11.1487,3.1106,4.48173,1.96908,8,0.67424,1.70385,2.59164,269.117,59.1215,25.6094,40.2711,3.02956,20.5211,14.0975,3.862,11.3982,6.65177,12,0.554034,1.60731,3.1619,365.73,48.359,22.931,29.1653,0.890282,28.406,16.1756,4.51494,5.89056,1.25377,15,0.447014,1.2573,2.84232,130.313,16.9124,8.76184,19.2661,1.38274,9.98608,4.58517,1.56834,2.97568,1.18861,5,0.566074,1.45256,3.47937,2192.57,249.475,59.5321,20.2096,0.554771,75.1243,34.9497,9.98263,9.41808,2.64173,2,0.209949,0.406961,0.585876,,,,,,,,,,,,,,,,,,,,,,,,,,,,,,,,,,,,,,,,,,,,,,,,,,,,,,,,,,,,,,,,,,,,,,,,,,,,,,,,,,,,
gr00t_wbc_h074_p000,3872,complete,90,18,9.75297,2.37577,0.00606685,0.00485132,232.886,29.4206,11.3838,21.5114,1.97794,21.3446,14.0935,3.45428,7.3415,1.53067,17,0.369042,0.833261,1.39914,256.342,23.6793,10.3321,11.9773,1.32817,20.7783,12.5262,3.35124,6.6666,1.93041,13,0.516097,1.2599,2.69713,373.074,38.0219,13.5375,23.8242,1.6175,29.445,14.6614,4.55618,7.11859,2.04274,18,0.506988,1.31511,2.84838,133.057,14.1831,5.91586,13.0586,1.55684,10.3778,4.67669,1.95994,4.68979,2.29095,6,0.468979,1.16362,2.57082,285.926,21.5941,13.1478,19.4247,0.968022,22.4124,12.2338,3.6277,5.70399,1.0959,15,0.538463,1.11647,2.14106,347.878,37.6393,30.7849,144.179,3.80205,29.9084,18.2446,5.8433,20.4085,7.52724,21,0.49699,1.02699,1.9964,388.51,38.0154,14.8062,19.7709,2.42089,26.2238,14.8933,4.16261,8.4442,4.65045,13,0.484651,1.3636,3.4972,440.359,39.4147,25.7312,39.3599,3.89942,30.1181,14.9237,4.90399,8.11821,4.50704,13,0.591946,1.55437,4.60192,202.569,19.263,26.4528,21.0041,1.59932,15.4165,8.82324,3.07321,7.80918,4.32311,9,0.516058,1.20112,2.18584,289.073,29.9764,15.2238,33.4994,6.77704,22.0565,13.4544,4.03184,13.5826,7.58077,13,0.527412,1.19218,3.14904,332.621,34.4914,19.5962,33.4067,1.38052,26.0909,16.8136,4.30336,8.29348,2.7722,16,0.583149,1.29785,2.30534,399.147,79.6423,24.2247,21.3179,0.833328,31.0114,21.3918,5.24218,8.34337,2.2313,17,0.697562,1.30244,2.75388,308.441,29.275,11.8977,10.8653,2.11146,22.8905,12.0071,4.01177,6.52522,2.39052,13,0.569824,1.40078,3.33526,81.0168,10.7922,6.45998,16.761,1.05639,7.22538,5.7038,1.39175,2.73425,1.11145,7,0.33813,0.87942,1.55575,278.452,43.9339,15.897,23.3676,0.843369,21.3332,12.49,3.87559,7.35797,1.52283,14,0.574225,1.11533,2.47268,266.554,21.7042,14.5683,24.0388,1.1473,21.4126,12.7888,3.71607,5.07375,1.05525,9,0.547252,1.33463,4.41612,799.001,102.126,79.361,42.8289,1.99937,61.2159,32.6718,8.28873,13.6419,3.25997,20,0.570633,1.75022,6.02176,174.571,17.0546,8.53604,16.923,0.999031,13.2017,7.49964,2.21952,3.74828,1.12281,8,0.526414,1.16748,2.02569
gr00t_wbc_h074_p000,3873,complete,90,18,8.52205,2.48762,0.0317261,0.0242961,217.943,25.1538,9.09481,15.6768,1.70627,17.8443,10.7369,2.892,6.88759,1.90041,13,0.4161,0.90192,1.55275,342.912,32.6389,14.2344,14.9757,1.81181,27.4363,14.098,4.25881,6.52492,1.50008,19,0.569792,1.12801,2.32325,103.432,10.2618,5.00325,5.97059,0.939097,8.39482,4.60678,1.46034,2.32253,0.835479,6,0.44475,0.935252,1.76192,370.655,33.776,14.1821,16.4521,2.48029,28.8894,15.9243,5.06568,11.9973,5.15058,19,0.527077,1.22052,2.92724,281.249,25.9811,14.6243,15.6893,1.48772,23.0499,14.1819,4.01922,7.37874,2.09752,18,0.544086,0.883331,2.1723,379.707,29.1661,16.0123,13.0436,2.17617,25.5368,13.6845,4.15437,5.0303,2.60794,11,0.515101,1.28567,4.23926,263.922,33.3051,20.2744,20.8793,1.37798,20.8817,14.6839,3.79173,6.18863,1.77189,12,0.617761,1.27708,2.90033,130.015,13.6916,7.41771,14.7545,1.36976,10.6564,6.98004,1.8908,3.19418,0.957586,7,0.485431,1.08821,2.37207,499.598,37.1685,21.8035,21.0821,1.13022,27.8327,13.7503,3.97159,4.88268,1.27744,11,0.406801,1.31646,4.58299,181.277,21.2665,22.7681,65.9911,3.75539,16.0879,9.14199,3.28128,9.10597,2.93162,11,0.557578,1.06144,2.1314,71.8064,8.79663,7.59822,25.2715,1.031,5.54855,4.20384,1.0878,2.87594,1.01533,4,0.491995,1.24807,2.02844,383.354,47.8261,21.6667,36.3032,1.88506,29.4348,14.8388,4.61207,10.0109,4.4103,12,0.511999,1.44696,3.4395,300.088,30.5231,18.6998,17.668,3.16082,22.8193,12.2617,3.62417,6.129,3.07377,12,0.567998,1.39488,3.71896,526.797,123,26.1956,13.7137,1.52065,38.9269,27.3912,5.81581,11.5112,3.28862,13,0.599471,1.45703,4.86268,288.146,34.7257,14.3312,15.0337,1.14244,22.7202,12.4463,3.27229,7.83187,2.24244,10,0.538256,1.45403,3.65612,286.66,45.6304,19.3465,27.0446,1.20295,22.1563,12.8588,3.73833,5.18392,1.41182,10,0.532489,1.44928,3.60332,214.078,25.5146,19.2431,25.0011,1.24902,18.7891,10.2618,3.32084,5.20279,1.64121,13,0.480556,1.10784,1.93916,362.096,43.665,18.537,26.7543,1.31609,28.7293,16.0757,4.71928,6.8639,1.78179,18,0.559072,1.14721,2.61348
gr00t_wbc_h074_p000,3874,fell,61.18,13,20.3025,13.4562,3.14211,2.55429,249.63,21.374,12.8201,14.0831,1.87469,24.8424,13.4879,4.04694,8.97124,4.55079,18,0.405647,0.874334,1.40559,228.21,21.9751,9.68175,16.1594,1.5647,18.3681,10.3898,2.73021,5.23042,1.77597,11,0.530786,1.3074,2.58553,238.154,19.8483,11.4639,24.0781,2.38739,21.855,12.5878,3.55024,6.30895,3.91081,15,0.499865,1.11361,1.8253,256.645,24.3026,10.6744,16.552,2.81519,22.3016,11.7688,3.54652,6.80287,2.84635,16,0.47531,1.02254,1.67381,203.636,20.3249,8.13889,18.5007,1.358,15.1326,6.39809,2.80995,7.06008,2.86265,10,0.50902,1.38742,2.92947,178.166,21.3193,9.41401,34.32,1.51238,12.8676,8.57075,2.1452,5.85834,1.12718,9,0.460191,1.13152,1.73577,250.467,29.2861,18.216,21.5619,1.01663,22.909,13.8913,3.78029,6.33442,1.4502,16,0.491222,1.10852,1.68194,263.604,25.9188,21.4575,48.3551,1.10429,23.073,13.9647,4.47646,9.29807,2.30685,18,0.493884,1.09988,1.7002,116.415,10.2649,9.14589,22.3777,1.77933,10.4904,6.05116,1.81481,3.08909,2.5154,7,0.556026,1.2228,1.81845,704.678,80.1695,62.7645,213.407,49.6184,49.407,24.452,8.62531,24.584,7.03282,21,0.601691,1.56594,4.32008,302.854,26.7988,18.5711,29.4562,1.1843,23.3738,15.6094,4.07201,5.21153,1.14056,18,0.48754,1.07271,1.62897,478.651,50.7041,24.8216,27.8215,1.83533,32.8333,15.8582,5.18104,7.49021,1.46661,20,0.344337,1.37718,3.69147,4278.67,521.705,161.789,68.9007,3.6815,125.956,61.5783,16.8338,26.1955,9.06697,1,0.734512,1.16676,2.61569,,,,,,,,,,,,,,,,,,,,,,,,,,,,,,,,,,,,,,,,,,,,,,,,,,,,,,,,,,,,,,,,,,,,,,
gr00t_wbc_h074_p000,3875,fell,66.3,14,18.2021,7.5374,2.69915,3.3477,185.803,18.8551,7.95429,9.78934,1.09395,18.9444,11.0084,2.73855,5.95331,1.99004,11,0.425389,0.899141,1.81398,260.379,29.1134,17.6441,19.5534,1.88194,20.8154,12.8873,3.28791,10.3608,5.70672,13,0.552707,1.17333,1.93537,284.517,25.3144,12.2846,20.0613,1.86684,21.5348,11.7941,3.65452,8.94456,3.66966,10,0.571248,1.46236,3.77825,118.797,14.681,6.22506,19.7697,1.90549,9.7976,5.09197,1.77007,2.58338,0.912876,8,0.453792,0.987308,1.74167,183.118,16.1912,8.79857,12.4652,1.81399,16.7298,9.37386,2.37355,3.67524,1.0991,10,0.4118,0.995935,2.54764,282.183,24.7628,16.9314,38.3089,5.30168,22.412,13.0433,4.0791,9.77254,6.07302,14,0.48659,1.07365,1.99893,280.042,42.6964,12.9918,28.0506,1.17652,21.6984,14.3484,3.33171,6.70634,1.82316,13,0.462328,1.12286,2.55753,327.665,33.6353,16.1259,19.6846,2.06859,25.0502,13.3357,4.23957,4.83502,1.25169,13,0.630655,1.49245,3.48657,335.406,31.5269,18.7052,19.9872,1.49351,26.2085,16.2782,4.41863,5.17539,1.36314,16,0.607603,1.26045,2.28736,202.856,26.612,9.75726,17.6059,1.00072,15.3833,9.52331,2.44439,3.50403,1.20187,9,0.589544,1.16376,2.18538,677.323,47.4305,38.5516,20.783,1.64177,43.045,23.1273,6.28015,10.6861,5.38443,21,0.511269,1.29432,4.01264,343.304,41.8538,13.6604,16.8118,1.73368,24.9683,14.0735,3.45232,5.94562,3.92745,12,0.576893,1.23155,3.57685,306.877,36.5879,17.6831,17.5566,3.16118,25.4316,13.7807,4.50073,7.56363,5.06966,15,0.556645,1.34085,2.1758,2081.94,105.187,53.1293,23.425,1.77745,78.2237,31.9765,11.1294,13.4329,6.12851,3,0.212807,0.699137,1.27066,,,,,,,,,,,,,,,,,,,,,,,,,,,,,,,,,,,,,,,,,,,,,,,,,,,,,,,,
gr00t_wbc_h074_p000,3876,complete,90,18,9.24876,2.34311,0.0160327,0.0435631,189.634,20.1375,9.64037,19.4245,2.98814,18.9457,9.8591,2.80354,6.77974,3.39567,13,0.376749,0.884298,1.62667,297.128,56.7179,14.9618,22.1164,1.73218,20.7029,13.4219,2.71256,4.64021,1.21727,7,0.625372,1.68423,3.17043,271.401,32.3653,15.0263,22.0453,2.02839,24.2562,12.7935,3.94551,7.18026,2.74395,14,0.530954,1.21818,2.67449,212.859,22.7738,8.80626,16.4422,2.7384,16.1537,8.89059,2.57165,5.15415,3.08397,12,0.467307,1.03678,1.80507,287.765,39.7638,20.1567,38.7197,2.48333,23.7653,13.4757,3.9627,8.31912,3.04541,16,0.512728,1.14117,1.73525,240.866,32.4774,20.1719,49.9084,3.25668,21.3106,11.7851,3.65413,8.08663,3.0605,12,0.532978,1.36088,2.38698,157.411,17.0047,9.56393,16.4127,1.37933,13.0973,7.73139,1.98655,4.4743,1.64987,10,0.514113,0.993974,1.5575,193.147,35.3077,13.3324,20.9987,1.58645,15.8551,9.91541,2.93848,5.58948,1.77436,10,0.376316,1.09078,2.45831,453.07,43.0345,26.691,36.6553,0.85759,29.9529,13.78,5.61472,8.80414,2.06998,17,0.571216,1.60049,4.41659,208.166,17.2555,11.6468,27.5133,1.12134,15.96,8.82479,3.05385,4.12411,0.985898,13,0.468934,0.931517,1.92327,291.027,34.6228,21.3511,57.9902,4.10189,20.0969,11.128,3.45343,12.4022,6.06462,10,0.524675,1.68399,4.10769,491.851,65.3978,25.9469,65.5232,6.07497,37.1153,22.4488,5.9413,14.8253,7.82275,20,0.550583,1.33275,3.33433,296.551,25.1742,17.3033,23.7783,2.10615,23.0238,10.7057,4.2242,8.52607,4.36763,14,0.601639,1.36159,2.86546,258.448,31.0827,16.2171,11.147,1.51381,20.3965,10.4253,3.48948,4.17309,2.21674,15,0.492745,1.08498,1.54651,677.108,93.7677,51.8379,19.4785,2.18585,45.3748,23.4987,7.30064,8.06141,5.25153,11,0.551153,1.84813,6.64648,275.217,27.1652,19.4941,11.9338,1.97725,20.6958,10.7043,3.7452,4.35434,3.07081,12,0.593099,1.38882,1.98287,1142.99,285.014,45.6469,16.1516,5.11834,68.3528,53.8047,9.90457,12.795,9.37146,23,0.754754,1.31428,4.74054,310.202,31.2709,14.1727,13.0456,5.05277,23.4173,12.9307,3.46757,6.29935,4.25385,10,0.515634,1.14341,3.56914
gr00t_wbc_h074_p000,3877,complete,90,18,9.4197,2.46414,0.0512693,0.0509547,274.173,27.4474,10.1049,17.275,1.15035,22.109,12.2851,3.61757,8.77997,2.54929,13,0.55659,1.1343,2.33339,361.708,35.8922,18.442,25.6036,1.38421,26.519,15.4965,4.87011,6.73441,2.07231,16,0.637749,1.36159,2.65538,246.353,23.079,26.1872,68.9831,1.84782,19.4958,10.4387,3.90552,12.1435,2.15594,13,0.472635,1.00484,1.54902,310.243,31.7347,16.4398,20.8421,1.78851,24.5913,14.3005,4.22525,5.92446,1.50836,14,0.538008,1.39892,3.17899,594.135,55.2092,26.5223,21.5173,1.29667,45.0661,25.3781,6.78467,11.0733,2.81655,18,0.596544,1.53474,5.4491,246.989,33.3956,13.9645,22.3667,1.34343,18.1846,11.3558,3.09299,5.36166,1.08234,11,0.56694,1.1822,2.15446,231.064,21.8649,11.5044,21.7313,1.82756,19.4996,10.7352,3.90232,9.92666,4.29853,12,0.512095,1.17835,2.645,278.987,29.5277,13.4473,20.7642,1.3142,21.0365,10.9901,4.14704,9.26071,3.75601,13,0.563209,1.22992,2.89812,277.647,27.1776,11.7611,18.8333,3.01938,21.6543,10.462,3.78482,5.28009,3.68774,14,0.620519,1.33497,2.89449,224.094,31.2167,21.5041,169.004,21.6027,19.0536,10.7951,3.72213,16.5226,11.0255,9,0.426721,1.14043,2.0465,167.791,18.5573,8.60678,23.3023,1.8555,11.9288,6.89364,1.90608,3.07428,1.39195,8,0.568185,1.35487,1.93951,316.179,43.5727,36.6727,151.581,97.6491,27.9288,17.134,4.32891,14.6289,7.82573,13,0.430313,1.1012,2.75177,258.737,22.0263,15.6413,32.6672,3.53777,19.7876,9.18114,3.37172,5.65631,2.54716,15,0.469243,1.03687,1.59646,504.45,54.4514,25.8793,55.6396,48.627,37.3132,17.4086,6.189,17.1981,12.7089,20,0.521319,1.37093,3.07118,433.834,88.1485,25.5562,28.9089,2.61014,37.499,24.73,5.87654,10.7551,5.38631,21,0.560511,1.28985,2.5265,321.79,24.4542,14.7027,16.4603,1.40543,27.5683,16.974,4.58998,7.04464,2.51997,19,0.502105,1.0979,1.71322,228.844,22.6619,12.1583,13.731,0.884918,20.3657,9.00603,3.11204,6.57583,0.913711,14,0.501892,1.00501,1.5119,597.681,55.3746,26.1699,23.7512,2.35458,43.7658,22.0575,6.71139,13.2345,1.88759,22,0.494317,1.49677,4.65736
gr00t_wbc_h074_p000,3878,fell,65.82,14,9.92906,7.71964,2.3314,2.84148,176.347,29.8545,9.61919,14.8424,1.20579,15.8653,9.57221,2.46427,5.61639,1.13109,10,0.406723,1.07081,2.28259,345.377,33.4948,15.135,16.3778,2.62144,28.0826,15.9001,4.37598,8.3421,2.73588,17,0.515186,1.14655,2.26053,82.3316,6.95631,5.58629,24.3105,2.49908,8.20044,3.88892,1.53989,3.27959,1.76605,7,0.366772,0.848227,1.34672,99.9362,10.1738,5.81113,30.9387,2.44291,8.63329,5.09589,1.58651,7.45019,2.50025,7,0.432708,1.02751,1.71729,216.961,18.2579,12.8962,16.4364,1.84832,20.6472,10.6185,3.33211,5.7758,1.90332,17,0.377997,0.846525,1.57303,289.518,24.8693,14.0513,22.7669,1.51286,23.2756,13.3215,4.02804,5.74141,1.15229,16,0.451161,1.05279,2.01411,680.551,47.191,29.8442,34.232,1.73182,46.9377,24.6957,6.68062,12.7728,2.55,23,0.418726,1.04996,3.46667,310.222,27.0056,13.2915,33.2615,5.25657,23.081,10.7534,4.15156,11.7042,4.01171,13,0.445037,1.44424,3.60216,296.389,24.2699,15.2413,21.2094,1.52912,24.7413,13.995,4.04961,7.01216,2.24161,16,0.535309,1.15479,2.14157,457.172,54.1633,20.417,17.2961,1.3168,33.4039,19.2118,4.96393,9.85591,4.00716,25,0.434413,0.932303,2.16052,231.092,21.4922,10.5764,14.7189,1.24302,22.4216,13.3503,3.47723,7.31973,2.84995,15,0.457655,1.02766,2.34832,262.836,26.0562,18.7313,56.637,1.97015,21.5961,11.7921,3.8124,11.4591,3.25868,13,0.554074,1.20297,2.48701,317.838,42.6159,13.0833,13.0387,1.65167,27.1204,15.091,4.13484,5.47277,3.66522,16,0.562249,1.19208,2.42635,2310.9,293.531,111.177,23.887,22.6741,71.6608,28.1958,11.0147,19.5318,7.91292,1,0.418518,1.4084,3.51849,,,,,,,,,,,,,,,,,,,,,,,,,,,,,,,,,,,,,,,,,,,,,,,,,,,,,,,,
gr00t_wbc_h074_p000,3879,fell,60.64,13,13.3012,14.1366,3.09534,3.95987,202.664,25.1092,9.64725,20.6447,1.25827,16.7659,10.0275,2.46203,4.83769,1.05627,9,0.512582,1.11385,2.03839,316.397,31.8587,15.1974,26.3811,1.64248,23.4616,11.946,3.90477,5.65626,1.19438,17,0.562083,1.15095,2.18412,203.033,19.2394,10.7102,27.9546,1.96124,16.5317,10.9332,2.82973,6.16669,1.89676,11,0.470262,1.16116,1.76736,248.519,26.677,12.3166,19.6157,1.6251,19.0803,10.0313,3.40624,5.85671,1.33443,11,0.543531,1.23765,2.18428,304.446,21.9375,12.1631,20.8893,1.46974,22.0167,11.9531,3.27415,6.35869,1.38376,12,0.422174,1.09594,3.07779,224.287,37.8119,10.5616,17.123,1.34733,15.6385,9.06182,2.8326,5.57492,1.41212,10,0.537998,1.21321,1.60818,314.774,24.1857,12.4192,16.0677,65.0905,24.7201,11.3002,4.38976,10.9511,8.06094,15,0.515427,1.25931,2.6905,221.801,22.3577,11.1825,17.3564,1.67942,17.277,9.10437,3.07048,5.98048,1.8825,11,0.519843,1.28014,2.26025,767.398,195.755,96.0844,131.275,25.535,47.869,32.2523,10.7032,25.5107,8.93971,15,0.683646,1.4516,6.32265,531.083,40.8033,24.4429,20.3082,2.39188,33.9175,23.9124,5.09233,8.4973,5.36868,21,0.40369,1.00814,2.86726,674.639,117.006,31.1874,26.7867,2.62941,51.8351,32.9068,7.61444,17.6604,6.11152,24,0.731718,1.34952,3.84534,211.336,16.8634,13.122,15.2802,1.38927,17.5474,9.06273,3.41234,6.05307,1.48455,9,0.598598,1.38226,2.84183,3174.29,166.43,104.748,27.615,0.419777,59.4033,22.021,9.38998,10.8169,1.54713,2,0.2584,0.541454,0.737488,,,,,,,,,,,,,,,,,,,,,,,,,,,,,,,,,,,,,,,,,,,,,,,,,,,,,,,,,,,,,,,,,,,,,,
gr00t_wbc_h074_p000,3880,complete,90,18,8.104,2.51802,0.0173394,0.0174376,218.894,29.9491,10.0748,9.55302,1.60805,19.8982,9.62684,2.72045,5.19592,1.92076,11,0.411396,0.898341,1.79985,266.695,24.2985,12.0959,16.6282,1.30154,21.5736,10.7814,3.55801,6.13173,2.31307,12,0.53355,1.37239,2.627,187.292,20.2708,10.8133,34.4561,3.97505,15.7107,8.51417,3.22206,10.2066,4.35949,9,0.518919,1.20182,2.19211,273.25,30.3826,13.3335,23.3826,1.7269,23.7947,14.811,3.69808,4.74039,2.441,10,0.508331,1.54482,3.2561,139.849,16.1683,7.69087,14.7867,1.4201,10.5279,6.06298,1.81926,3.92226,1.74872,6,0.633701,1.24573,2.30465,198.66,21.4646,12.7597,14.5389,1.5824,16.7084,7.18398,3.15119,3.33608,2.0638,8,0.656196,1.5974,3.09074,196.878,27.2039,16.8784,24.8566,4.6127,15.0668,9.15076,2.52103,5.70416,4.3721,9,0.602098,1.30682,2.30295,552.075,146.327,37.1831,22.095,5.00703,40.2673,30.5451,6.59039,11.1948,8.44907,19,0.567306,1.17697,3.19898,237.249,35.2777,18.9993,12.2587,3.01667,20.8754,10.248,3.6505,5.0579,4.09724,13,0.619273,1.14837,1.99051,411.989,44.205,42.2214,75.5706,124.394,29.5329,15.794,6.19261,18.206,19.6888,15,0.527895,1.33974,3.49517,511.269,148.122,40.2489,33.3878,12.0794,38.9856,27.6769,6.97044,13.853,11.4961,22,0.659252,1.24075,2.92858,553.913,95.2416,35.2655,25.3372,0.971085,35.3554,23.0257,5.82523,8.86151,1.70207,10,0.370922,1.49048,6.89702,250.337,38.8755,14.5542,26.2082,1.35266,19.3639,11.1334,2.95383,5.45991,1.27943,11,0.524017,1.17219,1.59822,355.292,30.3688,16.2844,30.1555,1.02985,25.619,14.9015,4.18734,6.19543,1.19446,18,0.556095,0.984428,2.04694,432.153,33.3447,29.3326,26.8409,1.27446,31.5842,18.5525,5.22071,9.61542,3.69449,13,0.555582,1.55272,3.92829,247.521,31.1619,15.5441,19.5076,3.53513,20.2875,11.7738,3.25802,7.6832,3.35598,15,0.478489,1.05061,1.76465,189.121,24.2662,18.5772,81.4753,2.58733,14.4268,8.24055,2.78748,12.7865,5.44949,9,0.593798,1.24865,2.34692,381.825,76.5828,39.4549,40.4953,2.17593,26.9802,17.5638,4.9167,13.1888,4.50423,13,0.521557,1.60074,3.10509
gr00t_wbc_h074_p000,3881,complete,90,18,12.2075,2.76539,0.0420312,0.0664119,220.276,26.7564,9.85091,15.1584,1.50869,19.5746,10.4643,2.9861,4.61724,1.359,12,0.446105,0.968675,1.57432,348.686,39.1816,18.2221,28.3673,1.09952,26.4316,16.0057,4.42075,5.49229,1.44241,16,0.575803,1.36669,2.74068,229.305,21.4679,12.7216,28.0945,1.59296,19.4299,10.9192,2.74969,4.2654,1.17607,13,0.508175,0.989346,1.74149,408.226,53.051,18.8125,22.4647,1.59629,34.9386,18.9516,5.37563,8.96319,2.75021,17,0.505487,1.28516,2.89398,344.168,32.3409,15.7409,13.4034,1.42004,23.3451,12.689,3.85679,5.22346,2.4006,16,0.540257,1.16935,2.26643,142.366,15.7426,9.51157,11.743,1.64613,12.6963,6.40423,2.31707,3.977,2.0918,9,0.473197,1.15715,1.55807,221.916,22.7872,12.2901,14.5108,1.26738,17.6242,9.55939,3.01202,4.74533,2.07905,10,0.663955,1.34728,2.5781,963.629,226.686,53.5878,156.732,10.4193,64.5763,43.002,9.84786,18.9863,8.48777,19,0.540099,1.48835,6.21698,423.412,69.0359,24.1173,40.9734,1.62071,31.2271,18.3809,5.4511,9.77611,3.46615,15,0.695257,1.55283,3.38466,281.652,26.0569,17.0059,21.344,1.51754,24.0412,15.7576,3.93807,6.3992,1.07403,14,0.55461,1.31562,2.70697,189.863,20.9866,13.3185,87.3521,4.54088,13.3052,7.24714,2.36095,13.1336,4.04685,6,0.391012,1.1175,4.09031,451.617,86.6101,42.8795,42.5771,1.50857,35.8514,26.2145,6.74737,12.5116,2.41333,25,0.527168,1.06623,2.13216,288.872,31.0663,12.0859,22.2933,1.10033,20.4231,12.1239,3.33524,5.48552,1.66325,10,0.638757,1.59172,3.44854,729.756,57.5958,33.5048,28.7919,0.788052,44.1912,24.2954,6.32736,8.60395,1.50518,17,0.462447,1.35501,5.28198,229.838,23.2883,14.105,19.1014,1.4436,19.4287,11.9048,3.45935,5.0652,1.57181,13,0.465675,1.1544,2.12584,109.697,15.9655,17.0402,25.2697,0.957603,10.2595,6.25842,2.16425,4.25059,1.37632,9,0.284468,0.81921,1.10336,602.128,129.195,49.1075,16.063,1.33749,42.8887,31.9216,6.44838,6.85943,2.55498,20,0.610959,1.30468,3.55273,197.935,23.1677,22.3084,15.1035,2.03277,19.3276,10.5662,3.88973,4.61897,1.46354,14,0.404813,1.03901,1.54168
gr00t_wbc_h074_p000,3882,fell,45.68,10,13.0411,11.4334,1.9184,3.39456,195.376,20.883,9.26497,17.1221,2.0266,18.0447,10.4116,2.86203,4.27373,1.39708,10,0.465229,1.03151,2.30285,152.868,16.3439,8.59973,17.9986,1.14289,12.2607,7.60418,1.95545,2.54623,0.604631,9,0.484199,1.06401,1.7557,327.182,36.4645,18.7413,28.5553,2.2161,24.3235,14.6634,3.96515,5.93211,2.30154,12,0.510468,1.56714,4.33262,295.541,46.123,16.3575,23.8445,1.67544,22.376,13.6314,3.43004,6.26861,1.58596,13,0.657686,1.13034,2.24257,146.369,16.0117,7.41864,20.6866,0.728643,10.9975,6.32493,1.99515,3.40772,0.857994,7,0.508028,1.12886,1.9878,146.467,10.5122,6.63201,17.7045,0.991251,11.2782,6.16578,1.95087,3.19541,0.847055,8,0.531013,1.19461,2.2736,279.532,37.378,21.2928,74.9419,2.05479,20.7301,11.0295,3.4903,12.6947,2.09062,12,0.562314,1.16741,1.64211,286.22,26.6049,10.3414,18.3843,0.804281,21.6553,10.9325,3.5916,6.3597,0.92729,13,0.500426,1.2901,2.49843,343.348,26.8629,29.6569,91.3361,2.44805,26.7974,12.9799,4.82678,15.6466,2.84958,14,0.556435,1.52357,3.23804,2845.23,153.188,73.7068,58.6839,1.39166,73.4715,17.5938,10.502,15.5838,2.41817,2,0.203207,0.52175,0.498726,,,,,,,,,,,,,,,,,,,,,,,,,,,,,,,,,,,,,,,,,,,,,,,,,,,,,,,,,,,,,,,,,,,,,,,,,,,,,,,,,,,,,,,,,,,,,,,,,,,,,,,,,,,,,,,,
gr00t_wbc_h074_p000,3883,complete,90,18,12.0158,3.01939,0.0181011,0.0238808,147.009,18.4383,6.44649,12.5138,0.892368,13.8384,9.49375,2.0545,3.4172,1.07642,9,0.368899,0.888955,1.58766,234.68,16.927,11.4661,16.3254,1.21025,18.842,11.615,3.46854,6.64394,3.36076,12,0.521168,1.15858,2.16934,303.245,30.3138,16.6743,31.8176,1.36914,25.3353,15.2622,4.01934,5.82733,1.72371,16,0.521896,1.12668,1.96114,287.074,34.3004,16.8998,22.3259,1.04472,23.8576,13.5522,3.39433,6.21146,1.43143,12,0.596531,1.29662,2.88939,366.079,28.14,14.1247,16.9901,1.95402,23.3609,11.1173,3.25017,6.42038,2.82206,9,0.512936,1.27662,4.6251,224.59,22.6842,11.7896,15.7531,2.22938,19.7198,10.2599,3.34089,6.21366,3.06653,13,0.625326,1.23216,2.78817,351.244,34.3391,26.1202,65.4547,5.84977,27.6811,15.0899,4.48713,12.9639,5.71923,16,0.557744,1.24068,2.3643,2334.75,156.344,84.7509,201.068,51.4303,100.898,47.5279,13.3457,34.1418,12.9778,15,0.619899,1.76419,17.5963,756.381,80.9604,34.0758,25.2617,0.963371,47.8795,24.3951,7.30828,13.2641,1.94379,20,0.433356,1.62976,5.9936,329.384,33.5584,52.2708,228.052,135.285,25.6606,18.2868,4.95254,19.4236,12.5757,11,0.475371,1.47798,3.16203,279.233,22.0314,11.441,12.7098,0.96022,20.6785,10.8993,3.27905,6.49875,1.6502,13,0.615371,1.20354,2.24723,294.377,29.3442,10.5077,11.1628,1.26949,23.8238,13.6598,3.75255,3.86834,1.76961,15,0.493457,1.17925,2.68772,123.221,13.6313,5.11981,12.9668,2.24187,10.4433,4.38477,2.0617,4.99348,1.82064,6,0.503797,1.40399,2.23898,342.31,70.3419,30.5994,95.9321,4.86899,27.4731,16.8987,5.10272,18.8785,4.58732,9,0.625444,1.38312,4.1496,254.562,23.6973,13.0544,13.3681,1.10158,20.7992,10.4441,3.62221,6.57534,1.24262,15,0.424678,1.10668,1.61964,382.52,63.0148,19.7239,14.5261,1.39131,27.4508,15.3745,3.94127,7.85416,2.56771,12,0.672602,1.47397,2.80622,215.934,19.8607,10.6317,13.2208,0.81546,18.6982,10.1413,3.03948,5.16506,1.2339,15,0.384443,0.956924,1.36641,200.517,45.6898,17.8683,19.081,1.12119,16.8779,10.9455,3.43076,7.35798,2.01768,8,0.578436,1.4326,2.96198
gr00t_wbc_h074_p000,3884,complete,90,18,7.55303,2.67088,0.00447349,0.00216689,264.479,36.097,12.4165,17.2486,2.65899,23.822,15.0391,3.90206,8.88758,4.55626,14,0.470875,1.22488,2.39045,221.952,18.281,11.7424,12.8963,1.67866,18.1175,8.92415,3.53095,7.19489,1.89736,12,0.558529,1.22817,2.39972,390.046,50.3559,15.0327,10.8914,1.43624,27.3601,15.831,3.65612,7.39925,1.29231,12,0.526683,1.26128,3.07731,208.713,17.5545,11.634,15.0301,1.62971,19.9278,11.0196,3.3128,5.72512,1.66844,12,0.528067,1.24621,2.26384,262.688,24.1915,20.8356,21.3315,4.07554,19.976,11.3447,3.34021,6.59959,2.6662,13,0.470927,1.11202,1.63024,183.185,27.5922,8.67708,9.8716,1.57126,15.4288,9.96446,2.61898,4.17884,2.33865,10,0.485488,1.19443,2.27517,250.892,27.4787,13.1894,11.874,1.10664,22.6755,14.246,3.69562,3.57492,1.56329,17,0.433552,1.05763,1.86368,295.61,33.2881,12.2517,14.4941,2.48781,22.9677,11.6506,3.50958,5.0303,3.24307,14,0.540514,1.14417,1.84659,407.926,38.812,21.0277,22.5313,1.34244,32.624,19.4043,4.97658,7.98295,2.26887,18,0.556315,1.37166,2.97794,304.23,77.026,23.471,28.4907,1.57247,25.9737,18.7039,4.70341,8.47725,2.87087,13,0.473606,1.31701,2.80795,247.868,26.6467,9.80415,15.7586,1.9821,21.0607,11.4548,3.27536,4.73036,1.84638,13,0.483411,1.16786,1.93361,969.755,120.76,58.9519,247.662,20.1226,62.7396,33.5502,9.17446,30.5993,11.8282,16,0.529106,1.41637,7.98971,305.58,32.1871,13.6721,16.5512,1.42503,27.109,16.5708,4.12162,7.36236,2.74977,21,0.528849,0.94184,1.97982,205.869,17.4279,12.3879,14.9252,1.37473,17.9153,8.80236,3.2917,7.18446,1.89066,10,0.49114,1.20023,2.66946,309.888,28.6569,16.0595,15.1763,1.49435,27.4488,15.2438,4.61507,8.33073,2.01829,15,0.447779,1.23694,3.44752,220.465,22.5339,11.091,15.8542,0.903908,16.3895,8.24222,3.17966,7.80134,2.21113,13,0.459352,0.965956,1.75204,660.73,112.358,40.8908,26.4729,1.50913,46.4398,27.1802,6.90095,12.4004,2.06274,23,0.582723,1.24607,2.75911,190.465,23.826,16.9498,17.3259,1.19473,16.2946,11.5793,2.8475,4.87838,1.52868,9,0.504625,1.42717,3.53895
gr00t_wbc_h074_p000,3885,fell,55.8,12,11.9436,15.6396,2.84595,3.35055,143.431,18.5603,7.48763,11.0944,1.86895,15.4871,10.0555,2.66437,4.9774,1.47725,9,0.481319,1.06845,1.62304,358.254,33.9415,24.8576,83.4864,2.85215,28.1711,16.9007,4.85771,8.40906,2.17836,18,0.516975,1.03859,2.02935,178.801,21.634,11.4335,22.4657,1.26374,13.7968,6.08277,2.46666,3.4355,0.951217,7,0.570808,1.46803,2.25969,371.219,40.1218,22.6135,32.1071,0.992737,27.2945,12.8481,4.97084,7.4376,1.64354,15,0.587782,1.33511,2.44509,359.304,41.8859,30.3853,42.8136,33.5067,28.6078,15.1134,4.66439,9.37445,5.85633,13,0.623747,1.50464,3.63452,242.763,29.4633,20.2661,24.3322,1.34703,20.3732,11.6179,3.49563,4.42414,1.1025,15,0.508047,1.13748,1.82073,377.48,47.3329,20.2132,24.6776,0.900555,27.7848,13.2411,4.68687,7.04387,1.93154,18,0.59438,1.20463,2.66975,225.29,24.64,18.4957,27.0384,1.25727,19.3973,11.497,3.60217,5.18195,2.03648,12,0.459995,1.1722,1.90075,381.832,49.1512,21.3385,24.5885,2.12212,25.6903,15.134,3.95731,5.6654,1.22897,12,0.517601,1.49893,4.5475,209.968,23.5957,29.396,57.9289,2.8722,18.4439,10.1758,3.0545,7.94041,2.65864,10,0.570063,1.27268,1.94221,195.671,20.7035,12.7538,13.0427,1.45308,16.0123,6.30637,3.29108,5.41871,1.3735,12,0.573053,1.12291,2.22209,2035.04,83.126,65.6134,10.0496,0.820408,73.7671,20.3258,9.00911,9.66573,3.54201,4,1.10534,1.73554,7.91604,,,,,,,,,,,,,,,,,,,,,,,,,,,,,,,,,,,,,,,,,,,,,,,,,,,,,,,,,,,,,,,,,,,,,,,,,,,,,,,,,,,,
gr00t_wbc_h074_p000,3886,fell,80.78,17,15.5083,7.58239,1.99615,3.16865,254.688,22.7999,13.6263,21.7661,2.63259,26.2034,15.4681,4.56566,8.76215,2.84069,19,0.432213,0.939834,1.49937,354.782,37.5474,12.8192,17.5789,1.34981,23.8003,15.0579,3.44393,6.37675,1.50383,13,0.535865,1.26231,2.89043,300.337,31.7752,13.7223,20.5405,1.42662,23.052,12.9952,3.53602,7.5053,3.13146,14,0.567886,1.19754,2.15609,107.617,14.2819,7.17329,22.6959,0.819675,10.191,6.16735,1.58059,3.50361,0.836276,6,0.585816,1.31306,2.18771,177.833,20.6623,11.9942,39.4876,1.31924,14.8132,8.33568,2.29475,5.99874,1.57179,9,0.484622,1.12944,2.33082,248.86,22.5872,9.9957,12.9838,1.97479,19.4034,11.1378,3.02388,5.3225,2.25672,10,0.606354,1.50821,2.92928,181.587,13.4567,9.27283,21.0202,1.11818,14.3721,7.24659,2.63178,3.4788,1.11408,10,0.575,1.03674,2.01708,252.434,33.1888,14.0854,24.619,1.10126,18.2148,12.5438,3.07865,4.70276,1.19557,11,0.605742,1.21336,1.76692,171.83,13.3075,12.0463,14.3654,1.37711,15.6375,10.1892,2.95141,4.06944,1.45001,12,0.495273,1.10073,1.69588,570.125,51.9721,28.2887,49.5037,2.99654,38.4642,18.4145,6.6614,14.2491,5.23298,17,0.48054,1.59193,5.2752,243.246,20.6607,11.7567,45.1867,2.90083,18.9238,10.291,3.1847,11.845,4.92295,13,0.43623,1.0376,1.34275,344.095,44.6625,27.1262,188.256,18.5442,28.773,14.1037,5.71624,17.5878,10.045,16,0.47638,1.40426,3.3083,115.01,23.7658,11.2331,35.4909,26.963,10.5814,5.8427,2.29488,8.29145,6.513,3,0.644018,1.85916,3.62443,252.067,29.3947,17.0547,32.8176,70.2772,20.3665,10.2688,3.62754,9.62802,7.85088,12,0.685916,1.31827,2.37465,247.047,25.4294,16.1358,55.7646,3.27512,19.1235,10.8629,3.52505,9.40341,4.77338,12,0.537254,1.17587,1.89985,170.289,16.994,13.0542,18.8264,2.51628,15.2933,10.6009,2.6692,4.80781,2.62793,10,0.507864,1.2821,2.60699,2938.03,175.504,163.703,60.5844,40.8387,67.9999,23.6547,12.6265,14.1278,9.3233,1,0.526176,1.06649,1.67896,,,,,,,,,,,,,,
gr00t_wbc_h074_p000,3887,complete,90,18,10.6796,2.98743,0.0233252,0.0401436,469.992,58.6271,22.9098,23.5396,2.17512,38.2086,20.2116,5.9889,9.54761,2.83917,20,0.548753,1.11619,2.54863,153.559,19.2455,9.51322,19.8966,2.85673,13.2597,6.54924,2.44104,4.60803,2.74228,7,0.669922,1.63941,3.24224,162.901,21.5824,11.0041,17.7133,1.64832,11.6695,6.39944,2.19746,5.29536,2.46433,7,0.564286,1.22067,2.07349,270.46,33.0953,16.9226,36.2499,3.32136,21.2724,13.1526,3.73549,13.6455,9.11407,14,0.563479,1.2643,2.20843,424.863,75.0733,27.6062,22.7189,1.24015,34.7972,22.7371,5.52139,11.1463,3.66113,23,0.479918,1.17132,2.05425,191.046,19.2167,11.2316,20.7759,0.876834,15.6407,7.76432,2.85589,4.28152,1.37424,10,0.577486,1.19079,2.21723,215.344,20.8336,19.6199,69.1244,1.25436,15.0046,7.98158,2.85431,8.18759,1.96753,11,0.494952,1.16,2.40194,274.726,27.4151,12.3624,18.7822,1.35815,20.8545,12.8965,3.11422,4.48832,1.49869,15,0.505596,1.04568,1.89021,173.806,17.9398,9.52437,23.2221,1.48908,14.3313,8.32045,2.57242,3.37114,1.29487,11,0.402729,1.04299,1.78271,252.536,24.2952,14.7756,28.0374,1.04944,20.3287,11.6679,3.34644,4.48306,1.16955,13,0.504636,1.23411,2.33799,608.71,60.1407,29.714,32.4091,2.00785,43.8177,22.074,7.23482,10.9166,3.97397,20,0.566581,1.70418,4.96911,301.77,24.5238,23.2835,26.797,1.18352,22.2275,12.4694,4.0248,6.22687,1.21283,14,0.645853,1.1946,2.29977,882.947,151.327,53.2778,31.3901,2.10828,57.0215,39.6976,8.93745,12.2957,3.30729,23,0.510307,1.24388,4.0813,428.666,33.5217,70.2349,287.591,61.978,41.2462,21.9763,8.8882,34.5364,11.8765,17,0.539107,1.25119,2.63051,326.657,55.6435,18.9363,18.6729,0.947411,28.5813,17.3369,4.41768,8.546,1.65346,17,0.588124,1.15272,1.98678,498.49,55.0623,24.2859,23.5831,1.01059,31.8441,18.3126,5.05141,9.67989,1.70349,14,0.563628,1.56796,4.31645,644.941,52.9531,41.132,87.1382,2.32688,45.9323,20.3729,7.84226,18.8292,3.94544,23,0.438562,1.51523,4.66978,189.885,23.4168,13.797,22.5364,0.788361,16.3687,8.58694,2.90702,5.70598,0.997051,10,0.505573,1.09091,1.47415
gr00t_wbc_h074_p000,3888,fell,80.96,17,15.9846,9.23526,3.01786,4.37686,121.129,20.6177,7.29438,16.019,3.29428,13.9705,8.61655,2.50513,4.63516,1.75405,11,0.3546,0.798114,1.36491,171.464,18.8632,10.1532,19.617,3.0427,13.9687,8.8,2.5903,8.2206,5.15205,9,0.535071,1.16831,2.00105,229.985,23.9358,10.3422,8.35186,1.1679,18.9505,12.2176,3.18368,4.15675,2.7532,16,0.463677,1.04309,1.8146,318.774,30.5839,13.4671,14.681,1.53225,26.1322,14.2715,4.3997,8.32184,2.71592,14,0.537523,1.28888,2.75052,156.132,15.4186,11.0972,50.9908,2.32621,13.5072,8.73922,2.22757,5.69665,2.18298,8,0.50806,1.21007,1.77634,284.097,31.5595,19.3677,57.8633,1.96165,22.0171,12.8136,3.59163,7.61524,2.03441,13,0.560334,1.39167,2.92142,183.852,18.9878,25.7181,63.3282,6.56763,16.1464,9.82554,3.0861,8.63638,5.5404,10,0.559069,1.24084,2.04033,448.932,52.7448,20.7368,29.5425,0.718994,30.7466,16.6245,4.8208,7.49029,1.74273,15,0.421872,1.64638,4.88187,258.995,23.193,15.0249,23.2082,1.01575,21.9088,10.6985,3.74757,5.42123,1.35798,15,0.512095,1.20632,2.10932,312.299,33.3812,30.082,97.2074,1.74175,25.1245,13.1838,5.0569,14.6061,3.33394,15,0.485178,1.21657,2.16024,457.821,35.8829,21.0368,36.1209,1.41024,32.2726,15.9569,4.73574,8.56817,1.8105,16,0.474648,1.1358,3.04513,90.8618,12.5276,5.8101,17.1717,0.711016,6.88508,3.86355,1.22205,3.09852,0.86035,5,0.490051,1.11252,1.14663,380.511,47.0725,39.5005,94.4142,23.8453,30.1482,15.362,5.67243,15.9305,7.35057,12,0.552692,1.38987,3.07598,167.887,17.7804,18.4732,72.1464,1.90374,13.9108,7.6355,2.5823,7.97692,1.7461,10,0.465749,1.0079,1.52038,221.679,25.855,17.827,31.3524,2.01711,15.9365,7.17652,2.94019,5.41351,1.80769,11,0.605738,1.43893,3.00396,262.154,30.9853,16.0341,27.6694,2.58469,20.7116,11.2579,3.21166,7.28027,3.9647,12,0.39012,1.16177,2.35523,2299.12,393.777,88.9295,88.0744,188.053,74.6744,52.2169,12.4145,27.6316,17.311,5,0.168866,0.700555,1.05908,,,,,,,,,,,,,,
gr00t_wbc_h074_p000,3889,fell,65.76,14,7.80921,8.749,2.9882,3.26408,237.052,26.5968,11.9882,10.7758,1.32881,22.2569,14.204,3.48039,5.80605,1.33547,15,0.430065,0.901409,2.09621,151.234,14.3872,8.26621,11.3949,1.1619,13.6645,8.85092,2.29709,4.34013,0.88497,11,0.459101,0.999454,2.02164,287.865,23.5161,13.5434,12.9159,1.22788,25.736,15.0681,4.19605,7.35385,2.19931,19,0.420535,0.941847,1.95268,265.24,24.5918,14.227,12.1076,2.18426,23.6179,15.8644,4.03882,7.0179,1.44857,19,0.418858,0.953999,1.83073,264.59,39.0307,12.8603,11.6547,0.923584,21.6929,13.9881,2.89973,3.1442,1.28556,13,0.380071,1.03541,2.63231,254.089,26.9782,13.1688,11.2266,1.30528,19.6665,15.3572,3.22408,3.70782,1.45238,15,0.459931,1.03412,2.14305,289.756,25.7375,10.318,7.77222,0.957816,22.6113,13.6325,3.57986,4.02573,1.24178,16,0.501521,1.07595,2.57662,176.378,15.1991,9.98813,60.6065,1.72404,15.2898,9.19438,3.17545,10.2862,3.42203,9,0.478094,1.14002,3.07367,217.427,34.41,9.42783,9.67384,1.57452,17.4265,9.62434,2.60505,4.32349,2.54504,7,0.78429,1.52233,2.89374,301.291,33.1684,10.8191,12.9442,1.76947,22.2001,9.88592,3.69947,4.006,1.79369,11,0.523147,1.62352,4.08453,289.407,37.3305,20.1426,120.172,44.8737,23.8409,13.7413,4.92205,18.7371,14.9786,11,0.4827,1.3789,3.18945,393.695,37.4304,20.5772,21.0923,1.16346,31.5563,15.2255,5.33014,9.27055,4.39234,19,0.54371,1.31051,3.23854,1138.39,246.251,75.441,102.173,55.8164,81.5576,53.9957,12.1299,21.5356,10.4062,29,0.660821,1.15946,5.36941,733.002,28.3665,43.1942,104.342,1.97809,21.3485,8.07625,3.96407,16.2766,4.57688,2,0.141041,0.634923,4.72089,,,,,,,,,,,,,,,,,,,,,,,,,,,,,,,,,,,,,,,,,,,,,,,,,,,,,,,,
gr00t_wbc_h074_p000,3890,complete,90,18,13.3731,2.61268,0.0276845,0.0504083,231.372,30.4004,13.583,19.5995,1.05563,23.0847,11.6665,3.65768,5.97676,1.71211,17,0.445123,0.858787,1.26681,264.651,23.2184,14.1649,26.5902,0.77539,20.5194,10.4845,3.52862,5.14075,1.75835,11,0.539964,1.46259,2.63621,148.862,14.4968,13.198,24.5334,1.18846,12.8071,7.7018,2.34821,3.66124,1.06446,11,0.431908,1.00148,1.23586,238.483,25.5019,22.0663,35.6307,1.85737,20.8729,11.3728,3.79637,7.79714,2.6871,12,0.490627,1.20142,2.19356,171.64,18.0063,10.391,21.3323,1.02991,14.2341,7.95425,2.0465,2.98722,0.897778,8,0.552305,1.27355,2.88694,216.386,22.7476,17.6991,23.5513,1.81575,17.0712,6.57597,3.47997,5.6168,2.07116,10,0.562366,1.51274,3.21493,105.567,13.4853,10.5877,16.6516,1.08949,10.8833,6.62744,2.03812,3.67757,0.944278,8,0.432094,1.02806,1.44603,143.969,13.4161,14.7434,68.0591,1.79117,12.4614,5.84724,2.4304,8.21494,1.97494,8,0.355139,1.11643,1.76348,178.286,24.815,11.5344,19.3723,1.52649,15.7321,9.73391,2.54668,5.49377,1.33153,10,0.52857,1.18609,1.83205,227.495,23.2484,13.2434,12.8737,1.72321,18.8427,10.3652,3.13297,7.18144,2.0449,12,0.508203,1.08149,2.32962,359.456,41.8914,22.8838,67.2489,67.087,28.0916,16.1489,4.5797,16.2794,18.9978,14,0.591672,1.49141,3.41377,719.026,82.6875,38.2949,60.119,3.47755,52.8126,23.1651,7.47952,16.224,7.58233,17,0.500984,1.43105,4.83464,382.829,36.8328,22.9378,21.2521,1.60816,30.8505,16.0057,5.59418,9.31802,5.16649,16,0.573767,1.41822,3.04207,458.389,47.2681,24.8015,30.5275,1.41411,33.9078,14.8239,5.72684,8.13262,3.86785,20,0.537519,1.41296,3.46908,386.105,55.9687,21.2444,30.2152,1.27374,31.306,18.8471,5.10973,5.89271,1.74689,19,0.648819,1.25469,2.27159,274.214,44.7222,28.0927,19.2443,1.72365,25.5912,15.7506,4.60241,7.74224,2.73329,16,0.502667,1.1484,1.90893,373.317,35.0904,48.9938,178.804,7.26931,28.3607,15.488,6.28634,23.6712,5.90702,16,0.493898,1.08003,2.402,408.718,50.5926,32.2484,14.67,0.967773,29.7471,13.7302,5.71902,7.06981,2.28525,15,0.561509,1.73769,4.28638
gr00t_wbc_h074_p000,3891,complete,90,18,12.8778,2.96027,0.0387123,0.0226176,135.718,21.9506,6.97679,13.209,1.06799,14.3061,10.1504,2.34025,4.60655,0.871795,11,0.373786,0.849866,1.49607,151.561,15.1522,9.41706,15.1434,1.45394,14.3581,8.21787,2.50074,4.86346,0.992259,11,0.411623,0.984174,1.64221,252.1,23.6909,9.67766,9.19807,1.61659,20.7337,12.0517,3.4739,7.84561,3.24065,14,0.471547,1.0227,2.18673,293.567,29.0944,12.9895,11.7573,1.52182,24.839,13.513,3.79297,5.73236,1.49416,15,0.499375,1.18449,2.53144,217.241,25.5012,6.42115,10.931,1.56891,16.4241,7.65978,2.84267,5.47023,1.27032,9,0.515361,1.42337,3.22971,189.777,15.4604,8.09318,12.1543,1.29213,16.0316,8.54629,2.9679,6.49549,2.48466,9,0.526455,1.17678,2.36942,173.004,15.8237,8.40177,13.4287,1.14325,15.7462,9.47411,2.77499,2.85278,1.88377,11,0.390533,0.955754,2.07674,457.189,48.713,22.0138,61.2583,2.40929,37.6949,22.2921,5.8813,13.1342,5.98868,19,0.516194,1.29307,3.8196,522.292,57.31,26.4718,19.7685,1.35308,34.6811,19.4657,5.86303,10.3312,3.86097,18,0.394422,1.07612,3.2738,396.497,75.8262,23.6985,54.9198,1.19217,31.6878,19.266,5.3821,15.3724,2.84447,15,0.769634,1.33003,3.22885,2009.19,234.834,97.4229,155.673,3.12305,104.666,49.5396,13.6815,33.5076,6.45071,18,0.662907,1.54773,11.0096,213.342,18.8768,12.8698,23.2018,0.812222,17.5358,9.46059,3.03333,3.51749,0.861227,12,0.502197,1.17221,1.48404,456.229,39.8497,48.0934,277.09,2.92636,34.3944,17.4043,6.76334,18.0229,4.09639,17,0.472531,1.29185,2.27036,690.778,73.3336,39.6419,19.8298,2.0612,46.703,25.0614,7.58558,9.85812,2.85369,22,0.460846,1.61093,5.13333,284.806,42.4139,15.0859,11.7396,3.46144,23.2911,13.1392,3.77295,6.62913,3.67572,12,0.651577,1.49715,3.14809,296.925,32.6587,12.56,15.7773,2.76185,20.9447,12.0985,3.79757,9.28392,5.22072,9,0.615327,1.72685,5.06778,393.391,40.4385,28.1398,21.8358,15.4618,31.3403,18.1666,5.07891,12.2216,6.97057,17,0.503523,1.23376,2.81227,438.302,51.0281,23.0611,77.6301,17.1998,34.9421,20.2863,4.72535,16.8818,12.2366,13,0.561614,1.58759,4.08547
gr00t_wbc_h074_p000,3892,fell,56.74,12,28.1068,11.3163,3.2934,4.08716,340.854,34.4818,17.5902,24.1528,6.35854,30.8168,15.7711,4.94929,12.1914,4.31801,19,0.476043,0.988125,1.94786,242.971,31.203,14.8277,13.4152,1.70115,19.5251,11.922,3.40388,6.1008,1.62598,13,0.485371,1.18713,2.12469,263.356,23.9029,11.6942,17.5471,0.982202,22.3661,12.6429,3.40813,5.44176,1.81409,19,0.53135,0.847418,1.55898,271.749,31.1464,13.3958,11.4801,1.70291,22.3243,11.7757,3.15429,5.36001,1.60035,14,0.583097,1.08766,2.0431,276.427,24.8163,10.6418,15.802,1.93902,22.986,13.4324,3.3946,5.31694,2.84154,14,0.448939,1.04546,2.50488,234.642,25.6419,8.43846,31.9945,6.23084,16.7263,7.94823,2.58292,5.89073,6.45727,9,0.475682,1.55372,3.53909,299.125,29.102,12.748,13.2757,1.87451,25.6554,14.1757,3.77564,4.28198,2.4103,22,0.402364,0.858835,1.29339,348.683,38.8722,11.7157,17.8792,3.02682,24.8372,13.7234,3.70248,4.29654,4.64214,14,0.645727,1.50514,3.35636,544.989,64.3327,19.6303,28.8797,11.6918,38.9885,21.6468,4.76626,6.11795,10.2258,25,0.388076,0.990514,2.84599,295.243,28.2723,9.43756,8.91537,3.55098,23.8802,13.2275,3.51856,3.25423,4.07704,17,0.490597,1.02659,2.05377,131.764,14.8802,5.63078,16.2951,6.15189,10.9644,6.02208,1.64625,3.07308,4.38274,7,0.531999,1.0748,1.57306,6630.16,290.332,155.509,45.3901,5.76243,219.607,65.8287,22.8001,38.9738,16.6667,3,0.173536,1.60314,21.289,,,,,,,,,,,,,,,,,,,,,,,,,,,,,,,,,,,,,,,,,,,,,,,,,,,,,,,,,,,,,,,,,,,,,,,,,,,,,,,,,,,,
gr00t_wbc_h074_p000,3893,fell,80.7,17,13.0419,12.207,1.02633,2.45043,197.071,19.7078,8.72864,19.152,1.99097,18.3525,10.8972,3.22783,8.016,3.16683,11,0.438471,1.0412,1.80041,284.462,25.3512,13.1672,16.0295,1.37396,25.152,15.0099,4.09267,4.13187,2.08886,21,0.441497,0.92248,1.85141,221.238,22.2059,10.63,10.49,1.87588,19.7684,10.9258,3.22544,6.68335,2.62892,13,0.560079,1.13247,2.23393,334.539,29.1817,14.0076,14.5831,1.66688,27.7491,14.4256,4.47363,6.8522,1.98978,16,0.583803,1.36224,3.09098,334.455,27.8369,12.1509,13.6428,2.22368,26.7013,15.0332,4.38091,5.6223,2.3404,15,0.562588,1.41196,3.21517,361.002,31.9857,16.8611,20.7576,1.12173,28.5983,13.6936,5.07329,8.41083,4.32138,18,0.507203,1.29972,2.63079,191.549,16.1308,10.6693,14.8341,0.595121,16.0884,8.62148,3.00471,6.1362,2.54478,10,0.5686,1.17701,2.28218,271.421,35.7599,14.3012,12.1931,1.4488,22.571,12.7743,3.74947,5.18586,2.23141,14,0.446527,1.13026,2.46455,216.943,24.378,9.92707,22.3589,1.32819,18.0171,9.4172,2.59251,5.04479,1.3112,10,0.44198,1.05607,2.3187,304.105,26.9257,11.8567,18.619,2.48568,23.9161,12.0561,3.84001,8.39146,2.84529,12,0.658768,1.418,2.49901,386.54,66.5262,19.8924,116.369,7.40861,31.234,18.5752,4.57133,17.0626,7.88171,16,0.679717,1.25207,2.71241,357.935,31.003,21.3364,40.112,2.07248,25.2953,14.9416,4.59391,10.9978,2.47666,17,0.487934,1.17776,2.35483,101.1,15.3865,7.40657,13.9945,1.43307,9.87819,6.32503,1.7844,4.01786,1.22594,8,0.453083,0.907623,1.62714,949.135,127.93,54.5946,126.016,151.569,60.7432,32.2295,8.65512,22.3278,9.47504,15,0.757584,1.52467,7.67205,222.109,26.1477,10.728,19.0093,1.94052,15.8171,8.19578,2.68455,4.69473,1.02548,12,0.469083,1.07974,1.40591,260.888,26.7296,17.6113,28.754,0.897736,20.4141,11.0541,3.31173,4.74494,1.27845,10,0.505801,1.37017,3.5474,2773.01,179.668,80.2602,61.568,11.9222,69.3454,22.6088,9.83415,15.0596,6.02369,1,0.549416,1.0649,1.3844,,,,,,,,,,,,,,
gr00t_wbc_h074_p000,3894,fell,66.58,14,27.3148,2.98249,3.83676,3.83074,219.102,18.7447,11.6994,18.9493,1.40407,21.0823,12.164,3.42433,5.01814,1.24581,14,0.454658,0.932353,1.68039,156.952,18.3995,5.60635,20.1174,0.826306,10.2945,6.07439,1.92233,3.84698,1.01384,6,0.522706,1.57709,3.20201,200.407,22.1365,20.55,71.7589,5.52281,17.6605,10.4481,3.36232,9.03298,2.67522,11,0.504568,1.11289,2.2771,269.404,22.662,15.5476,25.1785,0.85745,22.0516,12.8694,3.89408,5.66118,1.59254,15,0.471258,1.11322,2.33354,195.757,20.4674,20.2035,23.8397,1.36227,16.0857,10.49,2.71206,4.8384,1.42629,9,0.554056,1.40304,2.61822,172.385,17.0143,11.7545,14.2939,2.08214,13.7603,9.59137,2.36015,4.68633,2.9512,9,0.554893,1.22018,2.11808,397.063,45.7293,15.3256,10.9676,1.43227,26.7883,14.2676,4.25978,8.0903,2.62914,15,0.418629,1.55202,4.11868,200.029,23.6018,9.29221,7.91461,1.90106,14.4094,7.7649,2.5708,3.97432,1.55856,9,0.700703,1.34731,2.71636,656.642,67.3036,34.9696,10.3374,1.4277,44.696,29.131,6.50569,7.22767,2.88153,18,0.621195,1.45545,4.51147,469.161,44.246,20.6616,43.4688,1.98078,37.0346,23.6727,5.73712,12.1134,3.17188,18,0.509563,1.25347,3.93255,290.167,23.3529,13.8543,23.4702,1.89842,24.1212,14.08,4.14398,5.74115,2.15058,17,0.443834,1.08714,2.15107,465.011,39.2575,19.8032,11.4702,1.63355,37.7145,18.0514,5.8003,10.0918,2.07097,17,0.572278,1.50826,3.70842,166.649,29.8379,6.8282,12.3868,1.58531,13.0849,8.6228,2.04026,5.02269,1.56281,7,0.507677,1.29238,2.22816,3181.29,176.556,78.3675,11.7411,0.958992,110.2,48.7731,12.5314,13.4329,4.56112,6,1.28417,2.67718,17.1876,,,,,,,,,,,,,,,,,,,,,,,,,,,,,,,,,,,,,,,,,,,,,,,,,,,,,,,,
gr00t_wbc_h074_p000,3895,complete,90,18,8.56707,2.85089,0.0112755,0.016685,183.997,27.5944,8.43485,19.7926,2.08519,15.7309,10.9458,2.47981,4.62008,1.60502,8,0.510241,1.1407,2.18776,151.419,15.4434,7.75676,18.5784,1.4759,12.751,8.14514,2.13328,3.57577,1.28915,11,0.400485,0.951913,1.58836,254.129,32.5407,17.4494,20.3336,0.769493,20.8966,10.9114,4.02385,6.65026,1.44105,15,0.448008,1.1277,2.32324,256.536,33.7853,13.5656,24.7998,1.21005,20.225,10.2608,3.36884,6.22088,1.32331,14,0.556537,1.11249,1.59621,279.318,28.3733,17.4502,53.9898,1.71704,22.1036,11.5564,3.93403,9.72975,1.86696,15,0.452769,1.14102,2.53423,416.112,43.5104,19.7688,25.4962,1.04562,31.7757,18.7166,5.39614,9.64367,2.63221,22,0.421342,1.1698,2.69466,297.475,26.4689,11.6973,10.55,1.6339,23.5868,12.5726,3.7195,8.34141,4.58299,13,0.559621,1.23666,2.3388,190.853,15.4158,9.03189,11.8467,2.31625,15.9618,9.70445,2.7217,6.2865,3.97803,12,0.382093,0.970887,2.04077,1184.2,133.757,38.8838,23.6071,2.37878,63.3202,30.1971,8.19035,16.4122,6.778,15,0.927924,1.59692,8.79795,255.771,20.2452,12.5157,33.6002,8.4161,21.4722,9.67384,4.00955,12.327,8.41287,15,0.492186,1.12013,1.92015,144.615,17.7354,6.74702,17.7401,2.32606,13.4548,7.92633,2.24573,5.93485,4.02179,8,0.516818,1.05918,2.01013,423.965,86.7074,27.0531,45.7661,3.00957,35.0565,22.4361,5.61757,15.5463,4.1965,19,0.791949,1.19353,2.81827,515.724,52.6061,23.4038,25.4098,3.28524,36.3554,18.3263,5.1988,10.0674,3.83373,16,0.52008,1.48215,4.59154,238.052,41.1564,12.6875,12.1218,1.27359,19.8783,11.8185,3.00664,4.0687,1.74639,11,0.671263,1.20205,2.15341,305.798,35.1834,17.9113,157.227,7.33762,22.3349,12.561,3.82074,20.7118,8.50113,11,0.47015,1.40097,3.70445,552.607,55.5566,28.0361,30.875,2.79638,38.0131,18.1905,6.90652,13.1915,3.47987,22,0.600044,1.41324,3.49759,385.323,52.8769,26.4822,11.211,1.68,30.0144,18.4454,5.07641,6.73095,2.84138,16,0.631809,1.40179,3.14887,283.34,21.436,14.9185,17.9713,2.71494,23.6054,12.3292,4.3944,10.2976,6.71433,16,0.530556,1.17024,2.11273
gr00t_wbc_h074_p000,3896,fell,60.7,13,16.407,9.03861,2.68894,3.5043,84.1885,12.8228,9.36874,39.9807,3.03446,10.4005,7.2992,2.20226,8.9542,4.99868,6,0.43605,1.24995,1.96523,173.265,16.1951,10.895,11.9546,1.80978,14.5983,8.32536,2.6265,6.38215,1.51532,9,0.540531,1.11464,2.19053,261.52,22.1532,15.6546,45.9025,2.2791,21.7128,13.9568,3.79278,9.75518,2.84108,16,0.519202,1.05138,2.34032,264.658,31.9897,12.7498,17.0552,1.54535,23.1867,13.1416,3.60393,5.81096,2.57479,12,0.543305,1.26036,2.59006,306.193,30.5168,15.2952,26.0812,3.9566,25.6817,14.2398,4.36602,9.7811,4.08851,13,0.628898,1.45576,3.06844,775.334,71.6809,34.9323,28.4517,1.68384,46.0641,21.4908,6.54178,11.9973,3.05148,18,0.512495,1.40882,5.03984,135.18,16.2169,8.12248,19.939,1.21522,10.9617,6.46191,1.80747,3.36866,0.921201,7,0.557044,1.25778,2.6616,279.612,39.8278,13.9853,76.6873,3.04256,19.938,11.1125,3.25014,13.8025,4.11741,10,0.556215,1.25883,2.72272,385.405,35.0015,18.7793,31.442,3.27806,29.2131,12.1955,4.8925,11.2662,6.73836,18,0.580855,1.31166,2.79868,418.112,66.4623,28.8676,33.0211,5.98143,32.1864,19.7645,5.91209,10.925,7.3993,17,0.678783,1.41972,2.95573,145.615,18.92,8.05318,15.4344,2.00256,11.4461,5.78284,1.74396,3.82323,4.11159,8,0.437033,1.0984,1.42037,242.748,21.9475,10.1872,10.5392,2.31191,19.6312,9.16933,3.56475,5.58165,2.91944,13,0.467079,1.2614,1.90589,2177.07,109.174,94.2278,28.7359,0.718887,57.7324,20.0433,8.55934,10.9677,2.61352,0,,,,,,,,,,,,,,,,,,,,,,,,,,,,,,,,,,,,,,,,,,,,,,,,,,,,,,,,,,,,,,,,,,,,,,,,,
gr00t_wbc_h074_p000,3897,fell,86.12,18,25.7021,4.64257,3.44326,3.19412,234.864,20.0706,12.5564,17.2638,0.828788,21.842,11.4299,3.53069,4.70853,1.64688,18,0.354619,0.746813,1.3571,269.362,22.2919,14.942,24.5825,1.06713,22.6693,10.1217,4.13869,4.16385,1.17242,12,0.579881,1.43394,2.78788,250.1,21.784,17.0583,26.1193,1.11289,20.4198,14.1511,3.56998,4.35613,0.878154,18,0.420551,0.955114,1.49504,213.464,19.8653,13.6512,23.9485,1.57501,17.4211,9.81896,2.77476,4.26439,0.899906,16,0.400763,0.852454,1.3705,265.199,28.4179,21.9942,39.6949,1.21981,22.2878,13.0463,3.97798,6.33557,1.72783,12,0.515675,1.31238,2.16091,338.898,32.217,22.4814,25.2327,1.41059,25.0357,14.6039,3.8611,6.42005,1.5593,12,0.504762,1.23545,3.28105,244.418,25.6068,17.3341,29.2479,1.03512,19.6742,9.42095,3.54814,5.11199,1.446,14,0.431001,0.992599,1.63942,414.366,69.3277,24.2191,19.315,2.35314,33.0683,20.6571,5.0851,9.19284,3.86892,17,0.608974,1.41199,2.95253,125.64,16.9361,18.6077,26.7346,3.32357,9.7523,4.57767,2.38527,10.0078,4.77189,9,0.296185,0.866233,0.928977,137.111,13.3876,9.61877,13.2306,2.10395,11.614,6.61074,2.11455,4.19331,1.76227,10,0.53601,0.917707,1.56027,358.682,50.1985,70.4683,167.332,90.6444,25.6883,12.3913,5.53402,22.2128,16.3458,10,0.41782,1.72953,4.85828,331.126,54.4424,20.6268,23.1423,2.78366,26.9949,14.6024,4.39792,8.86222,4.81495,18,0.656009,1.20501,2.16931,290.845,34.654,44.2569,59.8721,6.21024,24.6168,12.9253,4.65137,14.736,5.54775,20,0.436416,1.05855,1.36571,297.165,57.7992,51.0953,385.383,212.131,31.3574,18.4183,7.19725,33.0454,23.9363,18,0.443704,1.28476,1.80731,316.962,97.2785,15.3121,17.6536,3.46552,23.1639,20.2147,3.31697,4.80923,3.12314,18,0.394045,1.19123,1.53233,338.697,103.81,16.0584,33.3609,6.98914,25.5288,22.0051,3.74061,6.10963,6.25567,15,0.542921,1.74298,2.82227,779.821,88.7827,25.1598,19.4661,1.38489,49.3089,25.7694,5.75096,11.35,4.1497,16,0.529482,1.97028,6.80342,2040.61,377.613,166.461,123.202,7.1377,71.4378,51.3739,14.2289,28.5083,13.9658,5,0.367836,1.26883,16.0084
gr00t_wbc_h074_p000,3898,fell,51,11,9.19622,15.0814,2.78134,3.63524,261.985,27.9174,10.668,18.1615,1.09067,22.5267,12.0186,3.59192,5.73559,1.27474,15,0.464267,0.976608,1.74341,173.839,18.0414,7.90454,22.157,1.29205,14.2462,9.20455,2.21388,6.39884,1.18503,11,0.406195,0.952208,1.66378,155.863,18.9392,9.14759,13.9019,1.53348,12.7993,6.66453,2.28637,5.21864,1.07987,8,0.562532,1.21162,2.03487,151.06,20.5963,14.1592,60.4694,2.31425,13.0028,7.61618,2.51718,10.0234,2.24907,9,0.512122,1.11958,2.02737,204.13,28.8296,11.9577,15.1331,1.49161,15.7022,6.9464,2.45017,6.12632,1.2308,10,0.545989,1.15242,1.59322,315.419,54.1036,17.6699,16.4704,1.44995,23.0277,13.2916,3.82962,6.69696,1.21599,16,0.487833,1.00672,2.088,334.839,29.8913,16.5154,18.5656,0.932437,24.7545,12.1573,3.82834,7.06251,1.0798,17,0.453768,1.09136,2.22105,335.477,49.6892,34.0484,65.9251,2.50454,25.0518,13.6396,4.38302,13.4466,2.81089,16,0.616127,1.1598,1.6518,211.944,20.61,11.3603,14.8792,1.18856,15.8403,8.64068,2.65305,4.33498,0.923628,10,0.4583,1.21706,2.23795,409.869,68.1677,28.2703,12.5853,0.870679,32.219,19.8057,5.04266,7.40834,2.02048,18,0.57082,1.26951,2.12748,808.684,29.6813,15.4819,8.08029,0.523341,21.6675,8.94113,3.52306,5.13333,0.929753,13,0.0827748,0.483367,1.47944,,,,,,,,,,,,,,,,,,,,,,,,,,,,,,,,,,,,,,,,,,,,,,,,,,,,,,,,,,,,,,,,,,,,,,,,,,,,,,,,,,,,,,,,,,,,,,,,,,
gr00t_wbc_h074_p000,3899,fell,61.18,13,18.1374,6.84052,2.85581,3.6492,343.967,45.3928,17.5628,29.2084,2.29792,31.3088,17.5924,4.96184,11.0124,3.39332,22,0.566164,1.03196,1.96271,117.278,16.4672,3.94857,25.1415,2.23081,8.89637,5.27556,1.67164,3.61804,2.41483,7,0.590709,1.14069,2.04645,318.575,26.4658,13.1238,28.2368,4.61607,24.6582,12.1645,4.33949,3.27977,3.39067,17,0.481079,1.18127,2.45373,296.203,27.9959,11.6988,42.4274,13.3872,22.0561,13.4094,3.40788,3.67715,3.26644,16,0.463386,1.15503,2.04863,279.745,22.1326,16.2348,21.2248,19.1853,23.6302,13.8884,3.38996,2.48995,3.86876,18,0.4339,0.899017,1.68864,128.754,12.637,6.48287,14.0517,18.3766,10.4571,6.59237,1.893,3.61143,4.78459,9,0.427241,0.951721,1.49159,229.42,20.3533,7.51446,7.09621,2.80592,18.2453,9.95727,2.7772,2.44963,3.38714,12,0.406345,1.11686,2.12309,227.227,23.8211,11.2119,12.543,1.35697,18.2255,9.48314,2.89152,3.694,2.92786,8,0.608236,1.44446,3.7644,273.46,29.976,9.46792,26.5983,3.07213,17.4068,8.95777,2.92937,4.09013,4.63899,10,0.522586,1.39165,3.16976,403.73,43.8756,20.7908,15.9988,2.75185,26.8396,13.2318,4.4452,3.31586,3.59694,14,0.560706,1.64544,4.26373,461.675,51.9796,25.4428,34.8972,6.93812,34.3218,19.7474,5.23188,14.5508,8.37615,14,0.541507,1.23911,4.05385,335.418,37.7346,16.0527,15.0777,1.45501,29.0738,16.3434,4.41197,7.97555,1.25864,17,0.570426,1.14034,1.88196,2239.92,74.1683,76.183,20.0545,0.640518,72.9576,20.8768,9.48693,15.9814,2.35541,4,0.223185,2.82353,29.7328,,,,,,,,,,,,,,,,,,,,,,,,,,,,,,,,,,,,,,,,,,,,,,,,,,,,,,,,,,,,,,,,,,,,,,
gr00t_wbc_h074_p000,3900,fell,50.86,11,13.2304,8.70053,2.2979,3.78953,194.615,16.3256,8.793,11.3478,1.21203,18.9783,11.3252,3.24097,4.84521,0.910558,11,0.54732,1.16121,2.03387,173.069,20.3006,9.2893,13.4502,1.5196,13.9282,8.42616,2.39798,5.02626,2.1514,11,0.447849,1.0352,1.56043,194.747,22.7462,9.73182,18.0573,1.28456,16.1943,9.2067,2.5409,3.68077,1.0067,9,0.500408,1.18902,2.4096,170.666,18.5235,8.40061,15.2566,1.04133,12.896,7.3131,2.56136,4.70472,1.2473,9,0.502331,1.41214,3.30605,290.721,26.3224,16.2518,62.9338,2.73188,23.5579,11.2886,4.53025,15.2545,3.14597,14,0.467982,1.24418,2.22702,427.641,49.3114,26.8099,36.5155,1.41965,31.6741,17.9426,5.04788,9.87576,1.87215,15,0.595052,1.52271,3.43185,310.624,27.5143,15.1058,18.866,1.26158,24.1855,14.2011,4.14204,7.13701,1.29838,13,0.544502,1.48417,3.73138,254.952,24.0066,12.5885,18.3501,1.71103,20.4583,12.3042,3.29426,5.48511,1.29363,15,0.468438,1.09028,1.90865,183.97,14.8578,7.68531,7.60298,1.17958,14.2411,9.47548,2.40896,4.7355,1.65109,9,0.400561,1.07549,2.14525,353.223,32.9326,22.6343,183.232,25.5652,26.9681,12.1971,5.2209,20.3457,8.62195,14,0.488337,1.11461,2.97029,1297.87,47.9582,51.3126,13.3165,0.420071,42.7456,15.8117,5.55272,8.15155,2.29457,5,0.633101,1.77302,11.0009,,,,,,,,,,,,,,,,,,,,,,,,,,,,,,,,,,,,,,,,,,,,,,,,,,,,,,,,,,,,,,,,,,,,,,,,,,,,,,,,,,,,,,,,,,,,,,,,,,
gr00t_wbc_h074_p000,3901,fell,75.56,16,11.9709,7.91493,3.74004,3.88953,166.936,19.5893,10.5197,9.35247,1.34117,17.4647,9.02791,3.18332,5.97777,1.29683,11,0.403795,0.987319,1.97043,233.649,22.3293,9.40975,11.6464,1.0734,18.7001,9.18918,2.93647,5.45782,1.02868,11,0.604336,1.22836,2.23328,362.338,37.7529,17.0438,24.2084,1.39573,30.2403,16.4943,4.38143,10.4041,1.99548,15,0.65857,1.40677,2.72179,199.512,21.3137,9.09468,12.0463,0.76628,16.729,9.64543,2.55244,4.86241,0.993094,9,0.603916,1.4625,3.08517,242.101,25.0211,9.73165,10.0313,0.989615,20.4898,12.5608,3.10258,5.59896,1.55095,14,0.397411,1.0285,2.18162,267.766,28.3593,16.5193,69.1947,12.5511,21.5032,13.4729,3.56286,12.0752,9.29051,17,0.421157,1.00629,1.91129,178.547,31.09,12.7987,20.5731,1.12936,14.9339,8.62846,2.89178,6.25065,1.60521,13,0.441507,0.866975,1.63236,292.9,31.6331,23.1528,100.821,4.39475,21.8215,11.4688,3.99536,12.6638,4.22133,14,0.533381,1.25988,3.12886,352.944,31.3067,24.278,20.7076,5.29224,31.0952,16.7095,4.92904,10.9537,5.98597,16,0.560906,1.29567,3.21497,150.698,18.6185,6.02034,8.23981,1.04598,13.1571,8.68306,1.99793,4.65815,1.49081,10,0.515469,0.967169,1.65605,477.575,79.1605,18.1501,9.81705,1.49591,38.6245,23.3398,5.33716,9.43437,2.39214,18,0.795399,1.34837,3.02284,468.488,49.2189,18.9962,13.1317,1.14273,33.3944,18.114,5.06339,8.71871,2.1412,18,0.506009,1.36633,3.83488,164.044,13.5316,12.3983,50.3218,3.82977,13.3213,8.22859,2.63355,7.33398,5.54207,12,0.4606,0.91129,1.69334,323.045,27.9019,10.052,23.3401,1.43887,24.1205,11.1062,3.93611,4.52152,3.03472,14,0.458815,1.10989,2.30837,517.678,51.6387,48.4684,92.8815,6.71947,35.758,18.2925,6.05123,14.929,8.31569,13,0.498827,1.20961,3.68853,2356.53,266.858,99.3626,13.2595,24.4528,61.4773,19.8678,11.2594,9.55012,5.77524,1,0.561897,1.14152,2.15082,,,,,,,,,,,,,,,,,,,,,,,,,,,,
gr00t_wbc_h074_p000,3902,complete,90,18,10.1069,2.74128,0.22918,0.233586,155.606,13.5738,11.0047,32.2752,6.16394,16.5747,10.4541,2.96042,5.57992,2.78429,10,0.458506,1.03522,1.7703,262.464,30.1392,12.5278,19.0816,5.94499,19.6555,9.793,3.47975,7.1559,3.57518,12,0.622892,1.34272,2.60231,202.216,20.3189,8.38632,13.5993,6.31842,16.7097,7.49379,2.97447,4.55887,2.94078,10,0.54095,1.14298,2.61636,306.3,31.4778,14.8773,11.986,4.82454,23.1737,14.2229,3.70989,6.08883,3.62139,18,0.441451,0.963126,1.87048,284.809,35.359,8.69288,24.1444,1.39474,18.8015,11.8756,2.84161,5.03554,2.76906,9,0.579695,1.54269,3.79634,321.192,26.5602,13.1279,14.6228,2.01767,26.1393,15.7602,4.29877,5.22876,3.59631,18,0.507658,1.1006,2.55619,295.324,28.3474,10.243,13.282,1.22208,23.6088,15.3569,3.25403,5.90674,3.32154,14,0.511507,1.19772,2.53179,396.58,34.502,16.9229,18.7668,1.76042,30.0195,18.7854,5.05539,8.47065,1.88659,18,0.483587,1.07534,3.50558,290.526,29.1256,13.2056,13.5911,1.24806,22.2367,12.5648,3.63488,6.25105,1.95406,12,0.486043,1.36342,3.86105,568.813,31.5745,89.0903,325.491,89.6265,37.0068,19.7652,9.04483,31.8153,14.8829,16,0.581734,1.23251,3.64625,226.995,27.081,15.8348,24.3089,0.810638,19.246,13.5599,3.21122,4.46966,0.827023,12,0.579839,1.17435,2.73243,502.191,41.5775,28.9503,37.4769,1.471,37.2839,18.5171,5.94454,8.86214,2.09839,18,0.580108,1.47553,4.59815,582.907,56.7717,45.0057,45.3382,1.42416,40.7577,20.0027,6.87847,10.8397,2.28298,20,0.579922,1.63544,4.46213,343.048,30.7136,22.3961,36.143,0.919159,25.6386,15.0174,4.4923,6.64881,1.35432,17,0.487646,1.19205,2.29622,349.126,32.5362,17.716,58.8723,76.8121,27.3512,13.7381,5.29949,14.9493,11.0964,17,0.69579,1.25914,2.64385,361.078,31.0319,25.4258,29.37,1.83473,26.5428,10.7335,4.99775,7.18194,3.08652,14,0.585381,1.594,4.31948,275.591,34.8043,14.8161,19.8538,1.70845,24.0114,10.1032,4.05013,5.58975,3.13116,13,0.564245,1.40878,3.1281,495.47,54.5056,27.5064,34.8797,2.34731,37.3768,21.1404,5.73945,10.1591,3.45944,18,0.604566,1.57155,3.89925
gr00t_wbc_h074_p000,3903,complete,90,18,10.0647,2.28645,0.0401983,0.050431,163.747,20.0603,6.57478,10.4386,1.18528,15.4696,7.6469,2.28357,4.35044,1.4683,12,0.358495,0.797836,1.25137,182.685,22.0512,9.49369,28.5232,1.05371,14.257,7.86418,2.47717,4.58466,1.54574,10,0.474501,1.22551,2.30698,187.434,17.8495,9.84238,16.3463,0.957723,14.8489,7.07935,2.78445,5.08081,2.19568,10,0.420508,1.07134,1.7791,201.092,18.404,13.028,27.6897,1.52665,16.082,10.0572,2.62905,7.12119,4.12812,9,0.639162,1.35881,2.96109,395.391,64.5677,25.6182,86.0562,2.18383,31.9976,19.6446,4.56838,10.001,3.77647,12,0.561901,1.55008,3.7007,526.607,49.4886,23.8627,25.3842,1.35041,40.9871,18.7013,6.22427,9.33123,2.00211,17,0.57915,1.64231,4.63625,106.906,10.0185,8.10384,20.3606,1.65253,10.242,4.70801,1.98876,3.93136,1.91857,8,0.373117,1.05836,1.44256,264.517,31.1984,16.1835,21.7801,1.60553,22.4222,12.5781,3.53502,6.84893,2.75553,15,0.55711,1.08751,1.85659,220.459,24.212,10.9134,14.7155,0.963183,18.1271,10.8166,3.1998,5.95886,1.70402,11,0.573275,1.31791,2.32229,238.255,24.3653,18.6896,35.8594,1.69071,18.7742,9.99921,3.36388,8.65595,3.14512,12,0.494964,1.21748,1.86978,127.465,15.0213,9.00145,22.9912,0.921484,11.7134,6.38374,1.92235,2.8253,0.93707,7,0.503827,1.3056,2.01864,1281.8,126.328,58.3419,49.1378,2.16557,67.656,32.3045,9.6982,14.9739,2.32137,17,0.630188,1.69963,8.68081,271.672,24.8601,11.2902,21.9587,1.18314,19.6848,8.40575,3.13109,6.05303,1.08504,12,0.573594,1.29285,3.72878,268.829,26.6846,13.2,19.5587,1.51781,19.2909,8.87967,3.43478,4.4123,0.950404,13,0.526069,1.30363,2.80898,629.165,62.9007,26.6109,27.801,1.1884,42.6599,26.9456,5.96125,9.22619,1.88808,20,0.484126,1.26385,3.49957,393.608,36.7044,22.6838,22.0877,1.15046,31.1865,13.4748,5.88928,7.47779,2.1072,21,0.637409,1.24925,2.71922,119.336,11.0952,8.30859,21.4013,0.903883,10.5471,6.00545,1.74148,2.38359,0.664941,6,0.558743,1.27157,2.3339,548.287,45.5385,27.8289,27.425,1.16118,32.7421,17.2333,5.27391,10.1149,1.69989,19,0.43566,1.19421,3.4651
gr00t_wbc_h074_p000,3904,fell,50.48,11,10.6862,4.44935,2.85842,3.59143,277.263,35.1294,12.8106,9.81767,1.60045,24.6448,15.01,4.08045,6.89564,2.79747,17,0.431484,0.960693,1.74235,135.598,15.8406,7.10515,29.762,2.16545,11.0691,7.10628,2.21289,6.81432,1.72092,6,0.567646,1.47902,3.05832,633.115,65.9954,24.8045,8.95753,2.15853,36.4131,18.946,5.18405,6.50767,2.41686,19,0.514422,1.39005,3.95491,310.258,41.8594,12.0859,6.07181,2.80273,23.1026,12.9435,3.54639,5.41705,3.09575,13,0.686317,1.29645,2.3299,136.776,10.3912,9.62603,71.7675,7.57281,11.2292,5.94588,2.08656,9.4558,4.75987,9,0.386279,0.820906,1.57835,159.719,15.1043,5.89436,10.6121,4.25936,12.8583,8.5671,2.04525,2.29309,1.72219,9,0.543934,1.10721,2.43434,164.726,15.2456,7.45123,13.9951,6.26042,13.8449,8.61856,2.03925,2.19221,1.73566,9,0.455869,1.03573,1.87678,222.109,24.0316,9.19032,55.7143,6.32332,16.9937,10.8126,2.54773,9.22602,4.68685,11,0.456369,1.04224,1.88086,349.437,26.2113,11.4008,16.6331,10.1871,27.0102,14.2213,4.32263,7.53062,6.72775,16,0.526807,1.34467,3.06135,271.829,22.649,13.8296,8.79224,3.98083,22.9731,12.8485,3.88809,4.79102,4.43344,16,0.415304,1.06274,1.99336,806.632,12.3268,18.175,2.6969,0.306858,22.102,5.62359,2.6885,3.09145,1.18365,1,0.573139,0.925422,2.35547,,,,,,,,,,,,,,,,,,,,,,,,,,,,,,,,,,,,,,,,,,,,,,,,,,,,,,,,,,,,,,,,,,,,,,,,,,,,,,,,,,,,,,,,,,,,,,,,,,
gr00t_wbc_h074_p000,3905,complete,90,18,7.77477,2.36703,0.0145889,0.0154786,213.912,20.2837,10.8054,15.0493,1.54794,21.39,12.6514,3.50984,5.98647,1.41436,17,0.373301,0.825385,1.51717,265.308,23.4498,14.9398,25.278,1.50889,21.2348,12.1204,3.65223,5.61589,1.20929,16,0.465299,0.996629,1.75828,193.019,15.3949,11.4433,24.2168,1.43079,15.9928,8.63361,2.83133,4.67232,1.37618,11,0.492077,1.00759,1.94381,314.171,29.5662,17.4264,23.2846,1.67292,23.403,13.1677,3.73891,4.33507,1.08401,14,0.537772,1.20625,2.25742,259.323,26.8124,18.8907,53.518,2.8608,21.9963,13.1481,4.3595,13.0432,5.92081,13,0.489411,1.10929,2.3457,221.09,19.5106,27.4465,192.19,7.51781,19.8136,11.4189,4.15437,20.2099,10.6345,12,0.42757,1.06585,1.84617,225.393,40.9909,13.6709,18.8996,1.35202,16.758,10.1177,2.80306,4.3296,1.40138,12,0.560271,1.06239,1.80282,110.702,10.8926,10.294,24.3815,1.3163,9.70883,6.32438,1.91329,3.66036,1.14802,7,0.486026,1.20406,1.54724,122.459,14.6618,7.97746,20.1798,1.32165,9.96523,6.11955,1.72694,2.69403,0.973061,9,0.481451,1.01828,1.69627,365.198,41.1958,17.6934,20.5888,1.95986,28.0424,16.7481,4.55479,6.66352,1.66004,14,0.623596,1.48074,3.15398,350.985,39.0305,18.9074,22.5424,0.922678,24.22,13.2652,4.206,7.77542,2.14944,14,0.530643,1.44152,4.26399,178.596,17.4128,14.9318,12.1062,1.19939,16.3046,10.4495,3.09062,3.30341,0.983445,13,0.519716,1.07417,1.822,1119.16,116.473,63.8482,18.7486,0.931654,50.5767,27.5414,8.05119,10.6294,1.89737,16,0.500073,1.6286,6.50346,130.639,23.4152,11.9723,13.0709,1.24544,13.2002,8.51388,2.21899,3.77912,1.35514,7,0.504856,1.26266,2.94991,288.437,27.9624,16.6347,14.106,1.42902,21.5119,11.2914,3.46151,4.9634,2.55709,9,0.494333,1.40629,4.91089,463.831,44.2717,25.9312,38.2066,2.75282,34.3653,17.585,5.84183,8.8842,3.53283,16,0.561586,1.58039,4.32956,241.201,36.0077,21.2805,14.4272,1.32134,18.8654,10.3892,3.36791,4.34148,1.68302,7,0.557664,1.5834,3.70804,253.542,31.2742,16.8231,11.007,1.1142,18.6288,10.7478,3.27486,3.64602,1.3768,13,0.55271,1.21795,1.92353
gr00t_wbc_h074_p000,3906,complete,90,18,10.0341,2.13259,0.0307594,0.0433695,281.834,25.9147,14.0381,22.4317,0.768646,25.6049,12.8531,4.13224,5.45583,0.934958,18,0.417271,0.876228,1.60815,119.785,12.8745,10.142,18.2536,0.96794,9.86916,4.70109,1.76336,3.3693,0.838802,7,0.464643,1.06496,1.47651,186.001,15.9243,9.55288,16.4296,1.69686,14.6151,7.30513,2.78405,6.90748,3.84845,9,0.508333,1.25303,2.24763,96.9296,9.68399,8.13531,19.6668,1.61351,8.39003,5.34793,1.9017,3.22925,1.40613,7,0.478169,0.99096,1.48825,636.488,108.448,40.1575,90.599,20.167,47.0599,26.9204,7.35123,17.3111,7.3034,22,0.529656,1.10115,3.46324,195.511,21.0872,12.5547,26.5152,0.630943,15.0864,8.34005,2.51054,4.04289,1.52221,9,0.60521,1.19006,1.64576,219.34,34.2405,13.7933,25.8932,1.58901,18.2835,11.0797,3.5456,4.94907,1.29833,14,0.485046,1.27793,1.94742,288.171,31.0417,17.0224,25.3283,1.70711,22.6677,10.7856,3.82678,6.68743,2.15338,17,0.446787,1.06325,1.43585,278.634,19.1337,15.7751,27.8262,3.89563,20.298,11.0192,3.76929,10.2729,5.15657,15,0.457551,1.08216,1.76234,357.682,36.0164,20.2942,27.8546,1.4212,27.9042,16.118,4.53506,5.9135,1.32526,19,0.553201,1.1458,2.18552,191.679,24.5303,11.2584,24.9482,1.31281,17.2692,10.4679,2.84562,3.68102,0.967314,11,0.432042,1.09021,2.19469,864.217,109.013,53.761,59.8383,2.5383,57.6553,32.7399,7.95326,16.2091,4.49044,19,0.715138,1.58245,5.1557,430.781,33.0754,68.716,342.727,62.4172,32.6265,15.884,7.29589,21.2609,8.36777,14,0.576594,1.31307,3.199,455.188,87.5425,27.9267,20.9706,1.27552,36.5161,23.0786,5.71355,8.56847,4.41532,18,0.574214,1.23433,3.08531,626.465,113.061,72.7609,90.4484,10.0956,50.032,28.427,7.90299,13.5977,6.67167,19,0.730364,1.48836,3.90108,269.248,30.1849,14.7505,21.5399,1.64352,20.7081,12.1603,3.2969,4.06291,1.28218,16,0.484344,1.01394,1.79063,1447.21,217.502,105.52,131.486,2.59402,81.2325,49.4996,11.5485,24.5884,3.93041,25,0.611396,1.27972,6.67589,334.749,46.8636,18.4213,27.134,1.75825,28.0433,18.5088,4.74049,8.00025,1.6383,18,0.520896,1.10523,2.28058
gr00t_wbc_h074_p000,3907,complete,90,18,7.98727,2.64246,0.045246,0.0712977,208.365,22.1435,9.9762,11.8006,1.20313,19.3127,10.2633,2.85266,5.95305,1.43261,12,0.473353,0.969092,1.86138,263.329,27.5826,10.3511,9.86893,1.55323,20.0389,10.3465,2.94547,4.96282,2.443,12,0.486036,1.10937,2.45497,248.543,25.1262,11.6108,9.62995,1.70566,23.0331,12.3184,3.68399,6.71099,1.35672,16,0.457284,1.064,1.65174,190.663,18.03,6.3275,6.6371,1.377,16.3234,6.72089,2.69925,5.92438,1.79774,11,0.445129,1.13029,1.69803,166.421,18.5681,10.2131,36.2613,6.88828,13.8074,6.75017,2.60221,7.33135,3.64978,9,0.470098,1.08667,1.3956,197.686,18.8915,8.66614,16.9177,1.61003,16.5555,9.40595,2.84842,6.70984,2.72068,12,0.527443,1.01613,1.57955,339.63,30.7602,14.0225,27.1248,1.19569,22.7799,12.5021,3.59691,7.64695,2.24433,10,0.510622,1.46494,3.64664,300.883,29.9549,18.8454,21.1887,0.622055,23.0262,13.1854,4.41528,5.02071,3.03921,17,0.468588,1.05239,1.8602,275.804,34.5898,21.8762,42.4358,1.06507,21.9475,11.2317,4.85388,11.5404,4.44262,12,0.584189,1.26953,2.47418,189.875,53.0236,24.622,36.9876,1.4137,14.3557,10.279,3.09713,8.44651,3.16482,8,0.63451,1.48205,2.92697,282.337,38.3421,30.7054,7.29309,1.16146,25.0093,14.1759,4.38341,3.59979,1.6505,13,0.57362,1.28132,2.32859,267.5,39.4167,29.1714,38.2299,2.54448,22.4294,12.3097,5.05268,10.6554,4.11384,10,0.708671,1.72254,3.41946,454.645,71.0235,26.0827,11.1189,1.39898,31.282,16.4633,5.19491,7.06931,2.70351,14,0.611008,1.64419,4.60741,114.924,15.8695,9.91042,41.894,1.99121,9.90525,5.47464,1.95743,12.3973,2.69834,5,0.625974,1.36052,2.39573,260.254,36.5886,31.8299,7.54581,0.976292,22.4731,15.0775,4.02196,3.9785,1.51742,15,0.56056,1.16264,2.0981,263.044,37.2632,24.3496,11.3556,0.893002,25.3475,17.2447,4.31418,4.8131,1.64598,14,0.441257,1.16451,2.95064,401.141,85.6177,39.3839,18.8439,1.40563,31.0981,21.2687,5.85137,8.09482,2.63271,19,0.604332,1.30447,2.36915,426.854,45.4578,30.7599,43.4424,1.4005,31.5637,17.1824,5.62307,13.7663,3.30475,15,0.511629,1.31676,3.36705
gr00t_wbc_h074_p000,3908,fell,31.18,7,17.3445,12.6454,2.25602,3.38719,206.536,32.1695,11.1846,11.8219,1.43911,20.6928,12.6364,3.32242,6.25586,1.96022,13,0.454211,1.01422,1.73531,307.318,40.4219,12.1082,17.0518,1.88092,24.7205,13.4037,3.51252,8.04283,3.35298,11,0.650919,1.52407,3.10257,131.662,16.2373,10.285,30.4171,1.58818,10.5614,6.26398,2.01456,6.62732,3.39594,8,0.460248,1.07505,1.97546,217.086,22.8244,11.5947,24.1397,0.910751,18.5471,9.21053,3.14375,4.96932,1.04176,13,0.560963,1.14661,2.31701,437.702,54.4087,19.8739,31.1205,1.81342,31.1253,15.5606,4.93743,9.75531,1.54484,15,0.532794,1.41998,3.37003,316.026,25.9676,14.145,22.3009,1.08549,24.8718,13.3385,3.85619,6.43709,1.25475,16,0.541253,1.1664,2.06777,1529.76,98.4455,39.4124,15.7659,0.256768,44.7318,21.9629,4.10204,7.76027,0.961304,4,0.667953,1.60219,7.4739,,,,,,,,,,,,,,,,,,,,,,,,,,,,,,,,,,,,,,,,,,,,,,,,,,,,,,,,,,,,,,,,,,,,,,,,,,,,,,,,,,,,,,,,,,,,,,,,,,,,,,,,,,,,,,,,,,,,,,,,,,,,,,,,,,,,,,,,,,,,,,,,,,,,,,,,,,
gr00t_wbc_h074_p000,3909,fell,56.18,12,14.1619,5.49381,0.350496,0.745997,137.123,14.6674,6.4674,10.413,2.05089,13.2235,8.41631,2.09065,3.67506,2.67088,9,0.425157,0.986705,1.76114,133.959,14.0579,8.24136,21.1178,2.00867,11.4808,5.63984,1.94397,3.70268,2.19119,6,0.561532,1.37506,2.50109,316.892,33.4335,13.8288,33.5822,35.5735,27.0434,15.1675,4.16727,11.3414,9.06536,15,0.569449,1.2075,2.33721,333.044,49.112,15.365,19.0409,1.12355,22.4636,11.9539,3.28045,6.1531,1.87824,12,0.759506,1.16744,3.04867,256.472,27.0163,13.3923,29.3635,16.2589,23.2459,12.1269,3.57829,10.101,6.39623,13,0.461961,1.10802,2.42034,165.554,19.598,7.3007,13.7277,1.11966,14.8504,8.09146,2.35159,3.79391,0.923504,9,0.468572,1.18379,2.35962,163.165,14.0734,8.51562,12.0246,0.939011,15.0996,7.17837,2.6065,3.73379,1.24736,9,0.607455,1.24875,2.27426,332.465,24.8716,17.8979,15.4777,1.61191,26.7179,10.2957,4.48743,5.98745,2.88244,11,0.541254,1.57274,4.60786,212.77,22.6259,21.2091,29.0414,2.45094,19.4399,11.4895,3.69819,7.88967,2.81517,15,0.454467,1.10287,1.26296,264.705,63.9327,19.7247,23.5176,1.66314,21.0351,15.1947,3.83826,6.54265,3.03756,14,0.513044,1.27647,2.07544,392.837,36.5154,33.0442,176.313,33.7029,32.285,15.4192,6.39363,22.7514,11.5455,14,0.483531,1.33367,3.02931,3800.43,390.826,151.735,31.8618,9.94302,123.72,41.8634,16.8731,21.5688,10.8618,4,0.136074,1.00626,1.05951,,,,,,,,,,,,,,,,,,,,,,,,,,,,,,,,,,,,,,,,,,,,,,,,,,,,,,,,,,,,,,,,,,,,,,,,,,,,,,,,,,,,
gr00t_wbc_h074_p000,3910,complete,90,18,9.15135,2.48032,0.00771245,0.00351722,235.239,19.1627,13.4588,25.5586,2.33109,24.6665,12.5158,4.38734,10.4376,3.64267,19,0.382741,0.905204,1.4157,163.881,18.8321,9.64289,20.6873,3.11132,13.2944,8.65841,2.45721,6.75315,4.19975,8,0.581928,1.39424,2.37267,131.021,12.3974,10.9916,20.1751,1.59319,10.289,6.33994,1.79759,2.71226,1.17556,7,0.534594,1.07546,2.26038,260.014,28.5452,13.4159,29.0994,0.934226,19.1129,12.8367,2.93716,4.70485,1.55606,13,0.473516,1.09472,2.66962,337.632,47.7048,32.3806,77.2383,7.21697,27.4702,16.2945,4.78344,14.3994,4.53202,12,0.433854,1.42147,3.76471,289.103,38.5975,26.2842,38.5758,2.53355,24.7752,14.3914,4.5364,11.5691,3.56756,15,0.534771,1.18429,1.97574,292.607,49.5919,29.0807,42.9368,1.38503,28.6972,16.6206,4.82732,14.1001,2.75435,18,0.490828,1.22994,2.20973,272.711,46.9393,23.22,21.9606,1.1202,24.3014,17.681,3.74801,8.08442,1.55128,16,0.522615,1.38719,2.37819,332.493,40.0101,20.1815,22.8301,1.66704,27.7935,15.2218,4.3231,8.1263,2.51519,20,0.499717,1.09998,1.9392,562.897,58.9872,33.5149,44.0526,1.39806,38.1056,21.6833,6.21813,14.0679,3.70355,19,0.631867,1.4622,3.97748,349.101,50.8693,24.2638,22.7132,0.926336,28.3385,16.4393,5.00112,8.02735,2.35925,22,0.520151,1.13171,1.91411,413.102,92.249,38.2066,21.4486,1.56336,31.6631,23.3772,5.7463,11.1044,3.48919,17,0.645038,1.57281,3.2682,258.966,44.8519,28.4947,26.7333,1.22367,22.4559,13.4639,4.10779,7.4517,1.78001,11,0.621525,1.42159,3.04888,231.613,40.9954,18.0941,26.1053,1.07644,19.8035,13.8488,3.21379,6.50984,1.40785,14,0.546812,1.21182,2.17059,424.104,102.295,32.7076,30.3874,1.68815,32.1687,25.6766,5.6655,11.5279,3.28259,19,0.586499,1.22722,3.15088,290.576,25.3072,17.1263,21.1531,0.660545,23.0513,11.7793,3.67421,6.67634,1.54876,11,0.423834,1.19144,3.03401,529.57,150.144,64.0736,111.172,2.84028,39.7271,29.4013,7.08681,22.1388,5.21179,24,0.66001,1.27829,2.97959,147.586,25.4782,27.6208,113.277,2.90631,13.2899,9.05566,2.88907,12.0507,3.25239,8,0.535025,1.32235,2.08972
gr00t_wbc_h074_p000,3911,complete,90,18,20.453,2.25043,0.00331487,0.00583826,196.171,16.3688,11.8637,18.6493,0.88215,20.0916,10.1983,3.2604,4.49574,1.12684,13,0.408793,0.943976,1.55792,475.032,41.1583,25.2773,78.5656,2.01721,35.793,20.7384,5.16921,12.2672,2.05847,12,0.591596,1.57816,5.04926,254.931,29.2253,12.1737,16.4641,1.13021,21.4818,13.2879,3.3572,6.94956,1.15891,14,0.490806,1.08147,1.66245,132.459,13.8389,5.64403,12.2089,1.46713,11.6792,5.78571,1.91132,3.85945,0.844998,8,0.509326,1.14334,1.74684,224.875,25.797,12.6011,11.0998,1.6956,19.9003,10.6459,3.21138,6.56499,1.94738,16,0.456147,0.907772,1.4934,179.639,16.8461,8.31419,12.7346,2.858,14.7931,10.202,2.50278,3.01482,1.73493,11,0.493501,1.05996,1.70487,81.9591,10.7933,6.38635,44.7853,3.31544,7.30587,3.74762,1.73263,9.79671,6.44677,4,0.605066,1.14958,1.76768,288.576,32.5025,17.1854,22.8592,1.4679,22.6002,14.8149,3.6473,5.12552,1.24749,13,0.642289,1.31626,2.51817,169.501,33.002,10.3988,16.8922,1.81865,14.2513,10.3579,2.50365,6.00671,2.92794,7,0.616989,1.34359,2.22817,222.048,17.3298,9.99272,21.2613,1.28999,17.9541,9.73912,2.76173,4.31818,1.18786,8,0.561492,1.23152,3.75876,311.373,31.9566,16.3934,20.1708,1.38824,26.7565,14.7607,4.1451,5.92729,1.8431,12,0.615188,1.24116,4.17825,201.651,17.3971,13.6729,20.9271,1.32363,14.5013,10.5931,2.72292,4.70067,1.14836,10,0.462759,1.12147,1.65323,171.471,18.5142,18.1678,23.0925,0.89229,12.662,7.66642,2.33754,5.46077,1.0362,10,0.474021,1.09416,1.79071,350.028,51.3069,33.2202,68.0394,1.5972,30.9738,19.8645,5.42368,14.7426,2.35556,18,0.463488,1.14621,2.23367,1131.67,121.234,71.0268,70.1208,9.76706,67.9037,35.8104,9.73837,21.6154,7.58657,20,0.560426,1.9341,8.63018,345.682,38.3925,19.2125,23.8137,1.32106,27.0511,13.887,4.84491,8.93399,1.46265,17,0.552691,1.26746,1.86706,1266.58,201.363,53.8682,39.7438,1.7765,61.2568,41.2279,9.11845,13.9725,2.24792,12,0.712418,1.77407,11.3618,176.188,28.4633,10.2784,19.6089,0.893768,16.0736,9.65227,2.65656,4.39456,0.903816,11,0.497154,1.00343,2.49046
gr00t_wbc_h074_p000,3912,complete,90,18,9.59815,2.92137,0.0261922,0.0322582,184.737,20.7376,8.5906,10.6249,1.34372,18.1075,10.3811,3.05297,5.62398,1.97568,13,0.401099,0.876593,1.41744,166.229,17.2072,7.45285,17.575,1.69557,13.1579,7.67243,2.18866,3.20748,0.79409,10,0.502534,1.10762,1.69188,209.041,24.7021,9.31976,13.69,2.09769,14.6249,9.07246,2.30224,4.08655,1.16791,11,0.541842,1.14677,2.01654,228.202,21.0535,11.8019,8.01445,1.17435,19.5905,11.1629,3.06788,5.51465,1.53423,13,0.493072,1.08192,2.35825,176.716,23.221,8.50142,11.8946,1.73949,13.5326,8.71412,2.35142,3.01955,1.31452,10,0.434812,1.2314,2.54454,210.05,20.928,13.1212,19.1416,1.77079,17.494,8.62588,2.95615,4.11209,1.43382,11,0.49412,1.07112,1.86722,243.51,21.844,21.4367,36.3486,1.746,20.2018,12.0464,3.86966,8.99275,2.11111,13,0.463948,1.13033,1.8467,203.772,38.1757,19.7992,21.2948,1.50746,16.2359,9.36463,3.35837,4.94382,1.25634,9,0.546425,1.36424,2.10955,425.209,82.1497,39.4665,77.9474,2.43309,33.8545,21.9559,5.67559,10.9657,2.4884,16,0.577442,1.35323,3.04953,404.58,53.2959,28.6991,56.5398,1.17449,27.7169,16.1011,4.31958,11.0274,1.51345,17,0.529903,1.18425,2.45328,312.45,37.3832,30.158,106.476,1.91362,22.8031,12.9007,3.97889,15.1041,2.08967,11,0.561274,1.60233,3.58676,175.087,15.485,11.6745,22.4881,2.41468,14.3478,9.22066,2.71619,5.71634,2.22979,8,0.533216,1.25687,2.34304,490.958,43.0682,33.6392,21.0711,2.07263,36.0511,19.6761,6.15137,8.33802,4.68027,20,0.603446,1.51736,4.06315,2121.07,261.97,122.983,52.434,8.33588,90.7046,44.4768,13.875,19.4984,9.23913,17,0.701251,1.67395,11.6869,450.479,76.4712,48.7031,184.214,26.3707,32.3627,20.358,6.78227,22.0569,8.77006,13,0.558181,1.56705,4.37125,497.65,102.113,33.629,12.1995,1.74515,36.4564,22.7696,6.23452,5.98281,2.7036,21,0.718532,1.32225,3.1489,418.131,32.1218,24.2183,20.2614,1.77602,30.6646,17.3393,5.30603,8.35406,4.22108,14,0.527586,1.37025,3.73033,329.431,36.033,15.4307,58.6034,56.538,24.8336,14.3575,5.55732,19.7045,14.7927,12,0.543216,1.5278,4.04299
gr00t_wbc_h074_p000,3913,fell,46.1,10,25.6938,3.0674,4.26196,3.86975,255.641,30.0396,9.95734,9.74628,1.652,20.7881,11.8895,2.94417,4.61777,1.28651,12,0.471838,0.981811,1.68616,142.802,12.5654,7.43115,12.2697,1.48234,11.9866,8.14234,1.88911,4.19088,1.10217,9,0.462095,1.01964,1.80806,196.548,14.56,18.5019,24.0886,1.68629,15.9503,9.61647,3.05931,5.57963,2.14478,11,0.466313,1.11077,1.49149,273.306,23.5099,14.1193,18.0581,1.24206,21.9769,10.5213,3.69647,4.44096,1.3018,15,0.527091,1.11156,1.4462,219.178,20.7358,11.2196,14.6916,1.7645,18.0874,9.50095,2.86981,4.10321,1.33803,15,0.425289,0.885662,1.293,155.333,15.2947,13.519,44.6858,1.81482,14.0535,6.25007,2.93267,7.74728,2.9109,10,0.402531,0.92214,1.62196,222.566,20.694,13.6917,39.8165,3.02418,17.1967,9.2058,3.05513,8.0742,3.72617,11,0.481969,1.08216,1.69522,444.573,41.9403,32.4599,212.339,22.2645,32.0934,18.3142,5.89791,21.1213,11.8776,11,0.57547,1.58394,4.6466,213.326,19.1447,13.627,27.231,1.98438,16.7705,9.36043,2.88724,4.13979,1.20264,12,0.437673,1.00719,1.48714,2606.18,455.131,76.4999,19.7799,32.3186,79.4387,55.9676,11.6632,13.1731,9.0467,1,0.345951,0.511277,0.781723,,,,,,,,,,,,,,,,,,,,,,,,,,,,,,,,,,,,,,,,,,,,,,,,,,,,,,,,,,,,,,,,,,,,,,,,,,,,,,,,,,,,,,,,,,,,,,,,,,,,,,,,,,,,,,,,
gr00t_wbc_h074_p000,3914,fell,85.64,18,17.4615,12.4028,3.64169,3.34236,153.126,20.4273,7.29937,9.32123,1.28329,13.709,8.89911,2.29619,5.46414,3.44486,10,0.369052,0.797063,1.58846,106.961,17.8206,7.21356,18.2312,0.798579,9.65823,6.01253,1.68393,2.74596,0.709125,7,0.48295,1.18308,2.15371,402.152,45.382,19.236,28.7804,1.0645,28.115,15.9679,4.41867,6.1744,1.29056,15,0.587064,1.37277,3.29425,226.425,25.2547,13.0697,22.9639,1.20682,18.6963,8.24857,3.03254,4.15731,1.33981,13,0.511653,1.08991,2.27051,250.531,38.2201,15.5268,19.1329,1.63034,20.4113,11.984,3.09279,7.7651,4.90455,14,0.435886,1.11485,1.83314,306.97,25.8212,55.6977,185.998,6.25774,26.186,11.3615,5.27753,24.2074,9.70503,20,0.344457,0.886849,1.24123,182.761,23.8538,12.9203,27.4296,10.1841,15.0105,6.61512,2.77024,5.66354,4.11008,10,0.510833,1.22422,1.72193,293.671,31.0294,23.1723,45.1594,18.3355,24.4192,12.1665,4.38343,13.2437,8.58921,12,0.607388,1.44024,2.87745,321.153,49.7563,22.9605,27.6991,1.06071,24.8822,15.4684,4.28076,5.33977,2.11576,16,0.66003,1.23731,2.25318,231.479,16.3849,17.6902,27.8753,1.12852,18.8418,7.6467,3.33612,4.7753,1.23984,14,0.495425,1.04909,1.64232,686.612,70.8007,37.6252,52.04,1.45514,47.4396,23.2481,7.11014,11.9242,2.67866,25,0.469286,1.45917,3.95588,1037.58,108.33,43.7576,21.1719,2.14198,65.6703,36.7717,8.87279,13.8708,6.92406,16,0.764895,1.80046,8.39416,1068.43,202.51,65.0624,34.6243,1.31901,57.8006,39.2219,8.68894,12.5318,5.60073,20,0.61459,1.54418,5.66915,400.91,43.8307,18.7166,25.6979,1.26131,31.6583,19.0527,4.90064,6.77434,1.67058,19,0.547258,1.22207,2.56934,559.796,57.5387,26.9347,21.0429,1.23713,37.0579,21.5219,5.3208,9.45702,4.77416,17,0.576252,1.48649,4.11182,348.023,36.6982,15.8755,24.9246,1.26691,27.117,13.4674,4.3222,6.42164,1.59963,17,0.495961,1.22404,2.74167,344.648,61.0941,15.4852,30.1684,0.895947,26.9224,16.9303,3.93687,7.80889,1.48802,12,0.37381,1.18411,3.4383,1359.64,50.9221,67.24,15.1141,0.322235,38.9935,10.7298,6.21408,10.254,1.95896,2,0.268776,0.585047,0.768097
gr00t_wbc_h074_p000,3915,complete,90,18,34.8054,2.94887,0.00619573,0.0125226,292.335,35.6145,15.6072,16.3796,2.47035,28.7384,18.1609,4.70094,8.26723,2.7057,21,0.465712,0.960129,1.76055,307.886,27.0125,13.843,24.0258,3.42157,25.7949,14.2355,4.19259,10.8758,4.64631,18,0.464542,1.02001,2.21927,277.029,35.9191,12.7348,13.2438,1.35704,21.3947,11.5343,3.36579,6.40578,1.44632,13,0.586776,1.24165,2.51602,309.454,25.6028,15.493,13.411,1.51608,24.78,13.4432,4.3105,5.75389,1.27715,16,0.509025,1.17466,2.10793,202.781,22.3658,8.71246,12.2086,1.62751,15.8907,8.57509,2.56572,5.46788,1.98176,9,0.610431,1.3243,2.29882,187.573,15.2767,10.3451,22.0763,2.16883,17.9687,8.55203,3.37459,9.04793,3.49948,10,0.523839,1.31671,2.14696,231.379,32.572,16.7264,89.1291,1.78934,18.027,9.07882,3.14792,13.7032,2.45898,8,0.391908,1.29815,3.11893,344.531,33.5567,12.7996,16.9823,1.85834,26.418,12.5121,3.95083,8.28465,2.65862,13,0.589488,1.35323,3.21828,167.257,26.9277,12.4657,12.0955,1.19284,15.3087,9.87292,2.57857,6.4047,1.81826,9,0.522923,1.24371,2.21886,366.377,38.4771,18.7559,47.1156,3.63307,27.2533,15.3638,5.1112,15.1066,5.79809,14,0.472045,1.38644,3.48531,164.184,19.519,6.22691,16.5998,1.32201,12.9678,6.07146,2.21098,4.16396,0.826543,10,0.486178,1.07601,1.87106,385.678,32.8729,18.6518,20.087,1.22952,33.7058,16.7669,5.42933,8.89255,1.46824,19,0.538598,1.186,2.52457,234.515,36.5951,10.2255,13.8921,1.28307,22.4135,12.8733,3.80616,6.31783,1.64697,12,0.553247,1.30115,2.84295,744.101,176.002,39.239,30.2837,1.50906,55.5707,40.3646,8.16909,15.5606,2.48447,24,0.792205,1.15529,3.66138,2345.36,432.944,112.561,277.954,29.0848,121.383,74.1778,18.2963,44.1698,10.244,16,0.956293,1.76483,20.1979,2063.41,181.294,64.605,39.8309,1.42154,100.619,47.08,13.3973,21.4601,3.1459,23,0.459124,2.18868,11.4897,452.396,70.9945,16.3609,17.1137,3.82942,31.0644,17.0003,4.76573,10.2775,3.11837,16,0.642069,1.38165,2.65198,278.351,27.9871,12.7135,16.6843,3.30957,25.2504,14.2124,3.97479,6.05684,4.44596,12,0.674948,1.45544,2.78846
gr00t_wbc_h074_p000,3916,fell,51.4,11,33.0957,10.3244,2.52117,3.65964,100.441,10.2613,10.6376,35.0512,3.78831,12.3677,7.66131,2.27381,6.77142,4.48886,9,0.316601,0.858494,1.2138,192.36,18.304,9.24489,15.5385,2.02227,14.5694,9.36552,2.34069,2.75746,1.15296,10,0.527807,1.09552,1.7895,197.639,17.4396,10.484,18.9947,1.62478,16.8059,9.8186,2.67305,3.56489,1.24697,11,0.498869,1.10385,2.09971,185.202,16.0137,9.12969,16.208,1.16394,16.4567,8.42253,2.78823,4.37329,0.866157,12,0.436422,0.958687,1.55167,199.695,16.2897,12.0623,19.2199,1.41862,17.8173,11.1974,3.15374,3.94686,0.934616,14,0.480305,0.971624,1.69788,209.572,22.7038,12.106,19.2116,1.44747,16.1125,9.35498,2.65148,4.5383,1.60303,14,0.388876,0.905364,1.41785,284.839,26.884,15.1577,13.5804,1.3195,22.7629,14.4057,4.00899,5.76989,3.17389,16,0.471182,1.10135,2.03073,127.017,11.2915,9.57812,18.9759,1.82335,9.49194,5.7157,2.47421,7.70761,3.06996,7,0.369236,0.918984,1.33017,325.56,32.1681,20.7383,18.5227,1.39508,24.9127,14.6405,4.1644,6.8181,2.12876,12,0.591551,1.37269,3.24072,206.473,24.7514,12.0032,25.7085,1.23869,16.204,8.09487,2.78161,4.78334,0.979457,8,0.553714,1.43543,3.30217,1912.49,108.058,55.6104,20.713,1.09307,71.4395,31.5022,8.07343,16.7493,3.64904,10,0.874672,1.67362,16.4744,,,,,,,,,,,,,,,,,,,,,,,,,,,,,,,,,,,,,,,,,,,,,,,,,,,,,,,,,,,,,,,,,,,,,,,,,,,,,,,,,,,,,,,,,,,,,,,,,,
gr00t_wbc_h074_p000,3917,complete,90,18,8.58475,2.5681,0.0130061,0.0246263,289.387,45.3909,13.7417,18.151,1.30597,25.5155,15.7465,3.92645,6.63626,1.80803,15,0.564047,1.04305,2.11762,112.822,14.1473,7.00605,23.7501,0.871465,9.72332,4.64975,1.52165,2.79335,0.834204,6,0.457289,0.951329,1.5438,266.403,30.5397,11.9139,25.95,1.30637,19.318,10.7042,2.71136,4.63307,1.48782,13,0.595986,1.0604,2.18127,60.3661,6.06277,4.23519,20.4058,0.960219,5.81623,2.74967,1.08851,2.61481,1.27877,5,0.358869,1.09393,1.41523,460.675,48.5292,17.8469,17.5938,2.19446,33.0922,16.3459,5.09035,10.477,3.64979,16,0.574604,1.48951,3.88966,386.573,77.6272,18.3596,17.8966,1.49186,27.5546,18.4647,4.52119,11.0816,2.27687,12,0.570884,1.29945,2.8538,176.516,19.3663,7.45097,10.4908,1.55956,14.6019,6.34677,2.34272,6.93603,3.43012,9,0.548252,1.11405,2.12426,551.839,133.033,39.5649,140.597,4.89412,41.0998,26.5631,7.17158,21.0364,10.0295,19,0.590465,1.27444,3.67223,187.906,18.2864,10.8462,10.4263,1.61015,14.185,9.18508,2.60593,3.42221,2.32912,9,0.56094,1.34221,2.54539,682.982,40.0421,31.1426,26.4697,1.74583,35.5255,18.7678,5.31734,9.33096,4.97513,14,0.510395,1.42398,5.59852,1219.29,89.8814,52.2845,33.4085,2.32229,69.6495,35.3193,8.7221,12.0387,3.98114,18,0.539974,1.50981,9.2506,372.776,51.1871,16.8174,30.054,1.20006,32.8923,18.8875,4.53242,6.7924,1.52758,14,0.425633,1.31581,3.24791,249.686,21.7532,18.5117,26.8342,1.19691,24.5347,11.2402,3.92983,5.12699,1.25439,18,0.435232,0.98479,1.29846,211.877,22.0359,9.48026,21.1603,3.1906,16.1422,7.6363,2.86185,4.82407,2.17354,11,0.493383,1.17103,2.50094,312.492,44.0497,20.537,25.9162,2.42558,24.1445,15.9266,4.16498,9.61263,4.87057,13,0.487868,1.2701,2.41512,619.814,145.532,44.568,31.0633,2.44897,40.6833,26.982,7.13638,12.5295,5.27829,17,0.708151,1.50686,3.80771,398.665,95.8533,41.0976,27.339,1.78792,29.9939,19.8848,5.66298,8.73312,2.65662,16,0.548405,1.36915,3.16963,268.396,26.9568,17.2484,27.9809,1.42579,25.7621,14.1193,3.93077,5.66964,1.8597,16,0.503091,1.07495,1.90129
gr00t_wbc_h074_p000,3918,complete,90,18,7.09087,3.05679,0.058265,0.0815758,176.524,13.1908,8.59106,16.3511,1.82578,18.8454,10.2067,3.15479,6.54065,2.40223,13,0.392351,0.889141,1.6001,156.884,14.7798,5.85948,10.2265,1.6791,12.9188,6.22433,1.88609,4.13063,1.11742,10,0.409649,0.886584,1.23631,364.388,26.384,17.0118,19.2405,3.15807,24.0594,13.2529,3.87988,4.61701,2.496,11,0.607678,1.44197,3.82097,270.708,25.039,11.9144,36.8764,3.52475,19.9391,9.6654,3.32231,4.08797,3.32018,11,0.462338,1.29424,3.95124,302.701,34.315,13.6756,42.056,10.4214,22.8566,12.5417,3.79598,3.91475,5.90956,16,0.542788,1.06517,1.81382,452.157,50.2416,29.598,43.676,17.2172,33.7039,15.8695,5.08012,3.25567,8.14973,18,0.518486,1.32024,2.9407,398.023,62.5552,21.1723,30.9367,9.61165,30.9758,18.4486,5.15161,3.09327,4.42604,18,0.50146,1.14781,2.47261,274.999,37.6535,18.2455,24.6747,5.04479,20.8184,10.5201,3.58866,4.10508,3.57931,12,0.591908,1.16869,1.80499,828.632,91.4117,46.359,21.5904,4.8184,49.1855,26.1063,6.19659,2.59587,3.57973,18,0.808442,1.31332,5.45619,719.596,64.2368,32.0844,18.25,5.0313,44.8548,23.1567,6.08889,4.6091,4.63712,16,0.549926,1.56863,5.80277,367.457,56.9732,22.8505,13.6344,1.70587,26.2515,16.2105,3.84905,4.12993,2.65882,13,0.808544,1.29909,3.01622,499.362,49.9095,44.8634,36.9031,2.17739,39.0983,17.876,6.13724,8.99256,4.04789,15,0.563703,1.65673,4.27953,354.588,39.2645,21.7171,12.6248,1.65409,26.1919,12.1576,4.05255,1.90689,2.6752,15,0.605574,1.16757,2.14383,706.62,72.4103,38.8059,26.5873,1.20592,43.052,22.6753,6.31835,5.48325,3.36696,20,0.653156,1.46096,4.44286,241.559,30.6138,18.6985,10.5201,1.66085,21.987,11.9742,3.79067,2.34322,1.98207,18,0.422354,0.899389,1.64506,704.894,74.2758,41.1105,13.5075,2.6151,41.6425,20.7483,5.7917,2.83729,3.00488,21,0.57798,1.0782,3.5885,500.54,103.426,27.8701,12.3675,2.73936,39.5841,23.1623,5.95097,4.56019,3.45345,14,0.868719,1.65344,4.15799,431.126,75.8913,27.7325,8.2818,1.02451,32.499,19.2285,4.59416,3.78524,2.7401,17,0.644946,1.22723,2.17856
gr00t_wbc_h074_p000,3919,fell,61.22,13,11.0102,6.07235,1.4993,0.740566,21.2652,6.57969,1.46272,15.3288,1.30648,3.56099,3.02113,0.488109,1.86585,0.76442,4,0.284032,0.114612,0.063504,293.372,23.5197,13.966,25.01,1.04725,23.702,12.497,4.01202,5.88952,1.01736,14,0.575452,1.37419,2.79166,323.835,30.4646,18.3139,23.5247,1.6388,28.0853,15.7849,4.38079,7.09226,1.63909,16,0.627254,1.3093,2.7996,502.25,76.411,30.3389,79.7882,1.60309,40.1029,22.5576,6.92339,17.6824,2.94911,23,0.58157,1.26112,2.79212,271.009,28.2054,16.6796,24.1266,0.74625,21.215,11.8658,3.30953,6.14633,1.31166,13,0.627963,1.20441,2.16295,323.105,23.4405,19.1278,37.6316,1.16684,27.1674,15.5848,4.81806,9.58241,1.87335,21,0.417819,0.96084,1.89877,169.798,23.394,8.96498,17.4751,1.48209,15.4809,8.30642,2.54536,4.74323,1.06542,7,0.560732,1.56779,3.58873,270.246,26.2598,14.4056,18.7488,1.67962,21.5682,12.2474,3.60611,6.67051,1.97768,15,0.472224,1.01534,1.65308,291.122,31.0625,13.6645,63.9002,54.949,21.5765,9.4281,4.12405,16.9984,11.0412,12,0.487373,1.23734,3.04675,366.795,49.9567,68.0476,36.9577,1.55493,31.358,21.6671,5.6508,11.2122,1.84958,19,0.497552,1.14538,2.28482,543.427,87.1317,46.9874,40.5474,0.984253,40.9801,26.0678,6.81173,12.877,2.67133,22,0.508599,1.21069,2.93105,281.914,26.791,19.6147,26.1773,1.47047,24.0311,12.578,4.03015,6.01378,1.30236,18,0.441909,1.11248,1.61555,5116.59,577.925,283.819,256.939,68.965,129.225,61.5819,23.6998,50.8893,14.1189,3,0.258146,1.13346,1.33296,,,,,,,,,,,,,,,,,,,,,,,,,,,,,,,,,,,,,,,,,,,,,,,,,,,,,,,,,,,,,,,,,,,,,,
gr00t_wbc_h074_p000,3920,complete,90,18,9.4104,3.71829,0.037552,0.0236567,232.048,22.2068,11.3993,25.1213,1.67053,20.075,10.6402,3.21402,8.25483,2.72555,16,0.348715,0.754844,1.26959,186.724,24.6991,7.95461,16.8598,1.33726,14.1122,7.48414,2.1566,3.24125,2.23159,8,0.649685,1.22283,2.46388,146.864,14.4927,5.50931,13.0943,1.60621,12.287,5.71905,1.905,4.975,2.47852,8,0.550492,1.19792,2.47747,273.819,26.6009,13.9325,16.5685,1.29866,19.0812,8.54194,3.1746,6.44049,2.53139,12,0.540056,1.27207,2.9401,273.601,27.382,25.271,42.2246,106.723,24.4366,10.3977,4.79051,11.419,8.09831,21,0.417533,0.938187,1.54281,340.413,32.7712,20.4501,24.6996,1.03201,24.166,12.2874,4.01082,4.75531,0.915434,12,0.520717,1.54202,4.28222,477.809,87.931,31.572,24.0231,1.34966,32.4395,19.3209,5.06864,5.9434,1.85753,13,0.699508,1.54381,4.36902,222.347,31.3655,37.3062,100.933,38.1654,19.3209,11.3351,3.97897,16.8117,10.1391,13,0.421509,0.976188,1.53587,120.854,14.7089,13.9231,22.005,0.771622,11.0076,6.66194,2.07482,2.98798,0.853811,9,0.492702,1.11513,1.58704,286.247,39.8571,17.0836,27.6385,1.85004,24.8742,13.5695,3.79714,4.75849,1.6756,13,0.547007,1.39452,2.48467,215.354,21.5217,10.5953,23.8845,1.20679,16.2969,7.3444,2.43965,4.31823,1.30995,10,0.497918,1.07795,1.70297,870.494,185.933,65.9859,145.816,9.50763,59.6854,38.566,9.77393,20.0024,6.73125,25,0.588863,1.08709,3.80161,253.322,37.0058,20.4377,22.2257,1.29709,22.725,12.351,3.63515,8.34123,1.62531,14,0.517273,1.21938,1.9592,373.633,56.4372,17.6685,28.8287,1.08476,24.4989,14.9791,4.12384,8.48813,1.5219,14,0.707607,1.17188,2.80137,109.833,14.6434,15.3273,82.9131,2.90085,10.1275,5.54517,1.97931,13.9113,3.94963,5,0.472794,1.04155,2.05486,316.687,38.5033,27.7433,207.085,30.6565,25.6584,13.0361,5.23834,23.0989,9.16992,11,0.723534,1.80338,3.6664,450.261,64.8279,22.8766,28.7329,1.19276,29.5057,17.875,4.46015,7.98292,1.39042,11,0.47039,1.647,6.04891,576.309,62.4091,30.2103,33.1331,1.1288,43.7197,23.9381,6.26108,10.7327,1.9502,21,0.491159,1.38904,4.8732
gr00t_wbc_h074_p000,3921,complete,90,18,9.71154,2.61406,0.0141345,0.0144784,260.897,39.9194,17.6586,38.5505,2.11317,25.9101,16.9174,4.12439,7.28288,1.45141,17,0.520388,1.02185,1.925,305.386,30.2041,14.2206,20.1041,1.61434,24.1923,12.6804,3.90878,5.79829,1.33124,18,0.442805,0.943221,1.78587,123.44,14.8964,6.88515,16.7911,3.11803,11.158,7.44205,1.85886,4.54661,2.13252,5,0.543644,1.31337,2.55563,207.276,27.9839,8.19736,20.8748,2.79642,16.8622,9.67927,2.70316,6.35392,3.38958,10,0.497811,1.08955,2.67696,305.709,34.9026,10.2303,31.5902,1.85332,23.1676,11.2191,3.39276,8.73709,1.96072,11,0.59757,1.44408,3.20366,358.135,39.0024,11.9073,14.26,1.88905,26.0509,13.4989,3.89859,4.89884,1.99246,14,0.597398,1.44426,3.53935,199.44,18.7753,8.26103,21.3368,1.05568,17.2362,9.79195,2.977,6.77923,1.55888,13,0.445661,1.03476,1.93431,276.498,30.0167,14.3287,29.3341,52.6522,19.8493,10.854,4.09568,11.9968,8.89109,12,0.508879,1.27023,3.19359,313.592,35.0365,21.7987,15.037,1.24033,22.663,15.1478,3.81448,5.45061,1.50384,11,0.577527,1.5345,4.22346,371.033,35.5185,19.6897,14.2232,1.1795,30.2392,15.8491,4.83429,7.97354,1.96003,18,0.530795,1.19724,3.07063,375.811,45.7519,34.5912,72.9988,3.48326,32.6646,18.0282,5.99286,19.0965,5.61767,13,0.603384,1.46714,3.62839,258.086,23.8772,17.1483,20.0277,1.1004,22.4937,12.9273,3.6175,6.57827,2.04333,11,0.517896,1.24906,4.0134,221.171,24.6815,18.8604,96.9686,2.27402,17.6165,9.75614,3.50319,13.3246,3.92789,8,0.576735,1.35256,3.16024,244.296,26.3488,28.222,66.3771,6.16286,19.5742,12.35,3.74049,11.8313,5.86426,9,0.499508,1.25221,3.38663,565.357,117.825,33.6569,107.454,39.2935,42.5356,25.9504,7.11358,17.7608,5.84371,16,0.616833,1.41192,4.29757,403.104,38.0575,17.7876,18.4286,1.3662,29.2885,16.5687,4.43016,5.71036,1.50007,17,0.588526,1.11475,2.84313,1551.23,178.947,109.931,282.765,222.594,95.3913,49.7035,15.4258,40.7676,18.1512,24,0.573666,1.35422,8.19429,320.945,29.9382,17.7157,37.0335,1.17365,24.8389,14.4584,4.12291,6.00348,1.32127,16,0.540324,1.14146,2.09892
gr00t_wbc_h074_p000,3922,fell,75.78,16,12.9399,5.25582,1.9682,3.80571,163.277,23.0229,10.7653,23.7355,2.0011,16.8838,11.205,2.74488,5.74375,1.28924,14,0.364097,0.881446,1.46825,187.482,14.8875,12.3534,18.3587,1.0272,17.0288,8.53361,3.03536,3.8587,1.21797,17,0.315923,0.811688,0.985007,137.085,22.9972,13.8726,37.2465,5.76289,12.8834,7.47756,2.4949,7.10167,5.23602,6,0.639038,1.62057,2.73531,150.627,12.7218,9.98748,19.8598,1.86541,13.6465,6.44747,2.31174,7.82258,3.72106,9,0.509876,1.11454,1.88261,179.319,20.79,10.6878,28.5143,0.886127,15.209,8.77854,2.65116,5.21669,2.43496,10,0.552804,1.3599,2.47259,311.37,28.5365,15.2382,26.4947,0.905372,25.2656,12.0472,4.00012,5.08141,1.53963,15,0.637964,1.30465,2.2666,404.396,44.6965,19.4794,19.4692,1.44529,27.8818,14.7091,4.46012,5.67707,1.45703,15,0.489292,1.35719,3.17091,331.513,42.0087,17.712,23.6154,2.25458,24.6331,13.7074,3.86309,5.98159,1.81355,11,0.605465,1.78172,4.33239,395.658,48.3029,19.3071,27.7679,1.21363,29.0584,17.1747,4.44432,7.57509,1.59672,12,0.523664,1.45728,3.5878,165.221,19.2186,8.77838,17.6197,1.31369,12.6702,6.93561,2.51081,6.00858,1.54673,8,0.587316,1.21029,1.88966,351.739,31.1501,11.4652,8.06151,1.90133,26.4978,11.2516,4.31511,7.99183,4.85026,15,0.668922,1.46386,3.74218,643.768,90.6147,31.3089,25.6893,5.40611,44.7479,22.7994,6.52866,8.08057,5.17714,20,0.447664,1.10629,3.09793,189.265,35.7841,13.2135,11.5219,1.93772,15.8284,9.14091,2.5478,5.02409,3.4316,9,0.501183,1.17335,1.72898,426.204,79.731,35.9713,138.61,13.5759,34.3669,17.9489,5.62282,14.2144,7.74903,14,0.65381,1.25678,3.40821,349.105,48.284,23.8728,35.2057,2.02582,26.1413,13.3035,5.2586,10.8925,4.88441,15,0.595791,1.42438,3.01327,1733.66,72.9287,101.814,138.749,143.827,57.1911,24.8647,11.0151,26.3042,11.4534,1,0.550652,0.926023,1.62259,,,,,,,,,,,,,,,,,,,,,,,,,,,,
gr00t_wbc_h074_p000,3923,complete,90,18,8.34723,2.70342,0.00679872,0.0140401,359.075,42.1182,16.4897,18.8292,1.44245,29.6402,18.1557,4.43239,7.66098,1.25653,17,0.542723,1.03576,2.18041,183.224,25.7441,9.4736,29.7171,1.33968,14.947,7.9812,2.48154,9.45529,1.59346,13,0.520588,0.837824,1.67387,290.064,26.1795,18.7704,19.9338,1.82982,25.78,15.593,4.55112,8.04923,1.92684,18,0.52016,1.11396,2.10431,407.302,43.7307,26.9135,92.4029,3.74158,32.3481,18.1733,5.35559,12.1198,4.19785,16,0.585089,1.39563,3.16114,214.066,27.5193,11.813,12.929,1.21513,17.5194,10.7937,2.97256,3.6924,1.73554,10,0.522022,1.30105,2.63371,251.901,16.1647,16.3554,19.6556,1.6569,19.6522,12.3973,3.84687,5.76758,2.58416,14,0.507934,1.15394,2.13981,310.311,29.9175,19.6243,69.3651,2.4247,25.6919,14.143,4.64102,8.61161,3.20544,16,0.559895,1.14655,2.68965,435.709,58.4728,24.2319,39.859,1.5963,30.1816,19.2332,4.22056,7.97625,2.1266,13,0.582486,1.18311,3.957,212.244,22.7122,11.3544,18.1368,0.98011,18.3057,10.8268,3.14314,5.36309,1.15356,15,0.495583,0.895675,2.13813,343.547,48.2797,15.5159,26.5275,1.50385,27.2935,15.96,4.23042,8.03724,1.7114,14,0.485398,1.28358,3.56946,215.385,21.3428,10.6373,17.0829,1.048,18.888,11.8156,3.04897,5.20341,1.41332,14,0.427232,0.935238,2.13473,294.859,30.1923,18.8216,21.8192,1.50854,20.4742,12.9066,2.86452,5.02989,2.30587,10,0.572446,1.23523,3.40665,303.49,30.4275,15.1719,25.9594,1.30852,22.7338,13.2537,3.87299,5.45022,1.30272,17,0.570129,1.0388,2.02099,373.18,30.9981,37.2397,52.3895,57.5678,29.0239,15.8467,4.81059,17.755,14.4587,14,0.680775,1.55217,3.94298,442.117,46.1547,18.8416,23.4633,9.21312,33.9341,17.8919,4.78423,6.65655,7.45737,19,0.519462,1.20988,3.04953,300.435,22.6518,11.046,22.2984,5.04564,22.4621,11.3157,3.19836,7.24954,5.6382,10,0.565411,1.30857,4.19842,535.806,50.2123,34.2918,153.422,17.7546,34.0232,18.4426,6.28948,25.65,11.2818,16,0.597034,1.53226,4.30961,187.608,22.1266,7.54312,15.3602,1.22077,15.5227,9.81703,2.41699,4.33825,0.884578,11,0.546996,1.1497,2.49787
gr00t_wbc_h074_p000,3924,complete,90,18,10.2146,2.78973,0.0884656,0.116008,336.079,35.7292,16.0791,15.0044,21.7283,30.0321,17.1764,4.99303,12.0642,8.49359,19,0.465411,1.00811,1.85931,288.222,27.2674,10.8498,16.6161,2.27067,20.7479,10.6955,3.6507,5.04601,1.56053,11,0.583287,1.54019,3.10206,227.941,19.143,10.3626,15.7508,1.38746,15.9258,9.1065,2.73383,3.53414,0.966117,11,0.490556,1.16085,2.51545,211.845,22.1711,10.3278,22.7213,1.16786,16.9353,9.59002,2.88104,4.16992,0.739005,9,0.595282,1.40375,3.12741,173.686,19.3578,24.9728,70.0165,2.76835,14.769,8.03878,2.84813,7.22367,1.93476,10,0.424142,1.09504,1.76562,246.836,22.0378,19.3713,24.1285,1.57452,18.4946,11.6516,3.89433,6.13838,2.03616,13,0.524845,1.23514,2.72521,349.064,42.1551,20.4019,23.5508,1.69414,27.9488,18.2699,4.29081,6.69792,3.03418,18,0.579226,1.08772,2.26744,567.264,51.285,23.197,21.0121,1.61253,38.5078,21.9713,5.59839,6.31964,1.74251,17,0.526212,1.31796,3.08807,256.493,34.2845,13.7431,27.0512,2.23228,19.5597,11.6317,3.26852,8.13565,3.13411,14,0.477952,0.995934,1.37971,164.052,18.6335,11.7896,18.8427,1.79993,12.3729,7.3663,2.62382,6.49229,3.01023,6,0.624928,1.78194,4.15548,286.185,26.0882,18.55,14.8017,1.11,20.6279,9.53231,3.76454,4.90426,2.74785,10,0.563777,1.59233,3.44577,589.262,57.2132,28.3424,29.423,4.36901,46.253,20.3767,7.13071,14.5093,7.06218,22,0.513753,1.47545,3.89038,448.312,78.1279,28.4735,23.9742,1.94353,36.8196,21.4168,5.97742,8.24504,1.63641,20,0.646683,1.30048,2.13943,306.263,57.1693,29.3296,25.6367,1.30509,27.8625,17.6057,4.10674,6.2743,1.38798,12,0.518012,1.43593,2.96493,354.256,45.6078,31.5982,50.7564,1.12674,30.0003,17.4883,5.25272,12.0503,2.24892,16,0.549168,1.27534,2.79233,274.662,28.5142,41.4073,30.0961,1.73184,23.2413,11.3645,4.02858,5.91715,1.79348,16,0.420561,1.11566,1.59457,404.645,31.3754,30.5754,28.0912,1.20842,23.9539,11.4774,3.65263,5.90212,1.0271,12,0.524555,1.59331,4.03753,582.842,163.445,28.9082,49.8902,1.99401,43.9689,34.9354,5.84719,14.6976,3.7732,19,0.533528,1.43249,4.15562
gr00t_wbc_h074_p000,3925,fell,35.9,8,11.5876,12.7216,2.03231,3.20205,255.54,23.8965,11.6456,10.253,1.08136,24.5332,13.4802,3.92138,5.83616,1.30979,14,0.498998,1.16306,2.08015,148.812,12.1444,7.43189,13.1894,1.81305,12.5767,8.1954,2.25276,3.82371,1.43176,10,0.44235,0.991068,1.50871,293.379,32.6951,14.1567,31.5401,2.49161,20.835,10.9406,3.6616,9.88383,3.9436,15,0.563611,1.13246,2.85978,194.179,23.3452,7.43582,13.546,1.29715,17.2351,9.96967,2.64472,4.62282,1.51943,9,0.593256,1.28757,3.13973,346.216,36.0998,14.5626,24.7629,24.9109,26.5739,14.1431,4.44272,13.9089,11.2545,15,0.461692,1.29868,2.80735,204.582,19.3309,8.24766,18.8104,2.08688,16.6056,7.3902,2.94931,7.57296,4.87467,10,0.568352,1.25895,2.49681,349.85,36.9227,16.3532,27.2893,1.45739,27.5149,12.724,4.69049,7.45863,1.30065,15,0.5658,1.49326,3.46452,828.274,60.1789,30.8419,12.3148,0.420937,35.5839,15.0101,4.17671,5.80829,0.949045,6,0.319459,1.02123,7.02499,,,,,,,,,,,,,,,,,,,,,,,,,,,,,,,,,,,,,,,,,,,,,,,,,,,,,,,,,,,,,,,,,,,,,,,,,,,,,,,,,,,,,,,,,,,,,,,,,,,,,,,,,,,,,,,,,,,,,,,,,,,,,,,,,,,,,,,,,,,,
gr00t_wbc_h074_p000,3926,complete,90,18,10.7074,2.85098,0.0080737,0.0140718,147.32,15.2119,6.8951,17.0441,2.93898,14.8934,8.02565,2.46206,4.94292,2.46845,8,0.434783,1.0414,2.04741,219.9,26.2808,9.91031,25.0749,2.91634,17.4284,9.85708,2.74195,4.54848,3.0279,11,0.5285,1.16387,2.07703,200.17,23.5656,10.94,26.7521,4.82345,14.7203,8.04271,2.83866,7.52298,5.74625,8,0.668048,1.49176,3.44496,280.741,43.9997,20.2686,13.2051,2.14472,21.7592,11.8454,3.69543,3.70182,2.74997,14,0.534603,1.16703,1.99661,220.899,23.7983,16.8906,55.7766,4.57427,17.8856,8.36744,3.45599,9.99027,6.86935,11,0.467418,1.28051,2.97347,1259.76,181.365,100.789,32.1164,2.50036,69.0148,42.9456,11.6143,14.7314,7.59953,22,0.531326,1.33309,4.81856,238.291,22.4869,13.5539,12.0312,1.23218,16.1571,10.5598,2.82041,2.00965,1.19154,10,0.605171,1.2062,2.21838,320.36,27.2313,16.3088,12.7045,1.3131,22.3974,10.8776,4.10788,3.44896,2.0406,14,0.534163,1.35224,2.9575,156.379,15.3275,18.2248,87.6112,3.78849,12.7528,7.52709,2.8256,11.455,7.21538,7,0.643664,1.25984,2.685,273.892,25.0022,17.7656,27.2406,1.72212,21.5246,11.9633,3.86458,5.40064,1.96653,14,0.515586,1.33263,2.32648,451.092,57.1598,27.0687,24.1067,2.77221,32.9723,19.8653,5.6213,8.53184,5.3716,19,0.603437,1.27772,3.13222,240.85,23.2094,20.2773,30.3207,3.51066,20.3072,11.9126,4.04998,10.1267,6.34515,12,0.460016,1.15485,2.00021,239.922,23.9009,13.9683,25.2839,3.78224,18.628,10.5792,3.18293,4.58566,2.79499,17,0.430652,0.929352,1.389,339.214,30.6461,15.0824,13.7645,1.28861,26.1769,12.8223,4.41099,6.59444,4.75186,14,0.590337,1.49217,2.89979,385.457,32.03,19.0223,15.9762,1.8863,30.9319,16.8305,5.34461,7.89583,4.49467,19,0.499339,1.23277,2.58546,311.947,45.989,54.0766,101.538,16.1612,25.785,15.8086,5.20283,14.4221,8.63479,15,0.571563,1.24846,2.10168,885.113,120.019,32.6287,24.4428,1.60924,46.9348,25.4353,6.27795,11.4365,5.56871,10,0.494658,1.6759,10.1526,250.905,29.0442,14.599,28.7706,4.11782,19.816,9.0522,3.40958,5.26298,3.48821,10,0.556623,1.39362,2.71023
gr00t_wbc_h074_p000,3927,complete,90,18,26.0459,2.42792,0.0212952,0.0300206,181.154,22.0461,7.28741,9.36079,1.95789,15.4056,8.42166,2.4826,5.1152,2.34869,10,0.426236,0.937444,1.6081,303.574,29.4024,10.9006,14.2558,2.2918,23.073,13.3776,3.55527,7.28826,3.63437,15,0.528729,1.22338,2.48078,194.902,13.8583,12.0065,14.8637,1.49778,15.7383,8.20633,2.68159,3.4389,0.98606,11,0.49355,1.12958,1.64431,309.328,36.0677,12.4978,12.7048,1.06546,23.1172,12.2795,3.78378,6.34719,1.49135,14,0.587712,1.39675,2.71339,195.803,24.1625,10.1593,20.0565,1.41611,14.9934,10.3393,2.58354,6.99937,2.01222,8,0.447134,1.27734,2.49497,319.742,50.6273,16.9129,22.7748,1.44745,25.3129,16.5543,4.17239,7.93263,1.47804,13,0.535163,1.37124,2.7966,239.105,26.3652,17.9017,26.8743,2.2375,19.1149,12.7318,3.57142,8.38366,2.17393,11,0.533538,1.28688,2.61929,160.91,17.3338,15.7357,18.4342,1.50323,13.6933,7.77362,2.63597,5.00168,1.12095,10,0.402993,1.0383,1.35945,245.476,28.7807,16.015,16.3635,1.44197,18.4038,10.5237,3.42961,5.8441,1.18578,12,0.486628,1.23485,2.09885,227.543,23.912,12.0303,11.3488,2.27808,16.7788,10.1035,2.74597,4.78493,1.67814,12,0.600711,1.17918,2.07778,636.598,62.2043,23.051,40.4748,2.6632,41.7909,24.7691,5.92978,11.2015,5.9739,16,0.539625,1.46542,4.93265,178.375,17.5889,13.7931,33.0222,12.7131,16.6479,9.80645,3.8033,10.5836,5.91617,11,0.557596,1.19597,2.49977,367.705,35.5208,23.2166,61.009,78.2005,29.3408,14.345,6.45787,18.8878,17.291,16,0.413857,1.34049,4.10666,2527.21,166.679,81.1138,45.8589,1.71011,124.611,50.5379,16.1566,24.7478,4.56232,21,0.885644,1.76462,15.5587,392.405,65.0469,23.9233,26.3917,1.0897,30.053,21.2788,5.54942,8.62234,3.03801,18,0.524943,1.22661,2.3144,610.162,91.3677,41.6086,128.763,2.9288,40.5779,24.0924,6.57823,17.6226,4.61754,21,0.557755,1.12745,2.5377,373.823,38.9572,71.0274,291.199,8.30482,37.0532,18.523,8.16663,26.2428,5.94419,20,0.490283,1.17712,2.13546,767.642,90.7432,42.1812,28.2912,1.14818,45.5436,25.2753,7.35773,9.87298,1.75109,20,0.697598,1.22136,3.59785
gr00t_wbc_h074_p000,3928,complete,90,18,7.04087,2.03113,0.0445069,0.0433286,197.806,21.2842,10.2565,15.6037,1.25199,18.0931,10.1602,2.71362,6.19243,1.65418,13,0.461399,0.830994,1.50387,255.582,26.9447,13.2892,19.1469,2.26779,20.4275,10.4797,3.46695,4.91637,1.12158,16,0.470464,0.991925,1.45995,194.245,24.3851,9.20589,41.7575,1.89215,15.5548,9.46818,2.40116,5.55701,1.49531,10,0.493699,1.00434,2.31681,175.516,18.2759,10.2901,19.8859,0.962347,13.5133,7.45218,2.16659,4.17081,1.11517,9,0.588812,1.07411,2.04025,198.679,21.4242,12.3538,11.7609,0.846214,17.9832,12.2512,3.05116,5.13221,1.23145,10,0.594555,1.24897,2.95999,316.989,37.3304,16.2285,45.5213,1.20263,24.3938,17.0978,3.70638,12.2492,2.68673,13,0.600432,1.25245,3.34088,522.307,58.025,26.3117,19.7167,1.45899,35.4479,20.0909,5.43123,10.3338,2.28489,18,0.58299,1.47371,4.32404,337.69,39.4019,14.1231,11.9623,1.19089,23.6037,11.8787,4.38549,7.23423,2.0973,15,0.591303,1.39065,3.14821,240.47,18.1741,14.527,23.0053,1.48073,20.3661,13.4544,3.72552,7.36434,2.01908,17,0.457981,0.962173,1.90228,465.804,45.4142,19.5063,17.2848,0.929973,36.721,21.9441,4.85562,6.51468,1.78738,18,0.616981,1.3317,3.95343,345.513,38.425,16.6783,12.3751,1.02296,28.4932,15.8769,3.84569,4.09286,1.60257,14,0.642503,1.18762,3.46677,184.755,21.4783,7.79745,17.2837,1.30575,16.254,10.2995,2.78864,3.09804,1.38931,11,0.448006,0.97686,1.93063,241.217,25.5982,10.7452,40.5399,1.63663,18.8165,11.3876,3.36253,7.10616,2.90639,15,0.49249,1.06738,1.8761,267.443,27.6171,9.95477,39.2162,63.7141,19.9122,6.7733,3.70302,7.38709,10.6885,13,0.500876,1.22127,3.59247,376.379,32.4102,24.9337,152.212,5.02659,29.7299,14.9904,5.16628,17.878,7.48111,16,0.478778,1.18579,2.58081,411.168,39.1749,14.8993,24.113,7.35448,29.857,12.7605,4.23546,5.01649,6.57171,19,0.451257,1.26171,3.62847,281.034,29.9656,22.9609,41.0735,6.67716,21.893,11.2205,3.41816,10.4538,7.79437,13,0.508445,1.09921,2.25964,798.601,70.9558,33.001,81.5443,5.14459,53.3678,29.3911,7.51015,19.0901,7.78636,18,0.537518,1.36315,5.71137
gr00t_wbc_h074_p000,3929,fell,66.08,14,11.9818,4.05985,2.99008,3.40494,192.582,21.1966,8.68227,12.3575,1.94032,17.7926,9.17714,2.99368,6.45538,3.91575,12,0.440929,0.909876,1.56488,286.541,26.416,14.3303,18.2286,2.06844,24.4735,12.6721,3.95612,8.00795,4.7441,16,0.513552,1.0707,1.8698,305.264,33.9189,13.7146,16.3352,2.71615,23.9212,13.3862,3.82116,7.37261,5.0557,16,0.517253,1.12747,2.16415,302.657,37.9083,23.8278,39.9847,1.90076,26.0494,16.611,4.60622,8.3218,2.16715,14,0.51815,1.2578,2.85571,153.677,15.2382,12.1011,24.0505,1.32709,12.6353,8.81291,2.27112,3.17138,1.13763,10,0.454424,0.999328,1.45701,238.48,22.8114,12.9348,22.4142,0.890114,17.9333,11.4126,2.576,3.86866,1.44847,8,0.446375,1.30156,4.10652,348.85,36.9483,18.2456,27.2105,1.10638,26.1752,13.4378,4.75053,5.21321,1.93524,17,0.508712,1.27175,3.05281,191.239,21.9466,13.0208,20.1852,1.19858,14.4337,9.02738,2.51346,3.30506,1.50952,10,0.460642,0.998792,1.42238,348.905,36.7973,20.9075,32.2592,1.70609,27.2523,14.4705,4.33013,6.45587,1.93802,13,0.533771,1.50657,4.32246,335.628,30.4758,22.5641,73.6238,19.6248,28.4236,10.8069,6.33591,15.7495,6.40609,17,0.433829,1.21406,2.76166,451.729,45.6526,28.9977,59.9805,1.46706,31.6434,14.3049,5.3142,12.3767,2.43493,20,0.447351,1.23864,2.61378,409.239,73.4816,26.3662,25.0117,0.560886,32.3867,20.7686,5.14559,9.88482,2.22949,16,0.580367,1.53822,3.2977,521.588,112.263,40.6134,73.2309,2.56926,38.5346,24.0663,6.19942,14.4336,3.96448,14,0.636709,1.49746,4.24743,3069.91,460.547,118.14,59.0633,6.23946,96.1993,54.3079,15.3471,22.4921,6.99732,5,0.209756,0.945756,2.35429,,,,,,,,,,,,,,,,,,,,,,,,,,,,,,,,,,,,,,,,,,,,,,,,,,,,,,,,
gr00t_wbc_h074_p000,3930,complete,90,18,12.485,2.94637,0.401103,0.376357,286.508,27.1058,13.8061,12.0657,1.93188,26.7611,14.5261,4.69029,7.62192,2.71914,22,0.382308,0.906594,1.64791,268.158,32.9935,8.87187,33.1412,1.74101,20.63,12.9491,2.79986,9.25739,2.43908,12,0.548475,1.18653,2.33289,220.856,22.7863,11.9585,11.7082,1.6216,17.5794,9.74455,3.05817,4.24912,1.44539,12,0.459967,1.1853,1.70105,214.431,26.6459,9.86634,12.3098,1.93832,18.9394,11.8149,3.21244,3.40517,2.70833,12,0.554373,1.19026,2.36623,283.204,21.1317,10.9701,9.66677,1.63632,23.7844,12.3915,3.62129,3.98097,3.58394,14,0.557347,1.24184,2.00603,181.31,16.427,9.06049,11.776,2.26943,16.3551,9.43874,2.68232,4.11669,2.40412,10,0.507174,1.0714,2.10335,216.683,20.1444,10.4127,8.01994,1.74674,19.2442,11.1196,3.34299,3.02047,1.72094,14,0.464406,0.989977,1.65981,516.799,48.181,15.8608,60.5235,5.12555,35.5006,19.2857,4.87304,10.4216,8.93668,16,0.535616,1.50129,4.57439,236.543,22.6393,8.74458,6.97849,3.30919,19.449,11.1882,2.538,2.90213,3.71623,10,0.609681,1.4284,3.08866,235.183,30.533,11.0261,42.3147,1.48268,20.7719,12.9122,3.73029,7.43843,3.69257,12,0.598489,1.34645,2.46844,303.694,35.7267,13.5803,9.11536,1.86161,26.3796,14.6279,3.64577,2.05939,3.46099,17,0.451831,0.973683,1.53513,103.907,14.2203,7.50156,73.5837,1.61821,10.4665,6.51231,2.09036,9.91708,3.26134,7,0.424405,0.879311,1.25397,136.661,21.0013,6.54424,15.2289,1.71552,11.6921,6.09047,1.92921,4.15952,2.38102,10,0.414432,0.920234,1.28031,333.066,33.999,14.0223,17.862,1.82444,28.8331,16.2571,4.10889,4.23955,2.80696,19,0.510309,1.11609,2.23327,142.836,14.2058,7.44427,8.72409,1.13463,11.7568,6.23059,2.12824,4.68008,1.62391,7,0.602247,1.24322,2.05743,414.026,35.0266,37.66,16.7352,2.15002,30.9562,14.9553,4.3661,4.52298,4.84151,13,0.64401,1.39436,3.29841,571.78,117.644,29.5343,43.366,1.69166,41.1722,28.5189,5.5726,9.13051,4.48464,18,0.721435,1.19846,3.56144,1118.55,122.161,43.8745,23.8133,1.38253,67.6029,29.522,10.2743,12.7149,3.72822,26,0.398228,2.09065,8.16963
gr00t_wbc_h074_p000,3931,complete,90,18,12.393,2.82926,0.00833739,0.00670327,332.591,35.7769,14.2252,19.5232,1.82992,28.8646,16.0705,3.9031,5.60419,1.01027,16,0.519532,0.973178,1.95697,69.9576,7.14793,4.30355,16.1251,1.70615,5.55409,3.55232,0.944047,2.15176,0.859872,5,0.381278,1.00712,1.76095,269.393,26.1679,18.9558,26.084,1.64342,22.6976,16.4792,4.01109,5.0993,1.46616,17,0.501236,1.08435,2.19906,295.48,30.4032,13.7627,22.0267,1.19518,21.9023,12.3884,3.54723,4.83756,1.42403,15,0.466778,1.11138,2.57889,452.238,50.8595,21.4277,29.3528,1.27081,29.7037,16.7395,5.09277,8.37031,2.49259,21,0.511833,1.28014,3.3974,333.759,23.5063,41.8181,168.343,8.64435,28.0118,12.3883,5.56827,18.6252,6.20329,19,0.394908,0.944708,1.9007,474.57,57.171,22.2863,27.5874,1.68807,35.1312,19.0888,4.94174,6.51256,1.87446,22,0.505995,0.98329,2.05827,210.903,22.159,13.2407,20.6684,1.44502,17.5848,8.21948,3.1093,4.71493,1.45774,10,0.483312,1.3354,3.15774,710.316,67.9263,30.3666,30.7904,1.47997,46.585,23.1969,6.28797,7.83504,1.54756,19,0.52524,1.41246,4.67808,488.763,63.9268,24.2614,26.5369,3.14226,33.6725,18.2225,5.16413,6.71796,3.06366,23,0.49481,0.979469,2.04616,372.729,40.4391,21.5579,28.9031,15.1839,30.0032,16.5409,5.09933,14.3095,8.91467,14,0.614087,1.43998,3.85879,794.498,81.1627,41.7179,24.0391,1.86333,53.1704,29.0787,7.88221,13.8091,5.26821,24,0.43757,1.60875,5.42423,331.163,36.2751,13.5424,23.0285,0.710217,23.9029,14.5335,3.46698,5.84958,1.23741,13,0.624491,1.52319,3.61684,436.235,36.7166,19.7975,58.1953,1.68148,32.7782,15.6112,5.41444,11.2886,2.20818,20,0.474374,1.26703,3.29395,1574.53,252.436,67.005,24.9889,1.68558,80.8778,48.494,10.541,16.0533,4.85243,15,0.527504,1.46276,12.4119,394.482,38.2627,14.3657,43.8546,1.21176,28.4308,13.3102,4.58856,8.45517,1.58441,13,0.511336,1.56986,4.80677,271.911,26.6122,14.0813,22.9595,1.58236,21.2666,12.6019,3.25545,5.51586,1.17029,13,0.572228,1.16911,2.08457,238.775,36.2774,15.3055,20.0974,0.853176,20.959,12.9645,3.69408,7.06555,1.00349,12,0.590401,1.1897,2.69122
gr00t_wbc_h074_p000,3932,complete,90,18,7.96874,3.20233,0.126872,0.257319,244.37,22.4352,9.99426,10.6365,1.42159,22.064,14.3276,3.50536,5.76218,1.70423,14,0.456181,1.03736,2.06698,386.975,35.4194,19.9969,67.9674,8.41954,31.3955,19.9253,4.96601,11.0857,6.42459,20,0.515968,1.05877,2.22845,331.985,26.8259,19.2669,45.7352,7.03131,26.07,13.8943,4.10336,8.4058,7.12848,17,0.547544,1.05935,2.05123,150.021,14.7687,6.51897,15.667,7.77894,12.1273,8.02339,1.69712,2.58515,2.20384,7,0.540965,1.1838,1.86532,181.433,17.9786,7.28085,9.07191,8.15296,16.5692,9.33571,2.3353,3.31982,4.15822,11,0.472511,1.03659,2.18752,320.831,52.5264,12.8095,14.1047,6.02125,26.1119,15.5974,4.02904,4.21409,5.27609,12,0.607502,1.41829,3.00102,176.464,25.2038,6.80209,22.3976,4.8628,14.9564,7.66997,2.45364,5.51761,4.35289,9,0.607613,1.14976,2.15068,173.122,13.1595,11.3972,12.7286,2.48621,15.2175,8.07195,2.38829,2.41917,2.99828,10,0.555372,1.10498,2.00167,251.463,26.2265,10.087,31.563,1.9432,17.4338,9.54172,3.11351,7.32328,4.60318,10,0.631841,1.57389,3.98705,190.437,16.9476,6.3292,17.4313,1.02505,14.341,7.71561,2.08708,2.4058,2.31947,10,0.393324,0.937478,1.28141,364.301,36.6723,14.735,30.0662,4.24016,27.8389,13.7655,4.18731,6.5853,4.12736,13,0.575527,1.40167,3.5964,274.515,28.3,15.0591,34.9777,9.38855,22.6006,11.692,3.29136,8.56995,7.36799,11,0.589591,1.23411,2.30444,222.503,21.5774,10.1958,43.847,9.26969,17.6527,9.35787,2.96653,6.43288,5.81719,10,0.478606,1.08502,2.4894,242.801,19.2091,11.8312,40.193,18.9871,19.8337,9.87914,3.25175,5.32255,7.39386,11,0.577062,1.24484,2.79518,580.977,99.2974,36.8483,25.2207,8.04762,36.114,24.8389,6.18904,5.34265,4.2607,17,0.625066,1.20428,3.36462,251.03,25.6764,14.0641,28.8901,12.346,19.4639,9.9407,3.34843,3.92359,4.65668,13,0.420212,1.01614,2.02711,364.625,41.8425,20.8505,57.2566,14.7307,26.9321,13.5696,4.24075,9.26163,7.07604,15,0.510998,1.22209,2.09435,389.754,41.3681,23.8451,35.2283,8.43229,28.2486,14.7193,4.57811,8.5436,5.36447,16,0.547773,1.34258,2.7744
gr00t_wbc_h074_p000,3933,complete,90,18,8.52791,2.16542,0.00579647,0.0101998,326.104,27.6911,13.8336,14.2725,2.11907,28.9409,15.4274,4.57516,6.88346,1.82262,17,0.498924,1.09373,2.10199,117.957,9.3313,7.59933,14.2188,1.36656,10.4393,5.08232,1.91768,3.91044,0.913648,9,0.372484,0.867406,1.24177,369.56,33.7813,14.8478,23.0454,2.56402,27.106,14.5752,4.60966,7.12106,3.13225,18,0.613564,1.2263,2.71067,263.019,21.4655,9.47956,14.9024,1.7281,21.0232,10.9005,4.16958,9.0462,4.533,12,0.533233,1.18172,2.70354,251.265,18.6359,13.7631,15.7028,1.47237,20.13,11.5867,3.5142,5.65052,1.4788,14,0.557922,1.18246,2.17685,161.479,16.0622,6.03292,8.28477,1.14274,13.0521,5.89066,2.23744,3.89376,1.13153,8,0.550704,1.4501,3.05808,253.895,38.8309,10.7097,20.9358,1.10743,19.8905,11.7829,2.85373,7.01726,1.64747,11,0.440509,1.28414,2.99538,319.979,48.8356,15.209,19.9306,0.888589,24.5863,14.9819,3.83301,5.43627,1.30613,12,0.605409,1.61348,3.7234,264.498,48.2849,14.8297,20.2196,0.773783,22.0845,14.5056,3.65729,5.94213,1.2379,12,0.702409,1.38269,2.82138,185.383,13.8764,8.22489,19.0397,1.45479,14.2829,7.83745,2.76119,7.18548,3.89963,9,0.505501,1.21176,2.16683,345.429,72.9437,16.7056,19.03,1.89063,29.954,19.3834,4.00919,7.79995,2.891,18,0.623077,0.982684,2.03472,251.453,28.405,10.2921,14.2023,1.28066,22.2202,11.7754,3.43626,7.19527,2.9004,13,0.423705,1.07144,2.19506,608.382,64.1463,24.4095,42.37,1.3207,43.7974,24.5615,6.81392,16.287,3.38797,21,0.573616,1.66142,5.19103,294.789,24.3985,15.8209,18.2806,1.22377,20.7839,10.9149,3.39872,6.97894,1.23763,10,0.515058,1.21193,3.91409,216.067,23.2806,8.94296,12.7101,1.3235,17.67,11.7435,2.87848,4.95885,0.963031,11,0.541283,1.42584,2.89342,458.958,100.077,27.113,24.3109,1.22465,37.5953,25.6529,6.3453,12.2321,1.98974,20,0.552801,1.27328,2.75203,303.121,35.0517,18.7556,19.1778,1.10661,28.6637,14.8586,4.53751,8.10903,1.21209,21,0.436127,0.974854,1.70729,178.441,19.7188,11.2777,15.4525,0.920168,16.2717,7.09173,2.72837,6.01153,0.992691,7,0.616798,1.72836,3.60297
gr00t_wbc_h074_p000,3934,fell,80.78,17,10.4182,10.5751,1.30028,1.71931,120.918,13.6583,8.12999,19.9394,1.79183,13.9318,9.9185,2.45319,3.69906,0.784022,10,0.414945,0.981142,1.4859,255.124,18.7224,13.7772,28.7349,2.24781,20.3868,11.0532,3.58888,7.97443,4.0127,12,0.569007,1.29872,2.23312,228.524,24.0953,12.5187,19.8492,1.14143,16.8663,8.63692,2.96102,5.9416,1.59732,12,0.539502,1.11113,1.8563,324.104,56.9679,23.424,104.987,3.20959,28.0683,16.8767,4.6565,14.8724,3.71675,12,0.675047,1.2653,3.08077,262.911,28.1827,12.9919,20.3092,1.67131,21.3815,10.7401,3.46117,5.45717,1.29088,8,0.659093,1.77799,4.36537,162.733,14.0037,15.7519,48.423,2.18796,13.9608,8.31081,2.99498,11.1749,2.23245,8,0.586957,1.32789,2.27493,366.601,31.4902,19.3935,23.7549,1.47273,29.8514,16.8544,4.37716,5.32483,0.883759,22,0.455783,0.885139,1.96856,384.602,33.3137,18.2016,12.5531,1.22101,30.266,14.3718,5.48587,9.11691,2.39232,14,0.620171,1.71864,4.21973,323.311,43.735,10.7395,16.4555,1.88914,25.1119,14.578,3.6001,6.94927,1.97811,9,0.585448,1.71418,4.20614,471.556,81.8573,28.5598,101.604,7.41986,36.4578,20.3207,5.43301,12.149,7.75841,13,0.829836,1.56334,4.47703,468.067,41.2475,18.9338,26.7685,27.2359,33.7512,22.0415,4.6107,9.03006,11.3264,23,0.428755,1.0503,2.6997,520.247,45.1773,22.4337,27.6364,9.11203,32.5917,16.1411,4.86793,6.43098,5.5997,17,0.585222,1.30525,3.89243,245.586,31.2828,12.0884,25.3069,7.79065,18.5493,10.6609,2.90415,4.85735,3.1762,12,0.519224,1.1057,2.07208,336.355,42.2495,17.429,20.8035,4.58215,25.7984,14.9911,4.27701,7.96055,6.69587,10,0.620589,1.56896,4.22376,254.345,23.5312,11.4554,27.2992,0.954681,19.1664,12.8544,3.14436,6.21584,1.51323,15,0.515825,1.03429,1.80466,193.561,21.3066,10.0425,14.0591,2.27921,15.9997,8.89578,2.80066,5.64333,2.99126,9,0.519615,1.38732,2.82688,2168.41,83.1638,121.169,243.665,100.748,70.6051,16.7693,11.1836,33.7818,24.1868,1,0.412315,0.986355,1.43292,,,,,,,,,,,,,,
gr00t_wbc_h074_p000,3935,complete,90,18,9.09905,2.8233,0.0199647,0.0326301,187.505,17.1448,8.88453,17.7751,2.23295,15.9372,9.90419,2.45823,4.92906,1.70278,13,0.359413,0.820681,1.43265,184.984,17.5533,11.5975,20.3133,1.89541,15.5657,8.8463,2.58618,7.60907,4.77436,14,0.351494,0.866286,1.42114,261.408,22.8567,9.47293,15.5918,2.16137,18.4543,10.1383,3.04397,6.31463,3.86702,11,0.600999,1.32564,3.36775,446.854,53.5601,21.9967,25.8552,2.52121,34.6133,22.2312,5.28108,9.28123,4.55634,21,0.508634,1.13874,2.781,360.695,34.4798,19.7729,19.6437,2.61736,29.5749,18.3939,4.62247,7.00089,4.57627,21,0.546461,1.151,2.77719,233.3,21.6151,16.4196,40.1934,3.1261,20.5312,12.6647,3.76956,11.1093,5.56808,15,0.471592,1.05477,1.98611,248.493,24.2263,15.3785,25.56,0.761543,21.464,13.2533,3.51936,6.74386,1.36082,14,0.470952,1.04363,1.90625,408.687,38.5054,15.8293,18.9839,1.48833,30.1429,17.7487,4.99107,8.48255,1.3465,15,0.60948,1.4035,3.27264,188.493,19.8091,8.79782,15.2292,1.22337,15.9329,8.42408,2.72847,5.41004,1.22376,9,0.531173,1.24342,2.97664,362.72,32.1905,18.638,64.3381,111.546,29.4419,14.859,5.39103,17.4483,12.1994,21,0.490109,1.1063,2.28627,455.852,80.8174,67.1544,86.0512,4.00696,34.4951,20.0524,6.24968,16.6246,4.06941,13,0.695666,1.61453,4.05132,269.719,26.086,16.4908,23.6394,1.2914,21.1258,13.3597,3.5754,6.14606,1.27146,13,0.492902,1.10151,2.00713,792.971,63.8172,38.212,38.1461,1.3566,41.7365,23.7861,5.95602,8.6887,1.57864,25,0.381474,1.14012,3.27179,253.023,35.0952,10.8763,19.6328,1.40314,21.5202,15.191,3.29071,5.81587,1.45077,12,0.586864,1.24444,2.88095,371.552,37.0097,23.094,23.1507,1.55803,27.6407,16.937,4.68721,7.34328,1.14939,15,0.57362,1.44189,3.85273,592.419,57.6268,27.1085,24.9449,1.42793,40.2548,20.7423,6.44751,11.2179,2.99134,20,0.484836,1.53271,4.66623,121.599,13.7354,8.72318,19.5785,1.3387,10.026,6.015,1.91723,3.744,1.79901,6,0.512136,1.19307,2.21922,355.628,44.355,28.5953,103.333,3.73755,24.1751,11.7119,4.6351,19.4953,5.58262,11,0.437191,1.91441,4.91546
gr00t_wbc_h074_p000,3936,fell,71.56,15,14.2786,7.61913,0.754888,0.457091,171.703,19.0706,13.8226,27.4255,3.08182,18.4131,10.0573,3.05839,7.7371,4.96343,12,0.417008,0.903205,1.27819,242.172,29.877,15.085,16.3955,1.29101,21.144,12.3956,3.45035,4.93865,1.51061,12,0.556859,1.31577,2.26253,132.288,23.7742,11.9236,22.5181,1.21366,11.2802,7.84676,1.9468,4.8525,1.42409,6,0.594577,1.55059,2.53842,145.75,13.3748,8.15082,16.5509,2.12803,12.1498,6.17953,2.19684,3.27975,1.03009,11,0.389681,0.929742,1.58234,277.043,52.9651,17.1554,24.258,0.986537,22.6851,15.3243,4.0913,6.56599,1.67174,16,0.606706,1.04636,2.00878,262.319,29.8774,14.4533,23.2412,0.789095,19.195,10.0115,3.13559,5.94338,1.98314,15,0.465719,0.977125,1.22494,286.492,27.1826,16.5089,40.4557,15.4697,23.5131,11.167,3.87245,10.3931,6.28153,13,0.614005,1.19072,2.19294,360.078,40.8662,17.0123,25.2642,1.30538,25.8082,15.9422,3.77109,5.83584,1.65586,15,0.577419,1.20443,2.40664,220.916,24.021,25.9441,201.154,256.985,17.8574,9.48583,3.38125,16.9675,14.0884,10,0.51646,1.09594,1.72676,455.132,50.9276,24.93,68.067,2.0975,32.0443,16.3754,4.77601,10.9291,2.71076,11,0.441001,1.41088,4.56126,621.866,143.278,31.6026,22.1095,1.17136,43.1,29.9458,6.67856,13.9154,4.5722,17,0.566493,1.41973,4.73479,321.416,38.9365,14.698,14.0951,1.02753,23.3631,13.2417,3.66229,5.17992,1.60011,13,0.505964,1.28352,2.42396,446.108,43.1784,18.9329,17.6103,1.46481,31.1771,17.4402,4.83018,9.55827,2.97209,17,0.541218,1.26806,3.37121,180.716,18.4468,12.2698,21.6664,2.00977,15.6689,11.0288,2.90641,3.12324,1.53054,14,0.478696,0.996942,1.62798,4619.91,562.223,258.009,282.759,56.8511,135.121,71.9907,25.2641,46.8402,20.5203,4,0.192089,1.18143,29.3361,,,,,,,,,,,,,,,,,,,,,,,,,,,,,,,,,,,,,,,,,,
gr00t_wbc_h074_p000,3937,complete,90,18,10.5938,2.53314,0.0241616,0.0418644,283.664,36.2748,16.0427,20.5061,1.82242,25.7764,15.5079,4.34265,6.99333,1.82863,21,0.40032,0.924242,1.53024,238.566,24.4195,13.2217,24.5015,0.717,19.5457,10.4854,3.25325,4.66476,1.38713,14,0.505209,1.04176,1.91488,314.046,27.7466,20.413,35.1524,0.70448,26.0677,13.6612,4.51396,6.8082,1.10171,16,0.54632,1.32225,2.41942,216.936,23.7177,14.1868,27.5126,1.50039,16.5251,9.82116,2.84883,5.35783,1.23899,11,0.501199,1.24833,2.0455,238.084,23.9937,14.464,25.5372,1.04675,19.4026,9.94103,3.27875,4.57454,1.02335,13,0.517576,1.22961,1.76927,279.809,46.7487,15.2453,21.2301,0.910682,20.2512,11.7495,3.47645,6.66286,2.71339,15,0.486696,1.12923,1.23824,347.056,48.1051,20.8632,32.5771,4.29909,26.2716,15.6141,4.44134,6.02994,4.18763,13,0.633577,1.58711,3.63398,125.358,11.1662,18.5174,118.963,8.40969,10.5779,6.87148,2.47295,15.1806,9.71257,7,0.510113,1.11877,1.61184,303.003,34.4935,15.7365,17.5782,1.94889,23.5312,12.1819,3.6782,5.85222,2.46449,16,0.492864,1.09992,1.90256,325.733,35.3046,19.017,22.4641,0.756985,30.1208,17.9833,4.7049,6.15986,1.47591,22,0.41919,0.981604,1.48853,969.149,79.7768,33.629,25.1302,1.10365,48.7572,26.2505,7.00227,8.46245,2.18151,14,0.364029,1.49325,7.00238,350.68,37.9609,23.147,38.8618,29.695,27.9332,15.6381,5.02598,13.0831,9.63345,15,0.525885,1.27001,2.27453,221.314,21.778,12.7113,18.1945,1.15781,17.7756,9.74664,3.369,4.40775,1.79786,10,0.612821,1.43406,2.63602,155.383,10.3654,12.6897,28.19,1.58705,13.369,7.97388,2.57604,3.91373,1.89506,11,0.441834,0.986462,1.34591,219.714,18.7224,17.0601,28.5972,1.43546,17.8439,10.8205,3.13781,4.90584,2.09313,15,0.412328,0.983374,1.67264,251.816,26.3144,20.4242,36.3375,1.7808,20.3812,10.8017,3.59577,3.79732,2.14272,16,0.432755,0.974424,1.439,213.348,26.2744,14.5559,20.418,1.61146,15.049,8.00431,2.88064,3.17648,1.75736,8,0.514911,1.31703,1.74656,225.437,33.9933,14.5895,11.2789,1.3782,14.6002,9.29289,2.39271,3.61727,1.31152,7,0.66978,1.33018,2.91369
gr00t_wbc_h074_p000,3938,fell,65.74,14,11.2304,15.9076,2.39358,3.61467,257.154,19.875,11.3084,17.1972,2.04465,23.4002,12.3915,3.81393,8.43433,3.91464,15,0.403566,0.99429,1.74623,224.355,21.8635,10.4187,11.3536,1.25732,18.8608,11.3115,3.07392,5.59583,2.82523,13,0.491623,1.03162,1.79218,196.101,16.5974,11.3533,28.0689,119.694,17.4844,9.89471,3.22074,7.51564,7.77599,10,0.607749,1.27013,2.54317,124.243,14.6226,5.72355,18.6906,2.4762,10.0933,5.10193,1.68835,1.77296,1.94415,6,0.510214,1.23215,2.31616,113.755,15.1093,7.34745,20.6018,2.32834,9.88767,6.65159,1.8592,4.06746,2.45609,6,0.64777,1.37426,2.40524,313.234,41.4701,10.5101,10.0879,2.06942,21.9031,13.5535,2.75298,4.54152,2.79415,10,0.68616,1.30209,3.32406,239.787,26.8268,7.92731,9.45464,3.99905,16.9511,9.72084,2.63383,3.89901,2.43013,12,0.415806,1.28302,2.82873,253.364,22.0376,14.8964,68.308,7.63023,21.796,10.0488,3.98365,9.27126,5.77132,15,0.422901,1.08503,1.7734,193.966,27.2008,7.22367,21.0852,13.2305,14.9767,9.24304,2.12343,1.53458,4.78156,11,0.451191,0.853777,1.1691,279.576,29.0806,13.7352,113.989,106.869,21.2762,11.7493,3.26841,8.46336,15.7647,9,0.572944,1.33867,3.77423,305.35,29.6841,19.4359,67.3947,33.0633,21.7612,10.201,3.25183,11.0125,7.29925,8,0.514214,1.54961,4.98661,456.938,36.6342,27.1225,24.789,1.4646,31.1855,15.9323,4.62949,3.67804,2.30695,15,0.541892,1.20976,2.82002,265.14,21.0381,16.8224,15.3849,4.4147,21.9212,9.31031,3.57805,2.42634,3.5298,14,0.463553,1.1957,2.74829,740.342,67.6474,22.3893,4.00299,0.531158,34.1373,16.2939,4.71235,1.44429,1.54256,3,0.626747,1.66099,7.20166,,,,,,,,,,,,,,,,,,,,,,,,,,,,,,,,,,,,,,,,,,,,,,,,,,,,,,,,
gr00t_wbc_h074_p000,3939,complete,90,18,7.06005,2.71784,0.0127813,0.0227699,120.227,18.6033,6.71053,14.3021,1.50469,11.9958,6.77911,1.88072,4.46378,1.41853,7,0.454932,0.847252,1.52484,114.07,14.1011,6.29999,7.79952,1.52375,10.1244,6.5837,1.51262,4.0246,1.20934,7,0.497629,1.06053,1.98725,219.637,20.0261,7.70414,16.2912,2.14065,16.8772,8.79013,3.14713,8.24754,4.28223,12,0.438878,0.966544,2.03755,291.654,28.0754,12.1727,14.6371,1.93572,21.5791,12.974,3.70609,7.77146,3.28945,13,0.582168,1.23748,2.57184,366.377,39.6728,13.3837,23.7201,2.91503,26.0458,13.6853,4.06092,6.72708,4.23514,13,0.535363,1.33662,4.61591,189.597,16.0452,8.72155,15.188,3.19452,15.2155,8.54029,2.42201,2.62495,2.71269,12,0.542033,1.05266,2.45335,214.559,19.7802,10.3595,12.4054,1.55579,18.3531,11.9941,2.93929,2.31684,2.05165,14,0.506953,1.03972,1.72983,292.677,38.4246,14.6425,20.8507,1.22787,25.8262,14.8589,4.17921,5.13369,3.2935,17,0.560656,1.0689,2.01591,342.348,31.2541,21.4873,47.8879,0.957382,28.6204,15.0232,4.93066,11.655,4.4377,18,0.540823,1.14061,2.87435,125.157,12.4592,6.60894,27.4596,13.9165,10.6464,4.57897,2.44983,8.38717,7.08312,5,0.442553,1.41243,2.11091,363.915,41.6788,23.7741,194.191,4.17436,28.1608,16.4866,4.46083,21.2264,4.13256,12,0.438915,1.50006,3.99102,270.174,20.2179,13.6751,9.99597,1.58876,24.9033,12.4769,3.8442,4.29545,1.73082,15,0.498175,1.1197,2.10279,336.817,34.7332,12.4379,14.8099,1.45081,25.5217,10.5046,4.26764,6.2428,2.11481,11,0.583737,1.60543,5.11803,254.683,31.3479,10.7063,22.0248,1.90574,19.7832,10.4189,2.92479,5.23128,3.75461,15,0.438681,0.965305,1.17754,290.067,27.4982,12.1237,14.0732,1.07644,20.9772,9.5143,3.85549,7.43406,3.36164,11,0.671541,1.80693,3.45186,1418.55,77.0074,108.404,43.4364,1.7331,62.6943,21.5057,8.426,15.487,2.66075,14,0.428956,1.70374,9.48356,372.771,39.0272,23.6936,102.749,3.39646,26.241,16.3919,4.77622,17.8316,5.0157,14,0.560807,1.4755,3.38821,327.859,72.2113,28.198,103.176,3.38089,28.5618,18.2279,5.12281,17.1861,3.43666,15,0.610655,1.0595,2.66976
gr00t_wbc_h074_p000,3940,complete,90,18,7.03329,2.66107,0.0160931,0.0163126,238.925,27.6646,10.2852,29.948,1.76874,20.1401,11.3412,3.27025,6.11079,1.43994,11,0.526279,1.14194,2.28204,266.288,25.6002,18.2763,24.8984,2.27757,20.0988,11.3249,3.31357,6.24261,1.98947,14,0.490148,1.06567,1.97035,259.188,20.6778,17.3985,36.237,4.64416,20.2857,12.3431,3.62555,10.7326,6.83447,15,0.435424,0.951345,1.59254,248.568,22.3989,14.7524,19.4643,1.39161,20.8708,12.0628,3.72078,6.1831,2.81364,16,0.45175,1.06368,1.81985,107.4,12.3345,5.02914,8.99924,2.11464,10.4454,5.20891,1.65399,4.35822,3.2457,5,0.636225,1.31813,3.2449,261.034,27.1166,11.6878,21.2353,1.18885,20.4262,13.3951,3.29137,4.69299,1.11061,14,0.518061,1.16544,2.33596,129.003,13.9414,6.74878,17.9017,0.709274,11.7794,6.99204,1.8927,4.01719,0.95802,10,0.375225,0.868933,1.40171,475.361,83.5818,46.271,242.646,10.2682,37.1547,23.5603,7.12835,26.7543,6.16194,13,0.643997,1.68317,4.17101,268.658,28.7085,30.2704,218.647,8.19607,21.2852,11.9866,3.98092,22.6336,5.87966,6,0.50532,1.7294,5.71018,248.603,27.9022,28.6784,144.729,4.77916,23.0509,11.3014,4.91729,20.5278,5.82815,12,0.580777,1.40338,2.28563,413.368,50.8385,25.8182,96.2318,159.9,30.0346,16.6228,5.82459,23.201,19.1664,16,0.49881,1.46691,3.32306,338.094,36.3524,20.1211,31.2721,2.81731,27.6026,15.9686,4.76041,11.3837,4.18912,15,0.533955,1.37948,2.60274,238.75,26.3731,23.9607,82.3387,1.96687,19.1186,10.4968,3.44225,12.0208,2.25163,12,0.509726,1.20043,2.17892,144.27,14.0254,37.395,19.1459,1.57622,11.7145,6.84614,2.33738,4.73014,1.79911,8,0.495461,1.0193,1.32079,291.79,35.0555,13.5298,17.7881,1.67702,22.8534,12.6911,4.09458,6.55094,1.56894,13,0.549674,1.38549,2.92194,844.801,159.643,41.658,25.7145,1.22893,53.3996,35.1652,7.35135,10.6338,2.39663,21,0.531298,1.20875,3.7483,135.819,9.95129,9.33929,18.2671,1.29552,12.1802,6.68705,2.1491,3.55848,1.05588,11,0.388665,0.917248,1.36346,196.775,26.5732,18.3106,28.0608,2.75403,17.7905,8.81219,3.33076,9.58589,3.19467,10,0.527013,1.55921,3.16362
gr00t_wbc_h074_p000,3941,complete,90,18,9.25794,2.53863,0.0249881,0.0389026,97.1485,15.1742,6.60535,18.5514,1.54834,10.8189,6.07352,1.68276,4.72094,1.99383,8,0.346396,0.784027,1.02846,151.927,16.1659,6.38251,13.7727,1.63655,12.6421,6.85726,2.23219,4.62644,1.90665,8,0.499206,1.26661,2.89762,283.005,20.8104,11.1207,24.5775,3.37791,22.3452,11.8131,3.72961,6.70222,3.12306,13,0.537927,1.28238,2.55537,400.303,42.5443,13.8836,24.1235,3.51411,26.6638,13.6263,4.77981,11.1955,4.12551,15,0.576145,1.51022,4.1851,424.841,47.7453,17.5024,23.285,1.99458,29.1937,18.0555,4.2651,6.44775,3.37385,17,0.562268,1.16875,2.60776,362.48,37.0776,19.7826,28.5805,1.48821,30.1833,15.7364,5.29832,6.49104,1.36567,21,0.443407,1.1569,2.38169,482.253,94.6019,24.6455,46.6786,1.36489,37.2925,24.1429,6.45773,15.6725,3.52485,22,0.726117,1.21687,2.88866,285.641,28.6473,12.7038,23.9742,1.73805,22.9434,11.3897,3.85411,8.84841,4.3735,13,0.578105,1.18917,2.23434,242.235,25.2069,9.54177,40.9363,96.898,18.641,7.10721,3.83978,11.6562,13.7245,11,0.469134,1.35915,3.70764,309.442,32.2665,12.5705,23.4705,5.28265,26.2295,13.8764,3.969,3.02898,4.74101,18,0.497555,1.06548,2.0328,267.343,22.9741,13.0523,83.0753,4.25996,23.1271,12.107,4.04211,8.83098,5.07514,18,0.424394,0.910279,1.94627,555.978,49.3342,25.6885,31.5487,41.761,43.2086,21.7606,6.56885,6.1748,14.1989,23,0.472212,1.25084,3.55573,285.071,25.6441,12.3851,34.4671,2.94014,20.7866,12.8258,3.47121,4.4869,3.25415,15,0.442706,0.989509,1.78032,467.396,43.7937,21.2212,20.4391,2.02913,34.7856,19.171,4.89443,5.27413,3.54091,15,0.571678,1.44429,4.8243,310.642,75.8563,19.4737,9.2995,2.05843,26.2489,15.501,4.19089,5.18453,3.40354,12,0.580247,1.48168,3.59353,638.662,63.7438,70.128,26.6075,3.98026,43.8866,22.5115,6.8782,10.8361,8.34176,15,0.54982,1.85638,6.74769,355.409,37.5016,13.9353,17.6835,1.46828,25.0933,13.4402,3.48723,6.00002,2.19715,11,0.656511,1.80824,5.09252,497.565,126.498,29.8278,77.7982,2.14937,40.2287,29.6967,6.54846,20.656,4.62362,19,0.566065,1.17313,3.48535
gr00t_wbc_h074_p000,3942,complete,90,18,7.87201,2.91134,0.359719,0.419435,237.983,19.6492,12.6368,17.2405,4.93776,23.2214,12.3876,3.96845,10.2261,4.91176,18,0.352584,0.761407,1.18765,94.7077,14.6997,7.07807,14.3501,1.25136,8.25142,4.7595,1.66476,4.23203,1.47182,7,0.430836,0.967527,1.73831,575.529,91.7036,23.4373,32.3422,2.80794,37.4474,23.1418,5.52856,8.2508,5.89858,18,0.691337,1.21083,3.5303,201.607,18.3756,10.2245,12.4963,2.6527,19.2001,9.9611,3.14218,1.7182,3.5994,14,0.421141,1.01717,1.66897,184.609,15.7948,6.74438,8.92614,3.94476,15.3188,7.88535,2.28415,0.911785,2.38169,11,0.423561,0.964993,1.86657,339.745,44.0439,16.8908,50.3422,2.34678,26.4321,15.794,4.94785,5.95477,3.81869,20,0.539822,0.957767,1.99365,258.695,25.7001,12.0547,37.7641,2.55531,20.6957,11.248,3.44288,4.58734,3.37925,14,0.490313,1.00279,2.08307,270.236,26.8968,10.3211,15.8746,3.30318,20.4138,10.534,3.09211,2.67467,2.85975,11,0.556835,1.26841,3.35517,275.081,31.295,12.7102,17.0293,3.35411,23.435,14.8727,3.76681,2.88341,2.50877,18,0.470519,0.97984,1.8636,231.877,24.1733,8.43175,27.6813,2.48911,16.977,9.92148,2.72501,5.00322,2.69106,9,0.532059,1.26753,3.15116,301.337,44.9938,15.2387,59.8606,10.136,24.2234,13.4947,4.22159,7.36605,5.92509,16,0.551755,1.07522,2.45832,308.178,32.6528,16.5699,21.7566,19.7417,23.1626,12.2165,3.28012,3.59146,5.63699,16,0.498522,1.0522,1.87108,323.204,37.4101,14.7852,19.5784,9.21707,21.7156,11.2516,3.17539,3.00764,3.04286,11,0.53051,1.28187,3.06245,419.294,43.4074,23.6291,16.2242,5.33527,31.7318,17.9888,4.62693,4.07813,4.19004,18,0.420637,1.07658,2.52438,303.451,63.4709,19.7674,124.226,13.4712,22.0516,16.7724,4.51457,18.4443,6.2329,15,0.555631,1.03715,2.19067,222.702,18.9467,17.4768,22.2883,8.46871,19.8677,9.34391,3.44772,6.85602,3.81162,13,0.518333,1.0638,1.89189,453.414,38.9228,22.8568,10.5642,3.98766,32.9507,16.8894,4.42282,2.85332,2.41252,17,0.515577,1.26006,2.98612,832.466,60.6553,36.1112,11.01,7.33995,46.8266,27.0344,6.40342,2.45536,2.03244,17,0.582553,1.32275,5.03111
gr00t_wbc_h074_p000,3943,complete,90,18,12.0372,2.69162,0.38494,0.390225,139.392,26.9253,8.43034,13.8678,1.43673,13.375,7.56627,2.1952,4.46962,1.21721,7,0.469055,0.927327,1.83534,214.977,17.4875,11.4036,15.4627,1.84112,19.9283,11.3257,3.29658,5.91647,1.93492,14,0.501424,1.05891,1.86988,190.778,17.6568,8.54528,14.3932,1.03714,15.7776,9.65964,2.39075,3.02035,1.44083,11,0.471545,1.00122,1.95134,199.572,17.762,8.10862,14.6579,1.71335,16.2976,11.0086,2.77916,5.02351,2.61734,10,0.537821,1.1586,2.45635,424.555,41.9735,14.0081,15.1243,1.56405,32.1489,15.9707,4.91188,7.72605,4.5096,19,0.554113,1.29228,3.39539,346.754,26.58,12.1595,13.0014,2.12476,27.9597,12.8493,4.4519,4.57454,2.82017,18,0.432919,1.05654,2.86152,183.457,16.7712,8.44473,9.88748,1.29123,16.6776,9.53441,2.83445,4.08447,2.73603,11,0.507627,1.1047,2.17772,356.514,43.5797,13.9435,60.2944,2.8314,29.0121,15.3536,5.01168,13.5539,5.96973,15,0.666358,1.36685,3.3774,321.927,33.5276,13.1483,21.1048,1.60112,27.1642,16.208,4.11313,5.56997,2.7179,15,0.518757,1.27438,3.03545,423.478,44.2497,17.2165,26.3127,1.4637,32.3071,18.0027,5.51511,11.0367,4.03462,18,0.574284,1.3006,2.71653,439.85,44.3777,32.411,68.7243,61.542,33.2202,19.4054,7.05037,16.504,22.5475,18,0.58167,1.42501,3.15964,542.635,45.2258,34.4637,17.2903,1.27492,40.4566,19.0097,6.46858,5.58671,2.752,16,0.67709,1.74097,5.84824,401.359,46.6866,28.8172,23.7104,2.38435,28.8046,16.2804,5.30329,5.1652,2.73232,18,0.541792,1.2681,2.9618,414.396,55.7544,34.0857,105.477,2.85826,33.2132,20.7037,6.29773,13.7865,6.27444,19,0.533931,1.35046,3.27476,433.954,71.521,22.7255,25.0524,1.2013,34.565,21.3717,5.63098,9.65685,5.49521,20,0.689879,1.2106,2.66127,827.53,97.4408,46.2267,28.4533,2.33601,48.3754,22.8606,7.08837,13.0126,4.98019,14,0.466048,1.32512,9.79899,601.405,80.4821,22.2984,55.8838,3.73574,41.6241,24.1153,5.47922,13.6846,6.64011,13,0.558358,1.44388,4.80406,574.121,60.3958,23.1232,23.6395,4.64983,39.5013,19.0704,5.93101,10.4944,5.41923,20,0.615023,1.50803,4.20146
gr00t_wbc_h074_p000,3944,complete,90,18,6.75004,2.98866,0.00947994,0.0099171,181.401,17.3728,8.47016,12.7396,1.29476,16.7221,10.4206,2.67477,4.86192,1.52875,13,0.388479,0.881393,1.72234,207.915,16.4563,10.1623,16.2209,1.06974,17.9742,10.044,3.08145,5.49554,1.30488,15,0.37778,0.896373,1.43093,254.569,19.051,10.5796,24.7683,1.75168,20.6388,11.5382,3.73281,4.64878,3.84093,14,0.510167,1.14888,2.38802,138.211,11.8404,4.28955,15.4584,4.60629,11.5517,6.87768,2.01331,2.9881,4.67249,9,0.458263,1.05206,1.72752,322.781,32.0062,14.3916,29.5004,2.16674,26.578,15.124,4.40867,13.0462,3.73186,14,0.469338,1.1933,3.32766,257.755,33.1102,20.0928,27.0031,1.52438,22.9464,14.6067,4.09126,9.32504,2.44069,18,0.531051,0.996405,1.70629,293.495,29.0687,13.5238,31.4295,1.772,23.5409,11.9746,4.3645,10.6794,3.27451,15,0.534134,1.30093,2.74202,349.369,89.7146,18.8612,18.7373,1.53296,28.4092,18.8412,4.80767,9.36355,2.36307,13,0.765824,1.34074,3.55054,560.313,60.8046,28.8477,40.096,3.92794,42.8632,25.1046,6.35485,9.67834,5.26775,19,0.521588,1.47543,4.5406,357.05,35.9113,24.7506,137.989,107.712,28.4314,18.7319,4.89226,18.3958,9.02269,14,0.4706,1.39241,3.51066,312.589,30.7133,12.8282,13.282,1.03378,22.9572,13.7839,3.68301,5.8245,1.54709,16,0.493541,1.06416,1.65889,345.808,32.2198,19.2597,46.6164,1.95177,23.6796,10.719,4.29113,12.0769,3.82582,10,0.594041,1.59389,4.15858,401.63,48.9606,20.0952,17.4386,0.957214,29.3571,17.143,4.49521,5.28064,1.60851,16,0.679215,1.32678,2.73506,272.168,27.6126,16.2045,17.2406,1.46109,21.9267,12.298,4.11596,4.13008,1.71922,17,0.459221,0.969443,1.56402,643.45,157.525,36.1582,18.0729,1.55006,35.5606,27.5631,5.60036,6.19596,2.09509,10,0.588297,1.71277,5.9652,239.206,23.6999,25.3974,122.84,5.63327,22.845,12.7237,5.04075,16.4853,5.27784,12,0.533337,1.30045,2.44017,241.946,18.1016,20.0837,31.9608,1.39268,19.1149,10.2626,3.51798,4.07878,1.55807,14,0.482327,1.07422,1.72965,298.99,34.2899,18.6005,11.1246,1.32594,24.6634,14.812,4.40303,7.0335,1.79314,15,0.500878,1.29164,2.46018
gr00t_wbc_h074_p000,3945,fell,80.5,17,14.754,3.55161,2.05785,1.03583,103.414,16.3983,6.59199,11.4289,0.971828,10.7955,7.60065,1.79762,4.3461,1.03884,8,0.394698,0.838843,1.39258,103.589,7.78458,8.96967,26.7739,1.7555,9.26536,4.74603,1.94957,5.84178,1.92706,7,0.412968,0.93905,1.44683,325.976,31.7917,15.7375,20.5599,2.37672,26.6857,13.4661,4.25453,6.73484,2.43923,16,0.538066,1.11433,2.2996,175.788,21.2233,9.37124,13.6533,1.69078,14.4375,8.85593,2.08434,5.26826,3.70414,9,0.461243,1.03564,2.15317,135.385,16.0157,8.8759,7.58012,3.03384,11.9255,5.694,2.09634,4.73786,4.73582,8,0.551502,1.20309,1.75264,201.123,24.3676,10.9931,16.074,0.853895,16.2982,6.38273,3.14567,5.22713,1.16414,8,0.559792,1.68815,3.05021,247.246,25.5235,15.6551,14.8464,1.30538,19.0746,9.60586,3.16959,6.54621,2.08578,14,0.465007,1.07234,1.4365,515.061,51.407,26.4476,14.0032,1.64667,36.6064,16.833,5.80608,7.14502,2.22742,18,0.543372,1.60384,4.52956,341.011,58.4645,26.2422,25.7944,0.885572,26.5458,16.7511,4.38554,8.19098,1.58106,18,0.522188,1.13322,1.82107,129.792,17.5457,9.59259,23.2712,1.27136,10.43,5.0903,1.93029,3.26275,0.95873,5,0.476368,1.34964,1.89821,423.904,49.8825,22.4861,15.9036,1.28367,27.8727,15.6367,4.4482,6.95515,2.00271,13,0.567343,1.59665,4.1428,311.649,41.3832,23.498,9.48715,0.736662,25.7742,14.9158,4.20548,6.2511,2.19814,12,0.711477,1.57078,2.8433,203.833,31.268,20.4866,9.64412,1.66033,18.3863,10.4008,3.61389,5.44826,2.07547,12,0.530596,1.55144,2.01317,294.103,41.1467,61.1529,47.9774,29.1005,27.2923,15.7768,4.85214,12.7468,12.5312,16,0.560014,1.53651,2.34468,242.869,30.2497,21.6011,20.66,3.12158,20.6963,10.5421,3.85454,6.05969,3.03094,15,0.450091,1.00265,1.96792,388.573,40.1497,22.9853,23.1704,1.26075,28.0065,13.0039,4.71761,6.60064,1.57554,21,0.45957,1.18352,2.45417,1669.91,157.936,64.6999,27.565,1.96367,55.3826,18.7141,9.62132,12.5616,3.63355,1,0.493134,1.10405,1.33087,,,,,,,,,,,,,,
gr00t_wbc_h074_p000,3946,fell,65.88,14,13.7657,12.0959,1.80929,2.6389,222.254,24.8949,16.1647,14.8653,1.76292,23.4907,13.5771,4.13438,9.09651,3.36603,19,0.38362,0.864273,1.36667,160.265,19.161,6.99973,35.1917,1.8043,13.9978,6.67474,2.62637,7.20056,2.41326,8,0.466576,1.18448,2.27357,181.357,22.6577,12.7712,9.8008,1.21567,14.9169,9.46736,2.57905,3.46422,2.43132,9,0.530513,1.18575,2.15232,337.322,28.6304,14.6854,17.5329,0.932894,28.1607,16.1822,4.46671,6.25999,1.95484,21,0.454085,0.983619,1.88503,289.028,28.5938,14.387,12.6696,0.878624,22.363,12.5459,3.5058,5.11639,1.38286,14,0.561766,1.29506,2.78763,339.598,30.0734,17.7813,20.0615,1.84193,28.3365,15.7381,4.88468,11.3094,3.00711,21,0.413686,0.982962,1.9241,107.391,9.27805,4.99547,7.48564,1.21923,9.77134,5.4369,1.58834,2.46215,1.1698,6,0.497785,1.02178,1.75609,549.965,53.0229,18.0334,12.8169,1.62727,36.6823,16.7343,5.08591,5.75674,2.63418,18,0.510267,1.42337,4.64948,239.373,19.423,11.8071,10.8625,1.14003,21.0289,11.307,3.30691,3.42207,2.63431,16,0.49486,1.07779,1.85381,388.179,30.0178,20.1451,76.919,10.9815,25.4857,12.6997,4.5722,14.4648,8.43325,11,0.597995,1.41582,4.71327,239.359,27.4649,13.4624,33.2032,17.5658,20.9787,11.3176,3.37938,3.97477,3.53723,11,0.533366,1.3237,2.54604,130.841,20.2744,6.92729,18.0523,33.8747,11.2919,6.07641,1.88647,3.37083,7.75296,9,0.381299,0.884791,1.14464,457.66,35.8363,21.4544,9.87286,8.61634,30.893,16.6244,4.28152,1.53335,2.19457,15,0.583092,1.32613,3.56845,4087.22,504.718,163.355,14.1326,2.45544,107.827,49.3124,14.5224,8.9432,7.45583,1,0.522049,0.852967,1.55878,,,,,,,,,,,,,,,,,,,,,,,,,,,,,,,,,,,,,,,,,,,,,,,,,,,,,,,,
gr00t_wbc_h074_p000,3947,complete,90,18,8.16535,2.95861,0.00779141,0.00559929,220.381,18.4787,10.9205,8.73856,1.54628,19.9816,12.7346,3.1079,6.15996,3.821,18,0.357669,0.786072,1.30356,214.098,24.9175,12.7382,15.5968,2.1902,17.3292,11.0616,2.80261,6.53075,2.92771,13,0.424298,0.96911,1.55506,230.569,25.8986,9.37098,20.0165,2.93651,17.9758,10.0772,2.81852,6.38817,3.5073,12,0.578763,1.1638,2.19271,153.462,17.0686,8.92775,15.0353,1.68376,13.0873,6.89861,2.12808,3.73537,1.53729,10,0.516466,0.979524,1.40213,344.859,34.7428,21.6393,18.8035,1.79428,28.0458,14.7122,4.6175,6.52,2.11804,17,0.454332,1.13359,2.5263,396.123,44.0571,18.6722,34.6883,3.63195,27.2153,14.4497,4.73009,11.7198,5.77983,18,0.476574,1.26068,3.34904,505.712,49.6042,28.0394,27.9493,1.23917,35.8608,17.2323,5.55432,8.93784,2.17611,16,0.503385,1.54983,4.57311,323.649,30.2306,19.0445,22.2188,1.31936,26.1918,14.9419,3.9708,6.70223,1.52917,18,0.503068,1.02111,1.84628,498.761,50.264,24.0459,28.5451,0.640347,36.1801,18.9236,5.3525,9.46768,1.8318,18,0.608438,1.51474,4.08273,298.241,30.1005,16.6218,22.7614,1.29252,23.5024,12.893,3.91273,7.25906,1.55244,13,0.583878,1.11476,2.59413,444.081,46.7714,28.3769,26.6896,2.2381,30.1499,16.909,5.56635,12.2719,4.51738,16,0.443295,1.31941,4.4696,229.507,22.1121,10.5762,11.0555,0.837002,15.6874,9.22294,2.67146,6.38747,2.29695,11,0.438543,1.08025,3.24129,373.652,38.7842,29.7863,16.4852,1.04773,29.4044,17.6377,5.01543,8.57923,1.46846,22,0.415455,1.02917,2.05458,374.75,40.8655,23.2883,22.9831,1.12618,26.8701,13.2555,4.41826,9.09248,1.5289,12,0.475169,1.64744,4.98882,649.255,137.731,42.9373,33.5871,1.59652,48.3421,31.8815,8.28527,15.2574,2.13187,20,0.514575,1.25981,3.87055,470.062,37.3218,23.287,23.8852,1.32297,32.8575,17.3753,5.33702,10.3563,1.30133,16,0.390797,1.24132,3.84582,251.73,17.5679,14.327,17.7747,1.39028,21.4357,11.2502,3.58254,6.36727,1.14343,14,0.445559,0.995379,1.70912,272.93,25.008,13.8305,17.6421,1.50897,23.3314,14.0358,3.86255,7.03941,1.36535,16,0.505876,1.0916,1.90382
gr00t_wbc_h074_p000,3948,fell,40.52,9,16.1156,4.81597,1.79776,2.67117,47.9416,7.50824,6.22995,38.3131,1.90181,6.28272,4.04552,1.03155,3.871,1.09152,4,0.313002,0.956664,1.70942,132.505,9.64506,7.22104,31.5984,1.8284,12.4074,5.81933,2.47817,9.13214,2.21121,8,0.468223,1.01656,1.68452,179.086,13.6112,11.5076,10.0772,0.917707,14.6152,8.74062,2.84367,5.5406,2.05541,11,0.52719,1.07577,1.66699,357.018,46.729,19.6683,14.3034,1.03182,28.9726,18.0564,5.31345,9.16242,4.02564,18,0.549591,1.22962,2.38758,263.631,30.4455,19.6625,117.405,3.54073,20.0097,10.9484,3.82336,13.4542,3.60449,13,0.519382,1.30788,2.517,260.165,29.4114,14.2592,17.1475,1.82086,22.2233,13.9361,3.43421,7.27954,1.58294,10,0.593144,1.47955,4.36501,214.368,22.2041,8.46597,11.0329,1.79159,19.428,11.7216,2.92669,5.14375,2.58291,11,0.492343,0.978693,2.7365,237.499,23.4825,16.1324,83.1167,5.31083,20.6708,11.7967,4.20703,15.5208,6.48963,17,0.399029,0.971662,1.66071,1882.93,173.718,56.8028,53.1176,117.929,50.9125,17.7249,7.20018,15.4218,13.8026,2,0.392164,1.44362,3.12119,,,,,,,,,,,,,,,,,,,,,,,,,,,,,,,,,,,,,,,,,,,,,,,,,,,,,,,,,,,,,,,,,,,,,,,,,,,,,,,,,,,,,,,,,,,,,,,,,,,,,,,,,,,,,,,,,,,,,,,,,,,,,,
gr00t_wbc_h074_p000,3949,complete,90,18,9.92453,2.34752,0.0169892,0.00988695,188.699,18.2683,11.2982,15.2171,1.62618,19.8965,10.8402,3.51386,5.83879,2.01798,13,0.443199,1.02766,1.58817,191.155,18.5019,13.0215,19.5165,1.49754,16.1014,9.45215,2.8138,4.06539,1.07244,12,0.460606,1.10422,2.10319,272.593,27.5039,16.106,36.7516,1.77053,21.4082,13.6208,3.849,6.56774,1.5461,12,0.593359,1.26522,2.81036,209.572,18.5944,18.8161,45.3842,4.77097,16.7215,11.0117,3.0332,12.5812,5.27591,12,0.463901,1.08281,1.9252,303.047,30.7462,10.9397,9.69507,1.72397,23.8333,14.2984,3.73099,4.57875,2.70645,16,0.526981,1.08893,2.16308,213.351,21.5723,12.9863,58.2359,2.01813,19.3006,11.6932,3.4933,11.5097,3.38094,14,0.540103,0.991814,1.76514,279.368,35.7839,11.0777,11.9315,1.59796,21.885,12.9585,3.3568,5.749,1.97512,11,0.541677,1.33718,3.14602,221.507,28.944,11.9585,11.0037,1.19721,17.6763,10.3969,2.76538,4.91669,1.48367,7,0.544473,1.5188,4.13316,128.86,10.1204,6.37842,12.2132,1.25769,10.5066,7.20383,1.77421,3.5283,1.27413,10,0.411034,0.857414,1.3471,340.229,53.3656,21.9559,21.3617,1.50489,25.935,16.6866,3.67655,5.96172,1.38806,12,0.436159,1.2746,3.1488,314.195,25.9703,17.6256,21.0968,1.16289,24.6768,13.4847,4.47066,7.43215,2.50654,18,0.493165,1.18942,2.43153,244.415,22.1756,15.1696,17.1631,0.782555,19.5616,9.90328,3.2599,4.74063,2.03406,12,0.548655,1.21737,2.54786,1109.23,61.3299,38.0157,24.5647,1.49618,54.7444,25.9996,8.51775,10.057,3.35992,17,0.431112,1.67121,6.55585,325.023,40.4534,20.151,16.7922,1.18112,27.4266,14.7301,4.64994,5.86183,1.81126,18,0.512071,1.14942,1.92299,245.85,35.9569,27.8326,24.7155,1.08855,20.057,13.4863,3.67326,6.03598,1.72889,17,0.549131,0.94401,1.41857,254.776,33.7116,21.5607,18.8279,0.834534,21.6036,14.8062,3.55382,5.9156,1.33837,15,0.551011,1.22414,2.02378,179.167,23.0426,8.76007,15.6687,1.31275,16.386,9.32225,2.36007,5.82494,1.06617,11,0.514052,1.1836,1.47492,221.329,29.3997,28.4297,17.9975,1.3168,19.0608,9.98612,3.40456,6.41303,1.27628,11,0.476229,1.17242,2.07884
gr00t_wbc_h074_p000,3950,complete,90,18,7.92478,2.45136,0.00736742,0.00499209,173.762,21.8641,8.94384,14.117,1.45576,16.0171,8.04417,2.43323,4.85108,1.19919,9,0.499667,1.02993,1.45837,307.62,33.7736,14.0701,21.9324,1.30623,24.0166,14.7112,3.76091,5.70395,1.42224,14,0.479712,1.11885,2.76091,202.356,21.0379,15.2035,55.3431,1.71516,15.8601,8.74705,2.71507,6.47428,2.14955,11,0.395856,1.13172,2.02961,172.068,18.3976,6.48622,23.3236,2.98601,14.533,9.14349,2.49708,8.24884,3.96964,8,0.495011,1.27213,2.65067,171.143,14.6965,11.2594,20.6778,1.15878,13.5003,6.3237,2.53927,5.56382,1.23359,9,0.564619,1.21719,2.55021,230.081,31.3342,13.7483,22.0713,1.01277,18.0382,10.7392,2.95343,4.69457,1.54982,12,0.547751,1.24313,1.77643,178.118,22.3994,27.2463,93.3621,9.68827,14.1501,9.00727,2.40555,9.86415,3.3187,7,0.561249,1.35415,2.54729,237.882,24.7902,17.6225,76.5061,165.687,20.211,9.347,4.25771,17.8715,16.4796,11,0.432373,1.43673,3.54731,151.618,14.5736,9.99868,13.077,1.23044,12.5343,8.81991,2.61379,4.70258,1.99371,10,0.44687,1.08498,1.71103,206.048,23.7743,11.7038,14.8282,1.3949,17.0868,9.71455,3.10859,2.76262,1.41232,9,0.604191,1.4133,3.02276,589.096,58.0998,27.7941,22.134,1.65068,38.6856,23.3158,5.69737,7.95426,2.07597,27,0.366049,1.05402,2.64413,241.009,43.188,29.3604,71.7247,3.47812,19.7249,14.6118,3.49684,15.5895,3.62806,12,0.589046,1.09872,2.13831,183.864,20.3928,7.65105,11.6764,1.28954,14.0931,7.65378,2.23851,4.8047,1.20314,12,0.45063,0.988371,1.61904,271.433,21.8459,11.1853,12.0307,1.03012,19.4725,9.13886,3.0804,6.35673,2.82975,11,0.453115,1.28859,3.69659,607.779,44.8009,32.5398,30.0263,1.22795,32.672,18.9822,5.32149,6.95268,1.4692,18,0.527288,1.23814,3.599,426.381,50.3129,75.9207,186.96,41.5553,35.4041,20.0019,7.16832,19.0864,10.0936,14,0.444565,1.22224,3.18973,353.878,83.9963,19.4579,30.6944,1.44041,28.4543,20.095,4.36671,7.20319,2.51163,11,0.63237,1.537,4.27844,242.814,29.2544,15.9667,24.7423,1.84875,19.6444,12.1727,3.31618,4.91348,1.51566,11,0.478075,1.26425,2.45519
gr00t_wbc_h074_p000,3951,fell,65.82,14,13.0104,5.01404,2.65148,3.49917,256.857,26.4716,11.6395,12.9787,0.863723,23.7166,13.349,3.56365,5.24426,0.978535,16,0.479074,0.922582,1.58503,140.014,22.994,11.9182,37.96,2.53838,12.1132,8.39177,2.36898,7.24445,2.81104,9,0.557069,1.27349,2.07448,312.875,25.2127,12.7683,17.2543,1.60472,23.8077,10.3963,4.04014,6.99962,5.68487,13,0.515683,1.40305,2.9968,193.113,17.4263,12.8767,19.0886,3.81432,17.5085,9.32513,2.94749,6.91215,5.60621,13,0.568085,1.04237,1.55304,355.134,35.1483,14.4754,16.1462,4.17907,29.7045,14.7942,4.38471,6.46448,4.29067,16,0.568813,1.28566,2.58228,231.946,29.2012,12.329,33.0738,8.65816,17.9183,10.6963,3.24888,5.98698,4.53435,11,0.586744,1.24522,1.95989,332.171,33.5259,14.5272,23.6699,3.87105,26.1594,14.8766,4.28142,7.04166,4.26837,14,0.605091,1.30829,2.85903,279.247,31.4266,11.2857,16.8044,1.48716,19.7023,9.65665,3.54849,4.8732,2.4082,10,0.608285,1.5421,4.02799,266.887,29.8259,17.4087,11.7395,1.63755,21.7202,9.2123,4.20167,5.58939,3.1925,11,0.594736,1.64442,2.82278,343.739,36.8101,23.3913,12.5477,1.27625,27.4059,13.227,4.83631,4.08475,2.27652,17,0.53082,1.30933,2.83415,383.118,40.01,23.6889,18.1856,1.29034,29.9834,14.1817,5.19711,5.07587,2.52654,17,0.597128,1.48261,2.95123,406.329,80.6992,27.1995,30.6788,3.61324,32.9225,22.298,5.54988,8.44606,4.36502,19,0.638999,1.24513,2.75397,577.901,57.1436,22.1467,25.4097,2.064,36.5715,15.9007,5.72764,10.3137,5.12024,23,0.397345,1.23133,2.84381,1104.19,64.6469,106.379,295.674,32.7121,41.9258,16.4874,9.59308,35.3523,10.5666,5,0.280423,1.90097,15.7715,,,,,,,,,,,,,,,,,,,,,,,,,,,,,,,,,,,,,,,,,,,,,,,,,,,,,,,,
gr00t_wbc_h074_p000,3952,complete,90,18,10.094,2.2811,0.00380854,0.00665467,189.562,17.7507,9.86056,14.72,1.54397,18.1471,11.4765,2.82028,4.67498,1.7809,13,0.388841,0.910936,1.30663,160.75,15.6851,8.02064,16.1006,1.74087,11.918,6.66652,1.96447,3.61828,0.961875,8,0.526618,1.06315,1.6936,220.465,22.9709,9.44559,9.75551,0.938934,19.1303,11.7742,2.81559,4.96455,1.90035,12,0.494673,1.1151,2.09677,168.905,17.2802,6.89786,11.653,1.78048,14.5376,7.955,2.52549,5.53741,2.84652,9,0.546364,1.15485,1.97209,289.373,26.0453,14.414,16.7093,1.40724,24.1516,12.9322,3.86936,6.86619,1.21559,19,0.455009,0.988479,1.81525,184.473,17.5095,7.49164,15.6281,1.43008,15.1429,8.18064,2.46145,3.98846,0.900993,10,0.446618,1.01528,2.18267,214.854,17.6789,12.3512,25.4075,1.30854,18.0532,9.63635,3.16838,4.16284,1.009,13,0.472738,1.00625,2.05822,422.56,51.9551,42.4383,59.0118,2.60722,36.3527,22.6252,6.26009,12.5534,3.08873,20,0.629158,1.1696,2.62037,155.016,16.6267,9.85463,23.5848,1.26015,13.0801,7.33387,2.06161,3.30831,1.02852,7,0.461267,1.14897,2.97298,311.802,37.83,19.1329,28.0168,1.31503,25.7185,13.8431,3.47353,5.75414,1.07352,10,0.679346,1.63001,4.39955,276.235,39.042,19.2037,55.4248,2.14906,19.0805,12.4793,2.782,7.64793,1.85668,6,0.463129,1.81831,5.02657,239.121,37.7694,17.7868,41.306,2.91958,20.8832,13.4859,3.73735,12.2649,4.06979,12,0.648654,1.18719,2.8506,1067.54,105.661,84.7941,37.2876,1.52881,52.0223,23.4325,8.3562,10.2663,2.65562,23,0.344012,0.971878,4.70357,245.69,38.0214,15.0694,27.0302,1.10723,20.8543,11.723,3.44481,4.40566,0.869232,11,0.574446,1.22797,2.71062,258.193,25.6795,13.3015,21.6711,2.16863,20.9522,11.4669,3.61041,5.73148,1.11198,12,0.619286,1.32899,2.76464,375.104,49.7779,20.1782,36.5339,2.96291,27.7656,13.9623,4.10068,12.4747,5.06694,16,0.490952,1.16219,2.66832,303.419,42.0352,25.8002,46.957,1.60484,25.3244,16.9275,4.24766,10.0339,2.29447,15,0.493433,1.17832,2.42437,240.423,25.1086,24.1888,92.3868,109.509,16.2755,8.17977,3.72673,18.2361,7.30377,8,0.36957,1.27314,3.41711
gr00t_wbc_h074_p000,3953,complete,90,18,9.79879,3.32249,0.0163454,0.0257128,298.853,34.4909,14.522,16.8261,2.05414,26.9619,15.4942,4.15162,6.33976,1.28904,19,0.42311,0.88327,1.4032,243.794,23.8589,7.9976,10.4117,1.59736,17.1011,9.2648,2.93991,4.97037,1.1101,10,0.580364,1.46911,3.2962,322.566,28.8747,17.7885,35.9161,0.963399,26.2706,14.5276,4.12107,9.19315,1.45507,17,0.502795,1.10142,2.13519,199.772,21.9659,12.3083,80.7039,2.49276,14.7279,8.14884,2.40703,9.78286,1.96794,10,0.466738,1.01551,1.49133,245.981,20.4953,8.01341,10.8701,2.53476,20.1643,10.0021,3.33633,6.33467,3.52407,14,0.520164,1.24889,2.11391,249.391,29.3593,11.9551,12.6094,1.34963,21.3132,11.3327,3.52433,6.75929,2.32534,12,0.551924,1.20818,2.14636,333.057,30.1545,17.7092,15.6513,1.31232,27.6778,15.0972,4.56869,7.74097,1.46817,18,0.504957,1.20725,2.25088,211.269,26.1815,10.3046,15.7897,1.16987,18.0919,10.2721,2.7861,5.70079,1.19282,10,0.548369,1.32587,2.24103,292.255,23.7646,28.5526,12.8241,1.63774,23.5353,12.8732,4.38754,6.99079,1.06012,13,0.495602,1.35316,2.66268,168.4,25.2188,10.3916,10.5289,1.09629,14.2051,7.52768,2.36928,5.19543,1.26477,8,0.511236,1.13629,1.61464,313.443,32.161,12.0683,13.7515,1.13745,24.9205,14.0288,4.35292,6.07221,2.25887,13,0.63121,1.6199,3.37925,177.63,15.486,8.85719,17.7965,1.27981,14.8868,9.24366,2.91232,3.93096,1.65958,12,0.453084,1.04285,1.4073,117.894,15.6941,6.37033,42.4864,2.10406,9.99608,4.36583,2.16492,6.55623,2.94655,4,0.556433,1.35226,2.32954,171.969,19.909,8.91672,17.3823,3.91231,15.0393,8.04756,2.43944,4.28195,2.90819,10,0.543614,1.2236,1.85332,281.097,27.6752,14.5101,13.7021,1.42845,25.3154,14.6176,3.90184,2.44513,3.21888,15,0.4986,1.20795,2.1996,595.692,44.3939,23.7499,20.9886,3.8601,41.8742,21.758,5.72987,7.20851,6.13356,15,0.482359,1.31994,5.13778,1190.05,114.47,61.122,24.3379,2.05489,54.9597,24.6072,6.90911,13.4457,2.98477,8,0.440566,1.88459,21.4489,258.476,28.7372,11.5177,11.9055,1.48652,19.703,10.9952,3.46775,6.31339,1.10178,13,0.442478,1.10024,2.10843
gr00t_wbc_h074_p000,3954,fell,66.44,14,21.2771,7.17013,1.95978,3.5386,174.962,19.106,10.5505,14.3657,1.86948,15.3099,7.97368,2.48851,4.51213,1.03497,10,0.408846,0.882695,1.26149,400.113,40.373,14.6757,15.2205,1.17637,30.5014,16.4693,4.91571,7.83043,1.25118,19,0.510793,1.2446,2.95619,197.192,20.7229,7.24918,11.7471,1.07345,14.6323,9.57111,2.06689,3.75307,1.07039,10,0.438115,1.07075,1.90501,457.442,68.2546,26.9863,21.6817,1.69742,40.2525,24.0443,6.69955,11.7304,2.80008,22,0.636606,1.1558,2.50458,265.295,26.7075,11.9224,14.1867,1.36399,22.769,12.7994,3.85528,5.37315,2.1458,13,0.547364,1.18132,2.71736,224.082,21.9509,9.77465,12.1642,1.64199,17.2392,10.5124,2.98285,4.80958,2.23647,13,0.498904,1.03351,1.63599,298.77,32.474,13.1693,18.5036,1.42145,23.4018,10.3681,4.03829,4.06284,1.1962,15,0.566542,1.32382,3.05968,178.456,19.9211,11.1758,22.0957,0.815907,14.08,8.94991,2.27921,3.67133,1.00267,8,0.492391,1.31721,2.68148,291.959,44.4849,14.2944,32.9976,1.78198,23.7779,15.053,3.63789,10.3556,4.60007,13,0.548016,1.28614,2.89835,218.503,26.8576,19.3484,30.8357,4.4794,18.1552,9.6752,3.81058,10.8424,8.17488,11,0.562853,1.2892,2.77459,377.258,45.5603,24.2248,49.5416,15.1797,27.8583,16.5152,5.34662,14.5284,11.4999,14,0.697738,1.63471,4.11399,673.972,72.6619,31.7751,30.0357,3.03981,38.4843,25.4153,5.37307,7.88773,3.78159,12,0.664721,1.63968,4.59409,364.841,58.3756,26.5394,22.5498,1.92436,29.1077,18.5178,5.16242,8.47303,5.34128,14,0.564658,1.48126,3.43326,1979.99,132.256,54.3798,14.3741,1.17389,77.6273,40.4054,10.5372,8.53158,4.74057,6,0.443958,0.933224,2.80281,,,,,,,,,,,,,,,,,,,,,,,,,,,,,,,,,,,,,,,,,,,,,,,,,,,,,,,,
gr00t_wbc_h074_p000,3955,fell,75.88,16,12.5581,4.41675,2.4517,3.20369,187.717,22.3061,10.6717,14.7983,2.16313,18.5696,11.7133,3.29897,6.19832,2.37038,14,0.433352,0.930701,1.39918,217.034,23.3165,15.0596,22.0035,3.4887,19.7576,11.2932,3.38706,7.92858,5.8868,12,0.541512,1.23896,2.24738,383.672,37.0206,24.797,19.2075,2.46714,30.3255,16.702,5.28254,9.05264,4.88833,18,0.588119,1.31068,2.64218,206.123,25.5741,24.6997,18.292,2.3512,16.3638,9.35606,3.60937,6.42073,3.70623,10,0.598888,1.24679,2.09671,145.478,13.4728,9.10999,12.1822,1.83449,12.1663,7.16032,2.34086,4.55554,3.20975,7,0.580318,1.3288,2.33028,303.656,31.5707,18.5345,18.8966,1.69018,22.9833,14.9172,3.69614,7.85617,3.86162,10,0.622992,1.59058,4.98018,303.32,28.465,15.955,13.4778,3.68251,23.0672,14.0151,4.06945,6.95157,5.32748,14,0.543319,1.31291,2.75758,185.436,22.3105,13.7536,17.6529,5.12729,15.8263,9.09651,2.96924,7.74395,6.17348,10,0.479962,0.949343,1.77663,269.439,28.9548,22.815,24.7968,1.11859,23.1406,11.097,3.95791,4.49391,1.68005,22,0.441832,0.911265,1.78279,332.092,39.7801,20.2638,23.3091,2.25308,28.7645,14.1511,4.79288,6.51461,2.91473,17,0.491855,1.22194,2.28786,334.912,40.0501,19.1612,25.8547,2.93349,24.7895,12.04,4.21044,8.48548,6.04196,10,0.560697,1.68975,4.15404,332.161,34.0254,22.8751,17.9631,2.1235,23.4367,14.6122,4.02831,7.24885,3.47855,18,0.475771,1.08514,2.57489,483.831,63.5367,32.4102,47.7159,11.9304,36.8492,16.4455,6.82623,14.7954,8.21207,18,0.681158,1.66179,3.88272,321.764,45.2279,31.3685,27.6866,1.1138,27.7963,15.2502,5.18412,6.60688,3.14999,18,0.519131,1.31276,1.94093,367.393,81.1854,20.2182,19.7056,1.78057,28.954,18.451,3.95073,8.40253,4.58354,15,0.525224,1.59329,2.21328,1133.34,47.5338,30.3109,23.0761,0.205963,32.7603,13.1037,4.81706,6.23405,1.45546,9,0.64947,1.11289,4.74069,,,,,,,,,,,,,,,,,,,,,,,,,,,,
gr00t_wbc_h074_p000,3956,fell,76.04,16,15.9336,7.59737,2.91304,3.60182,192.556,26.5215,9.99899,13.5337,1.23966,18.6759,13.0464,2.9412,4.5661,1.49528,13,0.400654,0.889732,1.55137,289.954,27.2787,11.6124,16.9584,0.782663,22.0138,12.0345,3.67068,6.30491,1.07229,13,0.545189,1.30756,2.34116,382.916,27.5361,14.4188,17.1182,1.2169,24.874,13.4362,3.52468,6.90758,1.18412,12,0.511382,1.23613,2.80227,262.444,25.8012,11.4434,13.7505,2.10683,20.4362,12.646,3.21433,6.10486,2.21438,14,0.486546,1.09165,1.75897,221.706,24.1968,6.59766,13.4215,1.10194,17.1028,7.51329,2.87648,5.23564,0.951613,8,0.653888,1.75788,4.47571,265.667,23.5618,12.4556,11.8786,1.38763,22.3453,17.0588,3.79367,6.88269,1.24386,15,0.505846,1.13964,2.18517,288.634,35.7204,15.4532,25.1629,1.4751,24.2527,15.3311,4.08595,9.40186,1.71571,15,0.572715,1.0847,2.40195,243.76,27.2407,18.2378,60.4409,3.18614,19.1317,11.2105,3.33524,12.0487,4.21904,11,0.53011,1.30885,2.67835,325.766,83.5769,29.1892,25.4957,1.43148,25.8404,17.685,4.3717,9.08223,1.55947,7,0.481289,1.29494,4.63002,282.164,32.2428,16.1053,22.6123,1.6889,21.8983,11.7063,3.96287,7.7128,1.43766,15,0.578858,1.41519,2.69298,170.212,18.2029,9.57603,17.6906,1.60262,16.736,7.88291,3.02024,5.33456,1.10889,11,0.361875,1.36033,2.01772,197.645,23.8665,9.1929,19.1522,1.42235,16.2681,8.20977,2.84694,5.49963,1.08004,11,0.5371,1.36305,2.70758,228.078,21.7072,13.6099,18.5162,1.40743,18.7539,10.7401,3.12997,6.55862,1.37304,11,0.510077,1.36836,2.75788,98.4729,11.0286,9.03464,123.168,14.3713,9.18791,5.34023,2.45703,16.1658,8.69676,5,0.558876,1.50256,2.60281,430.924,37.1587,37.9094,198.799,4.72539,34.6625,18.4965,5.69591,19.1569,3.65166,20,0.516405,1.23785,2.83196,525.135,31.6106,40.0945,342.354,170.406,17.2964,9.61728,3.71903,25.1024,15.4492,5,0.366946,1.05516,1.42859,,,,,,,,,,,,,,,,,,,,,,,,,,,,
gr00t_wbc_h074_p000,3957,fell,65.8,14,13.0922,12.3491,1.23361,2.5829,104.77,12.2267,5.50559,13.7323,1.72943,10.7736,6.69258,1.7757,3.70384,1.0973,8,0.315573,0.759536,1.13289,92.3774,8.44369,5.03613,20.24,2.11454,8.4515,5.92085,1.68941,6.42403,1.63495,5,0.606761,1.18464,2.23372,309.431,24.0013,15.1474,12.841,3.17184,24.4494,15.1208,3.99404,5.77464,5.38565,17,0.462771,1.06746,2.1317,272.771,23.2951,12.4267,13.3194,1.24203,22.1195,13.2279,3.87491,4.9301,2.33358,16,0.423941,1.0098,2.03431,290.003,25.7748,18.106,15.2666,0.953402,24.0014,12.5629,4.14324,5.14589,1.76113,19,0.501973,1.07944,1.89413,224.443,33.8867,11.4344,13.6087,2.07983,18.4467,10.2377,2.88539,5.39528,3.2295,15,0.506432,0.965241,1.69144,371.604,37.3161,15.1552,27.4986,0.663962,29.2702,14.2221,4.32235,6.24258,1.70367,11,0.638956,1.69546,4.2778,415.528,42.8886,24.5512,35.4032,1.09655,30.3587,17.3315,4.72938,6.10154,2.1219,15,0.661836,1.41585,3.37287,447.229,39.0149,23.3124,29.924,0.895173,25.752,13.5246,3.66796,5.65514,1.47654,9,0.346539,1.58689,4.84713,216.33,34.2307,19.1761,19.6522,0.843119,18.0251,12.2963,3.16193,4.85529,1.1537,13,0.472507,1.14285,1.61763,381.202,50.8618,38.0156,24.367,0.65091,26.8566,15.3449,4.81867,9.01238,1.72556,12,0.624949,1.55307,3.26618,1171.02,51.3655,55.0612,33.9857,1.03945,40.8011,22.7175,7.00206,10.2529,1.83567,13,0.664136,1.58254,5.84583,692.151,74.2233,34.9671,20.2963,1.15227,48.6392,30.1136,6.53782,8.13625,2.1042,17,0.486789,1.48864,4.78741,1922.66,64.9131,51.5459,70.5116,12.067,60.0658,21.6472,7.30003,16.9104,6.19831,1,0.376114,0.77567,0.775208,,,,,,,,,,,,,,,,,,,,,,,,,,,,,,,,,,,,,,,,,,,,,,,,,,,,,,,,
gr00t_wbc_h074_p000,3958,complete,90,18,10.2134,2.25347,0.0283365,0.028652,244.293,33.3442,11.42,23.6069,2.63223,20.939,13.4379,3.04114,6.06335,1.27891,12,0.375604,0.945176,2.40584,247.925,23.9643,10.6352,16.7276,0.982283,18.8562,10.7213,2.99466,4.60846,1.04054,16,0.417121,0.878439,1.39488,316.308,30.6706,15.0079,17.6393,1.53563,26.1465,15.7541,4.10981,5.98106,1.31147,18,0.451608,1.02601,2.12278,202.03,17.6299,10.5044,18.9046,2.30097,15.8878,8.98065,2.89524,5.07408,1.28173,11,0.50032,1.14608,2.05049,201.416,31.7126,15.8869,67.6594,2.66343,18.1011,9.38841,3.10477,9.18516,2.27345,8,0.581359,1.43542,2.99036,151.76,14.2096,8.78778,17.576,1.23696,12.9401,7.98851,2.15087,4.29296,1.04309,8,0.509583,1.20335,2.01173,250.93,26.2564,8.07336,10.2896,1.30688,18.4138,10.661,2.96744,5.40695,1.77873,11,0.623292,1.52327,3.45883,1398.35,231.116,80.3412,175.181,11.6996,86.5538,48.4197,13.537,35.6027,11.9674,23,0.545522,1.41484,8.20971,195.731,19.6516,23.0002,187.442,15.9905,18.0288,9.31191,3.59191,12.509,5.36671,7,0.786112,1.34393,3.49418,274.487,23.7549,14.7243,19.5768,2.05405,24.0534,14.4426,3.85151,5.79653,2.52119,13,0.585654,1.26059,2.7111,272.305,41.8224,17.9628,23.1461,4.60284,22.0891,16.1732,4.25704,6.077,3.40916,17,0.549351,1.19077,2.37617,212.707,54.1909,9.93431,20.0262,5.96595,17.9645,10.751,2.7307,5.47764,2.39931,8,0.508578,1.06408,2.28944,296.602,33.7563,11.0596,14.6741,3.27101,22.4361,13.4826,3.89357,4.65241,2.78619,13,0.623164,1.38854,3.26659,214.971,18.9885,22.0502,15.7816,1.55514,16.2634,8.76866,3.54527,6.46701,3.28688,10,0.486533,1.18151,2.11879,376.379,38.7928,23.8466,22.1196,1.23361,27.937,15.3441,5.71508,11.3564,3.26455,18,0.543026,1.3966,3.80179,137.445,21.2424,17.2236,35.1365,1.55974,11.974,8.40477,2.53981,7.89282,2.51876,10,0.471238,1.02372,1.87365,154.59,18.8272,35.9999,57.5582,1.70278,12.5854,6.47659,3.0017,10.7584,3.08407,7,0.657452,1.49969,2.62449,267.2,40.4028,38.4828,128.6,6.88039,24.721,15.6763,5.87809,16.7945,5.72188,15,0.463765,1.13175,2.30208
gr00t_wbc_h074_p000,3959,complete,90,18,7.736,2.14467,0.0156212,0.0210552,273.925,34.623,13.2265,13.0919,2.38313,25.7289,13.9542,3.91695,6.66052,1.78036,20,0.481825,0.78127,1.43996,271.063,24.4297,9.68538,17.3881,1.51403,21.2727,12.5158,3.34377,3.92772,1.70979,15,0.541904,1.05459,2.21735,268.415,25.0762,11.4902,19.0604,1.69657,22.1713,11.9041,3.72076,5.48901,2.50829,16,0.430813,1.09752,2.40299,224.979,23.2629,9.97307,14.7695,0.858092,17.4089,9.51976,2.94607,5.36447,1.45767,10,0.557337,1.35334,2.66804,443.352,39.7091,19.06,17.843,1.09494,31.1568,17.9757,4.38067,8.21918,2.04941,13,0.747071,1.51056,3.96521,165.347,16.077,7.70244,10.6213,1.25612,14.2597,6.22867,2.44132,4.95321,0.939471,8,0.448318,1.2865,2.69264,440.577,42.4402,16.2192,19.0793,1.48449,33.8677,18.1419,5.54258,11.7129,3.6332,15,0.564558,1.49399,4.34969,364.891,35.3718,18.0207,12.3182,1.4006,29.7476,16.8589,4.67968,8.56789,2.0765,23,0.368107,0.917431,1.79253,303.376,30.5323,14.455,18.0003,1.17708,25.5699,15.2019,4.07535,6.89034,1.39442,19,0.406445,0.965103,1.67544,292.592,31.285,21.6488,67.4466,2.40848,24.9553,14.6366,4.5916,16.1447,5.988,14,0.667119,1.13905,2.63243,351.531,58.3329,13.5665,15.334,1.61862,26.1001,15.7946,4.16379,5.20984,3.09517,11,0.559181,1.46996,4.13443,122.666,13.7175,6.25102,11.9987,1.8215,10.1396,4.90414,1.97046,3.86631,0.872459,7,0.614212,1.3526,2.84236,198.549,22.7929,22.6996,17.4406,1.6621,14.4736,8.1918,2.59623,4.24189,1.05194,8,0.616179,1.36067,2.06797,256.12,22.2213,13.059,17.3958,2.68645,17.5819,9.60456,2.78515,6.13891,2.51551,11,0.527358,1.18208,1.82792,352.73,33.8981,19.9589,18.7732,2.63583,26.8732,15.5993,4.10969,7.04985,3.11302,15,0.412118,1.17158,2.65695,167.352,12.2557,9.86301,21.3036,2.78664,13.2557,7.01334,2.47208,6.96894,4.39925,6,0.510965,1.29288,2.9718,373.816,56.7221,18.809,12.2299,1.50601,28.8471,16.9974,5.05472,7.1688,4.15941,18,0.617471,1.19722,2.71376,428.193,38.2018,30.8712,12.3896,1.38922,30.3993,22.3458,4.97003,5.5527,2.69774,16,0.541895,1.28695,3.09052
gr00t_wbc_h074_p000,3960,complete,90,18,20.1944,2.81087,0.122548,0.190862,262.393,20.0768,14.8326,11.8722,1.96988,24.9305,13.7464,4.08136,6.92732,2.2746,15,0.479916,1.0572,1.88602,275.905,29.6529,10.0427,8.24162,1.51175,21.2355,12.7322,3.00268,2.76889,1.49136,15,0.484495,0.985581,1.72492,296.014,30.2457,14.8808,7.62646,1.65694,22.7689,14.7912,3.49951,4.14776,1.38062,16,0.489863,1.17722,2.26582,243.704,22.687,13.2174,24.2062,7.30486,19.1139,11.0427,2.85893,5.21176,4.05017,14,0.446862,0.995217,1.61481,155.269,18.3763,10.6923,35.2715,14.0004,10.9921,6.08368,1.76897,3.56768,4.49865,6,0.660834,1.41605,2.82452,200.456,17.8638,13.6217,46.9935,11.6283,18.3327,10.3168,3.31883,5.5034,4.87964,14,0.489718,1.04183,1.82413,272.768,23.8976,13.1509,25.1997,5.39381,20.0205,11.5935,3.30866,2.40373,2.23464,13,0.529119,1.14587,2.09543,352.678,26.9442,18.4566,17.2833,8.99793,24.6649,13.2966,3.9829,2.07391,2.34862,12,0.51884,1.27389,3.12952,268.672,32.9725,17.5359,11.6223,9.00313,22.4642,11.7155,3.01224,1.29575,1.58134,11,0.593321,1.36669,3.19891,183.438,15.8792,13.035,39.6631,20.1317,14.4932,7.15634,2.54365,6.88788,8.8722,10,0.434621,1.06248,1.98027,1608.31,220.977,74.9698,55.0414,50.4604,82.3147,46.2313,11.2228,7.23098,11.3252,19,0.420461,1.31067,7.409,402.979,61.2791,24.1191,18.7116,13.4494,31.0571,18.9889,4.45237,2.23717,3.21644,15,0.65218,1.35093,2.87817,257.192,23.9255,17.61,72.1118,10.9226,20.9844,9.61583,4.50976,19.0527,8.65514,10,0.661782,1.55957,3.23105,352.96,32.5361,26.2197,18.2745,2.59332,29.9117,18.2747,4.69121,2.63853,3.26363,22,0.447307,0.960506,1.7026,161.606,17.0751,11.3691,9.55972,1.50807,13.4219,6.85117,2.37447,2.46286,2.44808,10,0.489688,1.10495,1.66105,1750.96,150.029,155.064,431.505,91.8701,82.2143,34.941,15.3993,45.826,19.9184,20,0.471297,1.63987,9.39814,515.632,133.479,30.1473,10.2072,4.63077,35.9007,25.8829,5.56434,3.56652,2.43898,19,0.608,1.282,2.61012,577.358,93.4155,34.7228,26.4851,1.60449,42.2305,28.1177,6.3418,5.18391,3.75378,16,0.498042,1.29832,3.79387
gr00t_wbc_h074_p000,3961,complete,90,18,10.9774,2.65953,0.00247184,0.00889928,303.045,34.206,11.8663,11.0987,1.5895,24.3505,14.3695,3.90146,7.73453,5.1418,13,0.488202,1.24531,2.51324,207.299,20.5182,11.0136,18.6155,1.47606,16.8125,9.88508,2.93141,4.35645,1.91506,11,0.552802,1.22411,2.27474,278.371,29.0839,14.215,21.5587,1.48115,22.1541,12.9029,3.48706,4.52051,0.944186,12,0.625352,1.30984,2.34646,216.358,22.2423,14.5171,37.5048,1.49437,18.7777,10.407,2.93353,5.78539,1.54214,14,0.512272,1.09706,1.7418,121.657,11.9393,5.03835,29.5921,2.75078,9.37664,4.97364,1.85167,5.28706,3.00293,7,0.414598,1.29124,2.04723,214.207,27.7082,16.2591,41.6979,1.96019,17.5971,11.5607,2.86258,7.00746,1.43687,11,0.49704,1.14122,2.16766,226.847,20.1612,22.7864,69.1952,2.8202,17.0542,11.8251,3.21563,7.89979,2.31942,13,0.497171,1.063,2.00342,283.869,37.4602,16.3378,25.1115,1.32395,24.8489,13.2429,3.8944,5.55986,1.59374,12,0.491056,1.19959,2.78836,424.881,56.059,50.1887,133.797,24.3875,29.7988,16.1804,5.15901,15.3042,5.53772,11,0.52918,1.12302,4.41845,317.049,47.7768,27.3562,29.8545,0.91119,26.4826,16.7113,4.4864,9.41324,2.03043,19,0.520433,1.16416,1.59936,267.297,27.4783,23.6978,25.3018,1.08726,25.7383,13.2631,4.25589,6.90015,1.89003,16,0.485226,1.22707,2.1804,204.564,24.1373,12.3274,19.3413,1.21239,17.0834,7.77981,2.8948,5.64173,2.04792,13,0.498309,1.04324,1.98353,338.49,32.3275,28.0441,72.502,18.5825,29.5309,14.125,5.67016,14.8221,6.74958,15,0.613388,1.40454,2.83769,215.209,21.6594,13.7716,14.6282,1.13202,17.9736,11.7292,2.94011,4.15664,1.16595,13,0.472593,1.10685,1.5597,244.678,20.5914,19.6159,19.6859,0.882095,21.4705,12.9088,3.76694,4.975,1.05109,20,0.303593,0.915632,1.13529,1278.05,216.904,61.8547,45.8668,1.33524,72.1954,45.459,9.80765,15.4125,2.10127,18,0.423859,1.36763,8.73636,756.464,121.949,29.746,21.1046,0.934601,50.3788,28.885,6.95637,10.4182,1.65765,16,0.595688,1.39283,5.27934,219.537,33.3234,16.0681,16.2071,1.09634,17.2613,11.6906,2.82385,5.71609,1.37309,10,0.464523,1.20914,2.11913
gr00t_wbc_h074_p000,3962,complete,90,18,6.93926,2.34868,0.0535228,0.0569291,250.488,23.7529,10.6506,16.6459,1.73068,21.4254,13.52,3.55012,9.60826,4.08455,14,0.465848,0.997889,1.82268,155.028,14.5199,9.30514,25.4163,1.29197,12.7176,7.05941,2.53927,7.06902,1.62884,8,0.526912,1.1494,1.90625,137.67,12.9091,7.4332,14.1738,1.67778,12.7272,7.74747,2.19833,3.60593,1.57585,10,0.587125,1.00894,1.97757,355.067,29.6809,17.27,31.4328,4.70472,26.501,14.3789,4.20321,8.41906,3.70186,13,0.577755,1.31172,3.39684,205.32,17.9675,11.5334,20.5675,2.95317,17.1043,9.32094,2.8191,4.9218,2.35486,13,0.436579,0.977602,1.3024,136.64,15.7922,8.78143,15.5782,1.42356,12.6817,8.29169,2.44189,5.38809,2.15666,8,0.498589,1.19239,1.63158,255.091,20.7067,13.8944,18.546,22.1251,20.8551,10.5511,3.93411,10.0416,7.41307,15,0.429149,0.935561,1.25829,266.43,28.5961,11.7183,8.66528,0.908421,23.9271,12.1916,3.77232,4.31721,1.9704,19,0.386389,0.934198,1.37354,142.668,15.4379,12.8046,24.3281,2.77324,10.9693,5.13344,2.72946,6.31073,3.92966,6,0.489672,1.42634,2.53156,232.786,22.7773,11.0238,84.9173,2.22889,19.0027,10.3689,3.18076,10.6845,3.12528,11,0.551452,1.27751,2.62297,503.093,46.4101,21.9054,16.3291,1.48421,32.6174,16.7139,4.13355,8.74387,1.74104,10,0.451187,1.54036,5.59209,224.995,17.3497,9.27045,14.3443,1.85978,16.3972,10.2127,3.07011,4.42454,1.37952,11,0.476034,1.13991,1.77472,450.982,40.8044,50.569,213.765,7.17889,33.4742,17.8691,6.57198,23.0146,4.72741,18,0.55008,1.31868,2.89275,238.332,21.8736,10.2837,19.605,0.89859,22.6535,10.5481,3.38867,6.90959,1.00754,13,0.493385,1.1672,2.88597,219.817,18.5826,8.47577,19.0734,1.20414,15.5007,10.4983,2.61858,5.56078,0.928773,10,0.441557,1.1937,2.22429,361.999,62.757,19.9016,24.7008,1.53488,29.3543,17.8754,4.44948,8.93783,1.58009,17,0.709194,1.11139,2.62601,365.808,41.7228,18.3228,19.7806,1.63955,27.8216,15.0948,4.67202,8.86072,1.45997,15,0.592418,1.18238,1.86794,417.426,94.127,25.4518,17.8665,1.79775,35.5658,24.4682,5.61989,11.9646,1.90114,20,0.597806,1.17043,2.6119
gr00t_wbc_h074_p000,3963,complete,90,18,12.8677,2.56249,0.0398048,0.0433055,119.96,11.2437,6.48528,9.12902,1.59119,13.6789,7.16366,2.29064,4.5935,2.41267,11,0.364621,0.708159,1.14158,137.928,13.2534,4.73363,13.0562,2.43101,11.9769,5.3552,1.90201,4.50383,3.10987,8,0.503289,1.23204,2.11744,170.068,18.0044,10.9676,18.0556,1.06048,14.6169,9.17186,2.67339,3.341,1.19577,12,0.440734,0.97883,1.60474,195.623,23.8832,9.65762,23.6183,2.19964,16.3367,9.10654,3.0295,7.87785,3.73116,10,0.538934,1.33088,2.52741,324.133,28.866,20.8549,102.635,2.80756,25.075,15.2691,4.25107,11.9151,3.71839,12,0.591051,1.26499,3.82192,195.267,19.5708,8.33308,8.30984,1.08951,16.4231,10.5727,2.46869,3.534,1.22039,9,0.463787,1.21368,2.60356,208.36,17.4162,9.89125,10.8891,1.21333,19.0107,11.0026,3.24429,6.13298,3.29142,12,0.482223,1.16386,2.87921,82.3534,7.66954,7.28323,19.6052,1.8345,8.47312,4.01328,1.58146,5.76925,2.88947,5,0.435294,0.968132,1.49784,201.067,20.4511,14.3027,15.1029,1.00956,17.4887,12.0425,3.12369,5.22016,1.44385,11,0.543367,1.26441,2.30988,287.256,25.2814,18.3924,25.5067,3.16673,24.4333,12.6162,4.35337,6.31197,3.75808,16,0.524317,1.24906,2.5999,269.106,26.538,17.9991,19.7694,1.30147,22.7677,13.5697,3.99695,5.6072,1.75849,16,0.55766,1.12726,1.79273,491.517,76.6642,26.148,24.4858,1.58971,37.1683,22.8259,5.92702,8.99327,2.12545,18,0.53391,1.38676,3.50047,727.104,163.383,46.4504,34.1779,1.55886,53.2589,36.0526,7.79457,12.6527,2.59315,24,0.65291,1.25323,3.81901,333.237,27.4673,33.6026,60.1028,9.151,27.1392,18.9805,5.91138,16.5177,10.6321,17,0.437527,1.12378,2.40127,263.716,31.0494,21.9666,74.5428,1.64173,21.9792,11.6008,4.22555,11.2266,4.01667,13,0.54236,1.17673,2.14345,168.766,17.2689,27.1394,31.1022,7.4929,11.4153,6.633,2.35091,4.09179,2.9094,7,0.538463,1.1661,1.96537,311.104,35.1081,18.5659,21.289,1.70555,21.6242,11.5845,3.6183,6.87728,2.62604,13,0.459135,1.21968,2.70479,419.891,50.9955,21.6933,12.9176,1.16669,29.3375,16.3637,4.48889,7.0772,2.1283,15,0.654695,1.5006,3.18728
gr00t_wbc_h074_p000,3964,fell,85.6,18,13.5812,9.03272,2.19476,2.88901,291.653,27.6852,12.6141,19.0476,1.75683,25.7781,13.3156,4.01834,6.19185,1.46547,17,0.452654,0.989524,1.65109,279.719,23.0939,14.8623,19.3645,1.19056,24.4547,11.8977,3.93768,6.45532,1.1401,20,0.403282,0.891858,1.21873,284.763,36.6955,17.6086,22.9635,1.38417,23.2927,13.3479,4.0953,6.00161,1.15641,18,0.495538,1.03651,1.68664,151.293,16.269,10.7849,48.4374,2.62555,13.2623,8.79624,2.80402,11.1195,3.33494,7,0.547576,1.18396,2.19119,246.944,27.4805,20.2012,80.8249,47.5891,19.9801,10.9834,3.78504,10.5704,11.3207,11,0.49897,1.38836,3.16614,245.579,22.5199,14.782,13.3667,1.6565,21.9712,12.1852,3.49726,5.21554,1.93765,15,0.570942,1.18947,2.03597,311.5,29.6537,16.5031,16.8927,1.49939,28.2434,14.5606,4.56555,6.93957,2.93241,17,0.544371,1.21839,2.21016,300.112,29.4636,14.9923,97.2144,5.06371,23.776,11.9377,4.11243,14.2997,5.18246,12,0.606896,1.37202,3.56855,578.379,62.2318,25.9011,18.0853,0.692062,37.3702,19.4012,5.49846,9.08493,2.31344,19,0.487728,1.42801,3.74183,174.362,17.2957,8.17137,12.565,0.741657,14.7265,7.79089,2.63241,6.17929,1.45849,11,0.442082,1.28435,2.59369,1246.15,61.6092,51.4636,23.5215,4.32436,49.9435,25.771,8.22611,13.7185,7.87506,17,0.555968,1.59515,5.35552,313.589,32.7767,20.66,87.7621,19.2677,24.7118,12.1014,4.56953,19.9258,13.1529,14,0.530989,1.35002,2.84816,178.536,23.0683,8.24829,23.8391,3.37071,16.0867,8.10147,2.55515,7.85747,5.97817,8,0.588005,1.52717,2.40456,320.729,67.0346,65.5627,14.4726,1.68669,26.3399,16.8064,4.84438,7.90545,3.45641,12,0.497424,1.30414,2.85322,512.034,55.1078,19.0546,38.1696,3.46609,35.8339,17.3096,5.47131,11.2974,6.35333,18,0.421501,1.50656,4.72433,333.561,30.9142,18.0956,19.5239,1.98569,25.186,13.5016,4.13202,7.66594,3.49281,17,0.582362,1.28142,2.62188,398.377,45.3032,20.5291,30.9748,1.88455,31.6129,18.9811,4.90745,11.407,4.3149,20,0.529235,1.08508,2.18875,1863.4,81.4758,40.6107,11.9893,0.780716,61.0458,19.6945,7.40967,8.27731,3.82413,2,0.124138,0.529909,8.01852
gr00t_wbc_h074_p000,3965,complete,90,18,7.77472,2.85073,0.00885029,0.0104293,211.805,25.1509,14.5697,18.3463,1.84645,21.2162,11.2818,3.56104,4.92283,1.41704,12,0.49013,1.0934,1.85252,298.974,28.2666,16.6488,22.412,1.53914,24.6186,13.7467,3.95415,5.26797,1.05575,16,0.491827,1.06724,1.78583,151.459,16.1753,7.04959,13.5322,1.18365,11.3014,6.7354,2.01796,3.20804,0.862611,8,0.458767,1.14355,1.94522,215.761,23.9784,10.537,8.98986,1.93391,16.4425,11.9848,2.69497,2.90473,1.3794,13,0.507458,0.977059,1.9392,191.919,20.3858,13.0097,27.8422,1.78182,14.4195,9.57919,2.94478,7.02152,2.70171,10,0.510036,1.08723,2.23732,242.685,19.9812,20.0153,27.9213,2.02214,20.2266,11.2927,3.97748,5.31034,2.52235,15,0.461734,1.07184,2.08348,234.018,22.7323,16.166,20.8775,2.29509,18.3299,12.4912,3.32406,5.27699,3.14287,15,0.516825,1.03272,1.98842,220.716,32.0905,13.6134,25.4495,2.08326,15.9511,9.52663,2.86985,5.97142,3.65354,14,0.459635,0.95087,1.5815,247.698,34.9119,19.4858,15.4122,1.47341,17.7217,12.6535,3.22759,5.49239,3.50447,7,0.571374,1.52464,3.85163,331.797,39.3575,23.3119,36.208,2.88552,23.8901,14.8361,3.82513,5.72954,2.63557,12,0.663726,1.30659,3.26248,209.132,36.665,12.2152,9.07661,0.79756,14.6086,10.4197,2.32624,4.43736,1.75552,7,0.569389,1.27201,3.69014,311.377,38.7608,21.474,14.1222,1.33741,26.958,15.143,4.49452,5.18646,1.74306,18,0.528721,1.16069,2.07966,222.077,28.1351,10.7725,15.5986,0.972475,16.6484,9.45975,3.11443,4.78225,1.50613,8,0.554841,1.68325,4.14953,335.155,35.4688,15.8867,14.9615,1.35982,25.5158,15.319,4.34541,4.53937,1.59747,15,0.529928,1.40544,3.36702,375.955,43.8699,19.2469,15.0028,1.90471,35.3603,16.675,5.55302,5.60202,1.75509,15,0.481884,1.38748,3.22645,162.229,29.3081,12.7423,16.3292,1.45047,13.8439,8.71147,2.94361,4.92975,1.65562,7,0.663533,1.65141,2.64353,359.811,51.2134,23.2635,18.0502,1.34253,29.6383,18.443,5.24575,9.61198,2.02818,18,0.400858,1.22473,2.20396,229.873,23.1808,12.0862,11.7245,0.77977,20.9271,12.1309,3.47029,3.45361,1.191,13,0.466123,1.11643,2.24493
gr00t_wbc_h074_p000,3966,complete,90,18,7.77968,2.43617,0.0214448,0.0220786,304.899,33.2339,15.7603,16.3679,1.27356,29.6321,14.4064,4.72457,7.44204,2.54705,22,0.387714,0.866667,1.4651,211.867,19.871,12.5342,24.0268,1.44402,16.6485,13.6986,2.85755,5.30109,1.87868,17,0.364368,0.837836,1.23078,303.058,25.0181,17.0327,25.0086,0.858501,23.9009,12.247,4.13204,5.14143,1.44716,18,0.53494,1.08711,2.05571,197.607,16.4523,13.2782,24.7872,1.78954,17.7493,10.3964,2.94577,4.61058,1.30723,12,0.475325,1.05675,1.9405,196.211,16.8316,12.703,20.2357,0.877464,16.6856,7.95379,3.16492,5.04148,1.22823,13,0.319063,1.00124,1.58875,240.986,18.8364,16.4934,24.1597,0.953773,20.322,12.2858,3.56534,5.31771,1.13459,14,0.511266,1.10995,1.90548,221.072,23.6689,10.8977,17.7384,1.73584,18.1996,10.0813,3.16649,5.99875,1.28688,17,0.340501,0.862548,1.36823,511.343,87.1077,28.6536,110.8,2.71327,41.7658,23.5024,6.15656,16.1752,2.92765,16,0.523545,1.38943,3.72687,274.489,23.2195,10.6063,14.1684,1.22579,23.3014,11.9244,3.73812,6.16669,1.21852,13,0.575498,1.20452,2.50877,1054.52,71.2631,57.9346,20.2067,1.34936,51.0366,26.4015,7.62934,12.6369,1.88345,22,0.491808,1.31476,4.21358,333.516,41.7345,17.364,67.7837,1.46434,26.2272,14.2779,4.56426,13.0005,2.56604,15,0.65343,1.25137,2.25751,305.318,48.1855,24.5218,10.4013,0.912726,22.6621,12.426,3.62566,6.95666,1.43229,11,0.466967,1.29094,2.92362,324.639,31.7589,14.0649,12.4522,0.700468,26.4541,14.775,4.26654,6.89609,1.03365,16,0.526555,1.18307,1.86344,224.809,23.614,10.9527,15.4845,1.22479,21.1471,11.0381,3.71168,6.20817,1.11862,12,0.467231,1.30983,1.75317,231.001,41.3947,16.8031,21.4162,2.49322,18.9778,12.6047,3.6312,9.9719,2.75895,10,0.563612,1.48804,2.81969,365.953,33.5615,17.4381,19.4745,2.55638,27.5294,15.4338,4.44627,7.52498,2.77739,13,0.490306,1.4381,3.65711,181.216,19.598,11.4983,21.6763,1.59686,15.395,9.36336,2.63154,5.02555,1.94795,10,0.525784,1.36571,2.29949,355.729,30.5952,14.5036,26.0836,0.931244,25.5813,12.6852,3.93433,7.46784,1.43613,11,0.559142,1.44309,4.26872
gr00t_wbc_h074_p000,3967,complete,90,18,12.626,3.19356,0.0127237,0.018971,326.771,32.0731,15.2966,17.1864,1.90444,29.2996,15.1854,4.73217,8.40131,2.981,21,0.418922,0.929309,1.74517,229.051,25.8587,9.64427,20.3096,2.10034,17.1134,8.57596,2.70766,5.11153,2.15205,9,0.587908,1.489,3.06507,251.872,19.1847,20.6155,83.2343,2.42187,23.0856,12.4298,4.42554,13.5842,4.66353,17,0.516427,1.06972,1.75206,191.199,21.4942,20.8061,59.6828,3.95329,15.0257,5.90737,3.16083,11.9048,5.21968,9,0.49562,1.36603,2.79272,306.647,39.38,19.9922,54.5727,2.62127,22.3421,12.4651,3.88855,8.94509,4.07821,13,0.580151,1.3273,2.7141,310.488,34.5727,18.6751,19.2363,1.00348,26.0405,13.1231,4.15081,7.49691,3.01361,12,0.656216,1.53547,2.71503,251.547,34.9592,14.3237,25.2838,1.56661,19.734,10.0277,3.46237,6.93451,2.56369,11,0.671291,1.47812,3.29309,365.568,44.7784,22.4776,26.3459,0.829269,28.6866,17.911,4.79316,8.97661,2.01165,19,0.511544,1.16654,2.3271,232.961,25.1429,15.2563,18.4764,1.46556,20.3084,10.8941,3.3464,6.52298,1.09367,11,0.525415,1.21358,1.89891,333.461,35.9873,14.9903,18.3159,0.623465,26.8801,15.8807,4.30762,7.62668,1.1251,15,0.473103,1.24198,2.45336,448.766,83.8777,25.5359,24.0936,1.47705,39.8422,25.8108,6.14119,11.3091,1.65336,22,0.587341,1.20829,2.57383,274.055,31.8644,23.0864,76.2446,1.94783,20.288,10.278,3.5436,11.9819,2.17548,10,0.460746,1.36013,3.08131,983.491,128.888,70.1492,70.5263,1.83222,59.1733,36.6237,9.28575,18.5854,2.86534,19,0.581557,1.64746,5.30085,678.939,67.1592,28.0459,28.0891,0.913729,46.8938,21.658,7.55194,13.1361,1.70572,21,0.490901,1.83668,5.23865,509.829,47.2214,63.3669,29.8482,1.38739,34.1672,15.3121,5.75132,11.6215,1.49135,14,0.542877,1.67398,5.11606,848.705,89.4224,42.6434,135.791,47.3386,56.536,30.1495,8.28803,19.937,13.0566,22,0.405788,1.40134,5.25002,245.881,36.9122,22.2527,23.5461,1.21112,20.8419,10.6556,3.32376,6.59791,1.14363,10,0.514165,1.25524,2.95063,406.315,41.6581,26.5616,26.2669,0.827759,32.042,13.0037,5.27116,9.43131,1.46269,18,0.568798,1.42809,3.46562
gr00t_wbc_h074_p000,3968,complete,90,18,12.8247,2.98461,0.0597537,0.0722426,103.826,13.1524,7.99264,16.9693,1.52542,12.2924,7.43577,2.11787,5.34386,1.16951,10,0.324902,0.717757,1.02373,184.571,33.1811,9.77804,9.66255,1.11409,16.546,10.16,2.9225,6.78841,1.897,10,0.520499,1.30957,2.30068,268.517,25.1361,9.84074,17.6153,0.906617,20.4798,9.68081,3.25055,5.35634,1.22264,11,0.575012,1.5337,3.21806,226.439,23.7531,15.4521,35.6919,2.58311,19.792,12.9919,3.45179,7.58459,1.76882,14,0.519653,1.08801,2.0425,213.517,20.4683,10.8603,11.1453,2.21412,19.0419,12.1997,3.196,5.83992,1.27231,14,0.415176,0.969885,1.76307,245.178,23.8625,10.6554,14.3808,1.83599,20.6477,11.924,3.34537,6.21072,1.32247,15,0.541947,1.03137,2.01484,269.406,34.7979,14.8857,17.9944,1.61587,22.2635,13.7263,3.3986,7.63589,3.08859,14,0.663817,1.17286,2.40278,185.55,17.653,11.8119,17.9567,1.72171,15.6006,10.3857,2.82492,5.32288,1.60617,10,0.435737,1.00352,2.37377,503.091,109.554,36.4165,82.6257,3.49036,40.064,24.3087,6.87485,17.6438,4.5367,21,0.609019,1.32261,3.49904,280.835,34.1333,13.3821,20.3704,1.99597,20.5765,11.4924,3.30772,7.77425,3.40697,12,0.558171,1.15495,1.87377,242.779,22.6573,9.29691,19.1488,1.45477,19.0178,11.5885,2.96306,5.44484,2.29246,14,0.513873,1.20722,2.27457,1070.53,61.0708,64.0961,28.0762,1.1882,47.2235,22.0362,5.93933,11.8912,1.68065,12,0.661386,1.85931,10.186,165.378,39.817,9.84427,20.0986,1.52272,15.7836,8.83306,2.16415,5.02341,1.48597,6,0.713537,1.23376,2.37942,288.373,27.0873,17.4699,25.322,1.28459,23.7689,12.5181,3.71285,4.77705,1.22624,16,0.591901,1.34752,2.20428,916.642,79.8927,45.3463,25.0312,1.37453,65.8795,28.1458,9.93375,10.3106,3.82141,24,0.517754,1.73564,6.50557,745.852,128.491,37.3352,23.758,2.18598,47.238,26.4509,7.53289,14.2894,7.33413,19,0.538464,1.55533,4.75008,474.542,48.3655,27.0439,20.1625,1.39143,37.8326,18.5763,6.09254,12.1898,5.12331,15,0.67798,1.60621,4.47,450.443,50.1584,26.2041,49.3274,1.69847,30.0054,17.2595,5.2423,9.14858,2.64108,17,0.570946,1.39312,2.71965
gr00t_wbc_h074_p000,3969,complete,90,18,10.0274,2.92313,0.0120091,0.0135165,210.527,28.4017,10.0215,15.4137,1.66339,18.8415,12.5549,3.00025,6.57328,1.79231,12,0.38477,0.987892,2.08683,250.899,22.0795,11.4726,16.9143,2.92281,19.629,11.599,3.17621,6.24105,2.50492,13,0.498374,1.12573,1.96377,61.4017,7.81251,3.54846,20.7355,5.20167,4.32191,2.42311,0.949979,2.12121,1.73521,3,0.329088,0.725034,1.25355,257.211,25.5816,17.0834,28.5163,5.86894,22.1981,13.6718,4.06927,9.26209,6.66623,15,0.510554,1.18009,2.43214,247.015,30.5342,14.5976,36.0031,2.28194,18.4253,10.9783,3.57743,7.33576,4.34809,13,0.541152,1.23954,2.66603,267.033,25.5112,15.0995,19.5559,1.11555,21.9156,10.41,3.86319,5.13762,2.57408,15,0.541342,1.23442,2.16233,257.573,27.8394,16.5619,22.8427,1.42079,20.1553,9.88539,3.43847,5.39391,2.20934,13,0.577907,1.30474,1.98784,237.73,26.3279,22.3575,27.8446,1.00648,22.3512,12.849,3.91996,4.4233,1.53242,16,0.460085,1.11681,1.62583,158.075,15.6347,13.1109,25.9593,4.03657,13.4149,6.38288,2.78215,8.34706,4.73756,7,0.50301,1.42608,2.78345,280.309,45.6888,17.9361,31.4341,1.54596,22.6651,13.6869,3.9681,7.68365,2.62043,16,0.536115,1.12564,2.1082,134.192,9.83359,13.6822,42.9503,7.60313,11.6751,5.68052,2.3406,4.66262,3.131,8,0.457314,0.969644,1.38205,301.276,25.1073,25.0648,35.6723,5.89054,23.9476,15.3569,4.64222,9.33854,7.0115,17,0.52827,1.16903,2.36721,430.56,42.6139,30.8084,21.2177,3.86901,31.3174,15.5103,5.96456,7.94723,4.79332,17,0.594449,1.5086,3.85705,280.456,45.1333,21.4638,19.7443,1.87787,22.5059,13.8744,3.54981,5.56416,4.4133,15,0.70146,1.0407,1.93728,389.83,55.1701,32.2225,72.8034,3.39756,29.8656,18.0802,4.70191,14.0622,4.52789,13,0.596923,1.3275,3.11122,290.307,34.5224,22.2843,22.1938,3.32058,23.663,11.5916,4.15064,8.07991,5.39664,16,0.459607,1.27998,2.26629,412.394,43.0718,28.6715,37.3229,10.9386,33.6213,16.7433,5.97068,13.731,7.39498,18,0.640366,1.42649,3.02463,523.963,53.2335,22.0589,20.0287,6.36436,37.5201,19.5487,5.44547,8.18842,5.21877,20,0.578799,1.2054,2.46592
gr00t_wbc_h074_p000,3970,complete,90,18,7.52279,2.4077,0.208014,0.26787,224.249,39.4829,9.74388,18.8418,1.47033,18.5507,10.9871,2.91477,5.63597,0.970224,11,0.292748,1.12241,2.34338,184.357,16.5448,9.57509,16.8242,1.72378,16.0626,8.58831,2.60609,4.14882,1.14467,11,0.503717,1.16625,1.77859,324.552,39.0243,15.486,29.1543,2.17695,25.755,17.8512,3.89353,7.89597,2.28587,19,0.482038,0.9728,1.75122,276.488,28.7484,22.5639,44.5,1.82985,23.6035,14.6727,3.80006,5.9329,1.55734,15,0.519392,1.18339,2.08445,348.477,40.1151,14.0301,16.9176,2.15391,25.9264,13.7879,4.28173,5.74943,1.80255,16,0.623893,1.25607,2.51541,252.045,27.5045,21.7832,33.6336,3.03367,20.5418,12.9982,3.50869,7.86371,3.50036,15,0.456666,1.07482,1.7897,236.172,21.4273,12.4051,14.429,1.31513,20.58,11.404,3.66703,3.92994,1.18848,12,0.544946,1.22841,2.26408,427.097,36.5363,20.5388,30.9856,1.24563,29.6363,15.3206,4.54924,6.75551,1.49717,13,0.515846,1.49578,4.43832,410.754,40.1501,15.8181,21.9848,1.41244,30.0203,14.6415,4.75017,6.1453,1.35867,19,0.537875,1.12338,2.72105,451.048,74.1026,18.205,20.9127,1.25193,27.6752,17.9516,3.83323,6.23699,1.38723,7,0.758404,1.83307,6.8095,257.59,21.1573,21.2479,40.6831,1.25133,19.2074,10.0827,3.76146,7.30383,2.05371,11,0.530568,1.18927,3.65976,279.162,23.5425,15.2271,21.5775,0.575314,22.6355,14.2603,3.59738,5.53966,1.4473,13,0.503902,1.1896,2.52035,250.886,38.5502,17.361,22.4439,1.15197,20.2642,13.5009,3.79407,6.13366,1.96315,13,0.55797,1.20802,2.20582,212.984,21.7365,16.1178,20.0077,0.833799,14.4868,8.65188,3.24142,5.41884,2.37162,12,0.359038,1.06041,1.98862,458.158,52.6151,31.4186,48.2124,17.2965,30.5272,19.4245,5.32841,14.953,12.5807,17,0.549884,1.36498,3.62678,208.931,47.0286,23.4053,22.9754,1.41688,17.4339,12.544,3.54921,5.9775,2.21578,11,0.516163,1.27035,2.46066,364.119,56.3981,29.7213,18.4194,0.964222,28.1303,16.0646,4.99685,8.61687,1.98027,13,0.637531,1.48904,3.95391,738.519,79.8442,36.948,32.1473,1.53135,51.1139,23.6603,8.19009,15.5466,4.13068,19,0.624829,1.7061,6.42279
gr00t_wbc_h074_p000,3971,fell,70.9,15,51.0496,10.3802,2.15579,2.4983,184.315,19.8643,8.29311,13.255,1.43105,16.6405,7.90244,2.69292,5.93941,2.1261,10,0.422571,0.940225,1.38613,213.557,21.7037,8.62263,21.9576,1.96242,15.5781,8.32239,2.40935,4.84385,1.04486,8,0.588544,1.37557,2.905,179.032,21.5863,8.7494,17.3609,1.37615,14.4006,9.41949,2.65014,4.48564,1.10025,11,0.613032,1.18398,2.61483,185.555,20.6676,12.3964,43.2956,2.10001,14.6651,7.61526,2.28737,5.7684,1.91033,10,0.457666,1.05589,1.59516,235.472,19.8547,15.4863,20.3103,1.61302,17.6356,9.49792,3.46669,5.66882,1.27658,11,0.513919,1.24676,2.6861,118.608,10.6558,13.9362,19.9189,1.18938,10.5218,6.56496,2.11358,4.88489,1.52639,8,0.406786,1.04035,1.90204,203.888,22.8744,16.0597,25.6283,0.972753,17.2808,10.9326,2.87284,4.40477,0.906848,13,0.425644,1.01493,1.41143,212.092,26.1736,15.8801,15.6223,1.29402,17.8084,8.11469,3.11823,3.95004,1.57879,9,0.625796,1.3931,2.45407,279.769,34.5103,92.7728,137.164,11.2075,21.6306,11.8236,6.31669,28.2647,8.63629,10,0.439038,1.25196,2.87969,212.935,31.0545,20.4426,12.155,1.10155,17.3567,9.58688,3.21952,3.43888,1.49542,9,0.57644,1.28024,2.22122,247.668,29.3316,50.6034,28.0345,2.29207,18.8285,7.78031,4.58867,9.30916,3.74544,10,0.586898,1.55436,2.792,414.809,94.8736,36.9097,19.8645,1.39957,33.4031,24.9184,5.88125,10.55,4.83247,26,0.540895,0.922512,1.94789,238.288,27.492,20.0077,15.2376,0.878536,19.2401,11.3353,3.25596,4.9753,1.86276,10,0.597518,1.49412,3.2372,3550.33,385.944,136.656,133.391,4.50058,160.661,86.4706,21.5359,32.8114,9.89505,16,0.648831,1.93507,24.7314,2518.52,388.121,98.48,41.32,35.0997,70.3125,33.2392,13.9394,15.0888,9.43816,2,0.596127,1.41107,2.06314,,,,,,,,,,,,,,,,,,,,,,,,,,,,,,,,,,,,,,,,,,
gr00t_wbc_h074_p000,3972,complete,90,18,9.67857,2.64988,0.0148198,0.017674,132.146,16.5554,6.95752,13.1046,1.46554,14.5047,8.04796,2.43534,4.36858,1.18605,9,0.398022,0.945963,1.6621,269.131,25.2512,11.9263,13.5915,1.38664,20.4643,13.9158,3.46435,5.9552,1.29322,12,0.64493,1.2569,2.21443,225.239,23.7738,10.9441,19.1888,1.45341,16.6122,9.43908,3.06989,5.69654,1.0853,11,0.550522,1.1748,2.58083,299.716,43.3366,15.4904,20.962,1.77816,23.6195,13.5936,3.66505,8.69698,3.59662,10,0.583198,1.45022,3.86323,243.152,18.1882,14.3051,16.9378,1.13261,20.1424,12.6315,3.66872,6.26638,1.54995,13,0.584219,1.29041,2.57593,328.879,44.2315,15.2793,34.7255,0.829227,25.0891,13.8166,3.80278,7.40405,1.85635,13,0.602797,1.41271,3.16993,258.916,22.9578,15.1928,17.7675,0.893337,20.6868,13.2556,3.68758,5.83362,1.95402,14,0.561366,1.34044,2.47421,295.209,27.3472,15.747,19.5836,1.01995,23.1437,14.2,4.06742,6.78607,2.90163,17,0.531732,1.12996,2.09686,119.331,24.3962,10.7617,23.731,1.77362,10.5096,6.41759,2.02112,2.99739,1.46474,6,0.553067,1.37223,2.5939,202.973,41.138,17.7644,44.9225,2.0024,15.7669,9.99949,3.1266,7.82418,4.03612,10,0.583415,1.30035,2.44737,287.215,34.8328,20.4748,12.6082,1.80945,23.6977,16.4638,4.25925,3.99596,1.97607,14,0.634937,1.35212,2.71214,341.415,33.948,19.3963,12.977,0.86924,27.544,16.4178,4.6904,8.31818,2.10723,17,0.593563,1.25711,2.9339,189.518,20.6937,11.8528,19.1055,1.46381,14.6918,8.67731,2.76386,5.17561,1.82744,10,0.545111,1.15097,2.29214,539.695,117.288,40.2821,28.6823,1.43833,41.0058,30.5383,7.068,13.0905,5.26999,29,0.560205,1.04603,2.38779,448.014,115.857,36.7755,22.2361,2.16363,34.8866,26.0171,6.96508,11.6563,4.46998,16,0.601781,1.40543,3.7741,324.059,34.0952,22.1896,32.6102,3.54174,25.0125,15.0617,5.04762,14.7037,5.46663,18,0.483211,1.09617,1.90355,327.968,48.2645,21.7827,14.8944,0.953068,23.9845,15.2979,3.76249,6.78933,1.74647,19,0.428968,0.919121,1.91726,337.604,36.6104,31.0922,211.056,81.5452,21.3319,14.1906,3.88525,15.9147,6.45518,10,0.403697,1.45654,4.1688
gr00t_wbc_h074_p000,3973,complete,90,18,10.6768,2.5288,0.0245284,0.0250937,241.133,22.9674,13.473,17.5347,1.55758,22.9873,13.6944,3.94324,5.75988,1.11359,17,0.447066,0.975694,1.60717,92.7405,7.66796,6.35263,19.2285,1.06861,8.96286,5.31596,1.57597,3.08403,0.797472,7,0.367906,0.871243,1.05036,299.603,22.1721,15.4215,23.2336,0.96456,24.0139,10.9727,4.18724,6.2761,1.10368,17,0.464435,1.06436,1.66649,226.858,29.6423,13.9555,28.9052,1.3043,21.2788,11.6682,3.21602,6.91866,1.44366,12,0.535314,1.2477,2.25195,117.122,10.9255,5.49599,15.4539,1.13462,10.8517,5.62991,1.7513,3.53326,0.916512,7,0.478909,1.16089,1.74151,439.536,53.4948,22.121,52.2723,4.2398,33.9194,17.6301,5.31775,14.5586,6.3553,17,0.579324,1.25361,2.74299,336.454,39.4182,12.9892,19.1788,1.16521,23.8849,12.0798,3.46045,6.43658,1.84774,14,0.560448,1.07671,1.72634,212.459,24.1614,17.4467,60.8308,23.2107,16.5721,7.50517,3.37053,16.1516,12.7867,9,0.530158,1.26095,3.23166,257.775,24.0699,11.8456,18.6133,4.02349,21.0944,12.2342,3.41308,6.43625,4.42973,13,0.556872,1.26966,2.27187,309.666,62.9139,17.5829,15.9445,1.03047,25.1048,16.0305,3.84853,5.35467,1.64892,14,0.677465,1.21577,2.3502,288.206,28.6729,14.8714,20.3194,1.39769,21.1256,11.9455,3.31629,5.0729,1.77646,9,0.555142,1.80318,4.73725,263.263,39.4364,26.7787,88.5471,2.86428,20.5825,13.9307,3.77483,11.1542,2.75227,14,0.502707,1.17302,1.68197,404.782,34.7065,28.7949,48.5511,31.4925,32.0282,15.2265,5.57551,11.3927,7.75755,17,0.499608,1.32993,3.364,303.821,33.7474,24.9384,33.3759,1.24561,23.8481,14.0296,4.32482,5.85641,1.19941,14,0.418949,1.04939,1.94242,498.267,50.1615,33.3748,32.9058,1.14727,36.0013,16.6858,6.51079,8.44566,1.47173,24,0.452105,1.24903,3.09288,517.022,63.1168,29.6372,29.1691,1.26673,31.1771,18.0906,4.60188,7.40327,1.97411,17,0.472329,1.0794,2.78777,179.689,20.8306,9.33289,26.2097,1.57871,13.4281,6.27078,2.10018,4.20948,1.40417,12,0.418624,0.839463,0.872793,408.453,43.0558,15.5951,19.7071,1.69492,30.747,17.2526,4.47286,8.66966,2.42703,15,0.562261,1.42371,3.41943
gr00t_wbc_h074_p000,3974,fell,81.14,17,16.2357,11.9517,2.76381,4.01528,191.259,18.0807,11.6947,25.0798,1.37905,18.3837,9.97967,3.10135,6.48021,2.64382,16,0.338488,0.733971,1.18906,321.482,31.8313,16.5532,17.4419,1.72553,27.1088,16.5782,4.31409,7.13964,1.4185,18,0.480166,1.11694,2.15126,261.76,28.7664,18.2332,36.674,1.62342,20.2333,11.8626,3.30336,9.23167,1.84882,12,0.47754,1.21794,2.63983,196.629,20.9461,8.85365,14.3721,1.51424,16.1427,11.3052,2.68591,4.49656,1.04573,13,0.422147,0.853619,2.12785,211.064,21.53,10.502,12.6881,0.799528,18.2835,11.6672,2.92741,5.35706,1.01124,13,0.493346,1.06305,1.89804,220.536,18.8834,15.3141,25.0167,1.45496,18.85,12.0215,3.36042,8.12428,2.11442,15,0.436752,0.987081,1.75899,165.763,19.1828,12.5846,14.6368,2.6258,13.7489,8.93385,2.78893,7.6253,3.96704,11,0.415004,0.937496,1.76576,304.704,25.8924,23.254,15.7088,1.02446,23.2358,13.559,4.35397,8.17727,2.09088,18,0.401613,1.01146,2.28087,248.11,25.4068,12.545,12.2634,1.2195,18.2014,11.7474,3.15827,6.44561,1.74044,11,0.566304,1.28015,3.00489,281.359,29.2645,14.7644,18.2483,1.2157,24.3382,14.9789,3.903,6.48836,1.90742,16,0.546144,1.18406,2.48661,126.573,21.5453,10.8154,19.2828,1.14801,10.9548,5.8268,2.07027,5.69751,1.37453,6,0.560585,1.32572,2.72912,319.792,37.4697,16.582,20.8292,1.1797,26.46,15.8667,4.16358,6.63996,1.16663,19,0.528741,1.10131,1.96885,353.266,59.5739,22.2966,28.0557,1.77645,29.394,16.8373,4.88658,7.11292,1.28673,12,0.548614,1.37164,3.51726,237.629,24.1541,15.3798,27.252,1.43737,20.1739,11.9075,3.48593,5.04587,0.971479,10,0.613039,1.52563,3.25651,457.897,59.5299,26.9854,27.1285,4.51108,31.1531,16.9633,4.50943,7.66473,2.51192,10,0.504343,1.74164,5.80604,304.968,24.8717,20.8304,35.3401,1.97575,23.846,12.0792,4.59661,6.40153,2.70958,16,0.492403,1.14993,2.10814,2166.39,169.451,90.4676,77.2602,7.87754,80.0113,33.1056,10.2241,20.0762,6.44886,2,0.475117,2.41288,63.9941,,,,,,,,,,,,,,
gr00t_wbc_h074_p000,3975,complete,90,18,8.63615,2.72976,0.0157219,0.0234573,208.352,22.0432,10.7344,12.3173,1.30574,19.5478,11.0462,3.21758,4.96039,1.02721,13,0.486695,0.914119,1.59463,142.666,13.5925,6.56796,15.0666,1.49981,11.6952,6.6445,1.91102,3.76801,0.99928,8,0.496111,1.10299,1.90382,327.064,30.1248,14.508,19.2226,1.01486,26.3965,13.2004,4.34655,7.34154,1.23012,18,0.496458,1.23129,2.49823,257.585,24.1025,14.3898,48.8655,1.95722,20.0443,9.64159,2.90719,7.9661,1.59462,12,0.467291,1.1256,2.25749,331.842,33.2462,14.5013,23.0829,1.59453,25.7336,12.0372,4.28737,6.83365,1.35881,14,0.568862,1.33801,2.61669,740.188,41.448,39.9526,21.6986,2.07212,35.4235,17.6339,5.3852,10.6184,3.44153,18,0.443335,1.21273,4.11094,88.2983,8.87633,10.407,17.5864,1.06219,8.23166,5.08141,1.61078,3.43429,0.959521,6,0.432883,0.94839,1.58726,257.106,40.0541,20.8229,22.8063,1.41647,24.1729,13.8605,3.76337,6.94775,1.53586,18,0.468284,0.914749,1.63733,1639.17,161.937,85.1328,52.7784,1.86974,80.2902,38.9926,11.5843,17.5754,3.59596,19,0.642986,1.48202,11.8557,274.686,35.132,15.7623,20.4058,1.09235,18.5073,9.65892,2.72157,6.29798,1.43361,8,0.437117,1.26627,3.10331,274.074,38.8688,17.457,22.4135,1.16496,24.0821,13.4257,3.98069,7.9283,1.29134,13,0.52558,1.34538,2.78475,132.154,29.9454,9.78207,18.7315,0.93609,10.2293,6.60172,1.81855,3.26513,0.811656,6,0.569279,1.21315,1.88589,225.972,23.4673,14.0518,21.8754,2.06477,15.3356,7.66977,2.58743,3.94083,0.953227,8,0.442023,1.64649,3.93271,759.235,47.3621,34.3881,17.722,1.62227,35.7408,15.0616,4.43765,6.19559,1.78408,11,0.475034,1.55518,8.87456,326.949,30.066,16.701,24.4708,1.64048,25.1675,11.5156,4.18034,5.36292,1.54883,13,0.533047,1.44383,3.28995,682.412,67.8723,54.761,129.119,20.18,37.0535,19.6104,7.16895,20.3935,8.10885,16,0.464743,1.5419,6.14217,305.683,27.2903,12.2822,20.0514,1.35193,21.645,11.3911,3.54345,4.27875,1.32798,13,0.569243,1.26843,2.53356,359.583,40.7133,36.0242,141.929,3.84923,28.2101,17.1071,4.69016,10.8961,3.61792,15,0.580495,1.13714,2.59852
gr00t_wbc_h074_p000,3976,fell,80.62,17,14.999,9.40456,2.34384,4.36802,182.882,15.0822,8.34529,16.1487,1.38113,17.2659,9.56536,2.74107,4.55226,0.996238,12,0.439413,0.929675,1.74292,276.48,23.7998,14.149,22.8997,2.26935,23.2673,10.8806,4.00015,6.46437,2.98831,14,0.569315,1.28493,2.19905,168.187,16.3748,11.4358,14.5408,1.35236,13.2198,6.95084,2.52166,5.93881,4.1745,11,0.437262,0.994821,1.24859,239.305,24.8938,10.1277,6.31889,1.92146,18.7685,8.97502,3.03705,5.2193,3.25586,15,0.404797,0.918253,1.27342,127.554,14.4675,13.7174,10.3293,2.1658,10.7593,7.74377,2.1147,5.53932,4.01052,6,0.613217,1.26204,2.11615,264.176,57.1161,16.9172,19.6828,2.91037,22.2512,14.3531,3.69117,8.49152,4.76472,13,0.526833,1.29057,2.47119,210.245,60.0398,18.3547,30.3966,5.47172,16.3827,12.3466,2.90316,6.14346,4.04662,11,0.512754,1.14433,2.23378,395.213,47.909,20.4681,21.0074,2.50089,30.9211,16.8282,4.95753,9.68423,6.58089,18,0.553228,1.28234,2.58006,319.382,38.9154,17.8224,62.4537,2.99318,26.3509,16.831,4.22362,12.9142,6.58274,17,0.325953,0.87803,2.46984,106.727,12.378,6.85034,18.2407,4.66156,9.12542,4.50941,1.54146,3.91886,3.32539,6,0.525112,1.17279,1.61959,232.983,32.0529,15.5199,25.7173,2.34859,20.0189,10.56,3.73921,4.61558,2.82984,11,0.53256,1.24713,2.10039,850.689,198.751,46.5227,29.7712,1.27707,55.272,41.3776,7.93205,9.15185,2.75956,24,0.619774,1.16658,3.94862,456.496,46.111,24.9031,22.9215,1.13191,33.6269,22.1306,5.03452,7.13926,1.35426,20,0.483605,1.16858,2.71417,311.889,40.8144,19.8871,16.6909,1.36036,25.2384,12.0647,3.97809,6.58875,1.8127,16,0.444371,1.03066,2.03886,467.833,66.1779,25.4269,27.3736,2.05936,35.3468,21.932,5.51695,8.16348,3.47277,18,0.538372,1.34106,2.85167,212.72,27.0474,12.2762,15.7764,1.34913,16.3712,8.20802,2.88111,5.6632,2.63744,10,0.553566,1.26064,1.74893,2548.39,70.2526,110.536,191.943,178.334,56.9229,10.854,9.21029,23.7441,14.1313,1,0.20459,0.538653,0.348267,,,,,,,,,,,,,,
gr00t_wbc_h074_p000,3977,complete,90,18,10.7486,2.68901,0.0105843,0.021896,153.599,15.8686,7.38903,11.1817,1.47597,14.6208,8.40281,2.37112,4.84233,1.18187,9,0.393227,0.911005,1.93002,187.354,19.9832,8.30149,12.2769,1.46165,15.2205,8.70144,2.63724,5.86688,1.28774,10,0.581155,1.27362,2.73639,175.627,22.6358,10.1908,33.8852,2.29237,13.5006,10.8322,2.64176,9.18303,2.88455,9,0.655795,1.13621,2.43917,233.152,20.622,10.9107,26.0723,2.15786,19.0149,12.4201,3.53413,7.92075,3.05201,12,0.54897,1.20989,2.83322,272.966,23.261,14.8832,51.1006,5.13742,20.1798,13.9488,3.27517,8.5539,6.99263,11,0.480564,1.10083,3.60928,394.347,38.4753,22.923,34.8374,0.755078,29.7932,19.6142,4.72634,6.62865,1.91225,15,0.576837,1.29857,3.9327,251.77,23.0466,11.445,20.7018,1.27556,19.6245,11.7528,3.16403,4.08746,1.13278,12,0.496653,1.23498,3.01558,341.76,24.8062,27.9266,69.7822,12.4632,27.8995,15.6125,4.95689,13.1451,7.86562,21,0.456251,1.10313,2.36354,114.14,15.1379,7.72189,19.2276,1.72883,9.26023,6.01622,1.85298,4.21845,3.29821,6,0.416705,1.02548,2.03639,290.154,26.2155,18.7533,26.9657,1.17756,26.2498,15.4562,4.35356,6.93492,1.69356,19,0.454175,1.05915,2.15238,321.297,27.9635,12.22,19.8668,1.60509,22.6194,12.9896,3.59807,5.82553,1.24162,15,0.576377,1.09937,2.77466,366.075,78.7175,19.7703,27.3574,0.996017,29.44,18.4875,4.6888,8.97322,1.54271,13,0.639136,1.35154,3.48404,447.249,45.8712,75.7984,72.1173,1.90044,32.2279,17.1089,5.73611,15.2185,3.8567,15,0.499152,1.36643,4.12405,261.696,26.2737,12.7705,24.7544,0.668922,19.9484,11.8545,3.46427,5.64407,1.18175,13,0.559063,1.12167,2.34183,298.095,35.5236,21.174,27.6362,1.33575,22.6811,14.0322,4.06572,7.26436,1.70568,15,0.597107,1.18315,2.46397,192.283,20.0408,12.4128,24.0535,0.674561,14.3813,8.61173,2.58862,4.72744,1.09607,11,0.403844,1.02692,2.1012,190.943,21.0176,10.8006,25.2752,2.45218,15.8889,10.1776,2.90294,4.37096,1.32754,10,0.632645,1.2371,2.92606,322.642,41.7653,18.3562,26.7985,1.66555,25.4357,14.9744,4.26776,5.83767,2.30992,14,0.518513,1.31761,2.81506
gr00t_wbc_h074_p000,3978,complete,90,18,10.6378,3.09111,0.13868,0.158249,235.503,26.2567,9.72282,6.72462,1.36301,20.2512,10.3949,2.98148,6.53114,4.17925,11,0.487345,1.0648,1.59625,268.873,28.1403,12.2954,13.4293,1.51074,22.3277,13.1508,4.0689,7.18314,2.54918,15,0.519909,1.29769,2.31448,331.748,47.8186,18.2259,27.3673,1.18388,24.6559,14.4499,4.08096,5.22056,2.08625,20,0.488774,0.8968,1.76442,233.071,23.0741,16.4425,15.9599,3.36299,19.9987,11.6323,3.47501,4.07006,3.13033,11,0.556308,1.44439,2.59792,262.904,21.0791,17.5515,28.649,2.69562,21.928,10.5655,4.26961,10.1609,5.2176,16,0.50979,1.09004,1.86482,373.15,44.1917,19.4975,18.6773,3.66834,30.0939,17.2476,4.48724,6.94518,4.50687,14,0.540788,1.17506,3.29625,200.628,42.3266,20.9385,68.906,15.3725,17.3302,9.71338,3.17878,8.95546,5.30036,11,0.559594,1.4223,2.87507,1971.42,121.293,103.793,33.1765,8.5281,80.8021,27.7979,11.2266,17.3075,9.65043,11,0.536711,1.65875,20.1431,202.703,35.6075,12.5488,18.6859,1.87027,18.4077,10.2149,2.84823,4.70864,1.42979,9,0.642371,1.38682,2.70645,232.413,35.646,16.1455,32.436,3.80589,18.977,10.0118,3.31597,5.41665,2.14796,15,0.511254,0.899733,1.4226,691.188,131.597,45.0021,34.6688,2.49161,39.0427,25.8255,5.59438,14.948,5.58539,9,0.484255,1.78307,7.45091,301.592,41.1115,24.4845,10.4955,2.71668,25.1899,13.0222,3.95692,4.49339,2.80276,15,0.44912,1.07716,1.97864,347.715,59.9479,20.5437,10.9114,1.28943,27.8665,17.8099,4.27647,5.95933,1.83495,16,0.446813,1.3301,2.5924,299.657,47.8143,20.62,44.117,2.01715,24.7145,13.229,4.72317,14.7345,3.98643,13,0.443352,1.45049,3.2559,398.146,104.467,22.9565,20.4352,1.65907,31.3092,20.8399,5.4107,9.63197,3.78196,13,0.663193,1.54419,3.65163,715.081,93.9189,35.6621,25.2408,1.71554,38.2525,24.4627,5.92895,11.6077,5.25948,14,0.390369,1.45503,4.78227,416.037,45.0127,27.1528,64.0765,23.1912,32.9373,14.0154,5.73122,15.6722,12.1396,19,0.578835,1.48028,3.35577,344.415,92.6607,24.9089,37.3367,0.917961,27.0603,18.694,4.61937,8.35148,1.75988,10,0.532462,1.64271,4.22231
gr00t_wbc_h074_p000,3979,fell,80.78,17,10.9674,9.69424,3.1057,3.79089,197.109,17.7919,10.8552,17.5343,1.05919,18.7843,11.4134,3.26443,5.65207,1.99864,13,0.45617,1.02404,1.70086,240.283,24.1889,13.3158,16.3491,1.79003,20.9122,11.7739,3.60675,4.72518,2.3027,14,0.553629,1.12438,2.47671,243.741,22.4006,11.8238,37.6616,6.34727,18.8253,9.34192,3.31561,6.35693,3.19349,11,0.541604,1.48955,2.94354,278.246,27.6171,11.2257,9.49642,1.96945,21.4658,10.3531,3.65071,4.10198,1.87821,13,0.532163,1.32279,2.8442,201.84,21.0745,9.38923,9.69577,0.867861,17.4461,11.428,2.736,4.95339,1.67596,9,0.582033,1.38612,3.12609,265.281,23.0529,11.168,17.6379,2.57062,20.6704,9.44688,3.71152,8.18931,4.05764,14,0.488996,1.1926,2.72609,227.448,33.0841,12.1173,26.9804,2.30347,19.777,13.3478,3.49313,8.08913,3.60093,10,0.646292,1.46245,3.41937,291.308,31.9764,19.8759,23.2871,1.6635,26.4489,13.6917,4.94405,11.3325,3.44976,19,0.507428,1.12504,1.89894,232.351,21.1792,11.7586,19.5116,1.10606,18.7508,9.96307,3.54023,7.65921,2.34052,13,0.507729,1.17117,2.07206,358.667,62.5994,23.2309,30.953,1.29071,27.9106,17.2074,4.62506,6.53544,1.32557,14,0.649785,1.35262,3.41318,190.627,15.7167,13.7873,21.1163,0.670704,15.1071,8.3998,2.86748,4.8711,1.4828,9,0.581885,1.2299,1.6905,333.238,33.3613,25.8546,21.3244,1.18221,27.0521,12.1932,5.49666,8.03922,2.62437,16,0.564263,1.40222,3.21286,276.562,32.3761,24.4224,11.2839,1.25581,24.0034,12.663,4.65041,3.92382,1.80282,14,0.56057,1.45284,2.13725,750.573,53.8987,48.0538,15.2014,2.06806,33.7393,17.2304,5.89441,6.9882,2.62253,16,0.552885,1.31206,3.94753,352.113,31.923,32.3689,10.8248,1.22634,26.4355,12.9098,5.23131,4.7444,1.67016,17,0.484152,1.23878,2.13678,143.894,15.085,12.7567,13.2026,0.661413,13.2828,7.87352,2.34049,3.53016,0.86032,8,0.456783,1.31361,1.84964,1503.99,54.0041,41.4749,16.8237,0.876083,38.4556,11.9348,4.6462,8.56501,2.91496,3,0.311806,1.16761,1.32928,,,,,,,,,,,,,,
gr00t_wbc_h074_p000,3980,fell,25.9,6,22.3064,20.8259,2.67603,3.84196,320.865,40.4114,14.3797,16.9463,1.3613,27.2265,15.8068,4.25409,6.53002,1.16479,15,0.429606,1.19009,2.63032,246.919,19.3392,16.5924,37.7598,1.63485,21.9163,13.1762,4.04182,6.7035,1.27671,19,0.42763,0.942672,1.37776,381.396,39.1839,20.7897,33.8817,1.73295,32.0285,21.0068,5.16527,9.89636,1.62257,20,0.483325,1.0938,2.43147,158.664,18.159,8.78247,21.8487,1.04206,13.3378,8.58459,2.16653,4.34589,0.780693,8,0.512686,1.20616,2.23956,320.886,32.3505,14.3086,18.7509,1.03707,25.985,14.7953,3.91362,7.69192,1.0941,15,0.499939,1.18052,2.31946,482.761,27.0525,6.4473,7.83464,0.168555,16.4959,8.12829,2.55727,3.71073,0.475729,5,0.0872566,0.927369,2.98659,,,,,,,,,,,,,,,,,,,,,,,,,,,,,,,,,,,,,,,,,,,,,,,,,,,,,,,,,,,,,,,,,,,,,,,,,,,,,,,,,,,,,,,,,,,,,,,,,,,,,,,,,,,,,,,,,,,,,,,,,,,,,,,,,,,,,,,,,,,,,,,,,,,,,,,,,,,,,,,,,,,,,,,,
gr00t_wbc_h074_p000,3981,fell,40.9,9,14.1219,13.6451,2.7326,2.81692,215.373,20.9637,13.346,22.3526,1.71607,22.1378,14.0031,3.65943,5.67912,1.10735,16,0.430158,0.925901,1.63957,150.795,16.8851,8.85304,16.0618,1.45665,12.0543,6.29995,2.03898,4.15342,0.992214,10,0.386333,0.848679,1.21019,353.632,35.4309,23.7201,29.2594,2.23602,27.3475,17.0274,4.66893,8.12177,1.97438,19,0.469516,1.09598,2.17727,265.677,23.0156,9.0171,19.0924,1.28292,19.61,9.64023,3.18352,5.25683,1.3681,11,0.484315,1.25414,2.8556,211.402,21.1022,10.2347,18.6799,0.842934,16.2743,12.2208,2.48501,6.22122,1.10216,13,0.431777,0.955362,1.83929,126.825,12.059,5.62385,9.88953,1.506,10.3039,7.00593,1.5264,3.07337,0.746563,8,0.392269,0.844874,1.67928,378.551,36.2555,19.2578,44.8895,1.4243,28.2214,15.9192,4.68386,10.5171,2.08481,18,0.455553,1.16661,2.95692,619.235,81.5375,25.5968,30.6618,0.989941,41.7512,21.8863,5.88882,7.18396,1.51581,20,0.63823,1.3081,3.39112,1476.32,96.5551,37.193,17.8743,0.350236,46.6996,26.4649,5.44129,5.99896,1.06399,6,0.422971,1.08328,6.39139,,,,,,,,,,,,,,,,,,,,,,,,,,,,,,,,,,,,,,,,,,,,,,,,,,,,,,,,,,,,,,,,,,,,,,,,,,,,,,,,,,,,,,,,,,,,,,,,,,,,,,,,,,,,,,,,,,,,,,,,,,,,,,
gr00t_wbc_h074_p000,3982,complete,90,18,12.855,2.34107,0.034474,0.0440679,168.427,21.949,9.01681,10.5389,1.74977,16.1538,9.36078,2.83255,4.77892,1.17275,11,0.394603,1.04458,2.15703,280.447,27.0757,17.8985,26.0456,1.71236,24.1956,13.1236,4.06282,5.51216,1.2615,19,0.476671,0.946762,1.83553,228.854,24.2321,11.5686,24.811,1.44492,17.3295,9.44602,2.59864,3.78321,1.09708,13,0.441425,1.00979,1.59095,273.752,30.7743,15.9369,26.7071,1.69774,18.6224,9.03728,3.4331,6.1839,1.71502,11,0.480138,1.46894,3.98802,270.013,25.1212,15.5529,25.7238,1.62236,19.7903,9.09511,3.43887,5.69101,1.56969,13,0.588744,1.28248,1.97946,278.396,39.5548,18.627,32.8732,1.15967,22.2711,13.0608,3.82884,7.02576,1.8785,15,0.454681,1.12863,1.84457,218.318,28.4617,12.6314,23.8671,1.13014,16.9351,9.11503,2.80598,5.71839,1.38198,8,0.594248,1.60947,3.74225,373.061,39.5275,22.1685,29.7154,3.11177,28.518,14.3903,4.77489,7.66807,3.26895,23,0.496793,1.07829,2.02069,337.428,39.6156,17.6353,25.0054,0.921162,28.2386,15.2221,4.39188,6.34804,1.98351,16,0.596337,1.22243,1.79666,127.004,20.8819,16.3956,29.4649,1.7625,10.6874,6.85025,2.07785,5.29336,1.85868,9,0.570866,0.857588,1.26224,345.673,40.5053,21.2532,33.7688,0.965591,26.8004,17.5846,4.37963,5.55919,1.1045,21,0.377965,0.996748,1.53494,652.59,63.823,34.4168,37.5853,1.76046,43.0735,21.2458,5.64291,8.33059,2.96884,17,0.88445,1.38829,5.04024,274.634,47.0512,17.9792,22.3486,2.4854,20.0904,11.7308,3.28609,7.46729,5.12746,11,0.514694,1.19096,2.35742,262.126,27.1339,82.2486,31.2307,22.1356,19.3639,8.85803,5.13168,14.4631,10.905,12,0.606583,1.2313,2.20609,313.989,35.9895,23.3407,11.0691,0.931622,23.3094,12.1122,3.96931,3.95397,2.18429,14,0.628178,1.45486,3.14065,208.819,20.2242,18.6627,16.2992,3.22308,18.82,9.71381,3.58456,4.4868,2.9121,12,0.48746,1.30017,1.99375,327.579,32.4238,15.7028,11.1248,1.3376,25.0076,12.4516,4.24423,5.1507,2.41952,14,0.61473,1.37627,2.98856,456.031,41.7058,23.4098,24.2199,1.37484,31.6202,13.7369,5.6772,9.38716,2.26384,18,0.549611,1.48463,4.02253
gr00t_wbc_h074_p000,3983,fell,31,7,12.1813,26.3656,2.45421,3.62157,320.622,32.7014,14.1945,21.3734,1.75609,27.2322,15.9151,4.45166,7.48307,2.64372,18,0.454665,1.06358,1.95214,136.669,14.5299,9.09865,15.95,2.11213,11.6534,6.70883,2.07607,3.58973,1.65741,8,0.549497,1.14078,1.86196,224.166,19.1631,14.8441,34.5162,1.35835,18.7295,10.8928,3.38504,6.53182,1.68868,17,0.473358,0.890794,1.59135,246.583,18.9703,11.1351,23.7617,1.11035,18.7268,10.8252,3.00312,5.019,1.37989,10,0.464792,1.23261,3.50231,211.25,25.1277,12.01,19.1226,1.5217,15.7965,11.7136,2.58158,3.43138,0.844989,11,0.506711,1.1205,2.28819,354.324,38.4958,21.4731,45.5766,1.95649,29.7933,15.7862,4.8035,8.66121,2.89608,17,0.576948,1.3785,3.00622,2120.73,112.568,41.2588,8.85699,0.278331,80.0458,26.0007,7.10183,10.9614,2.22793,5,0.188184,1.44349,17.342,,,,,,,,,,,,,,,,,,,,,,,,,,,,,,,,,,,,,,,,,,,,,,,,,,,,,,,,,,,,,,,,,,,,,,,,,,,,,,,,,,,,,,,,,,,,,,,,,,,,,,,,,,,,,,,,,,,,,,,,,,,,,,,,,,,,,,,,,,,,,,,,,,,,,,,,,,
gr00t_wbc_h074_p000,3984,fell,81.36,17,10.7448,6.01877,2.10956,1.88163,218.588,20.2237,9.1114,12.898,1.23734,19.2778,10.6179,2.75617,4.5583,1.13154,13,0.306873,0.756417,1.97703,209.152,24.3264,13.167,33.9486,9.14113,16.753,9.34154,3.1329,8.48392,3.04936,9,0.577201,1.36199,2.57689,192.001,22.5161,9.98191,14.2975,1.79808,17.8336,9.42121,2.9267,5.30804,1.32059,12,0.550758,0.996994,1.95156,290.957,24.944,15.0956,21.2758,1.21232,23.1907,12.0167,4.2923,6.73859,1.22977,17,0.363035,1.17414,1.98723,206.704,17.249,15.3937,56.1338,7.07708,18.5304,10.9866,3.83314,12.2382,4.83145,13,0.408365,0.991553,1.59353,53.6827,4.16676,3.61444,18.2146,0.942869,5.50041,3.42388,1.02197,2.39267,0.677618,4,0.286511,0.885479,0.872808,315.52,24.2004,16.8561,25.1081,0.813616,25.0013,13.3029,4.36843,6.78561,1.23504,16,0.546089,1.24854,1.98943,323.448,55.0146,17.4933,22.9919,0.943661,23.9872,16.1241,3.57654,6.559,1.10262,9,0.579942,1.66491,3.03208,441.26,62.1862,29.0619,52.6364,1.75756,36.5636,21.8628,6.06652,12.9348,2.15882,21,0.512694,1.15689,2.83445,306.36,34.1638,19.4655,22.7144,1.92948,27.0801,15.9737,4.76797,7.4402,1.57047,18,0.4353,1.1283,2.16112,282.724,26.3983,12.5803,19.4436,1.09969,22.942,13.2281,3.88704,6.66055,1.49576,16,0.470266,1.07422,2.17758,262.216,19.623,14.6159,21.113,1.76195,24.7987,14.8482,4.40937,6.74273,1.40583,21,0.389807,0.910273,1.79522,331.033,31.9549,17.9095,19.7648,1.42233,26.4656,14.7027,4.17152,9.02138,2.4187,17,0.49158,1.11234,2.05495,313.845,59.2241,21.7148,26.1222,1.39342,26.0479,17.5049,4.61029,10.3035,1.46356,13,0.576978,1.27317,2.95339,1437.91,93.8443,94.1811,58.0031,1.38579,71.6935,34.0441,10.5662,17.999,2.11305,22,0.548859,1.32002,7.1092,446.728,46.6414,55.0523,80.9945,227.108,33.7598,20.6992,6.67118,23.8425,11.095,18,0.459424,1.19717,3.13027,4170.09,535.212,260.082,199.012,120.938,132.057,59.4609,24.4237,52.4674,17.1201,5,0.599272,1.69629,48.6937,,,,,,,,,,,,,,
gr00t_wbc_h074_p000,3985,complete,90,18,8.09886,2.76487,0.0936388,0.102834,317.726,33.2723,14.2516,10.7846,1.32912,28.6573,16.2937,4.62354,7.71014,1.9882,20,0.445959,0.931096,1.77721,186.176,18.1852,9.90228,14.3556,1.16026,16.1425,9.72774,2.57499,4.46049,1.06685,12,0.462139,0.938497,1.58958,87.6559,7.1749,4.75814,12.4006,1.01108,8.22269,4.1316,1.41346,2.99074,2.25514,7,0.407855,0.937999,1.38954,155.38,12.5832,10.9121,24.2686,1.62977,14.4484,7.35079,2.67606,3.43863,0.928425,9,0.547363,1.15648,1.89683,470.483,60.3402,16.6565,25.4291,1.52483,27.8544,15.1709,3.82533,6.86846,1.09997,10,0.723299,1.4626,4.15707,200.553,19.605,13.6475,20.8759,1.08261,15.7756,8.53826,3.24727,5.18927,0.914115,12,0.477262,1.16854,2.00047,230.189,21.1683,11.0088,19.3042,2.11188,18.3104,10.5505,2.9661,5.43896,1.23333,11,0.469069,1.22049,1.93469,325.393,31.8392,21.9175,21.462,1.0113,27.9481,14.3636,4.86674,9.10927,1.33063,17,0.516597,1.34716,2.29715,288.19,32.5667,29.4916,52.834,1.89983,21.5904,11.2855,4.28189,12.8881,3.44659,13,0.448635,1.30759,3.02689,166.941,17.7771,10.4424,16.6308,1.0815,15.3786,8.33612,2.58827,4.96291,1.66349,8,0.556784,1.44012,2.65143,228.88,26.1252,15.2661,10.6419,1.12708,20.5626,11.4778,3.56314,5.9887,2.26728,14,0.526807,1.22563,1.78676,251.774,32.9262,17.1446,10.0012,1.29208,19.666,9.77166,3.13421,5.17344,2.35072,16,0.426117,1.0508,1.22185,344.927,50.048,22.6214,16.7892,1.41763,26.757,15.9374,4.24714,6.72566,2.56002,13,0.453573,1.43314,2.80524,229.018,50.4333,28.5645,15.1572,1.31296,19.454,11.9196,3.71357,6.67772,2.6407,10,0.586825,1.63047,2.62173,261.679,27.9404,37.7167,153.167,61.1596,21.7223,9.67642,4.23799,15.9488,10.9846,12,0.630347,1.3683,2.57766,184.125,27.4919,17.454,8.20132,0.691536,14.9658,6.49045,3.05486,5.39135,2.61017,9,0.612929,1.22048,2.77226,326.507,36.6195,24.2269,26.5311,1.38168,23.2398,14.2359,3.70637,5.53487,1.09227,9,0.602823,1.63935,4.9265,394.323,44.2644,24.1692,30.5231,1.2736,32.8917,15.0118,5.25192,7.09145,1.44931,20,0.527903,1.35785,2.53184
gr00t_wbc_h074_p000,3986,fell,81.32,17,18.3546,13.0233,2.14973,2.96752,203.902,20.1299,10.2194,12.1957,1.56535,19.6951,11.0967,3.10782,4.89614,1.27084,13,0.420622,0.943315,1.94272,156.217,19.3559,8.09377,19.2297,2.53744,13.0476,7.73382,2.51044,9.34707,5.13405,7,0.588907,1.20773,2.13606,252.833,21.8489,13.1146,16.3859,1.12066,21.3831,11.6098,3.62203,4.57329,1.53489,15,0.568046,1.19834,2.43537,347.056,34.1694,18.608,22.339,1.50443,28.6003,14.5143,4.73501,6.59461,1.10986,15,0.555434,1.345,2.85712,244.526,24.6292,13.7906,11.6387,1.22578,19.3221,11.8062,3.32355,6.48277,1.50651,13,0.492177,1.12415,2.04784,320.07,32.1721,16.5901,11.6732,1.00334,25.8161,15.9632,4.18909,8.60433,1.59385,18,0.479345,1.05563,1.82003,318.612,30.5112,13.9074,11.6316,1.19673,27.7116,15.8196,4.65409,5.14712,2.8143,18,0.586719,1.2878,2.46529,1342.29,138.683,56.7948,24.1702,1.55938,72.7763,37.3068,9.74871,13.3481,4.06855,27,0.431501,1.79021,6.88196,259.575,30.3711,11.3945,16.4928,2.1702,17.344,6.46788,2.90089,7.14201,2.46,8,0.669999,1.90036,5.53494,149.119,26.2002,9.4147,16.5175,1.24906,13.8307,7.14303,2.11155,4.43306,1.31114,6,0.615059,1.29308,2.14444,260.278,33.8313,13.3566,24.4773,0.887618,19.8509,12.4469,3.28811,6.3146,1.42047,11,0.612206,1.48097,2.70706,271.521,21.0028,13.5368,11.4517,1.70228,20.8018,9.6138,3.6714,7.2554,2.51911,14,0.562273,1.18744,2.02459,341.935,30.4858,16.9038,17.083,1.56256,28.6165,15.4704,5.22057,6.49458,3.46647,19,0.420414,1.08099,2.42861,408.469,46.6166,19.4814,37.083,1.94791,33.0783,18.4908,5.33533,13.4014,4.31381,17,0.491451,1.2334,3.36412,224.582,25.5565,15.5332,27.0267,1.09553,21.3167,12.2941,3.66833,5.61476,1.34905,10,0.535199,1.32671,2.65877,445.747,44.4432,26.5926,65.2141,1.51021,31.5953,15.0858,5.26279,11.0675,2.35122,19,0.45988,1.42624,3.43042,3083.44,228.409,101.911,180,54.0508,113.639,41.3036,15.1213,29.3126,8.58556,3,0.305265,1.16119,2.09884,,,,,,,,,,,,,,
gr00t_wbc_h074_p000,3987,complete,90,18,13.5038,2.40563,0.00702664,0.0228287,351.453,29.3213,18.0448,22.5564,0.76235,29.7268,14.8329,4.7911,6.38831,0.922273,21,0.495376,0.917686,1.74692,278.466,25.9833,16.0322,33.5338,1.82694,24.8465,15.2512,4.07597,10.0845,2.92787,16,0.459668,1.03596,1.89104,627.396,38.8548,24.6929,17.9865,2.71197,36.3445,16.9713,4.49306,7.49533,2.17428,15,0.685135,1.24426,3.46012,271.343,25.5391,12.3705,13.6484,1.31585,21.2426,14.0758,3.32961,5.16145,1.19871,13,0.560337,1.12058,2.01035,163.576,18.0231,10.4724,31.3169,1.14818,13.4308,8.33262,2.17277,5.94254,1.57862,9,0.504192,1.1617,2.42385,167.157,18.1113,9.81072,17.7737,1.31002,11.9821,6.69334,2.0915,5.31242,1.19333,6,0.552494,1.54127,4.17748,298.778,27.828,14.806,24.7233,1.11116,26.0092,15.2625,4.21146,7.00464,1.16362,15,0.699697,1.38546,2.73018,199.711,24.8982,8.00647,14.9882,1.53652,16.8648,8.79716,2.97566,5.33532,1.09023,9,0.539022,1.52769,3.03433,217.611,21.8418,10.2922,22.3817,1.41721,16.9275,10.0803,2.7278,6.32865,1.1379,8,0.60273,1.38793,2.64885,175.333,18.5675,11.0264,15.8878,1.39634,12.618,6.93912,2.37213,5.10935,2.05966,11,0.408012,1.03704,1.75972,326.321,53.7525,16.9701,16.6291,1.28695,26.0331,15.0435,4.37482,6.49869,2.31324,13,0.671614,1.4172,3.12859,469.659,44.9384,27.0206,32.9095,1.04311,34.8933,17.553,5.94371,7.75589,1.77425,21,0.508092,1.36105,3.06729,1648.38,355.746,103.463,110.65,3.75356,88.7471,57.0373,12.789,30.3857,6.57306,19,0.737412,1.368,11.1529,334.433,34.6819,20.3683,25.6299,1.19394,26.7325,12.7932,4.20443,7.14856,1.77489,15,0.629184,1.52327,2.93058,393.534,75.3289,20.9396,25.0934,1.18048,31.4302,18.7079,4.56997,6.52752,2.70196,13,0.600283,1.3662,3.44039,323.394,28.9128,35.3518,67.4555,10.9665,27.4213,15,5.63304,14.442,9.1968,19,0.485888,1.10762,2.07403,272.24,27.9516,14.8557,26.5111,1.04153,21.2651,11.9642,3.33656,5.18652,1.33205,12,0.522703,1.32035,2.41961,202.745,16.1394,11.8697,25.1444,0.793346,16.1355,8.89659,2.53866,4.4233,1.44439,9,0.594894,1.32338,1.94679
gr00t_wbc_h074_p000,3988,complete,90,18,19.0355,2.81397,0.334866,0.295294,150.728,21.5413,9.31975,24.8246,1.51344,13.7409,6.71639,2.32654,4.82957,1.20272,8,0.433907,1.01735,1.60107,320.914,33.3095,18.1446,25.6393,1.06244,24.9195,14.1335,4.09996,5.31346,1.00539,16,0.481443,1.17706,2.01505,159.624,14.9644,10.997,24.1787,1.12301,13.2712,5.86484,2.54233,4.38179,1.05594,8,0.454682,1.24384,2.20802,139.995,13.3658,8.15337,30.4483,3.18942,11.8304,5.60121,2.30776,8.3985,4.26064,9,0.537683,0.965591,1.57024,240.655,24.49,16.5672,23.1828,0.633486,20.0542,11.2612,3.16171,4.60669,1.15221,13,0.543343,1.24974,1.6206,197.319,20.6552,13.7182,21.1555,1.67434,15.605,8.28739,2.90151,5.15431,1.61921,13,0.558026,1.19989,1.96133,277.758,23.0175,25.6877,60.221,2.43871,22.1827,13.2479,4.30441,9.56167,3.07131,18,0.521265,1.09289,1.81738,223.648,20.5198,13.2378,17.42,1.66688,16.6461,10.0147,2.95174,5.58831,1.86819,11,0.581384,1.20235,1.94884,272.225,27.4828,18.0738,36.6149,2.51974,21.1727,9.98396,3.96494,9.73843,6.14619,14,0.58475,1.21683,2.613,289.917,47.4496,21.3992,29.7909,0.747727,24.7381,14.5524,4.07523,5.99893,1.45937,14,0.662922,1.2797,2.65639,103.561,11.7336,6.62482,26.507,1.1312,8.18077,2.9866,1.54144,2.91355,1.09426,5,0.66124,1.49325,2.64982,420.358,115.264,31.6207,32.3342,0.898077,33.6944,24.1869,5.60675,8.05513,2.26306,16,0.749682,1.33746,3.11139,132.38,15.8933,10.1423,24.9818,3.40538,9.88822,5.83866,2.44374,6.94782,5.40073,6,0.51056,1.41538,2.22657,767.536,81.1545,35.6592,19.3038,2.59534,51.7484,23.4896,8.04904,10.1908,5.00126,18,0.537888,1.82477,6.25317,262.832,29.6653,16.969,13.8757,1.66052,22.1286,13.9721,4.14745,5.12341,1.9388,14,0.575735,1.28927,2.36656,407.042,31.8936,27.3555,485.757,6.82682,33.4973,16.5693,7.65088,46.7626,9.68729,14,0.532373,1.26046,3.32361,167.204,35.037,12.9968,15.0042,1.45023,15.6893,10.936,2.99618,3.76884,2.18271,10,0.603371,1.16407,2.53118,1638.85,147.266,62.5417,23.7529,1.68895,87.2212,45.306,10.5395,15.2277,4.84161,26,0.490985,1.58036,10.2787
gr00t_wbc_h074_p000,3989,fell,56.34,12,23.8396,13.6362,3.1759,3.47488,155.679,21.8965,7.93562,13.44,2.22108,15.7979,9.83128,2.88605,4.67246,1.53229,12,0.351387,0.8287,1.23989,279.058,26.7605,13.5445,15.9045,1.42775,24.2475,17.3231,3.92905,6.27016,1.63229,17,0.507122,1.07361,2.1872,258.426,28.2212,12.7204,20.2385,1.26848,20.4172,10.9684,3.31777,6.99571,2.61962,12,0.53062,1.19255,2.0725,235.278,24.648,16.7215,15.8346,2.21636,21.9281,10.8582,3.80558,6.89859,3.05132,17,0.430349,0.998023,1.64902,104.928,10.729,6.95953,23.0122,2.46938,9.7472,4.91438,1.9096,6.47057,3.93517,10,0.309978,0.780379,1.19532,166.588,15.3165,9.20127,17.4655,2.3173,14.4104,7.02198,2.51974,4.95018,2.96377,11,0.372327,0.962379,1.38761,256.788,26.6727,10.3844,15.8576,3.22843,21.9037,11.5871,3.46527,6.88775,3.09186,12,0.556849,1.36309,2.74627,183.984,18.2069,14.1754,26.4295,1.34477,17.439,10.0823,2.96749,7.67318,1.35559,14,0.427535,0.989417,1.69219,450.555,42.732,20.1667,43.9527,1.16113,32.9276,17.4292,5.36802,12.6658,1.9889,15,0.609694,1.47527,3.73957,644.289,124.599,57.9492,252.549,3.30587,46.4623,31.2349,7.64278,23.8037,3.26653,17,0.566413,1.34429,4.71336,1440.01,212.551,68.6222,143.292,3.52502,82.1361,43.1539,10.7592,25.4967,4.20479,17,0.698423,1.63073,12.4079,2807.45,188.551,113.473,37.5095,0.972748,95.3605,44.375,12.2594,18.7983,4.20588,3,0.201449,0.976076,7.38253,,,,,,,,,,,,,,,,,,,,,,,,,,,,,,,,,,,,,,,,,,,,,,,,,,,,,,,,,,,,,,,,,,,,,,,,,,,,,,,,,,,,
gr00t_wbc_h074_p000,3990,complete,90,18,10.3278,3.19302,0.256933,0.233636,237.639,27.3892,9.38656,14.8053,3.93496,21.7453,10.8512,3.04524,7.77912,4.05705,13,0.526914,0.944018,1.60687,211.791,17.4625,12.5646,17.4641,4.70748,19.0049,10.4735,3.07318,6.10313,3.45896,14,0.487022,1.03316,1.86574,233.797,23.6307,16.1183,33.1576,2.52754,18.5208,9.15827,3.26787,7.2256,4.69186,12,0.535348,1.1585,1.89308,324.276,35.0967,13.427,16.2967,1.19408,22.2957,12.3121,3.92958,6.37005,2.32911,14,0.523205,1.40135,3.32001,325.871,29.8221,21.1035,30.5703,4.67691,23.6108,11.4213,4.63554,6.67447,3.32163,15,0.632201,1.42984,2.66801,265.115,25.8401,19.9038,39.3385,5.55857,20.2628,13.181,3.47834,4.93686,4.34415,12,0.573405,1.27878,2.00573,201.884,27.7586,17.5347,23.3908,1.31244,16.7336,10.0907,3.18759,5.75951,1.99634,11,0.586601,1.39652,1.90435,465.428,48.9846,28.4812,79.5771,2.78547,31.9833,16.1131,5.02473,11.1263,3.61959,18,0.607305,1.22173,2.80408,376.441,37.5736,35.8993,59.2563,269.494,31.5341,15.9636,7.02743,16.5397,13.132,16,0.580855,1.47258,2.74415,573.605,52.7175,31.1085,33.2564,0.980011,43.6919,23.4799,6.39112,9.80447,2.35094,22,0.518448,1.14123,3.22731,338.746,34.9545,17.6055,27.2577,0.94455,28.4192,15.374,4.49356,6.96975,1.98516,16,0.552085,1.42912,2.51292,288.675,47.9592,18.3731,26.177,1.46246,22.3374,14.3385,3.6395,5.96808,1.58426,10,0.488377,1.36427,3.4653,278.588,29.2013,46.8082,160.965,29.5801,22.2902,12.249,4.51381,16.4081,6.37487,12,0.478451,1.39571,2.48424,214.924,24.0248,13.7618,28.6102,1.23471,15.6816,11.0271,2.47445,4.1375,1.06569,11,0.53835,1.06633,1.56456,324.227,31.7057,21.4377,25.2491,1.72812,23.7412,13.2284,3.82172,5.82496,2.1162,14,0.598028,1.4706,3.18553,177.738,29.7437,17.4501,24.0029,1.80008,14.5538,8.42144,2.69013,5.91143,2.45859,7,0.501889,1.52681,2.52928,216.619,26.22,16.5398,21.4487,4.14563,17.6264,8.31369,2.98954,4.98042,3.7101,7,0.559434,1.53052,3.8528,778.17,81.2322,31.4171,41.148,3.38144,48.8423,25.9207,7.3547,11.7906,6.02676,21,0.525096,1.49258,5.83097
gr00t_wbc_h074_p000,3991,complete,90,18,26.0676,2.84,0.322903,0.255115,228.964,23.4958,11.6472,18.3941,1.07161,20.4337,12.8978,3.33102,4.55705,1.09958,15,0.405786,0.875803,1.53029,262.269,21.8439,12.1726,17.9999,1.31352,21.4375,10.9673,3.80946,5.30843,1.52599,14,0.535367,1.17077,1.82584,357.381,35.0403,20.6028,29.7834,1.21255,29.2101,16.3199,4.98365,7.77045,1.78958,22,0.438151,1.06684,2.00668,226.717,21.3236,14.3829,29.3377,1.06402,20.184,13.0348,3.35743,4.30964,1.35331,13,0.51378,1.21944,2.05756,258.083,27.5207,16.0595,25.955,0.904301,20.9384,10.8677,3.6383,6.17235,2.49128,14,0.479295,1.16957,2.30007,205.106,38.5255,13.068,28.4959,4.69845,17.8104,11.7942,3.11628,5.91929,2.85887,13,0.48367,0.963208,2.12004,291.612,34.194,12.5428,14.6834,5.56194,23.4876,13.3095,3.7524,6.35128,4.2899,14,0.519964,1.18517,2.38428,179.209,23.043,5.11381,8.49828,1.07792,12.5435,6.71446,2.07057,3.30868,1.35565,7,0.566526,1.28275,2.8823,292.492,45.216,15.0343,20.8277,5.22071,19.6257,10.8704,3.04991,4.87641,2.93617,13,0.782926,0.926747,2.54864,197.814,17.6264,10.1034,21.048,2.99727,15.7743,9.40066,2.75145,4.49567,2.94403,9,0.556253,1.25152,2.5334,366.737,41.4279,22.7257,14.2114,1.57375,31.004,16.5874,5.23143,6.89901,4.15291,17,0.650599,1.38161,2.81407,452.979,47.9903,28.408,12.1454,1.5016,30.8501,12.3185,5.47749,7.94243,4.33473,17,0.500806,1.49705,4.49349,139.396,27.5546,17.9747,61.895,1.73819,12.5561,7.88339,2.22415,6.88059,2.12333,7,0.691164,1.50789,2.72136,252.383,31.4779,17.1277,13.9118,1.7711,19.5644,11.607,3.73777,7.79898,3.35781,13,0.484022,1.14489,1.98321,1470.88,318.852,128.584,217.449,15.7002,94.743,64.5924,15.6044,34.7665,8.04416,28,0.724988,1.3809,6.05021,685.405,89.6454,32.1772,32.7722,1.39837,44.5762,25.5536,6.70513,8.68484,2.51144,17,0.595692,1.45343,4.71728,346.682,31.4509,17.2419,26.5541,1.23674,26.89,14.4876,4.12423,6.28435,1.32056,12,0.566396,1.60415,4.38254,1240.42,134.604,50.951,45.4175,2.0712,76.5951,42.57,9.82596,18.2035,4.42853,21,0.489472,2.10866,10.515
gr00t_wbc_h074_p000,3992,complete,90,18,7.57882,3.18399,0.0257842,0.0473825,162.687,17.3529,7.59072,18.8972,17.8053,16.2368,8.63307,2.7067,9.21543,5.85318,10,0.407814,0.961059,1.36924,219.338,17.0142,10.4894,12.2271,1.43006,18.2641,9.8542,3.15274,5.92918,2.16944,13,0.493597,1.02567,1.62189,112.405,9.79942,5.17893,10.9235,0.884251,9.52289,6.22206,1.63741,4.28434,0.823407,7,0.438821,0.949896,1.53186,308.647,26.5289,10.2836,9.5316,4.16968,23.9339,11.9717,3.79589,2.56612,3.00356,14,0.55316,1.32276,2.72907,253.481,26.2859,13.1749,82.6288,7.98799,18.3091,9.19142,2.83044,10.8647,6.27711,11,0.494306,1.09273,2.18535,223.429,22.5817,9.06424,17.1794,4.10095,18.2374,12.7658,2.58604,2.98267,3.35869,13,0.544359,1.13984,1.79474,302.95,28.2389,16.7303,155.767,4.1108,20.5793,12.9235,3.27268,15.5025,4.41182,10,0.478674,1.34353,3.47155,224.874,27.7106,9.88876,16.8013,5.00645,14.8534,11.1903,1.89672,2.87775,3.71432,9,0.44209,1.20169,2.76942,56.1826,5.30913,6.23677,11.7224,7.62383,5.84048,3.14666,1.06799,2.02859,2.93771,4,0.42928,1.01129,1.76776,373.79,74.496,24.1291,19.0471,12.7928,30.404,20.0782,4.12441,4.46943,7.98366,20,0.586878,1.1175,2.25149,198.035,19.3172,6.38444,20.3203,1.90607,15.8239,7.78881,2.41387,3.10343,3.46547,8,0.552757,1.51054,3.40283,406.024,33.7289,16.6069,31.9739,1.62392,30.7585,15.4426,5.25685,6.11827,3.33835,17,0.569927,1.36809,3.99655,478.612,52.618,19.8713,15.0417,4.37052,31.8522,17.5966,4.61634,4.89902,6.62496,14,0.411858,1.42115,4.14433,304.514,21.6786,13.015,47.8097,3.82177,25.8874,13.9627,4.51386,10.4918,6.17254,16,0.538753,1.17859,2.51218,229.901,18.8851,12.3041,50.0899,6.69895,19.4365,10.0442,3.60179,11.5044,6.78031,12,0.520183,1.26744,2.48681,208.985,22.0023,9.02794,12.1118,1.15047,17.3059,9.30725,2.69819,5.16355,2.6289,11,0.53047,1.1158,1.83985,465.77,74.2214,22.991,16.5721,1.60825,34.2752,20.7294,5.01551,13.028,6.4275,14,0.695116,1.33838,3.64587,707.728,150.662,30.3666,26.0583,1.42098,45.7593,30.3146,6.64587,12.4824,4.14924,16,0.660836,1.3545,5.13097
gr00t_wbc_h074_p000,3993,fell,70.92,15,13.636,4.74677,1.76033,1.86749,311.05,29.064,16.0012,21.1424,1.63395,27.6933,13.8167,4.48502,8.32724,2.44314,17,0.472609,1.00559,1.69108,253.221,25.4669,11.9971,27.6129,1.01773,19.5625,12.1239,2.97842,4.92097,1.11954,14,0.491099,1.07688,1.73658,159.011,13.6805,7.46441,11.9752,0.899632,13.497,8.01513,2.29959,4.43666,0.739721,10,0.376964,0.873747,1.44265,277.659,32.0253,11.9887,27.7572,2.28908,20.0041,12.1352,3.61186,10.4069,2.9552,13,0.433566,1.28558,3.01975,174.179,17.8127,8.43401,20.4941,1.29312,14.5419,9.56357,2.53687,4.50081,0.97077,11,0.457541,0.97132,1.51168,259.95,42.7812,17.7408,29.0638,1.52458,22.9797,15.2509,3.81688,8.08932,1.52575,10,0.588172,1.51689,3.52834,251.665,28.8432,39.0206,106.703,2.30731,24.589,12.881,4.60775,9.46213,2.11352,13,0.504984,1.34566,2.33361,211.91,23.6815,11.3189,20.4998,1.62872,16.3664,7.90622,2.84691,3.76866,0.898327,9,0.601728,1.31067,2.79391,292.77,29.0277,16.7688,25.0446,1.35648,23.4844,14.8226,3.88872,4.6148,1.01365,20,0.444131,1.05279,1.75927,389.204,34.1348,15.2017,20.7043,1.11979,26.1105,15.7422,3.93274,5.24287,0.985755,13,0.513442,1.27195,3.5598,191.925,12.8513,10.1525,16.8861,1.6159,12.5211,7.09187,2.06774,3.29413,0.864513,8,0.442586,1.11727,2.41373,173.679,15.0913,9.12495,18.2042,1.8392,13.5515,7.56141,2.273,3.65723,1.0043,9,0.456231,1.09679,1.452,259.044,28.4535,11.9976,22.7843,1.28067,19.8037,11.1087,3.04721,5.12861,1.2037,12,0.607933,1.25544,2.11146,310.257,28.8943,15.1457,29.982,1.18702,23.7842,14.2444,3.93161,6.98314,1.29857,14,0.491707,1.30203,3.36068,1994.31,367.192,76.1093,69.2996,60.0476,68.527,38.1024,10.9976,20.3623,9.01074,2,0.215115,0.380282,0.537964,,,,,,,,,,,,,,,,,,,,,,,,,,,,,,,,,,,,,,,,,,
gr00t_wbc_h074_p000,3994,fell,61.44,13,26.9983,7.05442,3.27548,4.22408,138.407,14.53,6.93946,10.6423,2.30274,13.6067,8.96709,2.33999,5.07598,2.68556,10,0.385861,0.796817,1.32226,66.5673,6.5231,3.40807,14.4304,1.57886,5.31488,3.20689,1.03654,4.61187,2.18321,3,0.595291,1.11402,2.18557,173.986,18.8976,14.266,43.548,1.90653,14.5482,10.8101,2.61059,5.74197,1.65873,12,0.429461,0.974434,1.68038,197.089,18.0654,8.23297,13.2957,0.998657,16.0924,8.76905,2.57122,3.86798,1.34273,9,0.57878,1.39183,3.05298,162.294,35.5648,12.3326,37.5849,1.35825,12.6651,8.19367,2.32983,5.53329,1.31908,10,0.416187,0.895042,1.45146,126.018,12.4022,7.1818,22.8078,1.32228,11.1742,5.37918,1.81405,2.96117,0.745551,10,0.444848,0.955067,1.72135,377.362,34.1446,25.7804,58.9305,37.185,26.8099,15.1631,4.59242,9.54615,6.14387,17,0.512087,1.20808,3.0152,222.81,21.5842,12.7552,21.3471,1.15115,18.1335,9.4826,3.13173,4.32873,0.966316,12,0.47869,1.10267,2.25209,362.633,45.158,21.3531,27.2449,0.995716,27.5422,17.6675,4.04659,5.73925,1.21404,11,0.636727,1.56645,4.24414,277.564,27.7396,18.6709,22.2894,1.56208,23.5895,11.1717,4.55136,6.45116,1.88061,15,0.619283,1.34142,2.69159,263.741,32.5151,16.6446,19.953,1.34726,24.7004,13.9656,4.03013,6.41975,1.72817,16,0.49511,1.15296,1.8296,153.768,20.7797,19.1514,48.4234,2.41946,13.4439,6.82925,2.55414,5.96616,2.7187,8,0.476894,1.13213,1.53788,3525.61,577.129,188.95,218.137,225.517,121.444,71.6958,20.3624,37.3606,21.5644,1,0.424278,0.843691,1.07138,,,,,,,,,,,,,,,,,,,,,,,,,,,,,,,,,,,,,,,,,,,,,,,,,,,,,,,,,,,,,,,,,,,,,,
gr00t_wbc_h074_p000,3995,fell,80.68,17,10.2918,11.3288,3.45508,3.27202,202.729,23.0654,8.5962,11.111,1.51512,19.0406,10.8696,2.91424,4.84053,1.19854,16,0.338749,0.761536,1.33438,138.465,13.928,6.45748,11.5992,1.17729,11.7861,7.00279,1.85058,4.10162,1.95431,10,0.395107,0.997777,1.47635,447.341,58.6276,19.3519,21.6688,1.95817,32.6209,18.3103,5.33188,10.1312,4.45187,19,0.548067,1.24174,2.86752,276.445,24.0032,16.5734,17.8899,1.19782,23.5208,13.1928,3.97575,7.55634,6.11082,15,0.478394,1.16332,2.64932,307.015,32.8679,19.3262,29.5953,2.0259,23.7847,12.23,3.80845,6.04442,2.31985,13,0.603576,1.4526,2.879,122.38,14.4467,7.88643,19.2173,1.58434,10.7938,5.94853,2.25469,4.2308,2.79275,7,0.495456,1.3856,2.44122,235.863,39.2453,17.4557,33.2306,1.61221,19.9986,12.0692,3.62243,12.2496,5.09074,14,0.447775,1.08748,1.58534,329.149,84.4222,19.6613,23.9748,1.9094,25.4088,16.9805,4.46219,11.1859,4.95789,14,0.62661,1.09077,2.51378,297.508,32.2681,14.1372,22.2112,1.92414,24.1787,11.1504,4.01106,8.29739,3.70134,15,0.532762,1.31786,3.06123,252.268,23.3698,14.1861,21.6552,1.12326,21.5077,11.0751,3.45315,6.76138,1.03472,13,0.497985,1.1355,1.83387,307.261,28.5204,13.7142,16.6934,1.2365,23.1345,13.0026,3.71425,7.02983,1.8563,13,0.603396,1.33012,2.3233,217.649,20.6241,35.776,19.7801,1.58422,19.0275,15.2673,3.69813,6.49809,1.30105,17,0.398237,0.953918,1.47199,474.831,48.5956,22.9837,67.9295,6.81734,33.0481,18.2483,6.22719,19.0347,6.30129,17,0.478665,1.40785,3.46797,280.635,30.2639,16.914,27.8442,1.93848,24.5335,13.5515,4.26973,9.25234,1.44866,15,0.463304,1.06706,2.04113,755.659,81.1294,29.2029,17.1997,1.22122,54.7755,28.3988,8.02461,14.1025,2.20178,25,0.410386,1.55387,5.20354,234.796,19.024,10.3088,18.1273,0.983269,20.5724,11.6726,3.06929,5.90939,0.945598,8,0.513966,1.34999,4.11806,2670.29,91.2896,208.42,502.652,26.6979,68.6527,25.7423,12.0787,55.0982,16.4824,1,0.508888,0.995495,1.81494,,,,,,,,,,,,,,
gr00t_wbc_h074_p000,3996,fell,65.64,14,14.9097,10.9575,0.533466,0.826046,155.258,16.2709,7.65183,12.8063,2.12941,15.6635,11.2965,2.60877,4.61724,1.76178,11,0.392095,0.883328,1.31228,317.692,27.589,10.1752,20.9619,1.51975,22.7246,13.0463,3.69588,8.82577,1.85288,14,0.594599,1.27554,2.69407,254.12,29.4484,14.4502,11.5719,1.74764,21.1059,12.1564,3.38424,5.7801,1.82704,13,0.584074,1.12182,2.26608,270.493,28.2875,15.1436,31.6534,7.56881,21.0002,10.8129,3.45019,8.92696,3.5646,14,0.475776,1.04207,1.78065,214.928,17.6694,12.6425,14.7874,3.56954,18.8581,11.3304,3.55508,6.3863,3.39997,14,0.544744,1.15575,1.92394,93.4016,6.70483,12.2422,17.6926,2.07799,9.27579,5.05847,2.1505,6.15858,2.9959,7,0.458778,1.08174,1.4613,286.798,43.7851,17.6789,59.9171,1.93762,22.7619,13.8563,4.02867,9.72458,2.53114,13,0.583133,1.2147,2.24526,343.353,30.6668,15.7645,9.61852,1.13253,27.2975,14.5891,4.46408,4.7054,1.73942,16,0.489234,1.15007,2.16911,119.126,15.8067,5.79621,8.98764,1.1895,7.99198,4.59098,1.49064,2.03382,1.10008,6,0.559431,1.21619,1.71459,229.574,34.4718,15.4663,74.8276,2.49399,15.6556,9.71992,3.11673,10.7145,2.873,9,0.634254,1.27594,2.32799,144.793,11.3327,9.09313,13.3673,0.856451,12.7197,7.14252,2.56355,4.84081,1.51169,8,0.546082,1.21025,1.98812,516.807,57.1837,26.5725,166.317,5.35226,37.2745,19.7504,6.98395,15.2058,7.45548,17,0.50425,1.5981,4.26941,632.469,47.2374,81.198,41.2087,1.60328,40.146,22.2623,6.77343,10.2989,3.48181,27,0.302505,0.900648,2.21635,1158.72,159.461,159.725,383.114,165.657,45.38,18.8333,10.569,50.1864,23.4957,3,0.472298,1.11736,1.44012,,,,,,,,,,,,,,,,,,,,,,,,,,,,,,,,,,,,,,,,,,,,,,,,,,,,,,,,
gr00t_wbc_h074_p000,3997,complete,90,18,7.88791,3.02005,0.0314219,0.0363621,119.701,21.9501,6.6616,19.6514,1.75508,12.2307,8.07308,2.16194,5.64779,1.18885,8,0.376024,0.895497,1.75519,229.91,22.4753,9.77742,48.6773,2.30805,17.6348,11.2991,2.57619,9.30456,3.28053,12,0.499162,1.0933,2.18068,326.153,52.0798,15.0712,15.9376,0.969525,24.7226,13.4088,3.58348,7.89283,1.62853,14,0.75741,1.08359,2.45612,199.978,34.709,11.2174,32.3784,1.71355,16.7764,10.4558,2.74366,5.88773,1.80416,10,0.656334,1.26347,2.59099,186.331,19.6622,9.88577,20.1276,1.49335,16.6376,10.0896,3.07932,7.06495,1.88309,9,0.590252,1.26845,2.48214,231.115,19.5594,14.0799,16.4905,1.15107,21.3352,12.4027,3.67727,4.19935,1.28744,17,0.490157,1.00045,1.79854,267.482,24.997,12.0018,13.5481,1.41748,19.7498,13.0894,3.19019,6.73258,1.73488,12,0.528612,1.15926,2.98892,1558.28,302.769,99.2715,26.6762,1.17617,76.8278,48.4259,12.6038,14.6694,3.75493,22,0.64017,1.26885,6.39904,181.69,14.7167,11.8722,14.4479,1.12073,13.8228,6.6265,2.60169,4.19259,1.2321,10,0.499491,1.08151,1.42383,212.769,25.6972,12.4767,12.7421,1.25203,18.5613,11.8341,3.10611,4.88037,1.45744,11,0.525385,1.25734,2.00541,243.871,31.0538,14.8134,26.9375,1.72517,20.4366,12.2187,3.56102,6.37477,1.978,14,0.539144,1.17378,2.21908,284.499,24.2692,16.767,15.3518,0.92012,21.4565,11.7535,3.59558,4.95145,1.42571,13,0.460504,1.17253,1.99782,118.458,13.9429,7.56584,12.6255,1.55603,11.6912,7.14766,2.11458,3.18089,1.41234,7,0.570205,1.19978,2.58076,229.158,23.5851,12.8461,13.49,1.20418,18.3629,8.94184,3.35832,5.59104,1.31468,9,0.456603,1.25391,3.52934,348.249,41.2417,17.6303,22.5421,1.32747,25.841,14.8842,4.71364,10.6868,3.03618,14,0.491308,1.60488,3.56168,295.101,25.1063,15.7172,19.9043,1.58919,24.2693,14.8855,3.73464,4.01497,1.80833,16,0.513959,1.10715,2.39508,151.151,23.9402,10.4054,23.0661,1.6073,13.3716,7.56673,2.38389,3.02511,1.568,9,0.51321,1.22455,2.08862,401.503,88.8359,23.3555,61.0393,2.11952,31.694,23.0718,5.46613,16.7213,4.23862,13,0.718337,1.61469,3.68208
gr00t_wbc_h074_p000,3998,fell,61.02,13,12.4165,9.21337,2.21702,3.37288,301.028,26.8588,14.4425,15.3986,1.91859,26.8731,15.3819,4.46516,7.36257,1.4239,19,0.473169,1.00847,1.91594,196.433,19.896,8.39748,7.58272,1.05017,15.4776,8.09012,2.47722,3.87635,1.21989,11,0.473041,1.03626,1.62127,307.018,27.2283,7.88241,9.96072,1.56362,22.4315,11.5347,3.19284,3.81093,3.20528,11,0.583927,1.38954,4.2862,119.358,8.7775,5.89999,12.4818,1.3043,10.8745,6.3361,1.87901,2.59839,1.10219,7,0.499684,1.08014,2.31703,133.824,14.5252,9.69504,54.0143,2.0493,11.466,7.23012,2.14735,7.79508,2.27669,9,0.397785,1.01736,1.78028,373.859,40.4968,13.4665,9.38273,1.34666,28.8959,17.3321,4.07974,5.9646,1.71942,15,0.625749,1.22339,2.88382,236.637,20.2609,9.79015,6.96802,1.00738,18.7186,11.2747,2.99692,4.16296,1.69223,14,0.445905,1.00132,1.79835,291.495,30.6386,11.009,9.19414,0.883204,21.8867,13.153,3.53278,6.51336,1.42273,14,0.534706,1.18619,2.35474,277.26,26.4103,24.1841,66.3797,5.21764,21.6482,12.5387,3.82631,11.6144,5.4681,13,0.502693,1.24925,2.38123,399.365,50.9133,46.3857,204.679,47.1579,31.4233,16.6409,5.30667,19.3061,7.32952,16,0.555275,1.10331,2.30131,523.788,48.2548,22.1994,22.872,1.34484,32.403,17.2867,4.7182,8.2878,1.72639,11,0.555529,1.67731,6.63005,243.966,25.1114,12.1623,23.0736,1.00125,19.853,9.09767,2.92205,4.40555,0.846834,9,0.485589,1.18263,3.59407,1217.07,49.4092,92.1658,174.495,5.99763,45.402,16.0995,8.66599,32.7814,5.87283,8,0.251201,0.903192,6.89357,,,,,,,,,,,,,,,,,,,,,,,,,,,,,,,,,,,,,,,,,,,,,,,,,,,,,,,,,,,,,,,,,,,,,,
gr00t_wbc_h074_p000,3999,complete,90,18,8.00396,2.4083,0.0363378,0.0298627,153.038,19.7926,10.2125,16.63,1.25869,15.0454,7.80629,2.25562,4.27594,1.36406,11,0.42729,0.887351,1.27689,181.241,20.7136,18.3515,37.0906,1.40269,16.1185,10.9144,2.92192,4.57288,1.2605,13,0.48951,1.04935,1.66915,134.96,16.1088,9.77964,20.1845,0.899637,11.5363,5.96111,2.16458,3.10462,0.716853,6,0.544848,1.587,2.9275,272.481,21.548,10.8192,18.1382,0.678007,19.2194,10.2702,2.81021,5.57965,0.947723,11,0.436612,1.14318,2.8338,204.102,24.493,10.6707,15.2295,0.992373,15.5582,7.65813,2.18302,4.11002,0.869526,11,0.58531,0.891669,1.47958,278.2,18.576,12.3287,15.0121,2.24872,20.785,9.65439,3.43923,6.60824,1.34909,12,0.489583,1.19464,2.23103,213.416,34.0297,11.8985,15.2147,1.65581,17.0154,10.619,2.71229,5.59253,2.28356,12,0.47565,1.06022,1.82072,354.578,35.4713,18.2376,28.2424,5.47314,28.8835,18.5963,4.67215,7.70221,3.20509,17,0.514974,1.27553,2.41244,67.0701,7.88983,4.41149,18.6987,3.54532,5.98094,4.00224,1.14351,3.76557,1.90102,4,0.520833,1.28428,1.70738,414.924,73.4287,26.2881,28.07,3.2953,33.4785,22.0977,5.75321,8.17591,6.59023,21,0.467614,1.11454,2.47996,414.129,62.123,23.2342,24.1705,1.1347,31.4116,21.1329,4.94678,7.19721,2.65711,15,0.544934,1.34793,3.9755,196.93,19.0244,13.3136,21.2085,1.02473,15.7984,8.90913,2.92104,3.86014,1.24017,12,0.487351,1.09935,1.62021,265.664,23.1962,14.2622,21.6887,0.772173,20.5887,11.3537,3.2302,4.51343,1.1368,10,0.395728,1.20121,3.29882,607.412,62.7867,36.8908,39.3386,0.670319,41.4777,18.181,7.30554,9.87713,2.19158,19,0.48953,1.72613,4.4223,343.435,34.0946,20.7913,26.831,1.33996,25.738,16.4908,4.12796,6.08455,1.38421,13,0.644818,1.59654,3.82751,467.989,59.682,49.2525,399.866,8.52001,38.3734,19.6554,6.65902,31.4486,6.20072,14,0.708503,1.27053,3.88102,520.41,78.0927,29.9089,41.2004,1.26284,39.7279,22.3561,5.87921,11.812,2.45029,23,0.579657,1.08663,2.59098,501.405,55.3984,38.3571,37.3721,3.36275,36.8323,19.7808,6.5906,10.4057,4.92891,22,0.508889,1.32693,3.82557
gr00t_wbc_h074_p000,4000,fell,56.34,12,21.4805,8.28341,3.74914,4.15371,117.123,17.8519,5.64061,9.19232,1.74659,11.3744,8.75016,1.66146,3.2987,1.31405,7,0.31196,0.736255,1.02148,272.897,35.8626,12.4691,14.5039,1.53843,20.9214,12.5361,2.94022,5.54181,1.16449,13,0.655492,1.19786,2.34724,128.203,18.9291,4.37543,12.8486,17.2941,8.98563,4.10279,1.85686,8.9299,4.60302,5,0.372811,1.24103,2.9133,186.38,22.0043,8.2707,10.1304,1.16892,14.8778,7.63512,2.39199,4.84479,1.73118,9,0.599919,1.23667,2.12092,375.214,46.6998,18.57,53.8083,4.34303,30.6071,19.7249,4.41812,11.9564,4.57945,15,0.598914,1.23109,2.91452,185.082,17.8263,13.8129,25.3433,4.61144,16.4673,7.30317,2.96813,7.84567,4.24222,9,0.483462,1.30144,2.59782,181.753,22.4486,40.0024,204.031,92.0499,14.651,6.85758,4.44966,20.2565,11.4746,5,0.411749,1.02173,1.33706,189.74,16.6397,11.88,20.0761,2.56609,17.4348,8.3266,3.25472,8.55643,5.98848,11,0.498445,1.35528,2.67293,336.647,61.2037,18.8407,18.5618,2.77388,28.7049,19.2822,4.64661,10.4799,3.68262,20,0.566137,1.05113,1.95106,212.735,22.3086,8.85204,16.8691,1.50156,15.6732,5.69757,2.82917,3.73406,1.16545,7,0.635251,1.82188,3.82756,234.159,18.6185,15.5846,24.7815,0.94986,20.0447,9.4412,3.13049,5.34793,1.33374,14,0.475519,1.08744,1.83377,3174.74,614.438,108.17,194.949,107.113,103.235,74.8174,15.4464,29.5232,10.6673,4,0.577512,0.965196,1.82912,,,,,,,,,,,,,,,,,,,,,,,,,,,,,,,,,,,,,,,,,,,,,,,,,,,,,,,,,,,,,,,,,,,,,,,,,,,,,,,,,,,,
gr00t_wbc_h074_p000,4001,fell,75.82,16,14.0183,5.7836,1.98513,3.24511,293.344,25.148,15.2216,20.1461,2.93239,27.7463,16.8336,4.46781,10.7688,3.58149,18,0.423401,1.01127,1.99983,321.885,32.7865,10.7537,15.2034,1.36137,23.4636,11.5724,4.19029,5.85534,1.89622,16,0.547144,1.25216,2.85592,219.812,23.3629,8.32687,11.9225,1.05315,16.4086,9.44944,2.49838,5.52198,1.31476,12,0.457391,1.00613,1.52057,173.99,16.2389,7.2854,16.4402,1.21774,13.4945,6.71485,2.10847,3.72754,1.05478,9,0.558312,1.1808,2.23363,260.325,23.2336,13.6897,17.5795,1.49727,21.1353,11.9047,3.62437,5.9426,1.05616,12,0.560572,1.3021,2.97324,209.771,18.6054,10.5409,45.3649,1.87686,17.1307,9.1625,3.20592,12.9981,2.79065,10,0.484431,1.08021,3.17265,316.739,32.3719,16.4434,16.9256,1.41988,23.7871,13.2062,4.0139,6.9296,2.08737,14,0.458851,1.29998,3.65093,565.187,105.582,22.3311,14.2212,1.3625,37.1673,23.8215,5.09398,9.05864,1.87539,10,0.579527,1.57248,5.76033,178.156,17.3039,9.59376,18.0433,1.74209,14.0724,8.56352,2.47431,3.92598,1.46168,8,0.576311,1.48591,2.67481,183.452,18.6794,15.2918,18.6102,1.18029,15.7193,8.35174,3.04463,3.69232,1.39938,9,0.650699,1.49473,3.69224,1082.74,108.569,45.2878,42.3929,7.96589,57.5285,31.4262,9.1282,16.0569,6.92037,22,0.396824,1.57002,6.20471,697.602,61.9109,30.7712,10.9586,0.766466,44.56,19.8678,7.05409,8.53054,2.78911,19,0.561238,1.59098,4.63293,210.831,17.7943,12.7855,14.3347,1.63574,17.0333,9.37925,3.12276,6.0218,3.15818,9,0.539622,1.33862,2.73402,1311.38,108.527,58.4949,16.9606,5.85548,48.437,25.3356,7.32854,11.0427,10.0086,11,0.534504,1.61319,9.68102,162.597,14.9161,9.39188,9.24979,1.47231,13.4149,7.56761,2.40215,2.70069,1.6902,10,0.452322,1.04925,2.13082,1516.53,80.5055,62.3522,8.58008,0.431118,52.4937,20.593,7.66764,8.93945,2.88053,2,0.187965,1.49877,39.9638,,,,,,,,,,,,,,,,,,,,,,,,,,,,
gr00t_wbc_h074_p000,4002,complete,90,18,6.99781,2.68446,0.0212238,0.0188289,253.549,22.0812,13.7067,19.1046,1.26387,23.9934,11.5285,3.84191,5.17206,1.00456,18,0.450055,0.887453,1.40752,226.436,22.4541,15.7572,31.04,2.79857,21.7147,13.0326,3.9425,8.40221,2.88819,16,0.470092,1.07598,1.59959,242.603,19.2897,10.434,16.7642,5.25042,21.9643,10.6454,3.53126,4.74813,4.41984,15,0.499568,1.02356,1.84676,282.332,31.0424,10.5128,9.87131,1.078,19.1878,10.9875,2.97499,4.28189,1.953,11,0.439172,1.39313,3.08418,227.931,24.6333,10.4517,48.2096,2.18481,16.3858,7.72695,2.6736,9.36861,3.74737,12,0.552821,1.01001,1.56441,149.271,13.9343,6.39034,11.681,2.25322,13.1733,6.96405,1.88233,2.92639,2.81099,7,0.616956,1.47597,2.75935,290.344,27.662,12.9838,64.5003,1.7078,22.8549,12.9883,4.33475,12.4215,2.80844,12,0.459539,1.38329,3.54396,203.545,20.4156,12.5089,25.1821,2.21708,17.2668,9.44633,3.26463,9.23083,2.51523,11,0.518616,1.06784,1.89817,259.399,24.4789,17.5655,69.8254,2.43892,21.525,11.0643,3.94878,14.2556,3.5367,11,0.614079,1.37265,3.09314,606.428,58.3815,19.6703,13.3518,0.844023,32.9365,17.1615,3.85788,7.22141,1.61557,17,0.823313,1.04155,2.52069,611.376,68.277,49.959,291.567,5.03454,42.1641,27.2853,7.50711,27.9486,5.83159,16,0.559792,1.39586,4.18361,273.03,49.6737,26.066,54.5051,1.76494,23.7326,15.282,4.10277,9.99146,2.63602,13,0.576883,1.24077,2.0162,186.451,25.1032,10.9528,25.0067,1.09196,15.2518,10.0479,2.53471,4.12964,1.1929,9,0.626808,1.32785,2.1751,330.102,28.5386,22.3438,33.7336,1.75997,23.5253,11.3825,4.29016,6.00641,1.67253,16,0.550976,1.27237,2.38743,310.453,52.6072,19.6838,28.7835,0.893131,24.533,15.0099,4.3074,6.38327,1.50618,15,0.527454,1.18723,2.13911,455.401,43.8004,19.8153,22.6251,1.32346,33.0947,17.3801,4.7536,7.05911,1.70004,12,0.636956,1.42732,4.64532,259.807,25.4821,14.3323,22.0839,1.45808,19.9137,11.1996,3.3144,3.89813,1.00507,15,0.42001,1.06864,1.17047,834.963,147.278,43.9206,98.8805,1.61647,55.4078,32.8799,8.25874,18.3743,4.27346,18,0.817292,1.33382,4.73526
gr00t_wbc_h074_p000,4003,complete,90,18,8.37275,2.49993,0.0147938,0.0128883,157.325,13.8857,8.63595,15.5547,1.0049,15.3921,8.54666,2.46078,3.77211,0.933792,10,0.372558,0.903787,1.57991,223.558,17.7496,11.4734,19.4598,1.66566,19.4158,11.7435,3.39156,6.17564,1.22751,12,0.51702,1.10614,2.36385,307.645,35.2922,11.2115,23.7456,0.942774,21.2133,14.7401,3.13388,6.70883,1.17362,10,0.49672,1.35974,3.92253,250.96,24.1681,14.2567,23.334,1.36976,20.2926,12.4568,3.50607,6.26905,1.7132,16,0.426023,0.995016,1.66256,305.978,29.6376,17.6853,26.4044,2.22409,27.1172,13.6834,4.72411,9.24019,3.85275,19,0.476496,1.04755,1.97114,249.708,24.4792,11.4887,20.0527,1.03707,20.9472,10.0887,3.23503,6.05813,1.88178,14,0.521298,1.1321,1.90608,457.232,50.603,22.2908,20.7698,1.46162,33.6189,18.1794,5.16728,9.67643,2.51358,16,0.522989,1.51284,4.47193,323.408,33.1434,15.8038,45.0676,113.823,24.3711,11.0366,3.98044,11.0013,9.21562,14,0.468364,1.37385,3.53376,169.566,23.833,13.5801,24.3862,4.49717,14.0034,8.5574,2.46089,5.31271,3.53557,10,0.465377,1.07398,2.03796,232.473,41.7466,15.4075,22.7695,6.32574,19.9647,10.9069,3.15097,7.28237,5.17865,8,0.573854,1.71936,3.81994,280.453,39.1494,27.6348,48.6255,3.24033,23.7658,13.6599,4.56596,9.40568,4.4451,15,0.536065,1.34497,2.63818,466.578,102.133,48.4159,36.381,2.17294,34.8384,21.5056,6.27573,8.63693,3.03218,16,0.674811,1.45806,3.70841,713.4,130.027,64.0098,374.226,45.619,55.1968,32.0708,9.30591,34.703,12.4549,19,0.444876,1.2277,3.69756,401.24,31.2219,25.0498,34.2756,0.749847,31.6341,17.3778,5.21042,8.45434,1.60546,17,0.471365,1.18605,4.31795,263.407,27.6647,22.4328,26.3336,3.28558,20.0021,10.9678,4.00477,5.70819,2.76709,11,0.65069,1.58806,3.72052,333.723,35.857,21.8853,41.3112,1.00633,25.9434,13.5112,4.67164,8.36363,2.08236,16,0.595098,1.26203,2.39356,310.187,53.683,17.5368,24.008,1.1032,22.3548,14.0798,3.88052,4.81445,1.08454,12,0.535079,1.3687,2.27209,191.887,17.7592,12.3558,45.5639,1.71146,15.4169,6.46623,2.68563,5.57383,1.8727,5,0.533485,1.79269,4.81783
gr00t_wbc_h074_p000,4004,complete,90,18,10.1055,2.8019,0.0622485,0.0540623,288.904,36.6332,14.3089,27.8159,1.45569,25.1863,14.8824,3.97903,7.48168,1.55148,19,0.413403,0.988767,1.9588,254.723,24.9189,20.5336,54.3056,2.03984,20.2831,10.9737,3.43433,6.95659,1.7474,10,0.568797,1.59238,2.9408,223.183,23.1831,15.0086,26.5927,0.586643,19.1135,13.8042,3.12295,4.62684,0.923769,16,0.482174,0.967824,1.78146,168.332,14.3233,10.7581,17.6662,0.645039,14.6165,7.89506,2.33402,3.98875,1.03259,11,0.482204,0.99217,1.80101,179.043,40.8258,13.3692,35.1991,1.60392,16.15,9.69962,2.52216,5.09112,1.47014,9,0.727745,1.25273,2.19458,172.37,16.2249,11.2832,15.4227,2.43952,14.1763,8.42202,2.31301,4.09958,2.27214,10,0.396403,1.11671,2.29635,492.111,48.2635,23.2754,8.35876,1.87068,35.235,16.9269,5.76124,6.08258,4.02925,17,0.538001,1.52084,4.0541,271.02,20.1636,14.652,11.9698,1.21967,21.234,11.4915,3.68678,5.29154,2.25262,14,0.522643,1.18306,1.96098,226.708,20.7731,17.2274,30.335,19.7998,18.6603,11.7652,3.95301,13.0329,8.01506,11,0.570445,1.29004,2.41705,344.09,59.6352,23.8441,14.9693,3.49959,27.6707,15.9861,5.36257,9.40996,5.55476,19,0.577595,1.2166,2.29533,228.507,17.8175,12.5099,10.6924,3.4756,20.7351,11.8299,3.69839,6.57434,4.41605,16,0.508041,1.15242,1.54244,182.434,20.0032,10.8898,16.4156,1.13366,15.9119,8.08066,3.0608,5.76982,2.8633,11,0.471599,1.21921,1.55058,521.977,79.5218,113.591,251.919,74.8772,46.3376,24.0585,9.40448,29.3674,15.5988,16,0.561437,1.32165,3.82617,407.08,72.262,24.2986,36.0106,1.27818,35.1505,20.7448,5.23275,8.63572,1.96551,19,0.666441,1.18351,2.47523,357.407,28.7314,19.7111,43.7876,1.08809,25.749,14.4059,4.37049,9.01299,2.12866,13,0.517785,1.45695,2.83316,284.891,24.6163,18.6313,23.5733,0.444633,20.6736,11.6606,3.06271,5.78909,1.00508,12,0.451881,1.17469,1.57778,237.844,24.4985,16.3253,27.1334,1.16467,18.4449,9.97916,3.19064,5.05297,1.3223,10,0.569508,1.30796,2.20195,368.024,48.8513,26.2542,36.3986,3.45542,27.8105,13.345,4.78072,7.23383,2.92353,17,0.439117,1.29761,2.49105
gr00t_wbc_h074_p000,4005,fell,50.62,11,14.5093,14.8906,2.98434,2.68827,106.44,20.2128,7.64473,17.5932,0.895077,11.6835,7.35368,1.97201,3.33326,0.756587,9,0.312749,0.819981,1.27215,172.095,13.774,10.8843,21.4302,0.920861,13.8951,5.85104,2.6968,3.37736,0.865922,9,0.522892,1.24402,2.26216,242.737,27.9076,13.2069,17.0923,1.38125,16.48,9.68668,2.37928,4.97748,1.18141,10,0.575149,1.16595,2.57319,279.922,50.5853,17.7266,18.423,1.24875,24.1023,15.0792,3.9754,7.43753,1.86441,18,0.626868,1.06533,1.90291,316.191,33.844,26.4366,28.0525,0.705731,28.5088,15.2219,5.14337,6.90005,1.8667,17,0.594713,1.31119,2.10464,202.871,22.4947,35.2952,98.0383,4.38625,16.2064,8.65981,3.04806,10.7424,3.46766,9,0.472119,1.13833,1.83089,278.578,29.1285,13.3026,18.3186,2.49608,22.532,11.4213,3.59521,7.06068,3.4992,15,0.54405,1.09787,1.62793,351.353,50.3743,17.737,30.719,4.45946,28.1525,14.8417,5.08998,12.2183,7.07902,16,0.679651,1.43266,2.60598,256.454,32.4658,14.7223,26.9756,1.52328,18.3358,9.57322,3.01276,4.15459,1.3794,11,0.604646,1.41275,1.97397,211.341,21.6674,14.7395,28.6277,1.22139,15.1843,9.07801,2.44016,5.09,1.55562,7,0.522902,1.38811,3.57121,1701.92,298.484,171.825,269.674,67.4941,45.3013,25.7985,11.4291,36.7218,19.168,4,0.372305,0.693998,3.59142,,,,,,,,,,,,,,,,,,,,,,,,,,,,,,,,,,,,,,,,,,,,,,,,,,,,,,,,,,,,,,,,,,,,,,,,,,,,,,,,,,,,,,,,,,,,,,,,,,
gr00t_wbc_h074_p000,4006,fell,70.72,15,9.70378,9.7893,2.41619,2.17731,267.714,30.048,11.3026,14.8412,2.03278,23.5561,14.8843,3.46963,7.12044,2.67514,14,0.46612,0.987654,2.07421,246.978,23.0599,10.7241,20.2088,1.92393,22.1465,12.5353,3.27909,7.20368,2.81853,12,0.578008,1.26455,2.83623,144.767,15.2232,6.04384,9.85197,1.36575,11.7662,7.62441,1.88756,4.13051,0.925901,8,0.515555,1.13102,1.9391,187.262,15.3932,7.05953,14.257,1.60329,15.503,8.36995,2.50326,4.05956,1.41923,10,0.432846,1.06244,2.06959,88.3965,8.97536,4.63025,15.0776,1.29755,9.0409,4.13848,1.59317,2.85438,1.32204,7,0.523462,1.10734,2.10447,540.004,84.3533,17.2111,9.34497,1.62938,32.8368,18.8114,3.93806,7.75659,2.68184,11,0.434407,1.16072,4.98855,328.015,25.3495,11.1101,11.1289,1.54898,26.3594,14.4519,4.67106,6.99068,3.03674,16,0.494338,1.17823,2.80131,235.245,32.9525,11.9766,35.7573,1.63066,18.8017,10.8453,3.58221,11.383,3.80568,10,0.604071,1.16078,2.27385,302.945,65.3157,19.0276,24.7773,1.70603,21.7599,14.2646,4.23654,9.62409,4.39639,17,0.617649,1.00548,2.31338,531.781,58.2736,24.0585,8.49675,0.771049,28.7227,19.7997,4.63049,4.21162,2.00849,16,0.582252,1.28291,3.60253,1225.23,75.8134,39.6287,32.6044,2.17591,63.2173,32.5002,8.22534,10.0958,4.5504,21,0.49222,1.21181,8.22956,248.921,26.1851,12.1602,18.5948,1.15775,22.1047,13.9696,3.54015,5.50257,2.00279,9,0.55906,1.25199,3.7933,285.186,36.9058,12.6111,13.8953,0.754129,19.466,8.82416,3.52712,6.34612,1.43394,13,0.532331,1.32511,2.61765,325.509,81.0494,26.3765,45.0039,1.64763,26.9016,22.0165,5.12654,11.9777,3.10652,14,0.470122,1.22877,3.15408,2404.64,336.24,146.16,26.0123,28.5772,68.5437,36.4511,10.9864,13.1757,12.5228,1,0.522408,0.974651,1.83881,,,,,,,,,,,,,,,,,,,,,,,,,,,,,,,,,,,,,,,,,,
gr00t_wbc_h074_p000,4007,complete,90,18,15.6502,2.8642,0.0133141,0.0188266,170.776,23.3956,9.39759,43.0569,9.4233,16.4372,9.0742,2.63488,7.131,4.27438,10,0.454985,0.982519,2.23174,259.887,22.8626,19.4298,30.5062,5.21816,20.0813,11.6609,3.35499,7.76655,3.47884,13,0.485929,1.09221,2.0047,261.146,23.0862,15.0537,21.0847,1.52067,20.6302,10.2602,3.77165,4.46688,1.3153,15,0.473015,1.08704,2.65204,208.647,20.0033,10.4096,20.705,1.11545,16.0194,8.5046,2.6339,3.44028,0.965958,11,0.582954,1.18815,2.67162,323.634,32.8625,17.2272,24.7911,1.12568,26.4346,14.5799,4.03946,6.30329,1.26282,13,0.664038,1.33728,3.58432,264.714,28.3821,12.3123,20.5326,1.53948,19.7988,11.5871,3.23144,6.2352,1.89991,9,0.630841,1.53876,3.541,299.088,26.022,15.4108,17.7658,2.2589,26.2344,14.2201,4.01214,7.59697,4.44176,17,0.484429,1.09927,2.10089,352.396,43.9849,17.4407,33.2759,0.964239,27.3429,16.9022,4.24591,9.75458,3.25595,16,0.596178,1.23933,3.2327,289.667,40.4128,15.0588,22.497,1.38461,23.7315,14.9953,3.73558,6.70916,1.94826,12,0.511073,1.34319,2.811,308.019,25.5453,13.8009,18.0353,0.992548,23.708,13.0702,4.12119,6.01262,1.24368,15,0.52701,1.15808,2.80098,280.927,26.7866,12.5346,18.226,1.38486,22.5175,12.289,3.5711,7.35621,2.72441,14,0.544983,1.13452,2.26717,866.572,110.353,47.5609,60.8793,14.3443,56.2442,31.8424,8.74033,23.2453,9.30134,19,0.57326,1.50002,5.82917,498.336,114.969,27.9695,27.0324,1.64161,39.4844,30.7513,6.13355,12.3641,4.39321,20,0.656805,1.15634,3.16914,2282.47,374.248,171.911,148.635,23.3701,113.731,76.2129,16.9405,38.0996,11.9345,19,0.410261,1.43618,14.8826,501.934,43.1417,20.1189,25.2452,1.45045,33.3219,19.8832,5.23346,8.26108,2.244,16,0.562488,1.36284,3.50636,531.646,76.1265,34.0397,34.8793,1.46397,39.4401,23.1672,6.29192,9.5542,2.21395,20,0.561504,1.36359,3.37179,172.198,13.7152,8.86108,19.4431,0.98877,12.8403,9.09112,2.1753,2.79608,1.09941,9,0.46345,1.10143,1.66924,224.402,36.8265,14.1519,15.8813,1.74665,18.9649,12.8987,3.17958,4.73475,1.41885,13,0.624136,0.946764,2.04339
gr00t_wbc_h074_p000,4008,complete,90,18,15.3528,3.00243,0.0306516,0.0234754,236.389,28.6829,12.9158,14.6448,1.81356,23.7233,13.887,3.79867,5.738,1.31578,18,0.366819,0.845374,1.53785,155.824,15.3434,10.3859,14.7792,1.37811,13.3981,8.9056,2.20138,4.08551,1.41603,8,0.488344,1.2226,1.91573,181.5,20.2698,6.43603,8.78107,1.12732,13.7865,7.00394,2.1554,4.12362,1.03759,10,0.617856,1.09988,1.8519,272.562,25.6184,13.3826,14.0334,1.59591,24.1015,12.7547,4.09244,7.40215,2.29314,20,0.390468,0.930193,1.27945,366.126,35.1081,18.5344,144.03,4.6745,28.3504,16.1078,4.4481,16.9828,3.0584,13,0.463535,1.2552,3.48502,292.443,25.1512,14.634,16.3518,1.77362,26.2193,13.7394,4.24323,6.9573,1.40385,16,0.564488,1.27058,2.14831,173.313,16.9808,14.6038,40.9484,1.58938,13.7077,7.18652,2.56873,7.17971,1.80261,10,0.424894,1.06604,1.55776,260.271,35.8253,12.6555,17.5154,1.1606,21.1912,10.1804,2.99638,5.79389,1.24843,10,0.590532,1.24564,2.39115,405.011,42.0303,15.8189,16.3839,1.1943,31.1589,15.5887,4.60517,7.87451,1.44536,15,0.549304,1.45868,3.86918,210.74,20.6457,12.4847,16.9601,1.34864,17.0041,7.73094,2.84875,4.9804,1.66781,10,0.45829,1.41473,2.54548,981.047,98.0048,36.5391,19.9151,3.17625,60.9876,34.8484,8.18057,12.9831,7.76635,22,0.382297,1.53323,6.90096,502.885,39.8219,23.2089,15.9204,1.29167,34.3155,18.7997,5.55731,9.10118,4.95238,17,0.548669,1.38628,3.39334,195.333,19.3193,14.5483,16.6323,1.30501,15.0822,9.12842,3.04959,5.91552,1.48874,9,0.638522,1.35672,2.47023,352.533,32.4222,12.6505,13.6615,1.25685,26.8045,14.3376,4.26545,9.19341,2.64016,20,0.477248,1.02258,1.83974,316.947,68.5438,24.6811,20.3171,1.18423,27.569,20.7304,5.11477,8.71725,2.27931,16,0.590914,1.32168,2.50608,229.503,25.4092,13.9006,20.2947,3.74371,18.0075,8.56767,3.15932,6.4375,3.0095,8,0.593791,1.72289,4.63488,353.888,38.6738,21.0725,17.2632,2.17367,29.618,15.3396,4.98357,7.84587,4.85919,16,0.538748,1.28005,2.69305,600.146,62.4725,32.4319,25.2243,1.15249,45.0756,24.3838,7.10259,11.0568,4.72387,24,0.507768,1.26994,3.39783
gr00t_wbc_h074_p000,4009,complete,90,18,7.36007,2.85509,0.00434221,0.00928666,291.391,37.2631,16.2708,23.9721,1.49131,28.6123,15.8576,4.53718,6.63092,1.28574,21,0.422462,0.931539,1.59437,221.612,20.4232,7.68367,15.2825,0.967376,16.9962,7.25225,2.6821,4.15046,0.797733,10,0.543827,1.27124,2.60866,204.496,20.9604,10.5052,17.2487,1.73387,16.4781,10.6604,2.66814,4.25386,0.781336,11,0.505283,1.10471,1.9752,69.7812,7.33998,8.04085,29.7186,1.52212,6.30039,3.23809,1.45613,6.87105,1.79607,5,0.557039,1.01477,1.72486,269.805,24.8017,11.6557,14.7017,1.08252,23.2625,12.646,3.85584,5.17529,1.59457,15,0.50399,1.17539,2.02932,178.648,21.5659,8.38696,16.6349,1.67811,14.1558,7.73094,2.83828,4.50876,1.55249,10,0.558296,1.25524,2.52032,174.52,31.253,11.8448,19.4066,1.35204,13.5643,9.91003,2.56686,3.44504,1.79703,10,0.54056,1.0973,1.90574,239.238,25.9345,13.7145,18.8637,1.0249,20.7147,14.7359,3.72472,5.60366,1.83622,14,0.495079,1.12493,2.42439,327.976,33.4571,12.8864,19.1059,1.46364,27.0424,18.7813,4.02727,6.3058,2.05895,21,0.402222,0.937298,1.93539,584.904,53.0189,22.1986,16.2666,0.868418,39.6268,20.9064,5.55825,6.94451,2.5331,14,0.563276,1.35378,5.28755,292.273,29.1706,11.3865,11.1558,1.56248,25.0239,15.9129,3.96571,4.41056,1.73507,13,0.594262,1.46353,3.42284,281.396,28.2068,10.8084,11.3762,1.19809,21.8445,12.6097,4.00153,6.60723,1.44899,13,0.522853,1.32106,2.82934,223.665,22.2218,10.9675,14.7295,1.10401,17.8431,10.6421,2.94868,8.48821,1.60072,13,0.383808,0.902657,1.57462,328.158,37.0417,24.5453,44.2637,2.43752,30.3612,19.691,5.3345,12.4552,3.06886,20,0.465688,1.07588,1.93133,418.113,72.8585,26.0694,19.8531,1.34707,34.6828,22.1163,4.69982,10.2836,2.20606,13,0.691062,1.46109,3.68742,200.855,24.9083,11.7057,19.2067,1.49587,18.9413,10.7085,3.40615,9.0032,3.01195,12,0.476133,1.13467,2.12776,181.135,20.8181,9.09648,12.9402,2.28062,16.7773,9.25892,2.71957,5.4116,3.32862,12,0.451438,0.980085,1.57249,210.826,27.2581,12.4932,62.9092,9.82074,14.0972,9.61184,2.06386,12.6953,7.45656,4,0.545439,1.6384,4.97313
gr00t_wbc_h074_p000,4010,fell,80.7,17,7.768,7.40428,1.04652,2.60077,247.557,24.2456,11.8973,14.2835,1.14437,23.8837,13.766,4.08082,7.08096,1.98501,16,0.44688,1.00367,1.70774,292.626,27.7237,12.2679,19.2946,1.15716,24.3506,13.0213,3.95444,5.92055,1.57346,13,0.591715,1.48722,3.03125,246.375,22.4864,11.533,22.8584,1.49128,20.4145,11.9855,3.35191,5.57637,1.15986,12,0.593373,1.28543,2.55526,171.256,15.533,10.5103,19.8958,0.874293,13.8066,8.17177,2.47725,4.48608,1.02648,10,0.50337,1.0998,1.68698,108.934,8.79077,6.90351,7.68665,0.685816,10.7725,7.30713,1.98092,3.88274,1.83682,7,0.519243,1.09706,1.54361,134.048,14.4713,9.00735,10.4026,1.95012,12.7864,6.4747,2.5129,6.22195,4.09804,10,0.413696,0.904958,1.31056,266.443,37.3168,15.2475,59.6664,2.00209,21.2145,10.9276,3.6526,9.84928,3.08961,14,0.593296,0.999272,1.55207,292.405,41.19,21.8508,90.4765,2.16028,23.3094,13.3735,4.222,13.0596,2.98893,14,0.555656,1.18244,2.20196,313.589,35.5981,17.3559,18.4849,1.12274,25.3857,13.795,3.65957,4.40755,1.41592,13,0.708846,1.38721,3.12662,301.459,24.8432,25.3813,74.2848,2.62849,26.7219,14.8367,5.21258,17.8875,4.9885,17,0.474592,1.04363,2.08916,417.68,41.1035,17.8669,33.9226,12.7861,30.7496,13.2474,4.83548,17.2139,8.11239,13,0.552287,1.52515,4.0334,405.167,33.7858,25.5966,24.1965,1.97274,34.9208,18.3378,5.74278,13.2983,5.73758,19,0.482348,1.24758,3.31577,171.086,19.3922,18.2574,25.4015,6.66407,14.8375,7.06877,2.71149,8.29329,4.78126,8,0.589058,1.21221,1.89599,271.283,29.2087,10.6694,17.3932,1.73298,20.4398,9.79302,3.80603,9.55838,3.22831,13,0.576384,1.23449,2.40915,434.623,44.9851,18.2888,12.627,1.42674,29.8493,11.5953,4.75639,9.45823,4.23316,16,0.536403,1.58226,4.83175,286.061,26.7608,13.8187,12.8871,1.2437,23.4135,10.6166,3.64908,5.05392,2.05199,10,0.600427,1.34304,4.13183,2790.93,168.365,104.252,14.8047,5.1732,69.3975,18.599,9.91143,7.77773,4.24396,3,0.221959,0.801595,3.59585,,,,,,,,,,,,,,
gr00t_wbc_h074_p000,4011,fell,60.88,13,16.6898,10.2066,3.01855,1.58401,270.214,28.957,13.1187,13.829,0.974157,23.1259,12.2798,3.4486,4.92627,0.997944,16,0.435061,0.912182,1.6657,367.988,30.1202,15.4229,21.9273,1.0699,28.6472,12.2791,4.66893,9.2546,4.90833,18,0.564709,1.26625,2.76588,222.274,23.1498,15.9853,29.6436,2.18546,18.7295,11.1957,3.42561,6.27168,3.10988,11,0.611111,1.27372,2.05945,214.583,19.8583,13.6611,21.2246,1.11929,17.7273,9.80116,2.88776,3.80851,1.08103,16,0.40668,0.89003,1.34286,401.457,45.6368,29.3828,73.6301,1.96677,29.3485,15.5146,4.81956,9.45385,3.41524,20,0.419621,1.08172,2.13903,398.101,44.7542,17.2061,44.7025,33.027,28.0862,13.4158,4.98209,22.1797,12.3517,13,0.542921,1.71382,4.84758,213.89,44.3073,15.8042,22.4249,1.34139,19.093,13.2127,3.1219,6.57587,1.37928,11,0.598788,1.39866,2.39461,297.511,48.1711,17.8929,22.3289,1.25608,23.4686,12.7942,3.76761,6.95752,1.48027,12,0.576226,1.25888,2.09975,332.323,42.0373,27.1105,33.9603,1.13007,25.5147,12.7048,4.45123,10.3853,1.86068,11,0.589328,1.68185,3.85893,283.514,32.7944,23.6085,19.0999,2.13028,22.4151,11.6836,3.71761,6.32539,3.76766,18,0.43617,1.02072,1.49188,314.245,23.2031,15.4996,18.9762,1.74879,21.6211,10.1931,3.69319,6.59689,3.46525,10,0.402309,1.17061,2.96254,312.94,22.8104,13.7631,12.3293,1.3465,19.0873,10.1913,2.51131,4.93612,2.02127,9,0.44701,1.10809,2.11307,2498.31,234.573,412.284,370.121,124.577,71.4109,27.6266,19.8642,67.8483,20.3174,1,0.41993,1.56758,34.1982,,,,,,,,,,,,,,,,,,,,,,,,,,,,,,,,,,,,,,,,,,,,,,,,,,,,,,,,,,,,,,,,,,,,,,
gr00t_wbc_h074_p000,4012,complete,90,18,9.27925,2.23935,0.0679689,0.0999323,295.829,37.615,15.6996,18.5119,0.859256,27.8284,15.1647,4.42853,6.68423,0.939684,19,0.400649,0.901929,1.49453,106.569,10.1749,6.61407,18.273,1.30033,9.14271,7.30438,1.50771,2.66556,0.853577,7,0.409459,0.966422,1.47645,322.168,32.9545,13.4076,18.1943,0.997401,25.7497,15.5673,3.76312,7.57944,1.17727,13,0.550581,1.15814,2.54183,473.716,49.1148,17.5246,40.8354,1.99052,32.7549,16.2091,5.05271,11.7704,1.84669,17,0.588016,1.49513,4.14808,367.43,33.3839,16.6584,16.4391,1.54551,25.1707,14.2641,4.16794,8.44159,2.13424,13,0.490947,1.47198,3.78511,122.105,12.056,6.85136,12.874,1.0597,10.9172,6.63679,2.08334,3.22027,1.25515,7,0.528511,1.18482,2.26844,243.73,18.9301,15.6278,15.9893,2.00815,20.9345,12.183,3.86107,4.3127,1.91789,17,0.507074,1.06506,1.65908,296.332,35.7225,27.9554,169.331,18.1757,25.1469,14.7215,4.70575,21.6138,6.77365,14,0.434725,1.06935,1.7472,265.531,31.7858,17.0961,25.4183,0.570343,24.0103,14.2605,4.12898,6.44842,1.76234,17,0.466831,1.07558,1.76099,242.41,30.3459,15.7638,18.8204,2.89008,21.0959,11.3641,3.82651,9.80645,4.87172,14,0.536946,1.15025,2.00385,208.706,20.7664,8.91911,19.8806,3.28072,16.7042,7.74493,2.98291,4.74357,3.63765,10,0.610145,1.19424,2.36255,362.915,36.8416,58.4276,258.804,9.8455,29.2726,17.4467,5.98321,17.3443,8.42011,16,0.537906,1.29351,2.35032,258.641,30.0916,17.653,21.8632,0.999691,21.7116,9.66159,3.63575,6.08298,2.15837,16,0.469193,1.11614,1.85044,266.223,55.9296,19.2974,28.2799,1.5097,22.84,12.9042,4.27716,4.8921,1.6812,15,0.488979,1.35597,2.66502,544.116,75.2453,40.42,110.695,3.09895,39.8022,21.1657,6.20091,13.7228,3.98685,21,0.520117,1.08779,2.77402,207.86,28.9749,20.1858,46.8709,1.41434,13.8974,7.35942,2.94852,6.84437,1.71182,10,0.468848,1.17425,2.69065,857.991,67.1052,53.7026,47.8937,1.22558,53.2827,27.0201,8.17695,12.2852,2.56582,19,0.478553,1.50993,6.08219,409.816,40.4849,23.0598,23.6482,1.54107,30.6653,14.8883,5.53727,8.34466,1.39331,18,0.526922,1.33129,3.63101
gr00t_wbc_h074_p000,4013,fell,55.96,12,12.9265,4.75445,3.20996,3.45926,253.372,29.1648,13.112,12.5207,1.08394,24.321,13.6906,4.07736,5.35011,1.03002,19,0.41797,0.915551,1.54213,102.244,7.48014,5.51614,12.3502,1.44834,9.66799,6.29769,1.76838,3.95049,1.33487,6,0.52725,1.16734,2.05563,221.791,19.1662,11.1861,12.7048,1.63005,20.5321,12.9103,3.21517,4.21743,1.3989,15,0.521316,1.05513,2.25787,230.952,18.713,9.8711,17.4792,1.59443,18.621,9.73399,3.20329,3.9223,1.55494,13,0.452202,1.15746,2.17673,207.024,20.9602,7.83295,6.62165,1.66909,16.263,10.3254,2.63716,3.56049,1.76488,12,0.433915,0.969844,2.27445,415.932,44.3032,16.7469,18.6562,2.47402,32.4034,19.4405,4.49786,7.86304,2.44897,15,0.665426,1.42428,3.1305,182.932,25.4613,7.99461,8.73485,1.91916,14.3268,9.97927,2.3541,3.81222,1.38917,9,0.522122,1.18866,2.02988,327.189,31.0729,15.242,10.2137,1.1701,28.4178,15.1106,4.58678,4.92211,1.81848,19,0.513696,1.13875,2.64422,364.292,40.3849,22.0561,110.26,5.10207,28.2647,18.7536,5.2388,14.4692,6.61439,16,0.538239,1.21187,2.76919,284.73,33.2543,11.0222,18.3287,1.18148,21.751,12.2649,3.5951,4.15759,1.81454,14,0.517209,1.14836,2.69202,463.448,38.1958,15.3427,32.5358,1.51391,28.5613,16.8839,3.8852,4.98751,2.25718,11,0.442343,1.30392,4.19183,1727.62,77.2456,40.1976,14.5135,0.678442,57.1487,20.1619,6.81505,10.047,2.64255,6,0.55247,1.56506,17.619,,,,,,,,,,,,,,,,,,,,,,,,,,,,,,,,,,,,,,,,,,,,,,,,,,,,,,,,,,,,,,,,,,,,,,,,,,,,,,,,,,,,
gr00t_wbc_h074_p000,4014,complete,90,18,9.48069,2.97556,0.0113048,0.0106552,278.756,28.894,14.1778,16.797,0.994572,25.9678,15.1539,4.16818,5.25544,2.19919,16,0.480345,1.04188,1.7316,196.055,21.4245,12.7509,27.0817,0.931859,16.8983,10.277,2.50098,3.78549,1.04857,9,0.657531,1.35928,2.68569,196.236,21.9187,12.0082,21.9306,1.07779,15.4838,7.9933,2.45846,3.59971,0.914932,9,0.618889,1.15126,2.54665,331.126,36.9143,17.7498,26.9908,1.57068,25.9257,13.4166,4.32735,8.79818,1.67446,15,0.527962,1.41948,3.03522,272.172,26.5623,17.6355,57.8295,1.73818,19.8785,10.856,3.11243,11.1162,2.58852,10,0.525674,1.59868,3.60926,143.044,21.6069,6.74633,17.9524,1.31004,10.8095,5.24456,1.88293,4.21956,1.03987,5,0.729939,1.2817,1.99834,269.653,34.5708,44.1757,40.6879,1.65214,21.5327,11.266,3.59809,9.34913,1.36835,13,0.477385,1.28628,1.98474,355.893,31.0886,30.516,73.8002,2.09058,24.873,13.8405,4.6586,13.0071,2.84832,16,0.454409,1.20606,2.36094,172.767,13.2121,11.316,19.6624,1.34139,16.3659,9.74491,3.0471,4.25502,1.02322,12,0.446489,0.97704,1.57008,331.963,42.6072,42.9445,147.356,1.78917,31.0752,15.9504,5.5001,15.4924,2.42461,17,0.493018,1.20022,2.79963,505.997,48.8999,25.0668,25.5602,0.853433,38.8734,21.5459,5.97829,9.59389,1.52758,16,0.551639,1.60404,5.21411,355.53,28.1369,19.7159,28.1276,0.979718,25.4996,15.0159,4.32384,8.02838,1.33448,13,0.459643,1.35245,3.76686,463.709,52.7013,22.1248,22.9217,1.85974,30.9203,16.7899,4.62363,8.76737,2.15353,14,0.443669,1.42967,3.43022,470.246,71.7628,22.2209,22.9955,0.913292,35.0869,22.0789,5.06458,8.77956,1.74033,17,0.61852,1.2928,3.91042,1120.72,78.6625,49.1476,33.9743,1.04463,64.8137,30.5816,8.66251,15.565,2.14198,21,0.42044,1.41369,8.68553,132.049,22.8129,7.80365,9.17737,1.81312,12.0265,7.76153,2.21618,5.48976,2.05226,7,0.42138,1.09456,2.44223,215.587,23.6429,13.8352,33.6534,1.58674,17.8444,10.4495,3.12513,9.96261,2.29702,9,0.590001,1.37745,3.4581,307.333,30.1735,19.0563,26.3012,2.83289,22.5851,11.4199,4.03762,10.5259,5.96574,8,0.61935,1.71683,6.1587
gr00t_wbc_h074_p000,4015,complete,90,18,9.84669,2.01641,0.0381107,0.0439022,296.882,29.3463,16.2061,19.0326,5.27629,26.0911,14.4743,4.07291,9.95576,5.54349,18,0.443327,0.920305,1.52643,305.877,25.383,13.2213,15.4777,3.28501,24.716,14.1713,4.18623,6.8128,3.52896,16,0.472627,1.18777,2.2378,189.988,24.7864,8.67601,18.6475,2.00015,13.3256,6.83068,2.41199,4.57685,1.89261,6,0.59907,1.95037,4.0949,244.342,28.879,19.0202,50.3849,1.71224,18.6556,12.0939,3.47718,8.70294,2.56936,16,0.479766,1.0532,1.68035,210.382,29.2678,14.4976,19.7469,0.908017,16.1965,7.87444,3.00518,3.78792,1.21846,8,0.633088,1.69603,3.5525,418.763,42.0437,22.2456,28.7287,0.798898,29.434,18.7227,5.04747,6.54151,1.74239,18,0.546131,1.24465,2.55484,111.032,8.21443,11.0614,20.9519,0.854566,9.93437,7.37131,2.00971,3.51753,0.998215,8,0.457009,1.03115,1.44301,296.125,26.1449,19.7708,26.574,1.31952,22.7263,16.362,4.10721,5.17261,1.43342,16,0.482326,1.19941,1.85484,526.852,70.5673,25.9899,24.6365,1.51882,38.6655,23.9807,5.96256,9.06989,4.12439,16,0.656277,1.66961,4.05207,355.917,35.5809,17.9122,22.0798,1.06178,24.4912,12.9988,4.28323,6.39214,2.19666,16,0.464586,1.10256,1.83488,550.655,62.3531,24.2052,29.2817,1.3559,42.0999,20.4405,6.14997,9.23766,3.27688,21,0.422419,1.42266,4.08675,391.599,44.0689,28.3628,25.6435,2.32308,30.4608,20.1428,5.09084,9.97839,3.62642,18,0.483039,1.21874,2.57806,751.816,100.341,34.0185,31.2463,5.65159,47.9224,28.7948,6.87863,10.9047,7.89799,11,0.579204,1.90864,6.42512,240.548,37.0576,20.0952,33.2859,54.222,19.9214,12.82,3.75567,9.80491,5.45625,12,0.563529,1.23626,2.21514,243.507,26.6597,12.9246,16.1801,1.95404,18.7269,10.9879,3.047,6.54622,2.75059,12,0.495209,1.07862,1.69184,116.884,14.8915,6.15375,14.2743,2.36783,9.89847,5.22244,1.6554,4.66728,3.63731,9,0.358827,0.944538,1.00077,105.214,15.8221,14.8242,41.8077,2.77913,9.11244,4.93052,2.02345,5.19148,2.30091,5,0.441414,1.24475,2.23835,353.29,46.1424,20.1395,21.2259,1.05633,27.6631,15.7601,4.24652,5.75315,2.87116,18,0.55289,1.04566,1.80156
gr00t_wbc_h074_p000,4016,complete,90,18,7.73296,3.13263,0.0196165,0.0230488,251.027,28.4701,14.6505,10.2165,1.5773,25.7662,14.9794,4.15683,6.9117,2.64923,17,0.498063,0.99855,1.8351,153.311,16.1234,8.78986,60.2835,2.34607,11.5373,5.9328,2.1385,7.32835,3.09851,8,0.542989,1.10176,1.97715,272.329,25.5191,15.4642,22.2654,2.33954,23.446,11.5344,3.95242,6.34842,3.05528,15,0.531203,1.22584,2.0232,68.1978,11.0476,6.35324,27.889,3.84916,5.33243,3.56217,1.15325,4.29978,3.56041,5,0.250779,0.921675,0.616237,173.236,17.645,13.2803,13.7248,1.77939,14.586,8.1693,2.59789,4.70775,3.73505,8,0.584888,1.40863,2.72508,159.865,19.5503,13.1637,12.1835,1.32868,12.7371,5.63802,2.44817,4.96799,2.22208,9,0.563535,1.22345,1.96026,215.175,40.8268,24.5665,86.1748,6.68253,19.3774,10.1923,4.4973,15.2298,6.94707,11,0.563993,1.33217,1.83976,304.406,31.9116,21.9666,28.9422,1.63646,24.8953,13.3284,4.35581,8.56674,3.7746,12,0.476867,1.26822,2.82098,84.3938,7.60677,6.64851,20.6282,2.77407,6.81731,3.68137,1.4298,5.16879,2.94582,6,0.559965,1.10669,1.85263,274.761,24.4962,13.6436,16.7599,1.33022,21.8895,9.2514,3.89798,6.88764,3.56307,14,0.453686,1.22953,2.7291,223.945,33.0345,16.7908,12.6987,1.54745,19.1674,9.31868,3.09721,5.64776,2.61367,8,0.661136,1.4903,3.40507,238.514,24.4185,10.3327,18.8568,1.70113,19.5621,9.5519,2.96505,6.09155,3.01942,10,0.672754,1.67138,3.5895,335.855,43.8269,14.7489,12.4073,1.67436,28.2314,15.6338,4.15116,5.50655,2.75334,22,0.43882,0.892682,1.71418,537.303,70.6879,29.8065,114.262,2.89691,40.5915,27.7551,7.11263,20.8503,7.12445,22,0.444582,1.30435,3.16308,447.042,35.0751,49.4973,29.0926,3.02921,35.3219,19.3626,5.99232,7.95445,5.30578,18,0.524639,1.25455,3.08676,207.842,35.3225,11.7416,23.6786,3.10698,20.2091,10.8059,3.63986,7.35087,4.56661,13,0.55913,1.10971,2.25856,656.69,78.6997,26.2119,51.7517,8.73935,46.173,23.9446,6.62335,12.5585,9.50068,19,0.736351,1.40107,4.27354,298.7,29.9003,10.7086,11.2061,2.57234,22.3722,11.7503,3.53306,4.35633,3.44091,13,0.53659,1.2943,2.5854
gr00t_wbc_h074_p000,4017,complete,90,18,7.20683,2.90427,0.0120743,0.0187857,220.859,22.795,10.4652,12.5317,1.14323,19.8114,11.3084,3.28545,6.3789,1.3837,15,0.451248,0.834222,1.47928,286.995,24.4649,11.26,18.5064,1.63708,23.302,11.4654,3.19537,5.83902,4.5709,14,0.528339,0.99363,2.58399,321.382,34.0256,14.1549,26.0034,1.40589,25.2482,12.7855,3.97742,5.67894,1.16626,15,0.518829,1.26342,2.71618,208.818,21.1883,13.719,21.5964,1.03972,17.244,10.2384,3.14457,3.80729,0.981338,13,0.513794,1.11485,2.09487,214.013,27.4728,17.1152,23.8663,1.12461,17.9506,11.3483,2.92736,4.33488,1.11245,13,0.438868,0.992261,1.76745,245.448,26.4061,16.4567,30.9536,1.73979,20.3941,10.4893,3.5216,6.3842,1.27215,10,0.628411,1.57468,3.15596,378.641,29.716,15.2251,50.663,1.26732,26.7252,15.8092,3.9417,10.4028,1.85333,12,0.478365,1.29657,4.13212,274.236,24.3341,10.7266,10.0689,1.49656,22.0069,10.9014,3.71283,6.08839,1.30187,14,0.55046,1.14188,2.2712,556.573,91.8318,26.0518,11.5086,1.16102,42.7381,28.7195,6.4014,9.06663,2.50769,21,0.487564,1.11191,2.99622,377.263,41.0167,18.6239,16.0335,2.40154,28.5809,13.879,5.0132,6.70755,2.7198,16,0.652385,1.42496,3.81586,539.876,69.5278,30.352,24.4764,1.82574,35.4785,19.9818,5.61588,8.4509,2.95228,9,0.611732,1.48634,6.82245,384.508,42.9548,27.5358,25.2365,1.11327,30.2656,16.8269,4.87447,5.62863,1.499,15,0.629816,1.46008,3.74153,330.671,61.213,25.504,27.0061,1.55209,27.0199,17.299,4.89057,6.64405,1.81594,21,0.412712,0.99598,1.79002,247.911,23.335,14.9427,23.1043,1.52721,21.4661,10.6958,3.42689,5.46173,1.51312,11,0.60762,1.39456,2.45875,206.493,24.7815,11.2552,17.759,1.28091,19.2552,9.35881,2.99035,4.53071,1.29321,9,0.597023,1.37901,2.17771,318.296,36.6238,16.5854,23.3738,1.53709,25.1226,14.0942,4.46296,6.01127,1.3932,15,0.5401,1.28313,2.04073,213.86,25.6681,11.6616,14.923,1.54061,17.8122,8.51936,3.20676,4.29701,1.20997,10,0.629234,1.36268,1.8704,210.444,41.2666,14.2193,12.179,2.38636,19.2138,9.90095,3.47646,6.84997,3.47982,9,0.73759,1.48963,2.64958
gr00t_wbc_h074_p000,4018,complete,90,18,12.9585,2.68311,0.0161546,0.0179167,136.465,15.9392,6.2519,12.4511,1.94998,12.6109,7.23502,2.01892,3.79151,0.963926,8,0.394197,0.770283,1.51941,195.559,18.6873,12.2987,17.5079,1.72629,15.065,9.06865,2.99875,5.03673,2.59312,11,0.552427,1.23845,2.80528,292.743,25.9375,14.2038,33.1251,1.37088,22.9694,13.6165,3.7081,8.29856,2.01082,14,0.518222,1.18023,2.27447,329.382,33.2678,15.0568,12.8703,1.99672,24.9187,16.6216,3.92376,6.967,1.9056,16,0.428015,1.05486,2.28125,254.764,26.5982,10.395,14.2168,2.04645,20.6744,15.482,3.17076,7.40658,2.6195,15,0.513565,1.07094,2.21407,173.031,17.0843,7.39965,11.355,2.76471,14.4257,9.03363,2.20983,4.97127,2.81721,13,0.357979,0.762351,1.39432,323.224,32.5307,13.2992,17.1276,2.06325,26.4731,15.5536,4.06106,7.93988,3.49515,16,0.611143,1.22532,2.75952,143.293,14.9939,9.50346,45.5661,7.01969,12.6265,7.94991,2.57801,9.69585,4.32477,10,0.391117,0.862893,1.52628,361.629,39.5945,18.7027,28.3026,4.53859,26.6404,15.0287,4.36521,8.20323,2.85976,14,0.564292,1.30681,3.06364,645.703,68.6384,28.2516,50.7071,3.44169,45.065,24.4769,6.81769,15.5716,5.83048,23,0.523946,1.49662,4.77596,414.556,48.278,32.1858,80.3375,15.7287,29.4475,16.9882,5.36498,16.4387,5.85753,13,0.580909,1.59823,3.36357,1380.47,276.011,62.9746,49.1297,2.42376,82.926,54.4357,11.5188,23.4549,3.88623,23,0.589472,1.53209,7.43823,590.463,148.378,29.9765,20.2311,1.15559,39.6251,29.6807,6.37065,13.781,2.83363,14,0.625676,1.45884,4.29602,378.925,52.7029,23.6063,83.4718,1.78326,31.1566,19.4639,5.28414,16.4204,2.20259,14,0.557094,1.44744,3.05187,325.864,46.3851,17.058,20.3645,1.08031,28.9108,15.0358,4.93802,8.54664,1.54676,15,0.653826,1.28496,3.00282,465.816,86.8273,28.0411,31.768,1.22967,30.8771,20.359,5.39514,11.4113,1.98239,14,0.644628,1.35756,4.27262,210.475,17.5992,13.2971,23.089,1.21803,16.7599,9.40106,2.82655,5.24413,1.30964,10,0.469107,1.05829,1.60227,338.107,29.766,18.1151,46.1942,2.0051,28.2726,12.7239,5.03582,10.6108,3.00577,13,0.560444,1.68291,4.14152
gr00t_wbc_h074_p000,4019,complete,90,18,10.0517,2.68118,0.0118045,0.0120929,292.483,47.1158,16.6901,22.0185,1.11867,27.2379,17.98,4.29741,6.28097,1.10212,17,0.466182,1.09609,1.9767,290.587,25.6108,14.7734,20.3463,1.62274,25.3959,13.7761,4.13004,6.30757,1.94696,17,0.521794,1.19498,1.88875,217.771,26.2061,9.14308,22.6734,0.894293,18.2831,8.21716,3.15226,5.11908,1.3672,10,0.569385,1.33883,2.34715,139.374,24.3555,9.60375,30.7261,0.817446,11.1523,6.11991,1.93571,5.45416,1.58728,7,0.565918,1.13601,1.79113,311.417,34.1351,24.567,50.5459,2.3635,24.2072,12.3553,3.91438,9.20121,2.64005,14,0.498148,1.32399,2.31859,196.682,25.5626,10.2916,17.0437,2.37785,16.004,7.36353,2.87223,4.32125,1.12376,9,0.585752,1.50314,2.37123,239.839,21.0146,19.8875,42.457,4.61346,21.0326,11.1519,4.01128,11.4808,5.79091,15,0.469844,1.03959,1.26127,415.623,68.8603,28.4548,24.5156,1.17434,33.213,22.0591,5.41105,10.5413,2.28123,15,0.591992,1.23058,2.74236,214.717,26.7249,10.5131,22.6007,1.2911,16.6992,9.8627,2.816,5.29577,1.31953,11,0.526841,1.14084,1.56718,316.095,30.5869,22.7702,73.5039,2.77031,26.3628,14.4831,4.32004,12.2853,2.87328,18,0.450628,0.958528,1.4992,317.739,25.7004,12.3969,20.4011,1.49237,22.6118,10.5125,3.19234,4.77094,1.49063,12,0.734769,1.19722,2.43797,254.866,45.4958,27.9321,111.8,6.80392,21.383,14.5884,3.79524,10.4763,4.36417,12,0.53211,1.36502,3.03193,249.881,21.1705,22.5629,27.9271,3.14063,18.1721,11.9445,3.27578,6.2773,4.59738,15,0.463618,1.04275,1.35505,513.262,105.195,27.6384,44.0322,3.60236,41.0975,25.0533,6.50828,10.5361,4.91336,17,0.484655,1.3564,3.91008,447.899,46.324,21.9106,32.6821,1.27486,30.0715,14.003,4.69805,6.47605,1.1183,16,0.424778,1.37817,4.07058,652.136,181.016,35.0597,40.1119,1.63359,50.594,36.015,8.23208,10.3336,1.5571,27,0.6386,1.20668,3.14505,594.336,59.9581,21.7853,27.2015,1.0544,38.008,18.8937,5.72248,7.71321,1.19207,19,0.512024,1.5353,4.91329,301.688,43.4396,22.2299,55.804,1.83672,24.8167,12.051,4.21005,12.5831,4.41156,10,0.567371,1.57756,3.25295
gr00t_wbc_h074_p000,4020,fell,81.04,17,10.2236,10.1674,1.87288,0.73221,99.1277,18.5762,4.66992,11.8485,1.32993,10.7712,6.98151,1.92133,3.17453,0.779711,8,0.381966,0.90635,1.53306,300.781,29.9649,13.0216,15.3707,3.0777,25.3677,14.788,3.74013,9.80859,3.16859,15,0.498023,1.12747,2.60664,188.231,14.1843,9.17828,10.2576,1.33993,17.1749,9.89824,3.08996,5.99124,1.63253,13,0.425128,0.909718,1.76392,359.333,28.2469,11.4723,14.6455,1.85117,27.1556,15.023,4.13287,4.85821,3.37805,17,0.517541,1.13781,2.35473,110.911,11.3848,5.88737,15.8924,2.89184,10.2973,5.75109,2.05889,6.52951,4.53028,9,0.376586,0.858998,1.4375,297.784,27.9569,13.5531,17.0936,1.46115,22.7689,14.1454,4.03256,6.50222,2.92905,13,0.571372,1.36514,3.00917,302.434,41.4093,15.7782,9.02367,1.27704,25.22,16.3827,3.94399,5.17998,2.85704,17,0.571659,1.01574,2.21218,467.203,44.8693,24.8569,15.5511,1.23286,35.9513,19.8559,5.17717,4.73412,2.04914,15,0.657407,1.42192,4.46874,245.366,27.6987,15.5006,45.6259,2.58779,17.9326,11.0559,3.12158,8.41279,2.89184,9,0.679821,1.47579,3.55593,580.639,62.7666,23.5324,75.9385,1.29158,38.4998,20.4175,6.19206,16.4519,3.31756,18,0.56126,1.66467,5.48965,365.149,41.3566,23.1577,32.3907,2.21479,28.6674,21.5541,5.11342,6.97842,2.89791,21,0.476326,1.15503,2.36785,240.083,32.0816,17.3004,17.6444,0.842049,22.2783,13.2527,3.76737,5.04363,1.44365,13,0.563031,1.30848,2.35137,258.755,24.4466,16.6092,14.4633,1.65632,21.9967,13.5899,3.96738,5.91653,1.52634,16,0.44836,1.00257,1.68836,340.697,40.8488,17.7431,11.4645,1.37012,28.1427,15.5624,4.53754,5.0053,1.85533,19,0.510429,1.04088,1.73921,224.941,24.2981,9.74138,11.7116,1.43551,15.5374,6.61502,2.67121,4.04611,1.4047,12,0.449728,1.03153,1.35191,196.632,16.4871,13.9588,14.1577,1.07925,17.1441,8.56595,3.22055,4.82119,1.49187,11,0.456322,1.06157,1.56585,3875.08,265.373,167.326,369.771,17.8755,108.569,34.7777,18.3839,49.2544,10.7607,3,0.298129,0.907848,1.49854,,,,,,,,,,,,,,
gr00t_wbc_h074_p000,4021,complete,90,18,10.7836,3.11948,0.0186859,0.0181335,243.687,24.1862,14.6684,18.2439,1.20822,25.1207,12.5544,4.32802,7.66471,1.3952,17,0.439253,1.00403,1.49063,313.388,56.7582,14.157,19.993,1.61774,25.4863,14.6544,3.47499,6.71927,2.5105,13,0.576689,1.14922,2.6266,209.208,21.3418,11.2305,16.9417,1.37489,17.7792,9.6356,3.0503,7.57035,3.6593,12,0.534182,1.12174,2.20326,246.794,22.6292,14.3974,14.4585,2.22021,21.376,11.6532,3.70757,4.43418,2.44228,17,0.439054,1.10085,1.76219,221.227,19.7406,12.4171,15.717,1.85724,17.8055,10.0497,3.32519,5.56253,2.59804,14,0.463811,1.20629,2.40922,132.626,12.7736,8.20052,11.9184,1.70112,11.6613,8.59746,2.11141,3.82021,1.30956,8,0.470436,1.14343,2.36484,285.711,28.281,10.9567,15.4899,1.35602,22.6257,11.5078,3.73909,6.53142,1.3346,12,0.631269,1.46211,3.04362,255.818,23.1418,13.6192,19.3848,1.10557,24.8891,12.4128,3.94333,6.75143,1.26287,16,0.454889,1.11577,1.81629,214.495,15.9109,13.9537,26.3834,1.2115,19.0227,8.56212,3.32471,5.54969,1.52476,13,0.444556,1.17695,1.98303,216.779,20.2233,10.4742,14.8331,3.54219,18.1706,10.636,2.87076,5.39514,4.72553,14,0.511973,1.04836,1.66401,399.608,46.2869,18.8722,53.9168,14.9242,27.0359,14.8248,4.35475,17.8388,11.2848,17,0.509653,1.25617,3.09934,259.1,35.475,16.7473,42.4678,6.249,22.4999,12.2647,3.62255,9.77543,6.53948,9,0.674271,1.60638,3.71717,306.289,30.0739,23.0948,27.425,1.93364,21.7798,12.5211,4.35007,10.1432,3.93265,13,0.56814,1.53655,3.53767,205.858,25.1327,12.8786,19.6375,1.59595,18.3217,10.4328,3.16294,3.6832,1.24145,10,0.578746,1.32571,2.17036,342.794,36.5962,25.1635,33.6872,20.1462,27.4363,14.4368,4.78801,8.95277,5.48208,17,0.603299,1.26746,2.26596,546.801,55.965,28.6647,29.6688,1.78824,39.0124,19.8302,5.85159,7.72371,1.96073,20,0.549611,1.46524,3.76463,360.602,57.9753,19.0927,20.0043,1.81468,29.5138,17.6733,4.72691,6.71011,2.47616,18,0.585806,1.13232,1.9872,247.029,25.6633,34.0473,20.3576,1.91325,19.8239,10.9088,4.05554,6.56929,2.91712,13,0.532115,1.25181,1.87143
gr00t_wbc_h074_p000,4022,complete,90,18,9.23762,2.80346,0.00181783,0.00687719,234.69,23.4341,10.6191,18.8317,2.22344,20.1005,12.4521,3.20142,6.1146,2.11833,14,0.424745,0.947993,1.65377,329.284,30.7385,16.4899,38.4558,2.18989,24.6935,15.9899,3.86743,10.3515,5.66082,13,0.448016,1.16955,2.94193,275.845,21.8648,13.2628,34.033,6.55494,20.8614,9.52835,3.86501,10.9884,7.19586,11,0.587025,1.47374,3.02165,142.771,24.9995,9.0993,20.4862,1.68401,13.0314,7.92373,2.28247,3.65744,1.68125,7,0.569162,1.40748,2.47637,212.632,19.7209,11.4164,12.8772,2.24786,16.6583,9.80356,3.11149,7.99161,5.36854,11,0.530805,1.12158,1.8498,244.776,22.4473,14.1288,16.9875,1.37692,20.6084,12.3728,3.77684,5.94086,1.58979,12,0.568073,1.32474,2.65982,306.625,29.6503,16.122,15.4884,1.61461,25.0729,15.3872,4.60239,8.67766,2.35183,17,0.579057,1.25527,2.59971,259.421,30.2767,14.4173,11.974,1.14417,22.7483,11.4229,4.05498,5.461,1.91118,12,0.527793,1.40375,2.74288,193.567,17.2331,19.9782,23.9266,1.48864,15.4418,9.90297,3.07653,5.42736,1.67406,12,0.477467,1.0273,1.87676,207.371,35.0963,17.3752,17.3713,1.32326,18.3946,11.9779,3.4894,6.27335,1.93394,11,0.494882,1.33695,2.57403,330.936,34.9578,20.5979,20.1955,0.919701,28.3046,17.5551,4.34762,4.92138,1.43134,13,0.65992,1.61413,4.40594,579.485,64.3299,31.0623,115.609,3.84219,42.6411,22.5092,6.73736,20.5012,7.76007,14,0.56884,1.76872,6.25904,305.791,37.6237,13.83,15.0025,1.33629,22.8038,12.2509,4.2021,7.97431,2.01353,11,0.566647,1.72311,4.22818,206.499,20.7776,15.103,17.7973,1.37394,17.3479,7.76891,3.68503,6.63467,2.73545,11,0.538903,1.28817,2.62096,315.237,27.9086,16.1281,22.0835,1.30687,23.1795,10.9631,3.70364,7.97545,1.65354,13,0.586569,1.19349,2.25269,341.427,37.1136,24.104,22.0957,1.39927,25.2868,11.9911,4.37115,5.95938,1.95913,11,0.539563,1.64305,5.1276,425.823,39.6087,63.3888,169.174,2.71828,34.4999,18.9266,6.56811,10.6346,2.61403,20,0.48165,1.35026,2.72226,183.69,12.2617,13.0077,15.2569,1.02043,17.4858,8.40019,3.26741,6.37378,1.38248,13,0.423495,1.03218,1.32591
gr00t_wbc_h074_p000,4023,complete,90,18,10.8697,2.87131,0.0211456,0.015765,295.81,22.433,14.84,33.8084,2.62768,26.4684,14.2201,4.38821,9.6155,2.77045,16,0.44041,1.02314,1.9804,249.56,27.9976,10.7906,12.6585,1.86156,19.6391,10.0069,3.36714,6.56863,1.99621,9,0.669898,1.46612,3.03551,281.88,27.4173,12.4289,23.6793,1.78948,22.5513,14.0192,4.07152,8.11532,2.83576,16,0.525354,1.17547,2.22665,129.308,15.2112,5.69592,13.3132,2.10036,10.9672,6.39816,1.60829,2.96174,1.08381,6,0.647995,1.52534,2.83666,295.05,26.5256,16.7081,44.4096,3.69463,22.9955,14.5234,3.79808,11.3994,3.47796,16,0.492632,1.03909,1.89222,191.427,18.5116,11.3996,17.8587,2.14191,14.9711,8.20696,2.66529,6.57983,1.9933,7,0.484972,1.30647,3.34743,296.311,46.9544,15.0106,15.9627,1.24073,22.4205,14.1243,3.81841,6.91038,1.32407,13,0.69252,1.213,2.74093,420.957,38.2064,18.884,13.5711,1.84076,31.6127,17.1358,5.38072,9.09369,2.33054,16,0.564844,1.46835,3.70875,230.976,27.0048,15.2877,23.9924,12.3226,18.629,11.644,3.31835,8.62876,9.1475,13,0.472077,1.06648,1.92041,756.642,81.6861,40.938,36.6225,2.15944,51.1437,21.5488,7.99736,11.8962,5.654,22,0.492022,1.6779,5.12238,413.5,56.6422,26.5505,69.595,6.65849,32.4447,17.8094,6.20038,15.0521,5.87866,16,0.659057,1.34187,3.5432,355.698,36.0521,19.2346,76.9086,16.7382,26.7006,13.9254,4.22103,14.381,14.0116,13,0.475327,1.23103,3.57791,532.144,54.9134,32.2389,15.5172,3.27262,40.5396,22.0742,7.01421,12.5644,10.826,19,0.590324,1.43811,3.98499,285.936,30.016,11.3693,15.1166,1.38319,22.655,9.63759,3.43193,5.9998,3.66864,11,0.564039,1.5169,3.24786,162.069,21.6254,12.5884,20.5044,1.25609,12.1434,7.47753,2.19291,3.46905,1.44543,7,0.663083,1.38981,2.58787,381.165,53.4416,21.132,15.7055,1.20319,27.5701,16.0288,4.80217,9.23702,4.27162,13,0.529099,1.29906,3.32338,280.339,36.5301,15.4512,21.8162,4.02909,21.159,12.1218,3.30962,5.61936,2.73342,8,0.627853,1.63204,4.62314,208.517,22.95,16.9361,15.5872,1.16248,17.4981,10.0946,3.2814,4.78458,3.02543,11,0.563701,1.22521,2.17383
gr00t_wbc_h074_p000,4024,complete,90,18,8.00224,2.83029,0.00717538,0.0105956,232.038,29.7969,10.8269,11.0251,1.52952,21.7176,12.4118,3.48546,5.33618,1.31913,16,0.419158,0.901181,1.48566,157.944,16.2014,8.87278,20.1447,0.625632,14.1468,7.92985,2.37401,3.12836,0.709725,9,0.427084,1.13729,1.89186,231.99,27.7667,18.9042,26.8469,1.02988,19.8051,11.3857,3.40708,4.61135,1.72731,16,0.476006,0.996173,1.36608,177.571,23.0981,14.4008,37.1895,1.78097,13.4683,7.32608,2.28841,5.27236,1.92784,9,0.453483,1.19016,2.15764,301.028,31.3401,18.6912,21.5885,1.15556,24.995,15.5497,4.13549,5.93141,1.96406,15,0.505152,1.26035,2.22999,124.492,16.4181,11.1474,24.1792,0.892268,10.3361,5.77284,1.83522,2.9803,1.01589,8,0.410587,1.07954,1.01754,185.607,23.9814,13.8395,19.4665,1.20028,15.9178,7.69193,2.75024,4.17174,1.54577,12,0.49462,1.07488,1.52151,201.736,30.5082,13.0324,20.3326,0.739315,16.0268,9.62414,2.5217,4.43557,1.48472,11,0.55487,1.12895,1.41739,202.357,23.616,11.897,20.2397,0.93357,16.5482,9.52789,2.60422,4.39253,1.37388,9,0.561014,1.19701,1.8445,346.337,41.8126,38.0085,95.7821,2.73791,27.3799,14.5874,4.68719,13.5924,3.48999,14,0.630149,1.25782,2.62263,369.774,75.7228,32.4857,27.3015,1.4721,27.8876,18.1743,4.79612,8.23942,1.86384,15,0.57857,1.27405,2.58591,178.502,14.1809,26.272,29.3982,13.4747,14.2783,7.40624,3.48177,11.3449,11.5233,8,0.406397,1.23649,2.10998,501.76,59.5413,33.4167,30.4138,2.85116,35.3528,19.5989,5.47539,7.85241,4.16728,15,0.612485,1.67486,4.71657,469.321,77.2069,32.6294,32.1598,1.75688,33.5003,23.649,5.64709,8.24805,3.40879,17,0.610755,1.40338,3.30736,294.557,37.363,17.4232,19.9951,2.63088,25.5465,16.4568,4.28555,11.3418,5.21811,19,0.451099,0.978626,1.9255,136.276,23.7079,10.5785,13.1091,1.01816,11.5423,6.29367,2.41709,4.85505,1.71752,9,0.437081,1.12455,1.48379,323.386,36.4515,20.3401,60.7717,4.02162,25.4521,12.2524,4.45941,17.5608,6.2067,13,0.587308,1.4251,2.97502,257.898,27.5936,16.4446,37.1581,1.6374,21.5523,13.6417,3.75754,7.67654,1.8556,13,0.532921,1.30737,2.50208
gr00t_wbc_h074_p000,4025,complete,90,18,16.246,2.92706,0.00440426,0.0090843,173.622,17.9882,7.247,25.6915,3.18087,16.1879,9.5886,2.84148,9.00801,3.85619,7,0.436015,1.2008,3.07337,169.056,17.0115,7.03725,19.6192,5.30353,13.2909,6.76514,2.19712,5.21649,3.13639,9,0.459987,0.98946,1.9867,287.126,23.3565,17.4525,19.2646,2.01244,22.5837,12.1527,4.18963,6.76001,2.96734,14,0.546042,1.39392,2.24773,150.046,10.7991,9.28224,10.3956,0.9294,13.7751,7.02495,2.39948,5.18721,1.58749,11,0.405551,0.925681,1.26599,358.662,28.3446,15.7987,11.6844,2.18647,30.8054,14.3473,5.22767,8.28321,4.00189,21,0.427416,1.11275,2.19694,250.294,25.4399,12.0385,11.1756,1.34002,22.1934,13.0174,3.63195,3.90973,1.53323,15,0.448647,1.12429,1.63839,131.248,14.9198,9.0602,14.8808,1.41087,11.1514,5.12171,2.16508,3.95834,1.25896,7,0.562354,1.29595,1.86607,287.496,22.9951,16.5143,18.7658,3.1865,24.0525,12.617,4.38207,6.76335,3.56363,16,0.541633,1.31323,2.08907,258.507,25.1245,21.1979,14.8041,2.14496,21.0337,13.2657,3.89917,3.16101,1.88448,14,0.565836,1.14482,2.3503,309.739,37.2442,21.8558,13.9225,1.18687,26.3719,17.4849,4.50561,4.74405,1.68957,18,0.474508,1.15523,1.77722,224.301,23.1036,16.7038,12.4955,1.04112,17.463,9.55359,3.10875,3.93822,1.43541,10,0.448198,1.29114,3.03567,1281.33,246.705,75.8993,150.238,2.40242,78.3056,55.0852,12.1518,28.4128,4.40169,23,0.630982,1.26737,6.79947,346.906,35.4837,18.8032,19.1902,1.29218,29.9991,16.7368,4.90003,8.16145,1.2575,14,0.611473,1.50039,3.4407,285.813,37.1996,19.8842,34.5373,1.33746,24.3769,13.0598,4.33418,9.91924,1.61072,13,0.562967,1.39867,2.32541,246.261,32.5334,12.9144,14.5033,0.943155,19.9954,10.2385,3.35988,6.35826,1.80871,12,0.553816,1.27601,1.79948,240.967,31.4711,15.1513,19.3494,1.72208,21.5093,11.2035,3.53122,5.49863,1.28363,11,0.644961,1.29109,2.81342,645.737,51.5971,42.1509,27.3078,1.564,40.3836,19.1309,5.85862,10.9449,2.45138,21,0.48792,1.30324,4.17182,300.796,40.6273,22.4613,24.283,0.978958,28.9946,17.2643,4.91437,5.97984,1.4436,18,0.531466,1.23705,1.85134
gr00t_wbc_h074_p000,4026,fell,41,9,25.7905,13.6992,1.63934,2.69732,149.614,20.5759,11.1878,21.4004,1.67126,16.5015,11.3077,2.91744,4.79312,1.39169,14,0.342876,0.84135,1.26714,275.828,23.8947,14.7302,21.9946,1.68422,22.3584,11.7875,3.79887,6.33921,2.24481,13,0.468564,1.13898,2.6242,276.314,26.4661,12.9541,17.2237,1.92409,22.6178,12.3626,3.65599,6.19047,1.04381,14,0.484635,1.10421,1.95623,355.698,36.1842,12.955,18.5878,1.45397,26.0327,15.5452,4.14762,6.66657,1.26715,14,0.552024,1.48001,3.36953,264.011,26.9218,13.9595,22.002,1.39205,20.5819,12.2876,3.39702,6.30634,1.43673,15,0.387954,0.999582,2.02137,181.172,19.427,9.80527,22.3699,1.15513,15.5469,8.8152,2.92065,4.25159,0.920965,12,0.496491,1.05859,2.30239,605.265,60.4389,34.6191,38.8265,1.33297,42.0999,22.8537,6.49795,11.531,2.17755,20,0.505476,1.5752,3.89789,433.271,43.843,98.4105,248.63,25.2797,34.5618,15.4495,7.48808,27.5223,7.42659,11,0.521326,1.39547,6.22821,2605.06,113.094,101.615,34.666,1.02937,74.1323,29.7869,11.0184,14.5814,2.28208,4,0.163574,0.915048,3.6817,,,,,,,,,,,,,,,,,,,,,,,,,,,,,,,,,,,,,,,,,,,,,,,,,,,,,,,,,,,,,,,,,,,,,,,,,,,,,,,,,,,,,,,,,,,,,,,,,,,,,,,,,,,,,,,,,,,,,,,,,,,,,,
gr00t_wbc_h074_p000,4027,complete,90,18,9.51001,2.96728,0.0177792,0.0320845,165.738,18.0628,10.894,10.3268,1.09966,16.1344,9.8773,2.63683,5.60766,1.65728,11,0.387282,0.887103,1.6654,254.248,22.4058,11.967,12.1394,1.57113,20.677,11.4442,3.57086,5.65689,2.32111,15,0.501144,1.10719,1.71458,148.26,22.73,9.87469,22.949,1.08534,11.7957,7.37,2.02699,3.7089,0.831612,8,0.53322,1.08731,1.6399,236.477,23.4268,8.86971,14.715,1.29632,19.0421,10.6499,3.14352,4.18599,0.993449,10,0.608983,1.62915,3.16767,140.823,12.7411,5.96378,9.46682,1.24189,11.7944,7.00351,1.83181,3.68551,0.869457,8,0.5014,1.05394,1.8697,194.49,23.7637,11.6296,12.081,0.960816,16.4776,11.2061,2.76927,5.70678,1.46712,13,0.439941,0.996618,1.64613,181.715,27.3566,8.36869,14.8089,1.07752,13.411,7.99138,2.17652,5.49726,1.47395,7,0.60724,1.21685,3.31877,93.3613,11.397,6.37545,9.21732,0.840008,8.38853,4.72579,1.63951,1.89492,0.994666,7,0.343253,0.952153,1.62479,312.884,45.353,17.2554,17.5406,1.74106,24.4792,14.8617,3.89486,6.00739,1.88944,13,0.635687,1.40624,3.17288,102.852,11.4439,38.2581,101.888,2.74799,10.3325,5.32612,2.45155,16.6843,2.98469,6,0.573453,1.09614,1.87646,425.161,64.2425,17.9753,16.6826,0.962031,31.3601,18.268,4.44906,8.45195,2.58204,15,0.649399,1.38467,3.41742,455.957,44.548,21.3315,22.3206,2.1176,34.6423,21.1453,5.79168,9.65892,3.14855,22,0.514746,1.22684,2.86357,376.521,59.7003,22.9717,64.1608,1.87995,27.9643,19.2245,4.91553,10.9124,2.80213,14,0.595079,1.33324,3.27115,408.219,41.736,23.1405,13.9217,0.747313,33.8155,20.7079,5.33768,5.53922,1.586,22,0.495754,1.18372,2.93447,353.191,41.7779,18.5999,13.2249,1.44514,29.796,17.7885,4.82653,6.42576,2.09333,20,0.427597,1.04634,2.25203,725.912,78.2268,40.8349,18.3271,1.25695,44.7769,23.1004,7.07372,8.38415,2.07745,19,0.68261,1.23393,3.27035,486.267,45.0028,25.9849,17.3904,1.56554,38.9825,18.4263,5.84059,6.7029,2.13335,17,0.652081,1.66033,4.93735,359.425,52.777,19.1418,17.7407,1.1275,31.1811,20.4111,4.95908,9.1261,2.53317,18,0.579892,1.25912,2.3591
gr00t_wbc_h074_p000,4028,fell,45.82,10,16.1959,17.0864,1.40455,2.55287,212.399,24.1597,9.53891,9.04046,1.67515,19.734,12.0552,3.04866,6.12564,3.70327,14,0.379026,0.954608,1.85595,194.929,16.547,8.73672,10.2025,1.28648,15.4998,8.60979,2.84146,7.32464,3.6492,11,0.527765,1.13118,1.61259,193.919,18.2505,10.8029,20.1468,1.12311,17.0314,8.55648,2.8551,6.17506,2.88768,9,0.554183,1.39116,2.66826,287.208,23.9687,16.6253,21.8422,2.25185,21.8641,11.9841,3.9855,7.91447,4.29801,14,0.562741,1.25068,2.24661,334.282,43.2285,23.8132,33.6611,3.84995,27.3237,19.0878,4.61235,5.49871,2.60998,21,0.528617,1.05537,1.99925,292.225,29.8302,18.6551,22.8107,1.85607,20.8399,10.955,3.61326,6.56959,3.06122,12,0.512673,1.51163,3.60269,301.048,26.4536,14.8642,21.2487,1.56459,23.2624,13.1714,3.59868,6.69733,3.24068,13,0.483418,1.13371,2.45376,109.545,15.0981,8.03332,19.5332,0.982465,10.2983,6.59665,2.06177,4.50352,1.61452,9,0.480943,1.0228,1.4902,337.408,39.4642,18.9601,31.7265,1.42667,25.2754,13.4394,4.23933,5.62773,1.26112,16,0.643197,1.33531,3.04075,1995.94,84.1826,35.8197,15.5761,0.883738,60.1695,18.726,6.12828,8.06404,1.39728,4,0.788736,0.843705,4.8921,,,,,,,,,,,,,,,,,,,,,,,,,,,,,,,,,,,,,,,,,,,,,,,,,,,,,,,,,,,,,,,,,,,,,,,,,,,,,,,,,,,,,,,,,,,,,,,,,,,,,,,,,,,,,,,,
gr00t_wbc_h074_p000,4029,complete,90,18,9.36386,2.85138,0.0340367,0.0340369,171.749,19.0992,11.9429,17.938,3.21202,14.3668,7.98025,2.51018,6.01742,3.16526,9,0.379167,0.917142,1.63215,84.1541,10.8137,8.25162,26.394,1.69375,7.37132,4.27428,1.31856,4.47101,1.03204,5,0.54042,1.25547,1.80662,200.636,29.4203,11.3349,23.5818,3.71321,17.2791,9.80912,2.6656,5.80908,2.55957,12,0.439079,0.973637,1.50631,122.581,17.4181,9.71942,26.1767,3.52391,10.0851,5.26474,1.65019,5.44769,3.38738,6,0.496788,1.16926,2.47586,151.98,19.032,6.93787,25.8368,1.35447,11.5937,6.81022,2.07518,3.485,1.23773,9,0.458649,1.20157,2.41879,192.775,32.5031,13.2742,22.9585,2.76083,14.569,7.9997,2.93023,3.56349,2.40169,10,0.423275,1.15773,1.94701,309.577,30.7368,15.2372,18.9984,1.42682,23.2598,13.6105,4.11427,4.19439,1.83864,16,0.51447,1.11784,2.58118,223.396,15.9132,13.3305,13.5784,1.28669,17.98,9.44415,3.46529,5.7275,3.08204,13,0.56568,1.12286,2.37436,882.086,55.9405,30.0263,23.2411,1.81092,51.0639,20.6736,7.55201,11.082,4.06625,16,0.458695,1.60073,7.13147,210.613,21.881,15.1966,22.9642,1.05991,17.8116,8.97534,3.01417,3.9266,1.15138,13,0.497689,1.25817,1.85919,301.247,46.1427,20.3009,66.0567,2.70985,24.2815,12.1468,4.00315,13.5348,4.24422,17,0.501288,0.976403,1.81666,229.633,38.8657,15.2762,16.1981,1.86226,17.6592,10.1186,3.05595,5.9195,3.69862,11,0.642152,1.242,2.08613,357.524,53.8644,22.8678,26.0489,2.3429,27.5749,16.6077,4.89884,10.283,4.8718,13,0.636969,1.71032,4.15083,613.307,136.182,64.8595,69.0418,27.4793,41.1378,28.5749,6.50265,17.2516,14.1687,19,0.623535,1.12446,3.61767,375.005,35.9949,21.8774,35.6522,57.4409,31.1461,15.2191,6.05168,14.0767,11.5179,17,0.560183,1.30327,3.1939,906.932,120.602,44.7109,49.2173,1.39063,57.3735,34.4406,7.97852,12.6429,3.11669,20,0.728995,1.50562,5.7768,326.734,27.9985,15.3426,19.176,1.09505,24.5571,11.6869,4.15331,6.65213,1.53925,12,0.592753,1.41915,4.05712,585.357,129.76,36.0016,28.2112,1.72776,43.5329,31.8942,7.47189,10.7646,5.4487,21,0.558313,1.18903,3.45305
gr00t_wbc_h074_p000,4030,complete,90,18,8.94599,2.44581,0.0162022,0.0188365,122.541,15.0776,6.2733,17.0686,1.09367,11.8265,6.66188,1.74608,2.9501,1.05034,9,0.302984,0.68774,1.04839,292.798,25.4932,19.1469,39.234,1.31087,23.6454,13.2104,3.81932,6.40785,1.49669,15,0.557708,1.18009,2.30421,315.304,29.1654,20.3142,24.8969,1.77448,25.2808,13.7251,4.26168,7.5841,2.30017,17,0.471454,1.06195,1.96828,195.071,19.4345,11.0368,20.571,1.14132,16.8664,11.2925,2.68653,6.05092,1.37137,10,0.488765,1.26901,2.23003,218.367,22.9378,14.292,32.5351,1.57699,17.6269,10.0633,2.93658,7.45855,1.46274,11,0.566588,1.30334,2.68634,314.805,34.0889,35.6012,41.4955,2.14934,23.0092,13.7865,4.08144,9.78981,2.67473,14,0.431054,1.28652,3.31088,217.553,20.7086,13.729,17.897,0.916531,16.9414,12.2023,2.96305,5.55001,0.955634,13,0.435434,1.04406,2.22461,315.305,31.7779,13.8937,26.2735,1.09144,20.7793,12.8983,2.90721,6.16445,1.11086,10,0.457376,1.04533,3.60323,226.641,23.4601,11.65,24.7022,1.00689,18.8987,11.6945,3.05574,5.38163,1.22416,12,0.584672,1.30509,2.68007,275.206,25.1816,15.3166,25.0491,1.04217,23.0266,10.5127,3.96038,6.72436,1.64575,13,0.499161,1.34998,3.536,509.658,48.286,36.4464,47.5053,1.97726,33.0819,20.2968,5.11732,11.7487,4.70332,17,0.492428,1.1845,3.0646,290.743,33.4901,19.8724,72.2759,8.87395,20.157,10.6284,3.60992,14.2282,7.58129,8,0.516645,1.87906,5.44923,244.592,20.8849,16.3035,62.7709,1.37731,19.0464,12.6086,3.25977,10.389,2.7555,12,0.427292,1.18763,2.4808,369.249,73.8037,23.1166,36.7441,0.946711,28.6217,17.6287,5.20461,9.41641,1.66152,15,0.622005,1.20559,3.10847,213.444,15.6736,11.6323,22.5739,0.519167,16.0358,10.3033,2.91693,5.43954,1.15189,10,0.498333,1.0892,1.85983,179.072,13.7788,12.3129,21.9654,0.902142,15.6395,8.27648,2.90696,4.90829,1.09429,12,0.532287,1.08854,1.84157,283.857,31.3473,14.7273,47.1268,1.96948,22.2486,13.4008,3.29462,9.78872,3.71588,9,0.567568,1.29173,4.69141,289.368,40.3528,22.6611,16.8339,0.931396,24.9094,14.208,4.23773,9.88556,1.57174,14,0.596825,1.30617,2.63151
gr00t_wbc_h074_p000,4031,complete,90,18,9.7484,3.19625,0.00616225,0.00965839,169.298,19.5408,8.0646,14.6302,1.49801,16.5549,10.055,2.40522,4.37204,1.16239,14,0.311478,0.712242,1.28636,229.343,20.7521,12.7518,18.0676,1.61186,19.0031,10.586,3.29917,5.34885,1.07793,16,0.407179,0.899462,1.36054,327.513,31.1882,14.3514,27.8497,1.23597,24.5933,12.4368,4.01243,6.05209,1.42146,14,0.501464,1.35509,2.78929,276.514,24.5174,13.3839,18.4301,1.47767,22.1755,11.4122,3.49519,5.45374,1.54755,18,0.437676,0.860141,1.41577,278.403,26.8972,16.6588,28.1782,1.94415,21.9123,11.1952,3.9584,7.66075,4.35979,13,0.580159,1.28237,2.52919,206.697,26.0674,21.1946,92.4011,2.89499,15.0851,9.69898,3.01203,9.5026,3.96355,9,0.548474,1.37105,2.96969,148.28,11.6232,10.0259,18.5944,0.94033,12.8477,6.47795,2.29006,3.40751,1.07348,10,0.471727,1.04954,1.80346,411.6,36.1038,23.5812,30.2639,1.03633,31.7439,15.5235,5.11083,7.63217,1.85699,15,0.585964,1.34385,2.94736,607.839,59.6613,65.1627,122.339,7.24564,41.5301,24.9167,7.36561,24.3482,6.34923,25,0.404139,1.02874,2.83607,281.579,26.0244,18.99,80.9969,191.669,21.0754,10.2653,4.08389,14.5242,12.0206,13,0.51643,1.27479,2.07365,535.167,50.9011,29.9637,101.091,11.0648,37.1187,18.6168,5.87996,15.2456,4.84586,19,0.630991,1.17839,2.81198,485.612,50.1658,46.3281,24.634,1.65533,34.6425,18.7777,5.69825,11.2249,1.84856,17,0.642538,1.47752,3.34307,340.877,36.9435,14.847,18.3085,1.6899,26.7203,13.818,4.03957,8.84534,1.52611,17,0.506611,1.12939,1.81682,290.006,31.1747,15.2738,18.5732,1.59293,22.9202,14.3164,3.66511,6.28852,1.2086,13,0.54152,1.23845,2.98735,243.359,49.3185,18.1053,21.6334,1.43086,21.8163,14.4685,3.96115,7.33068,1.50976,15,0.62484,1.0432,1.85087,323.887,22.7591,42.7085,80.5142,2.60588,24.4464,13.1613,4.73319,16.5999,2.756,14,0.395359,1.14197,1.96523,380.196,50.175,31.2336,98.9015,8.48573,32.8288,19.903,6.00391,16.6459,5.15484,17,0.571717,1.39084,2.48582,239.569,20.2869,48.8566,254.575,3.4655,17.5102,8.18623,4.02902,24.926,4.29531,11,0.464408,1.08632,1.6808
gr00t_wbc_h074_p000,4032,complete,90,18,16.1334,2.84764,0.0442673,0.0314041,201.446,22.9063,9.51776,17.1814,1.19757,19.3584,10.5727,3.00438,4.7295,1.02424,12,0.448413,0.967115,1.45145,188.125,18.4128,8.23694,18.545,1.9263,14.6617,8.48185,2.2507,4.08788,1.08456,8,0.540446,1.25011,2.95234,262.874,27.7038,13.9386,20.1615,1.28742,20.8118,11.4469,3.61746,5.37972,1.35978,11,0.574996,1.44149,2.96506,274.503,25.9066,11.6787,20.0211,1.43355,20.3816,12.5371,3.19308,4.55577,1.1742,12,0.58272,1.24638,2.46968,172.412,19.7246,8.30133,22.111,1.10269,13.3227,7.92387,1.92637,3.67211,1.07857,8,0.562709,1.20098,2.65115,161.072,16.4848,9.56074,44.2595,2.96169,14.341,8.10233,2.95037,8.7566,3.57843,7,0.468957,1.28027,2.34168,497.134,78.8948,24.0268,24.9689,1.62312,36.3383,22.3624,5.78662,9.56286,1.79995,18,0.76215,1.31488,3.15162,473.288,61.5766,23.3263,29.1912,1.86863,37.5242,21.0174,5.5314,8.05774,1.5746,21,0.608579,1.20149,2.86223,260.339,22.8956,12.2823,14.2053,0.833386,22.7577,11.4987,3.57634,5.62821,1.20628,22,0.332956,0.764731,1.16935,266.2,19.4828,11.8374,19.5189,2.45942,21.05,12.0763,3.54333,7.65702,3.98019,13,0.465805,1.18713,2.46458,282.94,31.3315,10.9323,18.995,1.44659,21.6113,10.1657,3.59885,7.73355,2.65608,11,0.577868,1.44978,3.33442,278.055,37.044,14.9462,22.6885,1.69292,20.3211,11.1887,2.88995,7.05457,3.34938,11,0.608701,1.17782,2.51491,651.737,79.7585,35.5403,32.391,1.68356,42.1195,18.4337,6.92841,15.0126,2.62988,24,0.38527,1.61105,4.27933,483.064,55.1054,28.4259,23.6597,1.07538,32.7434,17.4599,5.24106,12.0918,1.46582,16,0.432842,1.19614,3.71124,892.85,287.538,69.2747,36.564,1.43151,58.7187,47.072,8.9478,19.7851,2.35704,21,0.688691,1.39047,5.05283,484.835,76.9876,26.9437,31.235,1.7594,39.7765,23.9368,6.03926,14.1643,3.3395,21,0.554961,1.55378,2.84543,480.718,51.4512,34.4386,19.4612,1.12048,36.3708,17.8866,5.58297,11.4986,2.15932,17,0.569861,1.44077,3.97283,206.785,35.7582,33.3289,102.061,83.1048,20.6164,11.8463,4.0098,15.5175,7.79613,17,0.375837,0.903441,1.46507
gr00t_wbc_h074_p000,4033,fell,50.74,11,14.1338,13.6994,2.58249,3.56103,183.106,28.613,9.2462,15.9852,1.0056,16.6588,9.24475,2.23884,4.17282,0.902265,9,0.437675,0.975067,1.78944,283.523,27.0419,19.5396,35.1581,0.846492,25.5409,13.4501,4.34675,11.3715,1.55687,19,0.470549,0.984027,1.39785,191.026,16.1574,17.7273,30.9781,11.2298,18.0539,8.62501,3.4526,7.35442,3.20196,12,0.482892,1.086,1.36746,482.144,51.4588,19.2978,17.4024,1.32543,32.7755,18.2557,5.0422,7.18776,1.3965,15,0.541562,1.58468,4.67213,348.345,38.788,17.5175,17.2222,1.32466,27.6809,16.5236,4.4235,7.54521,1.39656,15,0.566749,1.30616,2.6225,181.909,20.0944,10.7169,15.4585,1.16598,14.6186,8.07559,2.78071,4.94152,1.11451,12,0.420403,0.906421,1.64869,337.562,33.332,12.8733,19.5637,1.49892,25.5151,13.891,3.97424,6.94369,1.1979,18,0.456478,1.05346,2.27606,271.701,27.8439,11.4618,16.375,1.73279,17.9232,10.1162,3.12374,5.65419,1.20267,12,0.511679,1.12878,1.88398,193.007,25.9711,11.8948,52.9913,2.42752,16.3831,10.3222,3.19432,10.6569,2.80992,12,0.50185,1.08447,1.97705,158.491,19.7848,24.5953,82.6089,4.96405,12.079,6.91796,2.57638,14.0874,5.32585,7,0.565623,1.03256,1.37675,2759.83,311.059,138.769,49.6427,2.31747,73.3049,27.4203,11.7244,15.7597,4.67921,2,0.305252,0.696054,0.830032,,,,,,,,,,,,,,,,,,,,,,,,,,,,,,,,,,,,,,,,,,,,,,,,,,,,,,,,,,,,,,,,,,,,,,,,,,,,,,,,,,,,,,,,,,,,,,,,,,
gr00t_wbc_h074_p000,4034,complete,90,18,8.69696,3.06596,0.123204,0.0196053,256.073,24.809,10.0643,16.1523,4.95848,23.7936,12.8114,3.9468,8.00474,3.63307,15,0.447105,0.927567,1.6977,223.535,20.4011,9.629,21.2651,6.59031,18.575,12.8379,3.06801,6.93718,4.50404,15,0.463752,1.03261,1.86208,122.199,12.6458,6.40155,20.4741,2.14813,9.4603,5.20644,1.66057,5.0269,2.78739,6,0.550677,1.24172,2.01125,154.877,16.7352,13.703,29.7065,1.43534,13.2979,7.79062,2.13932,4.70846,1.16698,10,0.443006,0.978245,1.72138,261.815,27.6258,13.312,20.9944,1.39585,18.7537,12.5436,2.91761,4.63739,1.01704,15,0.396332,0.987082,1.67908,309.743,27.7247,14.6485,21.2887,1.16153,24.9067,14.2629,3.80037,6.66546,1.16609,16,0.45197,1.00711,1.717,281.785,33.5485,15.9605,16.7466,0.985693,22.8817,13.4656,3.81739,6.40821,0.995681,14,0.58774,1.15997,2.0765,416.826,38.6623,18.5752,19.1085,1.05927,30.7146,17.0841,4.9883,8.97004,1.36032,22,0.436313,1.10219,2.17372,232.612,22.1453,20.012,123.766,2.75028,18.9516,11.1341,3.84687,15.4102,3.8731,14,0.463571,1.03554,1.83201,284.638,31.7379,13.3922,11.2257,1.28178,24.7991,15.0898,3.82333,7.67648,1.1434,15,0.469097,1.20844,2.24913,223.043,26.3831,9.07196,10.1874,1.51709,18.1585,10.6003,2.94537,5.98425,1.68025,10,0.554949,1.34452,2.08381,162.241,16.7639,11.5829,36.8094,9.75018,13.368,7.56592,2.51026,10.3609,7.12092,7,0.525048,1.38966,2.65514,211.749,23.7985,9.75891,14.8806,2.22447,15.3948,8.61669,2.12252,5.11955,2.75336,8,0.713795,1.47155,4.08632,184.746,13.2637,35.007,40.3935,1.73057,15.7479,7.81862,3.07787,6.27084,1.95251,12,0.453435,1.04762,1.46982,133.789,11.8593,9.62718,20.9233,0.448391,12.2912,5.07058,2.33224,3.81607,1.20087,7,0.47067,1.33617,2.0311,254.564,48.1176,26.3804,29.9481,1.08402,21.6273,14.1149,3.95349,10.2237,3.21979,13,0.551643,1.44875,2.33666,463.423,46.2896,32.2205,15.2576,1.65392,34.3727,18.3689,5.29902,8.71877,3.60436,14,0.693234,1.59571,3.76127,841.188,188.039,49.3245,26.7679,2.10102,58.6087,40.9764,9.20502,15.4323,5.35494,21,0.477176,1.39988,4.22607
gr00t_wbc_h074_p000,4035,fell,85.76,18,9.66186,7.66163,2.22742,1.16018,277.964,37.9928,14.1881,14.7084,1.29871,27.8207,15.7623,4.36953,6.64791,1.37792,18,0.505185,1.01769,1.9799,401.442,41.9056,13.5075,17.4389,1.57818,28.9327,13.929,4.42558,6.86398,1.42862,17,0.608535,1.30922,2.78569,216.558,20.5487,9.90169,15.5107,1.60362,16.5486,9.21021,2.6201,3.67625,1.10103,10,0.578551,1.14325,2.11586,205.116,20.7359,15.4421,93.4897,1.18821,15.5466,9.3429,2.72825,9.83,1.72845,12,0.430633,0.920703,1.67307,385.367,56.7633,19.5759,29.3849,1.27365,30.1982,18.416,4.91827,8.43392,1.56135,18,0.504383,1.15001,2.59048,250.698,19.5825,15.4854,22.5072,0.625908,21.3452,13.5927,3.70857,5.35916,0.848695,18,0.414585,0.998953,1.58105,278.754,22.1604,16.0429,16.3884,0.694559,23.9969,14.0527,3.99288,6.77434,0.895121,17,0.427852,0.981693,1.74295,172.512,20.7622,9.34741,16.9664,1.14125,14.2053,9.1064,2.37026,5.10313,1.05102,9,0.479645,1.07166,2.01208,218.432,28.4815,9.77333,19.4691,1.17188,18.9836,12.1178,3.12567,5.88118,1.07993,12,0.448497,1.31281,2.27384,284.687,31.2724,16.187,25.656,1.58154,22.2246,12.6987,3.69911,9.29567,2.12863,13,0.575643,1.29446,2.3967,366.648,38.9654,52.3391,182.237,11.1199,32.071,17.5003,5.33732,17.8925,8.27405,13,0.525306,1.4614,2.93608,206.092,21.8,7.79152,12.6347,1.06916,18.1374,11.3306,2.84135,7.35264,2.76073,10,0.485064,1.33015,2.72257,453.257,50.7092,16.6143,41.6233,1.31358,34.5038,22.4074,4.18049,12.1227,1.70441,13,0.485394,1.35989,4.84272,498.733,60.5125,25.191,36.9429,2.39873,34.5482,20.4477,5.41338,13.7069,5.41832,17,0.452569,1.537,4.48665,496.88,72.8053,26.3183,41.4944,2.32639,37.7255,26.1343,5.82354,16.0506,2.24268,15,0.634421,1.5686,3.86419,140.022,10.7303,8.95401,19.8294,0.971617,13.0869,8.99025,2.35563,3.86325,0.873332,11,0.446814,1.03177,1.89529,743.509,169.603,37.8255,28.739,1.22446,51.3283,36.6441,7.7246,15.3554,2.25991,17,0.650234,1.46644,4.74541,2475.02,180.519,193.672,212.277,177.627,77.4138,23.0038,15.3447,46.0348,12.1882,0,,,
gr00t_wbc_h074_p000,4036,fell,65.94,14,8.50762,12.8033,2.46727,2.6954,126.826,14.3244,6.26084,11.6635,2.00589,12.5373,6.35626,2.10445,3.49925,0.984317,7,0.405207,0.902255,1.36706,148.293,16.4626,9.29758,12.1192,1.82575,13.076,9.30023,2.49675,4.68463,1.41084,8,0.570173,1.20519,2.96392,303.357,25.9742,19.8683,84.8958,5.41382,24.6197,14.9129,4.4299,13.6254,7.21935,17,0.474236,1.10967,2.20197,247.866,24.3622,13.8746,16.0835,0.734919,20.4145,12.1427,3.62451,7.21497,4.73971,12,0.600866,1.38531,2.66048,206.945,30.4272,12.4827,17.0061,1.07509,16.4759,11.6501,2.63476,4.78703,1.54551,10,0.611556,1.24442,2.37799,128.15,16.344,9.31712,16.6101,1.74608,10.7742,5.78512,1.89813,1.90308,0.843673,6,0.527317,1.17904,2.35134,515.25,55.1825,24.1058,22.3105,2.2789,40.2164,21.2619,6.42673,9.88472,4.13239,21,0.605232,1.45485,3.78409,249.171,27.4357,11.402,22.3994,2.48751,18.0441,12.5211,3.11575,8.81543,4.4186,8,0.482191,1.42657,3.15543,165.979,14.6784,11.0931,9.5654,1.49681,15.4951,8.97107,2.35597,2.92607,1.70144,8,0.53056,1.31025,2.96489,154.23,14.4094,6.82263,10.0263,4.82595,11.8498,5.13475,2.57039,6.1079,4.54345,6,0.598203,1.66777,3.22378,628.939,56.9259,25.8739,15.6762,1.69125,46.7213,24.7773,6.68936,8.85735,2.40842,21,0.510727,1.42013,4.79287,212.399,16.7682,12.4167,14.9255,1.53023,19.1717,11.8633,3.34126,3.43452,1.08172,13,0.512746,1.21303,2.18617,454.743,43.1553,17.0561,24.5237,1.00757,30.8044,18.8955,4.98011,11.0107,1.98458,15,0.611036,1.50925,3.99694,1839.98,324.67,108.031,486.14,446.973,60.6584,35.004,14.1305,64.5513,29.5282,6,0.185706,1.51446,16.9784,,,,,,,,,,,,,,,,,,,,,,,,,,,,,,,,,,,,,,,,,,,,,,,,,,,,,,,,
gr00t_wbc_h074_p000,4037,fell,85.88,18,18.0639,9.59656,1.49639,3.34727,277.105,32.0088,10.9872,13.1168,1.64263,22.6731,12.5615,3.66003,6.3803,2.31699,13,0.45775,1.13799,2.10939,233.605,18.6603,11.1506,10.322,1.48347,21.7013,11.7874,3.80739,6.4702,1.34009,15,0.513429,1.07011,2.02687,265.423,26.6628,10.4631,11.985,1.76841,21.3436,11.6288,3.06647,4.21418,2.22773,13,0.614309,1.12063,2.29017,250.72,21.0615,7.97522,6.31656,1.42501,19.7267,10.222,2.9765,2.79077,1.97968,14,0.440517,1.12102,1.91968,347.624,32.1789,11.6724,9.69004,1.49591,26.7413,13.7032,4.20079,5.09331,3.65779,13,0.584766,1.41427,3.39906,211.979,34.9649,7.64583,24.9601,2.91345,17.3868,10.5366,2.713,3.47695,2.76694,10,0.625142,1.14982,2.56159,107.977,9.59712,4.1024,13.1845,1.41885,9.89302,4.68358,1.74011,3.37099,3.16381,8,0.369831,1.05904,1.61725,396.99,36.2272,19.4973,10.0042,2.51126,29.7965,11.082,5.54161,4.5061,3.79885,18,0.489719,1.22176,2.91071,103.753,11.9258,7.72823,15.3908,6.79723,9.91078,4.8387,2.00688,6.87762,5.67446,6,0.531338,1.14502,2.09961,240.38,22.9598,15.2608,22.6138,9.20484,19.3384,9.78218,3.26986,8.02842,6.41955,14,0.476025,1.01871,1.5971,600.574,59.1172,28.9161,23.3082,1.87935,35.1601,17.1346,6.20866,10.619,4.11472,19,0.501585,1.26801,3.37724,199.811,23.097,37.0806,58.8771,1.94965,14.1989,9.85366,2.74404,12.4461,3.37586,7,0.475095,1.34326,2.42889,293.161,33.1013,17.2142,24.6955,0.944057,24.1766,12.878,3.8554,6.16723,1.14886,13,0.461761,1.20951,2.4995,239.351,30.898,14.9848,19.9944,1.51276,20.7391,11.9598,3.14148,5.44623,2.21547,13,0.589805,1.18198,2.01097,276.112,24.2119,12.6087,12.8641,2.11349,22.6552,12.1814,4.13814,8.69644,6.72619,14,0.491073,1.29115,2.57092,444.8,52.1872,21.1611,23.7909,1.56347,30.8341,17.2046,4.86188,7.30215,2.44532,20,0.370501,1.1211,2.64078,188.793,17.7596,13.2394,24.7336,1.19746,14.417,10.2544,2.42981,3.68242,0.974656,11,0.440193,1.07834,1.663,1892.97,86.9653,61.8893,35.5217,1.0769,64.7857,27.4097,8.94089,13.2209,4.19933,3,0.210943,2.30794,20.8982
gr00t_wbc_h074_p000,4038,complete,90,18,13.3185,3.05406,0.0234302,0.0206356,241.823,28.5954,10.8126,33.257,2.47955,21.0991,13.4485,3.94098,10.4734,3.40237,8,0.457119,1.43828,3.70832,197.947,19.9257,11.9821,16.5296,2.04507,17.0107,9.08779,3.02511,6.11134,1.55953,12,0.554998,1.17213,1.7456,238.611,29.411,21.6992,83.1059,61.4643,17.6139,10.7355,3.47191,11.2066,5.25154,10,0.490275,1.33991,2.51262,434.477,37.0148,31.3973,138.701,39.2078,33.8867,15.9274,5.8301,11.9403,4.96653,22,0.4765,1.05657,2.04952,171.687,17.6099,7.64414,14.5726,1.02293,12.3433,5.4329,1.99301,2.73966,1.10132,8,0.534369,1.03141,1.77396,262.86,31.0701,19.8062,19.7486,1.70502,24.859,13.639,4.20508,4.85878,1.58124,13,0.589071,1.42729,2.59177,329.791,40.1929,23.4636,46.012,4.20954,29.5326,16.4586,4.90893,10.7405,6.38588,17,0.636845,1.294,2.17971,174.753,26.0464,18.8075,40.3604,2.03304,14.4945,8.11206,3.31828,10.6047,5.42263,9,0.557292,1.05081,1.67418,273.775,27.9699,29.4374,85.075,4.30301,24.2238,13.8267,4.75125,14.7688,8.07209,13,0.575654,1.37112,2.75034,651.096,81.1558,39.1656,35.2771,3.92402,41.7792,22.763,6.74211,10.5958,5.73491,22,0.441401,1.50002,4.5618,241.755,21.2099,14.0633,21.4519,1.83149,18.5715,11.2378,3.17342,5.20741,2.76448,13,0.470053,1.12449,1.85616,459.665,45.2235,40.4534,162.7,3.1817,38.055,21.2911,6.46434,17.68,5.91486,19,0.496177,1.32349,3.70592,261.404,30.9616,23.9168,28.0905,0.850822,22.0652,12.882,3.97947,5.70911,1.20723,18,0.456628,0.904787,1.62698,153.323,34.9978,12.4874,18.8885,1.26431,10.0284,6.88756,2.05032,3.76028,1.09769,6,0.555388,1.01606,1.71746,419.272,46.2838,36.3012,86.2363,1.53299,33.6372,18.8996,5.77,15.4842,4.78222,24,0.4646,1.08697,2.2512,493.049,55.4658,46.4082,108.908,2.47827,38.2729,19.429,6.75032,15.9254,3.13064,21,0.479522,1.31867,2.77352,526.478,41.2546,24.2444,23.4249,2.74646,33.3263,16.1778,5.07079,6.36133,3.20556,16,0.52923,1.33042,2.99814,367.13,54.1974,20.1939,26.5032,3.44695,29.5798,17.1928,4.55259,7.78694,4.61806,15,0.636113,1.28953,2.55576
gr00t_wbc_h074_p000,4039,fell,80.66,17,18.1197,7.16877,2.75267,3.59558,302.22,34.2425,12.9374,12.5287,1.47759,26.5899,15.2795,4.45229,8.44757,3.50499,19,0.45513,1.00814,1.83723,406.517,38.9612,13.9443,16.075,1.6429,27.8821,14.2885,4.35966,7.16063,1.26824,14,0.615071,1.46931,3.32396,227.411,22.8137,9.64401,15.4555,1.79863,19.2632,11.1771,3.25385,4.89411,1.79123,13,0.539985,1.11515,2.39417,260.572,25.2036,10.838,10.073,1.21751,22.0294,11.4795,3.19088,4.30067,1.84574,13,0.539462,1.15632,2.71186,221.766,28.9565,8.51192,7.70851,1.35158,18.8985,12.9726,2.83041,3.07427,1.5286,12,0.520487,1.17034,2.30396,549.547,57.3873,23.5146,10.8108,1.45684,37.6796,18.2942,5.92699,7.16964,4.56422,15,0.47659,1.75152,5.91521,246.036,25.9329,14.1379,92.1066,6.06572,19.498,11.1908,3.80278,13.8038,6.48812,12,0.460144,1.21075,2.37641,204.948,20.4673,7.69734,30.9796,1.03377,16.7085,10.7687,2.55574,8.71041,2.26159,10,0.548068,1.0997,2.78081,229.156,28.6467,11.1434,19.3187,1.9479,17.772,9.87777,3.31153,7.59876,3.29157,10,0.449151,1.32536,2.78843,335.991,31.1836,14.9047,13.3469,1.36932,27.6098,16.6586,4.23488,5.003,1.90695,16,0.597082,1.214,2.90059,831.336,128.982,42.8137,104.133,2.80883,54.9063,34.1259,7.64123,18.3448,3.88083,16,0.547491,1.36277,5.84591,362.675,44.1662,24.9487,16.9794,0.738243,27.6673,17.3015,4.83052,6.74851,1.46108,14,0.531602,1.55006,4.37212,384.414,55.7961,17.4218,14.0934,1.27083,26.7596,16.2968,4.18026,5.61645,1.61762,11,0.632962,1.5562,4.23327,475.979,46.9831,28.4886,23.6324,1.54651,37.0789,19.2195,5.66363,10.7945,3.63986,16,0.57063,1.50508,4.31581,1006.16,101.9,31.8276,25.0946,1.46007,59.5717,27.8323,8.64723,13.3704,4.494,26,0.501959,1.63576,6.53979,452.634,82.1021,20.9005,16.4087,1.15564,35.7629,21.9957,5.38222,6.1042,2.14382,18,0.800401,1.22087,2.88452,4794.75,194.595,148.53,42.6793,26.5248,90.1009,22.7717,11.9573,12.8419,5.75593,4,0.280209,1.72976,8.93834,,,,,,,,,,,,,,
gr00t_wbc_h074_p000,4040,complete,90,18,8.327,2.25305,0.0207678,0.0220373,364.498,38.5398,14.4061,14.1115,1.63699,32.4843,16.4646,4.6515,7.58113,1.90741,17,0.513418,1.10865,2.4177,266.815,27.949,10.2822,16.606,2.66577,19.7549,10.2466,3.24955,7.15397,3.71334,14,0.464984,0.972672,1.51983,493.166,55.5511,21.0758,12.2333,1.9552,29.7491,16.111,4.2778,6.61234,4.32647,14,0.46006,1.59782,4.58716,206.662,28.6939,9.93729,11.3726,0.801075,17.483,12.5487,2.76858,5.29647,0.830868,12,0.46488,1.0667,1.49756,156.344,14.8237,7.11021,10.6198,1.41989,13.0623,6.27011,2.4294,4.78144,0.827756,9,0.495205,1.23678,2.0631,180.51,16.737,10.3806,11.3336,2.37339,14.2621,7.74223,2.60783,5.93565,1.55446,9,0.499939,1.15012,1.45164,365.7,33.9941,12.1337,27.2784,4.84128,26.6598,13.5815,4.15046,7.96798,5.46504,16,0.558211,1.35107,2.46616,166.709,15.3152,10.2575,36.7468,11.1625,13.8567,7.78288,2.82736,10.0916,8.32913,9,0.456345,1.22401,2.06666,127.128,22.3826,9.51198,8.76257,2.56371,9.40566,4.84483,2.07441,5.3121,2.77187,5,0.573121,1.37365,2.36683,236.175,21.9991,12.8445,15.2688,1.3002,18.14,13.2288,3.04049,5.06378,2.17118,12,0.551736,1.24772,2.33123,192.329,21.3459,13.6845,18.8193,1.4728,17.4065,11.8043,3.60032,5.51493,4.63032,12,0.533829,1.22903,2.27265,173.45,25.7638,9.28305,19.4092,1.08536,12.6816,7.82748,1.82449,2.65561,1.21391,5,0.546196,1.5856,4.089,364.636,42.1044,29.9123,67.3117,1.48724,27.176,17.4042,5.18803,11.647,2.63059,17,0.494327,1.24773,2.58701,300.219,23.0739,20.6388,29.1147,1.43462,22.9436,11.9731,3.69367,4.9888,1.77909,16,0.469029,1.04875,1.90734,376.225,40.0442,27.1049,72.0415,2.33426,26.4186,14.098,5.38344,10.0904,2.84534,15,0.540757,1.50148,3.61983,951.576,93.7638,41.0824,38.675,0.931755,58.8132,36.2642,8.12353,11.7229,2.7522,17,0.487456,1.66906,8.0741,222.58,41.6429,13.1356,23.1339,0.952225,17.1534,12.0805,2.67346,4.25474,1.43062,10,0.607484,1.19264,2.09331,251.73,34.545,27.2547,100.334,25.4636,19.2516,9.42355,3.71952,11.2944,5.20775,10,0.399459,1.18044,2.5959
gr00t_wbc_h074_p000,4041,complete,90,18,7.9627,2.7554,0.0255943,0.0778108,293.336,27.7948,13.1365,12.8701,2.02154,26.4565,12.1799,4.27853,7.27736,2.17948,18,0.448681,0.926208,1.42373,152.592,15.317,11.3059,17.1786,3.56097,12.5635,7.59984,2.32618,6.48646,5.34506,11,0.459198,0.907281,1.6112,186.242,20.9993,12.7339,18.2177,1.70203,14.1727,7.11601,2.73475,4.77786,2.31982,11,0.477636,1.08726,1.70633,318.963,60.0606,23.7875,18.007,1.18678,23.7654,17.0299,3.7398,4.65248,1.26614,19,0.510906,0.997717,1.69083,103.155,12.8615,5.61956,10.5475,1.21467,8.07705,4.07704,1.38475,2.52933,0.927989,7,0.415542,1.10468,1.87187,487.87,60.0739,23.3552,15.56,1.8779,34.9102,17.5887,5.55696,8.70017,3.86302,17,0.495381,1.48675,3.98867,267.58,43.5302,16.0986,19.5019,0.84192,20.6075,11.4956,2.90639,4.61091,0.955769,10,0.56194,1.23665,2.15531,115.708,24.0068,12.944,27.3295,1.43133,8.8662,5.20777,1.78077,4.56727,1.39246,7,0.428428,1.03045,1.03263,254.731,43.5856,16.7886,22.0182,1.65018,20.5139,9.85158,3.19974,3.77075,1.09106,11,0.69341,1.83331,2.97428,297.346,39.3102,18.6436,54.6504,2.75533,21.423,11.9013,3.99818,12.1707,3.8462,12,0.668227,1.42287,2.00695,346.509,39.7508,43.3135,144.13,3.77167,25.2901,10.9141,5.09444,15.4824,3.52522,13,0.607156,1.45089,3.3169,169.364,23.1872,11.3032,22.7115,1.24809,14.5707,7.67066,2.28075,3.08445,1.00325,7,0.554381,1.53417,2.83775,324.582,50.1721,20.1822,20.1855,1.09216,25.75,12.6056,3.75668,4.98794,1.28378,12,0.628249,1.52905,2.78787,184.803,22.6729,17.9778,27.5386,0.915552,14.4751,7.40172,3.00972,5.0363,1.32116,7,0.521554,1.60879,3.5445,306.636,43.1492,22.2635,15.5824,1.68658,23.642,12.5316,4.43284,8.26162,3.2947,15,0.562826,1.2388,1.6632,142.366,21.6392,15.639,19.7235,19.5634,12.3648,5.77605,2.86283,9.08993,5.52781,7,0.497593,1.21888,1.57533,325.394,43.0422,22.791,70.5124,2.5163,22.6102,12.4179,4.19133,14.0234,4.21992,13,0.556594,1.52267,3.01274,914.004,145.472,53.5638,93.8942,2.38,57.483,34.4663,8.44943,15.2372,4.34434,18,0.592031,1.4475,5.22754
gr00t_wbc_h074_p000,4042,complete,90,18,8.41011,3.00141,0.0246767,0.031356,180.756,20.2082,9.35887,16.709,1.82744,17.1525,9.54056,2.56086,5.4423,1.27901,11,0.465037,1.0598,2.15703,122.603,11.5667,8.76458,14.2742,1.4907,10.9941,6.79227,2.146,4.50745,1.33692,9,0.390543,0.870546,1.35345,214.358,28.6003,17.773,17.9768,1.13151,19.8879,11.7954,3.85005,5.0691,1.76139,11,0.604511,1.41562,2.57528,134.741,13.8951,12.9911,19.328,0.812118,11.4477,7.36304,1.99113,3.75727,1.00585,9,0.319751,0.919455,1.46128,312.127,38.4046,29.6078,34.1819,1.29959,25.8274,16.0424,4.72882,8.54396,2.23207,19,0.465156,1.10647,1.79161,283.229,42.0867,14.9151,38.6746,1.25851,27.1463,18.2614,3.49972,10.1572,2.43603,19,0.481518,1.18644,2.00672,208.607,27.4949,27.5531,21.8616,1.02553,17.9178,10.5772,3.50986,6.04895,1.49382,13,0.472023,1.0964,1.43662,218.177,40.3412,11.4551,19.3388,1.27652,19.1051,12.965,3.03658,6.58253,1.81782,12,0.556551,1.4568,2.24286,315.585,31.644,33.2,60.8089,1.52685,23.9455,13.4531,3.75604,11.4914,2.3442,10,0.494183,1.42598,4.16103,166.256,22.7844,22.4684,26.4393,1.01289,13.8485,7.23195,3.29376,7.11925,1.73572,8,0.536053,1.58568,2.94632,180.419,29.899,16.7585,79.9204,29.6406,16.3053,8.69282,3.13589,13.7673,11.8457,11,0.466471,1.01099,1.3085,237.778,49.6315,24.2471,90.7733,1.38529,19.229,12.1464,3.49779,16.0541,2.45407,9,0.698016,1.65219,2.73982,264.06,35.5455,31.2918,18.4385,1.24,20.2336,10.407,3.50716,6.64306,2.24568,8,0.617492,1.90805,4.13876,413.241,41.9637,18.7442,14.5577,1.42468,27.2766,15.3994,4.19636,6.9382,2.41723,11,0.663943,1.47445,3.76444,160.256,16.3912,16.3291,31.9261,4.88397,13.4366,7.13945,3.11098,8.75752,5.96469,6,0.682411,1.45279,3.38254,327.01,32.8339,23.0804,31.7109,1.06761,25.5456,11.2914,4.76383,6.68927,1.792,18,0.563625,1.28218,2.82389,318.649,25.4562,28.2855,31.668,2.05058,24.0732,15.3683,5.49636,13.5382,4.88359,15,0.591115,1.28829,2.57731,367.23,34.3207,13.821,20.613,1.96542,25.3155,11.0482,4.19074,5.79673,2.46389,17,0.523184,1.23947,3.61356
gr00t_wbc_h074_p000,4043,fell,65.76,14,36.5354,8.99628,1.46983,3.77347,297.579,28.6923,13.6147,16.4776,1.21808,25.1175,14.4421,4.15879,5.26426,1.13479,16,0.420911,1.02713,1.84837,227.081,23.7006,16.7556,25.5454,2.20262,19.2046,12.3777,3.41116,4.06154,1.16276,17,0.427023,0.964249,1.37656,155.799,22.5616,8.14001,18.9592,1.40384,12.0512,5.67798,2.41901,4.10349,0.98946,6,0.620316,1.56308,3.11799,185.566,19.1114,12.0795,12.165,1.44369,14.7152,8.10701,2.86562,4.92662,1.21694,9,0.615282,1.30159,2.06095,96.9016,12.4524,9.08522,14.7076,1.49452,8.41484,5.34932,1.90297,2.44129,0.878125,7,0.403345,1.25261,1.65087,112.462,11.0213,10.3904,18.2538,0.954469,10.4262,6.40216,1.82035,3.16682,1.08509,9,0.399579,0.952228,1.21812,251.621,24.4457,27.0349,35.4096,1.65776,22.6112,12.5485,4.20304,7.73276,3.91702,15,0.545951,1.20537,1.98026,140.811,15.4811,19.913,60.8158,7.78736,12.3289,5.48671,2.638,13.9398,9.60188,6,0.441371,1.11196,1.79704,247.405,24.3733,14.5663,21.3903,2.02208,17.6449,10.1096,2.97787,4.18341,1.33051,10,0.528738,1.37415,3.4212,266.385,37.8104,15.9712,18.7124,1.7428,24.3016,14.5092,3.86963,6.81325,1.54407,13,0.658718,1.18808,2.40933,303.561,30.5853,16.0321,13.2017,2.20346,22.5948,13.57,3.96655,7.5517,2.02358,12,0.528149,1.31192,2.81304,2342.99,192.323,78.8779,31.9103,2.00341,108.945,52.6635,14.603,21.1446,6.42856,24,0.567968,2.39413,13.8511,494.337,68.0243,26.0106,21.8397,1.44062,35.7583,19.7427,5.98437,7.42228,2.07704,21,0.650738,1.26192,2.76643,3102.6,363.398,126.919,52.9219,6.08303,87.0953,44.3286,13.7945,17.0137,6.4275,1,0.110176,1.31131,1.29395,,,,,,,,,,,,,,,,,,,,,,,,,,,,,,,,,,,,,,,,,,,,,,,,,,,,,,,,
gr00t_wbc_h074_p000,4044,fell,55.82,12,18.4485,12.8133,1.49348,2.94797,273.774,34.0089,13.7475,19.229,1.17793,24.5015,13.9058,3.87714,5.73549,1.08137,18,0.445608,1.01048,1.8318,241.957,23.2377,12.7614,20.0833,1.79137,19.2173,11.9008,3.01539,3.74886,1.01196,14,0.441214,1.14243,2.06534,280.282,27.0979,17.7101,65.2017,4.06396,23.1644,11.3522,4.29796,11.4339,3.59134,16,0.478938,1.08925,1.69047,210.616,20.7941,14.2132,31.876,0.856002,18.0129,11.6329,3.15811,6.27431,1.42816,11,0.487159,1.24316,2.08607,406.14,31.9035,20.2742,23.0855,0.956419,26.806,13.1975,3.8101,5.74909,1.88092,10,0.630774,1.62805,5.3996,210.426,23.1952,15.9653,35.9808,6.07041,17.7611,12.7817,3.28651,8.10543,5.91425,12,0.459157,1.10522,2.18474,211.804,23.1494,12.5732,27.6133,0.697146,16.9671,9.38067,2.79883,5.82733,1.25684,9,0.603395,1.45131,3.11174,165.969,17.4588,11.4238,28.2223,1.46811,12.9446,8.10799,2.60544,5.15287,1.90839,9,0.457223,1.05879,2.02263,339.016,32.1828,17.4982,18.6818,1.47807,27.6976,13.4354,4.79393,6.5196,2.9434,17,0.502326,1.26643,2.47169,273.997,29.3423,14.032,19.3311,2.33223,22.3803,15.4524,3.87241,7.34682,3.88286,14,0.546607,1.26738,1.99301,403.793,40.2911,19.6275,23.2144,1.93195,28.7314,16.3383,4.85299,6.91187,3.09102,14,0.671646,1.7345,4.13085,2690.82,170.207,114.458,23.166,0.783346,76.817,24.2704,9.90544,13.023,3.43937,1,0.840248,1.2621,2.78342,,,,,,,,,,,,,,,,,,,,,,,,,,,,,,,,,,,,,,,,,,,,,,,,,,,,,,,,,,,,,,,,,,,,,,,,,,,,,,,,,,,,
gr00t_wbc_h074_p000,4045,complete,90,18,13.5976,3.38275,0.324361,0.277644,130.169,19.5548,5.03966,15.101,1.27576,13.8474,8.86346,2.43324,5.5091,3.55324,8,0.396704,0.976575,1.63888,247.102,23.6583,8.90856,21.5977,1.92043,19.9438,10.7457,3.1615,8.88194,3.95699,11,0.463879,1.20821,3.07962,249.372,24.375,12.5754,20.914,1.56893,21.0429,13.2914,3.4805,6.32712,1.81612,12,0.625583,1.27213,2.50641,237.331,21.8776,8.10073,28.4492,1.7487,17.5504,8.34333,3.05206,3.04098,2.47659,11,0.555919,1.22352,2.88837,196.57,18.1783,8.65752,46.0272,3.50431,16.8239,9.31986,2.931,4.206,3.2126,14,0.46339,0.912471,1.64573,261.62,27.8417,12.6675,46.0804,2.26505,19.9078,10.6384,3.33063,3.2714,2.62016,10,0.491036,1.38726,4.39692,344.46,38.7413,12.6035,39.6176,9.47507,24.2919,11.5542,3.53216,2.78846,3.34533,11,0.466311,1.45158,3.43089,381.676,36.2117,15.4476,45.6937,15.2895,28.4218,13.7128,3.82018,3.63634,4.30166,15,0.607595,1.39059,2.47822,252.198,24.5002,9.95756,46.4836,20.7249,19.1156,10.595,2.77608,5.48713,5.32373,11,0.572123,1.17118,1.36828,593.952,45.0973,23.959,30.7393,3.90348,33.6334,15.4806,4.10739,2.78557,2.67072,10,0.420932,1.48816,5.43925,441,63.3163,20.3252,93.6617,27.2585,30.8739,17.5385,5.01801,13.3125,10.2725,19,0.599027,1.18251,2.65932,398.548,44.2551,27.5213,10.8041,2.47104,28.9776,14.3135,3.97933,1.84139,3.20482,13,0.625288,1.31596,2.97438,917.471,83.3489,48.9511,96.2035,2.76259,51.9489,23.3803,7.7099,24.5643,7.97813,17,0.601714,1.6488,6.98519,806.777,70.519,36.9738,71.9128,5.09374,48.9572,21.0711,7.34251,11.5655,6.35347,17,0.597995,1.84298,6.72159,522.062,76.6671,31.6718,26.3323,4.40143,36.7397,22.8956,5.42971,5.70867,3.70294,21,0.611736,1.21459,2.5735,333.366,28.9861,20.8436,25.8445,2.20051,24.9533,10.9875,4.07556,4.20242,3.3652,12,0.639683,1.55089,2.82591,346.35,35.8699,17.4239,24.7548,6.86254,26.8096,12.7426,3.96687,4.55681,5.53999,15,0.57756,1.27552,2.2616,635.165,73.3828,47.3111,55.6127,27.1138,43.5781,24.3039,6.58367,12.2453,11.9465,21,0.576396,1.32994,3.4527
gr00t_wbc_h074_p000,4046,fell,80.86,17,11.7151,6.84903,1.49073,1.51197,106.701,19.9279,12.7976,33.4959,1.55915,13.1118,7.82793,2.22886,5.72037,1.43907,10,0.409801,0.849215,1.3967,263.629,31.8992,12.0513,14.2776,1.27453,18.7586,11.2259,3.07521,5.55227,2.33015,12,0.69379,1.17486,2.22647,247.395,23.3199,11.2223,12.3454,1.7558,20.5841,10.7995,3.56793,5.17827,2.30322,12,0.56116,1.30996,2.33664,230.401,30.3273,9.33784,15.4985,1.82959,18.0176,11.3703,2.95183,6.837,3.89224,12,0.514154,1.11182,1.6124,263.763,20.163,10.6319,53.739,3.11101,19.9075,10.6872,3.5018,10.7547,3.81144,11,0.501133,1.13757,3.0018,292.63,21.6611,18.57,14.9424,1.21349,25.7942,12.6354,4.69572,5.35352,2.57171,17,0.569398,1.22347,2.67901,116.951,18.5585,8.92126,15.1357,1.03454,10.599,6.72676,1.88896,4.58489,1.04426,6,0.589156,1.31286,1.86022,137.384,23.7269,9.12016,16.0992,0.944047,12.2262,7.90069,2.03839,4.29209,0.983098,9,0.462804,1.13759,1.89255,1604.13,325.238,109.919,30.6841,1.38643,80.7465,57.0745,12.7497,17.7864,3.00208,23,0.780719,1.22393,5.94341,352.379,51.1459,23.8779,92.6231,5.45545,29.2115,18.582,4.90145,15.859,5.86628,23,0.470443,0.970587,1.44268,385.29,41.0236,22.2961,15.8573,1.08777,29.0802,17.0185,4.31071,8.54856,1.70771,17,0.577908,1.27778,2.8247,374.106,46.3627,22.2914,117.959,3.48897,30.5501,16.5398,4.05671,14.978,3.97657,12,0.600925,1.58481,3.84307,401.892,69.5178,42.0895,19.2577,1.52807,30.8548,19.2064,5.39537,12.2608,3.45817,19,0.616598,1.16412,1.85195,146.288,24.5737,19.7307,16.9976,0.841976,13.1245,6.94711,2.42384,4.85696,1.17555,9,0.457075,1.05724,1.46577,926.096,194.581,54.8692,200.949,14.229,61.4228,38.9736,9.39957,32.527,11.416,23,0.72908,1.26276,4.1923,386.615,35.6931,26.9044,54.788,5.346,26.7605,14.3049,4.5553,12.1615,4.22492,12,0.439519,1.60283,5.48819,2202,224.614,102.452,45.7579,9.60514,76.5741,28.5472,12.213,25.7793,8.87614,2,0.269318,0.566709,1.24963,,,,,,,,,,,,,,
gr00t_wbc_h074_p000,4047,complete,90,18,15.7502,2.90202,0.240339,0.148238,271.556,21.9409,16.1008,22.6536,1.25245,25.4232,13.0819,4.2894,7.44485,1.61122,21,0.381385,0.821999,1.31451,243.984,19.9665,13.3449,20.9127,0.841905,20.5652,9.976,3.66598,5.07414,1.1845,15,0.464774,1.08641,1.64872,188.31,16.363,12.4749,20.626,0.994919,15.3168,12.3074,2.75009,3.34328,0.907515,14,0.390595,0.936575,1.22239,199.019,20.1642,16.1348,30.1181,1.08772,17.3854,9.50917,3.03979,5.08503,1.3695,11,0.515297,1.11422,1.65632,166.293,27.6467,13.9722,35.5124,2.49471,13.4145,8.25564,2.72585,8.76692,4.26127,8,0.516445,1.21202,1.69966,307.337,25.3791,16.5611,9.83858,3.10189,22.7218,12.1781,4.01292,4.16191,2.54794,12,0.583767,1.47656,3.3174,194.75,20.9282,14.9217,16.0058,2.05355,15.8825,9.131,3.151,4.05749,2.82495,10,0.61465,1.31413,2.16229,117.291,12.4158,13.9746,15.7617,0.781338,9.46805,6.15216,1.98037,2.29102,0.755209,9,0.48717,1.10077,1.59875,409.81,44.8669,55.2077,75.4722,6.67769,32.9147,16.738,5.72977,17.7609,5.9859,11,0.527851,1.45242,4.41776,1402.26,139.532,83.7795,35.5673,1.10826,70.4644,39.0641,10.5598,17.6862,3.07855,15,0.508801,1.58507,8.87459,242.429,35.7191,17.7603,14.8523,1.58633,18.4447,10.7794,3.32591,4.89912,2.29872,10,0.673589,1.63828,2.76094,220,20.4795,14.5074,19.2745,2.49062,16.5085,9.32773,2.93716,5.79194,3.35891,12,0.472869,1.14337,1.57862,522.813,53.5319,26.9509,13.8271,1.27762,36.3788,15.939,6.63959,7.86148,3.62182,19,0.548529,1.57912,4.01645,488.797,49.0608,26.1866,21.2721,5.1007,33.8093,17.9134,5.88394,11.7802,7.68004,19,0.493889,1.42977,3.58445,425.631,76.6789,33.7463,108.106,5.53708,32.2483,20.2814,5.59793,13.5076,7.10336,15,0.476978,1.08178,3.04725,264.911,33.5522,16.8104,19.8742,0.712002,20.6919,12.8884,3.3304,5.8793,1.52389,14,0.531156,1.13047,1.57951,570.291,51.7608,32.0852,36.561,0.710526,41.0178,19.7115,6.78703,10.5926,1.93311,18,0.480514,1.60216,5.10929,679.595,73.2838,38.4026,40.0947,1.04196,47.2277,24.8059,7.51435,10.3996,2.21527,24,0.40305,1.5896,4.61439
gr00t_wbc_h074_p000,4048,complete,90,18,7.63238,2.30819,0.0927527,0.059886,155.954,18.1836,8.78244,15.6038,3.02662,15.828,10.1909,2.64723,5.68299,3.26347,11,0.461503,0.897721,1.6908,226.321,28.5038,9.63376,18.0214,1.72794,16.3931,8.35365,2.68813,5.88992,1.79791,10,0.676435,1.15416,2.04771,266.439,24.5016,16.5615,21.0634,1.8369,22.8147,12.7831,3.88725,6.10056,1.19764,14,0.531129,1.25246,2.14231,413.359,60.5702,25.4593,26.0143,1.60267,28.9314,16.8399,4.44189,8.80162,2.90045,15,0.487326,1.33743,3.33807,99.1947,11.0376,9.50443,17.594,1.08189,9.16211,5.23294,1.66699,3.2949,1.63495,9,0.31458,0.793882,1.10124,332.193,37.8286,17.7588,33.3023,1.84272,24.913,12.976,3.99965,9.28741,2.48426,11,0.575024,1.35798,4.0703,206.764,17.1688,12.3278,16.9304,0.919147,16.6182,7.82352,3.09085,6.26405,1.3086,12,0.486822,1.16784,2.19706,287.679,21.4641,19.0273,16.9324,1.3161,22.8029,10.83,3.88248,6.53051,1.58653,15,0.465858,1.21017,2.06222,260.929,30.1688,38.409,101.436,4.32555,21.2668,12.5498,4.1452,16.95,4.49717,12,0.559957,1.43458,2.33966,636.128,67.9218,41.3366,67.7341,1.93445,39.6726,22.185,6.17016,14.6363,2.48292,25,0.406447,0.974269,2.11059,392.56,47.7052,17.7562,75.6418,1.42652,28.1505,14.3495,4.76796,12.1015,1.88803,12,0.498903,1.68922,4.85968,694.765,76.6557,42.4786,37.5865,1.10192,44.6605,23.7182,6.65122,11.8894,2.46785,23,0.421776,1.48043,4.5347,451.713,45.2451,33.2035,33.1707,1.04029,29.0223,15.4468,4.5666,6.24687,2.02756,12,0.530004,1.41249,4.604,264.337,25.0806,17.4977,28.3319,1.28204,21.2925,11.4919,3.45699,5.21507,1.70981,15,0.438465,1.02725,1.93086,248.893,21.5534,14.7217,23.5691,1.11914,20.5814,11.0364,3.36092,5.80982,1.37057,14,0.440146,1.01858,1.46043,216.041,16.3332,15.1493,25.7386,1.45581,17.1575,8.66909,3.28469,5.61484,1.55306,10,0.476688,1.21242,2.51583,422.651,41.8868,51.585,97.8848,74.4192,27.9282,12.1957,5.36836,16.4772,9.71384,15,0.478585,1.34153,3.27756,975.519,143.235,46.1638,29.1656,2.10545,59.2865,33.0645,8.47513,13.5081,5.69118,20,0.634646,1.43524,4.83386
gr00t_wbc_h074_p000,4049,fell,70.48,15,16.1055,8.40893,3.13015,2.53614,197.75,28.8496,11.6982,25.326,1.91022,19.0833,13.1058,3.26414,7.12641,2.49906,13,0.398061,1.15349,2.16779,194.923,17.9415,9.9241,8.51423,1.83326,16.8937,9.01903,3.01678,5.83585,1.2746,11,0.49291,1.18369,2.35439,298.574,33.2959,11.0837,20.0974,2.7473,23.7802,13.8561,3.63046,7.76629,3.50078,13,0.67235,1.26883,2.44265,199.546,25.5182,8.34256,10.3917,1.44307,14.7809,9.91912,2.72316,6.39532,3.21039,8,0.656601,1.28979,2.60678,280.067,30.9027,13.5061,33.4401,1.82893,21.6973,11.7575,4.06877,12.2406,2.81771,16,0.459629,1.18424,2.42862,257.741,23.3647,9.9109,12.1161,1.56742,19.4145,9.4332,3.31773,6.72735,2.18051,11,0.6033,1.27814,2.00887,272.271,24.2184,24.4529,76.7833,10.283,21.7157,9.28763,3.82167,8.42468,4.98174,11,0.58162,1.45866,3.90162,269.173,34.7893,13.5726,47.3536,2.67115,21.4564,12.4222,3.10475,10.0522,3.40956,10,0.526451,1.27808,3.08593,327.505,51.2839,22.1507,29.909,1.58299,27.3317,16.221,4.68953,7.98893,1.97796,18,0.416981,1.08727,2.04864,338.296,26.6783,13.2904,14.508,1.15861,27.4134,14.9017,4.53005,7.79957,1.79468,15,0.559122,1.37533,2.97823,482.865,50.1288,63.5634,216.407,24.2881,40.611,19.5188,8.6563,33.5452,8.81467,18,0.615418,1.39238,3.67018,281.082,37.1794,13.6343,13.5955,1.64962,20.9431,14.8084,3.44787,5.31111,2.49409,11,0.476841,1.3061,2.94188,1126.95,175.65,52.5446,36.3501,1.6592,70.8143,43.2805,9.75971,12.2402,2.28156,14,0.623577,1.88736,9.83868,382.511,38.1589,35.0467,104.454,32.171,27.8628,13.7599,5.53239,15.812,7.9353,13,0.530234,1.52745,3.67551,884.85,18.03,40.6442,17.374,0.956711,25.3069,5.22452,2.94384,4.85583,0.941219,6,0.337716,0.562668,1.2759,,,,,,,,,,,,,,,,,,,,,,,,,,,,,,,,,,,,,,,,,,
gr00t_wbc_h074_p000,4050,fell,46.32,10,20.9257,16.9088,1.33755,2.24851,209.073,28.7843,12.801,19.6869,0.935495,21.1633,13.0921,3.51118,5.28501,1.39809,15,0.413078,1.00322,1.63444,57.9454,5.53612,4.81241,19.3449,1.18133,5.75239,3.3825,1.01724,2.11575,0.936844,5,0.400672,1.00175,1.03006,288.143,29.7884,12.9781,17.2934,2.04857,23.8906,14.4323,3.8646,5.64291,1.35247,14,0.534668,1.27316,2.12727,301.422,29.5758,12.8846,24.6807,1.0498,22.8795,14.4451,3.51493,5.60239,0.956374,13,0.563233,1.4676,2.76813,134.759,10.7304,8.04435,15.8713,1.62293,11.6768,7.41149,2.0184,4.30731,3.10865,9,0.515518,1.09183,1.71245,398.506,39.245,17.898,23.2519,1.74537,32.1623,16.1151,5.22352,8.25067,4.24822,15,0.566616,1.48103,3.36219,223.576,27.2122,18.3096,44.6841,1.96942,19.8288,12.454,3.81645,10.1877,4.07788,14,0.518828,1.13991,1.97549,175.685,19.8251,9.751,13.3061,1.36342,14.8861,11.2744,2.28646,4.44845,1.74827,10,0.539066,1.14891,2.42368,200.684,23.1944,10.8795,14.7422,1.72657,16.8171,10.3447,2.77081,5.97605,3.53676,12,0.492247,0.897463,1.42149,1777.33,80.8598,59.8446,14.5619,2.32573,66.9572,18.9237,7.27124,11.1689,6.06187,5,0.349479,0.762633,2.6099,,,,,,,,,,,,,,,,,,,,,,,,,,,,,,,,,,,,,,,,,,,,,,,,,,,,,,,,,,,,,,,,,,,,,,,,,,,,,,,,,,,,,,,,,,,,,,,,,,,,,,,,,,,,,,,,
gr00t_wbc_h074_p000,4051,complete,90,18,8.73977,2.8534,0.0124316,0.0169393,227.604,33.746,10.1862,18.2202,1.17564,20.4694,14.404,3.17575,7.27154,1.91507,11,0.454174,1.06536,2.55586,269.16,20.5854,17.1575,52.7982,11.3736,22.1349,12.8103,4.18165,12.1302,9.47332,18,0.451977,0.955047,1.54816,197.967,19.4362,9.09164,25.4151,1.37519,15.4165,8.59779,2.68627,5.25015,1.84943,8,0.660454,1.55846,3.25427,254.221,28.5662,18.2768,67.9987,1.52999,19.3007,10.5471,3.53995,8.17696,2.03442,12,0.480125,1.23582,2.40859,342.89,38.4296,17.9107,19.9548,1.05132,27.6066,16.7147,4.32368,7.39751,2.90725,19,0.524054,1.13207,1.84898,383.146,45.0026,14.7328,21.9679,1.19442,26.0704,10.9814,4.40008,7.92045,1.75034,12,0.49446,1.68829,4.81968,353.145,74.5019,22.1724,28.8989,0.855013,27.0134,17.3946,4.11971,7.34125,1.46627,13,0.758538,1.35797,3.3023,270.079,27.001,18.1303,22.5762,1.36327,23.7429,12.4912,4.42913,8.28781,1.85286,16,0.541324,1.23537,1.9458,379.469,83.541,28.72,22.7696,1.28959,31.239,20.0919,5.53463,9.31591,2.14378,15,0.746733,1.44138,3.45119,277.952,21.6341,15.45,21.2105,1.41718,24.2342,13.5592,4.69742,12.3571,3.50742,15,0.551114,1.29073,2.38798,242.59,23.8634,10.0583,11.4583,1.2375,19.1407,10.6525,3.02898,5.49634,2.11443,12,0.454589,1.07815,2.14369,185.966,15.9612,15.1327,43.1286,16.2163,17.3835,7.96133,4.00673,7.92135,7.75538,10,0.447266,1.21833,2.33448,379.327,49.0994,19.1395,25.6226,1.38419,29.4941,16.8707,4.95082,9.64874,2.40693,13,0.796445,1.61779,3.50412,1446.52,170.97,75.8361,56.1893,1.0905,71.7303,37.6453,11.0323,15.8573,2.54434,17,0.755887,1.495,10.4057,323.487,72.9816,49.1788,152.338,3.48161,24.5822,16.9051,4.69064,18.4868,4.16812,7,0.631125,1.64379,4.93798,328.607,34.6882,25.2759,30.4506,2.40181,28.8235,17.3237,5.11937,13.2117,3.21249,14,0.575814,1.45984,3.2079,214.44,19.1727,22.7451,39.1348,1.96424,16.9325,8.57903,3.14021,8.66017,1.97374,10,0.530418,1.32464,2.00309,368.683,67.5385,29.2706,11.4449,1.05914,30.7577,21.4465,5.22786,5.93328,1.63179,15,0.637948,1.3487,2.96402
gr00t_wbc_h074_p000,4052,complete,90,18,8.28128,2.62665,0.180078,0.277931,194.443,27.403,8.01564,11.7408,1.19481,16.7861,8.3044,2.95517,7.29987,3.14784,12,0.36878,0.788964,1.16647,168.832,13.4596,8.39393,13.5662,3.74698,14.4527,6.71985,2.80896,5.48747,2.51517,8,0.569815,1.373,2.58586,273.335,35.1484,15.6697,24.6026,1.92469,21.1053,14.6133,3.2284,6.3486,3.37626,11,0.58106,1.35076,2.82027,238.818,28.4279,13.2358,27.0849,1.51207,18.152,9.45837,3.24036,11.1058,5.30201,12,0.629661,1.27657,2.59576,310.936,40.1862,14.8785,23.4721,1.88131,23.0945,13.129,3.74948,6.62454,2.5976,16,0.50792,0.998177,1.93931,361.417,54.9546,18.5162,32.7404,2.68391,29.6128,16.4401,4.95663,13.1988,5.12808,19,0.53473,1.14748,2.2848,123.286,19.9662,8.45707,25.6364,1.13568,9.70818,6.2318,1.58388,3.37095,1.07119,6,0.400725,1.10743,1.2264,258.94,21.4619,14.6173,19.3982,0.986734,20.6678,10.6214,3.66834,5.75292,0.923334,15,0.462775,1.10892,2.07619,214.717,22.3938,12.5361,15.3043,1.7008,19.2723,12.6248,3.4958,6.28615,1.26764,14,0.355496,1.05619,1.83872,460.12,55.5008,18.9193,27.8618,1.31468,31.5208,17.4819,5.30665,9.82489,1.63086,13,0.539195,1.49691,4.274,125.889,12.7287,14.773,27.1133,0.773108,12.0997,6.58552,2.30689,5.04134,0.984246,8,0.56049,1.3877,2.1901,338.993,32.2134,17.8534,28.0428,0.912682,26.4013,15.1126,4.66993,7.66893,1.29724,18,0.41312,1.08527,1.60594,347.956,61.3381,66.4541,94.8226,7.78013,32.9083,20.1683,6.25183,19.6521,6.50812,13,0.562901,1.58991,3.28911,824.92,134.409,43.3263,37.0235,1.43987,51.791,29.8194,8.35384,15.3056,2.54696,21,0.559234,1.23059,4.294,335.897,29.5518,17.6696,36.8049,17.9185,27.6054,13.2672,5.2263,16.2489,10.7205,14,0.563585,1.43453,3.77078,114.963,10.7563,13.0663,34.9603,4.02555,10.1629,5.10848,1.98649,9.16291,5.08459,6,0.556071,1.15632,1.99036,412.606,40.3434,20.3478,20.1813,2.30269,32.7681,19.281,4.80008,6.99147,3.65171,16,0.553757,1.39709,3.30762,426.763,80.0756,23.3286,22.6446,1.27125,32.1512,19.3349,5.27095,9.47836,4.63016,16,0.640561,1.34487,3.10594
gr00t_wbc_h074_p000,4053,complete,90,18,8.60377,1.6969,0.03232,0.0174959,251.682,21.4479,15.9189,23.3008,1.89071,24.5473,12.5794,3.96051,8.43504,2.7616,17,0.439203,0.963058,1.78006,180.603,15.623,9.93215,22.0835,1.26236,15.2734,8.86017,2.74392,4.04327,0.952502,10,0.467785,1.13116,1.87851,176.737,13.5238,11.9326,21.2328,1.32671,16.8946,8.95938,3.05565,5.09312,1.08606,14,0.410859,0.905017,1.31464,373.686,41.7989,27.2411,34.5569,12.5972,31.606,16.2566,5.35771,11.973,4.27368,19,0.499729,1.23241,2.27977,166.57,16.0786,10.8075,23.3771,1.08212,13.6082,8.41441,2.40606,4.21447,1.00949,11,0.414452,0.972864,1.22463,254.12,37.8559,11.066,18.1198,1.11396,18.8851,11.6207,2.98097,5.87524,1.48931,14,0.547462,1.01159,1.39615,387.981,33.5502,28.4654,63.831,4.489,33.7107,21.1037,5.72291,12.2154,2.58949,19,0.510516,1.31391,2.67032,297.57,25.0739,11.4716,8.2897,1.61352,21.6762,11.5735,3.43013,6.71088,2.14132,13,0.51674,1.15853,2.28165,203.684,19.7632,9.65424,10.9635,0.905104,17.2557,9.14951,2.8538,5.7715,1.00143,9,0.501237,1.41477,2.75037,242.118,28.4944,12.0956,18.9612,1.2566,19.4634,11.1088,3.27349,6.24629,1.09037,12,0.494457,1.13461,2.06594,236.528,20.6498,10.7718,15.0833,1.17464,18.9047,9.97696,3.07873,6.18102,1.43173,12,0.458795,1.09592,1.52951,267.563,29.6579,12.8359,21.2506,2.01485,22.1177,11.0619,3.41668,7.30692,2.35402,13,0.580898,1.18351,2.00381,847.601,64.9789,126.243,519.103,20.0345,49.849,26.1859,9.92481,49.6333,11.7542,28,0.366205,0.94902,3.701,385.362,33.2819,25.9583,122.383,10.9131,30.7239,15.4044,5.45424,17.7999,7.75309,14,0.6132,1.62748,3.33712,247.543,28.0258,13.2035,20.4887,1.15233,18.305,10.1156,3.27992,5.21661,1.44821,10,0.545202,1.42788,2.30017,426.138,41.5928,14.2992,17.267,1.19511,31.4198,16.1455,4.49274,8.32258,2.39457,16,0.519622,1.16821,2.93866,343.021,40.0734,20.0044,15.3623,1.0484,29.8571,14.9414,5.07651,9.74428,2.47766,18,0.47565,1.234,2.24257,374.917,35.3439,27.9802,187.497,34.258,31.4855,15.2338,5.90591,20.4592,9.9084,17,0.506677,1.27134,2.61656
gr00t_wbc_h074_p000,4054,complete,90,18,24.0468,2.13396,0.274363,0.217289,161.314,23.9268,7.94363,16.6714,1.92837,15.3944,9.67183,2.46677,6.07488,2.05515,8,0.446147,1.04195,1.48986,118.711,13.3041,6.02556,14.1922,1.24901,9.83328,7.38852,1.61201,3.10208,0.89265,7,0.485278,1.09383,2.07993,235.508,22.7729,11.7563,22.0921,1.00341,18.7522,10.8103,3.06146,4.44348,0.962246,14,0.491746,1.05884,1.85534,166.621,18.4238,11.5989,31.3503,0.78532,14.4067,8.07193,2.49755,4.24268,0.929535,8,0.596912,1.36219,2.43297,355.67,44.1125,21.2784,37.7628,0.790598,25.852,14.2581,4.54838,6.66307,1.54215,14,0.51813,1.47389,3.37733,288.937,21.3876,20.4643,30.0162,1.38781,23.8289,13.3792,4.50913,6.70234,1.71615,17,0.541812,1.21181,1.79062,276.935,22.6329,16.6322,25.0604,1.57853,22.9454,11.0547,4.10859,6.08039,2.11201,15,0.527646,1.22526,1.97069,236.626,21.9676,16.9118,38.5724,4.62053,19.5604,10.67,3.36243,10.5806,4.95761,12,0.495965,1.20699,2.14811,354.249,30.7597,31.5228,196.418,32.7584,29.2351,11.7321,5.99281,21.904,13.7333,14,0.587077,1.46428,3.17135,433.312,39.9202,22.5489,22.9034,5.45695,33.5013,15.4561,5.46419,8.4619,5.48408,19,0.527541,1.36569,2.80223,302.166,30.9252,20.0625,32.0195,2.2542,21.7423,11.8252,3.80874,5.90923,3.04717,10,0.536226,1.597,3.97684,279.986,21.2407,18.6299,16.2184,3.99483,21.6332,9.1731,3.91055,5.11313,3.08584,15,0.557402,1.24862,1.75704,411.95,55.8181,38.1675,47.6252,14.7582,32.7381,18.6037,5.78386,16.3805,9.86622,15,0.595178,1.46443,3.12212,375.055,98.07,35.6517,36.9214,2.11954,29.1485,20.8497,5.20182,10.0414,2.83267,26,0.505962,0.957629,1.93614,383.906,36.6013,78.0722,28.8408,3.44769,27.1669,11.5604,5.46191,7.10339,3.71932,12,0.590762,1.58387,3.05491,369.89,46.6645,24.9703,93.1869,6.77937,27.0227,15.4737,4.2333,9.46733,3.74704,14,0.485397,1.21757,3.04153,622.727,53.7903,30.9994,33.3927,1.80708,40.0071,17.3774,6.08554,6.99119,1.93038,17,0.543101,1.30533,2.75432,1247.26,428.592,60.9858,56.1796,1.43663,85.2109,76.6636,12.4225,18.6923,3.88702,17,0.685966,1.6122,9.93101
gr00t_wbc_h074_p000,4055,complete,90,18,7.74916,3.58802,0.00278866,0.00572955,211.767,21.774,12.6098,11.4923,1.20343,19.9037,11.4522,3.23259,6.63586,2.73661,14,0.37388,0.898841,1.58391,276.252,29.0146,13.0724,20.0958,1.3951,23.1422,13.0216,3.67865,6.79022,1.33118,13,0.631405,1.28165,2.1237,304.939,24.6621,14.7431,33.9085,2.33848,25.2224,12.5998,4.58601,13.0042,5.14078,15,0.556695,1.22089,2.74898,257.825,23.7925,14.7269,23.9844,3.17228,20.4172,10.58,3.88794,9.33459,3.49858,15,0.4494,1.12155,2.00528,233.019,55.9972,15.7613,23.2433,1.27919,19.186,13.8731,3.60677,8.05709,1.72351,11,0.6011,1.38651,2.57449,297.909,32.6777,18.1878,33.582,2.31103,22.8953,13.3116,3.60929,7.94629,2.06354,11,0.532475,1.57482,3.6439,463.049,55.1875,19.0802,20.8822,1.7986,35.833,20.8753,5.89544,9.79201,1.84908,19,0.685759,1.45685,3.33601,200.415,16.8322,11.3457,20.8109,1.06909,18.5285,11.2924,3.11146,5.25927,1.10369,13,0.4596,1.03459,1.847,390.541,43.4492,15.9974,17.5856,1.44059,28.7189,14.3289,4.73427,8.47162,1.43569,17,0.516761,1.2773,2.74594,269.255,25.0784,14.4351,14.9883,1.80124,18.4418,11.0463,3.50586,8.28496,3.37345,9,0.466952,1.44128,4.08201,492.601,45.3099,33.1705,134.574,8.19624,36.5367,21.5369,5.64271,19.5714,7.11918,15,0.511061,1.31213,3.22537,609.453,91.7124,56.5661,34.5227,1.66953,42.6672,24.7377,6.61653,14.15,2.59303,20,0.429234,1.12137,3.2123,251.445,19.8518,15.8148,18.6272,1.40586,20.7265,11.3384,3.7492,6.19506,1.20245,14,0.44992,0.956583,1.6921,1276.75,130.053,63.8624,55.832,2.16429,58.817,29.6126,8.86783,13.2958,2.33295,15,0.351224,1.29543,8.08495,341.261,32.8646,17.527,18.2516,1.08712,24.2004,13.3802,3.89135,6.63541,1.22861,14,0.517333,1.31852,3.36996,286.972,47.1011,20.2163,26.7581,0.890701,24.8537,13.9655,4.45114,8.01819,1.36397,17,0.515836,1.0013,2.12868,561.878,61.3478,22.26,25.3855,1.41116,39.2886,19.5501,5.34555,10.0586,1.49431,16,0.530353,1.56413,4.75538,298.655,49.3199,18.9457,23.6064,1.20231,24.007,13.1563,3.91891,6.94027,1.10193,11,0.781619,1.46697,3.58193
gr00t_wbc_h074_p000,4056,complete,90,18,7.69964,2.381,0.00324698,0.00377713,122.595,23.5668,9.61467,11.4751,1.56337,11.0503,7.22194,1.75874,3.68989,1.48254,9,0.365224,1.00784,1.68918,273.05,20.4612,15.1902,19.393,1.59706,23.0009,13.3853,3.8999,5.4904,1.1799,20,0.395306,0.881158,1.76566,113.544,15.375,6.12238,13.7747,0.983712,9.57857,5.6902,1.62025,3.10373,0.731999,9,0.300233,0.856483,1.39358,248.226,33.4292,19.2635,71.3111,1.86411,17.4077,11.1401,2.95066,7.34018,1.70059,9,0.527161,1.57623,3.39828,341.515,66.9658,23.1807,51.2197,1.46903,28.8864,17.7926,4.76636,10.9859,2.33268,12,0.724242,1.42477,3.62254,249.501,31.9691,19.9269,80.5321,1.96166,19.9732,12.1724,3.14251,9.73484,2.96676,11,0.593305,1.19686,2.95184,330.848,33.9752,12.1964,10.3523,1.12125,25.8361,17.3396,4.20718,7.04787,2.82541,15,0.607592,1.35611,2.96352,266.237,26.2979,15.9707,21.9862,1.96523,20.0569,12.232,3.55187,6.48236,4.70923,11,0.573097,1.25296,3.47221,297.319,23.5357,14.8392,13.1473,3.73989,22.5899,11.8995,4.1808,6.7165,5.27913,14,0.545655,1.26655,2.92429,325.294,37.4172,28.5517,26.3377,4.50944,24.1776,17.4027,3.977,7.40157,6.63154,16,0.457795,1.15009,2.85743,409.239,44.9455,29.9947,27.6956,7.36817,30.6036,18.134,5.54589,8.48081,3.50872,21,0.524724,1.19964,2.86104,266.267,27.8148,15.3164,28.3748,5.20242,20.435,12.9377,3.59235,7.2555,5.2375,13,0.596272,1.16338,2.96039,526.007,75.6954,42.5395,17.6547,1.42183,41.7547,23.5783,6.47755,7.35513,3.19207,16,0.612868,1.72949,4.3396,422.217,44.1817,38.6081,80.3251,15.1244,34.4475,14.8771,6.30972,22.1846,16.2642,14,0.633359,1.66229,4.50843,369.892,44.2274,20.4095,25.37,1.03482,28.3977,14.3701,4.23431,5.3083,1.52627,14,0.542585,1.3997,3.32597,309.608,50.0433,21.0728,26.7941,1.30227,23.9518,13.4464,3.2652,5.00047,1.4134,12,0.703345,1.25055,2.42399,224.86,20.7902,13.7623,20.1909,2.01176,17.6508,10.1166,2.88515,5.45234,2.22949,10,0.537418,1.16824,2.53552,162.192,20.7885,9.88434,12.465,1.5617,12.8322,8.69222,2.08195,3.03267,1.10614,9,0.547885,1.27477,2.04645
gr00t_wbc_h074_p000,4057,complete,90,18,11.4042,3.04092,0.0843961,0.208081,307.12,26.7614,15.049,18.1287,0.905051,29.2514,17.0965,4.86324,7.34523,1.2143,20,0.470115,1.04543,1.82935,211.963,25.012,9.83024,16.7393,1.4,15.581,8.75718,2.78782,5.88295,1.27364,9,0.51903,1.43629,2.97144,267.949,25.2232,12.8568,15.564,1.15022,23.4345,13.3232,3.9192,6.53052,1.0313,16,0.519688,1.11871,1.79069,258.497,28.9495,12.0197,10.2514,1.91406,19.367,12.5693,3.05695,6.03928,0.986957,13,0.368199,1.06309,2.05973,172.496,15.1765,9.5981,7.12908,1.25289,16.3852,10.1968,2.84557,5.65066,1.5831,11,0.490657,1.0996,2.13232,211.888,33.1614,10.6112,31.8104,1.89838,19.5698,11.4903,3.16965,4.60879,3.43134,13,0.439229,1.07483,2.22729,230.014,15.7725,10.0925,28.0872,3.03353,21.5642,9.50853,3.39651,3.1786,2.78517,15,0.455596,1.07233,2.04643,375.114,72.9238,16.6106,29.6657,1.83731,31.9642,20.2287,5.03491,6.46407,3.77869,16,0.582564,1.43324,3.47776,132.832,20.5102,5.59988,14.7019,1.53914,10.7862,6.39414,1.91693,1.89417,1.36846,7,0.558431,1.37503,2.72548,250.011,22.9368,11.8583,45.5446,1.8506,20.7842,11.5255,3.19175,3.15501,1.75045,10,0.475025,1.39503,4.70872,437.289,38.438,15.9447,12.8819,2.17775,34.7086,17.4862,5.14336,4.3134,4.67216,20,0.65752,1.37995,3.00461,435.582,47.1411,13.9133,19.2443,1.39597,32.5906,15.743,4.69534,6.58639,3.81092,13,0.662002,1.60048,4.57616,386.918,35.1473,14.4986,64.5366,2.38655,28.0679,15.0593,4.48796,12.9002,4.68984,10,0.55485,1.84269,5.80714,480.79,63.9944,70.3318,273.82,61.7065,40.7703,21.8372,7.72919,30.5922,18.3758,20,0.540149,1.10786,2.51093,767.619,72.0739,44.8928,33.1796,12.82,49.2984,24.0755,7.36111,11.3559,10.2826,19,0.446914,1.5159,5.6504,405.286,42.6174,22.9862,15.7728,1.6951,33.0332,16.1452,5.40563,8.71625,3.89979,15,0.525099,1.53549,4.43486,342.09,30.0049,24.5185,19.2419,1.54801,25.8015,13.438,4.44263,8.06638,2.51935,16,0.494066,1.27561,4.12248,1009.58,193.037,80.6523,202.138,10.5058,54.5864,36.0503,9.12247,23.8833,11.7593,17,0.689009,1.61458,6.16893
gr00t_wbc_h074_p000,4058,complete,90,18,22.5437,2.6287,0.369548,0.360792,240.113,19.9985,11.1207,19.5819,1.62354,20.6668,11.7083,3.49524,7.3316,2.77188,15,0.397462,0.878902,1.75706,262.051,23.7307,15.4183,18.1769,2.02141,20.9041,13.0657,3.79129,9.26543,3.33532,14,0.507687,1.11043,2.34351,1240,156.061,68.4496,18.9786,2.38539,59.0229,33.9242,8.84674,13.3461,6.36279,16,0.452776,1.34378,6.24638,256.8,24.553,9.67038,7.12428,1.57969,21.1152,12.7434,3.37964,4.81708,2.31692,13,0.652129,1.28336,3.14845,256.298,25.4685,16.0545,16.7993,2.77356,20.489,12.0766,3.74754,8.90373,5.53449,14,0.574476,1.14409,2.08718,201.49,21.6159,9.80796,9.45335,3.40133,16.2381,10.8553,2.70864,4.55576,3.13466,10,0.577102,1.29063,2.74888,264.434,38.054,15.1729,12.2556,1.85626,21.216,11.9847,3.64096,6.56501,3.79313,11,0.643595,1.39094,2.9041,296.36,28.6333,19.1812,18.2102,1.31539,24.0115,17.075,4.25703,6.91392,2.89996,17,0.524904,1.2306,2.45081,302.425,34.4072,16.8754,24.5897,2.3313,23.8003,15.6106,4.53079,5.38342,2.43246,14,0.594997,1.31833,2.93278,464.76,47.7391,29.6695,22.1528,1.07121,33.4429,24.0634,5.5318,6.81435,2.38443,18,0.602217,1.31607,3.46258,168.657,21.9751,38.5642,48.6972,2.26777,12.5525,7.13564,2.6101,9.25562,2.78314,3,0.562696,1.53044,4.07978,239.034,28.5089,13.2276,13.3215,2.30362,20.3677,10.5156,3.50559,6.13788,2.01543,10,0.733085,1.55141,3.86801,375.414,34.192,13.1697,10.1785,1.41238,22.131,11.6904,3.42238,5.95026,2.04696,13,0.527804,1.05657,2.39944,177.463,26.8667,8.38446,14.1562,1.56791,15.2778,10.6498,2.22887,4.13918,1.48791,7,0.579756,1.33525,1.75389,864.495,141.514,54.1039,80.7065,47.7986,58.7001,34.9087,9.43649,25.1146,14.3792,19,0.693288,1.45604,5.34678,276.285,22.0547,12.9209,13.5596,1.69837,22.3651,13.1474,3.54645,4.42407,3.44086,13,0.393935,1.06468,2.41907,325.848,32.6089,16.3098,12.1062,2.97684,26.4867,14.0307,4.21266,5.46773,4.19291,16,0.658895,1.33937,2.44722,1760.16,168.855,71.561,37.6622,2.07683,84.6544,42.5864,12.3024,23.4266,8.77015,24,0.588528,2.10237,12.8301
gr00t_wbc_h074_p000,4059,complete,90,18,11.2549,2.55984,0.0319876,0.0430258,313.433,35.1859,12.5751,19.6068,1.59258,27.2948,15.2645,4.25231,7.06811,1.26279,12,0.608846,1.38342,3.22017,267.722,25.834,14.542,24.853,1.0954,21.8696,11.7988,3.33241,4.99272,1.04519,16,0.490056,1.06292,1.73418,218.48,28.2417,14.589,36.7163,1.78847,17.5777,10.1276,2.73187,5.29046,1.63415,12,0.445802,1.03684,1.76308,173.54,14.488,9.73942,25.526,1.23693,14.2049,7.81277,2.45753,3.21475,0.956599,11,0.427105,1.00063,1.76984,211.137,18.2332,10.6728,40.2597,2.2865,16.6515,8.2369,2.99247,7.81383,3.92852,9,0.555379,1.23041,2.43237,268.795,22.6549,14.4194,24.8569,0.988758,22.7695,13.5349,3.90015,4.44527,1.03465,13,0.586864,1.34207,2.56376,286.149,46.5892,15.4067,20.9872,1.69966,23.5424,12.9769,3.5625,5.10818,1.3129,14,0.689702,1.06762,1.98855,306.806,43.0676,30.0309,62.1956,29.629,26.1983,13.316,5.58097,11.7037,5.39828,10,0.640565,1.51737,3.12823,329.642,29.1928,20.0684,25.9401,4.54332,24.735,12.803,4.23344,8.50879,5.96136,15,0.517798,1.27873,2.35521,399.033,32.3328,105.717,285.662,215.831,32.4024,14.3248,7.74162,29.8205,21.5561,12,0.536772,1.18617,2.74312,242.43,30.6742,16.3497,34.1897,6.48141,19.704,11.8196,3.74654,5.43228,2.55959,12,0.619842,1.48405,2.7142,101.422,8.98273,8.11441,18.8931,3.25378,9.45255,5.06702,1.88629,3.80082,3.75688,7,0.526154,1.19316,1.72907,839.632,123.58,80.6637,21.8735,1.1304,58.2196,33.689,8.83996,11.4986,3.48335,22,0.588946,1.31924,4.38771,859.844,128.42,137.979,279.189,48.5899,52.7913,31.6746,9.70525,21.3058,10.3478,18,0.598177,1.37776,3.59582,660.15,68.7445,58.3836,42.1841,1.54788,41.9907,22.7586,6.44979,9.95708,2.21313,32,0.351441,0.945471,2.13256,437.196,49.7929,24.597,48.8107,1.15219,32.96,18.6003,4.79427,8.62575,1.76709,13,0.584437,1.37025,3.49503,642.926,55.5951,41.3541,199.857,8.15735,39.3613,21.0172,6.77616,15.2467,5.40589,11,0.498982,2.06577,7.7832,217.704,22.8049,12.6976,17.4591,0.598236,14.0913,6.55209,2.84965,5.07706,1.17394,11,0.450061,1.18556,1.64839
gr00t_wbc_h074_p000,4060,fell,55.7,12,13.6207,4.20583,4.21319,2.80696,293.817,26.1491,16.803,19.3798,1.38582,25.69,14.737,4.39947,6.1502,1.22656,15,0.497007,1.11331,2.26299,326.954,42.6835,12.8609,16.4323,1.30017,24.0815,13.1284,3.08479,7.21387,1.50206,16,0.53581,1.08726,2.15403,553.099,68.9162,21.5996,23.5839,0.941671,37.0011,20.9591,5.06017,6.70417,1.20864,19,0.668495,1.30674,2.83982,159.099,14.1957,7.22195,21.866,0.825329,12.6437,6.2775,1.99967,2.97306,0.930917,8,0.483745,1.34731,2.34096,302.396,28.4466,13.1619,20.1228,1.71346,22.9134,13.6433,3.40335,5.10932,1.36309,11,0.536468,1.46003,3.4722,237.132,20.3645,15.5932,21.8268,1.70157,20.671,10.837,3.64772,5.35078,1.76094,16,0.437804,1.09695,1.39596,160.596,14.7657,11.9409,23.244,6.62755,14.7232,9.84728,2.91503,10.4749,7.11559,8,0.560777,1.31341,2.36344,270.698,25.9812,13.7178,12.5383,3.71629,20.5307,10.0322,3.28467,6.6272,4.85153,14,0.531799,1.04678,1.58347,474.806,70.5719,29.039,44.3344,2.51513,35.9152,20.7265,6.24183,13.4483,6.45738,15,0.751815,1.60992,4.22187,187.815,20.0098,8.43185,14.4242,2.23757,14.8629,7.97026,2.61957,6.56011,5.12996,10,0.447821,1.12759,1.7511,207.57,27.794,16.2434,19.1405,3.76274,18.6897,9.96545,3.60866,5.57394,4.71971,12,0.498449,1.06678,2.14321,4492.85,261.364,179.559,93.5413,85.5319,87.1286,27.0248,12.0312,20.4287,16.5801,4,0.082819,0.530397,0.616089,,,,,,,,,,,,,,,,,,,,,,,,,,,,,,,,,,,,,,,,,,,,,,,,,,,,,,,,,,,,,,,,,,,,,,,,,,,,,,,,,,,,
gr00t_wbc_h074_p000,4061,complete,90,18,7.34664,2.7675,0.00459584,0.00562173,104.306,14.4227,6.25796,15.4653,0.852015,11.8641,6.2701,1.88439,3.7194,1.63621,8,0.406579,0.831178,1.51375,164.366,16.0101,9.77775,20.4583,1.37365,13.927,7.98816,2.24864,4.40326,0.98357,7,0.566606,1.55217,3.46582,238.783,27.0942,16.0014,19.6025,1.47651,21.9155,12.8711,3.94271,6.67331,1.09451,16,0.489063,1.00795,1.67364,158.833,16.6074,5.80654,8.80796,1.40052,12.1358,6.88427,1.90245,3.92135,1.40045,7,0.595224,1.39413,2.69109,116.528,13.6967,6.30743,9.90409,1.02765,12.7463,7.47222,2.18511,5.63599,1.82276,9,0.473174,0.881822,1.74625,181.422,14.8674,11.304,33.3612,1.52124,16.9312,9.70881,3.33441,9.5311,3.90571,13,0.449549,0.911979,1.63807,195.203,24.9678,9.49918,15.0577,2.00328,15.8234,10.4427,2.60989,4.91783,2.07918,8,0.602319,1.51167,3.86719,248.227,21.3348,15.6732,14.0107,2.04811,19.6949,12.4858,3.51106,5.93995,2.73796,15,0.537456,0.996841,2.11783,217.655,20.9018,20.5915,32.0554,3.3581,17.5557,8.54341,3.38304,9.62609,5.16588,11,0.542971,1.22136,2.22292,364.435,73.5256,28.5415,49.5175,2.89597,28.7888,17.3225,5.52727,14.3044,5.4171,17,0.615702,1.3627,3.25686,319.631,35.2172,16.6599,10.8405,1.17872,25.3746,16.2693,3.98705,6.33275,2.75289,18,0.576873,1.07193,2.02442,350.106,27.0265,16.8111,16.1508,1.66553,27.6417,16.3304,4.64818,8.80237,2.81041,13,0.578348,1.50926,3.76084,309.396,36.4438,15.4217,14.823,1.81297,22.4817,11.8827,4.4377,8.54548,4.15756,16,0.529095,1.33396,2.5736,530.701,51.5531,23.9815,29.2104,4.67837,34.0121,18.6557,5.31293,10.1751,6.11687,15,0.53268,1.60605,4.84773,725.626,57.0082,71.0455,237.361,49.5528,37.5917,19.5794,7.17784,31.2393,12.8975,15,0.420716,1.20732,3.89378,281.483,33.7931,21.0621,21.8374,1.58017,24.528,15.6311,3.80576,6.42277,1.71251,17,0.396531,1.04194,1.78404,172.976,16.3643,10.216,20.9724,2.81544,12.8808,7.54459,2.31863,5.2453,2.80472,9,0.496538,1.17395,1.44346,140.221,13.1068,8.35004,11.9262,1.60241,10.3973,6.12378,1.89637,3.75556,1.45823,7,0.548447,1.11015,1.60931
gr00t_wbc_h074_p000,4062,complete,90,18,11.7261,2.30097,0.0101443,0.0142836,258.606,24.6964,15.6774,53.4319,1.75944,24.2672,12.0144,4.06273,7.83901,1.31745,17,0.415095,1.00027,1.57298,363.76,39.744,18.3991,27.2262,1.25754,31.484,17.3046,4.74502,11.1949,2.06461,19,0.519788,1.21202,2.13714,144.644,19.5151,8.62606,8.89896,0.951703,10.8828,6.15578,1.49045,3.63755,0.590924,7,0.354496,1.10638,1.84664,168.068,32.5886,18.1026,14.9995,1.91346,16.0891,8.97808,2.77772,5.33842,1.55277,11,0.400924,1.1225,0.976444,276.204,33.7673,22.9828,36.3358,1.47093,22.5465,11.3499,3.81167,11.1409,2.54209,13,0.528007,1.17349,1.67802,166.198,17.0418,11.625,17.1414,1.14946,14.5885,7.34277,2.66431,4.24917,0.955916,9,0.540889,1.14718,1.83089,409.496,38.6415,24.2935,35.7542,1.30118,28.4795,13.8658,4.63918,9.57657,2.19587,14,0.573176,1.42187,3.65791,679.371,63.5279,40.7231,88.3796,1.44505,41.2568,20.681,5.94587,16.2487,2.94425,17,0.56512,1.58412,4.98997,684.33,64.4538,31.849,34.1532,1.04996,36.7669,18.8924,5.54261,8.40537,1.43174,21,0.405455,1.2437,3.59845,360.725,49.3666,17.73,26.0941,1.30836,27.0696,13.7547,4.51166,7.3521,1.22124,14,0.671549,1.30981,2.85756,369.93,50.1831,15.5264,61.7494,2.80801,25.1433,14.3284,3.31501,10.6956,2.92223,11,0.496804,1.24833,3.86897,191.703,16.9491,8.52869,22.337,1.10153,15.6183,7.53989,2.73142,4.74638,1.30191,9,0.510251,1.35063,2.32955,508.326,59.0594,31.0011,33.0164,2.26105,37.4981,22.1166,6.21832,12.0581,3.50856,21,0.4412,1.2341,3.09576,472.381,38.7495,16.0395,41.9713,2.71934,31.9615,16.5028,4.9008,12.8635,7.6158,15,0.511342,1.37008,3.8511,624.835,64.4162,23.5857,56.6849,3.59028,41.0153,20.2822,6.12048,16.0794,6.42177,19,0.492845,1.40448,3.55359,191.617,18.6758,9.21265,17.1507,1.98824,15.2625,7.40503,2.51294,5.02041,2.16764,12,0.444128,1.09849,2.21248,293.646,37.4727,22.8322,20.2286,2.09536,24.1721,13.3315,3.88698,9.57111,6.71285,12,0.541861,1.37833,2.36941,296.26,20.9301,18.3096,14.3749,1.47339,18.8903,7.40833,3.44251,4.60573,2.78338,9,0.423718,1.31347,2.6653
gr00t_wbc_h074_p000,4063,fell,60.72,13,14.4564,11.0546,2.25542,3.28203,239.183,20.2534,14.3781,18.3956,1.93125,24.5238,14.5334,4.16607,5.76809,1.42657,21,0.361623,0.798846,1.18585,207.525,17.798,11.683,22.2584,1.18969,18.8218,11.1743,3.20212,4.78633,1.17157,14,0.441418,0.945621,1.57581,200.918,19.7799,12.3352,22.2466,0.876125,16.5736,10.0271,2.8914,4.33327,1.31303,10,0.588977,1.35428,2.2558,211.899,25.9722,17.7566,55.4862,6.08136,15.8806,10.2584,2.45254,9.32744,4.61507,13,0.526705,0.926128,1.55998,231.779,27.2035,13.1743,16.4119,3.12174,18.8095,11.4433,3.20865,7.16615,4.8369,11,0.537562,1.17276,2.22064,296.081,29.5003,16.1802,27.9874,1.98376,22.9735,12.8809,3.96054,7.07419,2.59772,13,0.572343,1.25285,2.76391,302.774,51.4149,20.18,30.3926,1.26847,23.9097,16.7564,3.95744,6.29503,1.6815,14,0.536478,1.15827,2.5454,338.133,33.5435,21.7067,59.4148,1.6395,26.204,15.0926,4.70826,13.0736,2.51496,14,0.661757,1.45242,2.85436,564.039,63.6442,23.0643,21.2079,1.44779,42.171,22.315,6.18848,10.7805,1.93045,23,0.50104,1.26559,2.78704,393.963,84.8582,17.4412,16.0769,1.22664,29.3006,19.0776,4.55704,12.2688,2.09439,15,0.626053,1.08464,3.09943,207.432,21.5456,9.65553,16.1013,1.62049,16.3226,10.0559,2.88263,5.90615,2.55692,8,0.60649,1.29403,2.48558,512.584,92.7623,25.9242,21.7004,1.98438,41.716,26.3516,6.24388,8.78453,4.27325,24,0.612655,1.18893,2.78813,1858.9,144.978,83.7768,26.1166,0.65909,61.1532,18.2688,9.07905,12.0813,2.56172,1,0.732315,1.09924,2.05234,,,,,,,,,,,,,,,,,,,,,,,,,,,,,,,,,,,,,,,,,,,,,,,,,,,,,,,,,,,,,,,,,,,,,,
gr00t_wbc_h074_p000,4064,fell,51.04,11,12.5066,12.8006,2.47085,3.51172,190.874,22.5158,8.77236,20.1619,1.30682,18.1202,8.81536,2.81543,4.36416,1.54649,11,0.418976,0.938737,1.46672,309.111,27.5907,16.667,35.4927,1.71787,27.0707,14.377,4.6866,9.85511,3.28992,17,0.517974,1.21427,2.2454,125.939,11.1432,4.18978,16.4295,1.17593,9.93092,6.37932,1.49356,2.89186,0.885877,6,0.530325,1.30644,2.368,306.173,31.6761,15.3802,35.0602,2.06475,24.525,13.0831,3.81793,7.97257,2.2733,14,0.579177,1.30497,2.47598,200.146,18.3122,9.44285,17.4675,0.914992,17.1627,8.14348,2.82625,4.87722,1.17571,10,0.511431,1.39628,2.36763,262.375,53.2205,14.1339,38.1717,4.68478,20.4641,13.6503,3.11593,9.31704,6.07303,9,0.580566,1.41175,3.16431,244.315,26.9285,9.86933,22.2745,3.19572,19.3929,12.3796,3.19272,5.58186,1.61735,13,0.558429,1.25512,2.54424,286.748,28.5668,32.902,174.187,13.3934,23.3615,13.018,4.34868,17.1091,5.6717,11,0.485421,1.38315,3.4066,226.223,19.8096,10.9536,16.3912,1.1942,19.4014,12.3839,3.39076,5.76442,1.11454,16,0.426859,1.02707,1.32452,183.134,14.0308,12.2118,16.6851,0.988707,14.3009,8.31596,2.08126,5.9987,1.39771,8,0.463499,1.16062,2.6371,551.231,23.9771,8.12257,4.72699,0.175879,17.2824,7.81519,2.21344,2.84943,0.637943,3,0.187761,1.30522,6.29119,,,,,,,,,,,,,,,,,,,,,,,,,,,,,,,,,,,,,,,,,,,,,,,,,,,,,,,,,,,,,,,,,,,,,,,,,,,,,,,,,,,,,,,,,,,,,,,,,,
gr00t_wbc_h074_p000,4065,complete,90,18,7.51151,3.03781,0.00396043,0.00416341,216.636,21.588,10.3809,14.3818,1.26306,19.5829,12.0488,3.01653,6.13932,1.5143,13,0.444766,0.957174,1.95887,135.565,12.2325,7.00816,10.4444,1.46556,11.8327,5.67031,1.98886,3.61498,1.02353,9,0.481964,1.03608,1.81692,237.492,23.8671,12.0562,21.2451,1.02536,21.7964,12.2681,3.58554,6.40731,1.12279,15,0.47394,1.07355,2.11655,297.467,32.0892,14.4323,23.5542,1.13525,21.9638,13.2313,3.72006,7.37876,1.10357,14,0.45377,1.21218,2.94158,239.029,19.5784,11.1274,22.7252,0.863553,20.087,12.089,2.90984,5.53983,0.980829,14,0.6003,1.01651,1.99598,513.456,74.0907,29.6485,76.6618,2.67851,33.7287,21.2169,4.82141,12.8551,3.88192,15,0.564767,1.25748,4.06626,110.051,11.1222,5.85615,14.767,5.34637,9.73033,4.72034,1.74044,7.64779,5.74021,8,0.392865,0.938311,1.24456,1054.5,74.9489,54.3535,17.9859,2.50288,61.7794,29.6835,8.72893,11.2693,4.78101,24,0.493782,1.46043,5.24931,495.95,44.7039,25.3208,16.3914,1.64097,32.563,18.4247,4.87523,9.21881,3.59276,13,0.446594,1.31327,5.23822,291.055,41.9554,19.9187,30.1649,1.53889,24.2889,17.2543,3.94201,7.58223,1.47754,15,0.511458,1.2603,2.38806,497.523,73.1278,62.5005,89.5334,18.5686,35.2837,21.471,7.75941,24.6047,8.20792,14,0.5576,1.29641,4.59424,295.583,37.3724,15.6249,13.4913,2.22371,24.5397,15.4147,3.69781,7.42209,3.94607,14,0.521866,1.12024,2.60266,541.896,51.8053,27.1759,19.0639,3.43135,39.646,18.4166,6.77302,14.3611,9.39323,20,0.496233,1.51175,4.30553,275.038,26.8335,29.8749,24.5506,4.45124,22.665,13.0145,4.50516,13.2339,8.6552,14,0.429308,1.25782,2.6511,222.657,23.7111,14.5103,11.6673,1.01704,18.3097,9.30142,3.14437,4.2408,1.04779,14,0.479409,1.09822,1.3185,249.162,26.4815,18.9582,17.159,0.967037,18.1345,9.1397,3.77901,4.88823,1.35791,13,0.480627,1.17826,1.82897,138.68,15.3759,22.3606,99.4478,1.6416,12.0513,6.3942,2.70722,11.4999,2.01529,8,0.48314,1.28666,1.9372,130.355,16.875,9.93134,16.6658,1.86299,11.9171,5.5975,2.11435,2.63947,0.862191,6,0.429998,1.83731,2.86511
gr00t_wbc_h074_p000,4066,complete,90,18,9.179,2.33001,0.00521652,0.0182964,64.779,8.76029,2.90908,10.6455,3.55218,7.06505,4.44971,1.21272,4.80313,3.00578,5,0.330521,0.855091,1.73128,265.507,28.2616,12.695,18.2877,1.63117,22.0907,13.0664,3.67145,7.13848,2.25318,16,0.479369,1.02883,1.74853,407.34,54.1792,15.0684,18.5656,1.2874,31.2717,17.1768,4.55486,7.85077,1.41052,22,0.593884,1.03137,2.17956,324.393,32.6381,15.7039,20.5509,2.84406,24.3794,11.5684,3.99143,7.91756,3.71757,15,0.550848,1.30751,2.57913,408.515,40.9462,21.123,91.5897,2.89547,29.3224,15.4751,5.24101,14.3042,3.97286,21,0.542425,1.22827,2.82133,452.153,39.4558,22.4454,31.8266,1.59291,33.7229,15.5058,5.21698,9.66146,2.59267,15,0.568931,1.37142,4.0676,128.772,18.0536,8.68553,16.8065,1.40669,11.7089,7.38316,2.11845,4.3297,1.99894,9,0.451298,1.14893,1.96154,261.07,26.2978,11.8987,18.2625,1.94641,19.2739,7.97328,3.19015,5.2833,2.65669,9,0.6111,1.50694,4.4855,439.848,43.2912,20.0154,11.7473,1.09937,32.3702,16.2197,5.10161,8.10652,1.90203,16,0.576689,1.22983,2.75438,196.098,18.6674,9.77208,9.94685,1.28844,17.3746,9.24976,2.93867,5.2917,1.64781,11,0.663668,1.22875,2.82649,446.368,54.2127,21.7691,24.9821,0.817829,34.9847,22.3348,5.36316,6.57009,1.54876,19,0.548875,1.30783,3.21813,195.91,15.9539,14.2732,23.8105,1.1627,15.8797,9.60664,2.82921,4.92264,0.986979,11,0.467036,1.00018,2.45715,625.476,56.8768,74.8864,176.091,28.6114,39.1313,22.8284,6.8406,22.9797,9.98927,17,0.432754,1.40298,5.50325,281.551,26.7722,20.4404,20.4789,0.770302,24.2393,13.9951,4.01723,7.14832,1.77566,16,0.511845,1.2678,1.93714,370.062,40.4789,31.5812,29.552,1.06602,28.0024,14.596,4.78283,11.4983,2.8495,16,0.433448,1.09146,2.18571,393.844,46.986,26.3773,61.6105,2.818,30.6938,18.1166,4.88944,12.017,2.65423,18,0.449859,1.11814,2.44853,367.776,40.1049,13.683,15.7271,2.15988,28.8855,14.0059,4.68832,8.59964,2.9896,15,0.569256,1.60309,3.44294,343.752,47.7834,25.2914,67.0595,6.22282,27.0201,16.337,4.38398,14.5948,5.27314,15,0.550471,1.25828,2.62206
gr00t_wbc_h074_p000,4067,fell,55.72,12,13.0832,16.089,2.92881,3.68213,247.731,34.2467,12.9789,21.4142,1.83892,23.2598,12.9049,3.62319,6.20518,1.95489,15,0.450723,0.997807,1.85662,347.764,32.5981,19.2405,25.3452,1.27828,29.6187,14.799,4.5571,6.17432,1.5093,15,0.497956,1.27121,2.74524,207.088,17.8631,11.1512,19.179,1.89187,16.8228,8.32363,3.12648,5.44255,3.08307,12,0.494274,1.15351,1.73221,295.079,28.3929,12.6875,11.4413,1.5174,25.7337,12.1178,4.0245,6.19889,1.99881,17,0.47847,1.10013,1.62999,156.47,14.856,7.4779,14.5596,1.14621,12.0084,6.45196,1.80541,3.4522,1.0829,6,0.583964,1.39278,3.14717,276.341,32.7816,15.4646,26.1479,0.943173,20.0371,9.38328,3.84376,6.84508,1.61256,14,0.432121,1.20425,2.03675,187.578,19.0523,11.3557,33.4164,1.49969,14.987,6.52061,3.13885,9.42727,2.54132,7,0.629875,1.46755,2.55954,264.09,34.886,28.4221,78.6483,2.78435,19.1341,11.6573,3.35113,8.39155,2.76694,12,0.382155,1.25281,2.36527,247.204,28.3411,15.2119,21.5638,1.27323,19.1673,12.1589,3.09508,5.41073,1.14433,16,0.487739,1.08275,1.24018,242.655,27.6688,17.0926,20.6994,1.2801,20.3736,10.5638,3.31253,4.61482,1.45409,10,0.405733,1.18037,2.5646,464.465,55.8941,21.1582,21.8093,2.53915,34.7488,19.4467,5.11154,7.29666,2.30828,18,0.459852,1.11978,3.08268,938.889,63.2608,32.2703,10.1487,0.305258,27.1181,13.7246,3.91782,6.50752,1.40892,2,0.526302,1.42837,5.97641,,,,,,,,,,,,,,,,,,,,,,,,,,,,,,,,,,,,,,,,,,,,,,,,,,,,,,,,,,,,,,,,,,,,,,,,,,,,,,,,,,,,
gr00t_wbc_h074_p000,4068,complete,90,18,8.44532,2.06186,0.025027,0.0260598,195.074,17.4014,12.7245,16.0942,1.44609,19.0497,11.5615,3.16451,6.12942,2.61602,14,0.392087,0.887792,1.49414,234.973,23.6688,14.7185,30.0353,1.36602,18.8682,12.7592,3.17566,6.76279,1.83837,13,0.527312,1.14123,1.92604,308.669,27.3249,11.5904,10.47,1.69099,25.3439,14.6077,3.96209,5.00223,1.80775,15,0.612014,1.27105,2.88012,191.082,20.1693,8.67085,8.52242,1.30938,16.6849,10.6149,2.51541,4.09076,1.285,12,0.495438,1.18237,2.63242,280.611,32.2286,12.9967,36.3097,2.20907,21.745,10.5502,3.68192,10.6406,2.17469,14,0.483579,1.11145,1.85696,197.496,22.9289,7.43068,14.7962,1.7178,16.3021,7.64092,2.82338,4.7946,2.15742,9,0.552063,1.50023,3.00412,287.706,32.1885,12.8312,16.8646,1.21315,23.8235,14.3446,4.02793,7.39446,1.67421,15,0.42951,1.06651,2.08029,336.379,29.4178,15.1232,25.0667,0.908052,27.1991,15.6692,4.35614,7.12321,1.01845,16,0.564072,1.24438,2.09421,165.811,35.6217,9.56657,24.0073,1.78804,13.6866,9.07726,2.33379,4.69141,1.11367,11,0.304672,0.834719,1.2837,225.257,25.7242,16.853,20.6188,1.30091,21.516,10.9445,3.59479,6.67029,2.00047,16,0.458528,0.97634,1.80582,259.081,41.2639,39.2935,74.6875,2.03626,22.7673,12.3587,4.28661,15.4384,4.02997,21,0.341217,0.889629,1.02716,423.128,62.5463,35.5489,30.1637,1.02382,36.4431,21.0019,5.67704,9.25426,2.05691,15,0.522033,1.74764,3.52885,193.014,22.5359,15.9972,24.1526,2.99064,16.3651,8.63138,2.54722,5.05996,2.45269,7,0.638477,1.82356,4.3457,384.629,39.342,20.5285,24.6381,1.3122,29.0039,16.804,4.66307,7.02367,2.09498,20,0.489454,1.07563,2.10839,200.212,22.8704,16.9859,26.671,1.2961,15.7892,9.01077,2.79256,5.43145,1.33862,11,0.426332,1.14261,1.55124,428.156,34.6384,21.0579,27.2831,1.41788,34.7713,12.736,5.92016,9.14428,1.39676,15,0.511092,1.51691,4.01008,307.254,25.0062,10.8649,22.8868,1.3454,22.3379,10.7533,3.94846,6.21949,1.14602,14,0.463314,1.25055,2.09857,409.561,46.1262,42.8955,197.163,22.7029,28.8056,16.0444,5.43476,21.5871,12.9882,10,0.522054,1.58067,4.01008
gr00t_wbc_h074_p000,4069,complete,90,18,7.34513,2.78938,0.0766876,0.0944035,229.092,22.6714,9.12391,8.61987,2.17836,20.2525,11.9707,3.29045,5.85674,2.31124,15,0.410572,0.884765,1.52376,304.235,31.931,9.25505,11.412,2.05676,22.6327,12.4927,3.39729,3.40072,2.57155,13,0.614793,1.28827,2.8297,324.28,33.594,12.0953,14.2435,3.39522,24.6507,13.2792,3.51124,2.2949,2.93904,13,0.551055,1.35768,3.16592,267.126,24.8431,9.92638,21.0938,2.52969,20.506,11.1698,2.85696,2.09148,2.76729,15,0.461584,0.963465,1.70099,283.563,27.2893,12.8759,39.49,6.72387,23.204,14.2288,3.2934,6.40894,5.14663,13,0.503664,1.19803,2.68396,335.716,40.4523,10.0419,16.2792,3.37692,24.4619,14.6853,3.26943,2.71766,4.89442,11,0.537719,1.29317,3.93288,304.867,32.3474,14.9459,31.9113,4.07749,23.4948,13.5691,3.87244,4.23185,4.75962,14,0.558362,1.16582,2.9411,418.147,74.4996,23.9633,30.3373,2.26219,31.5021,19.6972,5.15766,5.58847,3.5055,15,0.740614,1.26794,3.71805,293.919,32.1764,13.802,28.4323,2.47057,19.3354,9.54416,3.28934,7.63553,3.28501,12,0.471048,1.30456,3.9048,509.854,55.2822,25.616,28.473,7.0319,36.347,19.1036,5.09435,5.0981,4.69313,16,0.638859,1.43801,3.70494,382.155,45.1733,18.5671,12.6162,12.3387,28.6125,15.4694,4.17686,1.88728,3.24008,16,0.547303,1.29848,2.26519,388.969,27.9885,23.998,8.33124,4.30401,28.8774,14.8168,4.15738,1.04357,1.86576,16,0.46301,1.18258,2.7587,314.047,28.8759,33.6619,218.381,17.3221,26.3003,12.0885,5.38402,20.3656,12.2038,14,0.484002,1.2501,2.25315,221.101,26.5393,12.1484,54.3121,9.98487,18.2153,8.61141,2.40573,8.31745,6.29273,8,0.465053,1.28982,2.80466,453.695,48.7368,25.2719,17.1465,7.06435,35.3509,18.5669,5.1537,2.86421,3.63988,17,0.52421,1.36865,3.30538,268.494,35.3036,13.7754,130.93,17.152,19.2805,12.2933,3.5024,14.0434,11.9184,8,0.604842,1.45819,2.7327,121.599,14.0792,6.24826,77.8378,5.80967,9.92944,5.60211,2.23562,8.56543,6.22162,7,0.429102,0.965025,1.7232,301.81,24.1035,14.7951,25.107,4.60247,24.1462,11.0964,3.90922,3.44927,5.69165,14,0.538127,1.22651,2.64768
gr00t_wbc_h074_p000,4070,complete,90,18,6.92254,2.69045,0.0341971,0.0659632,279.896,29.1225,19.4624,62.1252,2.56195,24.1931,12.3251,4.19269,11.4012,3.64834,15,0.452041,0.981926,1.67544,284.189,24.4237,14.8379,22.6635,2.30316,24.4074,11.8651,4.23474,8.63539,2.80611,17,0.457792,1.08706,2.00466,253.182,22.9185,12.8809,69.5257,1.15171,20.7682,10.9487,3.35244,10.0968,2.05925,16,0.401077,0.9794,1.39324,208.195,18.2656,11.986,11.7297,1.17916,18.6137,11.1289,3.06981,3.73188,1.23542,14,0.436976,0.980555,1.85045,165.389,19.2168,9.82937,14.8732,1.32525,12.5155,6.44706,2.36079,4.58752,2.11317,7,0.565207,1.35183,2.24508,287.789,26.4683,12.7192,13.6187,1.0178,24.0851,13.5827,3.70831,5.67204,1.52491,14,0.638588,1.2687,2.23088,326.569,35.1261,13.9764,14.9824,1.80595,23.5141,14.0133,3.56419,6.61242,1.47748,10,0.612733,1.69217,4.6013,384.219,71.1486,24.9868,16.6343,1.408,29.63,17.7509,5.45905,10.0057,1.90194,18,0.615838,1.29929,2.66253,969.042,113.932,28.0901,19.3857,1.15709,45.7558,24.3748,7.12676,11.5229,2.38262,13,0.478341,1.53206,6.48241,579.615,41.3757,17.5563,14.3247,1.24562,29.748,13.2172,3.95086,5.49269,2.32389,11,0.543615,1.46855,6.70353,347.668,33.7909,16.3479,16.1556,1.47203,23.7898,10.8435,3.56584,4.86042,1.64099,11,0.491509,1.5109,4.22869,194.336,15.4963,10.7323,45.7598,5.01312,17.4692,9.23103,3.40194,15.9748,6.12303,11,0.513552,1.15867,2.09143,270.747,32.0591,18.1546,17.9319,1.04468,23.3127,11.9666,3.76731,6.60444,1.56108,14,0.528651,1.16856,1.58062,130.6,14.1338,18.1965,58.1587,2.69034,11.8038,6.43912,2.63358,8.54159,2.65623,9,0.453488,1.13175,1.45786,231.757,25.8252,29.3032,37.8418,11.7695,19.8407,9.30544,3.47883,12.822,7.31108,13,0.497676,1.08911,1.54957,1360.22,157.963,167.266,269.138,9.4465,71.4631,36.6599,11.7263,30.5012,9.85419,14,0.46646,1.60845,9.82857,399.433,58.1194,20.583,16.379,1.47196,28.5652,16.8256,4.45376,9.22153,2.10996,11,0.512557,1.26855,3.98999,179.424,18.908,13.6588,20.1808,1.7768,14.4947,7.66753,2.55434,4.99506,1.18085,11,0.489125,1.10231,1.38579
gr00t_wbc_h074_p000,4071,complete,90,18,7.19202,2.05971,0.0415276,0.0482132,306.852,29.9359,14.4889,16.4243,1.84529,27.8811,15.3674,4.54939,6.53053,1.23838,17,0.516114,1.00156,1.86992,79.4893,9.39947,6.46316,23.7479,1.51724,7.13563,4.59192,1.26801,2.67794,1.01281,6,0.35579,0.850063,1.11553,92.5588,9.52938,15.9502,16.4524,1.31244,8.59601,4.86779,1.97448,4.03087,2.10703,6,0.566578,1.28495,2.09559,198.825,18.6639,8.81898,21.4841,2.00637,15.6583,6.56085,3.235,11.8165,4.73931,8,0.502255,1.39067,3.00746,402.401,42.6344,18.0393,26.4059,1.47519,29.9432,14.8856,4.89552,6.61612,2.55703,18,0.68295,1.37918,3.16119,335.837,45.2066,20.6675,27.5839,1.1342,29.2849,15.2,4.47824,6.15417,1.40435,19,0.62551,1.11589,2.04712,228.665,27.2202,12.2877,24.433,0.969891,18.8914,10.2439,2.76999,4.81553,0.933063,11,0.503107,1.18592,2.20716,232.964,19.3067,10.891,18.3451,1.31511,18.1507,10.1369,3.08126,5.79722,1.50646,15,0.374129,0.940611,1.68802,114.443,12.9925,6.87251,17.8379,1.98034,10.3403,7.00598,1.7787,4.43034,2.18536,9,0.386178,0.961872,1.69502,359.301,37.2518,23.9507,25.708,4.23979,28.976,16.9948,4.80036,10.136,4.05365,12,0.616073,1.59973,4.82327,207.267,23.577,9.90964,10.7118,1.11271,19.0839,11.6181,2.97044,5.88864,1.99036,12,0.607704,1.10738,2.37246,190.247,26.1907,10.4344,21.6535,1.06728,17.2965,10.3092,3.13057,6.05118,1.34001,9,0.607311,1.42782,2.95891,421.906,48.5852,29.6339,28.4388,1.1359,34.158,18.6309,5.42496,9.24172,1.57357,19,0.4976,1.21372,2.64906,465.909,50.0212,26.2269,22.794,1.60471,29.5977,15.7467,4.40929,7.52684,2.47809,15,0.369447,0.97783,2.92356,374.139,74.3862,26.3527,24.4881,2.80105,31.9673,19.7768,4.97047,8.19228,4.62699,19,0.456631,1.16456,2.36765,334.125,55.1152,19.6587,22.0581,1.2063,26.8462,15.2092,4.45694,6.0944,1.43628,17,0.521567,1.12652,2.02515,2034.94,252.98,94.7627,39.1171,2.15435,92.7742,53.3642,13.0105,17.8172,5.93588,23,0.637052,1.40706,9.67016,316.024,58.3464,20.6753,22.6009,0.976978,22.5946,13.859,3.54345,6.26962,1.0353,11,0.575184,1.20253,2.79095
gr00t_wbc_h074_p000,4072,complete,90,18,7.37521,2.58009,0.0231252,0.026054,196.953,16.6898,9.36626,16.232,1.61397,19.0635,10.1415,2.98894,4.25951,0.96601,12,0.44542,0.959148,1.74414,138.329,13.8375,10.5985,36.1075,2.03698,10.9076,6.97999,1.81683,5.19265,1.39742,8,0.551042,1.0979,2.06726,141.478,14.5654,8.91109,18.0488,1.20106,11.4709,7.07142,2.30052,4.6457,1.19235,8,0.41611,1.20204,1.88265,307.207,28.6814,15.3535,19.3802,1.49845,23.6658,14.6885,3.70688,6.06208,1.707,17,0.527539,1.03726,1.7807,228.024,22.8695,25.2521,61.3055,4.13051,22.6456,11.6239,4.43798,12.4303,3.3572,17,0.444979,1.02578,1.44944,310.127,38.3363,25.1849,41.8349,1.67737,22.5699,11.4213,3.92023,8.15643,2.09564,12,0.50537,1.34556,2.83203,308.839,44.7921,23.2014,25.3334,1.54994,22.3362,11.1099,4.16674,4.98698,1.3583,13,0.470919,1.42546,3.67557,159.031,17.4409,13.3428,19.8392,0.949298,15.5936,7.7938,2.67376,3.51559,0.920339,10,0.460209,1.13423,1.97858,249.063,32.4818,17.0955,18.2685,1.53146,24.8248,15.8332,3.92758,4.566,1.12718,14,0.478964,1.22435,1.61654,316.924,36.5318,17.269,23.1689,0.807098,23.1052,14.6519,3.66682,5.08318,1.06729,17,0.485295,1.09551,1.78366,232.655,24.9666,17.1048,22.7048,1.36336,20.4326,11.5663,3.18638,5.10523,1.06819,10,0.533609,1.33349,3.45431,352.538,34.6703,23.7965,21.1399,1.49257,27.6839,16.3534,4.57004,7.23613,2.32225,18,0.454091,1.09308,2.77276,516.125,50.3489,31.4234,17.9944,1.23129,41.2632,19.9214,6.81737,9.2213,4.12919,19,0.494637,1.28593,4.29817,255.842,37.049,14.8748,17.5909,0.814474,20.1484,11.9493,3.26687,5.38515,2.03994,11,0.535117,1.31839,2.53462,194.692,18.9634,17.2365,19.6587,1.56681,13.6282,7.29083,2.78829,5.34695,2.17671,8,0.578583,1.49957,2.89737,244.702,32.2293,16.0813,23.3957,1.02116,20.49,13.0291,3.73636,5.32727,1.47937,12,0.571344,1.24206,2.31552,346.342,38.5702,22.1382,14.0295,1.65902,29.5131,19.375,5.14246,6.71415,2.57267,16,0.601277,1.29969,2.84722,445.604,50.5468,28.2643,17.1545,1.21239,33.2111,17.6115,4.98263,6.83544,2.6189,16,0.594629,1.46664,4.36736
gr00t_wbc_h074_p000,4073,complete,90,18,20.9024,3.53575,0.497812,0.532062,252.653,24.6187,15.1162,35.7484,2.19144,23.9632,13.1703,3.90124,8.46925,1.79148,16,0.436902,0.949708,1.83746,168.243,14.9564,6.09907,8.47288,0.898454,12.6401,8.4939,2.12327,3.92786,0.712062,10,0.448812,1.10486,1.97639,188.801,18.3551,9.12593,11.1041,1.31531,15.3177,9.87852,2.41551,5.07244,1.48183,7,0.537044,1.34214,4.02333,407.358,34.2826,15.629,15.3486,1.38823,28.8576,14.6674,4.39157,5.79052,2.15437,16,0.600821,1.51335,3.25348,314.245,30.7261,14.4273,32.8476,1.63486,24.4588,14.055,4.18341,12.8339,4.41601,15,0.500773,1.28446,2.40635,269.291,54.2783,18.8064,24.3972,1.28054,21.0301,14.1566,3.55179,6.02446,1.70457,8,0.377495,1.16183,3.95769,165.838,17.6117,12.0197,20.9531,1.45498,15.4742,8.65343,2.73343,4.03846,1.44322,11,0.466522,1.07417,1.61248,141.115,30.3968,9.9293,16.6566,2.67699,12.5931,8.24288,2.06564,5.00812,3.22538,6,0.679586,1.532,3.21984,237.171,26.3663,12.3673,29.4057,2.80245,18.4812,8.96905,3.32098,7.31101,3.60696,9,0.623952,1.50623,2.9153,283.395,37.4079,21.9025,40.6791,29.5619,23.2103,14.4804,4.28622,10.9916,7.78951,13,0.558765,1.39465,2.76846,509.625,107.963,37.718,28.4709,1.5981,36.3339,23.867,5.82819,8.39387,1.96378,20,0.65746,1.20257,2.42138,230.87,21.5205,14.6279,18.017,1.65887,19.1036,9.81884,3.31887,4.46218,1.20852,12,0.59342,1.25653,1.82799,354.978,27.083,76.8419,339.344,89.6139,28.4106,14.8134,7.4918,26.3565,11.8036,12,0.456132,1.11878,2.08609,405.162,47.4043,23.3118,23.6469,1.45985,30.6667,14.3721,5.0114,6.09677,1.16252,19,0.490921,1.32172,2.86818,299.268,29.5943,16.1908,16.6738,1.18321,24.7652,12.384,4.06386,4.5062,0.87882,15,0.553737,1.26681,2.00304,375.42,36.4656,19.255,26.0122,1.78398,27.3133,12.7654,4.23263,6.92655,1.72761,10,0.439452,1.81825,5.51095,324.486,61.8171,28.0956,24.9586,1.80629,23.5511,15.1572,4.60954,8.84721,3.01037,11,0.608902,1.36465,3.28505,1514.54,372.861,77.3249,213.616,21.732,92.2405,74.7652,13.069,27.5583,11.5376,26,0.753643,1.14211,6.71583
gr00t_wbc_h074_p000,4074,complete,90,18,9.39419,2.31845,0.0234787,0.0268894,203.791,20.3141,11.3154,12.3056,1.8881,21.028,12.3904,3.74309,7.17444,3.34565,17,0.347896,0.827464,1.32001,214.568,22.5845,9.5897,20.2939,1.43503,16.7533,7.3947,3.17846,9.14895,2.26275,10,0.529799,1.20742,2.14709,150.79,20.8012,7.47623,12.9012,1.10757,12.6668,8.78478,2.01129,3.72336,0.910977,9,0.462363,1.13961,2.13192,272.255,26.7638,13.8043,15.8784,1.22035,22.6093,13.1342,3.94613,7.98715,2.12925,14,0.595556,1.21682,2.47466,489.039,54.4849,23.9516,27.6383,1.31724,32.6787,17.1893,4.86381,7.73971,1.67307,16,0.570538,1.27164,3.70696,199.722,15.4507,13.6148,26.8593,11.1133,16.9722,8.48259,3.31418,11.2787,7.64214,9,0.5495,1.27875,2.78923,254.312,22.4171,17.0604,16.8704,1.46177,22.0907,11.3897,4.12432,5.80551,2.72513,14,0.527586,1.23237,2.13525,342.486,31.5544,17.0975,13.8318,1.10972,26.1838,14.0489,4.44067,7.34188,2.05746,13,0.529174,1.33928,3.62298,299.651,64.022,23.1408,29.9327,0.994503,23.9718,14.8595,4.31706,10.7948,2.53523,15,0.655559,1.17194,2.67211,336.699,33.7185,23.2314,16.8038,1.21534,27.8511,14.7778,4.99392,5.37325,1.84153,18,0.457601,1.24682,2.83338,81.3306,7.82928,8.2592,22.1936,1.90074,7.28634,4.66868,1.6035,4.60131,1.64652,8,0.327333,0.812073,1.33466,300.341,31.8152,16.4495,19.9661,1.59849,22.2826,12.7712,3.74963,4.64722,1.96406,12,0.571144,1.38066,2.685,426.84,89.7036,26.6024,20.5692,0.942949,37.5027,26.4953,6.11962,8.08038,2.54289,21,0.513351,1.30442,2.92337,303.548,44.1245,19.3192,18.8491,2.03656,26.7006,14.5105,4.08969,6.0548,1.70084,13,0.589474,1.3092,2.95663,535.926,50.2292,39.316,39.2362,3.17748,36.8594,18.9901,5.86238,13.2246,8.00854,16,0.457977,1.49979,4.05469,753.094,71.5029,28.3841,19.1863,2.09641,45.9981,22.7742,6.45044,9.96955,2.8882,22,0.535027,1.37788,4.28766,396.004,44.7612,14.2415,14.379,1.81015,28.2188,15.3514,4.12945,3.62705,2.80141,20,0.459436,1.00211,1.63655,368.687,46.2915,18.4276,25.3992,2.67005,30.1325,17.2737,5.25078,4.45209,3.27263,17,0.5047,1.23423,2.8714
gr00t_wbc_h074_p000,4075,complete,90,18,7.96133,2.75387,0.0264903,0.0641622,186.787,25.0376,11.5817,18.8193,1.75755,17.5821,11.4787,2.86899,5.10036,1.40647,12,0.435464,0.977058,1.62216,142.093,22.0684,7.27166,15.9253,1.53389,11.6324,6.30722,2.04909,2.97758,1.18891,8,0.557674,1.1536,1.78298,277.665,29.6401,12.4846,13.7832,1.52742,22.0656,13.2543,3.36751,3.72161,1.48066,12,0.628896,1.38471,3.05612,358.135,38.3849,16.8629,17.5958,1.29645,28.3597,15.9419,4.58833,4.38883,1.39833,15,0.600428,1.37679,2.79759,295.846,31.4281,16.3404,60.844,2.30553,24.3316,14.1212,3.87083,9.67109,2.73615,15,0.437305,1.22395,2.237,186.533,14.8301,10.158,19.1353,1.52839,16.9069,10.8261,2.96087,5.27068,1.43605,12,0.425943,1.0172,1.80285,285.821,27.5383,31.4845,115.625,4.46699,22.7834,15.3359,5.22163,19.4089,5.18577,16,0.440047,1.13328,1.88161,186.681,19.1754,13.1789,17.1415,2.35453,15.5685,8.74562,2.87719,3.08858,1.65157,11,0.444587,0.999729,1.6693,111.335,9.87669,7.47875,15.5544,0.937767,8.774,5.27823,1.89283,4.08087,1.28033,6,0.433286,1.13273,1.84678,826.071,93.6459,34.6557,25.6681,3.01279,49.2585,26.9899,6.72243,14.8652,4.98035,28,0.492523,1.17771,3.53463,616.712,94.2984,38.9135,23.4066,3.93785,43.2905,28.4947,7.25991,10.4132,7.42066,20,0.573089,1.26652,3.21232,319.896,31.9866,17.8066,21.9422,1.47311,25.5043,15.4135,4.21466,4.90056,1.73216,14,0.604385,1.39123,2.91275,288.717,41.9373,17.8218,23.7559,1.78117,23.5614,14.0862,4.3579,10.2086,2.2111,16,0.538724,1.07718,2.10129,224.01,23.3277,12.8052,18.5171,1.8196,18.6401,11.9188,3.0037,4.7832,1.35569,13,0.548801,1.0715,2.08573,368.797,30.2206,68.0589,21.7614,0.91357,24.5132,12.2642,4.94721,7.53174,1.83714,14,0.480037,1.12485,1.78025,545.883,94.0163,30.7706,36.1743,0.942142,35.8561,23.9256,5.70726,9.76416,1.6224,17,0.57616,1.19342,3.36526,190.598,34.8307,16.2385,36.2542,1.33958,14.4453,8.95653,2.74121,6.43856,1.74145,7,0.687117,1.54929,2.93228,598.791,145.172,35.4738,46.2868,0.966213,45.0619,27.2691,6.87232,12.6238,2.24244,14,0.73785,1.71601,5.2997
gr00t_wbc_h074_p000,4076,fell,50.52,11,12.9186,5.64779,2.87916,3.37538,387.887,45.5628,17.7161,29.2666,2.50698,33.543,18.8195,5.57413,13.3735,3.25733,18,0.450083,1.11697,2.90645,68.2941,5.74221,3.97329,9.76988,2.49004,6.33237,4.379,1.13234,2.82138,1.87632,5,0.445295,1.06033,1.45135,161.325,12.5461,9.67191,21.3831,1.21219,14.9082,7.29774,2.72106,4.50011,1.34655,10,0.539709,1.1234,1.51863,283.134,29.2072,22.0216,40.2102,4.82386,22.8868,10.881,3.98037,10.8202,5.65515,13,0.585787,1.3878,2.48755,371.383,56.4208,26.2856,38.2374,7.62222,30.6854,16.448,5.35447,17.0311,9.39223,12,0.650885,1.74972,3.92804,268.324,36.8008,21.3475,40.9659,4.66217,20.0238,10.6274,3.57969,10.6491,5.90363,13,0.542073,1.27495,1.79543,327.75,49.75,16.9862,16.3111,2.71002,25.9419,13.9051,4.07813,9.15797,5.50953,15,0.608293,1.09846,1.9192,292.686,62.845,15.2217,10.2696,1.673,21.7187,14.5767,3.5604,7.30101,2.89182,14,0.610346,1.04424,2.52321,436.774,80.7956,27.8347,22.3681,1.20658,34.2403,21.0586,5.42011,6.79685,3.3033,20,0.489556,1.16094,2.63839,387.844,42.4247,21.2518,25.0716,2.32367,28.5523,15.2319,4.2738,7.43991,4.10393,15,0.415114,1.18047,2.58173,1852.67,88.0529,48.4083,10.1277,0.567015,50.385,16.5642,6.6738,8.41071,2.01934,2,0.288605,0.496064,0.664246,,,,,,,,,,,,,,,,,,,,,,,,,,,,,,,,,,,,,,,,,,,,,,,,,,,,,,,,,,,,,,,,,,,,,,,,,,,,,,,,,,,,,,,,,,,,,,,,,,
gr00t_wbc_h074_p000,4077,complete,90,18,9.11662,2.57502,0.00808102,0.0142669,227.665,33.8458,12.0946,17.6921,1.55431,21.8164,12.7832,3.56798,5.19268,1.12374,17,0.397822,0.88464,1.57127,312.27,34.7453,13.3605,19.7008,1.11852,23.6708,12.3392,3.80746,6.24448,1.19181,14,0.551443,1.19213,2.29202,288.066,26.05,13.2127,17.9765,1.95902,23.1705,14.4377,3.62238,5.22138,1.6257,14,0.514619,1.1753,2.2642,425.321,84.2179,27.8679,58.5545,2.5862,32.1673,20.4758,4.99933,8.80944,3.02844,14,0.690235,1.3824,3.61781,162.618,15.0713,10.1249,21.5083,1.53233,12.9806,8.72133,2.0461,3.34871,1.15322,10,0.435484,0.985089,1.62608,229.393,22.1894,13.9103,55.8344,4.01243,17.5539,9.12878,3.40681,9.58598,4.19142,13,0.442091,0.917307,1.36153,122.666,16.0551,8.19276,21.0814,1.31076,10.5783,6.32856,1.86947,2.93059,1.17127,7,0.520216,1.38152,2.37845,280.383,22.1681,21.6633,30.2099,1.06295,23.36,12.228,4.27869,5.84091,1.53537,15,0.539936,1.1333,1.98069,196.473,18.1129,16.6827,29.8248,1.74888,16.7454,8.33141,2.8966,4.7249,1.31278,9,0.604285,1.4048,3.49887,349.008,30.9274,22.1611,89.41,4.01791,26.0947,16.7497,4.5677,12.0272,3.19245,18,0.43164,1.00745,2.30441,223.071,17.828,12.4743,20.7328,1.24549,18.7417,11.1118,3.17142,5.49815,1.31887,13,0.460064,1.04273,2.14718,384.424,39.2075,13.9915,23.3987,2.56811,23.18,11.2892,3.67782,6.96336,3.07002,11,0.482039,1.45558,3.90488,312.255,38.0261,21.6519,40.1489,2.34829,28.5944,14.6818,4.76807,13.0827,5.31948,21,0.533825,1.0407,2.20106,300.271,27.3587,12.8181,19.0945,1.40285,21.4733,13.195,3.55058,6.996,1.25184,15,0.446011,1.04571,2.08431,215.09,23.1427,7.68344,14.8567,0.735767,16.1498,9.25031,2.28234,4.54181,0.84043,7,0.423561,1.25038,4.9496,261.508,36.2901,19.7097,28.6028,1.24433,20.6204,14.849,3.58933,8.87267,1.56152,15,0.637025,1.03183,2.12796,367.791,51.5295,26.2659,136.585,2.14108,28.6428,16.0818,4.75288,21.2015,3.41269,15,0.619765,1.34852,2.46489,375.969,39.2824,25.0181,13.1179,2.37323,26.4832,14.2903,4.92586,9.84817,4.79947,20,0.460098,1.05129,2.95474
gr00t_wbc_h074_p000,4078,complete,90,18,14.0417,2.49736,0.010535,0.0149481,286.64,25.4894,14.0632,19.2134,0.982691,26.1063,13.2614,4.17834,5.82809,1.40454,15,0.517113,1.10615,1.83282,259.592,21.7539,14.0606,22.9801,1.22407,22.3728,12.294,3.43046,4.9963,1.54865,16,0.465271,0.978318,1.48837,141.572,14.8693,9.89911,28.7926,1.69404,11.4659,6.16422,2.01678,4.27363,1.51933,6,0.578162,1.53458,2.90525,191.482,19.3801,13.7421,27.1767,1.95102,17.0081,8.94285,2.90409,3.88722,1.06086,14,0.462047,1.00715,1.54055,226.687,19.2152,15.2142,27.2359,1.47767,18.093,8.58712,3.05679,4.98302,1.27107,13,0.520885,1.13902,1.45645,303.282,39.847,13.3871,20.9982,0.927093,22.6545,13.7507,3.70972,6.10559,1.9568,11,0.518284,1.44088,3.01038,223.069,17.4126,16.4288,27.5434,5.59389,18.3842,7.62952,3.36178,4.70368,3.12494,12,0.566174,1.14346,2.41636,418.993,41.4811,49.0426,181.986,9.14665,33.7608,16.5644,7.06308,20.0586,10.5748,17,0.657013,1.32753,2.61467,285.901,29.6097,19.8217,45.9152,2.82768,20.2381,11.5317,4.08576,10.5206,6.34564,14,0.583647,1.30806,2.57882,275.074,25.282,14.1305,19.0663,1.45349,19.3455,10.4641,3.11201,6.00841,3.2305,10,0.585518,1.20428,2.4111,333.957,51.5786,33.9831,153.464,112.069,29.8877,16.9054,6.06878,18.775,13.4713,17,0.435879,1.19158,2.71472,261.636,29.063,23.7363,32.4566,0.972046,20.1916,10.3672,3.5352,5.00576,1.23254,11,0.5224,1.17687,2.5698,417.409,64.113,34.9843,62.1068,2.14522,31.8027,20.8325,4.34923,9.20216,2.17,9,0.539744,1.45128,5.30867,214.542,29.3638,19.0547,19.695,1.42577,18.1433,11.1177,3.43076,7.82639,1.77369,11,0.457027,1.27712,2.18767,365.371,73.7672,16.4919,18.2095,1.06042,27.1848,17.088,4.07108,7.99448,1.74318,15,0.632134,1.29205,2.81306,1784.38,246.824,77.5097,213.466,3.43361,95.7581,57.0366,13.3956,35.6991,8.58813,25,0.594978,1.28736,8.88923,303.764,42.7941,12.0576,31.8544,1.4904,27.9981,12.7367,4.61431,5.90592,2.91878,12,0.613962,1.43969,3.19367,338.421,62.9434,25.4613,41.7235,2.34058,24.7694,15.4651,4.36257,11.0391,4.6482,12,0.608353,1.18043,2.72558
gr00t_wbc_h074_p000,4079,complete,90,18,8.01899,2.76731,0.0165399,0.0207539,117.422,24.862,6.06456,9.42758,1.32558,11.5188,7.5716,1.85347,3.5888,2.52569,9,0.315332,0.759325,1.19235,275.171,28.7869,15.7854,20.0677,1.85195,23.9975,12.054,3.9612,5.48641,1.41274,16,0.5102,1.17295,1.83323,239.401,21.9032,8.73303,12.5624,1.43112,17.4038,9.39877,2.83623,5.07271,1.62712,9,0.603112,1.32599,3.14737,223.239,37.197,12.4761,22.8335,1.65262,18.205,10.3558,2.88357,4.77858,1.22145,13,0.594963,1.02281,1.73203,181.476,18.4892,10.4433,35.4215,8.77294,16.8113,8.02006,3.21249,10.7245,7.87037,9,0.438199,1.27594,2.50419,200.953,19.9015,12.4583,22.6416,4.51121,16.2422,8.22186,3.19466,4.99009,3.76997,11,0.519707,1.23885,1.80188,290.729,36.8565,21.8746,12.2213,1.45564,23.5531,11.4017,3.99799,6.9045,3.89837,16,0.669399,1.15599,1.81516,328.321,26.5472,18.007,19.8778,1.00153,19.9279,7.90705,2.96209,3.66958,1.22613,5,0.422121,1.83522,6.51571,347.132,49.2485,19.5895,59.6562,1.84029,24.0452,13.5849,3.86956,7.40014,2.19762,12,0.396224,1.13326,2.78169,310.774,30.7821,19.9488,20.6873,1.10589,29.981,12.6696,4.94506,6.10447,1.71868,17,0.639738,1.20809,2.40129,287.372,37.4168,20.1061,23.9926,1.14536,25.492,12.9982,4.10461,5.08269,2.78284,18,0.456275,1.21614,1.72277,203.16,20.1025,15.3874,20.8308,6.13472,17.0237,8.78267,3.42272,7.7443,5.72451,8,0.590677,1.4874,3.13755,325.646,67.0074,23.035,14.2824,1.47958,26.99,16.436,4.70458,6.1167,3.49714,17,0.630924,1.17907,2.60391,435.521,56.4415,24.0122,56.4968,3.16162,31.7875,14.2405,6.31561,17.2108,7.58675,19,0.536636,1.58585,4.13338,258.436,29.2579,16.0368,11.8368,2.77304,21.1371,9.81475,3.56083,3.51364,2.65847,14,0.461878,1.26122,1.79927,260.039,41.1662,23.2927,17.2486,2.06187,21.8092,11.4494,3.63625,4.33909,2.03708,16,0.456413,1.00794,1.38152,563.942,56.8417,160.133,241.454,335.73,42.6966,18.4112,12.2287,31.0799,22.5699,19,0.527667,1.17379,4.06442,232.123,35.0134,24.3976,23.5092,1.63864,20.4862,11.8171,4.06075,5.80002,3.31338,13,0.599187,1.3788,2.30031
gr00t_wbc_h074_p000,4080,fell,65.9,14,11.9934,13.381,1.34621,1.34415,195.339,19.9741,9.13612,12.0336,1.7193,17.7594,12.3441,2.82527,4.31998,1.29622,13,0.414392,0.872099,1.28531,247.069,22.5298,11.0842,16.6105,2.27502,19.9357,9.73354,3.22669,4.8471,2.14812,13,0.505626,1.26917,2.34972,194.092,16.4933,17.6382,48.9111,2.12414,15.7723,9.25614,2.80483,6.88149,2.45532,10,0.544497,1.25236,2.16406,144.919,11.2964,10.7342,19.6236,0.560898,13.3397,6.15028,2.35173,3.60465,0.770771,8,0.440683,1.22949,1.56071,297.676,50.6647,20.6656,29.3024,1.78891,25.2365,15.6776,4.2926,6.50148,1.46383,15,0.53204,1.18081,1.93804,185.856,22.5162,16.104,19.4751,1.51457,16.9296,9.3138,3.0439,4.1556,1.1889,12,0.454747,1.12093,1.55984,236.326,22.7784,13.3525,14.6259,1.14352,18.6747,9.5005,3.55079,3.87477,1.13816,11,0.562027,1.27545,2.33686,333.894,38.3754,23.0791,19.9311,1.44829,28.7095,14.4059,4.64325,5.50043,1.31977,19,0.444419,1.13937,1.89515,291.912,48.8848,17.0385,18.4387,1.06128,21.5362,12.6223,3.65084,5.72913,1.30416,11,0.505445,1.08806,2.88496,232.082,57.0352,19.4258,22.2602,1.0493,19.6408,14.378,3.811,6.23983,1.41228,13,0.55844,1.38834,2.42679,168.829,16.95,14.8669,31.3932,1.87404,14.4328,6.83275,3.11844,8.23519,2.1884,9,0.402406,1.03401,1.56822,431.353,89.0317,33.7305,36.0669,1.48167,33.0158,23.5771,5.82049,10.4153,3.24898,16,0.516105,1.23232,3.18526,238.167,37.1716,53.7867,324.213,7.84004,21.3421,12.9247,5.43059,19.5248,4.66156,12,0.36473,1.17843,2.57619,3296.73,500.133,135.945,89.2462,6.43516,62.4053,53.5326,13.4948,21.6652,5.27111,0,,,,,,,,,,,,,,,,,,,,,,,,,,,,,,,,,,,,,,,,,,,,,,,,,,,,,,,,,,,
gr00t_wbc_h074_p000,4081,complete,90,18,7.68111,3.25527,0.0188383,0.0389381,242.228,28.4231,15.2266,20.7145,1.48265,24.4093,15.2074,3.90146,6.39346,1.22888,18,0.422809,1.05583,1.73167,353.493,34.503,16.606,31.4113,0.955831,26.4683,13.8508,4.09426,7.98594,1.57264,14,0.441786,1.33624,2.73088,167.119,21.7056,8.63986,14.503,1.54435,13.0934,7.42535,1.98176,3.90299,0.86492,9,0.550318,1.03303,1.82527,232.749,21.4204,10.651,18.3921,2.46906,18.1833,11.5107,3.00897,5.07767,1.07037,11,0.590872,1.36627,2.53609,180.356,18.5218,10.0491,16.811,0.908604,15.0882,10.6153,2.44856,4.30581,0.80299,14,0.360458,0.836649,1.13458,261.302,26.6178,11.9697,21.1971,1.55191,19.9905,11.5223,3.3728,5.07449,1.07919,14,0.472632,1.16666,2.22683,543.728,98.733,33.9508,137.272,46.1682,41.307,25.1904,6.51162,21.3218,11.1719,21,0.744015,1.17211,3.07767,298.625,30.6578,12.1676,14.3935,1.38825,22.3015,12.3835,3.87595,6.10813,1.28516,14,0.529455,1.06565,2.42094,307.369,32.5793,15.0242,20.5625,1.1172,24.7917,15.2517,4.35158,7.19503,1.27759,19,0.471448,1.11335,1.95084,155.915,19.5975,8.72791,23.9224,1.44429,11.6619,8.19343,2.03627,5.00012,0.891928,7,0.397187,1.12172,2.05404,630.772,67.018,29.3544,37.7144,0.932671,45.2298,22.4335,7.25302,13.8788,1.81386,24,0.57129,1.46045,4.22235,276.462,34.1303,19.1743,27.2005,1.29718,24.2916,12.859,4.43855,7.54532,1.24695,16,0.437826,1.0764,1.54915,348.773,28.6257,20.2124,76.657,2.65084,28.2221,15.392,5.00333,15.2381,4.85464,16,0.475169,1.25465,2.84779,341.908,30.274,19.0893,20.6837,0.740631,27.2484,15.6625,4.19727,7.16654,1.29021,14,0.634434,1.41736,3.23357,648.945,56.1371,25.1285,121.217,123.844,36.0427,20.494,5.6131,20.3152,9.90774,17,0.390129,1.38526,5.48092,182.089,24.356,9.20674,20.0002,0.855957,14.6729,7.31977,2.50881,6.56972,2.37738,9,0.447276,1.12862,1.73682,101.193,11.1507,7.63718,23.9705,1.26308,10.7118,5.69466,1.69911,3.34819,0.992684,6,0.429525,1.29088,2.88092,381.27,71.6511,43.9877,77.0739,2.06908,32.8414,21.9288,5.69232,12.5343,2.63934,20,0.485435,1.06733,1.85815
gr00t_wbc_h074_p000,4082,complete,90,18,7.92943,3.18429,0.276372,0.323332,206.091,30.1868,10.4267,22.6454,2.01224,16.8809,9.21044,2.76743,8.58538,2.88732,11,0.424073,0.954184,1.58224,218.235,21.5596,8.30655,18.6064,1.566,16.6374,9.23769,2.83971,6.76534,2.56527,11,0.536509,1.19959,2.3515,184.285,17.6461,10.6072,17.0834,0.840728,15.6414,9.21354,2.76412,5.63364,1.65236,12,0.431927,0.972324,1.59217,150.322,18.9781,10.491,30.4197,1.90565,13.8526,7.51229,2.74629,9.07834,2.61674,6,0.588211,1.30828,2.68163,300.727,34.1049,17.9236,15.5423,1.16106,23.7636,14.9378,3.81525,6.76713,1.34477,12,0.567937,1.28917,3.45572,180.439,18.0924,8.49809,19.0171,1.57349,14.9914,9.10146,2.71585,7.11087,2.68889,9,0.483976,1.11915,2.38098,159.221,21.0355,8.42422,41.4242,1.51855,13.0532,6.56385,2.55567,10.1123,2.97822,7,0.562496,1.37964,3.0637,185.525,19.191,7.67859,23.6152,2.50455,15.2043,6.82877,2.87795,5.53594,4.27406,11,0.501427,1.00189,1.97602,415.308,47.2809,19.8491,62.2702,2.95789,34.9507,21.8718,5.69645,17.5222,7.97652,22,0.462695,1.00586,2.35711,260.299,23.4728,9.37,13.3564,1.14292,19.6756,9.57182,2.8411,5.83764,1.28644,14,0.491458,0.927441,1.85734,605.56,89.4545,20.5308,26.4558,1.98282,31.4975,20.0571,4.31054,8.4971,2.90804,7,0.436895,1.47309,8.39941,493.962,47.8184,41.2895,147.93,18.8395,37.6734,17.8599,6.53367,19.962,8.22113,19,0.506959,1.42328,3.65972,603.592,52.452,27.5051,29.2448,1.3242,38.7047,20.3045,6.1052,10.7349,3.05479,21,0.431169,1.18879,2.7572,707.289,67.0949,41.7492,82.179,2.44411,42.8471,21.818,7.29096,18.7033,2.98869,21,0.400339,1.52615,5.48384,358.683,36.2262,14.28,20.5026,1.48222,25.825,14.876,4.21687,7.51522,1.38983,16,0.516465,1.28821,3.40461,208.551,25.8239,52.5044,23.1727,1.08337,18.7369,10.0626,3.46308,6.33302,1.22086,10,0.591566,1.23026,2.0943,494.251,111.73,23.9223,25.9919,1.23446,38.5694,24.1786,6.39237,12.5356,1.81517,23,0.658046,1.30598,3.20801,701.343,69.4628,25.4987,34.6658,1.09433,44.5649,21.3736,6.37765,12.2757,1.95982,16,0.54593,1.85681,6.69664
gr00t_wbc_h074_p000,4083,complete,90,18,9.10128,2.7526,0.00345683,0.00920043,363.913,45.4573,17.4897,19.8717,1.68016,31.8821,18.3904,4.92787,8.02403,1.74693,24,0.45618,0.889455,1.64339,325.355,31.0856,13.7377,15.8077,1.10929,25.9474,14.8271,3.85953,7.03138,1.3449,18,0.485073,1.065,1.67927,186.869,20.8372,7.75793,13.9753,0.596965,16.1094,8.26475,2.68863,4.71973,0.753983,9,0.56457,1.43772,2.07901,274.448,24.5382,15.7458,17.6662,1.82307,23.9776,15.0555,3.93442,7.00591,2.08187,21,0.472924,0.979423,1.51316,285.974,28.6013,15.129,25.5054,1.89277,24.7727,12.1619,3.82299,6.90846,1.84366,12,0.5902,1.43774,2.58275,170.92,16.2438,9.73891,44.0485,7.12162,13.5896,7.94601,2.79241,9.46328,7.35962,10,0.43289,1.03777,1.63657,308.664,24.4894,22.3744,179.494,67.7616,23.0005,12.3808,4.04253,18.8793,14.8245,11,0.347151,1.14676,2.85354,142.941,17.5779,8.2225,19.0741,2.42707,11.724,5.69067,2.00053,4.75262,2.11078,8,0.4653,1.07583,1.59834,103.486,10.1551,8.14838,11.688,1.85662,9.66773,5.30458,1.88098,4.02502,1.87254,9,0.374598,0.87901,1.26223,219.794,25.2211,11.0535,8.23209,1.09641,19.0124,9.65548,3.1321,5.73231,1.56531,13,0.517217,1.11349,2.04597,317.807,34.012,15.878,24.6597,2.86305,25.3929,14.8065,4.18518,6.34971,3.57821,16,0.540893,1.20588,2.08127,458.813,43.8895,20.5123,34.698,15.1454,37.4493,19.5754,6.45813,17.2165,12.4646,20,0.512508,1.43213,3.63436,369.283,27.8102,21.7695,32.4698,1.40718,29.9793,12.464,4.79628,7.0363,2.71615,18,0.521619,1.11134,2.55938,381.175,41.0858,23.685,43.6696,1.74697,29.7497,14.8362,5.00173,10.1801,2.80382,17,0.540346,1.34719,2.84695,412.001,38.4814,35.2372,80.7472,25.4939,31.3617,17.3855,5.63322,16.9731,10.9806,22,0.458123,1.10295,2.07381,529.489,66.185,44.6418,126.85,96.8352,37.7623,21.6625,6.90508,18.7057,9.13577,26,0.329788,0.856268,1.69257,479.393,58.5406,23.6892,32.9957,1.76019,31.4689,16.6572,4.69009,8.44342,2.33189,12,0.410697,1.60109,5.59036,757.668,136.462,37.891,45.7872,1.49138,49.3689,28.9241,6.86567,11.9977,2.43104,19,0.835814,1.23559,4.41519
gr00t_wbc_h074_p000,4084,complete,90,18,7.40535,2.60183,0.0172907,0.0116211,117.387,15.1837,7.72792,19.4137,1.21158,11.9652,6.90226,2.0787,5.1925,1.50936,8,0.373393,0.747161,1.28694,197.234,22.3533,7.60088,19.1526,0.965821,15.2648,8.41899,2.17513,6.38606,1.18746,11,0.502132,0.998065,1.82352,439.703,44.8865,15.5599,41.1485,1.95114,31.3723,18.3825,4.79424,9.21416,2.23394,13,0.556636,1.53342,4.22536,314.724,27.3808,15.5015,27.6644,4.12051,25.8964,14.1782,4.64437,12.6109,6.48141,14,0.648112,1.33471,2.547,187.916,17.1196,7.44193,13.2156,2.82203,16.3478,10.3271,2.54427,5.85803,2.52935,11,0.437827,1.02012,1.82314,91.6337,9.29185,11.2165,42.9095,4.42898,9.84344,5.05257,2.0124,9.69363,7.06453,6,0.523084,1.14917,1.77963,278.913,31.1837,22.8212,100.09,3.55463,21.7125,13.0483,3.65463,13.7636,3.65232,13,0.433198,1.25436,2.91857,301.535,30.5809,23.2599,12.6185,0.982082,25.6702,13.9611,4.76714,5.55282,1.90851,17,0.463078,1.15422,2.04453,237.734,28.4967,14.7639,16.6883,0.757196,21.4632,12.7113,3.442,3.64955,1.5492,14,0.518235,1.05273,1.844,193.67,18.4419,10.7313,26.6955,1.47052,18.4519,11.1787,3.12817,4.10494,1.44422,13,0.44511,1.13463,2.17804,552.061,46.3029,16.8448,75.4879,49.9046,35.7381,15.4696,5.10062,16.4604,13.4946,13,0.547153,1.79952,5.71095,311.201,49.9971,15.5999,11.2079,1.53328,27.2767,17.2805,4.46049,5.54377,3.48158,18,0.545556,1.14276,2.04617,476.598,89.9143,29.0781,40.6255,4.23589,39.0719,23.4335,6.08797,14.3308,6.12971,18,0.591431,1.21852,2.8217,251.417,24.3667,12.886,8.88467,1.51541,19.5817,9.01544,3.29982,4.74653,2.58059,11,0.606581,1.3108,2.34243,435.236,56.8999,16.8832,19.7498,2.30055,29.2831,14.711,4.28596,5.9394,5.14411,19,0.536608,1.00987,2.23701,315.127,30.6716,15.2547,13.7718,1.42079,26.5172,14.593,4.14376,6.4115,2.86598,13,0.726342,1.57262,3.76889,334.933,25.9769,11.2983,16.0697,1.49606,25.0689,13.5549,3.68482,4.18361,4.43021,14,0.570221,1.21306,2.87155,274.019,22.5586,13.7508,33.9181,9.03667,21.3502,11.0613,3.14574,7.30652,5.16198,13,0.456423,1.12863,2.39006
gr00t_wbc_h074_p000,4085,complete,90,18,9.42954,3.21886,0.15955,0.267256,259.469,23.0885,11.4136,17.1993,1.81705,22.2572,12.5385,3.71621,6.71701,2.57095,16,0.422007,0.890368,1.54204,219.004,20.3577,14.2518,23.3153,1.59614,19.5204,10.6663,3.37786,8.48919,2.56378,14,0.476256,1.06548,1.63287,156.627,13.9221,8.06462,25.9825,1.31722,14.2851,6.93795,2.68456,7.79581,1.93161,8,0.486652,1.24517,2.17625,398.428,23.6253,17.1811,20.8384,1.22126,29.3569,13.0172,4.60061,7.94817,1.42844,18,0.44461,1.17726,2.14057,202.667,16.3797,11.1206,17.2302,1.06566,17.9883,9.58729,2.92468,5.49174,1.0813,13,0.495516,1.08265,1.38511,236.015,18.2489,10.0553,13.7919,0.835991,18.8353,10.2149,3.14075,6.62871,1.30318,12,0.515467,1.20103,1.61523,198.254,27.1688,11.2455,13.0641,1.17451,14.97,8.66864,2.73564,4.02282,1.54229,12,0.437118,0.993189,1.33623,210.117,26.0031,10.209,14.6373,1.25886,15.0813,7.74134,2.62878,3.57596,1.28575,10,0.612783,1.57533,2.9277,418.014,46.0947,34.4851,145.57,34.4493,30.6985,16.0078,5.15285,23.8579,11.5772,14,0.61799,1.58757,3.60266,224.394,26.9943,16.3066,59.6082,2.4906,18.8908,9.11211,3.77882,12.3835,5.301,8,0.630518,1.76938,3.57999,576.148,72.2582,25.12,23.7288,5.46398,39.6585,19.6943,6.14835,6.21538,10.6796,19,0.59612,1.63717,4.59914,183.811,20.4063,5.69643,12.0516,4.4515,14.0818,7.61505,2.08501,1.3967,3.28962,7,0.459768,1.26389,2.39109,478.671,88.2643,18.2202,19.0457,8.40955,33.7899,23.1899,4.18257,4.20409,12.4238,15,0.773431,1.54663,3.88041,333.96,31.752,10.4572,48.9587,4.4556,25.0842,16.1712,3.45265,4.00821,5.61715,20,0.418192,0.935526,1.16104,237.252,45.2894,11.2554,29.9039,2.31647,18.7967,12.3713,3.28791,7.56842,5.15068,9,0.650041,1.47572,3.0324,237.079,24.6166,14.1722,18.0267,2.37158,22.022,10.3492,3.08075,4.16068,5.24116,10,0.52449,1.41813,2.98088,504.763,46.6383,23.6469,11.2453,2.11073,36.2211,18.3244,5.21156,4.8263,4.4864,14,0.608647,1.62866,5.39188,311.881,30.9604,11.9763,12.6188,1.37966,22.4187,10.8487,3.49836,5.12236,2.62202,14,0.459288,1.25485,3.20567
gr00t_wbc_h074_p000,4086,complete,90,18,7.38695,2.76225,0.0190417,0.0324014,252.079,23.8098,14.4952,19.2882,1.39781,24.6319,14.1913,3.99837,5.526,1.01518,16,0.446405,1.00478,1.8395,80.9825,10.9372,4.67995,16.1506,1.60536,6.90873,3.96221,1.2291,2.43144,0.868322,5,0.533788,1.14025,1.68692,279.034,27.8579,20.0941,51.5358,1.14949,20.7599,10.9871,3.45161,9.76775,1.54442,12,0.510376,1.16819,1.85646,174.424,13.4475,11.6758,17.8326,1.09899,14.9168,7.25117,2.87222,4.36994,1.02202,10,0.52496,1.08644,2.03501,179.444,17.3518,14.3056,17.4721,1.41878,16.5207,8.24118,3.2204,5.07682,1.06915,12,0.455987,1.00511,1.45858,414.884,42.4288,18.2032,54.308,4.74396,32.0108,16.2752,5.37967,11.6066,3.70592,17,0.472803,1.3759,3.36056,482.49,122.483,19.5096,25.1226,1.09557,32.9808,21.9573,4.91533,9.22044,1.38966,10,0.593121,1.33648,5.1577,273.124,26.5809,13.8467,20.5426,1.41615,22.2785,12.1446,3.65507,6.91873,1.36342,14,0.565724,1.25367,2.06773,403.209,40.3624,20.7612,25.1718,1.46218,30.9386,15.4027,4.65377,8.61823,1.23981,12,0.545956,1.5908,4.79493,375.791,31.4428,28.0675,77.2927,2.04194,25.9066,11.7669,4.57321,12.5389,2.23405,12,0.385079,1.44757,3.76678,1749.99,291.934,83.0571,55.1923,2.6353,82.0156,59.3595,12.8477,20.3565,4.49798,18,0.674809,1.49931,9.99563,236.204,19.9342,12.3194,22.5121,1.74291,21.218,12.4232,3.58341,6.17113,1.13278,15,0.460061,1.04027,1.90567,117.762,16.318,5.27731,18.0383,1.48448,9.44222,5.79434,1.51964,3.5667,0.833924,6,0.589886,1.34605,2.19311,349.931,45.0343,19.9622,17.8397,1.15626,27.5637,14.34,4.88339,8.25384,1.44678,15,0.521642,1.34058,2.81234,333.62,41.3134,19.3227,14.2446,1.65304,27.5268,13.9853,4.61097,7.60284,1.77775,18,0.509621,1.11147,1.74751,328.668,42.2941,19.7757,21.4655,1.16098,26.7607,14.6309,3.85975,8.12487,1.34834,14,0.557532,1.19291,2.4936,461.891,80.5983,23.5511,28.5943,1.14176,37.731,24.7798,6.05132,11.5327,2.01032,20,0.527996,1.19499,2.46776,481.146,40.1367,23.6281,25.9293,1.16645,36.1706,17.3646,5.71709,10.6452,1.99468,17,0.532727,1.51039,4.49626
gr00t_wbc_h074_p000,4087,complete,90,18,12.0203,2.30036,0.0244522,0.0321434,300.138,28.6586,14.7493,15.7401,2.83653,26.1536,16.023,4.25248,7.29616,3.68017,17,0.454794,1.02,2.03398,110.704,15.8316,7.74261,24.7781,0.615501,9.98739,5.03895,1.75741,3.37034,1.02315,6,0.596013,1.18487,1.88923,195.703,20.5801,15.2315,29.1171,1.97634,16.2864,9.63444,2.9088,8.20612,3.51929,12,0.455154,1.12272,1.69126,205.047,21.044,14.588,21.3035,0.988143,17.0512,9.22062,2.87831,5.33051,1.30728,11,0.524036,1.31683,1.87121,363.787,32.3465,22.4776,27.4141,1.06532,25.4024,11.6408,4.03155,7.38969,1.89275,16,0.512691,1.21654,2.2734,274.278,35.1106,18.5947,22.4752,3.24016,22.9898,11.3838,3.74354,6.63585,2.93311,14,0.490027,1.36953,2.01115,428.71,48.2173,32.6162,105.606,5.43711,27.3756,14.6961,4.14104,14.7752,6.32058,9,0.40085,1.62787,5.26644,273.694,39.1758,22.0469,32.2283,1.79104,20.5198,10.2062,4.00207,8.8935,3.20104,13,0.543321,1.16423,2.10302,272.814,35.5277,23.8646,20.2487,0.890087,24.5516,11.3533,4.52094,7.53236,1.76689,16,0.4573,1.15542,2.02207,592.043,108.24,41.6791,35.965,1.74319,42.2017,26.2293,6.87113,10.6516,2.70042,20,0.577458,1.40819,3.20451,419.928,60.8556,28.3164,29.3921,3.17072,34.9541,19.3345,5.23449,11.1645,3.14064,19,0.529001,1.32576,2.94406,789.853,111.631,53.7604,28.4645,1.04336,49.4063,28.2446,7.54951,12.7887,2.86993,16,0.536801,1.61899,4.83693,137.021,13.9836,9.647,19.2227,1.4144,11.476,5.78789,1.92147,3.34448,1.12942,5,0.582213,1.61475,2.72524,442.286,67.11,28.4164,28.164,0.916822,25.4893,16.0479,3.64688,7.20351,1.53479,6,0.674513,1.73616,7.04398,962.306,106.659,50.1918,46.396,2.2657,54.4467,27.4578,9.06172,18.3411,3.94513,23,0.428017,1.54056,6.34241,317.123,46.3549,29.5872,52.5634,2.23194,26.2047,15.0688,4.25217,12.1169,3.71539,15,0.512373,1.01854,2.24574,315.044,66.5209,21.5202,22.7142,0.856756,24.4213,16.1421,4.16991,8.78511,1.84884,14,0.612061,1.19664,2.17333,260.111,32.9361,16.3536,23.3228,3.1718,19.3787,9.38506,3.00557,6.93366,2.6093,13,0.471547,1.04102,1.59656
gr00t_wbc_h074_p000,4088,fell,85.88,18,14.3158,8.09846,2.45986,3.25251,267.135,27.8607,11.5795,14.0922,1.96971,24.1744,16.0285,3.92855,6.00959,1.66897,17,0.426912,0.930938,2.04734,184.941,22.258,12.1812,26.1474,3.93356,14.4952,9.92481,2.92711,9.58513,4.47476,8,0.585391,1.32069,2.53779,220.822,20.1586,7.48136,37.6098,1.94555,17.2482,9.53876,2.78682,6.06725,2.95966,12,0.523053,1.11579,2.53201,276.693,21.7963,11.2319,9.30744,1.45368,22.8576,13.353,3.52575,3.5621,3.70731,16,0.48361,1.02335,1.74012,179.06,19.5073,8.96716,11.8145,1.33085,16.9005,10.3272,2.87415,2.84856,2.01498,11,0.563488,1.14451,2.06627,201.09,18.4699,8.16518,23.527,35.1141,17.6348,10.488,2.86868,5.55257,5.94277,12,0.452637,1.02926,2.04814,147.044,13.8777,7.44006,10.7448,0.925053,13.5597,7.61018,2.44139,2.93102,1.07244,10,0.456359,1.03232,2.3243,189.501,20.525,7.92114,12.8043,1.45799,16.5743,9.47898,2.44388,4.96097,1.32662,10,0.469013,1.05038,2.44731,362.961,48.374,23.1196,22.5924,1.6166,29.9935,17.9556,4.81898,9.60363,1.547,17,0.500915,1.20167,2.50145,180.208,17.5791,9.11971,13.4727,1.20869,16.622,8.66093,2.54283,5.48911,0.939775,9,0.482217,1.11178,2.04832,469.868,71.9115,23.5295,21.6855,1.55836,34.4502,23.1177,5.25339,7.88243,1.32093,21,0.640176,1.04876,2.40799,1118.7,88.2356,38.3915,36.7613,1.23663,54.0457,30.3485,8.35377,12.0918,1.60504,9,0.615367,1.84712,13.3098,746.423,142.339,168.867,212.6,94.0397,48.929,30.1259,11.5321,32.5689,12.3832,16,0.637888,1.55266,5.8884,253.785,29.195,12.4533,13.9622,2.10536,18.7028,10.6143,2.96528,3.76834,1.50963,13,0.588121,1.21159,2.78399,300.481,30.2892,19.2243,18.2604,2.48245,21.2003,11.2918,4.18335,6.8111,2.33537,11,0.560479,1.62135,4.15036,275.552,30.9299,21.8229,14.0987,1.05986,21.6303,15.3386,3.65008,4.40407,1.64164,10,0.465735,1.48325,3.63633,404.223,35.041,45.249,152.177,17.7619,30.5151,16.6524,6.77098,28.1866,9.37209,17,0.496555,1.23447,2.7697,2608.02,447.997,215.93,410.109,25.2978,70.2433,49.6422,17.7564,57.3489,15.7837,2,0.425827,0.551717,1.08545
gr00t_wbc_h074_p000,4089,complete,90,18,9.56445,2.34439,0.0209858,0.0301083,134.665,20.3782,6.68702,9.21428,1.50233,13.6374,8.50667,2.30998,4.49317,1.47497,10,0.395653,0.957563,1.72493,349.692,28.9836,12.9901,12.5162,1.1527,25.5568,15.0095,4.07229,6.21883,3.06167,17,0.469264,1.13056,2.39828,160.873,16.2532,7.71248,20.4841,1.42343,12.3459,6.21682,2.03275,5.49916,1.26793,7,0.545888,1.16631,1.90557,109.805,12.4705,4.92865,13.3711,0.99676,9.70285,6.06058,1.49551,3.40828,0.899879,7,0.531799,1.02317,1.97824,160.518,24.8106,8.46719,13.4224,0.746664,13.6493,8.81324,2.27946,3.08727,0.908487,8,0.714991,1.24534,2.60796,396.914,40.6457,16.0091,19.3153,1.06444,26.341,15.8615,3.84729,5.06032,1.3353,12,0.629196,1.56568,3.71918,188.542,18.6069,11.6036,20.9436,0.978171,14.7107,8.99314,2.66214,5.45841,1.54106,7,0.661389,1.55443,3.49026,298.453,25.9533,19.5233,16.8635,1.74056,25.2417,14.3995,4.71035,6.53526,3.4423,16,0.554705,1.2831,2.14673,406.806,50.4304,19.2079,19.7544,1.50538,27.4975,14.9846,4.85049,7.81018,1.83554,21,0.44936,1.10968,2.43833,318.528,29.3702,20.7952,15.6674,1.09745,27.9522,15.5698,4.57563,6.35048,1.66749,17,0.552559,1.20908,2.05082,305.285,45.6217,21.2639,11.3923,1.83358,24.8971,17.7593,4.38221,5.31291,1.7521,15,0.525552,1.2396,2.26788,308.77,48.4054,16.6962,16.7089,2.01769,22.8905,13.209,4.0827,5.26579,1.73423,11,0.603305,1.46142,3.82244,495.486,35.5367,74.7399,313.985,10.0756,38.2798,16.4547,8.75494,43.2433,12.0881,19,0.425884,1.07056,2.76992,466.639,87.7815,24.1005,11.8462,1.13371,35.9377,23.666,4.78709,9.41896,2.28741,18,0.536934,1.19747,2.72316,372.071,41.2562,20.6271,18.6299,1.2495,28.6861,14.4968,4.70919,7.22971,1.64207,13,0.544398,1.47702,2.6686,438.557,65.8463,23.4295,36.8279,1.56751,31.9923,18.6985,4.86046,11.4641,2.68087,16,0.596476,1.25881,2.75774,416.896,41.0011,37.8899,143.574,53.6687,35.3853,18.5384,6.74132,27.1537,13.378,14,0.594917,1.45787,3.52211,262.209,25.2111,21.878,156.777,4.59365,21.4391,13.2495,3.50196,14.6495,3.49057,13,0.462198,1.06199,2.21781
gr00t_wbc_h074_p000,4090,complete,90,18,16.139,3.11348,0.0252079,0.0233265,296.41,36.4253,14.1362,15.7039,1.91926,24.3675,12.0611,3.84208,8.01851,4.69736,15,0.599588,1.01156,2.31038,315.169,30.3139,16.9766,45.4687,1.8697,25.4509,14.6665,3.90655,6.51539,1.36946,15,0.60639,1.2202,2.46824,214.779,16.4744,13.3145,24.2348,0.639922,18.5695,11.4761,3.20998,3.67395,0.770108,13,0.479184,1.00572,1.91301,314.578,31.3939,25.676,65.8064,1.45108,25.0683,12.608,4.57225,9.60632,2.15464,14,0.548266,1.33238,2.66801,269.749,32.8974,18.6926,24.9289,0.822725,21.4093,11.9165,3.81809,5.20774,1.22399,14,0.482115,1.24401,2.58271,251.825,28.6136,14.9024,24.8492,1.23347,19.3859,12.7897,3.09171,3.96615,1.05586,12,0.59444,1.2148,2.01439,163.24,18.586,12.026,32.4725,0.959586,13.2824,6.81567,2.31998,4.68016,1.25192,10,0.498946,1.06903,1.72359,300.013,32.0853,15.0171,19.5839,1.27001,24.5971,15.9769,3.34907,4.99505,1.19727,10,0.490602,1.36561,3.48447,284.351,42.6172,15.3406,18.1797,1.06395,22.3045,13.1117,3.92717,6.09955,2.70931,14,0.579359,1.25579,2.05507,974.646,109.978,37.6942,21.1131,1.69194,63.5659,32.5139,8.92849,15.4375,7.20921,25,0.344034,1.67877,6.65773,410.934,42.8044,19.1767,22.3243,1.93527,29.876,19.5047,5.06924,8.50313,2.93842,19,0.612793,1.25615,2.36489,375.544,75.9265,28.0326,36.4118,1.11873,31.42,22.0809,5.28515,8.00417,2.1258,22,0.522883,1.03712,1.9978,218.567,21.4962,24.9369,159.807,101.75,17.3995,9.32745,3.78982,15.8992,8.02076,9,0.473754,1.13387,1.47071,177.369,22.2564,10.6018,19.5088,1.32557,13.5667,6.92048,2.50797,4.02823,1.65824,8,0.455991,1.18115,1.90206,262.911,22.5236,15.7906,33.6179,1.13849,23.637,10.6545,4.1877,7.3725,3.0257,19,0.389375,0.958335,1.52744,342.952,31.6532,18.3233,28.8434,1.30569,28.6484,16.1027,4.64771,7.62379,1.53211,16,0.498251,1.11247,2.57328,240.041,24.1458,14.0958,22.4329,2.24211,21.8845,13.1964,3.4264,4.8696,3.20432,12,0.481033,1.16645,2.93966,266.445,34.8999,15.8141,30.1506,5.79276,21.0488,12.751,3.43646,4.99059,2.09873,12,0.461066,1.25193,2.93007
gr00t_wbc_h074_p000,4091,fell,85.54,18,14.4949,4.80574,1.92918,3.54903,227.991,19.3071,11.3895,11.0306,1.52251,21.4023,11.0896,3.96943,6.62849,2.33198,12,0.484429,1.12199,2.11755,321.481,34.8488,15.6281,16.6723,1.32946,25.5847,13.9176,4.44731,8.09947,1.53955,19,0.480863,1.09274,2.11088,176.98,24.4056,10.4217,18.6601,1.86851,16.3951,8.98425,2.5801,4.80014,1.16747,9,0.48924,1.21729,2.33997,301.923,35.0926,17.3659,46.7765,1.60016,20.9163,12.6747,3.46931,11.6684,3.10806,11,0.536083,1.51872,3.99698,279.709,23.5682,14.8027,21.3416,1.11982,21.6723,12.6308,3.79352,6.50154,1.56566,13,0.520959,1.24218,2.62222,432.03,51.0115,24.2005,102.06,31.1014,31.534,14.7548,5.80938,21.4859,8.58791,17,0.556304,1.37215,2.87159,330.791,28.5525,19.0019,17.6613,2.81421,23.4774,10.4335,3.94268,5.75429,3.30487,10,0.619473,1.61206,3.77948,198.674,21.8818,23.0981,64.2851,5.64715,16.9369,8.16867,3.39507,9.91881,5.76101,10,0.583263,1.31296,2.11296,383.732,37.3141,20.1142,22.6888,3.44254,28.9207,13.1763,4.88735,8.48388,5.10346,15,0.549771,1.49104,3.8365,240.367,54.6062,13.1591,16.8031,3.1684,21.2821,12.6711,3.13825,6.32027,3.9009,11,0.613332,1.45712,2.54956,93.7314,8.40448,6.58171,14.4589,1.42033,9.93345,5.50242,1.91753,3.62867,1.00853,7,0.49608,1.15769,1.65476,206.132,15.2092,12.8279,14.3614,1.62987,17.5753,8.29452,3.40539,7.90243,2.24587,14,0.440784,1.05393,2.41118,306.946,30.0791,13.8097,13.3762,1.16365,25.0489,12.687,3.96235,6.58514,1.79765,15,0.558422,1.16624,2.01204,402.658,34.5568,65.6717,285.465,283.239,32.0223,15.7639,7.17013,25.6626,16.4615,13,0.406944,1.27368,2.56551,389.632,39.5285,25.2762,25.4216,1.15134,30.6299,16.965,5.07047,5.90209,2.01137,16,0.486466,1.28235,2.87109,440.269,40.1234,22.1957,24.7995,1.07486,33.3634,13.5912,5.26144,6.11369,1.36581,13,0.55744,1.84637,5.29148,1096.55,160.68,125.013,28.6865,1.55682,47.9852,30.5138,9.75841,11.1223,3.28905,18,0.615451,1.37179,4.98972,1679.76,97.7507,49.0135,9.1889,0.230927,51.4477,22.9542,7.49511,8.99156,1.42648,3,0.10628,1.29375,3.7618
gr00t_wbc_h074_p000,4092,complete,90,18,8.65986,2.67662,0.0104321,0.0511367,166.189,29.789,11.7602,17.4482,1.38788,15.5531,10.8942,2.69408,4.93249,1.48812,11,0.410911,1.07769,1.63326,282.373,21.1851,18.428,27.0264,1.18743,21.2672,10.4801,3.83969,6.50858,1.5486,14,0.584892,1.18425,1.94617,153.546,17.2327,13.9426,24.0235,0.874059,13.3275,8.88519,2.26589,4.32463,0.985449,10,0.363244,0.946457,1.44605,237.132,22.1672,15.8202,27.35,1.04419,19.157,8.88308,3.09013,4.56793,1.18303,13,0.492848,1.15327,2.12861,181.597,34.3496,19.3054,25.7933,1.20513,14.5426,8.26428,2.75085,6.06515,1.50681,8,0.621462,1.39847,2.0095,204.035,33.6476,15.3833,21.0934,0.831998,17.3184,9.17668,2.86967,4.26147,1.37162,8,0.667259,1.74808,3.30281,288.599,27.7996,17.9007,19.3035,2.91021,23.8546,11.8321,3.95051,8.62726,4.36678,19,0.451573,1.0391,1.66006,356.891,32.9857,24.8129,25.9982,0.886125,25.6677,11.8519,4.52893,8.12135,2.20007,10,0.666796,1.65903,4.51617,433.844,73.3655,27.7444,27.3429,1.29335,31.426,20.5007,5.13862,9.67795,2.59713,17,0.474826,1.23523,3.32261,519.445,71.2395,23.9949,24.4197,1.79841,30.8927,19.6552,4.29479,7.73493,3.56061,16,0.609184,1.14693,2.81289,885.755,134.008,51.3597,109.271,2.15959,60.8324,32.7841,9.32187,21.1824,5.7096,19,0.649248,1.56816,5.6111,209.615,25.7967,29.6303,46.9262,26.1493,16.5394,7.80261,3.20879,13.6238,6.74974,6,0.560139,1.72521,3.6495,905.718,86.662,57.8628,29.1011,1.11638,48.7628,28.2674,6.91951,12.4119,3.62993,21,0.51664,1.30451,5.21565,419.307,55.9677,23.6811,25.7198,2.19019,32.5221,19.7036,4.77325,9.84027,5.42918,12,0.603396,1.48079,4.31011,67.833,19.2693,13.5287,24.1193,1.48392,8.58766,4.43514,1.90539,3.60526,1.1121,4,0.506285,1.37649,2.80092,142.525,20.6068,17.7649,137.661,8.57474,13.7084,8.13194,2.86896,16.173,6.59676,7,0.480884,1.18826,2.72671,172.329,23.2241,15.4733,20.2551,0.951622,13.7758,7.62411,2.49787,5.22637,1.29863,7,0.603355,1.52921,3.08963,372.826,47.9074,24.4972,30.5118,1.39413,28.654,17.2907,5.22758,10.1902,3.09321,15,0.484874,1.31003,2.80147
gr00t_wbc_h074_p000,4093,complete,90,18,7.88781,2.36334,0.00756031,0.00528981,153.037,15.2846,8.42665,11.5744,1.34947,16.5051,8.91383,2.77717,4.6215,1.23618,9,0.444626,1.0604,1.78027,239.93,24.878,10.4151,14.5355,1.84955,19.5034,11.2161,3.36686,6.24225,2.73986,11,0.573127,1.40963,2.44744,298.013,26.4899,12.3531,13.4503,1.07368,24.1809,11.9386,4.11348,7.78612,4.44056,18,0.568219,1.08691,2.00231,279.566,36.2089,12.5324,24.5205,1.02315,22.8533,14.1889,3.70139,6.90515,1.60616,10,0.524595,1.57462,3.38811,342.868,57.3447,17.6008,24.0496,1.51831,23.2205,13.0425,3.43773,6.0288,3.07433,10,0.616377,1.24884,2.99595,164.464,15.3361,9.16525,12.0627,1.30748,13.2552,5.54909,2.66447,6.16182,4.48278,9,0.533332,1.36971,2.74127,227.086,18.4288,20.7242,98.3415,2.74839,19.2616,9.90512,4.05996,13.2935,5.5459,15,0.391989,0.996749,1.55092,389.745,35.9038,19.5807,31.7598,3.05951,31.8933,14.7703,5.482,12.5198,5.34343,16,0.619708,1.34898,3.50945,249.592,28.6715,17.2938,33.8804,1.0823,18.8527,10.3241,3.2293,5.34987,1.08762,16,0.405057,0.871089,1.40285,679.16,148.142,31.4277,33.3565,1.31536,46.0237,30.724,7.11156,8.75409,1.41834,24,0.644107,1.19404,3.51243,617.45,115.473,34.2343,39.0074,1.64767,48.3384,31.0106,7.43216,13.8843,2.79469,19,0.518281,1.40893,3.82234,337.136,42.2321,17.0022,18.0468,1.05378,28.9791,19.2368,4.24854,8.26629,1.75891,16,0.542708,1.15124,2.42725,1156.69,90.2395,73.0382,30.1806,1.33214,61.3057,30.057,7.81525,15.9269,2.30393,18,0.529629,1.66485,9.2856,234.316,26.0487,13.2282,23.615,1.76899,18.2795,9.85006,3.19744,6.32278,1.15212,11,0.542425,1.25314,2.98747,406.838,71.7047,25.1174,107.312,19.6289,31.268,20.943,4.7867,17.5766,5.81516,16,0.520519,1.12623,2.81239,157.465,20.2495,9.75806,22.1579,0.990948,12.9845,7.5158,2.22213,4.19408,0.783082,8,0.56501,1.27105,2.25236,592.309,58.6249,45.5399,85.3571,13.4504,35.268,20.2873,6.2623,16.9392,5.26656,14,0.527068,1.6705,5.26954,240.64,21.1812,14.3022,24.6846,1.02071,18.6893,11.2877,3.08635,5.44002,0.997074,13,0.509937,1.08142,2.05853
gr00t_wbc_h074_p000,4094,complete,90,18,8.08199,2.06452,0.0338669,0.0394437,122.325,16.578,5.97275,14.3151,2.02277,12.9023,7.27252,1.86485,3.34283,0.971387,8,0.369742,0.829963,1.41892,227.651,20.0992,20.1407,41.5667,5.66969,21.2792,11.4883,3.91701,13.0776,6.93541,17,0.44884,0.974104,1.39097,118.502,15.2241,11.0792,20.2117,1.95721,10.1929,5.47224,1.75658,3.81157,1.05551,8,0.444806,1.06,1.35198,301.283,36.4271,23.3265,79.434,5.38023,22.6893,12.0069,3.63389,10.9974,3.23201,11,0.447837,1.4898,3.66561,272.561,19.7235,13.5075,18.2384,1.3445,21.4527,11.2558,3.91417,5.40139,1.0065,14,0.422551,1.10635,2.28587,349.62,30.6978,16.6105,58.9332,2.00936,26.3776,15.1414,4.64363,11.4829,2.52126,17,0.523914,1.15999,2.67899,266.525,26.8524,16.0823,22.6476,1.139,22.8085,16.1881,3.27498,6.55351,1.11276,9,0.562729,1.45892,3.52245,230.782,22.8516,12.8346,17.271,1.37135,19.9824,11.605,3.32126,6.99052,1.98288,12,0.556602,1.17434,2.59625,187.409,20.0628,10.0047,17.6746,1.34288,16.7614,9.78349,2.80838,5.29842,1.26154,11,0.556911,1.19392,2.2704,109.903,10.2394,11.8012,11.5676,1.38988,8.56414,5.70209,1.5857,3.56102,0.955518,6,0.450446,1.06253,1.76341,698.891,63.2956,22.1122,16.9468,1.9437,41.7131,22.0372,5.75634,9.73455,1.77569,15,0.419584,1.56005,5.83785,191.499,17.2974,8.47166,9.90613,2.41182,16.8875,9.52382,2.89513,5.47014,3.03176,12,0.460489,1.0569,2.22823,389.826,71.2438,19.8899,28.5355,3.48669,27.6674,17.9656,4.06566,7.66519,4.47971,11,0.77241,1.58837,4.19152,249.436,24.5527,11.9837,16.7899,1.93787,20.4335,12.98,3.21471,7.20168,3.86217,10,0.510547,1.3833,2.92562,297.423,32.1586,15.0256,19.8575,1.0862,28.7849,14.7152,4.56642,7.59674,2.22288,14,0.455366,1.26419,2.79801,268.018,27.7813,13.6895,12.2338,1.0431,23.1617,11.4634,3.40651,7.42566,1.50239,9,0.663765,1.61907,4.88613,365.391,35.4306,19.3225,17.9843,1.03901,25.4952,12.2999,4.04696,7.71027,1.36854,10,0.525259,1.6211,4.66714,284.261,26.7726,17.5481,26.1862,0.633472,25.4319,12.2695,4.24736,6.31681,1.12465,17,0.486714,1.1063,1.71816
gr00t_wbc_h074_p000,4095,fell,35.98,8,23.7712,16.1356,1.47071,3.35872,204.175,16.4431,10.4126,17.3176,1.13011,19.6826,9.46799,3.28755,5.25577,1.42227,13,0.40786,0.896668,1.29312,213.91,23.7025,10.6436,21.8054,1.90404,16.0592,9.69657,2.88005,3.90098,2.18955,9,0.528911,1.4877,2.64879,272.899,25.0367,11.6343,19.267,3.05647,20.811,11.303,3.44698,4.48524,2.28063,17,0.488163,0.994322,1.66105,245.767,25.3156,10.3652,12.1496,1.28361,19.5434,9.09462,3.26818,5.23641,1.40719,12,0.580548,1.35736,2.88129,218.714,16.5829,12.1644,18.8953,1.32464,19.1148,11.5575,3.26542,5.77971,1.8386,15,0.462788,0.943422,1.67586,320.848,37.4153,24.7664,17.5514,1.05553,26.425,17.8665,4.26029,6.51578,1.52602,18,0.476917,1.04559,2.19755,248.296,26.185,17.7679,25.8226,0.538345,21.9794,15.5827,3.42702,5.03532,0.938083,15,0.493525,1.1181,2.10222,1182.09,61.9573,73.2163,116.558,2.5499,44.9073,17.6012,7.26137,14.3288,2.70326,2,0.229836,3.50155,36.0394,,,,,,,,,,,,,,,,,,,,,,,,,,,,,,,,,,,,,,,,,,,,,,,,,,,,,,,,,,,,,,,,,,,,,,,,,,,,,,,,,,,,,,,,,,,,,,,,,,,,,,,,,,,,,,,,,,,,,,,,,,,,,,,,,,,,,,,,,,,,
