policy,runid,outcome,survival_s,targets,pos_err_cm,yaw_err_deg,pelvis_speed_mps,head_speed_mps,s0_e_legs_upper_j,s0_e_legs_lower_j,s0_e_waist_j,s0_e_arms_upper_j,s0_e_arms_lower_j,s0_v_legs_upper_krads2,s0_v_legs_lower_krads2,s0_v_waist_krads2,s0_v_arms_upper_krads2,s0_v_arms_lower_krads2,s0_steps,s0_touchdown_mps,s0_peak_grf_bw,s1_e_legs_upper_j,s1_e_legs_lower_j,s1_e_waist_j,s1_e_arms_upper_j,s1_e_arms_lower_j,s1_v_legs_upper_krads2,s1_v_legs_lower_krads2,s1_v_waist_krads2,s1_v_arms_upper_krads2,s1_v_arms_lower_krads2,s1_steps,s1_touchdown_mps,s1_peak_grf_bw,s2_e_legs_upper_j,s2_e_legs_lower_j,s2_e_waist_j,s2_e_arms_upper_j,s2_e_arms_lower_j,s2_v_legs_upper_krads2,s2_v_legs_lower_krads2,s2_v_waist_krads2,s2_v_arms_upper_krads2,s2_v_arms_lower_krads2,s2_steps,s2_touchdown_mps,s2_peak_grf_bw,s3_e_legs_upper_j,s3_e_legs_lower_j,s3_e_waist_j,s3_e_arms_upper_j,s3_e_arms_lower_j,s3_v_legs_upper_krads2,s3_v_legs_lower_krads2,s3_v_waist_krads2,s3_v_arms_upper_krads2,s3_v_arms_lower_krads2,s3_steps,s3_touchdown_mps,s3_peak_grf_bw,s4_e_legs_upper_j,s4_e_legs_lower_j,s4_e_waist_j,s4_e_arms_upper_j,s4_e_arms_lower_j,s4_v_legs_upper_krads2,s4_v_legs_lower_krads2,s4_v_waist_krads2,s4_v_arms_upper_krads2,s4_v_arms_lower_krads2,s4_steps,s4_touchdown_mps,s4_peak_grf_bw,s5_e_legs_upper_j,s5_e_legs_lower_j,s5_e_waist_j,s5_e_arms_upper_j,s5_e_arms_lower_j,s5_v_legs_upper_krads2,s5_v_legs_lower_krads2,s5_v_waist_krads2,s5_v_arms_upper_krads2,s5_v_arms_lower_krads2,s5_steps,s5_touchdown_mps,s5_peak_grf_bw,s6_e_legs_upper_j,s6_e_legs_lower_j,s6_e_waist_j,s6_e_arms_upper_j,s6_e_arms_lower_j,s6_v_legs_upper_krads2,s6_v_legs_lower_krads2,s6_v_waist_krads2,s6_v_arms_upper_krads2,s6_v_arms_lower_krads2,s6_steps,s6_touchdown_mps,s6_peak_grf_bw,s7_e_legs_upper_j,s7_e_legs_lower_j,s7_e_waist_j,s7_e_arms_upper_j,s7_e_arms_lower_j,s7_v_legs_upper_krads2,s7_v_legs_lower_krads2,s7_v_waist_krads2,s7_v_arms_upper_krads2,s7_v_arms_lower_krads2,s7_steps,s7_touchdown_mps,s7_peak_grf_bw,s8_e_legs_upper_j,s8_e_legs_lower_j,s8_e_waist_j,s8_e_arms_upper_j,s8_e_arms_lower_j,s8_v_legs_upper_krads2,s8_v_legs_lower_krads2,s8_v_waist_krads2,s8_v_arms_upper_krads2,s8_v_arms_lower_krads2,s8_steps,s8_touchdown_mps,s8_peak_grf_bw,s9_e_legs_upper_j,s9_e_legs_lower_j,s9_e_waist_j,s9_e_arms_upper_j,s9_e_arms_lower_j,s9_v_legs_upper_krads2,s9_v_legs_lower_krads2,s9_v_waist_krads2,s9_v_arms_upper_krads2,s9_v_arms_lower_krads2,s9_steps,s9_touchdown_mps,s9_peak_grf_bw,s10_e_legs_upper_j,s10_e_legs_lower_j,s10_e_waist_j,s10_e_arms_upper_j,s10_e_arms_lower_j,s10_v_legs_upper_krads2,s10_v_legs_lower_krads2,s10_v_waist_krads2,s10_v_arms_upper_krads2,s10_v_arms_lower_krads2,s10_steps,s10_touchdown_mps,s10_peak_grf_bw,s11_e_legs_upper_j,s11_e_legs_lower_j,s11_e_waist_j,s11_e_arms_upper_j,s11_e_arms_lower_j,s11_v_legs_upper_krads2,s11_v_legs_lower_krads2,s11_v_waist_krads2,s11_v_arms_upper_krads2,s11_v_arms_lower_krads2,s11_steps,s11_touchdown_mps,s11_peak_grf_bw,s12_e_legs_upper_j,s12_e_legs_lower_j,s12_e_waist_j,s12_e_arms_upper_j,s12_e_arms_lower_j,s12_v_legs_upper_krads2,s12_v_legs_lower_krads2,s12_v_waist_krads2,s12_v_arms_upper_krads2,s12_v_arms_lower_krads2,s12_steps,s12_touchdown_mps,s12_peak_grf_bw,s13_e_legs_upper_j,s13_e_legs_lower_j,s13_e_waist_j,s13_e_arms_upper_j,s13_e_arms_lower_j,s13_v_legs_upper_krads2,s13_v_legs_lower_krads2,s13_v_waist_krads2,s13_v_arms_upper_krads2,s13_v_arms_lower_krads2,s13_steps,s13_touchdown_mps,s13_peak_grf_bw,s14_e_legs_upper_j,s14_e_legs_lower_j,s14_e_waist_j,s14_e_arms_upper_j,s14_e_arms_lower_j,s14_v_legs_upper_krads2,s14_v_legs_lower_krads2,s14_v_waist_krads2,s14_v_arms_upper_krads2,s14_v_arms_lower_krads2,s14_steps,s14_touchdown_mps,s14_peak_grf_bw,s15_e_legs_upper_j,s15_e_legs_lower_j,s15_e_waist_j,s15_e_arms_upper_j,s15_e_arms_lower_j,s15_v_legs_upper_krads2,s15_v_legs_lower_krads2,s15_v_waist_krads2,s15_v_arms_upper_krads2,s15_v_arms_lower_krads2,s15_steps,s15_touchdown_mps,s15_peak_grf_bw,s16_e_legs_upper_j,s16_e_legs_lower_j,s16_e_waist_j,s16_e_arms_upper_j,s16_e_arms_lower_j,s16_v_legs_upper_krads2,s16_v_legs_lower_krads2,s16_v_waist_krads2,s16_v_arms_upper_krads2,s16_v_arms_lower_krads2,s16_steps,s16_touchdown_mps,s16_peak_grf_bw,s17_e_legs_upper_j,s17_e_legs_lower_j,s17_e_waist_j,s17_e_arms_upper_j,s17_e_arms_lower_j,s17_v_legs_upper_krads2,s17_v_legs_lower_krads2,s17_v_waist_krads2,s17_v_arms_upper_krads2,s17_v_arms_lower_krads2,s17_steps,s17_touchdown_mps,s17_peak_grf_bw
decoupled_wbc_h066_p012,2560,complete,90,18,16.5936,3.68636,0.164749,0.239345,467.034,93.6315,103.631,71.6848,2.91599,68.781,54.8308,19.2166,33.4439,5.03639,41,0.365622,0.907726,394.036,103.599,89.2515,31.9595,1.80129,62.5384,53.8236,15.8809,22.1549,3.96388,45,0.293036,0.868795,290.54,105.726,111.375,39.3645,1.29202,52.9768,56.8669,17.1203,24.8756,4.00336,44,0.203959,0.858384,434.223,99.4114,124.194,23.0623,2.54286,64.6587,59.8284,18.9254,22.6735,3.55452,41,0.242707,1.01809,531.561,96.5133,127.091,27.21,2.6414,72.0115,54.9114,21.3792,25.763,5.45689,42,0.328767,1.12578,474.402,112.47,90.6816,30.5563,2.02586,73.3291,64.0427,18.4322,25.3397,5.71623,46,0.334479,0.877122,366.211,98.8685,100.553,34.9841,2.11249,64.1363,57.2677,16.8134,23.5923,4.53272,43,0.288723,0.841668,491.74,100.374,109.48,108.969,3.37296,75.1889,58.9686,19.1383,30.8458,6.86191,46,0.296339,1.01481,464.035,116.064,144.342,30.2413,2.57591,71.9867,62.0665,20.6982,29.0475,7.48827,47,0.310018,1.07441,528.86,163.566,148.54,41.7452,1.70031,71.9131,70.9581,20.2425,31.7186,6.94273,31,0.325152,0.992031,346.879,80.2559,91.1138,31.6054,1.80711,54.2996,48.1888,15.2141,21.3484,4.06088,42,0.286335,0.85854,531.301,96.4338,115.457,32.8218,1.69138,80.7026,62.3028,21.8179,26.6667,4.09713,43,0.255766,1.01381,358.45,95.1976,101.85,30.8716,1.75347,61.4819,56.0894,17.5445,24.2475,4.7029,41,0.242856,0.992439,665.514,134.427,122.323,39.9512,1.7864,85.2417,58.2553,21.933,25.3115,4.13533,38,0.317873,1.15161,390.167,78.78,97.6923,68.9625,2.25166,60.7014,52.8429,16.5603,23.2539,5.26912,40,0.288593,0.870685,612.726,115.138,103.539,119.226,2.76181,76.2373,66.2512,19.4242,34.8657,5.63679,35,0.389845,1.32666,446.844,113.734,154.578,70.1449,2.34456,71.7839,59.1995,20.6226,27.8364,5.90973,56,0.230858,0.874696,563.528,167.977,129.245,33.294,1.34141,74.9635,75.0654,18.001,22.198,4.02718,51,0.325121,0.937363
decoupled_wbc_h066_p012,2561,complete,90,18,15.7262,3.5454,0.194297,0.0797252,412.261,87.6295,86.3487,19.2059,2.03588,65.2697,57.0709,17.9638,28.5466,3.84881,43,0.308592,0.966003,412.903,95.2514,112.623,30.1921,1.52167,65.3033,59.1668,18.73,31.1129,4.10312,38,0.312173,0.975554,519.362,123.481,108.14,61.0259,2.3015,83.0164,63.2688,22.5692,36.1164,6.09906,41,0.366757,1.15209,369.947,102.798,115.317,29.5909,2.25706,61.6138,55.2824,19.572,29.1635,4.5918,40,0.300234,1.01816,429.783,89.5884,91.632,67.4776,3.80873,60.9474,53.0367,17.811,29.0307,6.54938,39,0.280156,0.999352,455.432,104.225,103.444,28.3336,1.6762,69.7165,65.5086,19.8154,28.682,4.20919,53,0.252354,0.880336,506.296,99.8211,82.0457,20.453,2.26202,76.3533,60.7968,18.8544,29.9552,4.79425,53,0.37973,0.831928,460.133,79.5016,95.5569,16.1289,1.14723,68.1646,50.6835,18.5026,26.2727,3.27421,42,0.336123,1.16249,434.761,100.471,82.3909,21.5564,1.26264,69.5827,56.7798,17.8015,26.6481,4.05252,46,0.283431,0.834628,442.691,108.464,77.8777,30.3598,1.89533,69.3036,63.2804,16.7455,25.6169,3.94565,51,0.322275,0.786102,516.39,109.608,115.459,90.9797,1.52861,73.1272,61.449,18.8946,31.839,4.0724,37,0.320786,1.03664,480.146,121.107,111.675,48.0427,1.98362,69.6675,62.5971,18.4571,28.097,3.81206,33,0.362089,1.15685,391.464,90.9615,88.9147,36.4788,1.44981,63.9921,52.1701,16.6519,24.8514,4.12262,47,0.261616,0.945968,382.474,85.3674,91.7485,34.5746,1.90075,57.2692,49.0959,16.2704,27.473,3.13316,38,0.307732,0.964371,1026.47,359.639,153.822,45.5134,0.87961,101.006,97.4066,27.6911,37.27,4.31156,33,0.349116,1.33715,340.903,87.563,98.5327,25.4436,1.0289,59.9929,54.824,17.675,23.3445,3.41977,36,0.297893,1.00388,520.879,113.038,134.974,26.0416,2.44861,78.9603,62.0768,21.9865,25.0843,3.87927,42,0.324023,1.13943,333.038,92.4772,89.7959,28.6804,1.47069,55.1151,50.7559,15.5107,20.5514,2.73703,45,0.223913,0.820688
decoupled_wbc_h066_p012,2562,complete,90,18,17.4961,2.9647,0.156242,0.168509,492.825,115.761,138.615,69.8161,2.89602,72.4904,64.1615,21.5298,35.7249,5.0827,37,0.308101,0.963587,380.935,101.993,112.036,27.0702,1.75198,61.2825,56.801,18.1039,26.524,4.42058,41,0.243941,0.965352,320.959,73.1319,78.6115,25.2589,1.16893,55.1293,47.6764,16.8133,26.1649,3.92941,53,0.222085,0.773752,479.105,122.196,132.318,40.4124,1.54259,76.087,60.1064,22.0716,34.277,5.49014,40,0.319112,0.972185,413.607,119.341,126.327,43.4245,2.36981,67.6649,62.7857,18.8156,33.2017,5.47047,44,0.234528,0.870772,468.778,110.347,111.435,31.1935,1.90237,65.3846,55.178,18.306,28.2061,4.47899,36,0.355614,1.08735,425.77,114.375,113.919,34.1024,2.11758,66.5407,60.2462,18.1743,29.767,3.53905,35,0.2107,0.918524,409.562,97.6991,109.639,30.5769,1.23598,63.5934,49.7977,18.8302,29.8777,3.10325,36,0.346669,1.19493,411.508,90.4908,123.959,32.0877,1.05414,66.2632,48.8543,20.3024,25.82,4.62593,40,0.251442,1.0327,1564.52,242.731,226.513,92.1317,2.10398,129.809,88.7452,33.9337,55.7337,7.30503,33,0.311064,1.78852,347.283,103.848,118.277,210.696,6.88788,57.3038,51.9289,17.9953,43.7269,9.71671,42,0.255784,0.846968,459.833,121.809,102.492,27.6334,1.85389,70.9426,61.0292,19.2614,26.2937,3.2452,37,0.308815,1.08954,921.183,158.505,123.859,49.0307,1.98687,109.054,72.8713,25.9768,37.0965,4.10543,41,0.392459,1.28583,459.754,90.174,103.484,27.1157,0.949987,70.0146,49.4782,19.2187,25.4761,3.23748,38,0.323981,1.13925,376.668,72.3424,100.679,31.4283,1.95831,58.4344,44.3023,19.1421,27.8818,4.06763,42,0.30842,1.02574,974.746,256.176,162.127,206.369,17.0557,105.185,92.6566,27.7134,65.4886,11.6554,29,0.409811,1.26358,1037.73,363.025,157.265,46.111,2.01352,112.443,93.1844,29.7625,45.3111,4.6358,32,0.440532,1.25634,421.507,80.5952,82.7224,23.7391,1.92836,61.113,50.4569,17.8388,25.0759,3.77042,51,0.302505,0.93807
decoupled_wbc_h066_p012,2563,complete,90,18,23.4902,2.76148,0.0553509,0.181892,459.001,86.418,92.3036,28.724,1.95061,66.5859,57.6444,17.7437,32.5412,3.89221,44,0.289938,0.928592,364.765,83.9084,90.3534,39.5886,2.94774,62.0698,53.9463,16.3386,31.8558,4.53307,51,0.309581,0.888494,381.429,118.924,119.884,66.2136,2.43775,64.3553,59.1588,18.5431,33.3763,6.32682,48,0.261013,0.910809,587.719,115.372,105.816,38.5168,1.3749,84.4947,65.6628,22.9551,39.398,5.06976,43,0.376967,1.13363,517.607,91.2853,105.772,26.1001,2.47837,72.5958,60.4748,20.2676,31.4285,4.45851,42,0.273829,0.973231,516.779,116.888,158.776,35.4324,1.38016,75.3353,59.3236,20.9998,34.6593,4.53184,43,0.322171,1.12581,499.92,117.739,121.908,31.3228,2.1441,74.0333,67.4439,19.4696,32.4237,4.74673,44,0.327607,1.07413,424.139,98.707,113.613,77.8057,1.97316,68.3409,57.7239,18.7624,37.66,5.10094,50,0.284867,0.974907,724.002,132.405,112.883,132.406,3.69225,90.5215,69.7228,21.8895,42.8293,5.7141,36,0.425959,1.098,380.009,100.488,117.673,37.4281,1.47806,64.4331,50.9604,17.619,31.9037,3.17995,51,0.241549,0.901506,465.508,117.137,125.584,40.1976,1.04415,67.9376,59.341,18.0409,30.1504,3.38452,31,0.243189,1.00146,558.306,216.806,139.312,53.3728,1.83482,78.88,74.4743,21.1769,38.136,4.41441,43,0.255924,0.978757,1670.7,233.824,195.359,70.465,1.38486,134.082,97.5524,35.8872,52.1477,5.82242,32,0.346305,1.6605,562.271,84.0082,71.9005,32.576,1.64661,70.7699,53.2234,15.6005,20.1631,3.96388,34,0.37285,1.07075,463.909,122.194,105.227,35.0966,1.8631,68.1231,61.2855,17.754,21.7183,4.37564,45,0.282962,1.02984,748.488,137.284,136.725,179.34,16.7059,96.3845,63.9832,25.8743,42.1711,11.8396,38,0.43844,1.3125,571.355,184.664,206.561,142.164,19.571,78.7614,72.9446,25.5362,38.8618,12.4929,37,0.241547,0.981632,417.934,134.656,155.474,41.3021,2.78793,67.6821,57.7157,20.0169,27.8089,6.95563,40,0.277281,0.961639
decoupled_wbc_h066_p012,2564,complete,90,18,14.4575,3.26777,0.205736,0.0511581,514.493,145.18,125.039,30.0405,3.26868,84.149,78.6403,21.6289,32.484,4.99106,43,0.283794,0.902116,422.597,86.2252,112.841,20.9395,2.28681,65.4819,52.2523,18.7233,26.6625,5.57787,46,0.26575,0.94267,376.956,89.8115,118.447,25.4654,2.0478,61.5907,54.3605,19.6276,29.8407,6.46002,43,0.298195,0.981925,424.798,68.16,77.6674,22.7774,1.32134,64.4363,49.6302,15.9762,21.3464,3.69125,38,0.349731,1.1578,417.195,99.6189,107.112,27.1761,2.08871,59.1708,58.1733,16.5345,26.1053,4.01032,35,0.261082,0.909653,355.851,97.797,117.792,33.7241,0.875887,58.2503,55.5905,17.9615,28.2309,3.09257,45,0.259788,0.910602,415.598,104.385,102.673,47.3476,1.23731,63.9467,61.0997,17.2282,26.0505,3.17022,51,0.323716,0.953207,427.049,108.627,99.4048,26.7089,1.18371,67.086,56.0835,18.6257,23.2848,3.4566,49,0.29897,0.932329,423.79,83.8121,101.329,32.3045,1.88834,64.6979,56.6032,16.7343,21.8515,4.16027,38,0.325923,1.04933,473.545,177.68,161.983,31.1325,2.23694,78.5369,71.0606,21.2582,24.9823,4.75109,42,0.314754,1.07858,332.61,109.651,100.359,28.2316,2.03288,58.2784,54.7089,16.8297,19.7949,3.37714,48,0.261902,0.938569,369.892,99.8877,100.812,23.3708,1.8956,61.7259,60.5104,16.3358,20.419,3.65789,55,0.21535,0.776434,431.84,110.147,111.892,30.2609,1.20862,64.0028,62.9433,18.5763,24.0027,3.81653,42,0.340957,1.02657,355.461,89.0247,94.3406,18.7429,2.59018,60.328,51.5402,16.806,22.9292,4.46614,45,0.235744,0.942959,505.679,115.881,133.445,47.5784,2.19076,73.5287,63.2597,21.1245,29.5801,4.8242,48,0.251617,1.00991,402.982,94.7183,105.557,27.674,2.98858,62.1626,58.0793,17.8483,27.1253,6.44752,37,0.302713,1.02741,555.153,145.118,129.105,20.5661,1.7219,82.0917,75.5816,22.0146,27.4939,6.40054,43,0.333292,0.983939,478.271,96.5753,118.191,25.2418,1.38426,70.4245,56.791,18.9926,23.7703,4.18013,47,0.349747,1.1689
decoupled_wbc_h066_p012,2565,complete,90,18,18.4308,3.45874,0.290617,0.374805,371.464,92.9248,90.0159,22.2711,2.98583,55.0969,56.619,15.8373,27.0608,3.68485,45,0.282291,0.946417,370.644,88.2755,86.7787,27.3545,2.75545,59.5027,53.0811,17.4105,29.5504,4.49209,39,0.262513,0.859875,289.019,49.9483,58.8269,34.7432,2.54621,51.8325,40.2756,14.8446,23.4968,4.24893,42,0.325387,0.895926,491.453,101.54,130.348,26.9081,2.17058,76.9973,60.3183,21.5139,31.1144,5.35849,47,0.366384,1.1408,541.748,111.263,128.298,28.5578,1.73774,78.2804,62.0495,20.357,26.9389,3.81834,45,0.358216,1.12554,386.626,121.861,129.887,32.0857,1.58142,68.48,65.4426,21.1862,28.9961,4.33986,35,0.260605,0.932685,479.44,120.248,97.1664,28.5399,1.8926,67.9393,65.705,17.9932,28.0399,3.69147,45,0.272105,0.954633,401.799,90.908,84.7194,29.2405,2.57328,56.7173,55.078,15.3219,24.6725,3.92993,36,0.366317,1.04574,571.213,125.935,132.348,79.0746,2.50017,78.8769,61.526,21.0125,37.944,4.62266,41,0.322942,0.943908,467.145,122.534,111.196,54.3005,18.2779,70.8831,60.4961,20.2226,32.9689,10.3247,36,0.296629,1.19372,413.739,105.506,117.652,30.3054,1.58028,65.5026,57.6108,19.6042,25.9843,4.32544,52,0.248847,0.930237,541.893,118.076,92.7374,69.7534,9.36717,70.1086,61.9089,19.3537,33.0052,11.408,47,0.316877,1.02519,355.156,91.4368,80.704,31.2711,2.03188,55.8489,48.8483,17.0535,27.9243,3.97634,43,0.286269,0.917401,473.421,119.613,127.821,76.6409,1.81052,77.4962,66.075,21.5113,36.5745,5.38941,38,0.314895,0.912362,348.308,89.3037,84.9597,28.0163,1.96968,56.9733,52.4047,18.2573,25.0134,5.0038,52,0.237528,0.821182,449.093,89.8885,105.765,101.155,5.70581,70.0945,56.4007,20.0654,32.325,8.72148,43,0.29198,1.02251,780.672,252.564,189.523,58.7285,1.57673,92.3555,86.0042,25.4109,39.3934,7.6112,37,0.397607,1.0801,650.507,130.15,117.963,36.4991,3.42829,82.1881,65.6864,21.7632,32.5111,9.10709,31,0.368194,1.44117
decoupled_wbc_h066_p012,2566,complete,90,18,14.4782,2.50583,0.212463,0.0665349,471.723,88.6339,89.673,16.7099,2.49868,74.7771,59.5101,18.091,27.1713,4.55338,41,0.362013,1.02759,333.837,90.0447,88.6643,20.1033,1.50201,57.8791,51.1124,16.236,26.879,4.49734,43,0.238092,0.944669,463.6,114.7,90.055,51.2681,1.52368,67.4793,66.8914,15.9591,28.4233,4.26048,47,0.351925,0.925157,362.267,81.398,87.403,28.6694,1.67989,56.773,46.204,15.7462,23.0938,3.52672,48,0.274199,0.867407,457.796,107.195,120.129,135.933,6.52278,72.7348,63.8166,19.8593,33.4399,7.34444,51,0.282183,0.778285,499.868,122.049,87.2059,41.1718,1.93661,74.4152,69.4565,18.3586,29.3592,5.55844,36,0.366835,0.893445,451.812,128.627,103.883,51.5142,1.57273,69.6607,57.6096,18.4302,27.4589,5.20931,40,0.274147,0.952911,547.257,101.25,106.124,158.663,15.0227,76.6054,63.1495,18.8929,36.8262,10.9118,45,0.353869,0.963831,382.581,107.452,107.178,49.0944,1.64721,65.9465,56.8637,18.3958,28.1389,5.64399,49,0.283712,0.957929,291.981,91.3153,134.163,109.318,13.4023,49.2389,48.9075,16.0037,24.5013,9.88447,40,0.18469,0.734203,491.543,119.717,125.502,105.103,23.5634,65.5106,63.8792,20.7074,38.9661,14.3446,44,0.255245,0.844003,357.429,92.3423,87.2526,33.8375,2.12821,53.1685,42.7959,15.5166,19.9808,4.0852,37,0.256454,0.99165,424.477,104.122,85.3074,26.0338,2.13739,63.2799,61.9724,16.626,22.6144,3.92998,48,0.251068,0.871952,343.564,80.2969,105.734,30.1371,2.11511,51.6358,44.7564,17.6167,22.8353,4.22558,40,0.260213,0.928973,466.603,96.8601,127.54,32.6132,1.42306,64.2189,50.6606,20.1055,23.5109,4.2437,43,0.279233,0.990559,613.646,146.758,210.895,175.782,8.94494,88.074,71.4803,28.2538,42.5612,12.0935,47,0.333607,1.09162,869.593,132.986,148.961,24.754,1.36773,92.3729,70.8512,25.1486,26.0568,4.92278,46,0.315678,1.11573,588.729,137.837,118.409,22.9413,1.50461,72.2054,67.0974,19.946,23.3002,4.06388,44,0.235542,0.982759
decoupled_wbc_h066_p012,2567,complete,90,18,18.5333,3.44052,0.164891,0.0837573,529.942,110.558,115.169,41.7886,2.35523,81.6147,63.6509,21.7798,31.8753,5.12199,48,0.362062,1.02841,345.881,105.563,112.291,33.311,1.9631,62.2031,60.751,18.7727,26.8847,4.21764,48,0.248919,0.911161,432.76,138.462,94.9842,75.5534,4.21419,68.3279,62.7448,19.1234,35.982,7.04731,46,0.295797,0.924962,412.147,70.9201,75.2557,32.9405,1.74355,58.4583,45.9691,14.6568,26.5135,2.71719,43,0.290303,0.970525,373.68,88.2451,82.5786,34.1467,2.08188,57.4581,50.7917,15.5919,28.8921,3.55379,42,0.236473,0.927773,350.837,96.5206,85.8674,30.1198,1.76478,54.3008,54.9035,14.3107,25.9323,4.04265,39,0.268536,0.967434,229.397,52.0542,39.7206,19.181,1.68159,35.8934,35.8416,9.98445,21.992,3.04612,48,0.198451,0.636994,398.281,94.1376,75.0496,23.2188,1.27308,59.4006,53.499,13.9395,31.2508,3.91768,35,0.29629,0.847066,212.889,54.6746,61.4578,23.0379,1.61461,35.2508,35.8141,11.2699,26.807,3.04342,43,0.165948,0.667859,360.585,75.1418,53.9304,22.0066,1.98701,50.4849,45.8518,11.6902,22.5107,3.537,37,0.265535,0.923325,371.732,94.4792,79.7909,35.9568,2.26696,59.4331,54.0619,15.3563,26.2818,4.50465,44,0.265763,0.822041,1296.43,476.029,264.794,78.0646,2.81842,113.84,103.76,32.9343,52.1023,9.73105,30,0.344034,1.27698,352.496,81.158,122.13,34.0624,1.61252,53.0704,42.7828,15.4243,23.2252,4.77293,42,0.278303,0.927988,684.963,119.691,118.935,49.0031,1.49924,75.5791,56.5426,19.0423,33.3839,4.80018,34,0.374468,1.25398,466.971,108.116,123.489,40.9767,2.60928,64.2812,56.8481,16.8912,32.146,4.8618,39,0.352619,1.21177,504.182,108.285,187.557,131.138,7.10401,76.5937,55.5961,21.2722,46.6847,8.88798,40,0.374686,1.28703,1019.26,128.342,140.264,42.1703,2.6618,103.194,66.4234,24.7446,41.3972,5.00727,52,0.286986,0.991869,465.035,91.2079,113.144,27.0063,2.67624,71.8995,55.1004,18.8608,30.1343,4.83151,43,0.273557,1.08342
decoupled_wbc_h066_p012,2568,fell,51,11,24.0124,15.6599,1.11101,2.00669,405.408,107.768,106.173,35.9135,2.02918,63.1852,59.8798,18.1786,32.9462,4.12444,34,0.311812,1.1495,422.496,94.3192,98.1121,43.1899,1.9592,65.609,53.8439,18.2507,34.5335,3.17974,42,0.322364,1.07152,323.305,120.883,117.204,45.6369,1.65184,57.5701,56.3044,17.8809,30.0818,3.52854,34,0.240354,0.928277,431.864,145.72,134.202,45.6793,1.73376,70.6031,66.5477,19.0006,27.8013,4.31156,52,0.207476,0.832607,386.152,105.835,100.626,51.9925,2.44392,64.2264,56.3739,18.4539,23.5636,5.38938,48,0.25035,0.900567,342.457,78.9518,83.8071,35.9102,1.93045,57.08,49.1666,15.0463,20.2562,3.24643,41,0.313394,0.922784,511.447,132.015,95.1818,43.5022,2.00814,70.0861,62.8103,16.443,23.8212,3.91149,44,0.342612,0.874364,490.938,97.9166,125.215,29.1464,2.24344,68.7551,61.5544,19.8859,28.7096,4.59318,51,0.298855,0.982596,495.922,110.041,127.853,49.3448,3.19281,72.8011,62.5113,22.3004,34.1672,4.75442,40,0.34152,1.25065,803.876,117.51,145.661,32.1488,1.66904,89.7185,66.9189,25.3237,33.5091,5.67034,40,0.324461,1.21675,2286.63,179.395,411.533,110.137,8.35353,96.6579,35.1199,26.2426,39.2772,13.256,1,0.421829,1.10226,,,,,,,,,,,,,,,,,,,,,,,,,,,,,,,,,,,,,,,,,,,,,,,,,,,,,,,,,,,,,,,,,,,,,,,,,,,,,,,,,,,,,,,,,,,
decoupled_wbc_h066_p012,2569,complete,90,18,20.9069,3.24859,0.167392,0.243244,476.841,113.941,140.334,38.1307,2.52801,73.8753,66.7966,21.6397,33.7804,5.53995,49,0.288095,0.999666,463.433,91.3967,139.267,26.9191,2.20173,72.9561,61.4382,21.8528,31.726,4.90096,43,0.292128,1.10225,411.292,76.7863,78.9848,25.2767,1.83906,66.369,49.953,18.0758,30.5408,4.30045,49,0.298115,1.01744,387.51,78.5686,90.4631,26.6429,2.74293,57.1361,53.1482,16.3662,23.5307,3.96609,37,0.317395,0.942197,633.294,115.871,143.865,30.7543,1.6052,87.397,71.9387,23.4118,38.6972,5.4785,40,0.313646,1.04967,473.436,118.239,132.466,33.7807,2.06331,72.4928,59.0192,21.6656,32.9225,5.40581,31,0.40274,1.44508,359.531,80.2881,108.751,22.7444,2.0318,62.4251,54.6709,19.8324,25.2569,4.64031,43,0.325093,1.06887,665.073,138.34,121.497,30.7266,1.77405,80.0531,64.6967,23.0783,29.9543,5.38896,38,0.341494,1.40466,415.008,107.309,119.756,88.0361,2.35197,64.3497,59.424,19.8396,29.1456,4.77251,41,0.332717,1.07071,610.298,123.296,132.357,190.994,9.06603,77.5436,66.5446,23.6031,41.7114,10.2605,40,0.382,1.26002,725.399,103.689,111.287,32.3167,3.11628,73.8407,55.9535,20.8002,24.1609,6.67877,45,0.27284,1.09319,611.884,124.271,176.086,41.4386,1.92283,81.1834,66.6381,24.8778,28.9509,7.04952,44,0.312326,1.09614,797.57,374.045,170.618,90.7742,2.94584,93.8696,98.3505,27.2949,40.0333,7.40069,36,0.381025,1.07798,469.281,127.364,115.017,30.2771,2.27828,71.1603,62.0014,20.6137,25.7815,4.65084,54,0.256567,0.867862,334.2,91.0872,90.8925,50.2582,1.88134,54.1906,52.1449,14.8918,22.2099,3.43152,38,0.237528,0.877412,411.949,98.8661,107.457,39.7072,1.80588,62.1186,50.7253,17.5022,22.7095,4.4668,41,0.266429,0.911421,504.965,146.016,140.867,18.5884,2.60453,70.163,71.2624,20.1945,29.6897,6.46762,43,0.27284,0.892762,668.186,152.336,143.661,112.02,6.58025,89.2424,75.4146,23.4377,35.5876,11.5197,36,0.407016,1.31598
decoupled_wbc_h066_p012,2570,complete,90,18,17.1405,2.71402,0.185674,0.141001,392.099,101.644,82.7485,20.7447,2.21572,65.2861,58.9103,17.8682,28.8359,4.68354,41,0.370369,1.14757,326.366,75.5669,96.8928,41.0868,2.34088,57.4327,52.4788,15.6082,29.8421,5.08961,40,0.314228,1.04282,304.438,66.304,103.064,31.2815,2.1114,51.0772,43.9733,16.108,30.5686,4.50681,39,0.230401,1.1048,307.534,75.5672,101.11,45.0435,3.06748,52.733,47.2816,15.8974,30.6292,5.37645,46,0.222253,0.919135,375.562,89.548,83.3629,29.7579,1.72174,64.1603,55.0538,16.3769,29.5098,5.06369,51,0.26737,0.884057,419.485,108,104.055,27.1921,2.86345,67.8173,54.7824,18.9186,33.2572,6.9086,47,0.297624,1.14284,384.425,92.9138,77.1304,32.925,1.67591,55.5776,55.4838,13.6689,26.5533,5.02497,29,0.327235,1.13362,334.713,89.6298,86.3738,37.8032,2.44639,53.2497,53.2015,14.6706,29.934,4.05159,48,0.205594,0.846042,452.347,121.377,92.477,36.0554,1.25889,71.5153,68.111,18.135,34.6125,4.19717,52,0.271261,0.793343,340.552,94.2767,98.2306,30.2486,2.79455,58.3612,55.3201,16.0259,30.1572,4.39255,39,0.309448,0.952125,542.379,115.854,134.673,34.6369,1.88782,77.4982,58.0435,20.1095,33.7161,4.67457,42,0.343417,1.22789,773.135,131.092,132.037,38.4041,1.81553,91.9661,66.5867,23.6725,32.4214,5.63545,38,0.346963,1.12797,384.539,97.3859,106.71,35.8425,2.56972,57.0098,50.1397,16.5489,20.4536,3.77775,42,0.270998,0.914501,408.279,111.819,123.928,26.8575,1.36018,62.7097,62.3846,16.3997,25.1127,5.49252,53,0.236171,0.762105,524.664,140.944,133.57,31.2912,1.7056,70.4141,63.2599,18.0927,26.9605,5.15032,36,0.387487,0.992297,805.392,168.001,173.506,170.989,10.4666,89.829,79.5169,25.2233,48.9733,11.3462,36,0.287601,1.56946,408.644,131.627,141.264,80.1149,2.46058,70.5636,59.4376,19.3221,41.0924,5.48595,33,0.410301,1.24182,414.684,82.4878,102.426,30.0446,1.59084,61.466,50.7339,16.3936,29.8461,4.20803,44,0.287946,1.0218
decoupled_wbc_h066_p012,2571,complete,90,18,17.8924,2.94753,0.173689,0.232988,406.877,95.052,108.567,43.0461,2.16926,59.2892,58.6383,17.4834,29.7958,4.9055,36,0.295049,1.04393,324.2,69.2958,95.1734,35.9965,2.24202,56.1958,48.726,15.7272,30.1674,3.60436,38,0.286358,0.987296,427.166,102.978,87.2981,59.6898,2.18115,66.8158,55.5787,16.8687,33.0645,4.24661,34,0.339639,1.18888,263.431,66.6281,69.7942,32.3626,1.6231,45.3264,44.323,12.6165,23.6917,3.19182,50,0.254489,0.679516,323.48,82.7194,113.74,37.277,1.34554,53.8049,47.076,16.5104,26.7604,3.23027,43,0.203757,0.892528,394.557,98.0286,113.291,21.3834,1.56014,65.3358,58.0875,18.0817,29.2669,3.67948,37,0.340489,1.09292,339.88,77.1466,103.497,18.8512,2.12572,54.5458,48.5125,16.8609,24.5512,3.1825,45,0.270742,0.904431,612.158,130.126,152.55,32.5056,1.81385,84.5847,69.5373,21.128,28.0497,6.0019,40,0.355023,1.39094,513.061,138.768,120.839,45.6498,2.02699,63.676,65.4401,18.7851,24.5115,6.8294,26,0.182236,0.93474,390.274,97.6583,108.164,29.4657,2.15337,62.1199,56.1044,18.5029,22.6399,6.81664,39,0.298932,1.02229,441.121,89.1811,99.9564,25.9124,2.66193,63.0846,53.7508,17.1256,21.5842,5.77554,37,0.371959,1.03396,384.425,100.269,119.013,29.8101,1.97796,59.7699,59.8211,17.4358,22.6332,6.33844,43,0.246601,0.864597,551.408,118.347,177.134,306.849,22.8384,75.0532,56.8089,24.0365,50.5486,18.9101,39,0.28618,1.13769,964.565,296.007,251.779,152.716,12.7882,102.818,98.0671,31.3508,53.4302,14.7051,60,0.16301,0.743552,635.161,159.727,116.888,39.1935,2.02785,79.8914,70.2809,20.633,25.8997,4.93688,32,0.450087,1.18598,448.815,122.034,120.93,38.4951,1.38715,68.7602,62.9928,18.6606,24.1495,5.55584,41,0.286697,1.00988,373.622,89.0023,93.4061,32.5637,1.69688,59.6125,52.1099,17.3023,23.6052,4.54743,44,0.261027,0.80336,1047.48,131.368,147.201,51.05,1.73368,95.556,66.6778,26.7402,33.7322,5.09826,45,0.288609,1.00774
decoupled_wbc_h066_p012,2572,complete,90,18,16.334,4.01773,0.153431,0.103703,374.15,103.306,98.5373,27.4503,2.17432,63.7028,63.3172,17.8339,26.4662,4.35362,51,0.253525,0.797306,337.65,101.256,115.148,39.4667,1.88372,58.1702,50.7977,18.3455,23.8117,4.00263,39,0.28868,0.992918,271.293,120.053,101.675,35.2959,1.28994,49.5801,58.788,16.6003,23.0891,3.82894,37,0.152054,0.830739,422.673,99.7775,121.82,23.3514,1.99737,62.465,56.0982,18.6957,22.6673,3.46059,34,0.285652,1.02446,509.18,89.1897,78.5985,52.148,2.14664,68.8807,61.3442,16.2252,20.629,3.80892,44,0.380257,0.980525,347.811,87.1205,125.624,29.9203,2.0034,60.4813,55.228,18.0883,28.2648,4.13063,48,0.258399,0.940458,315.103,105.772,98.7048,36.0529,1.6888,58.2204,54.9741,16.2998,29.2338,3.77946,46,0.209434,0.795047,346,104.422,111.633,26.7988,2.69044,59.8451,59.5971,17.898,28.3553,4.78437,48,0.277481,0.956247,1117.79,336.265,210.829,32.1634,3.17665,121.377,92.7711,35.2987,49.5713,10.7241,34,0.43625,1.24675,681.543,145.625,134.566,31.4421,2.24373,91.0854,74.3784,22.0052,38.54,6.91764,40,0.389638,1.16492,586.146,146.269,171.105,157.132,13.7276,85.9039,66.1601,23.048,48.2169,14.4031,36,0.326837,1.12564,397.05,94.1307,101.44,31.928,1.78359,67.6821,53.7255,18.9687,28.623,4.63627,42,0.300734,1.04634,460.676,144.929,114.959,43.2017,1.39935,77.8843,71.7707,20.4813,34.4742,4.48555,58,0.25462,0.824526,365.132,100.804,111.698,65.775,1.53117,57.2886,52.0558,17.8591,31.2067,3.93332,35,0.261911,0.890006,449.654,115.721,97.5785,34.5689,1.85252,65.2276,67.7214,17.1853,25.0906,4.24589,44,0.306667,0.84842,409.077,172.748,127.029,49.7885,1.77814,66.0386,71.2297,17.5207,28.1016,4.99714,28,0.357301,0.927901,483.68,144.985,105.336,43.4895,1.82761,73.402,65.7538,18.3517,26.6742,4.88291,46,0.311943,0.906,427.694,115.468,96.6543,35.2468,2.22483,71.21,59.885,18.5624,23.4201,5.78263,40,0.283771,0.848852
decoupled_wbc_h066_p012,2573,fell,40.72,9,39.9409,6.78317,1.3937,3.28876,473.136,93.1052,104.291,43.5856,2.05139,71.7741,58.896,19.5709,30.9805,4.8162,37,0.329216,1.23304,462.76,103.033,108.515,26.7375,2.12826,69.0864,58.7458,18.2262,32.1837,5.60399,33,0.356356,1.04565,395,86.5847,118.964,33.8664,2.42255,64.9877,53.4771,19.7172,27.0547,6.21174,43,0.310604,1.10799,364.8,95.184,97.147,31.2594,1.56803,59.5402,56.1828,16.0906,22.1308,3.85163,35,0.351038,1.06806,543.697,128.684,101.972,103.746,2.26991,72.0869,66.7611,18.9837,27.2017,4.54769,39,0.349244,1.29467,482.062,100.479,104.305,17.5158,1.46244,76.5645,63.46,19.6546,24.7252,4.09315,45,0.417533,1.06192,399.518,91.7008,121.952,22.0435,2.62089,67.6898,55.9175,19.4758,28.1695,4.42059,52,0.253452,0.903196,478.234,114.139,93.5691,28.3458,1.43711,68.2046,65.0276,16.5427,23.416,4.56703,49,0.324543,0.904641,1454.82,386.55,240.252,41.255,0.773412,73.7435,40.6519,20.5885,18.9071,3.2597,2,0.271069,1.9775,,,,,,,,,,,,,,,,,,,,,,,,,,,,,,,,,,,,,,,,,,,,,,,,,,,,,,,,,,,,,,,,,,,,,,,,,,,,,,,,,,,,,,,,,,,,,,,,,,,,,,,,,,,,,,,,,,,,,
decoupled_wbc_h066_p012,2574,fell,76.24,16,14.8753,14.6122,1.00469,0.538329,393.674,93.9283,118.527,25.1006,2.35952,61.9511,54.1188,18.6597,29.5173,4.23174,40,0.289888,1.08744,457.395,91.7735,89.6909,18.2399,1.5185,69.0919,56.7511,17.4785,28.8002,4.77362,39,0.347017,1.00409,462.511,127.069,127.642,33.1989,2.89949,73.9759,68.1858,19.9049,31.2038,4.80789,41,0.272191,0.859529,554.985,127.843,140.862,109.988,2.17733,80.5059,67.7932,21.6117,28.7265,5.02246,40,0.322241,1.08014,382.485,92.812,90.8429,34.7843,1.25506,54.4971,49.4272,15.0376,19.6324,3.35599,34,0.255726,0.906153,378.439,86.5952,105.041,50.0734,2.09238,54.4611,47.7595,17.1761,25.0694,3.97509,47,0.199558,0.838634,361.862,100.351,77.9136,30.7632,1.53301,55.4355,56.2569,15.5942,22.1483,4.33201,45,0.204198,0.85262,363.54,91.4109,91.5697,32.7027,2.97706,59.5299,52.1838,18.2761,23.5091,4.26234,49,0.290958,0.813361,495.221,203.144,124.837,67.244,2.24445,63.0813,74.0497,18.7679,27.3899,4.5072,27,0.319218,0.985845,510.65,110.183,121.247,127.169,3.02727,75.4614,61.1716,21.1431,31.0735,5.42829,45,0.288622,1.11873,469.975,110.649,102.661,35.7256,2.62242,70.4862,58.1447,18.5853,24.9578,3.71804,55,0.324911,0.871692,566.794,155.996,145.438,137.848,4.52089,76.5036,71.5856,22.7636,37.4606,7.49225,51,0.234941,0.926122,455.406,131.753,133.999,20.3885,1.5635,72.4941,67.6351,20.3961,32.7765,4.94102,47,0.260797,0.924483,594.362,121.496,122.465,28.8281,1.70863,69.2343,58.0294,20.9428,32.6406,4.49572,43,0.261432,1.06318,483.326,88.8647,99.0321,41.0101,1.35218,61.3008,49.8157,16.3049,33.0123,3.82141,42,0.231005,1.14778,4243.15,663.531,672.691,204.429,4.38591,215.882,103.58,55.1877,80.6291,12.1382,1,0,0.626451,,,,,,,,,,,,,,,,,,,,,,,,,,
decoupled_wbc_h066_p012,2575,complete,90,18,15.4418,3.2252,0.210467,0.281961,390.231,59.3043,94.3078,46.913,1.93272,60.7904,40.6328,18.0177,25.5332,3.68725,39,0.376918,1.10016,349.269,94.7859,135.251,35.5179,3.7677,60.5195,53.0429,18.8046,22.6357,6.60086,38,0.254407,0.930043,514.278,108.422,97.2416,32.1339,1.42282,77.669,62.2663,19.3215,28.0999,5.62122,45,0.325993,0.98591,425.409,112.54,111.948,20.3939,1.63755,66.5176,60.155,17.9481,23.2691,6.01303,53,0.254014,0.82813,554.626,130.414,123.874,23.8687,1.29284,85.2645,69.7956,23.5263,24.269,7.69245,56,0.334178,1.03082,500.434,116.023,98.8104,32.3615,1.9288,77.9277,70.1297,20.2482,24.7305,4.56547,47,0.341187,1.05631,496.838,127.38,123.305,94.7274,2.63841,70.2556,64.6914,17.2103,27.6326,6.10073,42,0.332411,1.03145,441.965,115.127,141.303,40.1666,2.02493,72.8283,60.04,21.4505,30.9515,6.49818,37,0.248659,1.07391,359.593,99.0017,92.9018,31.3155,2.49228,58.7172,57.0331,15.4068,20.8116,5.03652,40,0.255812,0.977383,397.499,107.383,110.715,33.8025,1.81937,66.5244,58.3394,18.1001,26.6598,5.72544,46,0.268835,0.898041,393.063,99.3783,88.934,39.8391,1.23096,62.1074,56.9814,17.2615,23.4812,5.03055,50,0.259897,0.833173,674.333,133.197,123.589,153.227,9.59746,90.0139,68.2843,22.6077,44.7112,10.2436,41,0.407689,1.06522,411.735,126.098,110.877,23.7393,2.11465,67.8941,55.729,19.6977,24.3053,5.0843,41,0.314656,1.09621,542.188,95.1357,111.847,18.6006,1.22294,71.2851,57.2657,19.8095,21.6945,5.72379,41,0.300197,1.09891,1015,140.029,177.127,26.3432,1.18589,108.569,68.7922,28.5023,30.9718,5.84981,31,0.385055,1.59341,448.638,85.6791,93.6357,20.5932,1.69561,70.6636,56.3298,18.6795,21.4037,4.63494,50,0.32603,1.02244,522.767,156.53,137.503,30.3765,1.72121,79.0743,67.9472,22.1312,28.0671,5.69429,49,0.345767,0.914108,379.59,93.2015,89.2288,26.3476,2.03915,62.6388,57.3355,16.6243,18.446,4.97945,41,0.290577,1.01581
decoupled_wbc_h066_p012,2576,complete,90,18,24.0927,2.76107,0.157736,0.0394589,416.084,75.3901,87.6484,44.4738,3.11024,69.2275,52.6911,19.1283,29.7368,4.47269,51,0.271441,0.92068,484.513,94.0035,123.307,60.6834,2.77409,73.7399,58.7388,21.3363,39.048,6.12391,42,0.316447,1.01346,480.165,87.6811,87.5798,30.991,1.44303,75.152,62.8748,19.8554,27.4368,4.1191,50,0.322361,0.878643,485.624,87.3589,114.529,27.4409,1.77907,69.3485,48.5124,20.6349,27.9074,4.19576,38,0.39015,1.19654,357.659,89.0461,95.1035,24.4022,2.17649,60.5851,54.2218,17.4041,24.6641,4.163,49,0.301422,0.981403,536.173,124.051,104.654,53.5641,2.08364,80.539,68.9518,21.9387,31.2844,4.47199,56,0.346661,0.8809,576.441,100.124,113.819,27.1161,1.48793,82.4978,63.3212,23.041,29.1165,4.12745,47,0.38377,1.05498,384.713,77.2648,88.5029,63.2008,1.62529,60.1123,51.5256,18.5008,27.0929,3.89426,41,0.314529,0.987189,450.968,93.106,127.965,191.496,4.22926,71.6188,55.8443,22.9608,43.8676,7.65691,43,0.287304,0.932421,691.971,126.607,125.49,32.3817,1.54488,92.9274,71.1892,26.3301,35.0708,4.18973,46,0.368491,1.14265,498.875,104.843,114.074,28.8733,1.9505,73.3151,63.3422,19.5115,30.3049,3.64114,54,0.294239,0.842393,961.991,183.555,144.74,76.6844,3.11393,114.426,84.2926,30.27,45.0348,6.20787,40,0.296002,1.33716,508.386,84.3925,99.7535,173.75,36.7438,69.6252,51.0436,18.1077,41.541,18.6882,42,0.3374,0.950618,613.288,119.955,108.181,144.908,18.0431,78.1977,67.2243,19.4072,47.9548,12.7195,39,0.329397,1.1632,510.696,128.906,153.621,218.629,5.85941,74.3501,57.4049,24.1786,54.1302,9.25641,38,0.339514,1.08696,410.627,102.988,107.641,41.9697,1.60609,61.8965,52.8103,18.1996,22.7918,4.01011,46,0.270791,0.916348,436.615,90.0653,93.6614,27.5431,2.5838,63.6842,58.1988,15.4628,18.8287,4.04012,34,0.393694,1.23384,446.537,67.9146,94.9872,29.3875,1.87858,60.2051,43.1334,17.8722,24.0341,5.23892,40,0.289351,1.17093
decoupled_wbc_h066_p012,2577,fell,86.06,18,23.3474,3.56226,1.0515,0.439996,382.164,102.69,91.7179,23.133,2.15999,59.3301,60.0507,16.8207,26.7614,3.43734,32,0.323575,1.08921,365.739,95.4619,98.693,33.4157,1.51721,59.2007,46.8159,16.7793,25.5204,2.9021,41,0.280721,1.01474,421.808,92.8989,95.2048,15.3076,1.0434,63.2669,58.8941,17.2396,20.6312,3.24957,39,0.298891,0.970013,521.326,131.628,127.43,124.657,4.45532,81.7164,70.7727,21.3788,32.4424,8.04886,47,0.340119,0.939955,347.988,82.489,68.4227,49.8459,2.08709,50.8898,54.8377,12.3955,17.5759,4.87029,39,0.361682,1.07304,455.749,141.268,131.376,41.2829,2.01968,67.9834,67.599,19.387,26.6728,5.04895,40,0.277545,1.06762,484.306,112.341,102.463,34.2471,2.37426,66.6073,65.876,17.5792,25.9894,5.55241,41,0.3493,1.01773,451.81,96.9158,109.368,97.7264,3.65364,66.2724,57.495,18.9972,35.7814,7.12222,42,0.289625,1.09509,439.405,103.238,108.761,28.2909,2.13355,67.3142,54.738,19.1557,29.7003,5.26498,38,0.361167,1.15509,524.443,199.998,161.166,33.5396,1.68459,79.0552,77.3717,22.7429,38.3908,6.82966,43,0.315855,1.01403,620.902,155.761,154.48,37.2878,3.00678,85.2299,78.7694,23.3688,41.8707,5.06509,41,0.359856,1.16054,714.934,146.157,131.143,38.8815,2.66786,86.2054,68.1389,23.4317,38.1508,4.11359,44,0.351444,1.02683,803.543,123.259,173.468,44.9553,1.33757,90.3677,63.2636,25.6605,41.2675,3.93264,44,0.353602,1.13085,608.511,128.101,144.13,36.478,1.58687,75.1527,66.0435,21.4306,40.4966,4.44751,51,0.273279,0.818935,361.69,69.9833,107.149,37.416,1.4893,58.272,47.3456,17.5691,33.0363,4.11854,39,0.288899,1.15238,436.206,108.284,139.578,23.6462,1.21189,73.4527,57.0251,22.0226,32.1872,3.48497,42,0.281867,1.07449,603.467,120.946,129.305,29.076,1.967,87.0199,66.5849,26.471,36.1381,4.61416,48,0.316585,1.14002,1920.25,515.914,465.63,65.6637,1.27535,134.985,73.3363,47.7448,59.5561,6.6774,3,0.159892,2.44481
decoupled_wbc_h066_p012,2578,complete,90,18,16.2223,3.12971,0.274316,0.161516,358.777,83.4989,98.9874,35.5554,3.44011,64.2715,53.3909,17.967,28.57,4.16581,44,0.293459,0.943998,437.555,75.0232,123.413,65.0948,2.50886,68.7565,50.0586,19.124,30.8808,4.4955,40,0.344117,1.13057,398.743,89.7062,133.312,22.1522,2.32155,64.3575,55.6439,20.5392,32.2812,4.66313,36,0.314152,1.17468,480.546,108.686,125.014,25.0636,2.0236,72.384,65.3154,21.879,33.1069,5.48145,49,0.328093,0.941491,411.165,93.5662,107.433,25.2073,2.46043,65.1562,53.4805,18.9029,29.2698,4.93663,43,0.328964,1.08801,476.944,102.239,72.1643,30.5498,1.86677,66.3323,61.0519,16.1267,24.3521,3.96052,44,0.416336,1.20379,521.335,111.399,130.66,22.8835,1.26755,75.3305,60.523,20.5994,27.0233,5.22135,42,0.416063,1.21546,382.951,107.256,127.074,33.1411,1.48947,63.7022,58.8827,18.3209,26.7076,3.69696,43,0.277883,0.91685,414.896,100.271,92.3182,26.577,2.06329,62.7381,58.5642,16.5454,19.9668,3.79733,39,0.331046,1.05932,397.555,98.8658,116.164,35.5041,1.87941,65.6756,54.7509,18.0399,22.2437,4.8392,46,0.309708,0.932988,379.614,92.1257,121.834,117.964,4.4522,57.2238,51.8367,18.1769,25.6763,7.05568,39,0.27045,0.780429,315.58,117.058,93.715,41.7164,2.15563,56.7891,51.1714,16.5913,22.5125,3.33512,50,0.212834,0.820952,334.562,100.16,91.8346,35.5909,1.94205,52.5727,47.0763,15.7907,21.0188,3.27257,35,0.29213,0.955229,933.451,298.972,217.997,46.7181,1.71587,105.475,93.4136,31.3265,34.9547,5.69838,38,0.356612,1.0451,415.252,124.234,114.811,41.2149,2.02593,63.0717,59.5486,18.5854,24.7062,3.78288,43,0.202769,0.856345,409.359,112.333,105.496,34.2132,1.34478,65.0036,55.4261,18.1192,22.1083,3.57304,44,0.266391,0.945613,499.938,105.053,110.427,33.2338,1.17216,74.2176,54.637,18.5539,22.1946,4.43516,41,0.329892,1.08062,705.696,215.221,161.084,49.1596,1.84559,92.5209,81.0293,23.7308,29.728,5.49427,41,0.336441,1.03978
decoupled_wbc_h066_p012,2579,complete,90,18,16.2086,3.19471,0.170356,0.132799,433.374,102.879,118.362,25.3738,3.07544,69.7705,62.241,20.8831,30.9894,4.57803,52,0.254894,0.940751,383.59,96.6132,99.1708,24.4911,1.61707,60.5059,53.4034,15.6668,23.7065,4.35105,45,0.321935,0.851251,426.362,106.454,109.185,28.5117,1.47551,62.7574,58.2175,18.5072,29.4235,4.97371,41,0.278009,1.04547,432.353,106.374,118.132,33.9251,2.22016,69.0182,55.9843,19.9948,32.5425,4.78916,49,0.298637,0.98774,392.887,104.786,109.539,42.0138,1.77832,61.812,58.2548,16.8185,29.0184,5.53235,31,0.319879,0.946018,503.839,116.795,128.891,88.6412,2.30669,65.5198,60.9678,19.0545,31.9136,6.90648,33,0.268805,1.18579,403.266,116.195,129.346,105.828,3.43888,60.7483,56.0558,18.7069,32.8037,6.73943,43,0.269162,0.907588,444.831,86.8181,119.654,25.9341,2.15338,71.8865,55.6519,20.109,30.7773,5.98788,41,0.369852,1.2505,473.565,113.805,126.58,120.244,6.54536,71.6009,61.1031,19.1363,35.3319,9.44478,45,0.296036,0.843525,538.822,79.8479,112.773,36.9016,1.62521,60.5173,48.275,17.9631,30.73,5.77147,32,0.306551,1.17271,645.558,169.515,142.769,44.2283,1.47693,78.1347,66.4528,21.2203,37.5917,6.89589,31,0.332103,1.27875,505.568,109.483,103.546,56.3682,1.33632,66.0571,62.2737,17.888,34.2615,5.41433,44,0.26856,0.962996,471.851,116.337,109.285,44.6647,1.37918,70.8452,60.4666,18.131,34.62,4.39531,33,0.373927,1.08658,412.654,85.4369,145.307,87.9218,2.396,64.6414,52.6081,18.1902,34.3377,5.26451,44,0.300506,1.06945,381.026,120.094,109.686,44.0143,1.65504,56.0729,60.2399,16.5544,26.5276,5.1493,40,0.261013,0.739241,450.795,130.212,100.832,48.5432,1.42081,69.5648,68.3995,17.3566,30.4717,5.52151,47,0.262933,0.947065,1136.43,191.539,179.698,50.4072,1.65341,108.63,74.5743,27.7373,38.7634,6.75244,43,0.290503,0.979516,499.661,201.387,132.147,43.0228,1.35788,74.1879,69.8306,21.4217,27.6077,5.37788,35,0.299877,0.988077
decoupled_wbc_h066_p012,2580,complete,90,18,25.7722,2.90236,0.219976,0.224124,393.401,66.9335,100.041,21.1763,1.76282,61.4885,47.1617,17.62,27.4783,3.95765,42,0.302267,1.06491,357.782,89.5253,85.2454,29.3116,1.99969,53.8015,52.2802,13.8799,26.7668,4.57002,42,0.297817,0.951389,424.552,120.195,110.987,53.4523,2.26164,62.4373,59.6661,16.8382,33.3569,4.46612,40,0.240969,0.996231,577.653,125.143,131.668,88.5884,1.65895,82.3252,66.0495,21.4281,42.8414,4.12769,40,0.348709,0.936366,292.981,77.9422,83.8075,68.679,1.81855,52.9915,46.5244,14.7444,24.0512,4.32939,41,0.226002,0.877675,518.381,158.835,115.756,34.2163,1.70706,76.7098,65.8511,20.5831,27.8261,4.93578,38,0.307657,1.03337,534.02,109.883,112.382,35.0221,1.91018,75.2797,64.91,19.6609,32.0583,4.94812,42,0.336097,1.03637,384.023,110.454,93.6165,28.7443,1.93641,62.1022,56.5873,17.5397,32.4832,4.5836,43,0.294106,0.998186,597.672,117.02,151.343,47.5891,2.82312,72.3745,61.7205,21.7018,38.6675,5.42762,52,0.255175,1.02146,329.175,83.0076,105.075,31.6967,1.36279,54.1014,49.8932,16.1822,28.7407,3.76898,39,0.250704,0.804935,502.857,120.64,126.314,58.367,1.67879,72.8154,64.7456,19.4421,35.3808,4.86961,42,0.297422,1.05551,1745.98,595.086,425.788,210.659,10.969,151.057,131.068,51.1397,88.5658,17.8564,30,0.360703,1.20658,458.876,89.0934,105.54,123.28,8.91323,69.1369,51.5055,18.6774,39.6943,10.6428,44,0.293869,0.902558,593.25,228.055,156.595,49.6191,1.63467,83.5317,70.3294,24.2116,46.5605,5.03302,37,0.377547,1.10504,1535.11,202.864,186.257,71.9103,1.93586,107.671,80.2543,28.7519,43.8236,4.83887,36,0.385067,1.36664,373.777,82.2515,73.7888,33.4138,2.3363,57.0393,52.2506,14.4387,30.3687,4.10079,47,0.286535,0.840963,945.129,301.397,140.875,54.6428,1.89797,99.1466,94.1221,22.9853,48.0408,5.32591,28,0.516749,1.32267,394.368,101.432,92.1062,42.4615,0.989784,55.1451,54.5374,15.8188,33.1522,3.04951,47,0.255326,0.874384
decoupled_wbc_h066_p012,2581,complete,90,18,16.6821,4.01722,0.258638,0.237245,455.269,123.962,106.785,22.9613,1.71411,68.5648,67.5741,18.6255,30.7389,4.8965,47,0.291009,0.882152,481.256,93.468,115.306,17.9844,1.65166,73.1019,56.4753,20.7467,26.9767,4.67611,45,0.316998,1.06511,492.454,105.953,122.185,24.4064,2.45212,70.0308,61.7341,20.4911,26.292,5.04063,42,0.340901,0.949002,478.993,131.519,125.627,31.3523,2.59341,79.8452,60.5262,22.7939,26.1606,6.09321,45,0.311721,0.938109,489.315,97.3364,106.35,47.3094,2.82522,73.7329,61.2632,19.3635,26.2177,6.63303,51,0.344719,0.969043,630.354,122.374,149.884,39.8466,1.97056,81.9981,62.1343,23.5166,30.0043,7.20286,43,0.301517,1.10223,531.173,91.2573,85.7164,32.7843,3.80945,71.8972,57.8324,17.8005,21.6683,4.86216,39,0.368575,1.15851,493.935,118.62,126.517,18.7629,2.13138,79.2405,67.9895,21.6756,25.2103,6.071,45,0.335633,1.06362,473.063,128.76,145.731,117.823,5.99102,77.3635,69.0749,20.2921,29.9245,7.34216,49,0.233103,0.855837,467.619,117.738,139.659,25.8111,1.88684,67.6354,63.6398,20.393,24.0246,6.68838,47,0.258881,0.920978,464.752,113.532,105.964,85.0067,3.15915,67.6991,61.5191,19.4107,28.2424,6.33398,38,0.279903,0.945919,445.985,107.754,107.024,29.7838,1.64307,65.1996,57.355,18.9443,27.4672,5.53823,40,0.310664,0.925542,685.648,145.801,184.216,239.666,22.333,85.7005,68.2349,27.5175,54.629,16.8479,34,0.274271,1.17785,768.67,178.542,158.465,42.2467,1.90928,96.1884,78.9811,24.4083,29.5298,8.10906,40,0.343322,1.40659,465.705,114.508,114.155,57.6517,2.61993,67.8483,65.3183,18.8144,28.699,7.8238,39,0.249561,0.957911,452.906,124.719,97.2142,42.8734,2.84329,64.428,60.3385,16.8112,22.114,5.23081,47,0.253415,0.867052,443.213,140.432,101.996,47.6074,2.43288,63.0981,62.5858,17.02,22.1193,4.22572,40,0.278876,0.851909,472.175,112.25,108.813,55.4821,1.91571,69.6891,59.8795,18.3846,26.8889,4.06014,35,0.327229,0.962772
decoupled_wbc_h066_p012,2582,complete,90,18,17.0946,3.44127,0.306674,0.0868606,379.524,89.4215,70.3378,18.5407,2.33548,58.9701,56.8382,14.9738,25.4675,4.02252,38,0.30484,1.02287,309.729,84.0139,87.5021,24.6413,2.35776,56.7758,50.0807,16.1338,27.5061,4.72313,50,0.267165,0.980358,410.067,103.852,121.497,60.3029,2.97595,66.329,59.6806,19.1017,32.8146,6.42471,49,0.29832,0.878341,346.074,100.022,110.593,36.1557,2.40952,56.216,53.7922,17.4708,25.3751,4.37037,34,0.254006,0.873216,457.347,98.2551,85.5132,25.8959,2.47978,62.8747,56.4187,17.1982,21.2454,3.69576,38,0.258272,1.03559,397.905,96.0905,107.846,46.418,2.85622,64.5276,60.0121,19.1311,31.0375,5.72674,43,0.312511,1.05266,565.204,109.499,125.344,73.7472,5.38528,81.6817,66.7327,21.133,34.087,7.87757,46,0.344859,0.971247,450.006,96.969,103.563,25.0743,1.57987,75.4237,56.8083,20.1733,26.8081,5.06022,43,0.316643,1.20771,367.491,97.3676,90.7717,18.3293,2.10925,66.7218,58.3976,19.2755,21.1545,4.41351,52,0.235667,0.970985,527.724,135.91,132.783,28.8782,1.72098,75.0679,71.4682,20.12,23.7481,4.17257,35,0.359758,1.20174,493.993,106.425,150.395,121.792,4.25009,78.9673,62.5735,22.3681,33.9069,8.30808,42,0.316031,1.01332,497.958,99.8041,191.875,147.151,4.28004,77.4344,57.2387,25.3661,39.9345,7.90089,39,0.29827,1.09796,407.756,132.214,142,21.6006,1.27773,62.2972,59.5602,20.3079,26.8529,4.13156,48,0.232429,0.84049,397.112,87.5858,156.558,153.758,3.75056,70.1544,49.2886,22.7646,42.6338,6.30741,47,0.258645,0.918318,621.668,147.477,130.437,31.1876,0.988895,79.9089,69.565,20.5173,24.6408,3.68943,38,0.268375,1.13648,475.981,111.997,108.117,39.6555,0.874073,64.0341,56.8781,17.5613,24.5897,3.65246,35,0.298876,0.956049,398.295,89.5468,79.9607,27.3901,1.21315,62.8481,57.255,16.3956,20.7721,3.6222,44,0.274578,0.939035,416.825,103.952,104.284,29.0039,2.26545,64.9946,49.6724,18.7397,22.2571,4.18748,40,0.32674,1.00811
decoupled_wbc_h066_p012,2583,fell,80.86,17,15.9766,7.49013,2.21254,2.56871,442.529,111.744,104.162,30.0342,2.42966,64.277,62.7199,17.4943,28.2802,4.14026,38,0.310426,1.00448,467.758,115.702,98.648,34.214,2.00297,64.634,54.8417,17.778,24.4387,3.56197,33,0.343883,1.04868,394.876,85.9219,112.235,38.9269,1.74695,58.9313,44.0787,16.7332,25.507,2.87088,35,0.352627,1.12436,409.8,98.5161,95.0739,39.2877,1.2227,61.0556,54.665,16.215,27.742,4.11676,46,0.239714,0.940321,321.828,98.3204,89.2811,24.5998,2.48984,55.288,54.383,15.9434,23.3474,4.98252,43,0.246972,0.749162,583.049,140.393,121.656,37.8109,1.70152,84.2927,65.7172,21.6031,31.3705,5.44427,45,0.327901,1.00508,501.115,125.915,111.232,31.722,1.97924,78.1458,68.9623,19.685,21.7603,4.31801,45,0.367156,0.891039,398.582,117.508,111.691,36.036,1.38514,65.4089,59.1494,20.6904,24.8151,5.1138,48,0.24091,0.978848,459.467,132.836,115.301,37.7031,1.00842,69.3024,69.8685,18.9896,21.3089,4.1542,44,0.31371,0.907869,364.262,102.917,131.951,41.5461,1.96715,60.5206,58.563,18.7054,25.7674,4.73332,41,0.270865,0.907425,280.909,118.804,104.38,40.7353,2.83732,45.1746,51.7537,15.5276,20.6995,3.74014,44,0.189171,0.742708,625.011,174.651,152.645,37.4152,1.19673,83.3347,74.5309,24.9845,27.2757,4.60885,38,0.329093,1.05388,463.126,139.082,125.157,41.3554,2.49144,69.9727,71.1189,19.9614,26.3853,3.28088,50,0.254505,0.877066,337.155,86.8801,93.5245,34.754,1.80278,59.5849,50.1621,17.1138,20.7443,3.65355,38,0.219215,1.0065,393.516,82.1576,85.3735,36.3863,1.16853,56.8173,50.574,17.6801,21.8972,3.73087,45,0.288693,1.00199,647.331,199.269,135.277,36.0614,2.18988,81.8933,81.4253,21.3074,28.5905,5.6392,34,0.354286,1.13721,1571.23,325.791,322.429,93.1964,1.98946,70.3011,45.3942,19.5741,27.6455,4.38284,1,0.40976,1.23657,,,,,,,,,,,,,
decoupled_wbc_h066_p012,2584,complete,90,18,15.0593,3.18586,0.21753,0.097123,422.567,101.778,97.0441,18.6698,2.82144,69.3803,59.8696,17.6416,26.9567,4.27064,44,0.305258,0.996278,406.376,89.1164,91.7531,21.8344,2.46552,61.2133,58.5876,15.7342,24.7286,4.31462,37,0.35058,1.01361,433.398,90.8218,110.257,23.2754,1.50474,62.0425,49.5712,18.1099,22.7984,3.86086,44,0.325772,0.94173,481.201,110.665,118.926,39.3262,1.9355,73.4619,61.5978,18.6334,29.0032,4.28004,49,0.286917,1.05962,578.272,119.247,139.096,42.9035,1.69003,86.6538,72.0665,23.9464,31.3434,4.82712,45,0.397397,1.14086,421.414,102.958,82.9999,25.2296,1.70453,56.1099,58.4324,14.4384,16.9,3.11956,44,0.357642,0.954968,375.785,112.631,94.2585,31.9044,1.46607,60.326,54.8816,17.8726,24.4656,3.62603,53,0.252689,0.907452,463.72,131.694,104.776,27.1087,1.62532,69.0142,68.8543,17.2747,23.8038,4.12395,36,0.400094,1.00561,389.864,90.855,110.776,29.784,1.11359,60.3842,52.5607,18.3363,22.012,3.98507,40,0.306713,0.984139,523.707,139.035,87.6368,64.3002,1.47624,71.5431,67.9396,16.7305,27.7319,3.56704,44,0.345829,0.936939,372.847,133.966,95.1677,49.1131,2.31689,59.2831,60.3954,17.8687,33.7609,3.79267,41,0.289646,1.01675,529.319,158.941,127.52,202.107,9.62053,70.6896,71.0055,20.4927,55.0159,8.72906,33,0.261608,1.05626,485.635,94.9164,93.8552,39.2362,2.51349,66.6501,51.315,16.9799,23.6085,3.70625,34,0.37466,1.05204,349.249,89.7054,89.6176,24.1664,1.72187,57.8827,53.4556,15.0568,21.7641,3.78825,45,0.261707,0.869114,327.576,84.3152,98.4656,27.4495,1.52511,57.1538,50.9801,16.0189,22.1751,4.30513,43,0.28691,0.823468,534.923,114.779,115.438,29.8337,1.68322,73.7877,67.3337,19.0753,26.9157,5.26309,39,0.28994,0.88768,420.634,114.516,114.085,36.313,1.69395,67.6066,57.0707,18.6522,30.5574,5.01974,35,0.217687,0.913043,466.816,107.296,114.619,32.5499,2.12717,68.9034,60.5337,17.5594,26.8957,5.91371,41,0.310875,0.974855
decoupled_wbc_h066_p012,2585,complete,90,18,14.9965,2.95331,0.166852,0.0829726,421.671,98.4061,97.2537,20.9038,2.2147,65.5088,61.421,17.3688,30.6722,3.83233,44,0.332936,0.939578,369.718,80.8077,88.0738,22.3327,2.58422,61.562,51.7163,16.8824,25.7069,3.98195,46,0.334648,0.939219,420.663,93.0811,138.772,30.1659,2.27802,63.5958,54.0963,20.0197,25.3688,6.55483,38,0.37652,1.11672,486.392,98.4081,117.594,20.1132,2.46616,72.2394,61.2635,19.8367,20.2257,5.47578,46,0.251616,0.964758,407.463,128.039,133.399,26.8721,1.75833,69.3286,63.6568,20.5025,23.0237,4.92226,45,0.291407,0.987195,372.879,90.5161,135.718,26.1887,1.93731,60.9902,52.8276,20.0629,22.3131,3.90974,44,0.259798,0.905236,549.29,128.55,175.807,29.3195,2.22338,73.1419,58.0276,21.7047,23.0604,5.41104,36,0.311055,1.14981,523.077,116.286,124.713,24.1111,1.59796,82.5954,62.6683,22.1143,25.9766,5.56893,41,0.360849,0.941576,405.21,107.79,109.106,22.5451,1.17065,60.1517,60.7523,17.0624,20.1945,4.20585,39,0.289965,0.921972,484.369,124.73,122.141,28.9345,1.48911,64.7117,61.42,18.9392,25.6568,5.16996,38,0.284568,1.04957,512.864,133.827,118.94,31.7586,2.39175,76.2865,69.5038,20.9515,28.0428,5.5016,31,0.396978,1.0746,512.209,107.521,88.1631,27.9642,1.10286,69.2691,63.1839,16.6983,23.9074,4.5614,34,0.368079,1.16057,648.428,168.32,170.154,19.6308,1.91599,92.7142,73.9806,23.8877,25.9283,6.37838,39,0.458444,1.32569,500.706,104.548,100.921,24.128,1.8413,74.8534,59.7911,20.4335,25.8822,5.87098,41,0.379838,1.06392,405.888,68.4316,112.554,68.4523,3.92835,61.6324,48.2776,17.9714,21.7573,5.68895,49,0.290346,0.932824,611.96,115.971,119.029,26.1825,1.63521,86.5511,69.1499,21.6421,23.3139,7.11902,39,0.364506,1.19328,433.49,97.8593,111.09,33.7478,1.77601,69.0756,56.621,19.3854,25.6063,4.32978,46,0.295164,0.946564,475.299,127.356,117.308,39.8924,1.45615,66.4848,57.5476,20.6047,28.7373,3.9261,34,0.278933,0.95163
decoupled_wbc_h066_p012,2586,fell,86.28,18,15.2496,3.36593,2.86308,1.07742,451.462,124.137,94.4021,20.8158,1.82672,70.281,66.6932,19.4011,25.74,3.93659,48,0.312843,0.977735,355.853,70.502,84.3255,27.3833,3.16967,59.202,43.3329,17.3976,22.9734,4.58531,46,0.299236,0.911017,481.019,98.5943,111.752,27.3386,2.82103,70.607,58.1107,21.8319,25.9282,5.78429,44,0.365482,1.11871,468.251,106.792,94.98,29.0776,1.38164,73.7722,62.982,19.3524,25.6495,3.53686,47,0.313717,0.878871,442.927,94.0554,113.662,81.7547,2.4576,67.8613,61.6333,19.7256,28.2118,6.79777,53,0.274065,0.858234,325.56,86.0842,92.686,29.9863,1.0381,58.4686,52.9377,17.2045,23.463,4.42322,42,0.282174,0.922006,343.566,110.019,104.421,49.7194,1.88434,54.0778,51.6308,17.6247,26.844,4.38185,31,0.288692,1.03238,401.904,100.886,106.103,45.5679,2.87237,64.6189,56.9865,18.8565,29.0117,4.88373,50,0.276702,0.940745,406.828,79.494,90.0112,20.8592,1.88412,67.0002,52.8449,18.9114,23.7384,3.46679,46,0.312054,0.915146,500.11,145.766,110.093,36.7914,1.92169,77.6636,72.919,18.6129,26.7723,3.94336,43,0.218163,0.835921,514.842,121.212,114.307,37.9654,2.38957,78.0692,65.4868,20.2025,32.8161,5.35355,45,0.361052,1.07358,552.173,128.92,127.702,29.6926,2.23044,79.7484,70.3303,20.9096,27.3927,5.76632,43,0.260891,1.02059,503.048,108.736,168.196,179.963,12.8471,81.667,62.1193,24.3205,42.1081,11.3071,50,0.264104,1.08634,441.495,103.235,80.8831,19.9133,1.62467,61.0289,60.1942,14.9608,23.9035,5.88993,42,0.357763,1.00977,502.178,148.671,117.32,24.6676,2.03823,69.3758,66.6964,20.9518,33.4256,6.59942,42,0.257511,0.968747,401.969,93.9169,118.069,170.139,11.1776,64.9868,63.5045,19.8468,45.3646,10.8942,44,0.258736,0.7655,607.375,173.067,156.615,166.237,10.2059,80.5304,67.4651,22.0081,41.7724,11.0035,43,0.298374,1.03655,2365.25,240.953,369.036,83.2355,12.6994,104.52,45.8426,29.2394,26.6812,13.166,5,0.147281,1.70877
decoupled_wbc_h066_p012,2587,complete,90,18,15.5231,3.39116,0.270903,0.308732,451.154,95.9358,116.082,17.0323,2.13945,72.4983,60.0312,19.3425,25.8041,4.21841,49,0.293256,0.958406,409.047,94.5197,112.623,49.6798,2.77193,66.6237,55.4412,19.5034,25.5347,4.59714,47,0.303668,1.05782,455.139,131.722,113.731,38.9363,1.82832,64.7374,67.7514,17.6075,22.9119,4.08226,45,0.263909,0.855772,350.462,97.8868,109.458,32.7744,2.41233,55.0366,53.1093,17.0503,23.7738,2.74167,34,0.250071,1.01194,413.613,107.241,119.873,36.1424,2.48017,68.7787,59.1087,19.3933,29.0023,2.74449,43,0.307096,1.02429,362.422,80.1201,96.3019,32.6298,1.68215,55.2686,47.087,16.4878,27.3664,3.53536,38,0.290676,0.99203,484.196,107.521,113.771,31.1898,1.73567,77.1559,65.8158,20.3715,31.9543,3.84868,43,0.365138,0.939022,575.575,135.282,124.749,59.7565,2.84025,84.4567,62.059,20.7836,29.1564,4.71702,40,0.361137,1.14701,369.525,104.009,87.4811,34.4459,1.7674,64.5683,55.384,18.1155,22.2015,3.43146,50,0.243974,0.781428,485.169,150.382,109.909,31.3508,1.85323,76.2028,69.1807,19.9134,26.2568,4.62917,49,0.34805,0.904457,590.824,118.228,127.483,31.0716,1.40664,76.0829,64.7808,20.5644,28.1893,4.57922,42,0.322981,1.05118,508.686,108.916,124.165,25.3895,1.96035,75.1394,61.6692,20.8474,26.4403,4.19982,50,0.326516,0.946731,1004.8,242.437,240.732,151.398,12.9287,105.505,77.47,31.6353,40.7282,12.2048,41,0.295064,1.02985,549.967,149.144,112.146,43.1583,2.07103,79.1298,69.8817,20.9224,23.3572,3.96801,42,0.26403,0.988098,373.971,133.134,126.462,39.2928,2.09428,58.8982,60.0164,18.7747,22.7203,5.16771,33,0.197476,0.800206,404.523,81.3892,92.2047,22.4169,1.90473,66.028,54.9752,16.6538,18.9734,4.84849,37,0.364624,1.0916,517.332,116.872,136.019,136.365,5.07153,78.4945,60.5649,23.7662,32.5069,8.96623,47,0.320579,0.949369,575.256,124.51,149.319,142.611,15.0385,72.8192,63.5679,23.1183,39.9235,14.3785,37,0.238146,1.15232
decoupled_wbc_h066_p012,2588,fell,71.68,15,29.8929,12.0987,1.89488,1.62519,374.089,82.5013,72.0567,18.7515,2.42481,58.3392,55.3322,15.2887,23.304,3.76143,39,0.274397,0.991147,411.321,91.3242,79.0341,22.3584,1.42026,61.5345,55.1918,15.6694,26.3772,3.75756,42,0.275478,0.923273,488.093,122.109,102.32,45.8049,1.67347,74.8769,63.9919,21.0191,36.6386,4.16173,51,0.339909,0.959568,394.511,95.4716,104.946,32.041,1.56958,62.7775,56.4043,17.2682,27.8402,3.50015,49,0.271906,0.922074,334.908,89.7098,93.9291,37.781,1.43426,58.3105,53.4745,16.4365,28.5406,3.6288,43,0.299506,0.938249,439.381,90.1943,116.271,80.388,2.26116,63.7619,57.1241,18.0729,28.588,4.21335,37,0.275161,1.04667,352.566,102.841,94.9788,23.694,1.74221,57.6188,54.7542,16.4083,22.7508,3.36719,47,0.234169,0.850126,410.945,135.481,121.645,47.8342,1.83403,69.7656,68.1719,19.5785,29.0018,3.73011,46,0.258956,1.06314,483.655,123.42,167.918,108.23,3.39872,78.4712,66.2383,22.4082,39.1393,6.68256,41,0.280121,0.953443,409.688,98.2426,82.5977,27.5537,1.85173,64.3549,57.4587,16.0261,24.7769,5.12777,40,0.304454,0.954288,378.451,117.841,106.336,37.9771,1.91636,65.252,62.7183,18.6004,29.6343,5.45316,52,0.256926,0.880149,441.625,103.999,113.657,41.4906,1.46815,68.4868,54.7076,18.6135,27.4011,4.83674,42,0.267641,0.895487,522.262,120.699,128.197,48.9466,1.15912,77.0331,66.0436,21.3036,33.5699,5.73023,42,0.309691,0.927161,353.745,131.423,115.767,50.3827,1.15334,58.8716,68.3386,17.7142,29.0168,3.77743,41,0.205519,0.792349,2892.34,815.938,571.1,136.362,14.4449,140.294,110.542,45.625,56.731,16.342,2,0.124619,1.11489,,,,,,,,,,,,,,,,,,,,,,,,,,,,,,,,,,,,,,,
decoupled_wbc_h066_p012,2589,complete,90,18,19.1413,3.88202,0.200062,0.244251,402.875,82.9358,102.324,21.1883,2.24154,62.832,53.4704,17.8214,29.1658,4.77695,44,0.290511,0.937238,375.898,108.179,95.9129,26.6461,1.6578,65.2013,59.8783,17.6637,28.9371,3.72878,48,0.243324,0.881018,416.537,110.241,108.979,49.9468,2.72722,65.3855,65.0487,19.0704,29.5897,5.54376,51,0.253112,0.891116,495.171,104.302,97.0374,29.72,1.70723,71.1535,57.608,20.3503,25.8257,4.09046,43,0.308158,1.05252,433.153,83.4496,80.2253,74.1861,3.36507,58.3035,52.5362,15.6993,23.9357,6.32146,36,0.356487,1.06595,365.987,95.0594,100.471,21.9836,1.53157,60.5374,53.1514,17.9224,24.9013,4.60504,46,0.32729,0.939563,372.585,73.2546,128.331,25.0988,1.4907,63.7947,50.708,20.1313,27.5651,4.41232,43,0.281005,1.01276,488.442,72.2794,92.5003,83.4229,2.96693,70.2396,45.7024,19.6032,30.2276,5.46665,39,0.407984,1.22595,381.115,85.1263,93.5797,17.8711,2.20967,63.8712,53.1775,19.5355,24.1543,4.45707,45,0.338308,1.0311,281.915,72.8754,74.0582,15.6001,2.66944,46.1203,45.3455,15.1255,20.9499,4.7026,37,0.241088,0.871439,888.465,135.344,168.439,23.8293,1.53894,102.687,69.543,28.8389,33.0258,6.92631,40,0.357064,1.38378,384.031,88.2709,108.937,18.5599,2.68901,59.4663,54.5978,18.774,27.3539,7.63041,33,0.383022,1.11737,361.005,105.162,111.859,15.1216,2.62019,61.8705,56.2144,19.1934,25.43,8.47974,43,0.30514,0.987708,514.623,97.7517,129.837,157.994,21.8579,65.9011,54.7227,19.9648,35.1547,18.6306,34,0.304639,1.10061,406.115,82.1475,102.664,13.9246,2.03752,62.5988,47.9325,18.3604,23.4888,7.58417,47,0.265083,1.00145,438.905,98.5677,88.1116,17.312,1.81179,61.6371,58.8933,17.8518,24.8392,6.03166,38,0.290528,0.937063,681.163,218.077,163.043,42.8098,2.91309,85.1226,82.7801,24.1865,38.3515,7.89205,38,0.360854,1.07639,688.638,130.063,113.047,153.16,11.2219,92.6915,62.0876,24.5008,49.2401,11.799,41,0.448168,1.26144
decoupled_wbc_h066_p012,2590,complete,90,18,14.0625,3.22826,0.145088,0.198992,391.26,99.266,117.144,29.2991,1.93933,65.2332,57.8209,19.0083,26.5464,4.37266,48,0.268638,0.954678,398.886,75.0955,105.198,28.3005,1.93726,63.2833,51.5711,18.0331,21.0698,3.90561,38,0.379939,1.15084,385.691,90.0713,117.453,24.363,1.91195,59.9224,51.4373,18.8973,27.0698,5.89435,43,0.280527,1.0223,414.527,109.78,103.483,31.4821,2.17139,62.3022,67.0326,16.454,21.0145,3.50925,57,0.254793,0.754651,408.114,98.1956,79.9782,34.3489,2.02233,57.9574,59.2168,14.0375,20.1245,2.90579,46,0.30306,0.839227,328.971,96.026,106.062,38.9945,2.8237,53.8968,53.0865,14.9134,22.0919,2.94614,29,0.338519,0.816988,395.039,117.687,108.954,69.4167,1.90168,64.2648,60.3818,18.6996,28.8202,3.50858,43,0.233898,0.824498,523.568,138.687,128.889,37.6852,2.10442,77.6713,63.7908,20.2334,25.6214,2.94066,48,0.352693,1.01275,309.031,102.354,87.7251,37.9358,1.53676,48.3711,54.3234,14.3183,20.8795,3.07776,37,0.184486,0.731655,430.659,135.864,120.343,46.0866,1.76027,68.5444,69.3593,18.3932,27.4165,3.77346,34,0.315774,1.05037,687.255,128.334,147.306,59.6414,2.19489,70.6739,54.6764,21.6032,24.8107,3.01261,46,0.236638,0.901955,420.688,113.905,104.193,39.0743,1.63666,61.0528,60.8792,16.7512,23.9819,3.39502,37,0.327331,0.983496,612.931,110.568,114.86,37.9481,1.75021,83.2152,63.668,20.8526,33.3032,5.03671,39,0.373753,1.22679,366.957,113.523,107.268,36.814,1.66005,58.5217,54.5869,17.6772,26.3003,3.72386,40,0.268401,0.999188,609.024,222.654,180.456,155.796,12.4708,85.2437,81.6081,24.6213,40.6059,9.22555,29,0.323649,1.03159,561.57,127.579,142.966,126.782,3.54426,79.2191,68.3615,22.7532,38.9964,7.74605,43,0.32515,1.1132,403.973,116.054,110.154,42.6,1.57343,68.5459,64.0266,18.7227,31.0998,6.43423,44,0.298696,0.94457,481.796,126.264,120.627,43.7975,2.29407,67.6551,62.7826,18.269,29.3336,6.40725,40,0.267223,1.00908
decoupled_wbc_h066_p012,2591,fell,50.74,11,19.6209,16.9095,2.4697,3.82642,385.57,85.9,85.0803,21.9265,1.43906,62.3506,53.588,16.6425,25.7308,3.23194,42,0.269189,0.985417,440.254,100.584,101.338,38.9297,1.74275,70.449,59.8698,19.2317,33.7369,4.42447,48,0.345162,0.889738,328.023,88.4529,98.8412,37.2065,1.6257,54.2182,48.9828,17.1883,29.3283,3.55787,47,0.230115,0.820821,388.777,113.14,126.421,61.3142,2.27362,65.3881,61.6909,18.1683,32.5018,7.0261,49,0.263364,0.815348,366.801,88.171,90.5154,32.6087,1.97262,57.681,53.5823,14.9364,29.3516,4.65373,33,0.266964,0.998864,563.549,122.376,98.4485,49.4302,1.70307,78.8003,64.2406,19.8301,36.7889,5.3984,43,0.313393,1.04844,380.059,89.4398,85.0854,40.9703,1.79345,60.4675,54.7346,14.6947,29.4817,4.13733,45,0.266297,0.94376,348.958,83.4319,86.3962,36.3212,3.49288,54.7005,49.5241,14.5186,27.0542,4.05562,40,0.281999,1.12235,505.822,136.887,120.388,97.2849,4.29387,71.8254,60.7708,18.4841,35.3052,5.49401,47,0.294052,0.985974,585.784,141.521,127.496,35.5099,1.19506,81.0039,65.9995,22.1537,40.1257,4.82373,41,0.359878,1.12462,1706.98,381.123,336.603,50.7912,0.977036,74.3541,52.3717,27.0976,37.6862,4.84018,2,0.133537,0.699076,,,,,,,,,,,,,,,,,,,,,,,,,,,,,,,,,,,,,,,,,,,,,,,,,,,,,,,,,,,,,,,,,,,,,,,,,,,,,,,,,,,,,,,,,,,
decoupled_wbc_h066_p012,2592,complete,90,18,13.7203,3.39482,0.312021,0.207567,447.716,110.329,103.683,21.0263,2.4909,70.0763,60.6668,19.8928,31.6344,4.55928,39,0.342709,1.09175,388.461,88.7588,122.485,31.5999,1.9079,66.4114,53.2217,19.7269,28.7816,3.50258,41,0.340544,1.12323,346.654,78.3043,108.919,31.5405,2.09942,58.3639,48.7782,17.7343,24.891,3.52033,39,0.289259,0.963944,330.209,107.442,122.864,30.2354,1.78274,59.5878,57.9089,18.5853,24.9085,4.82009,48,0.182624,0.791854,473.227,117.775,118.824,33.307,1.85444,66.9274,61.221,19.6631,27.2018,4.14418,38,0.341049,0.965094,424.907,114.692,106.521,58.258,3.08857,68.3592,59.6188,19.6975,31.6309,5.3022,46,0.316027,1.08788,329.496,91.915,103.847,37.9198,2.09391,56.7127,50.9847,16.5712,24.6073,3.79778,38,0.242983,0.866607,448.838,132.95,99.6821,27.4074,1.87729,74.9427,65.924,19.8968,28.4216,3.78725,52,0.26577,0.878354,418.771,118.592,133.126,36.1986,1.4625,67.4062,61.4915,20.6096,29.3425,3.71184,41,0.276234,0.973049,456.605,119.686,157.891,48.5513,2.32039,69.4958,60.1568,20.2569,32.8379,4.48547,44,0.265635,0.972375,419.864,104.531,127.209,34.407,1.09296,66.1313,56.5369,19.5146,32.5607,3.65321,35,0.398934,1.22619,524.053,142.771,159.734,46.5323,2.08331,74.3464,61.1936,21.0619,34.213,5.40936,43,0.326948,1.03228,442.837,95.406,94.5255,39.7732,1.8952,66.4603,53.8353,17.6287,24.8525,3.26677,42,0.325743,0.967803,690.696,122.218,123.631,49.4107,1.64925,75.1887,64.5359,20.8758,28.6999,3.07142,44,0.240481,0.943204,343.481,106.839,121.072,153.341,6.09904,52.0465,53.9678,16.635,31.6816,7.21309,40,0.248301,0.812995,505.092,121.829,115.534,43.5188,1.63874,74.7151,60.3187,19.9962,27.8241,3.70253,44,0.274072,1.00669,460.609,106.695,110.28,25.9623,3.56468,69.6107,57.2201,19.1716,21.5173,4.90632,42,0.355484,1.14175,672.097,139.964,201.507,213.354,13.4392,91.7138,66.6095,29.3984,50.6899,11.7104,48,0.405411,1.33709
decoupled_wbc_h066_p012,2593,complete,90,18,22.3396,3.84455,0.299813,0.0938454,349.554,89.3358,71.9487,22.0387,2.21302,57.1465,54.1328,16.1396,24.8272,3.71195,39,0.287676,0.946548,379.995,91.5027,96.8637,56.8003,2.99702,63.823,52.0299,18.2351,32.3894,5.16402,43,0.32007,0.948438,513.871,115.967,114.721,31.6807,1.53737,75.0364,67.4427,19.1935,29.9538,4.61188,42,0.339216,0.868354,493.681,100.296,125.784,23.894,1.54485,76.6899,63.8777,21.6474,29.8269,4.58409,46,0.340178,1.15445,287.425,84.0812,92.0544,31.2213,1.56586,50.6852,48.7355,14.5258,19.6677,3.08765,38,0.249917,0.814178,271.265,85.5923,99.293,33.8633,2.08072,44.9114,43.8812,15.0619,20.1862,4.52019,42,0.176059,0.814297,362.108,111.606,122.798,33.8207,2.26039,53.2024,60.3723,16.8794,21.5266,5.09383,25,0.277503,0.955274,426.894,97.2842,98.9118,28.0185,2.06569,65.9357,59.1139,17.9625,19.0881,4.86035,36,0.307562,1.03616,356.767,117.87,122.112,37.5262,1.99055,62.0255,60.0813,19.5815,23.1113,5.7836,40,0.245288,0.906512,496.928,89.2424,86.4174,69.2821,2.95771,67.0604,60.7997,17.6758,31.1602,5.77959,34,0.3812,1.32916,522.763,142.065,189.184,199.911,14.9483,68.7496,67.7587,21.681,36.0307,12.2172,27,0.250175,1.16538,921.376,150.031,165.169,43.2255,1.58326,95.9344,65.2822,26.1832,26.913,5.65928,33,0.321469,1.47424,534.694,113.911,117.435,32.7689,3.04415,76.3344,57.3411,20.8789,24.8175,6.2868,46,0.288346,1.06672,618.337,137.419,153.336,36.4155,1.75533,82.442,62.6075,21.7081,28.6531,6.53118,41,0.289506,1.0805,541.174,95.6605,155.974,192.775,24.1125,71.0316,58.8686,21.5983,32.8061,18.3751,43,0.312864,1.19178,381.866,88.6532,86.2823,25.2588,1.78016,60.3265,55.8719,17.0556,17.0782,5.83205,43,0.28383,0.883432,586.79,113.209,94.7871,31.169,2.4471,68.7784,62.8413,19.3503,20.9634,5.60926,31,0.414062,1.3859,598.375,186.29,117.278,29.3564,1.27999,77.9119,75.3658,20.9721,22.6339,3.43856,36,0.437241,1.17776
decoupled_wbc_h066_p012,2594,complete,90,18,21.3866,3.11566,0.104672,0.11383,420.746,95.2618,101.471,18.476,2.73005,66.2466,58.0545,18.854,31.4263,5.00495,46,0.267166,0.926618,403.945,97.7422,118.919,35.6565,1.50305,66.0675,57.9808,19.7779,30.3209,5.31786,46,0.298802,1.09478,356.422,79.5627,92.9084,24.1148,1.38066,59.6929,54.7046,17.6054,30.7299,3.18724,47,0.307869,0.997854,406.546,113.12,116.071,29.9197,1.14953,63.5808,61.1374,17.8385,34.1737,3.14257,40,0.303627,0.903199,491.995,103.627,107.89,33.7034,1.97516,73.3503,61.3769,18.4611,37.075,3.8845,44,0.347072,0.913739,554.543,112.158,129.388,40.2762,2.00698,75.4143,52.542,22.2731,33.2915,5.41424,38,0.372302,1.25423,540.275,106.713,108.784,26.9299,1.98015,78.5091,66.4387,20.5818,25.9733,4.8049,46,0.385056,1.1727,526.286,151.864,130.925,48.3651,3.35131,81.0862,67.2457,21.2211,31.636,6.31793,40,0.372535,1.12984,494.656,98.3097,85.4266,38.9817,2.27308,77.6365,63.4846,20.4915,29.2103,6.72546,51,0.278414,1.0285,655.185,120.605,158.252,41.3138,2.37712,73.3059,62.7979,23.1099,30.9472,6.14325,42,0.332926,1.12977,467.782,113.638,130.777,46.9009,2.32552,68.847,60.6403,20.1895,32.4268,6.52732,40,0.311704,1.08939,363.212,72.4467,102.206,27.0554,1.52359,57.5645,49.8828,17.7581,24.0048,6.13959,46,0.2631,0.928609,1311.31,205.268,210.457,39.0127,2.38831,109.598,88.2863,36.9873,38.9971,10.0996,33,0.388019,1.4169,601.594,102.558,106.622,27.3654,1.49324,84.8491,64.8271,19.9013,28.8416,4.48692,40,0.391491,1.00491,401.646,101.358,92.3121,33.6386,2.24367,57.0104,57.0962,17.0685,26.661,4.67842,39,0.292904,0.963092,481.607,94.8512,92.1194,35.2407,2.45833,64.7366,52.9514,17.0726,26.85,4.88779,45,0.244756,0.867635,437.544,126.992,111.123,38.3045,1.77474,67.4606,60.8744,18.504,31.6321,5.35884,35,0.272138,0.982824,379.041,100.924,121.535,35.9089,1.80022,62.4663,49.3976,19.8718,26.0844,5.63709,40,0.310454,1.03715
decoupled_wbc_h066_p012,2595,complete,90,18,14.8263,3.07298,0.188311,0.152529,387.023,87.8816,94.4082,23.2271,1.76311,61.4271,56.617,18.5444,29.5925,5.00028,46,0.281974,0.935347,390.751,83.8835,85.5466,26.9879,1.98855,66.5407,51.6156,17.8933,25.242,4.07211,49,0.343643,0.937685,368.177,85.9153,100.315,64.7925,3.88072,59.9058,50.0522,18.633,28.1426,5.79226,34,0.305735,1.01868,451.901,100.619,97.9739,29.5277,2.50637,70.277,61.0475,19.0673,29.5277,4.48995,51,0.287769,0.868669,465.153,120.54,113.964,58.8589,1.76251,66.6582,55.1328,18.7832,33.082,4.94251,43,0.289101,0.927737,465.816,134.727,125.663,45.8752,1.83594,76.0421,69.1168,21.4475,34.9408,7.35806,48,0.250039,0.8846,372.154,81.6511,93.4663,72.5202,4.15374,56.1243,52.3452,14.9691,26.5339,6.20514,44,0.333032,0.940598,526.395,111.618,113.773,24.5487,1.9798,77.4363,66.0208,20.3573,29.3405,5.88775,39,0.329849,0.875593,465.731,89.3489,96.6014,23.7994,1.0067,69.6548,56.3011,18.7331,24.8577,4.86501,55,0.273497,0.796227,457.459,115.56,144.862,33.8017,1.08,66.7682,55.4935,20.9903,28.55,5.08129,43,0.325738,0.96133,459.532,141.224,119.079,35.3114,1.27282,72.2671,71.6712,19.5453,28.4908,3.74839,42,0.276609,0.835094,464.796,108.638,121.887,88.4705,3.61377,65.2321,59.6734,18.6618,38.713,4.92534,33,0.321557,1.07512,628.47,153.337,129.211,35.8162,1.4575,84.7849,74.939,19.4545,32.9956,4.07904,35,0.372373,0.902345,519.599,113.302,144.448,148.591,8.98337,71.0482,58.9436,21.0322,48.3773,8.32645,45,0.273694,1.01312,406.118,105.697,105.505,25.237,2.06259,66.7539,51.2363,18.3034,31.7505,3.39826,42,0.32518,1.06678,328.92,90.8707,91.6156,36.1782,1.45119,54.6756,45.4753,17.048,27.6181,2.71241,42,0.251098,0.877078,477.314,113.794,114.589,27.6375,1.61974,75.0658,64.3773,20.6864,30.4451,4.3783,46,0.243282,0.910431,407.377,98.0326,107.765,21.9636,1.69702,61.8746,59.3663,17.7606,23.3337,4.83491,36,0.344507,1.08648
decoupled_wbc_h066_p012,2596,complete,90,18,13.6685,2.75639,0.151893,0.184619,409.131,88.7213,80.9558,23.1619,2.22408,63.3819,56.0328,17.237,26.4496,3.65136,51,0.287331,0.896469,393.051,123.648,125.628,39.3073,1.41178,68.3828,64.9152,18.1714,28.8211,3.16987,43,0.221872,0.840478,374.911,108.263,123.266,32.2764,1.99598,59.8712,55.4518,17.6875,21.57,3.21183,37,0.297902,1.02065,399.307,143.596,123.199,123.094,2.5063,62.2105,74.2582,19.1205,28.1564,4.62231,45,0.209774,0.786123,373.474,145.054,99.7877,35.8409,1.53737,60.5534,60.1182,18.8616,25.6806,3.29338,47,0.205036,0.878274,462.024,113.218,115.249,46.0045,2.61139,73.9503,67.7174,19.6251,26.6173,4.73843,49,0.287414,0.975569,445.957,89.9659,121.577,29.2618,1.46803,67.0847,54.5114,17.6348,26.2952,5.70387,42,0.351745,1.11663,513.397,111.729,112.513,46.6411,1.5247,70.935,63.7439,17.3539,33.7843,5.6827,32,0.310015,1.21045,612.043,147.543,130.295,183.908,26.8472,76.7556,70.4702,20.3139,39.2032,19.1799,34,0.332634,1.31355,362.792,86.9825,77.2828,29.5602,1.67596,57.7684,51.4627,14.2636,24.2731,5.56692,36,0.291701,0.986279,619.527,301.236,132.4,50.2711,2.32822,77.6642,75.6353,22.4257,37.7231,8.10644,30,0.389499,1.1486,409.121,98.6576,123.946,58.838,2.0599,62.7546,54.9599,19.2665,34.6267,6.93042,45,0.260802,0.910754,457.704,112.884,97.7844,40.6942,1.98445,66.6166,57.6031,17.3925,31.2606,5.9073,33,0.21546,1.16788,658.269,172.299,122.733,52.7684,2.07956,80.6157,73.1335,18.7883,36.0337,6.59835,33,0.42911,1.19239,790.392,242.211,287.945,180.143,12.2559,103.671,76.7847,31.7242,62.9271,18.9268,32,0.345235,1.20097,823.256,219.381,185.427,146.663,9.70345,90.2395,72.9339,24.3807,39.3811,10.9403,33,0.321314,1.05096,288.139,88.0942,89.4224,31.4783,1.78274,51.1765,47.2741,15.4616,20.2205,4.16715,41,0.24007,0.89609,379.95,76.5383,90.1116,32.2715,1.22636,56.2389,46.7979,16.3755,24.1508,3.36223,48,0.219696,0.907281
decoupled_wbc_h066_p012,2597,fell,65.88,14,22.977,7.84907,1.9829,2.25858,371.864,72.2454,82.7971,15.8725,1.84226,62.4432,48.3296,17.6841,25.7627,3.76444,44,0.283536,0.976188,456.106,86.6478,94.1622,19.464,1.34315,64.5108,57.1924,17.033,27.0305,4.91942,50,0.299298,0.858502,445.054,91.682,111.625,26.0632,1.85046,65.5334,46.2128,19.357,30.1182,5.44324,42,0.379471,1.05147,685.466,138.171,143.591,26.0025,2.30394,93.6629,74.8016,25.6068,37.0627,7.43061,41,0.430098,1.31595,429.377,69.5893,87.9266,17.2084,3.20751,64.4413,48.0171,16.1102,22.8761,4.54407,33,0.456166,1.33064,328.741,78.0233,79.9051,24.1907,2.54836,57.5979,44.9434,15.8724,24.2749,4.35362,38,0.297525,1.02616,369.661,108.331,88.0743,32.5976,1.70715,57.7192,59.0968,15.0063,23.0469,3.33086,43,0.250504,0.950124,329.272,89.9207,83.9561,25.9592,1.74012,56.5643,45.4375,15.3805,20.131,2.81912,43,0.300812,1.01844,572.66,145.287,110.992,34.2423,1.97011,80.9886,70.3508,19.7738,24.8532,4.52371,43,0.245867,1.03624,519.271,125.714,133.72,112.147,6.19265,83.2079,63.361,20.525,35.173,9.52434,50,0.307391,1.13535,313.826,78.7748,107.453,28.5651,2.05278,54.8238,49.9923,16.4786,22.0667,5.42215,42,0.22973,0.914665,466.728,103.984,152.119,38.7887,1.81093,66.5991,57.8014,19.5258,26.5589,6.63721,42,0.277771,1.03635,655.757,150.909,104.97,42.3371,1.36448,87.0371,73.9863,20.8823,24.4452,5.40471,39,0.303242,1.25188,3763.82,275.819,419.772,178.723,6.14958,127.763,48.1262,31.7894,41.6008,11.2764,2,0.392952,4.76046,,,,,,,,,,,,,,,,,,,,,,,,,,,,,,,,,,,,,,,,,,,,,,,,,,,,
decoupled_wbc_h066_p012,2598,complete,90,18,17.004,3.25493,0.544632,0.183787,400.907,88.2958,104.631,27.4116,1.76619,63.5427,55.623,17.9598,27.9314,3.55873,47,0.267214,0.880047,325.137,63.6126,80.763,24.8223,1.69182,54.44,42.9769,15.9245,25.2965,3.73524,43,0.271453,0.921705,362.264,66.2124,85.7641,25.0354,1.76617,61.802,49.0234,16.1724,29.7832,4.46069,40,0.351038,1.25783,353.238,93.2892,96.8943,29.3427,1.76698,56.2987,56.9507,15.3999,30.616,4.69296,44,0.251418,0.880387,547.328,137.159,135.229,120.997,6.08482,83.349,67.9936,21.5522,47.8551,9.06369,48,0.272409,1.01204,387.986,83.1964,80.1844,36.1115,1.61821,54.5098,50.5924,13.4448,27.6744,3.77076,35,0.282218,0.974135,357.463,83.3075,87.4689,38.5335,1.64586,52.1735,46.2532,15.1268,29.9518,3.39156,30,0.294359,0.951139,414.364,93.1982,94.5377,46.996,1.69982,58.3398,53.3634,17.1147,35.4967,3.57359,39,0.328322,1.04275,387.198,100.523,83.131,36.8655,2.2439,54.4008,56.8097,14.9122,24.674,2.95063,40,0.287511,0.950532,428.656,98.0833,86.4349,43.6277,1.42131,64.8988,53.3491,17.1078,29.9378,3.30778,35,0.380094,1.07974,532.61,101.605,84.7227,178.18,3.54878,70.0891,59.0651,17.1763,47.1143,6.73889,27,0.414491,1.46081,430.495,101.738,112.531,44.4506,1.50806,65.3928,52.6597,17.2917,29.7008,3.23776,42,0.300907,1.00273,664.929,171.374,180.522,69.6061,2.17032,82.9383,70.3251,23.919,32.1274,4.3037,40,0.248006,0.886016,1029.47,224.825,232.015,250.563,17.9425,112.625,92.4664,34.2482,69.8817,16.2902,38,0.328755,1.3935,422.299,109.016,100.745,37.188,1.90078,63.5209,56.1307,18.6693,24.9971,3.21478,39,0.315308,1.02647,799.55,166.365,155.68,41.826,1.9852,88.0883,76.1118,25.3183,37.7349,4.60295,45,0.186271,0.947827,400.509,137.754,120.171,63.8016,1.76307,59.4115,61.3904,17.9627,32.5241,3.39232,32,0.312635,0.964209,546.606,165.427,104.695,36.1614,2.14086,76.4256,67.1704,20.2886,23.7978,3.60843,40,0.345041,1.03882
decoupled_wbc_h066_p012,2599,complete,90,18,24.0598,2.89784,0.14316,0.271648,447.076,94.634,91.142,20.4657,1.67815,72.8496,61.0438,19.326,28.3582,4.1437,51,0.333797,0.929919,380.753,80.6993,81.8739,20.0422,1.92566,57.2161,52.5513,15.0811,22.1127,4.18763,42,0.30474,0.901366,390.689,108.213,116.071,33.6671,1.73603,66.0087,63.037,18.9566,27.8798,5.29703,40,0.261101,0.829265,480.584,104.212,79.4155,29.6636,2.44017,72.5248,60.2789,16.3081,22.6418,5.76333,48,0.295536,0.805272,476.094,90.8543,104.649,18.6446,2.08763,69.025,60.5738,17.7878,29.0944,5.11388,39,0.33244,0.892332,381.278,107.055,100.83,33.3052,2.01836,61.0475,56.8582,16.9586,30.7941,5.18055,42,0.258918,0.949107,467.625,100.127,86.6337,26.8043,2.03051,66.2932,56.8005,16.3155,27.781,4.11232,40,0.314661,1.06073,363.707,99.1383,113.623,29.0181,1.49376,63.4568,57.3798,17.8724,31.5382,3.95167,48,0.290433,0.90739,446.267,92.7446,79.2362,35.7402,1.86973,67.6924,55.6186,16.1961,28.9804,4.06619,55,0.281596,0.781118,347.499,125.699,100.601,33.8603,2.35199,53.2096,60.1494,15.5675,24.6044,3.1215,46,0.203194,0.787576,700.334,156.813,109.734,52.2806,1.84793,84.0241,68.6911,20.222,37.7398,4.04979,42,0.270257,0.992616,371.477,89.6678,89.9402,37.3871,0.93247,58.5861,53.6978,15.996,30.6208,3.44413,46,0.260337,0.854784,1328.25,296.514,234.438,227.586,19.1083,120.373,94.9032,31.8956,79.4583,16.0026,27,0.42703,1.47211,611.337,218.91,152.992,37.4064,1.73928,83.6406,79.6731,22.7713,40.1338,4.58624,40,0.348682,1.01564,749.997,163.586,126.07,57.6694,1.60157,93.3161,75.8243,23.1035,41.3016,5.79105,37,0.375752,1.39723,499.168,99.474,103.608,21.7297,2.05901,72.0429,60.5926,18.6572,30.1266,4.46728,51,0.335209,1.01352,545.498,119.179,141.151,28.8461,2.16449,75.8222,68.5349,22.0113,35.5839,7.11884,45,0.297741,1.05915,413.604,87.554,82.5295,23.546,1.59797,67.6811,59.0853,16.2433,28.6079,5.08231,46,0.340459,0.980666
decoupled_wbc_h066_p012,2600,complete,90,18,22.3962,2.80103,0.16961,0.168756,474.768,125.001,112.337,24.4402,1.90638,72.8618,69.8245,19.2021,32.2474,4.83342,46,0.237458,0.845087,331.728,69.4796,103.745,22.0857,2.28354,54.6273,45.5035,17.0746,26.5798,3.83098,45,0.322769,0.908475,501.914,98.0864,124.311,27.1074,2.30575,67.4385,54.5736,22.2444,29.5811,4.91976,46,0.322785,1.00163,347.639,74.9832,87.2144,48.9385,1.6963,52.3052,49.6509,16.5456,25.645,3.69442,40,0.266611,0.911398,493.9,114.279,117.58,93.46,2.10328,75.5961,62.1771,21.5105,39.2037,6.02872,45,0.342741,0.953621,466.865,115.107,121.486,27.0828,0.978078,73.4795,68.9811,20.4339,31.741,4.284,55,0.279611,0.92227,570.781,120.191,143.587,189.072,19.4961,77.558,61.525,22.7874,46.03,12.6439,52,0.274265,0.97902,627.774,113.466,95.0883,37.1947,1.67406,77.3917,63.6754,20.2324,29.2344,4.40809,37,0.306765,1.41461,351.534,97.5194,75.4739,28.6418,2.07685,60.2546,52.4369,16.8762,23.2327,3.40746,43,0.306624,0.819656,580.379,109.585,111.503,37.7527,2.00512,84.2731,64.3985,20.3834,36.1005,3.98552,38,0.404234,1.0918,567.041,118.297,136.953,98.8188,3.54138,75.1581,61.9341,22.0042,39.5811,4.64569,42,0.256085,1.02013,706.294,124.922,116.195,33.721,1.61492,88.4594,68.5554,22.3482,34.6915,4.15801,46,0.369275,1.08742,434.986,95.4144,111.702,29.3586,2.32263,62.9306,51.7428,18.4617,27.1883,2.92282,43,0.336005,1.11692,328.421,74.1016,88.6923,30.7192,1.78233,57.5465,47.3249,15.9793,26.9951,3.99516,42,0.277167,0.953905,712.629,213.405,128.69,41.568,2.42086,85.3809,67.3286,24.043,40.8286,5.67716,37,0.37363,1.16096,453.684,101.975,72.2045,29.0877,1.82224,63.983,58.0588,15.8126,29.7784,3.60327,37,0.380523,1.25583,549.235,117.722,99.912,49.5118,2.73149,77.8331,65.5943,18.5194,39.9182,5.27813,44,0.317253,1.05645,520.233,137.152,102.602,36.9335,1.56455,75.6175,65.3868,18.0894,33.5056,5.45996,45,0.255349,0.938786
decoupled_wbc_h066_p012,2601,fell,70.7,15,24.6989,10.9644,1.12084,2.05392,395.395,106.415,99.085,36.1754,2.30322,66.0055,60.5483,18.6606,32.1039,4.70007,56,0.229197,0.834111,366.073,73.7941,120.132,34.3619,1.76447,58.7234,45.8336,17.9416,26.978,4.58188,41,0.285139,1.01523,373.74,68.4426,86.8416,34.8912,2.20269,59.3438,45.031,18.2368,25.3314,5.78675,41,0.278184,0.992404,498.813,123.095,133.276,29.4819,2.13565,76.0488,63.5677,23.4489,32.8111,7.73647,41,0.311517,1.03958,438.542,111.18,67.8512,17.3429,1.46438,64.765,62.4948,14.4298,23.669,4.51667,32,0.423013,1.33608,434.51,88.7724,119.262,25.2355,1.89709,65.553,52.2671,19.7668,28.9541,4.9362,41,0.343079,1.1347,465.447,105.842,116.33,28.9389,1.4366,69.2079,57.7401,20.0042,26.9685,4.71829,48,0.289955,0.867478,462.129,103.907,97.7006,26.3417,2.5748,75.1206,60.7405,19.9109,26.7441,4.69412,44,0.349281,1.10777,459.542,98.9633,95.1572,58.8887,3.69585,65.1284,59.4082,17.9594,29.416,7.49325,44,0.285101,0.943558,597.626,124.929,107.325,24.1843,1.74122,77.8999,63.6866,22.1314,25.0792,5.46494,39,0.318832,1.23082,727.293,212.174,178.903,33.7642,2.60925,88.5977,78.1332,27.4837,33.6727,6.24016,36,0.384607,1.26331,777.436,151.45,155.451,35.0479,2.3506,98.5709,72.2767,29.6719,39.7915,6.62288,50,0.330246,1.13017,469.77,95.5188,122.757,24.9482,2.21253,72.1995,55.3681,19.409,32.0618,4.71723,36,0.327144,1.21053,537.554,118.675,117.522,28.0685,1.61344,77.9109,65.6216,20.0527,36.1395,4.71509,37,0.410519,1.23159,800.798,91.5664,149.098,216.009,3.11185,39.9248,25.1838,14.2529,42.0244,4.96517,4,0.386337,1.01254,,,,,,,,,,,,,,,,,,,,,,,,,,,,,,,,,,,,,,,
decoupled_wbc_h066_p012,2602,complete,90,18,16.0494,3.5969,0.384379,0.185078,370.445,97.0659,108.07,23.5847,1.45502,60.2717,57.7664,18.7286,29.4353,4.19506,43,0.305342,0.979898,342.803,80.9137,79.4575,16.3563,0.893441,55.7715,54.4025,15.4605,23.4898,2.76973,48,0.263207,0.855471,449.826,103.889,120.191,22.7927,1.55738,70.2404,60.4119,21.5554,29.6879,4.02458,50,0.292545,1.06783,441.793,88.0701,72.7497,23.6927,1.57601,64.8113,60.5215,15.0799,21.6455,3.49194,38,0.419967,1.06372,319.668,93.0836,86.4101,24.9251,1.6858,54.0774,52.3326,16.1366,20.7951,4.6865,43,0.265034,0.795463,474.321,98.0469,116.717,28.2249,1.21057,67.4455,55.3464,19.5548,24.2204,4.53527,42,0.292297,0.962721,490.13,114.724,131.024,60.9264,2.02584,74.1141,70.9725,20.9046,30.218,6.49307,56,0.25689,0.927128,424.228,108.931,85.3259,27.5262,2.19739,62.7078,58.2469,16.3289,23.5866,4.7529,41,0.296531,0.90803,579.097,106.532,88.245,30.2424,1.74389,71.8532,60.4886,18.9696,27.7299,4.41093,36,0.348754,1.16738,502.291,145.612,135.725,33.5859,2.37744,75.7361,70.1581,21.0033,29.9961,5.65724,42,0.226325,0.897377,417.504,112.125,104.713,74.3658,22.8869,65.1215,53.7343,19.9097,37.2912,15.4749,38,0.306921,1.02651,500.978,144.865,110.409,36.6459,2.11283,73.9059,59.6251,22.3364,27.178,7.02925,44,0.353274,1.05464,457.083,90.5784,83.0864,27.8937,1.82272,65.4137,55.3199,17.3758,22.8823,5.65356,39,0.284684,1.06954,431.212,108.078,103.541,99.3176,3.40527,63.4868,56.2733,17.987,31.6875,6.36748,35,0.195316,0.920589,335.638,95.1975,96.7286,34.9855,1.22853,53.0474,56.9506,16.3107,27.8097,4.26716,45,0.237956,0.83874,547.252,105.699,147.178,168.148,12.0829,76.0461,70.8954,22.2036,33.3258,10.9784,38,0.321827,1.11955,347.605,92.9106,95.0835,35.6532,1.41006,58.4406,58.8026,16.4677,22.0255,3.34148,39,0.269646,0.943379,449.902,103.945,104.381,36.7244,0.890797,68.1816,63.9543,18.3876,24.6733,3.37764,48,0.314577,0.787748
decoupled_wbc_h066_p012,2603,complete,90,18,18.3382,3.91365,0.352367,0.38922,391.382,94.2511,85.4103,27.3382,2.86598,66.4272,57.0743,17.3826,31.5388,4.31749,39,0.319049,1.14234,360.878,73.1078,69.4619,23.2589,2.31834,60.5,48.2251,16.8492,27.5113,4.02078,43,0.345007,1.04901,997.316,148.77,196.447,43.9103,2.00105,104.126,72.4752,30.3484,48.7944,4.97286,46,0.269684,1.17763,447.504,100.035,127.36,23.8437,1.74715,74.0665,56.4245,20.5287,28.5872,3.28713,44,0.367938,1.09812,385.191,107.576,140.428,34.248,1.11075,60.971,56.206,19.161,28.9072,3.75495,38,0.295092,0.963391,396.374,99.3173,106.015,53.5563,2.09433,65.9394,58.4742,17.9576,36.4994,4.01924,41,0.284324,1.04528,366.865,103.709,107.008,39.0974,2.09167,63.1405,52.7058,17.706,28.8799,3.27603,48,0.305484,0.975845,394.112,81.812,95.9085,84.1596,1.73305,59.6015,46.9205,16.0111,29.0096,4.94686,43,0.344889,1.01846,400.726,84.5065,88.6509,31.3101,1.91582,65.6827,54.9528,16.8244,22.0358,4.93009,46,0.26949,0.962034,463.822,120.476,135.837,142.742,7.66953,74.6146,59.8474,22.251,36.2711,9.03133,41,0.303962,1.05976,544.664,112.563,138.562,25.6106,2.95058,78.2391,61.9813,22.531,32.541,4.58235,45,0.341491,1.00092,569.449,150.539,128.833,27.7618,2.03595,79.7891,73.8972,20.7806,32.0558,4.27813,31,0.366196,0.963482,886.43,175.198,172.136,36.8521,2.69608,94.6946,72.3467,27.5361,39.6609,5.62901,50,0.251616,1.03185,410.449,91.7654,97.9423,31.6286,1.44462,65.2772,53.926,19.4222,28.4317,3.84855,43,0.293603,1.09606,450.291,92.1963,78.3086,23.294,2.30877,70.2479,59.5713,18.7857,26.0086,4.97438,47,0.326574,0.914002,630.199,207.045,131.771,148.582,5.12955,84.5369,72.0263,23.301,39.0799,7.79706,39,0.397555,1.18059,498.519,109.847,103.972,25.2997,1.91484,83.8833,64.5893,21.9319,29.3987,5.79461,45,0.363366,1.05207,771.491,292.04,164.539,38.3006,2.35475,96.0559,83.1827,25.591,41.1899,6.73558,42,0.519955,1.12707
decoupled_wbc_h066_p012,2604,fell,82.16,17,33.8098,3.55742,1.11388,0.836385,489.586,98.0613,71.3848,21.798,1.76763,76.1702,62.7386,18.4795,31.0401,4.05656,46,0.340234,0.875857,433.257,84.6935,116.845,95.1639,2.90085,72.0126,51.9583,19.5869,35.0649,5.55827,45,0.308195,1.20325,482.353,105.808,113.531,51.8596,5.82057,71.2444,61.1139,19.0182,29.3187,7.86642,38,0.282915,1.0868,407.319,80.2794,112.874,20.5221,2.1487,62.8353,51.6047,18.7032,21.6429,3.94513,42,0.364748,1.06723,435.438,86.0706,107.506,23.3854,2.10735,69.7244,53.286,19.7934,26.2499,4.75983,43,0.436505,1.15325,439.895,102.001,140.278,185.357,17.1792,62.8957,49.7177,19.6801,41.9624,11.7563,40,0.237796,0.922281,510.81,109.257,122.496,46.8592,1.16635,72.59,59.7032,21.4346,26.8735,4.59306,43,0.282125,1.17987,494.906,127.866,107.227,28.7395,1.83379,77.1308,67.6982,18.2044,22.3593,4.19709,45,0.403244,0.951775,298.294,88.5755,97.4274,30.4824,1.62592,53.2779,52.4466,16.0476,22.5211,3.29215,43,0.181141,0.775213,814.472,140.404,111.164,70.708,2.29935,82.5793,68.7858,19.6488,34.9645,4.78605,41,0.315814,1.15458,419.698,139.257,218.836,219.201,9.30869,67.6548,60.9034,25.1968,62.7362,9.8938,38,0.231963,0.802288,360.67,109.224,134.967,65.8889,1.98276,59.7179,51.4685,17.497,30.6943,4.223,43,0.205494,0.917878,361.749,96.1301,93.066,28.275,0.874786,59.6669,55.0892,15.9231,20.8216,3.2258,47,0.231511,0.874272,525.34,125.613,109.144,64.2593,2.555,71.7899,66.7909,19.4103,26.7964,3.82353,45,0.307408,1.00658,442.719,120.467,160.288,31.3859,1.78077,70.6479,64.7975,20.9731,26.1441,4.85202,50,0.255772,0.906059,368.823,85.4462,106.873,21.2086,2.8026,61.9351,55.6579,17.6887,22.009,5.0527,51,0.288364,0.92551,5134.29,953.45,772.083,234.383,27.0098,275.257,144.74,76.9795,100.848,37.7938,3,0,0.676395,,,,,,,,,,,,,
decoupled_wbc_h066_p012,2605,complete,90,18,13.2995,3.49605,0.380472,0.107813,409.803,90.2061,74.924,18.9513,2.17277,61.4554,56.2912,15.0026,22.9375,3.113,39,0.354117,1.15326,452.577,99.0398,89.348,17.7408,1.87084,67.5491,57.2079,17.345,25.5567,4.0421,47,0.250468,0.940632,338.94,76.9186,93.619,24.7498,1.58379,58.195,50.5446,17.1418,26.3683,4.22076,48,0.276784,0.898822,392.596,90.4548,75.3823,31.5643,1.5643,54.6804,51.99,14.3589,24.7219,2.77268,40,0.230631,0.828519,388.166,98.0986,95.6672,50.3071,2.25374,61.6578,56.72,16.881,32.7584,4.7768,46,0.258363,0.861052,383.79,95.8418,108.067,35.2889,1.28943,69.5039,51.6173,17.7318,28.5749,3.10597,42,0.341157,1.00028,413.133,98.7731,125.116,76.9281,2.42143,69.5604,57.1176,19.8314,33.0465,4.55118,40,0.286189,1.02321,380.377,89.5641,112.311,31.733,1.68598,58.8055,44.6581,16.8569,24.0308,4.69009,39,0.3062,0.994614,448.797,102.634,131.626,117.944,4.4012,67.9955,55.7005,18.9897,26.2396,5.70484,38,0.299597,1.07208,224.137,101.978,104.514,46.2711,2.39266,45.5166,54.9469,15.9102,23.2177,3.38607,54,0.139391,0.698227,472.448,123.727,103.468,127.271,3.65962,75.9476,59.9582,19.4335,33.5705,5.65652,45,0.365049,1.01621,526.465,138.375,148.453,124.282,7.42843,74.1541,64.6804,20.644,27.9042,6.42071,39,0.232871,0.995932,371.28,129.105,129.947,35.2313,1.96307,61.9979,57.0141,19.8756,25.979,4.18987,46,0.178635,0.895592,325.664,118.366,119.942,51.6594,1.84201,55.4406,60.6342,17.1071,27.763,3.67083,39,0.200555,0.860458,445.153,129.029,116.054,161.201,11.0471,66.4949,61.3889,18.1693,50.89,13.2283,32,0.352925,1.0767,692.738,140.468,152.22,140.973,6.43958,82.4191,68.3623,21.3335,42.2592,9.0091,31,0.367772,1.3488,475.195,173.413,123.821,39.7838,1.59978,75.3191,64.1124,20.0199,26.3414,4.02763,42,0.275953,0.851722,331.619,84.7729,91.7609,41.8281,1.44941,58.5686,51.1819,15.7495,22.273,3.7223,39,0.284542,0.936451
decoupled_wbc_h066_p012,2606,fell,66.56,14,32.1543,9.72882,1.67592,2.54594,374.409,84.1936,97.9015,21.5572,2.52513,62.0529,53.4417,17.1147,26.5119,4.49428,37,0.293507,1.05473,432.219,121.391,123.057,31.8885,1.77502,71.2694,67.8471,19.6582,32.6521,3.75762,58,0.287118,0.778237,349.764,104.388,104.341,29.8138,2.09009,57.7406,55.931,17.4434,31.7168,3.73781,43,0.263648,0.993361,410.632,78.3252,113.467,26.8931,2.26575,59.2493,45.8621,17.8824,29.2127,4.28714,36,0.335004,1.1219,458.012,88.6671,122.844,23.864,1.50155,67.8034,50.3141,19.8653,33.1201,5.54497,43,0.331802,1.0484,370.439,88.2267,91.962,23.9503,2.14218,59.7026,54.2328,17.0982,30.3991,4.39036,45,0.273893,0.895037,495.329,146.278,138.979,36.2645,2.12267,75.6942,67.5512,19.2954,28.9551,4.14662,31,0.328067,1.11044,264.094,73.3392,86.3838,29.215,1.6481,45.4837,39.3256,14.5721,22.0371,3.03612,46,0.170209,0.762828,315.899,121.327,108.915,57.9326,6.78944,58.5432,60.0463,19.9413,29.5284,10.391,47,0.219061,0.814051,454.048,111.436,92.2927,42.7335,1.11298,61.7904,57.3379,15.8644,20.357,4.91221,32,0.39822,0.93318,383.47,94.6644,91.1089,70.4949,2.77743,55.8068,50.5367,15.4043,27.4946,4.96797,44,0.230531,0.876502,494.452,111.224,85.5219,34.8927,1.56345,65.5114,60.2204,15.3149,23.8996,4.5993,36,0.296989,1.05288,511.135,147.336,116.273,107.116,2.66247,69.9849,67.4546,19.1805,31.8914,6.50378,40,0.285659,0.829677,2557.59,620.297,599.485,253.799,26.4633,132.25,86.9436,48.4637,62.5897,20.3297,3,0.0791066,2.08813,,,,,,,,,,,,,,,,,,,,,,,,,,,,,,,,,,,,,,,,,,,,,,,,,,,,
decoupled_wbc_h066_p012,2607,complete,90,18,16.0482,4.34984,0.210609,0.167249,380.69,92.9496,94.3089,50.3705,2.15857,60.8238,56.3464,17.1538,32.7789,4.54231,51,0.272392,0.859405,338.435,56.548,87.8228,23.5835,1.6867,56.4128,42.9992,15.7509,26.8078,4.71663,42,0.295161,0.941784,401.879,89.0589,109.012,111.471,3.46119,65.0521,53.2678,17.9758,34.9223,6.83919,50,0.273627,0.882693,432.194,90.1499,110.595,24.2185,1.73429,62.6009,53.2939,17.6458,25.5121,5.37489,31,0.390254,1.16989,343.099,92.8187,99.2008,29.981,2.13642,55.7184,48.6828,16.3572,25.4792,4.59664,45,0.207567,0.784979,525.691,117.253,111.937,28.9043,1.55866,78.6012,70.1183,20.8917,25.5201,6.34198,50,0.29149,0.882771,577.093,136.783,130.457,33.8212,2.70834,79.6366,69.6018,21.7709,25.2274,7.17964,41,0.29863,0.969462,497.826,108.517,96.228,25.1674,1.89472,67.6263,60.9013,18.4994,22.3206,4.25279,37,0.381869,1.05844,532.706,112.286,98.8518,26.5607,1.48971,75.5874,60.7416,18.8881,23.4248,3.5703,32,0.343389,1.00313,489.799,119.116,145.705,47.3286,1.73336,70.0443,63.0767,20.9729,30.7494,3.38369,43,0.243291,1.14477,540.533,110.574,118.086,37.8158,1.38057,73.4319,60.3434,19.9427,27.7289,2.92315,44,0.291764,1.0924,615.196,151.117,150.229,68.5487,1.66759,86.0282,66.6433,24.0199,40.4238,4.12775,43,0.316571,1.20181,414.094,107.334,130.948,35.9963,2.37985,63.8983,60.5475,19.1114,26.1075,3.88524,55,0.218949,0.822804,529.938,133.599,101.852,25.8513,1.76439,77.9913,70.7301,18.3612,29.1144,4.53877,45,0.298121,0.920117,708.541,143.57,115.04,22.1464,2.00244,87.0469,69.3676,19.2303,25.4357,4.01845,42,0.397135,1.16981,886.604,214.06,169.231,85.6639,2.33799,103.285,76.6466,26.3278,37.7025,4.78488,39,0.355299,1.18393,517.953,112.529,150.637,134.283,4.05954,78.6409,57.4168,23.8207,46.0582,6.30183,37,0.354842,1.05013,673.439,155.802,140.845,105.493,3.24667,93.9622,74.2712,22.7697,38.3661,4.67645,37,0.371701,1.07803
decoupled_wbc_h066_p012,2608,fell,60.94,13,17.8539,10.098,0.964069,0.902793,364.134,88.3963,68.2982,19.963,2.75117,56.216,55.2846,14.3613,23.2611,3.89968,43,0.316043,0.932291,431.564,128.778,110.457,37.8602,2.14918,70.7036,60.4009,20.1257,35.1665,5.75141,49,0.28695,1.01911,367.523,102.806,91.473,34.8466,1.56288,62.9884,58.4136,16.9348,25.1951,4.6759,43,0.2796,0.845381,351.021,81.6697,97.3182,34.0826,2.3427,57.6279,49.8045,16.0735,21.31,3.96526,44,0.241414,0.913876,420.936,108.447,97.2554,29.4827,1.78011,66.6887,64.7069,17.7923,23.4053,4.66889,50,0.271521,0.788778,389.52,94.5184,102.578,60.8618,2.0933,63.6259,54.3693,16.9565,26.6381,4.27964,44,0.275968,0.969659,448.763,100.606,98.2516,46.9143,1.7721,67.3374,61.4694,17.0336,27.5445,4.01395,51,0.281897,0.739117,352.026,76.8233,89.8069,27.499,1.55424,56.8429,46.9286,16.9387,21.742,3.63328,44,0.237193,0.940443,366.671,133.956,109.825,27.6866,1.46849,62.9605,61.052,18.7069,26.1172,4.28963,41,0.223989,0.845906,363.546,92.3444,97.0251,32.9627,1.97305,60.5117,53.3137,16.9851,24.2749,4.91907,42,0.31184,0.969432,596.717,123.025,126.261,44.1823,1.51011,80.0565,62.7171,23.0215,32.1409,3.93887,41,0.221974,1.06567,637.635,165.665,148.522,33.5959,2.05085,74.1787,70.8696,20.9442,29.4952,3.64875,36,0.238059,0.975662,1552.01,157.904,243.438,196.838,19.9093,84.4579,43.0692,28.2038,59.5868,18.2118,3,0.143153,4.37132,,,,,,,,,,,,,,,,,,,,,,,,,,,,,,,,,,,,,,,,,,,,,,,,,,,,,,,,,,,,,,,,,
decoupled_wbc_h066_p012,2609,fell,85.96,18,20.4639,6.78558,1.00433,1.85585,462.362,96.9243,104.045,42.8397,2.06422,73.3394,60.234,20.1509,33.952,4.46558,46,0.331209,1.00903,396.243,97.2707,87.0362,26.1173,1.15785,59.9572,55.3342,15.6598,29.2155,2.97633,40,0.317655,0.9805,446.766,103.098,98.1232,33.6874,2.14364,70.1803,64.1948,19.3586,37.4457,5.57623,49,0.277431,0.942844,492.176,104.623,102.333,37.0506,2.14623,75.8329,61.5073,18.3759,35.9973,5.65886,49,0.333037,0.962478,477.385,91.9919,145.736,154.049,6.18043,69.4623,57.4199,20.2716,44.0506,7.61316,41,0.358867,1.1992,463.834,122.5,105.657,49.6051,2.14096,64.8965,64.6653,16.573,34.1134,4.68402,41,0.258567,0.959685,347.221,84.3031,93.959,41.4983,1.44188,56.8327,47.9931,16.3024,28.3842,4.34326,39,0.314053,1.02185,358.381,85.9943,80.2993,25.3798,1.08403,54.9865,54.8901,14.4911,22.0786,4.98216,41,0.286135,0.934247,427.433,109.196,129.36,27.9908,1.1268,69.7948,59.6162,18.9417,26.7261,4.60468,37,0.303741,0.994178,493.203,173.413,149.279,44.1648,2.41068,76.331,71.0186,22.3412,34.5287,5.37096,46,0.276697,0.979268,396.774,86.0471,109.844,64.1233,2.39208,62.1319,51.6561,17.5498,27.156,5.13243,47,0.303608,1.02084,810.701,151.768,136.787,48.1881,2.04896,96.3397,70.5835,25.85,30.3481,5.59382,38,0.393926,1.26926,533.388,164.919,126.838,110.846,3.19842,77.3354,66.7617,21.4883,30.8966,5.62975,50,0.270297,1.02855,403.724,77.9249,97.1418,30.0479,2.25654,65.2522,48.1172,16.9379,24.8548,4.07185,45,0.309133,0.947776,575.433,105.916,98.9579,42.5706,1.36422,82.0516,59.8771,19.7433,32.3853,3.75661,41,0.344389,1.03428,475.881,137.105,107.496,92.9346,1.8734,70.3596,66.1561,18.9989,31.4573,4.64557,44,0.270227,0.979208,1093.39,209.835,175.392,56.3822,2.46351,102.343,85.75,30.8037,38.5498,5.54873,48,0.25733,1.11586,2032.89,254.287,279.664,42.4164,6.31183,78.3427,49.3309,23.6049,24.0103,5.08821,1,0,1.0886
decoupled_wbc_h066_p012,2610,complete,90,18,28.3815,3.63465,0.146317,0.181693,321.53,48.1452,59.4605,15.6365,2.00205,56.2626,40.5653,14.9108,22.544,4.15628,48,0.262674,0.85237,371.704,88.4106,97.7253,24.7625,2.32315,57.2793,48.2612,16.3077,24.9165,5.07088,44,0.305938,0.964395,393.457,110.038,120.014,69.541,2.30143,62.8802,59.2674,17.5902,36.6535,5.38408,42,0.274838,0.909726,429.911,93.2949,105.753,29.2595,1.24283,63.581,58.0712,16.3552,27.043,3.30383,45,0.30872,0.922624,447.057,98.4621,120.358,29.3178,1.40448,62.6151,50.58,16.9293,28.1356,3.35042,44,0.318061,0.992067,509.682,106.72,145.027,142.24,3.6434,73.0716,58.5387,20.8399,40.2483,7.54115,51,0.328812,0.896943,491.004,103.874,83.771,164.273,3.81219,68.4256,53.2594,17.8168,40.1535,7.71744,37,0.344464,1.1912,401.333,95.2567,131.167,100.695,2.61524,58.886,55.1813,16.709,37.4357,4.30834,45,0.239549,0.779048,374.004,85.4589,101.67,108.781,2.15636,56.5171,53.8038,15.0732,32.6842,3.27864,45,0.27613,0.838678,380.895,128.537,108.26,44.2971,1.35605,60.9044,65.8472,16.8228,27.6753,2.7546,49,0.220484,0.806242,516.912,161.503,114.642,42.8572,2.17179,64.9408,60.2198,18.2065,26.931,2.83148,42,0.194542,0.790021,412.513,97.2307,84.3856,44.472,2.62295,57.1429,57.2486,14.4462,21.2196,2.75928,34,0.274428,0.945158,1281.77,298.735,185.828,69.0943,1.94862,119.373,94.1568,30.828,49.6714,6.95336,29,0.350379,1.52536,866.568,371.37,175.63,60.5332,2.19537,95.3435,90.6975,28.4734,40.5192,7.40072,36,0.362161,1.18906,607.903,131.86,180.28,148.194,17.2965,81.9532,67.6354,24.7131,49.1293,11.1026,35,0.275242,0.97138,428.513,111.249,99.9006,35.6095,1.42532,61.3043,58.5899,16.9548,28.8595,3.15912,36,0.363107,1.12237,761.92,129.068,166.084,243.608,9.91043,87.0877,67.7063,22.8323,65.3965,9.19814,35,0.365722,1.24877,423.834,77.1409,93.8577,21.51,1.49718,62.6872,54.2354,17.2794,27.808,3.88798,46,0.270164,0.930862
decoupled_wbc_h066_p012,2611,complete,90,18,13.7067,2.13412,0.18247,0.173799,399.54,73.1484,97.6739,37.7286,2.31723,61.2223,52.0264,17.6514,26.8211,4.47262,41,0.337235,1.02527,340.367,77.0976,88.0551,22.9434,2.30317,57.9266,53.0113,16.7357,28.6609,3.83845,50,0.243545,0.872923,384.317,103.581,109.842,34.2622,2.22928,66.152,56.3903,17.6534,33.646,3.80772,37,0.283911,1.03937,332.886,102.334,102.016,32.9234,2.62712,57.4518,53.8602,16.9493,30.9207,4.76325,44,0.259439,0.919153,315.929,59.7591,85.2032,46.0036,2.34122,53.7148,42.5819,15.1303,29.8417,4.56392,44,0.236571,0.873848,363.144,95.2318,85.0837,37.9003,1.72189,52.0177,52.9244,14.7396,31.482,3.52597,32,0.283842,0.900129,274.122,72.5325,68.7392,32.0633,2.35991,49.3632,41.1474,13.9362,27.55,3.7769,39,0.232372,0.88089,293.248,81.8108,65.92,30.7068,2.0184,47.7911,51.9322,13.4557,32.1085,3.47706,50,0.214119,0.802405,428.631,98.3005,72.7405,35.6098,1.85615,58.2413,56.9304,16.1809,35.4866,4.24208,35,0.328397,0.991453,420.215,98.9431,79.5233,39.4214,2.40532,60.4971,51.1851,15.3479,30.4182,3.7542,37,0.250495,0.977833,362.099,111.973,96.7034,60.2405,1.8029,63.1018,59.6414,17.0275,31.2167,4.87364,41,0.264826,0.928559,428.949,101.665,100.97,33.3029,1.49052,69.4635,55.3538,17.2799,26.0102,3.59273,52,0.282475,0.97382,357.723,126.798,108.834,35.1008,1.31983,56.0166,64.3309,16.3293,25.8974,3.84174,40,0.256495,0.846231,642.451,146.876,131.016,81.9343,2.25625,82.8331,64.0436,21.0106,35.0204,5.88374,38,0.291057,1.09373,276.202,94.418,86.2334,34.9707,1.33423,45.4824,49.7666,13.5439,19.0421,3.2734,39,0.195663,0.761622,349.58,105.323,92.7273,47.2831,1.1797,53.3042,53.5864,16.0652,28.0767,3.44994,39,0.22614,0.879626,400.39,100.416,91.3857,33.3124,1.32019,64.099,55.7661,16.9112,20.9357,3.60212,54,0.219729,0.798726,496.078,150.312,123.401,49.2206,0.986492,71.5477,65.6229,19.3673,25.4096,3.45452,52,0.252104,0.913254
decoupled_wbc_h066_p012,2612,complete,90,18,17.8033,3.05732,0.0981711,0.210297,393,76.1947,109.922,21.2189,1.26925,67.1844,54.0777,19.4232,29.8062,4.11501,40,0.285667,1.18229,522.286,107.692,118.493,26.9556,2.3224,74.5502,61.818,20.3737,31.5359,4.60716,48,0.300749,0.957232,559.72,113.541,172.62,33.6938,1.62009,78.3511,64.631,24.5847,33.5495,6.11973,41,0.392176,1.42574,433.579,82.5209,98.2819,27.78,2.97272,60.9381,54.6543,17.2588,25.091,6.44294,42,0.333011,0.870043,334.939,75.454,73.0202,17.5733,1.79452,59.0478,44.5659,16.5608,22.2578,4.1843,43,0.330217,0.942337,430.371,83.4069,92.3151,21.5507,1.88677,68.8254,52.7679,19.6091,27.8676,4.78928,47,0.3685,1.02035,369.332,71.845,49.9506,95.766,4.92313,53.0975,47.5967,12.8158,27.3084,5.092,34,0.338197,1.00986,417.327,91.4066,108.833,28.7649,1.36435,61.7319,53.8996,18.8224,29.851,4.47439,40,0.276202,0.910328,415.254,99.4716,98.6809,21.8925,1.22302,63.6855,57.4593,18.1741,29.2267,3.87213,35,0.343085,1.05805,696.184,274.606,188.183,29.2952,2.17363,92.5876,86.4134,29.2276,38.4846,5.75426,36,0.334523,1.20114,543.49,139.161,158.643,19.8124,1.51587,77.3517,67.2493,23.9614,29.758,4.69354,36,0.391693,1.04022,495.917,96.2833,151.717,254.246,9.04982,65.2133,53.9329,22.9553,54.5788,10.744,37,0.264101,0.950215,401.219,78.9004,84.1277,20.3558,1.72507,61.0547,49.9537,16.6167,24.2319,3.59116,38,0.330971,1.11909,556.04,100.659,99.5066,54.5341,3.22009,78.5517,57.2316,21.7147,34.9152,6.16993,36,0.367317,1.39497,468.177,111.261,105.423,24.8002,1.40528,69.4129,60.6718,20.3881,28.4691,4.54319,38,0.280944,0.98905,408.357,82.1947,82.5509,26.4772,1.49995,60.5787,48.9389,18.0771,23.5598,4.3391,39,0.256493,0.981775,480.956,103.758,125.232,153.855,4.45784,70.9979,53.4826,21.667,44.3226,7.7558,35,0.314671,1.07986,324.911,83.1078,95.9927,21.883,1.52847,51.9001,51.1939,17.4501,25.3023,3.57816,51,0.227192,0.832692
decoupled_wbc_h066_p012,2613,fell,81.14,17,19.5222,13.6366,0.981953,0.817021,558.216,112.401,105.098,25.3374,3.21613,84.182,64.3129,21.8659,32.789,5.97759,52,0.321183,0.916112,419.485,87.343,101.533,59.5208,3.39656,64.5634,51.1093,17.4675,26.3078,5.67892,46,0.337599,1.04677,457.781,126.023,87.1285,35.9628,1.89665,72.2891,65.4261,15.9918,23.8793,4.11644,47,0.355927,0.900118,344.356,109.435,113.021,33.8754,1.0697,54.9537,57.3669,16.3576,23.7258,3.27417,33,0.216258,0.806895,366.973,111.385,96.2448,42.6606,1.53262,57.6324,59.32,16.7858,23.9299,4.09367,47,0.227799,0.817456,392.685,108.367,105.576,35.3102,1.86368,60.9634,51.5513,17.2359,20.2694,4.70619,50,0.217736,0.893303,480.907,94.5728,117.973,21.284,1.89018,73.1088,62.2059,19.2518,21.49,6.45156,46,0.337233,1.00389,448.472,104.887,101.711,23.1326,1.91119,73.621,64.6803,20.3439,22.0956,6.49143,50,0.324937,0.872601,384.543,73.8506,74.5167,23.7514,1.44153,59.7781,49.1535,15.5046,17.39,4.51762,46,0.295437,0.86739,588.511,193.455,138.088,37.3101,2.50699,84.41,74.9373,23.2327,29.8795,5.6175,40,0.342601,0.99544,443.296,103.265,90.2465,31.816,1.55725,66.1294,64.1446,17.2362,21.7826,3.27957,43,0.336804,0.805902,404.443,95.2841,115.796,39.5305,2.00838,66.3791,55.1237,20.2085,26.254,3.88593,41,0.358947,1.10482,547.722,127.309,94.3722,82.2558,2.79408,70.4032,67.6508,16.195,29.6914,5.07773,48,0.31825,0.99613,377.94,90.1708,99.2693,27.0497,2.13157,60.4719,56.78,17.1343,20.1569,5.10392,48,0.274435,0.928462,398.217,97.6697,108.775,37.4349,1.57009,62.6439,55.2162,19.1706,23.3889,4.57941,43,0.328536,1.00631,498.952,93.1616,129.811,30.8893,1.37351,70.5462,52.0394,20.5076,24.9308,5.08168,40,0.347281,1.28252,2031.1,402.396,416.866,70.03,8.50964,100.502,59.8754,37.7119,45.3784,16.2348,3,0.0859121,1.65436,,,,,,,,,,,,,
decoupled_wbc_h066_p012,2614,complete,90,18,15.4946,3.3614,0.143942,0.150842,439.214,89.5693,78.0444,22.7043,1.16058,67.2009,59.2641,16.7264,25.6822,3.68858,46,0.315447,0.992895,390.353,81.0566,101.063,27.2134,2.50011,60.0245,52.0036,18.0331,23.9848,4.74459,40,0.301243,0.98224,410.123,99.7639,111.914,29.3704,2.71717,65.5115,59.7681,18.6033,24.8267,6.17978,43,0.311826,1.00832,571.261,151.564,149.077,24.8723,1.60236,80.9959,78.8822,22.884,28.2767,6.24461,51,0.340169,0.951096,440.874,99.8076,114.762,20.7819,1.93366,64.9404,56.0404,19.143,21.9506,5.31294,39,0.271885,1.00899,489.939,117.723,123.97,65.0816,2.66394,66.1643,51.4637,18.4658,25.1497,5.72529,32,0.325952,1.10718,664.369,271.996,129.465,46.5646,1.73142,86.4364,85.4396,21.3443,33.4707,6.01275,32,0.435171,1.17391,262.475,96.5439,74.3383,41.5038,1.61525,43.6493,44.6127,13.9048,24.0152,4.26695,32,0.223808,0.93798,380.132,101.19,92.0814,39.7078,1.33429,60.9575,56.1582,17.6156,22.0244,3.81473,37,0.338291,0.889252,290.075,105.088,84.2171,32.5843,1.50682,52.5098,54.5802,15.2203,20.1061,4.53401,50,0.179386,0.736948,353.917,107.385,99.3457,36.981,2.48119,56.2394,58.7487,15.879,20.2903,4.02562,46,0.272418,0.806822,374.812,134.525,118.43,38.7007,1.93866,68.9057,61.1392,20.6713,26.3645,4.43346,45,0.317031,0.862999,416.433,80.8334,80.0908,41.5407,1.3181,60.6389,50.5026,14.9686,21.6422,3.50797,37,0.328638,0.913002,404.672,103.881,80.5535,35.8203,1.18235,54.8897,54.6875,14.2973,18.5581,3.70128,38,0.311326,0.869425,545.442,171.635,133.099,96.0968,1.52291,75.399,77.5798,20.0971,33.8267,5.18904,41,0.256838,1.06753,491.285,116.429,105.887,43.3369,1.32168,65.5281,57.5321,16.7441,27.2161,4.24189,52,0.255892,0.943866,320.74,109.749,102.79,30.6258,1.02833,55.2566,59.8609,15.4287,21.5905,3.60091,44,0.195844,0.834032,517.919,128.816,132.1,173.716,8.50257,70.1381,64.7781,19.3569,32.8638,8.72419,44,0.210904,0.83344
decoupled_wbc_h066_p012,2615,complete,90,18,12.0319,2.85499,0.193358,0.186961,439.221,87.9443,79.644,18.4782,2.69965,62.0648,56.0249,15.7977,26.3375,4.72318,39,0.361687,1.20029,322.01,71.5139,80.3411,24.0486,2.08972,53.9719,46.8849,15.2895,24.952,5.08134,48,0.283586,0.869836,414.545,93.0436,108.974,26.4834,3.18648,66.6136,52.0339,18.4335,31.7484,6.0522,38,0.381578,1.09744,473.729,107.77,112.864,28.8648,1.65415,78.7124,66.3829,20.1318,27.9956,5.8432,51,0.324259,0.866202,405.463,98.222,109.208,28.2051,3.01658,63.1535,58.9794,18.3417,26.3628,4.33199,52,0.268416,0.852527,422.454,100.328,133.898,57.6081,2.04673,72.2276,60.0928,20.3987,28.4846,5.74864,44,0.328094,0.979849,458.265,123.891,118.242,34.566,1.69777,62.5637,59.2944,19.0328,23.4687,4.52326,37,0.213905,0.904124,403.333,104.206,119.696,65.2856,1.76099,63.0821,54.7059,17.6769,26.2383,4.71523,29,0.308789,1.06805,442.042,127.049,124.283,40.1533,2.1541,65.6878,67.9772,18.8247,24.6898,4.26782,37,0.238674,0.901455,554.192,160.587,164.071,147.528,3.9224,79.0377,71.993,22.9525,36.3871,5.56925,40,0.312061,1.00453,488.608,124.896,135.254,42.7467,1.84809,69.0799,60.9705,20.0675,26.2436,3.3193,31,0.235301,1.16852,628.313,163.545,142.556,99.179,7.49074,88.4191,81.6797,21.7713,33.3623,6.81885,44,0.292259,0.952274,645.492,126.78,263.801,189.877,23.4332,92.6822,59.0603,31.2529,64.1486,16.3323,47,0.359563,0.972506,457.201,103.187,122.688,26.0803,1.67359,68.6711,53.6999,18.3758,22.0779,3.49101,42,0.319681,1.01938,401.242,87.912,77.4187,163.836,15.0821,60.2272,50.2839,17.1267,37.5908,12.8559,37,0.344588,1.19155,590.544,133.47,118.896,166.846,5.31374,80.1878,67.3236,19.1123,35.4645,6.2199,42,0.34102,1.01545,450.717,138.989,141.687,42.1903,2.34419,68.8498,56.1976,21.3665,24.1608,3.6928,40,0.358741,0.998768,377.138,82.9694,94.7,33.663,1.68616,58.0716,54.6242,15.9503,19.3844,3.71429,41,0.335314,1.03884
decoupled_wbc_h066_p012,2616,fell,60.7,13,21.0651,5.35525,1.50638,2.88379,375.824,98.531,103.291,35.9981,2.33087,60.79,57.9988,17.7012,28.3413,4.16408,31,0.306117,0.98619,387.044,102.296,126.458,32.378,1.91536,59.4608,55.9123,17.6632,27.0905,3.77483,30,0.342854,1.01956,376.885,107.979,88.8817,60.3888,2.13075,57.2537,56.307,14.9338,27.0926,4.52682,48,0.283337,0.868317,507.156,121.278,122.469,48.4129,2.70013,70.2319,63.9483,18.4853,27.2179,5.29314,34,0.327579,1.01508,377.412,107.6,100.984,29.2076,2.30116,65.3227,57.5761,18.5146,27.6236,4.0743,46,0.339079,1.08749,392.885,96.064,97.5955,30.4717,1.26777,67.81,54.6614,18.7235,33.4633,3.53709,40,0.312935,1.05531,392.501,72.0287,83.8607,26.2965,1.49152,61.8726,47.6426,15.5877,26.4364,2.6186,39,0.3085,1.09443,492.445,99.3277,101.152,32.641,1.34331,76.1339,61.6432,19.9303,37.3968,3.52536,46,0.366872,1.06134,523.68,110.855,117.828,90.1253,2.58464,73.9757,54.1516,19.244,37.3386,4.80969,36,0.44363,1.34987,378.292,99.8754,105.121,38.2312,2.05513,65.0139,59.5763,17.6009,31.0867,5.00653,45,0.238589,0.996407,342.396,78.6942,63.9779,28.2615,1.70868,51.5537,49.3031,14.1758,23.2054,3.99672,41,0.240842,0.897592,635.39,105.345,151.24,152.16,2.86269,86.7476,64.7083,22.6607,36.8415,6.11781,39,0.367249,1.07232,742.748,79.9937,96.9966,21.8619,0.272402,40.3246,23.124,11.931,13.0505,1.32515,1,0.524872,1.94032,,,,,,,,,,,,,,,,,,,,,,,,,,,,,,,,,,,,,,,,,,,,,,,,,,,,,,,,,,,,,,,,,
decoupled_wbc_h066_p012,2617,complete,90,18,16.6035,3.18278,0.191088,0.197631,474.103,111.334,124.882,70.7042,1.84079,72.5292,67.6495,19.4269,33.8082,4.59353,50,0.263843,0.965136,431.011,81.9634,114.216,18.3762,1.55425,67.9737,49.3956,18.76,30.1795,4.54374,40,0.303495,1.07568,374.117,97.3723,105.535,27.3394,2.1679,61.0033,57.7671,16.559,32.8849,4.557,40,0.304889,1.05601,405.028,82.6405,75.6598,26.1332,1.34511,55.7859,52.9085,14.4066,27.1808,3.96568,35,0.370632,1.03262,442.477,99.4344,122.37,24.9241,1.40204,65.4715,55.2375,18.5309,33.489,5.0107,42,0.302815,0.966721,351.248,77.4151,111.58,36.7533,1.7234,55.5924,46.6828,17.6951,32.4644,5.078,36,0.331125,1.02723,489.406,127.443,123.519,44.9254,1.47149,75.3443,61.969,20.5446,40.7868,4.78486,40,0.3281,1.10183,401.283,83.9131,94.763,28.3979,1.3191,60.6456,50.5096,17.4257,31.3876,2.69978,41,0.369652,1.07637,389.149,113.795,93.1814,25.5775,0.846826,59.4524,60.6887,16.8742,24.4384,3.40204,46,0.287179,0.833428,875.421,337.807,170.048,46.2522,1.69292,103.399,84.4662,26.374,36.9722,4.52974,33,0.436061,1.19189,409.421,124.404,145.383,100.068,2.32684,66.4774,65.9246,20.4246,29.6699,4.22679,50,0.255132,0.89746,897.499,184.471,193.889,34.9734,1.55957,95.5532,81.2616,27.1496,31.9777,5.6438,38,0.276205,1.11907,524.307,117.849,101.763,39.863,1.06135,77.0266,63.4143,19.433,25.2753,4.64497,43,0.341215,1.10458,739.139,158.824,158.991,34.2115,2.15795,89.482,72.9314,25.8015,26.8213,6.88872,49,0.22328,0.915061,520.181,100.392,92.7617,26.7371,1.69195,74.3854,63.0196,18.8379,21.654,5.7657,45,0.310654,1.0065,324.798,93.7037,88.6068,26.738,1.47425,59.1556,55.2014,16.6282,18.4918,5.87544,42,0.292956,1.05003,425.542,107.258,114.732,27.0267,2.00568,68.2256,60.1336,18.7068,25.1568,5.52305,40,0.304434,0.929948,458.966,113.953,106.971,30.9156,2.67842,63.7736,58.1595,19.3374,26.1491,5.45153,40,0.329878,1.04391
decoupled_wbc_h066_p012,2618,complete,90,18,35.471,2.88099,0.343501,0.241522,412.907,113.848,127.502,23.9341,1.90976,67.7439,61.366,20.1596,32.85,5.22895,45,0.289121,1.08705,451.923,105.988,116.864,67.0254,1.84216,70.2089,56.1103,19.706,35.7943,5.31272,43,0.297857,1.01378,436.13,82.2036,76.31,49.0784,1.72024,59.9571,53.5103,14.8574,29.5261,4.42335,36,0.357242,1.1555,395.082,109.195,105.612,64.2384,1.81169,57.4668,59.8966,17.1443,37.4989,4.63838,40,0.261124,0.964079,478.551,107.223,144.567,88.9849,2.06861,71.9085,56.5443,21.0222,32.8136,6.11497,44,0.31242,1.16323,746.345,208.812,134.161,43.0511,2.61912,95.2959,80.8754,23.75,33.9062,4.9515,47,0.346861,1.02989,514.669,133.199,104.14,38.7519,2.11373,78.2738,73.6198,18.4135,25.2449,2.99478,48,0.30271,0.899481,424.337,102.11,109.943,28.759,1.73344,67.3191,56.4252,18.4541,24.0683,3.79108,38,0.339908,1.12917,373.159,111.903,113.667,32.8489,2.07657,58.3069,60.8537,16.8214,25.1414,4.26971,40,0.214853,0.830383,462.528,134.741,126.45,40.5417,1.75672,72.6227,67.0276,20.5628,35.4621,4.51836,43,0.266853,0.969101,629.293,117.411,109.285,41.0681,1.66138,75.2209,59.5424,19.974,36.42,3.97023,36,0.362369,1.22587,448.369,103.588,92.8032,36.4501,2.54445,70.7295,60.8918,18.1211,34.1378,5.03387,52,0.307609,0.823371,480.221,99.4598,114.325,185.157,13.3794,68.5051,60.8216,18.9254,52.9557,15.3512,34,0.323873,1.11042,483.491,92.4539,93.9969,193.482,3.92724,71.3974,57.0503,17.9352,45.2049,8.8912,45,0.294857,0.971285,1419.28,219.449,209.161,47.8723,1.28033,123.203,97.3395,36.9092,47.3098,7.80981,39,0.349121,1.54376,525.807,106.486,81.0869,27.9468,1.85344,70.3969,66.1093,15.9329,22.0527,4.09212,45,0.392679,0.966158,420.893,107.44,121.519,50.281,1.80809,69.1009,57.1397,20.3231,25.8796,3.89371,36,0.342094,1.02446,378.582,116.634,117.011,114.936,3.36825,54.2696,52.4549,18.4082,29.7282,4.92876,28,0.20427,0.90126
decoupled_wbc_h066_p012,2619,complete,90,18,13.1554,2.6719,0.215691,0.132676,362.219,57.5856,92.3132,20.8471,1.92167,60.1242,46.3434,17.8668,26.1131,3.84492,43,0.275241,0.996675,350.581,75.2143,116.36,25.802,2.82518,62.819,47.2949,18.8504,28.7998,4.80913,42,0.315756,1.3087,340.073,81.6261,115.516,42.8988,2.46569,60.8216,51.3277,18.38,30.468,5.08586,45,0.291482,0.974556,399.149,104.067,76.3484,53.4739,2.14345,57.798,57.289,14.56,29.6838,5.25983,44,0.32469,0.96517,489.053,109.936,141.207,36.4241,2.0877,70.9978,59.72,20.5888,35.5956,5.95167,35,0.346843,1.19583,472.358,102.637,118.787,25.8752,1.82526,71.4488,60.167,18.4017,27.8632,5.88133,29,0.397136,1.17697,541.299,125.008,115.486,35.126,2.68618,81.4965,62.8747,20.9141,31.0435,5.58592,41,0.338823,1.02982,412.528,123.494,119.291,34.9362,2.17741,57.7021,67.7681,17.4707,24.6509,4.77005,31,0.26336,0.849551,391.641,98.0023,109.347,34.8169,2.31207,60.6808,53.2144,17.4927,21.6363,4.61314,43,0.271727,0.849365,410.44,89.764,73.8488,31.8095,2.04322,57.1498,56.8079,13.6307,18.0729,3.44656,36,0.391216,1.19777,916.273,162.121,193.4,40.8648,1.63589,97.8121,70.8786,29.8282,30.7504,6.12765,48,0.26326,1.14415,455.616,117.786,109.062,31.5624,1.38854,68.7754,63.3528,18.7424,22.8257,5.79803,51,0.212658,0.892185,523.674,159.661,117.628,27.7076,1.71238,72.9886,73.1248,19.2214,25.2842,5.87391,54,0.251233,0.855715,512.485,105.695,103.768,29.9829,1.73287,71.9158,59.219,18.1892,23.6441,3.97762,37,0.367484,1.02562,599.356,168.582,122.534,32.3735,2.20774,80.6333,77.6983,22.8542,34.4038,6.68335,41,0.276994,1.12156,476.933,121.276,98.0189,29.6006,1.1551,67.2728,61.6354,16.4327,25.0135,3.57502,42,0.322351,1.00263,445.857,122.149,106.916,47.0889,2.28762,66.5449,65.0591,19.5395,29.9774,3.60626,46,0.235161,0.95638,411.728,123.504,160.714,137.111,5.81452,59.6616,63.6636,20.9901,47.3817,7.55463,33,0.225823,0.975267
decoupled_wbc_h066_p012,2620,complete,90,18,14.337,2.93909,0.376778,0.332974,436.427,103.754,95.2108,24.073,2.1181,70.5213,61.499,18.677,29.4478,4.42016,48,0.305653,0.86177,420.889,71.5024,101.087,33.1179,1.39017,63.5125,45.6422,16.9295,22.7528,3.75074,39,0.342825,1.06792,394.984,117.55,115.008,42.3775,2.17165,60.2186,60.2266,16.7631,26.9441,3.40742,41,0.251606,0.815569,304.217,82.626,83.3748,34.8659,2.30306,47.8056,49.9782,14.0994,19.2408,3.18491,39,0.281429,0.765557,281.023,91.1853,91.5707,36.0699,2.11945,46.0945,48.7773,15.2225,21.228,4.00657,36,0.223917,0.836108,375.69,110.191,92.8256,33.8255,2.74255,55.7345,59.8017,16.339,20.3271,4.81884,35,0.244948,0.945459,687.747,158.161,127.127,37.1067,1.78998,92.4354,73.3095,23.3284,26.1261,4.84272,39,0.350678,1.04613,371.951,107.319,90.037,30.9154,1.76552,61.8279,52.8159,17.7804,22.7724,4.44688,40,0.343817,1.01719,396.237,96.9932,97.2901,31.7229,1.02735,63.8598,54.5505,16.7156,22.6818,3.77502,33,0.323635,0.915414,574.232,155.633,131.479,112.052,2.73569,76.9215,61.1104,22.3741,34.5268,7.22556,33,0.370132,1.11138,420.045,112.146,110.92,38.6701,1.68972,67.4586,59.626,17.7714,25.5304,4.33554,40,0.272234,0.874459,360.269,99.5411,93.7129,31.2045,2.58519,61.0689,51.0488,15.7685,20.4595,3.39194,41,0.264213,1.03488,505.007,82.1014,127.778,75.0735,2.89997,62.604,50.3656,16.3466,27.0766,4.20701,29,0.370457,1.13048,462.563,131.369,123.75,52.5894,1.96423,62.4408,56.1401,17.7165,29.1867,3.93213,33,0.350126,1.06674,1190.03,223.916,240.368,80.9432,2.17019,111.289,77.3405,31.1202,46.2119,6.70229,37,0.323292,1.30827,435.757,132.8,107.384,51.6462,1.60676,66.2071,54.3355,18.2339,29.4838,4.59716,50,0.270991,0.876586,519.74,162.716,108.49,48.1776,1.50302,62.4289,62.5906,17.196,29.21,3.67056,32,0.386031,1.02186,540.369,113.716,108.82,46.111,2.48151,73.6504,57.5225,17.7223,26.9554,3.64712,41,0.272252,1.00974
decoupled_wbc_h066_p012,2621,fell,76.04,16,22.8896,13.513,1.43923,1.81,408.693,90.5081,96.8812,28.5205,2.48062,65.5933,56.5814,17.244,27.4645,4.55169,40,0.270684,1.01265,549.271,139.938,165.275,31.8675,2.02556,81.058,71.2517,24.2378,31.37,6.4519,44,0.302795,1.09025,438.714,103.584,113.062,21.1174,2.77054,66.5778,59.5298,19.5898,25.9638,6.56012,46,0.303479,1.01051,368.773,82.0585,82.6689,45.1708,2.48669,62.8665,52.7823,16.5306,28.5139,6.48136,46,0.342509,0.979447,378.214,70.2527,118.777,26.9052,1.91162,55.2538,44.2452,17.2052,29.3023,6.07628,40,0.297882,1.02584,427.435,83.0734,115.901,37.0029,2.3287,66.4248,52.1255,19.0631,31.8497,6.46753,42,0.297199,1.20114,1281.93,215.079,185.282,58.1006,2.86126,101.367,81.4455,27.5438,36.8253,7.01778,37,0.285114,1.11813,399.915,110.687,99.7159,42.3079,2.02097,63.3524,60.5855,16.2648,27.7301,4.94932,45,0.239625,0.988663,388.44,120.883,123.456,37.3282,1.1749,61.2394,60.6479,19.4678,26.7587,4.7868,37,0.216416,0.925865,415.331,95.5646,132.583,83.2529,4.17346,66.1068,51.2666,19.2918,26.8969,5.38199,45,0.297919,1.04288,551.493,106.688,115.481,36.3202,2.10782,76.9424,59.4488,21.3544,24.888,6.1276,39,0.303882,1.14768,479.788,100.77,93.4365,29.844,2.02547,71.8351,59.9991,19.2507,23.9677,4.74781,43,0.303779,1.03069,465.475,130.947,123.606,40.8158,1.51621,69.9622,68.6858,19.8038,28.9045,4.37693,45,0.25946,0.987882,708.625,130.522,130.972,90.7988,2.88785,83.5296,66.3324,19.3478,33.2343,5.02647,35,0.376668,1.1688,468.794,93.4861,90.1526,27.5232,1.04203,73.8547,60.2033,19.1582,25.5065,3.78517,41,0.395586,0.967626,2182.36,400.286,366.005,128.659,10.7505,109.143,52.8103,24.7613,38.2245,11.2802,3,0.087738,2.07455,,,,,,,,,,,,,,,,,,,,,,,,,,
decoupled_wbc_h066_p012,2622,fell,45.56,10,23.3726,9.18294,3.02851,3.22227,473.269,102.392,90.576,19.1342,2.51973,76.4732,63.5749,18.5005,29.2572,4.07734,43,0.382293,1.10907,482.667,106.516,100.061,25.7028,1.63094,71.829,66.0418,17.7655,25.433,3.11201,50,0.314939,0.850027,436.892,124.95,117.231,32.9121,1.41702,70.1484,65.7261,18.6143,27.2857,3.17458,42,0.323308,0.831593,457.127,94.9768,90.4145,21.4414,1.21792,64.1902,58.3936,17.4764,24.0809,2.85789,50,0.28891,0.884627,458.463,95.1479,115.572,26.4108,1.78343,69.5291,60.0077,20.3126,30.6948,3.51921,45,0.356257,1.02912,511.952,134.249,143.446,37.2153,1.23097,72.5106,68.8163,20.7402,31.235,3.28241,37,0.295962,1.15009,497.239,103.713,109.342,32.412,1.37251,66.8861,60.0593,18.0584,25.0642,2.84041,30,0.341234,1.24731,541.01,129.265,103.148,40.4689,2.26516,75.6226,70.5836,18.2545,33.6515,4.09846,42,0.371638,1.14612,545.864,113.987,128.134,91.6813,3.50518,77.4911,62.4396,19.673,35.4971,4.82739,42,0.382845,1.11482,889.474,95.3135,152.517,151.845,9.48602,34.3249,14.9634,11.2978,31.8631,7.70659,2,0.411911,1.27683,,,,,,,,,,,,,,,,,,,,,,,,,,,,,,,,,,,,,,,,,,,,,,,,,,,,,,,,,,,,,,,,,,,,,,,,,,,,,,,,,,,,,,,,,,,,,,,,,,,,,,,,
decoupled_wbc_h066_p012,2623,complete,90,18,15.2524,2.94883,0.143346,0.166447,417.227,86.3916,87.8094,75.3416,2.36659,60.7972,54.6446,16.2157,26.5683,4.05483,42,0.330218,0.927991,392.661,92.4546,103.772,22.488,2.27104,62.5691,49.4127,18.85,22.6938,3.62986,46,0.340756,1.06734,432.316,91.7192,107.928,27.9797,1.62333,72.9748,59.3833,18.6723,22.6111,4.00699,47,0.279642,0.959087,379.33,96.3247,89.9158,21.5624,2.94278,65.0861,54.7105,17.4343,20.6931,3.61824,44,0.308789,0.912714,454.126,107.137,116.467,44.2679,1.44339,62.501,59.4748,18.3904,24.8924,4.85436,38,0.285941,1.09503,388.302,118.28,112.303,31.4791,1.80163,67.2908,62.462,19.4619,22.3548,4.93523,51,0.248064,0.800499,560.849,176.637,140.187,73.6574,3.07727,85.3494,78.4235,20.7845,28.6862,6.04071,43,0.374782,1.07024,378.308,111.757,108.859,23.7057,2.28263,66.2564,58.7538,18.9252,25.3714,4.23453,52,0.277322,0.846292,635.532,174.487,156.039,132.121,9.53853,85.3588,72.188,24.9865,36.061,10.311,46,0.315256,1.02956,426.072,114.497,124.72,82.577,4.34345,64.6169,61.7696,19.2871,29.8608,6.37575,32,0.337689,1.02003,485.332,115.616,128.164,24.0566,1.75621,75.5714,66.1496,22.3246,25.1071,5.29806,38,0.368538,1.19066,452.019,103.236,130.776,29.665,1.71232,67.4243,60.7947,20.7382,22.6692,5.39149,36,0.322934,1.00619,503.155,117.238,130.065,26.1016,2.13081,67.4406,61.9631,19.9714,25.1182,4.14817,44,0.296758,1.05242,673.613,151.3,231.114,139.059,5.8712,99.2966,77.5565,30.7125,51.0798,9.8905,53,0.34663,0.958567,415.323,95.2938,81.8021,48.3599,1.36557,62.2499,54.4148,16.1747,24.1225,3.29734,38,0.287543,0.959134,448.091,96.8049,119.276,41.9258,1.72559,67.2404,59.4081,19.9883,25.4519,4.48667,53,0.291688,0.943981,405.824,111.931,119.225,38.3549,2.78292,67.5016,63.3623,20.6668,27.5425,4.64906,43,0.284674,1.028,620.568,170.53,158.661,96.0064,3.06216,83.1526,65.3809,20.9503,31.2079,5.21741,35,0.327129,1.26425
decoupled_wbc_h066_p012,2624,complete,90,18,36.5258,3.10267,0.162072,0.145216,446.515,72.6095,78.6234,32.4075,2.50212,66.4899,52.818,17.6506,26.312,4.29471,43,0.298571,1.05563,396.097,83.9511,111.615,26.3343,2.04422,61.7973,51.9701,19.029,30.353,4.84878,35,0.286709,1.08063,364.64,82.7513,102.031,23.1883,1.64795,57.6308,53.5271,17.361,24.8166,4.002,48,0.32295,0.917862,378.059,85.8778,87.3567,36.5914,3.06027,60.8443,53.4515,16.6677,29.0183,5.56757,53,0.292236,0.949123,464.949,102.947,127.636,38.8021,1.76589,68.8056,56.0152,20.3517,29.5347,4.40902,43,0.344319,1.03189,452.151,97.4489,112.451,95.5141,8.71965,67.4137,56.5455,20.9298,36.3569,6.91387,48,0.349731,1.04365,370.03,81.6436,85.5972,17.8566,2.94119,58.8372,55.2618,17.3018,21.2571,4.87883,49,0.259271,0.944119,624.725,114.219,178.418,28.7637,2.18291,85.6635,65.0415,26.7585,30.7892,7.40579,43,0.379841,1.24826,394.93,84.0754,76.9814,19.6625,2.31735,57.4785,52.5834,15.9446,20.3737,4.53954,37,0.360173,1.13912,626.898,132.772,158.052,70.9667,3.06073,82.8534,69.4835,25.5149,37.3497,8.62705,38,0.313344,1.09426,487.059,101.072,88.8168,23.4669,2.06993,67.262,58.7527,19.1791,24.3939,4.80833,40,0.32906,1.03559,1712.17,512.425,473.214,46.8108,2.91855,161.052,125.12,56.7528,71.2645,15.0496,25,0.428302,1.67891,462.204,58.851,60.7144,21.6031,1.71385,60.602,44.2313,14.6516,19.8417,3.89894,35,0.420547,1.05665,660.409,123.502,144.118,181.089,11.2756,80.7633,62.9474,24.9384,46.0743,12.9072,34,0.367436,1.2984,451.447,103.131,95.3345,22.9237,1.84153,69.1196,59.0969,18.3473,25.6457,4.30547,41,0.309661,1.0768,468.201,110.703,139.138,34.2453,1.47599,71.107,59.3672,22.4635,30.172,5.59705,40,0.324039,1.07921,363.966,75.1537,79.5486,19.9232,1.49268,53.6253,47.4781,17.208,23.1028,3.97492,42,0.270916,0.990391,447.834,104.074,96.5764,34.4781,2.28711,69.1623,60.067,19.8433,31.5813,5.23227,45,0.25385,0.971135
decoupled_wbc_h066_p012,2625,complete,90,18,17.5754,3.25173,0.107039,0.205667,388.652,75.7377,91.3565,21.6771,2.22318,61.321,50.0586,17.5987,28.7486,4.53463,43,0.304011,1.06896,418.799,82.1989,99.051,22.5688,1.80786,70.8012,54.316,20.3003,32.6471,5.02797,46,0.359378,0.949716,380.847,94.0252,94.5468,27.8059,1.66888,58.6624,60.2234,16.8745,24.2828,4.98029,45,0.324818,0.91147,372.256,89.8245,104.122,35.0628,1.54492,59.4403,57.4722,17.2873,26.9756,5.0043,49,0.292339,0.889825,397.982,87.2321,109.189,35.921,2.40123,67.1998,54.1061,19.6947,29.6733,4.94815,50,0.346475,1.03859,483.664,108.264,114.261,33.3874,1.42404,68.9575,57.7693,20.4954,27.0961,4.59197,47,0.312715,1.07701,374.84,102.694,121.754,28.4827,1.57827,62.6501,56.2355,19.8784,24.892,5.1482,43,0.290368,0.931423,409.415,100.25,102.9,73.5908,6.19808,59.4892,58.1438,18.4104,29.3405,6.56683,35,0.326777,1.18604,483.032,101.529,121.496,31.3198,2.38446,71.2741,52.7692,22.2627,26.3316,4.48725,41,0.384142,1.16401,734.609,198.311,166.968,36.5461,1.8188,89.5474,74.0465,24.6909,30.5968,6.02651,45,0.397943,1.18419,488.159,116.346,97.1202,27.0406,1.51675,69.6087,63.5706,19.6787,24.2993,5.03421,41,0.346418,1.10037,592.96,120.042,159.121,131.325,3.70559,83.3653,59.4414,24.008,32.5127,7.53538,42,0.296543,1.11568,598.864,137.852,158.809,33.416,1.40317,87.3667,71.9004,24.5785,25.7638,6.14909,37,0.382672,1.0394,386.659,126.009,107.369,34.9379,1.88053,59.7869,63.1127,16.9244,22.3325,5.12737,46,0.252703,0.841872,588.479,120.912,136.128,36.4014,1.92774,88.2871,64.5065,23.2076,27.6844,5.98731,43,0.35306,1.1638,454.578,138.961,109.831,35.361,1.94628,67.2354,69.9671,17.3927,20.9753,4.03223,44,0.217424,0.852343,493.753,185.91,113.5,35.8244,1.48586,73.5777,67.4403,20.66,23.8457,3.89013,38,0.332489,1.00824,410.669,123.203,111.134,34.0541,1.48313,64.587,61.3176,18.8101,22.0202,4.85534,46,0.242838,0.83888
decoupled_wbc_h066_p012,2626,complete,90,18,18.2884,3.46518,0.0431973,0.257922,459.102,104.432,82.2576,22.5433,2.30373,71.9888,60.2105,18.1801,25.4809,3.86339,55,0.300836,0.827652,362.537,93.9714,106.336,35.5271,1.77411,58.0414,52.4169,16.9677,21.1732,4.7606,48,0.231445,0.791409,382.193,105.846,94.8653,29.6085,1.52392,61.3076,62.8263,16.3219,20.0168,3.87655,44,0.29115,0.819827,353.796,107.639,123.723,46.1945,1.75989,58.1682,59.5614,18.4549,24.2237,4.25521,42,0.21405,0.850024,469.372,94.2522,98.7911,24.8556,1.48824,67.2902,57.1544,16.6568,19.1818,3.42552,46,0.315857,0.865155,452.905,88.9012,115.37,27.3222,1.85638,66.7234,48.9689,19.2891,24.6643,3.89283,42,0.321912,1.02708,392.311,109.674,100.944,25.9784,1.30479,64.2988,61.4381,16.651,20.9519,3.61874,56,0.195072,0.773634,392.458,112.674,130.044,77.9757,8.76638,67.9193,61.158,19.4504,29.2915,8.02542,47,0.25111,0.987723,313.322,90.0637,97.7214,36.4403,1.99659,54.1706,53.4448,15.8137,26.2662,3.18472,49,0.191704,0.769609,380.219,112.963,110.079,38.301,1.33646,61.9626,54.4038,18.5071,30.2562,4.13035,45,0.298303,0.942912,418.113,89.3539,92.8307,32.5925,1.65034,62.6103,54.7054,16.332,28.3308,3.56348,41,0.33906,1.04473,430.828,99.8976,96.1929,24.5859,1.55382,67.5486,59.5764,16.7046,28.9182,4.32522,42,0.341173,1.01602,626.713,125.256,152.914,89.6577,1.97119,78.2925,63.3648,21.9464,43.8316,5.64207,37,0.399866,1.38294,622.558,139.22,111.686,192.352,3.65323,74.1284,65.5772,19.7393,48.6813,6.27124,36,0.370047,1.24179,382.365,107.984,104.317,30.2129,1.47086,66.1758,61.7479,18.937,33.1076,4.95363,53,0.251605,0.814199,650.698,123.483,116.615,35.9565,2.35093,83.0171,59.585,20.8345,31.8427,5.64245,40,0.328178,1.16064,441.654,86.8785,97.6063,19.9038,1.66489,68.3533,55.1296,17.4855,26.8154,4.61172,40,0.368069,1.13349,505.846,116.75,109.422,91.3709,17.5242,76.705,66.8502,21.4636,36.642,12.1446,42,0.402287,1.11208
decoupled_wbc_h066_p012,2627,complete,90,18,14.9768,2.24253,0.129914,0.285146,414.366,95.415,90.0315,28.1171,2.14612,69.0021,59.0305,17.8869,32.4924,3.71572,38,0.375624,1.01397,304.985,71.9302,69.3554,28.0195,1.37578,49.5127,44.0287,13.7634,26.4712,3.48207,38,0.300459,1.01093,379.871,91.7919,118.075,34.5659,1.81321,56.0578,52.3992,17.7486,32.9589,4.75204,44,0.292828,0.981866,392.611,90.9374,94.0299,35.279,2.6335,62.7769,56.1883,17.0129,33.3958,5.83814,43,0.369178,1.01167,558.21,109.933,137.525,70.4998,3.04262,75.0046,58.3347,19.7967,33.4369,6.14487,36,0.304719,1.21764,390.462,89.2063,87.9948,32.7026,1.60528,59.2599,52.9342,15.3461,24.3248,3.66265,41,0.296039,0.954517,354.928,112.123,124.85,35.7109,1.99615,59.9838,59.4964,18.8288,31.1475,5.06954,43,0.238108,0.81975,549.494,144.282,116.886,86.7845,3.37831,75.4895,66.5048,19.6862,33.0381,5.11246,44,0.256023,0.965564,669.701,154.889,139.773,33.3753,2.81904,78.1947,69.6292,22.7108,33.4163,5.27312,33,0.319928,1.1349,369.558,76.2382,99.9977,18.7245,2.38098,57.2976,51.9629,16.2711,22.7621,5.0518,48,0.244367,0.914505,366.884,95.4291,118.627,22.9164,2.11638,60.3828,54.3676,18.0254,29.8119,5.56693,44,0.266024,1.04763,448.74,96.6868,74.8311,25.3151,1.58118,61.1794,61.3696,13.9322,24.4095,4.73804,36,0.375133,1.18741,504.008,98.9828,99.0345,28.117,2.93762,69.0116,62.3904,18.3766,25.8114,4.09132,36,0.444907,1.35319,580.437,108.065,160.293,157.709,16.4487,75.8789,57.4231,24.1421,43.0437,15.1982,45,0.311558,1.09484,497.053,95.6024,133.778,178.351,3.00264,74.8526,53.0009,22.5279,39.609,6.21822,45,0.342482,1.05127,447.539,97.0697,113.263,23.8256,1.01935,67.5236,60.2852,19.6527,30.3513,4.3926,47,0.285859,1.02357,446.012,107.698,128.982,56.1992,1.77448,66.905,58.1854,19.882,31.7047,5.16066,50,0.248794,0.842278,565.453,167.336,129.811,30.8693,1.85607,78.2589,66.2745,23.945,34.875,6.71288,36,0.348008,1.03059
decoupled_wbc_h066_p012,2628,complete,90,18,23.2003,3.06205,0.262336,0.278651,401.551,92.1369,109.534,24.7665,2.24193,63.9662,54.4831,18.5504,28.7109,3.64307,41,0.323452,1.11054,395.814,120.005,108.922,34.5803,2.31334,67.3928,58.6406,18.9043,29.1233,4.0216,55,0.23124,0.909285,484.395,119.517,134.842,39.5916,1.48707,72.2214,67.159,20.1779,33.2767,4.83716,47,0.339537,1.01469,375.888,75.0908,78.0562,20.0594,0.931013,60.7032,52.8307,16.4104,24.8803,3.70579,45,0.293829,0.940738,500.673,86.817,62.4931,35.0442,2.13978,69.1883,52.4776,16.1746,23.532,3.66673,35,0.37584,1.14245,332.738,68.8999,89.0835,18.4916,2.07503,57.8446,48.872,16.8374,22.6785,3.29943,44,0.248198,0.880209,507.823,102.128,107.844,27.1073,1.61751,75.3626,57.1986,23.7821,29.3036,4.15745,44,0.306056,1.04735,611.088,95.4055,95.8301,27.8068,1.8018,69.3507,55.0678,21.3154,25.3538,4.08682,43,0.278479,0.96381,384.495,86.5811,84.7434,20.2562,1.31363,55.3801,52.9124,16.7784,21.4751,3.28275,41,0.301013,0.906866,394.621,103.785,104.189,19.2858,1.11342,62.8098,60.1863,19.3272,27.4547,3.303,48,0.245455,0.837626,358.913,89.691,87.2622,19.2473,1.05558,55.1046,56.7878,16.6218,24.6155,3.28586,41,0.272079,0.890519,539.741,127.885,132.216,27.1528,1.23697,72.3233,62.6486,24.2247,34.0621,4.25427,47,0.278824,1.00593,571.371,104.309,89.3973,75.5151,21.1745,72.6774,61.0948,20.1537,39.1359,18.4464,40,0.338419,1.1862,394.078,100.244,85.6718,23.4588,1.91888,62.4674,57.1819,19.8005,31.5276,5.24916,39,0.33268,1.07584,579.636,130.046,129.776,177.832,8.79031,77.9336,65.0361,21.1893,44.2538,9.61181,43,0.303135,1.06351,649.821,134.475,109.571,24.311,2.04108,76.5643,64.6361,22.6525,33.5637,6.47512,36,0.324951,1.28852,763.759,87.0073,120.31,29.7174,2.38182,71.9875,54.386,20.639,29.5328,4.86565,47,0.231983,0.786868,424.902,81.2764,122.562,17.0533,2.16077,64.0391,52.2984,19.4732,26.1958,7.1556,38,0.305022,1.07375
decoupled_wbc_h066_p012,2629,complete,90,18,16.9632,3.48083,0.0700658,0.121349,417.634,107.161,106.106,23.1761,1.93587,69.67,57.6095,19.9925,32.3981,4.82114,39,0.34844,1.07793,454.309,90.9783,106.987,26.7178,2.85992,69.1633,57.5271,18.7566,30.8584,4.73413,37,0.359672,1.24412,440.555,111.298,108.163,27.3144,2.29892,69.0246,59.1424,19.1022,28.0007,4.89633,43,0.332223,1.02156,412.331,89.1692,107.511,26.2599,1.56659,62.5812,56.0085,17.5282,23.326,4.80437,39,0.294502,0.992745,398.034,81.836,112.285,26.953,1.73377,65.7049,53.9449,18.5669,27.8782,5.05552,43,0.256001,1.0292,408.544,85.1836,91.7917,38.7204,1.29645,69.6491,53.4921,18.7692,31.5142,3.97263,51,0.348731,0.99156,435.608,99.0426,144.413,28.877,1.69985,63.2509,58.2333,19.2963,32.3118,4.6234,46,0.33879,0.980048,359.668,106.583,99.7417,40.6809,1.50395,62.6737,57.0408,18.7706,30.5532,4.36325,48,0.279885,0.97537,534.588,131.219,146.46,115.376,3.71508,83.6562,68.6737,22.12,41.6211,6.20765,43,0.359879,1.00499,410.25,76.5146,121.016,38.1931,1.44732,61.1146,43.3738,17.2787,29.53,3.8275,37,0.344883,1.13636,449.882,117.127,96.2083,134.843,3.3238,67.088,61.5031,16.4952,39.8518,5.95481,41,0.325017,0.997893,568.64,130.861,114.585,44.3065,1.39615,76.4084,58.5441,18.2045,30.8326,4.45021,36,0.326692,1.1268,354.518,84.021,64.2814,33.5919,1.43677,48.3579,51.2082,11.4885,21.4336,3.22243,35,0.287485,0.848843,531.999,123.825,91.7874,66.8917,2.19753,66.4791,59.0074,16.4016,31.8862,6.11067,46,0.217114,0.989276,246.038,56.8152,68.6362,29.9828,1.53537,44.0584,37.4742,12.3285,20.7395,4.13855,46,0.195402,0.772767,639.301,117.25,111.997,257.024,19.9194,72.3538,62.5945,18.5509,72.7859,17.8188,37,0.324733,1.02733,295.114,103.924,137.165,51.4473,1.9186,49.0583,48.8311,16.6618,27.7203,5.88045,33,0.179945,0.78542,487.085,102.079,99.1758,131.083,8.23327,64.7054,57.5426,15.4946,33.6914,9.01887,34,0.407388,1.11824
decoupled_wbc_h066_p012,2630,complete,90,18,15.7241,2.71546,0.0877086,0.122202,350.651,76.5417,91.575,31.2384,1.71936,59.1752,49.1684,16.6715,30.5557,4.14131,41,0.305479,1.01151,351.808,89.4864,96.3352,30.6563,2.40767,57.4831,51.7885,16.9444,29.7813,3.43716,51,0.254511,0.839225,400.383,107.966,86.7324,28.3541,1.82997,70.4581,58.6416,18.4097,30.27,4.22967,51,0.296326,0.913515,338.054,90.0804,82.5892,24.6983,1.71387,56.3263,45.5947,16.7174,24.1843,3.23386,42,0.275028,0.862663,498.034,99.1445,122.173,120.539,5.63967,65.6309,59.4664,18.3279,38.9466,8.87435,39,0.347029,1.02042,529.835,136.165,125.298,85.929,4.88967,80.4049,72.1619,21.0067,37.2419,8.67456,47,0.3008,0.960893,413.914,105.691,109.816,40.4478,2.37874,66.9816,57.1591,18.3188,31.3559,6.80104,43,0.320326,0.997987,433.18,116.558,144.541,77.9066,3.84098,65.5408,62.578,19.8144,34.0351,8.18354,42,0.22507,0.925751,602.318,115.392,183.434,224.795,23.112,79.1113,64.3806,24.7771,54.6889,17.6785,31,0.351905,1.19179,499.855,121.962,106.536,26.3696,1.63614,71.4989,65.1557,16.8996,28.3184,5.53579,40,0.298233,0.848727,720.767,148.498,142.876,93.2661,3.67815,90.4231,73.3709,22.9066,36.6591,8.96388,42,0.369968,1.0548,425.834,96.4854,107.755,21.377,1.60167,67.4769,60.5339,18.9157,25.0572,5.65605,43,0.285057,1.01967,380.68,73.9918,108.726,25.5135,2.07957,60.0393,46.2116,17.4002,25.5286,5.96513,38,0.275352,0.983218,509.837,126.825,136.235,91.8597,4.70667,72.9678,68.8558,20.1069,36.8441,8.24955,46,0.264789,0.903658,572.769,153.351,153.628,128.996,22.5074,78.7192,68.4272,22.9521,41.7167,14.6641,44,0.253464,0.982045,754.813,158.069,190.99,175.952,7.26521,85.0242,70.1626,27.9046,53.6118,8.74545,37,0.208429,0.936119,515.43,107.099,87.1201,50.3483,1.06611,66.6369,58.5696,15.5181,29.0237,2.87052,40,0.351245,0.987076,304.158,116.547,103.479,41.0594,1.5062,56.6216,60.1995,16.8261,28.9361,2.81955,51,0.240951,0.83165
decoupled_wbc_h066_p012,2631,fell,60.58,13,16.8576,5.28776,0.866624,1.5366,424.764,115.731,123.655,23.593,2.14487,71.4775,67.5975,21.0661,31.2461,4.72977,46,0.29425,1.04825,379.509,92.4423,110.858,34.0175,3.14651,61.9142,55.532,18.0074,25.0832,3.68831,42,0.342732,0.95113,333.419,92.9663,103.232,43.2677,1.45873,50.6219,50.8243,15.0681,23.0031,2.69468,22,0.279421,0.915412,384.369,104.635,89.807,36.6646,1.93797,61.3665,55.7189,16.5323,23.0954,3.40304,43,0.273658,0.998531,429.393,97.1945,114.949,72.0342,1.81434,66.601,55.5994,18.0509,27.2557,4.69665,40,0.270626,1.09832,516.901,134.752,109.775,46.5658,1.66239,77.6797,65.2866,19.037,29.4103,5.63701,37,0.353399,1.00082,349.787,116.61,126.113,47.3889,2.43892,62.4661,58.2215,17.6599,25.6994,5.07769,32,0.236537,0.940375,286.291,106.784,106.134,47.7372,1.77452,51.6414,52.2221,16.0997,23.8242,4.73433,20,0.283983,1.05177,410.424,136.843,111.708,35.9117,1.48651,64.9798,69.0765,17.4195,24.1594,4.08285,52,0.278082,0.870915,442.964,102.971,117.703,27.3738,1.26304,67.5321,61.2269,17.5574,20.9874,2.78973,37,0.374242,1.04315,408.378,116.467,97.7029,36.6014,2.21854,68.4417,59.5415,18.5995,21.6631,4.23413,41,0.252449,0.86435,546.739,122.968,104.696,46.657,1.45897,58.7006,54.992,18.6391,25.0942,4.06019,37,0.182162,0.92716,1781.75,214.489,319.211,36.1475,7.73903,76.9326,45.5287,21.863,21.5381,7.88563,1,0.174026,1.02691,,,,,,,,,,,,,,,,,,,,,,,,,,,,,,,,,,,,,,,,,,,,,,,,,,,,,,,,,,,,,,,,,
decoupled_wbc_h066_p012,2632,complete,90,18,21.998,2.83354,0.20485,0.218134,385.819,93.9862,83.6841,19.7637,2.08452,60.8184,58.5412,16.3585,25.2362,3.93193,40,0.275783,0.96145,371.68,73.3065,109.037,26.3933,2.14149,56.6174,44.9236,17.1438,23.0047,4.57906,42,0.338848,1.08638,420.38,72.6141,88.5671,26.2571,2.00731,66.6907,47.0734,17.0834,24.2984,3.99786,43,0.337889,1.04767,521.999,110.849,108.888,35.7758,1.81805,76.3176,63.4417,20.2756,29.8192,4.20973,42,0.399044,1.02016,452.276,110.679,100.421,22.8771,1.59081,63.1844,59.7148,18.217,26.7397,3.98275,41,0.315226,0.947841,534.649,97.2082,135.432,26.4358,2.60697,74.6174,54.5699,22.7456,29.9672,4.56754,46,0.285363,1.09515,475.839,94.1221,111.193,19.4746,1.95764,68.1548,55.569,20.8284,22.1862,6.15015,45,0.302481,0.992073,330.804,62.9749,69.0309,18.3395,2.00674,48.2273,44.2798,13.9838,16.887,3.3714,38,0.257614,0.862089,452.831,101.77,102.83,21.8417,1.0846,69.6045,63.9553,19.382,25.7088,3.4329,43,0.272405,0.802618,539.865,117.756,107.608,22.2336,2.18635,61.2858,52.9162,20.0227,24.988,4.00021,41,0.262256,0.927184,551.978,111.353,115.639,75.9605,2.71788,73.5806,65.3062,21.5959,33.2084,5.45706,48,0.291381,0.932301,689.894,201.201,182.382,34.8421,2.62703,89.0283,72.6262,27.1261,36.2235,5.4017,39,0.422984,1.3254,381.566,68.7441,128.303,21.8921,2.5685,61.0294,45.0819,21.186,24.2742,4.60221,40,0.315993,1.04774,567.671,132.999,123.207,26.7645,2.21399,75.5422,69.5413,21.7822,25.44,4.96105,45,0.302747,1.24836,497.823,123.637,150.334,33.6645,2.34678,74.3516,64.4336,22.4952,28.9066,5.89389,41,0.331771,1.12931,866.939,328.322,199.725,42.6379,2.62144,94.7284,88.8551,29.9582,36.3825,5.81187,34,0.404102,1.18597,574.253,118.031,132.711,31.9129,1.65738,83.543,64.1365,21.8197,28.6977,4.76494,37,0.450903,1.14244,413.103,91.29,84.269,25.5273,1.59776,61.3565,55.2073,16.1736,29.2191,4.49459,41,0.325106,0.908589
decoupled_wbc_h066_p012,2633,fell,55.88,12,24.0004,13.6069,1.54121,0.712414,481.081,112.19,113.699,15.8023,1.7458,75.3164,66.903,20.7654,28.2494,4.43126,49,0.307292,1.07468,314.744,83.4016,83.0907,19.1887,2.45055,51.7729,51.5076,14.9916,19.5698,3.29718,46,0.243921,0.804502,405.936,106.783,111.056,35.9665,1.61193,62.0312,55.2166,17.6493,25.198,3.47018,38,0.307513,1.0258,417.531,132.193,108.112,78.8991,1.95007,64.7234,68.798,18.0216,26.061,4.3441,34,0.285082,0.768937,298.34,81.8401,90.1553,29.6781,1.69554,52.4638,46.8214,15.6418,23.2187,4.58382,46,0.224162,0.777863,325.004,96.0455,100.948,35.6007,1.86431,55.4455,52.4304,17.1613,23.1523,4.27417,45,0.213065,0.919737,403.416,118.52,117.548,87.1195,2.45809,67.9363,65.9508,18.2289,24.0608,5.25097,53,0.257631,0.939744,442.066,115.783,108.071,42.0179,2.05174,63.7497,62.9567,16.5729,22.5004,3.73327,35,0.396817,0.887838,384.454,97.7031,128.46,121.083,2.14274,67.2266,52.3709,17.4249,27.5031,4.46698,45,0.333281,0.966849,540.294,176.159,142.59,54.5201,1.33512,75.5396,74.9223,19.9296,31.3577,4.41275,33,0.424759,1.08803,497.014,118.391,108.896,117.089,2.79098,71.8022,54.8758,18.398,30.2518,5.00828,42,0.336471,1.06391,1931.63,150.259,296.537,188.298,4.90534,105.126,40.5732,26.3923,52.1018,8.80552,4,0.238258,1.36289,,,,,,,,,,,,,,,,,,,,,,,,,,,,,,,,,,,,,,,,,,,,,,,,,,,,,,,,,,,,,,,,,,,,,,,,,,,,,,
decoupled_wbc_h066_p012,2634,complete,90,18,25.2561,4.23293,0.111531,0.088425,428.941,83.8304,115.996,20.3155,1.46038,68.7053,52.1839,20.1173,24.2202,3.53318,43,0.332342,1.05269,427.889,84.8155,96.6509,24.9123,2.06775,68.0052,51.6856,19.1208,26.6539,3.85571,54,0.29802,0.957259,339.995,80.4852,99.8199,42.5659,3.20694,53.2375,49.9712,16.7936,23.7536,4.3709,42,0.269379,0.915777,502.589,91.9105,124.603,32.8718,1.63959,73.7652,58.7073,20.7395,28.5769,4.76168,39,0.327028,1.08388,518.301,87.5973,166.544,30.9639,1.44203,75.7909,51.78,24.1662,27.9734,6.52228,47,0.286126,1.03794,551.303,110.95,126.372,64.2153,3.6882,72.7208,60.4287,21.259,39.2631,8.23185,41,0.387473,1.28715,476.861,86.3243,103.045,25.3204,2.61074,69.7513,62.6149,18.2924,27.3128,4.94362,49,0.305814,0.953259,418.208,117.119,115.929,99.905,2.42026,73.6947,63.4917,21.5674,37.4468,7.17574,50,0.310363,1.01102,1137.11,293.779,195.977,34.4792,1.99957,110.436,85.4946,29.3106,38.3573,9.76478,42,0.259616,1.07054,377.823,109.51,103.885,72.4069,3.62145,62.6788,55.2436,17.6938,26.5659,7.36828,50,0.2927,0.915954,529.198,135.509,123.236,31.2283,1.67442,80.6268,66.6595,22.4359,27.7678,5.72577,46,0.311952,1.03303,499.036,135.512,120.164,35.4317,1.29479,73.6292,60.354,19.6426,24.7664,4.79666,44,0.333003,1.07658,1248.81,204.478,201.134,46.2635,1.34957,125.425,85.7092,33.7873,38.8817,6.99905,48,0.352141,1.29697,489.322,116.216,127.022,40.4221,1.61308,76.7248,56.1655,20.7579,33.6898,4.5458,40,0.292334,1.09723,952.889,188.587,163.066,170.76,5.60631,102.519,80.3083,28.3089,49.4007,8.85955,42,0.298029,1.33529,780.536,139.781,147.842,44.9241,1.18364,95.3086,72.0183,23.4111,43.7374,5.14924,36,0.362487,1.3509,454.675,116.408,109.604,30.3736,1.26251,69.7246,61.3756,18.8529,37.6333,2.78761,45,0.284139,1.10739,351.14,80.8838,64.0657,25.0015,1.32802,49.49,48.8543,12.1327,25.7641,2.86073,43,0.322704,0.931606
decoupled_wbc_h066_p012,2635,complete,90,18,23.314,3.33366,0.149554,0.10879,391.771,80.3313,99.9782,26.2577,2.42464,62.7686,50.6005,18.2745,26.2913,4.17114,41,0.305015,0.986757,349.533,126.294,126.328,36.215,1.95597,61.172,66.5997,18.9058,32.9187,4.59627,53,0.212461,0.777425,373.477,91.5193,122.403,47.7997,2.50246,63.5849,56.2252,18.7514,28.3583,4.54584,46,0.286661,0.846292,570.671,134.123,130.46,23.7567,2.2896,83.6808,66.3017,22.8439,30.8508,4.41052,45,0.410575,1.1649,512.556,120.894,95.9655,29.1784,1.6481,77.6504,71.4934,18.746,30.8844,4.2813,57,0.307148,0.79785,476.244,105.262,107.661,34.5197,0.864902,69.1353,60.045,18.0424,31.2087,3.78554,35,0.376745,0.982521,408.521,102.017,88.9709,30.6112,2.20205,61.0754,59.1393,17.0012,24.1285,4.79391,46,0.269777,0.894866,399.289,119.739,103.207,34.0314,11.9068,58.9868,62.2505,16.4481,27.4912,7.59013,33,0.28708,0.934867,414.659,129.889,112.471,53.2218,1.658,62.0457,66.5851,17.9515,28.7761,3.87668,51,0.257608,0.881937,433.677,133.722,119.408,43.1108,1.36327,66.0631,62.7126,20.5481,30.764,4.08108,46,0.285067,0.923336,1004.67,389.804,170.372,61.7803,1.97167,111.796,98.9826,28.5004,51.8225,5.36293,39,0.357835,1.09846,609.013,129.227,117.18,103.011,3.00944,74.265,62.9268,21.8706,36.792,5.63264,40,0.312849,1.08914,580.463,124.254,131.108,228.79,11.3893,73.0933,65.6371,22.4731,45.1804,9.48182,36,0.42495,1.24683,475.218,100.433,119.459,29.5795,2.03995,67.744,58.8618,20.7082,26.8434,4.62455,40,0.309211,1.08417,555.117,114.603,143.852,35.4417,1.7692,77.7723,64.5745,23.5955,29.8551,4.25992,34,0.331933,1.12896,469.498,90.6547,107.065,30.1625,1.40566,66.2634,53.6274,20.2668,26.963,3.61252,37,0.331215,1.1695,628.125,118.483,177.113,204.862,4.38637,89.8713,67.2502,28.2392,54.084,8.40525,46,0.34814,1.14713,461.446,110.806,134.769,29.6704,1.64666,71.4885,59.3229,19.8223,31.4423,3.76212,36,0.282433,1.07476
decoupled_wbc_h066_p012,2636,complete,90,18,15.3097,3.06856,0.245771,0.0758249,398.728,109.302,104.707,39.2678,1.80582,63.2191,58.052,18.2803,28.6252,4.47861,38,0.288016,0.986389,410.309,80.6792,80.9053,37.39,2.43641,62.6308,52.2836,16.0528,26.1847,4.28677,42,0.305514,0.964908,447.405,127.907,135.235,89.5116,3.50315,72.0351,68.5267,19.9178,35.3456,5.69713,40,0.261081,1.0174,383.133,87.8892,113.62,23.5011,1.79763,60.2145,48.4479,17.51,22.2713,2.93983,40,0.343667,1.0157,335.172,86.351,99.3928,36.2704,1.60286,53.7548,49.7323,15.5517,23.7866,3.05328,45,0.260369,0.911102,303.457,87.6576,90.4346,40.6872,1.31999,49.8973,48.4206,15.2268,21.7842,3.1384,43,0.233735,0.794885,400.724,111.088,100.101,31.8598,1.78837,60.4391,59.6986,16.3205,21.722,2.8135,44,0.201118,0.861362,449.715,134.196,115.414,85.6966,3.22933,69.1938,71.0472,19.1249,30.8868,4.06773,48,0.23997,0.906627,357.843,96.2211,94.4469,30.0912,1.90738,57.9997,51.9983,17.6139,25.961,3.33753,46,0.266542,0.950916,312.976,101.636,94.8181,75.7337,8.8852,51.5215,56.2851,17.2726,33.4986,10.5713,50,0.199138,0.750874,357.615,94.8523,74.8951,33.984,1.51961,57.2271,49.3549,15.9638,25.9239,4.36752,40,0.287665,0.818693,362.367,77.9783,102.835,20.8045,2.31394,53.4118,48.8186,16.8329,21.5364,5.59736,46,0.218926,0.754466,355.638,82.4587,91.5632,16.8489,2.25838,56.7168,46.9188,17.3678,23.6914,5.41493,44,0.282779,1.00521,370.714,90.9806,86.9069,22.863,2.56361,60.0091,54.6804,18.4387,27.4076,4.39006,47,0.317088,0.937903,421.651,99.7141,97.9558,25.2296,1.36033,64.4759,56.2592,18.1901,28.8008,4.0163,44,0.249207,0.877738,730.499,213.971,184.082,40.2689,2.07136,88.9002,74.8094,27.9809,41.5014,5.25054,40,0.328483,1.09312,369.255,88.3518,81.3633,26.8065,1.56597,57.3687,56.5373,16.2036,28.2501,3.91063,49,0.280515,0.903774,427.186,96.9827,93.1383,28.2109,0.907139,64.0903,53.2739,18.1242,28.0439,3.58926,35,0.289969,1.07282
decoupled_wbc_h066_p012,2637,complete,90,18,18.9896,4.37566,0.107704,0.0663753,358.706,86.3488,95.1663,21.09,2.29914,63.9798,56.8342,18.1757,29.3632,4.28298,48,0.264054,0.892848,374.879,94.1678,104.884,30.9899,2.4036,59.7189,55.7963,17.0382,28.7222,4.75162,34,0.296454,1.04966,353.045,89.2583,98.3362,31.5927,2.06731,58.4225,48.3046,16.5758,30.4055,4.32969,42,0.310026,1.07208,324.318,100.378,79.3896,37.2797,2.2548,55.0266,51.5995,15.5048,29.4955,3.71582,45,0.246161,0.851713,429.476,116.657,104.447,42.4983,2.8206,63.9067,62.8571,16.8379,34.0121,5.76691,34,0.267729,0.994037,448.515,93.339,87.8814,38.6579,2.68768,61.0129,54.2389,14.2694,27.6606,4.32334,32,0.316453,1.00961,308.365,87.0453,92.5837,29.1668,1.42156,52.0615,52.6907,15.587,28.3926,4.33568,47,0.208117,0.849237,412.368,114.636,111.533,33.7747,1.6459,65.8059,58.1786,18.67,32.2505,4.41268,33,0.295909,1.06913,492.573,105.834,108.206,27.303,1.86857,71.0306,55.5239,19.3019,30.8946,5.14166,38,0.33815,1.17265,354.172,76.3533,83.387,22.5878,2.16481,58.6232,49.3489,15.3419,25.903,3.97614,39,0.324186,1.01786,371.516,120.241,109.945,35.5405,1.58757,60.1249,61.5565,17.2011,27.7292,4.93298,36,0.239831,0.871353,600.604,127.726,160.619,172.229,20.3017,77.7274,66.0468,21.1756,41.2518,12.8242,31,0.428242,1.23477,547.097,240.926,138.473,44.2432,2.87906,80.8668,69.5852,23.8612,28.3064,5.67038,43,0.397913,1.05018,502.813,141.828,158.724,140.684,15.3095,72.4227,62.3967,21.106,40.865,13.6422,29,0.317331,1.07796,1922.07,201.319,270.719,62.8412,1.99999,121.874,88.5259,34.8952,35.0667,6.35571,42,0.253975,1.00085,609.592,176.107,136.532,67.331,2.23915,81.4416,66.6327,22.8682,32.0813,5.12264,42,0.307551,1.16282,923.79,264.222,167.831,55.2511,1.62264,100.144,86.6617,27.2067,37.6897,4.46655,48,0.335325,1.17651,339.189,58.9568,56.5649,35.7562,1.06434,46.8919,35.5706,11.8369,19.8581,2.26223,33,0.272806,0.89982
decoupled_wbc_h066_p012,2638,fell,81.22,17,58.2186,2.86781,1.68165,2.05299,443.935,91.5898,114.449,28.7867,2.16973,66.9945,58.1076,18.3103,31.8498,5.13954,43,0.300036,0.941306,388.459,86.9034,101.306,25.5957,2.08,57.9705,47.2685,17.6183,30.6293,5.392,45,0.315719,1.02532,493.82,114.191,96.9061,20.2724,1.92231,78.7904,67.3591,19.9062,27.3574,5.05004,51,0.291183,0.914722,487.051,92.4465,102.502,38.4085,1.62602,76.5873,58.2083,20.2724,30.0709,3.69383,50,0.355124,0.928355,449.24,94.3213,121.563,26.4538,2.21408,68.6029,54.4863,19.4575,28.2821,5.7581,43,0.331349,1.05896,399.336,79.4635,72.6411,22.8842,1.78785,58.8669,53.7131,14.9434,21.5023,3.80668,37,0.399751,1.00727,390.932,85.9931,98.3149,48.9137,1.78997,61.3985,50.8728,19.2183,29.015,4.36873,50,0.297531,1.01965,405.071,84.831,102.8,40.5324,2.07847,62.3978,55.115,18.1227,30.0366,3.8858,57,0.244086,0.791444,762.406,131.302,177.955,56.7344,1.97266,93.0799,68.6149,28.0785,43.5188,6.05411,41,0.404509,1.41429,686.914,129.636,136.092,33.5343,1.80745,90.9531,65.019,25.0367,41.8407,4.05404,41,0.315228,1.40149,415.815,123.189,142.339,31.8683,1.61175,63.0983,67.1211,18.0197,31.5698,4.34315,48,0.239085,0.843664,460.152,115.825,87.7996,34.2534,1.88658,64.0251,61.0367,15.7611,28.7615,3.33773,46,0.27139,0.81355,512.675,111.677,112.42,38.1627,1.03991,70.7114,61.9128,18.0445,35.4721,4.40669,48,0.262429,0.955989,540.966,111.271,119.526,133.313,2.96146,73.9973,61.9935,19.396,46.7846,6.32896,33,0.306682,1.24885,559.863,157.022,97.0449,73.9019,2.41899,70.6093,70.0381,17.0052,40.1252,5.14016,40,0.303176,1.03433,1730.65,775.121,277.68,146.362,2.36609,133.535,156.414,38.2883,71.6962,7.96725,20,0.367095,1.22359,1924.29,474.263,238.51,153.31,8.61986,100.601,66.0984,26.0801,51.0588,11.7204,2,0.273308,0.959886,,,,,,,,,,,,,
decoupled_wbc_h066_p012,2639,complete,90,18,17.0254,2.33396,0.323343,0.0403116,411.391,95.8968,98.2613,32.5648,3.03673,70.0726,56.4855,18.4668,30.4394,3.95156,49,0.312752,1.01789,426.495,99.9067,123.414,30.1112,1.59516,64.6898,56.4031,19.5348,32.2011,4.61046,50,0.267458,0.985197,392.883,87.1938,74.925,27.311,1.75429,59.7174,58.1244,14.2287,24.9777,3.66392,41,0.361697,1.15388,423.709,84.9384,96.1363,88.004,3.39562,59.2311,53.9573,17.1357,26.9763,5.70984,42,0.294125,0.955098,376.925,69.4285,112.934,27.5281,1.65946,62.7905,49.7177,18.8211,24.1226,3.45907,42,0.299223,1.07525,343.281,84.1074,84.5539,25.1349,2.13491,56.8353,53.4098,15.7148,23.3698,3.87397,47,0.250955,0.871711,473.198,113.582,109.844,24.3176,1.03144,74.392,60.4173,21.1871,27.8296,3.58008,45,0.308239,0.974429,349.007,103.126,94.854,88.584,3.70755,51.5768,56.9874,15.2925,32.3042,4.88989,29,0.318551,0.970164,512.68,116.883,175.886,172.241,12.046,75.686,58.3772,24.5715,49.7159,9.74593,50,0.267399,1.01386,414.481,101.42,109.722,26.1584,1.85097,70.9239,55.7178,19.3079,24.1429,3.50396,43,0.283876,0.994989,396.818,92.6038,94.7958,36.0346,1.7367,58.7206,55.2428,16.0865,24.0602,3.39436,46,0.296923,0.918057,968.328,230.303,246.183,49.8697,1.65376,112.13,80.0161,31.431,40.7044,6.53535,39,0.35152,1.26946,397.006,124.051,102.518,27.7944,1.40717,64.5752,62.369,17.8091,21.6934,4.57111,43,0.236839,0.877821,667.738,133.787,100.935,33.9087,1.80069,80.5816,70.1591,19.8772,27.4629,7.04457,38,0.338363,1.22491,518.078,151.399,136.522,23.9149,2.18457,76.3114,67.5007,22.1901,25.0175,7.25719,41,0.325141,1.1228,419.744,99.0906,95.3834,22.5483,1.41815,60.4919,60.5953,17.0308,18.8166,4.50942,38,0.265776,0.935976,532.979,102.074,123.378,23.5298,2.36985,74.458,55.9693,21.8117,22.8207,5.00462,46,0.344462,1.18086,429.609,91.1335,77.444,80.4401,4.46729,71.5745,57.9128,19.0097,25.0189,9.29574,44,0.411415,1.06537
decoupled_wbc_h066_p012,2640,complete,90,18,17.955,3.18374,0.137621,0.0783747,371.595,80.8456,103.038,16.8922,2.8036,60.8981,54.7919,18.012,25.909,5.29288,45,0.276456,0.976426,478.386,91.0003,98.1731,25.1853,2.49046,69.2461,57.1831,17.6705,23.4948,5.05244,40,0.354781,1.1011,342.661,91.4207,99.5622,48.3184,2.43165,56.7885,53.3941,18.446,26.0507,5.33856,49,0.226192,0.861812,458.588,86.4817,97.6913,26.6522,1.48575,66.6878,54.5813,18.5667,27.3381,4.82723,46,0.273857,1.00845,354.865,69.4408,91.7029,29.4474,1.9118,59.6941,46.6748,17.925,27.5601,4.35156,47,0.247841,0.999412,461.321,102.634,109.436,64.7763,3.33966,65.5632,63.7345,19.0087,33.0766,5.36295,46,0.305321,1.01345,377.526,89.6914,102.129,32.2026,1.95807,61.4107,57.4924,18.1444,27.7451,4.64448,51,0.222907,0.807888,553.265,114.005,112.032,33.2883,2.93451,74.0828,61.2389,20.2843,30.1996,6.03433,39,0.361259,1.16536,410.875,88.0696,117.068,18.231,2.54191,65.7672,49.6347,19.2327,28.7098,5.19742,45,0.323153,1.01666,511.688,144.368,143.791,33.3396,1.89388,73.2332,69.0013,21.0284,31.954,5.90707,43,0.288744,0.918689,616.926,214.034,155.948,133.481,3.80087,81.6466,76.5064,21.469,32.1809,5.90375,39,0.465531,1.05922,662.956,134.558,135.484,38.0621,3.09231,83.4439,62.9931,23.1552,33.3186,7.2552,40,0.279102,1.25752,479.127,109.894,127.78,20.8315,1.74062,72.4639,57.5768,20.4152,26.8661,6.37795,42,0.334732,1.12304,496.649,115.529,114.08,23.2934,2.04966,71.339,63.6784,18.7014,23.5486,5.57318,43,0.33004,1.04621,436.604,110.318,106.637,31.7951,1.75915,73.6252,67.6091,19.6081,28.1498,5.46227,54,0.255661,0.803649,588.937,114.684,130.933,42.6771,1.88612,73.8255,64.9856,20.5042,33.1455,5.47358,36,0.365607,1.14323,445.143,123.036,104.619,34.7107,1.90295,69.637,64.9794,19.3675,31.7055,5.66671,45,0.331658,0.883767,340.943,78.1549,97.2041,30.6213,1.84192,59.6204,48.9699,18.0533,24.1305,3.48749,45,0.290533,0.961176
decoupled_wbc_h066_p012,2641,fell,71.2,15,17.8373,5.54002,2.07734,1.08911,373.96,88.9227,99.0476,18.8233,1.3284,62.9354,56.0863,17.7997,28.5474,3.71583,53,0.270925,0.839384,372.489,85.4645,80.3465,22.3638,2.41474,57.2337,55.5345,15.2434,23.698,3.55482,41,0.355046,0.964671,526.22,112.776,128.707,29.603,2.36152,72.4235,63.4497,20.6952,27.9043,4.52744,43,0.31956,1.11676,381.239,90.9115,102.635,30.1993,2.3961,64.0128,53.5517,17.9137,19.9994,3.85489,47,0.287915,0.84157,527.42,97.5404,74.4047,57.1469,2.3648,72.8958,54.4809,17.3937,20.2042,4.81192,39,0.360481,1.13254,326.266,93.9099,92.255,28.448,2.15048,60.2239,56.0604,15.4565,19.1179,3.19174,51,0.218504,0.859852,286.873,110.515,113.447,35.4935,1.88938,49.1034,53.4776,15.9309,21.3379,3.19468,28,0.266205,0.792613,522.772,112.959,100.627,34.6151,1.78423,71.1927,62.3342,16.6112,21.2999,3.31174,40,0.304154,1.05441,1714.98,176.201,257.09,54.7476,1.89243,102.846,67.7823,31.7234,30.3012,5.62412,29,0.303744,1.15376,482.442,102.645,215.642,199.487,16.0821,62.9576,58.0129,23.6067,48.8917,13.7966,43,0.263885,0.788422,957.258,186.944,208.226,166.36,4.67672,99.7884,80.9584,29.5719,54.0832,8.29295,29,0.40342,1.34785,562.722,114.63,155.473,34.3267,1.66903,81.1447,61.9143,22.7385,33.8024,4.53672,42,0.309892,0.957781,1391.09,204.955,223.857,38.6898,1.74959,118.186,81.6527,35.1943,49.0564,7.93516,32,0.357084,1.36248,404.681,92.3134,117.611,23.4996,2.60653,65.1051,55.5598,19.2305,30.9473,6.21398,41,0.294857,1.0786,2918.61,249.511,313.007,75.07,3.80422,130.43,52.6793,35.5774,45.5608,11.5846,1,0.617233,1.54023,,,,,,,,,,,,,,,,,,,,,,,,,,,,,,,,,,,,,,,
decoupled_wbc_h066_p012,2642,complete,90,18,16.711,3.27293,0.267118,0.158541,469.504,80.2783,94.5177,32.0773,1.47591,69.9949,55.9711,18.9685,32.6956,3.48414,44,0.35252,0.948314,365.884,89.1637,116.359,36.1522,2.35067,57.8959,51.3326,17.8445,32.4619,4.39055,39,0.234987,0.922846,434.562,93.5615,93.9673,23.6138,1.74162,63.2803,57.9042,17.2748,28.7835,4.00703,42,0.315014,0.918291,415.27,106.719,115.098,29.1068,1.87582,67.3344,65.1144,19.7573,28.2551,4.69635,51,0.321617,0.887738,462.955,103.081,124.741,25.1327,1.57763,73.7079,66.4467,20.3558,32.469,4.72166,43,0.307778,0.980584,361.651,68.96,99.0329,23.0251,2.55776,62.2518,48.6764,18.0001,28.2601,5.51056,45,0.289026,1.00762,437.791,93.6743,84.6567,21.3844,1.57119,64.229,60.3017,15.9159,27.081,5.61843,45,0.382023,1.154,414.714,81.1026,129.553,90.3672,2.8259,68.0451,51.086,20.374,40.5495,8.26558,45,0.308273,1.10204,380.088,91.6389,94.969,27.9333,1.81066,60.3311,53.0928,16.5705,27.4559,6.03537,33,0.310193,1.03895,398.91,77.2009,88.4448,27.4356,2.07444,58.8401,52.4654,15.784,27.7395,6.01973,40,0.293283,0.979062,487.781,136.724,132.569,40.9162,2.61473,74.168,60.0461,19.7297,28.7642,4.7261,36,0.319422,1.08106,415.511,124.572,114.188,43.6057,1.97233,65.1141,65.5168,19.4024,29.0974,3.34125,47,0.260972,0.844999,414.766,127.401,101.191,44.8087,1.78647,63.7553,65.3823,17.0084,27.3141,2.90187,51,0.259421,0.817559,409.844,80.4553,101.022,35.583,1.69586,64.2339,50.4391,17.5781,24.5297,3.14595,45,0.290468,0.901019,324.921,71.6326,93.4288,36.4539,3.14353,51.3693,44.0847,14.8809,22.0294,3.16103,36,0.276951,0.872163,721.772,120.365,117.73,132.686,3.47486,87.2099,60.8975,22.2144,37.7738,5.61634,33,0.357702,1.28592,744.963,117.491,152.253,23.0522,1.82184,87.6634,60.3591,23.649,31.2532,5.15026,37,0.365433,1.28284,579.526,140.266,232.16,204.403,20.0136,81.9433,61.2392,27.7444,53.2818,15.3038,39,0.401671,1.12597
decoupled_wbc_h066_p012,2643,complete,90,18,17.6618,3.09072,0.17089,0.141483,451.205,108.305,95.5358,22.9194,1.60032,67.5424,59.9622,17.9539,29.1906,3.89634,41,0.268357,1.05322,436.403,112.675,91.6643,29.4497,1.41095,65.8051,58.7311,17.6225,30.7039,3.78392,41,0.305026,1.01605,325.359,84.8502,105.56,79.4629,3.25052,52.67,49.5381,16.5948,34.7513,4.25182,42,0.199136,0.857718,431.978,84.4319,122.264,33.3416,2.12094,65.8128,50.1213,16.9786,32.2964,3.32444,41,0.346322,1.06735,370.818,66.3899,74.6022,25.5274,1.47804,58.8687,47.2677,14.5501,30.2318,4.00062,42,0.337023,0.985777,378.249,92.8794,106.242,32.3952,1.7044,58.6149,52.0621,16.6446,31.4984,4.93117,37,0.350594,1.16094,453.251,98.8683,105.226,33.4272,1.4251,66.7401,56.3958,17.5386,31.9071,4.54645,42,0.280702,1.03769,374.069,93.9531,107.096,27.5083,1.91585,60.009,50.0794,19.0292,26.4157,5.57156,39,0.260027,0.992063,401.044,86.1838,138.864,35.0436,1.7739,63.2172,50.8652,19.787,30.2033,6.23228,41,0.257774,0.96798,436.423,129.642,110.456,34.687,1.38914,64.0512,63.5751,16.7404,27.4116,5.36583,34,0.341621,1.04993,423.639,120.624,118.641,25.6879,1.30973,66.0726,59.71,19.2101,25.6325,4.81459,39,0.314932,1.02944,1036.89,414.689,190.52,53.3321,1.73281,105.843,100.138,29.8655,45.9041,4.47609,28,0.346931,1.27783,443.867,123.092,111.079,81.4574,2.12531,65.0353,64.687,18.8644,34.0387,4.70968,35,0.254993,1.10394,402.585,81.1809,111.353,36.7604,1.85629,57.9581,51.0551,19.009,29.0934,3.80273,39,0.292069,0.987014,453.346,92.9843,98.8824,47.2762,1.97874,65.7698,58.7119,19.0122,27.2888,4.5183,56,0.273682,0.918712,485.074,144.79,140.608,40.1821,1.67642,75.1034,68.0942,21.5388,28.6953,5.35657,37,0.250829,1.116,380.69,89.6492,90.1995,28.9965,1.52398,62.6337,57.6643,17.9537,25.5731,3.56391,46,0.274003,0.92658,455.116,93.4111,132.806,27.2212,1.57083,68.5095,55.1549,19.8852,22.736,4.00686,41,0.309444,1.01714
decoupled_wbc_h066_p012,2644,complete,90,18,18.7843,4.38419,0.241137,0.285667,395.484,96.7832,90.1881,23.316,3.15265,64.6298,59.056,17.3725,29.8933,4.69988,54,0.25732,0.867729,403.834,85.6812,104.774,26.5439,2.48984,64.7811,54.0273,17.6542,32.7363,4.97774,37,0.356766,1.23724,393.236,79.3557,94.7709,28.5763,2.26828,62.8844,49.426,17.3611,22.957,4.7024,42,0.298164,1.01143,397.441,106.208,98.2348,35.128,1.63221,61.1658,61.474,17.2891,28.5973,4.92506,46,0.315881,0.79726,380.898,95.8484,96.5199,29.4657,1.28485,57.2121,55.5478,16.5382,26.9946,3.49823,39,0.273859,0.945854,444.673,112.865,117.94,43.7232,1.3335,69.3751,59.8555,20.0164,31.4476,4.02881,39,0.254502,0.990607,461.044,88.2262,98.8346,65.492,7.06878,65.918,56.0855,18.2572,29.4509,8.30021,50,0.315471,0.93311,477.629,107.078,144.057,164.495,10.4307,73.005,62.3931,22.5716,43.146,8.36263,48,0.255437,0.950293,374.63,109.095,113.909,37.1876,1.60182,60.3256,59.7354,17.9868,29.0971,4.62286,44,0.237117,0.882045,611.281,131.617,108.437,30.7651,1.62544,82.4766,69.8359,21.3979,31.8521,5.79863,45,0.353138,0.977781,492.224,86.1749,131.182,168.621,16.2984,68.4112,53.3464,20.8493,41.197,11.269,39,0.366982,1.20806,588.111,150.714,150.666,139.991,3.5377,81.1393,77.2884,22.5287,37.8244,7.28472,48,0.277682,0.902463,980.441,156.617,142.531,51.5834,2.64072,95.1995,79.9144,24.8887,36.7442,7.33714,41,0.378769,1.06529,720.016,159.189,132.828,31.8944,2.3015,85.4376,71.9561,25.3513,34.0679,9.1984,40,0.375583,1.33296,413.894,101.669,115.945,29.7939,2.16582,63.2031,62.6946,19.3871,28.6286,5.77293,42,0.332461,0.950431,414.503,127.438,134.588,29.5264,1.74268,66.7214,64.8554,20.0039,29.9398,5.93153,44,0.239201,0.904236,552.573,108.332,138.798,40.8695,2.30892,73.9074,52.376,21.5394,35.3793,6.18137,35,0.353339,1.16638,389.854,110.377,129.635,42.3017,1.7466,65.0256,61.7118,18.4356,27.2712,4.41717,38,0.255206,0.935332
decoupled_wbc_h066_p012,2645,fell,65.5,14,21.1626,4.07943,1.90546,2.69743,407.869,92.8654,127.451,22.5912,2.32446,66.3284,59.5645,19.9114,30.9813,5.33112,43,0.309636,0.948906,348.407,86.8942,104.857,27.1996,2.42102,58.7979,53.2675,16.6608,28.0486,5.50162,51,0.295629,0.862683,348.633,98.3918,108.404,30.065,1.83057,60.0329,54.8747,19.1256,29.0659,4.54846,50,0.275782,0.895543,343.615,92.3807,98.9254,42.889,2.06654,59.0175,53.7709,19.5532,32.8262,4.96423,49,0.24069,0.877755,357.799,103.086,87.683,92.9031,1.5105,55.977,51.6084,16.5395,32.8766,5.23833,36,0.203918,0.941577,365.207,133.283,112.913,32.6103,1.72976,63.205,59.6315,19.1771,29.8365,3.89841,41,0.219318,0.825279,366.454,100.098,83.2501,27.0217,2.30683,62.8603,52.4936,18.3636,26.9935,4.63621,45,0.284257,1.06037,501.169,107.081,136.948,69.212,2.0469,75.6379,61.167,22.5914,39.0561,5.85771,46,0.318196,0.997838,406.185,89.1913,78.1389,20.5506,2.42703,58.9486,53.0924,16.164,24.1737,4.39248,38,0.302453,0.967514,620.468,127.313,134.275,19.7864,3.18236,86.5663,66.1689,23.3846,33.071,6.80361,51,0.314743,1.00515,346.775,85.4612,87.9935,87.057,3.53551,55.0765,52.2331,17.8979,31.5739,6.559,49,0.218778,0.8889,396.936,96.5938,90.5492,25.7059,2.31085,63.806,57.2803,17.4536,26.6101,4.53273,49,0.271191,0.733958,403.075,91.4301,99.4506,134.052,22.3237,64.5755,53.1067,19.2304,41.0803,12.0249,40,0.352396,1.07588,1612.49,111.686,185.28,47.1732,1.85781,66.8872,23.7984,17.2322,20.7703,4.39616,0,,,,,,,,,,,,,,,,,,,,,,,,,,,,,,,,,,,,,,,,,,,,,,,,,,,,,,
decoupled_wbc_h066_p012,2646,fell,70.74,15,18.3347,7.54987,1.82839,1.37471,503.154,119.595,103.989,39.5233,1.72641,79.585,67.9344,20.3459,31.1297,5.64088,48,0.30673,0.863105,407.7,78.3444,141.08,31.2974,2.95779,62.4695,48.3818,19.8757,24.1855,5.23246,44,0.305571,1.10963,437.424,94.5237,115.61,19.1795,1.80617,67.9813,60.0066,17.7591,23.0032,5.3955,37,0.384815,1.12012,361.624,78.9806,98.1241,36.6351,2.95903,57.6597,51.6261,16.0009,19.6698,3.32662,42,0.342409,0.974562,360.272,77.4108,100.429,27.1425,1.67087,61.5538,48.8385,17.3179,21.1091,4.1381,41,0.289264,0.999275,412.819,114.98,134.08,27.7687,2.08448,69.1152,62.9149,20.8816,26.0627,3.95531,42,0.271041,0.823576,906.927,397.42,189.844,44.8669,1.97978,105.332,107.376,25.6476,29.6975,4.79438,31,0.563572,1.23198,451.175,98.1154,107.799,38.5629,1.49741,62.6178,49.79,19.7151,23.5826,5.40121,38,0.258054,1.05067,491.827,126.865,123.108,64.9467,2.47948,67.1874,62.9359,19.728,25.4632,6.06221,39,0.261755,0.96973,388.027,105.201,106.462,32.2097,2.05717,63.2184,61.2059,18.7733,23.0151,5.61084,33,0.250891,1.13941,553.822,129.969,127.581,31.76,2.36777,82.4911,68.5251,21.8682,23.6847,5.52705,49,0.269606,0.92856,471.049,107.385,110.39,25.7519,1.16166,72.0331,64.3644,19.4371,25.6105,3.59916,48,0.287645,0.908458,679.57,204.42,167.375,32.9846,1.6154,80.2625,71.9244,25.4146,35.7149,3.94692,45,0.229554,1.02314,601.309,113.82,137.618,52.1187,2.18509,83.5323,68.5816,22.6023,33.8073,4.22369,40,0.367376,1.18726,2370.51,300.463,280.849,109.41,2.58641,103.055,44.0398,23.6941,26.8242,4.90437,1,0.479599,1.50326,,,,,,,,,,,,,,,,,,,,,,,,,,,,,,,,,,,,,,,
decoupled_wbc_h066_p012,2647,complete,90,18,20.2337,2.51421,0.320435,0.222013,342.818,86.3094,82.8649,17.4079,1.66508,57.8448,55.3162,16.7445,25.6235,3.66193,39,0.28463,1.05225,576.083,120.551,117.908,61.47,2.34826,75.1942,60.0974,20.7237,33.8986,6.04169,38,0.302109,1.19954,498.91,122.282,107.772,33.6588,1.87236,66.7003,63.5136,17.3844,27.8987,2.90791,36,0.307225,0.911071,464.173,136.765,104.589,99.0451,2.6057,71.537,64.2403,17.9379,28.7522,4.39805,54,0.261357,0.937517,331.687,114.401,108.093,38.3177,1.71057,54.6002,57.4627,17.2112,23.0527,3.44214,36,0.199152,0.82809,499.861,111.225,132.31,168.279,4.18406,77.7168,65.4099,22.2715,33.176,6.30824,46,0.31441,0.935344,496.438,95.8111,115.688,24.5723,1.36351,75.522,59.8139,20.1909,28.5495,4.18611,50,0.330403,0.969713,481.573,103.748,104.834,36.2544,1.60505,71.2609,62.5818,18.072,35.9432,3.92504,41,0.344748,0.965335,468.783,108.857,109.558,34.7884,1.82188,73.2791,64.1701,20.5244,39.5105,4.27036,45,0.282555,1.0537,492.27,107.736,117.88,60.2899,2.01938,77.9567,60.5906,20.182,41.7255,6.66365,51,0.337402,1.02441,424.845,96.6797,91.0165,30.0735,1.84445,64.6861,57.1771,16.6393,31.3701,3.93882,36,0.333863,1.06854,719.268,146.554,152.648,192.639,25.2298,87.1177,68.5102,24.3018,57.0778,17.801,36,0.284401,1.20348,611.433,143.87,88.9189,48.8213,1.84486,80.5816,65.3129,18.3468,30.6722,6.52605,48,0.299608,0.885165,482.907,94.7844,111.083,32.7402,2.03932,66.2131,50.3315,18.45,27.7041,5.4094,40,0.305705,1.07099,874.195,170.742,208.928,207.044,26.6179,100.655,76.7348,28.3024,59.8766,17.5648,39,0.286756,1.79868,547.307,103.916,145.047,35.9469,1.57391,72.9186,53.0545,20.9183,33.1698,4.33041,38,0.297941,1.17081,654.292,132.993,128.821,40.2738,2.11588,87.408,72.7864,22.8176,42.0137,5.06507,43,0.365114,1.25081,526.282,135.643,120.062,28.233,1.44691,71.871,64.6036,20.3266,35.7606,4.6577,52,0.290352,0.935905
decoupled_wbc_h066_p012,2648,complete,90,18,15.8479,3.31161,0.212937,0.202354,392.919,71.7923,79.5039,16.6015,1.96322,66.2993,48.6274,17.4779,23.8927,3.44957,46,0.316561,0.97341,357.059,105.795,104.973,28.5854,1.65702,57.2705,61.1502,16.7452,26.6483,4.0362,42,0.264009,0.908507,320.154,97.6956,99.7071,32.0088,1.67059,57.4067,54.1472,16.3842,25.9786,3.6036,47,0.252978,0.938845,436.548,94.8011,105.293,52.0027,2.08939,63.5159,60.2393,15.5905,28.9206,4.25539,37,0.384169,1.24619,420.659,95.7439,107.995,27.1197,1.35808,64.7975,57.06,17.7147,29.6824,2.97893,44,0.322599,0.858643,415.49,97.8259,119.524,33.5397,1.59255,61.2995,54.439,18.4015,31.5791,3.04385,37,0.356984,1.07753,513.775,123.678,112.26,40.1381,1.92397,75.4931,59.0978,19.4168,35.0781,3.4514,36,0.375677,1.19567,422.826,111.997,78.4036,35.7534,1.37398,66.1132,63.3036,15.415,26.1896,3.36849,47,0.295495,0.784638,347.179,80.2139,96.5912,30.2009,1.45339,58.607,52.2034,15.3603,26.9716,3.33079,38,0.316626,0.891945,499.264,143.018,136.723,45.1442,1.6828,77.1263,74.7518,21.5528,39.5966,4.59366,45,0.288401,0.892347,416.394,94.9149,101.477,33.3563,1.23905,67.4674,55.3602,16.7431,29.5032,3.80829,42,0.296907,0.944161,726.917,158.275,192.498,217.796,5.68091,97.1338,69.5931,28.814,62.0612,9.62888,50,0.363994,1.09172,698.106,134.93,126.577,96.2484,2.56179,88.6594,63.6146,21.8072,43.3843,5.13525,35,0.447537,1.31071,440.73,104.262,106.973,36.6559,2.02338,66.8435,58.8961,18.2187,31.2825,4.84729,41,0.309151,1.1019,963.809,230.587,137.734,35.0976,1.76768,106.7,81.4649,23.91,32.2456,6.01164,37,0.35231,1.27822,648.096,150.481,135.363,36.6729,1.69164,88.7735,70.8956,22.8172,33.9555,4.79297,46,0.282843,1.04518,604.611,167.8,129.104,42.0704,2.24608,76.8794,76.7764,19.6537,33.0546,3.93869,38,0.413711,1.02359,500.739,150.687,128.117,32.6372,2.47163,80.3162,65.118,22.0124,34.1567,5.56945,40,0.403782,1.1273
decoupled_wbc_h066_p012,2649,complete,90,18,16.721,2.46116,0.132059,0.161722,429.034,99.9665,110.894,24.8381,1.79248,64.2526,58.6234,18.5162,28.8429,3.83701,42,0.257336,1.01513,383.269,104.902,112.248,40.6402,3.25549,62.5988,60.4398,18.133,30.4739,4.46943,45,0.302277,1.04544,300.901,68.6658,81.3743,34.7589,1.76999,51.8923,45.1136,15.7421,24.3112,3.56003,48,0.241755,0.836669,616.502,126.606,150.471,30.9768,2.58885,88.3606,67.8189,24.9915,35.3895,6.98299,46,0.291981,1.10266,346.572,116.23,113.741,33.1932,1.77263,63.3263,55.2467,17.5897,24.6294,5.92776,47,0.248842,0.910491,334.916,138.114,87.8873,41.5361,1.57618,56.2021,56.7386,15.6615,24.6319,4.90367,45,0.216675,0.776677,350.497,83.5212,106.963,36.7354,1.56262,56.8203,45.1788,16.9354,28.859,5.21007,40,0.245086,1.00828,532.583,123.921,106.739,104.82,6.83589,70.7542,64.6022,18.5296,40.5888,8.62266,44,0.30537,1.0446,463.386,107.304,119.029,37.1852,1.84668,68.4676,57.4293,18.8132,36.7711,6.18731,40,0.347597,1.14039,917.052,136.216,152.469,54.1234,2.40434,90.4359,60.9913,24.311,42.4648,6.33793,44,0.274951,1.11929,378.244,80.8129,107,31.1963,2.24104,58.0511,50.2163,17.3081,29.5621,4.48398,37,0.315638,1.04085,975.884,264.51,193.173,73.9406,2.36382,100.115,88.7861,26.7044,42.3152,7.70054,35,0.333742,1.10737,375.042,139.832,142.819,43.7965,2.60522,61.9719,56.5634,19.602,32.7508,7.5214,37,0.25205,0.844795,378.806,109.131,103.176,42.7028,2.23812,60.2012,57.9074,16.887,32.0125,6.21803,44,0.199364,0.774346,339.34,84.4191,102.355,40.0252,2.10262,53.9258,46.9886,15.7918,31.8715,6.24401,41,0.218849,0.84297,395.311,91.7544,74.9122,40.2985,2.00814,55.1285,54.7906,13.6811,27.2864,5.61946,32,0.382387,1.17746,391.343,142.331,134.31,43.0953,1.68182,64.7903,69.208,19.1901,32.7871,7.9436,43,0.229887,0.883964,866.357,188.303,187.577,214.689,23.9533,92.7242,79.0713,24.5272,49.2463,17.5062,31,0.379967,1.22463
decoupled_wbc_h066_p012,2650,fell,61.34,13,26.5191,9.01819,0.77092,1.9404,442.414,67.5053,95.6346,42.2662,2.32162,67.1002,45.7946,17.8801,28.543,4.77573,41,0.369465,1.15185,502.703,99.0877,85.1125,36.3222,1.9617,72.1673,60.1421,17.5258,30.73,4.05719,46,0.359342,0.911571,495.45,111.723,110.096,37.3543,1.34333,74.029,65.6214,18.4318,31.2788,5.39717,47,0.283575,0.809005,368.503,103.471,115.641,89.646,3.55079,62.1512,59.562,17.8848,33.3085,6.44479,43,0.275229,0.980442,420.641,79.7861,91.3741,28.6673,1.82246,67.1601,55.9486,17.1799,27.5955,4.5108,49,0.332661,0.961722,550.102,132.128,133.176,34.9059,2.02735,78.3748,64.3603,22.232,37.247,5.0865,40,0.366105,1.07957,458.365,78.2336,93.2068,23.1113,2.05443,69.0947,54.2799,18.1852,31.2953,4.09614,53,0.314231,0.898896,553.435,102.411,103.55,30.3257,2.11449,79.3197,66.1705,22.475,29.3157,5.26524,53,0.321921,0.894943,633.267,115.151,135.593,36.5137,1.81054,82.0973,62.3608,23.6907,30.541,5.50656,36,0.364158,1.2513,450.674,93.1277,123.037,65.3153,1.40087,63.8797,58.2214,19.8368,31.273,5.00295,40,0.26385,0.949069,454.628,84.6528,104.647,27.0774,1.75356,66.9546,52.5254,18.9993,24.0279,4.85941,42,0.336703,1.03762,583.887,163.066,142.571,30.2831,1.21382,82.7334,77.8304,24.0198,29.6636,5.81362,43,0.33352,0.984634,3494.78,298.808,331.199,54.213,3.63642,135.418,67.2845,35.4344,33.2769,7.76224,4,0.0665932,1.59396,,,,,,,,,,,,,,,,,,,,,,,,,,,,,,,,,,,,,,,,,,,,,,,,,,,,,,,,,,,,,,,,,
decoupled_wbc_h066_p012,2651,complete,90,18,13.6802,3.11767,0.294635,0.243755,360.066,95.5383,78.4586,31.2111,2.49951,59.4667,54.9297,16.507,30.9276,4.83887,43,0.272278,0.90943,460.406,94.6478,79.3756,38.124,1.30855,64.9161,62.2756,16.377,30.3136,4.45984,42,0.308645,0.954686,418.411,100.24,92.5936,49.8702,3.46617,59.9385,57.8349,15.6348,29.6911,5.7656,36,0.30397,1.03266,418.7,114.004,127.258,38.9453,2.55279,66.6723,57.1738,19.3559,27.2034,5.71281,41,0.263685,0.922457,402.823,103.316,107.997,37.2077,1.69258,61.8058,58.9309,17.2226,25.9134,5.13764,41,0.30378,1.10058,432.604,94.1091,106.171,44.6015,1.68242,62.687,54.856,16.9532,30.006,6.39204,33,0.283717,0.981806,424.934,79.833,129.904,128.042,8.42402,63.3304,50.09,18.2268,37.242,9.2036,46,0.295138,1.04174,370.252,90.5027,90.6031,29.7213,1.93279,61.4234,52.4188,16.2031,29.1168,5.33447,44,0.327184,0.969316,376.103,86.5214,95.0709,27.8227,2.10551,60.3802,53.1964,16.1121,29.4963,4.60709,35,0.294116,0.995557,435.704,106.92,140.125,144.895,3.96346,65.2415,53.2458,19.4727,43.5984,7.27182,42,0.359986,1.01464,703.433,196.171,128.066,51.746,2.7542,82.5221,65.9291,22.3804,36.8121,6.15967,38,0.403651,1.159,394.302,86.3966,115.21,36.0518,2.27817,62.9884,48.9401,17.292,29.7657,5.55396,35,0.370825,1.30892,487.667,129.588,103.493,34.9713,2.20093,69.9281,67.1104,17.9556,29.4393,5.67139,34,0.315122,0.957073,408.293,75.6246,107.656,42.2618,1.20383,61.4406,45.1281,16.4146,20.872,4.04945,40,0.289412,1.00354,379.832,93.1981,102.671,42.4632,2.16918,52.08,45.0783,15.7169,20.9598,4.29502,40,0.203053,0.841144,351.21,130.734,107.277,33.2183,1.72367,59.8965,67.6182,18.3546,22.8972,4.14816,41,0.17714,0.731414,359.515,88.8442,78.4565,28.9384,2.17537,54.1905,55.4795,13.1829,21.1891,3.78326,38,0.300994,0.947279,602.052,135.533,160.569,56.1042,1.35428,77.793,58.2463,21.3603,32.6193,5.08177,37,0.331772,1.16001
decoupled_wbc_h066_p012,2652,fell,66.7,14,34.0159,4.59072,2.24402,0.684779,363.813,86.0419,86.2001,20.407,2.05591,57.0427,50.8651,16.5963,23.9422,3.74657,44,0.286876,0.881782,370.882,84.5957,81.2847,19.4785,1.45109,63.7198,52.6224,16.2256,27.5022,3.49401,36,0.38773,1.09945,379.907,80.9342,120.29,47.145,2.20259,59.6613,50.7424,18.9266,34.1751,5.12195,47,0.344784,1.04942,624.451,120.272,164.112,30.878,1.55118,88.4644,64.2808,24.9288,41.8693,5.23662,36,0.396452,1.41719,497.651,109.802,124.461,38.5622,1.42264,82.1818,60.9065,23.6625,36.0028,5.25112,46,0.300628,1.01751,445.023,98.354,107.439,35.8034,1.41369,68.8805,51.5467,18.9313,32.5372,5.25662,41,0.349136,1.10649,428.66,112.827,97.9889,31.16,1.45593,62.1838,59.217,17.8236,28.3562,4.56523,35,0.323596,0.961322,350.354,83.4172,103.281,88.6207,2.07942,55.9389,47.5665,17.8075,31.6123,4.32977,48,0.26509,0.842121,337.651,109.894,105.537,35.378,1.89937,54.316,58.2116,15.4443,27.3382,2.66996,31,0.229439,0.989433,596.724,138.78,110.913,66.4492,2.0796,82.3559,72.9292,19.3528,39.4493,3.90547,46,0.379509,1.00061,471.531,135.268,126.211,54.8617,1.29463,67.053,66.7247,21.4591,35.4093,3.4615,40,0.271775,1.01462,594.27,121.422,133.281,216.655,16.4146,72.8851,66.1063,20.0614,40.0681,10.6176,30,0.445974,1.3553,607.308,130.644,140.993,132.216,16.2206,83.3036,76.4483,22.6779,39.2022,12.3069,46,0.31317,1.001,7667.08,824.954,1297.01,232.369,17.523,331.614,122.694,90.2023,80.0529,33.2679,4,0.162872,0.861337,,,,,,,,,,,,,,,,,,,,,,,,,,,,,,,,,,,,,,,,,,,,,,,,,,,,
decoupled_wbc_h066_p012,2653,fell,55.74,12,18.3336,13.3788,0.667737,2.27059,406.063,78.9548,83.1781,23.2634,2.48473,66.1093,50.8591,17.506,28.1,4.00669,39,0.300203,1.10622,336.182,87.3565,104.486,19.0579,1.76506,58.4604,51.3093,17.032,28.655,3.77105,49,0.238172,0.909886,488.433,101.169,85.9394,28.3502,2.59303,68.5764,62.0721,16.4489,27.2369,3.829,42,0.345841,1.02491,406.928,132.591,122.479,35.1266,2.11421,65.8932,60.4202,18.4447,33.3061,5.5608,41,0.342685,1.00244,393.444,87.1656,138.67,30.8003,2.16476,63.2931,53.3999,16.6696,27.745,5.30195,48,0.303966,1.01507,505.751,100.751,108.071,28.436,1.8594,73.9266,57.876,18.6877,26.2932,6.53676,46,0.341772,0.998371,340.833,99.0241,90.5278,43.2682,1.13123,50.2933,51.8295,14.2197,21.6152,4.4065,32,0.240848,0.914624,384.624,98.9285,92.8422,34.7984,1.51133,67.761,56.3985,16.8578,24.1036,5.41507,47,0.241477,0.856496,436.064,118.022,101.936,37.0491,1.5175,66.7742,57.6667,17.6377,27.076,5.77006,46,0.271408,0.992931,615.811,183.464,160.728,34.3086,1.9418,76.0434,71.2605,22.0201,31.7074,6.65428,29,0.31084,1.08648,324.33,117.277,108.893,34.6219,1.75676,56.5142,58.0376,17.2801,26.7677,5.69921,55,0.178456,0.764296,2098.61,123.424,217.25,86.2552,1.78288,87.0113,26.2594,17.4742,27.4237,5.54797,4,0.0718727,1.31381,,,,,,,,,,,,,,,,,,,,,,,,,,,,,,,,,,,,,,,,,,,,,,,,,,,,,,,,,,,,,,,,,,,,,,,,,,,,,,
decoupled_wbc_h066_p012,2654,complete,90,18,20.6192,2.89419,0.23747,0.334509,446.511,127.637,104.267,27.7374,1.61066,73.682,66.0333,19.7923,30.4398,3.90459,30,0.380971,1.34495,448.368,93.4129,97.677,25.3441,1.98693,71.1783,58.345,17.5495,27.776,4.0855,42,0.259165,1.00675,457.637,94.0704,82.5655,17.2295,1.4475,76.185,57.4063,20.7545,26.2198,4.55521,45,0.340722,0.960825,413.204,102.731,97.0251,26.9286,1.41904,63.0095,58.2491,16.6565,27.3167,3.62421,40,0.281347,0.955509,436.146,104.863,105.286,29.2994,3.27791,68.4256,59.3446,18.043,26.1753,4.1989,43,0.296582,0.988382,400.829,86.5678,97.753,22.2778,2.53051,62.5618,54.243,16.8547,24.0663,4.20603,38,0.374712,1.05401,436.292,71.7892,77.9941,26.6804,2.1931,67.2818,53.4606,16.1261,22.5689,3.5628,47,0.37195,0.934571,382.004,88.9833,90.2046,26.3542,1.38362,55.4304,53.8999,16.6572,20.833,4.13331,34,0.344194,1.09335,337.244,76.6053,114.043,27.5713,1.91789,57.9576,49.9623,17.4871,24.796,3.97774,41,0.244329,0.889146,416.766,93.2399,122.001,42.1624,2.5205,68.2568,54.464,19.6533,25.919,4.31834,38,0.355254,1.25544,600.309,216.526,152.48,49.9949,1.6959,80.5665,76.3857,26.0074,34.7366,5.36194,44,0.248353,0.902644,449.403,89.4465,129.507,24.9224,1.98843,69.4259,51.5426,20.3529,27.1017,3.89089,39,0.332443,1.0728,436.827,114.132,111.988,27.6119,1.76547,69.6445,64.3657,18.8803,26.0034,3.59036,41,0.318314,0.941712,442.174,119.36,95.5477,40.274,1.40192,66.3587,66.0706,17.4434,27.6613,3.02407,41,0.268572,0.801109,863.124,238.799,162.99,68.0674,2.14137,97.8504,76.9752,24.2005,36.3312,5.32608,34,0.443205,1.30521,400.254,113.318,96.8199,40.3578,2.4792,65.2314,50.3878,18.6834,25.2765,3.9995,38,0.399508,1.05958,549.888,260.292,132.918,58.2751,1.37183,76.5984,73.3898,21.7923,36.5322,5.19804,39,0.312252,1.03758,667.829,141.001,113.68,66.517,1.8533,77.8325,73.3367,20.1135,33.0513,5.07352,40,0.394036,1.27278
decoupled_wbc_h066_p012,2655,fell,77.62,16,42.4093,5.85748,1.61185,1.45358,402.425,90.248,107.238,29.0806,1.71528,69.0264,59.695,20.2553,29.2884,4.40638,47,0.286838,1.00285,351.94,70.4113,101.922,40.0556,1.24126,64.2676,49.814,19.1427,27.6213,4.46033,45,0.269866,1.01045,446.043,103.74,113.124,65.6288,3.18451,68.0378,60.2953,18.9878,35.1078,5.97063,44,0.303974,0.99896,471.059,93.6331,96.7739,30.7993,2.576,68.2896,59.2913,16.9618,27.9438,3.28422,34,0.34341,1.09588,365.224,109.414,124.426,34.4759,2.8708,55.8069,57.2297,18.8635,29.6815,4.76365,43,0.258946,1.05399,460.893,110.87,121.711,28.8798,1.57184,70.5487,58.665,21.3628,26.0456,5.76856,44,0.321177,1.1735,449.4,116.768,93.0914,32.1374,2.38585,67.3343,59.9373,18.2681,22.056,5.82722,33,0.316203,1.10368,422.565,86.4012,113.279,35.9451,2.09522,61.5143,50.2014,18.3746,28.5033,5.12703,45,0.317925,1.09578,419.485,106.293,129.952,45.4769,1.71526,67.5426,62.0237,19.8149,32.6889,4.73963,50,0.271902,0.810778,412.124,116.002,150.107,26.256,1.44104,66.1581,61.2256,21.0344,28.9417,3.89725,43,0.286202,0.981152,385.483,105.675,109.966,34.6112,1.43585,61.1208,59.0081,17.9087,23.0019,4.08786,46,0.237946,0.960061,795.944,179.497,129.067,42.2031,2.35515,92.7012,77.0186,20.3088,24.2512,4.15241,38,0.384826,1.22774,420.398,101.304,138.087,41.4267,2.36193,67.6346,55.4788,18.9965,24.3439,3.99002,36,0.296477,1.09563,608.024,218.423,192.496,41.9097,1.36429,83.4089,72.8771,25.534,29.5921,4.27566,42,0.281946,1.02809,411.656,89.3375,115.229,26.6292,1.47995,64.6414,55.8332,18.8717,24.4118,3.05089,46,0.300731,0.98769,8845.8,1085.63,1317.12,161.828,7.77951,435.268,184.268,108.061,102.853,19.6516,3,0.14801,0.951985,,,,,,,,,,,,,,,,,,,,,,,,,,
decoupled_wbc_h066_p012,2656,complete,90,18,15.3267,3.97611,0.130613,0.0628193,416.717,74.3741,83.6218,22.8246,2.13497,62.9752,49.817,16.0406,26.6145,3.57247,38,0.389611,1.0704,359.73,87.9566,82.3845,33.2519,2.88377,59.8309,50.9719,16.353,29.5591,4.69843,48,0.260058,0.898229,440.716,94.9983,88.6329,35.3144,1.50106,64.0222,56.2617,14.7108,20.9953,2.84791,38,0.403813,1.09595,421.965,104.788,123.55,75.5113,2.37395,69.6215,59.0316,18.7669,25.6985,4.04267,38,0.27412,1.0343,425.494,101.916,97.0542,37.8962,2.42521,64.2788,58.6719,17.637,25.992,3.16235,43,0.299655,0.789769,371.066,97.7922,115.885,46.1216,1.69582,58.3761,51.0962,17.086,25.181,4.23268,36,0.244127,0.965505,466.633,87.7875,72.1512,32.3934,1.46749,72.6468,54.874,17.5083,25.3203,4.74256,42,0.391899,0.989162,418.702,101.593,87.4838,34.6822,1.65686,64.7277,57.7933,15.6789,21.9048,3.68762,43,0.261789,0.843059,523.805,126.279,119.757,33.0186,2.3043,76.1701,67.6875,20.6704,24.2921,4.322,44,0.326843,1.10477,535.836,104.445,134.846,49.0438,1.70946,74.6406,56.413,20.5993,30.5324,5.44455,44,0.289007,0.999685,336.829,113.497,117.169,33.0795,1.98354,59.5943,61.5664,17.969,27.5221,4.55139,49,0.172285,0.756869,340.893,87.5341,89.1537,25.4421,1.72135,48.0859,48.2678,13.6885,20.4382,3.83917,40,0.22336,0.790129,711.748,150.757,140.933,151.3,2.91724,89.1189,70.6809,21.8517,38.0406,6.31941,38,0.327509,1.36273,495.288,151.347,139.17,56.8342,2.20493,75.1727,69.0357,20.7288,29.196,4.02511,45,0.294314,0.875189,569.361,145.979,147.278,114.475,15.2926,86.7114,67.7126,24.227,42.8607,14.4041,36,0.340734,1.17878,683.756,231.985,156.626,37.246,3.02604,87.5768,76.8628,22.8704,32.2765,4.98104,38,0.448251,1.19738,448.229,142.816,116.883,74.6418,2.55138,68.4635,60.1172,19.4629,32.2187,5.37652,46,0.252005,0.870598,379.648,87.6671,106.234,41.9605,1.55405,54.2914,46.1323,17.6354,25.0905,4.70651,36,0.238664,0.929249
decoupled_wbc_h066_p012,2657,fell,66.68,14,34.7421,10.4797,1.56613,3.0137,393.129,94.002,96.866,21.977,1.85305,62.8045,56.3724,18.0512,24.4743,3.40821,37,0.307384,1.01254,476.474,106.034,102.658,44.5142,3.39698,77.3779,65.0856,20.6963,30.9766,5.12615,52,0.300226,0.911717,414.359,122.206,107.008,31.3294,1.37176,69.8308,66.8528,18.437,31.2307,4.62568,54,0.225549,0.788787,428.701,98.1166,120.777,62.8338,2.4223,63.2068,48.7985,18.6059,30.4989,5.30636,40,0.294225,0.95242,404.052,78.2831,79.9844,75.6619,2.87448,64.1766,53.9381,16.0165,26.1161,4.46355,45,0.290332,0.974588,461.47,112.085,114.362,29.3244,1.74884,72.1155,62.2777,20.2387,25.5017,3.98627,49,0.298435,0.90429,495.481,134.728,124.143,35.8048,2.07356,77.5942,64.1801,22.2175,27.8605,6.5121,36,0.359477,1.13797,377.919,100.411,118.859,22.7584,2.69275,66.2944,59.7113,19.93,23.5289,4.92323,40,0.308657,1.00428,524.062,128.361,115.604,33.8,2.24132,76.3878,66.464,18.905,24.7469,5.3288,46,0.308723,0.892505,570.334,116.982,99.8063,26.0764,2.52664,74.5369,70.3468,18.9102,21.5932,5.85205,40,0.381564,1.10562,475.083,110.125,123.792,85.4312,3.33558,70.0092,64.0846,20.7533,27.0723,6.57431,38,0.322246,1.10053,448.253,110.834,111.56,23.1906,2.07412,70.9925,59.4421,20.3132,23.9667,7.32848,48,0.334695,1.12881,441.822,91.892,94.9109,16.5333,1.93155,70.5559,58.1483,18.5497,21.6036,5.28991,41,0.352311,1.07867,2314.73,543.251,370.272,112.782,10.2926,132.796,98.4184,44.1352,46.4411,12.7031,4,0.217419,1.62934,,,,,,,,,,,,,,,,,,,,,,,,,,,,,,,,,,,,,,,,,,,,,,,,,,,,
decoupled_wbc_h066_p012,2658,complete,90,18,25.2399,3.52689,0.218554,0.256937,372.206,102.013,105.802,28.7453,2.683,63.5799,59.1148,18.6187,30.1664,5.00451,46,0.277531,0.934394,358.318,86.4172,100.361,47.8458,1.99865,58.6608,54.6452,16.5999,27.7911,5.69667,38,0.334756,0.969767,476.864,96.2781,122.433,23.7904,1.80401,76.084,59.6409,19.8257,31.8227,5.48518,41,0.346594,1.114,330.99,73.8991,100.073,25.6468,2.73123,54.9619,44.02,16.4265,25.2233,4.42704,46,0.31044,0.985817,410.873,92.4554,108.86,26.3929,1.38529,59.0428,57.9136,17.3005,24.4793,4.40688,46,0.289459,0.884458,367.182,81.4751,100.325,28.0069,1.83968,63.3393,49.2678,18.3104,24.4206,4.36971,44,0.282316,0.973547,553.314,143.743,142.301,63.3201,2.19172,85.415,74.7402,21.7494,31.4735,7.75084,45,0.318006,1.00579,527.715,89.2772,112.039,23.4627,2.53748,74.6562,56.4052,19.4913,23.4478,5.1878,37,0.36131,1.1642,392.492,95.2688,133.396,27.3737,1.88862,63.6895,56.0127,19.8787,31.0315,5.72095,42,0.216664,1.00888,411.627,102.772,94.2417,27.469,2.17458,62.7304,60.5938,16.5156,27.4584,5.66651,44,0.263224,0.782566,365.578,77.8131,95.5709,27.9028,1.98003,58.9586,51.1536,16.3229,21.7415,4.51427,43,0.26355,0.961506,539.129,132.294,122.947,27.5625,2.8062,80.2911,66.1574,21.1076,23.2785,5.6136,45,0.353834,1.03686,1227.58,246.876,203.786,79.4497,4.58314,126.895,104.76,35.569,48.8513,9.59435,43,0.31219,1.69607,536.451,135.44,119.03,37.4872,1.94694,81.4527,66.2856,21.6731,30.1107,5.02663,53,0.297977,0.980476,399.249,65.3805,128.308,17.2181,2.87872,60.4624,44.2446,17.7948,18.5399,5.00203,45,0.296436,1.0531,561.8,232.518,184.506,29.5219,2.68618,81.7168,78.7791,24.5183,33.7822,8.7191,42,0.369226,1.02599,487.778,100.695,104.402,130.222,19.4166,66.3501,58.1154,17.191,44.2229,11.7731,37,0.368318,1.24202,442.783,127.139,125.548,42.977,2.19948,68.5631,64.8481,19.9502,27.7078,5.1139,47,0.225198,0.881006
decoupled_wbc_h066_p012,2659,complete,90,18,19.7964,3.00175,0.243142,0.103868,449.571,104.863,116.189,53.5172,1.77646,68.4021,62.6254,19.0874,35.0338,4.62654,49,0.30959,0.884249,336.773,117.151,106.337,57.4557,2.0825,63.0061,60.8319,16.6572,35.0505,4.77051,42,0.255281,0.865757,415.16,86.8969,86.6149,33.3543,1.18602,57.4977,52.8358,14.7699,26.7438,2.55264,38,0.280851,0.876094,374.141,81.7533,87.1815,30.6786,2.55128,58.3927,47.9024,15.6443,30.8494,4.38966,44,0.313127,0.982407,447.785,99.188,72.6456,25.7953,1.80427,71.1638,56.8584,16.852,27.3927,5.30337,54,0.294949,0.879894,371.441,83.8988,102.573,46.6002,3.13164,55.4024,49.3267,15.747,30.5717,4.29496,41,0.277287,0.938768,446.657,83.9023,86.468,36.4444,9.26518,64.6053,52.8543,16.4908,36.6315,7.56564,39,0.331366,1.07838,405.34,68.1124,84.2109,52.655,2.63908,59.9986,47.6435,15.4727,31.5187,5.19243,40,0.321509,0.93071,578.301,149.88,98.3514,50.4724,2.40273,72.4775,67.6727,18.545,37.6965,4.15729,41,0.323152,1.12824,350.289,92.4372,75.3205,24.8154,1.01345,56.6753,51.5857,15.8616,28.64,3.16642,48,0.291396,0.919802,570.779,127.039,103.557,24.3337,1.92679,77.3603,67.9056,18.9264,32.4682,5.31077,44,0.428037,1.11254,429.438,106.5,146.432,91.4822,4.39983,69.2272,55.9212,19.6558,33.7166,6.7715,40,0.370624,0.943642,601.13,138.997,150.291,232.291,4.82801,76.7816,69.4498,21.8242,42.6137,7.9657,42,0.314232,0.978179,980.624,281.694,232.23,55.1953,1.66043,99.3202,86.9731,31.9404,45.1614,5.08313,39,0.245001,0.984201,985.851,273.941,141.205,40.4125,2.01303,80.2733,77.5036,21.9903,37.3074,5.53798,43,0.195881,0.892882,421.656,88.4603,119.133,111.745,11.1432,61.7414,56.3164,18.8504,43.3358,10.4994,41,0.280497,1.02118,586.833,130.34,115.911,69.1541,2.20877,80.483,69.0149,19.4658,39.1271,5.18273,43,0.285696,0.970117,544.825,103.72,122.994,111.14,2.89958,67.7855,56.7861,18.9289,43.2609,6.07504,32,0.35401,1.2387
decoupled_wbc_h066_p012,2660,fell,70.78,15,36.2696,13.0192,2.38683,2.44822,490.65,111.975,116.897,37.9813,2.18163,67.9207,63.9716,18.6324,30.2741,3.69396,34,0.294472,1.0413,395.522,124.919,114.646,93.7303,2.17734,67.7955,63.4842,18.753,29.1562,6.06639,48,0.221523,0.742912,369.326,100.865,115.163,24.53,2.61296,59.402,55.6767,17.6618,24.6585,5.06907,45,0.293405,1.00296,1170.5,181.723,211.551,43.3215,1.57459,108.507,85.2828,29.7428,31.5957,5.22132,27,0.415948,1.45793,445.004,109.524,115.541,38.7992,2.24631,62.4426,57.9029,18.5211,24.1217,3.95517,51,0.231327,0.802595,320.8,75.8694,120.076,22.7373,1.99247,54.1518,44.5856,16.8817,23.8552,2.89927,48,0.231532,0.950165,619.405,157.311,123.35,93.7581,2.80488,85.3016,72.4748,22.7137,34.8336,4.37372,39,0.391681,1.11036,474.814,122.286,120.838,40.5301,1.78205,71.5846,58.0595,19.0488,28.0425,3.5161,42,0.322846,1.06416,390.847,121.873,133.422,111.559,2.21536,61.9725,66.2101,18.115,32.5422,4.93586,48,0.211476,0.8369,323.518,79.9874,78.8391,30.6861,1.15252,53.8417,48.5283,15.7397,22.2572,2.66596,40,0.301533,1.01829,507.63,121.133,128.274,35.439,2.02408,66.1953,55.0988,18.9075,27.0493,4.43034,38,0.257433,1.01507,403.218,112.905,93.2434,75.9814,2.34666,61.9453,55.4388,18.3565,32.0019,6.47671,42,0.200474,0.963414,841.797,156.613,144.843,144.558,9.2696,86.4997,71.8922,24.7795,50.1445,10.5599,32,0.392588,1.38081,741.026,151.494,126.506,43.777,2.31888,90.2323,69.5451,20.887,40.7876,5.90268,36,0.319754,1.33973,2022.46,188.947,239.866,107.983,8.73061,72.5918,30.7527,17.6769,30.3362,10.7244,0,,,,,,,,,,,,,,,,,,,,,,,,,,,,,,,,,,,,,,,,,
decoupled_wbc_h066_p012,2661,complete,90,18,12.3056,2.87717,0.131788,0.160452,397.564,102.722,108.027,48.9037,2.61262,62.5141,57.007,18.6294,29.9785,5.41056,44,0.294807,0.887209,427.267,108.252,106.96,49.1166,2.11705,64.6001,61.2346,17.4167,35.2295,5.45763,47,0.285374,0.984822,455.069,121.851,111.831,41.6087,1.84957,64.9303,60.6138,17.5907,34.5709,5.06235,35,0.250709,1.18638,411.187,107.818,103.236,30.7233,2.26988,61.8064,55.9648,16.6239,28.5382,5.29559,31,0.35874,0.996814,388.137,94.3099,95.7361,36.1396,1.17981,62.9515,54.3926,18.3703,26.4324,4.01107,48,0.292116,0.952201,451.355,88.1293,104.587,33.358,2.0445,66.294,57.4093,17.8672,23.3667,4.47488,52,0.312326,0.938969,533.677,186.283,140.122,114.376,4.56117,75.8858,71.7254,21.1868,37.078,7.4984,35,0.301884,0.993899,657.127,166.893,116.472,46.8061,1.36831,73.259,60.2195,20.0093,30.2595,5.01121,37,0.321898,1.01353,422.288,82.8483,93.4291,36.1242,1.93946,63.4526,51.3761,17.7469,26.1561,4.52591,37,0.285982,1.0746,502.776,105.589,80.1548,36.3775,2.30111,63.7674,64.1048,15.8284,24.9815,3.30801,38,0.375268,1.14757,439.047,101.272,79.0355,47.9127,1.39782,61.3645,51.1399,15.8589,28.3126,3.88656,39,0.269733,1.00229,758.44,159.474,129.827,66.4364,1.36752,96.1521,76.4661,24.5685,39.2291,6.94654,39,0.396026,1.09802,655.361,95.2256,79.6653,39.8987,2.18874,70.5257,53.3784,16.3248,28.7407,4.76295,34,0.314908,1.12232,567.657,110.787,96.546,40.1796,1.79162,63.3226,54.6861,16.206,26.3746,4.13784,31,0.283198,0.92778,362.977,107.187,90.0444,40.8316,1.91676,51.9293,53.9981,15.5976,27.6943,3.10439,28,0.250735,0.915752,531.17,121.086,97.833,37.5039,1.7814,70.2626,61.7987,17.0522,28.2247,3.53153,34,0.366352,1.19894,504.731,109.488,85.1499,109.45,2.77505,61.755,55.6045,15.5884,29.446,4.77129,34,0.318377,1.14472,538.049,112.29,114.156,45.1496,1.9478,65.2802,58.5787,18.1657,29.2034,3.86516,32,0.287985,1.10755
decoupled_wbc_h066_p012,2662,fell,65.88,14,23.6836,12.1608,1.26973,1.24194,427.202,62.8908,104.442,26.0694,2.42013,65.4142,45.8025,19.1329,28.6799,4.54229,38,0.379294,1.1435,345.838,72.0049,89.1694,28.3018,1.5601,54.9239,47.0458,15.6311,26.2415,5.45493,43,0.311624,1.06781,408.286,116.582,104.171,37.0355,1.76963,70.0152,63.2533,17.9577,30.2502,4.76386,41,0.263909,0.902351,380.306,131.547,131.826,41.777,1.48568,65.055,60.8762,18.6339,33.8747,4.69098,39,0.284136,0.937716,393.586,101.283,120.764,31.854,2.32728,63.9451,57.3054,18.476,34.5481,4.6271,34,0.247667,0.955917,380.904,103.809,105.397,30.1184,1.37096,62.1218,58.7065,18.2466,33.266,4.04686,41,0.317275,0.980277,515.366,126.486,129.292,34.7875,1.62526,75.6097,71.498,20.8935,33.1845,4.01787,40,0.300682,1.00372,536.03,117.392,127.848,28.2691,1.26525,73.8314,61.3962,20.932,33.2517,4.28936,35,0.307289,1.2349,464.84,95.13,112.152,56.0077,2.30601,70.3746,55.4747,18.7466,33.6162,4.1157,45,0.362152,1.21437,498.629,104.872,124.443,27.5719,1.56105,72.2366,63.0023,20.8467,33.2271,4.39285,48,0.368629,1.02995,365.482,98.741,123.112,35.3616,1.23199,62.6078,59.2508,20.3292,30.9272,3.99175,45,0.260496,0.939645,480.382,104.799,131.756,34.2189,1.44693,75.7228,61.0474,20.7559,29.9735,4.1109,51,0.307616,0.913503,618.819,142.404,130.426,38.2152,1.7128,87.8484,68.5679,24.5933,33.6032,3.68951,43,0.329587,1.1547,3045.93,299.811,717.283,191.393,11.9203,140.158,66.2607,48.4606,56.5209,16.3598,1,0.261368,1.1405,,,,,,,,,,,,,,,,,,,,,,,,,,,,,,,,,,,,,,,,,,,,,,,,,,,,
decoupled_wbc_h066_p012,2663,complete,90,18,26.3531,3.49481,0.115023,0.268762,345.74,61.6051,95.9208,20.0535,2.89262,57.5821,46.6593,17.5568,26.1911,4.11862,39,0.289324,1.10719,385.833,81.1516,127.576,53.1782,1.80196,60.486,53.7711,19.939,29.7325,4.66659,46,0.281866,0.956704,383.921,66.9156,90.2206,26.4172,2.36675,57.4825,41.9295,17.8198,22.6086,3.79385,42,0.316325,0.940422,425.948,85.2418,141.539,17.9286,1.98784,66.5848,57.2075,20.4725,23.1538,4.28449,52,0.254434,0.865616,410.556,94.2091,82.2707,17.6667,1.91901,62.3781,55.6853,17.7116,24.1816,3.908,38,0.298863,0.857358,365.051,86.383,97.9587,19.8118,1.50199,63.6445,51.5106,17.8623,28.0314,4.13229,39,0.333468,0.953418,418.893,90.2266,88.4161,19.9391,1.94901,62.852,51.3552,18.1538,24.9958,4.60377,47,0.344791,0.984225,402.276,87.1364,95.5535,19.9591,2.72836,68.0422,52.6173,18.3593,27.6276,5.07395,45,0.288398,0.901696,385.537,110.903,97.6385,21.958,2.2175,62.6126,59.4795,19.5052,27.9362,5.38536,45,0.28276,0.897387,381.812,66.3237,78.0821,12.8063,1.92825,62.716,48.25,16.7646,22.0428,6.41056,43,0.288002,0.939741,697.158,116.218,134.817,21.0381,1.76627,77.1465,61.2348,23.4619,29.1862,8.39119,44,0.308165,1.17536,462.949,95.7047,91.7131,20.7333,1.55505,64.2173,57.6242,18.0799,28.0602,4.93004,40,0.304663,0.939291,460.066,93.3668,118.553,88.902,5.30254,68.4452,56.0734,20.6424,44.1931,8.00738,51,0.233726,0.882845,464.01,102.506,99.0634,17.8443,1.69072,70.2279,62.6436,19.1015,25.9181,4.9513,49,0.279316,0.872782,301.761,66.9177,64.2581,15.3394,1.79862,47.4428,40.9383,15.3601,22.2109,4.232,48,0.250671,0.797496,947.78,179.618,218.285,37.2226,1.8514,105.048,73.0897,36.1363,43.3668,6.64748,38,0.312022,1.61335,625.234,117.755,151.302,20.7966,1.56358,78.0583,65.2861,24.8358,30.8927,5.49903,43,0.301917,0.934297,498.917,98.4016,104.822,18.195,1.74602,71.2179,59.1244,20.592,27.4269,4.41357,42,0.305519,0.99498
decoupled_wbc_h066_p012,2664,complete,90,18,17.4132,3.65466,0.390872,0.152777,438.252,88.4672,91.3122,27.514,2.28386,64.9514,57.1686,18.0091,28.1684,4.10963,41,0.31852,1.08192,404.711,91.8766,93.021,16.6123,2.14622,61.0695,55.9544,16.3708,24.4423,4.93985,39,0.403354,1.21225,396.982,95.3137,107.268,25.771,1.99624,65.6679,60.9322,17.6875,29.5157,6.36977,50,0.28076,0.836473,376.668,77.9953,93.7521,21.1515,1.60761,61.0344,49.2404,17.6578,28.9018,5.03347,46,0.334954,1.06732,366.597,80.4009,60.0978,20.2636,1.74158,54.3943,53.4718,13.2171,23.2001,3.45848,42,0.339778,0.937136,344.877,83.646,111.963,26.8637,1.52642,59.4407,49.0289,17.7464,29.6895,3.50035,38,0.289692,1.0704,352.041,105.621,92.7143,27.582,1.9776,61.7673,57.4241,17.5343,28.9098,4.9755,48,0.228061,0.827053,314.555,82.202,95.2419,31.077,2.15589,54.5243,49.2578,15.5361,26.6235,3.42857,37,0.249156,0.877561,417.371,89.9893,114.905,23.7948,2.25701,70.1089,55.7736,19.8677,30.0782,5.15574,44,0.343568,1.05135,367.114,92.4232,122.007,23.0684,1.74684,60.8137,55.3523,19.712,29.002,5.2864,51,0.283712,0.920207,407.152,100.882,102.826,22.2781,2.59229,69.1912,57.7746,20.1094,23.5032,4.38505,45,0.321509,0.971152,489.94,125.069,157.572,156.669,3.19001,77.0121,68.8887,22.7083,32.3236,6.39015,43,0.294325,1.04659,327.649,103.574,85.2491,35.0138,1.14544,50.8812,56.5113,15.1051,24.1695,3.00579,37,0.234524,0.924521,595.085,162.025,117.616,32.7183,1.80536,83.5165,78.7198,20.7195,29.1393,3.75033,38,0.276876,0.927257,394.035,82.1592,74.5316,30.1819,1.91908,51.4543,45.2639,14.1119,19.3163,2.42669,40,0.213967,0.868874,424.995,157.521,111.005,95.1843,1.0076,65.4726,75.0796,17.384,30.0806,4.08244,44,0.229373,0.860522,669.07,161.371,136.88,73.3414,1.94075,82.9716,72.3391,21.8638,34.9983,5.38744,39,0.286129,1.06,487.811,142.516,124.983,26.5695,2.12884,74.202,68.9159,20.758,29.8152,3.9567,45,0.283723,0.986602
decoupled_wbc_h066_p012,2665,complete,90,18,15.8105,2.95003,0.318507,0.16503,381.93,83.4381,108.355,21.4112,1.54733,63.47,53.7015,18.4033,30.131,4.31244,48,0.302686,0.982892,384.997,78.3996,109.641,32.7655,2.26053,56.882,52.0555,16.5625,30.6418,4.2139,37,0.326833,0.992346,439.857,104.269,98.772,24.8061,2.03839,68.3084,61.6519,18.9638,33.115,3.92501,44,0.300681,0.986968,465.245,108.258,131.512,28.5193,1.80906,70.0567,57.679,19.2392,30.7477,3.96502,37,0.288226,1.10894,350.954,82.1891,94.0338,30.7234,2.38984,54.172,46.1098,17.1475,26.8285,3.95568,34,0.292616,1.12101,375.856,85.5619,79.8582,27.606,2.44065,56.9827,58.4993,17.1557,26.5325,4.45145,42,0.252108,0.918967,474.635,99.8793,82.7159,25.5736,1.35209,67.2089,60.1133,17.368,24.3448,5.09521,35,0.379524,1.25454,423.893,112.819,111.426,35.4943,1.47054,69.1048,56.4983,20.633,29.0266,4.27485,48,0.30082,1.01503,608.456,139.896,152.179,39.4752,1.93831,88.4311,73.6611,26.7516,37.1977,4.8543,42,0.357206,1.13783,849.521,194.637,178.29,36.6807,1.87393,101.078,73.902,28.9474,43.2949,6.9894,33,0.420768,1.2408,362.101,88.6746,87.8354,25.0468,1.54741,63.8479,53.9978,17.9013,24.3047,4.16621,50,0.290605,0.883051,442.068,90.6959,100.094,27.5329,1.69587,66.7539,57.1236,19.1138,25.1462,4.98644,40,0.308892,1.02137,451.768,100.727,111.722,29.2283,2.52947,71.6963,59.0093,21.7928,28.9538,5.23752,42,0.301915,0.885564,656.458,245.847,169.994,45.0087,2.21375,92.9354,88.2308,26.8166,41.1909,7.75037,43,0.353624,1.0457,479.286,103.185,92.3217,32.8932,1.93004,64.0294,60.2298,16.4887,28.7809,5.25454,42,0.342377,1.01079,410.277,97.4785,103.899,29.1951,1.63958,59.5396,54.0222,17.8655,26.9017,4.14322,37,0.269028,0.909809,425.217,93.9441,101.488,28.9217,1.26762,67.151,56.6653,19.7541,30.857,4.45465,54,0.257538,0.840693,477.398,113.202,93.2465,29.3874,1.78431,67.8659,61.4082,19.944,27.2725,4.74245,42,0.279804,1.05753
decoupled_wbc_h066_p012,2666,complete,90,18,11.5206,3.41991,0.120666,0.327661,489.591,92.5293,92.5042,26.0107,1.71298,70.6916,53.2162,18.5805,26.46,3.23329,42,0.393948,1.06483,402.937,101.724,83.6558,17.9989,1.56992,58.7594,60.8539,15.5878,19.2128,3.2149,44,0.27978,0.956839,484.1,114.823,127.277,27.7863,2.15935,76.4576,67.9661,21.2759,26.7458,5.05132,46,0.323462,1.00372,321.607,91.3773,88.1916,19.423,1.95585,56.3218,51.2711,16.7803,20.4615,3.56983,52,0.255662,0.875764,437.279,111.324,101.938,24.9165,2.31916,63.3925,63.3375,17.3849,25.6168,4.12305,53,0.333339,0.871611,478.905,106.96,100.902,81.2312,2.56172,69.0654,63.2924,18.6125,28.6481,5.70441,40,0.309656,0.853146,422.196,94.0897,101.427,30.5128,1.25417,61.7018,49.2512,18.7865,26.2583,4.25894,41,0.276197,0.994138,335.806,83.778,85.4874,23.8188,2.25405,56.4203,56.0512,16.6538,20.4134,3.95981,51,0.233898,0.861535,412.985,146.454,123.555,38.9012,1.46381,65.4024,70.3665,18.6845,24.0217,4.54751,43,0.235154,0.894539,335.81,124.98,107.947,39.0474,1.89933,54.7572,56.6533,16.5437,23.4887,4.53236,28,0.234966,0.87043,380.527,103.2,121.917,52.3329,1.80147,56.4228,51.9146,16.978,26.8643,4.60295,44,0.205098,0.881032,548.67,169.009,118.89,49.7803,1.90852,81.0266,68.3667,19.7442,29.0557,5.74349,41,0.375243,1.14448,248.248,110.826,91.0656,42.6122,1.45056,43.9988,54.2658,16.7821,25.075,4.58334,51,0.13906,0.73718,533.542,150.121,124.079,70.8502,3.12063,79.8637,62.5402,21.7808,30.1792,4.92452,38,0.307127,1.13972,381.353,101.474,92.0939,20.7609,1.74976,62.6715,61.0535,16.3428,19.885,4.14247,51,0.271874,0.88166,317.425,103.072,85.598,37.3245,1.55699,56.6726,57.7573,16.8139,23.958,4.46927,32,0.199591,0.753926,526.338,115.676,156.554,109.127,3.99112,81.5234,68.2043,21.4636,31.6729,7.21413,43,0.353553,0.984586,652.019,140.74,133.188,69.5414,2.56003,84.9665,69.595,19.7346,32.6081,5.01151,42,0.325232,0.964914
decoupled_wbc_h066_p012,2667,fell,75.58,16,23.622,10.2523,1.44625,2.89959,509.471,103.758,107.979,28.4804,1.78537,76.9965,62.1197,23.3413,33.7236,4.94011,43,0.371302,1.16021,452.634,91.6465,92.3589,28.6144,1.92212,61.6035,55.8201,15.7895,28.3072,3.75329,40,0.371304,0.999425,362.062,89.7374,135.677,26.5387,2.52611,61.6034,50.3032,19.2952,30.7915,4.58844,41,0.324879,1.05956,429.019,92.9924,124.94,25.3822,2.25232,69.8149,52.0765,20.3389,33.2872,4.47657,46,0.329697,1.03785,478.741,116.982,107.16,32.4969,2.02025,71.4888,65.4973,20.5302,37.4845,5.51871,58,0.279776,0.841177,360.841,85.9956,93.0338,54.7293,1.93411,62.8258,55.1471,17.1908,32.3379,4.20785,49,0.299151,1.01714,472.486,117.438,120.091,27.5429,1.2107,71.2307,62.7051,19.0031,22.8877,3.57993,49,0.231977,0.888925,440.323,99.8592,106.829,32.0843,1.45057,68.1596,57.2167,17.9203,20.9589,3.25897,37,0.357303,0.980431,417.804,122.9,105.228,45.405,1.55513,65.0401,65.5183,17.4675,24.5078,2.63901,42,0.225635,0.770777,459.396,159.981,158.273,120.517,3.77208,76.1063,81.0879,22.627,35.2413,5.4783,53,0.175203,0.871642,374.209,96.64,104.851,17.0658,1.6766,58.6489,58.0347,15.9895,24.3238,3.44351,39,0.340108,1.05953,505.793,118.677,100.682,22.9108,1.40873,77.9365,65.694,20.6912,32.129,4.53491,48,0.320861,1.09917,488.195,102.345,126.909,22.8662,1.74487,64.7633,61.1126,18.2193,26.5579,5.2936,42,0.360135,0.985895,465.568,97.5813,107.982,45.6633,2.03404,67.3699,53.7694,18.7624,35.8594,5.34154,44,0.283737,0.903832,593.065,132.607,152.247,235.869,15.1816,79.7151,68.4836,21.7091,67.1546,12.9613,39,0.257588,1.00045,408.306,55.9448,117.72,130.852,9.34011,24.2624,17.3429,9.60675,33.3445,11.1634,2,0.637535,1.18427,,,,,,,,,,,,,,,,,,,,,,,,,,
decoupled_wbc_h066_p012,2668,complete,90,18,29.1265,3.63368,0.189881,0.0503643,385.453,87.1644,66.8127,18.0537,2.12218,59.682,55.9561,15.0962,25.153,3.47449,40,0.296016,1.02121,479.092,110.782,95.8428,25.661,2.36672,66.3764,62.8009,17.235,31.9841,3.27952,47,0.29963,0.914196,387.507,90.847,113.755,39.3853,1.7706,61.1624,52.0039,18.2566,36.6156,2.77924,35,0.29594,1.11091,387.953,92.3331,83.9424,31.6127,2.04983,59.0241,53.4993,14.3789,30.5775,3.0464,39,0.283068,1.07146,550.535,124.736,143.371,43.5094,2.16895,77.471,68.8094,21.4808,41.5085,4.94764,41,0.303132,1.11278,518.498,118.246,137.505,110.758,16.7739,80.0563,66.4712,20.4375,44.0301,11.0992,48,0.275826,0.995088,1017.51,109.725,125.027,51.3149,1.72529,82.7896,56.8631,19.6902,34.1032,5.24341,35,0.339251,1.14285,431.847,122.668,111.828,37.4928,1.87204,65.3024,57.9503,17.7193,30.0459,5.44833,39,0.35199,1.15863,647.37,142.906,129.599,52.8695,2.45674,85.8659,63.1594,22.8531,37.2213,6.90246,42,0.356425,1.11149,687.538,96.631,118.669,35.276,1.71885,79.5251,59.6069,20.3555,29.7292,5.13259,43,0.331624,1.09468,609.645,130.037,126.287,129.524,27.0455,81.0268,68.3951,20.4962,42.0434,16.7056,43,0.309467,1.10446,1188.71,426.581,212.581,49.5536,1.78574,111.712,108.738,31.4797,42.5913,5.45921,29,0.429588,1.33356,434.454,108.286,84.4485,20.0547,1.58044,62.7563,64.9031,14.9201,20.7407,3.47266,40,0.392521,1.06887,313.543,86.1605,86.1399,24.4347,2.1674,52.5673,49.2644,15.5336,22.2701,3.80407,53,0.231335,0.779187,469.73,119.68,110.578,29.3724,1.5061,68.5462,65.4121,17.5568,26.0535,4.41864,44,0.260059,0.96819,791.938,194.837,153.041,45.3813,2.23611,92.6036,81.6419,21.1712,35.4883,6.58417,38,0.338678,1.23694,927.154,257.549,224.532,219.116,13.5286,102.69,88.577,29.2115,56.6662,13.5302,28,0.403047,1.31774,393.615,110.936,108.858,31.2311,1.96574,69.2375,60.3965,18.3701,26.1741,3.50116,47,0.242894,0.847938
decoupled_wbc_h066_p012,2669,complete,90,18,19.9103,3.13114,0.0958296,0.202424,454.694,84.2597,88.8645,34.1836,2.36123,68.9778,56.5232,19.0305,27.3017,4.45438,48,0.298759,1.02033,438.199,85.9991,120.374,30.4684,1.94342,67.9176,55.8948,20.3473,28.0275,5.77756,38,0.359824,1.20109,359.614,63.6063,89.5818,25.9482,1.42164,56.8313,44.6568,16.6679,22.5687,4.53946,50,0.256005,0.905902,378.372,100.852,84.8083,21.3976,1.49926,55.5196,55.7508,16.3802,22.2279,4.31112,47,0.259961,0.806035,404.83,81.9435,87.9236,26.9133,1.98215,56.5854,53.1266,16.9508,22.8987,3.46137,45,0.288017,1.01162,582.374,109.995,151.668,70.6064,1.72083,71.353,59.0045,21.0271,31.6358,4.92202,34,0.358601,1.20492,458.967,80.8212,83.1729,25.266,1.82608,63.81,48.9986,17.5398,23.3474,4.05243,40,0.382984,1.14079,380.463,81.9227,100.29,113.473,10.5131,60.2019,47.9434,18.863,37.9929,8.35276,44,0.244545,0.97387,475.432,100.793,127.559,34.8673,1.77981,73.1206,59.3612,21.934,33.1155,4.18914,45,0.35466,1.0823,366.713,69.1544,73.9689,123.248,4.04242,61.5723,48.0213,17.7483,29.734,6.5766,43,0.332699,0.988062,688.76,122.928,136.294,25.2616,2.78406,82.2391,65.0606,24.1588,29.4557,4.11607,35,0.329202,1.258,831.862,246.674,268.522,36.2619,2.10795,100.203,81.9301,33.1049,41.862,6.76591,36,0.392348,1.20079,489.431,96.8661,112.986,26.5359,1.28906,67.3749,58.9522,20.697,27.1293,4.45982,37,0.339686,1.08639,1156.02,255.571,217.355,36.1877,1.42708,99.6124,76.8441,27.6302,31.8924,4.95363,38,0.371659,1.16365,416.903,91.2349,90.3829,55.9121,2.95649,60.8383,53.4171,18.1907,26.9324,4.42709,40,0.308934,1.10231,507.99,92.4401,126.356,27.2152,1.81957,74.7572,55.4825,22.5556,27.1178,4.23591,41,0.363957,1.20779,510.204,140.233,128.33,73.0424,2.88482,76.3658,71.6762,20.6299,39.7163,5.6348,38,0.332981,0.952809,663.096,132.461,134.144,34.3631,2.56027,92.4686,65.6639,23.9954,34.8416,5.54191,44,0.366959,1.22525
decoupled_wbc_h066_p012,2670,fell,40.52,9,17.2029,15.9689,0.397708,0.676792,345.627,57.45,81.6649,19.7412,2.46032,59.1927,41.7567,15.9163,26.5081,4.38107,38,0.346327,1.16656,378.994,92.1129,94.6763,62.7679,3.323,61.4575,53.3965,17.0148,27.2923,6.08483,45,0.250627,0.876838,322.995,82.4145,84.901,33.9031,2.19,55.1853,46.8213,15.0613,25.7662,3.11806,38,0.303214,0.886197,310.735,102.662,87.4138,43.121,1.56587,54.4042,55.166,15.7561,31.729,2.69337,36,0.243856,0.784326,253.36,72.3946,60.1378,32.9998,1.97448,42.1857,42.5148,11.2335,23.9604,2.43121,42,0.183692,0.754358,426.153,108.534,119.363,146.083,5.54173,64.9552,57.6467,18.0646,39.2334,7.15373,44,0.318301,1.02304,324.319,113.153,132.492,54.2521,2.52341,50.7153,54.4924,17.8917,28.4243,4.47513,30,0.124418,0.846598,475.392,125.35,133.789,24.7255,2.64139,70.8426,62.111,21.0925,25.7631,5.21538,41,0.273054,0.991255,2354.38,125.556,241.847,25.6171,6.34714,94.1689,26.1794,21.5847,19.912,6.96664,1,0.245697,1.12503,,,,,,,,,,,,,,,,,,,,,,,,,,,,,,,,,,,,,,,,,,,,,,,,,,,,,,,,,,,,,,,,,,,,,,,,,,,,,,,,,,,,,,,,,,,,,,,,,,,,,,,,,,,,,,,,,,,,,
decoupled_wbc_h066_p012,2671,complete,90,18,22.8378,3.65275,0.354549,0.17497,411.869,86.2666,111.052,22.4033,2.44346,63.0801,57.5421,19.0583,30.697,4.62987,40,0.30885,0.977272,393.065,70.1493,92.3878,29.9837,3.00892,60.4838,47.9073,16.1163,26.4247,4.12845,46,0.329104,0.899516,440.441,114.308,105.744,37.7736,1.27181,71.5095,61.2107,19.4804,30.3136,3.16536,44,0.322289,0.946143,379.506,90.8712,74.5027,38.8344,1.22552,58.2909,51.8986,14.5817,21.1913,2.08316,47,0.275105,0.898986,256.729,106.388,93.1482,40.5581,2.13409,44.2705,52.4534,14.7171,21.7789,2.79595,50,0.171978,0.726742,377.34,95.1311,102.103,41.8382,1.85435,63.3076,50.2959,16.6684,23.0794,3.56566,39,0.351035,1.01736,442.891,124.788,135.307,164.049,5.77159,72.5793,61.3367,22.3577,39.1735,10.5245,45,0.222033,0.876459,353.236,72.1708,77.9382,36.9731,2.10251,53.6626,45.0266,13.9756,20.0128,3.64291,47,0.24774,0.808545,660.566,132.325,205.177,243.763,11.32,92.1864,64.7398,28.0407,51.0888,10.8704,43,0.399391,1.09467,509.33,98.5667,80.9844,28.4676,1.21528,78.1996,60.5474,18.7298,21.3242,3.94178,50,0.354439,0.918826,476.997,111.179,131,36.9177,2.35979,72.7889,62.7976,19.715,30.1897,5.09923,43,0.29093,1.02186,726.314,236.691,142.26,51.1534,1.68755,84.5263,78.6531,23.0612,36.1767,5.59023,33,0.365258,1.08364,653.848,126.998,88.141,85.6012,2.30445,84.6745,72.0689,20.4997,33.1282,4.76378,48,0.288748,1.00327,1188.66,370.768,208.083,95.2356,2.00263,119.388,104.391,28.11,47.5968,5.92657,27,0.399509,1.42323,487.979,88.6381,94.4346,125.759,2.87686,64.586,58.4114,16.0834,36.6468,5.24167,34,0.361238,1.13033,573.737,121.791,121.122,35.8776,1.6619,76.1081,60.2034,20.3829,35.0351,3.73277,34,0.359244,1.19679,462.058,114.661,115.085,35.9343,1.33493,64.0062,54.9109,17.8426,33.8087,3.83752,35,0.37272,1.09611,496.52,146.704,140.327,38.5851,2.63271,66.0975,66.2128,18.8626,34.7715,5.44808,33,0.263211,1.07742
decoupled_wbc_h066_p012,2672,complete,90,18,17.6969,2.49773,0.476806,0.191147,378.526,97.9051,84.3408,29.4984,1.75429,60.7597,53.724,17.0713,30.5052,4.10715,42,0.247063,0.954487,448.098,94.1071,113.719,26.0761,1.69142,64.5921,57.0913,18.2344,33.1124,4.76304,43,0.288928,1.03461,380.923,66.188,75.373,25.2688,1.70255,61.7107,48.9157,16.0001,26.3998,4.33355,43,0.320345,1.03936,476.266,108.734,116.896,29.6074,1.81754,74.3011,61.6391,20.7173,34.7208,5.53429,48,0.304849,1.02373,473.873,101.144,101.734,31.3442,1.35973,72.8995,61.5199,17.6626,34.5834,5.05719,46,0.347004,0.998893,399.055,79.3611,79.7726,28.5789,2.51476,62.3513,53.5141,14.3721,27.622,3.77863,45,0.313492,0.962659,350.962,87.4125,90.347,32.49,1.73078,54.979,51.8447,15.0762,31.2952,3.82158,40,0.262035,0.936615,344.513,87.0541,93.3575,31.304,1.61749,60.0333,51.6903,16.9086,30.5437,3.87764,41,0.276154,0.944789,463.569,120.449,91.5092,39.8992,1.8536,72.1728,64.1874,17.7093,33.6392,4.31034,48,0.28517,0.955288,415.424,116.354,122.337,129.781,3.74466,64.3024,60.3331,19.3389,42.1962,5.4998,42,0.274548,0.958156,418.833,85.748,76.7796,38.5947,1.49335,59.7109,55.5558,14.159,29.1209,3.70132,35,0.352776,1.07305,414.899,92.1304,112.454,130.335,8.62281,57.8571,42.8269,16.8642,41.2524,7.50455,34,0.24895,0.900868,631.758,171.971,101.825,49.688,1.63479,76.5191,73.0836,17.0612,37.2924,5.37806,38,0.354826,1.09917,549.39,115.208,81.5817,35.7534,2.21229,71.1345,58.036,17.3583,37.9593,5.03296,36,0.342356,1.17237,300.63,66.2334,53.1644,22.6167,1.8289,47.3811,42.2362,11.5907,25.8093,4.07176,32,0.265412,0.848717,358.571,103.182,82.0601,68.8465,15.9321,54.4406,51.4876,16.0451,39.8612,8.38441,52,0.21175,0.841135,795.742,285.997,116.212,55.7939,1.84778,96.6843,89.8533,21.3666,44.8858,5.18188,32,0.418138,1.09586,436.66,130.738,83.4347,46.9947,2.46729,65.8427,57.5787,16.0867,35.3857,4.4191,47,0.273049,0.84814
decoupled_wbc_h066_p012,2673,complete,90,18,19.6073,2.57549,0.332554,0.158441,423.028,102.893,122.994,65.8594,2.74657,67.78,58.0936,19.4373,32.9559,5.17791,44,0.246422,1.03324,390.216,93.8416,134.212,52.9489,2.30021,61.0262,55.8244,18.6038,31.6876,5.19716,42,0.300661,1.01043,389.541,114.67,111.791,28.2181,2.48044,60.8359,62.6353,17.2863,27.8563,5.15625,48,0.246622,0.815269,382.504,94.8164,118.331,24.2369,1.47171,60.9987,54.6206,18.5674,27.6094,4.6215,47,0.253145,1.03396,451.273,84.1737,103.419,20.2539,1.66174,67.3023,48.8906,18.3338,30.0885,4.66056,41,0.347117,1.1823,437.707,110.552,112.484,29.4971,1.70077,73.0855,58.0757,17.7619,30.6782,3.28266,41,0.282843,0.998012,320.755,79.4492,103.483,35.1548,1.73524,54.9559,49.2323,15.4445,28.304,3.07161,45,0.288943,0.845357,415.12,148.698,160.156,186.907,7.83858,68.545,69.9413,21.8733,47.3,10.3589,29,0.184033,0.930655,415.917,108.886,97.5786,37.8379,1.75132,69.8806,61.6302,18.7392,30.5146,4.26909,48,0.26865,0.878057,404.654,96.028,91.9811,38.4082,1.61501,60.3874,55.0662,15.4297,29.226,3.75056,36,0.288813,1.04791,559.464,130.115,134.353,32.4923,2.2324,78.6122,68.2619,22.3821,33.4691,5.41887,47,0.308007,1.06974,489.884,122.748,106.351,36.6199,1.98538,72.0816,61.8813,17.8585,29.9414,5.27267,42,0.280068,1.02819,446.807,111.829,97.7915,30.3218,1.79219,63.5934,62.8217,16.3265,28.2197,4.51341,43,0.304455,0.953065,449.611,119.718,129.622,31.8351,2.75575,74.5899,63.8451,21.4911,32.1703,6.61412,51,0.317616,1.02733,476.648,83.0775,134.984,175.854,19.4172,69.8529,53.4907,20.4358,46.5828,13.7345,35,0.302768,1.08884,484.646,115.241,116.165,20.119,1.72982,77.7941,65.1693,20.4039,22.5618,6.49281,46,0.344602,1.04273,510.687,129.956,240.158,275.981,24.416,77.3753,62.7448,29.817,72.189,24.1742,41,0.243679,0.873073,475.324,119.759,116.681,127.942,4.82847,69.5362,61.2843,19.1938,35.7686,9.14959,40,0.339571,1.17881
decoupled_wbc_h066_p012,2674,complete,90,18,21.9583,3.42874,0.276358,0.0457695,443.905,91.4829,99.4092,18.3543,2.09928,68.576,58.062,19.8316,27.7257,4.51618,53,0.303666,0.875898,469.902,86.9869,112.733,82.5209,3.87851,72.1981,54.8637,19.2442,30.2309,6.92777,42,0.371826,1.20862,419.987,101.311,111.005,29.8544,1.95889,66.7755,62.3346,18.8839,24.2226,6.04537,40,0.3364,1.04652,415.318,84.1734,70.5028,24.5238,1.98253,60.5865,57.4705,14.16,18.1585,4.43867,46,0.355769,0.941611,533.102,115.65,115.805,90.1048,4.14986,75.2272,64.2744,22.516,29.5998,8.25882,42,0.344473,1.0938,489.382,82.1973,103.276,25.9294,2.3438,66.1472,51.6558,18.3413,26.4517,4.2045,40,0.273836,0.994027,598.414,199.821,140.564,29.2714,1.14862,82.1483,75.2837,22.3095,33.7776,4.26879,39,0.355076,1.10385,414.699,113.089,108.495,25.7559,1.84296,70.8671,58.337,20.7706,33.2059,4.50516,47,0.365263,1.05211,417.027,82.0305,107.701,22.1606,1.90712,67.1469,53.4287,18.4417,26.1216,5.85629,36,0.418177,1.16277,442.16,87.4511,97.1711,20.8984,1.82668,72.7227,60.1945,19.3787,24.1773,4.92076,48,0.342473,0.919779,927.829,173.462,196.565,193.578,7.91029,113.317,78.4776,32.3483,56.0084,11.1937,42,0.382314,1.20425,544.641,95.9811,105.563,24.6708,2.65333,80.1246,60.9934,20.9368,28.6098,4.36489,43,0.378848,1.09132,884.62,483.376,236.111,62.6393,1.90117,98.2327,100.412,33.0131,52.7801,4.97916,30,0.330868,1.09067,477.14,121.441,118.568,46.9714,1.56136,65.4581,60.6217,18.7632,26.7045,4.58113,47,0.250716,0.990262,423.59,109.67,145.077,221.214,4.45928,56.8886,54.2916,20.1502,39.0447,7.97626,43,0.179396,0.888379,470.697,114.404,101.859,29.0474,1.35627,72.8961,65.4638,19.8664,25.8879,6.30063,55,0.273512,0.869464,575.657,181.845,140.722,33.5721,2.39859,81.7826,81.166,22.5297,30.8638,7.52384,43,0.279616,0.991982,537.47,156.664,139.99,31.598,1.54263,86.8898,75.3175,22.5823,22.8926,5.5051,40,0.392017,1.13152
decoupled_wbc_h066_p012,2675,complete,90,18,18.3706,3.59433,0.484183,0.314416,397.64,99.7227,104.552,25.8043,1.86047,58.4911,56.1635,16.6252,29.2776,4.16854,41,0.281385,0.982829,334.444,82.7544,87.8645,27.5009,2.02555,53.3322,51.4924,14.8552,28.4909,3.82904,41,0.261026,0.94822,355.376,86.624,89.2638,28.0404,1.7147,58.6023,50.4947,15.3174,30.1748,3.95384,46,0.276277,0.829057,374.387,91.0884,77.9598,23.4648,1.86246,56.5518,54.6285,14.4583,27.5504,3.36598,34,0.410705,1.20084,436.843,116.834,110.882,59.303,2.48834,68.8339,63.0673,20.1787,34.3982,5.59763,35,0.345041,1.07765,385.377,93.8693,103.112,33.4035,1.15861,61.8415,52.9606,18.3017,27.9239,3.50213,41,0.32872,0.955416,385.364,110.473,105.164,36.5441,1.37583,67.1189,56.6174,19.508,31.141,4.59621,41,0.262423,0.899387,395.692,106.621,122.326,36.043,0.868675,64.3818,61.5737,19.7404,29.7849,3.81992,50,0.28442,0.851729,376.85,87.5053,94.7676,31.4605,2.17361,61.9134,54.4232,17.758,26.5592,4.09006,41,0.282372,1.03721,265.638,80.6874,107.917,34.925,1.97504,46.3089,47.2308,16.2072,28.6214,3.33801,38,0.262017,0.916977,389.56,108.501,125.37,155.06,4.46338,60.1206,56.9277,19.0445,36.7721,5.36586,37,0.239257,0.903289,431.843,115.455,128.785,119.875,3.66208,70.9141,60.7581,23.3291,43.9346,6.46461,42,0.294347,1.09147,428.182,120.286,109.41,25.7993,2.24044,69.2134,65.5564,19.3199,28.548,4.79057,52,0.214446,0.846632,551.952,133.978,96.0721,23.8759,1.54741,78.8099,64.9001,20.6397,28.5716,4.41683,48,0.264551,0.930162,687.537,224.283,157.583,40.9026,1.33789,84.3816,75.474,24.1538,36.4318,4.66325,39,0.23915,0.963752,393.507,75.7668,65.318,23.7458,2.17297,57.9591,49.9456,13.2438,19.4793,3.04345,35,0.33166,0.938387,551.966,117.76,128.801,252.796,5.53068,79.2872,62.2668,22.5828,49.1353,7.86441,37,0.349091,1.11772,471.424,92.3553,97.913,140.567,3.01755,61.3825,57.0693,15.5419,33.6867,4.80712,32,0.351071,1.18526
decoupled_wbc_h066_p012,2676,fell,70.66,15,26.0848,7.58502,0.58292,1.55614,443.338,96.4547,102.496,29.5361,1.77955,70.2327,58.2957,20.0444,26.7518,4.09282,49,0.314303,1.02307,453.511,86.3157,119.104,29.3286,1.45582,65.8135,55.4526,18.7406,26.9191,5.26476,32,0.337478,1.20494,345.447,88.6327,95.4377,30.838,1.52433,57.2148,52.3258,17.3063,23.8817,5.00187,43,0.303892,0.944057,373.415,58.435,90.3895,21.503,2.38429,58.011,42.6341,17.8828,25.8086,4.70981,39,0.329819,1.04298,470.229,125.685,139.912,25.1402,2.63309,70.7754,62.0382,21.5602,35.5515,5.65954,48,0.282486,0.997582,529.603,125.532,126.188,73.5804,3.44038,80.3765,67.7774,21.2224,38.976,6.31864,48,0.354345,0.940406,453.442,112.267,112.192,34.7578,2.40763,76.4243,59.5969,22.0201,31.8566,5.18734,45,0.259211,1.07052,455.163,92.5305,109.949,25.6602,2.80167,72.4991,59.0929,21.0247,27.3929,6.29108,45,0.388246,1.05182,493.983,105.054,113.799,30.5699,1.84149,73.9751,65.0324,20.3916,32.5823,5.74831,50,0.280413,1.03882,422.247,85.1928,96.0698,28.207,2.1064,61.8355,53.7546,17.7241,23.5269,4.35263,44,0.32235,0.937146,650.719,140.654,159.973,35.5107,2.57718,85.098,73.1764,25.9511,32.6466,6.34703,39,0.3142,1.22706,716.303,148.181,155.218,36.7623,0.857101,86.574,66.7332,25.032,32.8424,5.35135,37,0.422188,1.38356,651.589,129.087,168.513,181.786,6.85008,86.1751,64.2614,28.2293,49.8394,10.7422,40,0.359026,1.34781,497.976,88.8412,95.551,23.893,1.77779,72.9069,58.1912,19.1712,26.3636,5.72529,37,0.310727,1.34198,1596.06,174.82,380.269,331.143,33.4096,77.4989,33.5481,29.6923,77.6003,29.0019,3,0.214706,0.776207,,,,,,,,,,,,,,,,,,,,,,,,,,,,,,,,,,,,,,,
decoupled_wbc_h066_p012,2677,fell,51.28,11,40.9497,7.1124,0.750298,0.981153,442.918,105.102,117.978,28.1045,1.59894,69.3588,59.0816,20.2143,31.2044,4.04702,42,0.299269,0.941925,350.444,82.055,90.531,30.3384,1.54257,55.4823,48.95,15.1196,24.9021,3.16834,37,0.33575,0.921219,393.969,78.6745,106.303,22.7275,2.3717,59.9284,47.1604,18.5482,26.5195,3.63636,42,0.282572,1.10487,588.903,122.474,95.8915,23.9145,1.94348,74.579,68.9178,18.5788,28.1302,4.95383,39,0.393276,1.0978,483.235,91.0746,109.931,18.1141,1.27523,70.7197,54.1972,19.7788,25.5838,4.34278,43,0.319833,1.07972,469.826,105.164,126.872,24.31,1.63625,71.2983,54.6795,21.2797,22.2548,4.8417,42,0.309377,1.02316,374.385,108.643,128.1,27.8105,1.51404,63.3252,63.6592,20.4006,20.5942,5.16937,52,0.268521,0.85497,471.156,108.25,184.712,192.104,8.99381,75.6601,60.739,24.7504,42.6096,11.7297,42,0.326939,1.04145,436.132,98.5069,134.862,23.2164,2.79708,70.5819,59.3896,20.4584,23.5837,5.90848,53,0.323363,1.02355,450.772,132.424,141.308,24.1938,2.26618,73.0991,62.7202,21.9973,27.1864,6.91281,46,0.262819,0.935383,2915.32,585.671,424.578,46.7529,5.13494,132.373,77.7631,41.4493,41.554,15.6498,3,0.411947,0.841166,,,,,,,,,,,,,,,,,,,,,,,,,,,,,,,,,,,,,,,,,,,,,,,,,,,,,,,,,,,,,,,,,,,,,,,,,,,,,,,,,,,,,,,,,,,
decoupled_wbc_h066_p012,2678,complete,90,18,20.1903,2.74983,0.0767888,0.363569,345.982,89.4084,104.038,29.5814,2.0234,63.674,52.2946,18.8119,30.5749,4.15132,52,0.199774,0.789813,374.468,108.142,95.5695,82.6122,3.02259,60.071,60.9778,16.4799,28.62,4.00507,53,0.218713,0.847788,441.091,104.05,103.302,44.6561,2.1272,70.6827,62.501,17.9056,32.2489,5.24224,47,0.309376,0.87695,417.7,96.7035,122.479,85.9176,5.38608,67.6091,57.3888,20.0995,34.3907,5.95415,42,0.324121,0.999294,441.414,108.207,101.369,28.8618,1.72223,74.2721,65.9479,20.1173,32.193,3.80027,46,0.332055,0.911913,496.053,98.4798,128.099,32.1066,2.81841,75.826,60.9453,21.3228,30.9329,4.52864,45,0.380978,1.13015,457.723,121.859,122.803,30.2516,2.30605,70.0512,59.0503,18.9381,31.0044,5.12634,35,0.333625,1.16585,557.029,117.549,88.4484,36.7947,1.87938,71.1517,62.1357,19.224,29.011,5.38787,34,0.344963,1.31867,393.806,90.747,108.872,129.682,6.83346,63.4054,56.7721,17.8824,33.2168,7.96032,43,0.278567,0.944271,476.528,132.053,119.044,57.5499,2.67781,65.7689,62.2206,19.6186,34.5932,5.561,43,0.26901,1.06429,396.835,101.937,108.545,35.604,2.60653,59.7834,50.4026,17.4268,28.4874,4.14189,43,0.312399,0.898245,347.282,98.1094,84.9216,35.3246,2.3147,58.0492,55.6662,15.9545,28.6528,4.38953,48,0.205415,0.909765,546.143,146.27,127.383,83.8155,15.4163,75.7579,70.5521,20.605,38.0766,9.7057,44,0.289295,0.946848,463.539,121.307,97.8866,16.8159,1.76991,72.5684,61.6311,19.7385,23.88,5.21449,43,0.27119,0.899147,700.173,178.618,121.669,25.64,2.01289,77.3555,75.6303,21.6073,25.7623,6.06101,34,0.377408,1.10713,608.65,151.808,148.643,217.745,19.4758,80.7142,73.7976,25.1598,41.8245,15.2447,47,0.225707,0.929833,518.984,98.7645,109.879,33.9232,2.24529,72.8926,60.1963,19.8135,32.2287,4.98143,36,0.313533,1.06764,400.302,83.2201,114.172,32.2999,1.88535,63.5821,52.8984,19.438,35.1446,4.68063,45,0.304565,1.07
decoupled_wbc_h066_p012,2679,complete,90,18,25.1545,3.92367,0.088429,0.125876,412.652,89.2295,107.668,22.9451,2.44656,68.8372,54.3789,19.0208,30.1476,4.1953,51,0.301105,0.982961,348.791,88.178,81.9906,26.3178,2.17434,54.9035,51.78,16.6489,29.5207,5.11551,37,0.302585,1.07202,436.11,79.9491,71.9977,25.2708,1.70344,61.5239,55.0602,14.5922,24.6831,3.63856,44,0.327264,0.914125,553.187,117.997,124.994,81.8702,4.76908,86.7137,64.8879,21.6,37.4088,7.27338,41,0.396188,1.2241,551.981,110.641,122.691,21.6477,2.41178,74.8329,55.3029,23.3537,34.4989,7.3728,33,0.304536,1.15529,435.747,115.208,109.953,15.8898,1.55875,66.3237,60.5906,17.6356,21.1483,6.67377,41,0.329238,0.991581,495.488,115.069,125.903,24.4308,2.14419,72.3652,65.0009,22.0121,25.8911,6.27429,46,0.301184,1.13974,510.422,117.407,119.794,28.3834,2.06149,72.701,64.2522,18.8666,25.5849,7.31474,32,0.398792,1.35702,622.764,109.277,122.781,119.039,10.6925,76.9513,61.5883,17.8043,30.7687,11.0228,30,0.359435,1.3262,651.99,187.495,159.855,48.1013,1.72773,86.5845,67.6081,21.8375,28.9036,4.4956,38,0.418336,1.26097,622.512,144.666,170.904,210.777,3.53654,85.1144,66.8383,24.5894,41.8114,6.89237,48,0.385516,1.05156,373.998,95.6949,80.4607,30.8165,1.23695,52.8086,57.3611,14.7873,18.0436,3.36722,34,0.338934,0.942607,2497.98,273.784,255.238,57.0046,2.49277,160.949,95.4896,42.9724,41.3866,6.56669,31,0.276535,1.70021,396.82,127.917,84.9465,28.1167,1.96348,58.6842,61.8129,14.9816,25.5674,3.99882,55,0.226702,0.803834,467.363,93.2886,107.585,32.9981,1.72699,60.4549,54.9084,18.2987,26.3023,5.08091,46,0.2756,0.965243,401.15,76.6268,57.717,24.2497,1.63224,55.2178,52.3551,12.9363,18.5832,3.78983,33,0.370384,1.16687,646.623,148.031,121.682,37.0534,1.21953,80.7854,68.7288,22.747,26.1186,5.00307,39,0.35487,1.12797,416.215,91.2126,77.2462,96.2896,2.80934,59.3708,52.6345,15.7363,27.5244,5.08905,47,0.309582,0.847341
decoupled_wbc_h066_p012,2680,complete,90,18,15.8942,3.82944,0.239643,0.0726335,388.668,116.677,109.719,48.8055,1.48157,71.7125,63.3662,18.863,29.9565,3.80708,49,0.238407,0.952642,436.434,121.152,109.967,35.6897,1.60869,69.6955,66.5922,17.8347,26.1303,3.7929,43,0.283472,0.901232,401.815,98.5645,98.4046,16.5175,1.38085,64.0119,56.295,17.8126,23.0841,2.95207,37,0.310912,1.10883,336.601,116.837,94.7496,35.5844,1.63979,57.2682,55.9406,16.1289,25.241,2.92077,37,0.262365,0.985725,339.945,105.096,86.8158,104.189,3.27556,47.0774,54.2143,13.9342,31.9878,5.44738,28,0.313169,0.814047,430.11,113.811,92.5327,43.765,1.48488,66.7833,56.6775,17.3959,34.7026,6.21692,39,0.322175,1.09645,357.458,144.07,104.506,83.1347,3.46514,57.983,58.3597,16.9481,34.8409,6.72397,35,0.179916,0.833094,523.78,137.097,101.746,42.0168,1.91691,69.5571,65.6925,17.8054,30.4993,4.46584,37,0.291732,0.997125,346.023,97.6688,90.7109,69.4813,1.75019,55.5564,50.3317,15.9624,27.2869,4.32995,49,0.227218,0.876636,473.619,120.172,127.534,137.168,3.18316,70.1393,58.2621,19.5564,38.3388,5.9178,38,0.318259,0.990456,546.35,156.593,116.43,39.7349,1.18502,73.1111,69.0819,19.0823,34.0932,4.43166,35,0.407622,1.13251,641.692,117.983,128.165,61.7931,2.40661,80.8554,59.7574,20.8022,36.7897,4.19892,38,0.382266,1.2126,727.1,143.374,173.71,231.684,16.2016,91.9377,68.8467,27.2102,58.965,13.2145,46,0.354131,1.24248,337.975,78.9935,94.257,26.0181,1.19802,63.334,48.2886,16.5416,31.634,4.12048,40,0.3632,1.29518,444.683,104.032,147.256,83.025,2.94167,70.2434,59.4425,21.8117,38.7977,6.28876,47,0.275724,1.08385,367.214,70.837,65.0537,53.3909,1.60571,53.6694,50.1171,14.2302,25.5763,3.80896,38,0.303895,0.966974,608.463,130.204,181.055,153.395,2.61096,84.0196,66.3828,25.5072,48.0199,7.12159,47,0.286385,1.145,630.434,118.391,134.641,36.1616,2.20733,78.3904,60.666,23.6536,38.9861,4.65113,39,0.320464,1.24135
decoupled_wbc_h066_p012,2681,complete,90,18,20.4015,3.18678,0.287359,0.233342,497.767,113.154,134.993,41.3481,3.5363,77.7398,70.1789,20.8529,35.6162,5.52714,50,0.303308,0.893309,431.19,117.47,129.447,52.9544,2.09676,66.5548,57.3357,18.6678,32.9193,6.25126,38,0.302429,1.06846,395.307,88.5389,110.155,27.2283,2.14058,62.1809,49.1013,18.1558,28.4642,5.44815,43,0.284444,1.0083,408.806,102.969,112.937,21.4567,1.62895,65.5184,61.0064,18.6577,28.1686,6.05897,39,0.263541,0.983681,344.242,79.8904,105.198,37.7088,1.88486,56.0697,52.4411,17.2014,28.3222,5.44214,51,0.288953,0.818699,405.17,91.9475,106.723,29.7718,2.14859,64.2566,58.7214,19.837,32.2033,5.00732,45,0.306294,1.07749,400.846,71.8213,92.8256,23.9795,2.0003,64.3608,49.1464,17.5461,29.1543,4.50286,50,0.288533,0.972675,391.111,90.7195,72.7919,23.8163,2.55489,56.739,57.5069,13.6468,26.6149,4.39712,39,0.357852,1.0031,396.578,85.0016,116.203,25.5486,1.80399,61.8559,55.4766,17.5746,31.2549,5.22054,40,0.244222,1.00535,513.587,83.9396,92.2495,35.5698,1.74724,68.3647,53.5549,16.363,30.671,4.0247,32,0.36251,1.12315,611.415,163.208,135.747,43.9769,1.98065,77.2375,63.4739,19.2423,38.1096,4.82343,29,0.359792,1.1935,383.786,82.9261,68.9174,31.1852,2.8502,58.3504,53.6208,13.7692,24.458,2.96608,55,0.22189,0.765704,858.122,125.196,101.384,56.16,1.59525,87.5878,64.8962,17.8837,32.133,3.56437,30,0.313094,1.2839,446.342,93.0599,70.2314,26.1001,1.58543,63.6934,60.6944,15.2091,26.8676,2.26795,37,0.356503,1.01408,345.236,82.718,60.5311,21.8611,2.88202,48.6419,48.4574,12.5796,24.9735,3.50641,31,0.266247,0.956515,586.71,122.917,87.7134,23.024,1.49054,68.4364,64.0274,15.5172,27.6886,4.68873,37,0.286191,1.01968,350.765,76.0325,63.7982,21.1225,1.5792,51.5894,47.7862,13.2623,27.0671,3.49137,43,0.180439,0.771641,667.038,156.993,110.07,34.2178,2.26305,76.4324,62.6903,18.8388,36.6305,5.00792,45,0.260001,1.06037
decoupled_wbc_h066_p012,2682,complete,90,18,15.2688,3.42668,0.299679,0.277815,466.289,117.272,93.8843,29.6343,2.58339,74.5713,66.6877,19.5987,29.7854,4.4073,41,0.304917,0.929932,423.195,88.9929,66.5025,28.6063,1.45639,61.6906,61.7536,14.4363,20.9432,3.49735,37,0.375348,1.12117,407.926,103.24,121.94,68.5862,2.42689,66.3627,53.856,19.3829,29.1504,5.5798,42,0.280974,1.04519,563.639,129.254,117.426,28.9001,1.20957,81.141,68.6527,20.5083,29.031,4.35242,52,0.293875,0.851941,408.98,81.1791,99.6205,22.5023,1.91981,60.225,51.4006,17.7262,28.8554,4.0393,37,0.360608,1.12743,491.452,109.718,145.588,33.3577,2.00297,66.1763,55.5335,20.0998,35.0393,4.51653,42,0.252194,1.07019,342.39,101.289,100.695,33.9218,2.67313,62.3336,54.9421,15.8665,28.5644,4.57712,50,0.27584,0.880034,358.229,140.26,106.191,42.7886,2.08662,56.1313,56.1819,17.0504,30.1989,5.21508,31,0.26771,0.882652,370.381,84.9862,102.788,27.6825,1.59893,58.6172,49.3539,16.6508,28.6566,3.97975,39,0.281089,0.986459,458.793,110.59,116.663,44.5849,2.99986,66.9131,53.4639,18.8884,35.586,4.27543,50,0.286432,0.956769,1017.74,162.088,151.657,57.1119,1.21244,93.7099,71.1633,23.3419,42.4531,4.26925,34,0.290667,1.27567,600.952,102.177,88.5756,42.246,1.45606,85.2209,64.3291,20.0873,39.6573,4.53512,43,0.377948,1.05606,407.916,101.4,92.8651,73.6377,2.63685,61.5205,49.5579,15.9771,35.5663,4.73122,35,0.2774,1.04393,540.966,118.199,114.859,37.5334,1.90579,69.5149,64.3294,18.2435,36.5926,4.95449,39,0.279122,1.07904,484.043,105.43,157.056,177.252,22.6679,74.1341,55.44,20.8203,50.7606,13.6331,51,0.332421,0.931918,375.821,93.3884,94.1782,23.234,3.2069,58.3908,56.2821,17.0802,18.6689,6.15447,44,0.228011,0.852427,649.414,149.08,202.701,180.868,23.0611,88.9961,74.368,28.3196,50.8108,17.0278,48,0.267338,1.07217,613.602,111.673,130.957,34.6597,1.53122,76.0939,64.1788,21.0454,21.8054,5.77784,34,0.30261,1.11904
decoupled_wbc_h066_p012,2683,fell,80.62,17,26.7976,9.02467,1.87896,3.02786,415.678,81.8554,92.1465,25.3564,2.67269,64.432,51.189,17.6106,26.3139,4.20901,45,0.276274,0.956844,501.87,108.832,111.691,59.142,1.48809,79.6758,64.638,20.3039,33.2746,5.29858,41,0.364263,0.988482,448.588,102.628,116.763,34.2904,1.86843,68.7766,57.0916,18.2767,26.7171,4.28031,37,0.291172,1.07051,465.422,117.137,122.606,37.5382,1.56692,76.3623,61.5461,20.8691,29.9451,4.87675,53,0.29793,0.940842,379.562,104.638,102.568,77.2115,2.10053,58.8738,58.5512,16.0016,23.926,4.20742,46,0.239796,0.851642,365.444,106.664,102.937,28.4012,1.30353,58.781,54.7036,17.639,22.2079,3.91076,44,0.263042,0.912076,374.869,78.5358,90.0107,27.2911,1.38372,61.3688,48.8851,16.9523,18.7696,4.09441,47,0.249795,0.883377,389.624,96.4362,106.226,41.7368,1.87602,65.7086,58.105,18.6626,22.6593,4.97534,37,0.281786,1.04365,477.892,101.728,141.622,108.217,2.3787,69.7605,65.8485,19.6111,27.0123,5.17704,54,0.319548,0.81172,526.085,127.453,112.731,43.9383,2.84213,75.8011,66.0274,19.8625,25.935,3.57539,40,0.316086,1.05187,586.563,121.623,122.802,43.522,1.80683,74.2823,65.5383,19.9225,27.3122,4.10454,40,0.311738,1.23605,624.209,141.595,107.508,37.7638,1.11529,72.5371,65.1138,17.4102,26.9037,5.12364,44,0.375737,0.905529,682.702,195.368,187.729,225.197,13.9741,84.402,68.0661,24.3838,43.7833,11.7698,45,0.283154,1.06937,522.21,113.265,112.283,34.762,1.76535,73.6619,59.1265,21.1652,25.5829,4.66214,41,0.351726,1.13621,326.193,121.742,112.129,35.39,1.39658,52.6928,55.3171,17.8395,22.8361,3.62229,36,0.153676,0.696594,372.521,109.679,143.344,63.8346,6.65519,62.7769,56.6857,18.969,29.3307,6.57316,45,0.255091,0.920142,1824.57,90.9532,291.266,215.478,20.5903,60.6289,21.2655,17.0609,37.3293,9.02755,5,0.359875,0.743903,,,,,,,,,,,,,
decoupled_wbc_h066_p012,2684,complete,90,18,14.967,2.86659,0.184286,0.12573,420.254,88.3388,101.334,26.2739,1.66127,68.3366,55.1692,18.7517,31.5399,4.205,40,0.361455,0.977981,438.728,95.6844,99.3384,28.8891,1.59027,69.0522,60.3354,18.7876,30.1987,4.5405,42,0.298934,1.03747,444.194,118.83,125.47,34.9227,2.65414,73.326,64.9485,22.4809,31.7582,5.8177,64,0.203166,0.806234,404.761,94.3254,133.146,28.2983,2.43918,68.7224,59.1371,21.4368,28.2702,6.46165,43,0.326608,1.07114,332.864,80.6844,95.9499,42.0658,2.69054,53.6338,51.6758,15.8621,27.5136,5.93862,45,0.229654,0.89519,393.263,102.009,117.204,33.8097,1.65717,63.9639,59.2035,18.9159,30.5974,7.5384,44,0.260626,0.974612,342.146,107.869,145.297,72.4968,3.86059,55.0177,57.2532,18.3369,27.6921,5.87904,40,0.201263,0.890392,470.359,131.127,117.807,32.872,0.790302,74.1335,69.1651,20.3058,27.0359,3.01482,50,0.292067,0.93011,337.721,110.622,94.7933,35.8091,1.48307,49.8626,50.6352,15.8184,27.5037,3.6913,32,0.226871,0.84816,332.428,84.8792,105.067,26.4972,1.63742,55.6957,48.8023,17.6059,25.1155,3.64456,44,0.251283,0.985997,294.084,90.5583,85.4618,27.5981,0.977814,50.4426,53.7664,14.3534,19.2601,2.54584,42,0.230883,0.807578,866.185,303.6,222.183,56.6119,1.57719,95.2986,83.5382,28.4994,33.2265,4.91423,45,0.290852,0.974694,489.056,130.638,131.002,48.0846,1.81145,72.0998,58.8758,21.1422,29.8096,4.12221,42,0.319947,1.12061,349.189,101.237,125.198,56.5882,1.89179,58.9527,55.7169,18.0918,32.1275,4.22493,47,0.191347,0.929457,364.281,106.535,98.2145,45.6692,2.17723,61.0312,56.6428,18.3319,25.6488,3.51517,44,0.245543,0.96143,405.999,123.485,102.31,31.9825,2.03994,66.1019,63.4739,18.3034,24.6136,4.02088,35,0.352235,0.838031,646,198.779,139.823,39.0629,1.75508,82.0176,77.7495,21.1764,26.9113,4.75191,43,0.274578,0.97321,337.492,108.882,101.926,29.4286,1.55232,59.1666,54.3792,16.9389,22.1134,4.61921,44,0.233312,0.810712
decoupled_wbc_h066_p012,2685,fell,66,14,19.5387,8.02387,0.928982,0.50014,416.726,95.3084,108.612,36.6992,1.54272,64.3486,56.9009,17.4384,28.0396,4.29625,39,0.295083,1.06295,376.088,100.842,114.121,31.6535,2.71808,64.5182,58.0887,18.3704,31.101,4.84055,46,0.318697,0.962044,317.978,60.5072,62.3422,25.4945,2.13661,52.3962,38.5368,13.9383,28.2082,3.23349,44,0.291847,0.951559,377.807,84.9339,95.9717,26.2369,2.1218,61.1852,53.8036,17.7506,31.9881,3.63795,56,0.271244,0.832764,388.81,103.976,80.0307,28.3021,2.01616,57.5983,60.7306,15.2013,30.7664,4.14958,37,0.31935,1.05024,431.966,91.5596,104.41,29.2646,1.83663,67.6026,54.4535,18.0644,34.7453,4.44614,40,0.281696,1.07405,439.506,105.125,127.326,84.2109,2.83016,66.3429,53.5956,19.2256,37.9186,6.83899,40,0.275771,1.11312,502.44,97.8706,127.762,33.1746,2.97886,65.1075,57.0108,17.6441,33.4132,4.655,36,0.361718,1.33803,441.842,94.7581,104.53,37.5292,1.374,63.0928,56.9083,16.3552,33.0646,5.03284,40,0.282986,1.10958,347.613,64.7141,97.6544,32.9972,1.16613,55.5713,42.3056,16.0238,30.5622,4.05433,40,0.35996,1.05658,367.936,88.7182,83.2601,26.4162,1.18261,57.8344,53.9504,14.6471,27.8481,4.079,42,0.305288,1.04807,372.3,91.3423,158.33,79.6378,2.83642,58.2938,53.0909,19.2052,39.2722,6.54425,50,0.220864,0.825607,396.751,93.631,90.7531,26.3093,1.69064,63.4643,60.9963,17.0214,32.0116,5.21486,51,0.260528,0.83079,1969.38,540.962,480.736,85.7204,2.94281,100.386,77.7871,33.0337,60.0858,10.5092,1,0.191299,0.659248,,,,,,,,,,,,,,,,,,,,,,,,,,,,,,,,,,,,,,,,,,,,,,,,,,,,
decoupled_wbc_h066_p012,2686,fell,76,16,24.5673,9.91234,1.51266,0.630561,366.212,84.3119,109.287,28.8366,1.73738,63.6533,51.9431,19.2513,26.2431,3.61471,46,0.276428,0.877722,457.292,107.856,98.3487,24.6263,1.6165,76.1471,61.1324,20.42,22.0578,3.30079,46,0.340754,0.968662,495.789,103.723,90.2845,39.3089,2.78181,74.901,60.4962,18.5016,24.0888,3.57576,46,0.362382,0.948437,363.445,70.3678,76.3559,48.4044,1.77607,53.94,47.4532,14.3163,20.3257,3.0621,37,0.29849,0.971078,324.614,84.4286,87.4908,29.2178,1.31098,57.7482,51.8668,16.3695,21.0984,3.18652,50,0.262588,0.793446,536.668,109.683,93.5509,42.6228,1.96593,64.5346,63.0137,16.0527,25.6659,4.44728,41,0.328852,0.955468,293.333,112.874,97.7042,80.2433,1.94574,52.8014,54.489,16.2972,26.8897,4.82428,48,0.19614,0.862763,414.49,113.743,139.473,103.775,4.83445,65.328,57.3881,20.972,30.2792,7.59916,44,0.267542,0.906959,491.874,155.423,131.444,39.9933,2.08714,76.1431,63.4847,22.1326,28.9685,6.26277,41,0.342533,1.05823,318.756,91.1153,73.5056,30.3827,2.06258,52.0526,53.8827,13.3709,20.4191,4.02549,41,0.226117,0.90636,607.599,126.383,168.083,79.0045,2.40957,79.5457,63.8328,23.9247,33.7199,5.8114,34,0.328477,1.43006,431.393,133.921,114.692,35.4485,2.89592,66.9048,63.3836,18.2194,27.3294,3.56622,41,0.259574,1.07811,467.523,100.81,107.161,25.9297,1.6154,70.3563,63.7493,17.213,26.2033,4.00797,39,0.337382,1.0493,449.908,89.3975,106.294,65.6511,7.64926,67.7798,56.4008,17.6067,38.1966,8.18631,44,0.366787,0.974427,400.993,77.939,65.9244,32.3665,1.13981,57.6893,47.0484,14.7768,31.9782,4.85831,36,0.26787,1.05263,1859.25,493.197,232.376,124.574,3.63761,91.5252,53.0734,24.079,45.674,6.72367,5,0.120001,0.87373,,,,,,,,,,,,,,,,,,,,,,,,,,
decoupled_wbc_h066_p012,2687,fell,85.72,18,21.3268,3.03998,2.0426,0.969737,299.845,73.3995,75.948,18.6676,2.3502,50.6729,48.9165,15.5086,24.5647,4.1409,43,0.251065,0.878442,379.455,84.6626,97.7044,21.5836,1.63025,59.4606,52.7544,16.8104,27.759,4.62308,41,0.293557,0.956798,415.096,100.208,102.119,31.1675,2.50184,65.9662,61.5447,18.4339,28.9132,4.9614,48,0.284611,0.822488,380.334,96.3403,94.2023,27.7695,1.72384,59.3095,50.457,17.343,24.1514,5.13912,45,0.269397,0.894109,509.196,125.91,111.266,29.2335,1.47337,78.9678,71.7161,21.4125,23.0392,5.73834,45,0.31905,0.974614,403.4,109.894,123.016,115.464,10.397,65.9917,60.4509,20.5916,26.7698,9.51691,45,0.223122,0.937556,389.606,78.8633,96.2704,34.8673,2.03592,63.4843,47.7562,16.1355,19.8093,4.32035,40,0.351966,0.928725,376.172,125.535,124.09,86.9469,2.62239,63.9424,53.1908,20.9529,27.6127,5.0474,43,0.297046,0.937466,419.622,106.548,92.7698,26.9032,2.883,62.7246,61.2395,17.2071,21.4067,3.73547,37,0.2901,0.965989,622.997,179.076,265.578,188.48,12.6222,93.1857,79.9735,34.2881,57.3327,15.2087,39,0.35245,0.98998,370.534,92.3773,87.7039,23.2828,1.49062,57.2056,52.5923,15.9629,19.552,3.73966,36,0.316744,0.981787,592.397,127.624,109.981,28.5197,1.60715,73.9723,52.1486,20.6949,23.9858,3.81338,38,0.308878,1.05355,451.316,123.058,130.104,42.3545,1.56108,66.4234,66.1791,18.7041,31.7211,4.92123,40,0.226461,0.900799,772.612,162.839,144.754,50.5546,1.71505,89.3735,78.5923,22.6668,40.2735,4.42402,38,0.341873,1.49206,439.305,98.6663,79.8391,51.4731,1.99461,64.2813,48.8697,17.0357,28.8513,4.53834,39,0.383401,1.09455,482.423,110.167,88.2314,32.7122,1.78227,70.9399,64.9154,16.6984,28.0048,4.16712,42,0.283214,0.932233,402.165,94.8984,96.3628,39.7301,2.09486,58.7055,54.1468,15.4659,26.5224,3.40702,34,0.322256,1.023,1726.66,168.229,357.283,274.391,20.162,87.0011,34.1853,26.4094,52.7181,11.7469,3,0.235072,0.901029
decoupled_wbc_h066_p012,2688,complete,90,18,16.9298,3.56771,0.551368,0.546952,412.383,79.4711,89.486,27.2957,2.82656,67.0097,52.0352,17.8849,30.7216,4.73333,47,0.33321,1.08886,440.418,106.784,129.412,32.9569,2.6919,65.4042,63.0806,19.3804,35.3054,5.5002,44,0.319234,1.03757,359.601,71.0265,89.9194,50.9093,1.79591,56.8723,47.8913,15.4432,31.6134,5.08779,40,0.3078,1.0155,377.326,78.1228,99.2061,31.9332,2.69076,62.0436,48.3253,17.4614,31.3065,4.3648,42,0.31271,1.02244,404.586,124.827,105.725,30.4069,1.65959,62.2526,64.2829,15.8956,29.8081,4.20675,44,0.25391,0.816789,359.278,83.0035,98.6616,21.869,1.04172,60.4906,50.2,17.6315,27.7881,3.32988,40,0.28534,1.03305,499.385,122.265,114.959,33.273,2.09192,77.9032,66.0592,20.0712,24.9961,4.49769,40,0.309418,1.04079,300.548,107.212,93.0195,29.9102,1.29251,54.0888,56.696,15.813,19.4947,2.8285,49,0.209655,0.738375,433.504,119.008,117.582,86.9054,9.26253,66.0884,57.0094,19.1921,27.1624,7.44652,41,0.213902,1.00248,553.57,214.781,122.673,37.7393,1.33788,70.2462,74.5372,20.0622,24.4309,4.64369,43,0.245504,0.883376,634.879,143.196,138.895,42.5378,1.74204,82.5345,67.4267,22.9006,30.3389,3.74216,34,0.432758,1.14882,571.238,115.927,146.066,27.9198,1.66436,77.8047,61.5399,22.0992,25.5403,4.08523,44,0.32792,1.16172,405.003,115.043,113.763,50.4715,4.23788,62.0902,55.7361,18.6903,23.4113,4.96081,40,0.271175,1.04336,490.231,93.7173,104.236,28.3256,1.91082,65.7629,55.3869,18.0416,25.9178,5.66522,37,0.320236,1.06621,870.362,271.099,193.583,38.1689,2.48356,100.013,86.4362,25.54,33.5814,7.05661,37,0.345759,0.920078,435.036,110.858,97.4827,36.9717,2.11795,65.3854,57.0555,18.2764,26.9663,4.67936,38,0.268645,1.07399,434.957,119.655,109.166,37.4126,2.47333,64.4207,63.7106,17.0806,26.8627,3.42171,42,0.261069,0.989433,700.295,136.222,122.987,130.789,6.07604,93.4737,74.1238,23.6838,36.3087,7.95612,41,0.369659,1.22283
decoupled_wbc_h066_p012,2689,complete,90,18,16.8014,3.29857,0.207826,0.190173,343.307,75.671,96.7525,30.1655,1.5248,62.2728,48.1204,17.8631,27.9288,3.58263,45,0.256003,1.05712,423.901,103.168,109.757,30.655,1.8837,64.0231,58.6533,17.4459,30.7932,4.17754,42,0.329543,1.02594,375.228,80.1681,97.5832,31.7829,2.05946,57.7072,53.7429,15.5606,27.4437,4.72553,37,0.264946,0.978878,412.352,103.122,111.558,36.6278,1.69586,67.4505,59.7375,17.4018,29.9364,5.70358,43,0.298919,1.05914,517.073,115.79,100.235,40.4703,2.46527,77.3812,67.7822,18.8837,34.4821,5.92943,46,0.317251,1.07548,475.158,93.9646,93.9229,29.092,3.19823,60.2142,54.1746,14.8811,29.9221,4.92738,36,0.363509,1.05052,336.673,92.2086,87.1381,21.8785,1.98405,58.4959,50.9221,15.183,27.5423,5.22885,48,0.257092,1.0295,425.848,92.8528,119.573,126.511,5.2486,64.0983,59.1509,17.9455,35.3073,6.649,47,0.290773,0.909634,431.82,84.3669,123.36,29.5483,1.27378,65.3475,51.2452,19.3768,23.2519,3.36976,49,0.229506,1.07838,610.804,148.542,128.456,32.8449,1.5878,84.8099,79.4548,22.5196,28.385,4.2124,46,0.339503,0.910502,379.226,85.3356,95.4126,48.3387,2.48685,58.1031,51.6919,17.4545,25.0409,5.36258,45,0.291135,0.910197,450.674,117.665,107.608,77.6043,3.49213,69.5418,60.0691,18.7723,32.5462,6.47602,52,0.289158,0.940823,474.114,100.174,168.574,204.958,26.4886,66.7522,60.0053,22.0297,46.5889,18.7668,40,0.35729,1.16514,440.836,103.551,140.77,115.565,20.2637,73.8303,56.9793,24.2245,43.079,17.9789,48,0.22828,1.00189,455.465,121.67,96.0714,26.2548,1.71827,62.1053,64.4859,17.5882,21.8317,3.8083,42,0.312424,0.870864,486.66,97.2465,106.317,24.4016,1.84923,75.8211,55.7214,21.6046,27.8945,3.84653,41,0.343837,1.02685,490.232,108.806,152.452,29.4949,2.24739,69.3851,60.0796,22.9741,31.5869,5.36309,34,0.317888,1.20054,700.612,268.534,152.967,46.5841,2.12926,89.3266,82.9502,23.0336,38.5605,4.69219,36,0.306868,1.04186
decoupled_wbc_h066_p012,2690,complete,90,18,17.0984,3.23821,0.132213,0.11517,407.779,118.021,107.119,40.872,2.26633,67.8991,61.8311,19.3698,33.3764,4.1412,44,0.32221,1.05688,439.492,109.233,119.257,36.3454,2.07423,65.1733,62.9324,17.9016,28.3856,3.23187,35,0.319429,1.06584,406.739,99.0169,105.611,31.3838,1.17393,64.325,62.1335,19.3835,28.2619,4.58959,49,0.253869,0.92089,414.234,115.426,129.313,32.5401,1.17977,62.4224,55.044,18.8303,26.793,3.39237,34,0.309254,0.999915,513.573,138.467,108.117,82.1602,1.52942,69.0494,71.3738,19.0182,34.6888,3.56559,47,0.302819,0.99326,474.327,130.933,116.294,37.5939,1.52464,67.9146,64.8014,20.3818,26.0938,4.17744,41,0.296858,1.09344,387.461,94.575,68.203,17.9018,1.88691,58.0422,56.9494,13.7946,16.9109,3.30158,42,0.283335,0.866928,404.49,112.298,82.1804,42.2916,2.35989,61.4462,54.1581,16.9402,23.8299,2.48064,41,0.311909,0.937056,402.335,117.68,89.8104,32.123,2.16745,61.8568,65.5032,15.8513,20.3311,3.76183,45,0.266918,0.896615,368.579,102.029,88.8167,32.3418,1.88683,62.8135,53.4129,16.6148,21.331,4.98284,54,0.203547,0.822163,390.135,104.431,94.7092,33.0687,2.11028,59.2824,58.5106,15.4923,22.9827,4.10612,40,0.283126,0.935202,410.641,99.9685,107.65,23.6185,1.7475,60.4136,57.5633,16.9413,24.8191,5.16822,37,0.289917,0.957492,440.244,96.8579,91.8112,19.5867,1.58537,75.4896,57.9956,19.4379,23.9257,4.8606,46,0.287824,0.948608,558.823,130.824,165.941,27.8741,1.68436,73.9753,65.2495,23.7938,31.306,4.59588,39,0.326962,1.2486,733.194,144.607,132.04,40.3757,1.7725,85.2291,64.1799,23.0168,34.1812,3.4998,38,0.297702,1.18908,427.895,129.445,118.721,34.9571,1.26503,67.7971,64.9354,19.7897,26.6262,3.55036,40,0.286279,1.11192,1236.72,196.497,176.27,39.3658,2.17331,104.364,84.7784,31.9004,33.175,5.32407,31,0.293375,1.56431,546.844,116.667,110.216,29.1267,1.06628,75.5484,60.6221,21.5307,24.9643,3.24053,40,0.329724,1.07791
decoupled_wbc_h066_p012,2691,fell,86.02,18,14.7429,5.18773,2.52347,2.58602,335.458,74.8711,100.267,52.1093,1.96689,57.6065,46.9885,17.0756,27.7308,4.60667,32,0.307796,1.2794,408.666,104.828,112.032,28.9775,3.22154,61.5523,59.8722,17.5839,25.5356,3.61322,40,0.253121,0.87777,442.167,112.416,105.969,26.5101,2.03008,68.7158,59.5792,17.739,23.1562,3.90275,39,0.271864,1.03252,386.751,92.4366,108.28,30.1759,2.14645,64.3873,54.5096,17.9685,22.6135,4.3878,50,0.293965,0.913455,349.664,102.674,99.1518,30.2373,2.08124,53.5751,55.3904,15.2977,20.2685,4.05113,39,0.228886,0.804955,492.418,116.496,116.848,43.8922,2.68717,70.1035,56.849,19.2399,25.6219,4.91698,38,0.298226,0.980239,442.412,105.376,108.041,79.9262,4.77988,61.2278,62.0295,16.8186,27.107,7.44108,48,0.261966,0.8625,615.437,141.495,144.862,135.948,4.65536,86.4548,70.3358,22.6562,34.8855,9.41718,46,0.331315,1.1107,653.644,129.522,132.689,30.9774,2.01539,84.5024,63.1105,24.1931,28.5055,7.50449,44,0.343863,1.27223,477.85,112.773,107.418,30.2646,2.13907,76.6133,65.7708,21.1896,22.8097,6.69276,44,0.320866,0.949025,858.654,182.288,164.857,35.4677,2.35611,93.4217,73.2856,27.2725,28.7623,8.73841,45,0.262823,1.04864,1009.28,215.944,272.141,206.885,8.24911,110.508,89.3616,33.9137,50.9402,13.6848,38,0.3188,1.16814,651.336,130.026,98.1875,50.6036,2.73687,85.7515,62.8093,20.4501,32.1533,7.11786,41,0.367008,1.23429,469.667,115.085,112.207,59.7979,1.90693,65.7856,57.8332,19.8015,28.4737,4.71923,38,0.283644,1.07763,771.922,262.612,157.157,39.8284,1.54082,91.9569,82.7785,25.2682,28.5835,5.5429,27,0.449913,1.18099,428.188,91.2111,95.4517,42.6722,2.15686,57.4976,48.2691,16.6827,25.1357,4.30841,35,0.244496,0.829382,428.686,111.087,100.652,39.1691,2.11236,59.8465,51.881,15.8323,21.9299,3.58164,40,0.29563,0.927703,3551.12,424.924,517.264,190.432,2.1596,157.598,70.3427,40.7347,43.4572,6.47663,1,0.108978,0.796514
decoupled_wbc_h066_p012,2692,fell,66.78,14,28.4094,3.9433,1.00793,0.447017,383.812,99.8467,95.0557,34.306,1.88299,64.4043,56.0763,17.3681,29.3691,4.40668,46,0.268259,1.05001,372.38,88.1066,89.4646,29.5809,2.70173,63.0445,50.7165,16.9198,23.9414,4.00317,40,0.356137,1.02622,378.703,99.3915,87.8949,22.2004,1.96487,62.4048,60.5472,15.9423,25.1869,6.48301,45,0.256937,0.939304,499.862,116.285,92.8347,28.4764,2.17077,76.5482,65.5571,18.359,34.2924,5.75542,38,0.317579,0.956069,476.633,120.201,96.7921,43.8918,2.23524,67.0133,61.4522,17.1791,34.2658,5.90008,35,0.27461,0.878484,378.117,96.8204,113.077,45.8526,1.49726,56.8303,50.5299,16.3079,30.8426,3.80933,48,0.225222,0.885261,350.738,117.661,115.063,41.2112,1.94562,56.7332,57.3051,16.4448,32.2371,4.46925,39,0.215288,0.93386,418.661,113.164,84.9222,41.0041,2.01226,63.0838,58.3235,15.8201,33.0814,3.81522,41,0.278554,0.814282,406.304,101.63,114.684,75.9574,2.50069,62.647,53.913,18.389,36.9569,6.5171,37,0.293659,0.930369,775.215,268.407,145.753,64.7096,2.1051,89.6259,88.4171,22.2453,40.8056,7.35128,26,0.557566,1.48105,436.791,99.3237,111.662,34.6113,2.93189,69.6056,63.5911,18.9985,34.9566,6.74853,51,0.298052,0.972342,352.226,107.911,127.822,36.5092,2.36061,57.4048,56.6504,18.2141,25.2954,4.14981,41,0.225746,0.852785,763.3,143.315,122.562,64.0903,2.37599,92.0689,66.6244,24.6375,28.923,6.1239,40,0.328729,1.15254,4799.34,617.632,687.16,138.074,7.21362,222.699,100.647,59.4645,70.0422,17.5862,2,0.291168,0.824979,,,,,,,,,,,,,,,,,,,,,,,,,,,,,,,,,,,,,,,,,,,,,,,,,,,,
decoupled_wbc_h066_p012,2693,complete,90,18,19.3926,3.81585,0.106965,0.126733,504.318,115.375,129.616,22.9993,1.59767,83.1725,67.9509,21.3733,35.0012,4.88571,44,0.319807,1.10933,373.961,81.0016,103.224,26.105,1.6853,57.705,50.2656,17.1885,29.4066,4.36033,38,0.339289,1.09204,535.597,109.72,133.245,70.1249,1.57685,74.5615,58.9802,20.9205,39.9381,5.16261,43,0.302751,1.01792,368.084,96.0096,101.6,24.7869,2.29851,62.8438,53.0732,17.136,29.8505,5.05793,47,0.302085,0.943848,416.99,99.3117,113.626,86.507,4.62566,65.5171,62.0395,18.0059,34.749,7.80601,41,0.337929,0.996679,358.163,109.867,112.603,37.0572,1.59785,62.3493,54.5933,17.7711,27.3055,6.38375,50,0.272007,0.827452,549.405,120.88,107.871,39.5053,3.49737,73.9446,66.0626,19.2807,34.5008,7.36816,43,0.351319,1.01378,432.232,114.021,100.573,36.5375,2.22421,66.2562,59.8083,17.3493,28.9237,5.64396,37,0.309376,1.02762,382.243,105.077,92.8564,36.5484,2.10666,62.7301,59.2994,15.9809,25.7832,4.08616,31,0.344001,0.980674,420.161,107.341,100.499,37.1527,1.28605,60.8904,59.5486,15.9532,27.4764,3.04975,42,0.2329,0.847724,697.004,130.236,113.224,47.5501,1.32696,83.1744,73.9136,20.2935,34.259,3.13405,32,0.380347,1.39222,459.837,112.737,95.6219,32.9601,1.85909,74.0671,59.7944,19.5183,29.9359,2.80451,45,0.319713,1.02167,426.634,118.978,122.805,35.2755,1.06137,66.3369,59.4406,18.8405,28.0593,3.12592,34,0.289956,1.00869,357.337,111.68,99.8093,30.635,1.96878,60.3597,61.3246,17.4275,29.8326,4.11275,54,0.251695,0.811872,453.712,139.485,113.411,162.354,23.9217,73.0395,64.8347,19.4633,48.2711,10.2412,48,0.262877,0.831192,318.916,54.0992,55.5511,93.1958,1.69086,44.4281,39.126,10.5806,29.9831,3.40032,38,0.226662,0.866847,445.749,114.197,80.5552,40.6619,2.10224,62.4361,58.1129,14.215,30.5672,3.26405,43,0.238545,0.97395,482.082,109.273,105.195,151.958,3.02201,57.3762,54.9062,16.8042,43.6269,4.41041,46,0.163888,0.801974
decoupled_wbc_h066_p012,2694,complete,90,18,19.3858,2.6096,0.227093,0.104291,414.141,96.6795,73.8483,13.736,1.7717,63.0443,60.401,16.3494,23.7617,3.55176,38,0.361331,1.05628,383.84,91.6641,83.3292,49.3347,1.66222,64.4488,58.9952,17.6136,26.2703,3.94942,44,0.256426,0.919707,397.188,81.2207,112.139,80.8886,2.52838,62.8451,55.6099,16.709,23.0406,5.12917,48,0.281568,0.872837,378.792,127.601,97.393,30.804,2.31318,64.0097,61.4936,17.3964,27.1565,6.00593,42,0.267263,0.952117,534.897,121.551,118.814,25.9535,2.36737,78.4356,72.561,21.6436,33.6161,6.46962,39,0.308274,1.06048,416.588,127.129,133.062,25.6458,2.61333,69.0568,66.2644,20.671,33.6397,6.51333,47,0.26678,0.934134,466.26,106.546,96.7443,23.6121,3.08778,63.5532,59.0938,16.9015,23.9992,5.18103,41,0.354654,1.12244,470.354,91.6036,103.209,51.2117,2.85718,68.7287,51.396,18.7997,32.0163,6.40685,42,0.371802,1.17662,358.208,59.24,84.0305,18.9597,1.84676,60.4661,46.3073,17.1581,27.1032,5.3415,44,0.306513,0.915003,306.914,62.7952,85.0858,20.1493,2.81933,54.3418,45.8362,15.7992,24.8005,5.72971,45,0.284095,0.88359,662.579,139.258,144.528,31.369,2.56725,85.0658,68.2938,21.7076,36.7359,7.41641,42,0.262984,1.03921,906.623,156.341,219.823,185.542,27.6444,98.5561,73.8693,33.3124,61.661,15.9921,44,0.318205,1.16025,522.734,106.752,140.174,28.4529,1.86877,75.3024,60.6932,23.6124,40.7535,5.77265,44,0.345554,1.31892,529.485,110.04,122.584,29.2787,2.69896,80.1772,63.2123,21.8313,37.5077,5.82047,44,0.344576,1.08147,547.232,101.458,152.572,32.7772,2.49234,75.0033,54.0457,20.4149,33.5847,5.19066,38,0.37785,1.26941,465.695,110.228,111.607,36.4939,1.89171,66.5686,57.3004,17.4077,31.1367,4.37402,37,0.315426,1.04698,533.812,129.559,130.923,38.4204,1.85046,76.6855,65.4558,19.9232,34.7984,5.03309,39,0.307646,1.12483,415.936,83.8785,75.3771,61.6492,3.30433,52.7331,46.0977,14.2597,28.7711,6.24313,35,0.253138,0.953879
decoupled_wbc_h066_p012,2695,fell,75.8,16,18.3852,11.5675,1.26521,1.24581,502.261,110.379,107.507,30.5237,2.55696,74.8266,65.7319,19.4551,32.5823,4.62851,42,0.3241,0.917139,411.459,117.985,109.908,35.6483,1.57756,71.5815,61.0954,18.6978,29.871,3.86397,51,0.262347,0.910253,433.065,118.35,88.4999,37.688,1.96722,60.1971,63.9315,15.8536,27.5502,3.94414,44,0.261006,0.89276,410.82,102.646,113.994,35.9877,1.4855,66.2679,58.2971,18.3216,23.191,4.31623,47,0.28838,0.812375,398.965,116.8,131.803,122.327,3.51134,63.9521,64.7083,20.2662,33.4731,6.24384,48,0.224944,0.939561,576.666,112.152,97.8411,29.9171,2.62909,81.6684,70.6576,20.0566,27.8568,4.95169,46,0.367903,0.991869,343.969,87.1235,93.4278,31.6298,2.07886,58.2842,56.9007,17.2324,21.9181,5.32983,54,0.26072,0.879618,753.868,137.809,141.048,27.708,2.67231,84.0351,67.3758,23.717,24.6969,5.5443,46,0.301997,1.01896,457.101,112.669,116.351,19.4528,2.63294,67.056,64.8033,18.9933,20.5751,5.39672,44,0.318241,0.913077,555.831,112.745,141.217,80.0741,2.73767,73.6429,63.7287,22.5472,28.5508,6.53602,44,0.306194,1.00804,353.779,96.66,115.476,31.4099,1.94827,58.0189,51.2516,17.9519,24.4636,5.23249,39,0.215235,0.863348,384.447,105.206,114.139,29.6718,2.26401,63.8804,57.3384,18.7397,22.1872,6.04436,48,0.247761,0.987891,556.448,140.952,125.021,29.4914,1.73788,73.6336,65.1033,19.0281,20.4646,4.50007,48,0.320962,1.03945,464.762,100.435,114.858,25.6,2.21937,75.1569,62.398,20.7055,23.5308,4.55723,47,0.272459,0.861644,484.079,117.146,92.6907,32.8221,2.80891,65.8418,61.3835,16.4205,21.6801,4.08766,41,0.316761,0.941518,1022.99,100.145,188.083,115.189,2.68092,53.9789,25.1194,10.2949,21.5033,3.91643,3,0.292837,1.06438,,,,,,,,,,,,,,,,,,,,,,,,,,
decoupled_wbc_h066_p012,2696,fell,60.66,13,15.9875,14.6941,0.662779,3.21848,374.3,102.018,103.279,23.4402,2.00917,64.5921,60.9186,17.6801,30.677,4.58977,41,0.289924,1.06399,376.911,93.8375,88.7597,27.7741,2.4012,60.2478,54.6344,16.5118,29.6752,4.27387,43,0.234717,0.921073,288.903,71.8824,89.924,19.4808,2.01268,52.0216,48.2691,15.3804,24.519,4.11792,44,0.271375,0.956692,369.453,82.663,83.4583,20.7904,1.25636,55.9173,56.3923,15.4477,25.5527,5.43127,38,0.380548,1.05852,410.032,100.514,122.968,24.1985,2.56018,68.343,62.0014,20.3469,29.447,7.0634,50,0.284544,0.94531,408.129,85.6613,88.5059,22.0937,2.24732,65.0824,57.7366,16.6116,20.6901,4.88553,41,0.296312,1.04308,428.206,101.598,115.965,29.7007,1.76298,66.3742,62.1118,20.9915,27.4006,4.87935,40,0.340117,1.20666,479.179,107.922,121.098,27.8173,2.02492,75.9648,58.1394,22.0575,27.2317,5.06816,46,0.331465,1.16261,362.605,77.1616,77.1924,20.8881,2.53758,56.1586,50.7758,15.0074,19.6007,2.95623,43,0.301334,0.882386,353.491,94.1598,111.564,31.2143,2.3077,60.5829,55.688,18.0345,22.3121,3.47247,51,0.240177,0.841496,520.891,116.409,135.982,25.0542,1.60711,77.2034,63.8015,23.54,29.3634,4.37042,34,0.348391,1.26995,413.044,103.011,141.093,73.1277,1.88304,68.3479,59.9323,20.8241,31.1495,4.71864,48,0.296284,0.960191,970.853,327.66,245.857,26.6498,0.756067,46.4702,35.4629,15.1616,15.4574,2.376,1,0.442047,1.32344,,,,,,,,,,,,,,,,,,,,,,,,,,,,,,,,,,,,,,,,,,,,,,,,,,,,,,,,,,,,,,,,,
decoupled_wbc_h066_p012,2697,complete,90,18,29.8156,3.03859,0.275411,0.0716873,396.985,88.194,114.214,23.5824,1.47983,64.5326,57.9389,19.1434,33.6774,4.55449,42,0.283492,1.06471,489.224,114.892,129.477,33.6825,2.23797,70.0664,58.9761,19.389,35.1585,5.13366,39,0.329391,1.13006,461.609,102.568,126.143,25.6635,2.3786,76.1386,60.4413,21.9931,36.1471,4.10241,48,0.282743,1.04788,424.31,112.366,115.236,71.4104,2.082,65.8813,53.6577,19.6335,33.736,4.19937,42,0.288241,0.998173,419.478,128.754,108.371,34.0782,2.15543,64.3246,62.9274,16.508,26.4978,3.79815,29,0.331531,0.980243,509.718,139.483,120.181,31.3917,1.72329,78.7035,68.3123,20.6979,30.5278,4.64262,41,0.284385,0.949378,563.805,137.073,131.976,32.8434,1.45155,76.3287,64.6586,21.4857,28.9157,4.29567,49,0.245927,0.925766,456.552,114.794,110.75,29.3505,2.29872,67.6118,60.6034,18.1167,25.2808,4.06787,39,0.284786,1.05916,496.385,85.9728,75.8749,23.0221,1.96057,69.7024,58.5299,16.3388,19.8958,2.89222,42,0.335257,0.952606,759.549,160.27,139.875,36.3259,2.12379,97.4714,81.2555,24.7974,31.4738,4.79784,34,0.383529,1.54685,484,115.466,99.9424,20.3958,2.26942,68.3696,65.0373,18.2734,26.2885,3.99023,42,0.305727,1.00581,624.942,186.858,164.864,81.3381,1.79541,85.9919,75.1543,24.165,39.0942,7.19671,39,0.371979,1.06282,496.228,132.283,134.365,70.4318,2.22723,71.3507,58.0358,21.2971,38.5833,6.60437,43,0.330228,1.09807,585.057,109.067,125.294,211.335,7.98983,74.5355,63.6421,19.0812,34.6781,8.11798,46,0.337297,1.0777,419.152,102.853,113.506,31.918,1.92656,65.2197,60.9288,19.1093,26.7882,5.12624,46,0.245773,0.911244,500.329,108.167,103.134,99.1862,4.79753,76.7918,62.6204,20.7948,33.1464,8.03934,38,0.33102,0.99598,1341.6,596.782,285.121,65.6024,1.9727,131.186,133.5,43.0598,50.467,7.56786,23,0.526643,1.46315,686.013,101.866,94.6292,44.228,2.42682,79.718,58.9311,19.8583,22.4144,4.3462,33,0.36411,1.28811
decoupled_wbc_h066_p012,2698,complete,90,18,18.0919,3.09288,0.215658,0.209039,445.198,86.5382,95.4893,23.5819,2.48066,66.5401,53.5599,17.5333,27.7543,3.99662,40,0.337768,1.10838,422.158,73.0513,81.7081,25.0127,1.83216,60.1106,50.154,14.9299,24.7019,3.19776,44,0.328391,0.974938,440.679,92.9596,87.4016,58.3971,2.02557,68.3211,60.0382,16.6266,30.4815,4.0486,55,0.312388,0.777988,473.261,95.479,105.578,110.687,4.15019,69.1281,59.3934,16.6717,38.9533,5.6882,41,0.313231,0.869145,565.074,115.168,105.438,46.5931,2.72682,77.2617,56.2051,19.581,36.4149,5.06392,42,0.360609,1.07226,412.513,95.1818,103.619,62.4522,2.9822,60.5893,56.339,16.2241,33.6488,6.49696,37,0.308644,1.09474,359.749,87.3125,98.0743,25.1752,1.64936,56.1837,53.3525,16.0649,29.3524,4.8336,36,0.319189,1.00359,577.85,124.75,100.96,39.0025,2.57697,67.6472,62.8064,18.3397,35.6929,4.97728,38,0.373658,1.34486,368.038,108.791,109.95,81.8457,3.2389,57.7512,55.532,15.6891,31.8079,5.40179,37,0.252893,0.982059,376.964,78.6306,59.216,28.0592,1.58321,57.2491,51.0523,13.5703,21.1154,3.30194,47,0.304222,0.830972,544.286,92.9247,74.8162,73.2375,1.91724,70.3756,58.5661,14.9471,30.6738,3.77527,37,0.382226,1.18364,410.312,83.8187,86.6949,36.2153,1.9214,63.653,49.9385,15.5318,24.9052,3.36558,43,0.29982,0.968363,478.678,112.179,112.618,34.5837,2.70984,69.504,60.2872,17.3351,30.6876,4.57208,36,0.317018,1.12702,622.912,165.839,127.059,44.4,1.09304,83.3,69.4027,21.1044,30.4427,4.56669,48,0.20822,0.977419,370.241,108.545,104.607,30.602,1.20224,64.4251,56.1189,17.0983,22.5591,4.05937,50,0.224558,0.760487,394.081,107.792,85.5363,33.5797,1.28805,63.8359,53.4074,16.22,23.0137,3.67067,41,0.34623,0.943385,907.649,271.216,210.624,154.042,4.95999,100.412,85.0004,26.9299,47.6034,9.38034,35,0.406005,1.22872,1752.5,240.972,250.348,91.7156,2.084,127.511,76.6155,36.9216,53.654,7.51496,26,0.327805,1.47915
decoupled_wbc_h066_p012,2699,complete,90,18,13.8952,3.16088,0.447812,0.190989,458.913,109.651,124.716,59.147,1.95146,72.8093,61.6889,20.1643,34.5213,4.5034,49,0.333428,1.00425,400.036,102.484,107.194,22.6401,1.68189,66.0731,60.431,18.0295,27.8185,5.21181,37,0.31982,1.13579,367.851,90.0513,87.2,19.8256,2.1039,53.7561,54.6121,13.9643,25.045,4.85105,29,0.354664,1.08044,352.979,88.9444,98.0275,30.7411,1.48821,56.7273,48.2696,15.6186,28.5282,5.60734,39,0.266242,0.900009,298.943,58.8089,72.7884,28.7487,1.53391,48.9935,43.5516,12.9944,20.5407,2.75304,42,0.242643,0.738769,507.947,141.013,116.401,27.2584,1.19097,68.9896,68.7369,18.3997,27.3883,3.82478,45,0.281701,0.837957,478.382,115.549,122.921,80.2657,2.68615,72.2914,60.0383,20.2962,28.341,4.8833,42,0.288091,1.04135,401.551,96.0763,91.6808,33.2013,1.20358,66.264,59.3893,17.4757,21.1843,3.06274,48,0.310509,0.991443,432.316,83.1278,76.3433,37.4718,1.52813,66.9815,51.2217,15.9355,23.2015,3.43898,41,0.301663,0.95637,377.765,125.945,113.736,44.0124,1.17808,64.4664,59.7729,16.6066,31.9196,4.97334,45,0.260443,0.853452,399.647,115.556,126,59.7752,2.72151,66.4051,63.0435,19.5616,35.8249,5.33387,53,0.235395,0.922389,462.005,115.438,116.216,38.4104,1.79081,62.237,56.4723,17.4377,32.0164,4.51524,29,0.318729,1.11086,601.832,135.805,126.25,47.0608,1.47252,78.0246,71.2842,20.3466,36.8199,3.46756,31,0.339114,1.23618,493.694,90.2688,93.8427,39.3669,1.15242,70.4606,56.9058,18.9427,33.57,2.75774,34,0.367261,1.11839,1291.31,285.123,175.77,64.3463,1.79486,112.032,97.1779,28.2759,46.5655,5.20114,37,0.272943,1.26224,370.415,92.7588,99.4968,37.6107,1.56132,57.8075,54.7175,17.8641,24.6556,4.64057,44,0.237717,0.911409,452.901,117.655,140.295,86.3796,2.29625,70.1131,66.1089,19.1993,26.1311,4.71534,40,0.238182,0.843898,440.928,79.0269,84.0399,30.9635,1.88154,64.6536,52.5206,16.556,20.9061,3.31722,35,0.359764,1.11616
decoupled_wbc_h066_p012,2700,complete,90,18,16.3531,3.18966,0.0806314,0.134759,437.262,109.491,98.6298,26.7995,1.66877,70.0738,60.4883,19.2665,30.8004,4.3496,45,0.302695,0.955644,388.341,92.2799,107.429,32.5912,1.20705,65.8089,55.5288,19.6266,26.6407,4.06151,45,0.279545,0.952706,403.817,101.426,126.806,45.0707,1.8825,62.1608,56.0717,20.2517,32.6753,5.06429,37,0.277542,0.99545,448.799,89.4852,119.586,92.9746,13.3571,67.6618,57.683,19.6152,38.9961,9.25464,46,0.2953,0.899922,413.628,91.6865,87.4097,26.9046,2.00638,61.1316,55.7049,17.6918,25.6307,4.09522,44,0.310899,1.0384,480.708,96.2141,116.278,28.6167,1.40697,71.205,52.5343,19.9538,30.4333,4.19962,40,0.344082,1.13609,563.329,128.259,113.895,32.9761,2.09544,75.2163,71.7397,18.6601,28.2918,3.98698,43,0.277316,0.99263,430.408,108.967,117.735,55.8405,3.36963,64.4963,61.3667,19.6084,29.1781,6.07187,33,0.318347,1.13415,338.39,94.7029,113.177,34.871,2.43186,57.319,57.4853,18.1539,28.3401,4.67948,59,0.237958,0.753405,666.26,155.906,189.419,221.337,19.8023,89.8311,75.9639,27.7988,63.8554,14.0823,38,0.262697,0.98983,719.359,130.831,136.429,71.5275,3.82703,84.7048,64.1756,23.3625,38.8048,6.61573,35,0.365643,1.36878,1122.44,163.754,346.679,276.685,22.8239,108.272,78.4524,37.1255,71.0622,19.0497,41,0.343157,1.26771,316.191,105.936,86.851,28.6702,1.3353,54.5198,57.1759,16.3119,21.2357,4.08249,46,0.23506,0.816067,483.144,117.373,116.101,29.6417,2.21635,71.5236,62.2157,20.3744,28.9947,5.02484,47,0.273741,0.952197,612.034,119.101,144.726,108.933,11.1773,80.5113,64.3984,23.9341,43.9026,12.201,38,0.290238,1.20753,515.604,132.992,123.31,32.6407,1.50623,68.4032,74.4669,20.351,27.929,4.30724,46,0.292292,0.925994,386.882,107.906,111.174,33.7799,1.64404,61.6294,57.0513,18.9082,28.2462,3.36772,46,0.264749,0.979174,289.858,99.8776,100.296,31.4,1.60751,50.007,49.1446,15.5276,20.9846,3.33729,52,0.160001,0.756171
decoupled_wbc_h066_p012,2701,complete,90,18,28.4986,3.11247,0.239158,0.240298,459.166,86.7382,97.4548,18.5299,2.28319,71.4087,56.8039,19.1347,28.9111,4.40615,43,0.389505,1.09921,401.388,89.9525,129.454,52.9623,2.76786,59.7342,55.2204,19.3552,27.9738,5.83186,45,0.257373,0.93923,333.295,60.2317,63.1708,24.0008,2.74096,48.6327,43.7686,13.4727,17.6351,3.50023,37,0.300198,0.938681,480.192,86.7552,89.2036,43.0882,2.73514,68.5619,56.0345,16.609,25.8988,5.51583,45,0.364833,0.845847,415.898,115.911,118.084,39.1991,2.18939,64.6454,60.3523,18.8616,28.7789,5.10232,42,0.358203,1.01688,614.355,123.311,116.094,28.5298,1.70725,83.3185,66.6056,22.2588,28.1196,5.3567,40,0.280785,1.24972,1654.78,221.614,277.125,58.7089,2.5785,128.738,86.1577,30.9652,42.3188,8.49098,41,0.212628,1.1401,390.622,94.4516,78.1401,22.573,2.22464,58.2889,58.7732,15.7189,20.7325,4.84455,46,0.308482,0.9772,696.071,122.765,103.552,35.268,2.32242,85.1082,66.1139,19.8346,24.9236,3.66129,31,0.411245,1.54395,303.724,109.017,94.0525,34.2523,1.93947,55.4233,54.5084,17.7214,25.3729,3.65022,46,0.215218,0.757614,391.378,100.435,107.208,29.4605,1.77944,63.3291,51.3087,17.866,21.9448,3.62832,35,0.382073,1.06772,572.694,124.44,108.77,41.0107,1.87278,72.8471,67.7088,19.6797,23.7583,5.02731,39,0.413964,1.2362,366.445,131.238,116.675,36.5471,1.85974,57.1726,67.4227,17.0035,21.5011,4.03747,41,0.26272,0.824662,1093.01,241.649,177.528,34.7093,2.28433,103.496,82.2234,29.0563,27.1816,6.36109,37,0.294122,1.16205,432.993,132.045,122.015,39.5028,2.01165,69.0298,61.491,18.6988,25.2828,4.3518,41,0.310394,1.11061,1793.47,241.921,184.578,63.05,2.70059,128.989,98.5829,38.6879,48.0795,6.99426,31,0.373433,1.35027,522.726,120.489,87.8535,34.5195,1.72157,70.2164,71.0079,16.1807,23.7543,3.14505,35,0.431117,1.21684,332.75,102.188,90.864,32.5926,2.01643,57.0211,50.7766,16.3677,20.6405,3.17516,45,0.268755,0.918112
decoupled_wbc_h066_p012,2702,complete,90,18,19.2973,3.73683,0.438193,0.236714,430.698,70.6768,102.684,25.5245,2.44965,65.1313,49.8205,19.8116,33.1405,5.09265,41,0.34717,1.20964,319.671,67.7025,75.9467,20.2363,1.57648,54.1045,44.4131,15.2527,24.7807,3.8775,39,0.318132,1.16783,307.77,98.3439,116.873,31.1862,1.606,56.6561,54.109,17.4242,29.1198,3.46874,39,0.236601,0.885303,369.946,110.298,85.2561,38.6414,1.11224,58.5444,48.6895,16.8787,23.4373,2.66939,38,0.31144,1.01838,560.389,109.371,101.22,48.0416,2.47821,80.4845,67.2037,20.4394,28.6742,4.40675,44,0.367554,1.07921,321.03,105.469,102.099,77.7731,3.24401,57.3408,51.8119,17.3119,29.8055,5.29536,50,0.233081,0.895006,468.11,96.5241,110.141,29.2112,2.35239,70.347,55.8173,17.7225,23.4063,5.43143,43,0.332606,1.04974,355.633,102.042,101.861,31.2167,2.83084,62.8498,58.7301,17.7998,26.0744,5.18543,41,0.251674,0.941843,396.715,113.232,94.0876,79.5702,7.81078,61.2243,60.9814,16.1063,30.1718,11.2598,45,0.239686,1.03774,694.943,247.113,158.973,46.1824,3.34232,87.6291,81.803,23.6668,34.5054,7.14711,38,0.34822,1.10047,678.616,112.981,105.869,49.2942,1.87717,83.0557,65.1522,19.7863,33.8554,7.94591,39,0.382301,1.20325,518.925,148.288,140.584,44.8201,2.39285,77.4794,71.5419,21.4641,33.0358,7.11082,50,0.219089,0.899441,527.746,122.202,130.894,33.5139,2.46214,74.5065,58.7595,20.0846,26.5925,5.08558,49,0.256382,0.919309,637.679,156.219,113.107,67.1655,2.54079,80.7193,75.6101,19.5825,37.0725,4.91902,44,0.264878,1.01109,1540.11,309.273,230.706,62.2114,2.07201,118.952,94.8516,34.1553,53.1099,4.68219,40,0.273696,1.1329,606.661,120.298,117.984,110.615,3.04142,79.0206,70.6818,20.2001,38.4092,5.12812,32,0.392209,1.27669,552.676,117.645,134.297,150.148,9.36988,67.5366,61.2453,18.5646,37.7458,8.4201,42,0.306492,0.996098,613.054,138.11,104.964,35.312,2.31514,77.3633,73.9519,19.0635,24.5149,4.7299,36,0.347467,1.24885
decoupled_wbc_h066_p012,2703,fell,40.6,9,18.1468,17.7167,1.1673,0.273111,439.623,90.8748,98.6087,27.7796,2.12783,66.6535,54.3827,17.3457,25.1616,3.99641,41,0.358261,1.08283,493.942,96.991,106.557,19.8234,2.09585,75.6534,59.3455,20.4584,25.2373,5.2546,46,0.404095,1.11773,408.092,84.9865,99.2291,21.8924,1.76043,68.2459,51.5354,18.35,21.8606,3.67351,42,0.337492,1.06062,424.936,121.369,104.108,28.2111,1.51691,67.3228,62.6309,18.6846,27.7018,5.41565,49,0.234515,0.988673,370.399,116.172,111.327,37.7607,1.6435,61.2163,60.8174,17.4427,22.881,3.32798,40,0.274219,0.830647,389.054,109.941,103.692,59.9335,1.99733,60.2232,58.3391,17.6985,28.6905,3.721,37,0.258113,0.922486,324.184,119.354,102.842,41.7642,2.34804,54.4198,58.7203,17.2436,23.8535,4.02027,47,0.162488,0.827173,381.851,101.361,113.54,41.2905,1.69835,60.3156,59.4974,16.374,24.1832,3.1901,38,0.217167,0.906787,2757.44,157.187,212.005,104.19,7.77781,106.051,32.4847,23.3445,31.9791,6.60606,0,,,,,,,,,,,,,,,,,,,,,,,,,,,,,,,,,,,,,,,,,,,,,,,,,,,,,,,,,,,,,,,,,,,,,,,,,,,,,,,,,,,,,,,,,,,,,,,,,,,,,,,,,,,,,,,,,,,,,,,
decoupled_wbc_h066_p012,2704,complete,90,18,17.8796,3.04388,0.757912,0.731298,388.756,103.355,94.1634,30.3237,2.56842,60.5694,56.5101,17.2181,29.5271,5.35425,47,0.246284,0.911069,401.377,116.235,107.987,40.0604,2.70542,67.0311,62.2214,18.1535,33.0486,7.10748,43,0.260129,0.911512,371.265,115.968,121.263,78.3168,6.68797,62.1568,57.9877,17.8692,36.2156,7.84596,34,0.276105,1.06575,424.443,100.924,116.944,32.9333,1.27786,63.3589,55.1938,18.2827,32.8188,4.72653,38,0.29737,1.04237,413.563,116.595,108.913,33.9852,1.96151,65.2042,58.3101,18.0721,32.9912,5.48744,42,0.240957,0.972912,344.375,78.9329,87.1329,27.7526,2.1947,56.3131,50.9029,15.3542,27.6423,3.48121,43,0.262829,1.0371,409.427,102.048,89.6899,38.4854,1.93829,61.4015,58.4662,16.0592,30.7413,4.31738,43,0.255429,0.9838,505.631,135.148,145.707,156.79,23.5257,78.9045,66.244,21.9266,53.3372,16.2395,44,0.287893,0.921694,542.945,111.591,95.6022,48.6357,1.56106,77.8748,59.0087,18.873,36.421,3.59929,44,0.353115,1.23474,508.286,171.281,116.728,46.8336,2.16671,71.7087,64.6037,18.2264,36.4119,4.55746,36,0.297666,0.993972,337.954,103.348,104.264,45.3189,2.09018,57.5645,51.0643,15.1775,31.4885,3.9181,39,0.249762,0.932826,480.213,182.445,114.076,44.4732,1.89534,73.5494,70.5975,18.9274,34.7488,5.16178,37,0.372464,0.964361,440.273,118.043,111.179,62.916,1.90066,65.8337,58.261,19.227,38.6294,4.40013,47,0.238125,0.830342,509.861,173.077,146.542,69.4871,1.84767,63.2495,69.6261,17.6737,40.9221,4.68525,39,0.244331,0.853073,727.908,141.803,94.0385,56.1434,1.48242,82.8214,62.8121,17.9864,40.001,4.4019,33,0.329885,1.1205,353.81,96.1429,88.8923,37.7967,1.31086,56.4714,53.9227,15.9254,31.5185,4.15035,40,0.270802,0.995773,412.897,100.896,98.2329,39.1741,0.932915,62.3439,56.9026,17.0272,29.0916,4.58009,48,0.223683,0.93302,1735.83,484.693,264.556,83.3929,2.2626,134.361,112.979,36.1813,55.0108,8.85722,28,0.456137,1.40683
decoupled_wbc_h066_p012,2705,fell,60.96,13,19.185,7.5885,2.46191,2.3726,404.544,103.936,116.662,47.2324,2.0958,66.2954,61.0158,18.8506,32.406,4.84644,44,0.282946,0.945056,343.944,80.3632,99.3745,24.0118,2.1556,57.5484,50.3037,18.3557,30.1597,4.23117,34,0.344345,1.03129,387.15,89.8153,104.892,27.8596,1.81868,57.8445,56.5268,18.1449,25.7736,3.54011,39,0.298027,0.95473,529.071,103.796,115.863,38.3346,1.95154,79.2763,55.8703,22.0007,29.4678,4.00561,38,0.360778,1.21053,386.368,67.1217,100.082,34.7346,1.38205,58.0804,42.5832,17.7344,23.8745,2.76427,40,0.346725,0.984537,360.978,79.2777,90.9302,53.9715,1.75009,54.7026,45.8554,16.3254,30.436,3.24592,42,0.257263,0.977516,370.667,72.6377,80.4778,34.1887,2.46697,53.7684,37.5869,14.7427,22.3881,2.84388,34,0.370599,1.12722,369.003,108.705,107.431,67.1563,2.93525,59.7864,57.5691,18.4319,24.6283,5.79373,42,0.248864,0.900791,676.888,112.604,134.293,39.813,2.99172,71.8548,57.4022,20.7823,25.0508,6.66146,43,0.313568,0.932189,627.927,164.367,135.878,174.852,22.1116,84.4282,64.8081,22.6746,49.3633,15.4172,44,0.362299,1.18815,480.343,95.2765,130.902,125.748,2.59618,68.1668,58.6294,18.0359,31.3133,4.73579,44,0.31205,1.02923,300.719,110.844,82.8058,41.4594,1.35802,48.8895,47.1304,16.3235,25.5163,2.7696,39,0.239784,0.886599,3064.51,478.156,504.075,90.911,1.6422,132.725,64.4882,34.5159,32.7675,7.00638,1,0.134399,0.64573,,,,,,,,,,,,,,,,,,,,,,,,,,,,,,,,,,,,,,,,,,,,,,,,,,,,,,,,,,,,,,,,,
decoupled_wbc_h066_p012,2706,complete,90,18,16.7152,3.13041,0.179964,0.0755257,411.092,93.2979,101.491,31.1102,2.17384,66.4831,56.6715,19.3565,32.083,4.71365,43,0.307638,0.938941,438.677,86.2488,80.2346,44.4424,2.39262,67.0962,53.5055,16.7161,30.7865,4.53617,39,0.327369,1.28828,380.531,81.96,114.695,44.8146,1.95728,65.3754,49.4496,17.972,33.8065,5.20038,44,0.320179,1.21011,318.055,56.5899,103.27,27.2657,1.61429,52.4043,43.1145,16.8536,30.2642,3.2445,37,0.292361,1.13368,427.818,110.365,92.2397,41.7987,1.3136,70.9872,60.064,18.2862,36.342,3.16769,53,0.271031,0.860908,525.762,114.378,120.656,31.172,1.87697,72.8813,60.0679,19.9172,30.7211,3.21153,42,0.297278,1.00553,508.463,106.589,118.353,83.8845,2.62764,66.3535,63.1247,17.2833,27.6447,5.96322,31,0.463764,1.21618,386.755,111.366,108.771,41.5233,2.23343,62.6132,57.2267,17.8282,29.0112,6.50823,41,0.310055,1.03451,327.391,99.3763,118.169,45.1187,1.74835,51.9164,53.2536,15.4378,26.7148,4.25148,27,0.207747,0.835261,1195.58,361.789,210.628,54.4715,2.05405,102.141,93.3255,30.6944,40.6854,4.83516,34,0.448675,1.20962,513.124,120.49,128.448,30.6952,2.99857,76.6929,61.443,22.1253,32.1087,7.96651,46,0.310214,1.17126,602.218,139.289,134.819,42.3429,1.51381,82.5334,66.7708,21.947,32.6501,7.26015,40,0.305872,1.15121,586.829,177.394,157.875,105.331,10.9665,84.8427,74.9963,21.934,37.6673,10.0008,41,0.352734,1.16763,506.646,126.021,127.681,44.4568,2.03333,72.3028,60.9001,19.4014,27.969,4.49684,46,0.233098,1.00735,650.397,285.877,143.292,52.0045,1.589,79.6561,78.8449,23.2867,33.2938,4.87121,44,0.394536,1.07944,366.835,138.69,167.437,110.599,2.82431,62.6291,66.8101,20.0321,36.9266,5.41947,56,0.193743,0.801394,378.695,87.0347,100.108,29.968,1.5727,61.4646,54.7533,16.5695,20.387,3.25361,42,0.292141,1.02041,507.281,124.621,129.459,52.8777,2.18713,75.0408,60.883,19.3953,29.7049,4.70795,37,0.329057,1.05841
decoupled_wbc_h066_p012,2707,fell,40.78,9,25.2764,6.94871,1.07972,2.62231,357.651,74.8225,68.1542,15.7301,1.78445,51.9976,48.3398,13.0619,22.1605,3.06009,35,0.295185,0.943201,389.663,82.2326,96.1653,32.621,1.29844,66.1067,54.3039,18.7077,31.2173,4.15779,51,0.250382,0.97973,499.62,111.296,118.765,26.8513,1.51314,75.488,64.2535,20.5008,33.8425,4.80118,47,0.364336,1.03977,482.241,108.519,113.345,24.7844,1.82455,76.3192,64.2464,20.4491,30.6734,5.52126,48,0.342712,1.00141,522.788,109.177,143.783,63.971,2.45495,78.6527,69.3421,21.4084,34.6087,6.39715,46,0.309904,1.12215,617.363,142.31,133.614,28.0218,1.93212,74.9428,68.8172,22.6768,33.9098,5.4934,50,0.35416,0.943094,443.919,99.4496,116.947,26.7396,1.92194,70.6551,62.8525,18.8678,29.6343,4.37012,41,0.326451,1.13371,328.446,96.0621,87.1748,24.3252,1.65607,60.9332,53.2628,18.1319,28.2721,4.70497,51,0.258583,0.889668,904.005,124.945,61.1092,17.8766,0.505733,43.4879,28.579,10.3293,17.5113,2.11256,0,,,,,,,,,,,,,,,,,,,,,,,,,,,,,,,,,,,,,,,,,,,,,,,,,,,,,,,,,,,,,,,,,,,,,,,,,,,,,,,,,,,,,,,,,,,,,,,,,,,,,,,,,,,,,,,,,,,,,,,
decoupled_wbc_h066_p012,2708,complete,90,18,16.716,3.99916,0.123248,0.0934592,443.984,105.789,130.91,34.5564,1.3538,71.4411,60.96,21.0487,31.8974,4.12314,48,0.29461,1.02635,334.439,89.7302,100.881,32.545,2.51217,58.1803,55.5482,15.9067,27.3293,3.89963,35,0.313307,1.01225,381.765,95.3695,101.232,23.3136,1.28154,60.8471,50.4876,16.8999,28.3826,4.94567,44,0.299147,1.09895,456.738,126.281,128.968,30.1964,1.58381,70.9481,65.1309,19.0905,30.9226,6.81462,35,0.366203,1.11145,369.375,89.9196,100.85,26.3896,2.65156,61.0551,53.4134,17.8988,28.7181,5.68775,39,0.340287,1.14221,444.359,126.9,128.38,61.0029,2.26148,66.8371,65.6159,19.2244,38.1148,6.23798,48,0.292092,0.914495,441.517,116.039,110.956,34.1357,1.9205,62.4777,58.266,17.7725,32.7999,3.53898,47,0.283707,0.951916,355.409,89.8008,104.918,31.9565,1.75406,52.7251,52.3767,16.1746,29.3607,4.28411,39,0.263959,0.952181,462.123,92.9354,98.3141,38.3923,2.41912,65.7883,56.0103,16.9492,33.727,4.41911,40,0.216437,0.956763,438.205,118.737,96.3143,44.8106,2.38709,65.1083,62.2036,17.5392,36.8651,3.86813,37,0.267602,0.986902,519.403,118.303,92.8052,47.3904,1.89844,69.1496,57.358,17.2747,37.9988,4.42765,39,0.38989,1.05491,337.674,76.9396,63.2799,35.9206,1.62948,51.9775,43.807,13.9065,29.8423,3.87488,41,0.263142,0.88677,615.901,124.574,111.939,152.534,3.82353,81.1313,68.3035,20.4964,44.5102,7.40017,48,0.384723,1.08102,318.467,84.868,91.9926,35.2169,1.1166,49.3495,52.2898,14.4344,20.3657,3.68755,51,0.208689,0.730197,507.757,105.633,114.874,87.074,3.25216,74.3494,56.9714,19.9079,25.9112,6.50501,38,0.330542,1.14819,414.483,94.7821,69.4304,25.3648,1.56741,55.4741,58.6737,13.6958,18.9359,2.97656,39,0.353372,0.865805,855.46,189.418,110.426,171.907,8.1549,90.8373,83.1161,19.875,47.7023,10.5588,33,0.51493,1.22259,266.063,70.2639,75.2064,36.5641,1.55489,47.5301,39.3318,13.0136,26.9819,3.20945,40,0.173587,0.781653
decoupled_wbc_h066_p012,2709,fell,70.52,15,24.5765,5.85282,1.79492,2.52775,407.227,109.244,115.795,27.168,2.86062,70.6577,62.4793,20.017,31.8064,5.34056,51,0.27095,0.904449,364.409,89.474,82.3174,23.2635,2.25044,58.9049,58.5602,15.8053,22.1781,3.57416,46,0.310521,0.896536,411.16,93.8748,119.574,24.3306,1.83889,64.6855,54.3263,19.4628,24.3494,4.02679,41,0.312942,1.1002,463.667,79.6992,90.6783,32.5991,2.90984,74.1969,54.3767,20.2177,26.7333,5.38233,44,0.392025,1.04869,428.047,97.4919,84.3658,27.4592,2.4143,59.3626,54.5753,15.8849,22.26,5.10278,37,0.34853,1.19842,470.47,95.9414,124.224,46.4893,2.34515,74.807,59.1216,22.054,32.1945,7.35979,50,0.290408,1.04345,695.834,155.009,148.401,30.6142,1.3678,81.6022,68.4619,23.1726,27.6904,6.32589,37,0.311441,1.26884,535.495,138.195,135.728,37.1244,1.75692,80.5929,70.3038,22.0901,34.7474,7.72243,43,0.351273,0.925399,598.917,115.336,127.111,47.992,1.99993,75.3687,57.9741,21.0235,28.0385,6.41471,38,0.318339,1.2516,663.713,169.256,132.872,24.8547,2.53482,82.6005,71.5225,24.2847,31.0803,6.93108,24,0.453336,1.44337,1063.76,184.534,224.996,31.6135,1.60299,110.22,82.6468,34.5404,37.4535,7.18368,45,0.261088,1.10873,670.273,141.332,132.998,133.228,3.87395,91.5944,69.159,26.6922,39.5022,8.19165,48,0.266128,1.17703,492.884,101.488,93.4977,13.7054,2.37976,71.7181,59.6025,19.4346,24.2522,6.01175,40,0.290228,1.00059,450.933,87.4991,133.773,16.3401,1.98246,64.8787,48.5549,20.6692,25.2058,7.61916,39,0.269507,1.00548,1206.74,97.6626,96.5233,13.1377,0.933559,47.1148,20.8323,11.1799,9.75572,2.32894,2,0,1.28599,,,,,,,,,,,,,,,,,,,,,,,,,,,,,,,,,,,,,,,
decoupled_wbc_h066_p012,2710,complete,90,18,12.7774,2.57456,0.0643867,0.137075,469.053,90.37,108.771,22.2725,2.34465,69.0917,56.7112,18.7355,30.9851,4.45491,46,0.291796,1.02504,334.921,72.5392,75.9193,33.0914,1.63745,53.8323,45.3427,14.7655,29.0524,3.53068,43,0.246331,0.89315,357.649,67.9514,93.7818,31.7003,2.62313,53.725,42.8547,15.4082,29.305,4.16407,33,0.317952,1.0964,288.688,94.8862,104.457,30.8549,1.75972,51.7509,54.1156,16.2261,32.0154,4.39176,42,0.208153,0.852763,374.967,78.6363,65.8334,67.8833,2.78222,51.1099,50.1259,12.2837,26.4926,4.40662,36,0.311163,0.955322,493.229,122.067,169.433,183.862,5.61287,70.4726,60.0153,21.0089,47.784,8.68739,45,0.232715,0.973057,478.521,108.466,97.5125,45.6889,2.56487,67.7545,63.5298,16.3123,27.2611,3.37054,47,0.233206,0.860399,450.229,109.329,109.36,86.9531,2.85076,69.5194,58.3995,18.4108,30.0029,5.36169,47,0.303546,1.00135,413.398,144.982,106.222,52.8786,2.35203,61.2398,63.6454,16.972,28.4168,4.27702,55,0.202837,0.750312,435.951,134.455,113.728,51.5897,2.49323,63.0422,64.1317,18.2914,30.0244,4.80277,48,0.220702,0.906904,455.522,129.452,107.563,40.4482,1.741,67.1411,66.4797,17.5906,25.4673,4.01196,35,0.321411,1.05957,539.628,100.611,103.982,29.6671,1.52497,72.8035,63.7385,18.2902,26.0356,3.79718,32,0.354565,1.1729,776.648,141.246,152.709,35.0532,1.92087,82.1714,64.8848,24.9066,26.6863,4.10111,42,0.289847,0.988509,444.822,143.236,129.237,34.2026,1.80404,71.7861,71.0835,20.8224,30.1103,4.25563,52,0.201258,0.969324,487.94,121.385,120.405,31.1642,1.95383,72.4111,58.7746,19.9053,28.5325,3.40005,44,0.348587,0.970057,501.292,114.037,214.867,172.615,5.50147,81.5888,61.6659,26.2679,49.3152,9.77908,43,0.268088,1.12341,616.985,109.883,136.205,40.3242,3.18989,76.059,63.6104,19.6959,30.5025,5.92171,35,0.405395,1.25829,517.904,96.665,123.661,52.4922,2.14087,60.5131,52.6631,19.2187,32.4251,7.72779,37,0.311546,1.02736
decoupled_wbc_h066_p012,2711,complete,90,18,24.425,3.20198,0.097567,0.116128,401.545,83.2267,79.6075,19.2117,1.58347,58.9169,49.5522,15.7655,24.6349,3.91737,44,0.292701,0.844129,335.591,95.7039,126.528,35.7982,1.95233,58.0978,51.9571,18.2664,30.4543,4.05359,44,0.2025,0.866464,359.989,108.24,92.9599,31.5367,1.74851,61.0142,54.9872,16.954,29.2284,4.04555,49,0.240007,0.901753,419.422,93.1279,93.334,32.8583,1.77967,64.927,51.0588,17.6008,30.728,4.27043,40,0.307047,1.02145,414.777,87.0443,91.5743,21.4934,1.39734,62.8234,56.3388,16.5716,27.8832,4.6158,42,0.305429,0.918272,408.953,78.5287,142.292,30.1592,1.74679,66.9066,48.3238,21.4976,29.8297,4.71133,40,0.328802,1.30396,444.373,101.943,105.142,28.4831,1.3908,64.449,58.8593,18.939,26.2294,5.03388,49,0.341106,0.888395,457.761,102.617,109.039,33.1382,2.12252,66.9959,62.0619,19.3322,27.3348,6.06055,47,0.29599,0.876566,410.756,103.733,135.715,26.9256,2.32308,63.9597,59.3706,21.7503,28.9442,7.07261,40,0.267323,0.928848,369.3,81.1206,99.741,20.1042,1.08206,61.2806,54.9408,19.5657,24.3232,4.25961,46,0.277454,0.813291,956.186,172.788,187.516,31.3849,2.15585,88.0075,71.2578,28.9035,35.678,6.95751,39,0.313265,1.03117,530.591,118.782,134.237,32.4327,1.68374,75.7627,60.7793,22.7695,32.2693,5.42928,40,0.32984,1.0974,458.775,118.123,111.271,27.9982,2.48622,70.0578,65.0083,20.7099,25.4208,6.59777,52,0.296451,0.883908,656.046,128.235,149.976,173.904,6.05051,88.5492,69.0122,28.0602,47.4827,10.6937,44,0.330301,1.08831,557.66,96.9026,142.712,277.879,12.315,74.5417,59.0515,23.3312,50.362,12.6377,43,0.278279,0.959574,952.253,253.433,272.68,239.982,4.68757,115.564,94.6927,36.1552,63.1073,9.19794,40,0.366615,1.21969,862.117,162.385,167.924,38.8573,1.44704,98.3166,74.8149,28.3541,40.6451,5.98027,42,0.342838,1.3751,423.407,107.55,91.5217,25.2695,2.07167,61.2474,63.7351,16.426,23.5763,4.1816,42,0.352655,0.956181
decoupled_wbc_h066_p012,2712,complete,90,18,19.8442,3.03652,0.31319,0.348281,525.848,124.364,97.6442,36.65,2.27967,83.6255,73.9074,20.4842,30.7662,5.59956,47,0.339334,0.84447,421.086,92.9276,104.472,67.7683,2.72455,63.8586,52.6409,18.1192,26.0101,4.6116,42,0.339406,1.07881,315.499,67.737,82.2119,20.2305,1.73237,53.6863,44.9001,15.7086,23.1232,3.66578,43,0.293532,0.917069,472.067,109.974,104.51,25.2994,2.16578,73.3274,62.8814,19.8446,32.8293,4.32773,39,0.345638,1.0405,460.147,97.1964,91.1735,33.5269,2.29788,71.3197,58.6087,18.3325,31.2585,6.12855,43,0.286198,1.00441,516.619,118.887,128.013,39.9755,2.0119,72.2401,63.6669,18.7402,34.3159,7.35262,44,0.281288,0.92906,528.004,106.379,111.321,102.483,10.3358,77.6727,59.2863,20.4202,40.4977,9.57357,42,0.324414,1.16824,457.466,101.31,97.5385,33.8842,2.13749,62.9058,56.3907,17.1213,28.0506,5.98311,41,0.326483,1.13498,410.543,107.622,133.666,22.5121,1.6061,66.1441,55.0823,20.7922,28.6539,5.13884,36,0.371237,1.1929,424.18,90.5875,98.6249,20.9135,2.16232,65.0302,57.3481,16.6563,23.0687,3.98766,40,0.345501,1.08416,630.583,150.641,208.144,147.895,11.9382,87.2103,72.1923,26.1896,48.3058,10.1471,47,0.300847,0.924897,407.115,111.362,110.102,27.1652,2.76524,68.3755,64.3834,18.5263,24.6662,5.2723,50,0.264043,0.891422,433.932,106.801,117.411,36.0419,1.53288,64.0597,54.2857,19.3929,24.4651,5.1733,46,0.277434,0.964271,1420.09,262.281,238.3,52.5977,2.47887,112.28,83.0096,36.4024,45.2,9.80226,29,0.37509,1.26322,395.487,80.1921,147.181,32.4233,1.61006,66.2204,51.0998,22.0869,26.5748,6.18884,45,0.29977,1.17755,588.118,120.13,168.299,36.4717,1.62387,74.9322,65.1784,22.1202,29.229,5.37614,36,0.292272,1.26882,542.408,124.182,167.568,31.957,1.48181,76.5516,61.5981,23.0696,28.6821,5.75375,43,0.28617,1.07313,608.212,112.909,131.114,31.4949,1.74096,82.9638,65.4213,22.7056,30.8333,5.77991,41,0.348647,1.23772
decoupled_wbc_h066_p012,2713,fell,31.48,7,22.7068,22.7167,1.35141,0.679049,383.804,113.945,118.402,27.8408,2.86635,63.5736,60.0135,19.3585,31.64,4.52978,44,0.286442,0.905245,410.445,85.8448,113.402,33.922,1.6328,65.6769,52.2225,17.7895,31.2933,5.25838,38,0.300956,1.11768,449.281,115.051,105.599,44.6347,1.93518,72.6247,60.37,18.921,31.5748,4.86615,48,0.316719,0.892111,528.552,138.652,120.708,43.6441,3.46321,82.449,74.6438,20.662,35.5936,6.92522,42,0.285914,1.01376,343.241,120.143,113.06,43.9746,2.33137,60.2186,61.3528,16.9984,27.2075,6.04806,48,0.211795,0.732194,369.539,121.646,104.312,49.699,1.91756,59.7582,61.6803,17.3536,29.8881,4.1397,45,0.287097,0.972562,4036.24,651.8,616.035,130.31,3.58107,185.697,99.2245,49.2008,61.8777,13.8545,1,0,0.972837,,,,,,,,,,,,,,,,,,,,,,,,,,,,,,,,,,,,,,,,,,,,,,,,,,,,,,,,,,,,,,,,,,,,,,,,,,,,,,,,,,,,,,,,,,,,,,,,,,,,,,,,,,,,,,,,,,,,,,,,,,,,,,,,,,,,,,,,,,,,,,,
decoupled_wbc_h066_p012,2714,complete,90,18,28.0877,2.93912,0.388477,0.36404,408.653,81.0684,82.3781,19.1025,1.71476,61.6935,51.3469,16.5396,25.9528,3.41045,42,0.306947,1.09529,366.729,109.652,107.582,61.6715,2.20345,64.2568,59.0944,17.6803,27.9194,3.73537,47,0.254269,0.895837,450.603,108.498,101.7,25.0101,1.90289,70.3996,64.8255,18.2485,28.1783,3.31871,43,0.29632,0.936814,415.66,116.771,112.364,44.524,1.15706,65.3248,60.4393,18.6008,30.4726,3.00323,49,0.260816,0.947317,427.559,99.665,87.4899,58.4271,1.68697,59.453,58.3731,14.7352,24.8959,3.11182,41,0.296883,0.901757,403.152,78.9436,126.421,110.335,2.65181,63.1067,49.7528,19.2809,33.2224,5.54838,46,0.252549,0.983702,465.166,97.8462,103.251,68.6166,2.26646,71.0598,59.3468,17.6872,32.5646,4.83587,44,0.341047,0.996658,819.506,127.427,149.332,38.8047,1.46762,87.0127,61.652,23.2562,38.9546,4.79629,40,0.306859,1.10161,388.844,120.696,93.9898,23.2073,1.23599,65.6914,58.9304,17.1137,29.4679,4.45846,41,0.297106,0.995447,435.732,97.0991,95.5533,32.7368,1.8281,63.0528,56.5765,16.1189,32.3723,4.00995,38,0.286122,0.997914,475.375,94.9558,111.634,38.2152,2.69969,59.9297,55.3029,16.0667,33.9222,4.46139,35,0.279153,1.06832,669.553,96.744,89.0033,32.2782,2.13286,76.2396,56.9617,18.1913,32.2872,4.32022,40,0.314435,1.23316,459.548,100.26,145.491,131.995,9.19452,60.4931,53.0481,17.2416,47.0984,10.0083,34,0.353344,1.08019,786.33,189.547,172.427,43.7545,1.40612,89.733,70.6972,24.6211,38.0473,5.04188,33,0.371558,1.17231,1035.56,169.916,161.361,63.0108,2.85508,110.053,80.0252,28.4553,45.7448,6.39772,35,0.314539,1.59479,529.897,97.3553,136.475,34.7694,1.7546,73.7313,53.6868,20.9024,27.0687,4.3762,45,0.34424,1.14353,987.902,266.661,295.803,183.363,5.53824,110.088,80.745,36.8066,59.9577,10.0965,33,0.394056,1.35023,581.435,112.458,114.363,37.3655,1.85094,84.0678,60.7651,22.9592,31.7749,4.93106,38,0.429411,1.21126
decoupled_wbc_h066_p012,2715,complete,90,18,18.511,3.92665,0.17401,0.0582479,423.971,97.3316,87.5611,51.6735,1.83953,70.4751,60.186,18.3193,28.2354,4.8417,49,0.3383,1.12641,516.247,110.421,107.865,20.965,1.5016,76.3835,65.6497,20.4885,27.969,4.20468,46,0.349784,0.951876,397.528,125.709,109.008,37.7987,1.1148,65.7295,68.7655,18.0461,31.8656,2.72075,51,0.248809,0.894583,410.069,88.6619,98.0759,26.4261,2.18171,64.0563,57.1524,17.5525,22.7278,4.08807,50,0.298349,0.853745,406.83,75.4474,85.2928,34.6166,2.40881,63.0148,51.2413,17.4647,24.2234,5.4117,37,0.35401,1.04011,411.728,64.8676,74.4559,23.5956,2.00871,56.6229,49.8323,15.2861,20.7187,4.17134,41,0.341587,0.905392,373.179,101.866,131.674,91.604,2.63392,60.4248,59.5506,20.0624,32.3961,7.39079,46,0.21843,0.901433,528.323,133.592,169.923,37.5246,2.23116,81.7215,71.7455,24.2038,31.7493,7.83866,50,0.330957,1.02571,466.486,105.9,123.011,53.7821,2.21479,69.1303,61.409,20.15,31.407,6.59055,49,0.277945,1.10796,373.682,78.2617,80.8692,22.0389,1.82968,65.7066,53.2102,17.1343,28.5744,4.70732,40,0.318733,1.27816,365.857,85.4977,109.658,63.1535,2.50587,61.3514,55.2935,19.4612,29.7719,4.54329,47,0.278542,0.941363,592.364,123.56,126.293,114.992,17.2867,88.4752,73.1038,23.8031,42.0682,12.1509,53,0.350327,1.10457,356.657,89.0767,91.6804,59.0447,1.8774,56.1452,53.3609,17.4036,28.9482,4.65252,47,0.270595,0.864866,484.59,103.194,153.892,31.3611,2.38019,76.2454,61.9413,24.1139,35.0828,5.05517,47,0.323792,1.08643,479.306,97.4943,109.46,133.728,3.53368,66.7362,58.5813,19.5131,38.3582,6.689,42,0.29273,0.954615,366.08,75.5155,85.6349,89.9707,2.51857,55.9262,49.4796,14.7735,33.5216,5.09033,47,0.243401,0.853457,404.686,111.49,115.186,120.716,8.68506,63.7314,61.798,16.8568,39.7538,6.80377,38,0.282312,0.932094,349.286,113.252,105.067,42.08,1.1332,51.5289,54.5856,16.3118,29.9646,4.57248,32,0.114765,0.768761
decoupled_wbc_h066_p012,2716,fell,55.9,12,21.5305,14.4246,0.504469,0.843688,401.291,98.6733,117.611,20.8175,1.5789,62.6047,58.196,18.4272,25.1016,3.56291,43,0.276772,0.871592,370.977,88.7857,97.0437,26.55,2.329,61.7839,53.7922,17.2295,20.7655,3.87431,42,0.291929,0.910111,497.951,119.516,143.781,55.4943,1.54608,71.9818,61.5874,20.14,23.3821,3.39582,49,0.312011,1.00908,304.101,99.7596,103.872,24.8009,1.98649,54.7957,53.6483,16.7447,21.6253,3.38855,42,0.248834,0.882265,420.977,98.5454,114.027,28.9571,2.04332,69.1468,59.8333,19.0575,24.775,5.26577,49,0.263649,0.905629,400.139,103.1,100.607,36.6042,2.02958,63.7917,56.2012,16.6721,25.4306,4.46218,30,0.354524,1.02412,484.876,200.179,135.781,37.1833,2.16138,71.2397,72.4785,20.0214,27.5591,4.60788,41,0.296905,0.978072,355.042,107.874,126.113,28.9792,2.28389,63.9926,57.1347,18.9412,24.6499,6.07931,46,0.216822,0.904377,396.954,99.5961,126.37,100.541,4.20679,68.2845,60.9173,21.1704,28.3566,7.83381,49,0.249025,0.880466,393.606,109.927,136.822,34.4676,2.06333,63.2828,57.994,19.2503,22.0451,4.95991,44,0.234743,0.865566,533.724,153.765,161.185,147.534,7.96838,80.5587,76.0039,22.9393,36.8113,9.93357,54,0.270147,0.971849,2480.17,145.19,363.524,88.1689,14.0698,103.546,36.2197,28.661,33.7592,17.3589,7,0.0309514,1.48251,,,,,,,,,,,,,,,,,,,,,,,,,,,,,,,,,,,,,,,,,,,,,,,,,,,,,,,,,,,,,,,,,,,,,,,,,,,,,,
decoupled_wbc_h066_p012,2717,complete,90,18,18.3362,3.14792,0.172334,0.168329,379.347,93.6173,81.9783,23.44,1.96829,60.5707,54.1935,17.2354,27.0628,3.64766,40,0.303928,1.00319,364.212,107.949,100.153,39.1541,1.74598,62.6057,53.6186,17.9654,25.2926,3.04174,31,0.375586,1.00485,458.656,120.533,127.15,32.2356,2.45006,72.9892,68.9385,20.2861,28.4951,4.14067,45,0.301716,0.914883,372.91,144.007,96.9978,41.3603,1.71319,60.5503,61.3922,16.1943,25.8682,3.719,60,0.178578,0.719247,507.219,132.605,132.318,68.5624,3.76509,77.8998,71.0654,20.6225,27.575,5.47518,41,0.309653,1.08469,332.241,74.1491,84.7446,33.8172,2.08794,56.8754,51.0911,16.668,19.7853,4.24963,45,0.265855,0.855882,368.243,124.434,107.989,59.9227,2.72243,61.4371,58.8562,18.3473,23.7062,5.93261,38,0.30155,1.02191,441.609,150.651,148.5,34.7793,2.80326,71.0753,69.936,21.9287,27.9776,4.60538,40,0.306024,0.976753,418.47,113.303,99.1115,37.8415,1.4747,66.9581,59.7249,17.9412,24.0503,4.23018,47,0.254875,0.907673,469.031,104.397,137.663,56.8548,2.8316,72.2279,49.7073,20.969,26.3758,4.80659,45,0.341899,1.06939,447.285,92.485,94.1445,23.8037,2.18921,72.1952,55.1735,18.1349,21.6271,4.63402,42,0.310728,1.05289,430.486,101.998,117.112,34.3674,2.13,65.1667,57.9569,17.9567,23.4823,4.68766,40,0.310312,0.937548,525.699,189.548,123.333,30.5042,1.5137,75.2664,74.8461,21.5593,28.7059,4.75875,35,0.37695,1.0363,422.99,88.9788,104.816,16.4147,1.40189,68.2662,60.3436,17.701,22.3419,3.87756,48,0.297373,0.843621,475.671,143.962,125.633,144.502,7.21984,74.2559,66.7223,21.3706,41.6745,9.57253,46,0.266883,0.858518,1011.36,141.402,123.842,47.4065,2.22859,94.2393,67.6641,22.5308,41.9252,6.17646,30,0.365599,1.35119,388.192,115.002,145.613,84.0385,2.07085,59.8356,59.125,19.4394,33.1849,4.49662,35,0.271417,1.01989,389.935,97.619,117.777,24.2918,1.91128,67.215,59.1103,19.0327,29.1226,3.69488,47,0.271695,0.878494
decoupled_wbc_h066_p012,2718,complete,90,18,14.6992,3.46575,0.12751,0.136006,345.871,68.1641,95.9516,24.2792,1.6915,59.1329,48.0802,17.3849,27.2377,3.75841,47,0.253018,0.94893,438.675,108.345,92.3611,34.2066,2.36177,63.7525,62.2621,16.3224,26.3002,6.19825,46,0.262199,0.862447,285.783,85.6133,94.2208,43.1397,1.79792,48.1418,48.506,14.725,26.0819,5.37392,45,0.18449,0.787962,435.358,138.713,109.054,42.0642,1.97908,64.6409,72.8963,17.3094,29.4987,7.25426,40,0.294131,0.979283,505.144,135.583,114.582,123.437,8.72751,79.8588,68.3899,19.9538,32.6669,10.7988,44,0.397878,0.999947,365.008,100.762,111.122,31.2892,2.15295,63.0102,56.3906,18.3136,26.2771,4.66425,32,0.348115,1.07476,357.911,91.0741,105.973,31.5189,1.36961,58.5959,52.7925,16.8398,26.3915,5.53099,39,0.242504,0.882523,440.699,94.832,76.1914,36.3209,1.92537,60.7656,60.6561,14.8522,28.5091,5.71424,37,0.363588,1.06609,505.985,121.622,131.238,46.1223,1.63536,67.3854,56.2963,17.8028,31.827,5.11237,37,0.234193,0.941744,547.946,130.624,105.568,117.524,1.94128,71.1833,64.508,17.4804,43.6412,6.44673,41,0.248498,0.935538,433.438,111.136,87.7246,38.751,1.71636,63.552,57.5314,15.7021,32.3045,3.56253,35,0.25279,1.01174,360.478,100.295,80.3628,42.0493,1.31991,55.7018,49.9975,17.0098,36.6743,4.175,50,0.206775,0.810781,458.283,103.431,59.5363,32.352,1.56616,61.6201,63.8053,14.3266,29.4897,3.70681,34,0.401054,1.22021,386.132,78.6058,81.9951,34.9716,1.42101,56.7714,49.5753,15.467,33.0813,3.52937,33,0.289303,1.04261,399.33,87.9796,94.8428,170.115,4.5406,57.0976,50.7999,14.1591,39.2213,6.70575,40,0.263966,1.00425,482.678,172.097,106.826,44.6728,2.18059,70.5171,60.454,18.3432,36.6223,4.91833,37,0.337446,1.08559,339.565,95.6805,97.6289,35.0854,0.949333,55.2281,53.6918,16.6535,28.3516,3.39138,33,0.280051,0.932403,423.823,90.2731,84.0682,50.965,1.77393,60.2299,55.1791,16.9117,25.6668,5.48951,40,0.280633,0.883979
decoupled_wbc_h066_p012,2719,complete,90,18,17.859,3.46552,0.35854,0.126463,414.139,117.247,114.506,29.9642,2.17995,73.8059,64.3946,19.7383,30.3401,3.92149,47,0.230184,0.843908,473.314,110.732,128.555,72.4353,2.68539,71.4732,61.478,17.9372,28.7113,4.18774,29,0.374938,1.17632,381.016,105.351,102.645,39.214,1.44132,59.415,55.4011,15.4459,23.9075,2.94456,33,0.272705,0.929812,407.09,110.667,114.93,40.1708,1.93601,60.755,57.0541,17.3766,27.2806,3.83208,36,0.260529,0.958705,537.436,111.76,86.8509,39.7363,2.16768,66.6392,62.4493,16.0619,26.3146,5.06615,35,0.342975,1.09927,465.213,114.841,120.25,23.6297,2.18433,71.6184,59.865,19.0099,30.315,5.39156,45,0.354502,1.17929,414.965,105.426,107.542,69.213,2.06125,64.0335,57.9429,17.5499,32.4545,5.71311,45,0.266157,0.895368,588.484,116.014,149.584,77.2196,2.03198,86.4843,70.0826,25.5946,35.0128,6.28395,45,0.369329,1.16277,601.385,126.007,193.757,220.264,8.36843,92.0008,71.4499,31.6969,61.627,14.2459,56,0.298431,0.947304,413.23,86.0922,103.87,27.2877,1.33154,57.9946,53.7677,17.8093,22.9103,4.43963,42,0.299767,0.89623,380.493,86.2714,130.455,27.363,1.53872,63.0351,54.5854,19.0617,25.6893,4.26796,41,0.319714,1.08744,467.483,105.167,137.166,45.2345,3.80063,70.1046,62.377,22.8675,36.3903,8.06637,43,0.291934,1.02005,595.602,140.149,126.033,53.1451,2.69385,82.8298,69.3619,23.369,32.6333,6.49827,37,0.297495,1.04808,555.031,115.619,144.338,223.208,4.68414,74.0888,62.2519,23.5536,39.1859,8.10659,47,0.290248,1.0063,412.019,92.7645,95.7809,27.9014,1.97812,64.414,53.463,18.4345,25.5312,5.27495,44,0.263088,0.968018,447.792,96.2072,117.072,25.3927,1.96196,61.668,60.0854,18.7851,23.3555,6.00336,44,0.291309,0.927651,522.097,108.782,123.544,25.8848,1.8297,77.7885,61.5739,22.6796,24.5897,6.2779,45,0.340571,1.14741,493.903,97.0776,113.061,80.5477,3.5364,66.69,56.9899,18.9873,27.9866,5.90409,40,0.242549,1.00238
decoupled_wbc_h066_p012,2720,complete,90,18,28.6301,3.12664,0.179268,0.220957,445.211,106.741,89.0409,24.1952,2.294,64.9864,62.6894,17.3935,26.5903,4.13531,52,0.25838,0.920104,417.649,83.2875,94.5394,29.9206,2.23472,61.2401,53.6446,16.7694,24.5671,4.61811,43,0.270711,0.885489,381.762,105.141,97.4577,31.5618,1.9674,65.0267,65.2222,19.9761,25.0928,5.4692,51,0.280755,0.884451,379.094,79.6971,115.217,22.5682,2.53128,63.9207,50.6579,18.5546,22.4649,4.87608,39,0.334038,1.27009,473.899,110.495,86.9829,17.8111,3.17663,66.6393,59.5985,19.0116,25.5069,5.9795,43,0.391892,1.0794,448.099,86.5311,83.7978,56.1958,2.08094,60.5985,54.7538,17.4691,26.4247,6.80071,34,0.373266,1.1924,682.623,174.827,139.254,122.941,4.24132,92.7244,82.1772,24.519,41.8352,10.0091,38,0.325059,1.21821,474.033,116.495,129.355,14.6747,2.84217,68.878,65.7662,20.4557,24.7662,7.72079,45,0.284621,0.942952,496.711,84.1781,116.312,17.1521,2.49845,69.8641,56.2436,19.497,22.5302,6.7382,43,0.279863,1.08748,425.465,82.9392,115.138,23.8598,1.34767,65.2541,51.7011,20.0763,24.9906,5.64538,46,0.305279,1.00349,551.825,126.047,117.908,31.2897,1.69968,75.0392,69.0712,19.0495,27.1245,4.95646,48,0.375889,1.04393,473.495,127.223,133.088,27.4789,1.92764,74.4571,60.2007,22.1462,28.2994,4.68334,46,0.322337,1.06606,638.958,218.833,161.689,44.39,1.73448,87.3783,78.7907,27.5854,35.6398,5.64613,42,0.337834,1.19561,456.765,107.695,134.916,136.134,11.5955,69.8914,62.8078,22.4162,40.4316,16.5386,45,0.35526,1.06285,422.477,96.5093,99.3617,31.7082,1.21302,60.1654,54.0988,18.9016,25.3252,3.8378,49,0.203272,0.940662,506.911,98.3573,131,31.0285,1.40803,71.3732,61.323,20.9872,28.0008,3.50697,45,0.276112,0.987755,468.029,114.372,117.984,25.5325,1.82883,63.9132,66.0656,19.1678,25.2214,3.96545,47,0.291148,0.921299,499.197,91.8195,94.9379,22.8751,2.32406,59.7722,53.1321,18.7063,29.0053,3.87155,40,0.267193,0.99824
decoupled_wbc_h066_p012,2721,complete,90,18,15.7136,3.67238,0.349304,0.289506,462.801,112.155,120.969,52.4559,2.30031,71.4385,63.6231,19.6057,34.9406,5.51414,48,0.270407,0.950372,334.365,117.008,107.008,31.7756,1.64545,60.9028,59.9749,17.7562,28.2763,3.34915,51,0.236857,0.764186,495.319,110.911,106.905,27.156,2.02645,71.8311,62.9387,18.2395,22.1996,4.30642,39,0.33692,1.02958,423.991,87.864,107.368,26.3108,2.15893,67.5157,54.1339,18.4131,20.4559,4.16312,46,0.247217,0.920369,480.121,102.473,127.843,102.799,2.69927,75.9435,62.4532,20.7096,29.6927,6.00134,49,0.29986,1.04,485.993,89.7512,107.883,29.8317,2.9275,67.3171,50.3013,18.5906,28.1542,5.19863,39,0.308969,1.04838,698.783,124.035,119.242,38.8069,2.89376,88.1926,72.8532,23.0648,33.3974,6.96618,35,0.49395,1.30237,570.979,114.477,116.279,37.7745,1.96411,74.2407,61.7383,21.6999,28.4271,5.50404,37,0.277901,1.06856,355.573,94.1489,92.8176,29.2811,1.32111,60.6651,52.4077,16.5469,27.0978,4.25991,46,0.257276,0.944447,577.696,110.817,120.442,172.236,7.08915,74.2604,60.4285,19.844,39.5603,8.77191,35,0.355329,1.26138,712.317,145.306,141.91,48.9714,1.69907,84.8471,72.4089,22.4875,36.4104,4.72687,46,0.277496,1.14656,588.24,123.614,87.1041,36.3553,1.59267,72.4141,70.4758,15.3776,27.2511,4.05795,36,0.351376,1.17311,706.543,123.655,127.359,61.8724,1.80231,83.6457,64.6402,19.0023,32.0438,5.10859,34,0.396802,1.3198,519.399,152.505,165.496,166.062,8.1403,75.7873,69.7072,24.1911,55.408,12.6184,45,0.19574,0.993996,369.229,93.3236,112.297,48.7418,2.4353,57.5582,48.954,16.2794,32.5879,5.71992,40,0.307309,0.965366,453.123,132.918,125.017,96.0228,3.11723,71.7053,65.4398,19.2186,34.421,7.43388,39,0.320202,1.00422,467.293,120.751,115.581,39.3754,2.25901,72.2004,59.3963,20.2078,30.9747,4.8687,45,0.349151,1.09718,385.021,68.9056,96.9902,20.3093,1.36876,64.7565,50.6204,17.4705,23.7227,4.74869,42,0.376979,1.17897
decoupled_wbc_h066_p012,2722,complete,90,18,12.5701,3.0494,0.172797,0.156342,442.628,102.242,76.3097,22.8823,2.41702,66.8861,56.0531,16.753,26.5323,4.61893,50,0.324966,0.871126,407.753,78.8832,81.0717,25.5562,1.67375,57.8073,52.6267,15.2236,26.897,3.70667,41,0.331945,0.907816,365.555,89.9719,100.68,19.2167,1.70351,59.0407,56.2515,17.6295,25.6018,4.45757,47,0.270129,0.911467,371.116,82.0167,107.546,105.269,3.21583,60.9223,52.0115,16.6128,26.0029,5.39167,43,0.252173,1.00719,365.534,104.866,104.861,37.13,2.16388,59.9138,54.5291,17.5553,26.6391,5.3801,43,0.251279,0.919672,479.016,122.925,92.4918,43.7101,2.02523,64.6874,62.7495,16.7108,26.6346,5.21198,37,0.297878,0.888309,449.816,129.548,100.907,47.9315,1.93883,64.7985,67.7039,16.6201,29.3102,5.55888,43,0.268051,0.840537,447.038,120.308,115.551,37.0674,1.24437,64.4919,60.6653,17.96,28.2357,5.13806,38,0.2295,0.913406,275.338,91.9883,110.856,34.588,1.23347,47.0255,47.2827,16.1022,23.4997,3.08188,36,0.15289,0.853837,298.958,105.599,96.3558,39.5015,1.67843,54.9051,56.2577,17.2638,23.6647,4.40654,44,0.203106,0.785266,320.209,88.8174,71.2802,23.6568,1.17159,48.5581,56.0296,13.2206,17.6838,3.62733,46,0.237521,0.815619,473.643,99.4534,100.697,41.0016,1.72769,57.0532,52.4987,16.2417,22.8038,4.57886,45,0.23984,0.845416,565.287,157.163,129.289,48.0045,1.58244,79.9774,70.3296,21.7556,29.6217,5.50941,37,0.369582,1.07476,459.415,116.297,117.046,141.172,11.7777,65.4964,59.9978,18.5244,36.3326,13.2369,53,0.202616,0.811341,507.156,118.724,90.7521,34.9984,2.28052,70.4893,63.9868,18.3492,24.2851,4.34906,46,0.294055,0.848852,383.737,103.918,99.5282,35.725,1.87297,62.2984,58.3021,17.4834,21.8134,5.30509,43,0.257152,0.890085,384.594,90.7002,85.3374,30.3651,1.56346,63.4183,52.1337,16.9633,20.0225,4.05791,45,0.232479,0.820701,427.332,107.375,111.219,115.732,2.27366,67.4898,55.0229,18.4377,27.9915,5.40373,39,0.272763,0.886256
decoupled_wbc_h066_p012,2723,complete,90,18,14.3032,3.06604,0.20711,0.189911,410.349,87.8297,118.375,32.6187,2.46028,64.6051,56.6974,20.0527,29.5076,4.90943,42,0.284437,1.03298,434.677,104.316,116.775,26.2491,2.05953,69.728,59.9654,19.3354,24.9916,4.65453,58,0.291432,0.844609,507.16,117.498,138.722,37.1753,2.28794,73.6874,59.664,21.9776,31.5261,5.50599,43,0.275833,1.0929,308.492,96.0143,103.358,38.4659,2.00187,59.7208,52.0386,19.0324,31.7201,4.65376,41,0.20021,0.954736,355.572,91.1808,95.7261,33.0236,1.71916,61.6427,53.7885,17.1521,24.4524,3.38897,45,0.280287,1.05527,423.16,102.483,90.5024,31.0252,1.49518,63.987,62.6197,17.7363,25.8093,4.36396,39,0.337681,0.91791,431.929,107.92,115.558,33.3647,1.77233,66.2671,62.8532,19.9541,27.2896,5.30394,33,0.304751,1.01018,614.116,137.956,128.764,18.5907,2.80726,83.3411,72.5469,22.7537,26.1316,7.30387,38,0.362114,1.25572,400.816,116.088,124.527,38.7735,1.83937,67.3857,63.1258,21.2069,23.988,6.6156,47,0.264633,1.04239,533.208,105.76,113.927,17.9205,2.85263,79.2279,67.8038,20.2921,24.3554,5.21518,48,0.332069,0.935436,337.394,90.3624,137.368,38.8042,1.50854,55.3757,54.6654,17.6485,24.4403,3.32638,43,0.210053,0.989271,485.59,92.4648,84.2349,61.506,2.67661,68.4566,53.6048,16.8394,23.4506,3.7343,41,0.326976,1.16636,518.833,115.582,111.018,100.217,4.65829,79.739,61.1778,22.2746,39.2491,9.02886,45,0.285803,0.983342,393.507,121.993,111.79,33.3589,1.93484,64.3272,63.211,18.2318,24.9356,3.42667,43,0.235627,0.844897,537.291,154.08,111.147,42.4797,2.22797,68.4899,70.9364,17.757,30.2826,3.2122,38,0.315597,1.07735,332.527,79.7216,71.5618,25.9263,2.01463,58.7238,50.2539,15.9969,20.9707,2.92159,46,0.27217,0.90599,435.74,120.094,116.504,25.6889,1.91838,69.642,64.2186,19.1167,27.2426,4.08555,50,0.260351,0.871007,641.58,126.715,133.254,39.338,1.55418,70.004,63.5673,20.4484,29.2402,4.62982,47,0.220237,0.937247
decoupled_wbc_h066_p012,2724,fell,16.52,4,46.5034,34.6897,1.4904,0.751737,440.949,95.3195,106.846,19.213,2.1884,68.1467,57.7498,18.1606,27.1781,4.16418,41,0.297304,1.11431,318.833,89.1293,94.5315,26.1674,2.07453,57.3111,50.9619,16.2592,25.0883,4.83119,48,0.2659,0.935657,332.114,64.8018,88.6769,23.5357,1.89285,58.172,46.2251,14.9053,18.6983,3.20218,46,0.261957,0.790108,3968.8,676.021,521.547,62.4068,1.50893,168.668,91.6332,48.6038,42.0997,8.94991,4,0.0544434,1.00567,,,,,,,,,,,,,,,,,,,,,,,,,,,,,,,,,,,,,,,,,,,,,,,,,,,,,,,,,,,,,,,,,,,,,,,,,,,,,,,,,,,,,,,,,,,,,,,,,,,,,,,,,,,,,,,,,,,,,,,,,,,,,,,,,,,,,,,,,,,,,,,,,,,,,,,,,,,,,,,,,,,,,,,,,,,,,,,,,,,,,,
decoupled_wbc_h066_p012,2725,complete,90,18,26.7304,2.35924,0.217124,0.0338033,509.704,122.76,141.416,72.4312,2.84157,80.5661,68.4874,23.8012,37.0095,5.52831,53,0.313598,1.01641,378.687,94.9095,97.256,25.9701,1.9292,63.8509,52.9473,18.0439,25.5845,3.47497,41,0.325581,0.930217,444.253,162.949,142.533,66.4131,2.19338,69.3555,72.4971,20.3474,35.6542,5.09009,52,0.246628,0.963481,440.508,114.195,108.809,35.8785,2.17716,69.7923,63.9397,20.4028,26.8148,4.7907,43,0.321769,1.03352,400.814,87.3644,110.687,30.5253,0.866449,65.1485,49.2914,18.6729,22.1101,3.91635,43,0.292435,1.01323,589.15,117.232,106.226,29.5256,1.27604,77.4084,59.5903,21.0452,23.4157,4.38238,43,0.386001,1.10601,396.596,85.0172,90.1844,33.2712,1.76424,58.8444,49.3124,14.7574,21.6063,4.49305,36,0.318708,1.0343,406.822,122.136,118.754,44.0306,3.08063,72.5134,64.3238,20.3501,31.6626,5.81494,54,0.21868,0.900129,443.387,113.587,120.937,24.5885,2.12053,61.8888,60.9462,18.3495,23.9528,5.14547,41,0.227906,0.922392,443.547,89.6011,119.66,19.9774,2.35767,70.9191,57.9524,19.8107,24.65,4.2549,40,0.326523,1.06488,509.025,124.402,105.692,26.6158,2.06852,70.6737,68.6095,18.073,24.8208,3.98143,44,0.327463,1.01891,842.635,165.645,204.553,42.5371,1.81211,94.921,73.6683,28.0471,41.8275,5.1967,42,0.325893,1.4071,700.412,150.04,129.653,35.3456,1.62688,83.7343,64.1504,24.0776,30.6853,4.78311,39,0.358687,1.05195,576.998,119.892,107.022,40.2614,2.919,78.6496,62.8594,20.3614,31.7606,4.15773,42,0.363947,1.21533,425.837,94.7346,108.686,26.9577,1.39132,64.9326,59.0522,18.9752,29.1111,4.43514,38,0.331021,1.01248,837.935,186.8,140.307,41.7032,1.57331,94.4366,77.9706,23.4593,36.8087,6.61794,33,0.387038,1.31436,454.086,90.9209,102.056,26.5735,2.64712,66.8787,59.4074,20.9624,28.584,5.4536,49,0.292163,0.993421,473.167,106.019,126.568,32.1688,2.19589,71.2086,62.5892,20.6846,31.3311,6.67555,56,0.247341,0.923599
decoupled_wbc_h066_p012,2726,complete,90,18,16.1279,3.82023,0.194484,0.352837,303.642,77.8208,94.4187,24.3331,1.81866,53.5064,48.8724,16.4641,27.698,4.08826,41,0.236586,0.989571,326.954,103.807,95.2933,40.0992,1.99495,60.7164,56.5569,17.6272,29.1692,3.73497,58,0.22177,0.739604,430.07,102.041,109.525,54.2049,1.7518,67.4811,61.5514,17.5849,33.8077,4.34315,42,0.294584,0.884046,440.834,110.391,110.241,42.3899,3.28456,66.8527,62.2529,18.0488,34.6406,5.24904,52,0.339974,0.955904,329.101,104.713,97.971,35.5621,2.02288,54.5079,54.8469,15.6684,28.0104,3.98887,36,0.233143,0.79567,333.817,84.9306,87.2411,26.1592,2.21009,55.967,51.5226,16.2633,23.1903,4.05706,33,0.268639,0.946316,414.564,78.7305,82.1755,19.7548,1.67476,59.7177,53.0388,14.4087,19.7017,3.98832,44,0.266979,0.876799,351.374,67.5706,108.055,22.1452,2.20846,60.4358,48.4581,17.8811,26.9621,4.60589,47,0.256148,1.0463,385.756,81.913,91.8948,24.9487,2.28132,65.4093,51.8584,18.5139,30.2959,3.85526,46,0.316959,1.1054,517.64,158.111,136.046,66.2748,1.99417,71.7934,67.1322,19.6127,41.3498,5.91802,45,0.27733,0.966339,420.753,91.5154,93.8645,25.2617,1.85495,60.99,56.1853,16.7135,29.7356,3.72996,45,0.272877,0.897669,493.945,105.138,128.094,30.1486,2.22031,72.4296,60.202,20.978,31.6987,4.86217,38,0.39609,1.11415,614.437,147.514,116.42,33.2836,2.13169,78.3886,64.6646,21.8552,34.7706,5.9754,47,0.276772,0.917779,1028.14,153.045,166.537,49.8015,1.75203,101.249,71.4731,25.6439,41.3287,6.32346,42,0.274938,1.11062,618.758,144.899,125.191,127.689,7.76755,83.8697,66.2866,22.3393,37.3624,7.82881,45,0.264625,1.03261,427.852,125.979,83.2505,37.9788,1.17966,64.1787,52.469,15.8647,24.0269,3.68689,35,0.320306,1.07977,464.189,114.964,94.516,31.6529,1.75267,73.7809,65.498,18.5751,25.5239,4.83052,54,0.307888,0.868057,395.487,96.7655,124.454,22.0892,2.25464,63.1326,53.4097,17.9898,25.631,4.37975,39,0.314553,1.05104
decoupled_wbc_h066_p012,2727,complete,90,18,18.6911,3.75061,0.216819,0.176431,375.194,81.218,75.6704,19.631,1.83882,54.2152,52.1967,15.1479,21.9087,2.98527,37,0.308916,0.963014,353.352,83.0393,106.042,26.5251,1.78923,61.7938,53.2725,18.201,27.7645,3.59672,44,0.276126,1.05735,426.139,94.2924,115.151,29.1131,1.62089,63.372,50.0288,18.8268,26.7536,3.29131,36,0.275053,0.996161,525.643,124.301,116.666,44.2821,2.0273,79.621,69.5436,20.5887,36.3522,4.86448,33,0.323138,1.24307,391.921,75.7812,80.2908,18.0895,1.11539,57.0924,50.4026,14.9749,23.7936,3.01954,36,0.376471,1.1659,396.01,87.3635,109.446,26.4155,2.35628,66.9447,53.9402,18.8719,33.5374,3.68934,47,0.34801,0.992114,444.999,107.112,117.071,49.4775,2.14227,65.0357,59.6636,19.7092,34.5693,5.54355,38,0.327068,1.04561,414.027,86.5797,92.886,23.6703,2.06691,69.5831,54.1436,18.3886,27.2586,4.57419,46,0.281425,1.01098,400.68,91.522,133.611,28.9564,2.06768,62.7091,50.674,21.0749,30.0077,5.16417,50,0.255552,1.055,397.03,89.6229,114.409,27.8629,1.61505,59.321,57.4764,17.9658,28.1822,4.71348,51,0.237949,0.91529,446.302,82.5653,88.0453,24.8392,2.35803,61.2516,54.9846,15.613,29.1963,3.98623,37,0.361312,0.982846,538.634,119.917,106.052,99.5053,3.60646,77.8664,55.4523,21.2478,42.4104,6.24745,43,0.340073,1.188,500.751,90.9629,103.629,97.8997,2.99992,65.5427,55.0436,16.1093,41.4233,5.48154,44,0.29252,0.929064,595.894,120.603,132.782,232.5,7.06715,75.7452,57.3818,20.1278,56.2915,8.96132,38,0.388165,1.2828,341.282,74.6398,72.7753,22.3873,2.94474,49.9016,47.2503,13.5195,24.2029,4.25502,47,0.197818,0.720389,298.958,72.1868,104.643,109.579,8.21151,45.7008,44.3852,14.1617,31.1487,10.1858,45,0.187734,0.71669,347.622,73.1328,64.0292,21.7403,1.72583,50.0713,48.2541,12.4629,29.2207,4.98525,37,0.278811,0.843735,348.804,89.0215,81.2762,21.1514,1.61961,56.5781,47.2524,15.7148,34.1042,5.32272,37,0.263421,0.914049
decoupled_wbc_h066_p012,2728,complete,90,18,14.2458,3.23967,0.264562,0.198954,457.977,95.0162,80.8015,26.4653,1.86301,66.2102,58.8958,16.8571,28.0028,3.81539,40,0.292002,0.94684,388.573,89.548,100.276,28.3591,1.67438,62.3497,54.198,17.9378,27.9184,4.79764,54,0.260415,0.838991,416.997,117.856,123.617,30.1717,2.28808,68.0696,65.9829,19.1249,27.4791,6.79604,53,0.242213,0.87348,559.239,167.254,144.822,27.9976,2.47651,83.1008,69.5482,22.1558,28.814,8.9541,42,0.331082,1.06419,362.701,94.0478,104.449,36.0069,2.01499,62.9005,61.916,18.2499,23.3577,5.42498,51,0.281966,0.792637,473.464,116.199,113.535,43.0647,2.25561,71.044,67.4435,18.8329,22.0864,5.45414,42,0.337472,0.918832,435.371,106.721,102.076,31.4886,2.32946,64.2647,53.5201,17.6941,20.8511,5.29863,33,0.286367,0.96305,404.652,82.5483,86.7267,18.1514,2.06747,60.6224,51.2505,18.0283,18.2772,4.81083,43,0.336356,1.04607,412.099,92.0955,106.785,17.0356,2.18512,67.5948,53.8476,20.3392,24.1896,3.51938,48,0.307544,0.963747,471.081,218.637,141.291,29.8405,2.73237,71.3124,71.7514,21.809,29.2425,5.93153,33,0.315106,1.04305,476.634,106.124,116.561,143.966,4.71476,71.4775,60.3908,18.1349,33.2618,8.08605,29,0.369406,1.02444,418.738,101.306,120.933,34.7567,2.08636,61.5983,48.8084,19.1273,24.2703,3.99287,40,0.224473,0.936833,686.633,133.47,112.599,41.9871,1.33146,90.1311,66.2545,23.8277,31.209,4.99748,42,0.440798,1.10057,371.355,96.1221,107.391,40.9003,1.71261,55.71,54.3914,16.6715,22.091,4.47758,51,0.216113,0.767881,359.78,108.321,99.5593,47.4666,1.44264,54.3131,58.0961,15.1934,22.0871,3.5297,31,0.291446,0.719068,404.01,102.237,120.403,39.0485,1.81924,63.0661,52.2559,18.9774,22.7866,3.91994,41,0.291194,1.06387,359.664,99.4854,110.466,37.7331,1.04516,58.2722,53.9456,17.5002,22.233,3.44159,49,0.237925,0.872905,454.329,123.687,82.7395,31.716,2.05566,60.0284,60.6,15.2762,19.7953,3.41415,44,0.293898,0.926257
decoupled_wbc_h066_p012,2729,complete,90,18,16.7636,3.66697,0.0331019,0.0523243,448.986,103.195,109.824,23.1229,1.70813,68.631,61.8996,19.0731,29.7594,4.70686,40,0.310128,1.1132,521.456,100.13,122.739,22.4747,2.98087,72.9464,60.7311,20.4824,30.5451,4.98831,41,0.326266,1.19906,435.541,113.863,139.38,34.2319,1.43239,68.5543,63.1137,20.7685,30.6769,4.60658,41,0.296209,0.933994,406.274,96.1616,116.707,50.5054,4.89763,64.9439,54.4327,17.8266,33.314,5.82892,47,0.206405,0.956071,439.926,114.539,120.232,26.9857,0.976874,67.7745,64.5466,18.9198,28.0189,5.2279,32,0.262865,0.957839,439.399,110.043,100.258,34.8297,1.26987,64.6435,55.5904,18.0068,26.9785,3.97241,39,0.369461,1.18373,536.307,113.863,101.838,36.5739,1.47185,78.0681,58.3338,21.5798,34.8507,4.19947,40,0.372201,1.04571,364.44,101.067,105.795,76.5499,2.45556,58.4734,57.0089,16.507,32.1274,4.64519,40,0.252672,0.98618,510.413,117.163,133.973,29.2513,1.67865,81.1376,62.2242,22.588,35.0081,5.79657,44,0.35599,1.09831,439.905,95.7107,101.097,25.4554,2.62412,59.7079,58.101,15.4982,28.2598,5.24182,36,0.395423,1.04936,613.488,112.602,113.069,32.5675,2.87875,79.0166,56.0048,20.0366,34.3393,5.43694,40,0.293178,1.18568,407.404,90.2843,94.4336,32.2901,2.40682,65.6754,53.7149,16.9886,31.6514,5.62599,47,0.314487,0.808579,364.445,107.825,94.9528,34.2068,1.75659,57.609,56.799,15.5018,31.5445,4.90738,39,0.21558,0.804143,254.728,45.2412,61.4639,31.7372,1.34315,32.0871,28.7536,9.79997,20.8125,2.87019,34,0.159212,0.587691,424.212,123.199,104.963,37.2615,1.87302,61.2599,61.3493,16.6377,30.9759,4.60995,41,0.257181,0.850506,642.616,162.967,125.183,61.633,2.73238,91.4562,73.5497,21.8637,40.9544,6.32798,40,0.343684,0.922896,533.862,135.023,99.6722,37.7997,2.38101,80.1986,59.9262,20.5136,33.8921,4.78619,39,0.346245,1.01906,396.517,106.652,98.4735,49.3028,2.14863,61.6709,58.6303,16.4176,29.9982,3.9423,44,0.210876,0.9056
decoupled_wbc_h066_p012,2730,complete,90,18,17.2871,2.75193,0.305864,0.113984,376.353,69.1146,117.687,24.5009,1.49057,61.0951,44.0439,18.8884,30.8451,3.85459,38,0.339375,1.13816,351.158,111.483,91.8788,28.3011,2.54712,58.6119,59.1143,16.7613,23.1448,3.52971,54,0.236591,0.852017,353.41,89.7074,106.404,30.7758,1.87728,60.6415,51.957,17.1962,24.2255,3.42643,34,0.361835,1.12312,442.928,110.658,141.924,62.2291,2.08251,69.5838,59.1477,19.377,27.8223,3.96652,43,0.250532,1.01086,378.986,124.127,107.063,34.5942,2.84019,60.4473,50.6935,16.0251,21.8133,3.87547,39,0.329821,0.922741,392.421,107.283,123.521,73.8746,1.96318,60.1668,52.8326,19.3073,25.5452,5.79332,28,0.237211,1.00548,409.863,95.1021,100.136,55.8752,2.60057,64.2782,57.3269,18.1579,23.2748,5.85893,44,0.253536,0.84031,408.242,94.4285,95.7108,96.0699,4.37494,64.173,52.3413,18.221,28.7834,5.94014,37,0.323066,0.961873,404.577,121.316,100.302,37.2134,1.84713,60.4925,61.8101,17.4615,22.5589,4.13041,49,0.222585,0.823939,406.445,127.724,140.989,39.7418,2.13232,64.5585,60.529,19.9334,24.4262,4.15606,37,0.247667,0.840426,356.341,93.752,100.098,35.1034,2.09135,57.8229,51.3661,17.107,20.6843,3.313,51,0.219121,0.798865,502.413,138.969,140.851,31.2226,1.42216,79.1609,66.8686,20.4897,24.8736,4.91855,40,0.306503,1.11416,387.254,70.6908,76.9011,24.6911,1.46183,58.9978,48.9654,15.9071,19.0321,3.88631,47,0.325949,0.927815,661.086,110.151,141.858,30.6237,2.73067,90.1181,66.6271,25.0709,27.6397,6.72876,37,0.385535,1.35514,345.265,92.6442,106.965,31.3852,1.81855,58.5457,52.2236,17.567,24.7219,4.74833,45,0.26026,0.889119,532.314,96.6028,193.859,227.217,24.4121,79.8532,52.4093,26.6533,60.1759,20.9577,38,0.275734,1.02052,438.594,102.969,153.377,121.908,3.716,67.1149,55.5131,20.8705,28.9955,6.94807,42,0.302306,0.835966,433.652,103.02,101.498,35.6268,1.44849,68.7198,57.9863,17.518,26.8324,5.33966,40,0.272789,1.05095
decoupled_wbc_h066_p012,2731,fell,80.84,17,23.3905,4.40945,0.788873,1.57617,476.452,133.062,109.305,26.2195,2.12514,76.6133,69.6138,20.0037,32.8477,4.34994,51,0.252334,0.858213,431.092,85.7617,105.228,22.9997,2.05956,61.2056,48.482,16.8589,24.0835,3.2423,44,0.290948,0.903428,457.199,121.38,124.191,88.0289,2.25048,75.4711,65.2339,19.8302,33.3264,4.62474,49,0.323246,1.07868,360.922,100.78,105.212,30.74,1.62135,60.0684,55.5884,17.6016,28.2113,2.93176,39,0.273001,0.975191,407.358,82.3636,85.5667,30.8689,1.86357,62.6032,50.8946,16.6968,28.0903,3.05538,42,0.371475,1.07646,333.144,75.391,106.183,62.3348,2.49152,53.4318,45.4252,16.1241,27.1676,4.02108,41,0.285869,0.891837,448.314,103.146,104.623,93.6294,2.8488,65.64,60.2028,17.1664,36.3581,5.51381,45,0.24633,0.876383,339.654,84.3813,76.0293,94.0294,1.99314,50.8882,52.1883,14.1836,29.4359,4.70356,45,0.247158,0.847005,528.306,143.416,144.862,43.8651,2.6861,71.7344,62.391,19.9525,33.2897,5.83195,44,0.196778,0.98857,736.117,135.761,102.72,52.3306,2.15634,81.6321,66.1904,19.9432,37.707,5.44136,38,0.362554,1.25745,524.682,118.734,115.679,165.834,13.8113,77.7416,65.0423,20.9929,47.9968,9.91189,47,0.339845,0.961833,728.596,217.997,122.386,43.14,2.35361,90.2323,72.4797,21.9827,38.2574,4.34352,38,0.383689,1.06475,483.516,114.463,91.9205,39.056,2.08958,76.3561,65.4396,18.5368,33.4427,5.2904,49,0.309649,0.9608,435.676,95.2599,90.7136,37.232,1.42564,60.2767,57.8782,14.3655,29.4345,5.58584,38,0.353631,0.996813,916.771,172.309,108.374,54.9913,2.66784,88.4572,77.812,20.5993,36.7867,6.65934,32,0.356914,1.22473,319.763,95.2915,97.5967,148.815,4.89329,53.2867,48.6134,16.8662,42.5328,9.43523,46,0.24596,0.89975,2373.05,153.719,244.19,80.4336,4.32733,90.4299,25.1487,24.0785,32.7299,5.7064,0,,,,,,,,,,,,,,,
decoupled_wbc_h066_p012,2732,fell,65.66,14,28.3593,11.3659,1.76493,1.49319,344.94,77.1916,104.175,25.0065,1.48702,54.5151,50.4015,16.7553,26.791,3.6759,39,0.255269,0.921743,389.687,91.9485,118.078,53.6958,2.43137,61.8603,48.2083,17.9041,35.1625,6.0073,40,0.289431,1.02211,546.525,108.722,105.169,37.6478,1.16252,83.3927,63.61,20.4137,36.9762,4.67963,43,0.365715,1.11997,449.181,79.0959,90.6871,32.8267,1.55229,63.7164,51.9879,15.0684,27.0444,3.19514,43,0.315146,1.00995,313.863,87.9854,117.892,110.689,3.19827,53.1968,50.16,16.2278,37.9063,4.7169,42,0.227946,0.920819,367.68,100.487,104.52,27.5995,1.32452,53.6489,57.3158,15.1901,30.2781,3.34291,41,0.211622,0.908114,391.634,92.7936,94.6558,33.2304,1.61061,56.3787,54.301,15.493,30.6691,3.87883,34,0.374474,1.10227,419.163,93.0999,92.3631,38.3722,2.14519,68.1634,60.2106,17.6553,30.0874,4.15061,45,0.285253,0.893408,408.553,85.1142,104.116,115.373,3.71237,64.3923,52.1981,16.1319,42.9436,6.60927,36,0.289907,1.06176,385.326,75.3071,88.1316,34.2719,1.49056,61.3727,49.2708,16.2476,30.0032,3.7128,39,0.318647,1.02621,398.658,111.515,111.922,36.0878,1.03488,61.1329,61.1975,17.2372,32.8395,4.52342,39,0.273507,1.03389,482.879,111.815,99.1761,36.1861,1.2826,68.1714,63.8796,17.8524,32.8703,5.15119,38,0.371705,1.27446,501.656,235.395,116.543,44.1074,2.35707,67.8111,71.2127,17.4999,25.822,3.45648,42,0.284006,0.933704,2574.84,139.729,353.169,259.646,17.6382,97.3863,25.5288,29.1671,48.9082,15.0887,1,0.193451,0.619239,,,,,,,,,,,,,,,,,,,,,,,,,,,,,,,,,,,,,,,,,,,,,,,,,,,,
decoupled_wbc_h066_p012,2733,complete,90,18,22.6723,3.29499,0.100956,0.145284,405.946,90.8153,89.2418,53.8826,2.7031,59.9145,54.9095,16.4945,28.366,4.464,36,0.328372,1.14189,479.666,122.083,123.245,33.4861,2.58474,75.5094,61.3153,19.4728,30.2907,3.91572,42,0.30993,1.04534,506.768,114.505,120.717,30.2943,2.27238,75.5438,67.2079,20.9558,28.3359,5.84953,36,0.357281,1.01615,378.1,106.345,126.48,37.117,1.48769,64.6147,59.3743,18.884,29.1265,4.83683,46,0.284579,0.911706,346.169,92.3128,127.741,38.129,2.04659,55.1793,52.1765,17.5017,30.8418,3.51699,44,0.26909,0.950809,500.665,121.761,102.094,26.5724,2.29122,74.9141,70.0328,19.2234,33.7741,4.76868,59,0.285934,0.87562,426.674,107.765,111.012,25.9922,2.91341,71.7084,59.8063,20.6324,32.8937,5.76969,50,0.225004,0.911282,382.756,83.4242,123.715,28.3332,1.82153,58.7667,53.9651,18.1053,26.8457,6.26905,48,0.256131,0.886224,526.338,107.81,146.078,27.7906,2.58166,71.4744,59.0158,22.1566,28.3515,5.5107,36,0.321344,1.08309,606.267,134.561,162.575,116.617,8.7672,86.2341,67.2794,24.9328,42.6723,9.06741,40,0.3462,1.19609,492.362,98.693,136.51,33.8992,2.59822,74.4117,54.7251,22.4641,37.0805,6.80915,43,0.314552,1.09936,1078.46,200.907,149.748,62.8982,2.41297,112.871,89.5626,27.7375,49.5397,8.55544,34,0.391672,1.57321,560.254,148.366,125.076,34.944,2.07868,79.2509,75.2255,20.3628,31.2282,7.21569,46,0.290855,1.01518,553.179,95.5367,124.29,27.9377,2.68682,74.0881,58.2634,22.5529,30.3712,6.89567,47,0.300384,1.08844,545.681,103.041,128.221,23.5424,1.93406,79.6161,65.0519,22.2971,33.9933,7.60111,45,0.332485,0.962912,796.607,170.057,147.86,37.6346,3.19167,91.4301,77.2683,24.1656,32.8213,7.95485,40,0.344524,1.08454,706.473,146.913,161.373,97.8051,2.62082,87.8875,72.8133,25.3199,39.2516,7.65175,40,0.280703,1.02778,672.757,155.244,137.275,37.9384,1.97983,88.3045,73.7802,23.7873,33.4034,7.05777,37,0.316696,0.994592
decoupled_wbc_h066_p012,2734,fell,45.74,10,22.328,12.0339,0.514133,2.62584,416.894,103.599,111.159,21.8794,2.27159,71.5179,60.1877,19.1235,32.1731,3.93242,40,0.326072,0.993836,338.173,79.7522,82.018,20.6235,1.82239,55.4768,52.2238,14.9658,24.3791,3.66802,48,0.263124,0.864753,470.365,99.2857,121.525,33.2981,1.76411,70.4002,55.4755,19.9145,26.1394,4.13876,42,0.410004,1.29349,508.07,115.22,102.482,27.0166,1.51158,69.2131,62.0236,18.6306,29.2202,3.7396,35,0.357758,1.19625,511.016,113.244,119.863,45.2035,1.74731,70.3446,64.4694,18.8796,34.7144,4.15493,38,0.307954,1.02792,431.802,92.4517,89.3342,29.5632,1.76413,65.0909,54.7607,17.3882,29.7572,3.57798,52,0.298172,0.934583,399.742,129.217,102.316,37.9352,1.66329,61.7849,56.3758,18.3793,27.446,3.89203,46,0.228428,0.848555,483.719,112.409,98.2122,35.7746,1.49279,75.5894,59.0901,20.507,23.4166,4.99276,50,0.359998,0.922333,1214.79,176.35,202.673,36.2078,2.51504,107.796,84.1939,29.1095,36.3586,7.31876,39,0.317246,1.06882,1561.81,177.372,153.521,24.8728,0.542242,75.7764,40.7307,16.5322,14.5539,2.20373,5,0.110736,1.71292,,,,,,,,,,,,,,,,,,,,,,,,,,,,,,,,,,,,,,,,,,,,,,,,,,,,,,,,,,,,,,,,,,,,,,,,,,,,,,,,,,,,,,,,,,,,,,,,,,,,,,,,
decoupled_wbc_h066_p012,2735,fell,55.74,12,21.5405,5.32614,0.50148,0.949924,397.999,106.068,106.883,28.8525,2.61059,66.2864,59.9808,18.1488,29.4767,4.13493,46,0.321264,1.02772,396.126,93.6124,83.9471,48.6731,2.47869,66.0918,54.9312,16.3297,30.5159,4.65785,49,0.27609,0.964757,431.539,90.1136,67.2714,30.8291,2.48556,67.5002,57.0312,16.8836,28.0813,3.9333,49,0.299068,0.950998,513.458,111.099,108.919,26.2649,2.15856,74.0006,62.4658,21.0933,30.3589,5.03061,41,0.378925,1.20498,530.027,115.745,86.1499,125.878,3.78369,71.4243,55.9408,17.8708,28.461,4.70475,43,0.308581,0.962646,438.718,98.6793,111.581,30.0517,2.13735,71.0792,62.7865,20.02,35.1171,5.14852,49,0.304402,0.991946,315.922,84.9464,92.9529,29.0667,1.90933,54.7575,50.0915,15.1436,26.1773,4.22923,39,0.271968,0.950958,402.564,111.009,119.173,26.2986,2.12486,71.9625,61.8741,18.9371,29.1626,6.21556,46,0.255932,0.990569,551.935,175.206,122.524,43.4289,2.34421,75.9864,71.1336,18.4072,24.8713,4.58464,30,0.526286,1.34991,575.976,111.326,118.566,125.866,2.80114,71.9286,65.3811,18.6581,39.7999,6.68618,31,0.392546,1.24948,1692.03,189.428,207.687,109.372,3.66312,117.16,78.478,29.2245,47.4693,9.9516,41,0.222592,0.974084,1808.36,235.858,333.803,236.744,23.3997,72.7649,39.1279,22.3899,51.6107,24.0201,1,0.496857,1.28992,,,,,,,,,,,,,,,,,,,,,,,,,,,,,,,,,,,,,,,,,,,,,,,,,,,,,,,,,,,,,,,,,,,,,,,,,,,,,,
decoupled_wbc_h066_p012,2736,complete,90,18,15.7991,3.14498,0.482887,0.266801,527.056,125.531,106.737,24.412,2.25518,81.0252,68.5357,20.8104,32.426,4.6829,46,0.294076,0.899945,517.733,117.788,129.243,32.5834,2.21905,79.066,64.9107,22.859,32.7177,5.71212,46,0.335955,1.20494,512.54,109.502,107.189,59.2528,3.41995,81.3786,65.5366,21.0808,30.1237,6.81672,51,0.325248,0.866629,586.008,119.683,138.972,55.7819,2.38665,80.7268,67.5228,20.8891,25.8487,6.48629,45,0.342462,0.934238,369.041,87.7878,109.817,29.2598,2.05633,54.0033,56.6149,16.3797,20.567,4.48648,43,0.261077,0.835931,422.3,126.752,127.123,31.1988,2.15924,65.7745,63.1419,19.4237,24.947,4.73287,50,0.235594,0.850989,459.321,117.852,110.424,38.6052,2.64871,70.1632,63.3431,19.5214,28.1335,4.72944,44,0.28944,0.880948,430.568,103.125,107.028,27.0543,2.28103,60.3059,58.4767,15.6059,24.7432,3.73948,42,0.326552,1.1316,349.212,98.311,132.052,22.9437,1.40266,61.4692,53.7973,18.1911,27.4869,4.55813,42,0.262973,1.01576,483.844,122.505,103.836,40.4622,1.98752,68.8473,61.4593,19.3959,29.8611,4.55882,40,0.323245,1.15297,589.614,138.178,144.154,163.502,3.16163,83.6262,67.7461,22.8987,44.5484,6.57939,45,0.32482,1.09145,431.529,113.06,112.343,27.0526,1.33586,73.2448,59.2636,19.8848,26.8786,4.783,45,0.311445,1.09779,481.933,118.186,147.199,127.855,9.35557,69.0581,60.1604,23.5174,39.6875,9.16768,41,0.213825,1.0003,382.62,99.3082,108.51,34.3373,2.05165,61.6739,58.0663,16.1158,20.824,3.15773,45,0.311384,1.02512,550.334,96.2694,143.241,213.923,15.7107,77.7276,55.0931,22.6152,47.8268,12.6615,42,0.306503,1.10197,597.363,117.355,113.752,29.2316,2.59591,76.5579,71.3003,22.3363,26.5641,6.89816,38,0.317554,1.07079,788.172,111.45,151.272,31.0398,1.82,84.2196,65.4165,24.2956,28.0028,8.58823,38,0.278717,1.1896,595.946,116.525,128.647,26.2634,2.12627,84.8923,63.4379,25.2034,30.2669,8.31219,42,0.366211,1.15014
decoupled_wbc_h066_p012,2737,complete,90,18,20.0232,3.23761,0.295345,0.278148,440.631,94.9228,115.138,27.8597,1.9593,65.0103,55.7361,19.7176,32.6965,4.66435,44,0.319238,0.990401,442.427,129.458,112.558,58.3847,2.95492,71.9369,68.1381,19.7688,30.4131,4.89308,48,0.301188,0.929927,443.864,108.864,141.669,114.788,2.45097,64.8061,59.1014,19.7777,32.0734,4.1158,35,0.295673,1.02072,415.246,91.3542,100.478,31.4812,1.73014,64.5512,51.9829,17.468,29.0088,3.29095,42,0.320306,1.01488,397.733,106.529,87.8411,36.8156,1.56267,60.1536,60.0307,16.2604,22.8071,3.09766,47,0.308093,0.875502,341.426,99.5834,105.197,40.8277,1.77762,56.3661,45.0231,17.087,22.6648,2.69971,39,0.231986,1.01145,423.307,120.181,113.146,35.5313,1.31449,69.5499,65.5058,20.218,23.0796,3.99,40,0.330729,0.934404,544.978,92.5806,101.212,27.1792,1.45577,70.0297,52.88,17.874,21.3336,3.61659,50,0.271275,0.917204,459.175,152.927,142.4,105.259,3.90193,71.4975,67.6242,21.582,33.6932,6.50167,55,0.192659,0.828244,1822.12,383.24,339.185,61.8889,2.4718,141.587,111.715,44.7794,48.3192,5.2629,44,0.30816,1.0982,342.22,85.4012,101.33,30.9576,1.95176,58.4612,52.0904,16.1695,24.0869,3.54137,37,0.31168,0.976355,532.387,118.241,100.624,43.5822,1.21501,65.9193,53.45,16.8535,24.398,4.14278,36,0.313874,0.925442,606.491,113.771,105.827,36.0215,1.57565,82.5587,60.3821,22.0035,22.2113,3.30953,38,0.428468,1.09158,698.495,187.786,121.608,32.6946,1.75162,82.9955,70.4458,23.2711,28.0477,4.28094,31,0.287888,1.29823,446.093,107.678,101.061,39.5035,2.0991,66.2329,52.5599,17.8805,24.6044,3.32946,38,0.319089,1.13151,1779.3,223.331,183.722,70.6292,1.70067,117.014,85.8274,29.7031,43.2703,4.10095,36,0.376277,1.434,599.494,195.325,161.394,112.622,2.33715,86.5148,80.9287,22.8251,34.029,4.37128,37,0.327391,0.919894,362.917,106.024,84.6816,29.0664,1.39986,64.472,56.5786,17.7523,21.2826,3.19551,47,0.294342,0.900898
decoupled_wbc_h066_p012,2738,fell,66.02,14,33.4554,8.53587,2.95218,3.01296,448.613,87.1326,91.2003,21.5723,1.89763,69.4564,56.6072,18.1786,23.6018,3.95153,55,0.301177,0.847813,420.301,94.7559,89.8441,24.5936,1.38265,68.5609,57.8405,18.0794,23.134,4.4143,57,0.313029,0.788471,408.06,119.575,142.842,32.2656,2.24979,68.5599,62.574,19.5125,29.0192,5.00797,44,0.278694,0.997428,451.888,91.9611,107.462,22.2452,2.0587,69.6397,60.2608,19.3665,28.8177,5.44555,42,0.326251,1.00826,550.352,110.767,108.569,26.1608,1.35825,78.0722,68.3918,20.8225,35.4618,4.58478,46,0.304785,0.973635,475.664,90.3226,116.653,23.0715,2.1005,74.3774,59.9524,20.844,30.2228,4.97435,44,0.306765,1.10223,443.391,99.066,119.722,25.3878,2.35216,72.9978,58.3902,20.6936,30.0032,4.939,45,0.383697,1.03828,571.124,108.565,128.743,27.9143,1.64571,77.7064,64.2876,20.7528,30.329,4.29871,38,0.372774,1.26864,388.746,86.9738,89.2359,25.465,2.39129,62.6587,59.0253,17.704,22.9284,4.94921,51,0.266552,0.859687,509.502,97.9825,155.726,131.021,12.7248,67.2401,54.0979,23.4632,52.0513,16.0794,31,0.283613,1.18012,328.567,86.5751,72.8948,23.568,1.72847,54.0771,51.236,15.0257,20.9105,2.78002,40,0.247457,0.99601,466.594,82.5636,115.738,40.6515,2.80935,72.9211,52.3304,20.2121,29.7743,4.60294,38,0.302051,1.14953,1453.78,282.51,239.53,44.34,2.58111,113.131,82.4603,35.0517,40.4578,5.67943,35,0.283777,1.16086,1203.35,308.766,311.384,27.7353,0.684467,62.1021,44.9765,25.2013,26.8935,3.18716,2,0.436417,2.83071,,,,,,,,,,,,,,,,,,,,,,,,,,,,,,,,,,,,,,,,,,,,,,,,,,,,
decoupled_wbc_h066_p012,2739,complete,90,18,19.1116,2.9318,0.0269399,0.0796087,375.235,87.31,106.617,23.1616,1.90511,62.8743,51.7533,18.5736,27.8109,4.31977,39,0.293685,1.03267,386.406,114.738,113.545,68.3263,2.11612,60.8678,59.9789,18.9942,30.5879,4.95514,50,0.239102,0.833658,422.215,96.4787,93.3528,29.3925,1.00146,70.4711,60.5609,18.6215,26.5067,3.29571,52,0.286939,0.87635,409.932,89.4526,70.0754,24.138,1.70172,64.9701,56.1247,15.5585,18.3765,3.26223,54,0.260952,0.874982,377.237,99.2766,90.9812,27.0358,1.95196,57.483,60.8956,16.2423,20.7251,3.75549,44,0.276715,0.856055,356.627,97.0167,102.835,29.912,1.24692,55.5102,56.2449,17.0593,23.3876,3.98528,39,0.275923,0.868064,349.426,84.8092,92.2673,34.3431,1.32747,57.0765,45.058,16.9015,23.3008,4.40232,43,0.227604,0.896205,523.956,112.446,103.082,87.9015,2.52194,70.7967,63.1367,18.061,27.4441,4.28122,33,0.321479,1.28635,598.568,138.707,125.838,114.614,3.89756,78.1148,70.9346,21.4585,25.9248,6.5946,44,0.357056,1.18427,472.642,123.728,154.671,132.567,13.5197,77.0605,63.6286,22.8288,37.0076,11.6401,42,0.273397,0.988855,817.717,178.106,165.558,30.8959,2.42042,93.2933,79.1559,25.1668,27.2077,6.54213,39,0.315491,1.4606,795.47,253.402,231.421,197.855,13.2293,100.898,86.4125,32.1038,53.623,13.9816,32,0.416458,1.14624,431.627,92.8157,99.0565,139.999,3.29932,59.1679,47.2599,17.9446,34.7948,6.436,40,0.278478,0.98528,394.349,126.325,133.693,78.907,2.4381,60.0076,65.0632,18.8189,35.4873,5.40749,45,0.191043,0.814644,400.494,101.144,78.7139,33.9154,1.94701,58.1721,59.097,15.2062,26.3611,3.34475,43,0.327724,0.948255,448.243,108.07,103.983,25.679,1.51341,69.8483,60.5007,20.9642,30.5878,4.92578,38,0.288129,1.09017,508.191,135.642,110.747,22.6597,1.88571,73.0725,65.6121,22.0107,30.2935,4.73948,43,0.264097,0.887514,453.474,92.9999,104.334,57.073,1.81591,61.7436,56.8203,17.0548,30.7441,4.54209,45,0.268046,0.871044
decoupled_wbc_h066_p012,2740,complete,90,18,18.386,3.71662,0.311269,0.214805,423.723,105.263,96.4088,30.3544,1.81537,66.9357,64.7755,17.4914,32.0453,4.55139,37,0.338499,0.964428,310.46,73.9807,92.8632,35.0774,2.48396,51.9262,47.5264,15.4208,28.554,4.10918,40,0.235603,0.796762,323.438,51.0282,65.1352,22.8109,1.76923,53.6985,41.8806,13.2056,21.8139,2.71923,45,0.278729,0.818137,510.136,118.639,163.962,40.7007,2.00152,76.1181,63.8133,22.9423,35.0678,4.97784,49,0.314558,0.958767,432.438,101.096,132.057,28.3176,1.85741,68.6598,58.7908,20.0918,33.8865,5.41352,42,0.321272,1.03025,376.349,79.9969,109.559,27.2594,2.60273,62.4689,51.3672,18.1551,30.6869,4.59185,47,0.300072,0.980526,452.242,106.221,98.7657,23.7637,1.87978,73.8247,64.6807,20.0991,32.1375,4.68881,50,0.329999,0.979863,513.04,121.914,136.889,144.102,32.4397,69.8689,64.8363,20.7214,45.1848,16.7068,43,0.273479,0.991827,379.149,88.8762,113.159,24.3266,1.52732,64.2182,54.5425,20.3075,25.2333,4.4345,46,0.23781,0.894793,456.894,92.8254,108.939,30.9184,2.25546,70.6488,55.0328,19.1573,30.6731,5.26209,36,0.352305,1.18978,482.344,158.449,150.202,25.343,2.4962,73.4761,70.8291,21.8382,30.2267,5.96617,45,0.218737,0.895619,683.214,129.077,154.956,29.9786,2.27278,87.8009,70.9475,22.7728,28.4813,6.64896,43,0.369919,1.08179,547.813,195.528,152.499,22.5412,1.94336,77.4847,68.9114,22.0041,26.2598,6.03145,39,0.353774,1.10999,663.557,140.601,119.048,32.5518,2.45068,88.5172,71.8406,22.1465,28.6881,5.81226,41,0.371373,1.11038,453.707,98.7716,106.323,101.743,4.40067,71.5188,53.3975,19.7703,30.6046,6.6263,43,0.353415,1.16743,444.549,85.2485,122.101,24.6931,2.14676,64.8159,54.0826,17.5314,20.4486,4.41388,40,0.28486,1.02674,413.165,92.2056,107.211,18.9324,2.2955,62.8394,55.8163,17.6034,21.3616,4.24279,35,0.266809,1.1355,449.518,87.2212,106.978,16.436,1.16122,63.3271,51.5663,17.8769,19.2416,4.92113,39,0.354019,1.19235
decoupled_wbc_h066_p012,2741,complete,90,18,15.3208,2.90725,0.0737541,0.137368,543.765,135.075,153.299,23.2172,2.10775,85,72.3134,23.8997,35.5086,5.56193,41,0.269467,1.09663,342.731,109.634,119.529,32.3226,2.70636,60.5854,59.4439,18.6625,32.1264,3.95438,50,0.257353,0.942496,346.445,86.3512,111.538,32.6457,1.3829,54.9563,46.8428,17.9632,26.247,2.8361,40,0.219502,0.882147,386.495,97.1703,79.1373,27.4007,1.65231,55.9697,55.5128,14.2276,19.411,2.77383,40,0.326146,0.937087,1098.79,162.439,150,37.9714,1.19656,99.0172,79.7764,26.0468,29.05,5.45812,45,0.268925,1.19383,439.424,92.5275,119.1,33.562,2.01633,66.6026,51.5132,19.8182,22.3259,3.95889,44,0.278939,0.975678,315.28,86.3249,90.155,31.2004,1.28575,53.5271,48.8184,14.9329,19.6017,2.81094,50,0.267864,0.780272,313.563,93.2576,94.9999,35.617,1.72962,57.6125,49.7706,16.3668,22.4849,3.38468,38,0.266887,0.999013,436.083,100.211,119.236,24.9274,1.36584,71.1701,58.9173,19.9241,27.4199,4.71596,45,0.320103,1.03834,352.706,113.615,84.9318,23.7842,1.73181,56.6109,62.8416,14.6974,26.2005,4.81137,46,0.251417,0.850238,362.237,101.305,110.583,35.0973,1.76839,58.0607,58.4277,17.0378,29.6391,4.56845,39,0.256687,0.893387,574.739,127.216,128.002,37.6719,2.03067,79.3866,62.9867,21.2066,38.0073,5.48075,45,0.328527,1.04948,452.947,93.9266,131.636,184.383,12.6122,70.2575,55.8701,20.2151,47.2485,9.24962,47,0.281877,0.952861,514.401,100.64,100.092,26.4674,2.4909,65.2049,58.9787,18.8427,32.3189,4.52623,42,0.346051,1.11391,748.626,141.815,180.863,289.367,10.8898,87.1721,71.0422,26.96,75.1688,11.8656,57,0.287832,0.926567,558.252,185.271,153.22,34.3959,3.04097,79.8222,74.0792,21.4683,41.4797,5.25568,43,0.320686,0.949696,518.5,107.608,131.345,32.6886,3.3902,78.3094,62.6158,18.8932,36.9019,4.65563,46,0.312668,1.01548,345.951,103.181,103.832,27.7339,2.00241,59.5068,58.4126,19.1143,33.2367,4.92723,41,0.276436,0.975669
decoupled_wbc_h066_p012,2742,complete,90,18,21.219,3.56762,0.254782,0.199741,491.311,109.563,96.7702,21.7464,2.20851,72.3518,63.0521,18.7382,30.0211,5.65139,48,0.260658,0.925474,423.201,107.837,104.763,28.4899,2.80752,64.0228,63.7063,16.6377,26.7455,5.87958,53,0.270623,0.896885,429.97,81.8695,97.7947,111.983,4.54986,62.9881,47.34,18.3681,27.9649,6.75976,44,0.279045,1.08036,349.926,86.8154,81.2996,36.0472,2.14618,60.4206,54.2499,16.9266,19.459,4.23974,48,0.258755,0.908979,393.96,99.8372,92.1003,38.5486,1.3692,58.7159,56.733,14.8933,22.4957,3.65791,44,0.3067,0.875253,392.035,92.9635,83.5479,34.8208,1.73679,58.7566,54.5093,14.2578,19.9848,3.74084,39,0.273912,0.973446,421.514,119.288,106.052,55.6382,2.29839,64.2577,60.2043,17.3107,24.9185,5.2524,41,0.297256,0.959197,397.281,85.3135,101.831,22.2455,3.38426,67.4347,54.1661,19.1307,24.8604,7.29939,43,0.33329,0.998304,524.43,112.438,144.464,41.7191,3.82056,79.9375,65.1172,23.9136,28.1596,7.40705,43,0.318661,1.05143,492.377,99.4038,89.5314,23.5977,1.68736,68.7088,60.4017,17.6582,18.908,5.27604,36,0.390291,1.24679,579.142,152.034,119.513,32.4505,2.21838,81.6096,67.5643,21.6602,19.7345,4.73698,30,0.459803,1.17282,626.102,105.906,113.76,56.4959,2.54167,73.6676,63.0521,18.442,27.5853,5.94383,35,0.388569,1.11141,342.991,104.817,94.689,28.9764,2.04696,57.6127,54.9838,16.3815,21.7297,3.96179,41,0.27839,0.819242,568.751,105.051,122.975,34.092,1.74848,83.4697,58.076,22.5296,30.8298,5.42455,41,0.466636,1.16267,947.429,207.618,187.026,46.4883,2.79422,112.703,95.1751,33.6938,43.8791,7.75009,48,0.304809,1.41983,572.288,123.757,149.226,28.9316,1.95796,81.7131,64.2851,22.3869,28.8178,3.87179,44,0.323295,1.07304,518.748,131.119,107.426,37.0114,1.66407,79.3831,64.5469,19.6429,23.852,4.68847,35,0.328414,1.03296,633.958,129.169,112.042,41.6451,1.9234,76.1112,67.9756,20.3267,24.6491,5.07963,44,0.338019,1.09191
decoupled_wbc_h066_p012,2743,fell,61.56,13,18.1928,14.4416,2.12424,0.879024,401.784,88.6418,109.882,23.9639,2.07966,65.9253,55.3312,19.2635,31.6349,5.23035,49,0.291431,0.944106,378.053,86.654,123.132,46.3298,2.10774,64.4127,54.276,18.4809,34.4372,5.98206,46,0.305732,0.985199,337.206,89.3459,85.2484,20.5552,1.69877,57.708,50.6653,15.0407,25.0631,4.20196,49,0.251029,0.820658,338.764,122.337,112.794,27.5075,1.61132,59.0869,58.0592,16.5466,23.8897,3.5999,34,0.259016,0.808099,468.569,127.724,95.3827,24.5286,2.03512,75.0809,70.0932,18.7277,23.7751,4.67814,44,0.343011,1.01732,453.899,132.112,132.988,27.9145,2.46496,70.3745,67.1527,20.1649,27.478,4.99878,43,0.306376,1.05523,350.904,118.672,115.468,37.3922,2.25493,60.4794,53.1057,17.5654,25.373,4.23163,41,0.300238,1.0099,398.058,99.0062,84.9503,36.0604,1.15917,57.9673,53.0867,15.1169,22.4276,2.87462,33,0.291723,1.06149,296.466,97.5693,90.9534,41.4365,1.32091,51.442,48.8044,15.779,21.5782,3.93911,52,0.190992,0.744488,776.068,129.499,209.661,180.915,26.8537,84.1508,69.053,27.8058,50.5493,15.6185,33,0.365026,1.23866,419.18,149.174,120.529,61.1749,1.35939,64.832,64.8531,16.8268,24.4179,5.30693,29,0.322085,0.929621,1008.36,179.824,185.029,147.532,9.13282,96.0689,76.2854,24.6673,44.4891,11.0957,25,0.308697,1.28509,4136,330.974,472.875,239.963,25.3333,182.64,71.4484,51.21,65.1931,27.2413,5,0.113919,1.69138,,,,,,,,,,,,,,,,,,,,,,,,,,,,,,,,,,,,,,,,,,,,,,,,,,,,,,,,,,,,,,,,,
decoupled_wbc_h066_p012,2744,fell,80.8,17,18.2476,8.29774,1.79885,2.20969,372.988,94.5682,96.0521,31.9448,2.73063,64.8525,54.2951,18.715,30.8442,4.46987,45,0.277279,0.948316,441.34,107.297,93.1741,32.18,2.09702,70.9619,59.1793,17.1387,30.3234,4.84618,48,0.337164,0.930769,442.613,129.196,118.727,64.0484,3.37008,66.3988,67.1155,17.7433,31.4411,5.47713,42,0.297399,0.920047,321.309,91.2448,99.3623,36.4702,1.46019,48.9644,50.8034,15.6289,22.3793,4.31413,32,0.267499,0.858947,353.912,112.176,106.164,38.1136,1.58107,64.6191,60.741,18.5636,23.7779,3.00152,49,0.240697,0.765906,340.015,77.9165,90.7862,101.338,1.96742,54.9374,47.8413,14.4192,21.5334,3.79536,35,0.297933,0.889634,436.401,97.1249,102.562,27.5196,1.2252,69.247,56.058,19.189,23.5391,3.87591,46,0.350438,1.04932,505.14,132.578,115.337,54.5274,1.62315,73.5048,64.0621,19.628,25.0804,4.38699,36,0.313968,1.10425,355.212,108.559,118.749,47.0213,1.95972,53.1845,50.2462,16.913,22.0636,3.85064,30,0.24456,1.02701,457.804,100.791,87.3156,35.015,2.39171,67.7943,56.4592,17.2048,20.0759,3.844,44,0.307776,0.798551,660.343,144.591,131.482,35.5327,2.09089,78.8609,72.0477,21.0352,24.51,5.87461,45,0.267989,0.96088,331.114,128.406,101.335,27.9125,2.71825,57.5684,64.4228,16.0324,23.0873,6.41166,61,0.213078,0.764374,905.701,164.92,127.32,54.4047,2.20492,103.709,75.6289,25.5158,36.4809,8.52644,41,0.433076,1.4218,510.642,112.222,109.524,32.9928,1.836,73.523,63.5669,18.8905,27.3637,7.02838,38,0.299643,1.09346,486.094,92.9208,97.7501,49.4954,1.95236,62.9849,55.0929,17.2395,27.4467,5.36313,28,0.352092,1.1681,787.35,192.434,143.577,45.6597,1.90518,90.9739,72.0495,21.762,26.0299,4.30025,34,0.447068,1.24888,2246.09,137.287,290.429,222.699,12.2548,92.2138,28.5434,25.3783,34.8359,10.8416,4,0.565182,1.35717,,,,,,,,,,,,,
decoupled_wbc_h066_p012,2745,fell,50.94,11,26.8573,12.9376,1.66404,1.95003,396.992,91.6432,116.132,59.5638,3.70722,66.2288,55.445,19.6325,33.8568,5.48235,44,0.291559,1.06042,404.034,97.6287,102.216,18.1544,2.5366,65.9313,55.424,17.8052,28.2458,5.34788,56,0.321831,0.958502,369.489,83.1208,86.7131,25.2244,2.22162,59.7401,51.405,15.7781,29.3243,5.06139,40,0.317082,0.913119,464.762,82.5943,67.4938,20.8155,1.3884,63.1805,56.3724,14.9153,26.5147,4.62945,40,0.336946,0.901487,437.033,88.7051,105.124,75.5786,3.46985,64.1463,54.2621,16.8617,31.7983,5.75111,44,0.305429,1.00196,349.046,100.612,123.941,43.4113,2.30218,54.7004,53.8251,16.5473,32.6421,3.95267,28,0.284209,0.99666,331.444,79.7056,88.9699,35.14,1.09227,51.5331,47.6434,14.5115,26.8943,3.76328,46,0.245445,0.856593,328.609,111.072,116.525,39.6626,1.46732,56.4268,59.2703,17.086,31.9236,2.94826,46,0.214138,0.868264,442.875,112.888,119.649,58.486,1.90983,65.6133,58.4477,16.9368,33.4561,4.44052,38,0.301817,0.995089,663.661,156.021,139.142,96.8097,3.06461,93.0776,70.4921,24.4296,42.1381,5.36584,38,0.36663,1.22495,1814.11,455.848,325.02,145.746,10.6244,87.6337,65.5284,24.6773,45.159,8.98856,2,0.195923,2.52531,,,,,,,,,,,,,,,,,,,,,,,,,,,,,,,,,,,,,,,,,,,,,,,,,,,,,,,,,,,,,,,,,,,,,,,,,,,,,,,,,,,,,,,,,,,
decoupled_wbc_h066_p012,2746,complete,90,18,16.5428,3.99761,0.40209,0.339963,451.92,86.288,85.9305,30.0409,2.96682,69.1707,55.6184,18.642,28.2181,4.4646,52,0.345222,1.03049,358.768,93.2379,116.09,32.2574,1.57981,63.125,56.2153,18.4004,28.314,4.92363,41,0.338038,0.973485,400.619,90.4404,107.052,30.2295,1.88869,65.861,54.0349,18.5379,22.1318,3.83945,44,0.34017,1.07685,400.321,90.3574,113.583,37.1057,1.70584,65.2482,53.8395,18.2887,23.8946,3.92119,41,0.323729,0.920198,400.314,87.8045,89.4083,26.3212,2.34026,58.9889,56.5451,15.1764,19.8245,3.1951,32,0.332691,1.05151,336.103,87.3954,77.5027,27.2318,1.73391,55.665,45.2345,15.3235,20.3713,3.02143,33,0.307153,0.954528,515.886,146.405,159.688,154.069,12.3157,75.5051,75.3261,22.6416,37.35,8.6024,38,0.28535,0.959824,428.423,114.877,125.79,45.19,1.645,71.3018,63.4052,19.0013,32.5131,6.43656,39,0.365274,0.943911,367.28,84.8105,102.835,34.7221,1.76241,59.8116,52.0457,17.6217,27.9841,5.19288,36,0.323395,1.10029,408.066,110.038,124.465,36.5283,1.41202,66.4355,62.625,18.2638,31.9747,5.09725,36,0.312828,0.993485,329.529,94.4025,102.899,32.0253,1.51935,56.9866,50.8032,16.1456,26.5715,4.01325,41,0.239449,0.93708,339.108,102.447,100.753,32.3889,1.39307,53.8603,55.6724,15.1488,26.0727,3.50118,32,0.213449,0.790182,646.387,196.254,260.652,147.247,25.764,96.7409,71.4351,29.9349,55.6589,16.3721,41,0.400937,1.02812,363.363,110.937,104.3,35.7702,1.57069,58.6116,58.654,16.3142,25.2747,3.08263,29,0.339691,0.978685,408.591,198.276,119.598,104.463,16.0615,68.2519,68.7195,19.7037,34.2146,11.6643,40,0.225502,0.955799,367.983,119.343,111.111,28.0432,1.36832,60.7193,61.8465,18.1399,22.7513,3.931,50,0.182779,0.869462,579.303,119.902,109.999,98.8208,6.02064,82.1164,66.1405,20.9561,35.4039,7.36701,43,0.3874,1.07928,534.246,121.521,108.887,42.9646,1.86253,70.8469,67.7771,18.0184,22.5488,3.27599,47,0.35074,1.11631
decoupled_wbc_h066_p012,2747,fell,50.62,11,19.7579,13.3117,1.11555,3.35341,382.076,96.1064,88.6848,19.6636,2.21145,63.0308,59.391,17.3789,29.209,4.96442,38,0.290472,1.00192,416.834,86.9681,77.2072,21.8643,1.84709,59.6621,58.0364,15.4074,25.8379,4.04491,43,0.318286,0.900115,367.925,72.4479,111.265,51.9939,2.0064,55.9238,40.9187,17.5386,33.4221,3.75297,43,0.256146,0.928273,469.34,103.187,105.515,97.7805,2.5316,68.8625,56.6221,16.0152,32.027,3.98121,38,0.298992,0.920698,256.03,96.8549,93.6855,46.2589,1.51143,47.8843,50.6099,16.0645,28.8851,3.01295,52,0.172789,0.734938,197.758,67.1263,57.5828,28.2731,1.49098,33.6003,37.5767,11.3044,19.2782,2.36199,35,0.198076,0.624548,424.438,92.2724,82.4836,47.2222,2.0322,63.478,51.8488,17.3982,29.4278,4.19618,33,0.394352,1.28096,385.96,112.253,77.7316,36.9784,2.12124,60.2304,66.3236,14.5266,30.1125,4.44988,46,0.275207,0.88019,412.185,120.977,86.7429,40.248,1.70509,60.6675,59.471,16.4853,30.5592,5.26168,58,0.187936,0.781163,408.351,85.8054,66.8228,33.1886,2.27161,54.1188,51.7177,12.0738,26.7457,3.14071,35,0.276725,0.865839,652.175,88.6923,171.714,183.166,15.5239,32.8464,18.3466,14.0569,35.3892,9.23498,2,0.033493,0.130155,,,,,,,,,,,,,,,,,,,,,,,,,,,,,,,,,,,,,,,,,,,,,,,,,,,,,,,,,,,,,,,,,,,,,,,,,,,,,,,,,,,,,,,,,,,
decoupled_wbc_h066_p012,2748,fell,65.58,14,27.2267,13.2331,3.63814,3.77475,387.937,91.2786,110.774,44.7579,3.32917,66.443,56.5265,18.69,29.0804,5.73984,42,0.292737,1.01411,364.964,92.3606,86.716,20.9808,1.64598,61.4494,57.5526,16.7589,24.4178,4.33206,39,0.322372,1.01331,416.88,82.9827,118.632,27.6183,1.71326,59.3488,45.9538,18.6558,27.1732,4.38148,40,0.306988,1.04704,290.745,70.6909,77.0317,26.8192,1.34692,47.9538,44.884,13.6697,24.6369,3.49119,38,0.285079,0.953721,342.576,118.218,121.609,34.9431,1.26125,59.6417,59.3757,18.0739,31.9009,4.78732,34,0.204582,0.832474,507.666,133.201,119.549,98.6802,2.14918,68.5976,69.3293,17.1771,37.0208,5.41749,37,0.291722,1.0803,396.887,91.4691,73.7642,36.0553,1.9025,59.3189,53.9249,14.9626,28.5822,3.8194,42,0.302758,0.936663,377.679,95.3681,88.7739,38.3088,1.83431,59.3684,55.2037,15.6798,29.7569,3.6189,43,0.213866,0.897196,456.613,95.2618,101.313,69.7818,1.71662,69.0381,55.4118,16.6692,34.1738,4.26255,36,0.384083,1.25924,335.565,81.3605,64.2238,33.9169,1.29706,49.6542,53.1081,12.6395,23.3919,3.4012,39,0.266119,0.871529,489.05,84.6318,83.4662,39.2765,1.31762,68.0264,54.0836,15.4462,27.0617,3.33047,39,0.344686,1.10857,400.768,81.3013,92.6818,35.5199,1.27927,58.7796,50.4441,15.0232,21.4372,3.26521,39,0.232833,0.927755,392.539,91.8546,105.915,38.0083,1.69384,56.4384,51.6321,14.9811,26.4174,3.81095,41,0.261944,1.01964,1323.81,101.47,168.474,183.816,15.0039,55.7318,25.2396,15.7283,49.7162,15.3794,2,0.376495,1.86232,,,,,,,,,,,,,,,,,,,,,,,,,,,,,,,,,,,,,,,,,,,,,,,,,,,,
decoupled_wbc_h066_p012,2749,complete,90,18,19.413,3.16827,0.522511,0.194514,437.512,109.135,102.32,38.9854,2.27897,69.7638,59.1784,19.5468,33.3888,5.33691,48,0.297213,1.03769,435.762,89.6919,80.9093,24.1375,2.76041,66.7604,59.3338,16.6107,28.7737,4.57971,53,0.288317,0.847744,415.304,90.9795,86.5482,30.2832,2.66919,65.857,56.0336,18.088,25.3243,4.17456,48,0.301598,1.04942,419.252,94.1861,112.168,19.5407,1.59967,71.2134,57.1116,20.5795,23.8102,3.79284,44,0.360981,1.1374,401.093,112.9,102.454,37.4217,2.13744,65.256,57.9212,20.2618,29.7739,3.99093,48,0.269528,0.932321,410.291,103.75,86.3043,77.2476,2.71266,57.8117,60.6616,15.1038,24.9493,4.88307,45,0.360965,0.939572,481.614,89.6837,141.313,31.7664,3.30439,68.2659,51.6392,22.2971,29.8465,4.70522,40,0.348664,1.07589,384.13,95.1763,112.192,30.5312,1.82723,60.4087,57.9804,17.1589,27.2406,4.85875,44,0.290278,0.91489,374,93.153,129.642,25.2442,1.34216,62.9013,55.1857,18.2082,23.8245,5.18483,43,0.256716,0.887629,421.915,90.4994,89.4798,25.178,1.83486,67.0296,59.0415,16.7277,20.6853,4.04214,46,0.296741,1.03402,415.088,96.5304,101.919,23.7681,1.65626,70.9876,55.8432,19.3839,24.6849,4.96567,46,0.266454,1.01924,473.569,112.73,147.331,41.2742,1.99295,72.661,59.1062,20.8293,28.0119,5.25742,43,0.29666,1.16224,872.204,159.385,156.681,27.5292,1.73175,104.134,74.2058,26.8246,31.5137,5.50239,43,0.355542,0.990707,439.605,96.3986,100.054,21.0938,1.76358,73.9912,57.6661,18.9581,22.4834,4.74625,49,0.3106,0.903198,484.666,127.405,107.794,28.6638,1.34765,73.037,68.2254,20.5215,23.1532,4.27533,50,0.248431,0.855479,512.143,93.885,94.9185,97.2628,3.1404,75.892,59.9105,20.6931,34.0564,6.32301,48,0.293412,1.05487,524.556,84.9344,116.057,73.4182,2.76668,72.596,54.3117,21.1326,30.2357,5.3939,32,0.394354,1.51091,595.606,159.79,153.201,27.8806,1.72408,83.4904,78.6141,24.1521,31.6877,4.5751,44,0.284674,0.913612
decoupled_wbc_h066_p012,2750,fell,55.68,12,24.2391,4.87118,0.934718,2.75071,412.591,75.4609,105.489,21.854,2.09493,67.0703,48.9608,19.3098,28.2737,3.65211,46,0.302073,0.957151,428.719,72.7454,122.54,20.6555,1.24627,62.8842,50.5375,18.8345,25.2484,3.76631,42,0.332664,1.15076,503.015,96.4759,127.475,29.7938,1.82918,77.0715,60.284,21.9963,30.5113,5.09415,49,0.325969,1.05845,364.036,77.8168,75.5656,21.22,2.24668,54.4157,49.8933,14.4381,20.8604,3.4864,44,0.311302,0.908912,304.508,74.5193,114.082,32.3173,1.81372,52.2178,47.1852,17.7443,26.2898,4.09094,40,0.225759,0.934487,436.617,107.705,127.715,28.5949,1.83482,66.1811,59.7776,21.833,29.0222,4.57255,41,0.274564,0.91454,390.827,105.029,124.187,135.463,2.30328,66.1486,59.9695,20.0525,30.35,4.84922,59,0.24273,0.858783,484.755,112.323,118.061,39.6206,1.96614,79.1435,61.9473,19.795,23.3031,3.93609,38,0.381899,1.11587,403.78,87.7562,74.6295,25.4901,1.48018,56.4154,55.7723,14.505,16.3843,3.03227,40,0.331614,0.964669,658.481,134.336,149.902,41.0661,1.22563,70.7538,55.124,22.6508,30.2157,3.31831,33,0.233041,0.976398,463.553,143.843,135.016,41.5014,1.58814,71.2223,66.0919,21.4006,34.5396,3.66249,47,0.244569,0.856481,1819.18,106.779,197.419,36.8499,0.6996,68.0584,24.0211,19.2501,21.2612,3.4151,3,0.296071,0.888327,,,,,,,,,,,,,,,,,,,,,,,,,,,,,,,,,,,,,,,,,,,,,,,,,,,,,,,,,,,,,,,,,,,,,,,,,,,,,,
decoupled_wbc_h066_p012,2751,complete,90,18,14.2475,3.51225,0.120161,0.0909741,426.853,101.442,103.806,22.3998,2.20027,63.2045,58.669,18.6241,29.7793,4.29267,42,0.29131,1.1048,380.287,79.5635,115.2,29.7903,1.66459,61.4971,46.5833,18.8487,30.6594,4.44662,34,0.356823,1.32673,426.501,89.7587,131.725,28.9552,1.93241,68.1128,51.9341,19.58,34.0621,4.51954,42,0.311221,1.0369,403.636,81.8253,99.892,24.0446,1.67116,60.7257,50.6723,17.9098,26.9809,4.67849,42,0.335397,1.0933,391.691,82.8089,93.9891,74.3234,3.56951,62.5381,54.1397,17.8365,32.7293,5.75132,47,0.318459,0.896471,308.572,76.6559,91.9814,36.7157,2.27913,54.0769,44.3199,17.6741,26.738,4.48494,43,0.252274,0.894473,436.206,123.039,91.5122,34.1794,1.88388,61.1067,59.719,17.038,24.0504,3.66939,36,0.284636,0.92026,436.19,97.395,120.28,37.8618,1.73136,62.3795,54.5044,18.1732,24.3572,3.80678,36,0.317492,0.920648,434.856,139.123,106.543,42.8069,2.10247,66.2131,65.8858,18.447,23.8986,3.37409,54,0.226291,0.90602,485.366,119.341,120.759,45.3863,2.66661,75.3312,57.2057,19.7039,25.5362,3.63268,35,0.323836,1.08176,479.762,105.902,85.97,29.8999,1.63349,74.7828,61.4477,17.2155,18.832,3.01959,39,0.439552,0.97752,531.307,141.641,135.08,33.8926,2.41786,74.2831,63.2793,20.4189,24.6574,3.56959,51,0.279748,1.00894,371.384,111.52,95.0267,40.8501,1.85306,63.2667,57.3169,17.2631,21.7131,4.09112,50,0.239618,0.839348,549.749,103.587,95.5488,34.345,1.63509,68.1059,59.0975,18.1557,21.8913,4.40091,38,0.383482,0.835503,443.958,101.982,115.2,27.8782,1.6006,67.9218,62.2918,17.8714,21.803,4.52561,44,0.275033,0.993322,482.408,154.555,156.001,45.4825,1.31871,75.1829,67.5208,21.895,27.5743,6.27565,46,0.28708,0.955343,612.261,126.067,137.962,34.5519,3.01198,82.9477,68.1604,22.2479,23.4392,6.49644,40,0.301252,1.19227,452.023,120.112,131.307,35.4105,2.32198,69.5101,65.2281,19.9076,24.1885,5.38641,42,0.318512,0.940879
decoupled_wbc_h066_p012,2752,fell,45.9,10,23.9929,12.784,0.983328,3.02793,379.039,81.4588,102.465,34.7288,1.94967,65.2058,51.436,18.1135,29.8348,4.27097,43,0.256814,0.856367,385.101,95.7109,88.2546,36.5609,2.00216,55.6248,53.4942,14.9156,28.3541,3.618,42,0.271907,0.931162,374.96,96.5972,80.4743,31.3439,1.84534,54.2071,56.5282,13.9907,26.9433,3.2274,42,0.267596,0.95222,381.843,92.8688,128.56,44.1916,2.45878,58.3807,50.6548,17.5262,33.2579,5.04361,44,0.26743,0.968704,499.803,114.773,128.429,90.4689,3.1814,72.6629,61.8793,20.0346,38.7855,6.03942,42,0.31096,1.10695,442.966,109.327,101.613,36.1699,2.54716,71.9622,57.5619,19.1234,34.8107,4.84466,39,0.323125,1.12949,433.746,93.2365,101.982,31.0552,1.60537,65.988,52.3015,18.8713,31.8543,3.33592,46,0.295537,1.04788,461.276,105.89,113.615,49.3488,2.13836,69.0032,59.2366,18.7654,36.4292,4.91168,47,0.328046,0.96808,418.889,99.478,111.453,66.9796,3.22796,64.8688,56.6863,17.9654,36.5162,5.29119,48,0.325549,0.898021,1384.17,136.561,116.446,24.5093,0.756123,63.5932,31.2959,16.4181,20.2818,1.90213,3,0.249041,1.2026,,,,,,,,,,,,,,,,,,,,,,,,,,,,,,,,,,,,,,,,,,,,,,,,,,,,,,,,,,,,,,,,,,,,,,,,,,,,,,,,,,,,,,,,,,,,,,,,,,,,,,,,
decoupled_wbc_h066_p012,2753,fell,66.24,14,23.5446,10.5781,0.597968,0.534478,394.731,122.273,131.603,33.6401,1.18657,69.4004,64.5404,20.1142,34.1884,4.24562,44,0.25705,0.95786,333.256,97.4024,130.685,87.0703,3.39055,54.9288,52.6712,16.4598,33.0094,4.23239,39,0.273756,1.0434,365.149,65.0015,86.5799,75.3056,2.68851,54.0106,41.2028,14.3736,27.0463,3.50076,35,0.350246,1.12492,426.005,84.8919,83.1969,55.1917,2.25442,65.598,56.5087,15.8652,33.6509,4.07974,44,0.314079,1.0443,402.426,108.363,100.273,34.8159,1.63589,63.5668,61.4682,17.3387,34.7709,3.76509,40,0.251482,0.976414,568.995,170.007,161.91,28.7488,1.49545,78.9604,77.3274,23.0066,36.9773,4.4638,29,0.362728,1.26795,519.67,124.626,149.593,34.2434,2.68036,82.2807,64.7435,22.4874,36.8684,4.17618,45,0.284835,0.943225,397.959,106.074,90.7426,27.1013,1.83809,58.4594,58.2872,16.332,27.2439,3.94664,43,0.300239,0.951727,543.645,114.664,106.763,34.9954,3.14365,72.1358,63.0865,17.1473,33.742,6.58381,40,0.363,1.15237,492.197,112.698,119.674,30.6642,2.44071,71.1821,63.3132,19.4515,35.3313,7.7046,43,0.316099,1.03719,552.016,118.396,126.112,81.5594,2.60845,74.0668,60.3859,19.3267,42.1502,6.62321,33,0.377303,1.24903,446.962,104.625,185.828,165.975,8.87169,66.2317,53.1607,20.7103,39.4975,10.2289,35,0.32704,1.09713,425.734,100.958,120.96,53.7653,2.06002,63.8114,53.5248,17.2426,30.6506,7.08652,41,0.376561,1.06298,3253.58,370.115,444.614,274.758,33.6822,173.759,77.983,42.9836,85.8476,37.8446,2,0,0.683812,,,,,,,,,,,,,,,,,,,,,,,,,,,,,,,,,,,,,,,,,,,,,,,,,,,,
decoupled_wbc_h066_p012,2754,complete,90,18,19.3876,3.34882,0.256397,0.368816,437.382,126.369,131.728,25.8687,1.69104,71.3798,66.3332,21.4606,30.9182,4.64658,42,0.298214,1.00927,428.417,99.881,128.246,27.9021,2.12556,69.9631,59.4728,20.4965,29.6369,3.54685,40,0.313619,0.904879,422.18,132.015,131.096,46.5783,2.56332,70.9979,63.7176,18.9771,28.6668,4.55086,36,0.310295,0.966207,492.205,108.765,91.865,22.3111,1.80094,76.9074,65.7384,19.4997,27.3297,4.21358,57,0.308129,0.863606,324.097,112.719,117.357,48.7311,2.19176,57.4192,59.9246,18.7002,26.1607,5.23145,42,0.228719,0.883217,513.333,87.9946,111.364,22.2261,3.48085,69.9733,56.373,18.5648,25.7248,4.91581,50,0.310532,0.89513,415.19,81.4938,99.1458,70.1801,2.0489,63.3071,53.8825,17.2917,30.3169,5.10499,43,0.285935,0.918498,400.384,71.1058,95.3453,18.4952,2.78457,65.3741,50.8997,18.1149,20.8965,5.24171,43,0.341782,1.1162,396.108,86.5958,75.9337,12.6629,1.65344,58.3297,53.4603,15.8498,18.8039,6.13066,42,0.282572,0.879179,515.497,108.052,139.606,15.8337,1.90225,71.2866,56.8315,23.5038,27.4833,7.82652,41,0.288563,1.10032,647.573,101.019,114.187,36.221,2.32017,90.6508,63.4372,24.2604,37.9771,9.23634,39,0.369599,1.32263,391.883,82.8512,72.8414,11.097,2.27058,59.0625,50.8059,15.0886,21.3481,4.71712,43,0.292177,0.952213,431.001,109.954,136.377,17.3153,1.56958,66.3619,59.4593,21.7396,24.0021,6.81254,42,0.37047,1.13614,468.614,84.423,102.624,14.2744,1.76746,71.9519,55.3051,19.6221,25.2759,6.40764,42,0.328249,0.989729,389.687,60.8638,96.4907,17.5801,1.74025,58.9411,44.4057,17.5149,19.7006,5.50971,41,0.298796,1.00271,501.375,102.537,113.898,16.5596,1.58291,75.7096,59.4822,20.9916,23.6107,6.5104,46,0.288532,0.990189,428.295,91.7693,84.4738,19.3186,2.14351,66.111,56.6912,18.1256,19.096,4.99977,44,0.347658,1.0511,585.969,128.13,130.713,15.7262,1.36532,77.9731,64.9831,22.2,27.0722,6.5827,36,0.391285,1.04291
decoupled_wbc_h066_p012,2755,complete,90,18,18.5158,2.78341,0.111676,0.263658,448.959,102.386,92.8161,48.5023,1.73626,72.9339,62.3761,19.7189,31.2389,4.47565,55,0.280631,0.967704,338.586,95.3045,94.8596,17.0669,2.14787,58.5158,55.8195,16.894,23.8639,4.13813,49,0.272727,0.861454,470.771,107.897,146.709,27.3536,2.86499,73.0223,63.0282,19.6468,31.4831,5.71036,39,0.323284,1.09341,391.581,97.598,115.723,40.694,1.82771,60.2889,52.2567,17.4007,27.3848,4.66321,34,0.267757,1.01281,378.11,103.973,93.8038,49.6785,1.47322,56.4084,57.5736,16.1361,26.003,4.16784,33,0.274374,0.98119,448.592,122.579,114.729,39.596,1.53533,70.1614,65.6717,17.7925,26.5292,5.0044,45,0.26769,0.921803,590.725,199.039,150.43,37.3524,2.06616,73.1625,77.289,21.0166,34.1679,4.2054,41,0.331839,0.95759,423.257,118.524,129.556,94.1721,2.7845,67.5425,67.3794,19.2523,40.9606,5.63076,45,0.249373,0.889334,497.316,115.283,103.985,45.2743,2.43333,74.6022,63.0856,20.2244,34.059,4.70308,50,0.313675,0.921745,368.046,111.711,94.8075,25.9344,2.00724,59.8831,62.8098,16.3784,25.3218,3.85875,51,0.21611,0.821902,329.654,123.811,117.77,24.6102,1.69422,59.1876,62.8774,18.5831,22.8652,3.24004,55,0.19538,0.830634,484.134,105.181,97.7699,22.7242,1.32964,69.1825,61.8506,17.8632,23.4547,3.71359,37,0.352744,1.19889,499.231,108.078,117.999,78.617,2.61814,76.6621,59.6404,21.0625,28.1662,5.39075,46,0.349552,1.1555,529.601,95.2494,122.181,207.638,9.05615,67.8774,58.3465,18.0491,38.2386,9.09982,31,0.416698,1.17353,482.697,106.904,118.173,127.942,11.3327,72.227,58.0958,21.3027,41.7272,12.9477,37,0.319234,1.24984,366.369,96.071,113.93,32.7217,1.99466,60.4958,56.5311,18.6487,25.1561,4.29048,38,0.234769,0.837196,608.207,180.38,188.913,152.215,7.04302,82.4622,77.3561,25.1277,34.1667,7.93447,35,0.306007,1.05595,476.647,96.087,95.0514,23.3149,2.23145,66.6701,63.922,16.6228,17.5607,3.73499,42,0.36419,1.03679
decoupled_wbc_h066_p012,2756,complete,90,18,16.8486,3.22947,0.103627,0.157692,413.08,64.1217,80.9966,17.1047,2.27269,67.1998,47.96,17.8324,25.7563,3.40004,43,0.360821,1.0603,389.819,80.6565,109.536,21.3109,1.52883,64.7232,50.0937,17.8219,28.5813,3.6363,47,0.33597,0.998735,512.632,107.207,137.072,24.5316,2.71909,72.9608,54.8463,20.7808,29.4629,5.34414,43,0.315696,1.06351,601.666,120.636,129.94,35.7724,1.54238,82.3314,68.1437,21.1045,33.0801,5.98125,46,0.314042,1.07995,484.083,113.502,99.1566,36.9372,1.7668,69.8207,59.8752,19.0903,28.7601,5.5486,50,0.317321,1.03493,360.43,86.2908,91.2779,43.2283,2.10771,60.3751,52.2192,16.3498,27.3445,3.16628,39,0.253638,0.840339,393.645,109.921,98.1554,38.2301,1.9029,61.8228,55.7196,16.6744,23.1369,3.03028,43,0.230791,0.89749,438.776,116.165,92.1108,31.5087,1.32255,72.493,62.7513,17.9974,30.5847,4.24889,51,0.273403,0.840327,504.145,127.528,113.68,36.792,1.92145,73.7719,60.3645,18.5076,31.4318,5.15339,36,0.352525,1.02126,373.373,95.6872,112.033,40.0103,2.06405,60.3953,57.5165,17.0516,30.399,4.63453,43,0.28267,0.924554,538.859,153.899,131.621,37.5147,0.875072,75.2991,68.7673,19.2859,31.764,4.74754,35,0.304937,1.05274,616.098,124.879,125.809,55.7262,1.88474,81.9403,63.8893,22.0824,32.4802,4.50656,38,0.338942,1.13384,712.068,212.007,168.415,44.7032,2.60599,93.448,88.8291,23.0337,37.0654,6.20127,42,0.25158,0.968405,455.013,115.704,149.532,82.925,2.93522,70.3137,58.7433,21.6919,30.2881,6.27451,47,0.313304,1.11613,458.946,86.9015,99.783,27.8042,1.66858,62.6171,53.2493,16.5779,24.3143,5.36949,38,0.365774,1.08577,634.379,125.967,108.442,26.5308,1.21962,80.8636,66.3636,20.0311,19.9539,3.90658,43,0.275689,0.931014,454.184,103.453,140.046,121.775,4.6206,70.3796,56.0334,19.8215,31.4854,7.67148,48,0.33403,0.988543,428.968,109.328,137.982,159.995,6.2091,64.7332,64.7827,19.8703,30.3214,8.61413,53,0.244471,0.794925
decoupled_wbc_h066_p012,2757,fell,80.66,17,18.0593,13.8392,0.836873,3.3717,432.641,89.7063,77.9171,23.4669,1.89234,70.0659,62.488,17.634,27.2064,3.7206,53,0.265522,0.830142,332.567,79.2316,78.4056,31.6118,2.19522,57.289,51.8508,15.0348,23.2405,3.672,43,0.311681,0.962895,452.144,121.45,118.749,36.9181,1.66642,77.902,65.8748,19.6016,24.5638,5.03487,45,0.316401,0.929146,462.983,115.809,97.1778,52.3242,2.34046,71.2907,63.6911,17.8893,23.1266,5.27001,45,0.382837,0.974806,574.621,116.164,171.159,149.246,6.72437,76.4444,56.4169,23.4486,34.4079,8.13643,43,0.325123,1.09155,406.511,74.846,86.0195,27.372,1.85744,60.3012,51.0888,15.865,19.7681,3.94482,37,0.326308,1.05303,428.826,100.987,93.5518,27.6924,1.07081,71.0233,61.8956,17.3964,23.487,3.34458,41,0.252987,0.878957,505.975,150.31,120.944,48.2784,2.33635,73.9407,66.7613,19.9148,28.4828,4.0015,46,0.36142,1.02144,351.449,106.699,106.698,32.4825,3.32697,62.6898,56.2079,17.2926,23.1688,3.94045,45,0.239675,0.89183,723.557,139.342,114.401,41.4375,1.95929,85.8367,74.7482,22.381,23.6378,5.34977,43,0.370314,1.08728,561.987,130.035,148.559,93.458,5.35262,80.0646,68.8005,23.7293,37.5585,10.9959,48,0.252873,1.09,544.272,88.2858,91.5829,35.8283,2.605,71.8339,56.6799,18.212,23.597,6.36695,33,0.363396,1.28396,628.914,220.561,149.977,46.0793,2.14368,86.2014,74.1248,23.7277,32.6576,7.12477,39,0.343206,1.08876,531.14,91.2256,128.851,104.816,4.15823,73.8603,56.7504,21.3982,33.412,6.74259,41,0.33669,1.1159,476.174,99.7899,80.7992,33.1176,1.83524,63.1519,58.9905,14.6167,20.7846,4.05657,44,0.320668,1.00711,1907.58,277.877,317.012,74.0441,2.24704,141.571,87.9182,40.9269,46.9591,6.48151,38,0.385577,1.17886,435.393,62.9199,136.458,203.027,14.3397,34.269,19.8451,15.8328,42.4812,14.6115,2,0.409264,2.00782,,,,,,,,,,,,,
decoupled_wbc_h066_p012,2758,complete,90,18,15.6722,3.50353,0.0889849,0.108546,396.043,87.2359,126.691,34.8484,1.86831,64.7872,52.0568,18.5842,31.6501,4.92562,39,0.351612,1.07674,433.069,100.731,101.101,21.8339,2.73666,71.6901,60.1984,20.3524,34.669,4.32978,50,0.303417,0.887411,462.606,112.931,92.4675,97.107,1.93082,65.6866,62.4754,16.341,34.1089,4.3559,39,0.373179,1.17076,368.051,115.781,104.206,39.4762,2.87854,60.1214,59.0851,17.4601,35.07,5.232,45,0.235399,0.828541,418.015,81.5129,129.619,80.2244,3.70374,61.3437,49.7161,17.2866,35.6689,6.77553,45,0.27708,0.95008,457.928,120.179,105.529,34.8211,2.77093,74.8925,60.614,17.5749,33.8488,5.91477,38,0.313756,0.924299,370.54,132.053,129.806,103.027,4.29,67.213,65.7691,19.1719,34.7464,8.77991,38,0.245355,0.879486,669.556,206.371,290.092,203.447,5.8342,98.3388,78.0628,30.4101,61.0536,11.8079,28,0.345992,1.33024,477.303,120.938,103.12,34.4841,2.3587,74.2572,66.1945,19.4954,29.3761,3.8264,43,0.312477,0.962937,574.496,108.811,103.008,86.7193,2.32297,74.6211,65.3224,19.0196,32.0784,4.37936,37,0.378332,1.05552,773.241,152.779,113.235,54.7208,1.38699,76.4543,68.9919,20.4015,37.037,3.01917,46,0.233607,0.922825,511.646,110.153,114.667,43.2608,2.7081,67.9967,56.2541,18.5206,30.6793,3.58043,35,0.293027,1.01998,398.421,103.512,109.773,38.1072,1.11151,61.3423,54.7893,16.406,28.8478,3.28441,43,0.222484,0.868613,620.414,134.487,206.891,246.524,28.7792,79.394,63.6009,26.1295,62.5299,19.0988,31,0.378323,1.24007,473.838,116.196,140.261,60.3485,1.75011,71.5004,65.5494,19.6649,37.0322,4.08917,35,0.254073,0.983098,368.098,90.4324,73.0645,29.0212,1.25641,55.2044,55.2553,13.857,27.8304,2.85633,42,0.280815,0.978509,519.189,111.688,129.8,38.0653,1.99085,74.1161,57.7417,19.2246,33.7418,3.83995,39,0.328554,1.12292,412.229,90.7957,92.0398,41.4797,2.3718,62.3957,48.4181,16.4041,33.0613,3.96063,37,0.312981,1.00212
decoupled_wbc_h066_p012,2759,complete,90,18,46.2682,3.23163,0.136018,0.153862,422.342,85.576,110.285,24.6491,2.94466,67.3616,54.3871,19.4066,32.0571,4.66012,54,0.292612,0.924847,378.5,97.8621,106.32,29.0948,1.83199,60.4833,57.8093,17.4031,25.6948,4.68983,40,0.305818,0.917664,482.038,112.113,117.89,31.2194,2.85837,73.9059,60.9832,20.5718,28.3328,5.54634,46,0.266563,0.920436,375.175,83.3591,108.045,58.494,2.6034,56.2026,50.7162,16.1959,27.2901,6.16764,41,0.217668,0.850494,371.141,113.308,128.976,54.618,3.01552,57.9416,55.357,17.2126,28.2138,5.85467,35,0.236098,0.881356,459.461,116.839,136.533,38.1364,1.54011,70.7816,60.6726,21.015,27.025,3.93486,46,0.308209,0.996905,389.694,81.9051,99.4208,45.9495,2.26629,59.1391,50.2456,17.0147,23.8756,4.16023,43,0.304448,0.897662,403.904,119.582,113.882,34.7677,1.4887,63.2167,60.4478,18.0086,25.25,4.63439,39,0.216408,0.90084,470.887,122.024,132.29,142.967,7.38249,75.5393,61.9822,20.937,31.9415,7.62791,49,0.241181,0.981026,363.064,92.3766,89.8319,29.3778,1.66656,59.2497,45.4718,16.9926,25.9248,3.02736,43,0.306749,0.972868,533.994,111.52,122.477,112.071,3.17859,73.981,63.6404,18.2352,38.8078,5.54032,31,0.395109,1.27725,2109.42,731.235,492.868,88.4105,1.50079,189.871,158.091,65.5408,97.7366,9.37266,19,0.570882,1.63827,729.387,96.6926,80.36,24.3973,1.64866,90.4759,61.5742,22.8017,27.0579,4.14411,38,0.398177,1.17271,609.646,102.931,107.605,161.912,16.2591,81.4999,65.8767,20.9746,38.9238,13.8218,41,0.367768,1.12276,366.962,85.1978,64.0457,24.6237,3.20964,53.5667,55.0707,13.6147,21.1924,3.63296,37,0.341674,0.976916,483.812,109.666,110.089,39.3282,2.03231,64.0351,58.193,19.5917,29.9134,4.46252,48,0.296688,1.01948,511.146,139.824,118.257,31.4062,1.47891,76.2302,71.7933,22.2807,35.8876,5.20155,48,0.205068,0.859583,503.858,115.568,97.8613,33.6479,2.09827,78.6848,62.0933,21.5997,34.2957,6.06002,43,0.378288,1.04935
decoupled_wbc_h066_p012,2760,fell,55.82,12,17.5536,15.5174,1.51497,2.58089,430.598,118.467,129.874,21.5613,2.17407,73.0411,62.5522,20.6098,32.2322,4.76388,46,0.325906,1.04633,349.061,91.7263,88.8823,22.1432,2.28276,60.5858,57.3526,17.6465,27.5058,6.21388,46,0.301371,1.0097,376.435,87.458,104.082,23.7723,2.27897,60.8406,54.8819,17.8407,26.8933,5.7824,41,0.280778,0.846068,420.624,99.4806,88.1915,22.3069,2.28019,63.8421,61.2311,17.4698,27.2919,4.82897,44,0.337945,0.913335,409.811,102.271,99.5393,24.4312,1.38337,63.7485,54.0071,17.6714,27.6727,5.24973,35,0.328523,1.00367,594.624,134.918,111.934,25.7474,1.1139,87.8274,74.3523,21.1452,31.1743,5.44457,49,0.304447,0.92694,653.815,143.337,142.618,30.6826,1.71964,93.0363,73.149,23.8004,32.1372,7.40974,36,0.333375,1.13838,512.909,123.975,133.213,32.9147,2.35042,73.847,64.706,22.9375,29.1295,6.59549,41,0.35651,1.16487,675.481,119.291,141.829,135.928,3.60116,73.7461,62.9827,21.7691,29.9703,6.50046,30,0.35714,1.28419,414.345,93.0388,137.603,90.6244,3.68121,67.9954,58.299,20.2257,26.3212,6.1561,42,0.276156,1.12697,665.142,129.575,125.155,28.3091,2.51263,90.6518,69.2212,23.9192,27.0659,5.64557,42,0.370449,1.2789,2584.43,266.152,514.31,132.362,11.1524,114.321,40.2671,38.5276,40.8595,12.6868,2,0.212936,0.870182,,,,,,,,,,,,,,,,,,,,,,,,,,,,,,,,,,,,,,,,,,,,,,,,,,,,,,,,,,,,,,,,,,,,,,,,,,,,,,
decoupled_wbc_h066_p012,2761,fell,65.52,14,21.0851,4.08358,1.76619,2.14027,360.231,68.7847,88.4767,21.3346,1.91417,61.1377,46.0781,17.0435,27.7629,3.95165,42,0.26572,1.03807,299.242,77.1146,68.7083,29.2565,1.84229,51.6928,44.5635,14.4773,22.1126,2.60389,42,0.229953,0.8985,416.513,121.005,105.735,41.203,1.31393,61.1992,66.8795,16.6674,25.9128,2.67918,43,0.260854,0.845364,294.725,99.7871,78.6392,37.2401,1.22318,49.229,46.0018,14.7866,20.631,2.17619,43,0.23959,0.855883,340.536,93.232,110.637,44.2478,1.55249,55.6794,55.521,16.3621,27.1072,3.78686,39,0.218182,0.875109,438.88,74.4967,93.4608,25.2093,3.1254,62.3813,50.8748,15.2705,20.7309,3.16985,36,0.349313,1.13347,405.376,101.283,124.594,75.9576,3.00826,64.143,62.5852,19.3083,28.1304,5.19399,46,0.285947,0.906128,464.218,117.446,139.541,22.5927,1.78192,73.3125,65.6977,20.1523,29.0394,3.85114,43,0.292871,0.968662,379.948,80.7913,87.0687,23.7398,2.32365,61.3267,52.9619,16.1076,24.7137,3.58922,47,0.29163,0.860814,520.82,129.609,128.096,32.246,1.884,76.8109,64.89,22.083,32.3193,4.84723,58,0.265272,0.888516,518.138,98.2062,138.777,84.6761,2.74334,74.6423,57.0068,21.2295,32.0915,4.57232,43,0.308316,1.02284,631.705,118.062,114.2,29.7545,2.10226,79.2329,67.297,21.6616,28.6664,4.43851,41,0.390046,1.18338,570.942,94.062,118.091,74.7247,2.52541,68.1832,55.8182,19.7753,30.3227,5.5066,30,0.369311,1.28564,1445.18,145.381,291.433,49.2738,1.11259,74.8859,28.3522,17.4827,18.4318,3.18352,0,,,,,,,,,,,,,,,,,,,,,,,,,,,,,,,,,,,,,,,,,,,,,,,,,,,,,,
decoupled_wbc_h066_p012,2762,fell,60.54,13,22.0353,14.082,0.845452,0.853876,409.112,74.0981,93.1136,29.2125,1.66375,65.9749,49.4628,18.4541,29.8654,4.09379,38,0.406736,1.13759,506.763,104.867,139.83,37.9367,2.34027,72.8335,61.4042,20.028,37.6179,5.30634,47,0.341994,0.975521,390.932,83.257,72.9286,33.3823,0.876596,53.5661,49.5951,12.0945,24.7956,2.55555,36,0.280528,0.928734,324.375,73.7629,82.6315,32.8214,1.27523,49.8662,45.7647,14.2226,23.6526,2.60302,48,0.242073,0.935899,296.439,71.3611,59.9316,27.2693,1.88009,50.2593,45.6452,13.2112,21.7122,3.03992,37,0.325439,0.965073,436.745,106.02,112.954,37.1258,1.38066,65.3663,58.2753,17.8528,29.7807,3.98891,43,0.262134,1.01334,553.281,116.732,111.445,149.221,6.01138,76.4648,62.844,20.2972,40.7614,7.58416,44,0.288884,1.00682,322.974,76.1959,60.5348,24.4235,1.73366,54.0039,47.5427,14.1736,23.3549,4.61725,45,0.260611,0.969945,392.452,121.089,115.689,31.144,2.25283,59.9888,63.7239,18.004,33.9137,5.88881,42,0.256822,0.895645,506.478,109.701,143.363,212.108,6.40917,76.9844,61.9539,24.1728,66.4492,10.5276,43,0.336437,1.04122,377.554,90.7248,98.5772,24.7582,1.95653,61.7656,52.3823,17.5538,30.3179,4.13249,42,0.312684,1.03027,444.721,102.085,124.729,26.5191,1.17622,74.4065,62.7953,21.8226,35.9132,4.672,45,0.331041,0.964541,1423.96,182.479,149.75,59.8959,3.08238,57.6996,31.5972,13.7875,22.0798,3.19541,1,0.341614,1.21906,,,,,,,,,,,,,,,,,,,,,,,,,,,,,,,,,,,,,,,,,,,,,,,,,,,,,,,,,,,,,,,,,
decoupled_wbc_h066_p012,2763,complete,90,18,26.2594,3.08396,0.654981,0.660906,423.093,85.3885,87.9476,22.8697,1.37702,63.5736,56.2383,15.8781,27.9497,3.54333,40,0.334061,0.943239,269.17,77.259,104.34,38.919,1.62165,49.228,45.9224,15.8024,29.4802,4.03165,43,0.20915,0.815759,474.266,110.423,128.801,42.2632,2.24125,70.6687,61.3787,18.3652,37.1332,4.83893,39,0.367958,1.19512,418.461,81.4232,67.3438,41.0909,1.68428,57.1891,52.5632,13.2837,31.4333,4.31386,42,0.348293,0.909313,516.604,105.056,112.652,41.0381,1.77252,71.2596,56.0639,19.9216,40.2126,5.66629,38,0.341223,1.11469,376.315,76.8997,79.2128,37.1951,2.09215,62.4222,51.3883,16.1444,29.6667,4.18907,47,0.275695,1.01863,340.069,82.9416,84.5587,92.6848,1.99994,49.5333,48.3763,12.5335,28.026,4.46996,42,0.225477,0.886545,601.617,136.772,117.999,123.319,2.81128,80.7894,64.2061,19.8613,44.6537,6.09999,38,0.413785,1.64621,513.458,115.253,104.739,88.688,2.11075,72.2782,63.8348,17.8873,39.7198,4.03398,43,0.304677,1.04402,401.091,94.6188,99.6712,45.85,1.82189,61.7325,50.5434,16.077,29.4393,3.65221,43,0.276676,0.995406,372.758,105.253,96.794,23.6995,1.70737,61.245,54.7249,15.9681,21.8645,2.35841,44,0.243677,0.847783,331.737,84.5481,79.5314,27.3824,1.29861,49.6921,49.2647,13.4389,19.4269,2.30046,46,0.220169,0.780642,372.043,121.647,98.4598,37.1446,1.60916,59.616,59.9206,16.7225,34.1554,4.31827,44,0.184418,0.827099,380.16,102.545,98.2891,91.9411,6.71758,61.8492,57.3032,16.9587,39.4825,9.32713,45,0.266789,0.852839,510.472,131.446,116.825,155.308,9.17394,73.5427,65.0806,17.9484,49.3145,9.03546,44,0.313175,1.03106,378.839,86.3154,91.7739,97.2059,5.13352,54.761,52.4799,15.3549,40.9709,7.2574,36,0.284345,1.11372,644.917,209.865,151.035,93.913,2.81218,73.3424,57.7454,19.5624,42.0849,4.55686,35,0.308384,1.05231,2015.97,340.332,248.822,145.778,7.12025,160.861,123.476,44.8337,76.0197,11.34,32,0.295819,1.89738
decoupled_wbc_h066_p012,2764,fell,80.72,17,19.5791,12.303,2.44142,2.34894,339.981,68.7904,87.4105,16.4834,2.0482,58.4931,47.0062,17.0095,25.2817,3.41126,42,0.281702,1.09412,370.21,99.5886,111.856,31.0227,1.75876,58.4791,55.8479,17.1388,30.5402,3.58903,46,0.237402,0.852929,372.846,92.3458,115.036,31.5532,1.53973,64.6446,58.4166,18.5913,32.6734,4.17766,48,0.282521,0.928144,516.664,85.4936,76.3404,36.1694,1.82054,71.1097,55.8999,16.2653,28.8634,4.52889,44,0.305313,0.854145,356.556,100.8,106.793,25.4727,1.51277,61.358,56.9002,16.4443,25.749,4.72713,46,0.270036,0.856273,426.132,118.008,100.371,32.6707,1.77252,61.9367,61.5647,17.3257,26.473,4.91844,43,0.267103,0.907761,316.104,114.315,111.322,42.9397,1.18783,57.2767,56.2548,16.587,24.2417,4.49648,49,0.223915,0.770471,376.199,85.1393,80.8362,28.2725,2.04816,54.2186,53.8998,14.2165,16.3232,4.09479,43,0.26699,0.924394,508.948,100.553,106.819,31.9608,1.51193,70.4622,58.864,19.1054,23.6589,4.79743,38,0.325568,1.30196,316.271,77.3085,91.4296,30.1384,1.35361,55.1176,48.6415,15.9777,22.0595,3.18427,44,0.200897,0.764468,765.081,221.68,173.339,173.236,12.7012,93.9481,78.2348,27.343,49.0978,14.0206,33,0.314247,1.07312,602.752,141.032,131.038,26.4764,2.15703,89.7804,68.6359,24.4892,28.0183,6.37172,51,0.371357,1.15002,621.426,137.424,135.945,32.6685,1.30985,82.842,67.9878,22.0694,25.3154,5.30657,48,0.303817,1.08368,469.984,114.416,121.767,39.6945,3.16744,70.0812,57.893,19.5095,27.4722,4.16808,41,0.256207,1.05911,361.51,93.6285,97.6935,25.2175,1.14615,57.7089,55.6816,16.5982,21.4821,3.54991,42,0.257834,0.886142,505.887,136.294,151.593,111.573,2.85298,73.5635,67.4258,21.6121,35.6616,6.74623,41,0.27827,0.982082,1797.15,158.56,373.227,261.974,23.9119,91.745,35.6938,27.7834,64.9405,23.798,1,0,0.822552,,,,,,,,,,,,,
decoupled_wbc_h066_p012,2765,complete,90,18,27.731,2.39234,0.120186,0.137401,391.236,100.759,105.554,37.8504,2.05065,60.7879,56.5234,17.2524,32.8777,5.72013,40,0.29299,1.01211,349.358,114.161,119.466,51.5686,4.92162,59.9651,56.9045,17.2216,35.1612,7.11422,48,0.241738,0.900339,446.783,99.0146,86.8392,26.7327,2.02901,68.0556,56.7471,16.3272,26.2545,4.38698,35,0.402727,1.3174,484.846,105.127,87.0855,25.3582,2.33477,74.0069,57.9533,18.1719,27.561,4.26623,50,0.38591,0.952952,538.789,150.564,142.559,93.024,2.62609,78.2046,78.4514,21.0487,40.1563,7.49262,46,0.344532,1.02921,404.941,93.626,99.6125,33.2048,1.39032,62.9492,54.1963,17.147,36.1515,4.65552,43,0.304483,1.0894,408.406,81.6478,106.021,32.285,1.98551,64.61,49.2654,17.2567,33.2051,4.15611,35,0.333532,1.12059,455.849,97.4565,75.8332,32.5684,1.76368,64.2841,56.7001,15.4096,28.2022,3.96427,41,0.308821,0.967526,414.332,97.87,93.7694,39.8141,1.28427,65.9329,56.2145,16.9646,33.2363,5.48696,38,0.307382,1.04662,469.137,145.49,132.05,179.645,18.7583,70.425,54.4697,19.8784,43.9303,13.9689,44,0.33231,1.02019,1098.23,187.377,174.576,49.6538,2.40307,107.786,84.0298,30.0293,43.0535,7.40279,29,0.283157,1.58232,606.476,102.771,114.171,32.5377,1.68748,83.6184,68.0268,21.0365,31.206,4.0648,41,0.466676,1.10146,1339.9,181.091,155.702,38.9762,1.57174,108.889,69.5847,26.1452,41.5353,4.37795,39,0.294835,1.1755,303.24,93.0583,91.8279,39.5232,1.61224,51.8584,53.3681,15.5768,30.2427,3.79056,42,0.189406,0.753908,636.786,209.489,150.886,91.6392,2.19352,79.723,80.7934,22.6055,45.1092,4.7966,37,0.359702,1.20107,449.261,95.5989,115.24,36.5109,1.81882,65.1434,53.7582,18.8665,33.1997,3.50682,44,0.340697,1.00485,580.97,120.687,117.118,32.7056,1.83083,78.7535,64.9412,21.0696,36.5162,3.68999,31,0.36055,1.41591,474.237,127.85,112.238,151.581,3.67898,71.9489,61.8659,18.3068,45.1179,7.0823,46,0.310183,1.07114
decoupled_wbc_h066_p012,2766,complete,90,18,19.8637,3.49235,0.251609,0.182148,401.76,90.2859,90.7328,26.6135,1.53913,62.2362,58.0566,16.5579,28.975,4.14152,45,0.259609,0.956984,449.462,86.759,88.9293,27.4395,2.72425,65.8389,57.7277,17.6651,27.9571,4.21168,40,0.333985,1.03543,429.802,82.1839,89.748,26.9038,2.31631,70.6189,57.8473,18.6977,22.9692,5.57678,44,0.329039,1.06172,418.583,118.686,112.554,49.9645,2.14632,68.3168,66.9058,19.0889,26.4565,6.73525,49,0.265477,0.836642,475.244,93.2326,173.217,143.111,9.5007,72.5374,57.6126,23.4562,34.6919,11.2686,42,0.282025,1.20049,550.38,99.6172,108.202,28.8063,2.41494,84.3148,61.0298,21.7817,26.6308,5.93255,51,0.361842,0.980436,599.164,162.264,144.016,34.2732,2.08096,87.669,75.3853,25.4521,29.677,5.27624,47,0.332745,1.06967,477.745,112.523,139.192,99.5334,5.12878,72.6498,63.709,21.0963,36.47,7.74191,30,0.40307,1.19871,557.509,128.5,126.603,65.6205,2.30229,78.087,59.0177,24.1715,35.8204,6.36494,40,0.261721,1.03475,451.199,99.6764,110.47,43.0707,2.64286,65.5496,55.5691,18.8406,27.8713,5.05222,39,0.333381,1.04819,822.849,156.452,194.205,212.931,12.8251,97.4067,72.6031,30.0779,49.3314,12.6696,46,0.282577,1.15215,510.84,111.113,156.034,29.2836,1.62392,73.4346,60.2032,23.1729,30.3429,7.07493,41,0.346844,1.06713,448.137,87.0891,122.117,28.3307,1.9572,69.6679,55.9957,19.9711,27.7105,5.79689,38,0.312192,1.07252,380.88,107.461,119.904,30.4774,1.87166,62.1737,60.8468,18.1783,24.3843,4.73383,44,0.26074,0.864243,967.073,219.627,273.113,54.4769,2.81775,102.711,77.3155,32.2255,38.6612,9.57617,38,0.287003,1.10083,727.463,211.46,197.648,29.1876,2.59853,93.9663,81.1391,26.7699,31.8272,8.30824,30,0.41718,1.40631,631.753,112.849,159.312,97.3923,8.49997,87.9039,60.8257,24.0641,45.8479,12.2257,39,0.45318,1.32093,354.353,111.294,101.797,29.7589,2.11027,58.2159,55.6288,18.3549,28.3902,5.17023,42,0.260205,0.940942
decoupled_wbc_h066_p012,2767,complete,90,18,15.2328,3.96307,0.286388,0.163738,475.461,95.9718,112.485,28.9803,2.03933,69.7391,55.9546,19.3595,30.1403,4.113,46,0.318352,0.956588,442.238,92.419,101.839,33.9632,1.38709,63.6721,58.4871,16.6225,29.2935,3.38628,43,0.308344,0.974915,334.238,76.1401,76.0532,38.8439,1.3967,50.9727,46.8116,14.0098,25.8896,2.59677,34,0.258567,1.03706,477.136,93.7242,107.388,43.2163,1.14191,75.9784,57.5935,19.3968,34.9768,2.97194,50,0.357608,0.902385,505.084,107.47,126.214,104.514,1.98031,73.9852,61.5194,20.4433,39.1141,5.22952,44,0.269741,1.02951,456.993,106.055,76.418,39.5089,1.74624,72.5066,59.6948,16.7016,30.2898,4.0176,50,0.290121,0.849244,375.866,115.174,106.39,36.6868,2.27014,63.8165,63.7133,17.2718,31.0172,4.5001,39,0.230663,0.973141,418.819,100.947,118.825,30.0457,1.96691,62.3822,53.1576,18.4457,26.5122,5.14795,34,0.33833,1.05846,569.011,190.603,126.111,51.7639,1.57083,81.9938,81.2558,19.2828,31.1406,5.67178,43,0.367745,0.970489,447.584,123.622,99.2228,45.9736,1.62646,64.8911,64.4733,18.1343,28.1463,4.43952,48,0.1918,0.955277,472.265,130.395,101.747,31.2801,1.62201,68.4829,71.1663,17.2602,24.0576,3.57829,42,0.300856,1.06541,436.44,101.091,112.101,28.5543,2.55701,62.6121,52.2011,18.6474,24.7392,4.04152,40,0.258895,1.03942,381.051,99.1117,108.406,34.3892,2.82422,64.8723,53.9366,18.2851,28.3864,4.88944,41,0.26636,0.968822,546.844,141.195,113.754,31.2847,2.28928,78.7834,68.169,20.6836,30.1127,6.21988,41,0.329074,0.957964,550.461,121.285,118.591,62.0161,3.71575,76.7969,63.532,19.7777,32.1567,7.568,37,0.229026,1.06075,473.042,170.167,97.6952,23.4637,1.86094,76.6966,68.0279,19.8573,23.4426,4.77969,44,0.355231,0.998963,398.119,81.4417,89.5692,23.9219,1.64585,63.4569,55.6474,16.472,27.4545,4.0703,51,0.295135,0.987445,382.184,100.993,129.493,76.4783,1.88503,67.4134,56.0151,18.5101,32.6345,5.53822,45,0.273248,1.02631
decoupled_wbc_h066_p012,2768,complete,90,18,18.0041,3.33349,0.330693,0.0252933,370.039,80.1723,108.902,19.1839,2.37467,66.6083,50.0461,19.724,28.6732,4.85128,48,0.244077,1.02368,395.656,68.2334,84.6974,29.2928,1.89124,59.1114,45.1508,15.9082,21.345,3.68587,32,0.357337,1.05821,466.996,118.085,123.989,30.4591,0.937954,75.6546,66.583,21.3764,29.4477,4.66846,47,0.305078,1.00937,405.262,133.741,124.016,33.7844,1.63734,64.4027,66.8014,19.1156,28.2435,5.3773,33,0.246785,0.907042,479.026,99.997,106.689,25.1117,1.6926,75.1659,55.912,22.0224,31.4829,5.34113,44,0.373852,1.13398,474.249,114.143,116.564,28.9383,1.56485,69.693,68.718,19.3064,35.6215,4.41041,49,0.322343,0.851284,492.091,110.625,89.5241,26.5733,2.09923,80.4624,63.9481,20.3541,36.0553,3.87942,57,0.309227,0.930812,426.139,110.374,81.3484,30.4728,2.37445,61.4009,63.3984,14.6332,27.439,3.8078,46,0.321524,0.844035,354.093,108.652,119.563,34.8273,1.38137,61.1086,62.5484,18.2628,26.3166,3.68949,41,0.197071,0.806821,460.933,106.537,121.939,110.798,2.36656,65.1746,53.0132,18.794,28.841,5.30124,48,0.204104,0.927288,548.473,138.583,154.794,35.9801,2.30522,74.2541,65.3017,22.408,26.2099,4.98275,43,0.174768,0.889845,369.632,73.4393,72.9993,22.3275,1.39437,62.9078,52.2897,16.8009,17.9162,3.81525,55,0.285944,0.730583,358.764,84.7064,94.5311,24.1656,2.03659,57.6044,51.2452,17.8143,23.0242,5.19711,48,0.254213,0.918399,654.045,147.777,242.196,161.724,27.0079,94.9252,74.0096,34.8826,55.1351,21.5792,47,0.313917,0.986048,540.148,108.297,125.603,30.791,2.50665,74.1378,62.7792,21.7297,27.0484,6.94568,41,0.330736,1.133,1181.05,321.534,181.287,39.8603,2.62226,110.243,96.2974,27.2542,34.7697,7.84891,30,0.374301,1.07487,1484.18,178.982,219.206,48.9382,1.55021,109.137,76.6024,28.5785,31.7471,6.46455,36,0.307693,1.22514,396.639,121.702,111.474,42.04,1.67093,59.6112,64.4805,17.4728,27.2458,4.21141,52,0.205365,0.804358
decoupled_wbc_h066_p012,2769,complete,90,18,16.2361,4.11002,0.140413,0.208154,440.288,97.0233,89.6044,17.9493,1.74832,66.043,55.416,17.6486,25.9234,4.08455,45,0.311539,1.00443,456.376,112.134,140.697,24.5661,1.61272,76.0047,64.3308,23.6618,33.0256,5.79834,51,0.29893,1.02255,418.23,95.5238,76.5622,22.3313,2.86309,60.3794,55.9469,15.9894,19.8825,4.1765,46,0.33484,0.982516,431.074,100.074,106.685,26.1016,2.20827,71.367,57.0937,20.6734,25.8346,4.40689,47,0.316794,1.06102,448.586,117.285,119.277,66.693,1.79099,66.3235,59.305,20.3617,29.6254,4.89577,39,0.310497,1.00257,356.654,97.5611,139.227,40.8009,1.80461,61.3469,54.3038,20.2384,31.7515,4.50721,48,0.290936,0.901291,420.242,85.9776,117.507,33.349,1.83426,65.6021,50.6656,18.7842,26.1112,3.81479,39,0.348773,0.982238,403.441,120.715,121.53,68.9292,1.95941,68.2465,62.0708,19.9387,33.7566,5.15467,45,0.235649,0.790263,451.543,122.71,115.354,34.0922,1.4493,70.5416,67.6043,19.5374,30.1517,3.81635,41,0.229435,1.05085,364.196,106.475,93.8835,40.9518,2.20598,57.3525,60.819,16.3933,30.5552,3.95775,57,0.20144,0.714873,499.889,129.913,116.39,35.5013,2.29373,71.1368,68.7121,20.7679,33.8467,4.4966,41,0.359057,1.05896,526.389,98.6652,91.228,51.2159,3.89997,73.4559,61.672,19.145,33.6301,8.84741,35,0.444191,1.19559,1113.49,245.187,198.311,44.0312,2.55843,121.505,90.4334,35.6319,44.7664,6.24335,39,0.333657,1.41923,687.967,132.101,130.36,35.4175,1.6735,88.6695,61.4713,24.9308,36.5896,5.00571,40,0.34038,1.24496,388.128,79.1382,103.23,32.84,1.40881,65.5315,53.3654,20.196,32.8274,4.67626,47,0.282811,1.00962,344.008,67.5892,105.37,32.2247,2.24739,55.5359,44.9141,17.4414,28.3005,4.36692,50,0.251495,0.914914,406.843,104.165,127.697,31.1689,1.5224,66.104,60.5111,20.8603,30.0392,4.85521,50,0.255764,0.931132,500.553,143.987,139.719,81.948,1.45158,76.9549,70.0491,22.3083,35.6164,6.20727,43,0.28304,0.995649
decoupled_wbc_h066_p012,2770,fell,70.88,15,28.9305,5.39638,1.62299,2.26483,415.011,82.549,105.683,20.701,2.00325,63.1818,53.2606,17.683,29.4215,4.32755,36,0.286836,0.987527,388.746,83.4408,86.9334,27.9825,1.22301,63.2708,53.9213,16.5093,29.1294,3.56488,45,0.282778,0.960202,486.894,111.095,106.675,33.8406,2.55388,73.9576,60.6491,19.0909,34.2322,4.77324,54,0.31844,0.864833,525.188,137.685,142.039,29.2789,1.85303,72.6702,67.5789,19.8785,33.6694,5.71778,51,0.304816,0.957657,340.877,70.9885,95.6233,24.6866,2.58723,53.8488,48.1993,16.3099,26.8363,5.2514,38,0.306422,1.01263,487.806,115.069,111.299,29.9678,1.72494,74.9086,67.1548,19.4588,27.4865,4.84963,50,0.299648,0.843202,359.014,91.5291,114.3,33.3782,2.4814,58.8684,52.1645,17.9226,23.4868,4.24409,40,0.263126,1.16344,417.891,84.2913,92.0193,34.8394,1.46025,62.396,50.8623,16.731,24.7797,4.0562,37,0.324248,1.12432,729.075,145.115,151.878,47.8388,2.29575,86.8713,73.5736,27.203,41.0409,7.39564,40,0.343024,1.19413,453.9,81.8609,67.8292,26.8595,1.78757,59.8044,55.7366,13.8809,19.7439,3.50311,36,0.394356,1.13105,452.864,99.3565,113.165,34.4641,1.58154,66.8648,55.2823,18.5611,22.9573,3.75438,38,0.388685,1.02665,736.591,141.653,136.471,40.4925,2.38643,95.1283,71.5189,24.9307,26.4366,3.77698,36,0.425148,1.36696,300.921,102.297,97.6267,29.3002,2.24554,51.6404,51.1819,16.4857,20.9037,3.25375,45,0.218595,0.799634,518.008,128.454,149.572,153.762,12.3389,80.3816,69.098,22.5978,38.8818,10.1715,42,0.328686,0.818688,1734.63,254.311,363.678,95.1588,7.534,76.8966,44.1834,25.2469,31.1447,11.545,1,0.582916,0.736455,,,,,,,,,,,,,,,,,,,,,,,,,,,,,,,,,,,,,,,
decoupled_wbc_h066_p012,2771,complete,90,18,16.2664,3.30584,0.127035,0.344222,417.884,84.2436,79.2373,19.7492,1.1476,69.6298,54.3252,17.2161,26.077,3.61555,44,0.340474,0.913854,389.052,96.5198,118.606,56.3904,1.5729,61.9624,53.1482,17.7229,22.65,3.95582,44,0.277237,0.97797,408.598,93.2988,111.995,32.5209,1.19569,65.7728,56.4753,19.8023,24.5132,3.55117,41,0.339954,0.971853,317.675,94.5083,97.4955,28.0605,1.80454,58.9395,53.3415,17.5884,24.498,4.2185,46,0.251935,0.892939,407.589,85.3804,94.867,25.3914,1.67638,66.5712,52.6429,20.2876,26.4547,4.9968,43,0.313269,1.21183,399.263,90.8955,109.584,22.3408,2.09399,62.1851,52.9494,18.4933,26.3157,4.43212,41,0.315259,0.993914,378.067,90.2628,103.502,29.779,1.46611,66.0815,58.4683,18.7175,25.1591,4.98364,54,0.307982,0.869288,406.994,105.186,112.465,26.9654,1.99389,69.1391,61.0478,19.4291,25.9744,4.36416,50,0.233494,0.925989,641.156,128.18,129.678,244.686,14.1299,85.8347,65.2986,23.525,54.3922,11.3842,32,0.333465,1.21572,372.581,93.9855,140.775,109.315,25.9793,63.584,59.9573,22.1252,39.8793,19.8754,42,0.290435,0.943975,394.104,86.575,102.069,34.1667,1.89439,57.8221,47.4832,17.2252,23.1975,5.08375,43,0.314055,0.932766,500.493,115.718,112.99,32.0758,1.42249,68.8328,65.051,19.2052,24.8159,4.32152,45,0.29785,0.929325,537.61,110.176,130.623,149.184,3.31945,75.6284,60.2344,24.6201,39.4537,6.64635,47,0.284442,1.16357,467.925,93.8348,106.575,32.7683,2.32585,67.6801,57.8386,18.7519,21.858,4.72403,49,0.273176,0.951215,732.442,268.034,189.831,23.7077,1.779,84.2906,77.8123,28.3621,29.5608,7.37713,43,0.312175,1.05991,491.307,114.842,111.7,21.7197,1.92414,72.7457,66.6885,18.0831,23.4434,4.65388,50,0.284822,0.823486,375.133,139.138,107.167,38.1607,1.65382,60.8053,55.5131,17.998,24.7891,4.12305,39,0.251188,0.815838,481.885,108.588,104.68,32.326,2.19465,69.5968,59.4461,18.2532,29.1192,3.93057,44,0.274384,0.895098
decoupled_wbc_h066_p012,2772,fell,55.66,12,19.3418,11.3616,1.68357,1.19668,417.29,86.4333,107.861,21.9526,1.94914,63.9078,54.133,18.2736,28.8382,4.85388,53,0.276191,0.969009,460.84,129.527,100.15,32.5033,2.3012,63.6501,65.8092,17.7018,30.0376,5.9052,46,0.261789,0.909279,493.823,128.97,144.545,36.6787,1.60223,72.7202,64.1315,19.8912,34.2941,7.42494,43,0.30625,0.988216,476.471,130.962,140.431,39.3406,2.32332,70.8952,61.5862,20.854,35.4317,6.8217,40,0.316283,1.02427,409.528,90.7063,89.3419,28.2018,2.39579,69.5684,54.0199,17.8833,25.0482,3.44204,46,0.310901,0.992918,450.067,104.518,84.8853,31.782,1.39536,72.064,59.6548,17.2536,23.2299,2.7153,42,0.36922,0.881149,521.878,124.087,85.42,68.005,2.04544,68.1913,67.5232,15.6922,30.0029,4.3518,43,0.362861,1.05662,363.907,106.123,102.609,40.5127,1.54619,66.451,54.6564,17.7075,25.1404,3.33789,37,0.297492,0.984673,455.05,136.526,121.465,34.2566,2.19408,69.9045,65.7208,18.9047,24.8133,3.14246,46,0.243982,0.953114,420.815,124.762,132.522,69.8675,1.94511,64.6635,61.9656,19.6575,28.4401,3.94967,36,0.309216,0.949804,401.626,108.875,91.4641,68.6523,2.22849,59.9313,63.1719,15.3289,29.8513,3.90131,45,0.320695,0.905795,2107.42,156.603,295.984,342.667,9.4851,91.2384,25.6874,24.7521,60.5773,10.8561,3,0.158061,0.844855,,,,,,,,,,,,,,,,,,,,,,,,,,,,,,,,,,,,,,,,,,,,,,,,,,,,,,,,,,,,,,,,,,,,,,,,,,,,,,
decoupled_wbc_h066_p012,2773,fell,45.8,10,36.7918,19.4833,0.563399,0.692923,413.466,94.2471,133.08,50.5472,2.61597,60.693,52.2879,18.9684,30.332,4.9664,42,0.244623,1.00586,440.631,95.8772,102.926,28.6219,2.26714,65.5866,58.7103,16.8375,27.9904,4.08629,39,0.318153,0.946975,330.867,69.7845,82.9904,21.6647,1.42956,58.0615,44.5014,15.6865,28.8554,3.95651,37,0.282556,0.986369,553.653,110.658,86.8767,24.7428,1.72699,81.116,64.4892,19.6492,35.5355,5.12317,53,0.319944,0.911405,377.392,84.6661,94.2539,34.6257,1.51328,61.3029,51.0964,17.0081,31.4206,5.64442,35,0.346556,1.03717,445.123,92.5207,77.4609,18.5517,1.97519,61.3512,59.3373,14.5264,25.9142,4.00176,47,0.351645,0.931737,835.01,254.386,175.116,79.4678,2.40612,98.4511,76.1712,27.8249,52.3192,7.5725,25,0.396121,1.39998,498.622,99.8893,97.4649,42.1203,1.64026,74.0516,62.5339,17.7577,32.2566,3.95164,47,0.326651,0.967586,511.603,103.522,108.245,49.3907,2.02305,69.402,51.4286,18.0774,33.6781,4.54697,45,0.318178,0.978211,1699.83,103.147,279.227,162.255,10.747,77.8236,24.3343,23.8925,56.4338,12.317,4,0.226704,1.16804,,,,,,,,,,,,,,,,,,,,,,,,,,,,,,,,,,,,,,,,,,,,,,,,,,,,,,,,,,,,,,,,,,,,,,,,,,,,,,,,,,,,,,,,,,,,,,,,,,,,,,,,
decoupled_wbc_h066_p012,2774,complete,90,18,15.5128,3.6964,0.251565,0.138504,422.57,104.768,114.242,28.5845,1.3291,74.0553,62.1641,20.1277,31.2492,3.71653,46,0.279985,0.896037,339.782,89.0444,92.9261,24.3579,1.79998,59.602,50.8761,16.5403,27.0392,3.93537,43,0.254209,0.889319,366.187,85.2655,100.45,34.2663,1.27973,59.1498,52.1993,16.6417,26.8212,3.71892,47,0.235092,0.866523,406.001,92.9487,93.3992,45.14,1.73421,58.5399,57.4855,16.7755,27.1292,3.6919,37,0.321191,0.988947,396.003,99.5322,118.191,76.4259,2.04323,67.3178,58.0036,19.4884,28.2197,5.82622,50,0.273755,0.837939,370.971,99.6508,111.531,50.6806,2.89376,61.5767,54.305,18.9699,24.8877,4.56209,48,0.291801,0.941972,356.718,129.312,114.06,75.2388,3.18841,59.8989,64.6089,18.6859,26.1609,4.28001,35,0.235181,0.931499,614.134,185.371,120.755,39.4797,1.0519,76.2209,68.6025,21.06,24.3657,3.29292,44,0.292735,0.879588,610.948,189.599,165.632,36.1501,1.17027,86.2205,70.5115,24.1507,30.7985,5.03313,42,0.316399,1.18192,378.926,92.7655,92.8142,24.4579,1.5273,61.3171,51.4394,17.1945,22.7323,3.30645,42,0.308878,1.0535,295.443,113.834,104.224,30.2965,1.84518,53.988,54.134,16.4639,21.2802,2.79161,38,0.173554,0.790843,373.961,120.474,121.439,31.5294,1.60711,65.6921,61.4783,19.2234,26.1318,3.44891,50,0.271872,0.86723,503.22,121.849,131.544,27.874,1.92299,76.7514,60.4221,22.4275,30.9107,3.99713,47,0.363822,1.01355,454.107,131.05,116.279,81.0751,2.58403,74.9879,65.3894,20.3329,29.2762,4.70309,48,0.291251,0.970811,894.531,203.346,150.209,51.2215,1.20762,110.02,78.8314,28.7553,37.8503,4.92029,40,0.418696,1.13317,447.039,106.981,92.2267,29.3528,1.25464,69.2086,57.8879,17.3731,25.717,3.54043,41,0.302876,0.920062,483.688,125.83,130.453,43.8411,1.87115,73.0542,61.7191,20.9486,33.5363,5.34667,50,0.283197,1.00429,710.895,139.779,159.21,91.9709,2.79467,87.0109,74.7046,23.495,44.17,6.96059,45,0.37383,1.14415
decoupled_wbc_h066_p012,2775,complete,90,18,28.4767,3.32214,0.0999701,0.273138,418.617,89.1007,91.4974,26.5345,2.44586,67.4794,58.0928,18.3125,26.8746,3.95855,45,0.322104,1.0513,412.629,90.9785,101.656,25.7361,1.64286,68.0232,56.9415,19.1974,26.0854,4.07775,45,0.338782,1.06033,381.176,78.2617,107.25,51.1511,3.16787,63.1919,49.9228,18.9922,30.9389,5.50087,46,0.294768,1.0298,489.92,101.309,97.981,19.4313,2.02891,74.986,63.962,22.109,27.9967,4.07439,54,0.326914,0.882191,487.973,116.789,92.122,61.5538,3.89652,75.3333,66.095,20.3111,29.5691,6.56283,58,0.291199,0.775211,481.963,94.3924,93.2815,14.0781,2.6466,72.0536,57.0896,20.0525,24.1497,6.89387,42,0.325632,1.1249,388.893,68.8783,60.2397,15.0374,1.72938,55.1292,49.0767,14.7947,21.4165,4.31504,45,0.26653,0.887418,463.038,97.7744,109.796,83.1295,2.74999,69.1275,56.3572,19.5622,28.756,7.04365,36,0.254798,0.954203,502.358,116.488,105.439,21.2188,1.19498,72.1936,62.6406,19.2439,27.3199,6.25468,51,0.283346,0.929499,398.492,83.5071,93.5327,16.8376,1.25385,61.5837,50.8002,17.2026,23.4645,4.49565,40,0.244938,0.948134,538.212,109.478,125.255,20.7369,2.81224,77.7074,61.5155,21.9993,28.8314,6.67188,39,0.351844,1.2091,495.273,96.066,120.848,105.005,7.06478,72.2006,56.268,21.5345,38.7882,11.2516,45,0.291275,1.01682,552.748,167.584,156.785,22.6375,1.97833,74.1462,58.5893,22.5663,34.3602,7.81116,36,0.361165,1.1575,1541.35,181.1,249.375,47.5639,3.54147,108.681,72.9543,32.0535,45.6633,9.68277,42,0.284451,1.03462,485.262,103.244,83.0706,19.913,2.05265,66.9463,55.2467,18.5357,28.4248,5.7911,34,0.394736,1.25238,451.045,120.604,96.4141,21.0305,1.79863,67.1666,57.9884,19.5827,28.1707,6.50401,46,0.273638,0.831475,1001.45,182.78,162.074,36.8143,1.93019,101.434,77.348,33.2335,41.6802,8.48601,29,0.350233,1.95029,534.891,112.633,75.29,21.6305,1.5271,77.1585,64.3648,18.9889,27.7453,6.32209,42,0.382313,0.968726
decoupled_wbc_h066_p012,2776,fell,51.34,11,40.6601,9.90754,2.00148,3.09666,378.003,81.2627,83.6998,15.8876,1.67915,58.811,56.3228,16.6756,23.3855,4.17034,51,0.247298,0.732111,366.48,72.9742,103.409,26.4119,2.27456,65.5971,52.7042,19.2949,26.8504,5.36888,48,0.261447,0.908342,425.98,74.3737,96.5508,35.9923,1.78784,63.2742,52.8871,19.9013,26.7122,4.29701,41,0.306977,1.17085,397.405,88.6144,109.836,36.225,1.6295,64.8044,52.2305,18.5292,27.4037,4.54189,46,0.252944,0.985756,360.31,93.0939,118.513,29.1601,1.74374,63.9517,54.1396,20.2117,29.4442,4.47982,46,0.288354,1.09,426.407,126.662,121.011,34.996,2.13048,71.5458,62.0617,20.3725,34.5007,4.96686,50,0.220768,0.955846,424.561,90.5665,103.292,29.0303,1.9895,73.747,60.5163,18.945,32.3695,4.81353,43,0.270522,0.966774,336.742,84.1352,95.5491,54.7557,2.83852,55.0355,54.4414,15.0846,29.3663,5.01052,41,0.300025,0.890897,746.204,132.837,138.049,34.7388,2.29644,77.2545,61.6423,21.9815,36.9722,6.44439,53,0.220539,0.906948,460.751,109.637,117.286,27.7589,2.26824,71.0332,63.3332,19.3958,30.0777,5.15864,45,0.223877,0.992956,2715.13,252.819,313.977,228.248,17.2756,124.536,57.242,30.4796,49.0406,11.2803,3,0.383881,2.74488,,,,,,,,,,,,,,,,,,,,,,,,,,,,,,,,,,,,,,,,,,,,,,,,,,,,,,,,,,,,,,,,,,,,,,,,,,,,,,,,,,,,,,,,,,,
decoupled_wbc_h066_p012,2777,complete,90,18,13.2238,4.09271,0.281038,0.145738,369.11,83.6768,75.3326,21.3436,2.32676,58.7018,54.0777,15.8313,23.4404,3.6439,44,0.302844,0.905067,441.632,112.142,117.31,29.1458,1.64576,77.2745,64.5267,20.8542,30.1315,4.91729,48,0.305282,0.804837,542.133,153.766,131.554,88.351,2.83321,73.7034,75.7877,21.0775,37.5351,5.83189,52,0.278466,0.889268,452.72,96.7833,106.996,32.5196,1.55553,70.9403,56.8179,20.8033,29.8521,4.21746,43,0.387081,1.01434,550.622,118.65,149.527,35.3744,1.33293,84.8062,64.9206,23.4791,35.6886,4.21681,43,0.324499,1.24557,504.689,103.166,109.309,29.9981,1.46239,69.4229,60.9077,18.7397,28.4607,3.33651,40,0.354147,1.13346,411.006,97.391,110.388,32.116,1.29063,62.0781,49.9051,18.0165,28.4357,3.32052,37,0.284725,1.06979,399.721,103.07,107.67,26.9399,1.09178,64.1092,53.6513,18.6678,29.3924,4.26288,41,0.273462,0.958433,458.15,134.711,134.649,161.043,16.4561,64.417,67.7144,19.5719,50.9857,10.4958,29,0.324045,1.07296,323.653,92.904,96.5037,63.8717,2.25359,52.3286,52.1978,15.8347,30.3488,4.00357,33,0.240669,0.911602,575.032,161.843,172.017,168.757,20.8266,74.953,68.7949,23.564,47.8327,13.3657,39,0.175709,0.807294,708.404,153.775,142.954,36.8163,1.65756,87.6142,66.9774,22.9543,28.9717,5.73044,40,0.315525,0.994304,813.835,195.438,206.335,186.559,18.2822,102.669,76.5494,29.5251,49.9177,14.1755,32,0.399733,1.2574,318.469,73.2411,79.9371,37.4918,0.971046,48.4617,41.5884,14.6678,21.3301,3.28155,35,0.22154,0.926123,365.785,86.9287,80.618,34.6765,0.962761,54.4981,56.9193,14.5305,18.942,3.35534,42,0.246458,0.872604,450.622,104.324,94.3229,36.0396,1.73561,70.1074,49.6719,20.5358,24.4783,4.6653,47,0.267437,0.988058,432.365,91.4644,132.35,27.6393,2.21621,73.4387,57.383,20.1247,21.7091,4.57466,46,0.263652,1.04194,529.309,138.892,124.674,97.0497,3.08886,74.7867,72.8132,19.7219,26.9292,5.23047,46,0.30706,0.867754
decoupled_wbc_h066_p012,2778,complete,90,18,36.1206,3.73724,0.62166,0.527425,400.218,78.5689,98.2965,41.8015,3.04647,62.6818,48.0101,17.1738,28.978,4.47651,39,0.339389,0.993142,453.351,81.1201,86.4031,21.2944,1.8839,68.3166,51.7623,16.9983,25.6474,3.23611,38,0.394952,1.05607,348.83,99.4349,116.159,24.2602,1.46257,59.6396,58.3787,18.1101,31.5793,4.44349,42,0.298482,0.916835,352.43,85.4297,84.1778,23.7591,2.5662,58.785,50.2611,16.7916,30.1744,4.1048,46,0.297908,1.02886,471.736,98.5736,91.0347,38.4955,1.68516,67.5889,60.0725,16.8619,34.1877,4.10838,45,0.361941,1.07962,504.01,146.263,134.292,30.1307,1.88554,74.0771,68.7255,21.0857,36.8957,4.68662,36,0.341541,1.14727,362.759,79.1787,96.4501,24.7575,2.00937,59.6006,53.8142,17.3111,30.2302,3.76754,46,0.300382,0.963366,497.639,94.584,96.8192,22.5804,1.7567,77.3384,59.8732,21.7404,31.8447,4.19579,55,0.348903,0.927219,572.859,119.753,141.833,40.8674,2.3679,83.5985,68.2452,23.7842,32.2687,5.24983,50,0.328324,1.1649,509.493,101.872,106.521,24.8242,1.87516,74.0404,63.0504,21.8468,27.1991,5.55233,43,0.304251,1.09377,582.985,119.872,137.289,136.496,7.26278,84.6803,66.7081,24.3463,37.528,8.59553,41,0.367694,1.22529,495.784,88.7552,149.711,22.9597,2.77218,73.5566,53.8936,21.609,26.4728,5.19689,39,0.405505,1.04263,647.038,110.769,149.317,20.2729,2.06395,78.5309,58.2381,24.8418,30.7907,6.7264,43,0.319092,1.15809,682.917,137.55,121.544,19.2613,1.83076,91.6011,69.4857,24.3732,31.0412,7.16248,46,0.356142,1.03077,434.476,104.997,110.43,18.5206,3.04364,64.4105,55.9408,18.9672,26.1395,6.49889,34,0.32774,1.00429,486.601,108.965,104.955,19.5446,2.66059,66.8104,63.8502,20.5854,28.1816,6.39673,36,0.358229,1.33388,672.814,118.796,117.947,23.0166,2.44043,88.6009,68.3341,24.3027,31.2077,6.1252,38,0.365771,1.14945,1326.64,525.651,320.996,34.3336,2.41676,122.752,117.448,45.1957,61.2296,11.8158,31,0.463573,1.20777
decoupled_wbc_h066_p012,2779,fell,61.4,13,26.6222,7.35722,1.10431,0.886154,381.251,93.8983,79.6043,28.288,1.82152,58.128,58.2346,15.6549,27.8731,3.83598,38,0.282154,1.02776,364.54,79.5469,68.9794,31.4604,1.69813,53.4085,49.2068,13.863,30.7619,3.55971,37,0.310304,1.00757,901.733,136.854,122.106,47.5185,1.51147,88.8374,65.0188,22.9655,42.2024,4.39158,40,0.272725,1.06063,530.016,115.061,100.18,30.6166,2.69085,78.9904,64.8856,19.6008,37.6909,5.67064,54,0.290254,0.93425,528.007,97.4012,140.418,29.6281,2.49166,78.531,56.0063,22.1356,38.6752,5.7251,39,0.378905,1.19955,475.614,114.725,103.796,24.6093,2.43384,66.6637,64.2645,18.0567,29.9029,4.10309,40,0.375553,1.03305,452.113,115.806,115.462,33.5275,1.46482,67.903,61.2464,19.942,30.0649,4.08534,44,0.28668,0.911169,556.947,113.994,93.9933,132.021,7.66038,77.0166,63.7249,17.3806,26.687,7.50619,44,0.337554,1.05834,483.945,129.841,104.364,24.5,1.56676,70.9416,64.7724,17.756,20.3876,3.89853,40,0.334083,0.888756,456.094,125.751,109.017,34.9203,1.36281,61.9144,58.7072,19.0028,23.436,3.66448,36,0.266333,1.1027,593.863,146.796,124.875,37.704,1.63622,77.7137,62.5678,20.9227,23.1231,3.24653,31,0.387044,1.19131,638.713,194.002,137.72,43.8717,2.34134,83.6954,76.4387,21.6683,26.3264,4.4998,34,0.347394,1.16263,4630.04,491.484,787.353,135.89,23.4813,214.468,99.5311,61.0096,50.1959,23.7979,3,0.630325,3.82485,,,,,,,,,,,,,,,,,,,,,,,,,,,,,,,,,,,,,,,,,,,,,,,,,,,,,,,,,,,,,,,,,
decoupled_wbc_h066_p012,2780,complete,90,18,14.9742,4.12905,0.201754,0.249122,386.064,91.9746,85.2363,37.3247,2.55803,61.4279,54.9517,16.6072,24.8756,4.94665,37,0.325517,1.01635,371.766,83.7148,99.3659,21.2881,1.63864,60.3814,51.7495,17.5991,26.6875,3.97013,33,0.30788,1.15297,448.862,111.48,112.876,29.966,2.15066,74.0024,60.2956,19.7324,29.1533,4.51313,47,0.292871,0.956592,403.629,102.362,111.453,27.7997,1.77159,64.5528,57.4014,18.4975,25.0799,4.62692,40,0.329808,1.04831,556.777,107.183,106.935,23.9144,1.79571,75.8686,63.5041,19.3722,22.6854,4.36908,41,0.384909,0.971191,415.307,110.884,121.602,44.3426,2.82644,63.618,59.1394,19.7252,24.6389,6.57455,41,0.312166,0.912143,332.646,98.5423,129.925,26.1898,2.20836,59.5988,57.6088,18.1386,22.4985,5.38935,35,0.281891,1.0607,627.725,142.652,121.243,33.058,1.61534,83.1813,70.3783,23.0372,25.655,5.3726,50,0.220781,0.955414,401.199,131.451,104.082,28.7354,1.71925,64.4234,68.5409,17.7459,21.613,4.19688,56,0.239938,0.728999,455.155,147.721,131.862,36.812,1.68564,72.5882,69.7519,20.3158,28.9074,3.93954,42,0.307616,0.950653,715.594,166.582,135.801,109.796,3.82432,89.7143,74.5643,24.0251,38.7965,6.00241,39,0.416934,1.27112,494.737,119.465,107.244,38.1183,1.77001,70.7238,65.1534,19.2627,23.8274,4.16977,35,0.359374,1.04136,542.687,98.6473,116.639,56.7789,2.40003,73.9006,50.2209,21.0899,27.3083,6.14338,37,0.361838,1.23437,470.014,106.965,119.268,33.7486,2.07641,68.2786,58.8856,18.428,23.0594,4.14808,39,0.327652,1.00217,388.494,110.526,98.1567,32.4993,2.01587,63.3721,58.596,18.6934,21.9193,4.68483,52,0.240259,0.916126,435.184,110.212,99.7014,31.9379,1.47069,63.6571,62.6335,16.8814,20.955,3.76601,30,0.361788,1.05086,468.772,113.258,117.859,36.1706,1.77198,69.9573,68.1096,18.5499,25.5615,3.85759,43,0.303446,0.92171,465.802,127.007,155.175,39.4067,1.90708,64.8605,65.1038,18.8525,26.1102,4.15005,49,0.272554,0.792482
decoupled_wbc_h066_p012,2781,fell,36.34,8,25.4074,6.23565,0.99669,0.414671,419.494,69.789,96.257,44.6233,2.75598,62.1899,50.9704,17.5592,29.8385,5.50451,40,0.332593,1.14565,300.27,91.6407,85.4836,56.0702,2.65989,55.4546,54.7345,15.5508,29.6421,5.73537,49,0.229839,0.88506,469.607,102.325,88.6619,30.9136,2.8075,71.3545,60.2746,18.1481,29.1134,3.71675,42,0.323727,1.03961,401.107,113.043,101.621,34.2178,2.29507,63.4459,60.2942,17.2761,28.9917,3.79193,48,0.259598,0.790341,543.795,124.531,111.701,26.4588,2.33508,80.4102,68.4523,20.749,25.7142,4.71663,38,0.353317,0.984956,366.133,71.2945,84.5227,28.6877,1.26088,55.9143,42.9668,16.3901,18.872,3.24396,36,0.303651,1.00441,533.972,184.318,152.06,58.2894,2.0912,80.9026,73.7027,21.234,27.8496,6.16222,31,0.385515,1.07354,4844.39,572.592,645.961,214.275,18.2678,222.48,92.658,50.4736,63.8332,21.8088,2,0.0582848,0.988974,,,,,,,,,,,,,,,,,,,,,,,,,,,,,,,,,,,,,,,,,,,,,,,,,,,,,,,,,,,,,,,,,,,,,,,,,,,,,,,,,,,,,,,,,,,,,,,,,,,,,,,,,,,,,,,,,,,,,,,,,,,,,,,,,,
decoupled_wbc_h066_p012,2782,complete,90,18,33.7082,3.06538,0.128161,0.317261,317.744,75.3849,88.3627,18.7468,1.97222,55.4969,48.1182,16.3941,25.3289,3.9694,45,0.271598,0.906434,420.921,107.299,97.7585,25.7941,2.06329,68.56,63.9363,18.6057,30.736,4.96266,52,0.270352,0.824769,332.247,90.9055,104.152,58.0128,2.15731,57.7082,55.0069,16.6947,28.9058,3.98662,41,0.28623,0.950915,354.341,103.068,131.722,36.0364,1.76777,62.9412,55.6957,18.4293,28.022,3.51152,41,0.198363,1.00911,345.533,92.8359,89.7074,30.1493,2.27828,59.2208,51.3481,17.0314,26.7693,3.83431,45,0.261093,0.967354,326.923,66.5198,88.853,25.4248,1.98893,55.6079,47.7111,15.057,29.3478,3.87255,44,0.314005,1.04492,503.88,104.671,101.742,27.7849,2.19493,75.0797,64.1288,19.2102,37.1422,4.66881,48,0.331806,0.951604,529.917,99.0691,119.046,64.438,25.1487,78.9902,61.3635,20.5197,45.5569,22.3787,41,0.434195,1.16406,672.912,138.24,117.316,31.675,2.81949,80.4682,70.6252,19.579,30.8035,3.76666,42,0.312972,1.07605,421.333,92.7916,94.1977,18.399,1.59483,67.8845,55.2288,20.2247,27.9781,3.79679,40,0.310909,1.10605,945.6,183.431,195.52,178.543,4.30432,107.838,85.8078,29.2106,50.0035,7.70051,47,0.305278,1.36028,821.029,182.328,199.235,228.833,5.12928,99.5554,81.5925,28.0803,54.7239,9.61992,47,0.357317,1.05245,1131.51,381.116,250.525,52.0924,2.60285,113.173,99.0245,32.8862,42.1936,9.62792,32,0.472054,1.24973,601.326,106.14,122.567,96.3818,5.36325,75.9506,67.5362,22.9756,35.5967,8.11688,49,0.333256,1.03969,536.975,98.3109,99.4451,49.2007,2.62497,73.0471,57.3278,18.6715,28.7763,5.79248,45,0.286327,0.921211,350.849,75.5322,70.1029,26.1682,2.28796,55.3332,48.4544,14.5618,21.8167,3.92151,45,0.26484,0.855506,425.83,88.1968,93.6714,32.1314,1.53116,61.8894,57.5283,16.9411,25.0638,3.73911,33,0.340807,1.08455,499.834,86.4219,119.066,31.1727,2.63351,70.6874,53.8612,20.4706,26.169,4.55148,42,0.241083,0.993532
decoupled_wbc_h066_p012,2783,complete,90,18,19.0019,3.10925,0.147424,0.134082,393.722,78.0039,73.1817,19.6538,2.20647,60.3314,52.4796,16.0034,27.0265,4.01558,38,0.385895,1.1648,485.794,104.022,125.837,26.9849,1.98107,70.2641,59.0425,20.0756,31.303,4.40778,43,0.329614,0.999875,346.828,83.6286,90.6191,23.14,1.76108,64.1329,53.0412,17.1434,29.6226,4.0918,48,0.279704,1.07264,420.331,77.2691,104.888,22.1106,1.64005,59.8902,44.8002,17.1898,27.9672,4.04702,36,0.303544,1.26334,412.39,96.8015,115.483,33.5452,1.06609,68.6897,53.3165,18.5532,27.3462,3.49727,38,0.309955,1.16132,542.859,135.117,126.229,33.6103,1.45459,78.6017,71.4935,19.5431,26.485,3.77149,44,0.332966,0.865941,360.334,91.2416,96.7715,31.4349,2.91953,61.3293,50.3669,17.0116,23.1198,3.471,44,0.310524,0.890755,371.294,107.942,98.616,51.735,2.01839,62.801,61.8529,17.7959,23.909,3.83207,39,0.284474,0.950834,497.675,92.1661,95.8715,33.2306,2.12031,63.9903,53.3816,15.5536,22.0095,3.04821,40,0.354864,0.968068,435.217,103.721,114.943,34.9098,1.00854,71.5993,63.1159,18.4465,23.907,3.12224,45,0.316153,0.964077,474.522,107.08,97.5804,24.6082,2.00232,69.7205,54.2561,17.5316,20.6357,3.10672,45,0.303063,1.05271,781.936,157.635,125.464,99.871,2.43943,97.6573,81.3712,25.8212,35.6328,5.45328,43,0.377462,1.32823,494.854,129.462,164.714,276.057,4.08615,74.6822,64.8185,23.6282,59.4945,8.57161,35,0.277511,1.20778,509.938,144.159,96.191,45.981,1.60197,68.2504,56.2368,17.6088,25.1756,4.5571,40,0.338952,1.0954,351.724,113.697,94.2948,38.1548,2.38837,55.7469,62.4072,14.8769,21.8425,3.53763,43,0.203006,0.829807,352.223,116.114,83.6445,31.2383,2.05108,56.0756,60.0027,14.9326,23.4043,3.83009,41,0.228458,0.853859,428.491,131.88,131.173,102.081,1.96039,65.5307,58.1854,19.4854,31.023,5.27568,33,0.223588,0.948455,311.81,108.966,103.724,33.9048,2.31274,50.115,51.3251,16.1639,21.3752,4.2937,36,0.181058,0.809709
decoupled_wbc_h066_p012,2784,complete,90,18,14.2234,3.23355,0.266403,0.0652848,427.934,90.5926,109.091,23.1715,2.09934,70.2635,58.402,20.5711,27.6046,4.73479,47,0.301202,0.99391,410.659,75.0554,100.955,29.4401,2.11818,63.7835,50.3591,17.3149,23.2745,4.0393,42,0.330775,0.973504,360.772,105.166,79.291,20.7507,1.41908,55.9453,60.5347,14.4792,21.4326,3.2058,43,0.305146,0.971964,344.521,98.9181,97.5695,33.3342,1.55179,61.6957,54.8374,17.0269,26.6792,3.39887,46,0.245787,0.892385,377.987,120.46,128.922,61.3827,2.70816,63.5486,58.7719,18.9199,31.8165,3.48275,45,0.268652,0.916664,584.186,140.275,139.179,40.7326,2.50573,74.1226,62.1965,19.8569,29.7355,3.76692,50,0.319316,0.992808,371.423,99.2416,100.888,31.0105,2.27437,56.651,56.8871,16.1047,22.9989,2.78463,38,0.245947,0.963199,749.956,366.778,162.294,39.4134,1.86515,96.0285,93.8587,27.7212,36.0175,4.43644,42,0.309329,1.01342,632.969,165.281,127.863,37.1475,2.24662,87.0002,84.4183,23.459,29.1782,5.33031,43,0.273461,1.02144,259.668,84.7616,74.2699,34.7989,1.24524,43.614,45.0298,14.4686,21.0023,3.27625,35,0.22198,0.756059,463.229,122.517,179.833,172.076,5.67354,68.5159,59.2392,21.0093,34.5654,7.14364,31,0.204167,1.15634,533.831,118.704,195.588,164.089,33.1786,75.4098,65.0228,22.1167,48.1525,17.6553,33,0.361694,1.19507,715.38,148.847,123.7,236.794,33.7383,90.9366,74.2421,23.8406,61.115,21.7512,35,0.358336,1.41809,415.745,140.109,119.29,40.452,2.20029,70.3069,65.8618,19.6161,37.0437,4.19341,42,0.26059,0.965556,940.305,157.411,146.932,33.5068,1.97846,97.0836,75.0818,25.0063,37.6978,5.06515,25,0.375992,1.5485,888.919,325.236,185.468,49.9015,1.85574,100.683,91.315,27.1672,48.4581,4.67365,34,0.421343,1.10498,544.897,122.787,136.74,35.6187,1.89587,71.5991,57.781,20.5353,29.4052,3.79191,43,0.288737,1.08808,547.964,131.062,126.593,41.6982,1.34385,84.0131,68.3699,20.5445,30.4298,3.90808,41,0.379689,1.15069
decoupled_wbc_h066_p012,2785,complete,90,18,15.3437,3.91884,0.154713,0.0913733,461.738,91.0705,105.096,20.3677,2.23154,70.8813,56.7689,20.6312,32.3693,5.05923,50,0.359332,1.02315,480.41,74.4877,167.14,28.6247,2.26625,70.4101,48.3306,21.8397,29.6391,4.92297,41,0.368863,1.25705,532.287,117.36,167.953,32.7901,2.05141,80.8853,66.7383,22.7974,33.8615,5.71223,42,0.345849,1.05554,499.518,99.8354,115.896,29.3,1.43066,74.0203,63.5473,22.0166,26.2702,5.34304,46,0.325276,0.945846,463.772,97.021,121.794,29.9422,3.39643,71.8895,57.9476,19.5291,27.0483,4.94458,44,0.284711,1.04593,450.117,105.495,105.179,30.5618,1.49908,74.0635,56.4849,18.1186,27.5282,4.55236,38,0.365518,1.14187,397.639,87.2339,137.234,162.678,7.8039,59.6372,48.9284,19.2914,41.246,8.73824,43,0.298457,0.970014,462.654,105.993,106.221,106.258,2.21996,66.3162,63.2933,17.0826,35.4697,5.317,51,0.307016,0.905586,345.346,81.4266,89.3494,31.4253,2.29424,58.951,53.7241,15.5733,24.1499,4.26155,40,0.297626,1.087,600.03,122.389,144.956,35.7147,2.50776,80.3773,65.1388,22.5439,33.1796,5.43157,38,0.39122,1.06218,605.293,132.656,130.869,33.61,1.79315,86.6854,68.6071,27.0325,33.8648,5.64975,46,0.324462,1.26103,604.303,120.29,89.9788,31.2615,1.6636,75.7758,68.3243,18.5443,28.7507,4.69244,38,0.383084,1.24695,683.8,133.263,163.652,173.094,3.97442,78.2878,60.8032,26.0286,40.2082,6.86181,40,0.254029,0.927825,491.772,108.578,108.175,41.1027,1.82041,76.0478,62.057,21.228,26.2881,4.58416,41,0.359138,1.0685,624.436,120.942,126.406,36.3539,1.40678,75.3388,66.8849,21.1566,25.6634,3.82359,51,0.304545,0.966149,669.748,189.021,146.223,136.04,2.67472,84.0558,65.6848,24.5195,35.4337,5.84471,33,0.387468,1.24597,411.659,121.115,107.575,38.2571,2.40701,63.8021,61.3895,17.4934,21.9768,3.76957,35,0.317689,0.895559,394.909,116.77,118.647,43.194,2.0878,62.9536,57.8158,19.4521,23.3328,3.95891,47,0.220776,0.807694
decoupled_wbc_h066_p012,2786,complete,90,18,20.3471,3.77786,0.351129,0.0447292,460.597,117.621,129.825,23.0467,1.62912,79.6009,66.2799,21.0918,32.4815,4.63774,35,0.343819,1.14423,452.693,85.2471,84.5085,21.1101,2.18128,63.1705,52.03,16.4953,23.4698,3.80861,31,0.364744,1.19126,491.085,85.6689,128.373,60.0478,2.61898,68.017,50.3232,19.5641,30.1717,4.27415,41,0.318256,1.07562,416.052,77.2713,88.8765,21.3761,2.30145,66.5793,50.6335,17.2044,26.4719,3.32912,37,0.336154,0.974157,455.426,86.5992,103.993,21.0363,0.946358,70.5344,58.3278,19.2298,31.5792,3.14507,53,0.359,0.979826,580.276,112.192,115.344,95.9589,9.34015,76.3967,65.2149,18.978,37.8037,7.46009,48,0.348187,1.07138,418.519,109.236,111.204,72.2283,2.36709,66.2111,61.4827,19.1799,36.6409,6.32307,42,0.262216,1.10207,445.136,90.8131,113.243,27.7542,1.50225,69.6867,56.291,20.7793,30.6192,4.74423,55,0.2569,0.948018,407.401,79.925,79.4045,23.5851,1.72573,64.1419,52.8893,17.037,22.8357,3.65786,42,0.280627,0.993235,596.211,129.833,153.368,32.257,2.5473,85.6799,70.9658,25.9541,38.8218,6.14859,47,0.309683,1.17885,379.945,109.094,113.453,21.785,2.04701,59.4117,60.2338,18.5557,28.7709,4.1769,50,0.285898,0.868333,646.043,141.608,163.149,47.7176,1.18156,86.8276,65.3044,24.4975,36.1545,4.84202,40,0.37798,1.16376,447.726,104.34,108.144,33.4149,1.84408,70.301,60.4548,20.9911,29.2166,4.13195,44,0.306909,1.05298,518.311,148.441,134.283,62.5342,2.05632,72.297,58.0934,21.5694,32.8904,5.7367,39,0.332248,1.15854,425.06,80.7164,83.8643,31.0665,1.59764,58.0808,54.304,14.9862,20.1266,3.57505,39,0.337068,0.943592,636.141,129.46,123.719,62.2694,1.7438,78.2745,67.0855,22.1721,33.2548,5.45119,34,0.377038,1.21817,367.957,101.805,102.481,50.6348,2.20638,61.8618,55.1093,18.8682,28.4578,5.90587,41,0.246641,0.965573,454.594,107.538,88.0798,27.9128,2.1259,72.6428,57.7729,18.0803,22.2136,4.86319,40,0.414659,1.02084
decoupled_wbc_h066_p012,2787,complete,90,18,13.3393,3.39726,0.264999,0.199903,382.996,107.545,98.1006,33.7802,2.17504,65.3769,60.4465,18.0257,26.8106,4.87558,52,0.278202,0.900467,394.738,114.645,101.099,23.9004,2.17053,66.4497,61.2712,19.3365,26.6914,4.2862,44,0.301786,0.92487,328.146,95.8663,124.573,20.0282,1.6679,60.4079,55.7079,18.5165,22.8346,4.79721,37,0.254236,0.953466,498.538,136.318,115.087,33.0953,1.84288,75.2545,66.0529,19.1274,23.5618,4.49148,40,0.2832,0.979857,302.2,84.033,95.2409,33.3563,1.83732,55.3472,50.3143,15.9775,22.1327,4.14755,44,0.249281,0.915976,374.94,107.245,82.8253,17.5316,1.69715,56.1186,57.1533,14.6248,18.4114,4.12975,43,0.259144,0.83803,398.374,92.3625,94.8314,39.5897,1.88213,62.5451,52.1302,18.1798,24.1034,5.08453,42,0.259333,0.918019,397.322,67.229,95.5734,35.5313,1.62211,59.2011,42.0376,16.8206,21.9237,3.21794,43,0.306394,0.958656,360.944,85.8661,98.3145,22.0261,2.31663,59.0586,54.3193,16.5838,20.5712,4.50756,53,0.264659,0.741351,368.701,85.6431,89.8513,25.4961,1.68835,60.1537,56.7368,16.9235,22.7555,4.17229,43,0.358402,1.02723,456.477,103.489,99.627,33.8951,2.36681,70.6311,59.2778,19.3559,28.4084,4.9457,47,0.270387,0.94142,386.771,193.106,138.768,39.2492,2.71809,71.566,80.2103,23.722,40.1032,5.92571,53,0.18109,0.759774,395.227,98.0297,104.56,32.6703,2.35662,65.565,53.3949,19.5346,30.1672,4.72441,49,0.300042,0.957218,649.619,130.648,116.581,30.5308,1.80348,87.8766,69.2383,22.062,31.5928,5.12729,43,0.38215,1.09986,545.783,130.389,116.032,66.2833,2.59069,82.5091,66.897,22.3148,34.6199,6.17395,38,0.328172,1.14945,449.813,112.282,86.4148,25.5142,1.83621,61.5986,61.4531,16.4038,18.3938,3.77077,45,0.33116,0.85167,445.736,123.946,135.815,21.3223,1.80878,70.7747,63.2094,21.5374,24.3041,3.64806,48,0.309301,0.900275,394.848,86.4885,89.5804,26.2772,1.51683,59.2024,55.1839,16.2266,18.1273,3.43977,41,0.302601,0.847371
decoupled_wbc_h066_p012,2788,complete,90,18,17.5277,3.44835,0.319792,0.340798,412.962,86.2904,110.406,35.98,1.31921,64.2429,51.972,19.6052,29.8834,4.55513,41,0.255394,0.885232,404.061,87.7007,91.7468,34.0466,2.40425,63.4963,49.9157,17.7591,26.9199,4.55091,47,0.300234,0.962925,353.148,73.1138,108.486,31.5015,2.0691,57.6887,45.4695,17.3333,29.4186,4.17827,40,0.316215,1.03975,331.768,77.824,95.6036,28.9133,2.15366,57.4505,51.4581,16.5722,24.883,3.85556,45,0.243502,0.81631,452.195,91.7125,100.552,29.1508,1.9027,63.353,59.1045,19.0341,26.721,3.99388,43,0.25642,0.988165,316.713,92.393,104.8,33.1519,2.03718,60.0147,54.7492,17.7065,28.6352,5.1117,43,0.229139,0.985784,577.951,146.377,155.267,162.448,2.73524,85.7574,74.7738,24.233,42.7838,7.60678,46,0.35032,1.13391,347.371,85.5818,100.066,25.9272,1.68542,54.4816,54.2975,17.0944,27.1061,4.76041,46,0.28371,0.885116,346.901,91.0645,91.113,20.3571,1.60829,63.7808,55.2888,17.9013,24.9619,4.84034,48,0.313424,1.00121,452.223,91.2766,99.2462,21.2178,2.02224,71.4374,56.7814,20.1888,25.9129,4.46526,50,0.294594,0.882785,471.119,111.546,94.6016,25.6526,1.60003,69.509,61.7731,18.426,26.7421,3.92056,42,0.26916,1.02152,544.49,129.906,134.494,72.5364,2.53816,75.0743,62.2013,23.2011,38.0264,5.95116,45,0.238931,0.984263,396.097,84.9482,100.128,34.0647,2.21788,62.7822,56.0566,17.7082,26.501,3.66636,35,0.310955,1.02166,550.449,112.926,149.261,36.5558,1.54192,78.9198,57.9557,24.357,34.9106,5.03843,43,0.316004,1.15989,342.889,93.1316,107.587,29.043,0.999237,61.7972,56.6216,18.7528,28.3646,4.08862,35,0.222661,1.00665,2131.3,253.022,321.496,64.3876,1.95852,155.016,96.9376,47.6418,60.6329,8.58177,35,0.404208,1.55887,390.606,103.101,130.935,33.2746,1.63983,62.8145,60.0908,20.1701,34.4232,4.7698,44,0.314295,0.88463,577.058,113.765,107.902,102.96,4.09025,78.5063,68.5544,19.1869,40.8889,6.39811,48,0.349526,0.989429
decoupled_wbc_h066_p012,2789,complete,90,18,15.6065,3.51076,0.279582,0.302278,337.883,84.8776,98.3051,28.932,1.96253,53.9022,51.9847,16.6373,26.2772,3.47416,45,0.219759,0.880071,474.862,105.284,99.1436,46.3935,2.04987,71.8195,53.4903,18.7467,30.1242,3.85873,41,0.352703,1.16119,387.144,131.068,104.284,32.3317,1.86961,67.7454,62.2258,18.8282,28.3658,4.50973,51,0.263084,0.910225,442.905,101.968,98.2823,34.272,2.26657,68.3421,57.0896,17.7295,25.6604,4.21443,47,0.300477,0.86264,504.947,101.446,103.483,29.2423,1.73552,68.8306,52.0529,19.8884,31.8099,4.24455,43,0.309428,1.04471,550.618,122.101,145.885,44.9231,1.85879,81.6959,64.0872,22.7427,41.8078,6.45291,47,0.305654,1.04901,577.752,125.543,118.18,40.874,1.61861,72.927,63.7733,18.9434,36.3678,4.90422,48,0.312087,1.1108,445.059,106.264,99.839,34.3076,2.63699,72.5829,62.3883,19.2049,30.2735,3.87693,58,0.275442,0.868994,396.663,128.781,116.47,32.4177,1.70384,64.8606,65.1279,18.6167,27.228,3.40795,45,0.250569,0.863559,317.837,53.4662,55.5892,41.0206,2.23209,47.0354,38.78,11.455,20.4275,2.88316,31,0.33029,1.06229,641.422,126.592,87.978,24.9182,2.41447,70.6436,65.0618,17.2533,21.3175,3.39774,38,0.300358,1.07881,408.075,103.098,119.13,51.9863,1.28987,57.1936,51.0263,18.042,23.296,4.02766,45,0.211373,0.938995,660.324,135.454,147.175,216.289,15.376,90.1256,67.1468,20.8742,41.3526,12.1848,40,0.312523,1.09611,543.269,141.308,122.562,46.8331,2.29391,77.2837,71.4021,18.477,23.2579,3.69327,35,0.377212,1.08519,486.505,126.082,119.478,26.0741,1.67028,75.0414,67.8661,20.1207,21.7053,3.66561,37,0.264637,1.04407,592.386,123.083,131.232,24.299,1.73151,85.6551,66.8322,23.9703,36.2728,4.61009,43,0.280169,1.23712,467.908,83.7047,105.236,96.4141,5.91901,68.1501,50.3454,17.0216,34.8101,5.71863,39,0.348555,1.09306,648.133,97.0214,105.571,48.3569,1.63238,79.172,54.0803,18.0773,36.8698,4.08202,29,0.493503,1.5108
decoupled_wbc_h066_p012,2790,fell,55.46,12,14.5924,14.2433,2.41599,3.07989,454.696,100.123,112.593,19.7635,2.09823,70.2353,56.1455,20.4687,29.7357,4.1485,36,0.306581,1.21943,428.965,91.8416,127.418,31.4332,1.87001,65.2944,52.6699,18.5229,30.9209,4.16988,46,0.304693,1.09513,506.55,113.816,103.671,59.5565,2.21793,71.8479,65.2554,17.3351,34.1026,4.87776,40,0.340334,0.995891,378.854,92.6589,100.428,38.8039,1.14958,57.2123,52.6516,16.8522,31.6983,3.64888,42,0.242616,0.964728,340.925,97.5479,110.57,37.8861,1.56965,53.8002,54.5134,15.9774,29.3105,3.60248,31,0.211354,0.998826,465.38,108.424,111.726,34.3555,2.48147,70.7948,63.8204,18.9596,34.7052,4.3751,39,0.308048,0.933234,527.001,109.12,107.623,21.0255,2.26847,70.8052,61.5786,17.5885,24.2801,4.98923,39,0.386218,1.07775,398.619,91.7871,103.396,26.8791,2.49746,67.7293,58.2021,17.1031,26.844,4.99118,42,0.32493,0.96389,462.103,182.752,119.69,49.5251,2.39113,72.1971,66.4821,19.5915,29.8077,6.54678,44,0.328713,0.92851,312.192,72.2631,101.362,31.2651,2.2679,55.8179,49.3691,15.5176,18.3874,4.36437,43,0.292035,0.888903,387.616,89.5023,94.2723,29.0892,1.66299,63.1429,56.1434,16.591,20.2457,3.96333,51,0.234836,0.838001,1353.36,131.373,112.431,16.9958,0.321058,62.0216,26.5639,13.4708,12.787,1.83589,2,0.0399704,0.927792,,,,,,,,,,,,,,,,,,,,,,,,,,,,,,,,,,,,,,,,,,,,,,,,,,,,,,,,,,,,,,,,,,,,,,,,,,,,,,
decoupled_wbc_h066_p012,2791,complete,90,18,26.559,3.91666,0.213627,0.141494,412.228,98.3669,108.784,30.6791,1.58933,69.0509,56.7993,19.7907,32.6861,4.02778,41,0.321087,1.08968,436.717,90.6932,104.516,44.666,2.19236,64.0591,57.859,18.2826,31.9898,4.15723,35,0.279909,1.13368,409.181,102.904,117.78,31.2456,2.0782,66.1797,57.034,20.1243,34.0417,6.48733,41,0.280818,1.02197,303.542,72.4486,96.6982,21.1985,1.63687,51.7794,49.9654,16.4357,26.6524,4.30932,44,0.261157,0.889494,634.235,131.938,161.625,75.8297,1.51714,87.5281,63.6388,26.7793,47.0694,5.38768,42,0.329701,1.37416,555.364,115.231,104.565,148.454,9.36578,79.7228,62.9926,21.3275,42.5605,7.05996,43,0.290589,1.12333,344.874,85.8173,88.9116,23.9587,1.48774,55.7272,52.0954,15.3399,27.3185,3.29379,38,0.305299,1.10315,489.584,108.414,117.511,105.568,3.0341,68.1488,58.5759,17.6478,42.4708,4.70527,36,0.367727,1.10917,424.572,74.1008,90.014,47.1509,3.13264,62.8473,46.6834,15.6451,30.1493,5.07682,37,0.323025,1.07731,450.34,98.2484,103.333,25.0103,1.60261,65.5584,57.5237,18.4651,30.8233,3.75679,42,0.325657,1.00688,753.203,149.736,144.493,38.0764,2.21828,94.8329,70.7728,24.8199,40.3377,4.51733,41,0.3792,1.18957,400.696,84.4524,114.853,138.385,2.63688,64.9749,55.8229,19.8905,42.8888,5.06734,48,0.260053,0.946693,392.582,75.0015,114.126,64.9799,3.13632,60.5615,50.7033,17.6053,30.8441,6.70604,36,0.342936,1.19919,1037.94,172.964,204.855,133.995,10.5653,109.792,77.547,34.279,52.8177,12.4253,42,0.348309,1.35422,504.666,90.1188,95.3149,28.6574,1.86007,70.6781,50.7532,20.7875,26.6367,4.54216,35,0.401044,1.20748,531.017,107.961,144.924,41.0947,1.37976,76.6079,59.0231,23.0664,34.4143,3.68025,39,0.397419,1.08956,422.336,100.568,108.879,54.2994,2.3494,60.7389,57.9398,17.1621,28.3022,5.32603,50,0.258976,0.873981,356.746,59.7566,84.9574,29.5668,1.77523,60.5706,46.7139,16.2735,24.4841,3.77099,43,0.290215,0.975667
decoupled_wbc_h066_p012,2792,fell,41.1,9,20.7995,13.6999,0.529945,0.198148,360.175,68.7942,113.113,22.26,3.98107,62.3792,45.6985,18.4194,28.9651,5.15841,37,0.331371,1.34461,332.764,86.1242,98.0815,21.1332,1.3549,58.1489,49.9047,17.8739,26.5817,5.05953,46,0.309314,0.935525,351.555,90.6009,95.4481,25.4563,2.0245,54.5676,54.3854,14.8621,23.1885,5.04453,41,0.296286,0.914225,394.76,82.1699,105.181,28.5943,1.93527,61.7421,49.4671,18.4449,25.9134,5.35447,46,0.346407,0.941428,535.811,124.904,129.8,25.5114,2.09853,78.0468,72.5801,21.1902,30.8298,6.16111,44,0.314381,0.976449,360.992,81.4276,110.8,25.0125,2.42502,59.0649,55.698,17.6873,26.84,5.14927,49,0.250661,0.950301,367.889,82.2584,119.689,31.0866,2.57118,61.7945,51.6961,18.2563,26.2458,5.21431,45,0.294828,0.963226,501.363,114.677,115.968,100.718,15.5809,73.1219,67.3005,19.7689,33.0707,9.73548,42,0.373812,0.969437,3508.85,258.412,517.502,92.3547,3.98091,166.66,72.568,50.124,47.5459,10.7294,5,0.592891,2.74863,,,,,,,,,,,,,,,,,,,,,,,,,,,,,,,,,,,,,,,,,,,,,,,,,,,,,,,,,,,,,,,,,,,,,,,,,,,,,,,,,,,,,,,,,,,,,,,,,,,,,,,,,,,,,,,,,,,,,
decoupled_wbc_h066_p012,2793,fell,75.98,16,22.1545,12.2544,1.10562,1.24361,401.586,103.807,88.2161,24.6359,1.57871,62.2152,58.2569,16.6076,29.3215,3.48458,52,0.22053,0.833555,368.721,106.153,113.248,43.8429,2.35627,59.3991,54.7244,17.4852,34.1561,4.74139,38,0.357069,1.0264,428.103,123.737,120.327,58.8812,1.7025,67.8052,63.2829,18.2338,32.4559,5.7552,48,0.278853,0.950349,488.777,118.757,153.585,75.2855,11.8148,69.0184,60.3755,19.8356,33.2137,9.38904,36,0.326136,1.15231,378.243,103.33,102.285,37.9764,1.25874,58.9565,53.9463,16.2354,29.6359,3.43258,39,0.253048,0.960065,611.423,144.726,105.13,115.508,3.43949,73.3028,69.4534,18.2809,35.2756,4.94428,41,0.308034,1.00948,406.007,101.56,109.092,106.566,3.29076,68.1514,55.3201,18.8372,31.385,5.89491,50,0.25647,0.964003,341.921,92.455,113.552,33.3959,1.4227,57.2749,47.8588,17.6484,24.2891,4.07734,35,0.288696,0.982988,516.653,117.253,113.434,42.8826,2.33381,67.6386,58.8243,17.8001,24.7723,3.90027,38,0.215295,0.93708,477.812,142.331,116.01,43.8532,1.62902,70.6776,73.4899,18.4707,25.8952,4.2104,38,0.268909,1.04146,467.333,97.6367,98.2539,66.2924,1.34162,53.4927,55.5146,15.9509,23.6919,3.55702,32,0.253615,1.00601,464.701,113.81,127.496,53.6465,2.58216,66.2171,54.9174,19.7495,25.5158,4.28064,40,0.274429,1.00285,812.277,133.969,131.421,41.9356,2.56123,90.9657,72.0963,24.5091,25.9216,6.27998,45,0.324603,1.16905,508.831,112.415,130.447,197.94,9.0934,80.5513,66.5398,22.7448,40.1635,10.5257,45,0.343948,1.1562,442.425,87.8713,132.648,70.2455,3.91975,64.7675,53.2274,21.9281,32.1895,7.87954,48,0.292643,0.949145,3483.38,368.822,623.436,76.6099,31.7848,137.303,63.3553,37.0394,45.0325,24.4225,2,0.458878,0.982023,,,,,,,,,,,,,,,,,,,,,,,,,,
decoupled_wbc_h066_p012,2794,fell,75.92,16,16.4798,5.25553,1.48963,1.04778,369.121,85.9537,95.9542,30.326,2.77499,60.87,52.416,17.2471,27.9509,4.57397,33,0.305776,0.924293,376.377,94.2239,86.0221,30.8276,1.51287,55.6868,60.3737,14.3362,23.4023,4.00379,46,0.299821,0.865954,413.072,112.071,107.183,35.5876,2.13695,66.7261,57.9282,19.2141,23.4095,3.55027,43,0.293473,0.92636,464.663,117.201,122.686,52.7503,1.9557,70.1323,59.4312,20.4447,27.7576,4.33908,40,0.357634,1.1398,417.711,101.919,113.686,33.9306,1.6542,68.1329,61.7637,19.0372,30.394,3.82869,48,0.325261,0.980239,527.119,135.454,115.091,37.789,1.79567,77.2993,70.1167,19.953,31.7564,3.75846,36,0.383919,1.01261,466.768,100.684,114.123,60.3232,1.79065,65.9798,54.8322,19.5152,33.4123,4.73319,39,0.323773,1.0122,354.549,78.6155,89.3229,29.4298,1.3323,56.019,51.7385,15.6716,21.2744,3.30558,43,0.246592,0.882028,375.668,94.7146,125.036,28.1597,1.44402,61.1578,55.9647,18.8847,22.6272,3.98335,57,0.217948,0.907372,492.957,110.664,118.677,35.2047,1.5181,75.0854,59.8908,20.5695,31.1715,3.99092,48,0.243918,1.04361,412.677,103.011,84.7037,32.5935,2.65767,58.887,55.3122,15.4612,25.525,4.38882,53,0.265097,0.777638,560.492,115.258,129.205,39.3438,1.83095,74.9986,63.2451,21.5177,33.0775,5.12372,38,0.327336,1.07877,517.409,143.153,163.567,125.766,1.44555,81.6931,64.6699,22.8039,40.8742,4.15543,38,0.318121,1.08663,449.562,109.565,162.301,149.188,5.11006,73.3256,61.7016,22.5729,45.5974,6.35764,58,0.281208,0.859097,679.575,132.736,140.137,43.152,1.21773,85.9996,74.8717,22.6309,38.1594,3.13726,38,0.461364,1.16745,3231.66,516.818,476.72,114.939,1.22464,165.191,73.4216,43.6829,50.187,4.94229,3,0.185547,0.631109,,,,,,,,,,,,,,,,,,,,,,,,,,
decoupled_wbc_h066_p012,2795,complete,90,18,15.855,3.5273,0.266056,0.231409,511.404,103.131,82.3948,29.5873,2.3377,78.8398,66.1309,20.0228,32.0245,4.26484,51,0.348234,0.926633,436.955,130.566,113.918,63.0784,1.21059,67.6925,65.8957,19.2946,29.5051,3.51166,52,0.24049,0.794998,449.711,111.479,103.737,36.4128,2.32589,67.4136,61.26,17.2651,24.4231,3.53275,42,0.282935,1.0792,605.784,155.778,134.088,33.1315,2.26966,77.3887,79.0829,23.0159,28.9501,4.80955,41,0.325849,1.23808,392.547,137.522,117.888,86.5888,2.82562,60.2978,64.7998,17.7801,32.2552,5.27849,35,0.230219,0.885572,345.854,109.361,107.959,47.715,1.32188,54.5652,53.1488,16.2615,26.401,3.33476,32,0.25187,0.977671,473.065,123.14,116.011,109.709,4.11764,68.7447,54.8588,20.4228,34.3051,6.66057,42,0.208548,0.93267,446.929,78.622,96.7552,61.6911,2.33921,67.2223,50.973,19.6316,25.9798,5.33274,46,0.324225,0.965824,395.972,120.478,127.271,37.0518,2.06733,58.8296,59.5995,17.6419,25.9258,3.94594,34,0.268031,0.952236,516.004,131.052,106.997,70.1378,1.69709,71.1371,65.7926,19.2681,32.7744,5.57971,41,0.273363,1.11201,322.188,92.6312,93.2606,32.6604,1.80806,44.7662,44.4566,13.2732,18.542,3.0749,36,0.19813,0.738225,379.982,91.7781,120.983,46.8846,1.23438,59.3281,48.8528,18.7854,25.1259,3.64283,41,0.211964,0.928541,438.664,126.865,129.342,43.9268,2.25318,65.6,63.2033,19.0718,26.2348,5.09,40,0.234515,0.875716,620.942,125.987,132.9,52.088,1.71143,85.2266,60.002,23.2676,30.8792,5.43721,44,0.341928,1.1259,480.123,90.6249,88.9875,33.1616,2.21683,67.3619,55.7206,18.0708,21.7741,4.8059,53,0.278467,0.90874,868.907,157.333,190.643,46.6511,1.96757,93.3513,71.9983,28.0596,27.7907,4.86424,44,0.209364,0.927777,514.436,102.212,101.441,33.3691,1.71958,68.2985,59.3384,17.0638,22.6843,3.60037,36,0.390211,1.13803,491.137,151.808,122.317,39.6288,1.60556,74.7101,60.9286,20.7084,25.8979,5.42326,39,0.286008,1.00049
decoupled_wbc_h066_p012,2796,complete,90,18,23.7536,3.07029,0.150555,0.300099,399.504,110.363,89.0745,22.8756,1.31235,62.0286,62.8955,16.9895,28.0661,3.8518,38,0.272001,1.00025,351.1,97.0048,95.5939,30.9711,1.75113,57.7395,55.2578,16.3597,24.9194,3.59296,35,0.276351,0.951477,418.803,108.83,93.9792,29.5347,1.4797,68.5757,62.2358,18.348,28.6933,4.00596,55,0.266005,0.775223,368.444,141.467,100.003,33.1885,2.89724,62.975,65.4462,17.041,25.5377,3.42186,53,0.217344,0.741695,310.057,97.9217,106.406,57.1333,2.57993,56.645,55.7783,16.8549,27.0186,5.3959,34,0.281066,0.998035,383.462,103.38,94.5196,34.2511,1.5639,58.9063,55.8048,15.8948,25.4975,4.98759,41,0.281968,0.924164,1047.43,292.671,195.632,35.9262,3.26651,108.847,92.8531,30.5373,34.7492,9.63069,30,0.402631,1.45562,473.259,124.152,118.094,27.5282,2.07416,75.3153,65.0464,20.0088,21.211,5.22176,45,0.329988,1.07985,420.317,105.518,121.678,22.0589,1.56443,66.7253,54.342,20.0744,23.7812,4.03616,37,0.306444,1.14478,391.54,90.8741,75.22,15.5963,1.35768,57.1335,54.5548,14.3691,18.8323,3.68635,36,0.294645,0.920132,598.232,126.148,120.209,29.4863,1.46417,83.5914,64.7122,22.5796,29.9821,5.26326,42,0.324052,1.19262,513.387,120.205,223.297,155.651,2.7499,80.1341,60.1561,25.943,45.5878,8.27964,44,0.353674,0.963463,673.573,146.365,163.174,94.1468,2.66227,84.2299,67.06,25.0015,40.5787,6.05627,49,0.257681,1.05183,544.614,133.267,119.995,54.3012,2.81913,81.4413,65.3739,20.8561,32.2827,4.59759,40,0.300723,1.04562,373.377,87.7457,78.375,29.2295,1.79859,51.5796,53.335,13.7292,16.7601,2.96269,40,0.348725,0.918976,433.81,106.652,97.3706,33.6038,2.4302,60.8171,54.808,17.8735,26.1687,3.76973,48,0.212976,0.828132,567.287,105.415,126.54,29.139,1.54464,73.9801,57.5394,22.183,26.7032,4.49913,47,0.214918,0.843042,566,124.39,106.562,25.2162,2.3472,80.5134,72.4258,20.9593,24.557,4.20905,39,0.340873,0.994457
decoupled_wbc_h066_p012,2797,complete,90,18,16.5149,3.09525,0.242531,0.33898,329.373,94.0611,102.548,42.7576,2.69551,55.2637,54.3654,16.473,24.6858,3.75523,41,0.246296,0.935,401.649,114.466,102.838,38.1736,2.33803,57.5024,58.6051,16.6308,24.4679,4.24587,33,0.326752,0.942027,472.219,123.058,120.125,45.8076,1.51611,70.533,58.4852,18.0481,23.5311,3.84604,34,0.350986,1.14133,389.263,100.609,98.7491,26.6327,1.81586,64.3968,60.2242,17.9287,21.3696,3.75908,49,0.26264,0.881693,405.842,83.956,81.9035,26.5464,1.22685,61.26,53.3376,15.842,18.3542,3.1167,45,0.271917,0.925325,397.509,117.99,131.985,46.8836,1.75198,68.3403,59.7053,19.64,27.8428,3.70219,44,0.211814,1.08699,433.54,112.524,144.217,83.7916,3.28523,72.0052,58.9419,18.4877,26.9444,3.98507,39,0.340764,1.04821,349.799,73.2914,98.4138,19.3989,1.47912,55.754,43.0193,16.3187,19.0773,2.88973,42,0.279302,1.15548,338.002,138.785,124.843,118.159,2.08343,58.7316,66.8854,18.3233,34.3847,4.22742,59,0.169305,0.728458,414.497,88.3425,99.2739,160.27,25.0955,63.4543,54.5532,17.196,44.6084,14.2568,42,0.326934,0.98601,383.321,90.2383,100.889,34.3547,1.43392,61.2012,51.1205,16.7564,30.0448,2.75376,46,0.264212,0.978062,985.299,294.629,147.886,76.4271,4.26651,98.8664,81.6687,24.344,49.4179,6.82385,32,0.469692,1.39771,374.737,93.9325,102.154,36.296,1.88823,59.8362,55.9225,16.2435,32.1842,3.39092,41,0.227079,0.968739,387.267,90.9025,105.704,35.8709,0.853107,63.1797,51.8333,17.9355,32.6337,2.83747,43,0.24714,0.914732,931.028,318.299,193.994,63.2383,1.75704,105.687,90.4644,28.816,51.9281,4.60729,41,0.246116,1.17421,560.246,177.154,127.501,64.1984,2.14122,82.3459,70.531,21.7442,39.9908,4.24996,38,0.37575,1.01597,491.823,109.939,98.4885,22.1739,1.48067,73.5643,63.1241,18.8632,29.1691,3.77274,43,0.319238,1.00669,727.362,192.878,168.432,49.3684,1.29367,94.6304,78.2843,24.5705,42.3896,4.06595,36,0.346047,1.17878
decoupled_wbc_h066_p012,2798,complete,90,18,15.4807,2.82961,0.302687,0.0717443,394.631,92.7572,100.361,23.764,1.87614,69.1892,55.33,19.0332,27.4691,3.96985,45,0.262304,1.0217,309.288,75.84,84.137,33.0269,1.7843,56.2942,51.017,16.1985,20.8933,3.5357,47,0.249128,0.859887,397.452,112.884,110.235,34.1726,1.72609,63.0418,60.8933,17.517,24.3266,3.42571,34,0.30816,0.932942,411.979,72.6169,101.648,22.5463,1.82085,65.0315,45.201,17.7271,24.2208,2.90912,44,0.291077,1.03629,327.794,73.0832,99.4044,24.5058,1.48034,56.2042,50.7504,16.2945,28.8765,3.4214,42,0.321767,1.1028,313.147,91.827,121.99,30.8028,2.55332,56.02,51.295,16.6175,25.5959,4.84478,32,0.22146,0.975829,477.742,125.054,136.481,24.1593,1.74799,78.9695,68.5859,21.3598,33.6597,6.70192,42,0.276303,1.20041,578.482,140.812,108.026,35.6378,1.39799,68.4452,63.2348,18.2543,30.1026,4.72841,40,0.293847,0.997311,486.98,133.629,123.687,66.0794,2.48981,73.1147,66.3375,18.5053,36.9773,4.90448,48,0.289844,0.826442,462.955,109.284,133.677,42.3062,2.01498,62.1157,56.4909,19.2181,37.1044,5.91971,44,0.234535,0.955821,355.089,86.5336,133.236,99.572,8.59979,53.8747,48.4981,17.268,38.2734,7.91794,51,0.178127,0.753239,501.794,142.572,112.511,40.2655,2.82661,62.1531,66.1614,17.3971,33.9248,4.58955,40,0.21355,0.897705,623.336,128.336,114.237,120.01,2.85678,80.9159,64.0398,19.5934,40.7873,6.33786,31,0.276469,1.16211,600.552,116.59,116.411,143.306,4.26886,81.6151,61.2094,20.971,46.7131,6.34798,35,0.284909,1.20246,565.798,116.532,106.235,40.2696,1.43314,79.2553,66.6491,19.0033,41.1293,2.97306,40,0.316598,1.12474,781.647,134.405,127.414,139.115,3.39022,86.2486,68.3303,21.9876,51.7347,6.94896,36,0.354332,1.33315,431.526,110.742,99.3533,23.4878,2.14748,61.5731,61.7368,16.0236,29.193,4.56606,50,0.315505,0.893981,447.727,91.3767,96.0293,22.0978,1.4315,61.0166,48.8256,18.027,29.8417,4.57006,35,0.314259,1.09894
decoupled_wbc_h066_p012,2799,complete,90,18,19.5771,2.83813,0.248607,0.315024,368.788,70.0246,78.3697,26.2779,1.41794,56.1449,48.4766,16.3961,22.6704,3.19102,41,0.265934,0.93156,403.432,106.348,107.054,32.5187,1.71898,61.8137,59.2819,16.8619,27.4346,4.08475,43,0.292381,0.947001,501.305,104.629,113.665,20.0952,2.16822,76.5919,61.657,21.3868,26.3654,4.4995,48,0.343389,1.01846,466.041,96.036,87.8878,23.6973,2.43925,68.1169,54.4277,16.3401,20.2511,3.07765,42,0.315981,0.943147,558.77,137.842,152.618,88.6169,2.37256,85.2855,73.7528,23.0779,37.2661,4.53363,41,0.293619,1.0553,505.551,140.692,120.107,56.3151,2.56133,77.3699,65.4083,18.6737,30.7481,4.23359,36,0.326977,1.15055,372.494,115.906,93.595,24.7906,1.49912,60.0154,62.6305,15.3507,22.7511,3.21368,46,0.253037,0.943895,449.035,131.785,109.816,24.3705,1.92921,70.0328,60.9728,19.2413,24.3553,3.58834,34,0.362263,1.08184,504.224,135.726,124.977,36.6654,2.18653,77.0236,68.6257,19.983,29.7895,3.52718,42,0.309833,0.950867,496.88,136.85,145.572,125.702,4.42467,67.9453,61.7633,19.8194,40.2144,6.97731,39,0.199484,0.952665,377.494,118.406,108.636,43.2001,1.48055,59.9827,58.1123,18.7734,28.0092,3.19977,32,0.277434,0.891644,438.714,121.006,139.253,52.7043,1.90319,68.1021,63.8424,20.2975,27.7043,4.47535,51,0.19016,1.06559,475.488,95.735,171.662,174.426,10.3155,71.4622,57.788,24.5089,41.7359,11.7209,42,0.303518,1.08149,456.881,127.55,132.677,36.8882,2.03712,69.8618,66.0749,20.0264,29.186,3.62316,43,0.329682,1.04163,425.479,139.878,142.594,29.1359,2.53145,62.9625,60.1636,19.7034,27.7752,4.05717,29,0.346743,1.19568,356.633,108.899,107.786,22.63,1.0446,66.2976,60.5742,18.4443,23.2458,3.41214,50,0.250654,0.865421,888.152,159.024,126.541,65.7383,2.07721,100.479,75.0423,24.6539,34.5941,6.31665,36,0.332857,1.41913,614.703,234.605,121.874,56.7426,1.36446,77.0539,70.5035,20.8793,33.851,6.47992,38,0.38402,1.17598
decoupled_wbc_h066_p012,2800,fell,51.24,11,33.5189,14.8124,1.0883,3.20755,431.301,96.1063,98.1681,28.7492,3.13004,65.7554,55.3782,18.6636,31.2175,5.09457,52,0.272868,0.894951,471.796,113.515,102.396,34.4569,2.42203,72.4099,62.091,19.0256,35.3252,6.26767,52,0.292853,0.881791,405.037,79.9439,107.538,25.8443,2.52419,62.5903,52.3641,17.0045,30.2839,5.22331,31,0.428715,1.29857,408.57,113.546,95.2356,19.2877,1.60187,64.2415,61.9166,17.1914,27.5037,3.89667,45,0.265127,0.915545,463.459,113.218,120.032,19.1915,1.71396,75.0591,59.2135,19.5675,26.6035,3.5236,47,0.293694,1.0332,376.13,107.469,102.321,31.5092,1.99903,62.8662,60.3172,16.9065,26.5003,3.69626,46,0.247662,0.920413,354.823,98.4598,103.108,33.8733,2.09355,55.7343,56.9227,15.0486,23.6264,3.60419,41,0.273409,0.857282,591.34,158.066,148.127,31.371,1.36809,88.6934,70.8106,23.3109,27.9943,4.61116,44,0.359422,1.04366,537.815,117.018,105.264,24.5091,1.59096,79.63,68.1472,20.4992,21.3363,4.46226,50,0.298862,0.856377,412.619,112.116,128.533,32.5675,1.57211,67.9011,63.5382,18.4928,22.0726,3.81161,41,0.302948,0.861349,3212.1,293.451,318.343,30.1942,0.654902,136.48,57.1144,32.894,24.7883,3.70557,4,0.0277519,2.99387,,,,,,,,,,,,,,,,,,,,,,,,,,,,,,,,,,,,,,,,,,,,,,,,,,,,,,,,,,,,,,,,,,,,,,,,,,,,,,,,,,,,,,,,,,,
decoupled_wbc_h066_p012,2801,fell,31.42,7,28.3389,10.4686,2.40282,3.50852,477.071,92.4219,90.7263,21.304,2.19282,69.3865,59.2523,18.5197,30.1056,4.33867,48,0.285051,0.916403,333.357,83.0759,103.174,36.0643,2.91948,56.8138,52.6778,16.6986,30.8544,5.30576,45,0.274863,0.905677,428.119,111.097,131.669,34.7728,2.15704,64.3815,58.0937,19.1824,34.7046,4.84068,43,0.260301,1.10301,444.562,85.6614,52.3131,25.8122,1.21576,63.3729,55.1131,12.7255,23.9498,2.67877,40,0.358433,0.949576,536.921,103.515,137.536,32.4096,2.11502,73.0007,54.7913,18.9984,30.3281,3.63097,40,0.344987,1.2986,398.933,95.5934,73.5303,29.0772,1.93597,57.2328,53.9224,13.4468,22.225,2.89479,42,0.248097,0.987266,3615.07,371.05,305.446,106.233,8.92304,162.163,79.9348,36.9311,51.3338,11.3606,5,0.111815,1.95227,,,,,,,,,,,,,,,,,,,,,,,,,,,,,,,,,,,,,,,,,,,,,,,,,,,,,,,,,,,,,,,,,,,,,,,,,,,,,,,,,,,,,,,,,,,,,,,,,,,,,,,,,,,,,,,,,,,,,,,,,,,,,,,,,,,,,,,,,,,,,,,
decoupled_wbc_h066_p012,2802,complete,90,18,16.975,3.20382,0.167025,0.240602,375.211,84.6815,86.0309,19.8104,1.85665,61.7148,53.4509,17.0564,27.193,3.71402,43,0.269021,0.968475,371.251,83.4178,95.5263,28.341,2.60847,59.2407,51.8988,17.33,29.1785,3.65727,45,0.308233,0.990241,451.628,87.3169,88.3965,25.2607,2.1688,66.8978,53.8367,16.6166,25.4372,3.57876,40,0.312806,0.969451,432.571,87.6109,115.149,22.4298,1.74105,63.8994,54.7092,19.1993,28.4932,4.99355,44,0.373028,1.08572,395.815,83.7506,92.2453,19.8342,1.30072,58.638,55.441,15.9499,24.7566,4.33891,43,0.319073,0.92249,486.089,97.8555,129.324,23.492,1.12934,73.4895,60.5684,21.6166,25.4616,4.90332,43,0.299809,1.1489,387.775,68.2416,75.8536,33.7242,2.00422,61.0601,50.8349,17.3111,23.6203,5.06355,48,0.250869,0.844503,440.469,103.162,139.344,140.354,3.89614,66.369,59.6738,22.3175,35.2895,8.15337,46,0.280661,0.935403,636.833,137.3,129.527,26.9934,2.15635,81.7781,68.4008,24.8427,27.6057,6.65654,54,0.338081,1.0452,617.004,121.592,130.548,44.2329,2.49132,76.4741,59.679,24.7336,36.002,7.27826,40,0.28896,1.09524,443.085,120.464,117.376,26.7558,2.3854,76.3796,59.1617,21.855,25.6414,4.10787,46,0.347681,0.997803,439.28,101.495,82.0391,45.6973,1.24138,68.6183,59.8931,18.788,26.4279,3.97174,57,0.285812,0.832493,453.594,91.7084,106.2,22.5846,1.84069,67.8152,53.7366,19.8068,24.4955,4.21474,42,0.342671,1.18506,442.497,90.3293,110.307,24.1209,2.03895,64.2431,54.171,19.0486,23.9553,4.82256,46,0.298617,0.971841,393.605,83.1188,76.8689,19.1398,2.08092,57.5346,51.8806,16.8331,23.2049,4.74235,36,0.364009,1.10015,461.838,102.45,80.985,19.1666,2.25286,64.2377,58.5453,17.5815,28.0509,5.9031,38,0.333571,1.07035,317.441,68.0796,86.7709,14.8814,2.47874,47.3106,41.101,15.0884,23.9944,6.56,41,0.260144,0.937481,333.235,79.8102,85.0696,9.97809,2.44987,52.9967,50.3409,16.2863,21.7782,6.6727,44,0.232897,0.808607
decoupled_wbc_h066_p012,2803,complete,90,18,22.6546,2.84244,0.117817,0.0381014,398.136,80.5049,96.2809,21.9073,2.08033,66.4195,52.1831,18.0786,28.9532,3.97454,41,0.342986,1.07288,391.359,76.2784,96.3555,29.002,1.9846,60.798,53.0023,16.3082,26.042,3.68542,45,0.294891,0.824022,399.066,98.8823,118.552,26.3727,1.82357,67.3969,52.8679,19.4518,28.8591,4.41039,35,0.409883,1.30146,390.445,108.279,86.3896,30.2338,2.22119,59.8408,63.28,15.3678,25.2795,5.19815,40,0.336161,0.968935,349.094,95.4459,100.656,35.3567,1.36919,53.4231,53.2566,15.4563,22.5349,3.91622,27,0.267971,0.881175,211.506,98.4055,96.3545,42.3607,1.52756,37.2602,45.9047,15.0201,22.9183,3.85626,21,0.126278,0.795771,301.319,108.463,106.905,36.8885,1.55129,56.8445,59.1014,16.6805,25.5433,4.72121,42,0.176064,0.871045,371.273,129.153,103.828,36.4682,1.92445,65.7899,63.2011,18.2526,29.9573,4.93103,53,0.202897,0.778158,1152.45,372.587,160.164,65.2064,1.91116,110.397,102.737,26.1485,40.9616,7.35982,24,0.481104,1.59483,1389.54,261.727,232.425,50.787,1.73063,116.123,95.0646,30.5991,36.6279,6.75081,47,0.292649,0.984571,456.558,110.5,118.656,36.8378,2.5121,71.1887,58.7849,20.0031,26.4367,5.72588,50,0.289678,1.02845,371.405,108.382,97.8951,77.5687,2.7261,55.283,52.792,14.794,20.9929,5.10402,50,0.207509,0.763189,472.965,119.027,132.798,80.634,3.62939,73.4817,62.1487,22.1753,29.2909,7.2504,42,0.261157,1.01313,378.9,101.277,94.7395,83.5506,2.32402,56.9948,51.4396,17.9803,23.9975,4.91084,47,0.263431,0.986987,495.74,102.996,102.052,42.2445,1.53875,77.2102,61.906,19.828,26.3255,5.95998,50,0.333525,0.995921,624.28,123.16,112.771,25.1387,2.37874,87.2215,68.6939,22.9504,29.5164,5.6544,45,0.344328,1.17488,452.684,108.304,90.8167,30.3173,1.68023,63.7691,59.0336,16.3209,27.3093,5.00848,37,0.282362,0.944201,321.498,100.035,109.829,33.5204,2.66037,60.8308,56.3216,17.8653,27.2794,4.65406,52,0.248769,0.895937
decoupled_wbc_h066_p012,2804,fell,75.76,16,20.2671,6.20245,1.81846,0.910543,376.564,105.767,99.5635,30.3634,2.46495,58.1819,60.6507,17.2409,31.5381,5.40394,32,0.308433,1.07521,402.996,108.646,116.065,47.5041,2.86615,62.8163,64.0125,17.4952,36.2374,7.16438,51,0.281689,0.868383,343.599,68.1132,93.1227,35.1158,2.62485,53.4845,41.7864,15.3738,27.3233,5.60001,40,0.283714,1.07723,375.694,86.6648,104.26,33.7777,2.1349,57.5169,51.2391,16.2941,28.975,5.04741,40,0.332172,1.21469,584.662,98.2435,119.399,28.0379,2.04042,80.1009,58.2617,22.3468,32.6276,4.56732,42,0.329756,1.16214,414.089,99.4423,110.769,21.2889,2.46628,60.0722,61.1482,16.7584,27.9416,4.30826,46,0.296134,0.960023,371.446,105.08,115.217,27.1321,2.08224,61.2082,57.1592,18.4374,34.1723,4.81377,51,0.271307,0.867377,420.929,104.335,165.19,25.8445,1.44441,70.7847,57.7204,21.4081,36.2985,5.36791,47,0.303752,1.03045,450.021,103.288,120.153,30.6966,2.33427,66.1867,58.5475,18.9505,28.5602,4.79148,46,0.294317,0.924481,529.842,112.711,102.969,28.6533,1.93601,75.9018,63.207,18.7891,26.8667,3.92766,46,0.366399,0.943504,624.895,117.617,106.635,59.0417,1.82038,76.6455,66.5016,19.6648,37.5324,5.14069,32,0.490818,1.33574,722.499,299.401,156.959,81.6172,3.06013,89.7917,83.3466,23.2909,43.4029,6.84805,34,0.534825,1.37717,421.664,102.537,137.012,25.3663,1.93058,65.3742,57.1951,19.8413,29.9919,4.88273,42,0.298076,0.988426,336.404,82.3713,102.276,24.8032,1.4397,58.8891,52.8557,16.5996,26.6687,3.4819,54,0.22576,0.858202,438.055,145.938,114.672,49.1292,2.14224,61.6204,58.6456,17.8364,32.1962,2.97845,42,0.221877,0.832248,2080.04,288.802,294.568,164.652,8.15052,97.7283,45.3767,24.9228,39.8668,8.8187,3,0,4.45468,,,,,,,,,,,,,,,,,,,,,,,,,,
decoupled_wbc_h066_p012,2805,complete,90,18,15.1353,3.31172,0.108492,0.0768743,381.722,81.7758,74.0788,22.5903,1.53699,58.0977,51.0852,14.8328,24.6066,3.48795,38,0.332106,1.00247,340.331,86.528,92.8061,33.6133,1.17428,59.5562,50.7551,16.9086,29.1843,3.98647,49,0.232621,0.90509,332.639,106.594,102.967,37.8304,2.68144,56.7798,56.1661,16.2608,22.8628,5.40888,44,0.198944,0.841182,411.109,90.1479,99.4465,29.5763,1.93459,59.5759,53.6537,16.8387,20.113,5.07112,43,0.274112,0.927128,513.958,115.837,112.506,59.4076,3.05484,78.8582,61.5263,18.7864,28.3203,7.48451,38,0.365729,1.2232,330.487,77.6203,59.2011,16.4458,1.88629,49.5363,50.2685,11.8456,16.1788,4.14142,38,0.282297,0.877947,492.065,92.0084,96.4085,85.5501,3.5245,65.8618,56.4306,17.0859,25.1348,5.78789,40,0.252925,1.08275,263.938,60.0261,69.9527,35.4417,2.23566,43.6057,39.0865,13.0958,21.7707,3.30343,35,0.204569,0.790515,314.223,73.6918,64.6909,46.5952,2.28045,47.407,47.3785,13.919,27.3585,4.8677,43,0.269713,0.887681,505.56,106.748,112.686,32.351,3.03773,71.7954,55.6676,20.078,28.2126,5.38386,35,0.267817,1.02553,347.944,102.457,126.883,119.588,9.56306,60.8633,59.5402,20.1425,41.2544,12.127,38,0.292662,0.993822,1682.52,490.512,339.437,74.3853,2.2112,134.35,118.159,41.3599,48.3662,8.00928,29,0.464342,1.29129,289.382,95.0538,88.8348,37.9432,2.31811,47.2165,49.4768,16.1053,25.6319,4.00799,31,0.182344,0.848881,594.521,128.906,131.398,89.3365,7.34974,78.2928,69.3847,22.2531,37.6488,10.6046,41,0.340911,1.11497,379.125,117.89,87.2314,30.3555,0.607723,56.5842,63.6934,15.675,22.0405,3.62473,39,0.275803,0.875319,492.767,177.37,120.852,50.9832,1.59163,69.4272,65.6235,19.2833,33.1831,4.18532,57,0.219052,0.77368,369.772,119.058,103.771,49.3149,1.37304,59.3629,61.0042,17.2693,33.3317,4.76643,32,0.211212,0.894912,369.352,92.4626,79.8207,41.4186,1.52679,56.0355,51.5176,14.2449,27.1486,4.66899,42,0.249955,0.806743
decoupled_wbc_h066_p012,2806,complete,90,18,18.2395,2.94594,0.0704321,0.106756,418.439,100.928,114.314,18.6452,2.36113,68.7529,62.4984,18.9295,27.4881,4.02531,36,0.283107,1.03275,387.7,100.255,89.2226,15.8163,1.23866,63.7437,57.6113,17.9396,27.2839,5.01988,40,0.295756,1.00424,537.469,112.924,131.625,22.7121,2.25744,75.4595,62.2804,21.5719,30.7666,5.86603,41,0.29442,1.14987,283.751,74.2578,89.4308,50.2579,2.95856,51.063,45.7538,15.0538,23.4818,4.63818,36,0.301843,1.03404,486.503,121.767,146.657,22.9071,1.49904,71.2204,54.7824,21.7852,25.8894,3.94708,44,0.329526,1.10407,459.763,106.772,103.042,44.0024,2.08391,64.3842,61.8072,17.1762,21.2105,3.83368,38,0.383658,1.08167,528.629,125.378,117.57,27.2608,1.13576,75.7696,64.9025,20.7136,27.0896,3.46014,38,0.310449,1.06443,410.735,73.5318,90.4027,72.4616,1.83216,62.0797,45.6662,16.957,29.8309,3.55141,38,0.291078,1.00947,373.595,93.4694,117.338,93.5481,12.35,60.7899,53.8166,17.6731,29.6143,12.3631,37,0.33911,0.859283,396.969,110.464,90.389,31.2154,1.93163,63.048,52.9718,16.4527,18.9043,3.16534,38,0.289929,1.08452,565.938,120.39,134.856,38.6104,1.95796,85.4229,59.8028,22.016,26.3101,3.48588,44,0.438724,1.12926,1262.69,187.181,176.521,44.4673,1.89701,116.117,88.8313,30.9898,31.8543,4.4734,38,0.353078,1.27823,540.997,105.487,122.992,32.9492,1.91771,74.4204,57.9013,20.8854,22.1145,4.46542,43,0.259243,0.962651,877.042,153.276,120.6,32.5251,1.72601,83.3006,75.4643,21.0489,27.9838,4.30431,38,0.406753,1.10612,563.293,174.742,131.279,63.064,1.81464,78.0145,62.2757,21.8554,32.3233,5.12035,39,0.331145,1.02193,636.393,138.693,108.295,33.6514,1.36721,79.723,71.6986,21.12,31.793,5.54038,38,0.380106,1.3575,407.168,117.998,127.838,144.18,4.20671,66.8165,59.6943,19.3019,36.6916,5.89267,52,0.248901,0.834121,379.779,67.1895,83.7285,37.2788,1.14528,59.1436,45.8764,14.7936,24.6603,3.26027,40,0.309146,0.984544
decoupled_wbc_h066_p012,2807,fell,85.82,18,20.0663,12.2009,1.71346,2.34978,383.997,96.3434,94.2952,38.1711,2.01273,60.616,54.4956,16.594,28.7791,5.02092,44,0.3007,0.897729,388.735,100.056,114.024,36.4481,1.03261,61.647,53.1095,18.0223,28.0627,4.84644,35,0.300352,1.12063,391.666,105.68,88.8785,35.2183,1.63376,58.3145,55.3186,16.4789,27.0196,3.75493,44,0.25836,0.76558,369.217,83.1598,78.4244,40.207,1.68027,58.7957,54.7426,15.181,28.9249,4.58196,45,0.288767,0.876195,427.003,89.2894,80.6509,29.9134,1.61998,68.7647,54.2454,17.1247,30.1279,4.95667,41,0.377323,1.09131,351.614,102.789,82.3694,33.922,2.15777,58.9808,56.3292,15.0897,31.1577,3.90421,42,0.317866,0.862909,362.722,94.2717,82.8906,35.0668,1.04954,59.5561,52.0786,15.518,27.8916,2.96997,47,0.258814,0.860177,446.534,108.247,98.6998,66.8456,1.55529,61.5926,58.1128,15.5429,31.3284,3.49991,29,0.352853,1.22593,502.42,134.817,118.016,54.4969,1.49265,71.5382,64.4555,19.4813,32.4322,4.6533,36,0.260234,1.08022,453.347,120.604,116.845,38.6458,2.05285,69.4202,62.5492,18.4617,31.4659,5.73595,36,0.300916,1.06087,525.618,134.953,183.28,206.564,16.5506,70.7198,62.7376,22.8334,46.2198,13.9608,40,0.190458,1.009,471.902,108.702,106.116,40.1399,1.60975,73.6563,61.0431,20.1782,33.6003,5.69107,38,0.357706,1.13422,381.696,98.0879,88.0232,37.2639,2.15792,55.0001,55.7593,13.6214,23.3494,3.30904,44,0.223285,0.918879,500.91,97.6373,119.212,41.346,2.36267,66.0895,56.8384,17.4817,26.4675,3.7917,39,0.253113,0.994162,665.393,115.801,143.042,38.5291,2.19347,70.4721,56.566,20.2649,31.4393,5.03155,39,0.256143,1.14563,287.363,89.6199,107.885,32.1371,2.53061,50.2181,49.4606,16.6604,30.9616,5.95814,35,0.212015,0.820088,744.906,193.297,135.074,45.6223,2.3519,85.6073,73.0811,21.32,43.7737,5.86204,32,0.441259,1.33693,2874.77,149.135,435.774,111.99,7.82606,136.015,37.7526,30.4403,46.8325,11.2451,1,0.35997,1.04696
decoupled_wbc_h066_p012,2808,complete,90,18,17.7007,3.12122,0.19768,0.202415,348.581,93.3185,92.1952,32.9353,1.85757,56.9198,52.9736,15.8903,28.2864,4.05893,42,0.258017,0.868089,439.31,113.366,112.885,73.9504,3.84889,71.9647,61.7678,20.1308,36.2535,5.69843,44,0.291069,1.04739,423.964,87.3998,119.336,21.9938,1.71946,63.0391,54.5188,19.9272,30.0051,3.8512,38,0.360593,1.04324,419.552,103.273,90.4556,26.6857,1.30883,71.3455,62.1198,18.7745,28.7291,3.17681,49,0.287502,0.865309,399.629,96.3952,97.2947,22.0475,1.64434,64.9675,58.37,18.9545,29.2943,4.08573,50,0.238388,0.805001,394.299,100.149,99.7075,25.2198,1.24397,66.5659,57.7667,19.3748,28.1505,4.5002,43,0.29029,0.941755,341.239,83.9144,74.5334,24.2711,1.89233,53.2109,51.5634,14.7084,22.085,3.54475,45,0.266837,0.846464,474.343,132.027,134.326,35.7084,2.12421,76.1498,59.6218,21.3496,33.3567,4.59812,42,0.329995,0.945697,420.367,109.498,87.4521,31.4099,1.53272,67.2564,54.5249,18.6836,27.3324,3.49456,41,0.323663,1.07736,417.872,104.725,100.054,29.3878,1.89208,66.9162,56.54,19.0072,28.8099,4.59701,36,0.346606,0.938963,448.343,113.122,118.261,28.4583,1.56951,68.6224,65.6128,20.9342,31.2031,5.08468,43,0.285874,0.99408,464.802,97.3802,103.561,57.7888,2.40615,63.9526,54.4097,18.2873,32.0117,6.48941,40,0.295018,1.05323,541.959,177.269,146.738,175.902,18.3196,79.4776,80.8807,22.1672,50.6517,12.5654,55,0.292621,0.799136,415.312,91.912,96.2811,59.5067,3.54121,66.5937,53.6811,19.2478,33.3861,6.36883,35,0.266592,1.14756,531.914,115.023,103.602,32.2744,3.18431,66.3804,60.0727,20.6808,30.4061,5.70486,36,0.401106,1.26836,345.59,86.6012,79.5375,22.811,1.83233,53.4276,55.0126,15.1265,23.3324,3.95231,41,0.300369,0.908018,507.512,136.649,116.791,70.171,2.15971,71.509,66.7554,20.3367,33.5226,4.58778,39,0.311587,0.911957,712.735,126.969,191.654,219.703,32.3197,87.6555,66.6159,28.7795,57.3336,19.9109,38,0.319415,1.14538
decoupled_wbc_h066_p012,2809,complete,90,18,14.3891,3.29975,0.17657,0.283205,354.676,79.0335,99.0959,31.9884,1.97881,60.4122,49.807,17.7068,28.0047,4.07376,42,0.287464,0.946539,346.568,70.7161,94.0276,35.0013,1.69302,52.926,42.3503,15.2416,20.6682,2.52885,37,0.332635,1.08388,354.49,76.3553,83.5942,27.675,1.37965,56.7069,45.6276,17.1106,18.7777,3.50763,45,0.288094,1.00773,408.216,111.452,110.991,27.9844,2.6566,67.442,62.4417,18.3616,20.9022,5.63435,54,0.253158,0.872794,498.31,95.4655,98.3986,62.5095,5.81376,67.6326,58.9709,17.1461,23.566,8.24386,29,0.357937,1.29074,514.683,110.67,128.249,18.619,1.58083,79.7752,67.077,22.0018,29.7366,5.85042,49,0.295235,0.984234,448.6,137.816,116.547,36.0347,1.94753,69.8816,60.638,18.4233,32.194,4.53169,40,0.326793,1.15544,375.91,106.289,98.9517,37.7298,1.60482,60.5728,60.3164,16.0545,34.0836,4.21134,46,0.292483,0.86021,331.257,109.168,90.0868,36.3881,1.88485,49.5233,57.9229,15.2906,30.7947,3.9216,29,0.294666,0.924176,322.636,84.3351,84.8076,32.6955,2.43633,53.3501,45.3659,15.3342,29.5199,3.55947,33,0.285841,0.99822,429.016,88.8489,97.4771,26.4462,1.09569,66.5045,57.1623,16.3937,27.8388,3.72375,37,0.321123,1.00523,513.404,96.8278,91.4159,100.648,2.98345,63.2841,58.2259,16.7422,31.6537,4.17474,40,0.307909,1.05986,434.156,103.72,116.827,42.8114,1.82112,64.5706,56.0226,17.6545,32.1364,3.4807,44,0.247655,1.01767,450.153,132.431,94.8016,46.1305,1.01288,66.3014,62.542,18.2393,36.827,3.0765,56,0.191622,0.713812,323.099,93.175,71.8018,39.1383,1.52868,45.3518,47.4774,13.1762,27.7004,2.7684,38,0.201035,0.636821,375.45,122.042,103.299,48.0646,1.46489,56.603,58.0903,16.402,35.0878,3.28608,37,0.245922,0.767974,676.854,132.046,148.657,58.3903,1.57017,82.4695,65.9577,22.4144,40.6891,4.57822,42,0.282791,0.905263,327.898,85.5117,126.357,41.2561,1.72446,53.567,51.0429,17.4049,30.6903,3.85295,37,0.22006,0.956975
decoupled_wbc_h066_p012,2810,complete,90,18,19.0474,2.56801,0.447812,0.50802,443.969,100.323,102.275,26.3628,3.31594,70.5284,60.4893,19.0152,31.1427,4.59404,46,0.292505,1.07027,374.643,105.124,94.1903,31.4396,2.1058,63.8088,59.6942,18.0054,26.8549,4.3699,50,0.27834,0.956873,435.691,94.4849,117.358,53.9993,2.40912,67.5927,62.1453,18.0704,26.1075,4.43374,48,0.321457,0.949912,383.186,89.7953,98.3278,26.9741,1.94796,59.6179,50.8485,18.2507,23.507,3.93786,45,0.268412,0.924326,462.169,72.4511,81.5361,63.9406,2.57369,64.4521,55.4749,17.0063,25.5914,4.71942,41,0.312078,1.04905,453.623,91.9826,107,32.4227,1.24346,66.9838,58.2389,19.6042,28.6085,4.05952,42,0.286597,1.03569,588.077,110.717,106.837,41.6522,2.33014,83.5684,66.1165,21.7618,35.2829,4.55374,42,0.371853,1.22493,542.219,96.3258,110.482,149.7,6.92466,72.8851,61.569,19.7304,37.2721,9.77971,38,0.364023,0.965609,506.064,128.514,131.097,213.292,27.7751,69.8892,63.5059,22.3187,52.7265,17.6914,40,0.337874,1.05235,550.005,114.609,89.837,23.4333,1.73005,65.4048,61.975,18.1153,27.4094,4.22573,38,0.423447,1.24094,444.293,91.9091,138.103,33.1813,2.02001,69.9491,55.6511,22.1546,34.2593,5.35421,44,0.384798,1.14631,1002.15,188.715,174.529,231.98,7.20867,96.8475,79.2043,27.0983,54.8502,11.3454,39,0.38589,1.105,562.012,152.185,159.624,26.9843,1.71147,82.4284,67.3605,23.7518,33.1811,4.75034,40,0.373584,1.02822,597.929,128.016,144.846,34.8339,1.41265,86.2402,69.5259,23.9682,33.9772,5.28716,43,0.298517,1.17664,369.056,96.4307,93.64,23.8945,1.65744,61.7371,58.0855,16.6907,22.9668,4.6361,43,0.246372,0.895617,850.088,147.723,139.814,40.2838,1.9057,104.317,77.2786,25.9304,28.3438,5.96601,40,0.363406,1.38984,826.821,327.686,182.419,48.158,1.32896,96.9606,84.4925,25.9281,33.7789,4.48877,29,0.381973,1.23819,773.378,127.654,133.962,36.421,2.06548,91.2864,72.7048,24.2189,30.0339,4.13047,37,0.405465,1.34212
decoupled_wbc_h066_p012,2811,fell,30.7,7,25.2568,18.5877,1.56942,0.229473,420.054,85.0126,99.4285,20.7298,2.10258,65.9798,53.2786,17.4296,27.4912,3.90092,39,0.296698,1.13842,370.709,80.364,101.463,54.6083,1.604,57.108,50.9294,15.415,32.219,4.67296,32,0.34021,1.1215,486.291,104.92,95.6328,26.763,2.40478,71.2523,63.4014,17.4068,32.1135,4.8121,40,0.316511,0.868974,508.752,102.013,103.219,24.813,1.86333,73.595,59.0057,18.5956,30.2868,5.21074,49,0.281111,1.15436,347.465,78.1762,129.188,25.6857,2.17556,57.9067,52.7372,17.9679,28.9715,6.03783,48,0.2713,0.99833,428.058,127.301,118.58,24.4571,1.59976,70.787,67.0144,20.2498,24.5491,4.6464,42,0.270509,0.931522,1915.88,334.652,167.454,22.1809,0.967076,79.8912,41.853,15.9554,14.0286,2.92363,2,0.149048,2.25233,,,,,,,,,,,,,,,,,,,,,,,,,,,,,,,,,,,,,,,,,,,,,,,,,,,,,,,,,,,,,,,,,,,,,,,,,,,,,,,,,,,,,,,,,,,,,,,,,,,,,,,,,,,,,,,,,,,,,,,,,,,,,,,,,,,,,,,,,,,,,,,
decoupled_wbc_h066_p012,2812,complete,90,18,19.6507,2.4705,0.195128,0.0916101,421.182,87.922,104.139,20.7736,2.82436,60.4921,54.8707,17.9599,26.0628,4.40933,34,0.306993,1.09893,385.731,64.2261,97.8175,17.9431,1.78217,59.7049,42.9855,17.0171,21.2081,3.3595,35,0.383503,1.06352,307.274,108.914,105.664,29.5831,1.69946,53.5551,53.5792,16.6803,22.1298,4.32441,57,0.202461,0.723741,439.447,111.494,114.686,31.8282,2.36205,66.7728,59.4225,18.3791,29.165,6.83823,47,0.266456,0.807194,470.615,109.952,124.115,92.0161,6.05407,71.4319,59.7221,20.2813,36.3336,8.56865,43,0.339143,0.966686,446.408,105.497,107.389,26.7715,1.3192,71.7741,60.7223,19.4752,33.8877,5.80207,44,0.351436,1.04262,377.823,93.9081,97.2284,18.6691,1.97242,62.3912,58.3067,16.7644,27.1868,4.47278,38,0.316726,0.958816,672.267,142.763,120.983,32.9386,1.45193,85.9414,72.6989,20.4334,30.6247,4.19805,42,0.401653,1.28227,382.23,115.831,121.135,31.4073,2.56759,62.5597,61.6,17.1839,24.1854,4.53924,43,0.256558,0.859456,486.215,108.599,109.501,31.2726,2.68276,76.6717,62.1929,20.3503,28.5504,6.31684,44,0.347206,0.958003,940.325,184.619,203.231,31.5346,3.07839,106.643,77.5161,32.3659,34.5638,10.8343,41,0.388861,1.3191,489.61,110.611,110.617,21.1914,2.49585,74.3926,61.1148,21.1561,28.4257,5.14557,48,0.290601,1.02095,588.522,135.81,144.528,37.6296,2.12919,76.7024,64.8391,22.5865,32.2572,3.85895,52,0.243855,0.909142,388.324,100.031,81.2948,30.4401,0.932308,56.8357,57.1885,13.9041,22.6512,2.90978,47,0.266711,0.807435,586.9,98.9718,126.415,31.6569,1.58019,78.8714,63.6936,20.2557,24.5582,4.65417,35,0.387311,1.32918,400.214,104.575,122.102,36.4491,1.75095,68.2246,53.6721,19.2619,24.6663,5.79639,36,0.306611,1.00417,622.252,130.7,140.285,53.9479,2.55574,76.2991,60.8362,22.6368,32.7621,8.02941,33,0.27798,1.29356,801.483,153.454,159.071,58.0352,2.16426,76.092,65.037,24.1724,34.2305,7.09959,40,0.154823,0.831216
decoupled_wbc_h066_p012,2813,complete,90,18,20.036,3.05496,0.139412,0.0841488,417.714,98.7377,101.23,26.4878,2.47101,63.4792,59.4334,17.5767,27.7534,4.83608,37,0.288499,0.927652,407.067,84.2519,124.318,30.0076,2.68856,65.5286,54.5665,21.3744,27.1765,4.9741,42,0.34166,0.994581,470.194,98.6692,85.4211,20.6756,2.04056,66.9758,57.6288,17.1506,23.5961,4.32669,42,0.351862,1.13342,536.283,106.88,109.338,30.9612,1.00673,71.5671,59.2843,18.1002,28.1897,4.58366,33,0.343306,1.10186,406.168,77.0775,74.8002,25.1101,2.17926,59.0808,49.328,15.4942,27.432,4.10455,42,0.312049,0.988037,329.208,93.8892,86.3692,30.1053,2.00791,56.1662,49.7924,15.5935,21.2732,3.87637,40,0.247005,0.885062,412.27,110.976,111.057,46.5376,2.7585,57.021,57.0401,17.1085,24.5033,4.32194,40,0.269061,0.857868,358.697,111.962,101.397,38.0702,2.30997,59.8239,55.3887,18.8453,29.702,5.65898,48,0.228303,0.922939,419.42,92.4614,104.303,32.6691,2.25877,60.577,56.5824,17.8026,28.0824,4.73972,37,0.306285,0.93514,441.521,103.823,109.731,27.6699,2.77612,67.8811,60.0491,21.2068,32.4063,6.31093,43,0.328558,1.06999,1156.28,392.076,228.072,45.3018,3.49777,118.187,108.402,34.3512,52.8492,9.63966,27,0.356668,1.45586,1199.1,326.4,165.74,37.8568,2.46512,109.45,102.424,29.373,41.1585,6.81077,35,0.362408,1.21083,589,231.703,184.367,42.4428,2.8481,89.6325,83.715,25.4347,39.0569,7.80129,44,0.349509,1.11444,910.648,298.937,188.269,33.3069,1.73386,107.125,90.1419,33.2631,41.4049,6.42211,31,0.505985,1.39128,408.202,109.691,96.7108,25.4164,2.00954,63.7891,58.5895,18.3947,26.4408,3.89574,48,0.250381,0.766064,364.728,83.7856,87.5319,26.0066,1.88432,59.3456,54.8182,17.438,27.8242,4.03778,38,0.247514,0.899405,877.615,132.149,115.88,50.0938,1.69524,86.005,60.1304,23.0859,33.4301,3.83178,42,0.265786,0.853224,209.288,59.9644,72.9854,30.7802,1.50923,31.0817,35.3113,10.9666,20.1964,2.599,44,0.124872,0.5634
decoupled_wbc_h066_p012,2814,complete,90,18,16.5054,3.42671,0.175504,0.234333,537.01,117.76,117.656,51.6444,2.96046,80.1533,73.1707,21.0723,32.6099,6.95906,48,0.283326,0.872266,404.583,86.3645,129.3,43.9696,3.0609,61.5848,48.1566,18.6673,26.4769,6.87101,45,0.315649,1.00745,466.88,112.601,112.556,81.0792,2.90538,67.573,64.4712,18.7085,29.6635,5.42498,45,0.274388,0.973591,495.839,112.494,104.367,22.2656,1.35652,74.8805,63.2815,19.2245,27.1494,4.22812,51,0.313838,0.815569,411.575,96.859,129.653,83.3923,1.97716,70.8002,58.7207,19.6795,32.3569,5.64994,49,0.307536,0.907463,460.751,77.403,94.3016,24.2328,2.10044,71.0125,53.1603,19.1145,26.2444,4.70467,48,0.322319,0.880178,419.771,105.169,97.3208,26.389,1.68003,59.7976,62.8035,15.5839,22.0848,3.82866,45,0.303596,0.876555,486.173,127.005,122.753,29.7899,2.17041,73.1688,62.3375,20.2506,26.2621,5.33387,42,0.260044,1.07271,437.455,96.3754,104.893,29.0544,1.73485,70.7382,59.1882,19.5331,23.235,4.76771,42,0.31297,1.05256,431.989,101.785,130.117,35.1548,1.45178,68.4961,58.7608,20.694,24.4533,5.36546,43,0.290622,1.03158,506.942,101.814,119.754,35.0991,2.25652,72.8237,55.8384,19.8712,23.3962,4.88805,49,0.309367,0.94599,728.91,126.26,125.452,30.7981,2.70801,88.7242,71.1957,23.8744,29.8983,5.99896,49,0.329949,0.988768,443.474,120.505,109.167,28.1795,2.55562,68.5149,57.834,17.9828,30.0256,4.64394,43,0.340128,0.921699,277.835,100.448,96.1495,41.2122,2.15226,51.3344,48.9733,15.8395,26.08,3.5148,43,0.182101,0.812544,394.901,107.632,116.49,37.1545,1.97104,62.6044,56.6601,18.271,20.6645,3.36178,30,0.446192,1.04441,339.918,112.16,130.589,41.5301,1.96445,56.9518,58.7804,19.3087,25.6735,4.46885,56,0.175627,0.727051,515.553,104.282,103.874,23.4337,2.1839,77.9001,63.1818,19.8043,23.8348,4.72627,55,0.324547,0.818996,649.357,147.142,118.854,31.4014,2.7745,83.1008,66.0386,21.011,24.9971,5.20527,43,0.31651,0.978106
decoupled_wbc_h066_p012,2815,complete,90,18,20.8925,3.04709,0.326169,0.345149,343.301,57.8509,75.524,15.5996,2.98085,57.8918,45.8246,17.0804,24.126,4.10634,43,0.303891,1.06885,362.044,93.297,112.74,20.704,1.37682,57.1249,56.522,16.811,24.9276,3.06871,47,0.276455,0.824335,417.179,100.049,90.7426,29.8288,2.95998,65.7341,57.2913,17.1895,26.703,3.02739,41,0.275201,0.879167,427.847,92.3367,98.8841,23.7122,2.72678,72.731,55.4317,19.6827,29.8157,4.23108,50,0.30499,0.995113,375.093,76.1503,95.6944,26.2202,1.66494,61.1556,48.1408,17.584,25.5117,3.52356,44,0.315314,1.07709,418.484,92.0315,95.7756,24.7166,2.05228,67.3672,58.7526,17.3794,23.1573,3.66277,47,0.289828,0.808498,426.572,107.596,133.155,93.7978,3.88037,65.3388,59.4941,20.2626,32.2038,7.54154,35,0.312617,1.08028,453.993,104.41,116.252,47.2538,2.81563,72.2807,60.4938,21.0073,31.2196,6.3467,45,0.332546,1.0684,356.419,102.634,111.134,82.5967,2.77548,57.8272,61.2059,17.9502,29.4011,5.39367,48,0.232694,0.822744,447.221,108.188,118.518,24.4667,1.58953,65.8295,59.4234,19.7082,26.6407,4.3547,42,0.247816,1.00823,370.841,123.64,112.602,21.9362,3.53279,66.5416,63.1449,19.1015,28.2467,4.15348,49,0.227719,0.867831,458.122,125.258,108.491,29.689,2.02209,76.8656,67.4056,19.8852,30.7934,4.57978,48,0.275145,0.978095,456.892,77.9231,106.579,134.009,4.97782,66.0049,51.3371,18.1439,37.3553,5.81127,39,0.334313,1.17715,513.097,93.2657,175.233,35.3516,2.32185,77.0519,55.5541,22.3077,38.0168,5.02814,36,0.479054,1.34932,443.441,97.7351,84.111,32.215,1.21675,66.9994,59.4453,17.8595,36.3076,4.28864,50,0.258605,0.931309,340.976,102.401,96.74,29.8044,1.49816,60.0943,61.2709,16.2107,33.1116,5.5904,50,0.201777,0.828415,680.565,125.127,128.647,111.035,5.87387,80.8047,64.9735,22.0065,49.6313,8.96359,47,0.279709,1.05639,857.042,158.095,117.404,37.2289,2.7118,89.4239,70.3402,23.0779,43.2885,6.46633,35,0.328581,1.39918
decoupled_wbc_h066_p012,2816,complete,90,18,15.9108,4.09542,0.133104,0.114188,382.451,92.1064,137.632,21.4466,2.10342,62.922,54.2809,20.0265,32.3798,4.81263,43,0.306512,1.20349,376.296,81.9995,113.041,26.6323,3.47987,60.0209,45.3664,18.3711,33.8183,5.92029,39,0.338645,1.09756,483.85,116.621,114.537,50.9422,2.54175,74.5311,63.4401,18.6243,36.5305,6.63439,38,0.292638,1.09642,446.562,113.917,128.659,120.201,2.79384,68.309,63.9981,19.4301,38.0266,5.74378,45,0.293735,0.944294,434.184,82.0459,140.523,102.367,26.2385,66.1633,51.6091,20.1381,34.008,13.6458,44,0.336747,1.27521,391.16,79.6197,119.018,27.5263,1.86428,66.3465,49.9639,19.7828,26.9862,5.74435,40,0.386612,1.22623,415.646,94.751,113.152,15.5164,2.12703,65.2465,54.2784,19.3061,26.5003,5.06274,48,0.294996,0.980337,434.075,112.95,125.887,69.6943,2.29688,64.796,56.9441,19.0238,25.432,6.03343,42,0.276157,0.933337,578.998,133.076,149.839,22.88,1.71341,82.5141,68.0297,23.007,24.1232,5.51154,50,0.309699,0.929915,576.035,141.749,185.825,159.733,8.43724,81.3009,66.8092,26.7502,45.4791,11.8756,39,0.248359,0.908959,706.188,135.302,128.228,32.1751,1.52283,83.8651,70.595,22.2764,26.8264,5.72859,44,0.346069,1.03249,451.485,92.1123,116.257,55.9564,3.78368,59.9519,56.31,16.912,26.1529,4.6397,45,0.249223,0.784644,397.957,99.9023,146.05,52.2526,2.08807,62.1098,54.199,19.1316,26.8781,6.05148,38,0.310071,0.925302,645.795,139.792,125.512,97.522,3.34029,88.2807,59.4306,22.8933,30.779,6.69118,36,0.308254,1.2721,501.286,141.553,137.535,33.0657,1.97389,74.0233,70.8857,21.4368,26.0315,6.73343,46,0.227165,0.889036,523.542,119.503,122.237,39.1844,2.61761,79.845,65.7761,21.0049,25.5564,5.08778,44,0.231676,0.856984,573.442,103.733,88.3674,33.9935,2.47504,78.0186,59.3311,17.2496,19.8616,4.48238,49,0.338782,0.946855,468.625,126.356,130.319,38.5615,2.19955,73.3636,64.4162,20.6422,22.6188,6.59099,40,0.237697,1.05413
decoupled_wbc_h066_p012,2817,complete,90,18,14.9833,3.46847,0.351059,0.266118,359.661,90.122,86.0831,17.3504,2.45776,59.4649,55.5046,17.3154,22.9347,4.0776,44,0.31265,0.969511,419.124,103.177,113.049,25.6659,2.54922,67.8536,55.4904,19.5525,29.916,5.9813,49,0.329925,1.11689,483.066,108.266,109.536,19.884,1.63413,76.3326,66.8896,18.9105,25.8414,5.91651,43,0.317253,1.08983,475.498,107.796,105.674,38.1838,1.58321,67.5788,58.1756,18.3792,27.46,5.13485,33,0.347849,1.09297,453.587,115.11,99.1866,34.3546,1.48193,66.0337,56.0093,17.1804,26.9699,5.06442,38,0.3192,1.03765,740.573,181.88,149.559,134.962,8.50354,87.6656,82.4805,24.1448,36.2331,9.70244,34,0.368568,1.35297,577.41,109.817,112.493,24.4371,2.35477,80.9368,65.6172,20.7961,28.7045,6.14004,47,0.365079,1.09524,340.239,59.9393,113.707,23.7258,1.61978,56.0593,44.5863,16.5973,23.01,5.20739,38,0.295502,1.21493,585.178,114.571,99.7667,52.105,2.10568,74.0104,62.188,17.4838,28.446,5.56066,34,0.439468,1.2745,626.438,186.354,109.316,26.0149,1.79866,82.5207,76.9126,19.6154,27.3608,4.75351,32,0.414598,1.20441,575.965,205.299,140.292,59.3526,1.59157,84.4901,75.9288,20.2963,33.8013,6.61728,33,0.413401,1.11,495.748,108.713,104.202,42.8582,1.96885,59.0269,56.543,16.0568,26.6066,5.96517,48,0.262833,0.842898,835.441,145.768,159.144,121.701,7.78598,97.5826,79.2071,24.2334,53.9289,12.1585,31,0.500312,1.3954,447.1,101.875,150.794,121.133,4.52427,68.2839,53.3607,19.6609,45.2235,7.09341,46,0.294552,0.874891,270.793,83.5779,70.4414,37.2088,2.13523,44.4446,46.6005,13.1922,28.9945,3.314,32,0.221564,0.830003,433.086,73.9268,65.9771,38.2221,2.5543,61.1358,47.1706,13.7312,30.4464,4.02186,38,0.268065,0.914379,1373.45,160.577,147.699,64.0978,2.76073,112.715,70.9199,28.8615,47.9359,6.17838,40,0.298088,1.23794,628.277,138.502,101.189,45.7779,2.00341,80.2701,65.3137,20.216,37.2956,4.39891,40,0.369822,1.21696
decoupled_wbc_h066_p012,2818,complete,90,18,11.276,3.60123,0.192466,0.0517654,397.016,82.0451,96.1134,37.853,2.13139,62.6054,51.3006,17.083,29.1704,4.42985,39,0.306445,1.02712,300.28,98.1578,113.519,46.274,2.34628,54.8067,55.1916,17.0049,27.8108,5.57543,40,0.235024,0.900784,394.553,96.518,93.2934,33.1254,1.41833,56.3865,54.9107,15.028,26.3316,5.41543,42,0.307857,1.04916,332.412,99.8681,117.663,36.9682,2.36748,61.0586,55.1764,17.2821,27.0319,6.41539,42,0.230974,0.873389,300.801,80.7016,64.4158,34.8898,1.57602,50.8562,49.4309,14.3463,20.9181,3.33101,44,0.272045,0.738389,326.874,104.034,117.353,39.2942,0.917176,57.2173,56.8878,16.2283,25.7501,3.56845,39,0.222529,0.913179,488.477,118.882,101.672,43.5616,1.33137,74.5736,61.2598,20.7226,34.1641,5.87604,42,0.290918,1.07742,339.527,101.299,88.4384,39.0781,2.25891,51.2237,53.488,14.1086,24.5981,5.32247,30,0.269065,0.979882,408.409,106.823,91.5138,41.6611,1.53672,67.6823,61.8813,17.4324,29.3283,6.69657,53,0.212331,0.786141,495.599,145.242,131.251,74.5363,10.8349,76.2539,57.6954,19.6143,34.932,11.2016,39,0.281317,1.0541,405.744,104.906,107.992,80.2022,1.94869,60.5543,51.4017,16.4181,32.4235,6.28788,36,0.32352,1.06539,331.075,88.7286,74.2545,38.4246,1.9058,55.0936,49.2124,14.7827,21.407,3.67117,41,0.231437,0.733524,513.915,119.028,99.296,57.0923,1.46009,68.8634,61.6887,16.95,27.9569,4.14721,37,0.330269,1.16958,515.951,237.829,139.621,57.3687,1.58878,74.0851,70.7087,21.7135,33.0398,4.30789,36,0.250014,0.880274,431.491,106.965,108.251,47.0923,1.24613,64.0779,53.7591,16.6348,27.633,3.25352,26,0.394027,1.08789,686.691,129.447,117.236,48.7928,1.5467,72.0981,64.1931,18.9868,25.7846,4.17824,51,0.192278,0.931845,513.783,141.137,105.789,52.8127,1.57336,73.7971,63.4003,19.1475,28.6401,4.26484,28,0.243687,1.04502,504.446,180.334,149.372,43.4329,1.94239,75.5791,68.5351,21.2709,33.2933,4.90775,35,0.334902,1.04424
decoupled_wbc_h066_p012,2819,complete,90,18,13.8208,3.39447,0.123106,0.142616,394.556,72.3051,82.4644,17.7883,1.25328,64.2131,50.1096,16.9946,24.501,3.29739,38,0.349223,1.10501,383.252,107.125,88.6155,29.4615,1.69718,57.4574,63.0158,14.6824,22.4827,3.52827,49,0.28355,0.839404,408.824,109.41,117.667,32.7039,1.51952,70.7625,59.1595,20.0487,26.5971,4.1148,44,0.281802,0.970947,347.298,98.2242,81.4006,33.7519,2.01134,55.8528,50.3738,16.4667,19.6745,3.48468,48,0.277459,0.84187,290.672,59.2513,88.1972,50.0009,1.52118,49.6969,40.2499,13.74,20.844,4.06561,42,0.2466,0.87926,378.974,80.8608,138.149,28.2749,2.2473,64.9988,51.1403,20.4458,25.8581,6.35123,44,0.253135,1.00956,457.886,103.164,117.985,123.423,8.86249,68.1501,56.0916,18.9449,39.0933,7.04572,35,0.346396,1.10782,501.35,138.152,146.103,47.7102,1.51405,73.6136,63.9073,20.2078,35.9645,4.29738,38,0.230524,0.983878,448.903,98.9883,104.16,37.292,1.53211,63.8587,52.0492,17.3123,31.029,4.12516,41,0.215787,0.873819,307.607,118.68,97.6168,40.0546,1.83109,53.053,58.8587,16.9249,32.878,3.41883,41,0.160165,0.779537,418.979,97.4929,91.5142,32.8729,1.85888,59.2437,52.5213,16.322,27.0438,3.40831,38,0.302586,0.842165,489.303,101.788,97.955,52.14,1.72387,72.1066,56.3115,20.5865,34.7246,4.4097,37,0.340179,1.17715,414.188,131.365,194.511,162.515,30.0269,64.0247,64.9493,21.4535,41.0685,16.0408,34,0.262685,0.83415,549.588,191.406,137.93,35.3246,1.19289,76.6483,78.9594,22.9547,33.0019,5.1439,40,0.23615,1.06656,451.083,101.692,103.143,32.144,1.05825,66.29,57.5482,17.6047,27.5484,4.2594,33,0.29729,1.01819,367.848,100.783,83.446,42.2325,1.57796,54.8184,53.0834,15.9038,25.7866,3.78611,46,0.229045,0.904971,473.532,132.091,91.6349,48.4653,2.46727,63.3908,62.0462,15.7261,31.032,4.58524,42,0.286148,1.01005,423.551,113.927,129.861,52.1173,1.56836,64.1133,57.9697,18.6464,31.1509,4.75655,36,0.308264,1.0302
decoupled_wbc_h066_p012,2820,complete,90,18,14.2567,3.48419,0.230104,0.236938,496.769,99.3713,102.19,28.442,1.97115,73.8329,62.3387,19.8838,31.8796,4.35883,52,0.286539,0.915097,420.963,101.28,107.387,27.9347,1.44542,62.8962,60.1929,17.7436,27.5981,3.32211,40,0.270919,0.981661,356.518,87.8853,85.1917,29.4369,1.32551,62.6938,53.794,16.6043,26.0471,2.79477,49,0.247333,0.833928,412.047,119.028,108.846,33.2352,1.823,64.1171,63.4635,17.4448,30.9238,3.55013,47,0.237642,0.912091,423.616,92.6382,89.5419,27.3677,2.24507,64.6415,52.7924,17.6678,28.7852,4.79316,39,0.289096,0.957712,410.882,85.6004,101.643,29.644,1.58648,64.094,52.3375,18.1204,29.1016,3.85878,43,0.224118,0.956868,431.602,125.611,127.019,39.3783,1.8586,67.1791,65.2688,19.607,33.4269,3.90186,41,0.251397,0.962139,485.865,93.5452,99.5864,38.8831,2.43536,72.2779,54.2337,19.2187,26.9513,4.65335,44,0.343867,1.09089,410.57,94.2769,96.1385,65.7403,1.51789,60.7523,57.0454,17.791,26.478,4.82735,49,0.204576,0.77135,614.682,140.668,127.45,39.1202,1.76553,80.1636,63.6775,22.7374,25.5395,5.34669,44,0.327545,1.16835,486.919,115.718,118.65,33.5855,1.49618,72.5755,67.3501,20.7986,25.9481,4.72766,48,0.280088,0.856974,462.884,181.427,124.447,41.5433,2.85328,72.0798,58.6895,20.8262,23.0105,5.30236,46,0.382328,1.053,493.548,131.069,107.516,31.0041,2.25536,68.2954,73.0963,19.384,20.7321,7.30241,43,0.321856,0.972046,426.834,106.331,116.93,29.2221,2.62679,67.3448,59.3117,20.6222,22.0255,7.49388,49,0.309523,0.860388,389.098,115.143,124.856,29.3656,2.07622,64.2269,60.0576,20.224,24.502,6.18434,47,0.222656,0.901449,354.589,84.3142,107.084,41.7485,1.67718,58.6487,55.4409,17.5865,25.1538,5.11134,47,0.224371,1.00637,582.253,124.16,136.98,189.993,12.1984,76.6984,72.9821,19.7701,33.3847,8.11655,36,0.397977,1.13247,412.148,111.936,111.18,28.3414,2.0543,64.7212,60.2647,18.5657,24.6072,4.52436,42,0.270652,0.93188
decoupled_wbc_h066_p012,2821,complete,90,18,34.2417,4.07281,0.120632,0.294055,367.943,75.5791,85.8887,20.9585,1.59911,61.4824,51.7583,16.7291,26.193,3.46382,41,0.319239,1.08175,324.842,87.8069,88.4375,28.9546,1.91067,56.4096,51.5927,15.6633,29.8474,4.1173,46,0.241661,0.837409,374.315,65.688,101.564,26.3086,1.97747,58.9075,45.6105,16.9544,31.1691,4.3641,43,0.295282,1.05764,420.206,94.5074,118.519,23.3447,2.21694,69.2813,56.9371,19.7999,28.5366,5.28875,47,0.294087,1.00404,487.554,86.3446,141.22,30.0262,2.91476,69.9115,50.753,22.7179,29.8652,5.36985,36,0.42978,1.28232,414.221,85.5745,129.903,26.0075,1.94389,65.6031,57.5595,19.4144,31.1401,5.06615,48,0.270554,0.936043,563.641,121.029,107.737,29.4239,1.16262,78.7327,68.7988,20.7173,32.4828,5.326,48,0.372599,1.07627,566.709,119.711,99.2654,29.4916,1.61892,75.6233,66.3788,19.9065,24.6945,4.13212,36,0.412762,1.43644,488.502,112.133,122.766,30.7977,1.71745,73.7926,62.9781,20.2881,30.8877,4.92363,48,0.287073,0.885867,418.611,77.2408,124.478,25.8389,2.55338,64.6071,47.6712,19.5695,30.3536,4.91723,40,0.338873,1.15621,646.248,128.823,129.446,173.674,9.47576,80.7422,73.4851,19.2347,42.7069,8.3225,36,0.442969,1.18325,1720.23,657.958,231.849,70.6924,1.98547,132.738,131.225,34.3225,62.4387,7.65852,20,0.373783,1.48365,493.229,101.261,99.6832,47.5686,1.80214,73.2744,47.3661,18.8239,35.9791,3.42808,48,0.378664,1.00712,379.074,76.4158,74.261,39.9192,1.33492,57.8984,44.5531,15.3848,32.0403,3.35263,42,0.266365,0.946191,406.541,95.5405,115.076,37.4907,1.51062,56.6224,50.8329,15.8749,30.6685,4.40059,36,0.286149,0.988721,370.182,81.0916,98.9974,41.5699,1.54223,58.2295,42.0038,16.2474,26.631,3.5071,41,0.256969,0.991331,658.399,148.388,109.488,52.4854,2.50328,78.3691,73.0089,19.5299,32.48,3.91279,35,0.352953,0.98579,644.331,125.979,166.598,253.977,17.8448,92.9982,64.2708,28.1974,60.0116,15.0645,43,0.387366,1.00254
decoupled_wbc_h066_p012,2822,complete,90,18,20.2008,3.25766,0.1943,0.300076,372.524,72.3886,112.728,29.2586,2.26432,59.9402,48.1962,18.2914,29.9477,4.59748,40,0.3002,0.990937,385.935,98.84,102.913,31.2382,1.81567,59.0266,57.6949,16.2977,29.9599,5.73874,40,0.29939,0.970721,398.435,109.132,118.148,22.7964,1.78624,66.2938,65.316,18.1123,30.719,4.90581,45,0.283676,0.900651,474.167,114.405,129.762,29.341,2.21824,70.7263,59.8716,19.9701,31.0335,6.71941,38,0.255986,0.970036,944.912,126.296,133.537,38.3144,2.16117,83.3163,56.3254,22.8541,31.2094,5.45887,40,0.32025,1.08564,400.624,106.212,105.246,36.1478,1.58696,67.0963,56.3992,19.4099,32.4988,3.988,45,0.260564,1.03073,460.263,115.973,105.861,32.3615,1.64015,63.0849,60.8513,17.5162,32.3902,3.95604,40,0.328572,0.997879,530.136,110.204,124.508,35.3368,1.83607,72.9089,53.7696,19.6079,35.0217,5.74595,41,0.32017,0.980267,341.839,76.4359,90.7077,39.2437,2.12461,53.5201,44.2638,14.7835,30.0303,3.97697,39,0.249939,1.0087,302.483,73.2419,80.5811,32.1071,1.7235,50.6471,48.8204,14.3961,27.4726,3.49009,41,0.258842,0.889655,583.508,133.96,104.411,52.6055,2.00357,66.9977,61.0229,18.7025,39.3773,5.43952,35,0.403122,1.27231,341.867,90.8529,100.423,101.772,5.09169,56.3955,49.8702,15.9885,39.6187,6.3692,48,0.217466,0.778743,501.484,122.811,108.833,45.1918,1.37736,71.9179,56.8378,18.1183,34.7712,3.64445,40,0.214143,0.942818,468.059,103.661,94.1621,28.1603,1.43113,66.9131,59.8433,16.5555,27.0485,3.11452,44,0.262943,0.874554,491.638,108.785,110.466,22.8167,1.5984,71.9975,57.4898,20.2889,27.6467,3.80193,42,0.304976,0.973189,610.946,142.843,122.445,36.2994,1.95487,86.6257,73.4493,22.1974,34.1666,4.17446,52,0.327689,1.01671,445.416,85.5463,97.2781,32.7197,1.8813,73.2266,53.4967,18.0302,30.0864,4.59316,41,0.32112,1.11255,581.11,133.633,138.753,44.7349,2.06254,77.4928,64.6172,20.4011,29.7291,3.63555,42,0.267703,1.0225
decoupled_wbc_h066_p012,2823,fell,68.52,14,59.0406,13.9898,2.02386,3.76491,369.446,92.3994,82.7699,29.3388,1.84926,56.2614,52.0465,15.2669,23.9593,3.68106,42,0.228464,0.723268,361.041,96.8928,94.0498,37.2049,1.58889,58.2559,48.9877,16.2982,26.8769,4.13327,38,0.354522,1.00634,333.146,90.1373,92.2397,29.0374,1.76722,54.2965,54.0502,15.4664,24.7553,4.29035,39,0.192024,0.832044,569.66,139.953,135.536,28.3255,2.01586,83.956,75.1633,21.5443,27.8438,7.13245,47,0.329294,0.965266,478.705,143.477,149.005,32.1456,2.86177,76.7976,70.4695,22.7928,28.0294,7.06586,33,0.340511,1.17204,356.315,74.1039,97.8662,41.582,1.70921,58.8661,51.3043,16.27,24.0903,5.38295,42,0.292221,0.908014,460.956,110.091,138.311,122.117,20.0939,66.7879,60.7731,18.482,33.6092,11.9442,45,0.242733,0.867247,484.427,131.57,108.985,71.738,2.97945,68.3277,64.9796,17.7081,25.8998,6.40806,32,0.336757,1.09563,500.649,122.867,102.278,31.7059,1.24159,77.8597,60.6103,19.632,24.465,5.41357,37,0.404349,1.14183,508.22,114.057,121.853,143.096,3.72974,73.8092,57.7773,22.4829,37.5105,5.91403,40,0.35753,1.08408,494.399,105.886,154.791,139.363,6.21946,67.407,54.8988,19.5271,33.248,6.11599,39,0.283102,0.971919,339.68,115.956,98.0956,34.0399,1.59234,52.7442,57.8387,15.5339,24.0419,3.29573,37,0.253644,0.893425,562.453,107.124,97.3959,102.476,2.20506,83.3639,62.6036,18.8215,32.813,4.62965,38,0.399785,1.03616,3734.69,1247.73,685.606,92.5035,1.99265,205.04,184.26,80.4408,86.2427,9.18954,1,0.112915,1.03829,,,,,,,,,,,,,,,,,,,,,,,,,,,,,,,,,,,,,,,,,,,,,,,,,,,,
decoupled_wbc_h066_p012,2824,complete,90,18,18.4502,3.57023,0.242535,0.108138,373.631,77.8646,86.7477,21.7585,1.91413,62.2555,50.3591,17.4309,29.4964,5.25091,40,0.31197,1.07358,423.412,82.8536,72.7885,19.0264,1.75526,68.6072,54.1521,18.1948,28.2381,6.79285,51,0.2798,0.99036,381.897,97.2004,104.104,28.4737,3.33574,65.1825,56.4649,18.7305,24.0516,5.95406,40,0.280291,1.08371,439.142,102.845,87.4503,43.3738,2.74759,69.3599,60.2944,18.3539,22.2749,4.10587,50,0.300578,0.797897,430.051,133.418,113.463,34.0654,2.72553,69.4762,69.1017,20.2016,23.1659,4.01375,46,0.251902,0.829042,399.607,82.4375,109.612,47.3255,3.6169,67.5033,52.7726,19.1712,24.3335,4.42466,51,0.301746,0.95355,547.2,133.48,158.979,24.5796,1.33106,77.788,69.0668,21.6705,26.9602,4.57205,37,0.293081,0.954968,376.889,106.531,108.271,66.4379,3.51666,60.8612,53.1942,17.3539,30.2216,4.1579,40,0.258636,0.946709,533.884,133.667,105.933,38.6241,2.29716,75.6205,65.7238,18.2007,27.6915,3.40232,35,0.327536,1.03424,333.542,87.9798,75.1893,29.0755,1.97106,51.0789,50.5786,14.1055,23.0816,3.5417,40,0.178976,0.826891,1067.91,227.945,186.996,206.253,7.38087,118.787,94.4123,30.0064,53.7306,7.51128,33,0.316938,1.5156,549.099,107.155,113.67,37.7512,1.77024,70.7231,58.5792,19.4355,25.3681,2.85059,40,0.308416,0.965202,462.378,143.339,113.173,43.2138,1.82598,67.9536,74.9561,18.5906,25.8377,3.36366,46,0.244187,0.84722,426.032,106.579,108.187,32.7255,1.6999,67.0705,59.5659,19.5174,24.346,3.62414,44,0.246195,0.808182,637.528,229.207,136.37,49.054,2.83031,89.4158,80.028,23.1619,34.0448,5.57607,35,0.386564,1.06382,358.423,102.166,97.9148,45.9003,1.91667,55.8013,55.2114,15.4298,23.323,4.32427,35,0.193897,0.858221,403.283,123.466,125.486,39.5017,1.63073,72.2121,63.5491,20.4537,27.8471,4.1208,47,0.237908,0.995531,524.515,123.261,140.025,27.0611,1.52521,73.2271,69.0761,21.7598,29.3425,5.38697,45,0.296568,1.02176
decoupled_wbc_h066_p012,2825,complete,90,18,15.1875,3.32727,0.537079,0.0881041,392.42,104.504,101.266,16.6749,1.5245,67.2153,57.6853,18.4688,28.0166,4.85181,38,0.339288,1.02851,364.508,73.3442,100.886,22.57,2.29865,59.1845,51.8405,17.7364,29.442,4.15969,49,0.276033,0.946282,359.807,67.5004,70.3769,25.7956,2.14601,59.7369,48.341,15.7081,25.0576,3.57432,35,0.346727,1.06404,350.617,102.184,116.255,37.4678,1.94622,60.1503,56.2684,18.094,30.041,4.25936,41,0.216182,0.901252,351.21,99.5869,89.4206,66.2658,3.89253,55.5116,56.3215,14.7349,28.9383,4.2203,43,0.274769,0.899012,341.443,110.96,97.2212,42.3317,1.32594,56.0573,52.1758,16.4325,27.8308,2.59915,30,0.300641,1.11103,342.216,131.863,122.305,57.2947,2.02933,59.3226,56.3859,17.8669,28.1256,3.4233,41,0.226427,0.838298,449.827,126.548,116.119,38.0202,1.65239,71.9497,60.1163,20.0195,28.1342,5.12642,38,0.337878,1.12597,421.865,103.164,83.6729,36.664,2.27165,60.8296,60.9651,14.87,22.4744,2.47943,37,0.331607,1.08993,337.369,100.721,83.9182,61.367,2.12982,51.6037,52.1683,15.9708,26.8526,3.54586,41,0.247441,0.927684,917.368,243.543,179.668,49.9748,1.42336,97.854,85.3622,27.1713,37.1833,6.20038,34,0.371841,1.05605,428.109,82.6134,97.0602,21.05,1.60108,66.4392,54.9173,17.0995,21.897,3.88112,41,0.330554,1.07132,879.924,164.01,254.632,213.095,21.7061,103.722,77.0161,34.0614,64.7812,14.9114,54,0.283072,0.91774,393.922,120.291,98.3146,29.1653,1.32724,59.5551,57.5266,17.2244,20.1486,2.91646,30,0.245347,0.964581,442.537,116.54,134.402,51.6768,2.32611,64.2807,57.3998,19.7816,29.9194,4.07947,48,0.201285,0.851065,541.272,132.643,99.223,49.3684,2.07732,67.8047,66.6253,15.658,26.709,3.75292,35,0.38154,1.12479,608.52,178.603,134.446,53.4984,1.98833,75.6529,69.3399,22.0253,30.9708,4.54133,36,0.269114,0.99944,505.189,147.321,144.004,79.3742,8.33872,73.0011,69.2721,19.0772,33.1568,8.44204,33,0.329429,1.27154
decoupled_wbc_h066_p012,2826,complete,90,18,18.659,3.38214,0.234046,0.193156,381.186,83.0297,99.6036,18.6191,2.56239,63.1162,52.4941,18.1458,27.6214,4.94675,46,0.346978,1.18711,426.896,83.5357,97.3288,22.7847,2.11735,64.564,55.2934,17.428,27.419,4.33932,51,0.300951,0.9164,418.978,81.1336,103.999,28.3453,1.67861,62.8819,54.1733,17.8871,26.1552,4.61837,31,0.424517,1.1642,442.378,93.9017,97.5624,49.4385,1.95171,64.2169,56.1866,19.0344,30.1712,5.23727,46,0.328967,1.00988,406.065,107.284,95.0425,46.888,1.33419,63.27,56.0902,18.9826,29.0075,5.21466,43,0.29395,0.909877,469.601,99.277,86.9166,161.634,6.89045,65.6259,61.1818,17.4335,30.9923,7.87576,36,0.402204,1.246,421.106,96.4773,114.118,55.3028,1.56513,64.3993,59.1638,18.4593,27.8366,4.38878,48,0.285843,0.887537,508.977,121.977,108.305,24.1035,2.75172,76.1251,62.6286,21.2226,30.7443,3.87693,41,0.413667,1.1264,470.763,117.615,139.14,41.3538,1.16653,72.0846,60.4587,20.9197,33.615,3.86844,48,0.284694,1.02819,446.78,107.003,107.523,34.8689,2.80494,70.4904,61.7871,18.4096,24.6939,3.51907,46,0.296708,0.999846,661.571,156.082,196.719,220.812,11.2491,84.4158,64.2359,25.92,57.7371,12.4032,45,0.298113,1.05423,538.772,106.222,92.0393,21.7437,1.63622,67.3233,58.5994,17.26,24.7797,4.02348,40,0.248963,0.966138,459.651,95.7098,108.157,19.3006,1.90362,63.4213,56.1076,20.1137,29.3257,4.86809,42,0.278725,1.05987,334.044,63.17,82.5586,27.434,1.4046,54.9642,44.4333,16.5743,27.4112,3.95081,43,0.258601,0.862799,570.391,108.674,119.04,24.0829,1.85685,74.4435,62.1139,22.7812,30.9598,5.71063,43,0.316212,1.01554,412.372,95.0128,87.3967,50.2277,2.68918,67.0517,58.2044,18.3803,30.941,6.48268,52,0.270235,0.872774,517.184,181.302,131.967,17.3945,3.69321,70.7558,63.2918,22.1898,30.1512,8.75373,45,0.324527,1.01586,573.514,203.15,164.489,157.922,4.80421,88.386,72.4963,27.3008,48.8835,10.9634,46,0.331373,1.02999
decoupled_wbc_h066_p012,2827,complete,90,18,43.5351,3.25194,0.414594,0.145162,481.429,88.2821,98.9343,22.5863,2.42847,71.3508,57.1425,19.7567,27.4007,4.57377,43,0.334942,1.2609,490.009,107.989,116.228,50.2216,2.02623,77.8546,66.576,22.4185,30.2153,4.94913,48,0.374688,1.005,508.985,104.593,162.231,35.223,1.71517,77.448,61.6373,22.503,32.5239,5.34898,43,0.360122,1.12538,419.598,113.475,133.882,73.0019,1.67357,68.2494,59.656,19.8063,30.0603,4.37816,40,0.341411,1.11583,347.429,105.466,110.745,38.7629,1.53255,55.6814,55.3448,16.5676,26.2939,3.31261,20,0.299537,1.03118,352.808,82.9565,90.668,35.6345,1.51157,55.2279,48.4962,16.1065,23.2642,3.03156,45,0.233364,0.859262,449.353,108.535,117.625,31.0548,3.05426,59.1687,60.0335,16.4481,22.4662,4.56385,40,0.324828,0.978589,320.278,86.5914,100.668,33.576,1.88698,54.0264,47.854,16.3167,21.7366,3.95486,44,0.195485,0.850367,419.557,99.3184,102.931,33.9058,1.77288,59.5532,59.9755,15.5113,17.9117,3.92221,43,0.332037,0.862748,415.919,89.6675,74.7394,27.6444,1.93443,56.6036,58.2171,13.3726,16.8419,4.19609,36,0.380348,1.02936,466.11,115.929,144.097,35.4548,2.0496,70.5124,64.8053,21.0687,25.96,6.87326,40,0.251048,1.14545,441.388,90.665,93.7114,26.3737,1.94613,65.5697,55.6033,17.6173,26.209,5.06079,39,0.356026,1.03777,1860.33,973.865,462.837,168.36,15.4672,166.19,177.936,58.1093,93.0939,17.1549,30,0.487682,1.28336,536.827,109.799,123.935,58.3959,2.09781,71.3217,58.8158,23.7766,39.7602,4.8861,47,0.390064,1.20259,351.184,95.4055,101.861,36.1989,1.43581,52.5673,42.9555,16.2701,26.6009,3.05579,32,0.321009,1.01948,409.696,92.8696,96.2528,32.9841,1.88128,61.8276,55.8956,18.0433,31.1503,4.57734,57,0.211424,0.768536,573.576,107.884,167.261,328.43,13.1921,82.3446,62.4711,24.5749,56.5081,13.6026,43,0.373011,1.19939,499.552,117.854,121.004,139.182,4.80896,71.4655,59.0042,21.149,37.2494,7.49413,38,0.250364,0.974255
decoupled_wbc_h066_p012,2828,fell,61.72,13,37.0437,4.58485,1.43907,0.409316,438.893,102.145,99.708,24.6946,1.32656,70.2661,57.8297,18.6157,33.079,4.50848,46,0.309014,1.00884,346.621,104.618,117.053,36.6128,2.64998,62.8517,55.383,17.8078,33.3497,4.59832,48,0.254473,0.913252,423.729,107.188,108.529,27.3898,2.16246,71.3139,61.1297,17.6399,29.3406,4.23137,47,0.303626,0.951147,484.609,116.229,122.377,34.0445,2.12181,70.6431,60.9403,17.4141,29.8112,4.30571,40,0.388694,0.991701,578.146,124.432,152.033,181.862,6.36232,70.644,62.2723,20.6225,39.0956,8.10668,42,0.244914,0.881733,523.013,128.432,108.334,34.5663,2.4016,75.6029,67.0285,18.8285,31.5579,4.19599,36,0.270396,1.06458,469.758,146.99,167.749,97.8393,5.86105,71.207,68.2348,22.9777,43.4838,9.69511,44,0.224304,1.00835,385.752,93.7401,97.7261,40.9401,0.88413,62.7735,53.1471,16.8224,28.6122,3.86794,38,0.249374,0.99943,334.831,98.0634,105.623,41.161,2.36421,54.4514,52.693,16.5549,24.6052,3.91707,32,0.256667,0.928687,410.716,106.989,97.0096,30.4003,1.44701,62.1183,56.5735,17.9264,27.7755,4.13107,45,0.255577,0.897834,480.779,129.791,162.54,19.3384,1.87954,76.642,65.9456,21.5918,26.3912,5.85743,43,0.31403,1.12315,441.934,109.977,116.403,27.0275,1.27988,72.475,62.0706,19.6573,27.1333,4.23826,40,0.243647,0.962036,1864.84,586.903,473.547,105.843,14.0392,134.825,98.4601,46.905,56.976,19.4799,4,0.164272,2.20941,,,,,,,,,,,,,,,,,,,,,,,,,,,,,,,,,,,,,,,,,,,,,,,,,,,,,,,,,,,,,,,,,
decoupled_wbc_h066_p012,2829,complete,90,18,17.3969,3.04105,0.256328,0.149861,393.209,95.6028,80.4952,18.1503,1.80982,61.3352,56.1687,16.7492,23.4381,3.83124,36,0.340274,1.16759,327.098,84.4886,105.799,22.1147,2.77104,59.055,53.8948,17.572,24.9501,5.00836,46,0.239286,0.878319,355.475,72.6322,104.726,24.7351,2.04762,60.4362,44.729,17.7428,22.2897,4.7222,41,0.264571,0.962234,494.265,97.3734,123.524,18.8035,1.81009,74.2815,57.2466,21.7075,26.1048,5.09941,39,0.353955,1.18381,404.757,71.6332,110.75,24.4177,2.06002,59.4814,43.3415,18.6566,27.01,4.18854,34,0.349893,1.21702,633.385,125.056,112.497,29.0585,2.72204,79.4491,66.5696,22.2056,27.2869,4.67503,39,0.335596,1.18773,468.577,103.154,110.533,23.7034,1.8856,68.086,61.6403,20.6122,24.4055,6.32609,50,0.329999,0.853358,653.874,135.377,122.619,36.5999,2.22437,78.9057,68.3291,24.4214,31.6021,7.1662,48,0.325669,1.13356,437.852,93.5349,131.677,24.8049,2.10831,66.7086,60.8552,20.0462,25.5812,6.49298,42,0.318256,0.949826,394.986,73.174,105.399,14,2.89841,62.9838,48.4038,19.472,23.39,6.11152,46,0.254865,0.926017,370.386,68.3854,119.587,17.1737,1.78627,59.3396,47.2151,19.1006,22.0496,5.8785,41,0.282905,1.06406,724.953,242.148,178.453,34.6193,3.53816,87.6737,85.7426,26.6702,38.36,11.6332,38,0.350763,1.22608,509.046,107.848,119.824,99.6414,12.1781,77.0166,63.1331,22.3125,35.0524,12.4201,39,0.384146,1.11061,507.699,115.296,107.686,134.45,4.22626,75.4988,67.7361,20.8194,35.1091,6.9031,51,0.271208,0.988172,456.651,109.072,119.358,30.1011,1.16021,68.131,55.969,19.9998,25.9752,3.51851,42,0.341022,1.06481,656.743,98.901,107.018,26.938,1.56506,79.8496,63.4997,19.6117,24.6812,4.72659,45,0.340677,1.07291,457.78,102.308,128.289,30.2208,1.69767,71.9149,62.4537,20.5623,29.5953,5.49663,48,0.312484,0.96321,419.568,94.4677,149.506,72.3768,10.5146,72.5739,55.7051,20.2464,35.9261,11.7635,49,0.290105,1.00781
decoupled_wbc_h066_p012,2830,complete,90,18,17.1961,3.70927,0.156964,0.134322,418.302,88.707,106.152,18.1814,2.63514,68.5029,55.433,19.3794,25.7616,4.16297,42,0.347029,1.01794,370.796,93.2911,83.0585,24.7615,2.14823,54.7048,57.8434,14.3038,19.5603,3.3928,39,0.315941,0.914567,401.585,92.8822,121.717,31.7266,2.19796,63.6446,54.055,19.121,24.1638,4.81571,40,0.299562,1.0696,457.917,114.832,137.655,29.9955,2.08268,68.7111,64.4504,20.4545,26.8776,4.84816,43,0.288291,0.938723,458.289,96.8968,113.895,29.1375,1.41513,68.7797,56.3484,20.8966,29.5226,4.35649,43,0.288319,1.0361,512.398,107.959,106.202,32.882,1.82849,74.2593,65.2314,20.0879,27.2355,4.23512,42,0.289143,1.01988,396.835,102.25,113.084,35.2478,1.30961,63.434,52.9417,19.421,26.0501,4.66111,48,0.315685,0.914409,340.951,100.833,105.857,33.9768,1.67604,56.4834,56.7718,16.8246,24.4459,6.14897,33,0.241622,0.973541,631.27,135.416,133.207,43.8525,2.18601,83.4817,65.4615,22.637,30.7619,5.41806,38,0.316166,1.18257,502.421,119.381,101.229,30.2117,1.77515,80.1209,69.0422,19.4556,30.5007,5.73453,46,0.334597,0.917486,372.396,110.292,146.771,35.5427,2.04517,61.9963,54.796,19.403,31.8316,5.84898,47,0.313748,0.948283,458.841,142.932,122.92,56.8778,2.97542,72.5648,66.9856,20.4314,34.876,6.46999,41,0.313803,1.07635,347.563,87.1372,86.5936,27.0764,1.40676,57.7258,54.3852,16.3476,21.732,3.57682,39,0.285315,0.916838,409.438,102.174,111.978,34.8868,2.27859,66.9331,64.7837,20.3738,29.3032,4.45664,53,0.267716,0.85592,475.592,101.064,89.7292,26.4601,1.669,66.1678,65.2644,17.278,22.1462,5.04178,39,0.40448,0.966459,315.398,67.8541,108.265,108.677,4.32101,53.1331,46.0203,16.8366,31.0247,7.05213,38,0.278982,0.962863,460.047,118.263,119.804,44.5364,2.36167,68.5296,61.0939,20.6853,29.2736,6.25273,46,0.235149,1.02737,425.604,101.113,108.421,31.1969,1.35555,68.0653,61.3593,18.1458,24.8048,3.91477,52,0.336769,0.988981
decoupled_wbc_h066_p012,2831,fell,86.44,18,26.5216,7.32494,0.480557,1.1544,417.492,86.7442,117.763,18.2505,1.96086,63.8596,56.1098,18.9472,27.1034,4.63032,42,0.326765,1.13127,423.482,80.6526,99.3188,21.9195,3.40927,65.9773,51.0429,18.8202,25.8956,4.60018,46,0.305803,1.09659,378.782,79.9176,85.0885,29.726,2.29992,63.1011,52.7425,17.2389,24.4041,4.67115,49,0.331689,0.971925,440.474,105.325,107.353,26.8906,2.30683,66.3832,64.1288,16.4258,24.6085,5.02201,39,0.328437,1.06645,487.892,111.888,123.311,30.2248,1.89844,70.8289,56.5629,19.9821,30.2774,6.11321,35,0.442195,1.2016,388.165,110.265,97.0247,25.0618,1.95999,59.2696,61.2273,15.7881,22.045,5.14567,45,0.279301,0.793953,353.955,109.611,102.149,38.0109,1.96672,53.9063,57.6412,16.0878,22.849,5.1638,30,0.236777,0.917176,364.24,114.91,119.067,52.7046,1.30531,55.3528,54.4315,16.265,25.9538,4.41361,30,0.261116,0.953027,330.65,111.846,114.205,101.733,4.02132,53.5696,53.0918,16.6917,28.5163,6.34343,24,0.192663,0.954988,551.298,114.178,97.373,31.5052,1.99917,73.4932,65.4093,18.047,23.0256,3.87059,32,0.372348,1.08952,1443.37,232.572,186.529,47.1898,1.76599,118.951,94.2369,35.6191,40.6041,7.32861,35,0.393843,1.44294,513.91,108.629,107.651,92.906,5.79323,69.826,65.375,17.5198,26.8117,6.6415,45,0.364275,1.0187,380.766,110.016,129.072,32.3787,2.2236,65.2459,57.8556,19.4423,27.6157,5.42024,51,0.254964,0.850503,296.415,102.049,97.2139,30.3255,2.33992,53.7934,55.6838,15.8207,26.7179,5.14206,53,0.227256,0.794021,609.951,143.476,123.839,92.5332,9.43236,78.0718,68.6858,22.4876,36.0463,12.8454,41,0.277808,1.01951,329.572,91.7443,110.982,27.84,2.12228,59.507,57.1404,17.5378,22.6586,4.18543,40,0.240946,0.917568,854.345,272.79,161.017,38.0508,1.43878,99.6988,83.3791,24.72,28.0822,4.79977,37,0.426428,1.18119,4063.36,478.688,525.892,78.8896,40.2021,237.819,86.2435,51.5727,54.893,35.3199,0,,
decoupled_wbc_h066_p012,2832,fell,76.12,16,21.9559,9.21618,2.9025,2.14513,536.165,118.978,108.29,32.4115,2.35847,80.6822,67.1749,21.9824,37.6639,5.16467,43,0.355913,1.20887,422.791,94.1748,106.976,29.9701,1.44901,66.7243,58.5224,17.8299,26.2183,4.19559,43,0.315534,0.898686,357.547,74.8074,93.0024,24.2811,1.85052,62.0367,50.8135,16.9044,29.7724,4.36349,40,0.325058,1.00893,415.862,105.391,85.9731,26.5396,1.78279,67.2286,59.1535,18.4727,33.2214,4.59071,44,0.297996,0.946897,477.147,107.761,111.85,87.8432,2.40642,65.1766,62.2157,16.528,33.1186,4.96643,41,0.356216,1.25134,367.966,102.063,111.554,70.3775,1.73064,58.6447,58.7323,18.096,35.9869,4.83977,54,0.208333,0.907623,513.046,102.637,81.3294,41.1326,2.03811,71.5945,63.0364,16.9945,34.2538,4.05561,41,0.341891,0.960326,370.421,83.4474,101.848,39.9964,1.12322,59.2497,47.3837,16.1343,33.8752,4.46078,43,0.224784,0.945054,384.318,81.856,68.9993,33.6258,1.53777,59.9019,48.3541,14.5356,30.8735,3.49575,42,0.358713,0.923312,489.96,101.379,96.772,49.223,2.69469,73.3044,58.2267,18.362,38.5067,4.46695,41,0.342696,1.0706,434.532,101.628,85.5747,46.9596,1.39993,61.5453,56.4109,16.4779,34.5407,3.59431,38,0.269408,0.867398,192.609,51.349,46.5846,29.04,1.46639,34.1826,30.9133,10.3698,20.3874,2.64845,26,0.225618,0.894325,487.25,145.464,112.272,53.8882,2.61831,71.1907,58.5143,18.5748,32.7612,3.94291,46,0.310192,0.966478,1051.97,225.296,120.131,157.1,9.72523,107.437,75.8038,24.8873,45.7596,7.53947,29,0.497977,1.41581,1842.15,449.735,262.046,71.5043,1.49555,162.508,122.28,36.5013,53.8953,5.61325,29,0.310293,1.4745,2213.52,439.378,415.306,118.698,6.31799,99.0124,58.1341,36.6858,38.2032,11.3129,2,0.205002,0.960612,,,,,,,,,,,,,,,,,,,,,,,,,,
decoupled_wbc_h066_p012,2833,complete,90,18,16.0687,3.25858,0.117872,0.169294,393.526,83.3371,82.4585,20.1767,2.48546,61.2365,51.8139,17.1729,29.3092,4.2295,47,0.287081,0.923979,489.281,84.0875,93.3055,22.993,2.41516,76.1134,57.1879,20.0787,33.1754,4.95005,39,0.431823,1.03784,513.668,97.356,114.99,128.053,6.69528,78.9977,59.7092,20.5996,38.8217,7.50786,37,0.367467,1.10789,361.155,86.6267,85.422,37.0593,2.44576,54.0634,49.2771,15.2302,30.5378,3.94879,43,0.248212,0.851399,443.395,84.9085,81.6059,36.9576,1.45989,60.3385,49.8813,16.4206,27.9641,3.46766,34,0.276493,1.00251,358.095,79.624,74.9849,28.1308,1.79627,54.033,49.2478,13.9314,25.3914,3.59104,33,0.310533,1.01053,361.128,98.237,88.9204,33.2091,1.29509,59.2915,51.7878,15.876,25.3771,2.89924,47,0.298457,0.955084,352.641,91.3649,67.2441,29.007,2.00002,49.6212,52.9538,11.9642,23.7024,2.94291,37,0.305027,0.96326,502.662,121.653,131.926,125.293,2.66317,73.2119,60.2735,20.437,42.9345,4.76854,37,0.309413,1.1092,361.96,96.8172,102.541,41.9055,2.92905,59.747,51.025,16.8435,27.9588,3.72186,50,0.231049,0.860508,477.548,120.131,108.151,33.591,1.65684,68.9813,61.5673,18.7555,29.2985,3.39621,42,0.288092,1.00178,558.481,127.672,115.326,180.156,22.6681,82.9546,68.7304,22.0721,53.5345,12.7889,48,0.295985,0.934803,1047.89,197.163,235.949,196.045,9.1269,111.514,75.3456,31.7363,60.6435,13.5187,32,0.455096,1.39258,454.567,107.564,112.944,25.7906,2.64383,69.062,60.6142,19.5693,21.4746,4.42022,39,0.336438,0.995385,759.363,252.012,167.927,35.801,1.96914,92.7806,82.4578,24.5796,28.446,5.61534,29,0.421796,1.34533,571.593,162.14,227.974,227.025,25.602,79.7553,73.7152,26.197,49.1086,17.4091,41,0.313675,0.926553,403.368,128.922,124.284,31.7065,2.26882,63.9889,62.1613,19.3217,26.8421,3.15757,49,0.218457,0.825058,672.099,229.254,162.53,47.5487,1.01446,89.1184,71.2141,23.2509,35.0146,3.90794,39,0.292222,1.07274
decoupled_wbc_h066_p012,2834,fell,46.28,10,23.114,12.1731,2.04833,2.64934,430.298,90.1606,96.9137,21.8682,3.01227,72.3243,57.9368,17.4868,29.5621,4.75435,51,0.30857,1.01553,358.119,93.2467,105.937,80.7795,11.4273,58.597,54.5812,15.9247,29.6128,7.13262,49,0.258004,0.833201,483.557,77.8943,77.6911,19.9091,1.51976,63.5073,53.719,14.9668,24.3178,3.92195,36,0.34494,1.00163,414.002,111.82,100.709,33.9276,2.27795,67.9543,55.0928,19.5345,28.3258,4.46663,48,0.308117,1.03038,351.267,59.2385,56.2021,26.3423,1.35168,46.949,43.7799,11.0417,18.6189,2.69286,37,0.326533,0.961206,432.078,103.939,105.368,44.3487,1.16822,63.5562,52.9869,16.8667,28.2334,3.29125,34,0.329459,1.10971,404.576,83.5825,92.1621,32.0502,2.08094,62.5942,51.4381,16.3153,24.5925,3.62574,42,0.247108,0.953311,426.108,107.9,118.058,28.4802,2.56303,68.1267,55.8849,19.6211,24.6635,3.50317,48,0.284638,0.931578,540.819,129.118,200.088,132.321,5.14365,75.5108,64.5289,24.1652,41.1857,11.9472,42,0.312338,0.973428,1844.36,187.261,320.568,192.351,17.3341,94.5751,53.1173,33.5417,48.332,19.9942,1,0.340248,1.16749,,,,,,,,,,,,,,,,,,,,,,,,,,,,,,,,,,,,,,,,,,,,,,,,,,,,,,,,,,,,,,,,,,,,,,,,,,,,,,,,,,,,,,,,,,,,,,,,,,,,,,,,
decoupled_wbc_h066_p012,2835,fell,75.96,16,13.5492,4.65871,0.763005,0.879637,467.195,95.379,98.5133,33.3348,1.79538,73.5795,63.0088,20.8094,32.7287,4.54975,50,0.301037,1.02532,304.345,67.5105,63.9214,21.0362,2.64185,55.0598,48.4662,14.4984,18.725,3.70887,44,0.301832,0.808671,377.47,91.7099,93.7336,23.7212,2.22468,61.3506,57.6378,17.6347,30.2093,5.44179,47,0.28225,0.911608,589.257,107.358,127.565,88.0297,3.25145,83.6389,69.7697,22.1901,42.4683,6.74328,43,0.358361,1.21819,406.498,89.4853,89.2493,22.6762,1.9789,58.9183,53.36,16.5269,28.6399,4.7583,37,0.287456,0.919044,462.429,108.6,98.4297,68.5083,2.61551,72.8809,59.3746,18.9223,36.4917,5.32287,46,0.391315,0.979516,423.614,84.29,59.8362,22.5074,2.41819,59.9858,57.173,13.552,23.9917,3.63218,42,0.368101,1.13558,461.613,98.2208,137.536,30.3485,1.93178,71.0381,56.8107,21.5494,33.9329,5.17914,36,0.353874,1.28263,680.507,124.692,170.031,30.7555,2.12626,76.3855,61.5807,24.1412,40.6471,5.95514,33,0.349748,1.13512,407.801,108.66,103.573,28.9584,1.82727,59.9137,60.2004,15.7103,30.2189,4.22367,41,0.278543,0.944362,462.736,98.538,110.325,121.986,8.12257,64.3921,54.6217,16.9607,38.1974,7.66703,33,0.309796,1.15464,397.168,103.781,91.551,40.1312,2.31317,61.2122,53.3886,17.087,28.8019,3.665,45,0.26941,0.965768,310.112,117.995,119.043,34.0066,2.16237,56.7398,60.4921,18.1418,23.7075,5.35171,40,0.168928,0.795234,532.128,101.13,122.916,26.3463,1.68595,76.1054,57.2616,21.2291,23.4745,6.25197,44,0.316871,1.15759,458.58,120.043,114.929,34.6533,1.83884,73.4359,59.9558,18.9057,21.8091,6.04809,39,0.337023,0.951464,2234.09,329.335,310.344,200.733,38.3256,115.287,53.9143,33.2528,51.4838,22.1605,3,0.0719961,0.39893,,,,,,,,,,,,,,,,,,,,,,,,,,
decoupled_wbc_h066_p012,2836,fell,65.52,14,18.2878,4.70015,0.669337,0.851818,441.33,97.4289,111.886,21.8946,3.631,69.8067,60.4229,20.0908,28.5732,4.86502,47,0.290067,0.946377,427.661,87.0466,112.514,24.981,1.42764,66.377,51.4656,20.6606,25.3098,4.19333,40,0.374774,1.12946,397.063,76.8416,94.5932,32.668,1.30123,64.0451,50.0739,18.6792,22.8092,4.45761,44,0.375743,0.998596,454.778,100.833,85.1336,85.9368,2.6007,67.0531,57.9547,16.2649,23.055,4.38866,45,0.340558,0.991137,383.14,83.2773,88.9798,32.2858,1.85711,61.989,47.3447,16.1725,20.1609,3.3611,41,0.304572,0.974818,426.153,104.497,108.735,32.8292,1.79409,63.4371,52.233,18.7211,21.5841,3.54644,42,0.290633,0.976115,565.5,159.878,179.774,39.3858,2.24692,80.0099,71.7891,24.9531,28.9593,5.37157,33,0.363471,1.13094,430.2,102.827,100.966,31.1621,1.28389,68.0022,61.3203,17.3555,27.3742,4.29785,36,0.350248,1.06238,436.403,95.5245,115.742,36.2195,1.53286,64.0463,57.7788,19.1531,34.4842,3.34995,40,0.300192,1.00364,403.665,107.098,125.396,38.3096,1.79673,63.1471,54.0161,19.0861,34.3583,3.432,48,0.249814,0.953873,434.138,105.319,120.699,37.6731,2.12386,72.3054,56.5518,19.8899,35.5724,4.73216,40,0.312304,1.01841,1018.47,197.623,152.587,74.2215,2.08003,112.713,87.1644,31.3318,49.2171,6.84539,38,0.313768,1.14701,531.359,99.322,107.221,42.5849,2.03284,69.7897,56.9648,17.8521,36.4252,4.29346,32,0.389804,1.33076,1499.92,185.638,166.443,72.7167,1.8088,62.784,30.0372,15.8627,16.5673,2.03117,0,,,,,,,,,,,,,,,,,,,,,,,,,,,,,,,,,,,,,,,,,,,,,,,,,,,,,,
decoupled_wbc_h066_p012,2837,complete,90,18,15.5754,3.77718,0.249409,0.0762316,452.018,99.835,104.694,28.5659,1.62273,70.0267,58.0484,18.1057,33.1576,4.18206,34,0.378902,1.23808,486.933,100.869,124.056,27.2269,1.59697,70.2279,58.7242,19.0937,31.531,4.02887,32,0.381585,1.27356,343.926,87.3527,127.062,50.6568,2.4059,61.855,52.2034,19.4979,32.5352,4.52374,43,0.264365,1.04047,403.168,87.7491,85.436,48.6712,2.19784,60.9696,54.0791,15.9087,24.988,4.3842,41,0.303789,0.935813,615.441,154.528,149.813,32.1777,2.8751,85.9491,72.3063,21.9868,29.8313,5.66534,36,0.389026,1.19872,398.127,91.8651,94.3278,18.7402,1.39504,62.7035,58.1366,16.9408,19.3086,5.66222,36,0.267155,1.01332,461.407,128.075,138.047,30.6724,2.14414,67.7261,64.2725,21.9372,28.4138,6.54605,49,0.25889,1.0399,441.475,122.346,123.927,27.5565,2.46314,67.3981,61.7269,19.1797,28.7896,7.04836,36,0.276933,1.12905,522.252,125.893,104.28,45.5105,2.66726,72.3702,55.4327,18.7109,28.4396,5.54214,40,0.375326,1.03126,590.087,141.805,120.676,31.3449,1.59669,77.6131,68.5871,19.8918,27.6427,6.36697,44,0.309131,1.28254,560.318,128.629,179.062,171.222,6.23252,81.7663,66.1349,22.401,43.8438,10.583,46,0.325881,0.964036,375.317,92.8881,92.8669,42.1684,1.51932,54.6613,45.8106,16.1568,26.4903,4.55896,32,0.298902,1.01836,308.277,104.233,99.1672,41.4406,1.71959,56.8002,51.6659,16.0618,26.1648,4.90152,43,0.20325,0.867816,680.727,150.333,142.546,264.649,14.792,87.096,64.4712,23.1348,59.5102,15.0768,40,0.319092,1.38871,494.159,116.034,111.966,41.5107,1.57608,69.6764,56.5666,18.6134,29.4526,5.73267,33,0.342998,1.2075,399.723,122.236,102.688,42.9799,1.69516,65.9075,56.2268,18.0332,26.1755,5.14812,46,0.268894,0.889401,633.056,123.551,105.621,41.0556,2.63409,90.5974,69.7594,20.6332,26.8847,5.73957,36,0.395026,1.22969,582.677,130.169,112.536,33.7664,1.53436,71.6825,64.5299,19.226,26.2037,5.59391,41,0.269648,1.06405
decoupled_wbc_h066_p012,2838,complete,90,18,16.8176,3.86893,0.177969,0.21396,430.876,89.2745,101.922,43.5531,1.8883,63.4187,53.7371,18.0195,25.586,3.95991,45,0.306545,1.05654,429.282,132.785,120.868,30.3574,2.0231,65.2517,69.9744,17.405,31.498,3.73679,42,0.247857,0.899096,439.352,81.5559,96.9672,27.6248,2.4552,65.0296,53.3309,17.2727,30.4853,4.88962,47,0.287512,0.971483,494.704,134.624,123.275,31.9742,2.37554,69.9784,63.0229,20.4002,37.021,5.50281,38,0.305217,1.06316,404.289,79.9436,102.882,23.1145,1.52216,63.9042,50.5966,19.2913,28.8223,4.91079,36,0.330707,1.06053,409.764,76.7199,71.1767,26.4484,2.86623,60.5691,50.7165,15.5629,22.2057,4.68156,46,0.326899,0.916906,499.13,118.535,142.292,29.9956,2.46757,73.5892,66.8734,23.1727,28.4611,7.28267,44,0.336898,1.2147,427.502,91.9224,121.545,91.6108,2.84417,66.0147,52.5562,20.6693,33.6906,7.19766,54,0.287212,0.897788,509.377,121.848,128.052,39.0947,2.2871,77.2103,70.0705,20.7808,30.9058,5.15647,47,0.355168,1.05065,496.513,153.801,127.724,36.9972,1.75056,77.5943,68.0883,22.4745,30.6205,4.6717,39,0.361692,1.02567,504.164,99.2544,127.378,126.455,9.37582,76.7995,61.0903,21.7295,44.0142,9.0045,41,0.320916,1.08011,360.043,94.1907,116.68,30.1599,1.79697,64.0902,55.7459,18.2795,24.7469,4.38951,47,0.289878,0.907021,869.737,210.179,155.962,42.7472,1.71287,86.5139,69.5824,23.8746,33.1863,4.09177,44,0.338562,1.04321,402.14,102.133,131.87,31.1996,2.27958,63.8475,60.4107,19.9302,30.1126,4.07526,45,0.308863,1.06733,508.169,110.741,102.777,69.1359,1.5437,66.2081,65.9589,17.3595,28.2375,4.19039,46,0.360947,1.00622,493.277,118.617,126.408,35.6741,2.05681,70.9905,65.7647,20.9435,29.3128,4.17488,45,0.339659,1.13917,695.896,226.635,185.869,34.5815,2.03463,91.946,72.8953,27.292,36.0602,5.5701,36,0.435957,1.35194,433.215,97.5521,132.557,36.1556,1.15491,67.8095,57.5195,21.2681,27.3464,5.79319,38,0.363989,1.04566
decoupled_wbc_h066_p012,2839,complete,90,18,15.5224,3.45836,0.0748599,0.148542,411.73,83.3419,104.317,24.3617,2.0368,69.5484,56.1015,19.7339,31.5473,4.91721,40,0.313025,1.24234,406.923,103.535,103.313,34.2716,2.29339,63.9601,58.4039,18.178,29.544,3.55911,41,0.290575,0.959994,440.208,108.315,103.36,74.9262,1.45021,70.254,62.1684,17.9998,35.6789,3.09504,52,0.31823,0.87411,311.439,84.6235,79.9589,37.0537,1.46883,51.6399,44.5321,14.287,26.6944,2.48482,43,0.257,0.877461,316.732,108.056,91.8592,41.3339,1.78123,51.9759,54.758,15.29,27.3419,2.90888,45,0.14681,0.751764,379.167,110.773,81.5366,36.1079,1.63935,58.4894,58.7903,14.9459,28.5047,2.80604,46,0.251923,0.813567,494.47,122.861,94.9567,43.4438,2.16758,75.9704,63.7205,17.9254,37.2204,3.85877,51,0.274027,0.901278,467.095,166.495,136.373,94.6652,2.80766,68.8597,69.0636,20.5777,36.2391,4.8427,44,0.235304,0.917958,420.49,127.582,112.388,42.7045,2.00564,64.6223,56.6443,18.6224,31.3924,4.23313,41,0.302799,0.994049,363.312,102.747,91.3735,36.55,1.56261,58.8809,61.6814,16.3466,25.7048,4.91112,43,0.27747,0.732757,404.615,107.849,108.328,34.4462,2.13392,68.6455,57.1908,18.9038,28.0838,5.86649,47,0.338526,1.13942,368.643,89.2445,89.4675,39.8136,2.48147,55.3047,55.1502,16.2639,26.6355,6.29259,57,0.226379,0.73113,449.274,91.8851,99.7809,33.5679,2.10584,62.5449,57.2843,20.114,30.5326,8.05759,37,0.232428,1.08157,457.457,87.3364,99.9564,107.876,13.2877,64.3567,53.9396,20.9918,38.7404,11.4655,38,0.301843,1.04323,770.377,188.598,139.324,167.816,3.43381,76.4138,59.1262,21.3404,37.6553,7.65672,36,0.354619,1.10381,366.687,97.8229,116.235,38.337,1.90239,58.6974,51.7614,18.3772,26.7217,4.07113,37,0.249919,1.033,426.219,113.351,103.772,39.649,1.56483,64.9749,62.8684,16.8795,30.4463,3.5386,41,0.246489,0.954974,527.307,136.335,126.398,40.696,1.16386,79.7925,71.2051,21.0813,35.2518,3.84349,37,0.305813,0.958303
decoupled_wbc_h066_p012,2840,complete,90,18,14.2723,3.48156,0.196576,0.172487,419.835,90.4411,99.9647,19.5107,2.32904,65.0215,55.635,17.8522,30.1696,4.79084,45,0.287039,1.10582,417.277,82.6225,101.164,21.6174,1.87455,62.3242,56.2276,17.2545,29.0886,4.95782,48,0.290185,0.936336,334.187,94.5697,96.9659,28.8952,3.07859,55.7925,53.6531,16.3586,26.0609,5.24837,40,0.248816,0.927918,424.91,116.582,97.9512,58.809,2.2688,60.5086,60.3961,16.344,29.3091,6.26492,40,0.316658,0.949499,431.824,104.267,102.21,39.015,1.42576,68.6399,56.1466,17.8808,31.1834,5.33466,38,0.351365,1.05352,397.503,135.755,104.702,54.8077,1.67612,59.3493,64.867,16.4567,33.1287,5.23767,43,0.255259,0.839905,368.709,97.4189,81.5768,28.9907,1.54312,63.2981,57.6585,16.7131,27.2999,4.85995,47,0.261911,0.875663,372.281,75.346,76.9872,27.8402,3.24926,58.6348,50.6768,14.5594,24.5334,5.26548,44,0.293861,0.976313,419.106,101.1,84.3835,61.2201,3.16653,62.9112,57.7421,15.9563,23.4842,7.20952,50,0.274286,0.913364,422.948,103.469,143.244,31.7742,1.9776,61.6122,51.3068,17.6493,22.6275,6.09375,31,0.365461,1.08456,332.247,100.792,105.665,44.6452,1.48944,55.1709,51.4239,15.5889,23.5678,5.02873,26,0.286253,0.849609,672.962,301.93,180.648,78.7903,3.01844,85.9551,84.0857,25.4095,31.1677,6.65084,40,0.39912,1.13074,677.291,154.863,155.954,177.162,17.7897,90.4364,73.7676,26.4465,55.024,24.9234,47,0.363713,1.07192,431.908,84.5441,85.5679,24.1328,2.15182,59.3367,48.1944,16.7032,18.2168,4.42705,34,0.283088,1.06773,461.263,86.3832,84.5076,15.9256,3.43258,69.534,58.7268,17.4556,17.1685,4.4039,42,0.321189,1.04395,470.267,107.411,117.471,28.2915,1.73237,67.2192,59.1308,18.7387,20.65,5.31909,38,0.321036,1.02873,353.428,105.19,124.063,162.051,16.0017,65.4274,60.5906,20.067,41.513,14.1137,49,0.211835,0.917248,452.799,126.283,98.6073,23.8927,1.64395,70.8446,66.227,20.2439,21.3664,5.15958,48,0.325765,0.958253
decoupled_wbc_h066_p012,2841,complete,90,18,18.7021,3.82536,0.343593,0.276959,454.691,86.5745,103.482,21.0309,1.76636,70.2644,55.8809,21.0815,29.9454,4.46568,47,0.339716,1.09896,452.947,87.0637,97.6366,30.0334,2.2416,63.1769,55.4825,17.0949,28.1391,4.85832,36,0.348113,1.03206,392.954,117.531,120.203,25.8233,1.74276,68.1757,61.595,18.9238,27.3233,4.33938,42,0.318648,1.01503,545.992,101.271,118.891,53.8833,2.49832,79.1083,60.9436,20.8686,29.4273,3.90064,40,0.368247,1.16162,408.102,130.748,121.023,35.5347,2.01497,65.0304,53.7197,20.5897,25.6544,5.04731,42,0.333911,1.1619,421.625,171.8,156.738,38.8328,1.93997,71.6363,74.5838,22.4449,29.5889,5.6174,44,0.214476,0.878559,431.754,110.007,103.321,25.1524,2.18737,70.6554,66.7651,17.6978,24.744,4.23972,55,0.236588,0.929659,535.353,132.602,151.219,188.817,8.39598,72.3597,61.3416,21.8496,34.8832,7.76798,42,0.320627,1.13037,517.357,109.585,102.608,35.4647,3.16178,71.5389,59.2877,19.0396,23.0283,4.06785,43,0.3717,1.02197,544.658,104.958,104.47,35.0599,1.45923,85.1659,62.924,20.5733,24.3789,3.69993,40,0.415956,1.05577,518.953,188.315,149.9,129.923,2.68429,82.3576,68.9126,24.8611,34.1222,6.06814,43,0.315443,1.04682,452.086,106.244,98.861,87.7274,1.75082,66.1647,65.4433,18.1153,25.3972,4.91078,42,0.312104,0.837745,698.565,153.375,182.539,64.5788,2.29495,93.9865,71.3379,29.3347,38.1908,5.96071,42,0.304359,1.0125,479.235,99.1278,103.812,166.597,7.70524,66.5445,62.1916,17.2675,29.2642,7.026,36,0.375937,1.00504,646.929,148.98,109.484,28.1428,1.65032,82.6941,73.0107,20.2247,22.7417,4.62913,44,0.357399,1.18804,362.879,95.6852,107.27,30.6665,1.77272,65.1612,58.427,17.7919,22.1151,3.60202,47,0.335231,0.942685,470.016,101.29,107.783,32.9584,2.3556,68.367,55.8396,19.832,28.3659,4.19523,44,0.289427,1.03978,441.008,105.301,161.925,173.534,8.23507,70.1306,60.4746,20.491,43.722,7.31848,41,0.26748,1.02323
decoupled_wbc_h066_p012,2842,fell,71.32,15,22.4593,13.4317,0.924783,0.560538,408.509,72.6276,112.617,25.5531,1.77648,67.2682,50.0508,19.495,30.9135,4.18208,40,0.26987,1.02149,562.106,142.187,126.389,35.6537,1.53028,79.925,71.4964,20.082,37.8695,4.41258,41,0.324732,1.09671,355.744,100.373,95.21,24.4927,2.12225,61.5586,57.5354,17.8988,28.8379,3.8725,51,0.251346,0.886,394.737,85.2454,108.531,57.7606,1.7223,62.8315,54.9122,18.6326,28.8224,4.41708,51,0.287984,0.828168,416.986,90.5721,97.5079,41.0963,2.18035,63.5307,55.0991,19.2222,26.697,4.2802,49,0.263421,0.934741,477.073,106.9,96.7282,30.873,2.44806,76.2811,62.4777,20.4624,29.5919,3.39897,55,0.3238,0.887606,371.504,94.1615,91.7622,32.2339,2.26793,61.6638,57.2472,17.0399,25.9058,3.16848,44,0.272426,0.855066,538.335,124.836,97.0692,94.7115,4.21086,73.3252,67.4039,16.8033,34.9335,5.8872,38,0.384446,1.01089,569.316,114.748,134.668,33.489,2.51907,82.7789,66.777,22.6596,31.2824,5.38802,40,0.311267,1.11355,510.078,101.136,80.662,25.5444,2.80567,68.9493,56.0292,16.5376,20.4886,3.68616,43,0.340773,1.02423,394.808,80.5721,93.7401,17.2354,1.3321,60.2334,51.0068,16.4129,18.908,3.06919,38,0.276859,1.10986,502.509,122.187,122.851,28.8147,2.21773,70.1213,65.4767,18.7967,21.7902,3.52963,40,0.309575,1.06194,432.28,125.687,106.94,102.669,1.7405,69.2134,56.1943,18.5955,29.2903,4.98712,44,0.345629,1.07705,350.158,130.548,119.46,90.3167,2.20021,56.2935,63.3205,16.703,27.703,4.86231,32,0.246669,0.914563,3130.48,543.674,509.175,84.7872,8.87512,171.367,88.7636,54.1547,51.469,18.8251,3,0.107412,1.50401,,,,,,,,,,,,,,,,,,,,,,,,,,,,,,,,,,,,,,,
decoupled_wbc_h066_p012,2843,complete,90,18,16.9595,2.81734,0.387826,0.217159,402.721,84.168,128.066,38.3775,2.05155,69.53,53.5072,20.0803,30.239,4.85382,33,0.357543,1.18985,373.2,89.4508,91.6443,24.537,2.27868,57.453,53.8018,15.7108,25.4129,4.04427,39,0.30204,0.973801,420.263,117.716,127.066,29.2318,2.04978,67.0868,59.3505,20.1696,32.3895,6.33623,39,0.303547,0.994319,404.022,85.7629,84.4983,28.4469,1.72011,64.6611,52.7569,18.2042,31.0543,4.32622,49,0.312669,0.893318,372.593,111.95,113.873,23.5241,1.46965,65.1921,55.9681,18.3797,23.4478,4.2029,50,0.290705,0.9,575.079,194.619,138.161,54.5012,2.13931,81.4503,71.9719,24.0104,27.8811,5.75838,38,0.365497,1.07886,425.722,86.7791,110.025,134.8,2.40808,70.9955,57.7917,18.3802,28.1545,4.81582,46,0.30687,1.09847,651.871,139.59,132.491,49.5957,1.70381,88.2449,69.2687,21.5987,36.6008,5.08818,34,0.355256,1.2153,370.424,84.2437,100.282,32.0044,2.05185,64.039,49.9059,17.0943,30.1671,5.36275,45,0.303454,1.18795,465.038,90.5267,97.4054,29.5664,1.71852,67.9844,56.1664,16.7315,27.1186,4.72096,37,0.324726,1.1897,553.323,139.969,138.775,76.6895,1.96206,75.3819,65.7852,18.9063,37.8613,6.1905,39,0.27545,1.05792,365.067,90.7782,77.3549,28.1517,1.9725,57.4292,54.9057,14.6115,24.8144,3.84271,40,0.327495,0.955155,422.916,102.857,120.361,36.9478,1.79212,64.1191,57.9431,19.0047,28.7149,4.94416,47,0.266024,1.00201,464.458,133.356,113.69,41.9199,1.23852,66.4174,62.3268,19.5655,26.5507,4.64388,50,0.212372,0.912201,354.185,87.769,102.174,32.2045,1.04515,59.1343,49.8173,17.3881,21.6886,3.56152,45,0.306476,0.975805,435.47,127.264,106.905,38.0287,1.92936,69.4362,58.8332,17.9258,26.8456,4.22005,50,0.295152,0.945473,617.501,141.463,93.2618,32.5004,1.36377,73.6781,68.321,17.8782,25.1562,4.00633,38,0.463512,1.32087,484.786,149.259,130.442,124.539,5.43872,69.544,69.2204,20.2346,37.9622,8.65686,34,0.244753,1.01422
decoupled_wbc_h066_p012,2844,fell,86.96,18,34.1014,10.0906,1.08609,1.90108,388.647,90.3707,89.4808,15.6962,2.12272,56.94,58.6016,15.6776,22.752,3.01099,42,0.300819,0.905637,398.178,93.0742,102.276,56.8883,2.29533,66.6785,55.0055,17.22,28.635,4.03909,39,0.358188,0.942661,392.164,113.051,97.4719,32.5743,2.12029,58.9189,58.4984,16.605,30.5539,3.6623,37,0.314016,1.07796,439.716,163.403,116.413,35.2525,2.16012,70.668,65.6535,21.195,38.8759,5.13767,41,0.338608,0.932694,414.091,84.716,99.0111,56.7197,3.00796,60.0668,55.2515,16.2521,30.5008,6.31367,40,0.333706,0.979557,468.184,113.628,120.973,24.6066,2.02947,70.1142,59.8884,18.764,30.8975,5.53589,40,0.255333,1.1099,556.806,115.219,93.041,40.2969,7.53416,76.4914,66.5937,19.2046,29.7405,8.27081,47,0.314259,0.871196,315.95,83.1117,86.0413,15.9876,2.06634,54.9006,50.854,15.5723,18.746,3.3997,37,0.268474,1.00586,478.167,89.2532,114.499,118.503,8.19927,67.6457,47.7636,18.7655,28.2582,6.34832,41,0.322977,1.00454,406.928,94.0615,97.6561,29.6575,1.57166,63.7379,55.8682,18.1657,23.4405,3.521,42,0.305354,0.993283,1318.61,453.034,323.046,48.5808,1.69702,133.85,124.917,39.3721,44.0424,8.44818,30,0.398094,1.39109,483.552,108.897,124.626,44.1272,1.59634,70.6457,58.6958,18.93,23.4167,4.32137,41,0.368641,1.08049,545.906,132.541,112.285,32.651,2.0232,76.4102,63.0916,20.3139,23.8032,5.05106,45,0.353652,1.16441,446.14,110.748,112.426,35.7668,1.51026,69.6319,57.5517,19.2227,24.182,3.81043,39,0.300209,0.934089,419.468,110.928,114.582,35.1574,1.86509,69.5857,60.1103,18.0503,23.7698,4.08714,50,0.28399,0.827074,447.155,79.2738,97.3627,31.808,1.34076,64.9573,45.479,16.913,22.8029,4.2263,34,0.320602,1.05177,417.797,134.257,104.244,55.8801,2.07077,60.2828,56.6317,16.765,26.9053,3.71184,35,0.244856,0.870032,4308.35,747.729,581.455,182.89,14.0327,188.497,113.653,56.7208,68.5813,20.5474,1,0,9.2688
decoupled_wbc_h066_p012,2845,fell,80.96,17,18.6335,9.35746,0.967486,2.8762,347.295,87.9607,94.6937,24.5625,2.10695,56.2731,55.8046,16.4184,28.7041,5.07301,45,0.259297,0.92303,301.87,61.3465,79.2066,25.9212,2.34223,55.1177,42.6514,15.493,28.9534,5.25307,43,0.296195,1.02123,357.161,91.0502,115.899,27.446,2.71482,59.8029,52.1996,18,35.065,6.30644,43,0.261024,0.920094,403.024,81.343,106.198,24.44,1.93649,64.1147,53.8646,16.2773,28.8979,3.99068,44,0.254526,0.998149,459.91,88.618,107.992,55.5536,2.10242,67.6052,55.1469,18.8781,35.4588,5.20791,47,0.324385,1.10748,408.497,97.7344,83.1792,34.4363,1.49575,54.9633,54.5808,14.1717,27.6596,3.67485,38,0.359563,1.05227,414.219,88.9312,93.8974,48.5912,2.65273,63.7075,57.4913,17.1558,31.0951,5.23496,47,0.266307,0.962057,382.772,83.2664,61.788,29.2939,1.77339,52.0055,52.8944,12.0151,24.584,3.55275,32,0.367216,1.10461,464.489,133.188,129.698,90.7913,2.21361,71.9999,59.3375,20.387,44.7504,5.96985,49,0.264913,0.921048,421.581,101.573,87.9792,35.2681,1.46786,63.8864,50.2042,16.3326,30.0667,3.83204,44,0.31788,1.0608,559.612,105.717,95.4183,56.2032,2.109,84.6819,62.9864,21.0022,44.3316,5.8674,48,0.402771,1.04193,476.24,113.107,90.4575,204.506,10.5442,63.7058,54.5639,18.1861,48.6069,10.0925,44,0.24444,0.882526,233.219,42.9507,51.6427,19.7538,1.48664,33.1088,29.8269,8.73583,19.3957,2.60218,26,0.252356,0.897499,377.75,106.998,82.5837,37.5518,1.93545,56.6123,56.2446,16.3318,30.4477,3.20901,36,0.286629,0.783719,435.524,117.528,95.4238,35.5789,1.87349,69.2171,62.8045,17.1795,27.7771,3.93696,45,0.234337,0.88372,403.793,133.942,102.333,39.507,1.26581,65.0003,64.9397,16.0055,30.7674,3.29349,36,0.255308,0.762462,1601.04,201.531,288.917,275.999,20.6723,93.3598,44.6416,29.7493,66.0045,11.9511,1,0,1.21167,,,,,,,,,,,,,
decoupled_wbc_h066_p012,2846,complete,90,18,14.7886,2.43731,0.0658863,0.0761332,355.298,64.6425,85.9502,20.7226,1.82098,59.5143,47.1061,16.5529,27.8549,3.96974,33,0.373375,1.36983,459.375,104.631,119.777,23.8552,2.90647,68.7013,61.2162,19.6911,29.428,4.39505,37,0.316117,1.1356,402.849,86.2064,110.308,31.8175,2.29018,60.7279,49.1171,18.234,28.4793,4.23229,37,0.30628,1.1085,322.961,63.4212,60.1384,18.8902,1.99247,56.7405,47.2429,14.9836,25.0769,3.1303,44,0.303244,0.996983,374.006,76.7974,92.4835,46.3962,2.30552,57.0452,48.933,15.4349,30.8819,4.95198,38,0.310433,0.956624,490.334,103.479,130.863,45.7598,1.60548,68.0791,57.6369,18.1613,33.2234,4.0409,35,0.30182,1.0367,509.453,108.666,131.906,43.796,1.87966,72.0511,58.6548,20.635,37.4789,4.81333,42,0.314734,1.26144,451.15,70.0886,81.4695,26.0571,1.80098,66.3558,47.9202,15.6298,27.4215,3.39765,41,0.32223,1.10018,309.032,72.0312,75.4438,78.6252,2.58191,54.3321,45.3821,13.7267,28.8765,4.51371,40,0.312377,0.916642,491.2,106.496,92.653,40.4172,1.92411,66.5176,55.5898,16.1974,31.0458,4.64214,35,0.314701,1.02182,374.061,86.5681,71.1071,39.8285,1.84412,53.843,53.2655,13.717,31.5888,3.96323,39,0.250809,0.989866,389.694,115.06,100.908,41.1785,1.53828,58.17,59.6698,16.8801,36.236,4.25717,40,0.216683,0.824901,519.777,116.413,105.605,39.2277,1.09092,62.5211,55.1024,17.0502,32.1861,3.34463,30,0.168281,0.989187,478.929,111.855,149.524,252.71,8.16978,74.0573,58.1488,22.0002,71.2503,11.0094,40,0.311733,0.950812,394.729,108.867,107.184,39.6769,1.35503,64.4038,56.5757,17.261,31.229,2.6189,41,0.28209,0.960797,438.954,114.396,129.731,192.71,6.30421,67.6726,57.5308,19.981,48.7673,6.84279,41,0.169159,0.986097,495.691,115.388,103.506,46.3559,2.50739,77.234,68.9988,20.4279,35.8597,4.92071,52,0.307318,0.877326,357.763,74.7927,96.488,79.6255,2.57052,49.8335,44.5342,14.1,29.3681,3.52294,28,0.309029,1.0149
decoupled_wbc_h066_p012,2847,complete,90,18,17.6852,2.9519,0.168625,0.343417,448.989,120.255,92.4172,21.8592,2.37003,63.4696,64.5018,17.1279,26.4599,3.65864,43,0.261882,0.945786,431.104,87.8802,119.671,21.1138,2.67464,66.8224,53.6523,19.9404,26.616,4.35203,42,0.347729,1.15706,364.24,84.3689,83.0467,22.255,1.33856,58.9254,54.4683,15.5032,26.7402,4.21176,45,0.270033,0.889287,414.232,72.8068,104.39,23.8189,1.18323,66.7897,50.8141,18.8359,28.5576,5.66925,38,0.368637,1.24656,410.873,86.9045,111.428,23.6462,1.28873,60.2439,55.8475,18.0574,27.0121,5.96474,42,0.293073,0.901863,419.196,95.8837,120.982,26.342,1.81984,64.2266,57.9925,17.8387,29.3566,6.85893,34,0.282573,1.04652,523.937,91.8207,98.398,27.702,1.69928,67.3268,53.3255,17.0211,31.4445,6.04922,30,0.428226,1.19606,507.615,116.19,124.026,160.505,5.93011,75.711,62.8508,20.703,46.551,8.63085,43,0.318649,1.05004,547.057,124.273,98.5976,31.0234,1.96068,75.6234,65.6978,19.2392,34.4189,6.44499,46,0.302501,0.986016,614.759,144.065,160.855,109.283,4.1228,75.6805,64.7488,23.0808,42.8294,7.62082,41,0.301897,1.11692,376.356,92.3777,98.1298,34.4265,1.51926,58.6951,54.3472,15.5667,24.2434,3.24819,35,0.257874,1.0335,572.349,111.726,121.437,66.9102,1.64302,74.026,57.4412,20.0731,31.5642,3.95377,44,0.272291,1.03342,444.378,106.815,77.0468,48.4362,2.02368,65.9398,56.9321,16.3648,26.0545,4.67176,32,0.311304,0.958955,936.723,241.398,168.338,99.9906,2.31045,88.9618,83.5509,23.5996,44.4721,7.04894,30,0.27247,1.11502,435.838,100.656,98.0348,39.252,0.816483,58.9563,51.8834,16.1045,24.7599,4.03007,40,0.187607,0.82318,337.829,110.966,128.95,33.5171,1.36845,58.4307,60.7334,18.3222,31.2086,4.96312,49,0.196514,0.857136,557.028,120.252,125.639,47.9412,1.651,73.6575,65.8637,20.0945,31.4325,6.00785,42,0.345249,1.09266,449.106,129.601,139.687,60.1425,2.29226,69.2236,65.7481,20.7998,31.7324,6.29535,50,0.200188,0.934729
decoupled_wbc_h066_p012,2848,complete,90,18,16.4275,3.18248,0.095992,0.203641,458.603,107.663,117.41,26.329,1.94286,72.6217,62.8663,19.9716,28.8077,4.41696,49,0.311717,0.940287,351.117,107.684,137.387,49.331,1.71295,61.7028,58.7478,19.5734,27.3532,3.76045,51,0.236443,0.848649,482.523,114.042,126.426,24.9765,2.04113,77.6039,66.3126,21.901,24.2669,5.23126,41,0.323054,0.97803,441.618,85.6172,102.844,48.0067,2.59651,70.0474,57.5298,17.9358,22.304,5.61047,44,0.368614,1.03156,381.45,92.2036,93.4313,32.9194,1.73824,61.2606,54.052,17.7502,23.4654,4.98371,44,0.215042,0.850262,368.594,86.4981,101.454,61.1989,3.15809,59.8873,48.3511,17.9101,26.7815,6.74231,41,0.264174,0.970398,430.203,89.1184,106.992,29.8938,1.86184,67.7553,52.0147,19.8064,25.9279,5.95362,37,0.346255,1.01503,563.088,119.707,135.769,30.3386,2.11585,78.7068,65.1903,23.0323,29.5203,8.20775,39,0.337032,1.1923,688.711,135.866,108.777,42.1412,2.36428,84.6431,68.3193,22.8355,29.3103,7.98769,41,0.382354,1.39265,472.265,116.692,126.365,162.862,4.06591,74.4678,65.9453,21.9296,34.073,8.47587,44,0.320927,0.965128,478.811,131.053,112.885,26.0412,2.12605,71.4021,61.0787,19.9486,28.9533,5.60891,42,0.32607,1.06199,1112.66,177.39,184.614,43.0296,2.41915,111.101,76.0497,30.7195,39.2423,7.94704,52,0.335442,1.01957,515.643,113.272,95.3071,27.3008,1.94774,71.3757,62.8589,17.9277,28.7946,6.30766,44,0.316866,0.936993,369.488,76.9397,95.2251,28.4741,2.35839,55.2658,50.3016,15.6959,25.4009,4.60343,36,0.291192,1.02017,344.923,93.4979,105.021,57.5002,3.03912,55.6262,52.2144,18.2483,35.0555,6.56895,44,0.20108,0.891466,360.636,107.264,112.425,37.0046,1.4915,51.4805,58.6046,16.4724,30.5828,3.73917,34,0.251923,0.810546,698.609,141.065,140.166,38.6583,2.10777,89.116,69.1137,25.1981,38.694,4.25537,40,0.348937,1.08391,363.183,97.5216,86.1403,31.5867,2.14223,57.3776,50.6924,16.0999,24.8067,2.6342,39,0.300406,0.928228
decoupled_wbc_h066_p012,2849,complete,90,18,20.7011,3.78557,0.220307,0.306369,427.202,81.0698,76.4833,17.4822,2.56328,62.283,49.9843,15.8588,25.2462,4.13409,42,0.283752,1.02653,386.847,83.4823,86.9066,70.1682,1.9147,59.1384,53.5353,15.7163,27.6889,4.9613,39,0.292587,0.940279,483.121,117.704,113.151,22.5217,3.06066,72.9083,61.4092,19.3964,25.9489,4.37655,39,0.318372,1.3186,380.429,77.3608,93.2654,25.2477,2.135,60.6941,47.3171,15.9897,27.9163,3.00458,44,0.358281,1.06859,474.77,111.635,110.523,88.8474,2.86222,67.2443,63.5179,17.0301,31.4229,5.17776,34,0.353815,1.28134,638.683,141.807,139.239,22.7006,1.9083,87.8498,68.4387,24.3319,27.677,5.78726,47,0.282799,1.12743,376.674,90.129,110.148,21.4251,1.92324,63.7168,54.8742,17.5414,22.3612,4.03894,43,0.256126,0.991653,398.097,112.64,111.515,35.1095,2.76251,63.1335,63.0997,17.3025,25.2925,6.0593,42,0.237649,0.958671,813.571,242.258,178.367,37.3327,3.50802,98.2672,87.1104,26.1712,36.4469,9.13935,31,0.415906,1.23454,465.142,99.1193,121.448,38.8027,2.35145,69.8134,49.9892,20.9661,23.7241,5.20294,41,0.349722,1.15537,502.855,124.076,122.613,35.4041,2.29845,75.2448,68.1984,21.384,23.3601,4.87845,43,0.288349,1.04467,405.49,140.276,132.766,79.3015,11.5269,64.2353,62.2007,20.515,30.6761,9.74752,35,0.225963,0.989491,520.616,107.245,111.163,25.7166,2.07209,76.8271,58.9604,20.4968,22.6428,5.4641,42,0.272912,1.03839,567.963,131.663,144.748,24.2286,1.81045,77.7234,67.4034,22.5807,25.1448,6.27916,43,0.281454,0.968227,393.865,108.888,92.8021,37.2434,1.37777,64.4355,59.4388,17.0577,30.3913,4.75962,40,0.31782,1.0217,891.182,170.119,153.521,83.7556,4.35763,99.705,81.9412,24.6582,46.5368,7.54848,34,0.353127,1.47142,388.694,99.3185,87.0027,20.6312,1.42126,65.4209,59.6313,17.0255,27.4446,3.85002,49,0.291439,0.825279,515.043,114.818,105.612,45.8974,2.01942,76.8971,60.4688,19.4436,32.1613,5.98128,43,0.303791,1.02543
decoupled_wbc_h066_p012,2850,fell,66.2,14,16.3712,5.06668,1.88774,1.25186,461.548,107.601,116.646,23.5761,1.46247,74.7223,63.6009,21.2037,33.3335,4.72821,48,0.308357,1.13918,374.629,67.3286,78.9073,26.5779,2.3124,61.2038,44.6948,15.9993,26.3523,2.98762,43,0.293935,1.10363,481.043,105.957,120.522,29.1455,1.72484,70.3006,63.1527,18.4897,28.2218,2.76829,38,0.315931,1.07532,449.221,105.53,108.95,23.6165,1.55646,72.7946,63.4422,19.7523,27.391,4.14505,55,0.323219,0.908791,333.883,104.788,100.778,32.3913,2.20293,60.8681,54.4007,17.3133,25.2808,4.93955,50,0.239954,0.834442,531.433,121.149,101.317,116.359,7.32936,84.5319,61.6841,21.8287,36.304,9.35064,49,0.319151,1.0507,311.337,87.455,82.6589,52.2648,2.02608,52.4753,50.3608,14.2909,19.9692,3.62479,40,0.258403,0.944353,510.444,138.519,100.802,24.7578,2.00236,72.8692,67.6531,18.8447,22.0534,3.73212,40,0.289417,1.05976,577.091,131.282,108.962,35.9333,1.695,75.3923,62.3395,20.416,23.744,3.86807,36,0.307833,1.01364,526.693,127.039,116.313,33.0298,2.19717,74.1765,61.4332,19.2017,22.2134,4.05088,39,0.253078,1.07662,571.313,132.926,184.217,30.4122,1.51573,89.3161,70.2306,23.9056,25.77,4.35417,45,0.337733,1.17816,332.582,82.4285,85.2155,20.6929,1.92898,55.9003,55.0837,15.6556,20.0504,3.29917,46,0.254405,0.81941,448.502,126.898,167.594,171.179,15.3945,73.6791,61.4529,22.9315,39.2018,10.3833,44,0.237757,0.994852,3481.94,519.58,636.004,251.616,22.092,181.096,92.0756,52.135,75.2513,22.5375,3,0.131337,0.91807,,,,,,,,,,,,,,,,,,,,,,,,,,,,,,,,,,,,,,,,,,,,,,,,,,,,
decoupled_wbc_h066_p012,2851,fell,60.76,13,24.3619,15.8231,2.97655,3.56541,431.241,82.2029,81.0212,17.4582,2.6188,66.8645,55.7868,18.6916,25.5825,4.33528,58,0.280645,0.759555,448.108,86.6287,109.081,26.6536,1.99163,70.6589,52.9552,20.2411,23.7132,4.28022,39,0.342255,1.17458,436.411,71.1861,73.9026,22.7547,2.12371,60.6242,52.333,14.3061,16.737,3.19489,36,0.349549,1.10924,337.195,104.307,97.1101,35.8413,2.64583,57.3022,44.6381,17.3486,19.462,3.59092,40,0.30526,0.894958,511.671,123.755,121.548,46.9004,2.50362,75.0578,70.0585,19.2642,24.6481,4.78806,52,0.319568,0.852115,266.994,118.134,108.179,33.9993,2.10206,51.7361,58.3362,17.2076,21.071,3.83736,35,0.154223,0.720753,431.523,105.402,101.714,46.4594,1.4244,68.3601,53.2785,18.6589,27.316,4.24492,49,0.261159,1.05878,381.548,108.842,116.264,42.5,1.85576,60.6081,58.9569,17.7466,27.4212,4.57248,38,0.235887,0.91657,443.048,132.738,136.997,45.1273,1.39388,64.7745,66.1427,19.188,26.3438,3.97102,38,0.295757,1.09454,409.85,79.7507,124.415,149.465,4.57549,60.3067,42.9655,18.1564,29.9867,6.59131,44,0.278982,0.896745,609.38,129.269,131.52,69.8444,2.61371,79.6747,65.5256,20.6092,27.4234,5.32036,35,0.453206,1.22137,276.723,108.161,108.573,41.3776,2.51219,51.6284,55.6282,17.044,23.1098,3.76714,41,0.184196,0.824414,1134.38,170.027,189.821,217.18,19.8631,47.4736,22.5375,18.9017,43.3199,10.1925,2,0.216202,0.736931,,,,,,,,,,,,,,,,,,,,,,,,,,,,,,,,,,,,,,,,,,,,,,,,,,,,,,,,,,,,,,,,,
decoupled_wbc_h066_p012,2852,fell,86.18,18,29.2005,10.9278,0.946573,1.03601,451.329,89.2384,101.449,22.0112,2.39983,72.1135,59.824,20.1102,32.0932,3.81441,45,0.296219,1.05065,396.363,98.6469,101.729,23.8401,2.43409,68.8066,57.8612,18.1409,30.6647,4.31317,48,0.330254,1.03485,598.707,114.467,162.432,26.7013,2.17962,83.9803,60.8791,23.5492,35.6241,4.95969,46,0.328398,1.15655,439.494,74.9886,172.336,27.6732,1.82212,65.9684,50.6067,22.1318,27.8128,4.85449,35,0.376581,1.23977,364.652,91.0426,119.854,31.1614,1.44841,60.1806,55.59,19.1535,25.2461,5.69224,38,0.264119,0.943018,471.204,78.9496,125.313,33.9263,2.26023,66.1489,46.9717,19.7776,25.8472,4.22008,35,0.416428,1.05185,508.173,89.3917,102.272,23.0953,1.51865,76.7954,58.9034,21.342,29.3269,4.54516,45,0.348117,0.895853,550.05,130.936,115.024,26.5717,2.15682,73.6244,63.3748,20.0724,30.8041,5.33704,41,0.314852,0.998146,440.73,113.274,108.205,29.2043,2.26899,66.7721,63.2293,18.3118,24.0733,6.3334,41,0.301638,0.975745,387.586,92.58,90.1897,25.1682,1.56024,66.1168,55.1093,19.0011,23.2043,4.80663,52,0.311383,1.03141,469.364,105.062,110.365,29.8911,1.45003,69.2469,60.6156,20.4527,27.4737,5.01914,46,0.363242,1.02803,453.627,94.1484,135.088,27.8849,2.59659,66.1564,56.7505,20.4175,29.9058,4.72712,34,0.246744,1.0439,449.273,82.5168,123.485,28.7705,2.33108,71.143,53.8956,21.7099,33.2485,5.16809,41,0.340621,1.17262,435.045,96.5479,90.9072,23.4201,2.52763,64.7873,56.3674,18.1921,22.18,4.97535,40,0.301599,0.879739,505.546,91.395,129.773,100.048,2.79709,67.9331,50.6791,21.2586,33.7145,6.60946,42,0.293391,1.02606,580.004,127.188,96.0797,30.2644,2.2208,75.6617,62.4551,20.3126,28.309,5.61476,48,0.272197,1.07937,605.14,182.27,151.753,94.1985,2.93448,76.8435,69.1396,23.7688,37.8551,7.90889,44,0.314354,0.876979,2031.91,598.879,270.859,46.3214,1.56733,110.572,79.7405,32.8873,37.8954,6.30593,0,,
decoupled_wbc_h066_p012,2853,fell,86.28,18,28.4359,5.53464,1.57063,2.23494,443.952,75.4936,113.538,20.3261,2.74087,65.8531,51.2582,19.2237,30.0587,5.2156,43,0.337119,1.05609,522.975,99.8245,107.812,30.0934,1.97933,78.9682,60.3012,22.299,31.1188,7.19362,51,0.352115,1.03997,401.844,82.2034,88.8316,21.1202,2.01917,64.9142,56.4673,17.3052,21.1569,5.28244,46,0.305131,0.998118,373.044,64.4423,103.7,33.9383,1.72428,61.7781,45.0466,17.3327,24.123,3.53516,46,0.334034,1.00385,533.657,115.117,125.626,97.3045,2.92448,81.7731,66.53,23.1515,33.377,5.14202,52,0.290314,0.986251,550.678,132.521,143.169,37.7715,2.238,75.5741,69.5482,22.5898,32.1381,5.50642,53,0.305992,0.953816,438.45,99.154,114.874,35.947,2.51809,70.0737,58.5224,18.9984,29.9527,4.20221,61,0.263078,0.770479,353.092,114.719,104.52,36.8174,1.63055,63.2977,61.9157,18.2355,26.235,3.24162,52,0.258679,0.854429,639.071,141.343,122.782,136.452,3.06692,85.2727,77.5081,21.4346,32.6668,5.56675,40,0.30984,1.12306,510.744,96.6293,131.361,29.0938,2.9995,70.1047,54.8663,20.6117,30.7059,5.61048,49,0.257535,0.945057,503.971,126.225,141.348,35.1698,2.06304,79.7177,71.7829,21.1554,32.3101,5.58215,46,0.239651,0.873038,786.322,172.032,150.828,38.7678,1.86146,85.3632,74.8828,24.0799,32.9914,4.64375,43,0.307547,1.07448,958.871,167.712,163.504,38.9726,2.06006,102.872,74.7746,27.4303,41.0679,5.23558,33,0.251654,1.48918,628.957,145.636,158.092,31.951,2.85785,87.7809,71.0581,25.8276,34.6466,6.1123,42,0.287179,1.10685,749.889,127.709,142.284,75.8051,3.22896,89.4501,62.7321,26.0872,41.5966,7.26636,36,0.275609,1.57831,547.605,125.546,125.352,23.236,1.78259,82.1685,70.1392,23.0647,30.1694,5.79723,48,0.321847,1.02951,520.431,129.083,135.688,26.348,2.07007,77.8821,71.1074,21.2307,29.7409,5.64762,53,0.305801,0.826151,2244.16,486.144,377.305,60.2231,1.64347,120.884,84.7114,40.4919,43.0778,6.53104,1,0.411255,2.30667
decoupled_wbc_h066_p012,2854,complete,90,18,21.5384,3.86234,0.152756,0.119476,450.902,115.853,99.5837,33.1716,2.61516,63.561,64.6378,16.3215,30.238,4.53277,39,0.297204,1.0038,467.812,101.203,107.824,27.44,2.33637,62.77,61.2826,17.8135,28.6087,3.62311,31,0.350447,1.14018,404.945,96.3813,105.192,54.124,2.09729,63.5114,57.295,18.8023,33.2364,5.11341,50,0.25598,0.932768,429.796,88.3005,77.4501,22.23,2.04167,62.5756,56.3188,15.5106,25.128,3.60606,39,0.375989,1.28082,467.547,138.453,122.014,26.1671,1.52279,71.3183,68.4481,19.2811,27.2588,3.40462,51,0.28153,0.933814,317.739,93.2618,112.324,32.2154,1.26395,59.3292,55.531,17.4381,24.5354,2.93823,46,0.216975,0.897449,387.23,97.202,86.2689,27.1451,1.25272,61.6884,60.3763,17.3217,22.1382,3.29561,42,0.276078,0.974426,708.062,148.716,178.657,201.413,7.20619,97.6128,75.661,27.5049,56.769,8.39306,46,0.358451,1.20496,616.495,131.955,120.557,35.552,1.9241,83.7389,65.2069,21.994,35.156,4.39332,43,0.360867,1.15785,770.719,146.225,125.192,48.3803,1.43574,79.9331,66.3431,22.3367,38.3864,4.53202,44,0.28919,1.00276,501.077,141.663,115.861,135.646,3.56004,69.3925,66.087,17.7318,36.2307,5.31754,45,0.307216,0.957324,435.513,137.066,116.148,55.114,1.15569,61.6857,61.4011,16.9302,31.3831,3.97828,41,0.229153,0.805708,396.072,100.525,99.6514,23.2908,1.76434,63.7403,53.0153,17.4776,30.1956,4.49639,42,0.41427,1.1222,748.95,126.974,213.251,220.083,13.5589,89.7045,67.5083,27.8932,70.3625,12.8422,45,0.258148,1.05727,604.001,122.2,139.861,30.7998,2.27076,87.1981,70.5601,22.8473,34.1016,6.05837,44,0.321296,1.00877,708.826,214.192,168.034,34.0662,2.51802,83.9731,75.3958,25.0397,36.4652,6.60577,42,0.328258,0.934885,305.53,70.6288,91.2043,31.0802,1.19233,52.7604,47.0144,16.2907,24.9899,4.27406,46,0.261525,0.810923,435.643,93.4321,160.233,190.171,13.3078,65.6562,52.6814,25.0507,50.4289,12.2096,40,0.215669,1.05775
decoupled_wbc_h066_p012,2855,complete,90,18,57.703,3.74014,0.249124,0.101683,378.816,75.5407,100.717,21.8128,3.25716,64.0879,49.7034,19.0683,29.5757,4.78072,36,0.350568,1.15434,506.56,105.184,97.8224,35.1704,2.12399,82.7802,61.5612,20.6193,37.6521,6.05283,47,0.316738,1.10875,359.781,72.554,82.7268,24.3089,1.58526,59.2452,49.5637,15.6659,28.5934,3.8069,40,0.348787,1.13212,435.727,101.824,109.863,31.0527,2.16823,63.6129,58.6779,18.2999,32.8843,4.11476,40,0.320679,0.957378,640.477,115.078,110.043,75.0918,2.07645,90.704,71.4112,21.9325,41.6812,4.88451,43,0.386941,1.05882,382.448,75.0003,100.635,28.5371,2.40502,58.9794,48.7828,17.5039,32.831,4.64088,42,0.289583,1.07029,345.156,70.1172,82.8911,28.2036,2.20575,54.1902,48.3381,14.5743,31.0667,4.90539,48,0.238614,0.886404,610.207,105.272,152.446,38.3164,2.01253,72.9915,52.6986,18.9762,38.1303,5.80546,30,0.403835,1.25247,471.097,115.931,80.6248,45.2588,2.33468,64.3715,57.2595,15.0253,35.873,5.67361,32,0.41066,1.34436,825.606,125.84,97.2175,76.2383,3.42308,75.3758,62.5948,17.1944,39.4326,5.70184,40,0.245273,1.0629,439.933,133.12,102.217,41.4558,1.49759,56.5053,58.2998,14.4721,34.8112,3.88637,44,0.196712,0.826291,2208.19,312.431,233.184,123.723,3.40645,172.164,114.292,46.0133,82.881,8.64657,30,0.344578,2.27618,574.72,79.3195,71.2162,16.5673,1.42453,70.6284,54.5356,14.7313,26.0892,5.60438,37,0.372571,1.10109,606.518,109.083,129.816,41.8176,2.30854,83.1399,57.5237,19.9696,42.9449,7.81859,49,0.279942,1.05909,397.885,112.926,80.9318,31.7589,2.25411,50.9835,58.3941,14.7227,33.784,5.37006,43,0.192879,0.725875,213.949,65.369,57.1542,26.4984,2.7929,31.7051,38.2294,11.6046,25.4906,3.54104,31,0.134276,0.647597,455.858,117.002,108.128,40.2384,1.3238,68.8688,58.4111,18.2823,40.7487,5.25054,42,0.273511,0.826525,488.113,138.531,108.183,36.731,1.95886,72.8306,61.2301,18.532,37.5203,5.97234,43,0.294617,0.935941
decoupled_wbc_h066_p012,2856,complete,90,18,23.9152,3.36673,0.351856,0.206716,424.918,93.0118,94.3094,23.8981,1.55246,65.4896,56.651,18.4172,29.4134,4.44966,47,0.314417,0.861955,434.551,109.635,124.179,27.6618,1.98151,66.8831,59.2769,18.536,32.2232,5.08685,36,0.337689,1.03129,382.725,78.171,95.9448,30.541,2.22987,59.1731,52.2897,16.5409,31.5368,4.32304,36,0.321955,0.973958,345.158,62.7166,101.212,30.2325,1.67905,54.2875,44.4649,16.2517,30.4334,3.97658,43,0.261014,1.01289,516.519,93.2747,142.485,41.8341,1.74408,71.9881,58.6475,19.6027,39.1638,4.95323,40,0.382579,1.08448,523.233,100.65,92.48,43.0344,2.21538,77.7233,58.2082,19.3165,36.6883,3.78772,39,0.375211,1.05712,231.698,61.6394,103.281,32.7762,1.53093,38.2583,37.7712,14.4477,30.3899,3.72281,25,0.153441,0.979568,335.935,85.3131,81.4683,37.9813,2.01877,53.621,44.8922,15.5195,30.6112,3.72658,39,0.29634,0.938597,416.136,109.327,130.82,37.331,1.86024,63.7228,53.4617,18.5972,29.1956,4.14021,49,0.294549,0.909003,566.603,208.081,157.878,40.3558,2.30084,81.1619,72.1788,22.5458,32.8445,6.04541,39,0.346413,0.969994,357.41,95.694,115.109,41.4712,1.68528,57.4189,52.6506,16.8067,26.7479,6.71434,39,0.27071,0.879178,505.088,115.892,137.524,72.3486,3.78107,71.837,60.2653,19.9534,32.8437,7.86889,36,0.289721,1.16786,1956.21,362.681,252.759,157.928,5.31301,144.227,106.205,36.6557,60.6083,13.438,31,0.375306,1.51721,515.884,96.499,100.357,70.6181,2.91086,67.4294,52.1007,18.2718,27.6245,5.39354,43,0.341867,1.06628,471.582,95.1562,87.2722,74.934,2.82042,70.7147,53.7967,17.0603,30.7143,6.06078,42,0.315411,1.03949,597.696,125.406,170.092,166.706,13.4213,82.8654,65.3741,23.1666,40.489,10.7343,40,0.315112,1.15521,397.538,90.5616,111.969,15.998,1.57181,62.5634,58.7304,18.1077,20.0321,4.60354,41,0.299549,0.927953,589.224,132.956,108.096,83.3935,2.23878,75.14,64.7772,18.4182,28.2656,5.40929,30,0.403909,1.08956
decoupled_wbc_h066_p012,2857,complete,90,18,18.5775,4.13321,0.151923,0.200086,421.702,82.1592,95.8602,27.565,1.80807,64.4389,54.7187,17.3963,26.5598,3.36282,40,0.331202,1.05456,414.828,106.668,114.404,38.8198,2.35053,68.0395,61.0471,18.8688,34.066,4.13064,47,0.255342,0.895647,474.364,110.977,118.469,29.1638,1.79612,75.8799,63.8608,19.8653,32.0661,4.46711,35,0.348328,1.16819,427.326,122.748,119.405,25.6126,1.66181,70.3258,67.6254,20.5683,26.7772,3.5834,55,0.285589,0.898809,342.586,87.233,95.1597,30.1129,2.51817,57.4587,51.0431,17.1866,22.7852,3.3618,46,0.233952,0.769478,388.175,97.1286,98.35,33.5105,1.53084,65.3196,58.8663,18.9318,26.7328,4.23721,54,0.231999,0.807664,384.405,86.7088,103.172,32.7843,1.60957,60.3898,55.7837,17.4349,26.7197,3.94267,44,0.285232,0.886081,546.345,108.732,122.963,28.3487,1.66986,81.637,62.0419,22.1033,30.3693,3.85121,45,0.363471,1.17927,799.332,256.392,170.685,40.6853,2.12134,99.2749,82.7647,27.0872,39.6528,4.90107,39,0.445766,1.12357,898.071,258.821,173.332,38.204,1.74226,95.6198,82.7816,26.2965,31.2385,6.14853,40,0.312829,0.969868,723.756,149.374,150.418,104.055,22.8122,94.7336,77.0104,25.6652,47.0518,15.4754,45,0.318861,1.01563,667.13,115.88,170.628,175.19,4.21631,80.2125,56.9007,25.8696,38.3924,6.92438,50,0.291733,1.10983,1217.3,353.736,215.493,37.3082,2.45621,125.458,103.66,32.4082,37.6634,8.10565,30,0.466011,1.4541,389.859,113.454,111.869,35.4718,1.79803,61.0821,57.6111,16.9799,25.8354,4.52097,47,0.187047,0.762008,543.105,122.46,143.258,99.8412,10.7469,84.2755,65.8599,25.3322,51.7797,13.2719,44,0.32932,1.1469,1290.74,267.75,205.67,43.6968,1.20138,111.652,86.5218,30.7382,36.8124,5.89124,33,0.336227,1.17914,594.952,126.799,116.651,37.8898,2.02823,71.3299,64.3401,20.8673,30.933,4.74601,37,0.36508,1.13057,466.518,104.072,93.739,31.3046,1.76814,64.5739,61.4431,18.6997,29.5779,4.03056,42,0.300091,1.00034
decoupled_wbc_h066_p012,2858,complete,90,18,45.4901,3.0479,0.21024,0.136448,391.844,105.848,104.685,27.4453,2.0482,69.5784,61.882,17.7618,31.3715,4.41886,44,0.280271,1.04024,302.363,101.441,100.271,36.085,1.74204,52.7271,54.8652,16.1248,25.1792,3.22624,46,0.187076,0.812286,503.245,121.328,101.689,72.3756,1.53025,75.002,65.0326,19.009,31.7173,5.21498,44,0.376015,0.997218,407.115,119.529,105.017,45.0609,2.51827,64.7138,63.2717,17.1391,30.0184,5.56927,36,0.343668,1.0112,400.449,90.4475,85.8313,34.8536,1.24377,68.8038,58.1173,17.2572,26.1956,4.20217,40,0.377609,0.919919,509.905,113.998,91.3662,35.1901,2.4411,66.3497,63.0001,15.9033,25.9822,4.62964,38,0.34502,1.0317,334.388,102.206,124.423,45.1817,2.05567,55.4305,50.4762,16.7741,29.3533,3.64813,44,0.179724,0.802796,371.94,78.267,96.8912,30.4706,1.7292,63.0344,51.5644,17.0154,26.2142,3.12967,40,0.328663,1.08517,379.624,66.8455,81.616,22.2687,1.86821,57.9405,44.9521,15.263,20.997,2.83866,46,0.33314,1.01979,483.284,110.351,138.834,106.285,3.59903,72.1954,60.9226,19.6507,28.0446,4.77359,42,0.261796,1.09142,387.325,138.058,125.307,52.8092,1.99887,63.3545,69.9109,19.2833,27.7479,4.75541,50,0.160094,0.788017,499.495,102.938,103.894,39.164,1.2378,71.9219,64.0069,18.3797,28.1495,4.55327,47,0.320642,0.909383,806.212,150.512,122.554,52.7172,2.7879,98.6917,74.8096,24.6537,33.2459,4.8788,39,0.48267,1.2995,1839.61,892.602,356.283,67.4321,2.72966,149.853,167.182,48.9612,50.467,7.832,23,0.324349,1.20195,589.134,82.9241,74.829,30.3381,1.69804,71.0144,53.6354,18.5902,20.815,4.12725,33,0.470695,1.23359,597.89,115.265,91.6942,30.5643,1.82026,76.8919,65.3266,17.7714,20.1422,4.30468,38,0.409478,1.17868,642.486,144.947,170.632,170.348,5.60847,85.5914,72.7465,24.8457,32.8135,7.34051,47,0.327537,1.05627,452.512,119.365,126.172,34.0255,1.785,69.0279,64.956,20.83,26.2383,4.09167,42,0.296253,1.12529
decoupled_wbc_h066_p012,2859,complete,90,18,28.9425,3.35852,0.0641543,0.0698111,384.06,101.825,103.404,26.806,2.23824,66.0341,61.5238,18.8416,33.5869,4.42493,43,0.276124,1.01166,365.176,67.8562,63.5305,60.5959,2.763,49.7028,47.1167,12.2906,29.526,3.95917,35,0.348542,0.965901,363.833,82.2185,104.182,30.0101,1.7445,56.811,49.8586,17.0555,32.5915,3.7313,40,0.306007,1.04783,359.277,81.8636,109.584,25.0934,1.32114,54.6352,50.139,17.5701,31.3395,4.20002,40,0.259827,0.939678,496.123,107.484,107.112,26.4278,2.74286,72.8273,61.7888,20.0887,31.302,5.10121,45,0.284975,0.966979,374.045,90.9183,116.347,29.1679,2.4462,62.2279,55.3648,19.2056,28.2598,4.89182,45,0.322393,1.02716,349.781,62.4189,73.6912,20.8702,2.6891,56.2989,46.4321,16.9313,23.4733,3.66849,42,0.343441,0.956422,397.879,74.1287,95.2253,16.409,2.03198,63.429,52.5292,18.3438,21.7502,3.89628,46,0.265048,0.988406,509.029,98.7039,124.146,21.9661,2.0527,73.9343,58.3649,21.962,27.5376,5.37167,37,0.403966,1.29736,546.924,121.806,97.2914,20.9867,2.08192,74.1343,63.4196,20.4434,26.8258,4.3773,44,0.279663,0.902727,484.923,81.8627,103.611,21.4751,2.11181,67.4851,51.1278,19.2537,23.862,4.50284,36,0.335776,1.08928,543.372,116.423,132.929,26.7285,1.76921,72.6033,58.2686,22.0585,32.4096,5.81634,40,0.282917,1.06528,660.828,143.764,156.922,31.466,1.51667,87.9659,67.3852,26.5155,32.9074,5.08636,36,0.349531,1.43706,468.419,100.425,94.3645,20.4892,1.97487,71.2588,62.4869,20.1207,24.5376,4.87693,44,0.335876,0.952449,1011.9,200.899,190.905,45.861,2.36233,110.546,87.2069,35.5712,41.3696,7.30857,42,0.334363,1.67097,519.403,104.026,109.412,32.9033,1.96006,70.0931,60.512,18.7814,22.493,4.3931,40,0.375082,1.04478,426.124,98.4075,105.952,34.3423,1.80682,70.0069,58.5177,19.1667,24.0167,4.41855,47,0.306856,0.924219,371.415,146.57,132.357,58.3409,1.70097,59.1621,55.7372,19.4741,25.4176,4.93414,43,0.234179,0.914967
decoupled_wbc_h066_p012,2860,fell,75.66,16,17.8229,12.961,1.09391,2.32629,334.083,75.943,77.3907,24.6233,2.00088,52.394,49.1181,15.2169,24.3724,4.25773,42,0.265128,0.945659,395.403,84.2848,124.65,36.4097,2.68141,61.8936,47.1273,17.9393,25.4001,4.5347,43,0.324856,1.02209,471.438,128.644,100.748,36.2136,2.56109,74.3674,69.1664,18.4501,22.1779,4.39007,50,0.314658,0.863759,406.948,101.553,100.306,36.3644,1.77955,68.3441,52.6,17.9614,25.48,5.35289,46,0.297201,0.94862,452.083,116.955,100.504,53.8601,1.82495,67.7525,63.8549,17.9394,25.1257,3.90905,51,0.310973,0.819078,422.985,123.037,116.008,59.9807,1.85554,61.5974,60.8663,17.516,26.2705,4.09816,35,0.33822,0.880359,374.302,111.133,107.87,42.1077,1.7297,65.8705,58.3407,18.4104,24.462,3.0749,44,0.250091,0.897911,420.889,120.025,113.676,58.9399,2.97519,65.3085,66.4079,17.9092,31.7708,4.79003,53,0.261543,0.883176,389.953,104.501,113.673,26.8639,1.81525,61.6615,60.9337,17.3669,27.1373,3.71113,43,0.258546,0.881197,550.866,209.136,145.971,46.1382,1.80955,71.6749,70.6517,22.4143,33.283,4.10242,39,0.172038,0.829344,499.596,158.139,165.16,28.7605,1.28006,75.7246,72.5662,23.2843,34.8715,3.66279,51,0.308121,0.989373,431.451,114.407,118.902,29.3116,1.95249,67.9556,60.2074,18.3308,33.3563,4.50964,42,0.303794,0.934533,399.06,96.3337,95.2084,53.9306,2.09889,64.6162,56.9282,16.7634,35.0084,4.52905,46,0.25182,0.932294,656.659,160.666,171.47,150.12,9.64078,85.4472,76.7286,25.9902,53.6285,9.31326,44,0.286089,0.985257,478.138,97.7472,91.2759,31.4645,1.34398,71.7718,59.8547,17.9881,22.5463,3.72405,47,0.339937,0.856027,1320.73,106.333,135.105,41.0981,0.528255,57.4092,27.3202,16.8586,13.9807,1.60416,2,0.0475616,0.743554,,,,,,,,,,,,,,,,,,,,,,,,,,
decoupled_wbc_h066_p012,2861,complete,90,18,16.46,2.16373,0.306778,0.215472,412.529,70.063,110.774,17.7687,2.02988,69.6044,49.7573,19.2827,27.9914,4.21132,45,0.269608,1.05003,380.518,85.2429,121.588,40.3652,2.36644,61.9027,48.5704,19.5274,32.0719,4.57285,38,0.370856,1.11967,392.095,105.483,114.787,45.7706,1.59696,59.9199,57.0599,18.1125,33.5152,4.03179,38,0.352526,0.971237,327.24,104.259,94.7361,34.0005,1.51532,56.2424,57.2208,16.4287,27.567,3.06077,37,0.281828,0.936305,329.203,89.8015,91.7803,33.0945,1.98337,54.5388,50.5948,15.5958,23.2193,2.77515,47,0.211859,0.826648,491.13,133.977,92.7783,33.5212,1.8439,70.9027,69.0829,18.4353,31.9209,4.10865,43,0.228196,1.05099,430.62,91.2101,102.63,31.0957,2.16484,69.6196,54.3656,18.5629,30.1397,4.43417,49,0.278027,0.951038,746.146,202.912,143.553,42.2947,1.6504,89.092,73.2568,24.5175,41.0986,5.61702,41,0.323063,1.16242,386.818,92.9273,84.9928,25.7303,1.88951,65.6204,55.8994,16.8066,28.8292,4.71599,50,0.316827,0.910658,463.697,109.327,128.681,24.3966,1.2657,67.4127,58.7938,19.9428,28.1768,4.93982,47,0.304245,1.04185,502.962,109.603,163.913,29.9977,1.79346,70.6636,56.9915,21.2055,31.8375,6.54236,50,0.311051,1.02088,375.446,87.5985,96.9376,27.8181,2.03961,64.4553,53.1374,18.3832,22.2504,5.47504,50,0.26604,0.929913,399.394,105.253,147.391,115.199,1.7405,68.3043,57.8501,20.9785,28.0581,5.63097,41,0.205609,1.03689,852.196,158.717,129.259,37.3089,3.45793,96.0192,75.8256,22.4002,24.3955,6.18525,29,0.38623,1.32467,691.221,155.099,126.302,32.7213,2.62061,87.8104,71.6456,22.6956,25.6966,6.49174,38,0.466818,1.15619,434.751,89.993,95.8669,23.6523,2.09212,67.1033,55.506,19.7305,22.113,6.89716,50,0.353614,0.979729,781.402,239.026,220.321,217.948,28.3926,99.5457,77.8061,33.3244,53.8081,22.6984,40,0.265573,1.04881,549.218,117.655,95.9763,27.1172,1.72569,71.4181,67.7142,18.646,21.9054,5.22217,44,0.34216,1.1654
decoupled_wbc_h066_p012,2862,fell,81.24,17,23.4692,11.5675,1.10809,2.92585,389.616,115.644,108.257,30.4332,2.63025,61.3734,59.5605,17.7604,27.0155,4.59613,40,0.239093,0.928479,294.163,91.5379,92.8803,19.6471,1.61972,54.0948,52.1621,15.9619,20.5079,3.87006,43,0.219965,0.846205,403.274,102.654,106.878,21.1626,1.53982,63.9419,55.4379,17.9372,21.1401,3.87812,41,0.32142,1.16693,464.808,108.182,122.482,20.9424,1.2484,69.6773,60.41,19.7286,24.0899,3.56053,40,0.313122,1.04994,428.287,94.0096,110.968,31.3495,1.94971,68.4184,53.506,19.8793,28.1982,4.73626,42,0.332744,0.998212,359.999,93.2758,115.269,18.2032,2.13002,58.3065,55.4303,17.5554,21.2398,4.10532,46,0.228522,0.813259,342.866,116.933,109.012,34.8104,1.39157,56.0524,60.063,16.5845,24.8557,3.22265,37,0.235803,0.910204,591.808,117.365,115.541,43.6583,1.91872,80.4973,57.6343,19.8526,29.8662,4.96971,32,0.478936,1.39556,396.999,121.06,106.97,46.3585,1.92444,58.8541,55.7051,16.3549,24.0877,4.17425,51,0.198318,0.854061,559.921,165.645,104.719,46.0242,1.5727,68.1833,64.8022,18.2638,29.1903,4.89292,42,0.186239,0.774351,345.644,168.216,132.633,93.1975,20.1268,60.8721,66.1449,18.9684,33.3583,8.49165,46,0.186657,0.746333,371.036,119.21,127.842,84.8595,13.2012,59.7166,55.1384,18.305,29.0077,8.32424,45,0.25592,0.910984,598.033,168.846,139.552,63.4341,1.88644,88.7938,69.8283,22.3532,31.6056,4.07759,46,0.321608,0.957396,821.358,135.259,161.598,294.772,13.0678,101.7,72.6153,29.4481,60.0212,14.5887,34,0.380621,1.43936,296.885,69.4048,92.5735,48.7693,1.9594,48.1681,44.4268,14.3545,23.0271,3.00816,39,0.258374,0.888555,952.882,182.327,210.304,246.426,11.9245,103.764,78.9811,31.2328,58.0093,12.3273,37,0.28442,1.16863,2150.04,218.305,210.831,51.2507,0.821434,106.556,55.9227,26.8913,29.5565,4.38515,4,0.111385,2.37648,,,,,,,,,,,,,
decoupled_wbc_h066_p012,2863,complete,90,18,21.9367,3.73833,0.0919525,0.188008,406.842,84.2806,72.3583,23.0948,2.09941,57.8703,50.7817,14.1536,24.9173,3.5489,44,0.322825,0.88596,475.331,83.0198,134.846,55.861,1.71133,64.5455,47.0908,18.6507,35.4292,4.54542,38,0.325283,1.05894,392.629,91.9332,92.4523,51.572,2.29943,55.724,54.3185,14.9388,31.3038,4.18466,42,0.260374,0.934409,423.496,87.6963,118.685,89.6093,2.91602,66.4902,51.5432,19.3969,35.9041,6.53099,48,0.285778,1.02627,419.633,107.991,115.001,37.0192,1.73393,61.2652,57.9415,17.6473,29.6818,5.75393,46,0.318056,0.978213,432.012,144.475,120.375,45.6516,1.59263,67.273,69.8796,18.5377,33.9945,5.92439,45,0.272405,0.865161,353.403,92.7844,107.288,33.0125,2.24157,59.8582,57.4079,16.9051,30.4413,6.21978,32,0.311719,1.02322,430.824,164.24,155.845,86.9448,13.3952,67.9711,69.3999,19.9909,39.5589,11.3328,57,0.157804,0.758259,424.909,91.0585,97.4888,78.9034,2.66171,62.4731,49.5648,17.4179,32.1785,7.31013,31,0.438165,1.15678,479.909,110.171,125.078,122.771,5.11599,70.0631,61.2139,19.1577,30.3637,6.29561,41,0.302319,0.864423,504.843,124.981,118.231,41.6328,1.50569,72.8681,60.1636,19.2387,26.7252,4.22196,42,0.227436,0.915358,486.155,154.295,119.71,41.7861,1.58362,72.8166,73.6933,17.8697,24.0403,3.65385,35,0.354407,0.988526,571.667,228.444,143.523,48.7961,1.56223,80.0646,71.5217,21.4895,27.0534,3.13238,45,0.2646,0.996644,595.284,264.719,148.313,78.3199,2.35059,84.0676,77.7214,26.7837,33.7622,5.66398,35,0.324788,1.08753,599.839,146.668,139.29,60.5153,3.10203,84.2471,67.4752,21.1934,26.5006,5.47666,35,0.411044,1.14029,503.872,135.686,137.706,26.3398,1.65071,80.5244,71.3972,20.6352,26.3052,6.04916,46,0.314001,1.00764,949.778,165.145,160.614,50.6584,1.5984,108.22,76.7471,27.325,47.8322,6.42008,40,0.415495,1.39785,609.364,126.322,110.048,44.2628,1.93166,75.5143,63.564,19.9836,32.9838,4.80418,52,0.239612,0.917408
decoupled_wbc_h066_p012,2864,fell,50.64,11,22.071,8.21644,0.849305,1.78015,369.555,68.977,92.6406,19.5027,1.84144,60.6162,47.7636,17.7322,24.6519,4.18918,43,0.296429,1.00212,401.235,112.19,91.6308,19.4143,1.56053,60.6523,63.9148,16.1674,17.8735,3.55641,45,0.303727,0.892235,404.509,88.2497,72.8903,23.9463,1.31542,57.1406,50.2743,15.1434,19.008,2.84065,37,0.314301,1.05099,440.167,120.354,103.345,60.8926,1.61074,62.0416,56.6033,17.9297,26.5834,3.81747,40,0.260737,1.02907,388.621,124.529,113.494,34.5723,1.95203,58.9646,66.881,17.0935,24.3846,3.40879,49,0.248866,0.853493,334.285,60.1711,98.0328,56.1946,1.53749,56.3549,44.973,16.9313,30.9179,3.23462,39,0.290813,1.07683,514.1,102.797,118.285,36.0433,1.29494,75.1223,60.8028,19.8447,29.8534,3.02615,35,0.301881,1.12371,435.416,117.354,126.278,38.4588,1.52082,67.2812,60.8942,18.7033,26.6409,3.56145,35,0.296811,1.03665,468.772,100.45,110.97,35.1729,1.04474,68.1099,57.5376,18.3922,23.2341,2.96195,42,0.287985,1.004,501.24,125.68,121.126,134.934,2.53152,77.2064,67.5469,20.7494,29.8897,5.01163,49,0.233634,0.803025,942.649,112.476,122.678,43.0188,1.0662,42.1339,24.2894,11.5808,23.12,3.1488,3,0.176219,0.71583,,,,,,,,,,,,,,,,,,,,,,,,,,,,,,,,,,,,,,,,,,,,,,,,,,,,,,,,,,,,,,,,,,,,,,,,,,,,,,,,,,,,,,,,,,,
decoupled_wbc_h066_p012,2865,complete,90,18,17.5314,2.86253,0.178341,0.278379,389.387,90.107,104.953,18.1911,1.88769,62.4281,59.2032,18.7412,28.2821,4.08169,49,0.270466,0.946955,322.821,86.7924,93.42,18.8696,1.52915,58.9766,54.3031,17.326,22.0235,3.96907,44,0.260077,0.885992,422.623,126.476,106.222,56.6301,2.37007,62.0444,65.0815,18.0665,29.8277,5.18284,47,0.255225,0.913214,341.37,104.314,95.2683,38.0659,2.24811,54.8082,57.23,15.0622,27.6487,4.48992,42,0.253373,0.892254,424.485,92.8406,114.557,93.913,2.20984,57.9285,56.843,16.8301,33.5297,5.65348,42,0.294505,0.924736,434.535,125.183,107.77,40.3141,1.20978,71.0443,60.072,19.8696,33.6023,4.26341,43,0.349812,1.00116,497.726,106.478,129.681,138.638,4.11678,71.7497,56.2873,20.3011,39.2867,6.45128,42,0.356848,1.14116,510.14,109.663,115.178,28.5975,1.96454,78.1356,61.8149,18.9969,34.8444,6.33959,42,0.334604,1.18033,448.104,106.16,116.135,64.6316,2.68139,62.5136,54.8414,18.9462,33.6569,6.155,32,0.297407,1.15784,512.066,107.383,141.327,167.867,7.47764,73.0099,61.0004,22.5671,51.4593,9.9901,44,0.297391,1.08817,538.507,100.183,157.992,169.762,9.95742,71.9813,57.708,23.7478,48.7409,9.20037,41,0.393381,1.12124,686.533,141.642,129.81,25.7977,2.67704,94.8679,76.1907,24.6475,34.7779,6.10158,43,0.383645,1.30693,508.462,111.92,105.035,26.3389,2.34039,78.8756,70.1576,20.3445,29.8758,5.27959,48,0.308444,1.03457,427.176,95.063,107.453,28.4773,1.49665,64.3516,58.2594,18.2788,27.9612,5.10848,42,0.278948,1.01623,460.871,103.495,117.694,29.0557,1.93853,77.4304,61.8567,20.7305,33.9228,5.33564,41,0.33665,1.0598,540.504,139.965,155.685,31.2618,2.15591,80.1559,71.043,22.5499,37.5698,4.99054,44,0.331247,1.18228,631.024,120.107,115.512,185.317,2.50341,77.6435,61.9221,21.1686,57.1608,6.91173,36,0.311026,1.18291,538.612,114.616,137.021,43.1581,1.95612,73.6709,58.9903,19.8856,34.1024,4.29422,34,0.310108,1.46307
decoupled_wbc_h066_p012,2866,complete,90,18,15.5634,3.45829,0.232961,0.18373,424.726,87.4747,119.348,41.1492,2.25431,71.4732,53.8364,21.4515,35.8637,5.02778,39,0.359494,1.19069,410.721,95.9401,83.9036,29.1715,1.87113,66.9243,57.6592,17.0706,35.8686,4.02267,46,0.308353,0.995781,395.621,84.7219,88.2508,48.3094,1.88627,63.7274,53.8372,16.9669,29.849,3.38555,42,0.312009,1.03426,400.074,100.489,96.7943,22.543,1.16005,66.1708,56.2332,18.2694,29.9327,2.94101,47,0.328353,1.02499,416.552,93.7406,94.5272,20.9943,1.44656,65.2655,54.0199,17.014,29.385,3.1564,40,0.245985,0.904185,377.476,93.5507,109.413,31.5052,1.77956,60.6868,54.6993,17.8584,29.521,2.88716,31,0.301501,0.893632,371.463,91.1338,110.559,28.1024,1.75877,59.8692,56.4643,17.4494,27.1212,3.04051,44,0.280685,0.976269,500.685,103.871,157.958,184.897,5.46731,74.8198,57.8694,22.807,43.925,6.25552,34,0.308372,1.23477,469.374,102.393,92.3258,31.417,1.98825,63.0074,58.3261,16.5163,30.3351,3.56037,36,0.297333,0.991022,443.606,132.396,122.189,130.887,3.11492,66.8989,64.5837,17.0496,40.8519,5.15836,41,0.25073,0.849833,553.265,116.887,109.283,39.8577,2.05844,71.6958,57.8211,18.1576,30.8789,3.62652,36,0.332158,1.07094,550.454,136.04,128.826,168.847,3.33025,72.9152,70.506,20.32,44.5052,7.22715,39,0.277736,1.14294,454.667,109.527,102.174,37.6119,1.88059,66.3221,58.8421,18.398,27.807,3.33135,46,0.308535,0.86467,337.42,93.8008,119.163,97.9499,2.82747,59.0237,52.0207,17.1509,36.636,4.24795,43,0.239469,0.860487,433.315,108.965,105.9,44.1824,1.56265,63.3878,52.8348,17.7345,30.7204,4.03224,48,0.21841,0.83754,543.129,114.329,92.8384,31.983,1.34798,84.2994,67.8239,20.3645,31.7717,4.96142,46,0.43055,1.084,375.917,102.616,80.9868,37.3926,1.84581,57.8972,54.0976,14.8297,24.9548,3.8388,36,0.276261,0.900204,461.101,150.753,94.9675,52.005,1.69702,67.8893,61.8337,17.1802,32.3503,5.26597,35,0.312643,0.979873
decoupled_wbc_h066_p012,2867,complete,90,18,19.889,3.13363,0.161502,0.240441,486.913,113.844,106.213,31.714,1.75814,74.9247,66.1652,19.4851,31.6352,4.04945,48,0.300884,1.00233,464.02,117.722,143.914,64.8547,2.48701,68.1033,64.7991,19.5363,33.3286,4.29791,36,0.298656,1.01285,442.822,136.368,128.485,37.7679,1.69539,72.9713,65.389,20.7177,34.5658,4.75188,44,0.309328,1.02596,383.342,109.061,100.164,36.5596,1.75554,64.317,59.6415,16.8052,28.3963,4.6897,42,0.280979,1.02083,463.564,125.748,124.41,73.2158,1.98897,66.2446,60.8113,17.7148,34.0665,6.35049,41,0.280917,0.979335,362.29,94.2218,97.2631,28.7157,3.04252,55.8031,56.769,15.201,25.339,5.86986,41,0.297897,0.97135,406.559,100.629,105.498,29.0447,1.91122,65.6844,56.2828,19.3409,33.5019,5.74281,48,0.2762,0.998357,336.209,56.7873,92.9454,20.8753,1.47576,56.5703,45.0282,16.831,27.2959,3.01632,47,0.286678,0.957738,582.817,137.135,166.788,225.003,15.3994,75.0523,63.4387,24.4277,69.0476,15.1426,46,0.284624,1.07708,446.991,86.6364,109.981,23.6902,2.39815,65.5868,54.6704,19.114,32.6559,4.22482,43,0.272294,1.08924,403.601,77.6564,78.1508,35.6396,1.67806,65.3234,50.809,17.4174,30.0838,4.67105,40,0.299389,1.07059,643.842,140.372,103.961,27.4784,2.06693,80.4638,69.7838,19.7413,35.3049,5.46433,37,0.366355,1.31914,430.94,111.092,128.704,42.1021,1.80522,62.6558,60.5468,19.8556,37.0868,5.03488,43,0.304676,0.975949,393.027,88.3251,87.8317,26.0449,1.69593,63.0984,56.0885,16.8864,26.9018,5.28413,44,0.268157,1.00593,497.405,104.815,214.265,221.983,21.5813,76.9469,63.1174,27.3674,56.7993,16.3786,52,0.253701,0.976983,502.004,158.822,121.272,50.9155,2.04826,73.9633,73.0639,21.5284,30.0016,5.03395,47,0.312964,0.97132,774.065,155.648,199.2,30.9544,1.93748,97.552,71.7076,31.8776,37.5202,6.24033,41,0.350757,1.3342,558.389,106.364,113.695,25.3284,1.60434,82.7952,62.3594,21.5132,29.272,4.46691,42,0.303855,1.2117
decoupled_wbc_h066_p012,2868,complete,90,18,18.2631,3.42833,0.525239,0.415643,460.109,82.5149,84.2318,18.9325,2.33159,71.0131,54.6361,19.4692,26.4234,4.55132,51,0.30318,1.01776,445.411,96.6692,144.64,27.0552,2.01109,70.3506,61.5826,21.0355,28.8281,5.93101,50,0.259742,1.05885,466.612,100.936,141.86,82.3077,2.99519,70.2276,57.4589,20.95,26.92,5.53124,34,0.31032,1.17073,404.833,107.934,108.361,32.4868,1.16448,64.7745,55.2336,18.1469,22.6607,3.09932,50,0.305659,0.965708,343.339,93.2321,127.453,152.804,4.37102,50.1568,46.7802,17.1244,27.7005,5.21706,25,0.158561,0.739517,734.764,301.118,155.677,38.9969,1.68183,89.8862,88.5472,23.8596,37.4702,5.22738,33,0.429968,1.23357,584.851,132.881,154.084,62.1062,2.41439,77.6407,65.5253,21.2712,39.9765,5.14961,38,0.341864,1.02553,351.057,82.0499,102.392,50.8309,1.28289,57.3749,52.0737,17.0438,30.973,3.82757,43,0.277638,0.960469,630.953,179.47,128.837,25.237,1.33423,73.7933,66.176,20.0304,33.6707,4.04489,43,0.261382,1.19915,543.868,107.035,112.095,29.4855,1.54404,73.8954,63.1656,20.1458,27.8165,5.72298,43,0.283083,1.01962,433.776,99.0664,120.061,32.4847,1.62838,66.1434,53.3997,19.9262,23.7287,5.56873,51,0.308488,0.953025,462.97,120.727,114.83,31.0622,2.78394,75.0668,62.8609,19.9565,23.4875,6.59892,43,0.332522,0.930781,442.416,97.4443,109.048,23.2202,2.36992,66.2085,60.1073,17.8347,23.5538,4.67675,46,0.330084,0.86802,500.438,137.141,118.455,30.1202,2.01052,71.8243,65.3974,19.4338,25.7323,4.23724,39,0.399386,0.956128,964.736,162.04,198.197,181.703,8.74636,107.602,79.6393,31.8467,48.3433,10.7025,39,0.413417,1.39278,554.146,116.004,113.629,96.2527,2.90689,70.3201,57.5966,17.0576,27.6228,5.56075,37,0.330838,1.08614,447.057,163.134,148.262,46.7333,1.80816,71.0185,63.2051,20.9982,27.2175,4.99102,38,0.314897,0.936658,765.069,169.445,140.964,126.893,16.3133,99.4481,81.6017,26.7281,45.3507,13.6361,43,0.366092,1.19898
decoupled_wbc_h066_p012,2869,fell,41.06,9,32.2092,16.774,1.8916,0.539894,361.626,69.5125,75.2252,26.3381,2.04459,62.9162,50.1694,17.4356,29.2773,4.25766,46,0.234177,0.983378,478.767,107.93,127.196,29.128,1.60078,73.0248,64.4055,21.7366,30.8726,5.29678,46,0.339327,0.984886,413.201,65.2037,103.838,27.1115,1.54084,60.5293,46.8931,17.2698,24.9296,4.14215,40,0.354406,1.09377,550.448,117.288,116.079,28.1649,2.38952,72.8727,66.931,18.6882,30.908,4.71993,40,0.366543,1.23317,391.259,103.312,102.785,29.5742,2.00136,60.3667,52.0881,17.994,33.9112,3.65405,29,0.376814,1.21438,424.173,103.596,108.601,27.5004,0.916336,64.8653,63.5536,17.3355,29.9068,4.62167,52,0.259131,0.810773,399.957,102.844,146.048,24.8262,1.80962,70.2062,60.8781,20.1229,29.4189,4.07348,38,0.299097,1.08039,558.957,114.713,131.352,33.6232,2.29715,71.8917,65.4942,19.9136,30.8346,3.63837,35,0.295504,1.00842,3008.88,415.372,286.447,129.244,2.08355,137.97,61.6227,32.6067,55.6038,7.0585,3,0.442851,1.32084,,,,,,,,,,,,,,,,,,,,,,,,,,,,,,,,,,,,,,,,,,,,,,,,,,,,,,,,,,,,,,,,,,,,,,,,,,,,,,,,,,,,,,,,,,,,,,,,,,,,,,,,,,,,,,,,,,,,,
decoupled_wbc_h066_p012,2870,complete,90,18,30.0923,3.2612,0.717918,0.59562,405.576,65.2947,81.6498,34.4654,2.57896,60.8567,48.4098,16.3504,25.4549,4.02578,40,0.33514,1.07067,367.006,92.4604,88.4317,22.7386,1.79859,58.2534,53.9591,15.4454,26.4288,3.22103,42,0.25864,0.885123,516.739,136.897,130.832,95.1239,3.35059,76.4041,69.7732,20.1468,37.4917,4.98796,41,0.308889,1.10879,419.226,124.342,86.8896,25.9273,1.61015,61.6173,64.6543,16.0127,24.0407,2.99824,47,0.300838,0.921869,331.608,108.684,105.512,33.3001,1.55366,53.4155,55.0877,16.3037,22.4672,3.19849,36,0.187301,0.804641,425.99,109.925,104.843,23.8391,1.78633,68.0328,56.1685,19.4007,23.37,3.99721,45,0.323268,1.06179,521.123,111.658,144.377,22.8008,1.89435,67.1713,59.4922,19.1613,27.5563,4.97363,32,0.293211,1.07183,520.962,102.243,121.337,90.5838,2.16816,76.4812,63.3435,19.1116,33.5896,4.38006,37,0.394466,1.16587,402.487,101.473,117.803,81.7061,2.284,68.0567,55.9051,18.3183,32.2699,5.98782,38,0.254295,1.02575,425,119.359,96.1416,35.7383,2.28263,62.7661,55.0449,18.7741,26.0664,5.34157,44,0.273687,0.919102,448.076,86.2892,73.5743,32.3136,1.78788,63.3393,56.8131,15.1913,22.5856,4.10547,33,0.432492,1.18594,727.793,274.421,166.271,38.67,2.00014,82.5159,89.9924,25.17,39.0763,5.7065,47,0.189319,0.853392,418.324,105.544,109.061,34.0007,2.10041,61.3189,52.7235,18.0746,24.6434,4.34271,38,0.236819,0.9611,686.465,140.506,130.86,57.9115,1.59967,85.8128,63.9266,24.8211,32.5854,5.94727,35,0.36196,1.52105,460.432,109.445,91.9224,22.7266,1.63953,64.4123,62.4398,17.4487,19.7141,4.53284,42,0.291538,1.00391,612.022,128.92,116.568,69.633,3.3753,80.2995,64.1858,21.1922,35.6097,6.82204,36,0.38986,1.21162,449.29,108.337,124.96,27.2161,1.70769,72.6605,64.1418,20.1161,32.6914,5.75673,41,0.308649,1.00659,911.934,187.932,151.549,37.1534,2.24883,106.713,79.2378,27.78,46.4832,8.0452,33,0.337833,1.69202
decoupled_wbc_h066_p012,2871,complete,90,18,12.2721,2.63367,0.191229,0.155079,418.208,102.963,120.632,20.9998,1.52046,68.9848,62.1012,20.8029,28.2247,4.28624,50,0.273674,0.91199,405.093,119.801,114.594,28.899,1.87523,60.4933,68.12,17.5817,22.6267,3.92767,40,0.326109,0.969404,449.08,105.508,131.604,42.7341,1.70949,66.2604,55.5353,20.7174,26.6975,4.87131,43,0.341027,1.08027,379.814,114.355,106.108,36.6924,1.72087,61.9362,62.3652,16.8169,24.3265,5.36214,47,0.168257,0.785998,380.787,99.3687,87.9911,41.551,1.37046,64.788,57.3801,16.7708,28.6908,3.92538,52,0.281743,0.816728,395.128,80.4312,102.024,37.2508,2.57457,61.9736,53.7001,17.1314,27.9415,4.48907,44,0.31683,0.862201,517.448,123.179,121.331,33.4477,2.27369,74.4682,65.4196,19.07,30.4395,4.37769,44,0.300713,0.9849,554.598,150.598,137.204,65.9875,2.67726,77.3805,66.9721,21.6529,34.0792,4.79836,39,0.336503,0.998307,630.072,136.661,136.687,115.886,5.26854,78.7794,64.081,21.5004,32.9099,6.78143,40,0.322341,1.17522,491.649,111.821,89.8396,39.5611,1.80807,68.8706,62.5391,15.3798,18.9236,4.92273,34,0.408963,1.22433,348.6,80.8354,80.4308,29.1353,2.02593,51.24,43.8048,13.6905,16.173,4.19778,29,0.271183,0.949755,380.923,80.1771,71.1635,26.0052,2.17668,58.4124,45.2078,15.1748,17.985,3.99669,31,0.315338,1.0661,894.67,226.734,223.465,51.5001,1.58945,89.4119,73.2778,27.8369,31.3072,3.92441,40,0.288701,1.02494,733.802,315.684,154.256,56.6473,2.43767,98.8566,95.753,24.5966,35.7707,6.10639,39,0.425655,1.0959,465.217,114.492,129.137,155.706,8.33315,66.7993,66.8394,19.6252,35.8028,8.45513,44,0.326245,1.04113,444.817,96.1293,110.995,42.0853,1.55082,67.8972,53.6128,20.2674,33.5436,4.63098,45,0.338909,0.995542,736.48,232.037,140.565,33.7075,1.55014,87.8505,82.9878,23.3077,35.7701,4.36753,40,0.320564,1.08655,766.861,132.883,133.874,35.2633,2.09926,91.3384,62.5618,23.2694,35.186,4.77375,37,0.318964,1.16955
decoupled_wbc_h066_p012,2872,complete,90,18,17.7941,2.98754,0.164626,0.10681,475.919,99.5672,131.371,23.1254,1.89844,72.9325,59.0401,20.9972,28.621,4.6406,41,0.308716,1.12881,363.151,88.3235,115.103,29.1446,1.94253,62.5013,54.6252,19.8835,28.183,4.20577,47,0.318746,0.961995,332.386,103.886,114.733,38.5368,2.30778,56.8104,57.1221,19.3983,24.8388,5.37083,44,0.233153,0.838218,265.671,89.0461,97.5469,40.0393,2.3805,45.7218,50.8375,15.3061,21.3617,4.39588,47,0.171374,0.768967,422.85,100.958,94.227,71.9696,2.40573,58.4979,57.7293,15.1949,29.1122,6.17263,48,0.264376,0.911344,287.619,104.034,88.4136,45.6503,2.2055,47.4343,52.6437,15.2221,28.0686,5.18496,44,0.15739,0.681243,348.611,100.041,87.8569,42.8941,2.22717,51.5394,54.5899,14.8801,22.5394,4.75911,37,0.201647,0.813538,342.534,86.907,95.3527,39.2129,2.24709,57.1555,51.5111,15.7618,23.8638,4.56889,38,0.249457,0.82311,462.495,131.983,104.816,47.9179,2.64432,68.3515,63.5901,18.8794,28.0923,5.3391,46,0.287428,0.898404,577.865,153.705,131.012,48.085,2.22421,76.5624,74.4695,19.8076,29.8392,5.41,42,0.227223,0.890554,522.13,188.362,130.667,41.5858,2.02069,76.6054,72.6968,20.6197,37.4363,4.77184,47,0.327674,1.01493,422.635,98.442,99.4882,27.4218,2.1758,67.548,60.1727,18.1477,28.937,4.85427,41,0.262476,1.04066,583.468,110.934,113.412,45.7705,4.29631,80.0118,57.0439,22.9283,34.9959,8.85972,35,0.329364,1.30143,568.943,88.224,87.5565,27.3524,1.62863,67.9783,53.2941,18.2486,24.9495,5.48273,34,0.377519,1.13244,1105.9,185.198,153.019,195.264,25.9991,103.892,80.3381,29.1644,57.3703,13.9735,38,0.270199,1.34797,478.875,92.775,76.1375,35.5021,2.3361,65.7305,61.1686,16.8797,24.7066,4.61656,44,0.369729,1.08053,378.514,88.12,92.2269,40.5934,1.17752,60.151,55.8456,16.3134,22.3898,3.63425,47,0.292814,0.930618,626.524,125.331,167.702,248.895,4.96141,91.4417,73.4787,25.5461,43.8952,8.84435,42,0.328906,1.16404
decoupled_wbc_h066_p012,2873,complete,90,18,12.1099,3.67661,0.129557,0.0529099,424.118,99.2972,113.889,21.0015,2.75685,69.636,62.0484,20.341,29.2137,5.40557,46,0.331647,1.0042,451.154,106.534,117.699,31.9117,1.19569,69.1402,56.9331,19.3301,30.6454,3.85096,48,0.314089,1.00104,361.162,95.4444,86.6962,34.5422,1.93764,56.5921,51.3553,15.6005,23.6804,3.2149,30,0.245756,0.954318,280.363,72.2544,70.0087,37.7931,1.98856,45.3225,42.1813,13.5447,27.6221,2.6658,42,0.21872,0.83222,374.241,94.5958,81.9133,46.6556,1.5653,54.4598,48.4259,15.5885,31.4996,3.33077,38,0.296781,0.883001,317.575,51.9893,53.6992,77.3038,3.13881,43.945,40.7353,11.3136,26.6409,4.41549,40,0.232458,0.7886,281.24,86.0931,89.7778,93.0942,22.6539,46.8024,46.2991,14.4585,34.1942,10.0321,22,0.278431,0.872411,411.887,113.296,107.309,32.48,1.68555,66.2707,58.0988,16.7491,32.0391,3.87596,32,0.303044,0.837152,543.165,148.385,109.519,45.9534,1.61327,76.2627,67.7091,20.5208,39.3353,4.69574,47,0.257384,0.995535,586.997,167.448,131.549,39.2117,1.66104,74.4128,71.5534,21.3141,39.1281,4.04203,43,0.239844,0.942911,400.519,78.9951,96.2777,37.3158,1.4083,63.2227,50.0846,16.5292,31.6752,2.80688,39,0.273491,0.993905,382.368,84.7416,70.1455,34.0279,1.58643,55.7904,53.7407,12.9976,24.3071,2.58751,34,0.420079,1.05548,689.033,123.25,100.395,27.5997,1.32512,80.8241,62.4141,20.8707,34.7542,4.12723,33,0.381302,1.24589,372.062,90.7245,92.7301,24.3112,2.03461,65.0704,55.2496,17.8988,23.9053,4.26608,47,0.295972,0.898475,467.396,120.358,100.465,19.0632,1.75767,69.7792,61.1444,18.1968,20.7884,5.38643,48,0.296129,0.967461,1138.6,142.771,146.522,30.7621,2.71519,98.7411,60.5441,24.9184,32.5344,7.85999,44,0.280422,1.19502,336.695,79.5007,94.725,20.013,1.34594,60.7458,49.0767,16.8671,19.8847,4.47859,48,0.270625,0.890662,488.772,93.9048,93.4121,27.2147,1.63253,71.4989,54.5303,19.2831,22.5356,4.13252,38,0.316774,1.0033
decoupled_wbc_h066_p012,2874,fell,25.7,6,26.7371,25.7432,1.02487,1.53924,370.644,75.6087,78.7882,20.2239,1.34394,63.0538,50.7415,17.8964,22.0848,3.24601,42,0.265544,0.990993,403.907,91.6741,103.731,19.5844,1.93066,67.0168,56.7272,18.4802,21.7565,3.70644,54,0.276943,0.844948,358.941,83.0451,123.128,16.8368,1.98985,61.4769,53.5564,19.1702,22.3948,3.99423,32,0.255623,1.02056,410.277,107.392,112.639,23.6014,1.26371,65.891,61.6581,18.7408,27.1466,4.4696,39,0.308083,1.01867,390.001,102.217,140.041,30.5728,2.08809,66.2153,54.8976,19.576,31.6258,3.36854,49,0.257784,1.06849,1334.71,175.302,256.103,58.5376,3.10549,63.4507,33.1034,18.2744,22.5212,3.20958,2,0.101282,0.641489,,,,,,,,,,,,,,,,,,,,,,,,,,,,,,,,,,,,,,,,,,,,,,,,,,,,,,,,,,,,,,,,,,,,,,,,,,,,,,,,,,,,,,,,,,,,,,,,,,,,,,,,,,,,,,,,,,,,,,,,,,,,,,,,,,,,,,,,,,,,,,,,,,,,,,,,,,,,
decoupled_wbc_h066_p012,2875,fell,86.22,18,30.9242,9.66607,1.39564,2.92732,492.017,147.861,115.746,63.2321,1.83794,77.6372,73.6292,20.8315,33.0907,4.4887,56,0.239978,0.780965,453.156,113.795,120.592,50.3578,2.62116,72.6035,59.5768,19.7176,25.6192,4.11409,43,0.305934,0.994314,432.859,101.221,124.205,27.524,1.7567,73.7204,62.1444,21.0204,33.5111,5.16106,39,0.331309,1.05429,477.256,122.588,101.238,27.8831,2.63175,68.6436,60.7696,18.379,28.0579,5.0335,34,0.393539,0.947982,553.331,131.563,124.613,31.511,1.77956,80.1679,69.8318,21.7203,31.3885,5.19515,51,0.320018,1.00105,427.476,115.347,129.387,40.353,1.2713,69.3771,63.7403,19.4355,27.6805,4.84918,36,0.267858,0.92927,519.249,121.771,121.182,27.3724,2.03396,75.2684,64.7792,19.6943,24.1365,3.25763,37,0.327592,1.18033,936.616,168.371,164.404,194.066,7.7484,112.6,84.302,27.5539,51.7737,11.0477,36,0.435359,1.52939,442.474,106.389,109.808,25.7122,1.44651,71.3921,58.8455,19.329,27.5151,3.20465,43,0.308222,1.06849,473.967,117.493,129.573,34.7291,2.36983,70.1088,63.8589,19.4248,28.5287,4.17725,35,0.319553,0.896019,510.136,110.78,119.922,43.8257,1.96328,69.6082,61.9101,20.578,24.1792,4.67819,23,0.37452,1.2989,492.237,111.51,105.462,42.4141,1.37186,64.3724,56.8009,17.8795,22.1996,3.2298,43,0.226484,0.937551,669.001,157.981,129.08,70.907,3.28741,88.8607,67.2673,22.4103,32.4001,6.42152,42,0.399756,1.12987,397.298,110.714,103.765,38.1683,1.79503,60.0471,59.7059,16.9437,28.5444,6.75711,44,0.272701,0.955742,457.208,116.395,108.005,70.4432,3.56232,65.7867,66.2968,16.2724,33.2569,7.51722,40,0.340558,0.964546,367.561,104.75,98.8503,63.1544,3.47635,56.9853,50.3057,16.8422,26.1837,5.98916,43,0.201137,0.770175,1030.92,507.743,244.272,50.1425,2.6638,103.672,111.743,33.6226,35.496,9.41326,27,0.394951,1.33179,5569.71,404.638,746.137,188.293,31.498,235.322,65.0915,48.925,67.6466,50.1869,2,0.272522,0.670453
decoupled_wbc_h066_p012,2876,fell,70.52,15,16.5528,14.0551,0.465693,2.67887,424.103,101.25,101.139,27.7885,2.11239,67.9979,58.947,18.8029,33.2518,4.48548,43,0.33937,0.987373,377.355,80.0338,87.9776,20.3702,2.28415,61.9879,53.1083,15.9174,25.4989,3.41154,46,0.255387,0.901817,426.229,118.704,124.617,26.6182,2.43308,66.1857,60.0846,19.1046,29.2794,3.83136,37,0.343386,1.01082,423.109,94.341,136.895,66.2257,3.11369,71.8851,60.0173,21.4467,35.8223,4.49771,48,0.338465,1.12124,431.047,100.97,114.961,25.4498,1.99014,66.8292,59.9064,19.5933,27.6434,4.13792,35,0.299493,1.03276,507.99,117.832,117.545,39.0686,1.74486,76.7158,63.1914,20.2573,28.8193,4.30253,42,0.316797,1.03963,446.384,92.4992,100.862,36.2531,1.74204,59.7476,49.1011,17.4732,23.1302,3.30857,40,0.337984,0.931674,586.347,114.217,95.5593,78.4299,1.68418,78.7331,64.758,19.9855,29.2025,5.05264,38,0.371274,0.953992,354.068,116.48,94.2546,29.4742,1.3322,59.4284,49.4078,18.0165,23.6771,3.35281,40,0.296533,0.909832,381.734,134.889,116.805,39.1687,1.82736,61.9944,63.6464,18.5961,27.4474,3.93297,24,0.199118,0.901934,824.303,145.824,129.592,31.7479,2.05452,83.0524,76.3491,24.4826,26.3233,4.18725,39,0.319345,1.04404,362.678,98.6599,80.9769,35.2169,2.57808,51.9991,53.2294,15.399,19.1843,3.22043,45,0.253478,0.860086,481.382,133.366,107.702,29.3302,1.91249,69.5285,66.7321,19.0429,20.8605,3.84463,45,0.343998,1.09366,443.617,96.7711,139.327,157.202,6.67101,67.7267,54.7267,21.7469,31.6499,9.19768,43,0.271414,0.979982,1410.85,105.467,177.471,13.5804,0.367012,64.9141,25.5589,15.1699,12.8388,1.86648,1,0,0.27181,,,,,,,,,,,,,,,,,,,,,,,,,,,,,,,,,,,,,,,
decoupled_wbc_h066_p012,2877,complete,90,18,19.3465,2.57765,0.222256,0.169107,481.006,105.575,96.3112,17.3426,2.53307,70.8369,65.3285,18.7925,28.2326,4.24667,45,0.281389,0.943269,500.874,91.3282,109.574,26.8855,2.09626,65.4182,50.6008,19.2519,26.0687,4.55032,41,0.348056,1.03843,436.916,107.437,104.14,29.7049,2.28872,66.0783,58.4921,18.386,28.6591,4.26518,36,0.315105,1.05764,437.562,164.208,114.089,37.4678,2.96756,70.0714,69.4793,18.5056,32.8552,3.68131,45,0.26108,0.92007,523.413,236.808,146.044,47.1769,2.53706,76.0255,74.2159,20.9084,40.4273,4.48974,35,0.400132,1.06246,829.113,179.967,139.332,99.6429,2.19588,98.7338,81.9435,24.8348,52.3499,5.42708,49,0.333919,1.17144,382.104,99.5411,96.4085,41.0893,2.11516,60.8288,49.8523,16.8786,30.9468,3.51743,45,0.246011,0.904999,321.96,71.3877,65.9269,29.3352,1.41318,54.6422,48.9833,13.8248,24.5365,3.03149,43,0.254121,0.814287,326.121,100.086,100.865,69.5288,2.5847,48.5246,51.0014,15.1494,30.2803,3.99617,39,0.218467,0.905756,391.631,93.8423,102.377,220.911,27.3216,64.0923,52.9233,15.9156,54.7694,15.05,34,0.365991,0.868384,316.704,57.0432,67.9514,28.3458,2.44436,55.5575,40.5199,14.8431,21.2224,3.24925,40,0.302128,0.90747,447.858,97.6992,123.972,31.0467,1.98276,61.2409,55.8548,17.308,26.8902,3.88878,42,0.237211,0.87975,349.342,86.0249,96.2689,36.3666,1.84152,58.8496,48.908,16.8406,30.5588,3.75526,42,0.273967,0.942305,632.929,200.217,160.667,157.585,7.97335,81.1063,68.5254,21.0647,49.3171,7.84927,38,0.329263,1.06461,767.37,115.272,130.052,65.1386,1.62681,87.9103,63.0173,23.2951,42.5026,5.00502,44,0.306493,1.15473,942.286,328.46,137.251,47.7761,1.83658,104.249,98.5951,25.6977,46.6628,6.46023,38,0.426741,1.28397,683.096,115.578,87.0406,45.1686,2.1246,73.2602,64.6995,17.2482,33.3014,4.84662,42,0.331927,1.00363,342.101,75.0134,68.5717,35.4082,1.33222,50.4806,47.3166,12.3588,28.3916,3.22085,39,0.26353,0.824147
decoupled_wbc_h066_p012,2878,fell,51.72,11,29.6671,10.7584,1.55589,0.786686,362.515,74.2569,105.13,23.1861,2.24685,58.4814,49.6764,18.0902,29.5137,5.53023,47,0.260524,0.894117,366.275,101.832,135.554,28.067,2.13538,59.3803,55.6336,18.6588,32.0843,6.4635,37,0.293291,0.968479,353.97,106.255,111.682,80.5099,6.86379,56.5636,56.7433,15.8863,36.8696,8.54906,44,0.230192,0.998637,382.887,105.235,104.359,30.9777,2.06186,58.2778,58.5682,16.1188,31.6504,5.39191,40,0.225984,0.926811,385.66,86.2597,89.5527,26.5448,1.99563,61.9385,54.4935,15.8889,29.9268,4.59173,43,0.299097,0.893206,340.887,76.8607,94.2413,22.9919,2.20778,59.0417,51.277,16.728,26.6276,4.72117,42,0.281037,0.919759,519.435,119.997,165.34,154.187,8.88375,83.7231,66.9198,24.3374,45.7648,9.54389,48,0.339228,1.02503,440.254,115.286,120.835,26.9927,1.94699,68.134,59.6963,20.6715,28.8191,4.74068,49,0.308472,1.11184,692.634,145.923,135.289,42.1949,1.79885,84.4405,68.1563,23.109,33.0245,4.60628,42,0.302791,1.37681,396.345,112.472,114.096,29.5728,1.60107,60.718,58.9713,17.393,30.2688,4.02757,40,0.244139,0.933069,4324.91,763.382,681.192,308.741,46.1383,206.849,113.418,65.1035,88.5187,33.231,2,0.516708,1.27549,,,,,,,,,,,,,,,,,,,,,,,,,,,,,,,,,,,,,,,,,,,,,,,,,,,,,,,,,,,,,,,,,,,,,,,,,,,,,,,,,,,,,,,,,,,
decoupled_wbc_h066_p012,2879,fell,86.2,18,27.6381,9.34011,3.80641,2.54744,500.789,108.915,122.147,62.0492,3.02134,78.8454,61.5916,21.6984,31.1176,4.96502,49,0.343524,1.09023,472.664,108.326,91.3851,27.8271,1.45624,74.3886,64.0048,18.1025,23.4978,4.81806,54,0.346166,0.815095,347.77,104.655,87.5231,30.2577,1.96096,55.5473,57.9111,14.6786,21.8903,3.52274,41,0.288459,0.929123,552.722,137.179,132.536,88.9186,2.41643,79.2678,71.7781,21.6608,34.4293,5.51386,38,0.362632,1.06053,418.747,100.632,117.394,40.3501,1.19793,64.4129,57.0928,18.8239,30.1816,5.82705,48,0.28836,0.952443,383.717,90.9556,91.2498,32.1648,1.94868,63.6,52.0503,16.8684,22.8515,3.45553,46,0.293298,0.903912,341.962,104.854,100.713,32.943,2.28923,60.3194,57.4496,16.6207,23.599,3.44101,47,0.220433,0.780208,394.851,113.599,113.442,31.7669,1.95124,63.4401,58.4967,17.9787,26.4747,3.85435,32,0.278078,0.940767,475.043,108.9,137.687,147.99,4.31881,70.3547,63.9817,20.6776,32.0389,7.29623,49,0.285316,0.956845,590.309,124.872,137,26.8614,1.15002,82.9604,70.9335,23.2394,27.9172,5.32876,50,0.27477,0.929246,461.29,119.593,156.643,142.551,4.12424,76.7189,65.2203,22.497,32.5468,7.61542,49,0.301992,0.961277,698.73,311.773,183.434,104.383,2.27905,92.1156,85.9434,28.0596,42.1007,7.87515,37,0.309693,1.21872,527.655,117.71,111.387,54.7755,2.23341,70.4648,58.5994,19.45,28.0516,6.51988,36,0.297448,1.05991,1091.78,219.532,182.624,48.5099,1.741,111.844,87.1379,29.0281,30.6024,5.22059,37,0.305985,1.24094,757.304,166.903,143.46,35.2964,1.79296,88.8649,77.2373,21.7928,26.6154,4.43399,42,0.326472,0.983831,433,103.486,112.457,27.5142,0.85424,67.1364,53.407,19.6463,24.3458,4.02224,38,0.347948,1.1656,659.947,178.203,136.85,43.2178,1.93706,76.5001,73.2353,22.5033,29.6566,4.22418,26,0.302044,1.15602,2410.67,290.624,340.089,107.156,1.75694,106.266,50.6834,28.8457,37.8536,4.00774,1,0.370651,3.80607
decoupled_wbc_h066_p012,2880,complete,90,18,25.1715,3.80169,0.186365,0.0299254,372.517,81.8104,80.7512,21.778,1.86967,53.9899,49.657,15.3281,26.4764,3.96329,29,0.327119,1.06757,378.523,88.5441,97.0215,24.0229,1.79346,60.5706,49.5378,16.9377,31.608,4.47409,49,0.292256,0.90537,338.888,62.5766,94.6568,54.0141,2.79842,53.0266,43.9036,16.27,29.6343,4.59889,47,0.294695,1.00373,367.828,78.8002,80.5402,23.6123,2.44544,63.6683,54.4312,16.5437,28.7809,3.48684,48,0.297379,0.85036,398.573,73.9452,59.7552,18.207,1.68916,64.0336,53.9777,17.2542,27.8414,3.21234,58,0.300111,0.883383,412.359,85.7327,98.236,52.4758,1.71728,65.5864,52.8809,19.001,31.5243,3.65613,43,0.379387,1.05375,482.812,114.791,125.929,21.8773,2.14825,75.537,59.9693,22.5803,29.3975,4.56932,46,0.341751,1.04586,410.629,85.461,87.2239,19.5594,1.13982,60.4768,56.5589,16.8,21.2672,3.9058,38,0.355066,1.02524,311.196,77.0051,104.099,22.7876,1.29108,56.1328,49.2419,17.3416,21.9232,4.37301,47,0.21956,0.836986,707.332,144.421,134.511,32.9753,1.85207,82.1859,68.3972,23.5885,29.2951,4.77746,34,0.330512,1.43313,568.506,114.604,156.735,31.5377,1.83917,78.8859,56.9098,24.7023,28.1866,6.19088,44,0.319017,0.997075,567.831,120.614,105.588,25.3095,1.84051,75.0743,64.0328,19.2894,22.2722,6.38877,37,0.40941,1.43905,522.883,100.116,127.716,32.8941,2.43561,76.0277,62.1471,21.2772,28.8815,7.27631,54,0.286019,0.855267,388.527,106.857,115.638,30.7517,2.46722,68.4014,60.5122,20.416,26.3872,7.7006,50,0.270441,0.97619,389.045,99.0647,75.6481,23.6397,1.99241,56.7486,54.6925,15.5158,23.2824,5.66687,44,0.297045,0.999336,692.127,229.337,180.133,33.2211,2.60918,89.6013,74.0033,25.5667,36.2289,7.9028,34,0.412011,1.29525,528.729,126.144,131.935,87.9644,4.92626,82.0804,65.4362,23.1397,41.6063,8.99527,49,0.339144,1.04376,588.389,143.402,121.839,128.629,3.55888,77.9879,67.7559,21.2355,45.2726,6.65813,40,0.306205,1.17253
decoupled_wbc_h066_p012,2881,fell,70.7,15,18.7026,6.89138,0.208674,2.25004,399.29,76.5252,83.136,26.8617,2.376,60.2275,51.0116,16.7469,30.4943,4.70943,48,0.302608,0.911215,357.564,85.2189,65.7758,19.4808,1.44071,51.9793,54.3697,13.2086,22.9218,3.73378,43,0.297888,0.933932,442.2,105.906,119.943,23.6785,2.05142,68.9154,65.4066,18.729,30.3382,5.15102,46,0.267652,1.01278,436.065,86.3972,114.727,23.4086,1.90665,65.0733,52.7054,19.9157,30.5701,4.95812,43,0.316724,1.05563,395.574,94.9177,103.455,25.1001,2.00526,65.636,58.0965,17.3815,30.7005,4.47848,41,0.323505,0.962404,430.153,86.267,84.1354,21.0782,2.0289,60.8371,57.943,14.4259,27.3979,3.60587,35,0.402316,1.07376,456.992,94.7255,114.349,37.5442,1.52317,66.2883,56.2366,19.5106,34.8087,4.51197,39,0.356569,1.19556,426.63,100.515,108.874,32.6643,1.50524,70.5188,56.7645,18.6264,36.3067,5.47747,45,0.334995,1.07664,351.841,77.6878,76.5566,25.5534,1.84973,61.6683,51.3271,15.4242,27.0336,4.06742,51,0.311502,0.832977,431.136,86.3062,112.801,28.7502,2.74959,70.1911,53.5401,19.1311,31.2049,4.22631,39,0.296036,1.15353,436.362,102.489,124.927,167.529,5.45639,67.9435,57.182,20.3653,49.667,9.22968,41,0.320046,1.0801,380.81,81.177,100.528,24.4491,2.27345,58.498,55.8888,16.5469,27.7815,4.67448,43,0.324067,0.989524,477.067,126.765,126.96,32.5984,2.53733,71.3561,57.674,20.483,33.9885,4.62416,44,0.337217,1.03151,422.165,105.28,144.397,32.0638,1.58933,65.3306,59.7671,20.4291,32.2699,5.42329,43,0.284423,1.03282,1867.05,85.8131,276.109,360.84,16.4487,78.5962,26.4872,24.8852,81.6458,19.9547,4,0.331791,1.68236,,,,,,,,,,,,,,,,,,,,,,,,,,,,,,,,,,,,,,,
decoupled_wbc_h066_p012,2882,fell,76.28,16,21.8839,13.031,2.80435,2.36813,367.747,94.4319,89.8219,37.0917,2.52097,61.7223,54.6399,17.3316,29.557,4.72015,45,0.284314,0.831197,386.814,116.472,124.545,55.4927,2.53306,66.104,62.4541,18.7143,26.1869,5.8053,51,0.267365,0.884371,336.165,75.8402,96.2757,21.9358,1.08554,60.5572,51.0112,17.3568,19.6441,4.11376,50,0.281712,0.931577,383.585,97.2781,91.7757,27.835,1.44598,54.9573,57.4387,15.1075,18.7068,4.6262,43,0.324789,0.911691,377.315,108.435,125.525,84.7478,3.27526,64.353,60.1719,18.1977,25.6162,6.91293,37,0.303773,0.956021,448.989,118.879,129.778,30.8873,1.37617,65.7587,59.4517,19.6033,23.6249,4.09346,41,0.264262,1.00835,581.916,109.468,117.347,27.88,1.69745,83.7495,72.2646,21.3691,24.1419,5.46753,47,0.386848,1.02991,297.955,88.5212,81.9219,31.7336,1.24118,49.6112,49.7589,15.1762,20.1461,4.83715,42,0.207316,0.870462,283.057,82.1282,85.8579,66.1532,2.2456,43.5568,46.8173,14.4115,21.9868,4.69602,46,0.187126,0.775977,514.626,107.732,107.675,29.1062,1.32484,71.323,67.0002,17.8633,23.7708,4.47875,45,0.337073,0.841507,1128.33,164.682,193.34,60.6926,2.96504,102.015,70.6438,28.1814,39.9894,7.71808,42,0.299966,1.16,437.615,110.736,116.023,39.7849,3.40163,62.9067,54.5386,16.9436,24.9658,4.47984,36,0.277693,1.00835,388.359,117.348,99.8789,35.5323,1.82361,65.2097,62.2716,17.9748,26.2444,3.86002,46,0.210913,0.968797,387.115,80.6909,104.793,28.4055,2.15261,63.8818,47.7719,17.976,23.6935,3.33914,46,0.310523,0.903518,693.269,133.057,150.275,62.5236,2.41116,81.0631,72.2183,22.653,33.0373,4.67697,41,0.33936,1.28187,1679.95,389.814,403.655,220.222,3.96687,96.5454,70.6467,34.8529,61.7872,10.3591,1,0.513535,1.10461,,,,,,,,,,,,,,,,,,,,,,,,,,
decoupled_wbc_h066_p012,2883,fell,75.84,16,20.277,7.32425,0.752378,1.09681,434.833,93.4282,119.246,22.3977,1.38546,67.4101,54.4516,19.4268,30.3427,4.00356,39,0.299245,1.08952,294.836,130.054,114.527,35.9161,1.52978,51.1685,61.5273,17.4238,30.3721,3.7637,47,0.185843,0.819678,471.758,99.553,115.052,34.33,1.70348,71.4532,59.0137,18.5632,30.0892,3.73398,42,0.345082,0.994304,462.808,107.562,111.664,67.5503,2.23058,65.3263,62.9204,17.6064,26.5259,4.25958,43,0.339674,0.913311,492.857,109.245,99.9716,85.2036,2.00107,64.6893,57.1332,18.947,27.0494,4.5367,34,0.394699,1.26392,352.758,124.621,105.542,49.0257,1.45164,58.5995,56.4712,17.137,34.2598,4.00131,27,0.237151,0.864289,288.761,88.7216,91.2789,40.2276,0.924434,49.6163,47.0008,14.3673,28.1224,3.11235,44,0.234858,0.808208,384.2,109.568,101.773,39.0649,1.54226,59.3115,63.5658,15.7164,28.9699,3.54656,49,0.232627,0.780451,621.566,127.348,121.104,25.4781,2.22344,75.0715,65.2186,20.2446,30.473,4.92907,41,0.389087,1.11637,428.192,103.315,97.769,29.7973,2.07321,65.4784,60.9937,17.5684,24.8453,5.34891,42,0.287195,0.906851,452.092,109.777,127.111,34.6015,1.84501,64.1998,58.5483,19.0033,28.3908,5.69328,38,0.320562,0.989209,460.354,131.769,127.013,46.5074,1.54991,64.3993,64.3869,19.0006,30.8877,4.29794,49,0.265253,0.991776,536.549,169.623,132.445,79.061,2.15201,77.3478,68.4407,19.1591,33.9482,4.28568,42,0.329068,0.964485,523.721,134.834,114.608,77.9705,2.07322,72.3693,57.7682,19.5175,35.3026,5.29591,44,0.276754,0.989231,714.498,158.654,138.707,38.5503,1.90714,88.8448,67.8392,24.2977,30.5798,5.14008,44,0.359846,1.10476,1627.87,291.828,398.898,233.548,22.4567,96.9195,53.1927,26.8547,53.7229,15.078,1,0,0.818106,,,,,,,,,,,,,,,,,,,,,,,,,,
decoupled_wbc_h066_p012,2884,complete,90,18,15.5882,3.96442,0.259992,0.261267,378.927,91.1555,112.493,18.853,1.98493,63.0676,54.3932,19.3601,29.901,4.52806,46,0.239129,0.977778,384.566,98.106,106.935,46.0125,1.68231,66.6486,61.1891,19.4378,30.207,3.91638,55,0.321733,0.925964,420.022,88.2908,105.811,27.7245,1.49568,62.7629,57.0592,18.2273,27.0726,3.36947,43,0.306744,1.00064,470.984,109.044,118.058,26.267,1.08176,69.2318,61.706,20.1039,31.931,3.62266,41,0.350863,1.00494,409.821,104.389,116.667,25.1521,1.5515,67.0503,59.9655,19.4128,31.0029,3.6638,48,0.305202,0.902502,413.044,107.662,121.352,34.0279,2.74576,67.9265,60.3651,18.5092,30.5241,4.87365,40,0.317851,0.948108,384.421,99.2703,107.651,26.4711,1.67529,64.2123,61.03,19.536,29.2991,5.08313,40,0.287569,0.96297,451.627,97.7754,101.928,24.1413,2.03055,67.6698,60.7223,18.7578,26.22,5.31488,38,0.384059,1.1841,477.317,112.153,104.083,24.5618,1.96165,63.7557,59.6093,18.3809,23.0792,5.73795,47,0.266283,0.999409,332.123,87.119,86.4179,36.4713,2.2021,52.1116,51.1356,14.4035,19.4255,5.09365,45,0.207688,0.856296,498.604,113.425,112.306,37.5548,1.61544,69.9823,68.1076,17.8781,22.0712,4.57118,35,0.34327,1.19678,402.563,121.092,110.886,39.6912,2.28176,61.1343,57.7927,17.7041,22.0811,5.27907,48,0.21852,0.83136,390.529,102.377,88.2397,26.2232,2.21659,64.9767,56.1491,16.7839,23.0084,4.41983,47,0.237099,0.884467,492.666,141.531,113.481,37.4812,1.31159,71.8282,68.1617,19.8361,28.0851,3.15095,33,0.338961,1.12228,418.252,78.6589,100.166,34.3445,1.89987,60.0847,42.7554,18.2949,26.7471,3.20862,37,0.351979,1.12005,499.99,149.464,134.239,83.0284,2.17992,79.4916,69.2957,20.7627,27.1182,5.2848,35,0.383778,0.989056,477.616,117.486,127.231,54.8115,3.29823,74.7875,63.6571,21.2753,24.9732,4.67817,48,0.284397,0.785525,340.873,89.7367,104.81,28.565,2.67758,62.3484,52.8483,17.7298,19.5819,5.35077,50,0.199419,0.834868
decoupled_wbc_h066_p012,2885,complete,90,18,15.7509,2.54728,0.0399143,0.144401,415.524,93.4746,79.5831,17.6601,2.35285,65.0627,59.7376,17.6585,26.6657,4.07149,51,0.30045,0.938077,492.091,86.9536,103.684,62.7425,3.16353,66.6138,55.0381,18.9976,30.9368,5.93465,34,0.327152,1.04956,310.518,76.3058,87.7859,29.9884,1.66758,54.6848,51.2113,15.9353,27.4395,3.9428,48,0.261452,0.861218,439.593,95.6831,118.492,22.5286,1.27353,72.4556,61.2093,20.5815,31.2898,4.91502,53,0.304082,0.888533,380.599,109.937,129.574,31.3411,1.4945,63.399,62.5058,20.2343,28.0411,3.88528,55,0.208833,0.860602,499.995,122.789,128.862,31.0078,2.71326,77.5361,63.8596,23.1691,30.6438,4.65742,45,0.279996,1.06165,429.436,96.1403,94.1072,25.7622,1.48362,70.0158,60.6175,17.4786,21.3125,3.21329,41,0.314732,1.06031,337.777,93.3417,87.537,33.1951,2.18833,47.9758,48.914,14.3168,19.879,3.36362,43,0.173393,0.702953,445.001,124.465,105.346,43.2317,2.46976,72.0752,64.0392,20.6123,29.0742,5.10088,37,0.326247,1.08532,491.48,109.338,95.537,23.0082,1.90901,71.3451,64.8571,16.9722,21.5257,3.78464,43,0.355145,1.12835,403.015,137.717,133.266,133.885,5.32179,57.9817,63.6217,19.0141,31.8903,7.41691,32,0.140506,0.923958,545.213,101.132,172.643,169.367,12.6713,72.1564,51.7593,24.1975,33.4393,10.2399,43,0.264518,1.09316,481.47,113.551,134.226,34.8099,1.10643,71.894,57.6638,21.841,25.3063,4.1309,35,0.321752,1.12952,527.533,128.982,135.245,34.3252,1.92571,78.4066,66.7391,22.2957,28.9321,4.58052,48,0.320812,0.922487,519.673,112.692,133.478,35.2358,2.29158,70.9184,60.9381,19.5942,34.0886,4.91959,38,0.324854,1.23165,366.746,82.5906,90.4766,20.7324,1.86241,62.4243,53.4264,16.4597,27.3529,4.0845,35,0.380855,1.22281,747.554,243.803,153.213,33.6741,2.37941,82.15,72.8299,24.4281,41.1741,6.17566,34,0.375432,1.13952,1118.84,257.895,223.525,47.5099,1.66384,106.195,79.8611,27.54,45.9819,5.71411,43,0.291707,1.20494
decoupled_wbc_h066_p012,2886,complete,90,18,15.0767,3.23154,0.141085,0.128071,412.179,100.334,99.5628,30.9475,2.507,67.9357,59.7042,17.5291,31.9424,4.15758,46,0.235142,0.944988,383.801,81.7176,97.8514,41.8773,1.6317,56.5068,50.1483,15.2959,28.9708,3.39208,35,0.276548,0.970507,345.756,77.7248,117.084,26.4997,0.959668,58.6387,49.639,18.0487,32.0218,3.77682,40,0.318757,1.14647,381.874,105.853,77.9926,28.528,2.0152,55.9158,57.5123,15.1275,26.9021,3.72382,36,0.255833,1.0245,312.292,114.193,115.322,46.2292,1.96065,56.6967,57.2949,16.9872,29.923,4.36592,34,0.240181,0.937873,318.88,89.1377,98.4405,23.1857,1.54313,55.4206,51.7175,16.7999,21.7149,3.12581,45,0.244705,0.852601,567.187,137.818,122.464,40.1886,2.17737,81.0444,68.802,20.7085,28.8523,5.33746,47,0.251377,0.916955,431.985,118.608,113.788,79.9696,2.6945,71.9064,59.5217,20.0463,33.9219,5.46349,46,0.240397,0.919145,423.558,122.93,110.834,35.0624,1.92217,70.554,60.1296,17.7391,32.217,4.81432,47,0.311692,0.93002,351.001,81.9868,92.1437,30.7043,2.59161,55.3154,50.4852,15.7332,31.3094,5.03485,41,0.262502,0.900106,465.415,92.5581,95.3597,41.9126,1.99663,61.2971,53.8422,16.3757,33.9705,4.38402,43,0.258565,0.907646,563.394,177.288,125.704,49.2937,1.9921,79.9117,67.0679,20.3711,40.1687,5.99205,39,0.337326,1.22514,435.552,113.603,101.826,45.4791,2.54402,66.0655,59.6517,18.2035,34.9534,5.72795,45,0.284528,0.876829,578.317,163.657,125.73,52.9363,1.65412,82.9292,75.9656,21.7289,45.0603,7.12692,44,0.298171,0.980766,336.369,82.7047,106.844,94.0342,3.47731,56.0495,47.4336,16.8891,34.7738,6.49102,41,0.274118,0.939761,586.478,128.964,146.776,42.3051,2.10652,80.5704,67.7871,22.2666,35.0504,5.08324,38,0.307238,1.20843,462.557,115.027,100.073,34.2385,1.96522,65.9186,64.6442,15.4108,27.1315,3.35732,42,0.338562,0.965543,494.463,125.019,100.821,80.0553,3.48304,65.454,56.5753,16.4119,35.4973,5.52402,34,0.321877,1.22511
decoupled_wbc_h066_p012,2887,complete,90,18,19.2609,2.24249,0.234135,0.270712,468.182,95.8576,104.924,18.2764,2.78264,71.2627,58.22,20.1398,29.149,4.45577,55,0.28315,0.88297,434.896,80.3028,96.5263,30.5328,2.19008,65.2538,56.9597,17.0928,30.7176,4.93779,43,0.364516,1.04406,394.84,81.0239,82.1883,34.5339,1.69397,59.63,45.2338,15.5949,27.9026,3.41889,40,0.34374,1.01767,545.356,138.913,128.357,98.2806,3.22082,80.0548,74.4869,21.1105,40.3602,6.78593,48,0.340619,0.957937,455.483,97.7088,94.4673,25.3205,2.13136,68.7542,60.0159,16.3963,28.8181,5.14238,42,0.355785,0.844353,437.552,86.6077,112.7,26.6448,1.62546,71.01,53.6157,18.8395,29.5674,4.74508,45,0.349555,1.12679,455.886,86.2603,96.9646,21.5847,1.3668,69.6279,55.3281,17.8666,24.6008,4.9744,39,0.373053,1.14665,383.825,113.095,111.146,30.5392,2.49732,63.5498,60.7526,18.1376,25.2091,5.90162,53,0.27059,0.836951,474.058,129.248,117.565,168.204,7.21735,75.5276,65.7265,21.5991,39.19,11.0007,40,0.301289,1.0256,324.67,100.044,110.987,36.0345,2.58587,56.0167,55.69,18.2104,27.5657,5.38633,44,0.217123,0.81779,456.64,91.2559,127.321,108.246,2.34534,70.3649,52.1283,20.5239,36.1286,6.02654,38,0.312366,1.18487,545.78,107.562,86.5184,31.317,1.93367,71.4269,62.3864,19.4538,27.0873,4.34689,39,0.332784,1.25273,591.374,143.005,130.691,27.6101,2.34549,79.6736,65.8796,22.4592,30.2442,5.16508,49,0.254946,0.908843,586.038,132.143,141.632,25.7783,2.99139,80.8474,63.0787,23.2433,32.9365,5.29102,27,0.374519,1.32695,427.104,97.436,109.92,29.5314,1.99138,67.9583,52.3456,20.3453,29.4952,5.41126,35,0.297188,1.13034,487.973,82.2842,78.7367,29.7715,1.41607,65.8738,57.1909,15.9013,21.1606,4.44042,35,0.384018,1.3127,310.622,85.4507,100.002,25.289,2.1876,53.1508,46.4669,15.6825,18.7643,4.89277,37,0.281645,1.00178,394.959,101.417,124.207,25.0047,1.61418,60.0802,57.9241,18.7839,24.0684,6.54941,46,0.249262,0.882402
decoupled_wbc_h066_p012,2888,complete,90,18,20.6413,3.91358,0.0445591,0.0151658,419.879,86.9224,88.2352,17.9541,1.90606,63.3364,58.0427,17.3559,25.4868,3.9574,40,0.345462,1.0175,398.338,87.7757,99.6232,17.7822,2.64748,69.8179,55.806,19.7401,21.5857,5.00167,42,0.309613,1.10047,355.288,101.685,98.1487,27.3233,1.18916,56.5657,57.9332,15.8883,24.0502,2.96646,40,0.280301,0.920494,719.235,124.474,118.214,40.4294,1.28814,85.7215,64.0156,23.6863,33.4695,2.83227,40,0.307024,1.19372,389.852,93.9227,123.402,102.636,3.12383,61.6185,54.9188,18.9104,36.2116,5.75299,47,0.249847,0.909646,405.559,132.049,109.18,33.2741,2.0651,64.3451,65.8926,17.3346,26.9907,3.07763,40,0.278229,1.02778,409.801,118.517,128.743,116.56,6.07096,66.4327,60.7123,20.4893,36.8997,7.12965,44,0.213189,0.90391,477.147,120.112,122.109,29.9359,1.79166,72.1915,60.865,21.1362,31.3666,3.65297,45,0.35998,0.966594,496.5,91.1694,91.1788,27.6823,1.70116,68.8568,57.4713,16.7928,25.4767,3.2553,36,0.369469,1.18294,496.871,94.5985,100.871,180.033,12.1997,71.4101,59.4542,19.3753,40.1153,10.6191,44,0.299649,1.04309,404.75,130.704,118.931,64.0154,2.2125,64.1008,62.8944,20.033,32.3356,4.61486,42,0.294685,1.02229,686.902,130.542,124.957,40.9977,2.64302,78.4485,66.9231,23.2368,34.3455,5.6544,37,0.35813,1.27704,486.73,77.7755,79.1298,22.057,2.33987,68.8229,55.2836,17.2799,22.4473,4.28232,40,0.377025,0.914407,547.869,115.812,117.9,29.7106,1.88137,79.1206,61.8684,24.4022,32.87,5.41372,42,0.389384,1.06148,387.171,90.4066,104.604,28.0322,0.915874,56.4816,52.7113,16.7568,27.8103,3.75146,31,0.280666,0.922801,381.634,97.4445,130.879,183.865,23.5386,62.846,61.6601,21.834,49.3427,15.9715,45,0.244809,0.815939,416.347,90.5452,95.6552,38.7191,1.70999,58.561,47.4186,17.5334,27.8244,4.16953,30,0.279197,0.943807,368.364,67.1837,67.3167,35.3292,2.04874,52.2981,37.4799,13.0117,24.32,3.14334,27,0.30283,1.07871
decoupled_wbc_h066_p012,2889,fell,85.84,18,21.8881,11.3761,1.96571,1.30505,376.276,106.421,98.265,45.4986,2.3375,60.1206,58.185,17.6923,30.2522,4.3453,44,0.272536,0.835164,460.538,109.331,106.158,29.1211,2.45318,71.9783,64.6908,18.3572,31.7092,4.08237,47,0.316478,0.921777,352.68,93.1038,103.156,30.4576,1.82559,56.1173,48.6992,17.0278,32.2053,3.57141,44,0.27264,0.942249,369.879,84.8725,116.777,45.88,2.46991,63.1751,54.2294,19.264,36.5524,5.52828,41,0.251825,1.09767,541.196,103.181,134.532,31.9733,2.08302,79.041,58.3169,22.763,36.1232,5.34596,45,0.331321,1.17702,410.033,109.594,115.351,48.4249,2.49962,61.427,57.8321,17.9435,37.4274,5.87426,47,0.233345,0.901721,362.349,94.5319,97.0125,35.6898,1.0591,59.6304,52.7673,17.1527,28.9431,4.1975,47,0.295853,0.950058,330.957,75.6837,95.978,36.8879,1.66179,51.7119,40.3777,15.0952,24.1117,3.92532,37,0.309028,0.965145,447.279,110.74,99.9821,38.4029,2.01973,72.2485,59.1673,20.0781,28.2682,4.28737,43,0.349773,1.00884,430.182,78.0636,81.2974,22.8109,1.33536,64.6611,50.1326,15.6705,18.7734,2.86889,38,0.336707,1.04295,442.449,104.108,104.806,23.6649,1.46521,68.7357,55.0707,17.9936,22.4076,3.08177,41,0.275713,1.11509,563.002,132.84,119.983,122.082,4.34042,80.9231,70.0936,20.6446,33.4212,6.39471,47,0.293209,0.947481,498.888,156.218,132.024,154.091,2.96682,69.7834,66.5081,21.0126,31.6118,5.26703,41,0.182986,0.865597,401.015,96.479,105.928,32.6486,2.93919,63.3326,54.3366,18.7358,26.5864,4.67349,46,0.300623,1.00282,387.835,89.6311,103.219,32.4149,2.01741,60.8434,52.5254,16.7845,23.2684,5.66059,47,0.247666,0.99236,291.506,99.4991,100.972,42.5054,1.48327,50.7005,52.5379,15.2785,22.2923,4.84767,35,0.228627,0.78475,485.517,170.095,138.228,58.8972,2.44481,74.5828,67.9191,21.2656,36.9462,5.70084,44,0.278063,0.94007,2100.89,157.668,254.617,197.308,13.7872,84.3879,36.4925,21.1088,51.558,11.3942,3,0.0827891,1.09677
decoupled_wbc_h066_p012,2890,complete,90,18,16.7102,3.31986,0.160364,0.114016,348.01,81.3685,99.084,23.8656,2.23595,60.3447,49.9772,17.1636,28.6556,3.92397,37,0.313425,1.23433,491.258,131.369,127.276,63.0576,2.66678,75.5763,67.0506,21.6963,41.6927,6.23169,51,0.250931,0.943968,417.522,124.19,114.834,52.4971,2.22696,68.8337,64.0247,18.9638,34.82,6.08757,44,0.277676,0.872445,346.716,68.3332,101.613,54.3067,1.66811,55.8967,47.8404,16.5719,30.94,5.43657,42,0.27802,1.02118,366.587,93.8444,109.135,77.2921,2.60908,62.0791,55.2086,17.6496,35.1078,6.13801,46,0.269289,0.948377,362.975,92.2584,87.2618,31.9872,1.56197,55.372,53.3583,14.3256,26.6502,4.90875,42,0.280404,0.902281,345.244,97.388,94.9601,37.7403,1.67262,53.7901,54.793,15.8011,28.0492,5.82187,39,0.207806,0.890954,452.909,88.8136,97.5737,27.5252,1.34504,67.7388,56.0585,18.2187,25.1074,6.12875,39,0.320838,1.00126,381.042,120.996,117.964,21.104,1.17149,66.1967,61.7849,19.0814,24.1949,5.11476,45,0.231273,0.865529,441.823,116.847,109.186,17.2276,1.61411,67.6882,63.2327,19.4761,23.5255,3.67039,42,0.264616,1.00511,541.005,112.509,112.186,62.944,1.39047,73.5611,62.4399,18.8136,27.165,4.08168,34,0.396113,1.1222,703.065,145.688,160.08,46.6759,1.59851,91.0608,68.4497,26.9315,37.7355,4.3455,43,0.330425,1.11518,482.965,139.472,143.156,37.6712,1.08827,74.2381,71.1808,20.5247,30.1732,3.64002,43,0.293286,1.06669,564.329,102.333,99.8419,34.2456,1.33609,76.8337,56.0401,19.5182,31.7993,4.49582,42,0.321064,1.10316,415.681,101.859,100.388,27.9538,1.8341,66.9661,60.2416,18.2823,27.8,4.63859,40,0.305621,0.903648,412.594,88.593,114.206,29.4384,2.10142,63.2759,50.9383,19.4965,29.519,4.54465,43,0.291177,1.04289,453.84,115.57,112.493,32.9727,1.11238,63.219,57.5491,19.3783,30.3583,3.29078,47,0.307419,0.903807,519.124,105.659,246.77,291.329,12.9344,80.8701,58.5569,31.9776,78.2739,15.1155,36,0.256168,1.12325
decoupled_wbc_h066_p012,2891,complete,90,18,16.7804,3.78909,0.0779178,0.114895,357.045,78.3029,100.16,25.1804,2.61563,59.2255,48.9997,17.1255,29.7981,4.49094,34,0.303775,1.22326,331.057,88.8619,82.1746,29.8834,2.78314,55.5928,51.1957,15.6016,29.5918,4.49551,42,0.265176,1.03636,375.057,96.0521,81.8338,29.5777,1.61018,57.1096,55.5431,15.3767,28.598,4.46463,38,0.256128,0.949334,479.425,101.69,96.993,26.4645,2.02434,68.8849,50.3446,18.0664,24.1809,4.47361,44,0.341092,1.02162,477.257,96.1136,119.776,29.2533,1.41843,67.9212,54.7504,19.5372,30.6513,5.96346,36,0.370605,1.33785,510.141,103.248,102.65,21.6911,3.04269,72.2044,58.7008,19.3636,25.5657,5.57243,48,0.296144,0.98515,728.504,144.128,140.098,32.2619,2.20952,79.7225,64.3781,25.5173,37.8922,7.66571,43,0.260409,1.03383,423.295,78.097,141.612,27.4385,1.80556,69.856,53.562,22.119,25.8582,6.10241,44,0.317187,1.27764,461.056,91.0864,71.8176,27.2439,1.46441,63.2023,59.5799,15.0168,20.3006,3.98419,41,0.342122,0.928619,387.482,90.4734,127.575,32.8726,1.91172,65.5141,55.4758,20.7187,28.9305,5.35516,44,0.27908,0.990217,427.276,102.643,115.646,34.0999,1.40758,67.4202,58.4064,20.5851,29.3681,4.92436,46,0.304304,1.01549,360.592,95.7179,114.287,75.9017,2.04919,59.4954,59.3749,18.6519,30.2835,5.33677,52,0.253157,0.848514,453.653,106.83,133.804,29.5235,2.14875,65.1279,59.1852,20.5387,32.5969,6.02783,44,0.315007,1.13679,581.17,110.995,96.4052,25.9651,1.44081,84.4196,63.1399,21.3833,35.4745,5.40666,49,0.330968,0.904665,410.107,95.7892,119.338,115.288,2.0458,64.8079,54.0723,19.084,37.6144,6.5816,49,0.278832,1.10052,420.351,94.3969,87.7073,29.6882,4.08102,59.5219,57.1793,16.1834,27.3615,4.25469,39,0.319725,0.949039,566.558,146.563,148.465,40.0267,2.12431,78.8104,72.0572,21.7479,36.5531,4.94148,47,0.294783,1.06975,587.926,143.926,140.697,37.4661,0.992371,82.9082,66.7124,21.0184,25.5325,4.0648,43,0.375872,1.08791
decoupled_wbc_h066_p012,2892,fell,50.54,11,39.2147,17.9766,0.719911,1.6624,427.466,97.3784,125.44,18.4558,2.43965,69.1941,57.3387,19.6132,30.1971,5.34149,35,0.346067,1.05622,434.983,78.9597,100.434,23.1787,2.03662,64.3707,52.7392,17.8279,28.6926,5.65849,41,0.282189,1.1066,433.888,90.6112,101.441,25.0647,1.79389,63.9119,56.4111,17.9581,31.1415,5.69237,42,0.309186,0.974419,441.151,103.753,90.196,45.6199,3.00167,68.2082,59.5352,16.8217,31.6317,5.12243,38,0.32485,0.94849,361.995,70.7973,79.1342,18.1695,1.56911,60.7694,48.9365,16.249,26.8656,3.33315,47,0.294892,0.973083,527.505,106.092,154.274,108.593,3.32988,75.223,60.6538,22.5221,34.6442,5.9577,45,0.364435,1.23721,441.419,98.8886,212.098,218.253,9.58745,75.0797,60.5898,26.8208,57.9258,13.7155,47,0.273308,0.96743,422.69,105.718,90.2446,19.9054,1.90878,66.4509,60.0264,17.6894,26.339,3.91038,51,0.281815,0.856542,584.636,117.899,136.941,169.482,3.22153,87.2516,67.8322,24.3054,36.4685,7.03714,44,0.420346,1.05837,1548.92,406.698,258.524,192.702,15.5866,131.466,113.298,36.7131,53.9423,16.0769,25,0.368727,1.36581,2627.89,195.37,329.465,56.3104,4.24201,99.1939,29.6505,26.4538,20.6935,4.94809,0,,,,,,,,,,,,,,,,,,,,,,,,,,,,,,,,,,,,,,,,,,,,,,,,,,,,,,,,,,,,,,,,,,,,,,,,,,,,,,,,,,,,,,,,,,,,,
decoupled_wbc_h066_p012,2893,complete,90,18,24.0726,3.59203,0.275075,0.148855,378.746,95.1039,87.9517,24.2549,2.15228,62.4658,61.2532,16.8242,23.8958,4.20619,43,0.247104,0.843252,465.777,98.502,111.672,19.595,2.59664,70.2514,57.4838,19.5416,27.4555,3.98751,44,0.302186,1.21787,290.87,101.763,85.0933,24.9263,2.06671,47.3111,54.0463,14.4123,23.2153,3.07152,37,0.230755,0.884669,453.028,118.434,129.602,73.9482,2.82551,73.8907,63.2013,21.1008,29.2733,5.02422,44,0.331229,1.03524,353.908,92.53,93.7977,25.914,2.35664,59.4548,52.5682,16.9163,20.078,4.31477,59,0.214424,0.759349,522.894,123.14,119.36,39.8039,1.78701,72.829,66.5528,18.4819,24.497,4.30334,31,0.334882,1.14553,503.419,118.78,114.613,30.0676,2.25952,75.4628,68.6588,19.3127,29.5318,4.58548,53,0.321748,0.885919,402.015,76.4875,79.8126,17.9319,1.38906,66.9432,50.649,16.6003,25.3533,4.59544,42,0.375513,1.01508,515.869,205.075,146.726,132.238,11.2452,71.3861,75.8936,21.3737,39.4283,9.33632,38,0.297555,0.966497,765.985,231.888,192.523,38.9646,1.619,97.1925,79.3429,25.9666,35.6325,5.53996,32,0.467185,1.46118,635.474,144.857,174.339,169.958,3.2195,88.6764,70.9868,24.2759,43.7357,7.64457,42,0.353872,1.03251,847.588,159.272,144.476,36.5288,1.37165,90.7257,73.2583,25.0593,34.8347,5.43443,33,0.333729,1.48596,569.335,98.6493,108.586,31.2401,2.13177,75.8476,65.424,20.4319,28.7477,4.60896,47,0.333283,1.1704,399.202,128.135,113.522,34.89,1.55578,69.7901,66.2589,21.126,33.5012,4.34563,48,0.215086,0.974104,488.624,127.991,114.905,29.3,2.5369,72.1965,65.0027,19.4332,30.0214,3.4377,45,0.303482,0.876506,445.744,106.664,139.965,211.772,4.19038,63.8385,54.7122,19.5485,46.1857,5.48576,39,0.234647,0.841774,687.441,109.799,109.782,35.0166,2.54552,74.4354,54.3326,19.4364,29.0446,4.78125,31,0.336745,1.45684,445.788,92.0337,104.938,77.5058,2.52877,68.9767,56.0941,19.2159,32.2382,4.99736,43,0.295769,1.02044
decoupled_wbc_h066_p012,2894,fell,35.92,8,28.366,6.16277,1.58414,2.32592,352.776,94.4112,84.4009,22.6553,2.05609,60.2226,57.325,16.4218,27.5456,4.03013,51,0.223638,0.889927,446.518,112.685,118.502,75.915,2.37862,71.2328,59.5247,19.1758,36.992,5.00994,47,0.263915,1.01858,474.397,136.386,131.612,56.1157,1.9758,71.5759,66.3589,19.9773,39.2695,4.9184,37,0.308539,0.999506,476.332,102.381,101.699,35.6187,2.40696,68.6399,58.2317,17.7247,33.7016,4.41876,50,0.252628,0.988688,405.744,109.461,112.247,53.4858,1.40291,66.1534,54.9886,18.513,34.5033,4.97063,35,0.362336,1.08757,380.592,89.0855,102.285,31.8844,1.49563,61.5259,49.9831,16.446,29.7772,4.61886,33,0.335127,1.14777,475.201,86.0082,108.72,78.6869,2.34029,66.1103,54.3271,17.4978,35.2668,5.81405,37,0.311792,1.03247,1966.36,132.056,178.616,54.4911,1.22056,102.598,33.8007,22.7408,24.496,3.3567,1,0.146324,1.11101,,,,,,,,,,,,,,,,,,,,,,,,,,,,,,,,,,,,,,,,,,,,,,,,,,,,,,,,,,,,,,,,,,,,,,,,,,,,,,,,,,,,,,,,,,,,,,,,,,,,,,,,,,,,,,,,,,,,,,,,,,,,,,,,,,
decoupled_wbc_h066_p012,2895,fell,41.84,9,39.9206,21.3678,1.20193,1.00088,465.146,102.323,108.652,24.5641,2.26007,74.8731,62.7311,20.0051,33.0115,4.72002,40,0.381793,1.00126,376.849,91.4293,106.628,42.6293,2.59611,66.4646,55.8426,19.0027,31.6766,5.04086,47,0.299613,0.980022,507.11,104.813,117.937,28.0963,1.2469,75.8479,59.543,20.3111,29.4704,3.61282,49,0.357,0.972677,353.724,88.3128,120.852,24.1289,1.74372,58.826,51.0851,18.2961,24.6749,3.12266,46,0.283856,0.99373,542.591,119.134,120.532,40.693,1.64039,73.6963,64.8475,22.4408,30.6627,4.67133,46,0.329328,1.05585,646.596,109.942,158.811,219.729,2.66701,81.6082,64.702,23.0909,40.6675,6.37145,42,0.327339,1.22448,401.17,103.233,99.1218,35.4753,1.848,70.1477,55.3079,20.4199,30.6383,5.15578,43,0.318816,0.907914,359.507,59.3636,70.3917,29.6241,1.65824,54.5127,40.5343,14.6245,22.2997,4.05611,43,0.288883,0.914047,3654.71,896.758,532.955,155.837,21.3222,203.66,123.155,64.741,80.7593,26.5667,2,0.0940628,0.62906,,,,,,,,,,,,,,,,,,,,,,,,,,,,,,,,,,,,,,,,,,,,,,,,,,,,,,,,,,,,,,,,,,,,,,,,,,,,,,,,,,,,,,,,,,,,,,,,,,,,,,,,,,,,,,,,,,,,,
decoupled_wbc_h066_p012,2896,fell,76.2,16,22.6208,7.26708,1.36137,1.48859,333.669,71.3701,74.5753,24.7437,2.65522,57.7468,48.7152,15.9543,26.0588,4.15021,41,0.283378,0.919132,501.501,113.136,105.803,46.5409,1.34842,78.0255,60.019,21.3011,34.5486,4.2753,48,0.384243,1.10239,471.855,84.647,106.403,22.0938,1.83283,73.3157,51.847,19.4459,27.8981,3.13769,40,0.38529,1.25375,338.863,96.7523,90.1844,26.4084,2.35353,59.7215,56.2891,17.4909,28.8244,4.12702,53,0.250398,0.839868,289.193,73.0848,108.426,25.7901,2.24249,48.2243,46.4319,15.7102,27.16,3.7837,50,0.232134,0.920247,333.945,72.1936,79.4752,27.7781,1.64032,56.3944,52.1905,15.5637,27.6667,3.2705,48,0.287358,0.879645,589.001,117.783,84.7598,51.8231,4.50848,81.8864,63.6766,19.324,39.0425,9.03917,44,0.30958,1.00436,526.991,107.186,90.8378,73.6602,2.59354,72.3018,56.9163,17.184,36.8409,4.75893,38,0.371767,1.3077,600.587,149.115,105.802,126.758,2.73618,78.6758,65.7809,18.6632,43.6741,5.95697,31,0.378627,1.54692,392.969,76.5257,109.988,75.9172,3.85855,61.5809,50.5203,14.741,29.1604,5.64728,48,0.252906,0.833083,432.052,110.231,85.2128,28.0341,1.73726,62.8732,54.0057,15.7784,36.669,5.34246,44,0.223337,0.89134,555.643,152.001,89.6633,29.1525,1.60533,76.5146,70.5478,16.8178,38.0357,4.69144,44,0.238951,0.861076,495.167,139.242,100.308,35.0821,1.24167,73.8989,62.7791,18.0378,38.1291,3.85034,37,0.310161,0.942594,431.714,82.4109,62.2543,21.6484,1.26117,54.2421,42.1121,13.6762,24.6951,3.31961,38,0.27475,0.987273,520.292,118.205,89.9801,27.9162,1.96384,76.2414,63.5483,19.0828,39.3806,4.06026,34,0.342624,1.10776,4072.36,457.534,397.735,137.143,4.81166,134.312,62.8734,30.8221,45.7736,7.75255,0,,,,,,,,,,,,,,,,,,,,,,,,,,,,
decoupled_wbc_h066_p012,2897,complete,90,18,17.5233,3.83476,0.382206,0.200958,414.051,106.632,101.286,50.8064,2.50574,63.4898,60.4109,16.6117,29.0749,4.2089,41,0.315113,1.04954,490.665,118.291,115.874,45.8662,2.28111,70.9171,60.5893,19.1882,32.5938,3.79859,38,0.396825,1.18876,352.529,77.0661,86.7886,35.151,1.61144,56.7133,44.4211,15.8735,27.7341,3.49221,42,0.234139,0.891512,350.553,66.5776,63.9474,30.8451,1.52894,56.7563,46.371,13.3832,23.2632,3.38631,43,0.291797,0.91399,376.05,95.0254,111.453,90.9995,3.69847,61.403,55.5505,18.4901,37.4088,5.96359,34,0.264246,1.0366,378.108,81.0255,82.4543,26.9145,2.02448,56.9945,51.4173,14.4119,27.8833,3.99354,42,0.252301,0.911635,419.444,99.1458,107.24,28.3312,1.90407,60.472,58.1581,16.5944,32.2269,4.18049,42,0.325143,0.967697,524.178,123.604,116.791,33.034,2.26257,69.2853,56.031,18.8355,31.8221,4.77949,33,0.373093,1.17968,299.551,75.0727,95.841,31.3334,2.62889,53.5985,47.7409,16.018,29.6072,3.67337,49,0.24729,0.900378,576.089,109.284,137.857,170.994,22.9805,78.7256,56.3338,20.9607,49.0238,13.0325,34,0.419311,1.25497,537.304,108.982,130.172,35.6552,2.50928,76.7674,62.4296,23.3847,41.2412,6.83832,46,0.330804,1.08206,631.718,139.193,130.316,31.6959,2.14861,80.5666,66.1674,20.0311,36.3189,6.74311,39,0.353115,1.00515,809.479,139.201,147.58,43.6729,2.37117,89.9257,65.7916,22.2628,41.69,6.84118,34,0.27853,1.42195,727.349,133.719,116.99,56.5302,2.48097,88.9734,62.4738,22.0678,40.6921,7.05978,40,0.352481,1.30926,478.931,182.424,160.577,37.0031,1.87936,72.4019,68.658,22.6948,41.5774,7.76969,50,0.280132,0.993184,616.973,117.969,106.153,35.3343,2.21016,79.9405,64.236,21.3833,37.3964,5.97179,40,0.348154,0.94372,480.941,146.374,134.734,82.612,2.27779,69.1107,62.1974,19.9029,43.1468,6.20791,42,0.343131,1.13491,746.991,266.999,165.807,66.6317,2.83808,85.353,91.4847,22.733,40.9494,6.22609,33,0.397141,1.05215
decoupled_wbc_h066_p012,2898,fell,71.06,15,21.0774,4.73054,0.892838,0.774951,531.568,106.148,101.704,20.6476,2.04603,77.0038,68.419,18.7862,30.4227,4.9756,45,0.310015,0.950259,367.924,105.507,90.7113,30.5342,1.7823,62.4484,54.2616,16.7572,25.107,3.83438,41,0.288058,0.913823,329.796,97.0452,94.5268,81.7162,1.49728,57.5943,49.593,15.4703,25.0745,2.9069,50,0.291075,0.8528,502.582,139.038,122.307,60.6665,3.21112,74.3386,72.0752,18.4658,34.8516,6.02322,39,0.366771,1.02713,385.808,113.477,104.646,42.7605,1.42236,54.2874,59.4758,17.1824,27.2661,4.22737,35,0.29536,0.958768,401.346,98.1294,91.1218,41.3766,2.00796,62.3417,53.8421,16.8307,25.3285,3.54432,40,0.298336,0.969056,514.169,144.702,129.197,53.8388,1.75951,71.8546,72.057,19.4133,35.4996,4.25683,37,0.363668,0.984941,224.913,51.5938,51.5752,29.873,1.73243,42.5791,40.1359,11.0294,20.5742,2.71339,46,0.206831,0.729062,306.554,110.886,115.834,33.2836,2.04878,56.0428,57.608,17.2361,27.6325,3.36946,39,0.180045,0.955691,520.416,127.963,98.5143,26.1297,1.41538,76.3538,66.5512,19.226,29.2471,4.95734,42,0.311701,0.937364,347.009,114.336,114.251,28.8055,1.96725,58.3379,60.6855,16.4978,26.223,4.78082,38,0.214422,0.868395,776.852,133.728,219.947,248.33,24.5778,97.1198,78.6352,27.5783,50.5421,18.0275,39,0.330237,1.26833,380.197,101.443,112.432,25.5574,2.09244,56.9682,56.0426,17.3552,22.1595,4.02073,33,0.218348,0.901433,382.812,114.627,196.276,165.93,18.2831,61.6713,58.4961,23.6788,37.0304,11.3195,50,0.144574,0.915876,3476.59,602.594,491.633,156.685,8.06497,148.824,88.3492,46.6874,51.3309,15.0836,1,0,0.734277,,,,,,,,,,,,,,,,,,,,,,,,,,,,,,,,,,,,,,,
decoupled_wbc_h066_p012,2899,complete,90,18,15.1685,3.17294,0.596667,0.343079,402.38,90.996,114.63,21.5276,2.11247,65.6508,54.568,19.7162,29.7187,3.91236,40,0.305624,1.13983,310.698,74.9921,83.0857,26.3933,2.00984,52.2596,50.7822,14.2319,22.6351,2.85495,42,0.29469,0.953893,391.503,106.935,96.2986,54.6187,2.7593,59.7702,57.7209,16.3145,31.7745,4.82422,46,0.253765,0.830126,373.555,86.143,101.142,50.126,2.21794,65.0398,53.0273,17.2643,31.2338,6.62524,44,0.366757,0.950125,575.864,109.967,118.187,21.6347,1.99092,85.108,68.1843,21.9469,31.9569,6.51947,47,0.321734,1.13273,386.226,93.3999,106.741,26.1362,1.57038,65.3145,55.2564,18.9326,25.7461,4.97635,48,0.247513,1.02261,417.241,117.258,99.8592,79.8689,1.92991,68.0786,63.7148,18.2787,28.1778,5.2432,47,0.29271,0.914511,521.015,129.569,121.54,33.2616,1.98041,72.317,65.3244,21.4076,27.5379,4.10436,43,0.280069,1.06656,368.837,98.5269,169.326,27.4394,1.93078,61.3994,53.6102,20.9829,27.2649,4.42569,35,0.262394,1.04177,409.139,108.414,104.273,33.2489,2.23537,65.4024,55.3881,17.3725,23.6679,3.84161,43,0.255228,0.882562,400.387,103.716,116.39,24.2365,1.87565,63.7854,53.7713,18.9192,24.293,4.79673,41,0.325152,1.06535,487.752,124.56,143.327,71.7981,3.26711,72.0933,64.8331,21.1762,28.9667,5.57034,42,0.276578,1.06718,657.235,128.376,153.989,27.3535,2.44242,87.4614,68.9122,22.8963,26.5438,5.89309,42,0.263433,1.03327,430.753,122.881,136.196,18.9451,2.69081,66.8227,58.3698,19.8284,23.9757,5.85896,47,0.291621,0.992487,854.821,287.609,163.725,28.3646,2.23203,91.5849,89.6826,25.836,30.6777,7.42224,36,0.384802,1.23409,298.391,65.6578,86.38,33.922,1.50034,51.2554,42.76,14.5181,21.6253,3.73163,37,0.27734,0.94622,609.496,241.668,189.039,54.184,2.85658,83.4291,78.8709,24.4878,32.1182,6.55027,41,0.42428,1.16686,509.846,91.8577,118.426,45.8491,3.66061,68.2336,55.1579,17.5079,24.5706,5.21052,36,0.362503,1.20762
decoupled_wbc_h066_p012,2900,complete,90,18,23.5311,3.27772,0.45923,0.641455,441.84,88.7593,103.51,15.6007,2.3608,67.882,56.8316,20.0504,26.5492,5.18158,43,0.311937,0.99197,445.39,105.15,104.382,23.2496,1.91204,67.1574,63.0867,20.3475,23.3747,5.88463,44,0.299789,1.00309,436.314,76.3008,81.9627,48.6088,3.13829,65.1113,52.9031,16.8078,22.3089,5.96828,38,0.339545,1.06,476.536,80.7855,137.919,28.4739,2.6603,70.2509,55.0561,21.9299,27.1188,6.02117,43,0.292683,1.07845,474.72,120.294,119.379,25.0649,1.48949,73.0384,62.01,23.2281,29.7824,6.37188,39,0.357286,1.12102,466.792,101.309,107.749,24.103,1.83087,72.0378,63.2641,21.5129,24.6881,4.51711,49,0.316034,0.997657,377.954,90.1017,98.8997,17.0649,1.6687,67.6858,52.2726,18.4659,22.3634,3.70651,47,0.326882,0.959897,638.477,147.397,122.809,19.3659,1.51544,84.2072,74.0001,21.902,28.4025,4.52976,43,0.338042,1.16686,490.12,106.341,109.867,61.0264,1.96828,74.3514,61.6002,21.4145,30.8163,4.84017,45,0.329341,1.0471,463.596,91.3848,68.679,16.0692,1.76976,62.5679,57.1588,15.921,22.6635,4.10229,39,0.347341,0.983025,476.278,101.872,128.086,89.4015,3.69207,72.3704,59.4323,21.3618,36.6025,6.55806,49,0.31522,0.993671,504.314,116.682,111.211,43.1173,1.97081,70.6767,61.2636,20.4097,27.4488,5.55654,40,0.310515,1.14126,765.757,148.287,184.182,217.091,5.69105,101.684,77.6631,29.8471,54.4947,10.0567,43,0.385779,1.288,695.068,139.44,121.128,49.7137,1.67959,84.8322,74.0909,22.4988,35.3239,4.92563,33,0.432462,1.29619,484.631,116.224,114.391,25.9348,1.52266,67.8236,65.0761,19.054,24.9847,4.79366,47,0.297439,0.892224,422.862,120.905,113.107,28.9527,2.36948,60.0905,56.615,18.3678,25.4654,4.04168,40,0.242242,1.03228,777.15,147.145,141.108,40.4729,2.15599,95.4119,74.9562,23.1566,34.2002,5.68614,36,0.306057,1.30321,987.938,177.692,188.45,31.5383,3.01584,99.9516,73.8419,30.3686,44.8803,8.11855,39,0.33996,1.45603
decoupled_wbc_h066_p012,2901,complete,90,18,14.0975,3.70023,0.356742,0.346622,372.401,50.4279,64.2806,17.0988,2.22767,60.5793,40.0454,15.5842,23.4535,3.51456,44,0.303104,0.858049,428.037,100.138,92.9753,29.8174,2.69551,68.6148,60.135,17.3879,29.5526,5.41968,46,0.304958,0.812969,363.595,115.19,103.866,54.4962,2.20531,61.1531,57.7682,17.8681,33.5669,5.97888,49,0.197178,0.916691,481.429,127.848,121.933,61.4532,1.28903,69.8611,67.8888,19.9836,32.872,4.96518,42,0.304199,0.979946,303.104,68.8215,57.5675,114.377,2.60433,40.5559,37.4456,10.2867,26.0459,3.9749,32,0.261809,0.730934,373.508,78.4167,48.5267,25.5787,1.30579,51.7088,44.8106,12.1087,27.0832,3.6778,33,0.285052,0.820654,291.398,52.4828,69.151,37.6965,1.31281,48.3181,38.3401,12.4241,26.3114,3.41125,39,0.22121,0.954766,386.792,89.3953,68.2661,36.5629,1.36853,62.0721,56.1018,15.0452,27.4277,3.40267,54,0.31521,0.787958,278.361,75.679,71.7092,40.161,1.36193,44.9558,46.6696,13.3755,26.7922,3.33575,32,0.226494,0.817547,418.454,145.898,103.435,73.2864,14.1023,68.0791,58.1613,17.0449,36.2814,8.46629,36,0.261946,0.950132,427.074,95.187,75.1551,38.4564,1.2749,57.0045,54.3425,14.3437,28.1081,3.43132,38,0.291337,0.992947,397.17,85.072,79.9149,42.0588,2.41767,58.3354,45.4514,15.3173,29.7337,4.29171,39,0.275505,0.940287,343.583,82.446,97.9522,35.5361,1.70459,54.0589,48.1211,15.4582,28.3328,3.91424,39,0.213616,0.980534,333.702,128.357,118.834,104.274,4.06901,57.4326,60.3802,16.9761,31.1373,5.40618,50,0.184585,0.754536,433.619,73.507,95.8094,36.1736,2.07556,69.0078,50.2959,15.5695,25.7263,3.36315,43,0.334141,0.991489,397.907,126.815,120.061,117.43,4.41642,58.3666,56.9611,17.0505,36.7331,6.21959,36,0.324557,0.965038,506.357,159.839,142.757,163.909,4.12202,70.1488,64.133,23.9228,48.485,7.29398,38,0.292452,0.995494,638.351,157.518,159.293,75.4395,1.82016,82.4854,66.8556,22.0851,41.1863,4.96111,44,0.282734,1.08572
decoupled_wbc_h066_p012,2902,complete,90,18,15.0067,2.31427,0.264262,0.0969378,368.41,90.883,85.8255,23.3065,2.25696,62.0546,53.9075,16.9801,27.036,3.87562,50,0.258659,0.910833,453.494,97.8795,103.405,36.7658,1.79492,69.4742,58.6672,18.2482,29.3425,5.47008,45,0.317362,1.01657,374.605,63.8834,99.0551,22.669,1.63913,61.7238,47.0033,17.4684,27.4117,3.97029,42,0.369584,1.12219,413.883,104.657,81.9456,49.9608,2.11511,60.7578,61.9725,15.9541,28.2441,4.07152,42,0.298142,0.914,536.695,117.991,108.869,34.3965,1.31124,72.094,56.0695,19.7264,29.3804,3.95701,44,0.360973,0.985633,398.505,117.306,109.709,37.726,2.52246,68.244,66.1384,18.3678,24,4.85054,51,0.25972,0.867637,439.541,119.073,96.8553,27.4325,1.13352,63.6888,64.3233,15.9527,21.8403,3.95174,46,0.314084,0.8761,380.126,110.257,127.427,141.264,5.38782,62.0774,59.3696,18.6543,36.6424,6.58347,43,0.202993,0.897486,374.948,85.5939,109.096,26.4113,1.91647,65.777,51.0586,17.2521,21.526,3.8013,39,0.28843,0.921017,419.933,84.808,101.83,105.883,4.53232,69.7066,53.1732,19.0961,27.8642,8.08649,45,0.323085,1.08424,531.792,157.911,138.252,25.9748,1.66479,75.5178,67.4823,22.2855,27.3071,5.47861,41,0.323357,1.10806,436.129,101.181,123.429,63.7579,3.4551,69.7864,57.2589,19.6158,26.9538,6.79335,46,0.286201,0.961015,401.274,81.4713,88.8308,22.8808,2.4768,62.7505,53.7104,17.403,18.3942,5.31679,39,0.344909,0.981775,474.294,115.597,119.364,26.6432,3.03582,76.2073,62.045,21.3249,23.3778,7.31684,45,0.369572,1.04996,326.247,87.2961,92.5245,23.198,2.06282,56.0397,49.1591,17.1172,25.1341,4.50415,49,0.254169,0.833916,558.726,128.88,120.946,53.0043,1.70432,77.596,59.5626,23.1168,34.5557,4.34706,38,0.311268,1.23689,669.797,131.977,127.986,42.9144,1.11748,74.623,62.125,23.5327,35.4168,4.14171,49,0.238601,0.950238,340.852,105.078,84.1089,35.0344,2.57225,52.7266,56.1189,16.3573,30.8066,4.35242,36,0.228955,0.833424
decoupled_wbc_h066_p012,2903,complete,90,18,20.4961,4.00398,0.19911,0.208817,362.184,93.0139,82.4569,16.3243,1.75888,55.9466,57.0674,14.9686,21.6387,3.68948,38,0.310825,1.00564,354.456,110.491,102.391,38.6524,2.07858,58.5605,57.629,16.5245,26.2581,3.54947,38,0.253561,0.898995,416.422,90.6485,111.083,35.0786,0.834436,60.871,48.6867,17.2395,26.2629,2.81029,32,0.288282,1.01258,320.063,89.3692,95.0901,33.3378,2.10056,56.6015,52.399,16.7814,24.7043,2.87157,43,0.279064,0.941586,355.085,133.695,121.775,59.1098,1.6478,62.1805,65.887,17.2966,31.5468,4.4532,37,0.239427,0.82679,496.913,97.7935,95.3081,57.0149,1.99268,68.5761,54.7367,16.3677,28.4273,4.51561,37,0.379311,1.11436,382.188,102.003,93.7701,39.8614,2.05967,57.4302,54.7291,15.4318,31.0847,4.12432,45,0.260869,0.957438,507.407,116.242,97.4706,40.2211,2.04992,75.8349,56.3895,19.0989,33.8502,4.58498,35,0.394789,1.18916,513.628,109.096,96.4776,37.5212,1.14371,65.3161,61.082,15.3637,30.3828,3.72418,39,0.388183,1.29394,437.27,87.2294,102.742,32.9496,1.82195,72.5329,52.7185,18.6046,35.5871,3.75994,42,0.378111,0.986553,550.354,112.874,118.432,189.939,6.49162,81.1049,62.3448,20.7336,47.421,6.35836,43,0.344322,1.13309,427.655,100.342,118.738,32.2405,2.94888,61.3794,59.5614,17.0979,30.5983,4.22748,33,0.346123,1.18981,725.723,145.986,159.033,228.748,4.15794,88.6088,68.0824,22.9728,56.344,7.5188,34,0.38802,1.30413,448.151,102.211,103.36,26.0369,1.53906,69.1176,57.3744,17.6056,31.2167,4.10934,48,0.265827,0.955629,344.882,84.4647,125.167,74.0963,2.45597,54.0337,52.9493,16.0456,36.4171,5.27982,38,0.25538,0.995301,456.562,85.0406,59.8267,30.6069,1.60014,62.0432,53.5329,13.8371,28.6756,4.61087,31,0.337259,1.19174,384.026,98.5576,99.1489,37.1475,1.77891,58.0135,50.0694,16.1251,31.5063,4.51652,46,0.279727,0.936314,745.346,143.957,129.327,50.7131,2.04445,92.4225,69.7039,20.9281,41.2552,5.00244,34,0.406215,1.41641
decoupled_wbc_h066_p012,2904,fell,66.04,14,20.5559,3.42633,0.91287,0.586885,379.234,92.3818,90.2931,23.5305,2.77675,64.9293,56.32,17.9387,27.8169,4.41103,44,0.283082,1.04408,360.885,59.0283,96.896,84.6956,2.78391,60.6612,42.5281,18.2104,30.0792,5.66185,44,0.321396,0.975441,399.283,71.2429,84.1486,25.9183,1.33089,63.7821,48.2852,17.5525,22.5087,4.12849,40,0.325917,1.08737,383.37,93.8542,105.317,25.6418,1.59526,55.8559,56.1318,17.0602,23.0753,4.96177,47,0.268287,0.839186,368.968,68.9015,105.784,13.6058,2.63451,60.1045,49.0829,18.5446,19.3673,6.96992,42,0.302841,1.02502,507.766,93.2927,122.535,20.2692,1.86598,75.1374,58.2637,21.354,25.0325,8.09013,46,0.314427,1.04252,461.372,98.3756,134.161,27.9928,2.55763,71.8414,63.0077,22.0469,26.2343,7.27768,56,0.264557,0.946393,376.984,74.4488,120.855,22.5191,2.4856,68.9095,54.0411,20.1418,28.6646,6.23252,46,0.260766,1.05776,405.6,81.7769,97.1044,25.6125,1.16498,61.4406,52.4717,15.8259,28.8619,5.76892,37,0.303292,1.08178,458.142,104.64,109.74,28.1042,1.73177,70.5072,58.8897,19.4786,29.888,6.40798,42,0.319024,1.06584,455.823,140.82,132.136,22.481,2.26802,72.4027,66.6932,22.0541,35.0823,7.92896,48,0.291624,1.01185,431.531,88.6738,103.429,21.1113,2.10699,65.7881,57.8824,17.6571,28.8977,6.28398,43,0.268048,1.09012,621.411,167.653,148.191,200.195,4.75533,87.5573,73.3694,25.0467,51.403,8.9788,43,0.296544,1.13595,2211.12,459.452,351.149,119.649,2.77046,104.022,61.4306,34.6879,43.1222,5.52986,2,0.0826492,1.49541,,,,,,,,,,,,,,,,,,,,,,,,,,,,,,,,,,,,,,,,,,,,,,,,,,,,
decoupled_wbc_h066_p012,2905,complete,90,18,15.8843,4.16855,0.0926623,0.0977194,421.086,115.118,115.373,31.2563,1.90681,68.9164,64.0393,20.3938,29.745,5.05489,49,0.24132,0.867841,495.21,109.156,107.125,31.0864,2.48045,71.2139,63.4477,20.0851,23.6127,3.63083,43,0.288046,0.932441,432.792,110,121.955,28.434,1.82262,66.2339,59.3207,18.7406,23.1026,3.07854,43,0.327073,1.01027,417.144,121.282,125.053,30.854,2.29446,68.1785,61.7585,20.2192,24.3985,4.80316,42,0.278667,1.00521,403.08,107.173,104.545,38.2109,1.87255,58.6421,55.624,17.1379,22.2696,3.2088,31,0.266274,0.946121,453.745,99.4338,115.293,32.8366,1.99571,68.1718,54.2153,19.1798,25.4792,4.43389,40,0.291355,1.13949,445.066,119.252,130.392,20.4117,1.43189,73.2182,65.2085,21.4817,26.5143,4.66826,48,0.340607,1.03603,390.777,96.2649,103.432,28.4384,1.90768,62.4578,58.8545,16.5701,19.4255,3.79539,43,0.263051,0.928696,411.363,100.815,92.5402,86.3861,2.13897,57.2854,58.3394,15.0236,23.0022,3.37031,46,0.250827,0.845962,432.66,130.093,117.139,84.7758,1.24307,61.2576,62.0395,18.6585,32.0297,3.83529,33,0.233249,1.09779,520.63,176.317,143.31,54.988,1.33084,74.9774,66.7359,21.403,32.0176,3.55643,50,0.168702,0.776813,388.942,103.802,97.212,44.3781,2.37562,57.2418,54.0934,16.0078,22.1745,3.08325,34,0.23926,0.873531,407.095,112.577,92.8712,40.9282,1.58788,57.581,58.8118,14.4433,19.7383,2.41548,47,0.214128,0.859881,1218.92,389.768,341.279,157.563,18.4528,131.889,103.255,44.5837,61.9909,13.8378,32,0.397964,1.34342,389.031,103.159,108.509,32.5364,2.05451,62.8519,60.6584,18.2808,27.6903,4.22109,49,0.239804,0.901764,355.701,87.1998,116.064,31.2581,2.10804,60.9844,53.2049,18.1539,28.209,4.20593,43,0.225557,0.844943,498.099,107.548,142.723,37.1933,1.50093,70.5775,57.7407,20.0881,27.0957,3.71555,44,0.25528,0.88069,437.203,104.792,102.875,35.0517,1.62881,65.3075,57.8361,20.6822,27.837,4.63549,42,0.292889,1.01379
decoupled_wbc_h066_p012,2906,complete,90,18,22.4353,2.71666,0.471536,0.17591,375.083,78.6425,62.2745,21.8446,1.90762,61.4145,52.0256,15.8357,26.6706,3.91501,48,0.304601,0.981045,383.822,110.598,108.96,26.242,1.68717,58.3964,60.4245,16.981,30.627,4.88808,42,0.255571,0.867453,313.34,85.0071,109.079,30.162,1.55637,53.6097,47.2789,15.8875,30.588,5.14677,38,0.298427,1.01613,357.899,78.3498,83.8253,65.3055,2.40812,56.5858,48.4643,16.3936,32.0335,5.43316,48,0.277663,0.890581,388.504,74.9627,72.57,30.1027,2.21466,57.0566,49.1666,14.661,26.758,2.95839,40,0.29732,0.897869,397.695,97.2096,124.381,28.7508,1.61308,59.7699,51.4175,18.3727,29.2861,3.06727,39,0.237487,1.04093,376.02,107.049,109.704,28.8141,1.76041,63.848,58.1153,17.9946,28.271,3.1642,45,0.215535,0.880426,528.774,124.321,110.595,31.4385,1.83183,78.7503,67.3704,19.7841,35.2166,3.73135,40,0.400615,1.11056,485.037,104.271,111.854,29.1591,1.97072,68.3878,53.8447,18.6662,31.7548,3.44346,44,0.309795,1.10383,541.023,110.357,91.9637,33.9373,1.49339,72.6064,64.1405,17.5813,29.8967,4.55588,42,0.344551,0.904164,596.283,147.459,142.755,47.0953,2.08699,77.8716,73.1826,22.3206,38.6541,5.81394,47,0.322663,1.02487,379.282,126.12,129.374,40.2498,1.70069,60.5508,62.4206,18.51,31.1813,3.53191,37,0.226645,0.904117,555.865,121.952,168.107,107.689,5.2834,77.2918,72.879,20.54,43.184,7.05579,36,0.380565,1.0956,430.043,104.152,151.098,48.4903,2.03153,70.8417,58.5836,21.523,36.2982,6.17791,48,0.296052,1.04656,551.47,98.8265,150.77,222.045,15.16,78.4594,58.2348,25.2901,54.0729,10.6248,41,0.339881,1.04191,643.878,116.685,103.049,29.1833,1.53624,81.7989,68.2339,22.1438,30.8777,4.76694,37,0.430371,1.38335,586.876,115.091,131.11,26.4174,2.1589,83.7569,64.1122,24.1419,27.0121,5.2952,43,0.324816,1.11682,811.568,153.963,149.408,25.741,1.85961,82.4142,62.4466,24.1744,26.2789,5.87067,53,0.274523,0.834744
decoupled_wbc_h066_p012,2907,complete,90,18,14.8288,2.1606,0.205568,0.15557,392.975,89.4167,105.547,28.9714,2.32541,60.8418,56.2788,17.7255,27.7779,4.01914,42,0.277988,1.00371,439.349,108.956,120.847,32.1061,1.04752,63.0905,57.0391,17.7628,31.097,3.6429,31,0.331698,1.113,430.33,109.637,143.107,46.7416,1.84696,69.8779,56.8598,20.8006,35.6224,4.4265,47,0.334578,1.03499,431.483,115.53,104.272,28.5962,2.11875,65.5147,60.2609,17.4054,29.1433,4.10745,45,0.25843,0.893268,396.161,113.562,103.302,32.7253,2.38048,59.6457,61.7543,17.263,23.585,4.1709,43,0.318864,0.989595,374.885,87.0082,111.334,65.3775,2.70754,64.3302,55.0289,19.5141,34.3015,5.16389,49,0.276648,0.981436,410.41,92.7574,107.206,24.8768,1.6878,66.5929,54.6163,19.4933,24.8433,3.61153,47,0.294398,0.961377,424.848,142.257,135.522,45.188,1.77286,72.1548,71.2719,20.419,36.0944,4.57333,47,0.277964,1.05933,373.223,143.533,102.999,32.8386,1.58445,59.3268,54.6131,17.7761,30.2973,3.52627,35,0.342769,1.03183,397.809,82.8564,63.469,22.7469,1.27287,57.2092,53.2164,13.317,22.9848,3.15183,44,0.372069,1.02374,523.537,110.096,110.763,22.6082,1.11993,70.9891,63.6163,19.8529,25.9502,3.8492,37,0.355856,1.17656,280.186,112.216,120.187,34.031,1.85972,48.5878,54.1228,17.2336,25.0011,3.98536,44,0.167862,0.753357,587.865,128.379,113.861,30.7994,1.67597,71.1877,64.7334,20.2278,25.0406,4.46346,35,0.29713,1.11885,411.155,133.308,121.745,53.941,0.964413,66.9814,61.1467,19.1129,28.8962,4.46605,54,0.196625,0.762981,373.591,112.547,148.493,121.322,3.5237,61.6206,60.3377,19.1774,35.4413,5.77824,48,0.151811,0.785881,311.276,96.2267,85.847,37.5705,1.47125,51.9221,55.5166,15.2504,20.4456,3.00079,32,0.241537,0.840308,478.589,122.71,125.937,54.114,1.89842,71.9973,62.4471,20.0411,29.5932,3.90422,40,0.211052,1.04945,597.874,161.386,131.95,27.0578,2.07297,78.6451,63.6744,23.4898,30.2825,4.09047,40,0.357478,1.05098
decoupled_wbc_h066_p012,2908,complete,90,18,24.0606,3.18793,0.313929,0.150132,413.731,134.883,114.576,43.6659,1.85101,65.8812,66.2384,18.0377,34.6444,5.24189,34,0.218005,0.876095,484.201,132.327,123.585,48.5574,2.67948,73.9387,66.1876,19.8567,34.1236,3.79836,38,0.371352,1.19079,336.288,115.434,119.234,36.9006,1.71819,60.2283,58.1481,18.0639,27.8001,2.83219,53,0.227316,0.839717,391.94,111.829,108.593,73.6564,3.07752,62.0546,55.2992,17.845,29.3186,3.8605,41,0.283405,0.922773,431.005,103.703,92.0929,43.1316,1.70713,62.3562,62.1502,15.4308,23.2065,3.50242,43,0.288679,0.913757,439.74,97.8912,81.4028,30.2358,1.06739,70.2729,58.1679,16.914,22.999,3.80633,45,0.326967,0.848872,457.88,107.423,93.9865,113.162,3.55755,70.7199,58.8606,18.5069,33.9731,5.698,42,0.361722,1.07512,910.028,160.729,147.109,30.2968,2.14345,91.9606,65.1801,26.9311,38.2211,6.97602,42,0.260486,1.09066,365.173,86.1509,107.742,28.9901,1.38678,63.6448,53.8301,18.3087,25.1545,5.11274,45,0.327141,0.940876,453.316,109.522,112.394,26.2867,1.36552,64.9522,61.1269,17.9619,27.106,4.78339,43,0.272473,0.946483,511.384,104.543,133.162,48.5379,1.61132,76.6036,61.5109,24.0468,33.0662,6.0045,41,0.404276,1.17919,500.17,129.786,122.863,84.5754,3.01634,79.453,66.3891,20.9673,29.1039,6.18986,49,0.304141,0.945231,324.335,94.8472,103.305,27.3925,2.34939,58.5209,56.0999,16.8826,23.9828,5.18527,59,0.251008,0.777511,729.224,131.504,134.267,35.5596,1.19497,82.8261,65.7329,22.6611,34.7899,4.49822,36,0.304849,1.3595,466.98,114.342,97.3313,25.6678,1.42232,77.3272,64.0646,20.6225,28.7363,4.47753,51,0.267647,0.91923,1226.86,173.997,188.201,43.822,1.52413,121.751,86.0569,34.3116,50.6079,6.95264,43,0.363182,1.15911,554.757,107.578,124.459,30.5416,1.70765,79.5616,65.4181,21.9407,32.0833,5.20432,49,0.2733,0.997563,517.671,119.953,122.077,38.8499,2.32845,74.0025,63.0798,22.2106,29.4429,5.218,43,0.295581,1.06478
decoupled_wbc_h066_p012,2909,fell,30.92,7,32.8923,14.4275,1.6185,2.42832,468.776,99.9878,105.962,26.7466,2.64745,69.885,59.1934,18.4961,31.5194,4.24318,45,0.278053,0.988504,353.008,85.1722,102.647,28.3697,2.01092,60.4469,52.3489,16.9029,28.6397,3.65786,38,0.296009,1.23448,443.199,99.645,88.0709,46.6647,3.01227,72.942,56.5054,17.986,30.2531,3.85993,49,0.353223,0.911223,534.056,110.031,114.057,35.8345,2.02269,80.7281,65.524,22.8055,33.3589,4.91091,54,0.348479,1.09046,397.725,91.2576,98.1349,24.901,1.76131,64.2609,55.759,17.6338,26.8337,3.71998,39,0.271254,1.05947,437.917,97.0317,103.212,23.5796,1.79158,66.9316,57.5075,18.6095,29.8757,5.69385,36,0.271538,0.976589,1319.44,138.417,89.5353,20.7051,0.728546,69.3372,38.9012,16.7087,22.6729,4.15512,3,0.358294,2.22114,,,,,,,,,,,,,,,,,,,,,,,,,,,,,,,,,,,,,,,,,,,,,,,,,,,,,,,,,,,,,,,,,,,,,,,,,,,,,,,,,,,,,,,,,,,,,,,,,,,,,,,,,,,,,,,,,,,,,,,,,,,,,,,,,,,,,,,,,,,,,,,
decoupled_wbc_h066_p012,2910,fell,71.12,15,19.4354,7.8726,2.10658,1.29927,401.706,100.349,105.865,35.7644,1.92052,65.0721,59.0745,18.0171,33.3814,3.94897,46,0.258297,0.905277,448.825,119.921,121.265,67.3286,1.88457,67.259,68.2907,18.6748,33.9745,3.74158,46,0.345307,0.896965,426.332,121.966,122.85,71.667,2.58839,67.8261,62.1495,18.4373,31.0179,3.76607,49,0.240499,0.817695,585.386,192.511,137.092,25.5019,2.44885,81.5053,75.3028,21.8693,33.6305,5.85566,41,0.321187,1.0933,426.803,74.9733,70.577,20.2905,1.43837,60.6636,48.9791,15.3282,25.883,4.21375,39,0.31921,0.988139,355.619,81.1539,96.1332,26.3544,1.16226,61.7623,49.2719,18.0812,30.8185,4.84844,39,0.286361,1.0348,565.95,132.858,117.444,75.9348,2.69663,77.9086,63.3432,20.4545,34.0504,6.80577,41,0.36117,1.09821,491.816,124.004,110.616,41.8148,1.74425,67.1445,61.6242,18.8715,33.8728,5.40064,40,0.310061,1.07507,435.775,100.323,117.984,34.4171,1.62768,70.2582,59.038,17.6298,29.4422,5.29716,36,0.342105,1.08648,462.625,124.956,111.199,47.6408,1.6324,69.6334,63.2927,18.2648,29.8068,4.3977,44,0.263718,1.01535,415.441,114.364,93.8884,34.0518,3.18921,70.978,61.9756,19.4322,30.4278,5.00877,50,0.295449,0.905722,687.033,137.419,145.112,37.4812,2.88628,84.3334,62.9623,23.1425,29.7552,5.37263,36,0.366238,1.2964,711.865,125.214,136.487,50.0171,2.10789,85.6014,60.9374,21.9047,33.178,7.76662,32,0.37247,1.60625,928.455,129.748,121.321,59.7334,2.10804,79.9068,58.6667,20.2431,27.8715,5.79945,39,0.188203,1.17072,3608.01,544.795,368.758,159.097,6.16908,146.14,62.4612,39.0312,49.4088,14.6819,3,0.158854,1.97898,,,,,,,,,,,,,,,,,,,,,,,,,,,,,,,,,,,,,,,
decoupled_wbc_h066_p012,2911,fell,75.78,16,37.7749,3.60796,0.973947,0.769684,458.614,110.33,107.132,30.7849,1.94426,76.2135,66.3062,20.4696,29.4006,4.50596,43,0.350178,0.969143,362.788,96.4372,122.297,27.1115,2.51785,60.6745,56.877,17.6192,31.2105,4.95156,50,0.263798,0.92733,523.709,118.23,125.815,52.8782,2.45864,76.7706,62.0215,21.2854,39.0317,7.02368,47,0.34449,1.05743,569.863,120.304,131.558,65.9586,3.85863,83.9814,71.7046,23.1284,38.5322,8.81599,50,0.372145,1.12718,444.877,98.6943,111.072,24.5116,1.95472,68.5469,55.4899,19.2927,25.8248,6.65739,47,0.29888,0.996237,498.86,89.1183,113.357,27.4021,1.83248,65.8345,51.9451,19.4343,29.3399,6.60152,34,0.319618,1.14597,414.266,71.3749,84.9236,25.1501,2.2381,65.1644,48.2324,16.3686,26.775,5.04539,47,0.306475,0.958128,397.31,96.2352,125.328,59.6654,3.34264,64.8107,58.3559,18.8317,33.7002,4.57588,38,0.287075,0.954127,571.459,109.236,129.237,96.7539,2.94005,77.2266,66.3189,19.493,38.6731,6.33098,42,0.31341,1.13149,554.593,174.482,180.074,85.3645,5.65807,81.4985,68.0139,25.3867,46.4045,7.14209,36,0.389979,1.18406,382.159,79.8086,151.026,110.306,5.78304,62.5619,54.5232,19.075,35.1269,5.97324,47,0.263151,1.01622,951.62,287.791,323.635,256.294,23.2242,107.13,82.4434,35.1685,85.7581,18.6545,37,0.369583,1.32137,1088.92,202.31,134.781,45.4273,1.40156,112.103,82.1629,28.2317,46.7961,6.48327,28,0.357131,2.25758,741.055,139.564,113.488,30.6749,2.55895,97.0599,74.2418,22.2877,37.8659,5.42323,36,0.476451,1.13215,368.931,94.9807,94.7902,22.8593,2.26965,61.764,62.4513,17.3895,30.1467,4.41515,57,0.243928,0.745903,2234.3,108.741,417.344,255.173,34.7942,96.815,26.365,35.2403,56.4415,22.9045,1,0.36586,0.645594,,,,,,,,,,,,,,,,,,,,,,,,,,
decoupled_wbc_h066_p012,2912,complete,90,18,16.8271,3.2599,0.218011,0.119528,422.152,74.3922,65.8111,34.0121,2.00506,63.1301,52.6352,16.5932,31.8527,4.3901,50,0.324217,0.878648,393.036,78.5861,69.2344,35.8766,2.04634,58.5141,50.4126,14.4045,28.9191,4.55767,44,0.245811,0.870522,480.179,98.943,89.1035,28.333,2.07176,75.2358,58.1074,17.7607,36.1047,5.86067,41,0.356429,0.92942,316.288,70.7148,58.9302,21.319,2.15744,46.7699,46.6974,12.3954,23.4887,4.99709,46,0.246219,0.897117,396.154,80.0051,97.964,27.4736,1.95134,58.1812,49.0867,15.3944,25.8521,4.92058,44,0.276225,1.03611,417.414,81.9245,104.908,36.4398,2.34304,59.0321,50.9534,13.9738,28.2819,6.49857,40,0.346231,1.00448,182.847,46.1025,40.621,16.6285,1.73994,30.8024,29.5784,9.00251,16.9057,2.42249,31,0.200669,0.744651,416.089,91.7095,76.1334,31.6083,3.37715,61.3651,56.982,15.3146,31.3807,4.27172,40,0.269498,0.961168,455.952,86.8883,77.4485,37.6622,1.48276,59.3727,50.0657,14.345,26.5877,2.98279,40,0.274874,0.956303,502.521,105.305,79.3179,36.5845,1.41815,61.0292,54.331,15.1557,31.6515,3.71598,37,0.28184,1.10714,400.59,94.8583,93.4489,31.5061,2.21486,63.8092,54.6095,16.664,32.726,4.00747,46,0.327722,0.910375,535.559,179.034,124.319,74.9669,2.28499,71.5774,67.1021,19.7304,42.9811,4.21609,40,0.354373,0.965545,353.499,101.633,118.304,37.1345,2.05272,59.9331,59.2617,16.9701,27.068,2.80239,50,0.237758,0.7934,514.656,130.631,129.61,39.1776,2.38453,75.1283,68.9887,21.3805,31.3482,3.60069,41,0.304017,0.907652,600.403,173.201,158.623,92.3577,5.30911,87.3097,73.1386,21.6523,32.8235,6.03131,38,0.356906,1.13359,742.601,274.5,161.406,51.4472,1.04165,95.5986,84.0178,24.2817,40.0095,4.46193,28,0.380621,1.33746,634.37,219.607,144.08,40.8853,2.02936,80.0774,77.3931,25.3669,42.2406,4.08959,48,0.244768,0.967319,352.129,88.5543,94.9418,34.7973,1.35596,52.8465,52.3016,15.4049,27.8814,2.76502,50,0.210767,0.711913
decoupled_wbc_h066_p012,2913,fell,75.68,16,27.5262,11.7485,1.17358,1.99679,417.389,107.765,99.6501,21.0275,2.57874,62.2103,60.026,17.5745,28.1275,4.17488,42,0.308179,1.03424,378.744,90.7974,105.235,25.4007,2.66281,61.5253,51.165,18.3074,28.6626,4.3337,46,0.302415,0.988566,371.529,93.4951,141.438,24.5107,2.29348,63.6615,57.1967,19.2659,31.509,4.30558,44,0.262701,1.04784,590.04,119.048,181.198,34.9881,2.02752,85.2279,68.2457,25.8141,36.6575,5.40655,47,0.410817,1.27693,408.702,90.8175,95.413,58.2596,2.71826,66.5311,56.4847,19.3007,29.2762,5.5035,38,0.320516,1.09651,551.42,145.762,154.88,54.6807,2.43834,83.6056,70.2885,22.8325,34.5958,5.816,38,0.354872,1.04646,354.679,52.1676,85.2561,18.1087,1.72293,59.9081,43.3304,16.834,22.0398,5.1326,43,0.342221,1.01859,1357.92,234.477,225.854,54.8992,2.26065,121.678,80.6408,36.2693,42.3849,6.83401,35,0.338591,1.17804,466.843,103.903,123.219,26.0214,1.76165,72.5279,56.0577,20.9216,30.2175,5.19707,43,0.349387,1.0656,566.507,141.699,122.637,36.5099,2.34095,86.929,72.0919,23.7872,34.6941,6.43484,45,0.376614,1.14835,480.501,106.161,124.326,204.748,3.49095,71.9473,54.1212,19.0445,39.088,6.23626,45,0.288132,0.99646,437.569,112.57,105.208,155.839,7.00184,69.1573,50.9588,18.7948,39.0802,8.08777,41,0.361458,1.04369,576.627,112.417,109.585,93.9159,2.71883,74.7914,63.1863,19.2995,36.3558,6.5542,31,0.386612,1.42906,402.413,105.878,85.665,35.8091,1.99384,57.1696,50.9738,15.5547,26.8558,4.63323,44,0.319279,1.02894,325.822,80.9388,103.508,36.02,1.9447,54.0221,50.69,15.4351,27.3292,3.26885,43,0.260281,0.826058,844.44,74.1808,110.783,117.211,15.7079,44.0423,26.2507,13.4966,36.2633,14.9118,1,0.300629,1.08261,,,,,,,,,,,,,,,,,,,,,,,,,,
decoupled_wbc_h066_p012,2914,complete,90,18,17.392,2.33175,0.126505,0.165295,421.918,73.464,94.3894,27.5513,1.94307,65.5079,47.7001,18.4126,28.7184,3.96262,37,0.347869,1.11803,461.52,103.225,108.788,37.116,1.66352,71.87,63.6785,18.5949,32.4229,4.32057,51,0.325602,0.79706,362.775,105.926,97.7724,38.8112,2.07857,54.9508,55.1133,14.9952,28.7291,3.95204,38,0.299754,0.959347,408.011,101.158,116.712,43.0921,2.09375,61.2791,55.7661,17.746,29.1842,3.63092,26,0.340314,1.13514,381.227,81.26,112.321,35.5034,2.10888,62.4814,47.5089,17.7083,31.3934,4.76153,40,0.260388,1.19213,380.964,76.2857,103.662,35.7851,1.64736,60.2692,42.6777,18.0772,32.6188,3.96209,38,0.351482,1.05994,486.209,91.1497,89.2181,30.8616,1.92847,64.649,52.3416,17.4539,27.4065,3.63549,36,0.295688,1.134,466.951,88.1102,118.685,141.092,6.98488,67.5122,53.6211,17.9981,34.3151,7.74159,35,0.312892,1.26067,401.676,89.9441,94.6052,25.603,2.70275,64.8931,55.4133,17.4352,29.6579,6.34797,49,0.320479,0.957137,480.543,117.531,133.81,98.593,4.91969,69.4321,62.5876,19.3018,44.9838,8.7198,49,0.249503,0.912601,474.576,94.6356,131.548,87.197,3.23815,70.3953,57.9881,18.9906,42.9909,6.61505,52,0.271398,0.99547,426.17,102.495,91.4,34.9202,1.83503,60.7913,60.6061,16.7876,31.4331,4.34391,49,0.263161,0.902894,464.974,89.7563,69.7279,29.9216,2.23624,61.3458,53.2994,15.0889,28.1293,3.95681,39,0.337737,1.08534,377.566,98.293,92.5182,31.9144,2.17847,57.7598,56.6905,15.8723,29.7192,4.88176,40,0.27627,0.930535,601.082,113.595,96.9204,66.2118,0.902054,74.5197,58.075,17.734,32.5101,4.32769,39,0.253586,0.951225,396.572,90.2333,83.3007,61.1602,2.86558,60.2041,52.5249,15.0308,29.2519,4.83763,37,0.294878,1.11023,322.057,77.9188,62.9801,18.7604,1.95646,48.5283,50.9104,12.1365,26.1693,4.06593,47,0.186204,0.755144,311.602,72.2733,62.0416,16.6796,1.49093,48.0655,45.0501,13.4003,28.9492,4.17894,41,0.258231,0.884833
decoupled_wbc_h066_p012,2915,complete,90,18,16.6087,3.08765,0.190013,0.293488,442.699,94.634,108.885,55.0909,2.43776,70.3622,60.945,19.3094,31.7099,5.18965,46,0.290425,0.973123,322.171,74.003,87.1755,16.593,2.46058,55.4329,50.8525,16.3663,22.9059,3.71684,45,0.276615,0.987019,390.258,90.1832,96.2403,18.2639,2.65766,61.2968,56.2921,16.1989,22.8541,4.09667,40,0.330796,1.03089,419.502,93.9518,106.063,42.9464,2.18063,63.2535,54.8316,18.6999,30.1438,5.35203,41,0.261944,1.0752,389.228,138.83,123.437,147.509,8.79968,59.6954,60.7457,18.5518,32.9217,8.52003,51,0.228276,0.785059,421.564,113.655,110.791,31.832,2.4223,62.4553,53.0077,18.3311,21.9686,4.01976,35,0.25425,0.960871,370.752,81.3348,71.2383,18.6043,1.34067,53.3924,55.126,13.1582,17.5284,2.80145,37,0.342194,0.960373,475.907,124.099,131.79,21.1668,1.28707,71.2109,65.6543,20.8215,29.4265,4.09544,46,0.288974,0.990782,331.172,60.8959,72.707,63.2997,2.52619,56.1986,44.6454,17.0181,31.543,4.38517,42,0.245435,0.946635,388.318,94.9825,93.4181,25.0942,1.98354,63.095,54.9727,17.35,28.9401,5.5903,40,0.280717,0.940409,450.195,81.1769,82.6981,20.6022,1.41204,64.3791,54.7714,16.1235,22.4498,4.25927,39,0.334749,1.13832,351.38,105.178,112.189,36.6103,2.39428,58.7899,54.3994,18.4439,31.6,4.21512,41,0.264934,0.914842,380.38,116.343,114.761,30.9586,1.72048,64.6493,62.6423,18.5638,27.4939,5.34118,50,0.23975,0.827354,555.861,131.596,121.645,44.8649,2.17879,72.9451,68.875,19.1708,32.1737,6.14168,39,0.270964,1.01866,538.415,116.009,132,32.7483,2.34199,76.4171,65.3291,21.3468,29.9862,5.95294,45,0.330595,1.16664,551.705,115.151,125.186,176.179,16.8986,81.3976,68.9549,23.1561,38.8309,12.5467,41,0.391158,0.974268,628.63,154.578,137.879,30.1101,1.94169,87.6043,72.0461,23.0033,31.2608,5.6942,38,0.424923,1.32288,731.043,240.099,188.808,45.1023,0.985538,101.3,87.1759,27.8721,37.6139,5.40815,54,0.291369,0.956719
decoupled_wbc_h066_p012,2916,fell,70.92,15,20.0845,5.4504,1.67008,0.534008,408.259,101.954,110.488,25.846,2.08051,66.166,63.8339,18.9101,31.6363,4.41386,43,0.262418,0.904291,465.565,107.538,104.987,28.8223,2.2802,71.0534,64.692,19.3923,30.0499,4.57098,46,0.355959,0.907892,389.232,101.74,115.326,30.9055,1.54034,62.0904,56.2172,17.7091,27.0247,4.75973,40,0.314611,1.08237,440.819,93.3144,121.538,41.7239,1.60133,65.583,54.0079,20.0524,30.9121,5.19314,47,0.271364,0.955667,527.369,107.87,117.587,58.8055,2.33647,76.1196,64.4055,20.6824,39.3176,5.55148,47,0.37387,0.990602,371.188,100.615,121.83,30.7183,1.71965,63.2475,57.3403,18.5947,29.6936,4.00055,48,0.270514,0.953307,428.488,112.948,102.73,36.3878,1.75267,67.8479,59.258,18.8079,32.5035,4.41709,50,0.273993,0.922455,428.978,97.3784,125.534,41.9305,2.10342,71.7068,54.1275,20.5766,29.3108,4.15436,50,0.271546,0.993286,453.981,100.073,126.413,43.0913,1.85691,67.2796,59.9314,19.5785,33.8589,5.03209,48,0.315186,0.943645,545.39,108.221,123.431,31.5184,2.46412,76.9752,59.1856,20.982,31.2401,3.63767,38,0.366893,1.3004,404.141,112.293,106.818,30.1736,2.27865,61.3408,60.6909,17.3325,33.343,3.93591,43,0.30426,1.01892,459.834,97.6732,99.7427,22.2264,1.74557,66.7084,60.6857,17.5728,26.1154,3.91603,44,0.285208,0.895708,527.565,115.207,127.574,50.2991,1.65612,74.2383,65.2071,21.6189,35.0229,4.30934,39,0.327166,1.28365,606.102,151.079,131.255,37.0783,2.15022,77.8138,70.1893,21.638,35.2116,4.8932,43,0.31749,1.1453,4107.44,362.727,597.738,99.1049,3.89989,174.904,63.8201,43.0393,52.6933,8.66175,1,0.472885,1.10384,,,,,,,,,,,,,,,,,,,,,,,,,,,,,,,,,,,,,,,
decoupled_wbc_h066_p012,2917,complete,90,18,15.0697,2.80061,0.438694,0.22694,334.895,76.9404,79.423,35.0006,1.97513,57.3651,51.5989,16.2905,25.9788,3.81799,38,0.33428,0.986354,328.918,75.9999,91.4328,31.6301,1.66415,54.7808,47.213,15.8496,25.3871,3.63288,47,0.270972,0.909295,369.594,86.9523,122.228,41.7143,2.2471,65.3081,52.5436,20.1971,30.6377,4.57801,38,0.290507,1.12224,420.043,110.494,100.011,103.189,3.1586,67.196,55.1458,19.1048,30.9717,5.33257,47,0.288143,1.01898,373.857,81.5982,61.286,22.9895,1.52224,54.6258,53.9879,12.6555,17.6471,3.14523,43,0.305977,0.906121,369.074,98.2848,111.303,25.4503,2.31764,59.0492,54.2462,16.0196,19.658,3.75551,36,0.243841,0.997857,370.274,125.388,138.241,42.6474,0.857409,62.4388,61.4828,17.8823,24.3111,4.06167,27,0.33267,1.08141,407.886,99.8817,86.4517,35.3782,1.08381,68.9006,55.9424,16.6941,25.4571,4.02819,48,0.279488,0.799662,327.467,75.3182,95.9539,43.2438,1.37088,55.6539,43.1211,16.1823,28.5846,4.31025,40,0.21962,0.947658,386.444,99.0086,85.8232,52.9878,1.20252,51.7843,53.1622,14.7413,27.6237,3.88997,35,0.278508,0.975686,527.049,161.212,148.855,66.7408,2.43616,79.2987,66.5964,20.7942,42.8953,6.1717,41,0.361052,1.0415,395.635,112.147,98.4238,38.9562,1.43561,58.9068,57.6711,16.234,23.2417,3.67509,39,0.22905,0.787988,454.317,127.592,115.034,31.447,1.3161,72.0356,62.8514,18.8723,23.079,4.68109,33,0.339014,1.10458,420.84,125.141,131.187,25.945,1.14056,76.5799,67.0585,21.0256,28.468,4.78279,40,0.293835,0.966612,517.833,142.585,137.798,35.2167,2.65122,72.4648,64.7303,19.9332,27.9157,3.90996,39,0.309854,1.14704,530.401,152.717,127.232,31.02,1.512,77.7069,75.121,21.8589,30.2804,4.80062,52,0.241597,0.842852,465.732,137.34,105.182,56.6095,12.2035,66.1621,63.4569,18.2945,26.1668,8.23158,37,0.291335,0.973201,1163.52,305.1,181.55,50.7795,1.96163,106.648,88.7779,28.8995,43.3962,6.84814,38,0.343101,1.22582
decoupled_wbc_h066_p012,2918,complete,90,18,14.8825,3.70939,0.131146,0.156325,357.477,59.8535,98.0624,36.5704,1.7291,58.4133,44.3603,17.517,30.7871,4.95152,39,0.306352,1.05366,348.388,73.1469,109.708,29.1653,1.31625,56.1278,46.9616,17.456,29.0724,3.88898,43,0.266705,0.936811,306.667,58.3731,78.5052,34.1544,1.26325,50.535,43.6415,14.1602,26.3651,4.63991,41,0.242381,0.935182,456.377,101.246,74.4672,57.1149,2.28922,62.215,59.6745,15.2678,28.5615,6.79435,41,0.321639,1.02052,428.909,87.3128,134.654,126.754,4.41067,63.5556,48.2992,17.2476,35.8012,6.95294,37,0.303634,1.0261,485.038,115.819,110.009,47.4011,1.51419,67.4711,59.4108,17.1095,29.2425,5.15236,52,0.273305,1.00004,511.08,106.023,116.34,34.9996,1.84544,72.6026,63.2365,18.5096,31.3638,5.23066,45,0.3535,1.03726,281.337,97.074,102.069,38.3071,1.21774,48.8187,52.3525,15.3823,30.5177,3.39389,38,0.183921,0.860082,401.141,96.4634,93.753,114.043,2.91128,57.3537,55.1225,15.6995,37.1723,4.80646,37,0.226215,1.06241,424.191,139.604,103.035,37.3391,1.98248,65.3653,64.9298,17.627,31.8676,4.14755,46,0.243117,0.839292,728.879,202.495,153.076,44.1476,3.62176,95.7313,76.881,27.5009,35.1454,4.69092,41,0.351606,1.10839,560.244,129.168,109.351,70.1985,1.8396,82.0301,68.1395,21.3822,32.8493,4.03674,43,0.342733,0.8834,402.119,92.6505,116.491,79.6238,2.11237,64.9402,57.1424,17.2477,27.7982,5.44051,38,0.311794,1.02041,377.774,121.898,120,41.6647,1.79221,64.7595,63.3894,18.5719,30.6241,5.16752,43,0.263598,0.969139,361.125,82.7,84.8162,32.4587,2.12866,51.068,50.8371,14.5674,26.5692,4.11848,39,0.232096,0.827141,494.193,168.641,147.503,93.8346,2.93017,70.6595,67.2857,20.1596,40.4994,7.77559,41,0.252045,0.905119,357.027,95.5461,104.082,33.681,2.35577,62.3154,53.9117,17.4047,32.9795,5.70228,44,0.282641,0.955263,419.781,109.68,94.2518,35.9702,1.42107,60.3949,48.8306,16.0264,28.247,4.36978,36,0.315749,1.02296
decoupled_wbc_h066_p012,2919,complete,90,18,30.7354,3.0817,0.188412,0.153828,477.329,94.7983,129.732,50.8021,1.69213,71.8379,58.2626,20.229,37.8899,5.04306,38,0.314632,1.11375,408.949,98.7341,93.5153,40.098,2.47124,63.9206,58.9235,16.5422,32.4335,5.33475,47,0.288505,0.882299,377.141,84.5517,78.7646,23.9899,2.67113,58.7961,48.9749,16.203,26.8341,4.57206,46,0.31593,0.986351,403.767,92.5367,99.6476,83.5687,3.40756,62.8675,55.8233,16.8667,33.2036,5.55557,43,0.303928,1.04736,381.238,92.2258,86.6671,22.2461,2.15563,63.5995,54.355,17.6721,27.1789,5.04248,45,0.284167,0.905228,663.011,124.985,152.34,120.292,8.48528,80.9544,63.0458,23.3052,36.8052,9.30408,39,0.306737,1.27139,583.04,106.348,113.178,21.1917,2.57351,77.7329,64.8923,18.6525,28.3061,4.61775,51,0.339316,0.825436,496.965,115.876,130.672,28.7841,1.26844,76.8728,63.8475,21.2922,28.2062,5.22842,39,0.29237,0.997621,621.784,124.089,133.899,128.504,3.44771,88.6574,71.8806,25.3046,37.4635,7.00566,47,0.370932,1.11261,527.365,104.207,115.589,26.0364,1.30804,76.4487,63.0661,20.1019,27.9467,5.05373,33,0.424599,1.48641,464.345,133.956,121.748,29.2108,1.46919,73.6693,71.4167,19.3526,34.2184,4.90329,52,0.323202,0.931881,967.443,138.681,182.735,39.3961,1.74487,90.9446,69.0374,25.6426,40.0073,4.36136,33,0.308622,1.26024,1438.37,631.645,250.188,48.9384,2.24184,129.789,123.598,39.0017,50.5973,6.95129,30,0.423025,1.25246,667.557,108.636,98.668,38.3342,1.7184,76.9022,66.6916,17.7187,27.633,3.74975,34,0.426533,1.23904,386.23,112.271,117.453,41.0088,1.98668,60.1028,58.5243,16.4373,25.5533,3.44231,33,0.33239,1.0816,405.719,117.757,109.427,40.9308,1.62603,64.7016,56.7997,18.4929,26.1407,4.49367,44,0.243192,0.818913,437.6,91.2771,90.9548,33.136,2.0266,66.157,55.0054,15.797,23.4509,4.23497,42,0.363313,1.07159,343.126,104.251,95.9348,43.5059,2.45446,57.2469,51.4215,18.426,26.6533,4.81553,39,0.265331,0.924376
decoupled_wbc_h066_p012,2920,complete,90,18,17.5907,2.99576,0.428486,0.482003,497.319,107.167,97.0325,23.5932,1.90213,80.5246,66.7719,21.32,32.2253,4.57163,47,0.339869,1.08647,401.34,85.4742,119.546,32.8265,2.28954,64.1674,54.5857,19.3678,30.9966,4.98757,42,0.345915,1.19154,435.127,91.5969,115.17,25.2759,1.88558,70.9246,56.4916,20.5253,33.9917,4.66279,44,0.396515,1.19558,439.79,91.5953,108.43,22.3128,1.57141,66.8852,57.6777,20.5063,30.3228,4.10916,46,0.339786,1.12658,409.017,102.421,105.281,33.6874,1.95863,66.0009,56.3709,19.0734,30.6854,4.15199,44,0.242904,1.02106,495.026,96.2762,111.177,24.6332,2.24022,73.5403,62.6487,19.1028,26.921,4.56327,47,0.322211,0.979782,455.44,90.2153,100.878,25.2894,2.30289,69.1046,56.468,18.2547,31.2198,4.19087,36,0.38886,1.17943,530.481,147.218,142.136,106.756,2.99777,75.7937,70.9608,21.7921,44.9198,7.97706,44,0.251703,0.980042,428.28,103.557,95.5476,24.2263,1.97495,67.337,58.1112,18.8538,31.3912,6.20482,45,0.330278,1.14391,492.337,130.91,107.316,30.4218,2.29719,77.3085,67.5683,20.0092,32.9691,6.45915,41,0.337903,0.928438,327.415,73.613,108.52,33.9565,1.6774,52.4994,44.4952,15.8088,30.6928,4.45694,34,0.281399,0.942985,378.104,86.7812,108.215,31.166,1.55967,70.6915,54.253,19.0749,33.8955,5.37961,44,0.318594,1.21482,405.337,97.2042,84.8575,34.6802,2.1814,65.0639,58.0379,16.3286,30.7574,5.16161,51,0.25508,0.779855,520.991,144.884,114.874,41.1217,2.30077,69.2895,64.8294,18.0625,37.199,6.18333,39,0.271555,0.965686,388.116,79.7279,96.1361,38.0383,1.38305,55.929,43.2217,16.3586,31.2854,4.60832,38,0.293238,1.14689,346.716,93.5881,79.0802,33.2055,1.88954,56.7424,52.6859,14.9045,33.5397,4.76753,43,0.229628,0.738895,386.989,103.947,84.7533,38.4684,1.56504,56.6529,57.6936,13.728,33.5277,3.45017,43,0.262846,0.888119,650.621,134.18,103.98,75.9045,1.43154,82.9606,61.7008,19.7591,39.9935,5.06208,36,0.345939,1.2737
decoupled_wbc_h066_p012,2921,complete,90,18,20.7783,3.36088,0.116666,0.1135,499.368,100.125,100.415,20.4721,1.82712,78.413,64.2008,20.441,31.249,4.56266,47,0.295349,0.931583,377.052,77.2369,114.457,20.1067,2.64773,63.2082,47.2883,18.1489,27.3453,4.03515,43,0.346027,1.09411,398.607,103.19,104.845,25.8438,1.49188,67.5755,61.1496,17.4298,22.9324,3.90396,51,0.323038,0.903527,488.826,123.598,116.937,70.5148,2.79164,76.1345,67.2314,19.539,25.7204,5.85615,42,0.340243,0.969665,393.097,140.731,91.8011,35.2762,0.902929,64.1886,55.47,18.6044,21.6528,3.99584,46,0.327546,0.918318,342.128,73.3577,69.5002,29.7528,1.73963,54.3802,50.468,14.5251,20.2507,3.88262,37,0.286072,0.897817,487.143,135.05,116.452,36.8078,1.80566,74.8641,71.7357,21.4298,31.5605,4.90614,51,0.253193,0.890579,376.007,83.7827,93.0458,33.2276,2.25841,66.1104,53.7302,18.6365,28.7492,4.60388,43,0.299284,0.841185,429.277,93.6892,108.898,46.6289,2.92945,64.1059,56.5209,20.1054,28.2807,4.45952,43,0.297768,0.922664,487.886,124.119,130.268,32.9765,1.78763,73.7184,70.3102,20.4994,32.1008,4.37407,38,0.267734,0.909697,474.484,101.778,104.502,73.7536,2.72864,71.0453,59.1633,17.8449,34.312,4.62617,43,0.273009,0.950428,623.149,176.324,158.005,40.5404,2.02794,86.2596,64.5824,24.1917,36.4054,4.84881,43,0.396813,1.07747,621.576,131.555,132.896,35.3343,1.67314,77.1,62.6117,21.3776,30.4603,5.17276,34,0.268661,1.22704,722.48,236.645,184.356,236.674,9.13979,89.1804,65.7506,27.6389,67.8322,11.256,40,0.376275,1.15213,403.397,80.4613,101.676,40.4214,1.58459,60.6336,49.0412,16.2817,26.2865,4.08666,44,0.246192,0.941475,296.429,123.326,112.449,48.8851,1.40582,52.8659,57.7571,16.0758,32.2538,4.87566,38,0.152605,0.788237,812.332,269.025,177.492,86.1986,3.29061,101.811,89.0531,26.7161,49.5973,8.37209,38,0.490111,1.18068,474.315,124.852,162.906,173.382,20.0165,69.2233,62.7142,18.5432,50.2463,16.1927,43,0.324287,1.01359
decoupled_wbc_h066_p012,2922,complete,90,18,18.83,4.04332,0.450835,0.313183,382.775,87.1843,79.4106,25.0605,2.50309,57.981,55.5245,16.1139,27.1538,4.76855,46,0.290659,0.933902,373.151,79.2148,89.6171,38.8636,1.55046,55.8949,41.3186,16.4115,31.1655,5.53852,43,0.290389,0.935844,420.661,81.2571,105.462,28.7599,2.17634,59.7889,45.3281,18.1134,30.666,5.9244,41,0.286117,0.965959,486.504,98.5783,93.1252,27.6097,2.62266,72.8941,61.1085,17.6691,30.9857,6.11341,44,0.345311,0.968733,387.79,102.825,111.628,30.3547,2.29176,59.4405,52.7686,17.7578,27.862,6.35028,44,0.281222,0.972739,546.523,119.658,141.523,121.685,8.72777,72.9584,64.1993,18.7857,34.8062,10.3881,33,0.308792,1.09566,416.674,121.048,188.226,124.679,14.3591,62.1075,56.398,22.0636,36.0489,11.1581,42,0.252117,0.915126,465.54,105.908,106.737,41.2379,2.82654,68.314,55.1095,19.5359,30.8376,7.79848,39,0.337872,1.10553,376.176,92.621,96.2614,26.5376,2.92718,59.9741,47.3897,16.3588,20.759,6.26579,46,0.303446,0.90176,379.369,102.061,100.381,40.3767,2.31747,56.8514,57.6056,15.8701,25.9875,6.04432,34,0.29494,0.9364,406.154,132.725,120.921,81.6197,2.45841,64.2955,67.6979,17.5403,32.3286,6.16473,52,0.242938,0.941517,455.965,126.228,121.396,33.7377,1.54225,76.0724,66.8874,21.7184,31.8128,5.3697,47,0.3184,0.969784,379.997,80.0088,90.1912,38.3777,1.69086,57.3849,49.1665,15.3638,23.0796,4.07306,33,0.298007,1.01707,679.052,144.896,104.121,43.8834,2.39009,88.4917,74.7458,20.1773,27.947,4.8278,32,0.398477,1.38409,758.475,267.992,180.299,138.486,3.73251,93.8689,76.7426,25.0604,41.0868,7.35149,31,0.348584,1.11648,413.483,106.474,120.273,41.5967,1.66104,62.7086,59.3945,17.7979,24.415,3.79309,33,0.316442,0.971945,1246.18,154.577,220.79,83.3172,1.10606,93.3451,56.8529,28.7151,31.8604,4.47743,35,0.271889,1.05587,649.352,128.7,116.073,241.083,13.1306,82.3315,61.98,19.9481,41.5046,11.4834,33,0.426569,1.27368
decoupled_wbc_h066_p012,2923,fell,46.66,10,29.6988,5.60687,0.954801,0.719136,401.302,94.9754,90.7094,15.2151,1.88146,66.5249,57.7399,18.3711,26.6697,4.6733,47,0.31356,0.99679,407.605,121.483,105.002,31.2685,2.20525,64.0166,68.8693,16.159,24.4423,4.23099,48,0.239887,0.882999,448.889,122.705,111.065,37.9515,1.88824,63.0095,67.2483,16.9895,26.8182,4.08168,44,0.254525,0.942276,343.795,94.1458,103.948,34.6133,2.80881,59.7229,54.7942,16.1077,22.3734,3.80082,30,0.322467,0.917711,603.057,146.88,121.978,22.9398,1.69801,79.4247,75.8869,23.1805,26.2932,4.02877,42,0.286666,1.02745,406.91,88.7561,89.7049,33.0878,0.998105,63.7762,51.5976,17.939,26.1632,2.62932,41,0.359042,1.10004,349.115,94.852,125.665,65.5283,1.41898,56.1025,53.3504,17.6434,26.9104,3.39737,39,0.236698,0.994074,356.827,79.686,108.737,80.0161,3.55776,60.5497,47.0572,17.1314,27.0313,4.78585,48,0.273017,0.90477,804.081,172.383,147.956,33.2287,2.58881,103.448,77.128,25.9083,36.4359,5.41162,33,0.440074,1.51109,3541.27,526.016,668.41,321.098,20.363,177.542,95.6794,52.3829,97.5577,25.8893,3,0.475077,1.36384,,,,,,,,,,,,,,,,,,,,,,,,,,,,,,,,,,,,,,,,,,,,,,,,,,,,,,,,,,,,,,,,,,,,,,,,,,,,,,,,,,,,,,,,,,,,,,,,,,,,,,,,
decoupled_wbc_h066_p012,2924,complete,90,18,16.8852,3.7002,0.0864139,0.157827,365.382,77.3764,103.96,24.9319,1.45142,54.0447,49.2824,17.1111,30.5314,3.95505,39,0.25372,1.0654,437.306,87.3309,83.2738,32.3862,1.77694,62.2234,54.0601,15.8867,31.2852,3.60805,40,0.366862,1.00453,523.815,122.826,119.242,40.8147,1.69614,74.414,64.9996,19.6024,41.1715,5.44515,42,0.27726,1.03745,328.973,87.5686,87.7175,31.669,1.80544,51.7711,49.2941,13.9655,22.952,3.20962,40,0.232592,0.886927,446.674,106.723,98.423,36.8527,1.58899,68.1781,56.1326,17.673,31.547,4.10906,46,0.328249,1.00577,440.66,101.158,93.3957,70.8438,2.35372,64.7607,62.3083,16.6663,29.6672,4.47333,44,0.341233,1.08472,452.758,83.3246,108.514,24.8757,1.85477,64.7804,54.8084,17.4436,30.0657,4.23904,33,0.333471,1.10181,444.035,68.5881,77.2915,61.8512,1.88099,63.153,47.1074,14.7184,29.6476,4.87878,33,0.432385,1.28417,411.685,79.4007,76.4014,19.2983,2.65019,56.1172,53.2056,15.1017,26.0276,3.40348,40,0.36,0.973241,670.541,131.203,200.951,202.798,27.9859,91.8898,70.1765,26.3903,60.9654,14.8232,39,0.352676,1.24653,450.446,100.475,132.911,73.8327,2.179,67.0486,55.499,19.6727,39.277,5.58704,43,0.295742,0.986506,758.213,143.687,151.196,138.655,5.79454,89.2678,75.0345,23.7152,42.6583,8.61568,45,0.356263,1.16597,419.626,95.0581,106.35,47.8745,3.12136,64.7691,51.6037,18.4769,36.3596,5.56327,36,0.386259,1.17011,1009.53,168.479,179.017,49.1239,1.86026,94.1734,67.1076,25.6662,42.9973,5.28482,45,0.263344,1.05017,552.398,131.235,147.611,122.15,3.8929,77.2493,68.5362,20.904,47.3881,4.96905,46,0.227317,0.948752,560.335,80.3953,90.2797,46.5834,1.42317,73.0739,52.7718,16.3818,31.0631,3.75455,36,0.390114,1.31112,402.025,118.256,103.611,43.3386,1.74984,63.9374,63.2466,17.0415,33.3182,3.29116,39,0.230664,0.933793,345.079,85.4791,78.9097,26.5331,1.65867,55.1066,50.6892,14.0295,28.1233,3.18556,42,0.229621,0.959092
decoupled_wbc_h066_p012,2925,fell,50.68,11,22.064,5.53385,1.73102,3.13207,544.412,120.551,117.829,24.9995,1.97847,85.4346,69.5395,22.4824,35.7463,5.28135,46,0.300459,1.00114,348.461,72.3914,78.5736,28.6582,1.49158,57.443,47.0392,14.7764,22.8871,2.48275,39,0.355393,1.07021,338.479,104.499,96.545,40.0241,1.67538,57.0268,56.1596,15.4986,23.7732,2.79654,41,0.247438,0.94728,416.302,116.813,108.225,48.1133,1.65493,61.6327,58.4074,17.3479,27.7139,3.80696,37,0.264134,0.986627,439.178,114.53,95.5808,26.4509,2.04627,68.9621,60.722,18.803,24.2164,5.01689,48,0.315597,0.954946,639.175,244.919,140.674,34.505,1.56554,79.1601,93.2528,20.5378,26.2034,4.82371,45,0.325152,0.89163,441.045,130.182,113.377,37.0905,1.6129,61.2162,59.7476,17.4199,25.9756,3.87722,34,0.3154,1.01964,317.645,104.291,108.411,76.0565,3.48349,54.2963,53.2395,16.196,28.2355,4.84841,25,0.240186,1.01191,531.396,147.351,167.55,89.0169,2.52077,73.6414,73.0934,23.586,31.7807,6.23852,48,0.247099,0.980876,417.264,108.821,106.402,27.4898,1.04865,64.595,63.8321,16.7895,20.8575,3.78032,42,0.303534,0.883012,2042.96,239.426,226.065,48.1135,0.565414,91.1575,31.5235,22.805,20.6062,2.48738,0,,,,,,,,,,,,,,,,,,,,,,,,,,,,,,,,,,,,,,,,,,,,,,,,,,,,,,,,,,,,,,,,,,,,,,,,,,,,,,,,,,,,,,,,,,,,,
decoupled_wbc_h066_p012,2926,fell,16.72,4,37.1286,19.5587,1.93966,1.02813,424.154,82.9685,89.1476,21.7859,2.88318,67.4271,54.9947,17.735,29.0154,3.96266,42,0.290051,1.07438,354.815,91.3,91.5826,24.9351,1.95462,61.475,52.4094,17.9682,29.1276,2.98672,48,0.27731,0.944104,412.562,104.145,135.83,30.2746,1.90745,65.2944,59.3921,19.913,29.0004,4.43866,37,0.308494,1.25116,5714.85,758.544,1090.17,218.148,34.2879,263.126,114.11,75.02,113.896,37.1486,2,0.668869,2.65526,,,,,,,,,,,,,,,,,,,,,,,,,,,,,,,,,,,,,,,,,,,,,,,,,,,,,,,,,,,,,,,,,,,,,,,,,,,,,,,,,,,,,,,,,,,,,,,,,,,,,,,,,,,,,,,,,,,,,,,,,,,,,,,,,,,,,,,,,,,,,,,,,,,,,,,,,,,,,,,,,,,,,,,,,,,,,,,,,,,,,,
decoupled_wbc_h066_p012,2927,complete,90,18,15.2664,3.14848,0.178003,0.227509,363.877,92.1935,76.5436,23.4698,2.5571,57.0379,56.3705,14.9104,26.7318,3.65387,43,0.284603,0.92478,442.807,109.618,120.129,81.9523,2.21536,69.4537,60.7411,18.8672,39.7535,4.51375,44,0.307383,0.948865,533.571,126.8,98.4388,59.7698,2.57341,79.0336,69.4021,18.7553,39.2183,4.74046,41,0.28475,0.953258,392.195,97.1997,102.659,32.9578,2.08991,59.4694,53.1446,16.3825,30.9539,4.58276,42,0.334622,0.953548,426.663,90.4583,81.6902,29.0823,2.23615,64.22,56.5819,16.4744,28.7227,3.6927,51,0.308481,0.853749,375.555,91.3229,85.0764,34.6225,1.67566,54.7898,51.3803,13.8023,27.7413,3.07936,28,0.348154,0.958937,457.696,108.811,140.45,143.044,3.37743,66.6916,59.3159,19.1152,36.5882,5.58829,29,0.259331,1.18289,408.26,113.326,105.487,38.0688,2.12532,67.2505,63.7237,18.9384,28.061,4.01063,49,0.257991,0.809798,403.287,105.917,108.812,37.1513,2.63543,67.7758,55.635,18.7567,27.4748,4.1191,48,0.262974,0.951183,860.097,176.516,159.906,38.7762,2.5153,106.123,86.6112,25.4353,29.3884,6.1373,39,0.417559,1.49859,469.798,119.357,127.8,38.8586,2.42842,71.9464,61.6396,20.5362,25.9782,4.27873,48,0.28744,0.911395,432.249,102.879,83.8243,38.9128,1.68703,59.9341,59.025,15.9325,21.4422,3.62645,40,0.26768,1.05909,537.797,158.674,115.855,43.2576,2.00205,66.7082,62.8668,17.9515,24.2691,4.44241,36,0.194601,1.02003,684.381,126.487,149.531,47.402,1.3736,86.8563,67.7319,23.0719,27.0834,4.49421,39,0.295481,0.985534,501.519,98.2748,188.743,193.19,21.7473,72.2353,49.6613,24.392,38.1667,12.3822,39,0.313518,1.04169,428.943,149.464,119.59,36.0465,1.62642,63.2765,69.1722,19.2187,27.7777,5.50968,44,0.180589,0.862692,445.385,89.472,114.289,100.791,2.3814,65.0318,48.7043,17.9458,36.4998,5.31255,40,0.323572,1.0765,419.335,123.414,103.498,32.8719,1.13749,68.1296,65.6609,18.2925,31.391,5.03658,51,0.300656,0.821631
decoupled_wbc_h066_p012,2928,complete,90,18,17.1333,3.11867,0.126526,0.131064,422.997,120.575,135.945,28.2433,2.15514,67.4021,63.7245,18.685,32.0142,4.64872,36,0.247733,1.00552,355.268,91.6582,107.844,31.6295,2.09971,58.8173,55.3169,17.1105,27.6266,4.70108,39,0.290571,0.94933,291.009,89.1939,100.513,29.2339,1.32109,49.0805,49.7762,15.9605,22.7046,4.09793,40,0.225107,0.841918,427.716,107.81,109.837,68.3736,2.50059,67.9789,53.6048,19.4805,24.5749,3.98499,38,0.347018,1.08079,358.25,112.117,105.681,41.9499,1.5861,57.7391,58.7402,18.2704,26.3664,3.67561,44,0.225726,0.927017,661.894,177.64,144.075,48.5341,2.52191,88.1641,79.318,21.7644,33.8308,5.75685,38,0.332683,1.07139,466.407,139.546,114.746,33.632,1.10617,72.7398,67.0217,20.2813,25.5667,4.09692,40,0.235086,1.02647,334.515,110.3,88.496,35.5053,1.84263,51.6679,53.664,16.3587,22.9507,3.59014,39,0.277703,0.931196,346.46,114.164,94.513,34.7758,1.56623,57.9151,59.6778,17.2348,24.8852,3.66576,50,0.190495,0.780115,525.448,133.29,104.63,34.3065,2.84347,76.9129,68.0327,20.9257,29.5088,6.24387,44,0.304067,0.990639,512.966,125.57,111.035,28.7443,2.29417,73.9408,63.1239,20.8898,26.8516,6.75904,39,0.322886,1.03249,394.771,90.2513,83.7115,19.2961,2.21045,59.8953,56.5301,15.5092,17.4527,4.9154,38,0.289979,1.12875,466.559,133.856,112.711,26.234,2.44554,69.6302,60.2807,19.3987,22.4859,4.51582,41,0.305874,1.03042,476.601,107.798,105.001,27.8135,1.0213,73.2664,65.9867,18.9451,29.0876,4.26838,41,0.384407,1.09426,493.612,100.565,148.167,194.864,7.52686,73.8462,61.9968,20.9134,50.1772,9.71099,34,0.378978,1.14199,527.362,92.5829,102.183,36.6218,1.94026,76.66,57.0869,19.7903,38.2343,4.5488,50,0.309624,0.97476,492.738,106.25,168.258,88.9474,2.63815,68.9669,58.8243,22.5402,45.1702,5.53595,51,0.27801,1.07676,391.118,90.6799,91.3191,41.6526,1.6067,61.5824,53.5608,15.9775,30.5263,4.04723,43,0.32118,0.869499
decoupled_wbc_h066_p012,2929,fell,71.16,15,17.9804,7.84226,1.58146,0.818969,443.146,105.183,111.179,19.6201,1.71969,76.4062,61.2993,19.6079,27.4171,3.82084,47,0.348414,0.945317,374.3,96.5097,100.412,30.2495,1.56825,63.7627,55.2799,16.688,21.4688,2.66938,41,0.252872,0.920665,283.031,96.579,108.047,67.7962,1.2335,49.8692,53.562,15.8933,22.5226,3.40683,37,0.189486,0.79148,347.176,97.2968,107.764,73.8744,2.87982,53.0263,47.1257,18.2229,26.7269,3.85847,36,0.227194,0.933586,454.649,119.469,119.719,126.954,3.37297,69.3072,57.9578,20.143,29.8857,5.00533,34,0.368794,0.982253,606.711,113.552,111.196,25.4255,2.39149,80.9969,67.6713,20.7564,26.663,4.00569,51,0.362038,0.974972,460.545,108.624,83.0002,19.415,2.34942,66.5538,64.839,15.5188,18.9946,3.48399,44,0.318098,0.971513,576.607,135.964,128.497,31.6682,1.93021,78.7308,65.0726,19.3098,26.1037,4.56292,40,0.283357,1.05319,367.54,116.47,107.737,128.522,2.71918,59.8464,54.2551,17.6977,31.4723,5.59528,40,0.162557,0.901375,499.076,99.4733,83.8897,31.5118,2.14817,65.3961,62.6626,16.1071,20.0475,4.43731,35,0.387221,1.22119,536.786,138.61,126.784,89.378,2.25239,79.9096,66.3196,21.0633,35.631,4.69319,49,0.331459,1.04785,812.608,166.875,138.19,141.011,3.24766,88.7278,74.2644,22.8305,31.1358,6.11485,34,0.442001,1.4873,1120.91,184.516,214.911,52.3942,2.83595,103.228,67.9768,31.4471,36.755,5.87171,38,0.372629,1.20198,556.54,121.184,132.075,21.1009,2.37205,83.6556,64.7392,22.7501,24.0502,4.44107,45,0.273408,0.973607,3469.61,287.167,516.179,109.566,11.6616,145.615,57.2848,36.7686,41.772,12.5162,4,0.135567,0.736466,,,,,,,,,,,,,,,,,,,,,,,,,,,,,,,,,,,,,,,
decoupled_wbc_h066_p012,2930,complete,90,18,19.133,3.75108,0.226244,0.21679,388.891,84.8759,95.8663,20.0099,3.26835,57.2495,53.7045,17.4237,27.0098,5.08115,35,0.308229,1.00641,467.873,116.407,132.404,35.1981,2.38426,67.9986,59.8581,19.5378,34.2935,5.92518,46,0.297708,0.957416,401.213,87.4587,101.12,25.362,2.4961,67.9932,57.5732,17.7878,26.9471,5.85382,42,0.304365,1.00144,392.403,107.472,93.8083,25.4641,2.3094,64.1579,57.1944,17.3403,22.5112,5.44104,39,0.313391,0.840643,362.853,77.0531,90.5763,23.6818,2.14222,58.3965,51.0018,16.7019,27.9084,6.32807,46,0.277307,1.00741,394.463,97.5656,105.609,44.7634,2.40315,56.0108,53.897,15.4317,33.7562,6.38611,43,0.238951,0.996956,335.873,105.777,97.1342,28.1264,2.38081,59.8839,51.5537,15.4761,30.2897,5.39411,39,0.314268,1.07373,420.448,102.276,91.4752,29.5828,1.54902,63.3317,57.7669,16.5502,27.9089,3.97027,39,0.314334,1.01331,407.039,95.8838,80.667,29.3353,1.125,57.058,55.4116,14.89,20.7255,2.498,42,0.213184,0.864797,854.608,188.245,149.294,49.1369,1.73106,88.8395,75.0704,22.5103,31.1387,4.23376,33,0.316896,1.16254,577.005,119.51,156.808,31,1.20005,79.3459,57.1004,21.6826,30.3742,3.48545,45,0.370906,1.1105,534.627,86.2205,85.415,24.7435,1.48082,72.3527,52.224,18.1903,28.5939,3.84736,35,0.333608,1.16587,717.233,127.041,133.442,37.7286,2.09487,95.0631,61.7122,26.1182,47.8762,6.14469,40,0.360672,1.211,544.704,110.955,137.709,28.7175,2.01918,77.4488,63.2207,22.5706,36.7659,5.59387,44,0.296548,1.05943,610.37,103.632,111.125,113.001,7.3649,72.2288,61.0329,18.9648,40.8854,10.2401,34,0.411671,1.17429,481.578,107.859,156.217,32.3145,2.66098,78.9774,61.4599,26.3329,32.3566,6.13397,44,0.327852,1.09623,764.641,202.753,185.438,176.649,10.1323,95.7671,79.081,30.5928,49.6663,13.6433,44,0.340172,1.24032,469.068,99.6001,111.055,52.5846,3.67186,72.177,62.1239,22.5171,30.3928,7.03551,44,0.319184,1.04292
decoupled_wbc_h066_p012,2931,fell,55.46,12,15.6841,10.419,2.60148,3.18831,412.545,97.3394,91.3469,25.3552,3.06062,63.684,59.7653,17.7425,28.9744,6.02772,49,0.295914,0.922236,331.422,70.7764,120.476,48.7532,7.40814,53.1124,47.0631,15.8315,27.8543,8.17359,48,0.21278,0.902168,416.135,149.749,125.566,36.9249,3.06737,70.5241,73.2866,20.5609,31.2723,7.64335,45,0.210774,0.906286,383.238,92.4263,87.9634,33.0275,1.71303,65.2618,56.3173,16.8058,24.1532,5.02105,44,0.329405,0.978372,360.253,72.8966,95.9562,38.2953,2.25907,59.2627,45.6914,16.2462,26.1256,4.55546,41,0.306322,0.999967,410.328,105.89,134.579,100.707,1.89635,71.0677,61.2695,19.0859,40.2491,6.07222,45,0.300074,0.980682,420.648,115.122,104.875,36.6866,2.1337,65.1002,60.3288,17.5862,31.7486,3.76603,46,0.269412,0.913358,467.258,109.539,122.69,65.3764,2.00642,67.7986,55.0679,18.4778,34.1405,4.39473,38,0.353189,1.01952,515.41,117.087,91.0414,37.6535,1.9568,81.0994,67.6123,18.5492,34.7885,5.02745,45,0.372245,1.01684,382.929,121.086,101.153,33.9534,1.18108,61.456,66.7112,15.9342,34.8571,4.95774,50,0.230844,0.808549,371.081,92.9994,84.3954,40.1543,1.51429,59.8429,52.4595,16.2201,30.0914,5.07194,46,0.248925,0.916891,1224.73,88.2145,131.441,43.7794,0.894247,51.7194,15.8758,12.2087,10.1481,1.5699,0,,,,,,,,,,,,,,,,,,,,,,,,,,,,,,,,,,,,,,,,,,,,,,,,,,,,,,,,,,,,,,,,,,,,,,,,,,,,,,,,
decoupled_wbc_h066_p012,2932,complete,90,18,44.7025,3.32907,0.575854,0.532341,516.769,96.1153,89.6682,24.2853,2.50855,79.2192,61.5476,20.6718,32.0585,4.78567,52,0.326589,0.854599,362.188,112.275,100.554,33.1312,1.15931,57.2089,61.0756,16.0283,27.5365,4.41879,51,0.236615,0.82349,415.928,97.981,128.676,68.9135,2.02907,68.6624,59.4116,19.7537,29.0592,5.29405,41,0.302544,1.15631,427.763,127.983,123.168,36.3565,3.14474,65.8294,59.7861,19.1758,25.7408,6.11138,46,0.241996,0.945165,451.615,89.5267,95.1999,22.1779,2.0105,68.3103,56.9392,17.9844,21.5176,4.99371,39,0.394086,0.961777,375.791,109.84,108.412,35.4287,1.69537,61.9626,52.8151,17.0815,22.2775,3.16147,47,0.254126,0.922494,429.134,188.751,143.502,45.9615,1.32772,66.079,68.5215,19.7528,26.0479,3.681,29,0.377283,0.984491,426.957,120.523,121.499,123.354,3.01238,64.442,55.1076,18.3175,29.5164,5.60971,40,0.177488,0.935634,407.464,103.328,97.1868,89.661,2.85269,63.7104,56.9719,15.3478,24.338,5.01556,49,0.268698,0.85055,446.968,161.251,144.143,43.0133,1.75528,64.1654,65.527,18.6345,30.6375,4.87084,41,0.238174,0.806224,1802.85,840.691,325.675,76.2233,1.45476,157.852,171.213,46.7243,62.8293,8.94524,29,0.468263,1.44609,595.095,130.914,136.829,49.9622,2.65413,74.6529,63.4447,23.0374,28.0721,4.608,46,0.333148,1.21381,577.113,129.181,112.428,36.0363,1.91959,78.4947,62.8064,22.1389,25.7058,4.02322,48,0.345988,1.09851,473.263,97.1987,101.554,29.1138,1.40644,67.8981,57.5605,19.2678,21.8723,3.84657,52,0.297904,0.944751,438.309,109.387,129.389,95.5183,4.14367,71.2999,58.9769,20.4946,32.3733,6.04036,39,0.3537,0.998537,466.825,95.4573,102.371,36.4938,1.54335,71.9382,56.1698,20.4379,28.3505,3.49363,45,0.313824,1.0619,614.704,129.208,105.668,31.5571,1.37009,82.2428,63.5938,20.5523,29.988,4.17032,36,0.421605,1.26414,1054.47,180.91,174.452,40.1319,2.34362,114.419,81.4381,31.8572,35.7631,5.66661,37,0.399347,1.46244
decoupled_wbc_h066_p012,2933,complete,90,18,20.0968,3.41118,0.381776,0.0990893,521.664,121.719,105.975,25.1616,1.26492,79.5757,70.4651,20.3732,31.1108,4.10955,46,0.3038,0.983627,368.194,104.074,102.468,36.0727,2.19676,63.2001,54.4176,16.8372,22.1166,3.25302,55,0.219095,0.827011,365.213,87.7834,85.0811,72.502,2.76491,59.5224,47.6622,15.7479,23.8759,4.66219,45,0.314806,0.96052,370.715,118.394,122.023,130.602,2.92418,56.8904,61.6434,16.6904,30.9747,6.47781,32,0.287773,0.943876,382.004,104.266,138.668,82.5896,15.8619,62.6086,54.9478,18.1581,27.7508,7.77359,49,0.237254,0.918209,531.729,129.163,92.449,32.4321,2.12138,78.029,65.3653,18.9922,27.1727,3.42443,49,0.335683,0.930478,456.716,115.515,132.42,31.2965,1.39139,68.0991,61.501,19.3481,23.1306,3.05325,38,0.248528,1.01252,410.339,102.227,150.803,155.251,3.30203,63.2449,53.461,21.8381,32.5854,5.80066,23,0.351241,1.3029,458.404,113.452,118.483,135.294,3.35812,75.2561,61.9975,20.2588,34.0669,5.99016,41,0.383805,0.966073,545.172,117.913,135.919,39.7147,1.63053,78.6803,60.0909,21.4693,30.9359,5.73131,39,0.419702,1.21938,503.947,123.834,140.271,27.6043,1.94976,72.2896,61.156,20.4922,27.304,5.06566,49,0.337619,1.09975,463.52,107.466,127.344,30.826,3.02892,71.9623,64.8576,20.3216,29.0249,4.81672,44,0.282256,0.919191,506.036,107.055,145.872,39.4794,2.87512,74.406,58.7034,20.7531,30.5239,4.27281,42,0.29664,1.13719,582.167,146.27,161.154,33.9585,1.35651,88.3833,71.01,25.7685,36.2129,5.61529,44,0.322939,1.1967,1262.44,377.283,170.551,86.3467,3.56192,117.194,103.993,27.7482,38.9581,6.91591,25,0.405934,1.26859,457.05,142.57,117.785,30.8168,2.16421,66.665,65.6659,18.6684,23.2516,3.3865,43,0.25716,0.927372,440.423,110.905,110.553,32.5565,1.51458,66.3586,56.9779,19.8475,25.6615,3.33387,43,0.300987,1.05083,458.9,108.013,109.17,28.2886,1.38179,69.799,60.4574,18.7927,28.2461,3.88395,43,0.383439,1.10466
decoupled_wbc_h066_p012,2934,complete,90,18,12.7821,3.72814,0.0317973,0.130348,555.165,109.661,127.43,54.2309,2.17199,82.7556,66.5453,22.97,35.8613,4.76251,43,0.324022,1.021,407.843,92.7173,92.765,19.8734,2.81452,67.2021,54.0064,18.5353,23.3506,3.78795,41,0.341351,1.04141,459.204,101.723,112.408,21.2345,2.43956,68.4452,61.199,18.6863,19.5569,5.1579,44,0.278139,0.903295,349.853,111.561,108.429,30.2125,1.72528,62.0419,58.8818,18.5725,20.1739,5.9401,42,0.243684,0.911688,444.596,103.427,110.241,27.5714,1.54852,69.0028,54.2669,19.6863,21.3972,5.38779,35,0.344452,1.12723,380.37,94.3039,101.576,24.8143,1.18359,57.0484,57.8741,17.8382,23.4989,3.53955,38,0.321291,1.05083,397.184,111.271,103.644,36.5548,2.54958,58.4668,52.7242,16.6583,24.2853,3.0651,30,0.352815,1.09102,380.501,85.822,123.302,43.3895,1.44956,57.8198,49.6358,18.0405,24.1407,3.38416,49,0.234532,1.00904,450.06,87.4866,75.2501,29.528,1.65142,61.211,53.1526,14.8554,16.8105,3.9039,42,0.250204,0.924919,494.303,124.678,138.542,106.558,3.18879,67.5482,63.2087,20.101,29.008,5.91365,31,0.28934,1.16499,417.142,102.426,119.005,41.4805,1.47827,64.9758,55.7532,17.3764,21.8649,3.22873,33,0.264305,0.969466,525.268,132.341,115.696,46.7469,1.95996,73.7499,65.9475,19.5835,24.7909,4.4093,45,0.299143,0.944211,294.072,108.219,102.782,33.2174,2.31873,55.6593,56.6518,17.0423,21.102,3.71934,49,0.185657,0.80369,440.837,93.3492,108.531,30.2823,1.63306,67.9574,56.3331,17.6273,22.1132,3.83188,31,0.306249,1.20838,406.837,113.459,143.834,69.7562,1.67595,69.2888,57.3919,21.0376,29.5228,4.66202,46,0.210579,0.979082,549.182,133.39,103.526,41.5767,1.80964,78.4078,73.7704,19.5212,23.4059,3.93093,38,0.362459,0.994017,365.462,100.427,101.089,37.2177,2.1145,55.7203,50.4957,17.1798,21.3756,3.17319,40,0.254709,0.869972,408.043,102.933,86.5546,36.121,1.62487,58.1186,60.2548,14.836,20.4575,2.961,45,0.197135,0.77832
decoupled_wbc_h066_p012,2935,fell,50.88,11,30.6723,5.99051,1.53561,2.79482,385.358,87.4334,73.5105,18.5714,1.12079,56.5217,55.8926,14.6754,22.5863,3.32205,41,0.301125,0.97122,447.567,97.7799,138.431,53.7834,2.28897,67.1779,51.6664,20.4215,33.4523,5.20548,46,0.333408,1.10162,411.752,89.0377,83.9287,28.7035,1.73016,66.5408,50.0941,17.1034,24.7537,3.47531,44,0.393701,0.998839,382.694,112.974,124.362,62.5883,3.55225,61.5572,57.5439,18.9696,33.0598,4.89943,38,0.195639,0.937687,477.93,103.103,121.191,46.5258,2.54255,71.5988,61.3589,19.4085,36.2258,5.42232,36,0.306939,1.1468,357.99,72.6028,83.3162,21.322,1.31034,54.4185,49.589,16.1131,25.9902,3.53814,42,0.268776,0.9436,475.709,93.2307,102.155,26.3243,1.70284,66.1155,58.4354,17.7625,26.3518,4.58496,39,0.37341,1.03477,444.348,105.114,125.166,35.9235,2.22117,72.5485,58.3032,19.6998,29.1138,5.53438,48,0.207834,0.880083,413.909,95.3188,107.875,25.5453,2.70986,61.2114,54.5789,16.5136,27.781,5.64543,40,0.342666,1.12792,485.101,127.273,127.104,61.5283,1.91858,72.3958,59.6299,19.8687,40.0657,5.11655,35,0.414463,1.2685,1256.79,128.613,156.22,38.8914,0.641115,65.0593,39.6822,19.3441,25.6554,2.85317,2,0.188808,0.828676,,,,,,,,,,,,,,,,,,,,,,,,,,,,,,,,,,,,,,,,,,,,,,,,,,,,,,,,,,,,,,,,,,,,,,,,,,,,,,,,,,,,,,,,,,,
decoupled_wbc_h066_p012,2936,complete,90,18,20.4363,2.8269,0.0690347,0.182158,423.517,98.1802,100.614,22.2807,2.06231,61.3763,57.2931,17.1757,23.1724,3.05589,39,0.327091,0.928047,515.086,135.318,109.657,31.2362,2.55592,77.5709,71.3813,20.3281,32.5419,6.1997,47,0.28533,0.918309,498.685,116.671,114.125,100.797,3.65017,76.7001,65.2396,20.6654,38.8311,8.39673,48,0.316178,0.98403,408.628,88.4288,85.325,32.7605,3.85383,66.0318,56.0021,17.7199,33.7188,6.2511,46,0.332725,0.959794,394.714,73.9181,94.7053,31.7141,2.92418,62.3018,45.5901,16.8944,29.2133,5.76471,38,0.328511,1.07436,342.905,74.7123,86.8593,20.1169,1.96472,60.7042,50.0985,16.0454,23.7825,4.97677,48,0.261331,0.898374,439.301,98.2182,111.907,122.316,6.71192,68.0276,56.4798,18.4676,33.8519,8.16606,32,0.300748,1.04761,541.054,135.292,129.289,27.6706,2.20277,82.5733,74.5695,22.083,37.7426,7.71618,47,0.307033,0.980832,487.623,116.159,168.68,99.3354,19.3612,75.2498,65.4538,23.9378,38.5805,14.1948,47,0.301812,0.941437,494.587,99.4988,104.191,28.1617,2.19173,66.4603,60.2873,18.4247,24.205,5.4464,42,0.336939,1.02733,493.028,95.1934,143.719,19.9808,1.64871,70.6763,52.8466,21.9159,28.1426,5.67677,41,0.378703,1.07302,407.796,102.936,83.4913,23.0254,1.80696,63.4436,57.3783,16.8809,22.7654,4.38995,39,0.325664,0.849697,521.996,140.719,124.613,133.762,4.51482,69.1826,65.2878,20.7954,35.4484,7.46589,44,0.346303,1.13329,411.025,109.232,93.6119,19.778,0.906319,68.2031,55.8783,20.2263,27.6693,4.44251,50,0.309914,0.806228,1099.61,163.521,223.517,33.0491,1.92183,103.891,76.0033,31.0729,39.438,5.9764,41,0.312247,1.11046,418.551,88.7473,107.385,19.0925,1.66455,69.5381,54.1775,20.231,28.103,4.16884,49,0.306103,1.08246,685.331,127.204,123.427,32.3477,2.58476,80.8888,65.3251,22.8369,28.3435,5.55596,36,0.411088,1.35151,473.03,96.4904,129.057,25.5181,2.27095,70.8909,57.8091,23.0577,26.801,7.13377,54,0.284649,0.913538
decoupled_wbc_h066_p012,2937,complete,90,18,14.4496,3.32603,0.147524,0.0811414,414.05,76.3479,79.0646,21.788,2.76783,60.9654,50.4491,16.3939,27.2958,3.92617,41,0.315014,1.09534,384.362,87.8296,91.1583,33.175,1.9911,61.9227,53.9168,16.0136,29.9235,4.29977,46,0.287351,1.02305,374.799,79.7451,101.398,65.3166,2.38884,60.9698,46.676,18.3911,29.2706,6.01051,39,0.334327,1.02506,460.384,112.189,90.8099,86.0081,5.02831,62.6089,63.5451,16.2455,29.8089,6.66814,45,0.312518,1.04878,508.049,120.341,111.061,52.2778,1.73081,68.2433,61.5924,18.0499,25.5024,3.19773,30,0.388122,1.19997,334.292,94.6331,113.544,34.6715,2.83269,52.4476,53.5668,16.1498,23.0862,3.97247,32,0.233415,0.947436,369.203,101.177,92.3994,34.1679,2.3016,60.3616,56.7038,15.3578,22.6474,3.26843,42,0.294756,0.923453,401.668,98.2598,78.076,35.1806,1.66449,65.6203,57.6893,16.6485,24.0024,3.70587,44,0.300361,0.816289,433.708,107.047,80.5475,59.7864,2.00911,61.2292,62.9693,14.6514,29.5797,3.87764,45,0.322806,1.04739,525.081,95.0179,77.6273,120.881,2.43025,69.083,60.483,17.2137,40.9411,4.75309,45,0.305819,0.921399,780.367,159.562,127.664,50.3919,2.53422,75.6421,62.9042,23.6214,39.8959,4.52233,40,0.224429,0.928123,419.289,121.24,93.4058,43.1255,1.94194,65.2548,55.6334,16.9339,36.7525,5.26048,47,0.295969,0.924352,350.834,110.337,96.3286,45.4774,1.18434,56.283,55.2301,15.9517,36.3598,4.18641,28,0.212205,0.890249,581.132,144.411,124.569,219.124,3.88687,77.5044,71.1605,20.7642,58.7721,8.45662,45,0.265048,1.14209,414.374,120.069,106.002,44.1052,1.57551,65.9462,55.1028,18.8235,33.7701,4.67631,41,0.239038,0.924493,814.035,337.686,209.009,133.941,5.00033,92.8263,89.3904,27.9449,47.7047,9.45814,40,0.339567,1.04368,673.807,161.864,133.174,55.3817,1.35941,90.2018,78.1068,21.9783,37.5448,4.95191,41,0.359668,1.38476,502.706,102.67,135.256,144.452,4.60371,70.6061,57.3621,18.1207,34.3099,6.79684,35,0.323195,1.28281
decoupled_wbc_h066_p012,2938,fell,56.06,12,17.4518,13.3726,0.72392,0.658305,431.694,106.241,117.517,30.2469,2.65025,67.1889,58.8817,19.4773,33.8232,6.0597,45,0.303565,1.03827,456.264,96.2536,93.6067,37.5262,1.9592,67.9651,56.1093,16.8027,28.5863,5.42638,52,0.290956,0.794258,437.164,125.221,125.706,28.3478,3.19208,73.4724,66.5103,19.6447,30.1715,5.7146,44,0.295401,0.984027,409.553,107.826,108.031,38.9552,1.92545,67.206,61.1585,19.0119,30.6311,5.0514,45,0.304405,0.853181,344.592,98.0135,133.741,29.2429,2.25944,63.2512,55.1363,18.5679,31.1704,5.02175,51,0.245743,1.02353,479.815,95.1812,102.305,27.9652,2.40892,69.3662,59.82,16.9909,25.8897,4.36042,36,0.376638,1.02458,325.354,113.107,95.1113,61.1407,2.2824,58.6172,57.7695,16.4938,28.8375,4.94309,56,0.248034,0.818456,606.741,139.308,126.841,33.3676,3.1808,85.8309,66.1067,23.2052,35.1195,6.31593,42,0.334763,1.206,404.403,88.866,93.6184,114.602,5.70095,68.3738,56.0177,17.9687,35.2101,9.51653,40,0.324408,1.18955,450.69,129.014,119.532,33.5291,1.92168,70.1803,63.3816,18.816,28.6464,5.68454,50,0.291459,0.93241,446.229,96.5836,103.776,29.2257,2.34045,63.6521,58.8366,16.8933,24.2246,4.141,32,0.311882,1.17301,3076.55,380.234,504.289,116.429,4.33132,139.085,67.294,40.1692,50.4944,10.4959,2,0.370552,1.78219,,,,,,,,,,,,,,,,,,,,,,,,,,,,,,,,,,,,,,,,,,,,,,,,,,,,,,,,,,,,,,,,,,,,,,,,,,,,,,
decoupled_wbc_h066_p012,2939,fell,81.72,17,28.8899,6.02379,1.64353,0.736975,380.075,106.513,88.1999,25.4054,2.48822,59.4848,60.5309,15.9453,28.9628,5.15101,42,0.262924,1.01582,393.397,78.7354,93.6938,34.1659,2.10646,61.5898,48.6665,16.1809,29.7083,4.6124,41,0.349776,1.04532,397.585,88.5031,86.4861,35.5449,4.02104,62.39,54.6165,17.0621,31.057,6.14823,47,0.280485,0.961185,372.648,88.9864,92.8245,29.8614,2.50763,58.5772,53.5902,16.0686,29.7773,6.03509,42,0.322892,0.988818,378.491,127.624,105.042,37.7364,1.69893,56.1989,56.4913,15.9889,32.4426,4.88328,44,0.223423,0.960395,452.648,91.5826,89.154,39.5611,2.34141,68.4449,56.2569,16.66,33.2354,4.74694,44,0.291454,0.954006,532.197,98.5297,104.37,37.247,2.40618,71.9012,54.1043,18.1492,32.3274,5.96877,41,0.291818,1.15551,472.295,115.752,103.963,106.804,3.64449,61.4462,60.5105,16.3678,38.2302,7.79623,37,0.296372,0.983493,603.087,149.662,128.998,66.9421,2.98748,85.4336,71.1011,21.4808,42.0112,8.61938,37,0.36394,1.07156,556.433,128.217,107.096,31.9235,1.44753,76.4226,67.1484,18.6538,34.4479,4.95457,44,0.34738,0.970014,602.129,192.683,134.733,106.124,2.91097,77.381,72.0223,19.6621,38.3535,6.59763,43,0.357201,1.01364,770.614,228.849,173.912,60.6895,1.82839,81.4961,78.5508,24.2532,35.0553,4.2463,39,0.210727,0.957054,377.134,78.4476,97.3019,33.1262,2.05341,55.4243,46.6061,16.9594,22.5091,3.12514,35,0.275164,0.901298,453.697,122.126,111.885,36.04,1.42704,72.5957,60.0093,19.2951,22.9219,3.79991,42,0.290969,0.979977,198.231,82.8613,80.3345,34.9389,2.11871,38.1036,44.5665,12.764,20.7293,3.07759,47,0.122327,0.641689,379.046,119,121.923,38.4661,1.42905,64.1767,52.7578,18.0397,27.1367,4.02222,37,0.325757,0.987065,7524.52,602.171,932.88,455.445,33.8593,359.503,131.497,75.3441,115.426,39.8516,2,0.207718,1.27318,,,,,,,,,,,,,
decoupled_wbc_h066_p012,2940,complete,90,18,16.2176,2.39862,0.15801,0.0507564,437.57,113.067,122.045,27.9642,2.51808,67.1423,59.3019,19.8428,33.7886,3.91536,34,0.28663,1.18929,480.152,128.453,133.6,34.5556,1.66923,75.4347,66.9231,19.4958,35.1028,4.13118,45,0.31649,1.07817,433.083,91.6886,85.8886,24.3195,1.54352,67.3658,55.8325,17.0049,29.0315,3.56671,39,0.334766,1.09343,507.102,106.885,127.452,61.3694,1.98827,72.0162,55.6777,19.7451,31.8343,4.3134,39,0.355291,1.13791,300.457,104.264,96.0851,34.2827,1.71872,51.4732,52.3793,16.2131,20.8308,3.97105,37,0.204941,0.910919,371.432,126.483,101.875,35.3792,2.76316,57.8722,58.7263,17.7744,23.2662,3.58692,35,0.252235,0.815289,655.229,157.925,138.065,78.2249,1.95327,85.4345,69.0688,23.4569,35.4317,6.09314,36,0.329951,1.31781,353.426,118.01,109.841,31.5594,2.37655,62.3735,63.6721,17.985,23.713,4.09714,52,0.234285,0.721937,364.932,105.872,103.5,28.3459,1.87442,63.2669,60.7493,17.476,22.7737,3.29673,48,0.238947,0.816269,394.823,90.5502,117.03,27.0305,1.98343,62.9979,51.3419,18.2602,24.4171,3.7583,36,0.299539,1.02652,390.554,121.764,102.93,27.9659,1.41919,66.7009,62.7957,18.3592,21.8235,4.00145,55,0.229264,0.786682,501.6,140.596,120.051,23.7996,2.00249,70.9947,64.0457,19.9186,23.7156,4.19249,38,0.351409,0.954536,615.602,120.955,288.674,222.141,8.29336,92.1498,68.8001,34.713,74.3306,12.2521,43,0.272818,1.0347,737.922,137.506,181.819,151.492,4.19429,93.0201,70.9668,25.2102,41.8492,7.11705,47,0.283879,1.12583,727.388,129.937,237.982,217.656,5.69942,97.3876,68.1024,31.6837,51.0366,10.4691,44,0.373086,1.27609,472.02,107.392,97.5144,135.663,5.93871,69.4974,60.6727,19.1043,36.8672,5.97374,40,0.268386,0.965935,693.375,186.229,162.676,33.3234,1.86708,92.8375,77.2453,27.4086,31.143,4.81043,37,0.36059,1.32001,440.317,104.198,117.1,22.9152,1.18508,68.0464,63.0715,19.1219,25.4982,3.42496,44,0.290501,0.974743
decoupled_wbc_h066_p012,2941,complete,90,18,17.3893,3.65491,0.255238,0.239173,423.612,96.8408,90.9111,36.4435,2.66225,62.868,56.8468,15.7207,23.8228,3.90372,39,0.359194,1.01004,396.978,86.4622,82.399,61.8344,2.7545,58.7525,55.1685,14.2898,24.2277,4.81452,40,0.291743,0.922105,478.77,120.875,119.411,40.3812,2.064,68.8478,65.7937,21.1647,27.5823,5.13402,49,0.225991,0.887151,386.316,91.8417,94.0908,28.9194,2.59006,66.2017,53.4029,18.4268,21.7723,5.58843,49,0.282627,0.8442,457.362,119.594,109.662,44.3345,1.74063,69.7522,58.1769,16.9897,26.6982,3.47088,38,0.334303,0.933632,331.184,84.8499,92.7323,36.9623,0.908314,56.0916,51.5693,16.1537,22.9451,2.75799,45,0.227498,0.764252,488.383,131.147,115.115,74.7363,2.23849,72.18,69.0888,19.4851,31.6914,4.97477,48,0.307458,0.838554,368.592,96.6415,99.9045,36.3698,2.514,60.1417,48.5412,16.4313,21.4483,4.56118,44,0.293313,0.971434,448.723,124.346,152.314,117.459,15.8605,74.5767,59.4871,21.1977,34.4975,11.3523,44,0.247618,1.05481,427.591,100.902,100.824,23.0302,2.23992,64.4899,61.9078,16.2922,22.411,5.36648,42,0.267596,0.982661,433.214,125.362,130.678,136.913,11.2873,66.6455,63.3188,19.3336,27.3947,7.983,48,0.225251,0.902201,495.237,79.4285,101.458,29.3599,2.37658,71.4671,49.4141,18.8329,21.0699,6.23326,31,0.362665,1.28767,320.802,102.119,105.128,62.1596,2.32091,52.5832,48.1767,15.5622,24.4193,4.60983,34,0.228343,0.846795,412.146,114.299,169.694,87.7423,4.14401,65.6824,60.0686,20.2508,28.8994,4.56424,32,0.318143,0.989979,468.241,93.0345,114.845,40.9547,2.41747,67.0332,52.8058,18.5185,26.1389,4.99653,39,0.326224,1.09803,421.542,123.487,107.236,35.6315,1.777,66.9753,56.0222,17.4662,25.1133,5.89968,51,0.266493,0.8456,426.589,125.373,100.223,35.6043,1.79151,72.606,62.5501,19.2011,28.6079,4.0501,43,0.303221,0.88681,438.906,125.439,102.767,32.6928,1.5951,74.4355,65.1104,19.5643,26.1161,3.70248,46,0.301121,0.923499
decoupled_wbc_h066_p012,2942,complete,90,18,16.8805,3.3342,0.186527,0.163796,433.608,95.2683,106.179,25.6935,1.77887,72.2311,61.05,19.4213,31.8976,4.51307,46,0.30537,0.932187,388.463,98.7528,93.383,33.8883,1.38774,66.0889,54.8668,18.2596,28.0159,3.96322,44,0.355789,0.945619,395.037,102.868,97.1205,35.216,2.08371,67.5088,58.6937,17.6666,31.1379,4.19104,44,0.279246,0.807771,392.116,85.7924,126.571,24.7323,1.3079,65.2374,52.3117,18.4956,26.7122,3.23306,44,0.312414,1.04058,453.057,109.422,124.259,21.3023,2.09608,70.5791,57.8413,20.9022,22.6613,3.72975,48,0.316571,0.884913,535.352,144.408,134.284,39.4572,2.07952,77.0601,72.8719,20.637,25.8547,4.54828,44,0.289944,0.965141,492.626,123.611,117.454,82.5532,3.62287,66.1197,56.9258,20.1466,27.6899,5.40336,36,0.258406,1.04268,395.323,98.5972,116.265,30.9413,1.58348,63.1609,57.0552,19.502,24.8495,4.16701,47,0.266774,1.04403,545.184,104.912,123.242,24.7989,1.48739,79.9465,61.9362,22.4011,24.6723,4.93555,48,0.310613,0.991906,425.825,88.7178,113.951,19.7883,1.70535,63.4768,52.1639,18.7795,22.3551,3.67231,47,0.29075,0.986996,496.625,103.266,134.694,173.701,8.55767,73.5523,61.7978,20.0627,37.2563,8.20211,37,0.340865,1.31849,539.712,156.896,154.342,33.5168,2.8903,73.3449,64.2543,22.0005,33.8985,6.92995,35,0.25252,1.01402,565.717,138.414,132.254,193.845,24.2889,76.9396,70.7991,22.1618,53.8182,20.6491,47,0.296271,1.02083,527.531,99.8154,111.576,25.9071,2.48371,67.044,52.2444,19.9835,29.8702,6.21346,48,0.273577,0.992868,590.712,126.755,115.979,33.2775,2.07077,81.4368,64.9001,21.4451,31.8374,4.88305,44,0.258454,1.08137,389.069,102.035,90.7461,27.3042,1.88326,62.0834,57.7263,17.6341,26.2949,4.85762,46,0.272357,0.973246,606.693,138.605,154.539,41.2286,3.55966,86.0569,68.7721,25.2755,33.5679,7.34073,48,0.336067,1.09506,420.382,105.209,133.766,47.1929,2.72498,67.7223,59.1849,21.7172,34.1405,8.13473,36,0.258547,0.970588
decoupled_wbc_h066_p012,2943,fell,65.9,14,27.9528,7.25711,1.43264,1.7709,407.413,76.4782,90.3468,22.2822,1.89279,64.1359,51.61,17.1389,26.3134,4.24879,41,0.277405,1.03781,447.118,108.523,115.763,59.9055,2.29414,62.9901,61.3583,18.0391,25.4759,4.50747,33,0.279355,1.06166,585.963,115.741,133.435,31.4306,2.52978,80.5538,64.7313,19.6081,24.0431,3.92545,40,0.288066,1.06967,391.928,82.6879,84.2593,18.5305,1.44864,65.2295,51.3271,17.6118,25.6463,3.3536,46,0.344372,1.02706,486.903,110.951,97.5807,37.2676,1.61633,72.6231,62.2348,17.6185,33.9022,3.57266,39,0.37127,1.00327,514.575,112.685,90.4326,40.4001,2.21957,66.3277,58.5234,16.6479,33.9071,3.94927,40,0.278998,0.953653,331.375,72.4845,86.8218,55.0477,2.26716,55.8342,46.7504,15.3948,31.2784,4.24226,42,0.279354,0.9884,353.178,90.6006,69.7902,36.1346,1.53647,53.1425,55.2423,14.3657,23.0559,3.63628,44,0.237206,0.822355,426.712,93.4187,108.442,154.575,7.76851,62.4052,52.9621,17.1108,37.4813,7.6955,39,0.29876,1.12539,871.457,164.878,162.255,52.6568,1.92978,92.7847,74.8537,26.7751,46.6703,4.79003,34,0.35253,1.59541,417.477,121.738,82.3146,29.6776,2.37912,56.2346,58.4224,14.3012,26.1998,3.91314,36,0.288044,1.01963,363.053,71.1222,121.526,115.087,6.63265,61.2678,48.1522,18.3937,40.8923,8.25676,47,0.285653,1.01119,365.776,98.1261,96.6588,22.0111,2.93451,58.5634,59.133,15.498,27.688,5.73841,47,0.278333,0.880889,3016.89,249.137,434.54,182.633,5.03253,133.462,48.6688,34.4256,48.2673,7.44034,4,0.321861,1.30957,,,,,,,,,,,,,,,,,,,,,,,,,,,,,,,,,,,,,,,,,,,,,,,,,,,,
decoupled_wbc_h066_p012,2944,fell,57.18,12,30.8653,9.70472,0.983634,1.06861,403.143,82.791,100.595,18.5683,1.93192,61.4377,51.3972,17.0286,25.5298,4.21803,44,0.323002,0.967828,349.24,83.1629,85.9011,22.5834,2.48099,59.2084,55.2179,16.5879,27.4954,4.93859,40,0.284951,1.02991,377.157,86.3881,95.3574,22.6472,1.61885,56.4399,53.9524,15.3044,28.2634,4.40005,46,0.304133,0.954276,408.002,91.236,95.9224,29.3401,2.63477,65.8247,57.0283,15.944,30.3434,5.20277,43,0.244499,1.05827,398.113,89.4698,98.4845,92.1983,4.18045,62.9735,56.6218,16.768,35.5583,7.50065,46,0.32994,0.873456,517.386,116.018,120.881,166.446,3.9699,71.5857,64.4424,18.8526,40.2684,8.49404,36,0.282192,0.933565,320.892,68.6852,92.7915,18.7442,1.55668,54.9492,48.5326,16.0886,23.1769,5.34368,51,0.228863,0.798633,708.996,195.039,169.758,90.8776,3.19667,98.5871,88.0375,27.7566,41.9212,7.53118,42,0.372144,1.27741,384.102,110.908,101.649,17.244,1.36378,63.0389,59.1266,17.3151,26.0352,4.67894,39,0.317457,1.0045,508.276,125.586,110.846,24.1053,1.62112,77.1369,68.7459,19.6034,25.8103,5.30988,40,0.355532,1.04286,508.384,115.039,159.549,167.346,3.71949,74.9435,56.1246,22.172,34.8273,6.60447,44,0.301282,1.06189,10508,1035.6,1249.89,417.905,61.9382,450.01,150.532,111.693,135.107,44.5681,3,0.185481,0.713516,,,,,,,,,,,,,,,,,,,,,,,,,,,,,,,,,,,,,,,,,,,,,,,,,,,,,,,,,,,,,,,,,,,,,,,,,,,,,,
decoupled_wbc_h066_p012,2945,fell,65.9,14,20.3485,3.8072,0.901647,0.630106,405.719,108.392,116.804,45.241,2.02712,68.1085,61.2454,18.2721,35.4338,5.18128,40,0.254029,0.960298,514.374,107.435,137.397,40.2777,1.74046,73.1405,58.9273,19.28,37.6059,5.0102,46,0.34856,1.04908,385.675,106.127,100.021,25.5584,1.1738,61.1725,60.6233,16.5049,26.3983,4.48704,44,0.345067,0.920007,463.586,134.644,137.581,64.0972,3.14666,70.5132,63.3371,21.1895,34.2723,5.47738,44,0.320407,0.968549,348.293,81.1091,82.1793,28.0855,1.8315,61.1343,55.2134,17.5376,27.5472,4.09244,47,0.303166,0.880956,393.144,115.709,96.5502,42.2411,2.56432,61.979,64.3607,16.9051,30.301,5.28458,44,0.241304,0.857548,423.953,77.2117,97.6813,104.327,8.47665,63.6546,52.1228,17.617,26.4045,7.96934,38,0.347953,1.11659,475.929,99.5677,106.911,28.6914,2.14825,68.2168,61.1017,19.3046,27.8745,5.46582,36,0.30485,1.14966,562.659,136.273,137.908,31.8003,1.1802,77.6068,66.1197,21.9985,33.6852,4.83128,40,0.319611,1.11069,731.237,132.713,128.325,29.9211,2.25019,80.9634,65.5403,21.2988,32.9976,5.66918,38,0.316994,1.14979,480.769,107.226,120.759,26.3587,1.79143,74.1188,66.9704,20.3635,26.8853,3.78602,46,0.34115,0.848949,448.841,107.049,152.068,73.5121,2.55312,64.7103,54.8001,19.9193,32.343,3.99136,48,0.244107,0.904257,422.492,136.365,156.923,36.8557,1.72473,69.6696,63.327,20.5436,30.634,4.75179,40,0.242613,0.994691,2603.74,415.658,412.896,262.521,23.1674,113.043,48.2672,36.0412,80.2087,26.803,2,0.51577,1.11854,,,,,,,,,,,,,,,,,,,,,,,,,,,,,,,,,,,,,,,,,,,,,,,,,,,,
decoupled_wbc_h066_p012,2946,complete,90,18,21.0848,3.61892,0.136811,0.101491,438.381,98.0026,105.621,30.0407,3.46144,66.6615,55.6199,19.9175,31.9533,5.48291,42,0.315147,1.01657,390.135,92.2479,119.47,28.4792,1.98863,64.6676,57.4861,17.8381,30.7173,6.15163,49,0.277798,0.872413,353.419,80.7918,102.927,29.5724,2.48501,58.7735,51.2684,16.1987,28.2308,6.56859,45,0.262792,0.965478,450.39,102.603,104.305,33.8932,1.95148,73.9565,58.2994,19.3663,35.6284,6.43388,44,0.344084,0.996348,430.003,106.867,93.1152,32.3981,2.03752,71.3647,60.4189,17.6591,35.6244,5.61097,48,0.265954,0.901066,383.091,90.8998,99.4655,31.9357,1.83609,64.714,51.9939,16.4722,27.0016,4.50329,45,0.308996,0.993408,451.806,113.624,90.686,42.4725,2.22562,70.7976,57.7694,17.0711,25.7554,4.8273,39,0.363407,1.01298,615.489,134.484,133.801,165.748,24.7877,74.8301,65.2351,19.4838,39.7751,15.2471,41,0.350218,1.05998,416.634,120.489,107.891,34.0921,1.7373,67.2553,59.4462,19.1479,31.2123,6.28582,47,0.250155,0.93266,516.033,122.043,110.008,83.3348,2.96857,73.3007,67.0041,19.5357,36.2843,6.81461,56,0.286919,0.787687,452.834,109.779,135.693,79.9477,3.79891,70.7386,60.1306,20.3636,34.9242,5.76718,41,0.329829,1.19772,387.622,108.941,114.353,37.7739,1.8241,62.2945,58.429,18.8313,28.034,3.90376,39,0.234883,0.900944,514.758,134.479,128.068,34.1751,1.65969,78.0468,65.0599,22.5058,25.8096,3.59146,47,0.313091,1.04564,512.423,159.764,145.385,36.0872,1.3292,80.5465,66.4711,23.0795,24.7673,5.01895,44,0.299962,0.96597,394.43,96.3036,96.7858,24.4564,2.08518,62.6421,60.3861,16.158,21.7884,3.0218,49,0.223822,0.84688,483.302,89.9365,87.1129,31.3179,1.6251,69.8504,49.7784,19.1459,26.3247,3.27447,40,0.32075,1.03766,952.411,191.083,149.677,29.8606,2.41571,99.812,80.7207,25.4173,33.6842,4.69046,39,0.373269,1.13896,531.687,115.254,101.773,29.859,1.27634,73.701,65.6098,18.5254,27.9908,3.93253,35,0.352993,1.22257
decoupled_wbc_h066_p012,2947,complete,90,18,19.0894,2.98367,0.266854,0.130993,411.005,86.0076,124.98,32.6672,2.7039,66.228,55.018,19.6042,31.9382,4.83068,44,0.312332,1.1693,343.013,92.8433,114.087,26.4479,2.19017,59.4943,55.3563,17.1391,27.9113,4.26127,45,0.245588,0.944758,428.621,116.954,116.622,19.5233,1.80978,70.2377,63.2484,19.8459,28.9472,5.94121,46,0.262803,0.966045,402.393,83.9749,101.986,16.1161,1.84891,59.183,53.5981,16.0941,24.4615,4.78935,45,0.354666,0.949172,439.048,98.0781,107.057,23.9135,1.80205,68.0944,59.8399,18.2626,27.7039,4.74919,38,0.346928,1.241,411.426,102.329,114.959,34.2491,2.57347,63.9632,61.1587,16.9556,30.8499,4.42796,37,0.300246,1.02954,411.021,101.901,95.2986,33.7413,1.42107,61.1247,57.5712,14.9774,31.16,3.87947,40,0.297588,0.998391,610.934,116.375,118.496,86.6901,2.65528,81.8971,67.6253,22.566,45.2186,5.43205,36,0.384496,1.06087,429.008,135.962,139.368,37.5535,1.38834,65.8452,64.2991,19.1376,35.9657,4.99474,39,0.269836,1.021,406.837,116.756,109.435,35.8311,1.56091,60.6778,59.4528,17.7641,32.2741,4.56856,44,0.255848,0.910435,597.641,161.782,155.901,105.238,3.77005,85.1999,60.905,22.894,44.1927,6.41444,37,0.407162,1.18609,1011.89,302.279,194.15,42.4573,2.50392,110.554,96.4938,28.3978,45.0287,8.01296,33,0.442774,1.39501,437.046,119.092,115.695,26.8336,2.90969,68.209,58.9466,19.339,25.7516,5.43116,46,0.311768,1.05271,296.469,69.5399,71.4795,24.366,2.97824,47.7549,46.1389,12.831,20.6908,4.63272,41,0.257298,0.894112,622.186,132.894,196.06,186.017,19.8398,85.0999,67.3349,25.4468,51.1797,12.1739,43,0.370253,1.10905,495.622,104.569,112.237,24.044,1.75473,72.166,62.291,20.1724,28.0457,6.7416,37,0.33789,0.927418,661.054,200.835,160.793,60.418,2.28693,89.5531,77.1841,22.4314,38.3761,7.65094,36,0.369328,1.0459,591.927,103.889,83.7324,24.0832,1.742,72.5823,60.4451,16.4704,28.2234,4.50586,41,0.328967,1.0457
decoupled_wbc_h066_p012,2948,fell,70.78,15,25.9635,10.0652,1.91443,2.30505,390.475,101.381,107.489,26.3517,1.60288,63.6055,59.812,18.4997,31.0685,3.70712,41,0.324343,1.07273,457.754,74.6034,74.5497,20.3641,1.02431,64.0774,49.2306,15.1448,20.0466,2.25731,36,0.353821,1.08902,410.955,106.884,113.974,28.2319,2.1492,63.4458,56.5635,18.3994,24.5255,2.94613,45,0.229928,0.887187,364.658,116.056,108.632,27.896,1.63841,62.0521,58.6869,17.8065,25.1857,2.72748,42,0.285479,1.00593,371.094,114.088,105.454,28.0262,1.54099,62.4822,55.355,18.5883,24.702,2.91686,44,0.251273,0.971664,531.859,135.896,150.039,136.021,3.22705,77.785,70.7095,22.3207,30.1931,5.51533,42,0.27939,0.994429,540.428,105.63,115.299,34.4791,2.75295,72.3097,54.7843,19.9559,21.6008,4,45,0.343564,1.10077,425.401,92.0209,80.7653,24.5594,1.50395,59.5385,62.1345,14.8622,17.2692,3.35549,36,0.403801,1.08447,399.796,86.651,102.338,30.0251,2.52073,59.8494,49.4603,17.1949,24.5708,5.58658,38,0.272066,0.883502,437.593,102.878,78.8304,27.6866,1.95823,72.7671,55.9683,19.7142,22.9117,6.34777,47,0.270691,0.816352,346.216,108.521,117.309,34.7017,2.52745,60.1741,57.783,17.953,23.7876,6.72716,40,0.272853,0.896737,532.172,108.99,83.5366,56.0232,2.29289,67.5594,67.2397,15.8026,23.3297,5.36495,36,0.429142,1.26423,397.649,98.4303,95.0525,32.0682,2.01291,60.1334,52.3556,17.7045,24.7678,5.38912,36,0.307305,1.13474,445.407,83.0966,116.097,31.7996,1.9884,70.4317,52.8734,21.2872,27.0338,5.85207,48,0.262235,0.948471,2226.65,216.28,333.9,74.5313,16.9737,78.0636,30.213,20.1327,22.0056,14.0608,2,0.0367889,0.278115,,,,,,,,,,,,,,,,,,,,,,,,,,,,,,,,,,,,,,,
decoupled_wbc_h066_p012,2949,complete,90,18,20.3382,2.94834,0.633148,0.167359,399.249,70.8573,101.715,18.5095,1.74619,63.2128,50.1571,17.9907,25.6715,3.52046,39,0.281169,1.12738,410.117,84.2726,108.924,25.0837,1.5264,66.6267,52.8302,18.2509,28.3261,3.92892,42,0.330538,1.10978,376.935,86.1422,87.7673,26.1293,1.77392,62.1956,52.839,15.5965,28.8084,4.86669,51,0.309564,0.89217,347.378,85.3445,101.787,27.2551,1.40325,58.8346,53.805,16.4211,28.8601,5.16822,39,0.298218,1.01956,340.785,72.7208,89.6335,28.2593,1.72719,48.8515,47.4018,13.8731,22.305,3.82608,39,0.274361,0.897833,437.7,128.775,88.3258,38.5031,1.95472,59.4768,61.8082,15.9783,28.9188,4.273,34,0.307504,1.11704,405.016,124.093,120.298,33.1996,1.71829,65.2255,54.6358,18.7371,28.6807,2.88361,46,0.31608,1.07988,447.491,103.013,135.83,35.3503,1.89431,61.9341,56.2425,17.9418,32.0147,3.37688,31,0.323062,1.02011,434.209,83.3436,164.016,147.92,14.4652,61.8912,49.7368,18.7342,43.9892,10.7317,36,0.323897,1.05357,682.387,142.471,130.123,206.773,8.61706,80.8868,71.0046,19.0812,46.7773,8.31805,29,0.38977,1.36083,1002.23,165.605,191.524,51.4875,2.14571,99.3737,79.1076,28.1768,42.3467,4.65127,40,0.284829,1.15112,390.415,79.9316,106.476,51.8962,1.75387,62.4547,48.6127,16.0893,31.188,3.77036,41,0.296361,1.07658,603.652,149.749,95.8964,40.5511,1.29425,75.5779,65.8653,18.551,31.3589,3.38479,39,0.402729,1.09039,394.815,72.2805,89.9146,34.08,2.67688,59.5556,48.037,15.1247,27.5524,4.38336,43,0.306274,0.940646,414.694,102.043,104.734,26.7242,2.57502,62.4558,54.2831,16.5404,31.1902,4.23449,48,0.281517,0.913753,575.275,131.119,130.613,138.727,17.7209,80.1002,65.9905,22.0131,47.0205,9.95545,45,0.301092,1.06589,472.182,86.2917,138.455,96.4213,2.88666,73.3233,53.2698,22.2693,42.9761,5.6585,42,0.317259,1.13263,501.106,119.285,137.775,29.5931,1.5293,74.1784,58.8093,20.8177,36.3988,5.34621,48,0.317811,0.985911
decoupled_wbc_h066_p012,2950,complete,90,18,21.4707,3.95612,0.340955,0.260085,366.544,85.8236,111.576,18.6429,2.28176,61.255,54.6474,18.7541,29.8188,4.55376,43,0.257477,1.06558,390.756,76.4066,123.594,33.4299,1.49068,62.9541,47.1481,18.8378,33.5232,5.9689,46,0.273139,1.00129,400.804,84.0497,124.09,37.7778,1.04917,62.7488,52.6487,18.2488,32.2199,5.76052,41,0.320367,1.02039,288.132,78.6169,87.4814,35.8644,2.16498,48.1479,46.725,15.3038,28.5389,5.23714,44,0.21164,0.787588,459.604,111.207,138.565,83.3304,3.70034,69.0821,58.8946,17.7964,27.9052,6.58346,43,0.298937,0.922032,406.217,100.53,85.892,29.3905,1.26563,63.8406,56.7328,16.6054,26.4323,4.63985,36,0.290584,1.06599,566.741,109.356,159.526,176.194,25.913,72.9437,60.5125,20.9047,35.3392,13.1024,36,0.352139,1.00421,400.419,107.374,94.9827,29.8987,1.96583,68.5205,57.256,18.7288,22.9759,5.40284,50,0.30707,0.826538,372.438,108.185,98.582,30.9594,2.38367,61.7872,54.4617,17.2082,20.3444,4.17426,49,0.203298,0.829985,610.049,137.854,146.793,24.4271,1.1694,88.0187,71.1808,20.3976,22.8041,4.29819,44,0.362664,0.905991,416.112,81.7985,91.996,21.818,2.26518,68.0414,51.3166,18.1644,21.9784,5.78134,50,0.295757,0.986855,572.279,119.573,103.765,21.5958,2.02555,76.6971,66.9423,19.2331,24.068,6.60368,35,0.385732,1.2032,537.171,132.364,118.494,82.9628,4.24392,70.4882,68.229,19.3069,32.7039,9.79912,36,0.346058,1.16516,857.909,243.901,223.297,146.88,16.2844,100.805,83.2787,30.2707,49.1831,18.0544,33,0.382961,1.26757,634.923,115.701,143.25,238.606,21.6504,77.0593,65.8579,23.2874,47.2448,15.4274,37,0.348703,1.19515,909.396,208.219,187.536,166.067,11.6726,91.5662,71.8213,28.8225,51.3495,12.3592,39,0.35809,1.09001,619.881,113.295,158.673,229.5,10.4968,87.8574,66.2065,24.3261,42.7237,10.833,42,0.285273,1.15543,685.467,125.205,148.372,47.4325,2.90472,88.0401,67.2393,25.8375,36.7849,7.1272,37,0.370353,1.37943
decoupled_wbc_h066_p012,2951,complete,90,18,15.0922,2.92581,0.160926,0.378327,567.112,94.4588,91.9269,18.4798,1.89672,81.7046,63.3299,21.6384,27.5977,3.13466,45,0.343432,1.08287,355.478,98.2154,108.753,39.0538,3.11938,60.674,51.0521,17.2018,26.0937,4.53847,43,0.286787,0.956833,441.523,119.824,102.969,30.8244,2.54805,66.5272,71.0482,18.0698,28.4263,6.14121,47,0.291114,0.986319,485.331,107.026,105.737,28.2753,2.07011,65.3767,61.0088,17.9678,25.1194,6.64516,41,0.300817,1.0552,399.449,121.936,99.0403,57.4394,2.637,60.95,63.2696,16.323,25.7878,5.64661,43,0.236181,0.900632,433.693,123.041,135.684,101.171,3.15349,66.4384,62.6129,18.629,31.49,6.87549,35,0.254725,1.0762,418.773,118.684,91.2528,45.5488,2.34893,59.0453,59.7035,14.2497,30.8566,5.20263,35,0.327188,0.938629,416.782,103.101,116.272,27.8699,3.55052,68.2051,56.5529,17.3419,28.9478,4.86139,42,0.283316,0.909371,683.425,139.091,141.113,39.1501,1.76071,89.6243,68.5072,23.1818,37.3028,5.92202,39,0.338618,1.00704,432.839,114.486,104.091,46.3364,1.92931,68.1311,56.195,17.7091,32.8545,4.87187,49,0.279882,0.920892,380.132,117.32,110.308,44.6091,1.68435,64.2466,63.5001,18.0587,37.3201,4.65452,45,0.253461,0.861902,298.546,85.6357,94.8589,31.5984,1.75165,48.321,47.7489,14.8898,27.965,4.20351,39,0.236141,0.836977,399.338,81.4657,98.1759,32.2791,1.87778,65.0724,50.6196,17.8286,31.6475,4.22771,36,0.289558,1.09272,439.224,101.654,125.056,37.4808,2.10274,67.3546,56.2526,18.3435,33.0678,5.88186,37,0.269766,1.03744,425.198,100.304,116.855,39.2153,2.51218,63.3079,57.4487,18.5634,30.4138,5.38202,43,0.293708,1.08831,648.753,158.441,169.425,206.669,6.61174,87.2643,64.2859,23.8029,52.8663,9.15002,42,0.33558,1.03042,404.086,81.9098,92.803,34.0972,2.35337,67.1185,53.2687,16.5626,32.7339,3.76403,41,0.379247,1.16862,437.722,71.371,80.8883,37.6434,2.01423,63.216,49.6502,15.3639,29.3377,3.5123,41,0.340376,1.0501
decoupled_wbc_h066_p012,2952,complete,90,18,27.7148,3.14322,0.163552,0.340342,409.555,80.5373,90.0808,41.272,2.16329,62.8129,51.0276,16.5772,25.2878,3.94012,42,0.299338,1.03385,368.732,88.9675,90.1072,30.3178,1.3397,62.4393,55.8051,17.1918,25.5558,3.45191,45,0.292595,0.912451,356.645,92.1787,104.315,20.9566,1.19205,60.0024,53.7846,16.8808,25.2691,3.55781,40,0.257295,0.919884,423.433,125.213,126.987,32.5939,2.35929,70.477,62.7908,18.6806,35.3075,3.86373,38,0.325939,1.00953,402.167,110.848,90.1284,36.5425,2.06643,60.4943,57.3485,15.4558,31.5097,3.63174,30,0.342358,1.01296,466.687,102.994,95.0469,38.3123,1.5885,67.4569,55.3987,18.8222,35.7817,3.91445,37,0.325407,1.09982,483.818,110.433,77.7667,34.6459,1.94828,67.6351,61.8131,14.6964,29.9455,3.90176,39,0.314257,0.919403,473.044,162.838,120.765,69.2628,2.05403,71.7315,66.2465,20.5835,43.4717,5.03529,46,0.330217,1.06063,733.585,149.504,104.821,43.7447,2.22648,83.6849,67.5377,19.0214,39.6722,4.69954,36,0.330531,1.18287,351.617,65.2635,53.6334,31.4962,2.47627,53.5651,42.7739,13.1372,24.7947,2.8871,36,0.357353,0.859932,446.667,108.154,116.013,161.332,7.72422,66.9284,54.1232,18.3113,42.1608,8.3943,39,0.261057,0.943943,369.143,111.484,106.763,30.3232,0.750633,62.2486,60.0349,18.5963,28.5091,4.03181,48,0.250058,0.853729,429.912,103.936,100.507,37.7853,2.34041,63.9918,57.4847,16.466,30.8302,3.04082,43,0.285028,1.04785,341.869,105.036,99.6718,43.4484,1.35277,55.1719,57.9852,16.7024,34.2802,3.39122,31,0.241304,0.813123,1447.82,516.947,229.89,91.9232,2.48735,125.083,109.481,30.8934,57.8899,6.18593,26,0.53107,1.49188,519.832,113.124,102.432,71.188,2.0293,77.4989,64.4484,18.1346,36.8743,5.08268,47,0.392882,0.894317,583.095,111.864,104.37,32.607,2.52198,73.6691,68.2212,17.7808,32.6463,4.46437,39,0.433102,1.3036,414.402,95.9858,106.683,35.493,1.98596,63.3316,55.2542,17.4767,33.6841,4.70179,37,0.316136,1.06467
decoupled_wbc_h066_p012,2953,fell,56.84,12,41.9109,4.46167,1.6337,0.279728,426.03,74.9612,95.7481,19.539,2.698,65.4776,51.7169,18.3243,28.2989,4.53581,39,0.369671,1.19795,294.499,68.9559,65.6289,19.016,2.16479,51.9377,46.0006,13.4836,22.9861,4.26987,41,0.30638,0.854206,339.263,102.688,93.8035,28.0786,1.2731,53.1736,54.7628,15.2529,24.8775,3.52321,39,0.293136,0.935436,470.197,115.257,114.645,35.6617,1.56411,71.6507,62.7069,18.2625,27.5975,2.95953,35,0.267865,1.02976,447.599,132.34,112.916,83.4974,5.04511,69.8791,63.6643,19.3891,32.5374,7.09334,50,0.271855,0.890037,334.594,111.826,116.276,38.9753,2.01256,61.7165,60.7999,17.9888,26.527,4.46312,46,0.239426,0.864274,479.266,114.044,145.779,84.93,4.0483,75.4571,64.7631,21.2392,35.4009,6.03651,47,0.290629,1.08856,496.706,120.438,114.509,60.892,3.32534,70.1371,67.7815,18.4216,26.5625,5.27525,46,0.227444,0.99995,591.216,124.13,133.706,74.5352,4.42946,88.7887,70.2172,23.7755,30.5955,7.33118,50,0.309375,1.06186,432.328,94.0405,113.579,70.6671,6.01041,65.9763,57.0767,19.0814,29.7726,8.08969,38,0.290928,1.17519,350.186,84.3688,87.3088,27.86,1.55768,54.2809,48.5351,15.1809,21.2906,3.574,35,0.245586,0.909633,6766.13,746.711,913.963,349.812,32.2552,302.133,118.797,80.1892,121.006,36.2675,2,0.126396,0.676078,,,,,,,,,,,,,,,,,,,,,,,,,,,,,,,,,,,,,,,,,,,,,,,,,,,,,,,,,,,,,,,,,,,,,,,,,,,,,,
decoupled_wbc_h066_p012,2954,complete,90,18,17.3615,3.12211,0.176099,0.236102,415.819,92.2888,107.232,20.2094,3.17038,64.9354,55.5313,18.4697,27.679,4.91422,50,0.31118,1.01105,405.702,94.0716,129.643,22.9558,2.76621,67.0405,53.9777,19.6411,28.3275,5.81081,44,0.291429,0.888177,418.352,89.847,105.254,28.5653,1.93179,71.7867,58.6357,20.0517,31.1303,6.35007,46,0.394999,1.00054,460.686,103.46,127.773,23.4109,2.33839,67.8603,53.4918,20.3287,31.9058,6.84197,51,0.297824,1.03537,536.552,108.938,125.794,22.4305,1.60701,78.4233,62.4859,21.5776,33.2834,5.00712,38,0.361163,1.11432,475.341,113.685,125.113,77.9024,1.76795,72.0252,60.5007,20.3839,38.0907,4.76099,45,0.267535,0.993276,427.893,92.4665,113.521,25.9648,2.37342,63.0528,55.8244,19.6293,29.8233,5.30095,49,0.310928,1.01995,612.543,125.283,131.898,26.6406,2.11435,76.7745,66.7695,22.0072,30.0394,5.26718,47,0.268738,0.956431,456.475,111.652,138.95,30.1539,2.29166,73.2357,65.4634,20.2648,27.7805,6.39895,47,0.22199,0.93964,377.137,114.105,105.892,22.5594,2.28008,62.8362,58.3156,17.8421,24.1831,5.89989,50,0.268692,0.853874,546.638,131.215,248.936,165.57,23.9917,82.7101,68.2375,28.4054,52.5763,15.6259,36,0.289392,1.3244,403.339,102.123,95.2429,32.2627,2.69518,62.4199,59.0049,16.6258,30.2136,5.57049,48,0.239667,0.894013,430.709,112.485,118.54,30.3021,2.93749,63.2129,56.5373,18.4517,31.3438,5.3424,36,0.261333,1.03213,533.543,114.197,116.446,43.167,2.33599,67.0018,57.5571,19.6111,37.4075,4.85654,43,0.248496,1.03987,400.889,101.089,76.5575,36.2731,1.58062,60.7623,60.5976,15.8576,28.244,2.92745,50,0.240837,0.804843,476.684,83.8234,73.7856,89.067,2.80992,69.9144,54.0503,17.2515,27.8952,4.12765,44,0.350335,1.00889,711.426,245.616,156.678,67.9916,1.88503,86.1406,72.0656,23.166,36.5746,4.59006,42,0.25051,1.10179,458.639,103.526,103.775,37.7504,1.10854,65.4712,59.1761,16.3594,27.9461,3.53033,33,0.367458,1.24745
decoupled_wbc_h066_p012,2955,complete,90,18,17.1649,2.48546,0.116941,0.316841,366.261,86.7436,83.9472,30.779,1.89245,57.1004,57.1507,16.7065,31.215,4.56199,46,0.236108,0.954816,360.396,110.03,111.827,49.3321,2.00123,55.0375,59.2146,15.3895,31.6605,4.32763,32,0.242432,0.90533,406.196,83.7269,108.928,52.5891,2.08457,52.7654,50.277,15.3532,29.9144,3.6647,35,0.261995,0.903315,407.415,101.825,84.2737,69.6485,2.93465,65.6967,57.9876,17.3476,33.9566,3.90251,45,0.312851,1.10268,445.488,93.906,101.518,33.659,1.70574,65.938,55.1891,17.9918,36.0816,2.9577,45,0.31919,0.970855,407.395,75.6787,62.9528,25.8627,1.16453,63.788,47.6983,13.7904,30.0875,2.75937,49,0.278368,0.84613,344.966,74.6164,74.6501,26.014,2.52187,59.7284,48.9461,15.1344,29.0573,3.93616,44,0.287157,0.911561,365.534,88.9678,113.717,30.0688,2.10503,56.7849,50.5069,16.0799,25.9762,4.33701,36,0.258241,1.09747,387.138,90.3343,97.6851,26.9811,1.6547,56.0593,50.7973,15.6506,25.2042,3.24118,39,0.291419,0.931923,498.671,108.416,129.495,43.8345,1.7424,69.5446,53.957,18.0734,32.2933,3.6721,40,0.336352,1.10234,325.854,83.2567,77.8707,39.2128,1.6365,51.0727,49.1714,13.9662,26.2637,3.88258,37,0.244443,0.992274,567.762,113.543,89.8298,41.2118,1.86538,65.6928,60.6119,16.64,30.3527,4.0653,35,0.317032,1.16574,427.395,123.436,120.728,197.963,8.22574,64.4602,61.5794,19.1822,52.8132,13.9952,44,0.233272,0.884928,443.344,130.559,114.544,47.6452,1.76531,64.942,67.0416,17.8158,34.4347,3.67588,36,0.318695,0.778834,300.429,89.6664,81.5848,23.683,1.69821,53.7764,50.726,14.8949,23.0627,3.50411,50,0.235263,0.818885,576.369,151.324,130.768,38.7523,2.35432,72.9589,70.7789,19.9378,26.052,6.35192,35,0.277569,1.084,343.097,107.242,95.9604,36.6478,1.4324,54.9597,51.8014,16.3987,22.1228,4.14163,38,0.217811,0.904348,477.977,108.35,92.6063,37.4178,1.31252,68.8126,58.1894,18.3441,24.2655,3.92977,39,0.312289,0.956605
decoupled_wbc_h066_p012,2956,complete,90,18,23.8843,3.11158,0.343511,0.447637,399.119,84.2389,113.518,22.9774,2.21973,67.3951,51.6607,19.2542,29.441,4.41274,41,0.31917,1.03371,360.75,78.31,104.568,28.2708,3.24567,59.9781,50.4986,17.1224,26.1004,3.69687,39,0.32321,1.06135,361.275,88.165,75.8206,26.1034,2.79779,55.2516,57.058,13.2821,19.5053,3.11351,37,0.344786,1.09379,315.793,92.5961,99.9714,30.427,2.97234,55.1084,50.295,16.8204,24.73,3.10545,35,0.256504,1.07748,445.677,80.7699,91.5941,24.8906,2.70199,68.4986,53.2272,17.757,22.4708,3.82265,42,0.306988,0.994437,956.565,213.116,177.642,34.3342,1.94615,93.2193,75.3559,25.8886,34.8475,7.16985,39,0.268696,1.00921,368.737,91.7101,127.164,31.8073,1.98997,60.1548,51.5292,18.0195,26.7113,5.18351,46,0.257867,0.945573,396.265,114.981,118.08,27.0518,1.33819,67.2613,59.9465,18.3075,23.5838,4.86358,56,0.257895,0.833413,307.218,94.9252,80.0585,30.1727,2.0432,51.8223,46.0509,14.6575,21.7623,3.66321,36,0.252388,0.952385,319.438,87.3649,84.4904,29.5559,1.95126,50.2964,52.1752,14.65,18.5696,3.80171,44,0.220825,0.800092,730.249,150.757,214.597,142.307,8.23787,86.9521,75.3092,26.6383,40.1741,11.4634,37,0.335929,1.22775,404.021,122.858,110.839,28.5522,2.69866,63.8196,62.2005,17.7725,25.8573,5.47936,48,0.26755,0.921863,685.895,148.693,149.578,103.203,5.12675,90.5528,68.7176,25.0268,35.642,7.52322,38,0.297238,1.20772,443.099,91.7772,114.264,30.2501,1.38174,63.9216,51.1613,18.0767,25.9283,3.72586,43,0.340463,1.05845,447.333,121.808,134.878,83.316,2.27453,70.0726,64.7728,19.4672,32.9519,5.27099,37,0.324883,1.04944,575.962,111.218,134.154,144.31,8.17815,82.8716,62.1097,23.098,35.8914,9.92289,44,0.318171,1.16485,441.226,99.3717,104.086,27.1393,3.23546,67.3528,57.6626,18.4545,24.7685,5.06534,36,0.299786,1.01846,1054.22,257.596,159.769,37.5054,2.86163,98.9647,87.9539,23.4721,35.3001,7.424,34,0.359855,1.31282
decoupled_wbc_h066_p012,2957,fell,46.04,10,32.7244,12.4253,2.08617,1.25764,430.243,95.507,102.088,22.8796,1.85932,70.8369,54.4346,18.9655,30.0163,4.60419,46,0.25628,1.08716,487.813,100.091,91.2968,23.0055,2.56984,78.3552,62.8501,18.856,30.0531,6.01757,39,0.384832,1.11717,422.856,102.866,93.3431,41.8975,2.26351,62.698,62.5424,16.0064,29.5051,6.7777,44,0.30119,1.05845,440.798,111.122,112.095,79.095,2.74852,61.2389,61.5162,16.0095,35.4006,6.45337,39,0.318189,1.03801,586.553,121.094,96.0745,41.4284,1.25065,77.1622,65.9105,19.7817,36.1906,4.72369,40,0.375905,1.06124,404.64,86.8991,65.537,32.1406,1.99325,58.9748,57.6725,12.7729,25.9271,2.8366,34,0.361997,1.05485,316.712,94.0298,89.2769,40.7937,2.04907,50.9592,52.3614,14.428,30.8069,3.59749,45,0.187878,0.834924,474.235,128.149,115.522,62.2683,1.63381,66.5233,56.8158,18.3924,34.6123,3.64066,47,0.264593,1.03463,393.318,99.9574,121.691,42.8749,1.66298,65.3119,50.9915,18.6523,25.4413,3.08858,43,0.311053,0.940243,2019.89,366.82,511.836,191.939,22.5791,99.42,71.6721,38.8152,71.0968,21.5196,4,0.227749,0.837533,,,,,,,,,,,,,,,,,,,,,,,,,,,,,,,,,,,,,,,,,,,,,,,,,,,,,,,,,,,,,,,,,,,,,,,,,,,,,,,,,,,,,,,,,,,,,,,,,,,,,,,,
decoupled_wbc_h066_p012,2958,complete,90,18,19.8446,3.2428,0.339436,0.217059,411.227,77.1918,87.593,35.6912,1.81835,66.8057,52.9983,17.7469,27.3209,4.17422,42,0.345262,1.04031,397.139,96.2449,104.502,66.4611,2.48052,61.5685,55.974,17.5407,26.8198,4.78004,39,0.32271,1.14825,429.112,99.0116,74.9947,50.4143,2.40747,60.8046,57.4899,15.5097,23.6914,4.63768,39,0.375845,1.08438,554.603,116.898,154.433,30.584,1.68961,81.7009,59.259,22.5844,29.8919,4.78232,41,0.391538,1.23439,492.339,114.253,114.318,23.9561,1.40314,72.8809,64.6047,19.8848,29.5823,5.30177,54,0.292479,0.900199,455.842,118.888,125.592,26.4059,1.70563,73.8284,64.5882,20.4243,33.7123,5.1035,39,0.333447,1.17326,428.367,99.2729,103.444,21.1576,1.47675,68.5708,57.679,19.9582,29.7701,3.51873,45,0.346144,0.977751,347.88,82.6814,89.7856,33.1872,1.25803,56.108,48.3481,16.0337,26.9896,2.86916,40,0.259562,0.946437,470.731,126.825,118.471,41.4675,1.53019,64.6503,64.1276,18.4765,30.1831,3.23082,43,0.253473,0.866199,409.336,102.494,98.8688,34.7702,1.61226,65.2265,51.6788,17.7169,22.1181,2.7046,43,0.315303,0.852809,665.791,132.905,121.155,29.1919,1.47439,82.7995,66.0407,20.036,26.7203,3.86789,35,0.337269,1.20738,364.29,77.9158,86.6917,24.5066,2.08336,56.7466,49.2382,15.5977,24.2223,3.46329,40,0.289932,0.888591,361.019,91.5073,107.518,115.851,1.99019,60.1011,54.6713,17.988,34.0663,4.56287,51,0.215845,0.869609,488.372,112.219,76.5392,30.6841,1.1066,68.8495,62.7316,17.2932,26.4553,3.15688,40,0.416582,1.18101,809.813,143.243,152.395,172.146,15.4145,87.2994,65.6734,23.2702,56.7815,11.4665,36,0.428451,1.06131,401.242,68.3793,92.2625,27.9373,1.16124,59.9205,45.7662,17.3957,24.4733,5.44792,40,0.326744,1.00201,521.724,149.766,100.621,73.8999,11.9886,72.6915,72.7516,19.2935,31.8535,9.96514,51,0.337075,0.766719,469.699,99.4373,121.529,29.5735,2.12107,71.4304,61.5654,20.8628,29.1337,5.71206,45,0.295604,0.972568
decoupled_wbc_h066_p012,2959,fell,35.9,8,28.7873,21.806,1.1463,2.77988,404.245,77.0042,71.6726,21.3276,2.28686,64.8632,50.0621,15.9576,26.449,3.66292,36,0.327895,1.13452,350.814,83.2551,80.8256,24.2391,1.60616,54.5068,53.5143,14.2261,26.3385,4.14335,41,0.288755,0.976321,437.544,104.566,121.631,24.4114,1.43752,72.5309,60.8393,19.1135,27.9312,3.60001,45,0.281951,0.978555,428.541,108.178,98.8236,31.0896,1.67386,66.6641,62.5643,17.6803,27.2675,4.11546,52,0.297132,0.821229,525.317,137.379,128.551,36.6555,2.58297,77.3373,70.5798,19.8246,26.3073,6.94996,41,0.319991,1.05192,416.397,86.0337,99.2628,75.4339,4.04954,63.1628,52.4237,18.3975,31.2885,6.9548,42,0.301029,1.04827,368.49,106.781,108.567,35.7672,2.62271,61.4315,59.4176,17.906,26.5657,4.78223,45,0.226416,0.767577,4715.9,293.495,502.412,143.3,7.27429,203.515,53.1769,41.7902,38.3027,12.4653,1,0.343811,0.943215,,,,,,,,,,,,,,,,,,,,,,,,,,,,,,,,,,,,,,,,,,,,,,,,,,,,,,,,,,,,,,,,,,,,,,,,,,,,,,,,,,,,,,,,,,,,,,,,,,,,,,,,,,,,,,,,,,,,,,,,,,,,,,,,,,
decoupled_wbc_h066_p012,2960,fell,56.56,12,22.0715,11.877,0.399239,0.892807,352.221,66.5992,85.5021,23.1765,2.11665,63.1124,48.0699,18.3389,27.1156,4.80848,44,0.307783,1.01522,360.994,102.897,99.5879,22.9829,1.72902,64.6616,59.3882,17.6299,26.1805,5.22003,54,0.30465,0.811834,409.171,94.2729,115.447,67.0079,3.14546,61.765,53.6,18.156,24.4821,5.13674,43,0.251246,0.889446,508.394,119.789,109.439,51.6081,2.31088,74.0622,66.2627,20.0813,27.6262,4.96253,48,0.31842,0.865422,415.371,88.9708,100.961,24.9414,1.42811,65.5119,50.4497,18.7923,22.0699,4.23028,41,0.348816,1.11339,402.792,116.275,109.137,33.0536,1.64397,66.2108,60.0001,18.4446,22.3961,3.80247,46,0.298559,0.919695,335.089,76.9321,102.696,34.7214,1.0746,52.8293,50.0129,15.0513,21.5649,2.54451,43,0.245461,0.954282,367.476,100.88,113.545,56.3199,1.84374,59.9621,54.0105,15.8941,23.8194,3.32573,35,0.312317,0.860192,400.826,99.0037,115.417,61.0009,2.63091,64.7988,55.6711,18.6561,26.0188,4.41266,44,0.224748,0.876332,424.883,91.3016,99.5667,27.2995,2.20386,71.1176,59.8553,18.8691,24.6206,4.89833,47,0.339238,0.914038,591.986,106.079,165.09,33.4793,2.72831,77.6781,53.5773,23.1036,33.1259,5.70232,41,0.381527,1.1285,7552.38,515.739,1316.03,300.37,30.6896,341.052,97.6361,95.7563,120.325,37.9899,4,0.26767,1.89604,,,,,,,,,,,,,,,,,,,,,,,,,,,,,,,,,,,,,,,,,,,,,,,,,,,,,,,,,,,,,,,,,,,,,,,,,,,,,,
decoupled_wbc_h066_p012,2961,fell,45.56,10,17.1442,17.7393,1.36731,2.1118,423.575,104.193,117.719,27.1115,2.00859,70.1996,57.6245,18.7024,32.8437,4.92171,41,0.262923,1.02302,407.712,115.619,89.2466,34.7723,2.45969,59.8358,60.3781,14.7763,22.8955,3.9353,42,0.268675,0.886263,350.528,111.724,110.166,43.6874,1.70646,52.2948,53.5419,16.3128,22.8393,4.93018,19,0.360017,1.21015,327.002,96.2242,124.388,96.9257,2.89638,59.1886,48.8081,18.1843,29.079,4.86659,46,0.199963,0.858077,300.202,108.804,95.3893,37.6628,1.65799,49.7795,50.126,14.9772,21.1677,4.64637,28,0.217155,0.916514,401.421,152.52,115.765,28.1696,1.17843,63.6389,66.7094,18.1221,22.4738,4.68515,41,0.218731,0.861681,328.71,89.0099,108.7,39.7053,2.47399,56.1593,53.1217,17.3498,22.9184,3.86029,38,0.230205,0.917959,461.889,116.835,119.299,75.8198,2.46278,65.1206,58.7742,16.9772,25.6726,4.51249,26,0.290082,1.18466,478.088,148.382,115.622,65.5334,2.52561,69.2488,55.3721,18.7894,25.9211,5.55763,40,0.347195,0.977393,1555.99,161.589,359.165,114.84,6.49233,72.3243,22.8659,22.2309,18.3988,5.58021,1,0,0.403927,,,,,,,,,,,,,,,,,,,,,,,,,,,,,,,,,,,,,,,,,,,,,,,,,,,,,,,,,,,,,,,,,,,,,,,,,,,,,,,,,,,,,,,,,,,,,,,,,,,,,,,,
decoupled_wbc_h066_p012,2962,fell,60.64,13,19.4675,13.0526,1.26908,1.39063,402.175,95.9499,97.6737,19.2377,1.7627,64.3054,56.4766,17.6814,26.5894,3.94405,44,0.300094,0.967576,416.196,91.8974,92.0897,20.116,1.45206,64.1881,52.1956,18.133,27.1991,4.11955,37,0.35756,1.18956,399.615,76.703,101.945,26.2699,2.84627,62.8149,51.9474,17.2853,28.1463,4.59285,45,0.360455,0.962093,401.885,67.7681,108.616,25.0727,1.69122,63.6913,46.548,18.0226,26.8547,4.21156,39,0.393535,1.13999,488.008,120.372,132.056,122.953,3.3226,72.4406,62.794,19.3243,29.7192,4.94852,45,0.301848,0.891681,479.747,116.767,111.464,26.6212,1.75248,75.8493,65.7328,19.1322,23.1772,3.666,51,0.30874,0.942971,409.496,98.3975,105.533,21.5576,1.37089,63.8499,61.3048,17.0661,19.176,3.23685,47,0.258471,0.988864,393.165,97.7602,98.8863,33.5739,1.87025,56.8213,54.159,16.7055,23.2526,3.19302,33,0.344499,1.17401,495.344,133.647,118.574,88.6234,2.72082,72.0487,64.1653,18.4314,33.1572,4.43423,43,0.259619,0.945717,406.38,103.634,90.5372,27.5072,1.45077,65.2845,58.8873,16.6849,20.8761,3.00959,44,0.346978,0.970696,557.573,126.982,108.722,25.1611,1.57917,80.0565,70.9507,19.0006,21.6608,4.02705,52,0.328487,0.910661,461.472,137.203,125.573,40.0211,1.56751,67.4078,64.5708,18.2782,25.1122,4.53071,35,0.317827,0.924877,2912.71,197.376,309.537,48.9518,6.58895,100.465,33.8211,31.2466,26.1687,11.0111,1,0.0534668,0.810849,,,,,,,,,,,,,,,,,,,,,,,,,,,,,,,,,,,,,,,,,,,,,,,,,,,,,,,,,,,,,,,,,
decoupled_wbc_h066_p012,2963,complete,90,18,20.3269,3.23205,0.493136,0.231348,369.137,66.3439,92.693,18.9192,1.88825,60.1943,44.3803,17.1235,28.0271,3.38461,41,0.310096,1.00289,391.182,75.8841,84.4219,27.4255,1.31976,64.406,52.9137,16.7029,32.2345,2.91037,49,0.327596,0.951522,376.944,100.973,103.353,47.6768,1.90194,62.7685,57.7316,17.5567,33.4889,3.7938,43,0.307305,0.879805,372.753,86.5357,104.887,32.4057,1.79523,64.2468,52.2975,17.1323,34.4268,3.62407,46,0.280195,0.914405,374.86,85.2386,123.065,42.9645,1.65663,57.1671,47.7871,16.8738,31.851,2.89013,42,0.279243,0.928357,444.898,115.882,128.088,36.5593,2.26473,69.4012,62.4919,19.9806,35.0667,5.1474,29,0.350244,1.18014,473.247,97.0876,126.552,32.6283,1.85192,71.8401,55.5113,18.3653,33.2126,6.63229,39,0.351119,1.18988,416.066,98.8085,122.856,35.0428,2.78219,63.1655,56.8069,17.1602,34.3129,7.25589,43,0.271048,0.95032,371.56,95.95,104.988,27.9139,2.20089,60.9375,56.1623,16.7398,31.2353,5.90111,44,0.255387,1.01288,407.51,99.9166,77.1483,37.4567,2.73204,58.9431,52.0519,16.457,30.013,4.60457,51,0.244287,0.836297,369.856,96.8781,104.573,33.6207,1.69249,60.7234,59.5548,16.3436,33.8959,4.09856,45,0.239362,0.888904,751.729,131.26,138.524,193.98,8.08365,87.4063,67.5044,20.3797,45.2296,7.66461,26,0.324096,1.46316,493.984,102.919,126.156,204.484,12.4947,65.7293,54.7289,18.7362,45.8081,11.4579,33,0.37758,1.16889,577.383,138.277,153.502,122.725,5.03294,72.8538,66.2328,21.6231,52.5408,10.2882,31,0.403722,1.15641,379.696,92.3925,90.7991,36.7746,2.19733,59.3812,49.135,17.1497,30.7636,4.24266,49,0.267389,0.928276,330.303,88.4429,101.88,44.9533,1.7189,52.5156,46.0615,16.7604,32.2259,2.7697,37,0.245346,0.954745,469.882,138.964,120.641,37.3527,1.3262,68.0329,66.4005,18.2679,30.6203,2.97093,50,0.185605,0.887026,677.893,139.529,88.2103,39.5302,0.935715,78.3407,67.3235,17.7081,29.1412,2.79516,32,0.372824,1.23344
decoupled_wbc_h066_p012,2964,complete,90,18,14.9714,3.08972,0.0876609,0.291481,361.279,81.0198,96.9911,24.9118,2.30433,61.6462,53.2674,18.0103,26.6028,4.47229,42,0.275471,1.05595,367.17,90.8742,124.185,31.9466,1.91357,62.7114,53.534,19.2233,28.7418,5.65511,38,0.311177,1.07201,345.041,72.0493,79.2204,30.5317,1.73436,58.1895,45.5641,17.3938,20.9292,4.46317,46,0.315182,0.889861,403.361,92.8656,84.4448,29.6816,2.44101,58.5329,57.9389,15.7911,20.4342,4.86479,45,0.285072,0.841621,534.567,94.0691,116.852,39.7764,2.80003,70.0805,60.7329,20.6031,30.9439,6.89558,44,0.342388,1.16695,516.522,124.5,105.585,27.6544,1.76087,73.4457,65.4951,19.0632,27.7981,5.82465,45,0.276,1.001,386.364,83.007,74.549,20.8934,1.85268,59.3613,55.7366,14.1733,18.1104,4.42119,39,0.3816,1.12276,411.72,94.3958,97.0486,24.8619,1.9045,68.8881,58.612,18.6026,19.0559,4.33027,48,0.30477,0.845322,520.437,168.29,119.161,34.6653,2.66555,78.4345,61.825,20.9611,25.7688,4.97951,45,0.349813,1.10407,551.401,175.523,142.963,120.72,7.28735,73.1441,72.9328,21.1574,34.3326,8.80393,45,0.226683,0.94743,522.401,125.047,125.19,36.0056,2.23116,76.5671,66.8826,20.8157,32.2457,5.63399,38,0.330953,0.988617,459.122,107.238,115.898,28.6611,2.27872,70.5655,58.9798,18.4457,26.4823,5.08586,45,0.303116,1.04265,303.352,98.9282,93.0973,31.4659,2.91621,48.9061,47.8568,16.2854,20.8177,4.44286,41,0.18834,0.85724,640.33,226.787,207.894,48.2878,2.49929,82.0051,89.0946,26.9151,31.3686,7.80235,36,0.166246,0.900536,469.306,112.32,102.819,33.9954,2.10526,70.6238,60.1246,20.1383,23.9619,5.5133,49,0.305848,1.08383,459.581,98.7747,80.1107,25.1906,1.71557,69.1156,62.8788,18.3129,18.0624,5.12901,53,0.322427,0.751355,494.495,122.93,89.166,27.2719,1.54534,72.8603,60.9263,18.2642,18.9889,3.29285,39,0.300886,1.15248,399.126,97.7478,120.561,19.4896,1.92698,62.7251,53.7083,19.6229,21.3828,4.43785,37,0.294165,1.06307
decoupled_wbc_h066_p012,2965,complete,90,18,19.4582,2.94367,0.155252,0.150097,424.86,80.9773,95.7555,19.3434,2.51,65.0044,54.358,18.8307,28.481,4.64437,37,0.367855,1.07393,491.878,81.6475,93.2766,47.0501,1.75474,70.4764,57.1446,18.3544,30.6185,5.07342,44,0.327869,1.06238,398.523,91.515,106.654,28.2972,1.72997,65.8174,51.4534,18.4506,28.3416,4.61786,48,0.330784,1.01804,319.193,63.6508,105.499,31.2403,0.991751,55.1217,45.7794,18.0544,25.4279,4.02295,47,0.251086,0.922895,415.11,87.5149,113.912,30.7002,2.03934,66.0094,50.3352,19.0957,26.3331,4.05851,46,0.319757,1.00513,423.742,90.2323,128.322,106.84,2.26986,66.4823,56.037,20.1817,30.1177,5.59975,45,0.321054,1.03551,592.843,145.582,110.485,33.8871,3.2213,75.0807,70.3366,20.4921,27.4946,5.67746,40,0.351779,1.19792,476.742,89.8814,117.118,28.2375,1.76424,70.0962,56.7306,20.3402,27.4652,4.60928,45,0.30923,0.972595,420.975,76.3411,103.476,76.9727,2.60445,63.2871,48.053,18.5966,28.8541,5.32519,41,0.312608,1.02019,493.068,101.426,111.983,21.1293,1.54251,72.8173,61.9357,20.9063,28.4717,4.27887,52,0.241805,0.778853,351.465,67.6254,98.0187,19.8914,2.01537,55.6102,45.9518,17.6288,26.1538,4.27411,39,0.301912,1.01964,482.367,124.16,124.79,27.4599,1.80273,72.5623,67.1233,23.1826,33.0692,5.19349,43,0.247629,0.952633,596.201,121.564,108.576,38.0014,1.82575,70.6473,57.2546,18.8869,30.8065,5.18672,36,0.329656,1.24705,306.444,75.2614,90.3221,24.0785,1.67674,53.1094,49.9724,16.947,25.9306,4.86284,54,0.236133,0.761913,401.82,97.9769,76.8264,21.5296,2.13792,55.3624,57.8536,16.3795,23.5639,3.66863,45,0.257475,0.801896,574.713,119.281,159.765,25.1177,1.5064,74.9266,65.5407,24.8146,34.5157,5.13447,37,0.31886,1.05465,674.017,229.025,170.744,34.0609,2.5499,91.6575,80.6058,25.2095,44.0029,7.67098,40,0.359192,1.06192,304.918,71.5846,79.045,22.0793,2.00457,51.0284,44.9344,17.1852,26.6388,4.32029,50,0.18562,0.765628
decoupled_wbc_h066_p012,2966,fell,85.94,18,24.4705,6.09662,1.20994,1.89518,381.679,76.9743,74.4881,24.4646,1.68247,60.1743,50.3299,16.0301,27.6031,3.91428,43,0.285361,1.00716,383.52,83.4538,105.763,88.0168,2.76955,60.8873,52.0439,18.0677,30.3981,5.11322,44,0.278899,1.09062,497.897,78.202,107.069,26.8624,2.12079,69.4452,49.9365,20.1005,24.6542,4.23849,38,0.373944,1.10547,413.153,75.9158,103.426,29.209,2.78777,68.9452,50.1864,18.6774,25.7546,4.0913,43,0.311651,1.0723,393.998,94.0529,88.8422,21.33,2.03454,64.5836,59.935,16.9165,27.7189,3.61383,39,0.347991,1.11652,548.699,113.456,143.595,76.6609,3.07287,74.9472,62.1909,21.6035,34.8502,4.37395,41,0.301704,1.15617,609.772,110.704,113.396,20.8702,2.76186,83.6968,63.1654,21.4558,24.3468,7.19097,37,0.335911,1.03476,404.182,129.674,116.616,35.9312,1.34684,64.9099,65.0119,18.0505,21.306,4.92551,43,0.295055,0.911429,496.52,87.89,91.367,21.2621,1.55426,73.2044,60.6628,18.1671,19.2442,5.4442,48,0.341438,1.02949,451.328,110.682,117.663,38.8787,1.36655,69.8965,57.7153,20.0199,26.7269,5.32033,48,0.281815,1.03812,431.473,128.612,131.161,42.653,2.96144,65.6539,61.4506,19.2502,31.1105,5.36707,43,0.339461,1.12422,516.077,91.1964,95.834,26.52,2.30675,74.9617,58.1141,18.5934,26.7334,5.60489,40,0.315633,1.14837,347.571,81.9119,93.8787,28.4837,1.70008,60.6566,51.0334,16.5482,27.3335,5.84634,37,0.339519,1.07972,546.598,96.3188,108.241,31.0056,2.07193,74.9644,57.125,20.464,26.7108,6.15214,31,0.393005,1.51346,375.662,86.9819,126.169,98.3638,4.59327,59.8685,52.3503,18.7525,33.5721,7.74152,40,0.305269,1.07815,562.407,132.058,133.777,148.631,4.50837,83.5258,66.5602,23.3276,46.4343,9.60864,46,0.326013,1.01644,516.749,103.068,116.441,26.3552,1.99302,78.0212,61.0494,20.4588,29.6001,5.87302,40,0.360949,1.00059,2040.78,469.936,319.926,62.0636,1.55228,90.4541,60.4733,31.4309,47.2924,5.1725,3,0.214676,1.4955
decoupled_wbc_h066_p012,2967,complete,90,18,14.3088,3.84049,0.410772,0.13257,362.004,77.3506,104.58,21.209,2.17319,62.1401,51.6448,18.8046,28.5504,4.17452,45,0.269441,1.04681,353.675,118.786,108.96,34.5257,1.48346,63.2359,60.7849,17.7991,29.9324,3.40669,48,0.203157,0.741632,368.157,97.9409,106.625,56.3395,1.67637,62.9365,53.7057,17.3453,28.4576,3.49811,47,0.24763,0.879561,277.128,101.527,86.9772,37.7182,1.31689,43.5577,53.5768,14.3163,24.3438,2.5453,32,0.231714,0.643393,344.172,92.1398,98.1263,51.8201,1.61155,54.9458,54.5757,16.158,27.1326,3.39333,43,0.236313,0.845054,595.751,98.5617,88.0396,26.7239,1.84272,76.2031,58.88,19.4439,27.2859,3.77322,30,0.461225,1.39913,405.579,88.0679,98.1425,34.4392,1.87517,64.5853,53.2658,18.8908,28.7788,4.24276,44,0.33009,0.991689,350.072,78.2786,77.4933,20.5032,1.59458,61.9021,50.9053,17.4286,25.108,3.41389,55,0.266877,0.781563,340.654,86.8618,99.8486,20.7664,1.33255,54.7372,54.3641,16.4516,26.228,2.96036,36,0.213081,0.859751,385.667,121.508,120.049,27.4362,1.07975,66.1433,64.5529,19.7083,32.8681,3.94055,40,0.230259,0.850454,396.919,101.669,105.078,59.1404,2.08237,62.878,60.3443,19.0509,36.3879,5.30185,45,0.305303,0.905006,553.851,110.321,123.747,176.652,11.645,77.4766,63.5064,22.1755,53.2429,9.41164,33,0.316115,1.01699,390.339,88.2788,97.701,26.924,1.99997,68.0744,55.9678,17.2806,26.6271,4.65494,46,0.314187,0.890866,465.104,84.757,81.3435,24.7794,2.08719,68.4493,56.9267,16.2431,22.894,4.38796,46,0.375646,0.925572,425.169,109.93,117.714,32.5775,1.75842,61.3335,60.2209,19.7312,30.1033,4.21133,41,0.271964,0.9831,390.177,103.063,107.338,37.3294,1.82731,62.7369,59.2533,18.0909,32.8244,6.13523,40,0.229155,0.847948,532.11,105.909,126.217,32.9624,1.97598,72.602,59.2097,20.1825,31.8967,4.65408,35,0.338376,1.19642,307.506,132.697,131.96,107.412,12.8263,56.2791,62.1532,18.349,34.4991,6.49652,47,0.168801,0.713576
decoupled_wbc_h066_p012,2968,complete,90,18,20.291,3.4948,0.287464,0.436011,424.797,112.549,104.542,22.9288,1.63107,68.9955,64.336,18.9423,28.9642,3.78748,50,0.279717,0.959169,341.435,92.4258,91.3209,35.8193,2.5578,56.7884,50.1583,16.4386,26.3357,4.26415,44,0.236492,0.864922,330.375,82.7472,107.315,35.7427,2.37146,54.7221,50.4227,16.9814,21.9795,3.85325,42,0.266222,0.951667,387.163,82.8994,106.706,16.6945,1.66924,60.2972,50.5326,17.4566,23.4033,2.94497,51,0.24894,0.934549,446.963,140.615,124.275,46.3383,1.72508,70.6511,65.681,18.6351,24.5039,3.6911,44,0.288494,0.838814,403.663,143.431,115.044,36.5888,2.40745,68.5615,66.1989,18.8626,28.0289,3.39454,52,0.240897,0.836493,392.126,107.08,106.286,33.3323,2.08327,63.0476,57.1185,18.1783,24.771,3.02971,47,0.294196,0.876483,443.644,123.342,122.024,175.23,2.29488,64.9294,66.7315,19.0643,32.6155,4.48576,41,0.286621,0.876397,427.313,103.122,128.584,39.9525,1.44929,67.233,57.5517,17.6724,25.5894,3.41735,37,0.304295,1.03222,453.243,132.58,104.143,30.1575,1.40922,72.7821,67.8273,19.6863,27.3669,3.07755,49,0.314404,0.884189,473.911,115.407,115.57,96.0602,2.35742,67.4381,66.3764,17.8527,28.0346,3.6817,50,0.218459,0.863494,480.318,113.122,126.914,40.6115,2.37775,68.4046,61.6063,20.1095,29.8435,2.97801,47,0.270442,1.01605,370.716,110.085,88.855,18.483,1.51715,67.3808,60.4695,18.3738,25.5967,3.502,53,0.231033,0.830109,588.751,126.993,143.22,67.0481,1.94522,86.5955,66.4612,24.7384,32.4131,5.23999,44,0.377956,1.10151,749.823,163.212,140.138,108.839,22.8589,93.9129,71.6219,26.2284,45.5735,15.0932,42,0.357691,1.37597,371.549,75.0709,88.2189,28.3322,1.75536,61.5909,49.1454,16.7584,28.3961,3.0955,47,0.285595,0.940715,691.921,199.614,165.508,47.9835,2.68953,86.045,71.9867,21.2319,35.4545,5.39235,30,0.363839,1.13514,505.388,110.037,108.023,34.1856,2.45514,68.8154,65.1222,18.3885,29.9806,5.47585,34,0.369703,1.31611
decoupled_wbc_h066_p012,2969,fell,65.6,14,26.0823,8.86776,0.460362,0.827142,404.05,105.81,107.474,29.5501,2.92807,61.1559,57.1619,17.7618,30.1259,4.93581,38,0.271263,0.901585,345.626,95.6643,91.9091,35.0365,1.70071,59.0925,54.4834,16.3958,22.8094,3.98602,55,0.229075,0.870614,638.647,180.205,129.188,38.3149,1.21803,82.4717,69.4943,22.1034,23.3511,3.3093,42,0.376527,0.953336,447.052,98.706,124.347,53.2747,2.28037,70.8741,48.4433,19.4464,25.8969,3.82746,43,0.36905,1.0726,424.571,87.4348,96.7986,26.8582,2.13324,62.4552,55.575,16.5046,24.71,4.27391,44,0.309915,0.913733,442.08,120.22,112.356,25.2283,2.19659,71.8725,63.6905,19.3302,23.5688,5.5381,53,0.301442,0.954309,564.814,109.249,91.9146,21.6855,2.1667,83.5108,62.8977,19.8369,26.0156,5.31531,47,0.357698,1.00414,376.503,114.673,110.827,41.9144,2.70975,58.6827,60.7898,16.6804,25.7884,4.07267,44,0.236058,0.859014,1023.57,301.412,224.117,63.2592,2.59311,109.16,92.6662,28.7767,45.2816,6.11004,41,0.341958,1.09688,358.298,91.0077,85.6179,35.5366,1.88686,58.4546,53.1387,16.168,28.4539,5.195,38,0.337777,0.964238,346.758,98.1615,74.9403,33.3475,1.37845,56.5267,50.6249,15.4413,28.9232,4.90921,36,0.318078,1.01141,636.635,143.552,120.3,55.2326,3.26377,83.4464,68.8412,20.6844,41.989,6.84381,33,0.40866,1.10289,807.876,118.48,174.165,58.2197,2.17527,88.2534,64.5606,24.4148,37.9257,7.37123,35,0.36427,1.37001,1514.27,145.133,273.786,67.6291,4.89557,62.6779,28.7139,19.9939,26.2297,6.2961,2,0.0400772,0.710802,,,,,,,,,,,,,,,,,,,,,,,,,,,,,,,,,,,,,,,,,,,,,,,,,,,,
decoupled_wbc_h066_p012,2970,fell,55.88,12,16.6475,11.7278,1.92926,2.44956,429.564,86.552,93.6455,24.769,2.83328,63.7206,56.9007,16.8438,27.4688,4.03766,43,0.279267,0.960238,378.197,84.8523,97.4201,23.5828,2.27081,63.4564,49.8904,18.6174,31.0758,5.13422,46,0.279005,1.01008,433.761,93.5974,138.382,27.1688,1.06854,60.5186,52.6662,19.0894,26.7774,3.63055,39,0.326425,1.13064,476.492,110.88,132.243,36.2331,1.66822,73.7907,61.2249,22.0525,33.3187,5.12969,40,0.33794,1.03303,445.59,111.097,100.832,33.3078,2.61599,73.9033,64.7634,20.7468,28.1576,5.76945,52,0.266972,0.847297,427.676,94.8472,113.348,27.7633,2.31559,68.3742,58.6888,20.8062,24.7837,5.95564,52,0.316069,0.916695,405.628,86.621,92.6802,26.1135,2.63379,65.7319,57.3422,18.1884,23.1182,5.59299,51,0.331526,0.830069,437.034,103.039,138.437,34.9733,1.87444,67.0024,59.2806,19.8063,28.2417,6.50433,48,0.290923,1.05227,431.835,94.9689,96.9464,28.9708,2.56142,63.4659,59.7081,15.4697,20.1164,4.39747,43,0.345874,1.00694,372.991,83.3538,77.3273,23.3929,2.04391,55.5395,51.5039,15.4939,16.7256,2.91003,39,0.278189,0.942827,477.401,112.969,105.764,28.7615,1.40824,66.5574,58.5322,17.372,24.1861,3.77782,45,0.349349,0.935455,3044.04,148.577,483.861,171.294,23.9571,124.22,36.8009,39.3955,45.8829,22.1497,2,0.0799637,0.602795,,,,,,,,,,,,,,,,,,,,,,,,,,,,,,,,,,,,,,,,,,,,,,,,,,,,,,,,,,,,,,,,,,,,,,,,,,,,,,
decoupled_wbc_h066_p012,2971,complete,90,18,11.6068,2.83177,0.35788,0.0996562,426.436,111.507,110.326,27.3596,2.15574,68.5876,60.7291,19.6239,26.3936,3.89381,35,0.351169,1.02042,447.217,96.5738,103.53,39.8793,1.73729,70.2476,54.5266,18.7246,22.2353,4.69207,44,0.380888,1.24283,428.049,108.285,94.3764,33.7094,1.324,71.2557,62.3637,19.1424,21.8605,3.60621,54,0.311556,0.892209,485.232,105.247,109.411,51.0201,2.33119,67.9879,63.0217,17.4292,25.7858,3.96715,34,0.322875,1.06642,424.706,113.399,107.362,30.9933,2.55239,65.705,62.842,17.9797,28.1297,4.42121,43,0.274843,0.953649,422.695,113.161,102.514,28.358,1.95347,64.3877,55.4659,18.5469,26.5895,5.13569,40,0.318451,0.976751,677.775,216.014,165.721,26.1091,1.37563,84.0084,71.8498,25.2682,31.2876,5.82802,42,0.31307,1.07304,429.031,124.798,98.0665,22.9805,1.57386,65.3858,67.4297,17.6809,21.415,3.85276,47,0.312694,0.887735,425.278,95.2744,90.7478,30.7212,2.18754,59.7851,45.5842,16.5097,20.4843,2.74016,36,0.316684,1.06251,358.551,72.3013,83.7563,36.5337,2.222,56.1786,47.4674,15.0267,22.9456,3.03268,46,0.203409,0.793812,404.577,110.149,86.6635,33.951,1.89466,59.8072,60.1573,15.4512,22.6403,2.78295,44,0.269475,0.950868,501.669,101.274,139.721,209.798,3.00723,63.9079,51.4667,18.6391,32.8779,4.96802,25,0.357484,1.19924,357.683,84.5442,83.0035,31.0479,2.85878,54.7863,48.0095,16.0296,25.5458,4.55544,48,0.254977,0.899765,481.339,119.703,129.176,31.185,2.06984,71.7497,63.5174,20.6565,30.6386,6.24495,42,0.252777,0.953543,422.66,96.7268,103.108,29.6666,1.16494,59.4683,48.2664,18.6673,22.4238,3.84322,35,0.275972,0.937693,471.923,107.815,129.904,27.647,2.31112,72.2628,57.7739,20.4957,23.9183,4.27791,34,0.337369,1.06446,484.107,109.186,106.018,23.9603,1.76015,74.9308,56.1147,21.6555,23.4703,4.83152,46,0.289078,0.966559,341.878,98.4872,99.5962,25.5122,1.37353,56.6156,54.2147,16.8131,21.8131,3.67785,30,0.224107,1.06373
decoupled_wbc_h066_p012,2972,complete,90,18,17.998,3.83411,0.12705,0.112684,408.361,90.6089,86.504,20.8073,1.89526,63.8929,58.9774,18.2977,28.5669,4.46569,52,0.279013,0.953022,382.42,79.8307,81.5727,17.3689,2.93049,61.6151,51.3396,15.8214,25.5232,4.57239,42,0.28103,0.956735,348.78,85.8411,97.6126,26.2295,1.88076,55.0064,50.3453,16.3501,25.1926,4.86026,44,0.243549,0.91709,1226.93,341.599,200.995,48.6284,2.14058,108.281,87.8997,28.8924,39.7941,7.44153,40,0.278288,1.01509,498.814,120.038,121.562,58.7171,2.30677,69.8507,58.9176,18.9967,33.5375,3.70364,29,0.377153,1.16008,303.88,86.9309,89.9415,61.6116,1.84882,48.8215,46.9092,13.8978,25.4055,3.44004,42,0.192384,0.789312,363.351,91.3987,73.3229,81.186,2.05665,52.9463,50.9873,12.9864,23.4231,3.49467,40,0.234306,0.883071,432.19,123.18,105.287,41.0132,2.57117,62.8017,61.4346,16.1002,24.6304,5.2552,39,0.307667,0.986071,451.512,108.524,122.825,35.2803,2.26028,68.0834,53.6417,18.5727,25.2016,5.53927,41,0.28415,1.03234,399.076,89.6863,105.157,54.4804,2.42689,61.9966,53.858,17.8702,26.4045,5.22904,37,0.282509,0.949152,343.817,98.3485,96.4568,34.509,1.45512,56.2111,57.3344,14.5867,20.9351,4.46099,47,0.269177,0.829534,428.485,96.1951,107.58,110.864,6.03163,65.9274,51.9124,18.1708,28.0736,9.2912,44,0.225978,0.993092,584.707,121.362,108.247,45.0458,1.97989,81.1631,64.0322,21.3802,31.5139,4.24858,43,0.329718,1.05268,293.371,78.7792,73.5809,41.2574,1.66949,45.5079,43.6776,12.853,24.4549,3.09745,33,0.243413,0.7559,336.725,64.481,61.2715,40.6522,3.09207,45.3861,35.9911,11.284,19.5328,3.14391,24,0.399525,1.13186,424.974,113.874,93.8138,43.5979,1.4987,57.906,53.7112,15.2818,28.3516,3.90622,39,0.267003,0.96577,919.036,175.298,144.269,67.6308,1.93261,106.678,77.8308,27.5863,42.5741,4.88615,37,0.396472,1.38596,446.981,91.8469,77.0312,45.3138,1.42857,66.4671,51.6926,18.3779,29.5896,3.71878,39,0.37747,1.053
decoupled_wbc_h066_p012,2973,fell,70.76,15,15.0837,8.29292,0.291237,2.06028,395.38,94.7309,125.704,20.1479,2.00779,66.079,54.0343,19.5901,29.1522,4.85247,52,0.284653,0.978865,386.591,93.6477,113.418,28.3131,2.4897,66.4523,55.7588,17.8004,30.8281,4.45526,44,0.32327,0.958251,359.654,107.43,99.5487,84.4609,3.02543,57.0672,56.4624,16.1894,31.4422,6.37934,47,0.218832,0.848621,365.068,83.327,100.712,102.763,3.80412,55.5425,51.6751,16.4627,34.1142,6.79869,42,0.254601,0.950036,313.009,111.62,100.278,47.6422,2.27736,54.8013,57.7782,16.3134,32.9243,4.70045,49,0.162967,0.683563,517.383,112.081,107.692,45.3825,1.21518,66.8619,58.0962,17.0929,34.3146,4.19184,39,0.311478,1.08444,557.735,128.859,99.519,85.5713,3.21842,73.0271,61.5958,17.01,35.4658,5.01402,35,0.382925,1.16034,426.091,118.362,103.059,52.0777,2.08164,61.8819,62.1508,17.5102,35.6154,5.3256,35,0.324692,1.0688,468.311,126.353,101.244,35.7992,1.94158,69.2148,64.0601,18.1514,36.5292,6.62592,41,0.303773,1.03973,504.761,106.602,110.307,34.1799,2.50295,72.05,59.4036,19.193,34.8296,7.12255,43,0.296459,1.02589,456.043,86.0238,80.5577,34.4315,1.70504,60.5027,48.1229,16.2106,29.8569,4.93535,33,0.364516,1.09505,581.854,163.202,102.503,45.8599,2.40936,73.6127,64.4776,17.7437,35.2964,4.50254,40,0.358908,1.05644,839.795,237.689,155.06,57.142,1.60293,96.3891,79.5217,25.7084,49.5775,5.61443,42,0.349705,1.19803,407.47,103.014,86.1815,36.8184,2.23861,63.6036,59.363,16.1154,31.8777,4.24419,46,0.293948,0.811679,920.822,87.4379,113.451,70.8455,4.0298,43.0663,20.3939,10.7894,23.1998,6.86046,3,0.2597,0.588362,,,,,,,,,,,,,,,,,,,,,,,,,,,,,,,,,,,,,,,
decoupled_wbc_h066_p012,2974,fell,65.66,14,24.718,4.54801,1.28977,0.560778,409.551,81.3852,105.22,24.185,2.07424,63.4162,51.7207,17.5818,29.8096,4.29881,40,0.331695,1.03578,410.575,78.0492,82.4152,56.5457,1.68457,65.9867,55.9864,15.8097,33.8493,3.97129,44,0.374632,0.924097,481.408,126.792,114.236,128.695,4.74878,68.5782,66.5632,18.4182,39.3193,5.98225,43,0.278584,1.07324,396.581,108.363,106.342,26.9427,1.33798,69.6671,64.1238,19.2434,28.683,5.34773,52,0.299873,0.827754,421.14,98.8466,94.0348,26.1662,2.14226,66.024,59.8915,17.8505,24.6465,5.25049,46,0.271214,1.02068,380.4,83.9796,78.701,24.4325,1.95313,55.0457,51.2478,15.2081,19.1387,4.7101,39,0.273399,0.876724,460.83,101.837,115.816,30.0399,2.32063,68.3612,59.383,22.0931,26.9521,5.24568,50,0.272769,0.875945,456.693,92.9662,112.545,24.5547,1.4741,66.4461,61.5693,18.9867,23.8945,4.81561,44,0.252954,0.972493,515.829,99.8987,129.756,22.3908,2.27871,78.7249,61.2258,22.8949,27.3518,5.55483,47,0.345616,1.21742,643.845,156.267,151.125,27.6849,2.55892,78.5768,72.4194,22.5092,28.5368,6.3082,43,0.362982,1.16233,457.901,95.0115,132.983,23.201,2.55616,67.8508,50.8731,22.4145,25.5407,5.98023,48,0.297676,0.957176,657.676,140.133,145.568,24.4835,2.49224,87.9102,67.2033,24.9149,30.4957,8.05745,44,0.267887,1.10843,403.46,72.2356,94.0488,21.37,2.57023,57.6869,50.2185,16.1994,20.4852,4.51335,39,0.31474,0.907252,2456.11,300.842,395.33,71.8265,12.3376,104.868,36.6019,30.8265,31.1883,10.0847,1,0.338379,0.941718,,,,,,,,,,,,,,,,,,,,,,,,,,,,,,,,,,,,,,,,,,,,,,,,,,,,
decoupled_wbc_h066_p012,2975,complete,90,18,13.4111,2.59555,0.287668,0.220071,528.108,110.491,107.232,31.1614,2.32162,80.1171,67.722,21.2945,29.4493,4.88028,49,0.301068,1.0313,344.152,102.442,112.785,35.3061,1.81707,57.3053,53.1673,17.7488,28.6451,3.95207,41,0.271878,0.91753,313.429,109.507,96.3508,31.5961,1.4136,57.6697,56.0546,16.6846,24.3792,3.39559,44,0.261324,0.938003,325.74,91.7282,86.2191,36.3608,1.90165,53.4978,56.9661,14.7938,19.9213,2.98189,55,0.244674,0.833334,355.01,98.7752,93.1523,38.7534,1.62833,58.4655,52.3767,16.4596,25.5854,3.61687,42,0.226055,0.858774,744.168,144.046,137.611,125.22,5.03577,88.7431,71.3201,20.3322,37.7931,8.37657,27,0.36128,1.33849,324.113,98.7032,107.413,31.0403,1.81757,54.8295,53.5387,16.939,23.8167,3.80705,46,0.252828,0.908001,468.093,147.408,183.692,49.2574,2.82345,75.0786,66.241,22.6067,32.6352,6.50566,32,0.287508,1.19477,430.605,139.95,135.616,44.1083,1.76865,65.414,66.5313,19.4759,31.2462,6.68274,39,0.262748,0.96095,376.737,115.83,107.227,103.529,5.68175,64.6322,61.7601,18.4702,34.0333,9.32464,49,0.240799,0.78079,523.756,192.072,164.079,50.5222,2.15789,74.2952,65.6527,20.3217,32.0976,5.68533,33,0.37859,1.24378,412.319,100.143,88.9978,37.821,1.9634,58.1664,53.1326,15.347,23.8032,6.21614,43,0.227179,0.887838,722.334,285.556,193.822,34.4733,2.13444,100.301,96.4827,27.5485,38.4557,9.10419,41,0.287908,1.01099,482.213,102.173,112.397,129.588,8.96631,67.9314,57.0131,18.6735,35.6477,8.66098,40,0.301119,1.04783,447.708,109.383,142.251,33.7697,1.74776,69.9043,61.9374,21.9408,36.8914,4.33826,39,0.281384,1.14687,950.251,150.595,124.146,35.4918,1.48372,86.1208,67.9627,22.6339,34.2685,4.18372,31,0.330612,1.37248,336.226,91.1482,97.8121,27.4985,1.46678,62.8269,52.4734,17.3572,29.3712,3.77907,43,0.258356,0.903303,505.189,107.961,97.2571,37.6472,2.59499,69.0485,66.0293,17.9108,32.2612,4.08049,30,0.473686,1.34937
decoupled_wbc_h066_p012,2976,complete,90,18,19.642,3.43513,0.0234638,0.194494,468.655,107.851,92.2374,34.1998,2.51999,74.2117,64.9117,19.4566,31.3211,4.83278,45,0.286992,0.858273,430.836,121.71,112.93,56.0081,1.86799,65.7337,58.2205,17.4111,28.6097,5.99531,29,0.351319,1.02971,296.126,112.726,124.339,36.7926,1.96928,49.9002,57.2704,16.5159,26.0045,6.27426,26,0.186719,0.929962,310.771,88.5818,100.51,38.8318,2.59704,52.9968,48.8624,15.5668,26.5968,6.16107,34,0.259716,0.920622,519.583,144.333,131.209,33.9798,1.59697,77.0397,62.6766,21.4339,28.6431,6.546,48,0.31443,1.19051,414.287,84.8065,93.0052,51.9184,2.83182,64.8763,53.9626,16.7698,24.5518,5.72138,41,0.317353,0.969291,487.405,145.79,107.454,51.6045,2.3943,73.3814,76.1065,17.9674,30.6682,5.17906,37,0.304739,0.965777,335.687,102.846,108.663,25.0365,1.29361,58.4049,54.7138,17.0202,21.9843,4.02281,50,0.221462,0.800039,531.167,99.4334,105.935,90.555,2.45878,76.7723,62.1315,19.0038,29.9034,5.47814,47,0.299232,0.838747,517.475,117.969,121.873,28.5107,1.62061,76.6578,59.9709,22.1715,33.2599,4.78368,45,0.291598,1.00546,446.046,95.1409,100.764,21.3282,1.01856,68.9486,58.2107,19.23,28.8092,4.31343,51,0.280843,0.87813,2340.52,284.013,308.448,69.4355,2.22224,164.127,99.8616,43.7873,52.4262,9.11354,35,0.370889,1.60009,544.063,153.236,96.374,30.0949,2.32922,66.566,70.0199,15.8217,23.2971,3.27401,33,0.399293,1.12529,427.883,108.106,122.151,132.803,4.19208,58.9755,54.756,17.3477,30.02,6.64328,29,0.340099,1.08897,357.602,89.2433,107.125,27.0798,1.66082,58.2448,50.8271,18.1204,22.5661,4.28104,39,0.264972,0.860035,472.343,119.46,113.59,27.8515,1.41209,71.4834,69.9011,18.4563,20.4241,5.05397,46,0.326594,1.03707,608.649,152.65,129.085,35.1877,2.15483,84.799,66.3846,22.084,24.8577,4.83546,41,0.304424,1.19044,364.686,80.6704,90.4109,70.5724,2.2888,51.2863,47.7771,14.8135,23.3566,3.56265,35,0.263163,0.826772
decoupled_wbc_h066_p012,2977,fell,10.9,3,20.8439,51.9634,1.78589,2.93865,421.354,79.8607,97.7606,32.4714,1.61533,66.2177,53.6566,17.6705,28.2427,4.91097,41,0.316221,1.16647,501.928,105.33,105.039,73.6977,2.75064,76.1562,63.0413,20.3368,39.5118,6.0126,52,0.332558,0.936488,1816.05,164.748,159.536,38.3767,0.871135,63.9544,31.104,17.1679,21.0579,2.49249,3,0.4257,1.89802,,,,,,,,,,,,,,,,,,,,,,,,,,,,,,,,,,,,,,,,,,,,,,,,,,,,,,,,,,,,,,,,,,,,,,,,,,,,,,,,,,,,,,,,,,,,,,,,,,,,,,,,,,,,,,,,,,,,,,,,,,,,,,,,,,,,,,,,,,,,,,,,,,,,,,,,,,,,,,,,,,,,,,,,,,,,,,,,,,,,,,,,,,,,,,,,,,,
decoupled_wbc_h066_p012,2978,fell,56.02,12,24.3812,13.99,1.86432,2.66404,371.592,85.9444,116.208,44.8278,2.55884,57.2553,54.306,18.0946,29.83,4.94616,42,0.296289,0.950329,419.337,105.911,118.023,28.7266,1.60665,67.356,56.2483,18.5613,33.8673,4.23899,41,0.365207,1.0072,266.692,78.1028,80.8848,34.5338,1.65887,46.9349,45.1499,15.202,28.7255,3.6399,46,0.178869,0.742003,492.958,120.579,124.512,45.5498,1.7658,72.1092,56.2462,19.3875,33.635,4.92688,45,0.287588,0.928773,355.146,105.446,100.323,57.634,2.30347,54.3979,49.3789,15.956,30.4393,5.08325,34,0.26989,0.918839,324.203,88.907,95.2103,42.3308,1.7928,54.6011,55.3541,15.4656,32.339,4.23894,50,0.197206,0.739854,332.06,91.6646,89.522,55.7621,2.39049,54.6961,53.1431,14.6114,28.8997,4.31423,40,0.26918,0.846746,352.188,107.695,81.2509,42.1549,1.46034,61.341,54.278,17.1488,26.0877,3.12666,33,0.337356,0.977986,459.472,109.725,112.78,116.684,4.42156,65.3842,53.1362,19.3249,38.3099,7.99234,45,0.298439,1.05269,496.96,107.442,102.323,72.4122,1.93119,75.0426,63.6638,19.3028,27.0832,4.09121,46,0.318415,1.09495,434.706,114.442,110.533,42.6255,2.33671,62.7969,57.0129,19.1865,27.1833,5.76039,33,0.273075,1.03903,3916.19,358.157,823.715,180.224,16.0677,178.503,57.6802,43.8892,49.0271,13.7411,1,0.140129,0.731782,,,,,,,,,,,,,,,,,,,,,,,,,,,,,,,,,,,,,,,,,,,,,,,,,,,,,,,,,,,,,,,,,,,,,,,,,,,,,,
decoupled_wbc_h066_p012,2979,fell,61.32,13,29.5302,15.4266,2.43929,3.44158,490.416,103.128,103.465,21.9956,2.28833,80.8023,64.8183,20.1929,30.3436,4.94412,45,0.348978,1.06195,492.003,109.743,130.962,25.6826,2.59558,72.7661,60.4086,19.7703,30.3677,5.02134,43,0.266618,0.952227,408.646,111.227,104.103,31.3354,2.58186,70.0236,62.6524,18.8363,28.1415,5.07102,42,0.371179,1.02969,290.899,102.443,99.3367,29.4849,2.02572,52.1043,57.0779,15.3976,21.9933,4.68284,52,0.183588,0.760481,446.084,84.8731,153.565,123.708,5.63861,66.6803,49.6005,20.459,27.7065,6.96703,45,0.295335,0.960987,473.68,113.54,122.251,32.798,2.85676,73.209,62.6611,19.6979,24.925,5.12042,41,0.369646,1.13899,463.976,101.509,119.966,30.0001,2.10303,69.1781,61.005,19.2661,26.3195,4.41151,48,0.25305,0.959393,738.938,153.65,145.554,28.057,3.11384,97.4078,78.8662,26.0145,35.4637,7.08588,51,0.334684,0.890875,347.97,57.8065,91.1248,27.7044,0.966482,59.053,44.6199,18.2456,24.1454,4.28585,37,0.315741,0.984229,411.084,95.7167,109.686,26.3153,2.47293,65.49,51.1428,18.1818,25.6705,3.64796,54,0.281126,0.858776,440.152,111.687,85.5114,20.6178,2.26295,64.0893,60.8041,16.61,24.1771,3.79048,52,0.279796,0.877527,432.405,103.461,130.47,27.1732,2.04587,67.5599,59.4881,19.6747,30.6314,5.96302,53,0.270435,0.908944,1322.78,366.162,254.124,70.295,2.23481,87.9093,51.1299,26.742,37.4648,7.24447,4,0.321621,1.69467,,,,,,,,,,,,,,,,,,,,,,,,,,,,,,,,,,,,,,,,,,,,,,,,,,,,,,,,,,,,,,,,,
decoupled_wbc_h066_p012,2980,complete,90,18,12.6276,3.78063,0.062713,0.138131,389.412,72.5155,94.2869,38.5999,2.25443,62.4545,49.4578,17.0357,27.7033,5.06558,47,0.285121,0.992971,414.646,102.612,103.054,31.757,1.04247,67.1718,55.994,18.2356,22.959,3.69029,44,0.323008,0.922609,363.639,85.0681,111.142,85.7266,1.92515,57.2814,49.0444,17.4392,24.616,3.93312,48,0.256042,0.85061,330.727,106.92,112.154,44.8822,2.18893,52.9154,51.7975,16.8558,25.2421,4.10406,37,0.203591,0.928495,1296.42,220.818,286.011,81.2585,4.12032,123.689,79.9008,32.8225,45.7623,9.51688,34,0.3238,1.14914,467.697,122.942,117.376,37.8803,2.43103,71.3172,63.2634,20.9455,30.5742,6.33786,49,0.26384,1.03657,508.401,105.938,82.5861,34.3149,1.38187,71.0617,65.0584,15.6176,28.8326,5.44414,46,0.298258,0.878081,502.26,93.0839,129.121,37.0493,2.80418,62.9334,50.4431,18.8811,33.0082,6.23032,35,0.32216,1.06986,442.859,91.7891,94.6371,33.0482,1.61396,59.9944,57.8982,14.7719,25.1155,5.25847,33,0.416628,1.11992,333.803,84.1074,83.7362,25.9303,1.98427,56.4566,51.3186,16.1493,20.0869,3.90814,49,0.280815,0.860728,428.431,126.988,136.723,163.713,4.73292,65.0959,64.2125,19.5791,31.8164,7.0233,41,0.266316,0.911155,531.977,127.798,125.411,38.9368,1.90375,78.4159,72.3278,22.1205,28.6477,5.12558,38,0.302805,1.02436,403.703,94.3112,93.2192,22.9391,2.0359,62.0264,53.2144,17.1881,25.7307,6.4145,42,0.220107,0.850708,426.906,114.641,125.009,34.8113,1.79429,65.978,62.4581,20.0366,29.0573,6.58592,30,0.292196,0.928034,429.75,99.7437,96.4606,33.3167,1.90312,61.4774,59.2386,16.1166,22.4331,3.68141,41,0.378824,1.01589,489.85,116.375,101.444,36.007,1.75047,67.5522,64.5216,16.3844,21.6797,3.43309,44,0.262241,0.838179,500.27,146.015,143.967,46.9167,1.10332,69.0272,66.9426,22.3726,29.2378,3.68698,34,0.23041,0.774047,425.007,124.924,149.863,146.394,4.44155,63.7174,60.2131,20.8349,33.1115,7.55673,40,0.24313,0.834761
decoupled_wbc_h066_p012,2981,complete,90,18,22.7379,3.67587,0.188145,0.123161,477.277,109.112,95.8379,23.1263,2.35153,75.4313,69.9904,18.9342,31.6081,4.3083,50,0.326225,0.866862,390.765,77.0432,116.679,29.1841,2.6755,61.2524,51.705,18.5989,34.2097,5.49874,34,0.385234,1.30506,405.93,80.9511,94.1947,22.7051,1.78798,58.6655,51.8075,16.5807,28.8777,3.93198,39,0.291788,1.01493,444.022,94.2118,131.315,26.2427,1.9699,68.0679,55.7409,20.7691,31.4494,4.63221,46,0.27653,0.920374,457.415,90.3386,126.264,23.7729,1.3767,70.0909,56.2254,21.4954,26.9365,4.78168,34,0.272177,1.17123,462.459,92.0989,120.982,25.2399,1.41191,71.5277,59.1063,21.2439,24.9119,3.84094,53,0.255782,0.849947,495.934,95.0527,101.218,24.2495,1.78906,77.6292,61.8144,20.7397,25.1156,3.74324,54,0.331293,0.889355,477.966,80.8021,110.213,117.461,16.1323,68.2417,59.0998,19.9725,39.5206,12.6528,32,0.423505,1.17949,357.19,79.0396,88.1364,20.2179,1.52492,56.9311,53.0312,16.4334,22.2111,3.74977,53,0.278656,0.805573,292.753,61.1459,68.7037,15.8278,1.46508,45.5576,43.6603,14.5383,21.0993,3.60873,49,0.207164,0.746061,785.123,162.655,117.522,190.578,8.15969,91.2584,76.3898,24.3944,47.8179,10.4059,36,0.356108,1.4632,574.831,93.2208,152.889,200.434,12.3732,75.7777,59.1358,23.6885,45.6408,14.8592,43,0.310073,1.00297,1181.44,238.391,228.398,33.7111,2.45945,107.373,82.1619,33.6831,38.3843,6.81035,29,0.257735,0.97795,453.694,107.902,107.271,25.9528,1.72586,64.846,58.5336,19.6518,30.5858,4.96491,48,0.301619,1.08669,579.788,117.452,125.847,25.9282,1.67843,80.8546,62.2873,23.5319,30.4289,5.07992,36,0.290932,1.23856,546.476,148.295,120.792,35.0471,1.62795,82.6448,64.6644,23.4313,39.2028,6.28773,48,0.300152,0.973679,578.009,110.089,106.361,26.7056,1.17978,77.2428,67.1488,20.6994,27.1048,4.90402,40,0.357531,0.987598,422.494,87.9847,112.339,25.2673,1.99992,61.5296,55.5387,18.7725,28.7021,6.43396,38,0.291056,1.00812
decoupled_wbc_h066_p012,2982,fell,45.68,10,30.3424,6.47817,2.22991,2.99978,435.014,93.3691,98.1615,52.9886,2.0076,70.6916,60.2327,18.8267,32.1074,4.34715,40,0.362389,1.06076,357.393,85.3181,84.6497,31.4004,1.70073,59.2718,52.3223,16.7123,29.973,3.56957,53,0.279705,0.936025,397.765,104.814,128.239,31.0352,2.63163,71.54,58.6659,19.6623,35.024,4.41682,45,0.315926,0.963108,406.778,102.307,105.377,36.5675,1.58128,62.8357,56.8948,16.6409,31.7378,3.73012,33,0.284233,1.04522,350.292,101.448,98.2338,39.6451,2.46987,56.941,52.8877,16.1028,31.5204,3.41475,29,0.246947,0.978344,343.155,84.9237,68.697,36.6974,1.50411,45.9606,46.7003,12.0299,25.3156,2.55641,42,0.172434,0.743842,208.934,54.3973,56.4351,69.5596,2.85737,32.4463,26.7283,9.99973,23.91,3.40719,29,0.160568,0.723131,343.124,72.4232,53.3136,32.5168,0.732887,48.3322,50.4701,11.925,22.9901,2.59718,40,0.278912,0.869225,420.305,142.956,130.556,46.3791,1.58741,67.267,59.4562,20.7851,32.3939,4.44095,38,0.275523,1.09052,1488.49,107.485,125.574,32.864,0.424234,59.6247,30.528,16.7537,17.4609,2.28052,1,0.102921,0.466436,,,,,,,,,,,,,,,,,,,,,,,,,,,,,,,,,,,,,,,,,,,,,,,,,,,,,,,,,,,,,,,,,,,,,,,,,,,,,,,,,,,,,,,,,,,,,,,,,,,,,,,,
decoupled_wbc_h066_p012,2983,fell,80.78,17,21.4192,5.39196,2.58094,1.60273,411.62,90.8699,72.993,19.1205,2.40991,60.0801,56.2716,14.9773,25.6892,4.38813,40,0.293876,1.01882,423.776,84.5867,96.2083,23.0041,2.56804,63.9902,52.356,17.9656,29.0795,4.44576,40,0.296565,0.945284,446.976,120.622,102.083,46.0968,2.01504,65.9479,63.4984,16.4145,32.4025,5.38927,42,0.324776,0.942267,348.257,84.3187,86.9425,32.7283,1.00437,53.5051,53.5922,14.9028,26.4953,3.85586,38,0.258111,0.931686,451.614,126.703,101.078,38.9788,2.01849,69.0735,62.4643,17.7371,33.7129,4.49449,41,0.267223,0.924032,460.354,107.557,95.2754,39.6243,2.66259,73.7123,57.4297,18.4024,30.5272,5.28579,38,0.384324,1.1101,341.297,81.7733,98.4595,23.3112,1.47265,58.7407,48.1842,16.935,27.7945,4.519,42,0.303916,0.913056,398.464,112.978,133.523,36.2743,1.93942,65.1844,62.4911,20.2653,37.1489,5.1008,47,0.263652,0.885835,371.211,125.019,134.339,99.9711,3.30954,61.0765,60.3538,18.3818,30.128,4.97222,27,0.309377,0.957874,353.352,106.963,85.5049,31.5573,1.96259,62.1814,51.9463,17.4719,26.0437,3.91669,38,0.261368,0.866252,729.547,127.572,125.581,53.3347,1.92238,90.7433,57.4092,23.5039,39.5594,4.19042,37,0.400975,1.36921,623.928,127.956,102.288,31.4307,2.15316,80.7242,68.6719,20.7327,33.6381,5.371,40,0.297367,1.02892,516.247,118.292,114.046,27.6601,2.24939,74.7925,63.7504,21.4602,31.8676,5.39539,46,0.323072,1.00979,414.518,100.804,105.952,66.3656,5.76151,63.0868,56.2393,18.7269,33.9035,8.59243,51,0.23881,0.872957,538.104,141.391,109.489,30.1465,3.59288,81.1861,68.9186,20.472,26.4926,5.13033,40,0.35703,1.08731,512.4,115.349,119.497,54.9213,8.24886,73.2791,57.5112,20.6887,37.427,8.41283,36,0.386144,1.11815,1826.89,322.274,311.402,90.784,2.28666,83.8506,41.2506,22.4897,27.193,3.89916,1,0.246124,1.08833,,,,,,,,,,,,,
decoupled_wbc_h066_p012,2984,fell,80.78,17,17.9108,8.44887,0.556861,1.82983,425.424,101.89,107.817,21.1618,1.88978,68.1302,61.6569,20.9831,27.045,4.27382,52,0.237927,0.820538,481.032,122.372,129.543,31.758,2.50733,70.2614,66.967,19.9829,25.9864,4.34287,45,0.260159,0.913607,369.245,86.0937,100.728,39.8464,2.71901,58.3189,45.7737,17.0334,23.3729,4.00692,44,0.301746,1.03477,249.572,98.0587,92.6864,37.3975,2.39208,43.3535,51.6496,15.1026,22.3348,3.14513,37,0.184905,0.723834,436.714,98.919,94.8837,36.1999,1.60991,64.8296,55.979,16.5677,22.0843,3.14911,44,0.295564,0.818235,495.214,109.179,75.7351,32.6615,2.67297,66.568,63.4602,14.6512,23.2348,3.62559,35,0.344716,1.11168,440.297,124.956,156.741,204.31,6.9855,69.1052,64.7522,20.8333,38.9023,7.48183,39,0.292782,0.92969,436.961,99.3188,95.1943,37.0518,2.25486,68.2307,54.6381,17.8231,23.1522,3.59761,34,0.331845,1.09557,575.361,125.981,132.922,29.0833,1.91375,80.1617,68.3902,21.7484,27.6893,3.73197,42,0.322247,0.999838,394.978,137.007,117.097,32.2402,2.45849,67.4316,58.6808,19.41,25.4412,4.13218,49,0.272385,0.819492,476.601,111.522,132.095,60.7028,1.62975,67.8743,63.6771,19.2193,29.3384,4.92032,34,0.307501,1.05411,754.243,143.415,166.547,116.696,5.82729,96.8818,73.7916,27.3819,46.5715,8.38796,40,0.357021,1.26398,810.234,236.885,163.125,210.786,15.7655,94.3104,79.0651,26.4009,50.1744,13.1786,39,0.393714,1.23862,611.955,152.196,122.486,43.1873,1.87483,80.4016,68.4198,23.6282,32.4893,4.29797,39,0.247876,0.878154,485.328,170.831,131.041,38.59,1.18333,71.5087,74.752,20.0792,28.8557,3.66741,45,0.251266,0.837799,506.417,114.012,102.693,43.1082,2.42443,69.604,63.0916,18.0834,28.0738,4.12949,35,0.374745,1.22557,1144.8,73.5129,210.536,155.768,22.0452,60.0018,20.8241,23.9641,40.5233,14.7409,1,0.40654,1.2348,,,,,,,,,,,,,
decoupled_wbc_h066_p012,2985,complete,90,18,23.9099,2.89627,0.258202,0.254928,472.689,101.459,107.919,22.3308,1.742,77.6588,62.2182,20.6495,31.8141,4.39928,50,0.292564,0.899026,415.733,75.8272,85.2564,26.2459,2.47983,63.8858,50.5166,15.7453,23.8086,2.92381,45,0.331935,0.960686,497.883,109.837,114.398,44.7473,2.64291,73.1575,60.1891,19.6501,35.3774,4.79717,41,0.408063,1.25696,278.007,89.2328,99.0762,62.3847,2.52445,51.7529,52.509,15.5246,32.7033,5.50843,47,0.202626,0.86165,2271.37,297.311,346.492,62.8395,2.60546,179.334,115.73,48.6135,65.9596,7.8264,42,0.338129,1.3879,481.619,88.4379,89.5752,22.9138,1.86907,67.267,56.1073,18.3553,28.014,4.49171,40,0.334834,1.05952,441.5,93.6499,125.046,39.8683,1.62668,61.9897,50.5717,19.2815,32.1643,4.34656,48,0.286995,0.970237,517.05,107.117,141.326,29.8829,1.74688,73.9137,60.185,23.1408,31.3868,4.74241,38,0.312972,1.06951,1115.46,154.766,247.434,38.6808,2.47785,106.97,69.8674,34.3172,44.0128,8.30634,44,0.302423,1.12246,482.716,135.895,108.78,22.9287,1.83299,63.5942,64.1133,17.5884,26.0857,5.17879,36,0.284203,1.0111,508.322,103.313,134.634,28.2583,1.94504,70.4724,61.6941,20.5167,30.1583,5.26959,43,0.318978,1.08415,467.212,116.763,110.774,31.3266,2.42005,75.4248,55.3359,20.268,33.8923,5.35436,44,0.370256,1.11928,392.876,87.2861,104.349,24.8853,2.29854,64.2897,57.5828,17.0908,27.5417,4.02119,49,0.304187,0.936816,499.91,96.6238,119.196,33.157,2.24859,64.9296,53.1639,17.5302,27.3081,5.50531,34,0.325829,1.25747,390.809,96.0267,126.138,28.7484,1.88294,65.2323,58.2755,19.0413,28.0995,7.07859,41,0.282005,0.952321,430.092,81.5741,78.5874,17.5591,2.09191,69.3819,54.4013,17.1238,21.9925,5.84853,39,0.305676,0.971283,592.014,113.142,118.795,69.0034,2.27919,78.9689,69.6683,21.0326,30.1401,7.49723,46,0.343679,0.97233,568.938,142.48,122.469,50.9103,1.39783,81.0012,73.8979,22.2465,31.618,4.58184,50,0.245404,1.01478
decoupled_wbc_h066_p012,2986,fell,75.74,16,26.5215,4.82639,1.46268,2.49507,363.112,108.578,99.4834,32.7922,1.97347,55.6114,58.4076,16.4868,28.6122,3.49289,33,0.232587,0.998419,402.907,85.8213,103.239,56.3464,1.78769,62.5279,48.3407,17.2841,32.4988,4.85407,40,0.310381,1.07447,371.218,95.7437,99.2607,28.5946,1.68082,60.1361,57.7452,17.1954,30.3966,4.02796,42,0.278447,0.8873,315.141,69.7289,83.5187,38.4308,0.884201,52.0794,44.6722,15.4738,30.0883,3.13204,45,0.253348,0.921452,454.644,102.243,90.4128,47.4211,1.16688,66.8974,62.4732,17.0706,29.7168,4.12449,49,0.309518,0.788168,350.168,113.509,96.6517,40.9549,1.67855,56.0002,58.2117,16.1472,28.6791,3.52791,37,0.265699,0.984949,370.455,107.022,91.408,39.2152,1.74545,62.4852,57.7598,17.8783,34.8223,4.02818,39,0.301595,0.857677,321.954,80.9933,94.7997,48.5571,1.75071,51.8725,49.4639,14.0104,30.6328,3.93728,45,0.223674,0.856103,631.4,104.382,116.392,84.5398,2.23254,76.0353,59.6112,19.6378,40.5509,5.97376,34,0.385755,1.32593,513.552,113.645,113.971,48.6216,1.99749,76.8175,63.4493,19.4439,34.437,4.86414,47,0.344328,0.970332,553.902,163.278,124.603,55.8723,1.5622,74.3779,62.7154,19.8867,34.7657,3.72748,37,0.396499,1.02268,455.279,108.47,84.5651,35.7009,1.56109,69.3515,62.8948,16.5387,29.7497,4.14987,46,0.322381,0.912781,426.944,120.023,109.944,29.7433,2.17611,63.9123,60.3685,17.7998,29.9481,4.05917,39,0.323321,0.995789,479.178,111.895,130.115,40.3959,1.87521,74.0801,59.3626,19.9904,33.442,4.22515,49,0.289326,0.896067,943.092,167.484,195.004,196.106,27.2103,93.4518,72.8788,25.5075,63.2215,17.7452,33,0.366198,1.32985,1103.59,91.3572,156.714,102.064,2.66548,42.7685,19.6253,12.7426,22.3656,3.89924,2,0.329369,2.07949,,,,,,,,,,,,,,,,,,,,,,,,,,
decoupled_wbc_h066_p012,2987,complete,90,18,14.5831,3.14067,0.224817,0.305257,434.324,101.972,99.3291,23.3013,1.88781,63.5599,60.9822,17.4127,28.191,3.82016,40,0.339645,1.12216,328.616,99.9122,94.0473,39.4598,1.81475,57.1466,52.977,16.3118,27.5751,3.40353,50,0.237894,0.859621,423.516,112.936,103.324,45.6673,1.79315,66.5809,64.0956,17.3431,27.0984,4.82738,51,0.235729,0.686809,362.721,91.5052,107.107,35.3858,1.61417,60.5948,54.7022,17.431,25.9407,4.71119,40,0.26272,0.966004,447.27,103.254,125.853,24.7266,2.51123,69.5625,62.894,20.1133,26.8391,5.6191,50,0.34039,1.03482,424.478,100.915,120.436,39.3637,2.10825,66.8563,56.5311,19.0779,29.7832,5.7642,44,0.372293,1.00858,465.192,129.926,118.538,58.01,3.30499,74.4915,65.6532,21.1176,32.6125,5.52469,49,0.306238,0.920384,438.043,104.872,133.689,29.3433,2.5374,75.8228,64.5697,22.3498,32.6473,6.40858,50,0.287964,0.913157,517.997,136.411,123.176,33.6319,2.12805,72.6751,62.2534,22.464,30.6211,6.05977,45,0.311977,1.02878,459.081,105.244,143.645,30.9574,2.66431,70.8041,64.4939,23.2835,29.8578,6.05025,47,0.315941,0.936309,284.87,62.5798,81.2893,23.4042,1.58279,52.1339,43.1314,15.591,20.2252,5.06218,44,0.243568,0.883625,548.733,103.701,153.552,105.774,5.96367,82.2968,64.0538,26.8283,46.9948,12.5094,46,0.354562,1.1425,782.803,180.682,161.689,36.2189,2.3458,100.776,78.2762,26.552,35.3008,8.3754,33,0.345256,1.44739,763.567,130.025,139.938,294.537,23.7846,95.5358,74.3564,27.5903,77.8803,20.6686,39,0.373863,1.1145,417.562,89.9154,118.326,28.4503,2.23897,65.3864,56.1881,20.5728,27.3376,5.25955,40,0.289175,1.02506,530.389,111.918,133.511,108.785,4.21217,74.9995,60.6554,19.8974,29.9414,6.79259,42,0.322088,0.956471,563.671,99.184,177.009,231.788,34.9698,78.911,60.6725,25.5557,47.3443,24.0972,39,0.336092,1.11876,459.171,116.681,121.998,31.3921,2.02533,72.5241,62.0981,20.4017,28.6198,7.56588,47,0.201839,0.944434
decoupled_wbc_h066_p012,2988,complete,90,18,15.3291,3.91862,0.330737,0.260534,393.501,90.2459,92.4182,21.3907,1.78787,58.9841,56.7442,16.7087,26.6795,3.70662,42,0.283124,0.936615,333.848,88.262,99.6663,32.9823,1.75017,58.7617,50.9844,17.0619,30.8542,4.08176,43,0.278503,0.93212,493.5,95.4823,123.135,24.2705,1.93039,71.1526,56.7164,20.1362,33.2615,5.08842,35,0.340375,1.21242,425.208,90.5779,104.103,30.1132,2.80968,61.3264,47.7924,17.1223,35.3929,4.8524,33,0.366197,1.26721,346.579,65.2863,105.799,43.8129,2.22091,54.6605,41.917,16.9385,31.3283,4.14001,39,0.296645,1.08098,498.326,158.669,128.221,29.589,1.64215,71.2542,70.0738,20.0857,35.2359,4.49014,47,0.293218,0.865303,503.296,88.8715,103.052,79.4488,8.43626,64.7082,47.6768,17.9146,31.3071,6.22824,32,0.349305,1.25349,674.476,171.248,126.694,46.5186,2.21847,87.8167,67.0866,22.9447,34.9852,5.23753,40,0.350377,1.09452,547.281,117.839,113.192,35.3539,1.54449,79.9905,67.9652,19.8664,33.8654,3.117,45,0.331702,0.973913,347.244,104.548,102.336,33.2247,1.6725,60.2778,55.1242,16.8104,28.771,2.90324,35,0.303836,0.93673,470.612,117.746,138.822,74.414,2.61743,65.0379,59.9189,19.1713,35.0872,3.30935,36,0.286264,0.993107,494.955,218.049,122.466,57.7659,1.75855,72.142,62.3433,19.3752,36.4308,4.11512,32,0.451703,1.06579,458.377,131.3,130.635,41.6183,2.55349,69.1663,70.2689,19.5845,32.9676,4.84889,46,0.318968,0.951239,447.937,125.221,100.534,44.9647,2.78658,62.8458,60.6286,17.4928,31.0423,4.92991,35,0.240956,0.962677,424.265,92.2408,106.156,30.3162,1.96387,61.509,51.2389,18.0534,28.8126,4.29439,41,0.239075,0.942283,721.042,175.354,166.361,178.313,23.6612,81.6434,73.5359,23.4633,51.9074,11.4549,29,0.326544,1.13035,425.65,125.631,121.496,33.9115,1.64757,68.5766,62.5858,20.1356,33.6223,4.73534,45,0.307677,0.97511,455.945,109.254,172.198,109.831,4.28279,70.8522,54.1787,22.4301,40.5022,8.14822,42,0.294225,1.04248
decoupled_wbc_h066_p012,2989,complete,90,18,18.6003,2.75434,0.25862,0.42363,411.608,81.3279,124.916,21.7024,2.05843,68.6959,52.9542,19.5292,30.6287,5.0109,39,0.328546,1.23734,511.999,110.941,135.112,29.0021,1.16774,78.4022,64.6737,20.3157,35.1399,3.99326,35,0.33205,1.14941,393.361,107.734,113.87,32.6345,1.90465,65.7815,56.735,19.6763,31.2197,4.75917,40,0.338071,1.15517,425.705,99.0936,90.4432,29.2884,1.82927,60.7009,62.0755,15.6426,27.3421,3.74023,47,0.297134,0.946904,438.085,92.9228,103.877,77.9485,1.88238,64.4203,53.8636,17.6624,30.22,3.82759,46,0.271125,0.966309,609.92,233.792,157.975,52.1301,1.40514,82.4082,71.1706,22.2724,33.473,3.56246,37,0.400368,1.07366,338.987,90.6258,81.4734,34.0395,1.70354,57.0387,50.4259,15.273,24.1242,3.09421,39,0.28991,0.769554,393.195,122.455,98.3347,47.7639,2.11617,69.0171,63.0892,18.1928,29.1842,4.89204,54,0.240837,0.803812,415.819,137.402,115.371,38.2787,1.7692,68.4326,64.6114,18.9876,24.2725,4.19431,42,0.252379,0.885621,535.59,175.087,125.535,38.1853,3.14903,82.0461,77.2948,22.4537,32.0024,6.8789,45,0.286471,1.0539,465.609,148.437,129.353,34.4945,1.92264,70.4273,67.5842,20.1415,27.0299,5.11732,48,0.299273,0.885035,464.632,143.336,97.1317,38.1374,2.47184,72.0639,67.8739,17.6107,24.3273,4.07734,37,0.309063,0.958413,616.809,132.849,102.454,43.0645,1.33208,76.5111,66.6371,18.3545,27.8863,3.70329,28,0.457742,1.384,567.841,113.827,148.443,30.0193,2.35102,75.5683,59.7381,20.7408,30.3038,4.3528,32,0.326039,1.19448,481.889,112.793,108.79,24.459,2.59454,70.2455,57.8668,21.7097,31.5139,5.35545,48,0.306245,1.11269,649.39,169.986,163.178,198.251,9.56862,89.2479,64.9596,24.5111,53.0301,8.85102,41,0.346622,1.08283,560.489,154.135,119.863,46.8201,2.15939,84.0755,71.4898,20.8244,37.0085,4.13782,41,0.36525,1.09392,663.298,141.801,113.624,37.92,1.60404,83.4256,66.2159,20.921,36.4839,4.62051,46,0.289109,1.04544
decoupled_wbc_h066_p012,2990,complete,90,18,21.8565,3.02883,0.123488,0.0503425,412.92,107.107,127.085,33.9271,2.46175,65.3671,60.5763,18.8428,32.9375,3.95572,44,0.251308,0.973641,443.482,85.3914,98.9687,27.4326,2.413,67.5529,53.4024,17.8688,29.0363,3.55194,42,0.325884,1.03411,393.032,82.1239,76.3026,22.0473,2.16617,59.0549,50.7687,15.0081,26.3516,3.61223,43,0.277097,1.00277,401.25,77.1692,76.1746,23.3682,1.76263,58.333,52.7554,15.2754,27.4761,3.58065,43,0.32352,0.898599,402.783,84.7603,106.221,22.6994,1.8937,68.5622,58.0669,18.7585,30.282,4.9857,52,0.306877,0.971631,384.668,132.892,120.316,30.3326,2.11986,65.0597,62.308,20.2141,37.2129,6.35197,51,0.238904,0.903925,485.375,126.921,100.395,22.768,2.2476,76.2246,67.2542,20.2879,30.1702,6.20111,56,0.268705,0.846464,408.414,85.2199,104.967,28.9409,2.50533,68.3719,52.5591,19.6377,28.6334,6.09207,45,0.228286,1.07741,360.572,69.989,90.2706,26.0397,2.45538,59.7526,46.626,17.101,22.2071,4.93743,40,0.288332,0.951333,940.717,281.927,179.8,30.1078,2.33504,97.2097,88.3497,27.4758,33.3136,8.43266,44,0.281837,0.924171,499.493,103.571,100.766,29.4396,1.36578,69.6921,60.4551,20.0111,26.8456,5.05221,44,0.271111,0.950938,493.376,102.526,98.0305,34.8431,1.89157,73.5181,59.6894,20.8267,29.3398,5.64664,42,0.326644,1.12319,517.359,125.961,100.715,33.4232,1.59874,70.5449,66.9516,18.4248,25.2084,3.97314,37,0.316034,1.22971,555.328,136.14,138.019,113.288,3.12095,80.9058,76.3907,21.7338,31.0788,4.99666,36,0.317816,1.02793,656.758,206.191,183.664,33.1257,2.10408,81.8877,81.4383,22.9202,26.2336,3.72918,39,0.329614,0.939397,532.342,97.6544,112.669,22.2067,1.43143,74.8811,56.6294,20.1549,23.0502,3.50169,42,0.283561,1.08773,769.567,277.582,175.394,49.9211,1.66214,101.373,92.7491,26.0192,33.9267,4.20384,28,0.418013,1.17229,743.771,173.092,171.222,55.0434,2.28933,86.0879,70.3243,25.8618,36.5714,3.72886,42,0.228822,1.00541
decoupled_wbc_h066_p012,2991,complete,90,18,15.6445,3.1049,0.0502287,0.0729489,397.537,89.1535,106.405,24.3959,1.86151,67.9674,54.2135,19.1983,29.854,4.38201,36,0.329064,1.26638,346.538,102.201,86.3764,28.9678,1.26239,59.0112,56.0825,16.9296,31.5383,4.35265,47,0.269356,0.872703,336.001,78.4792,89.9863,30.1394,2.31956,54.058,47.3799,14.7229,27.6587,4.60744,44,0.228503,0.811187,441.132,85.2647,96.6801,27.728,1.61614,68.1944,59.3382,18.2817,31.3186,4.1909,40,0.347804,1.04601,399.443,106.114,107.436,28.2652,2.59228,60.9246,58.3068,16.8324,29.1971,4.21517,42,0.278011,0.964689,444.405,89.1942,124.989,69.7245,3.39096,65.498,56.9792,19.0404,35.6267,6.04278,39,0.307131,1.14121,405.184,94.9647,110.803,24.7303,2.47082,61.2883,56.3743,18.0684,26.0528,3.97185,40,0.308665,0.989428,391.04,112.438,120.177,33.0799,2.85437,66.1946,59.3944,20.2238,30.3042,4.58417,43,0.267849,0.981076,485.762,95.7677,99.826,30.0661,1.42859,65.6721,54.7043,17.0957,29.145,2.87243,38,0.33634,1.08109,500.806,107.382,101.641,30.0988,1.76467,69.3652,63.0085,18.4266,33.4757,4.70666,43,0.315781,0.881989,441.427,86.8264,128.077,113.939,14.7826,63.8852,47.235,19.4987,36.4536,11.2906,38,0.344974,1.12395,466.542,132.542,153.334,97.5637,2.87364,78.7588,65.3312,22.3382,36.782,5.90736,43,0.305156,1.12055,459.347,112.891,130.752,110.945,3.50663,69.1837,65.9607,18.9762,27.8847,6.65886,50,0.298902,0.873372,509.937,128.928,129.001,71.1782,21.5324,85.1238,65.3935,22.4703,33.2894,22.6115,34,0.351536,1.09714,535.537,138.557,112.123,36.5377,2.3081,77.5262,65.5646,19.6785,24.5564,3.50573,46,0.295761,1.01854,397.911,88.9133,138.191,168.208,8.64789,63.112,49.7689,19.9254,38.5296,10.1808,46,0.201681,0.874801,322.272,113.346,100.841,35.7283,1.97739,56.8799,60.6809,17.0067,24.0127,3.95677,46,0.193167,0.792156,308.713,93.9073,92.1134,30.9649,2.14848,53.0875,52.3301,15.2246,19.3181,3.70423,48,0.234838,0.811707
decoupled_wbc_h066_p012,2992,complete,90,18,24.8389,3.31478,0.0722466,0.0486188,424.844,114.034,128.951,34.6196,1.85521,66.9128,63.0979,20.0827,28.7202,4.70515,45,0.314561,1.19225,341.146,89.7767,91.7986,41.3712,1.66747,56.0792,49.7625,16.3708,28.2885,4.56962,51,0.23419,0.857214,427.987,81.7197,79.7155,23.8522,1.72465,67.9763,54.9286,17.6269,28.2176,4.04417,48,0.346003,0.960144,460.531,90.7322,98.463,23.3546,1.73262,67.5028,56.9559,17.4957,21.5048,2.84381,44,0.317736,0.934353,361.55,83.6332,103.719,25.7397,1.52692,58.6567,51.3998,16.3213,27.504,3.56363,30,0.391366,1.39714,373.018,89.6954,116.315,95.7937,3.00239,62.5714,54.2893,17.7099,30.7292,5.4352,42,0.291668,0.985325,551.947,108.542,105.022,24.7733,1.90966,77.4114,62.724,19.6038,28.3928,4.86379,53,0.341981,0.956132,355.273,93.3705,104.206,23.4802,2.31151,59.4949,56.8664,17.8305,24.9456,5.10102,44,0.239842,0.956319,466.223,78.4755,102.809,27.4689,2.1756,69.1551,53.2969,19.803,26.3863,4.30997,44,0.275507,1.09834,448.518,93.5362,97.3443,32.8001,2.28854,66.8118,59.9654,17.8317,21.6743,4.31865,32,0.359454,1.07888,535.337,118.722,88.4774,30.0726,1.65727,70.7591,66.5038,17.5982,20.214,4.16873,40,0.385826,1.12045,842.954,249.055,156.837,47.3019,1.81861,98.9572,96.0304,24.0954,29.7282,4.80545,33,0.415782,1.25942,473.21,134.02,124.086,53.6128,1.5617,72.5007,67.5449,21.4886,29.5657,4.89202,53,0.248017,0.865831,706.556,154.035,121.038,37.2698,2.04449,89.2196,75.9104,21.8782,27.103,4.48904,30,0.414261,1.45101,579.243,172.186,123.9,44.6805,1.69817,79.5505,73.9946,19.701,28.5394,3.78261,37,0.327851,1.07043,1004.34,483.631,247.149,62.2424,1.91032,108.546,117.025,32.1457,45.642,5.07662,29,0.398519,1.16944,648.236,113.282,134.608,24.1302,1.36055,82.2793,64.227,20.5539,28.5275,3.12934,39,0.424229,1.07246,911.932,153.877,179.435,48.8552,1.81871,92.9105,78.9225,25.1005,38.3848,5.06164,42,0.221111,1.06169
decoupled_wbc_h066_p012,2993,complete,90,18,17.1144,2.90456,0.407237,0.207856,378.542,90.9413,81.431,16.306,1.261,57.8699,56.1642,15.1656,22.8204,3.6917,40,0.30721,0.958937,384.723,84.505,83.2099,19.4451,1.94344,56.2395,52.5857,14.9117,22.5812,4.11916,36,0.292927,0.960779,345.802,87.7574,114.37,34.428,2.14913,57.7672,53.3986,16.1551,28.1915,6.0265,40,0.262208,0.992897,401.395,86.239,93.1001,39.0804,1.51871,58.0165,54.1935,16.8935,31.6575,4.87321,46,0.21098,0.869068,386.596,102.215,77.2778,32.9487,1.86107,57.0812,57.6867,14.5017,28.8886,4.40653,47,0.299187,0.925897,326.795,82.2126,83.8264,33.6781,1.45147,50.0285,49.1282,13.9511,27.5784,4.01592,39,0.246828,0.84213,545.365,107.581,107,46.5168,1.89199,68.1816,62.782,17.0223,35.0099,3.9476,43,0.318602,0.857207,280.13,70.8251,84.8843,46.5397,1.95168,48.1285,38.3595,13.5367,26.925,3.57348,41,0.219565,0.78762,608.278,148.06,106.407,46.4798,1.52303,84.3605,68.1264,20.9173,45.3325,4.10781,38,0.359171,1.055,396.089,96.0063,92.2557,42.2639,1.76715,55.5478,55.9081,15.4973,33.1955,3.28499,36,0.24705,0.975914,309.35,80.136,61.5748,32.1676,1.43755,46.2309,49.2987,12.3716,28.8936,2.89533,41,0.196112,0.819389,253.737,61.1338,58.5979,27.3749,1.43193,39.2605,38.6317,10.9427,24.8141,2.91562,34,0.184201,0.764741,322.619,75.7932,56.9374,29.424,2.39234,50.558,49.3543,13.7487,28.5017,3.08096,43,0.22366,0.855825,302.037,68.4218,60.5465,29.6825,1.47548,47.7287,41.7166,12.2319,28.091,3.04378,35,0.297473,1.03451,297.507,83.3535,67.8395,33.201,2.39381,44.3849,48.6056,11.6089,27.7251,3.0951,30,0.211534,0.850717,700.263,226.143,127.797,51.1463,1.77219,93.2563,79.9855,24.1111,49.9136,4.66167,35,0.346986,1.07109,533.306,118.216,88.8885,69.4669,2.1404,74.1468,62.2286,17.3655,41.9296,4.73645,36,0.371071,1.36907,704.852,139.734,83.8339,38.5911,1.88494,80.8054,74.3057,17.2781,32.3949,3.71727,37,0.417137,1.14139
decoupled_wbc_h066_p012,2994,complete,90,18,18.2693,2.98358,0.339241,0.224531,541.585,95.1832,104.278,38.6935,2.85393,83.8755,62.8993,21.1935,32.9017,5.46792,47,0.308314,1.12884,334.188,79.5594,94.9141,29.4776,1.83595,57.6001,50.0543,17.0392,26.1177,5.11646,45,0.281745,0.925457,396.04,79.7422,110.645,29.2284,1.32713,63.4305,54.5589,18.9225,26.0588,4.90675,43,0.267791,0.982979,468.074,108.574,99.0197,24.9415,2.10416,67.8955,62.9508,18.7295,24.125,3.96279,50,0.312595,0.958703,497.192,106.639,114.758,33.8122,1.74807,78.1416,59.929,21.3959,28.9921,4.82762,41,0.35013,1.04297,449.286,98.3623,149.171,130.886,4.40821,65.7072,54.1418,20.1658,28.9994,7.82227,44,0.268557,0.904087,515.395,114.826,113.302,30.6813,1.59688,79.2965,62.1325,21.9473,34.9699,3.94065,45,0.366891,1.04869,439.633,79.5252,80.949,71.3338,2.63987,62.9457,55.1862,15.5474,27.3746,4.1905,37,0.366222,1.12534,580.943,182.833,136.242,49.0153,2.22557,77.3356,71.0734,21.6268,33.6228,3.6328,36,0.290036,1.11429,390.382,120.7,93.4722,46.4289,1.89543,58.8807,63.4753,15.5335,27.2005,5.17544,47,0.252921,0.86861,494.383,96.4349,147.146,59.3949,10.0604,67.5667,50.0047,19.779,32.1082,9.62794,34,0.263744,1.06851,371.675,94.0989,106.239,24.1108,3.08501,61.5891,56.1313,17.0556,24.3568,6.04254,45,0.230545,0.939394,558.378,128.384,106.729,90.9221,3.50195,70.5173,64.8246,18.1298,29.3804,4.50809,39,0.317175,1.02273,638.364,202.641,132.497,51.8533,1.68124,83.9506,76.5881,20.5179,30.8199,4.10045,30,0.397163,1.14741,416.976,83.2119,86.2972,30.6489,2.28912,68.4316,53.9373,18.8967,26.4473,3.16276,44,0.36342,1.054,323.386,133.421,104.606,39.209,1.89444,57.1056,66.6344,17.4387,24.2789,3.3267,55,0.18193,0.671254,478.731,147.852,114.345,38.7271,1.49547,74.7381,67.3039,19.7278,27.4298,3.67616,43,0.337478,1.05564,434.284,108.641,107.67,29.0646,2.24551,64.4479,60.2773,17.8713,26.4684,5.04082,34,0.279586,0.966506
decoupled_wbc_h066_p012,2995,complete,90,18,19.8663,3.55392,0.43554,0.369362,478.816,95.1499,100.558,29.9643,1.94088,74.4287,61.0148,20.1912,35.5184,4.65345,48,0.332923,1.02861,419.23,92.9845,93.1412,31.9398,3.033,62.8176,55.3579,17.7795,28.8519,4.06092,39,0.370202,1.12345,524.401,103.725,103.451,40.6142,1.96119,73.114,61.5703,19.6348,29.6866,4.31175,44,0.346427,0.911888,473.8,104.298,107.733,27.4482,1.47974,75.4956,60.5003,22.6353,28.7369,4.01851,42,0.371548,1.08408,457.055,93.5393,100.361,27.7402,1.38622,64.2553,56.5733,17.7507,22.8678,4.16215,37,0.357864,1.0554,403.913,84.787,93.4072,25.8723,2.57164,66.4559,50.8815,18.1289,26.9352,4.09112,44,0.25414,1.04598,294.629,89.0026,101.452,26.5861,2.94245,53.1568,51.0663,16.6446,28.111,4.45322,48,0.211579,0.856017,478.059,110.126,113.456,21.3189,1.5306,77.6329,64.8277,19.418,30.5768,5.48107,47,0.347529,0.921694,445.119,118.348,119.324,25.0903,1.45717,69.6954,64.9691,19.1256,27.924,5.73708,39,0.247652,1.09417,994.289,322.426,180.592,26.7388,1.77367,104.223,104.63,27.8507,34.149,8.87103,29,0.489951,1.54468,756.187,162.088,121.953,131.055,20.37,86.095,77.2714,21.106,44.6326,16.7828,39,0.304526,1.13331,694.66,134.747,163.426,144.845,8.56746,83.1412,60.7462,24.5204,35.0983,9.1503,41,0.314381,1.03518,569.712,125.977,139.138,100.035,3.47201,80.3776,61.4496,22.9739,36.8483,8.50418,47,0.320596,1.10303,439.526,105.452,111.841,21.5813,1.9411,68.5097,63.1226,18.1533,21.8699,5.22863,55,0.261845,0.868689,365.695,89.0548,93.9447,26.1313,2.21522,61.0795,51.8896,16.4776,22.3614,3.97254,46,0.281269,1.03976,434.92,138.763,112.054,31.855,2.48906,69.4154,63.8463,19.625,24.6373,4.4303,30,0.348902,0.976035,513.072,105.112,177.332,222.422,47.0653,71.5397,64.4111,23.3757,42.5854,28.201,40,0.274696,1.07948,629.238,133.389,113.615,62.2436,2.28571,85.0658,66.053,22.0372,29.0665,5.6411,42,0.359871,1.19552
decoupled_wbc_h066_p012,2996,complete,90,18,21.8946,3.41737,0.146489,0.137665,456.313,115.144,106.064,29.1434,2.30262,73.5627,65.3416,18.6632,35.3829,4.77505,37,0.348356,1.06304,390.473,119.935,115.591,74.5998,2.54061,67.5593,60.9265,18.7765,34.8231,5.36064,44,0.267683,0.924393,469.806,101.228,110.18,76.4672,2.4872,67.4461,57.1952,17.8459,30.5606,3.79927,40,0.309062,1.0442,416.35,99.1386,89.0471,23.104,1.00432,68.2103,59.9366,19.0041,23.2478,3.48873,52,0.311609,0.892303,326.258,67.0532,65.0896,13.6127,1.68179,49.2783,47.7453,13.2529,16.5148,2.91019,37,0.294588,0.888827,491.988,102.582,116.233,62.9387,2.40451,76.6848,62.876,19.8891,24.7116,5.22255,44,0.367298,1.08645,410.005,124.213,119.84,27.7831,2.37566,66.2471,61.29,19.8073,21.8919,4.40428,48,0.254327,0.914326,395.921,129.595,105.914,36.5755,1.90892,62.656,61.8802,17.6593,21.53,3.71292,42,0.270378,0.873321,315.277,80.1971,84.1216,32.0254,2.45531,47.2401,46.4564,13.7943,19.2175,2.83467,35,0.229265,0.767957,387.564,87.671,112.342,35.2515,2.13975,63.106,54.8728,18.1405,24.6379,3.88472,50,0.219059,0.819746,572.144,95.1481,122.908,43.3615,2.61613,73.3189,56.8056,21.4849,29.1232,4.97927,41,0.295606,1.15071,743.089,139.069,119.561,40.213,1.42799,90.8618,66.8522,24.1818,26.4525,4.13373,33,0.350203,1.32373,1303.02,222.08,191.818,52.9089,1.81517,124.031,90.2524,34.2712,34.6859,5.63144,41,0.37346,1.53489,602.24,140.461,109.862,95.999,7.94292,76.7368,66.9953,18.7372,34.7572,7.48743,32,0.315045,1.09394,483.831,220.911,126.676,38.0089,1.09959,75.1851,65.2429,21.3823,33.4459,3.80536,38,0.404134,1.11432,494.188,145.717,115.33,51.0544,1.86739,63.4914,62.2263,20.3467,32.1477,3.66184,47,0.138002,0.767988,331.246,126.276,112.624,52.6804,2.19897,56.2661,62.1655,16.9235,29.9893,3.8255,37,0.165591,0.902845,623.983,151.754,157.98,161.552,14.0533,81.0131,73.2126,22.7037,42.2584,11.1533,38,0.405537,1.04936
decoupled_wbc_h066_p012,2997,complete,90,18,18.1986,3.58193,0.288766,0.234442,440.52,119.354,106.366,32.1406,1.84268,69.8625,66.5055,19.222,33.2383,4.83915,48,0.254155,0.931845,463.812,107.382,112.349,17.3874,2.13955,72.3183,61.2512,19.6971,30.3393,5.92759,42,0.323521,1.11539,381.559,85.5274,119.507,27.1507,1.95823,60.4385,47.8241,17.2392,23.8596,3.63188,34,0.38023,1.14842,417.939,93.1432,125.117,22.6749,1.47787,66.9378,55.9177,19.8999,28.3651,4.1939,38,0.313497,1.04208,389.902,75.7924,100.219,28.8974,1.28552,62.7607,50.7651,16.8162,29.4878,3.51744,40,0.383054,1.09209,349.438,78.1564,108.539,24.0426,1.62657,52.0506,48.1973,16.1041,30.191,3.74429,42,0.293441,1.02271,477.633,101.726,111.09,24.7595,1.59641,76.559,63.2287,20.3485,34.8241,4.59279,53,0.294447,0.895753,477.563,95.8821,108.863,25.3498,2.31609,73.5089,54.9468,19.7915,28.4925,6.11938,38,0.415,1.18647,570.622,113.095,129.709,175.907,16.4131,83.7293,65.9744,23.6447,49.5794,14.878,47,0.315364,0.893884,453.125,114.106,155.746,84.5604,2.62996,73.1586,62.4968,20.5808,36.4596,7.59804,46,0.260473,1.04338,473.47,104.871,108.273,30.7414,2.13952,74.2461,61.3308,20.3915,29.9613,4.58919,53,0.329136,0.942995,607.524,134.406,121.293,83.1143,3.19616,78.9326,66.3309,17.9161,36.1712,6.86658,39,0.339331,1.03947,668.948,166.79,132.227,34.5061,2.66066,83.2681,72.9876,23.4994,32.0831,7.39194,33,0.339986,1.1932,405.027,102.661,103.604,28.5197,1.87097,63.0817,56.846,16.6368,20.4568,4.32292,37,0.246326,0.888296,366.968,95.8888,88.5514,25.8847,1.38268,61.5096,59.5462,15.9075,20.1123,3.47248,50,0.289373,0.813115,311.264,79.8075,79.2227,30.7587,1.1573,51.9444,47.8474,15.4765,19.0681,2.98968,49,0.232782,0.866783,620.429,126.248,101.291,45.6978,2.39569,82.6404,67.3134,20.96,26.3484,4.80143,46,0.324572,1.04083,681.853,156.711,194.206,156.041,4.52462,83.0934,74.8144,26.1877,37.2267,7.56268,52,0.191633,0.976582
decoupled_wbc_h066_p012,2998,complete,90,18,15.9516,3.20876,0.157616,0.0793577,429.226,95.8117,86.7339,69.0925,2.43958,65.3262,58.6875,16.7883,31.5106,4.29373,46,0.284722,0.967618,443.514,82.918,85.8031,29.4002,2.64197,64.2025,55.0848,15.7178,28.7701,4.42491,39,0.276726,0.995596,388.809,83.8215,94.7339,34.3378,2.17069,61.972,52.3401,16.4623,29.5215,5.77074,38,0.390963,1.10014,473.14,95.9945,102.647,25.5139,2.03907,68.2685,62.2017,17.6547,31.0855,4.64748,38,0.3319,0.929731,412.601,82.0404,94.1188,29.0311,1.33124,62.8995,52.1519,16.9043,28.6027,3.42546,44,0.310553,0.965569,567.127,101.019,162.18,30.8127,1.12579,79.7874,53.5743,19.9818,31.6313,4.00646,36,0.42055,1.301,519.655,90.4766,101.538,19.8662,1.59618,75.2749,55.5559,18.789,27.3717,4.06776,40,0.289367,1.25652,487.209,83.9659,124.393,109.073,2.44692,69.03,56.0922,18.6811,38.2628,5.58202,35,0.378659,1.25306,373.826,86.7502,117.824,135.653,3.16939,59.5213,54.9907,16.4212,42.3942,6.52473,40,0.259871,0.915069,476.048,91.7451,83.6337,32.9858,1.95921,71.6758,62.2276,16.8567,34.0129,4.61886,46,0.333545,0.957107,641.542,120.86,111.978,144.916,3.24269,83.0669,58.6414,21.0389,45.8993,6.03546,39,0.314719,1.12718,492.391,119.809,119.581,132.347,9.08681,69.0944,57.9393,19.7876,47.8991,8.54477,33,0.306788,1.12784,529.433,121.291,138.253,31.9124,1.69968,69.3317,57.2638,20.1634,36.732,4.00979,26,0.338782,1.1492,429.175,115.032,89.8135,36.2557,1.83822,70.9841,64.1529,17.7074,31.357,3.68513,49,0.327743,0.857858,497.666,92.1587,95.6615,32.7778,1.87526,69.8516,53.4859,17.4519,27.4637,4.36059,35,0.412181,1.04722,673.493,222.98,161.405,137.269,15.825,89.4559,78.5757,24.8381,50.0491,11.3849,44,0.331678,0.967575,625.615,135.169,158.502,196.172,32.9701,87.5419,72.6873,25.4484,56.792,21.9391,43,0.305389,1.09078,334.03,136.785,127.208,40.0457,1.49802,56.021,68.2134,18.8988,30.807,4.5027,35,0.175307,0.849782
decoupled_wbc_h066_p012,2999,complete,90,18,28.2065,3.73484,0.359475,0.383749,410.772,88.0366,106.422,30.0844,1.47338,69.956,54.4337,19.508,32.3675,3.66364,38,0.343914,1.16527,383.113,91.0704,85.0612,53.1714,2.25227,60.0702,48.7694,16.9005,24.2824,3.4323,48,0.283467,1.00397,350.646,93.0568,98.5549,82.8889,2.83528,58.3089,52.9768,16.2482,27.1647,4.4621,39,0.290808,1.07028,410.68,107.981,103.818,33.1109,2.31944,65.6976,57.7699,18.2424,27.8438,4.28503,41,0.259527,0.883553,411.434,93.7945,123.041,29.1753,1.8091,66.0242,50.4958,19.1102,27.7416,3.89763,35,0.274515,1.14356,475.669,89.1619,126.199,138.401,2.19767,66.8126,55.3209,19.9794,35.2111,5.27114,36,0.400365,1.24702,504.647,90.9112,110.38,23.8915,1.93392,71.7668,55.2332,21.1102,28.4919,4.50454,40,0.317807,1.14201,605.575,125.059,185.241,31.7326,1.37762,86.7865,62.1377,26.4614,41.1972,5.15254,44,0.368332,1.16028,348.728,88.9899,110.964,28.7573,2.13025,61.5269,55.8112,17.5719,32.1862,4.79105,51,0.274447,0.854273,447.057,133.796,147.364,90.8598,2.60659,69.3769,62.8473,20.7736,39.6623,4.67311,43,0.309067,1.07606,803.15,139.148,153.146,30.8701,2.32344,98.2272,72.7156,28.0218,38.7659,5.12359,41,0.340818,1.10801,384.688,71.8942,104.288,24.9921,1.71055,61.0656,52.8961,19.2937,26.2006,3.49799,50,0.280262,0.949169,602.725,117.494,117.451,29.7369,1.89046,82.4757,62.3097,22.896,29.7003,4.4542,42,0.403118,1.13806,483.394,91.277,69.8323,28.1933,1.58011,65.7986,54.9131,17.1933,21.9916,3.78632,45,0.336009,0.962212,443.064,81.6437,124.511,94.9648,2.53253,64.7139,46.3193,19.8614,32.0173,6.12399,38,0.353458,1.07852,564.02,107.479,114.263,22.6597,1.92391,82.5774,64.5099,22.5593,26.5366,5.53045,45,0.301626,0.947824,363.533,82.5034,120.476,23.7728,1.7707,56.9236,47.2767,18.6773,26.8604,3.96784,45,0.281954,0.848611,546.181,112.027,80.5704,48.9025,2.47369,68.9758,64.8445,17.9873,28.5366,5.4728,37,0.339419,1.26036
decoupled_wbc_h066_p012,3000,complete,90,18,15.1158,2.93837,0.187323,0.16604,428.391,94.9851,108.086,22.1004,1.94876,69.7156,59.3429,18.6276,27.1949,4.34778,44,0.333539,0.958958,464.341,122.244,87.8626,31.651,2.37392,63.0573,68.4427,15.6336,19.287,3.16189,48,0.30755,0.873236,397.478,98.0715,113.974,31.5396,2.48189,68.1036,60.4202,19.9505,24.7721,4.77419,52,0.27151,1.03743,460.575,95.48,136.144,27.5507,1.85968,68.7435,59.1439,21.1418,27.3912,7.21099,48,0.310287,1.00394,371.264,100.369,99.5284,27.6281,1.72877,56.4012,58.9667,15.9661,26.9905,5.38409,34,0.324025,1.00241,472.58,122.233,131.966,83.369,2.79567,75.7458,65.3974,20.8712,35.6776,5.53692,46,0.259751,0.918017,344.581,59.0167,57.1127,34.165,2.18239,55.9724,44.779,14.1928,22.0805,3.64622,50,0.292451,0.757864,388.393,97.5219,117.493,31.0847,2.3874,65.7613,55.7514,20.2671,28.0781,5.08561,47,0.2688,0.937016,396.008,129.94,113.469,26.9464,1.79899,65.9516,62.2039,18.79,28.8815,4.56206,41,0.25223,0.91189,459.394,108.627,120.127,161.807,2.69692,68.6606,61.8956,20.6794,42.3257,6.19631,43,0.267262,1.02463,620.472,114.257,111.273,35.7805,1.52936,72.022,63.3327,22.2019,31.2754,5.59288,39,0.262858,0.979448,484.467,87.8182,79.1544,32.6594,2.07288,63.0809,52.2463,17.2261,24.2188,4.704,38,0.317831,1.00303,463.606,98.5961,110.084,34.9665,2.20254,66.7839,59.3547,19.5141,27.1649,4.88024,35,0.344882,1.10301,687.664,137.486,89.6908,45.5767,1.75072,86.284,70.2115,20.5129,30.7039,3.86042,54,0.285397,0.824865,751.144,136.234,123.712,34.7357,1.68995,93.1836,71.1525,23.7546,28.7636,4.49455,33,0.496875,1.31237,509.323,129.304,88.7198,29.8236,0.870386,73.0168,63.6145,20.1002,28.039,4.07916,36,0.373837,1.15388,583.882,108.697,102.299,98.5952,4.42092,76.72,63.5502,19.4093,33.6574,7.34784,41,0.353389,1.02517,510.7,130.571,111.319,29.6141,1.89337,75.9226,67.2325,22.6131,31.4836,4.69338,42,0.278543,0.912215
decoupled_wbc_h066_p012,3001,fell,10.94,3,27.8818,54.878,0.966149,0.95478,368.675,69.6513,101.421,19.2101,1.74974,65.1295,50.3486,19.1002,30.1181,4.45667,41,0.286261,1.08599,424.244,99.1685,109.843,24.4578,2.40089,68.4534,59.4951,19.7972,31.9324,4.33481,44,0.323953,1.04463,2086.21,151.672,267.225,58.7647,0.823175,95.2806,39.4456,27.5657,27.3966,3.05013,3,0.18622,0.990611,,,,,,,,,,,,,,,,,,,,,,,,,,,,,,,,,,,,,,,,,,,,,,,,,,,,,,,,,,,,,,,,,,,,,,,,,,,,,,,,,,,,,,,,,,,,,,,,,,,,,,,,,,,,,,,,,,,,,,,,,,,,,,,,,,,,,,,,,,,,,,,,,,,,,,,,,,,,,,,,,,,,,,,,,,,,,,,,,,,,,,,,,,,,,,,,,,,
decoupled_wbc_h066_p012,3002,fell,81.12,17,20.2018,4.95386,2.97928,2.39555,404.042,110.142,89.7827,23.0205,2.18236,62.374,60.6086,16.716,28.7919,4.23917,46,0.263191,0.89755,506.073,113.706,128.309,23.4404,2.75037,73.6869,63.105,21.0356,33.5187,5.08619,46,0.292708,1.12186,445.432,104.645,96.7137,32.7608,1.93947,71.9917,61.3282,18.7023,24.958,4.76467,54,0.277851,0.825367,358.48,100.415,83.0752,31.8287,2.06128,58.5872,56.305,16.2738,23.9341,4.89622,52,0.240839,0.794097,371.75,97.2008,103.04,33.9724,1.26325,61.7451,58.1584,19.1112,25.4999,4.59171,44,0.29088,0.903326,463.302,124.501,96.2646,30.1423,1.81092,65.5276,65.3522,16.645,24.1915,4.58619,46,0.316068,0.925127,454.271,110.966,115.361,33.872,2.75231,66.4764,59.6393,18.8902,23.7417,5.60397,35,0.298194,1.14842,492.166,112.691,102.405,54.7704,2.2372,68.1628,53.768,18.7719,25.2868,5.80752,42,0.333175,1.12838,473.208,98.6603,111.875,26.5096,1.2559,69.7807,55.1077,19.2848,20.318,5.1644,45,0.244142,1.07935,392.602,113.979,119.523,29.4584,2.42494,59.9733,62.0467,19.27,21.4261,6.71679,41,0.254019,0.962177,369.563,100.07,111.054,68.7696,2.43414,60.9143,56.7491,18.1894,27.1119,5.2672,47,0.211355,0.846132,550.228,123.462,201.877,176.781,18.6385,83.6159,68.2828,26.6554,45.3013,14.697,45,0.333629,0.931312,492.086,139.633,124.839,37.994,1.63258,70.3915,65.3784,20.276,26.1443,4.03359,33,0.204687,1.01505,374.308,101.535,105.019,24.355,1.05724,62.6346,50.6641,18.2793,22.3477,3.83643,42,0.289839,0.946871,354.229,120.272,121.042,39.1989,1.84285,57.3019,64.0729,17.7078,28.8984,4.96057,48,0.213771,0.895163,531.819,122.245,92.1592,38.6106,1.76068,74.4981,63.6108,17.4621,33.4425,4.61485,39,0.286316,0.93181,1663.44,467.674,354.18,98.2173,3.05106,90.4728,62.7102,31.2776,50.6419,6.69722,4,0.554798,1.8927,,,,,,,,,,,,,
decoupled_wbc_h066_p012,3003,fell,45.62,10,17.4726,15.9002,0.761483,2.0327,355.333,82.6398,108.762,31.7929,2.1188,62.4016,53.2215,18.37,28.6111,4.42474,43,0.253844,1.0896,580.057,120.058,136.064,54.1012,2.11446,83.542,69.9212,21.6442,31.9276,4.85703,37,0.295634,1.20505,424.769,84.9721,108.887,27.394,1.82709,64.6512,50.8138,17.7553,27.855,2.96798,46,0.375075,0.946296,463.926,109.801,102.572,32.8645,1.95175,68.6502,62.5865,16.6046,26.804,4.47048,38,0.344462,1.2238,376.255,113.447,137.025,62.4939,2.86989,66.1348,62.1673,19.6181,28.4606,5.1088,52,0.182675,0.967815,377.179,113.243,100.268,37.9514,1.79283,65.1247,59.86,18.552,27.307,5.26229,48,0.28809,0.804957,485.499,111.542,101.954,63.862,2.72331,70.6173,57.7743,18.9324,31.0438,6.27241,48,0.261922,1.02509,411.369,105.073,112.849,21.1179,2.13961,70.5127,64.136,20.3125,26.4294,6.05118,51,0.27876,0.938466,369.391,97.6439,91.563,21.8394,1.97596,59.9822,56.6564,16.0096,22.6855,5.811,42,0.259131,1.00567,470.034,67.1639,73.3569,204.966,18.1905,21.1779,12.0605,6.78291,25.1112,15.5849,3,0.206823,0.883368,,,,,,,,,,,,,,,,,,,,,,,,,,,,,,,,,,,,,,,,,,,,,,,,,,,,,,,,,,,,,,,,,,,,,,,,,,,,,,,,,,,,,,,,,,,,,,,,,,,,,,,,
decoupled_wbc_h066_p012,3004,fell,71.46,15,22.0709,5.85617,2.32004,0.928346,427.301,93.5602,115.332,25.7214,2.54574,65.2511,54.1285,18.7017,34.4053,4.43468,42,0.300749,0.974816,383.119,94.2837,88.0858,22.4554,2.78857,55.4931,52.3407,14.5603,26.9986,3.99601,42,0.336082,0.973917,484.538,109.837,135.241,27.1973,2.81978,72.2405,57.2837,20.5847,35.0372,6.62014,41,0.310509,1.17669,449.421,95.2607,80.964,23.8717,1.88219,71.3883,62.1715,16.7629,26.5668,4.96295,45,0.314351,0.883041,436.478,122.916,131.949,30.2648,2.42877,67.7404,62.66,19.7122,23.8738,6.66501,39,0.309058,0.911767,520.706,104.979,126.112,108.695,6.00247,73.5713,57.1073,20.7003,32.0688,10.1561,37,0.296236,1.14783,423.706,123.743,135.163,38.2884,2.04467,68.0096,62.9613,20.401,25.5732,5.7811,46,0.234369,0.918144,412.05,90.2271,89.3901,60.84,1.6069,59.6066,62.2003,16.51,21.8588,4.18936,41,0.330506,0.887048,332.412,115.319,105.655,40.0869,2.89946,56.3833,55.9076,17.9279,22.7747,3.92043,47,0.188491,0.828461,334.253,99.1821,90.7117,34.0621,1.94873,54.7957,51.0177,16.255,19.707,4.08628,42,0.189017,0.799665,323.343,106.034,115.347,44.9309,1.95597,55.5507,53.0731,17.3141,22.4711,4.61285,37,0.231383,0.946105,415.618,124.557,92.8014,42.3024,1.29882,62.032,63.0253,15.5893,20.9858,4.90501,35,0.304005,0.971223,699.59,267.353,174.983,73.7686,2.91736,91.7369,78.0759,25.5216,36.0344,8.23077,38,0.436252,1.21725,427.407,100.347,98.9152,38.8498,1.39762,66.0556,54.6266,16.7599,22.2508,4.67277,31,0.360197,1.2385,5676.33,723.394,647.481,214.621,21.5788,243.521,103.011,63.3314,65.3096,27.4358,1,0.299805,1.30711,,,,,,,,,,,,,,,,,,,,,,,,,,,,,,,,,,,,,,,
decoupled_wbc_h066_p012,3005,fell,46.16,10,23.6288,9.3209,2.40621,0.855541,358.759,90.2108,86.4872,26.2261,2.66422,60.0252,56.1598,17.0095,29.9129,4.24642,50,0.215613,0.873656,456.945,111.722,103.112,56.4201,2.4612,71.175,64.1399,18.8657,33.5506,4.47907,52,0.285586,0.877731,376.921,109.185,102.143,35.8242,1.57571,59.9063,61.2084,16.7965,24.6933,4.20144,41,0.267796,0.937191,506.522,124.582,115.871,43.2386,2.18563,68.9711,66.4587,17.8994,23.7292,4.47249,41,0.294244,0.902557,389.566,90.4811,108.592,25.52,1.37736,65.0561,54.3422,19.7838,25.9782,4.16749,46,0.312701,0.986977,419.13,85.3716,96.6025,25.0867,1.84136,64.3483,57.6231,17.3646,25.1545,4.39608,47,0.308114,0.941208,511.79,110.657,139.785,51.9838,2.78939,79.06,66.1385,22.6355,33.9561,5.67282,47,0.38071,1.13031,383.426,90.5581,84.576,25.4215,1.29626,59.0198,55.7364,15.2409,25.7793,4.03741,43,0.303136,0.85414,937.522,223.759,219.165,153.078,21.9794,107.126,79.9091,31.3312,64.3883,14.5956,42,0.349746,1.10791,3826.48,340.014,555.37,145.561,7.5018,201.384,74.3871,45.5833,61.3755,13.336,0,,,,,,,,,,,,,,,,,,,,,,,,,,,,,,,,,,,,,,,,,,,,,,,,,,,,,,,,,,,,,,,,,,,,,,,,,,,,,,,,,,,,,,,,,,,,,,,,,,,,,,,,,,
decoupled_wbc_h066_p012,3006,complete,90,18,15.7236,3.09704,0.28102,0.219535,404.603,70.3689,103.7,25.9982,1.65729,64.2262,48.7692,18.9838,27.7156,4.07112,42,0.312494,1.06007,484.867,128.867,115.498,78.616,2.8902,76.0072,68.9273,20.4375,34.3052,5.64282,43,0.352155,0.975954,601.985,129.898,105.671,30.7718,2.39361,87.1128,70.8396,20.717,26.6445,4.61018,43,0.424088,1.08122,331.698,104.037,103.667,31.4062,2.15086,56.6885,58.3934,16.2836,24.2747,3.69728,48,0.206095,0.82114,355.516,86.1347,110.601,131.166,7.11921,57.4307,47.0204,17.0461,31.8137,7.52909,50,0.233055,0.834428,375.436,99.6562,77.8245,27.1218,2.01117,67.8011,54.8386,17.1494,20.6869,3.99383,48,0.304667,0.853189,412.117,65.3337,78.1778,17.2103,1.66708,58.3772,44.0117,15.5858,19.7805,3.23423,38,0.383815,1.10785,464.346,127.429,115.073,31.5617,1.56453,69.0256,67.7489,18.6446,26.7154,3.61402,38,0.355683,0.85743,350.212,156.012,111.802,34.1228,1.65057,60.3179,65.51,18.1028,27.1478,3.95087,43,0.188139,0.776919,479.533,203.976,164.764,46.2266,2.80262,73.8582,62.8647,23.3394,37.999,5.26114,35,0.336235,1.03435,557.856,123.189,100.291,32.6024,1.38354,83.8031,69.1158,21.0098,31.1155,5.28281,45,0.378749,0.975713,518.626,137.501,122.464,39.427,1.98512,79.8362,71.5584,21.954,35.6064,6.88008,55,0.274206,0.95452,563.403,146.815,159.833,35.3298,1.91993,77.371,66.6996,20.7341,30.1652,6.51726,43,0.284723,1.02253,879.508,187.537,179.161,46.2922,1.73933,91.0992,76.9569,26.6364,33.3408,6.10685,38,0.320432,1.21085,510.844,108.566,123.719,189.532,9.59089,70.4439,56.0213,19.8637,36.4775,8.76355,36,0.253701,1.18165,392.121,120.959,111.297,40.2357,2.35511,60.9239,49.6302,15.651,25.4019,4.11983,29,0.351017,0.995189,500.236,118.178,133.006,35.3881,1.86412,75.0856,63.5066,18.1467,25.0054,5.19553,29,0.49987,1.34986,553.744,149.867,133.737,29.5043,2.10681,77.8814,70.0556,20.235,26.0477,6.85555,32,0.349752,1.06849
decoupled_wbc_h066_p012,3007,complete,90,18,14.5478,3.2202,0.0618366,0.104345,513.113,137.373,106.414,33.191,1.5373,81.8178,75.3534,20.9705,36.9088,4.36757,50,0.300482,0.878601,418.546,105.143,133.677,34.9095,2.2756,63.0481,56.8071,19.6737,31.8479,3.82557,40,0.259252,0.987223,396.015,123.01,97.6362,39.2371,2.05807,69.94,58.4472,19.0937,30.42,3.10079,51,0.277339,0.954107,385.012,86.8521,85.7688,38.7086,2.07341,54.7899,45.1772,15.3451,25.824,2.64884,40,0.295448,0.951485,463.024,102.302,107.457,49.378,2.4622,64.1691,56.3583,17.6688,30.3584,4.73846,33,0.413926,1.2795,411.368,81.7731,107.446,39.1343,1.4321,62.32,50.1794,16.3064,24.0522,4.53118,35,0.26921,1.03636,440.949,98.8792,98.1842,36.008,2.44487,61.2826,54.3992,16.5444,21.6514,4.8459,35,0.32354,1.15112,348.278,95.9647,84.5407,37.0735,1.52211,57.7418,51.0918,17.2981,20.9549,3.94627,51,0.248212,0.871092,456.015,152.179,123.397,40.9366,2.2168,66.6262,72.4576,19.1285,24.5858,4.57742,42,0.231312,0.901424,439.804,141.112,159.345,212.616,8.84061,68.1664,68.9783,21.9118,39.3333,9.42647,42,0.218993,0.976987,713.099,137.827,114.68,43.8845,1.70094,81.8619,68.9561,20.8012,26.2071,5.12518,30,0.400503,1.50918,1061.52,313.658,229.255,70.9407,2.06525,114.844,95.9838,32.6087,40.4717,7.03747,29,0.487802,1.22259,659.072,123.263,109.104,29.9442,1.10758,86.6052,69.9299,21.3955,27.2089,4.63722,41,0.322623,1.02786,425.044,110.425,94.9668,29.823,1.86915,65.1749,62.3849,18.7114,27.535,4.38127,36,0.317208,0.95951,550.304,109.939,149.559,111.112,10.7482,75.2609,67.4647,22.9076,43.8457,11.7785,38,0.368943,1.05406,414.493,135.768,117.56,36.2537,1.38131,68.9089,61.4646,20.5404,29.6461,5.05941,50,0.272417,0.879059,598.531,102.83,126.706,42.2144,1.73228,78.1196,56.4056,20.1976,29.2183,4.44634,38,0.334995,1.33653,885.082,253.311,215.481,248.961,29.5407,84.9094,77.7108,28.5733,54.3631,18.7859,38,0.23588,1.02651
decoupled_wbc_h066_p012,3008,complete,90,18,23.2215,3.20354,0.356971,0.170827,409.993,104.111,114.933,28.2254,2.07438,68.1409,60.7623,20.795,33.9815,3.98244,48,0.262944,1.00729,398.293,77.5539,96.4202,31.9629,1.85816,64.3033,53.2019,17.2299,27.4507,3.24828,47,0.271101,0.915042,487.882,113.724,112.431,22.1519,1.76093,76.7956,65.0204,21.1334,30.7987,3.05499,58,0.285203,0.877846,415.3,106.002,103.794,19.6091,1.77486,66.4402,62.1617,19.1949,27.3924,3.56324,47,0.317421,0.915771,374.859,99.964,110.065,30.89,2.69574,64.305,57.7786,18.8659,28.5631,4.13867,49,0.267121,0.921723,661.399,134.015,186.305,166.244,10.5446,86.0583,65.9847,25.6223,43.1981,10.5828,35,0.396015,1.49604,470.885,103.677,146.36,30.7186,1.42112,72.9413,59.9873,22.031,33.1169,6.57759,40,0.324636,1.15549,648.922,124.661,151.166,154.948,3.08178,88.3312,72.1592,22.9413,44.1206,6.86561,43,0.395897,0.964035,602.166,146.185,140.637,30.5846,1.58921,81.9086,72.0302,22.6423,32.8107,5.32564,44,0.332518,0.866222,447.563,97.4377,127.041,148.283,35.81,70.5201,57.3773,21.4467,59.5677,18.9293,37,0.31483,1.0339,403.336,94.7421,91.934,25.9719,1.12405,60.1841,56.7998,16.9011,29.9171,3.96806,38,0.372977,1.04175,363.473,97.6112,95.6218,24.522,1.58821,58.4817,57.6989,17.0899,28.1857,3.73622,35,0.295922,0.935044,454.047,119.921,119.661,107.79,1.76913,67.7139,62.2758,18.9464,35.4754,4.17691,45,0.240716,1.01151,612.067,107.317,128.46,142.859,3.76996,78.5862,60.2672,21.7993,39.4653,6.41864,33,0.353677,1.34498,658.185,129.341,179.039,34.1354,2.05494,92.7588,69.4399,27.0402,36.1608,5.57334,41,0.3663,1.27796,431.99,93.2799,75.4518,25.3473,2.1693,59.9015,55.5044,15.4867,22.9159,3.56079,40,0.35407,1.03681,448.507,94.1161,123.087,29.3213,1.59881,64.0584,52.6459,19.6912,27.8741,3.21288,36,0.287289,1.11018,1039.38,187.054,168.445,48.5823,2.73131,99.0421,74.0418,26.7015,41.032,4.73618,43,0.238655,1.13411
decoupled_wbc_h066_p012,3009,complete,90,18,26.757,2.79229,0.0925912,0.0831132,392.411,72.6011,110.263,22.6289,1.63928,62.9645,48.1035,18.4859,28.832,4.32524,38,0.308721,1.0425,386.476,83.6142,113.299,61.1757,3.18298,62.7805,52.7572,18.4531,31.2071,5.42616,46,0.308099,1.07578,427.02,97.2842,108.968,35.6237,1.47981,66.1046,55.2901,17.7833,33.2746,4.99642,44,0.325536,0.998691,353.535,85.6304,112.046,27.9967,1.45217,57.9729,53.3944,17.305,33.5089,5.08275,47,0.241901,0.863074,465.289,124.639,98.5226,37.5705,2.9387,70.946,64.404,17.353,36.0014,4.94475,43,0.275195,0.958636,400.339,86.45,108.063,29.0971,1.19622,58.8516,51.6074,16.3855,30.0944,3.77456,34,0.304262,1.02001,429.643,127.948,113.725,38.4353,2.69343,68.1984,65.2341,19.7503,35.9129,5.63593,38,0.272986,0.918224,382.688,117.817,112.925,40.2528,1.5697,59.7555,58.1055,18.3125,30.0837,4.61281,45,0.253781,0.883415,332.594,93.9783,117.731,121.375,3.79411,56.8074,53.0673,17.695,36.8636,5.68814,44,0.229254,0.94949,415.387,166.263,110.422,39.8317,1.42626,65.3019,68.6693,18.4134,32.7897,3.07918,45,0.173716,0.850599,974.062,188.641,191.721,147.821,3.99444,101.542,69.2906,27.8881,51.1674,6.71286,36,0.308173,1.34141,439.555,103.452,94.6963,33.0538,1.59662,63.7427,61.2253,16.2214,25.5879,2.87887,46,0.26914,0.805797,442.764,126.503,130.943,35.354,1.49232,70.2286,62.6631,18.8852,32.6079,4.0995,49,0.264616,0.951274,780.835,118.262,126.641,38.4879,2.20728,96.7501,72.1254,22.397,35.5252,4.28321,37,0.375589,1.24428,535.006,119.491,86.1444,111.708,3.69348,67.4009,63.5776,17.1522,39.3838,7.12173,48,0.237239,0.869396,1000.54,173.71,136.099,74.7653,2.3315,98.8803,82.6449,25.1571,44.6599,6.63647,38,0.395716,1.50429,747.045,255.277,180.951,165.768,16.4038,94.4199,84.3846,24.2706,56.2595,12.6473,37,0.327536,0.948721,436.714,124.721,78.95,36.8961,1.61677,61.2804,63.8695,14.7488,27.1114,3.49793,44,0.262358,0.899997
decoupled_wbc_h066_p012,3010,complete,90,18,16.4215,3.00413,0.157992,0.222661,468.817,94.8989,108.922,39.5491,1.66942,69.2622,60.6854,17.1504,27.2369,4.17911,46,0.290619,1.02648,414.71,107.226,117.444,24.8784,2.57264,65.3023,60.4325,19.7196,26.8311,4.03773,49,0.297488,0.953087,395.441,87.5984,93.2079,27.0917,2.56317,65.6897,54.4729,17.7289,25.2739,4.53164,43,0.343304,0.979956,443.816,103.331,102.964,30.8634,2.03486,69.6595,62.6338,18.1822,27.7451,5.07072,48,0.329348,0.898541,378.435,92.6966,112.642,17.8388,1.01776,60.3374,54.2247,17.8571,22.4462,3.36933,43,0.263361,0.895196,361.262,80.4995,102.933,29.2814,1.69757,57.0422,47.016,16.7046,21.118,3.34882,33,0.256753,1.10619,463.852,116.963,120.996,31.4836,1.63344,67.8425,61.5016,21.4433,25.9162,3.96383,43,0.299055,1.01643,546.117,133.164,114.518,35.7881,1.42851,83.0751,76.8512,21.0582,30.8227,3.59327,41,0.330756,1.01295,387.287,106.824,98.2788,26.2521,2.79522,65.0892,61.3009,18.634,27.3768,3.22852,47,0.296302,0.952101,422.647,87.3556,92.7194,24.7536,2.2071,60.0374,55.4962,15.7238,24.7608,3.33881,35,0.276307,0.945023,478.836,117.816,117.622,32.2349,1.72135,68.5881,66.1515,19.6568,28.6226,4.5933,33,0.310347,0.98978,426.396,114.148,110.909,35.8097,2.08751,65.2459,62.4391,19.4931,28.6267,4.75157,37,0.252203,1.06491,415.889,100.407,104.185,44.6213,1.68735,72.2314,59.1622,20.1489,31.6389,5.32644,42,0.345868,1.09192,357.393,115.691,139.61,47.0619,1.93523,60.4883,56.4091,17.9557,32.9028,4.58979,41,0.251509,0.845038,562.342,146.342,106.364,35.867,2.59801,71.02,59.5219,19.3109,27.9657,4.73534,37,0.320482,0.959113,500.385,122.128,118.576,25.3387,1.44546,74.1818,64.5984,19.8374,28.1217,4.24996,49,0.253518,0.987068,434.356,124.899,172.355,149.877,12.8231,65.3822,66.5612,23.6047,50.1944,11.9656,34,0.207175,0.914033,498.326,111.893,100.45,123.683,12.8463,80.5294,60.3917,22.5634,50.0564,15.5582,40,0.310163,0.858824
decoupled_wbc_h066_p012,3011,fell,60.6,13,17.2399,5.48687,0.88373,2.83807,442.503,85.416,107.42,20.0771,1.76742,69.9482,54.9606,20.0023,30.2612,4.33216,44,0.363578,1.12887,338.589,67.1934,84.8844,20.4985,1.37878,58.4393,48.2258,16.3467,26.6816,4.37736,42,0.357226,1.07524,417.605,100.395,89.51,27.009,2.47622,64.1684,62.2495,15.8383,31.7481,4.72189,50,0.2445,0.841446,372.03,91.0103,96.8854,29.7704,1.75725,58.1514,54.5252,14.9613,31.0327,4.31247,46,0.264697,0.954578,393.604,90.6162,91.3247,27.6662,1.77686,62.3283,52.0567,16.2887,28.98,4.58162,44,0.344323,1.02768,517.996,112.249,129.531,125.435,13.5121,79.9863,66.0219,21.5836,46.0906,11.6084,46,0.294309,0.923503,339.828,114.95,107.924,34.2016,2.18446,61.1064,62.7885,17.6368,31.2117,5.57918,41,0.226664,0.857793,431.972,97.7723,69.5124,26.791,2.06997,65.7565,59.0783,15.0675,21.0363,4.24702,53,0.312025,0.812099,492.757,93.3769,81.8699,24.7927,2.58843,66.305,58.4668,15.6952,22.211,3.64577,35,0.383517,1.25521,436.285,109.01,108.881,23.3782,2.17022,66.5467,61.6913,19.0058,25.8497,5.01845,36,0.343601,0.963995,462.293,109.944,149.354,162.099,6.87815,67.8769,63.0799,21.309,45.3074,8.52575,34,0.329697,1.12082,397.445,92.8101,96.6068,26.9131,1.61133,61.7573,52.4436,17.8916,25.2148,3.69399,46,0.276105,0.926003,1413.96,147.282,293.492,85.5851,1.27841,66.1451,25.0445,18.6265,22.9932,3.5409,4,0.361759,1.77335,,,,,,,,,,,,,,,,,,,,,,,,,,,,,,,,,,,,,,,,,,,,,,,,,,,,,,,,,,,,,,,,,
decoupled_wbc_h066_p012,3012,complete,90,18,19.7041,3.32838,0.203148,0.0925445,408.958,82.664,119.634,25.2705,1.49893,67.6158,52.8069,19.4319,26.8269,4.34858,39,0.327215,1.24074,484.647,94.5867,120.477,46.5295,1.85667,74.3587,56.7701,23.2426,29.5751,6.04218,42,0.386619,1.13157,471.144,100.36,120.325,28.6534,1.36113,70.1678,57.5528,20.0934,24.4087,3.8021,41,0.328393,1.05721,408.923,86.2367,118.609,64.7202,1.93822,62.5019,52.7079,19.4799,27.7988,4.20717,36,0.301494,1.09872,493.055,138.282,125.084,36.0706,1.51737,70.7543,67.2963,20.4806,27.8312,3.95332,48,0.280018,0.80831,422.709,110.005,137.206,62.2115,1.78956,71.2341,57.9524,21.7374,36.3582,5.16315,47,0.29557,0.955358,435.382,99.4804,95.0578,32.3462,1.11759,71.5114,60.165,19.8546,25.9324,4.51821,43,0.325558,0.939466,422.229,97.7601,99.6318,28.6574,1.67431,71.265,57.0294,19.5332,25.423,4.12102,47,0.321204,1.06016,540.725,117.883,141.717,38.4998,2.20082,79.6098,72.1858,22.9743,32.4565,5.71876,49,0.25613,0.893852,408.068,97.7748,95.2568,27.0413,2.9922,61.2681,59.24,17.7877,26.8638,5.28025,38,0.316181,0.999436,364.625,110.642,119.339,45.0577,1.96206,61.3077,62.7655,18.7301,27.3278,4.89271,43,0.27033,0.797567,415.544,98.066,98.3895,19.4908,1.76371,69.1646,58.5378,19.0361,24.1053,5.6398,42,0.365853,1.09523,454.244,99.8643,88.0422,24.7909,2.28503,66.7761,59.3803,17.3756,18.8393,4.94339,37,0.392128,1.11359,509.859,102.551,171.067,166.017,15.6859,79.5248,62.2356,27.581,42.4796,17.3347,43,0.304207,1.18829,531.124,133.482,122.884,21.3016,1.89417,72.5044,65.177,20.1157,24.4508,5.41253,41,0.283853,1.04281,342.582,99.5239,97.2405,25.1865,1.5493,56.2399,57.7719,16.5186,24.0609,4.94766,46,0.249425,0.867196,560.352,178.372,137.858,63.4424,2.57549,78.0446,73.0726,20.2746,31.0723,5.49623,34,0.338638,1.24541,354.669,100.409,95.4501,36.1013,1.80006,63.7156,54.8026,17.5854,27.3901,4.36396,35,0.363211,1.06567
decoupled_wbc_h066_p012,3013,complete,90,18,14.0471,2.81208,0.270835,0.278395,381.773,84.7605,84.7003,20.0679,2.85437,58.982,52.5922,16.3866,26.1226,4.64791,44,0.269619,1.06748,456.445,96.4839,110.07,29.1037,1.88851,69.9987,63.5565,18.4184,26.1735,5.45754,51,0.314456,0.839396,347.617,80.5338,80.3156,26.4885,1.14327,56.794,49.3504,15.5679,22.2209,5.1576,40,0.338191,0.91181,503.39,111.347,101.293,43.7229,2.4695,72.2575,62.7733,17.2393,26.4185,4.52115,45,0.347718,1.11238,247.636,99.9904,100.624,59.1302,2.28581,46.0704,53.5129,15.007,23.1224,2.95683,51,0.160043,0.707417,358.156,103.916,84.2931,35.0872,1.88087,52.5568,59.8526,14.0901,20.2377,2.87244,46,0.281937,0.846734,568.589,124.833,134.008,100.789,2.43112,74.6368,60.9475,20.4914,25.5065,5.44919,30,0.288207,1.18848,511.969,124.181,115.104,33.0358,1.82692,73.4035,61.7391,19.1455,21.3452,4.16032,43,0.295428,1.02461,396.179,122.305,126.599,55.1075,2.44132,67.5841,66.491,19.3528,26.2608,5.09726,59,0.254613,0.843754,401.231,126.21,118.965,32.1771,1.90608,64.2897,53.5322,20.4999,22.9266,4.68324,40,0.257385,0.978298,503.299,100.014,104.746,138.114,12.5958,67.2552,63.1082,16.9567,31.7457,9.43715,33,0.366414,1.15124,596.949,127.072,129.087,50.2983,1.90939,72.4408,61.0994,19.3397,27.3273,5.68449,33,0.359337,1.34687,407.957,91.3022,81.3707,36.6556,1.40706,61.1399,54.9306,13.9032,25.0183,4.84719,37,0.334031,1.06818,423.847,104.218,94.5403,85.7076,2.61441,58.2459,53.3361,15.6783,29.1633,5.61907,40,0.240694,0.926104,545.93,137.656,163.489,168.712,45.5291,75.6869,66.1008,24.0587,55.774,26.7834,48,0.223173,1.03829,409.022,117.063,92.0031,35.4516,1.3952,67.3088,59.3545,18.4349,26.83,3.67327,44,0.281383,0.88947,416.429,101.094,109.922,56.7335,2.72929,60.2815,56.5017,16.3174,26.6404,4.20461,34,0.330293,0.960844,627.204,163.547,122.915,36.0753,2.02399,80.5166,67.7985,22.5913,37.465,4.84462,37,0.316587,1.18054
decoupled_wbc_h066_p012,3014,complete,90,18,17.747,2.73095,0.376649,0.0590433,420.956,100.37,93.1746,26.6559,1.68755,71.033,63.6261,17.496,31.2014,4.17272,43,0.337992,0.870026,486.508,93.8336,103.527,25.8602,1.926,73.1891,59.862,18.4721,31.7912,4.99198,46,0.323935,1.06083,444.907,102.954,125.537,26.9688,1.50103,70.4657,62.6885,21.3304,33.3383,5.01695,50,0.33347,0.969076,355.363,71.729,93.0329,29.8875,2.26289,58.9933,49.2356,17.1781,23.2146,4.60326,45,0.300524,0.98192,623.034,127.886,144.094,36.877,1.34082,83.37,68.5998,23.8188,31.2245,5.97718,39,0.311723,1.12775,421.678,98.8087,133.786,32.4678,1.54399,66.9565,56.1269,21.1413,30.2974,4.33733,46,0.278515,0.994748,406.627,81.0864,113.014,32.9091,1.40349,64.1065,53.6104,19.9744,29.8523,3.93603,38,0.318514,1.00695,556.468,121.715,109.356,70.9058,2.94398,75.465,60.2678,20.1639,34.9508,4.73648,31,0.365919,1.22221,438.493,107.077,99.4562,73.3907,4.0761,64.5522,64.0093,17.5202,32.0363,5.95015,38,0.342762,0.95511,432.818,83.1052,96.5081,21.3029,2.01614,63.8404,54.7427,17.7906,27.3386,4.22937,40,0.261846,0.927455,399.513,74.2603,78.2397,18.1159,1.24228,60.1495,46.0827,16.9106,24.3064,3.91959,34,0.302111,1.05437,445.756,93.9865,94.8586,116.915,14.0126,61.6581,55.7203,18.6945,38.8683,10.5115,39,0.280631,1.00533,389.974,77.4463,88.7035,21.946,2.32343,63.4572,51.166,18.0302,27.5784,4.89055,40,0.309039,0.907148,483.797,101.43,103.646,22.7908,1.37691,71.6411,57.3359,19.3865,26.8096,4.06749,45,0.26633,0.885515,391.039,90.976,96.2898,24.7906,1.65749,60.9488,54.1111,19.7635,28.4818,3.9714,43,0.229234,0.90649,435.383,99.9928,102.015,25.6144,1.66706,64.5392,57.9601,18.0188,26.1892,3.85529,42,0.249169,0.934439,466.582,89.2715,112.948,60.6844,1.81008,70.7626,57.8182,20.3885,34.2911,4.52765,41,0.329489,1.01656,463.957,138.714,156.8,235.849,4.68947,70.0102,68.8214,23.6176,53.2284,9.17998,36,0.209117,0.947148
decoupled_wbc_h066_p012,3015,complete,90,18,14.9651,3.68034,0.1438,0.211431,434.771,97.6959,89.3764,22.41,2.12341,61.6821,57.604,16.6342,28.14,4.65173,38,0.309902,0.958381,334.414,105.903,105.221,33.7673,1.78433,61.8127,57.8825,17.6295,32.2962,5.303,42,0.247958,0.947537,407.179,113.124,115.223,35.8771,1.40744,68.9735,60.9603,17.1302,34.2674,5.05671,31,0.375064,1.02791,470.685,97.8426,123.129,26.8347,3.60891,70.8097,56.8192,19.9792,34.6051,6.15042,44,0.363333,1.09761,436.322,87.0293,108.413,27.1353,1.93568,72.3712,57.3732,19.9373,26.3322,5.53343,46,0.324641,1.01027,412.812,114.248,122.936,165.027,8.89332,68.3392,62.9468,19.6969,29.1175,7.56763,50,0.241134,0.826956,394.397,92.47,121.714,27.5421,1.97306,64.611,55.7425,19.148,26.8545,4.37773,42,0.253627,0.955188,420.547,111.125,110.676,37.0498,1.96175,68.6512,60.2658,19.3342,23.7743,5.05906,43,0.315655,0.889339,370.856,69.8256,95.5298,52.1814,11.998,59.8146,46.7437,16.6162,24.5272,10.1921,44,0.310273,1.0052,654.969,142.362,144.113,36.746,1.95001,84.7855,68.378,21.1543,25.0182,4.45133,43,0.339346,1.07083,450.345,100.877,124.038,129.221,2.62749,65.5389,51.3653,21.2259,27.3876,5.06089,44,0.341941,1.14684,391.985,119.134,121.538,31.2587,2.31126,64.8387,64.8313,19.7526,20.9144,5.63079,49,0.254987,0.811285,340.901,96.8423,110.417,42.4053,2.02382,55.84,55.7036,17.7862,21.311,4.74716,35,0.25314,0.913717,486.659,126.138,114.187,44.0589,2.94142,76.3307,65.9866,20.8705,28.0176,4.68276,52,0.20694,0.93123,500.861,115.976,121.287,32.0687,1.65911,75.9901,64.4086,20.4784,24.0431,4.70886,37,0.276064,0.95677,482.867,96.9082,104.129,41.3344,1.62563,64.7357,59.9579,16.5642,26.0663,3.76297,34,0.369128,1.15536,1525.58,200.597,229.53,47.0423,2.52907,118.036,83.472,33.7919,47.0696,7.46762,43,0.27669,1.16982,470.436,135.604,114.682,30.0394,2.55042,76.1767,66.7543,20.4568,26.1406,5.41442,52,0.307731,0.910359
decoupled_wbc_h066_p012,3016,complete,90,18,15.9238,3.8431,0.40415,0.239272,419.038,87.825,97.205,20.639,2.03249,66.0699,53.9434,18.5964,28.2517,4.47513,40,0.363453,1.0492,510.677,90.1866,151.806,60.5768,4.30915,73.5401,56.5475,21.6593,33.0394,5.85048,41,0.392659,1.32768,458.601,91.4433,86.825,37.9063,2.18945,68.0407,57.7617,18.2975,28.0244,4.84145,44,0.321893,1.02816,433.921,88.4844,103.224,23.6085,1.27845,66.1484,54.8368,19.2873,29.0703,4.38397,45,0.384029,1.1585,480.995,119.139,119.627,24.8425,2.68786,71.7344,64.7671,21.3522,26.4879,4.16267,47,0.342018,1.06695,403.629,73.5435,108.691,24.9941,1.42059,65.1704,49.202,20.1243,25.9136,3.80993,46,0.263474,0.956478,380.008,95.9266,121.445,71.0818,1.47284,62.2073,55.1792,18.6478,34.5747,4.27194,47,0.2339,0.973861,404.37,75.3585,136.747,29.4724,2.04447,67.66,52.5859,22.5067,28.2154,4.49829,41,0.284391,1.12499,698.552,236.941,176.414,32.5637,2.63839,86.2055,75.8993,28.4362,39.0365,6.72004,46,0.244269,0.957799,407.716,89.7122,98.7642,26.9948,1.80156,66.9074,57.0436,20.2104,26.8146,6.46673,45,0.274393,1.00805,461.768,103.811,119.945,30.5522,2.8621,73.7021,59.1642,22.7971,30.2863,5.54455,49,0.330405,0.894675,446.584,84.2816,150.602,75.8395,2.52758,64.1626,51.1911,20.2542,36.3296,5.29235,45,0.296611,1.00627,387.605,114.301,115.455,33.5229,1.79087,65.5556,61.1127,20.1325,32.0652,4.23893,56,0.195186,0.806364,564.772,109.95,151.259,226.936,6.37339,76.0692,54.612,23.8986,48.4994,9.6435,38,0.330098,1.1341,730.245,136.183,124.506,68.0448,1.79817,89.7269,67.6202,23.7721,39.3338,6.1167,36,0.362697,1.26796,412.651,104.688,103.247,84.8043,10.7401,64.3287,56.3657,19.9765,35.2581,7.96009,40,0.288265,1.00666,586.548,104.705,92.7549,35.0223,2.85797,79.7649,62.1359,17.5165,30.1429,5.32016,40,0.412093,1.13444,477.772,162.963,116.418,37.7205,1.76849,73.8828,64.3631,19.9634,26.4799,4.67891,37,0.405113,0.966614
decoupled_wbc_h066_p012,3017,complete,90,18,18.5741,3.68449,0.119986,0.152291,364.53,78.7693,77.9941,22.8214,2.28064,56.9543,52.311,14.8442,24.4223,3.15933,36,0.280787,0.962871,400.821,107.529,117.318,27.1015,2.04742,63.621,61.4381,18.6684,30.064,3.74314,49,0.281453,0.964355,368.891,78.1165,117.154,22.6516,2.36995,59.8776,45.5573,19.5378,25.9141,3.87715,43,0.279866,1.05675,481.66,109.349,143.811,28.1172,1.34548,77.8155,62.6778,23.3152,29.3766,5.00272,43,0.3649,1.22059,416.525,89.368,127.796,31.8942,1.5338,60.1209,50.7423,20.135,24.3283,4.77311,40,0.325105,1.08077,536.105,119.035,106.02,29.5164,1.82251,78.3559,65.7844,20.5793,28.7562,4.9112,56,0.347999,0.894767,589.407,123.944,124.589,27.7338,1.65502,87.9849,70.2479,21.9182,29.4442,4.89617,42,0.29861,1.10665,440.284,96.644,124.746,116.831,11.3648,63.7106,56.9023,18.3369,36.445,9.50782,37,0.23733,1.06843,436.372,111.074,91.736,19.9453,2.18001,61.5005,59.9018,16.4582,19.6287,4.76162,37,0.334876,1.1185,326.803,95.4255,98.3135,32.3156,2.00885,51.1407,50.5136,17.0442,20.8825,5.67021,43,0.214101,0.888879,557.37,150.182,116.876,30.99,1.00066,73.8525,69.4679,20.3781,24.2,5.07128,41,0.316739,0.994263,442.329,103.421,95.7926,22.73,1.53849,63.6823,63.0025,16.6442,19.8867,4.08113,39,0.341073,1.0973,445.028,152.784,126.847,31.1708,2.21403,71.2977,64.4709,19.4942,22.9867,3.61903,43,0.312156,1.03351,458.337,98.9031,98.1107,21.2712,2.07421,71.1316,55.3931,18.3485,20.2537,3.41525,40,0.325099,1.0634,946.983,181.461,238.139,209.188,15.7714,97.0014,63.4548,31.2273,56.4297,12.4781,37,0.235124,0.991386,421.912,132.153,135.526,43.3819,2.25304,70.2793,61.8636,19.5763,28.4258,3.56436,35,0.263316,1.04866,320.042,72.5703,72.2473,37.913,2.29325,49.2392,46.2782,12.9914,21.4363,3.03166,38,0.258868,0.934437,576.199,121.768,97.3635,42.6132,2.41228,69.8558,61.3234,17.7636,24.7335,3.94841,46,0.286713,0.929426
decoupled_wbc_h066_p012,3018,fell,45.96,10,21.1035,10.9225,1.4437,2.04783,349.393,77.811,79.3394,17.8504,2.34595,59.6128,51.9494,16.5969,19.4576,3.4828,50,0.259518,0.930364,369.208,80.5534,69.9695,20.4442,2.12527,60.4819,50.9957,16.6249,20.4874,3.24658,49,0.26819,0.805525,458.112,112.294,99.3207,26.1639,1.77954,69.1768,56.3993,18.4419,22.9185,3.14445,41,0.326426,0.890057,436.567,139.241,118.443,35.1539,2.02772,67.3803,68.8177,18.0381,23.5146,3.71299,38,0.335394,0.9999,503.227,152.404,151.368,117.56,3.33068,82.7004,73.7823,23.3393,34.4899,6.51364,44,0.272359,0.941143,503.135,121.09,88.7642,38.9271,2.48683,77.5313,61.7643,17.9454,22.6758,3.88579,43,0.423914,0.956477,387.947,124.154,107.494,41.4383,1.88988,67.9544,59.4195,17.345,23.6812,3.91846,31,0.394103,1.02627,423.489,113.459,99.5389,30.0175,1.32933,68.1185,60.402,17.529,21.2456,3.81431,49,0.255098,0.905145,925.053,224.292,203.974,139.805,12.2877,107.753,80.7846,30.1947,54.3316,12.451,33,0.403197,1.22873,5008.49,341.103,757.688,211.7,44.2843,214.683,56.9859,54.1658,67.8041,34.4752,2,0,2.94042,,,,,,,,,,,,,,,,,,,,,,,,,,,,,,,,,,,,,,,,,,,,,,,,,,,,,,,,,,,,,,,,,,,,,,,,,,,,,,,,,,,,,,,,,,,,,,,,,,,,,,,,
decoupled_wbc_h066_p012,3019,complete,90,18,20.4737,3.39653,0.299515,0.121349,356.449,86.1684,119.572,27.4992,2.69528,58.2207,50.6998,18.0296,30.9458,4.43301,34,0.314177,1.13801,322.571,65.8572,77.007,17.9238,2.11393,50.2314,45.3133,13.9137,23.4461,4.05328,45,0.267603,0.880946,444.79,116.559,122.277,51.2435,2.49253,67.9112,57.164,19.3394,31.2971,5.90819,43,0.22866,0.960719,416.097,89.8146,117.507,20.2904,1.84187,64.9629,56.5488,19.1194,22.3348,5.29472,46,0.317322,1.03479,424.271,119.792,103.374,65.116,1.47126,66.9158,62.813,17.2225,26.0597,4.73469,47,0.322659,0.881386,492.521,122.048,114.014,45.7809,1.72108,71.8209,68.1297,18.2328,27.478,4.46688,33,0.328683,0.868834,474.039,110.268,107.496,37.245,1.26044,71.0891,59.8783,17.2493,32.5738,4.65666,46,0.307161,1.03774,880.876,187.761,128.511,96.6176,2.44221,85.0831,76.3694,20.5713,49.2345,6.24951,38,0.270757,1.17645,303.859,75.2937,61.2458,32.2321,1.83459,50.3331,45.7748,13.0121,30.2981,3.70108,38,0.265367,0.699927,449.718,91.1668,72.7235,31.6199,1.74925,57.1088,57.6809,13.2122,30.9306,2.99175,36,0.286175,0.941205,816.307,350.37,130.841,54.3878,2.15551,89.2629,91.1664,23.1069,51.5652,5.38073,27,0.407554,1.17279,463.791,72.1177,61.6245,38.132,1.4462,66.1664,44.0951,15.0775,34.6777,3.57993,33,0.395374,1.23204,321.879,73.0096,49.535,32.2088,1.46769,44.6774,53.3937,11.2466,26.6382,2.53445,34,0.319279,0.786097,404.759,149.216,105.495,108.569,2.47693,64.5379,57.5468,17.7781,40.0037,5.1578,43,0.263856,1.07754,398.835,104.675,94.7213,46.449,1.8791,63.4516,56.9035,16.6029,36.2407,4.45404,43,0.253073,0.870939,599.637,124.95,107.641,96.5721,2.83438,77.4424,54.8941,18.9751,42.2445,6.06613,35,0.402317,1.15925,430.238,95.1295,112.086,97.1157,6.09535,65.0198,52.8255,18.7763,39.2095,6.40971,44,0.282909,0.966592,457.541,96.5101,153.596,185.773,6.71583,67.8676,57.3676,21.2525,57.5923,10.1638,44,0.242812,0.765874
decoupled_wbc_h066_p012,3020,complete,90,18,21.6518,3.78294,0.549915,0.564163,525.359,112.623,96.0053,32.5121,2.06543,82.7278,66.3077,21.444,33.2297,4.992,46,0.348275,1.01287,437.349,90.3673,121.345,27.0375,2.54566,69.1976,52.1595,20.3429,29.715,4.49057,43,0.303983,1.0072,423.154,99.8741,134.546,22.8629,2.964,73.3013,58.4584,20.074,31.9594,4.41491,53,0.294628,0.895168,489.375,104.64,107.547,93.3175,3.70814,78.3873,63.8642,19.5396,35.5773,5.49841,47,0.376427,0.957107,384.961,94.8795,94.3676,24.9722,1.65028,59.7374,59.5532,16.2258,27.2534,3.80032,40,0.273369,1.0128,468.982,92.8557,84.2805,26.01,1.46315,68.238,61.3553,16.047,23.9609,3.65837,41,0.356654,1.11686,531.417,142.266,98.2057,31.0788,1.47078,76.6885,67.1956,19.0075,25.3405,3.65161,35,0.396739,1.05474,350.209,102.316,91.8175,31.7943,2.32907,58.6967,53.6939,16.1689,23.6575,3.54573,45,0.265985,0.91402,348.766,79.9537,125.31,27.3976,1.92078,57.9888,48.9503,18.4108,30.2674,5.64296,43,0.243672,1.00098,445.679,88.7147,82.4094,25.774,2.08831,67.7291,56.1011,16.8009,30.8276,4.90452,48,0.280332,1.01605,452.249,97.4204,86.5212,28.6436,2.01784,68.1004,60.2304,17.8202,35.0722,5.67515,44,0.334216,1.06436,316.518,69.993,77.5638,27.2659,2.31569,51.6561,48.4449,14.427,29.4047,4.42403,50,0.248307,0.850699,878.899,151.468,162.597,45.1257,2.91352,88.2963,66.4802,24.2675,42.1676,5.53827,39,0.315918,1.11453,354.901,93.4817,69.2633,31.9449,1.97457,55.4521,51.4991,13.043,27.495,3.74712,34,0.407665,1.23062,500.866,105.595,99.8363,33.8471,1.81577,62.2848,55.6598,16.145,31.9672,4.55541,40,0.293275,1.04831,492.54,109.244,98.5579,80.2956,2.6212,66.7678,55.0248,17.8158,29.3657,4.15134,36,0.334962,1.25216,616.978,139.401,167.643,135.608,13.9523,79.567,63.0343,21.8095,47.973,11.2795,34,0.331904,1.11995,930.04,180.461,146.662,141.223,3.28584,99.6059,75.6838,25.9498,53.8453,7.51522,37,0.415261,1.3062
decoupled_wbc_h066_p012,3021,complete,90,18,12.9448,3.49336,0.32057,0.255649,401.715,94.1918,91.501,25.7869,2.02708,62.876,55.5888,17.9567,27.5834,3.37736,47,0.280674,0.901339,456.821,118.96,115.928,30.9137,1.81784,74.263,66.8733,20.1026,31.378,3.74693,50,0.299512,0.909405,441.239,99.6943,112.953,26.9232,1.84061,66.8464,55.6806,19.284,23.9043,3.98355,45,0.312652,0.981668,476.185,147.862,128.832,28.75,3.14833,67.9156,59.5539,19.0163,21.5624,4.88502,32,0.381461,0.99271,371.189,107.381,99.1999,24.2204,2.67676,61.5052,58.6066,18.407,23.6876,5.82708,45,0.28731,0.968862,457.748,125.302,129.506,112.118,5.0064,73.4889,65.8471,20.3284,27.7998,7.92543,49,0.295214,0.858075,463.538,99.5599,102.951,65.5438,3.0681,60.0033,53.4752,17.6029,24.2379,6.74988,37,0.334712,0.989752,685.281,169.584,221.622,194.289,13.1883,87.4718,76.3531,28.5397,41.8835,14.0493,41,0.266881,0.982698,504.157,144.645,129.566,50.7153,9.91854,73.4313,73.2661,19.5452,25.4385,9.35634,39,0.308258,0.924057,370.852,102.67,94.5994,32.7517,1.38226,60.9008,53.1569,17.3242,23.8599,3.76962,36,0.329195,1.10492,488.438,137.613,129.481,40.3411,2.51426,72.2772,66.5139,20.1466,32.5564,3.80755,41,0.356056,0.926006,527.717,122.792,134.854,30.7896,2.00933,68.9515,63.4166,19.8113,27.2735,3.47205,38,0.307474,1.01725,498.369,117.41,129.541,60.2853,2.41208,70.9674,61.0404,19.7337,28.0493,5.44847,44,0.271918,0.958784,675.031,228.872,157.398,58.9036,1.80741,78.9369,75.6303,22.5626,31.0323,6.031,25,0.465927,1.04091,350.297,89.2101,127.035,51.8524,2.11736,55.0667,48.9784,16.0987,22.4073,4.36207,52,0.233011,0.762882,711.617,165.644,134.251,38.6696,1.05542,89.5002,69.7078,22.6218,27.3196,4.11083,39,0.270039,0.983709,566.415,133.188,137.823,103.047,3.20984,75.489,65.5357,20.5103,27.3819,5.57784,47,0.323472,0.922628,431.843,96.9062,104.799,35.8779,2.10496,67.52,53.6572,18.2921,22.164,3.98606,38,0.360471,1.04579
decoupled_wbc_h066_p012,3022,complete,90,18,16.8649,3.09363,0.300175,0.0834815,439.011,108.114,99.7454,50.9035,3.3473,73.0065,66.7125,18.1,33.2765,5.01724,44,0.300076,0.838991,391.106,104.136,98.5252,38.6741,1.73298,62.2493,52.0067,17.1604,25.766,2.64569,37,0.303706,1.03309,278.777,70.3055,72.6054,27.3439,1.50638,50.0231,45.7537,13.8449,19.4261,2.57293,40,0.273945,1.00219,354.543,104.685,105.094,49.1625,2.34466,54.711,55.1874,16.851,25.1751,3.84836,40,0.198848,0.809599,333.328,90.9358,95.8351,26.1993,2.04285,59.6392,53.0412,17.208,22.5122,3.15156,43,0.259149,0.882384,456.73,125.431,115.451,31.738,1.6406,66.3259,65.8043,17.7762,30.119,5.27072,42,0.264279,0.968899,372.625,104.158,141.675,89.7506,3.70371,59.8784,58.2145,18.5438,33.5519,7.39111,44,0.217497,0.829734,675.818,185.599,117.659,48.9257,3.17692,86.4377,74.3275,20.6544,36.9016,7.32844,38,0.361962,1.12413,390.791,111.906,115.452,45.2205,2.41012,64.7756,62.5437,17.8135,27.3077,5.47115,42,0.27662,1.0229,462.331,148.232,136.888,95.5067,5.06137,63.9256,59.8263,19.9386,34.4705,7.5301,44,0.214443,0.816195,489.681,117.856,95.2002,30.9945,1.98645,76.5824,66.3515,20.4293,22.742,5.98284,44,0.404119,1.02187,427.22,103.752,104.123,29.6412,1.95474,68.4269,55.5174,18.5337,26.782,6.28639,39,0.316234,1.10634,656.255,170.744,193.743,220.013,7.43895,80.6214,79.9647,25.0581,49.9586,12.0298,40,0.261953,1.09325,730.358,171.264,177.049,146.806,9.76961,89.8423,72.0349,26.7462,47.4699,14.6268,39,0.273086,1.15824,400.917,104.959,115.04,87.5242,9.30079,63.5864,57.6714,19.3657,40.9941,14.0166,54,0.187908,0.814735,434.768,111.515,142.072,122.974,6.68586,67.8016,62.9059,20.5694,27.4788,7.10923,39,0.255729,1.1337,503.962,129.92,132.076,23.5562,1.34379,67.3436,64.9852,19.4961,25.1179,3.36589,45,0.236168,0.878714,494.81,119.436,112.768,30.9655,1.25909,74.3573,64.9959,22.4107,29.7823,3.84404,43,0.362923,1.08718
decoupled_wbc_h066_p012,3023,complete,90,18,20.3393,4.1576,0.157011,0.176142,444.494,86.2345,102.613,23.1246,3.2732,64.9884,55.0734,17.8294,28.8115,4.78819,38,0.302637,0.999251,504.161,107.983,115.694,24.9968,1.80582,72.7632,60.4041,20.2425,32.9756,7.08506,40,0.369809,1.15331,323.782,69.0997,83.5746,22.1428,1.76115,52.0746,43.5822,15.5048,21.132,4.49133,40,0.273953,0.969184,409.584,123.219,132.798,55.7597,2.7206,70.0445,62.8977,20.1145,31.6734,6.2138,45,0.253911,0.923292,484.048,93.6134,130.262,31.1951,1.7788,71.7973,53.8548,20.0508,29.8404,4.82293,47,0.361984,0.994152,396.94,88.176,105.295,27.0752,3.71655,61.1963,59.0611,18.667,28.7787,6.267,53,0.299914,0.844451,430.083,92.7352,97.91,88.8513,19.6963,61.03,53.3124,17.107,36.6111,9.58461,42,0.367665,1.00852,420.525,95.0189,79.7255,23.0518,2.10929,63.4029,55.2315,16.8023,27.7795,4.88277,42,0.391023,1.11803,430.943,110.16,102.362,133.407,6.29969,68.6345,64.274,19.001,39.935,9.67216,44,0.308164,1.02817,499.588,171.28,162.493,164.52,2.84378,78.0629,74.2172,24.6262,41.8186,7.90777,58,0.191221,0.892206,450.232,90.1292,137.838,120.267,2.66725,70.1616,56.1285,20.1058,27.8734,6.72473,47,0.308229,0.909879,1750.64,252.327,251.13,41.3739,2.873,138.382,104.902,37.6097,38.0495,11.3001,39,0.35936,1.48244,767.003,213.44,156.821,28.1079,1.97016,90.6582,77.7099,27.8962,28.4361,6.89158,50,0.344867,1.0181,559.236,132.986,124.436,30.5795,1.82419,76.3126,63.6198,20.4879,26.1949,6.3708,40,0.324004,1.09507,381.973,85.7372,95.1544,18.5601,1.52348,61.2283,48.8803,18.1293,21.6339,3.47087,38,0.265309,1.13307,377.179,128.423,124.638,26.1436,2.5892,60.474,61.8112,18.2937,21.9999,4.17146,33,0.271223,0.928523,624.351,150.245,118.143,26.3347,2.17544,73.2738,66.6442,21.368,22.8821,3.76206,39,0.308644,0.995322,460.201,114.485,98.7825,50.7583,1.77003,70.954,61.6029,17.829,28.7601,3.6703,38,0.334722,1.03794
decoupled_wbc_h066_p012,3024,complete,90,18,17.3558,3.80106,0.194781,0.124677,429.523,103.644,108.041,21.3499,2.35453,71.2168,61.3209,20.3979,30.3865,4.84549,43,0.327115,1.03458,411.722,96.2688,91.709,19.927,2.1311,69.4546,63.0342,19.0804,28.5231,5.12133,52,0.339371,0.918907,418.003,121.042,114.673,21.1426,2.19582,67.8522,63.9278,19.3866,29.0167,5.52063,41,0.275404,1.04216,465.425,134.994,119.96,36.7803,1.62487,74.6102,68.7174,19.7139,28.1747,4.58115,42,0.304992,0.981328,296.368,98.6458,102.628,27.7556,1.86863,56.3578,53.1939,16.9736,21.7975,3.12272,47,0.20848,0.826888,428.421,88.6183,105.292,37.5411,1.7043,66.7392,49.9809,19.3627,21.5575,4.19197,51,0.27772,1.03216,438.263,122.194,132.182,24.2355,0.855521,62.9442,63.0824,18.2291,20.5347,3.70034,54,0.287901,0.819903,400.053,103.149,107.725,19.8419,2.26428,65.7217,60.1687,17.5608,22.5422,3.65876,40,0.277156,0.958699,495.8,186.258,127.999,87.6801,1.88568,75.5007,65.5669,22.1155,30.057,5.4177,44,0.308034,1.0829,398.608,84.5452,111.007,20.9868,1.28538,68.6218,55.9714,19.1388,20.2439,5.22818,49,0.288996,0.907922,404.917,98.8888,102.035,27.226,1.95008,69.7511,58.5472,19.2138,24.6987,6.43388,51,0.315887,0.898539,448.236,95.4788,122.906,231.437,6.32711,65.5481,57.3145,20.5197,50.0484,9.8465,39,0.253383,0.953259,527.771,126.326,103.052,208.675,11.4259,84.2126,66.9976,22.6695,64.2097,12.6652,42,0.334169,1.04158,361.739,117.618,89.3798,25.5197,1.3453,58.2326,64.5326,15.6177,26.0211,3.23011,50,0.239572,0.875686,497.913,120.181,114.278,25.5908,2.17974,72.1246,58.0404,19.339,30.1926,4.35503,39,0.283835,1.11869,406.293,115.644,107.99,28.7437,2.70821,70.1547,60.7254,20.0316,30.481,5.46213,52,0.282104,0.981817,818.709,241.604,164.742,30.788,2.02939,90.3918,85.3889,25.6175,37.2391,7.23616,31,0.432785,1.15654,506.046,116.938,120.465,28.1187,1.61433,66.5689,57.1886,19.3138,26.3473,3.76488,40,0.269201,1.02486
decoupled_wbc_h066_p012,3025,fell,35.9,8,15.4941,11.31,1.48056,3.24101,415.116,98.5842,97.2283,67.3251,2.00214,67.7311,60.8113,19.5269,31.4799,4.47922,42,0.33446,1.07809,354.593,92.7582,115.215,43.0785,1.15878,57.7695,55.7542,18.1195,27.1318,3.82069,43,0.237865,0.886982,320.508,97.1314,98.7053,39.2527,1.46511,55.4683,53.2592,16.6584,21.7904,4.08385,46,0.239799,0.83196,429.901,80.5921,81.2412,31.6798,2.06048,62.4034,51.234,15.7266,19.607,4.39756,44,0.360856,0.903035,361.055,84.5378,92.1351,35.163,1.96088,58.924,53.2798,16.4932,22.0627,4.05444,42,0.312712,0.90921,344.072,129.992,103.928,47.7544,0.956338,59.8991,62.8178,17.0203,22.7308,4.373,41,0.351793,0.851664,299.542,87.5424,112.56,115.417,6.57467,46.8799,45.8906,15.8249,27.6775,6.27968,43,0.187834,0.835842,1671.59,111.355,176.141,152.797,4.29457,76.3266,32.0462,16.6859,29.3197,6.06483,1,0.316261,0.744983,,,,,,,,,,,,,,,,,,,,,,,,,,,,,,,,,,,,,,,,,,,,,,,,,,,,,,,,,,,,,,,,,,,,,,,,,,,,,,,,,,,,,,,,,,,,,,,,,,,,,,,,,,,,,,,,,,,,,,,,,,,,,,,,,,
decoupled_wbc_h066_p012,3026,fell,61.58,13,36.2387,11.4072,2.65013,1.3457,415.055,99.1591,96.9885,20.4175,2.25224,61.813,60.7849,16.7648,27.4546,4.60639,47,0.277842,0.88653,353.854,90.9994,86.906,28.6686,2.57795,58.9852,52.1707,16.73,27.5699,4.90381,47,0.307576,0.901654,353.228,100.675,99.4599,37.8372,1.25931,60.5774,56.6749,18.2551,29.2826,6.17533,59,0.205283,0.822943,330.241,75.4855,93.8589,34.2126,1.41454,49.8572,45.3075,15.5057,23.8259,5.80097,46,0.245815,0.849345,580.65,121.303,107.615,96.2649,3.32757,75.2991,65.6508,17.9974,28.3081,7.1181,38,0.371447,1.08713,403.541,88.3337,93.1513,28.3484,1.02167,61.1892,51.5103,16.1316,19.2189,5.48402,33,0.314093,0.992258,434.708,110.975,107.765,39.4201,2.38233,65.4807,63.114,17.2648,22.525,5.63502,41,0.364159,1.01339,557.045,112.903,113.012,37.7288,2.24137,74.7297,62.4954,19.0026,23.8118,5.26176,40,0.312675,1.0669,394.489,81.7554,101.081,17.0927,2.05202,60.9521,48.2438,17.1308,20.1854,4.01544,38,0.398868,1.07628,444.65,103.795,119.577,32.1858,2.05093,68.7249,61.7645,19.3254,27.1657,5.90925,44,0.254782,0.932112,433.549,93.5325,94.1942,23.8461,2.82718,69.4371,61.7109,17.8922,22.3529,5.87394,52,0.300005,0.835963,629.876,125.241,126.903,57.1551,2.37321,88.377,70.2654,23.629,39.3158,7.43643,45,0.403563,1.10956,4247.67,576.688,622.096,182.67,7.46374,181.372,90.4274,44.239,84.2841,16.8747,3,0.470266,1.00146,,,,,,,,,,,,,,,,,,,,,,,,,,,,,,,,,,,,,,,,,,,,,,,,,,,,,,,,,,,,,,,,,
decoupled_wbc_h066_p012,3027,complete,90,18,14.6771,3.33444,0.186258,0.114383,375.089,79.7453,90.382,23.1584,2.05344,60.9709,50.678,17.1825,26.6626,4.17128,39,0.352445,1.01809,409.948,92.2837,84.6078,18.7018,1.41726,69.6623,62.2093,17.9933,28.3127,4.65884,49,0.317526,0.927059,403.117,95.4452,113.891,63.2932,1.89061,64.8182,56.6858,17.9956,29.8614,5.10399,41,0.354236,1.1093,382.826,103.061,121.422,61.3159,2.88561,65.4271,57.7457,18.6678,30.3576,5.05597,43,0.287993,0.911861,405.957,110.856,121.176,27.0892,1.71758,65.7041,59.7032,20.2797,31.6604,4.93974,51,0.291398,0.965201,442.899,114.91,114.776,29.1136,2.10016,65.0434,63.9958,18.9843,28.0121,5.12088,44,0.268486,0.90262,356.788,86.0656,83.6258,20.8455,2.42516,60.3707,50.8047,16.5374,20.3115,4.43121,42,0.32515,0.951948,457.065,129.259,157.338,135.951,4.35833,68.3178,68.7788,22.7679,34.4875,7.63328,51,0.252414,0.936279,490.032,114.158,90.0842,66.3953,2.22433,73.7289,64.688,18.9273,32.2411,5.26549,46,0.333935,0.823969,403.829,122.603,142.73,150.379,10.0274,67.0225,57.3727,21.4704,40.8875,9.26529,43,0.259416,0.890475,368.925,80.8138,109.497,29.6174,2.47779,66.0729,51.8413,20.2825,27.5923,5.90072,42,0.253086,1.06429,670.334,114.379,140.655,209.306,12.0845,89.0886,70.8999,25.0227,48.0832,14.3026,45,0.443202,1.13261,434.858,112.01,108.007,42.1376,1.75714,71.4154,60.8227,21.0051,31.7919,7.27062,39,0.321961,1.02677,530.398,116.975,145.245,182.913,6.45774,73.2807,61.4666,21.9426,46.1996,11.6065,35,0.372773,1.11058,423.813,95.1727,101.073,42.5272,2.29785,62.6554,47.8564,17.5344,24.4023,5.17105,43,0.28619,0.942354,723.73,162.151,149.097,142.406,17.8995,86.1164,83.2958,26.6334,44.6194,11.4301,49,0.26571,1.19858,476.161,119.503,152.887,27.7424,2.27118,67.0588,60.7079,20.2455,29.8007,6.40989,38,0.281792,0.965852,450.589,152.158,134.838,37.7217,3.25907,72.666,58.1856,23.5637,34.3617,6.95078,36,0.343107,1.11512
decoupled_wbc_h066_p012,3028,fell,86.08,18,22.9454,11.9671,1.97182,2.24669,440.983,93.8312,99.69,28.9044,2.53736,69.8605,60.5634,19.342,31.2707,4.8365,49,0.313533,0.892025,437.478,92.3777,100.6,29.1633,1.66419,69.9862,61.0411,18.6089,27.3207,4.25974,51,0.324016,0.877769,394.523,90.5134,112.46,26.3707,2.42478,62.369,52.6456,19.2245,27.7776,4.81074,47,0.299648,1.08438,694.452,141.853,100.512,24.9748,1.45946,82.1407,67.0824,19.5809,27.5139,4.90129,39,0.302365,1.11705,445.033,93.1721,97.7795,24.8823,2.45312,69.3314,62.0697,18.0656,30.8441,5.03811,43,0.294078,1.08767,336.211,70.7798,113.545,111.055,7.64125,55.4097,47.5419,15.6996,30.9732,7.23291,40,0.311872,1.15976,394.768,110.164,101.588,82.8273,2.62727,61.8212,62.062,17.167,35.2933,5.33725,47,0.25836,0.891493,524.957,123.381,119.028,36.0193,1.92236,77.7646,68.6605,19.5193,29.5975,4.63407,40,0.353542,0.995178,379.985,112.763,107.34,129.381,6.51885,63.87,60.9875,18.8885,28.7958,6.41378,35,0.226193,0.929272,571.007,145.041,116.519,70.6815,13.5711,80.5152,74.2679,20.1519,26.2454,7.90163,42,0.286806,0.880992,884.422,167.68,138.645,32.8423,1.68799,104.052,83.2628,25.3013,30.2869,8.35493,39,0.433976,1.36831,735.94,150.997,253.194,207.244,27.5521,96.5959,71.8322,36.1016,58.047,19.8952,39,0.278323,1.16024,619.976,121.905,108.226,36.8066,1.36562,79.27,67.5383,18.7654,24.9876,5.47076,32,0.393196,1.41725,325.971,81.7874,119.02,26.3445,1.56852,59.4657,48.8828,18.4505,27.7663,5.50605,39,0.297388,1.16212,336.791,102.173,102.766,26.9873,1.51768,57.2532,53.5641,17.9757,25.8411,4.72,43,0.229652,0.764929,546.965,126.16,170.277,30.3094,1.88025,76.2551,67.5697,22.4865,25.6307,5.18788,44,0.279709,0.966557,622.38,202.264,143.576,39.8054,1.21703,75.1573,70.7359,21.8917,27.3791,3.95408,39,0.211279,0.94622,2438.39,233.328,429.248,245.434,11.2663,123.306,48.5191,34.0533,56.0762,13.0339,4,0.239685,0.748305
decoupled_wbc_h066_p012,3029,complete,90,18,16.4539,3.45798,0.184295,0.303683,385.062,77.4264,129.403,25.7764,2.57172,62.607,50.4558,19.5244,30.3604,5.35673,46,0.261977,0.894933,387.866,84.1618,86.6218,34.834,1.96025,61.0838,51.4063,16.8099,22.9604,4.6583,34,0.317943,1.10394,527.332,118.342,133.412,134.438,7.11241,81.2465,72.2413,23.1148,35.0848,9.23334,50,0.327947,0.943282,451.661,104.492,99.7141,42.9029,2.31859,69.9396,55.0987,17.5121,22.9154,5.36388,37,0.374161,1.04526,485.759,104.88,120.218,28.8618,1.76121,65.1054,60.519,17.7637,22.7977,5.33808,36,0.28341,0.981779,569.95,102.746,128.933,19.5747,1.96157,79.8642,63.3967,21.2535,25.1459,6.38367,35,0.334195,1.33891,456.077,122.496,124.749,25.4915,1.33644,65.6873,59.3138,20.628,28.6305,5.68979,46,0.227342,0.924621,386.446,96.1685,113.265,26.004,1.33629,61.8668,59.1757,18.0912,25.7475,4.12436,37,0.257181,0.92017,479.203,103.622,113.72,16.425,1.15207,77.6867,58.1716,20.7564,20.2115,4.19452,43,0.350485,1.12259,420.209,81.998,74.748,24.0954,2.39683,67.0173,54.0961,17.7924,24.0793,5.41885,50,0.359941,0.867399,677.314,102.177,140.304,33.5088,2.41043,82.9094,56.1577,22.1126,32.4108,6.78718,36,0.303701,1.46747,556.93,106.542,157.456,23.8656,2.56311,77.8882,58.88,23.8604,27.2325,7.71577,43,0.414664,1.39753,596.193,120.256,138.283,20.4248,2.99185,87.3159,72.7318,24.2469,27.2606,7.92197,47,0.352511,1.10127,440.642,88.5525,112.505,24.7242,2.2512,65.0556,53.392,17.8628,23.4708,6.70641,46,0.276828,0.9913,466.384,87.4293,106.482,34.872,2.33682,66.6119,51.0441,18.6258,27.9619,5.87614,36,0.383341,1.2192,422.355,93.684,99.4653,121.555,3.62593,59.9258,55.8126,17.2225,36.9166,6.88101,35,0.260899,0.930414,314.095,79.8788,124.316,26.4861,1.78005,55.4414,49.1375,18.6358,28.3313,4.15955,42,0.241204,1.05298,583.643,150.78,196.182,170.758,12.4903,80.7436,74.5122,25.05,53.7754,12.6065,47,0.263693,0.904411
decoupled_wbc_h066_p012,3030,complete,90,18,16.6507,2.9376,0.248758,0.187849,423.072,89.2875,103.663,18.5703,2.61887,63.2901,59.5873,17.9454,27.5044,4.12952,40,0.311757,1.01146,433.683,103.432,140.533,34.5348,1.64964,69.7029,58.4775,19.9175,35.0648,4.77467,40,0.345831,1.03958,440.738,91.3418,100.662,24.9784,2.56307,72.597,56.5805,18.062,31.3693,3.99541,42,0.301999,1.11566,420.868,95.47,135.885,116.814,12.5743,67.0303,59.8044,19.898,35.2873,9.40311,53,0.316318,1.00859,388.49,106.021,109.488,38.3155,1.92839,61.6894,56.4464,18.8888,32.6677,5.94622,39,0.339645,1.10692,364.998,100.021,94.2273,29.1044,2.16903,58.1177,58.9155,15.3274,30.3311,4.4943,44,0.252285,0.907723,456.436,128.043,111.736,31.7401,1.78615,68.2017,60.6304,19.3052,33.4044,4.76746,43,0.247849,1.0426,439.026,119.086,103.852,46.4063,2.50868,63.4102,57.5981,16.927,33.3988,5.62621,30,0.266658,0.911102,391.281,103.448,106.462,42.8389,1.8655,63.0769,54.9568,16.6881,29.672,5.34294,38,0.322586,1.02138,427.87,100.89,89.7096,27.5259,2.52619,65.8053,57.2497,16.3822,25.6299,4.80572,44,0.28516,0.969456,402.729,103.805,97.458,128.116,3.27011,55.7041,52.0259,15.927,25.6854,5.80855,46,0.187209,0.770881,386.029,132.916,114.104,58.5284,7.84793,61.9971,61.7541,17.2896,24.8746,7.75534,34,0.307609,0.867578,727.074,155.856,125.425,61.2468,1.14884,88.1212,71.7263,22.3044,32.7365,5.9612,38,0.320929,1.3569,371.093,122.144,97.8065,37.8105,1.41359,55.7674,60.3058,16.2033,23.9017,4.42088,36,0.307464,0.988764,491.996,114.942,107.298,35.7189,1.39927,70.7161,64.0716,18.4531,23.9375,4.268,41,0.289562,0.968462,662.507,150.828,125.335,41.1688,1.52147,84.3429,72.4938,19.777,23.3583,4.52282,38,0.313258,0.908757,476.98,169.482,142.569,42.2333,1.16644,72.2689,66.009,20.7093,30.4291,4.88562,41,0.325233,0.946811,503.991,118.068,88.193,42.5166,1.35928,67.5456,55.3509,16.0189,24.2301,3.78596,37,0.297398,1.04285
decoupled_wbc_h066_p012,3031,complete,90,18,18.9273,3.70872,0.11781,0.2513,412.077,88.1623,90.0146,26.1304,1.93543,64.7202,54.9218,18.1521,33.1221,4.33798,44,0.335625,1.04376,359.03,97.6871,78.3173,28.1562,1.99658,53.1461,57.7998,14.1371,26.3609,3.57692,39,0.282848,0.932908,373.863,101.098,108.853,30.8172,1.12416,62.5266,56.1796,18.3,28.2311,4.24422,41,0.267585,0.881141,386.335,119.915,94.5684,40.8706,1.56954,61.937,57.758,17.3151,28.957,4.4738,41,0.263979,0.789076,327.192,101.174,102.531,31.0984,2.3671,57.4662,59.1028,16.749,25.4377,4.37466,49,0.259205,0.887408,384.912,101.786,113.392,42.7071,1.75828,62.6684,55.1923,18.236,25.4453,4.01272,52,0.243465,0.883631,418.881,99.166,109.369,29.4404,2.55425,66.5551,54.0595,18.6684,22.6232,4.43854,49,0.292055,0.977963,446.319,120.22,118.034,58.2402,2.8224,66.8213,66.2966,18.1818,27.0777,4.96498,43,0.267544,0.818921,452.065,123.151,114.329,33.5493,2.17574,68.0532,62.669,18.9545,26.5411,3.24944,34,0.338934,0.890787,531.916,156.182,110.578,47.1503,3.09935,71.83,69.6885,19.0073,28.8258,2.94374,38,0.356482,0.923702,442.401,88.274,78.5177,33.874,1.14132,61.3729,59.6484,13.838,20.8202,2.46455,37,0.349689,1.06192,514.596,115.681,102.566,23.7608,1.34106,74.5037,59.889,20.9584,22.4895,3.43544,42,0.318993,1.02765,441.794,128.298,110.306,107.841,2.62938,64.7545,59.4297,18.5392,26.4006,4.96532,39,0.311663,1.06876,361.934,93.6688,111.792,29.189,1.44305,64.6325,54.5823,17.5405,23.9131,3.44322,48,0.243448,0.982883,1728.57,579.177,257.829,62.676,2.00692,135.522,120.591,38.7724,53.0876,6.09382,27,0.364824,1.23729,461.185,85.6936,101.513,40.78,1.49535,65.7058,55.7407,17.1533,25.8656,3.71639,40,0.323995,1.02628,378.414,98.7637,108.501,24.6742,1.06525,63.4768,57.2239,17.1565,23.0197,4.38449,40,0.278437,0.978986,334.396,93.3577,106.415,72.9879,3.66219,57.87,50.9267,16.8763,29.1936,6.2087,47,0.242174,0.900217
decoupled_wbc_h066_p012,3032,fell,45.7,10,13.4399,4.93596,2.45357,2.78701,383.167,103.498,109.329,25.3418,2.4727,66.0505,59.1642,19.2752,28.6084,3.49272,42,0.296874,1.02332,365.421,118.311,94.1322,26.1925,1.8413,58.9895,58.5316,15.9986,21.3911,2.94282,42,0.219542,0.860713,392.821,124.911,101.959,34.2522,1.08794,67.4631,63.4363,17.9813,24.2618,3.49136,35,0.258987,1.00568,300.291,102.221,85.696,42.1354,1.54195,48.2597,54.0165,13.9901,25.8605,4.32171,38,0.218976,0.695838,432.157,104.994,110.394,75.4701,3.45151,68.7176,57.8213,17.5753,30.4548,6.38316,41,0.284896,0.921164,444.916,96.3944,76.2758,29.8302,1.55089,63.9255,55.5006,14.4403,20.7747,3.72908,36,0.39059,1.09476,303.254,90.4559,104.8,51.0148,1.52934,49.9369,51.2246,15.2659,22.6243,3.52741,39,0.190392,0.866775,449.069,128.61,108.726,48.8378,1.31599,64.0471,66.7493,17.3436,30.0306,3.85042,44,0.204619,0.931893,466.599,138.935,112.001,39.7739,1.81774,67.2382,65.6583,17.3338,24.7128,4.40369,48,0.223028,0.883977,1941.82,155.961,206.659,46.1405,0.676865,65.8401,28.527,16.3015,14.47,2.61177,1,0,8.96456,,,,,,,,,,,,,,,,,,,,,,,,,,,,,,,,,,,,,,,,,,,,,,,,,,,,,,,,,,,,,,,,,,,,,,,,,,,,,,,,,,,,,,,,,,,,,,,,,,,,,,,,
decoupled_wbc_h066_p012,3033,complete,90,18,16.0117,2.79317,0.376058,0.0532236,360.581,91.5052,99.3695,28.9871,2.13313,63.321,55.7207,18.2594,28.6513,3.4404,49,0.266915,0.936805,394.85,107.68,108.93,42.9937,1.53712,67.7822,59.4467,18.4171,31.2631,3.58887,50,0.276549,0.993347,378.689,87.7231,87.5262,36.4261,1.30266,57.2004,54.7031,14.028,28.5554,2.27947,42,0.284211,0.901502,364.737,79.6418,106.06,60.1979,2.20144,58.8514,46.378,15.7446,29.8273,3.52902,44,0.294488,0.906512,345.18,74.6049,71.8111,62.7318,2.26101,55.6538,48.3406,14.0954,29.0029,3.63607,50,0.24182,0.727565,378.741,80.7183,99.4695,33.4987,1.60263,57.6546,47.2981,15.4852,28.6924,3.34085,42,0.274501,0.982625,389.175,92.8426,89.5515,59.918,2.74578,58.1116,49.1668,15.8407,30.3795,4.86606,43,0.314889,1.00346,374.84,107.141,107.313,76.4496,2.3369,55.5382,53.1661,16.3501,37.1583,4.6173,39,0.246424,0.812098,521.559,110.864,89.3849,38.3721,1.50687,69.985,54.1834,18.1424,36.4389,4.06096,35,0.325177,1.26262,377.405,119.713,104.814,32.9234,2.45475,63.1344,55.9361,18.029,34.2118,4.57238,43,0.2224,0.835536,345.485,94.6143,117.514,115.34,3.50782,61.6523,56.3373,17.357,39.6983,5.86968,40,0.321516,0.966074,478.308,112.925,105.699,38.9044,1.38404,67.6284,60.5048,19.915,37.0373,4.79166,37,0.299614,1.02937,529.189,114.103,154.868,179.389,5.54121,69.5456,57.3091,21.54,46.9853,7.50132,42,0.240255,1.05592,669.649,240.188,127.355,46.5383,1.76867,80.2602,74.6396,21.1069,40.306,6.39446,28,0.49176,1.225,552.666,125.09,146.589,208.044,13.2223,77.7899,64.9574,21.6483,56.2695,11.8717,41,0.330425,0.98196,455.625,105.396,84.7722,38.5481,1.33303,61.5065,60.8792,15.7181,32.8876,3.68245,40,0.313787,0.981111,392.862,86.7874,72.9188,36.5466,1.58055,56.9883,48.0465,15.5812,27.5446,3.79253,39,0.286926,0.994796,386.969,86.0873,87.9286,35.995,1.09213,54.6623,49.9941,14.678,28.9326,3.71641,41,0.208525,0.942185
decoupled_wbc_h066_p012,3034,fell,55.8,12,21.1293,15.8123,0.944921,1.71044,364.147,70.2134,83.1877,26.2503,2.04355,57.4637,45.5456,16.5377,28.5124,3.97383,39,0.257764,1.08319,543.307,127.569,117.683,40.3607,2.20408,83.0816,69.894,22.2595,40.6713,5.21914,47,0.358992,1.00491,428.469,102.905,116.352,32.2685,1.94257,70.634,57.2459,20.0714,26.3528,5.83727,43,0.256626,0.979662,336.308,105.722,105.891,34.1964,2.99626,59.6673,54.0121,16.8444,21.785,5.549,35,0.265051,0.889232,481.596,112.797,102.624,22.8354,1.6363,75.5649,64.3641,19.7118,24.9785,4.44142,54,0.264505,0.819669,515.77,102.638,121.179,25.3423,2.14488,74.9012,55.2461,20.3606,25.6917,4.40281,39,0.395418,1.33413,466.818,136.843,145.527,26.327,1.83483,75.2392,70.3939,21.5778,27.244,5.72834,40,0.304851,0.992753,531.511,123.576,126.899,87.1436,4.29378,80.4668,60.5917,21.9863,32.4457,7.35841,38,0.340447,1.24685,430.531,98.7532,103.008,31.4087,2.97728,70.6782,57.6069,17.8711,25.2845,4.80936,40,0.318371,0.982106,377.956,85.1595,108.147,30.9023,2.16442,61.1399,54.0348,18.1989,28.2078,5.52314,46,0.262845,0.948622,371.368,91.6531,69.391,19.229,1.66592,55.3693,54.8704,14.2117,20.1378,4.11037,42,0.255824,0.974256,1644.75,261.266,236.647,43.301,5.95725,83.8959,48.3028,21.4575,27.0787,7.38533,1,0.463791,1.08824,,,,,,,,,,,,,,,,,,,,,,,,,,,,,,,,,,,,,,,,,,,,,,,,,,,,,,,,,,,,,,,,,,,,,,,,,,,,,,
decoupled_wbc_h066_p012,3035,complete,90,18,14.2713,3.00107,0.149722,0.210525,382.677,97.2729,114.549,20.7423,2.15258,68.7057,57.6564,19.653,31.9759,4.82178,44,0.323262,1.01891,420.725,106.092,102.563,29.4931,2.74173,66.4396,58.3542,18.0811,28.3464,3.86443,39,0.304607,1.13563,443.257,112.341,133.335,32.8982,3.01448,64.8853,61.0568,19.7837,35.6619,5.12975,36,0.226555,1.00116,469.209,88.3169,90.094,43.7651,1.32714,70.0044,55.7316,16.9707,32.3068,4.5349,42,0.351503,0.98787,473.017,108.218,137.352,112.716,3.2307,68.8687,58.757,20.8018,36.7105,4.93924,40,0.306365,1.13138,477.456,91.9017,115.433,77.8638,1.29999,68.1553,55.1489,20.0069,35.8966,4.02482,41,0.33289,1.14687,404.888,122.211,125.477,127.269,2.37827,63.8428,59.5678,18.9509,39.0159,5.14157,51,0.310071,0.832039,404.25,100,104.087,29.0799,1.3955,61.2703,57.0024,17.7425,32.699,3.66287,46,0.277348,1.0468,489.448,104.721,153.348,36.4927,1.71839,72.099,59.0441,20.9639,37.2233,4.22978,37,0.423424,1.17817,414.224,93.3497,104.138,26.1186,1.12401,64.3846,53.4948,17.434,31.3077,3.60022,36,0.317516,1.14165,466.939,126.028,109.56,34.9583,1.41942,62.3357,55.5034,18.0752,33.6189,4.06504,38,0.276929,1.07173,364.084,104.163,95.7186,35.0802,1.70603,59.2007,60.1707,16.3558,32.0346,4.59559,41,0.288847,0.864479,341.592,82.0382,105.265,30.4216,2.3381,56.1944,47.5162,16.4438,30.8339,4.06818,41,0.260853,0.962052,540.41,105.991,122.38,149.236,4.81494,66.65,62.3509,18.277,38.7758,6.36541,43,0.349794,1.01051,481.651,97.1284,106.676,26.6707,1.70855,66.6605,58.4023,18.2758,31.0531,4.02633,29,0.301152,1.0103,603.668,106.532,161.492,180.744,5.64629,85.0596,65.1407,22.1898,45.2294,7.21212,50,0.382571,0.992044,440.24,128.189,117,42.3274,1.38571,63.5315,59.0049,17.1299,30.2631,2.80869,32,0.294216,0.998921,401.656,84.2283,92.9116,43.6581,1.37897,62.617,49.1058,17.2699,32.6506,3.2615,47,0.261877,0.972577
decoupled_wbc_h066_p012,3036,complete,90,18,13.2637,4.02222,0.246353,0.101208,384.236,86.0226,112.885,23.6801,1.75404,65.8416,53.6455,18.8818,28.4966,3.91459,40,0.310323,1.18705,402.619,92.0119,113.286,29.177,2.40234,64.6221,56.0024,18.8721,25.2211,3.47497,40,0.329828,1.14329,516.974,116.774,126.123,48.5638,2.88292,74.2218,59.2603,20.4763,31.7804,5.07897,44,0.391593,1.1588,403.411,111.52,116.864,29.2706,2.40378,68.3055,59.8597,19.1691,25.5165,4.92974,49,0.279833,0.864901,481.324,129.52,89.135,27.1796,1.92261,73.7561,65.7148,17.9383,20.7474,5.36904,48,0.328978,0.790307,383.867,102.607,132.478,40.5513,1.70407,68.6717,58.0234,19.9868,26.5816,5.98232,45,0.303545,0.986025,374.029,103.86,103.427,34.9324,2.30007,60.0724,60.4883,16.9938,23.5602,3.54269,43,0.238602,0.809374,384.268,90.2417,108.414,34.8829,1.33808,62.1207,55.2027,16.6397,22.7647,3.06219,43,0.283508,1.01436,352.79,111.371,100.207,23.764,1.85332,58.4371,55.7448,16.4854,19.5502,3.05712,43,0.258293,0.89468,478.37,104.907,117.441,18.861,2.26596,68.5799,60.1675,20.9325,23.8889,4.7103,50,0.269082,0.914585,556.499,115.332,121.196,20.956,1.68768,78.7329,66.6282,21.8249,23.4005,5.00462,42,0.398065,1.14359,1271.11,257.768,190.21,31.0349,3.675,113.773,81.0931,28.5257,28.2228,7.46798,29,0.32798,1.34831,431.979,114.418,96.5994,71.7913,3.12825,72.3859,61.7318,19.2616,31.5629,6.22987,47,0.279849,0.939295,333.662,95.3563,89.2424,35.3598,2.01019,51.928,50.0521,16.4571,21.6986,4.44157,30,0.256724,0.816245,354.257,80.9105,95.9359,89.9425,1.70355,55.6409,48.8369,14.403,24.1706,4.51052,33,0.373303,0.930408,389.161,122.242,105.442,37.7792,2.56023,63.1093,67.3017,16.7812,22.6472,5.05535,45,0.191801,0.765468,458.088,136.468,113.371,101.952,3.54982,67.7726,67.0395,18.3774,32.1549,6.94406,43,0.257292,0.856406,475.827,106.684,115.761,46.5432,1.26754,69.0833,56.1917,20.1915,25.9936,4.85948,46,0.292954,0.875697
decoupled_wbc_h066_p012,3037,fell,60.88,13,15.188,14.312,1.92211,2.52444,415.888,87.2938,97.3945,56.3911,2.32048,60.3367,53.5454,16.6714,27.4917,3.925,40,0.301627,0.945888,496.073,114.337,107.774,42.9351,3.13593,73.5344,62.2144,18.6122,32.2442,5.30236,38,0.28974,1.07316,324.457,70.4434,85.9967,30.3453,2.25802,50.6711,44.8315,14.6434,25.0779,4.48558,36,0.284251,0.999936,400.781,117.392,79.2329,31.7441,0.906866,59.5044,63.1405,14.6076,27.8244,3.87751,45,0.304408,0.942491,273.781,72.9557,99.98,56.8308,1.86029,43.9558,44.2289,13.8231,27.9477,3.36565,46,0.171611,0.842745,427.673,120.911,115.523,104.891,5.35075,68.2328,59.5571,17.5816,32.816,5.4292,40,0.302973,0.975788,437.524,128.829,114.155,58.7861,2.50784,67.0838,68.626,18.973,26.6887,4.68797,47,0.259866,0.916388,483.418,98.0387,109.906,81.627,3.84299,71.1227,64.0942,18.1668,27.5048,6.24304,49,0.262027,0.920232,439.895,95.0925,96.5898,24.5075,2.04954,66.8623,51.775,18.2333,23.7724,3.93421,39,0.343557,1.05808,369.604,122.083,106.918,39.1431,1.45874,55.5924,61.2469,15.8167,22.2606,3.29349,49,0.199486,0.713274,458.945,168.548,129.487,61.8632,1.85751,71.844,70.0482,19.3088,30.3113,3.60841,41,0.23194,0.925147,514.949,131.929,132.932,42.3864,2.31098,79.9497,64.7978,22.0936,32.0778,4.26068,47,0.272988,1.03495,1432.41,330.538,313.73,104.012,3.31463,94.0638,48.8077,23.9074,36.2814,9.46426,2,0.34819,1.31918,,,,,,,,,,,,,,,,,,,,,,,,,,,,,,,,,,,,,,,,,,,,,,,,,,,,,,,,,,,,,,,,,
decoupled_wbc_h066_p012,3038,complete,90,18,16.6421,2.68677,0.290283,0.18898,429.254,108.924,90.4355,26.9673,2.1665,65.7944,61.0727,18.1959,32.705,5.35472,38,0.299181,1.10776,413.345,108.754,99.6518,30.3519,2.26932,64.8446,58.237,16.3747,28.5228,4.88826,49,0.288477,0.874748,386.467,93.7753,67.8123,26.8563,1.6454,60.6358,53.1692,13.6859,23.1268,4.51077,49,0.2517,0.76091,380.235,63.7293,52.7132,18.7895,2.05677,50.523,43.7638,10.2645,24.321,4.67795,33,0.314562,0.921458,361.343,91.8375,83.578,28.1506,1.01974,56.2407,55.012,15.408,32.9277,4.60908,46,0.236617,0.935404,349.934,97.6853,77.3693,23.1396,1.61134,52.5461,57.0668,14.2208,35.0546,4.74993,43,0.217382,0.767704,443.535,112.642,62.4746,24.2628,1.60365,63.3488,57.9129,14.888,28.5838,4.08132,48,0.332052,0.859076,371.14,78.6902,55.2383,25.2066,2.2178,55.0085,49.8481,13.103,23.5961,3.5887,44,0.27979,0.865291,357.026,76.7524,75.1128,30.3442,2.44369,54.0331,46.0116,14.136,27.6087,4.31013,32,0.203902,0.877032,382.971,78.5118,90.0112,38.2309,1.24691,56.9383,47.1298,15.7088,29.7397,4.37369,49,0.224955,0.870063,423.055,123.406,104.065,32.6468,1.97695,61.4847,61.6667,16.947,32.6578,5.28808,48,0.245047,0.89631,299.616,77.1302,65.7393,18.3919,2.22731,48.7429,46.6898,13.0015,21.9374,4.88505,47,0.209439,0.771359,215.999,62.7094,49.5507,19.9648,2.09775,32.8336,35.6228,9.57791,23.5478,2.92306,45,0.130655,0.621288,281.168,61.9451,47.4615,20.0191,2.10473,48.3377,43.0326,12.5735,27.2916,3.03712,44,0.251202,0.764761,437.107,93.6169,64.6156,27.3281,0.826038,62.6251,53.4437,13.9356,29.8607,3.13024,42,0.283956,0.979151,305.952,60.444,58.0957,23.2048,1.7814,52.4067,40.623,12.2628,24.5155,2.87664,43,0.218941,0.963118,733.941,138.871,105.069,34.1227,1.88466,82.3179,66.9183,18.9455,35.1098,4.857,38,0.370115,1.2095,454.604,121.005,75.241,29.0636,1.48721,63.5835,62.2141,14.9539,31.5274,5.1933,49,0.263885,0.826452
decoupled_wbc_h066_p012,3039,fell,51.06,11,27.9221,17.8868,1.44013,2.3473,393.386,77.1829,63.6637,18.5786,1.94458,59.7453,50.0172,15.5423,23.4416,3.51315,40,0.299826,0.963838,372.334,103.713,80.8447,31.3686,2.71445,57.8224,60.6783,15.0003,27.6075,4.65544,43,0.290565,0.914524,388.472,82.3154,103.92,20.7856,2.2279,64.8905,53.2654,17.3356,23.6498,4.88381,40,0.326968,1.12421,456.147,97.7873,111.461,94.0906,5.79206,68.0012,55.2537,18.2758,30.3588,7.52204,40,0.337097,0.99101,410.187,74.5676,91.6319,21.3025,2.15196,65.6259,48.4663,17.6571,24.7835,4.81839,44,0.331768,1.08432,496.695,75.5538,90.6658,24.9219,2.6906,67.6703,52.9799,17.1064,24.1685,5.25699,32,0.416959,1.19679,477.171,93.8296,92.7506,26.3614,2.49578,63.1728,56.3659,16.2228,23.5212,4.70052,37,0.268957,0.944908,362.196,90.869,91.8458,28.3179,2.04501,59.2567,49.2274,17.0435,19.4085,5.07295,44,0.266002,0.833528,505.386,139.243,124.977,32.6008,1.67937,71.6444,69.0008,18.8798,25.0936,6.93484,47,0.27874,0.836391,332.24,89.4133,88.0129,29.5604,2.85592,58.9694,54.4531,17.2655,21.2649,5.75366,37,0.271371,0.912698,1179.59,294.754,241.084,161.367,14.4096,63.6029,50.9264,21.9533,40.298,10.8621,2,0.245602,0.808195,,,,,,,,,,,,,,,,,,,,,,,,,,,,,,,,,,,,,,,,,,,,,,,,,,,,,,,,,,,,,,,,,,,,,,,,,,,,,,,,,,,,,,,,,,,
decoupled_wbc_h066_p012,3040,complete,90,18,12.2351,3.49138,0.110073,0.222726,372.315,100.287,102.211,25.5208,1.55696,63.6084,59.9583,17.796,30.0391,3.92498,50,0.23029,0.825305,402.501,106.09,92.2556,20.1718,2.33926,57.1583,60.7241,15.621,24.6084,5.19748,38,0.320831,0.996041,564.294,130.86,131.353,21.7737,2.19431,75.9371,69.4819,21.598,27.0562,7.70556,42,0.322515,0.949319,491.031,101.488,131.607,31.0262,1.9876,74.0711,58.9796,21.2328,26.9211,7.756,48,0.274125,0.857993,396.067,113.476,100.993,29.3068,2.02216,59.1119,61.6805,17.1186,26.3878,5.09821,48,0.264524,0.808777,368.773,88.5939,91.4304,90.3149,3.13692,61.0032,51.1742,16.6995,27.3756,5.54323,45,0.277634,0.931507,618.556,165.837,116.537,22.2342,2.56079,75.0654,64.0377,18.9185,22.7982,5.17459,36,0.371431,1.22766,371.458,95.9805,86.6273,22.8187,1.67952,61.1236,57.402,17.6661,19.8395,5.3007,45,0.289917,0.921235,639.84,162.395,144.162,45.4657,2.08888,88.6249,78.3039,22.8301,29.1152,4.88463,32,0.313707,1.09962,867.407,142.178,175.111,217.509,13.9189,89.7754,75.3603,26.3206,44.9872,11.4625,24,0.380066,1.55367,385.327,98.8027,104.274,29.3218,1.03209,63.5718,55.8269,17.4774,21.4092,3.61201,40,0.290138,0.994737,594.024,149.97,131.044,44.0286,2.18382,85.7354,72.4413,22.6068,27.4812,4.61909,51,0.278638,1.01084,574.803,182.475,134.586,33.5836,2.55586,73.8931,70.0747,20.9794,24.9311,3.78497,38,0.305506,1.06036,586.94,114.984,132.541,124.951,16.7413,77.4243,70.1057,21.756,39.0959,21.0637,37,0.376908,1.04281,416.983,114.809,126.62,39.9242,1.988,63.8972,59.7593,17.2839,25.6676,6.22748,29,0.351087,1.12651,370.747,134.502,119.985,38.8101,3.19586,63.4444,55.0934,17.6199,27.3389,4.61755,43,0.24032,0.790251,381.934,159.948,118.466,135.371,9.04375,61.2639,63.7279,17.9688,37.2121,7.14966,43,0.208405,0.896309,385.684,110.358,95.6479,34.371,0.827843,60.073,52.6891,17.4916,25.9826,3.23564,42,0.312907,0.948692
decoupled_wbc_h066_p012,3041,complete,90,18,21.745,3.84293,0.422196,0.200801,395.896,62.3443,88.5112,25.6012,1.51782,62.4013,44.4906,17.0461,23.2372,2.6467,43,0.30395,1.01605,390.423,117.074,125.108,34.4013,3.12398,64.2792,64.9275,18.9089,29.117,3.02827,42,0.25078,0.972209,508.816,120.072,98.6467,28.6698,1.45026,81.4869,65.9367,19.8646,28.836,3.43585,50,0.341971,0.927587,361.183,62.2243,84.5029,30.6637,1.31951,58.1072,41.6597,15.965,22.3712,2.58136,42,0.302494,1.02279,397.591,100.729,85.7376,31.3289,1.64115,60.7172,51.7429,14.5045,18.743,2.79289,40,0.332378,0.901828,756.917,159.278,151.325,51.2703,1.33984,78.7519,68.4082,24.1346,32.5574,3.37949,42,0.23306,0.856227,432.762,125.65,128.205,37.9783,1.59568,63.6355,56.4448,19.4607,27.5156,2.9466,38,0.349698,1.11243,377.105,112.566,96.4399,38.5413,1.02203,60.4512,60.7637,15.3149,26.1978,4.40321,43,0.253535,0.792863,446.075,101.452,89.3739,42.0464,1.9096,61.7184,53.4764,14.9922,25.0898,3.86824,38,0.274908,1.05093,533.715,135.386,142.092,164.286,13.3157,72.6054,55.0439,21.293,38.2217,10.3318,36,0.341356,1.06216,426.308,133.667,127.052,86.9025,2.41151,66.4544,70.4541,18.5858,29.5794,4.22393,40,0.3051,0.986819,500.26,106.879,110.407,35.1334,1.96254,67.4142,59.7496,17.9443,27.5476,4.596,39,0.304005,1.04203,804.812,157.893,153.038,57.4109,2.36291,97.9365,66.6675,22.9008,34.6826,5.73791,31,0.404785,1.44965,669.585,125.985,139.087,241.477,18.9774,80.2253,68.4314,21.7739,47.8467,11.6333,38,0.38954,1.22111,352.237,94.825,96.2714,23.5873,2.61865,60.2687,56.008,17.6318,20.3323,4.41433,52,0.224971,0.774739,1166.34,189.362,196.162,56.1096,2.32554,110.016,81.3962,31.4258,38.4335,7.12675,29,0.322096,1.23901,471.471,110.317,95.8834,35.9026,2.15209,73.3006,57.079,20.0962,30.3735,6.32917,40,0.297802,1.06964,475.731,98.683,104.566,40.2031,1.70898,69.2888,54.2126,18.661,29.6059,6.43063,41,0.259476,1.01995
decoupled_wbc_h066_p012,3042,complete,90,18,20.1949,3.49182,0.274422,0.130744,405.436,93.2195,91.5381,53.9905,2.24842,66.9101,57.5426,18.5773,35.3784,4.90113,50,0.269404,0.861607,409.611,94.2501,110.107,31.6029,2.0274,67.4068,54.046,18.8192,32.8754,4.51874,34,0.347208,1.19479,514.094,107.598,124.352,37.5238,2.14471,75.6352,61.2171,21.2955,38.6214,5.56745,41,0.347329,1.28913,366.828,79.2702,102.968,28.5047,2.28275,59.1606,49.0562,16.7018,31.4276,4.34505,44,0.292695,0.983126,315.638,68.7493,86.7204,21.7701,1.99749,55.1331,48.4881,17.2948,28.8043,4.61204,41,0.288477,0.947211,500.362,117.078,114.263,55.4308,1.60611,72.3784,64.5403,19.9886,38.8008,4.24832,50,0.297252,0.998291,481.469,98.6865,106.81,30.5961,1.63486,73.9146,56.6139,20.6271,33.7362,3.88084,47,0.370546,1.07285,424.472,81.5184,108.647,25.9043,2.17392,67.6639,55.0728,20.3896,32.0044,4.97014,47,0.325324,0.976072,400.61,85.3096,101.977,81.3496,2.80186,66.2276,54.9518,19.0198,32.2401,5.04955,47,0.262053,0.984469,630.346,124.979,123.162,30.4041,2.27237,80.5473,70.9596,20.8475,34.9385,5.31888,42,0.386221,1.18101,346.741,100.997,95.9921,31.1736,1.27078,57.6764,56.7582,17.3111,28.3489,3.60195,50,0.252029,0.82624,584.372,114.383,166.68,237.152,16.5576,74.3979,61.3016,22.6718,49.1478,12.3136,43,0.360413,1.02219,387.496,103.624,93.0496,18.868,2.37388,62.4383,58.9111,17.2442,22.5504,3.88528,46,0.253822,0.840386,1171.52,366.953,216.936,42.711,1.82627,114.535,95.0986,31.1245,35.0009,5.7505,32,0.366656,1.37222,468.453,111.311,90.7183,35.4786,1.61599,66.6543,64.4175,17.3064,24.1985,4.23514,37,0.310261,1.21194,410.137,93.4772,87.2485,27.546,1.97177,62.0674,52.2804,17.0707,24.099,3.71373,37,0.290807,0.983318,385.22,108.395,118.828,30.5891,2.64336,67.3285,60.5468,18.6502,28.0439,3.9043,41,0.307204,1.10809,483.351,124.958,100.077,26.3091,1.51757,74.5558,63.8466,19.9872,29.7296,3.40917,50,0.284617,0.852525
decoupled_wbc_h066_p012,3043,complete,90,18,15.3988,3.95997,0.103846,0.176729,412.249,77.8626,103.444,27.0419,2.38335,69.1266,49.0538,19.6378,32.4414,4.25988,47,0.304548,1.08477,432.297,81.6636,135.578,54.4391,2.33703,61.9778,46.2081,18.0537,35.7769,4.77777,37,0.263614,1.01743,395.188,79.2608,113.552,33.7385,2.22895,53.2615,47.7003,15.7925,33.1985,3.61897,42,0.237189,0.924966,369.6,76.1015,73.4948,52.7803,2.10836,53.8692,48.64,14.7008,34.1041,4.43498,34,0.300094,0.966928,334.915,79.6561,86.159,31.3172,2.01125,55.0722,50.0073,15.2838,28.6945,4.38107,40,0.269612,1.00513,386.013,109.182,112.212,34.7376,1.90739,61.4943,61.6216,17.523,30.1264,3.19188,40,0.336706,1.02376,418.126,163.721,161.056,56.1491,1.8495,68.0878,60.7752,22.5975,40.7213,3.26013,43,0.277041,0.944453,441.445,107.185,87.4741,28.8217,1.75941,68.5339,62.3132,17.1702,31.5451,3.68086,51,0.289542,0.861933,353.732,79.1447,91.9797,28.4626,2.15436,58.7501,52.2461,15.8638,30.7377,3.33262,51,0.261387,0.862443,302.639,85.6263,96.132,29.5325,2.35719,57.3723,50.3603,16.6263,31.6657,4.47001,44,0.258334,0.88751,521.259,108.444,94.2397,84.3341,2.27842,79.3666,61.007,20.0661,34.879,4.16266,35,0.440074,1.00102,384.844,80.0078,83.7698,34.3764,1.86012,62.3504,52.2009,16.238,24.861,3.13786,45,0.259516,0.933158,473.864,112.403,130.054,44.6035,1.26414,76.6343,65.1166,19.7153,33.6998,4.02692,45,0.29584,0.933897,474.916,145.506,139.873,155.875,6.23949,72.3899,60.9093,21.7861,41.6107,6.09487,40,0.363975,1.16906,1014.98,407.604,191.761,84.7113,3.0203,104.104,100.448,29.5255,54.4677,4.82758,28,0.367371,1.27529,406.264,82.4977,103.117,34.1321,2.3642,65.9246,53.4299,18.4266,29.503,3.77465,39,0.348799,1.01216,604.267,134.775,131.713,129.6,7.57571,82.7473,66.9143,20.8951,41.3024,8.28367,36,0.386795,1.11584,421,113.874,96.1592,33.1479,2.15802,69.5636,59.8479,18.7981,33.6788,4.50462,46,0.338015,0.970943
decoupled_wbc_h066_p012,3044,complete,90,18,13.1127,3.72655,0.154985,0.0994704,346.582,79.9494,115.272,19.7183,1.76334,56.8621,49.4081,17.6291,25.7753,4.33766,38,0.290323,1.01574,357.137,92.2586,122.114,27.3145,2.03051,59.177,54.3681,17.9127,27.1547,3.90574,45,0.230712,0.926606,482.381,106.326,113.511,32.7488,1.95562,73.847,61.3927,18.8118,24.7113,4.49538,42,0.367653,1.00032,370.208,83.2968,97.6091,38.0022,1.87949,63.2629,51.3184,17.9649,22.3404,4.59047,41,0.33978,1.09926,413.677,114.648,126.062,33.5613,2.23245,69.0866,64.8535,19.787,24.0756,4.93743,38,0.29095,0.836509,398.636,111.339,115.55,47.5997,2.16951,64.8378,60.4757,17.8014,25.5603,3.76083,40,0.2612,0.926532,454.477,93.0226,124.787,21.6289,2.13054,70.51,56.861,20.1926,25.6557,3.78735,42,0.332299,1.06415,427.858,106.615,110.185,19.8873,1.43658,66.9531,59.5038,18.779,23.8678,3.84796,44,0.312786,0.958826,393.497,106.542,145.248,131.38,4.13132,69.8002,58.2732,20.8268,38.3476,5.53154,51,0.263774,0.879763,408.334,164.549,116.351,63.1962,1.73257,58.9376,60.8569,17.4718,28.7141,4.46753,30,0.232551,0.94024,286.888,124.605,113.042,43.0863,1.09913,47.5196,58.9201,17.0616,27.0061,4.24619,35,0.165159,0.825113,379.9,99.6997,103.187,43.9458,1.22487,58.0644,49.6883,15.9874,27.8767,4.8694,37,0.223364,1.04504,671.472,193.844,142.115,143.756,10.3479,84.2868,71.8088,22.4609,35.4685,9.55305,46,0.307585,1.11697,352.27,99.0283,95.2435,26.6183,2.31788,57.1458,57.1616,17.0724,20.6603,5.1376,46,0.259144,0.932582,378.954,72.8466,82.1285,29.1158,1.64565,59.4953,49.4176,14.7618,18.5717,4.37544,39,0.280002,0.88457,549.578,136.182,182.247,259.882,23.8584,73.7408,66.3254,23.2725,50.4491,19.6971,45,0.243739,0.850264,515.077,85.3846,130.5,146.565,14.4162,66.059,55.1862,17.607,30.0925,12.3926,30,0.353497,1.2281,398.989,112.071,97.7102,34.4248,1.84781,63.1714,58.6316,17.3153,21.6878,3.95271,46,0.254288,0.807215
decoupled_wbc_h066_p012,3045,complete,90,18,12.5697,3.65315,0.168853,0.185611,486.333,116.023,123.011,35.438,1.8841,73.1009,64.09,21.15,34.232,4.07401,37,0.332317,1.13384,421.773,118.351,123.859,37.8416,1.22992,71.1591,62.4387,20.1819,35.0984,4.02026,39,0.341981,1.07721,386.944,89.8208,91.3627,34.5587,3.08983,64.5911,53.5683,17.0686,28.878,3.47856,46,0.284764,0.972154,400.72,107.469,120.701,37.813,1.63251,66.7458,62.8705,19.2795,31.399,4.2687,47,0.270492,0.989343,421.031,144.872,92.1395,31.7703,1.75358,61.8591,67.0035,16.9796,27.8449,3.86941,44,0.285987,0.97594,601.38,160.263,128.851,39.4173,2.54992,85.7505,84.6979,20.2271,34.4001,5.23012,37,0.33378,1.02007,373.755,108.059,98.7093,29.6906,1.48608,58.3782,58.2289,15.576,22.3675,3.77435,49,0.232939,0.911473,249.526,105.955,99.8266,35.5077,1.27296,44.5063,54.3176,15.5424,22.0701,3.41683,32,0.153513,0.732029,439.263,187.324,132.018,94.7435,1.72659,73.3131,68.3839,21.375,28.2715,4.44955,43,0.300534,0.886284,380.321,112.126,95.2039,39.9832,2.12844,60.3629,63.1875,16.3833,22.8169,2.94611,45,0.273444,0.874741,339.062,100.345,102.589,35.6608,2.50219,58.1427,56.1631,16.4262,23.3095,3.52229,38,0.238608,1.01389,573.184,134.311,133.211,101.125,4.72731,80.6218,70.6226,21.8255,35.8628,7.74375,50,0.225051,0.977449,470.079,90.793,121.827,72.6745,3.82244,63.4493,56.6858,17.0961,28.1496,6.1293,35,0.312415,1.18697,453.595,111.207,98.7714,41.2745,1.54104,71.1825,58.1513,16.7366,27.4477,3.79457,41,0.317162,0.994159,449.047,105.868,86.1654,40.1877,1.49187,62.9339,60.3826,14.6077,24.9344,4.11527,38,0.343033,0.982529,354.014,108.233,113.842,46.7963,1.50827,56.5024,46.7167,18.1919,24.0578,3.89661,40,0.281902,0.943535,441.383,92.769,93.8489,97.6789,2.67314,63.1801,58.8231,16.3239,25.2637,5.62257,45,0.34599,0.90419,447.339,102.149,84.8287,94.02,3.78038,58.36,58.1344,14.844,26.5746,5.2567,39,0.347062,0.986528
decoupled_wbc_h066_p012,3046,complete,90,18,21.313,3.50588,0.199804,0.125735,418.428,81.1872,104.936,30.7849,2.51923,61.7662,51.3198,18.1314,24.8635,3.72428,41,0.298034,1.02364,392.848,99.7545,94.9333,23.9218,1.87572,62.8814,55.7223,17.8597,23.1221,4.20463,46,0.291327,1.01644,486.733,108.153,107.841,37.474,1.16987,76.7695,68.8472,21.6977,28.4781,5.58838,50,0.346704,0.898893,382.589,78.0501,89.8378,23.6255,1.58342,54.6547,50.0529,15.3094,18.9909,4.38582,35,0.326699,0.982512,376.604,79.6855,112.156,25.4526,1.86953,61.47,50.7788,19.4014,24.0349,4.7878,49,0.270546,0.889226,371.484,90.8215,104.842,23.0742,2.14937,62.2907,55.1276,19.0296,24.1151,4.55426,48,0.248233,0.886592,396.896,99.1044,125.572,32.6367,1.75658,68.014,58.8397,20.1824,27.8562,6.20261,47,0.252379,0.894223,386.631,80.0143,85.1899,23.5677,1.11118,61.0792,55.3879,16.9071,22.1232,4.56718,46,0.312361,0.833803,403.834,107.964,102.738,22.6949,2.08442,67.2126,60.5001,18.9261,23.3355,4.91083,54,0.26893,0.884398,491.814,93.9465,123.919,129.343,12.9387,70.1799,55.1198,21.3284,34.7984,9.95132,42,0.282867,1.15554,1043.11,195.399,162.429,30.5935,2.21156,114.223,85.7038,29.6196,36.5689,7.66793,43,0.399099,1.50553,404.74,92.844,121.698,23.2952,2.07494,62.4173,50.3878,19.3894,29.1676,5.2184,41,0.323725,0.997642,533.855,112.433,132.868,25.057,2.23003,73.4423,60.384,22.5728,32.278,5.54199,34,0.280397,1.14582,836.451,144.376,158.064,147.36,12.6119,103.645,73.0178,29.1759,43.9252,11.1744,38,0.335911,1.42444,640.625,125.065,108.687,116.069,5.57458,88.1664,62.668,25.296,42.0932,9.18058,42,0.366136,1.14862,377.516,75.1127,75.7772,21.8059,2.01917,61.0401,51.1496,16.7119,23.9563,4.40023,47,0.337153,0.867772,422.327,102.012,94.9276,20.0505,2.00734,65.8054,59.4234,18.4223,25.3445,5.30032,40,0.297749,0.933351,362.342,82.8816,94.5232,66.6032,14.0973,60.4144,52.9738,19.0868,36.6806,9.78023,40,0.31872,0.876057
decoupled_wbc_h066_p012,3047,complete,90,18,15.1367,2.76214,0.223056,0.215382,428.085,98.059,133.185,23.2445,1.67045,65.5808,57.0117,19.4979,30.0941,4.3955,45,0.267239,1.00023,431.723,118.87,89.6446,28.1122,1.44445,69.4729,64.4388,16.8993,25.3918,3.27763,46,0.27311,0.801405,364.881,87.8176,100.889,27.1731,0.811081,58.352,51.9772,17.9144,23.9776,2.84238,40,0.275683,1.01453,404.386,90.3743,117.274,74.5147,2.10081,56.2307,48.9024,17.9016,29.5362,3.52749,40,0.285546,1.04052,312.549,83.6126,86.6741,80.5758,1.72049,52.0222,45.1755,14.6121,29.4835,4.46714,51,0.19922,0.772384,377.847,99.3787,102.45,41.416,2.14608,61.2403,56.6033,17.2326,33.3716,3.42832,49,0.237586,0.909443,432.363,105.277,80.9885,31.6017,1.2069,70.8863,62.1234,17.2214,30.1558,2.93746,48,0.304349,0.964916,475.342,110.75,95.8195,44.7129,1.28919,76.3642,62.1972,17.9973,31.7315,3.21926,51,0.330823,0.950208,404.776,98.7067,88.2432,145.407,2.88677,61.2562,53.8115,17.4891,39.1883,5.01648,41,0.333487,1.05928,389.583,83.9825,73.7679,33.2439,2.28564,55.7515,51.0101,13.2302,23.7257,3.13704,37,0.291375,1.04347,529.227,129.274,142.077,46.1733,1.3486,74.476,60.5214,20.5217,29.6304,3.70064,36,0.30338,1.21347,460.938,137.409,156.251,109.732,2.53399,72.3605,71.5309,21.585,38.0465,5.65852,40,0.226744,0.928304,385.776,113.15,90.6639,39.2215,1.80425,62.6335,62.3932,16.209,21.4174,3.34666,45,0.256524,0.929448,746.639,160.165,135.789,41.3599,1.35115,82.0571,69.7929,21.8758,32.896,4.21197,46,0.264882,1.06447,502.469,140.519,208.289,186.278,18.5551,75.1766,59.0615,26.5369,60.3142,15.8079,37,0.266548,1.03389,292.544,88.7069,116.352,30.2804,1.20498,49.0611,53.5129,16.5673,30.9092,3.5876,40,0.208908,0.869904,406.631,101.46,129.934,238.551,21.9605,61.9332,55.4752,18.8062,55.158,13.5584,42,0.23177,0.874928,441.334,106.056,81.1742,33.9806,3.06288,61.7291,59.1849,15.4768,26.0198,3.64942,40,0.268616,0.970018
decoupled_wbc_h066_p012,3048,fell,65.84,14,22.9692,12.0841,1.66657,0.761183,430.243,76.9715,88.5005,18.1104,1.9695,62.3005,54.507,16.6494,23.4776,3.67894,40,0.311881,0.966872,406.304,83.5706,68.7885,19.5615,1.58128,59.3386,54.0993,14.8174,21.4688,3.55277,39,0.310293,1.01175,512.606,112.054,121.269,21.5905,1.16684,74.7229,65.3941,21.4943,29.121,5.25821,41,0.285623,1.07738,498.078,94.8935,126.586,29.045,2.16322,72.4197,55.7405,20.2472,29.03,4.83699,41,0.290704,1.12476,436.051,93,119.023,28.5713,2.53893,64.1251,52.3206,18.1247,31.3995,4.91569,41,0.415601,1.18533,347.816,63.2029,88.5511,21.397,2.2751,57.0039,46.3857,16.0632,28.1395,5.38173,47,0.297819,0.954622,571.603,113.414,118.188,27.5307,1.23787,83.8554,63.4791,20.9304,31.7108,5.26399,47,0.362277,1.14509,507.328,92.113,100.51,24.6641,2.05007,70.6092,58.2175,17.9629,26.2899,4.46506,37,0.394524,1.08601,491.898,110.278,101.693,27.5376,1.3894,74.3956,63.0453,20.3513,35.5018,3.38319,43,0.404157,1.12395,540.14,119.873,108.337,41.5946,1.07075,79.4956,64.5054,21.2875,38.6219,3.42237,38,0.338833,1.09567,460.491,127.212,95.953,31.1949,2.26789,68.9946,65.4375,17.6255,35.3698,2.99914,54,0.263989,0.793453,568.329,98.0565,100.828,38.8672,1.52156,71.2516,52.2824,18.8654,37.5082,3.90794,41,0.364885,1.22345,490.434,109.288,86.2458,25.9384,1.81096,65.1072,63.1338,13.9692,24.6603,3.47645,33,0.325441,1.14485,3838.28,172.826,583.496,220.193,13.0908,155.76,39.6773,43.5276,62.6443,14.2794,4,0.058754,1.18399,,,,,,,,,,,,,,,,,,,,,,,,,,,,,,,,,,,,,,,,,,,,,,,,,,,,
decoupled_wbc_h066_p012,3049,fell,55.76,12,15.1814,9.26836,0.738326,0.976654,452.462,106.908,84.576,25.4478,2.739,72.3432,67.5583,18.514,31.5544,4.16064,46,0.319291,0.92687,453.727,95.6339,146.399,45.0094,2.70245,66.0357,55.1034,19.9931,37.1368,6.03931,37,0.317663,1.11119,339.604,92.3061,104.609,28.641,2.3903,57.0151,48.9533,17.1562,28.3326,5.01556,46,0.236063,0.884793,442.111,94.3949,90.9977,19.132,1.85555,67.6608,54.9076,17.0381,23.7472,5.2835,45,0.285753,1.05225,363.167,85.0692,99.7346,26.204,2.00324,64.1037,52.1109,16.5859,28.043,4.39109,40,0.330381,1.04937,320.358,71.8447,83.7153,35.2423,2.26964,52.6734,48.5651,14.9923,26.7313,4.39157,48,0.243665,0.799994,594.221,137.108,133.53,111.639,3.51035,76.0568,59.9268,20.7806,38.7887,6.87773,40,0.371256,1.11116,491.622,112.573,102.918,67.9945,2.74166,67.1981,59.0842,17.1038,32.1394,5.68561,40,0.262583,1.03104,337.856,85.5549,66.7027,70.0512,13.6481,49.6285,50.5883,12.9135,27.2655,6.98388,43,0.232892,0.784223,525.418,99.0887,111.992,29.7885,1.80735,71.7176,57.0794,17.1391,27.3788,3.84054,41,0.296912,1.0169,489.688,123.771,94.103,34.0023,2.14898,64.6684,59.3769,15.4805,33.8436,4.63879,34,0.295689,1.00239,1268.88,164.812,122.411,57.9855,1.0805,56.5721,37.1429,15.135,24.2521,2.92769,1,0.13298,0.626633,,,,,,,,,,,,,,,,,,,,,,,,,,,,,,,,,,,,,,,,,,,,,,,,,,,,,,,,,,,,,,,,,,,,,,,,,,,,,,
decoupled_wbc_h066_p012,3050,fell,65.56,14,23.4578,7.1432,1.50409,1.9389,435.137,89.3246,98.133,24.298,1.86231,66.4908,54.8008,19.0914,31.0347,4.82484,47,0.35889,1.0581,384.9,69.1703,94.5346,31.2679,1.36945,57.4905,46.5432,15.6217,30.1387,3.6225,44,0.270616,0.864096,448.294,102.18,122.51,33.6626,1.88205,65.8564,56.4283,18.3282,35.7282,4.99508,37,0.309238,1.15174,474.86,116.514,88.1607,34.0713,2.97978,70.3802,60.2926,17.017,35.1857,4.80424,40,0.323317,0.986563,342.118,63.5692,85.0966,33.7348,1.59894,56.8798,41.3815,14.4669,28.3238,3.71196,41,0.263467,1.04006,404.424,88.0462,117.693,94.4453,4.22095,60.1776,45.0738,16.536,34.9981,5.99011,38,0.333216,1.24388,402.922,82.4233,71.6385,27.771,2.49593,55.9407,48.8862,13.6613,21.9084,2.68825,41,0.249708,0.911539,471.59,117.215,105.161,139.786,6.50081,68.6048,58.0252,18.2785,40.0961,7.0067,43,0.246439,0.950839,413.881,86.3146,88.8174,32.2781,1.60825,61.7643,56.2056,15.9144,29.8308,3.3175,36,0.290505,1.10145,403.245,66.4744,49.5598,33.2181,2.48882,55.1207,48.718,11.778,26.575,3.24574,37,0.290869,0.911323,344.256,107.023,102.028,39.1261,0.959282,58.4281,58.4138,18.1445,40.7089,3.2713,46,0.205977,0.88894,478.611,91.5244,80.4687,43.3206,1.63546,66.7276,60.4862,16.2065,35.5074,3.7797,40,0.301047,0.921006,338.425,81.2205,74.8052,38.2408,1.60772,49.0706,45.2691,14.0076,32.3388,3.60311,43,0.219869,0.767476,1932.87,238.085,213.172,75.963,6.74195,64.5763,38.825,18.003,28.734,3.75418,1,0,0.380951,,,,,,,,,,,,,,,,,,,,,,,,,,,,,,,,,,,,,,,,,,,,,,,,,,,,
decoupled_wbc_h066_p012,3051,complete,90,18,19.8089,2.46422,0.195425,0.102381,363.324,82.1945,85.8351,18.9064,2.04112,57.3694,50.0913,16.8412,25.8463,3.7828,43,0.274741,0.915931,523.939,103.531,139.771,29.3138,1.78292,76.7487,56.8474,22.671,29.5258,4.63826,39,0.431249,1.1755,510.401,109.86,119.65,35.2855,1.5798,80.1444,71.5578,21.6664,26.3334,4.54606,49,0.333943,0.928003,385.048,93.6861,130.108,33.1653,1.48221,61.7068,56.4536,19.2661,25.4286,3.89717,38,0.309411,0.99345,390.059,74.7711,88.5604,43.6801,2.78849,62.151,51.5973,17.3515,27.8423,4.61559,44,0.333946,1.09312,511.072,115.838,132.302,27.0539,2.46227,78.5953,66.3688,21.7373,35.5954,6.40856,46,0.38232,1.03595,421.7,111.882,130.716,58.7107,2.81425,68.8834,59.4192,20.1615,34.9363,7.62446,47,0.282679,1.04734,374.822,87.9099,88.0823,24.6031,1.99931,57.0194,55.2848,15.9862,25.0361,5.56847,43,0.312432,0.88217,412.054,112.928,117.029,26.873,2.31416,65.8949,59.3106,20.6393,32.167,5.67602,47,0.280099,1.04739,406.878,107.372,100.045,27.1988,1.31027,61.7607,60.3781,18.1309,26.4103,3.714,48,0.275563,0.866268,567.002,112.694,113.748,146.619,4.9254,77.4309,65.2776,21.1966,40.9519,8.6325,41,0.305067,1.12005,514.038,118.715,115.473,111.668,4.7756,68.9572,63.0599,19.2774,30.8732,8.8149,52,0.261871,0.951982,486.093,109.143,107.785,26.5679,2.98803,71.3261,61.9161,20.7879,26.113,7.44653,43,0.364457,1.28638,460.996,123.123,129.375,30.2747,2.39964,69.1858,59.8781,18.8813,27.3728,5.4691,40,0.272361,0.883523,448.202,109.668,117.829,35.7971,2.63797,65.3461,55.5746,19.2224,28.3575,5.02278,45,0.218729,0.950049,624.201,159.821,147.026,96.8965,4.65932,85.7978,70.1169,23.7116,35.4141,8.0275,35,0.437326,1.21749,559.169,120.215,99.7107,47.6541,2.74918,73.6961,64.9774,18.8839,23.2735,5.81892,34,0.385378,1.13539,447.842,107.887,105.077,23.5752,1.72193,67.6099,66.8077,17.8183,25.0318,4.96093,42,0.285077,0.976983
decoupled_wbc_h066_p012,3052,complete,90,18,14.6727,3.16912,0.0433771,0.0864564,406.718,82.1425,74.5329,20.1028,2.24017,57.1087,54.9004,14.5847,23.8994,3.6799,42,0.339661,0.940868,455.143,91.924,127.7,25.9145,1.3158,65.2277,52.1129,20.7271,31.244,4.43775,44,0.336235,1.0236,444.045,103.99,109.969,31.1558,1.42178,65.4457,61.7102,19.0488,27.8123,5.41505,42,0.318651,1.00952,505.66,108.381,136.675,22.9656,1.84224,79.2397,62.3285,22.6674,28.9728,7.2892,45,0.349703,1.16377,374.944,87.4508,99.3677,27.731,2.32353,56.8552,52.6278,16.8981,22.352,4.32749,34,0.300149,1.03971,436.452,107.148,101.771,77.0303,3.23184,62.6988,60.7918,16.4543,32.2783,5.55035,40,0.319181,0.949581,437.71,91.5563,113.551,38.0269,1.9881,68.1488,53.6395,17.7552,32.5249,4.3063,44,0.323019,0.938997,321.492,81.0554,91.5704,113.029,3.75136,50.1435,48.2498,15.0957,36.2648,6.06761,52,0.16408,0.717517,380.237,103.17,79.4966,35.1643,2.00089,55.2931,55.969,13.9954,27.1171,3.27659,38,0.33689,1.04687,397.522,97.8076,100.782,36.7267,1.86279,61.1174,49.1446,17.2533,23.8487,3.41451,42,0.308948,0.992285,454.54,134.125,109.141,33.2772,0.920326,75.9563,63.7037,20.128,31.0508,4.03587,57,0.258549,0.857543,1468.31,225.069,179.024,59.6346,1.98792,112.259,78.5264,30.5364,51.0376,5.21,31,0.319601,1.07338,1194.63,267.809,211.203,51.3826,1.33562,101.251,85.1257,28.5663,49.2125,5.8767,42,0.274148,0.936029,417.624,93.6558,72.5325,34.305,2.47352,59.2362,57.4134,14.2112,28.4098,4.74822,43,0.349713,1.04919,432.708,94.8636,90.203,36.0468,1.40559,64.24,58.2235,16.6732,31.1723,4.72291,46,0.320766,0.910467,592.913,107.19,99.2789,45.983,2.0797,83.0992,60.887,19.8985,39.5648,5.13051,47,0.412288,1.04079,595.358,132.703,104.664,46.684,1.47652,79.5123,67.3527,20.2987,39.8665,4.70639,47,0.287634,0.906716,389.919,94.1451,68.7379,32.9867,1.88624,58.2142,60.2791,14.4104,27.4753,4.17877,52,0.228663,0.793931
decoupled_wbc_h066_p012,3053,complete,90,18,16.4496,3.99503,0.171535,0.180578,444.322,86.2589,90.9162,25.4298,2.65434,67.756,54.3879,18.1017,27.9641,4.82176,45,0.299833,0.978757,329.097,89.6204,103.131,25.8157,2.50413,58.7058,54.2554,16.7603,25.1355,5.59735,46,0.260657,0.865728,349.833,94.0261,95.4711,27.8045,1.89276,52.993,57.7788,16.0776,25.2416,5.22681,36,0.301873,0.945585,576.431,121.152,163.63,47.525,4.0701,82.0555,72.9309,23.3911,38.0138,8.61884,40,0.302763,0.99094,517.2,113.548,157.314,105.984,3.65055,74.2363,55.0443,23.2702,34.056,6.77585,40,0.358364,1.28066,456.424,79.4595,121.984,49.2941,2.50197,69.3219,55.3862,20.259,32.7735,5.99385,45,0.320261,0.997463,496.517,93.5106,130.137,116.844,2.91075,75.3734,58.1354,20.6931,32.0101,5.55687,49,0.362248,1.07798,489.793,109.493,128.2,163.427,4.11214,71.1593,63.9793,20.8505,38.2105,6.16014,45,0.339429,1.09178,473.047,76.053,111.754,27.5485,1.6942,67.4603,49.8439,17.4099,28.2423,3.70936,40,0.394501,1.23926,679.377,157.559,131.192,94.5895,3.50162,83.8979,72.1753,24.0815,37.9181,6.32513,41,0.366136,1.26047,565.922,111.104,99.2145,99.848,2.30522,75.7193,66.1536,20.269,35.2729,5.50781,33,0.384431,1.44841,287.253,72.3625,85.2477,29.5914,1.35417,52.1538,46.1086,15.0241,24.4419,2.96271,43,0.222215,0.768976,1110.24,159.043,180.78,46.9428,2.02117,98.8363,71.2557,27.5385,33.1945,4.76598,43,0.281233,1.05581,541.581,123.143,101.16,38.9188,1.42106,75.3352,64.6714,21.1305,24.4211,4.33793,46,0.330565,1.09405,561.525,119.906,141.657,104.328,3.39632,77.1269,68.0798,23.5576,43.9117,8.26507,31,0.327926,1.2664,425.816,98.6266,111.651,30.4182,1.55188,67.8932,54.8277,19.265,24.0308,4.35127,41,0.293796,0.969261,441.654,110.882,113.772,34.7975,1.12122,69.6355,58.9785,17.9561,24.3511,4.66996,29,0.324995,1.0426,584.883,131.579,147.706,40.4723,1.40902,85.171,66.1176,24.6382,29.5921,5.37236,45,0.293143,1.19099
decoupled_wbc_h066_p012,3054,complete,90,18,14.5538,2.75102,0.182945,0.204346,331.513,76.6652,87.431,27.6819,1.14913,52.6246,48.0427,15.9309,24.2067,3.2751,41,0.235604,0.937838,385.397,94.4319,99.0506,41.9806,1.68888,61.8852,53.9312,17.396,30.5388,4.77733,42,0.268623,0.862981,427.317,106.426,103.373,29.9269,1.94337,62.2681,60.0417,16.4442,30.0569,3.88508,47,0.276981,0.930387,401.994,78.8715,83.8131,32.9615,1.96733,60.6875,53.3355,15.9234,30.2806,4.25835,41,0.271129,0.956236,375.752,103.644,103.731,58.3091,2.31729,65.0784,62.1178,18.1071,32.5812,4.89807,47,0.265188,0.90619,423.945,96.8399,92.5618,23.3393,2.26068,65.9986,55.3217,18.418,30.4266,4.21563,49,0.327371,0.968656,453.187,85.8347,85.6791,23.3804,2.33562,66.569,59.089,16.8494,27.9574,4.34275,40,0.298208,1.10642,361.39,94.634,89.4241,29.8892,1.87721,59.1396,48.8915,16.658,24.4552,5.24124,47,0.30146,0.860368,344.893,80.5444,99.8195,70.7382,2.15982,52.4121,45.3855,15.9021,26.0627,4.86264,43,0.266249,0.886938,498.427,127.93,164.419,116.762,10.7943,72.6585,63.601,20.3446,39.3073,7.87578,39,0.30587,1.0112,458.882,148.257,140.317,39.1899,2.82241,73.9065,70.8856,21.3942,28.7044,4.48357,47,0.268825,0.820487,708.607,132.012,125.49,44.7388,2.17661,86.3306,60.8686,22.1347,29.1732,6.32913,39,0.395297,1.21623,325.181,97.0406,89.0902,30.0227,1.60237,55.3582,55.5946,15.6552,20.619,4.40442,60,0.191556,0.716016,496.587,102.519,121.746,96.7766,25.4769,71.8153,55.2541,20.5721,35.8665,16.5741,34,0.334781,1.2445,900.407,156.525,120.425,47.9645,1.29687,91.1137,72.4601,23.0678,25.833,4.07602,57,0.282549,0.833638,476.574,131.382,101.714,31.133,2.73088,66.1194,64.1721,18.3725,19.7913,5.18953,41,0.224066,0.876635,435.49,99.4924,105.805,61.9403,2.46315,66.4565,54.8692,17.8346,24.2285,5.78832,37,0.31614,1.11601,444.014,114.925,117.512,55.3637,2.457,68.0012,61.2291,21.1187,24.8691,7.25593,52,0.226764,0.894129
decoupled_wbc_h066_p012,3055,complete,90,18,19.3068,3.04776,0.230549,0.182082,387.933,92.2038,113.12,49.8615,2.02635,62.8937,53.4061,18.4548,30.8597,4.21521,42,0.286705,0.891135,295.839,89.8268,99.313,27.6475,2.09609,52.9007,52.3839,17.7989,30.2831,3.54852,38,0.273486,0.955486,432.03,92.4441,110.314,27.8332,1.88242,70.218,56.3811,18.5601,30.0684,3.49912,44,0.35849,0.997045,345.947,67.62,71.9655,21.4141,2.34679,52.9107,39.8437,15.167,24.1479,4.81542,39,0.32273,1.04257,494.371,100.653,116.223,24.0312,1.95193,74.6259,61.1027,19.5956,29.7488,6.79453,45,0.38884,1.00186,441.63,140.251,129.968,45.0368,2.74402,70.6854,64.4064,20.864,36.6097,8.95538,49,0.252884,0.902368,439.167,101.952,94.5839,24.2118,2.50187,66.2231,51.7617,18.7724,28.2192,4.65565,45,0.271047,0.957089,470.501,135.734,111.983,32.0652,1.76424,67.796,70.7363,18.0233,29.4404,5.15561,47,0.304201,0.971921,330.56,118.423,98.8394,40.6671,1.36121,55.842,50.7339,16.7439,27.5796,3.99602,42,0.253014,0.846248,411.991,123.624,97.5128,41.4046,1.79768,66.6999,61.7133,17.4904,29.4258,4.1741,44,0.264327,0.78698,445.443,132.57,119.163,97.2,2.51841,73.1322,63.831,20.2966,34.0945,5.69972,41,0.262754,1.03296,413.273,95.8096,135.141,100.049,4.90591,66.7321,57.1634,17.576,33.0318,6.29658,46,0.276902,0.869626,463.257,193.561,136.14,104.869,13.1748,68.7719,71.2587,19.9381,42.4573,8.71374,42,0.279335,0.972821,666.01,150.157,119.817,39.587,1.26246,67.7439,58.2178,21.5507,37.2226,4.15253,44,0.22984,0.808587,429.743,114.836,81.8708,35.3073,1.35478,60.4228,58.1319,14.9857,34.0539,3.59052,48,0.276175,0.95247,1302.82,301.117,181.058,68.5164,2.08931,118.151,85.6749,29.8949,57.7513,5.52887,31,0.350817,1.34913,396.336,132.871,91.9,48.4186,1.22536,60.7829,62.5637,16.0606,32.8345,3.23355,38,0.221727,0.751477,351.735,106.808,105.304,39.3297,1.86424,51.5808,54.0764,15.0732,39.5362,3.48429,18,0.319444,1.04402
decoupled_wbc_h066_p012,3056,complete,90,18,23.807,4.22997,0.695098,0.478159,531.518,109.002,117.88,25.2475,1.09548,80.0925,67.6717,20.8237,33.5164,4.3277,45,0.341815,1.11297,385.514,92.0305,102.094,24.6223,1.82931,62.7651,53.3066,18.3554,27.8182,4.99157,49,0.310972,0.895669,521.352,95.8231,87.4338,25.9157,2.24511,74.1293,62.6568,17.8305,33.1661,4.60119,41,0.379926,0.967321,495.603,92.0092,126.774,27.9005,1.75476,68.6189,52.6295,19.4318,31.6947,4.66209,40,0.289816,1.08091,457.799,84.2531,106.066,27.8252,2.28204,65.1334,50.6123,17.8415,28.8705,5.24734,51,0.328933,0.901473,476.63,108.328,104.481,47.8747,2.34811,70.0906,57.0584,18.9661,35.9834,6.02298,44,0.351408,0.932939,481.755,124.3,136.952,39.1612,1.38253,67.749,63.8081,19.4764,36.1361,5.38756,43,0.276107,1.01934,375.112,80.0463,92.3243,21.5771,0.872986,59.8638,45.8443,17.1827,24.7641,3.84182,47,0.346507,0.96883,394.104,103.187,137.481,31.5645,1.57813,63.1438,55.5125,19.9313,30.4481,4.39058,40,0.311978,0.905155,369.099,100.336,110.931,30.886,1.29337,64.0668,57.3135,20.1723,29.2254,4.58226,44,0.283218,1.04931,568.982,100.192,125.04,240.672,15.2237,73.1604,57.0056,20.0597,47.2192,11.5088,36,0.239061,0.946674,434.767,137.852,127.797,42.1722,1.67177,64.6759,64.5034,18.7189,27.6934,3.18818,29,0.320986,0.969466,725.746,188.619,183.824,47.9536,1.82143,90.1514,85.0414,26.5975,35.3167,4.90675,38,0.288158,1.09928,359.66,108.399,125.099,36.1024,2.57312,58.1478,62.9443,18.0092,28.1798,4.14488,31,0.248924,1.06681,383.05,89.9181,109.408,28.5673,0.934643,61.7141,52.7551,18.4003,30.3309,3.90605,41,0.240299,0.859215,391.815,72.1945,102.783,24.9329,1.94433,64.91,48.676,18.2851,27.7676,3.7577,41,0.295024,0.960394,842.902,150.861,140.111,31.0618,1.78625,93.5069,68.8572,27.3633,38.0762,5.4968,35,0.397576,1.56311,496.476,107.345,133.78,35.7421,1.59437,70.5099,49.6961,21.4069,28.942,3.99337,34,0.417982,1.107
decoupled_wbc_h066_p012,3057,complete,90,18,15.2229,2.35159,0.174722,0.19434,435.227,94.1935,92.8645,30.3849,1.86565,64.3836,56.415,17.0397,31.4374,4.06207,39,0.314072,1.12801,463.817,103.352,125.768,31.053,2.79336,67.0968,57.2786,19.2027,31.8649,4.47221,35,0.274202,1.09278,478.934,109.38,90.4215,35.8617,2.2587,76.2383,62.733,17.6156,30.0666,3.39876,41,0.391169,0.965858,402.475,98.1784,115.987,58.1439,2.41664,63.4328,55.7052,16.5068,23.271,3.67749,28,0.376803,1.30987,601.232,122.084,130.138,28.3563,1.5025,73.4178,59.5107,21.3054,25.6648,5.00892,39,0.28758,1.09037,488.557,125.296,101.155,31.0825,1.45362,69.4465,68.0913,17.7563,24.6021,4.58884,53,0.245455,0.75395,535.684,125.152,127.646,40.6714,1.60655,75.5954,64.14,22.0135,27.1588,5.68099,46,0.294723,1.1265,340.401,86.9163,89.2712,35.0226,1.4567,56.9082,48.2232,15.8613,20.2978,3.76787,46,0.304514,0.954625,547.071,127.091,128.303,36.5641,1.81658,79.7675,73.5939,21.6572,31.8721,5.00909,47,0.224655,0.877653,416.892,86.6918,89.5106,27.998,2.49895,65.5922,50.4341,17.0981,23.6315,5.16022,49,0.300574,1.01024,711.243,120.535,122.884,30.7151,1.79422,88.443,60.9253,21.4453,26.049,5.97986,39,0.269284,1.25913,537.927,145.242,155.558,148.514,11.7715,85.4259,71.1974,22.4677,34.8486,9.08447,43,0.297398,0.998337,933.129,178.226,154.438,47.6483,1.83471,92.2793,72.0426,24.0586,27.6619,5.17771,42,0.292073,1.08026,549.681,144.126,131.293,27.2071,1.76954,74.1329,60.7327,21.7977,26.8247,5.13571,36,0.40303,1.0758,571.354,125.783,98.3456,50.1006,1.96383,83.8636,68.7101,20.6094,25.5703,3.80465,44,0.405148,1.03642,435.851,105.223,104.07,73.5118,2.55449,68.5991,55.5118,18.9887,29.9646,4.38468,44,0.339205,1.14577,404.066,87.7316,150.738,126.706,6.51194,65.1475,53.8942,19.5206,43.1769,8.54159,40,0.265008,0.936577,723.746,140.871,139.498,122.257,5.19441,92.3699,68.3428,23.2445,47.3545,8.75934,33,0.390538,1.20402
decoupled_wbc_h066_p012,3058,complete,90,18,12.159,3.16624,0.155396,0.160939,403.482,109.367,105.542,29.6032,1.59301,67.4751,57.9536,18.5098,26.5916,4.07817,46,0.289537,0.920855,318.128,100.296,99.4268,32.3976,2.03811,59.1698,61.1709,16.7799,25.6119,3.62924,49,0.222314,0.780367,412.508,117.321,99.2793,33.6698,1.94682,62.2921,65.0101,15.7977,24.0067,4.41558,50,0.269555,0.852755,356.114,95.8968,88.3217,37.9286,1.66979,54.5613,51.2818,15.6027,23.18,4.62491,39,0.240003,0.923335,444.67,106.058,113.262,43.1714,1.80431,61.8098,49.6398,17.1887,24.0013,3.51744,27,0.349027,1.07128,435.597,97.0735,100.472,35.6651,1.45147,63.6652,48.0735,17.7464,25.3391,3.43261,38,0.391479,1.10279,382.202,90.7543,100.673,38.2236,2.15171,55.6022,51.8846,16.8519,22.1323,3.6134,48,0.20697,0.950553,425.859,135.232,102.734,74.9598,2.886,61.8826,68.011,17.5797,26.981,4.89875,39,0.226535,0.838132,423.764,132.973,124.593,41.8879,1.66088,69.9635,60.2121,19.8273,25.3772,5.12131,56,0.20413,0.902005,468.464,102.074,110.062,67.5475,3.17617,58.8862,51.6205,14.8108,24.9807,4.83616,41,0.203181,0.839979,666.798,122.934,109.735,86.9337,2.71216,78.1664,64.0546,20.5973,35.5045,6.5563,37,0.245485,1.19886,445.413,117.037,97.3303,42.7888,2.30407,64.0924,62.5994,17.9713,26.6043,5.51887,32,0.38378,0.986179,496.223,108.987,100.121,37.5569,2.45692,69.0048,56.6983,18.6259,26.6984,4.95937,44,0.27228,0.945597,696.736,175.778,153.334,104.462,4.0758,87.7334,76.9654,24.7409,36.0984,8.81054,48,0.203036,0.790613,612.991,127.067,98.9282,28.1641,1.29602,89.2117,68.7872,22.0357,26.3443,4.25898,47,0.401249,0.930886,434.905,113.785,101.78,31.8552,1.877,66.4454,64.0356,17.1771,21.4613,3.87409,39,0.34092,0.813129,573.84,171.646,132.562,71.9219,3.30655,83.9883,74.1202,22.1758,30.9657,6.71193,47,0.363482,1.10077,544.256,94.0188,88.2874,46.7051,1.15274,67.5254,59.1023,16.7034,26.1517,3.69613,31,0.382669,1.20716
decoupled_wbc_h066_p012,3059,complete,90,18,19.326,3.36763,0.371941,0.107295,389.456,92.8225,85.2252,18.8085,1.3935,60.863,56.5636,16.372,26.6968,3.67031,44,0.279693,0.919514,387.013,76.8076,103.26,28.1892,1.29346,60.0588,51.519,16.4631,32.925,3.89874,35,0.32977,0.973179,325.874,66.6834,70.8311,28.3931,2.53503,54.8098,46.7913,14.5213,28.6611,4.60253,44,0.279935,1.00713,286.312,74.0535,61.5504,22.6962,1.72907,45.6648,45.2139,13.0607,19.0645,3.67984,42,0.221914,0.841836,510.965,112.743,100.152,66.5752,4.23746,65.9466,60.7821,17.5018,30.4765,5.93516,44,0.269556,1.01281,385.923,84.5608,69.2253,22.9356,1.60017,62.4703,51.7073,14.8277,24.5595,3.78061,49,0.275651,0.831799,476.292,99.6211,101.326,25.2226,1.61587,63.7492,57.1213,16.0359,25.489,4.2282,34,0.326884,1.17599,434.543,61.8154,109.67,53.7716,1.6135,62.2555,41.1045,17.292,34.001,5.44606,35,0.38474,1.19112,451.438,100.289,86.0784,37.5589,2.4665,67.405,60.3844,17.6113,32.3459,4.47291,41,0.286807,0.928762,469.025,100.789,103.402,30.6983,2.28317,71.1834,58.2148,20.8361,35.3167,4.62341,43,0.366341,1.18655,720.353,206.099,166.598,56.5539,2.48292,92.5121,78.1321,25.719,47.0637,6.03583,34,0.402206,1.18569,448.147,98.7227,143.691,26.1251,2.0448,72.4759,62.1993,22.0234,32.0427,5.45543,50,0.311872,1.02773,820.719,184.422,189.582,207.581,11.4602,95.7265,71.5073,27.6631,49.4321,13.036,41,0.396817,1.18035,1091.96,133.54,213.566,65.4612,2.06213,103.324,74.2113,31.6584,49.4056,7.64409,42,0.2969,1.079,401.371,69.8026,99.6548,22.0591,1.28183,62.4329,45.3119,16.9647,26.875,4.95226,42,0.333801,1.09657,481.137,124.919,118.439,23.8972,2.98971,74.1281,57.4146,20.3619,34.6376,7.10491,36,0.433054,1.17623,614.087,104.031,198.206,221.49,11.2032,79.7256,55.4308,25.1196,55.3673,14.5946,37,0.437676,1.19404,419.351,95.3545,79.6093,15.8447,1.6398,60.6455,58.4349,15.3815,20.4976,4.39318,46,0.281631,0.922994
decoupled_wbc_h066_p012,3060,complete,90,18,16.1258,3.13286,0.190264,0.0610181,390.709,78.0585,104.499,26.6508,1.90637,60.9948,45.5429,17.2834,27.2302,3.77229,42,0.296576,0.98516,519.166,120.374,109.179,34.1244,1.89698,75.2311,71.7817,19.3672,26.5582,3.81507,46,0.353471,0.848102,342.139,86.6549,113.868,62.0747,3.25656,60.4196,50.162,18.1115,24.302,6.03063,46,0.288246,1.00164,465.191,87.6837,99.6173,27.417,1.40082,71.3834,53.8868,18.2129,25.0635,5.10496,42,0.368209,1.07713,358.527,84.4274,85.1609,30.9661,1.58824,54.6568,52.4179,14.5155,27.1863,2.75304,42,0.261702,0.854606,411.827,86.3784,87.6103,28.0975,2.09074,61.7614,54.3399,16.2204,29.8277,3.19539,39,0.329579,0.998152,419.789,110.313,117.589,28.2565,2.04677,69.3972,59.6767,18.8921,33.4903,4.44252,43,0.266362,1.03922,321.521,80.3575,82.4978,28.4646,1.06735,56.3255,52.3379,15.7216,29.8909,3.60424,46,0.288443,0.909991,446.043,86.0502,89.5182,35.8828,1.17073,65.4683,55.3605,17.0579,32.9874,3.20769,37,0.331876,1.0388,461.465,109.88,127.829,155.209,4.48226,73.9791,61.0814,20.6582,47.3822,8.17351,40,0.295591,1.1063,345.973,90.4119,104.603,27.7132,2.70044,58.3334,53.2733,16.5873,31.9327,4.81336,41,0.308295,1.01072,391.364,95.8569,105.498,30.1508,2.13139,63.5493,57.698,17.8323,33.4909,4.94944,45,0.236896,0.943099,414.588,114.808,106.375,30.5718,1.99264,65.8242,62.8622,17.3268,32.3458,3.97446,42,0.283834,0.931902,433.436,127.044,101.86,39.981,1.81404,63.8109,65.1129,18.0124,36.2933,5.22201,47,0.199281,0.782709,395.292,106.943,90.376,111.737,4.5031,60.2098,56.4976,15.617,38.1278,6.21568,42,0.264876,0.920058,560.974,120.609,131.459,52.0183,1.14856,71.3632,60.8503,19.9516,37.2254,4.60981,41,0.344545,1.00842,370.553,81.2112,81.2124,38.0408,1.03156,60.251,49.2752,15.8511,31.5143,3.84134,43,0.337536,0.924407,426.666,121.692,112.022,48.6877,1.88316,62.3309,58.0682,18.0792,37.974,5.47913,47,0.266908,0.948971
decoupled_wbc_h066_p012,3061,complete,90,18,17.2075,2.9293,0.301051,0.104291,381.235,77.4193,101.668,26.7199,2.48551,58.5177,49.8753,17.4326,25.6095,4.21362,46,0.27025,1.0142,484.945,103.353,107.345,27.7828,1.36522,73.29,61.7447,20.7802,26.1998,5.16733,43,0.305588,0.963317,501.007,105.011,127.21,43.0677,1.88987,68.8927,62.6707,20.9569,26.93,5.71413,40,0.272517,1.13225,495.316,100.953,112.844,25.2858,2.74649,73.9872,61.0816,20.6096,26.4368,5.0984,46,0.246684,0.947709,447.866,113.421,125.372,26.6805,1.4228,71.6188,62.2388,21.4131,28.0773,4.60684,44,0.296893,1.04832,425.995,111.583,121.251,26.7216,1.25741,67.0126,58.7352,19.3423,34.0353,4.87816,43,0.334825,1.08318,393.818,99.066,70.5625,31.1148,2.17279,56.9368,59.625,13.7539,27.7786,4.53055,41,0.2828,0.889513,293.283,77.8018,73.7534,30.0033,2.19599,48.0115,49.9141,13.7127,23.9775,3.5887,44,0.195666,0.865055,456.088,107.19,133.302,83.1078,2.53885,61.7085,55.3661,18.0309,35.8596,5.03922,44,0.210497,0.787754,376.015,88.3329,85.9358,31.4969,2.05894,53.7665,52.2018,15.4986,28.2674,4.3668,39,0.271825,0.924192,379.734,101.094,83.406,29.0207,2.13863,65.0209,54.5889,17.1067,30.1949,3.97142,47,0.296092,0.838924,420.914,98.8726,113.759,105.046,1.93115,57.8315,59.7829,15.7332,32.9474,4.11388,41,0.306827,0.979702,495.95,132.046,99.3486,35.6642,2.90926,78.0102,68.2534,19.7071,34.2558,4.19824,49,0.283296,1.022,511.807,110.386,116.153,39.2755,1.45282,67.3257,58.7751,17.4734,29.9891,3.60769,36,0.318953,1.01789,503.73,130.958,110.735,38.3188,1.59865,76.1786,64.3293,18.9718,31.0604,3.87813,50,0.265857,0.979188,489.396,130.874,119.009,41.7233,1.64561,70.1054,64.5191,19.5587,33.3402,4.33587,37,0.252608,0.904628,610.26,154.172,138.15,68.8755,2.47052,78.2823,68.2073,18.8528,37.9919,4.52358,35,0.337044,0.99336,347.77,92.5996,88.3618,35.0756,1.69231,56.4276,44.4384,15.1605,31.416,3.71823,46,0.253509,0.950753
decoupled_wbc_h066_p012,3062,fell,35.72,8,27.6857,7.63836,0.386892,1.3985,434.815,87.0076,102.351,65.1768,2.34085,62.1269,52.1275,17.4869,33.4217,3.99565,31,0.362695,1.22467,351.217,93.5079,90.8527,39.8239,2.45063,58.9187,51.7112,16.97,30.1007,3.85217,42,0.305106,0.970387,402.661,86.4577,102.77,30.5184,2.37579,59.4697,56.9924,15.4356,29.7011,3.61599,43,0.30292,0.904456,412.175,87.3372,107.244,62.7322,8.97564,68.1644,53.7259,18.7408,37.5036,9.61689,45,0.373578,1.09715,460.862,101.019,99.4774,27.5776,1.51429,67.1163,59.576,17.3429,29.0627,3.93417,38,0.312808,0.981424,498.304,114.324,159.288,210.406,7.15804,70.583,62.5233,23.7354,41.3904,8.42011,45,0.303486,1.02415,498.285,118.324,122.495,134.141,2.37106,69.1196,62.2599,20.0737,34.3547,6.29863,48,0.273859,1.08844,1932.34,226.491,249.603,50.087,6.78014,82.6407,41.7385,23.2179,29.6031,7.49044,2,0.208878,2.30489,,,,,,,,,,,,,,,,,,,,,,,,,,,,,,,,,,,,,,,,,,,,,,,,,,,,,,,,,,,,,,,,,,,,,,,,,,,,,,,,,,,,,,,,,,,,,,,,,,,,,,,,,,,,,,,,,,,,,,,,,,,,,,,,,,
decoupled_wbc_h066_p012,3063,complete,90,18,13.8608,3.725,0.179574,0.127879,444.937,117.249,111.859,30.6136,1.90322,71.7452,63.3331,20.0132,31.6726,4.32956,50,0.234726,0.811831,335.776,70.4913,84.5339,38.6408,1.59376,55.7092,45.3003,15.7137,25.7453,4.27964,41,0.241469,0.982256,502.198,127.644,122.945,29.0672,2.0087,75.9849,59.7193,19.6589,32.2019,4.20661,40,0.372782,1.1373,326.64,73.5971,90.3712,33.4244,1.40565,52.2043,46.114,15.5956,29.4128,2.54107,40,0.300792,1.02511,379.918,80.3265,97.4135,61.2881,1.46048,57.183,50.1881,15.7257,31.3906,2.9249,38,0.224565,0.950724,425.451,87.2196,146.51,60.4236,2.70062,60.8084,52.3222,17.5005,32.6478,4.79966,42,0.240945,0.929527,384.723,112.052,92.7823,38.4383,1.08682,65.7031,65.2317,18.3663,33.5966,3.58569,48,0.256817,0.91106,381.431,99.4922,90.3154,40.8718,1.1177,59.2631,53.3198,16.6302,31.5133,3.42589,47,0.281114,0.97546,481.53,184.038,104.77,42.8985,2.26036,64.6669,65.4483,17.1101,36.4041,5.9414,38,0.258069,0.869821,474.709,106.213,85.5617,101.241,4.15844,66.5911,58.6559,17.062,40.4519,7.55677,41,0.329599,0.963733,861.364,105.337,114.328,67.4761,1.82881,72.8663,55.7999,19.8123,36.0169,3.63351,36,0.319928,1.17029,419.059,140.744,97.921,130.259,3.02135,60.2596,62.3042,16.8396,39.5713,5.06296,28,0.204415,0.85352,231.664,86.7512,84.4143,47.2252,1.62929,38.6168,46.0314,15.1353,30.999,3.07473,42,0.120904,0.74384,320.94,67.9143,59.5638,36.0945,1.40538,48.0569,42.7112,12.2437,23.5933,2.62242,35,0.237028,0.970339,228.23,90.3662,86.1165,35.7637,1.87866,36.1204,47.3918,13.0183,22.0248,2.64599,32,0.141546,0.748578,484.517,126.316,157.617,131.414,12.8081,72.2424,59.9496,21.727,35.4472,10.6149,52,0.247994,0.931628,404.175,95.1636,127.707,25.6743,1.76664,67.3614,59.3487,19.2655,25.859,4.6043,48,0.240878,0.935674,421.001,82.6589,98.6265,91.0515,3.0444,61.7532,52.8918,15.8692,28.2453,4.70192,35,0.328293,0.989097
decoupled_wbc_h066_p012,3064,complete,90,18,16.0934,3.05764,0.287318,0.0434956,396.293,98.6984,103.35,23.0364,2.98867,59.7849,57.1823,18.2388,28.7037,5.44405,41,0.289387,1.00443,373.951,77.8922,91.9799,26.5265,1.60293,55.8814,49.8389,16.0142,20.31,4.78886,39,0.31252,0.942927,406.24,100.458,113.791,24.3892,1.88275,61.0453,57.0265,18.5091,21.6508,4.56326,38,0.305259,0.880466,506.668,117.025,136.158,121.246,4.1696,73.081,63.8005,21.6754,30.5028,6.65883,42,0.340568,1.27086,459.472,109.655,131.433,32.7525,1.04662,63.9554,54.2094,19.6973,24.867,4.59597,27,0.312505,1.10341,346.955,93.9924,92.4164,28.1528,2.01078,61.1256,51.6446,16.4289,20.8435,3.36234,47,0.279109,0.845987,348.305,115.491,114.599,23.4991,1.60128,61.5837,64.4205,18.0604,23.3857,3.86844,54,0.227566,0.821289,372.286,160.746,144.657,49.2434,1.36316,64.6977,70.3642,20.4627,27.9776,3.56141,46,0.223936,0.799797,529.203,100.725,113.976,48.9988,2.16003,69.5671,54.2314,20.6675,29.5772,4.13691,41,0.322797,1.37705,507.286,114.571,139.897,22.8664,2.17211,79.9939,68.9843,21.3808,28.7625,3.98216,46,0.312038,0.970624,394.128,111.66,102.246,29.6649,1.46161,62.6898,58.8329,16.5828,25.4689,3.44298,40,0.23987,0.88472,445.123,112.345,107.828,61.8283,1.98182,66.2663,60.7882,17.9844,29.5042,4.99298,45,0.287715,1.14653,537.9,131.783,125.481,66.1773,2.19894,78.4306,70.3092,20.261,28.9353,4.38714,46,0.253279,1.03497,498.965,146.684,165.342,138.622,9.30705,74.7444,69.1912,23.1111,36.8063,10.0239,41,0.258485,0.93601,527.495,127.74,125.201,41.043,1.89364,76.5431,67.1316,21.5979,26.395,4.62453,47,0.271492,0.861049,545.22,195.799,166.866,29.8949,1.49152,82.2867,72.8769,25.335,32.5684,5.48889,38,0.30857,1.09735,456.191,108.316,117.872,48.2609,2.15261,71.1391,52.2855,20.1129,28.8764,4.82001,41,0.334003,0.981208,466.305,92.5157,106.104,28.0572,1.2819,66.0539,52.5479,16.8051,20.836,3.36861,44,0.341962,1.06311
decoupled_wbc_h066_p012,3065,complete,90,18,16.6292,2.78124,0.353718,0.288377,361.457,87.5178,96.1269,35.565,2.26431,61.9057,56.4306,17.5715,28.5746,4.60046,50,0.257093,0.909684,366.198,83.8496,98.8458,28.4603,2.1163,60.3132,52.9764,17.4035,26.8907,4.15691,46,0.251324,0.871542,371.76,64.787,88.4095,26.4304,1.97176,59.0729,44.6083,16.7094,24.7441,3.8745,38,0.388119,1.126,472.395,103.069,121.869,46.6748,2.31246,71.2934,58.7853,19.5739,34.3993,4.96394,47,0.289639,1.0348,420.332,108.723,96.1071,28.0054,2.26066,72.1438,62.8962,18.5204,26.6597,4.3713,48,0.280166,0.813444,333.286,71.1644,99.7803,26.3824,1.7961,58.7858,45.6835,17.0139,24.7102,3.21409,47,0.264248,0.967899,334.6,98.6608,96.7081,31.2209,1.83648,59.1171,56.7048,16.7565,30.257,4.07399,51,0.19982,0.870333,397.815,88.8135,102.53,34.7672,2.6154,58.9018,53.2114,16.1939,31.7792,4.61452,38,0.282408,0.905327,548.012,127.085,110.621,36.3707,1.93315,70.2278,62.1795,18.2241,35.4272,5.44291,27,0.352991,1.2417,454.982,115.564,141.582,114.658,3.58482,70.2912,60.4409,20.7353,40.0121,7.37333,51,0.249977,0.951488,408.615,108.482,105.85,23.6136,2.04269,62.7513,58.8034,17.7475,27.2368,3.91208,53,0.265629,0.847335,629.207,195.792,172.624,85.7063,10.9301,84.7538,77.2569,25.1043,38.4987,10.3242,35,0.292393,1.0134,427.287,130.514,123.621,39.0526,2.73804,69.4458,64.9527,20.5462,29.9471,5.1298,48,0.30438,1.01261,431.858,93.5013,110.708,84.3693,9.55361,63.7544,57.4451,18.3005,35.6755,10.8705,36,0.366764,1.15719,608.222,162.035,138.902,72.0016,6.88065,89.4951,73.1801,24.9856,36.9659,11.6641,46,0.280454,1.14842,501.329,104.844,75.2739,26.2504,2.37392,70.4402,66.8914,16.1442,24.2077,3.94362,37,0.38123,1.17015,576.979,115.485,150.275,67.222,3.5527,80.986,60.5413,23.9384,35.3752,6.5327,41,0.377344,1.29865,499.998,95.8284,110.302,20.868,2.05219,71.2695,60.2882,18.3276,25.4397,5.87154,38,0.367422,1.17605
decoupled_wbc_h066_p012,3066,complete,90,18,15.8267,3.84729,0.166387,0.0725078,365.622,63.9327,86.9483,39.934,2.77495,60.6125,43.1362,17.2701,28.9214,5.4077,41,0.348318,1.06165,272.806,74.7095,100.855,43.3238,3.29328,48.09,44.5932,15.0551,26.5644,5.90912,34,0.259966,0.921598,413.464,79.7119,81.8231,19.3661,2.14078,62.3145,53.1961,15.2861,21.991,4.09886,31,0.346004,1.15153,345.298,85.6231,107.629,38.9469,2.2587,58.6037,53.6663,17.9436,28.2506,4.82569,42,0.271055,1.01678,401.067,98.7886,99.1317,33.8293,2.35757,63.3621,58.9005,17.7901,23.7447,4.21262,44,0.292893,0.904046,318.299,76.6964,90.9428,98.554,2.2356,50.4304,48.7947,15.0413,23.4367,4.53375,33,0.19496,0.868274,575.829,116.562,104.071,83.958,16.8818,71.7129,64.6128,17.9802,32.2997,12.7117,38,0.345107,1.07655,563.794,156.623,118.864,35.6215,1.7898,76.6494,67.1533,22.4398,30.5435,6.94623,43,0.278121,0.970642,668.2,149.839,120.432,41.8027,2.40283,86.9887,67.6195,22.9344,32.9208,5.5884,40,0.444535,1.24469,477.426,206.653,126.7,35.9048,1.47435,75.8074,73.8509,22.3635,34.3069,3.63276,40,0.349451,1.19366,495.594,89.1613,95.4971,30.7822,1.65858,74.1356,55.5897,19.7859,28.8,4.14923,45,0.303335,1.20156,507.14,172.209,122.859,112.379,3.25745,74.9453,71.4091,20.9315,41.5762,6.49114,39,0.303009,0.85841,504.371,113.084,104.54,21.8295,1.7721,73.1319,66.1614,21.0905,28.6105,5.4003,45,0.265835,0.883474,744.981,121.522,121.876,27.8962,2.99723,86.4814,69.9248,25.1308,33.3807,6.45459,40,0.343183,1.20466,492.89,108.083,108.805,25.6105,1.44299,77.4141,65.9164,19.8236,26.7755,5.9989,46,0.298349,0.884875,450.957,126.586,121.707,37.7194,1.72326,65.8511,58.5713,18.3193,24.5008,4.79933,50,0.273474,0.963966,397.146,115.327,103.77,36.1343,3.3345,62.8006,63.0496,17.4969,22.9331,4.72501,44,0.245875,0.736333,461.4,135.446,118.927,42.4329,1.96181,74.1895,70.1412,20.0985,29.1045,4.634,48,0.255712,0.993323
decoupled_wbc_h066_p012,3067,complete,90,18,40.636,3.6025,0.193923,0.238736,523.799,102.908,119.495,21.9632,2.14048,78.9186,65.1286,22.2841,30.121,4.84581,46,0.28953,0.985105,463.839,97.8304,117.488,76.699,2.56507,72.2409,59.7228,20.5284,28.9,5.16911,43,0.321741,1.10072,411.67,101.936,115.707,29.7574,1.82185,67.0238,59.853,17.9544,26.2722,4.13133,40,0.248028,0.934066,422.07,81.6375,96.8506,26.6485,1.63657,63.0073,55.9233,17.9478,24.8841,4.55678,39,0.344463,1.06294,417.711,84.9547,109.501,29.3593,2.24024,68.5747,54.7566,20.28,27.0436,4.86779,50,0.331959,1.05983,296.694,56.7334,99.6084,35.2905,2.96732,48.8107,43.3459,16.6887,23.5871,4.301,46,0.280066,1.02984,550.569,101.361,105.132,14.802,1.85749,81.2108,60.1115,22.663,26.2924,5.55679,42,0.402836,1.20307,507.76,99.7916,64.0053,37.386,2.22379,69.6092,61.4653,16.8074,25.8081,5.38889,37,0.355739,1.00473,822.508,135.414,168.15,186.849,5.59151,102.755,75.0309,29.242,52.1701,8.97365,43,0.353667,1.1452,362.499,73.3044,91.9926,23.6106,2.09998,55.0735,48.2532,17.5333,22.3621,3.79824,43,0.323125,1.03216,891.297,192.586,163.845,39.7132,1.7137,97.9234,84.5462,30.8722,38.9037,6.6824,39,0.324284,1.68749,584.094,129.629,120.879,78.0401,5.35638,78.2228,70.5646,22.0249,35.3926,11.6911,34,0.440124,1.23484,579.902,101.505,114.176,85.7452,3.59473,81.7386,57.7452,19.7095,29.0555,7.31855,35,0.379859,1.16391,536.742,107.618,99.749,43.7397,2.18385,70.9979,61.299,19.4127,24.5411,6.22975,38,0.391789,1.13653,448.98,80.6635,121.808,161.985,10.4473,68.9606,52.8717,20.2989,37.1763,11.2202,46,0.310156,1.15735,500.185,105.681,167.28,202.773,25.0479,77.2348,60.791,24.6785,54.8978,17.4715,42,0.289469,1.20734,796.073,185.785,165.492,33.835,1.77569,85.2085,74.3054,25.6241,28.0659,6.52811,51,0.223834,0.868946,413.3,79.9264,76.8545,26.3531,1.79212,60.399,52.7178,14.8162,18.7594,3.93363,42,0.309229,0.9775
decoupled_wbc_h066_p012,3068,complete,90,18,17.8132,3.28183,0.0859363,0.176582,374.501,100.901,108.018,24.3929,2.084,60.3642,58.5349,18.6262,28.9688,4.18041,40,0.252689,1.0469,399.932,95.2953,120.017,25.9686,1.53762,65.6164,60.8906,18.6199,29.3089,3.56032,41,0.303925,0.998554,378.467,71.9185,91.897,27.9172,1.28611,58.2184,50.3072,15.6392,26.8351,3.95801,39,0.28133,1.02135,428.224,105.425,109.912,54.6483,2.62734,65.3614,60.7973,17.8688,36.2716,4.92185,41,0.272352,0.916036,538.394,160.584,141.245,36.8729,2.01746,73.7313,73.128,20.6691,37.9371,6.65169,44,0.2578,0.91036,513.5,125.016,118.289,78.6083,2.61535,70.5331,63.7725,20.8982,39.452,7.79829,45,0.322691,1.0366,421.446,110.021,110.769,35.9495,1.41579,63.8925,61.5562,17.5943,29.038,4.22253,44,0.24263,0.970045,397.604,68.0613,107.298,63.4509,2.19303,57.6055,43.4175,16.7269,31.8622,6.6862,38,0.350224,1.00472,399.952,95.2167,86.6609,18.3834,2.21786,56.9455,57.0078,14.8564,23.9206,6.24682,37,0.320774,0.985801,571.505,125.591,175.185,190.136,13.7074,75.9573,65.3506,21.641,47.0312,13.8037,39,0.306447,1.20249,619.918,124.324,145.696,40.8531,2.20538,80.0427,64.6775,23.0248,35.7667,6.00469,43,0.372768,1.21981,495.585,105.122,101.351,30.564,1.74011,71.6656,54.2821,18.8713,33.5976,5.65363,41,0.297007,1.23291,470.497,117.381,129,35.13,3.26615,68.1931,58.3459,20.3447,30.0116,6.53304,38,0.295018,1.05917,491.142,173.968,132.568,63.7782,3.10275,76.3361,71.1907,20.41,31.051,6.85167,42,0.282984,0.946072,383.473,99.3202,116.187,41.1205,1.52549,63.5159,51.2286,16.9823,23.8874,4.53932,43,0.298821,1.00021,546.276,140.881,127.831,116.802,3.24776,82.1338,69.4691,21.6707,42.8028,6.20601,39,0.370117,1.0787,516.398,128.083,106.944,91.235,5.42572,73.3084,64.5205,19.4398,38.4759,5.91165,37,0.294416,1.15785,681.6,113.099,124.126,46.5428,2.23429,72.6074,58.0237,20.7915,32.0374,3.50105,38,0.351108,1.12996
decoupled_wbc_h066_p012,3069,fell,71.2,15,20.8089,10.3332,2.23058,0.890638,364.856,80.706,109.66,23.0549,1.9519,58.8809,52.0351,18.5514,27.1325,3.5148,39,0.287238,1.00863,444.779,116.085,99.4204,25.0935,1.07665,72.401,63.9572,18.0373,26.2369,4.63201,54,0.270078,0.808392,426.98,100.877,107.653,32.9499,1.54151,70.2144,60.2329,20.0792,28.5172,4.91665,47,0.319606,0.995006,484.24,100.709,107.179,45.9506,2.96617,76.4585,64.0085,20.4863,31.0905,4.92203,58,0.291996,0.775511,418.318,98.3522,111.529,23.6077,1.48561,64.08,57.5738,17.1875,28.2933,3.76831,35,0.34664,1.11079,524.442,123.364,146.591,150.874,2.8608,70.2253,67.0007,21.5038,35.1412,6.38587,36,0.259351,0.995953,458.194,114.586,104.18,36.0411,2.16876,70.4604,60.7697,18.3162,27.4118,4.93539,45,0.32583,1.0474,398.953,77.3762,93.7839,30.7444,1.59515,64.7373,48.0337,17.817,25.3702,4.68398,39,0.329592,1.13402,638.973,154.89,118.868,65.0583,1.29596,78.6884,63.0248,19.619,30.9541,4.61556,38,0.360233,1.24523,402.215,88.5926,195.46,164.883,29.7606,65.1011,49.257,21.5667,38.3187,15.2884,43,0.263742,0.927475,568.602,143.557,209.033,184.149,26.3602,78.7098,71.3623,25.3611,51.4169,20.0258,46,0.235212,1.01506,474.784,148.62,127.821,111.103,2.28876,74.2193,69.715,19.3912,39.625,6.51253,42,0.283101,0.92386,490.889,111.817,85.5276,31.4125,1.60386,68.0001,60.4868,16.2061,29.215,4.11018,49,0.263395,0.861539,474.256,112.068,101.242,37.3824,2.65578,76.5119,63.1148,20.1577,30.8876,4.86358,49,0.350335,0.910417,3834.47,546.203,484.275,221.477,4.96375,164.422,81.0678,35.6205,64.4292,9.17359,2,0.168953,1.20677,,,,,,,,,,,,,,,,,,,,,,,,,,,,,,,,,,,,,,,
decoupled_wbc_h066_p012,3070,fell,61.9,13,38.9918,12.9851,1.67566,2.50614,409.862,90.4671,110.084,17.1729,1.87583,66.3498,55.8828,19.0816,26.0896,3.94629,41,0.313829,1.01793,340.588,91.007,116.72,30.5382,1.81216,56.3265,52.5335,17.3188,27.3485,4.24867,37,0.282235,0.961234,511.341,100.897,128.448,21.7589,1.7513,71.9282,60.8757,19.6503,30.3353,5.53191,41,0.295312,0.973447,494.512,104.243,113.358,28.06,1.75905,69.2473,61.2175,19.578,30.3636,5.78169,46,0.282846,0.89081,445.761,112.584,129.407,30.4405,1.99655,71.9947,63.6178,21.2342,31.6812,6.17805,53,0.253041,0.94164,381.113,120.799,128.615,31.9509,1.40028,67.6133,68.9177,20.9193,29.9292,5.72756,47,0.28349,0.966326,570.547,93.6235,90.0724,21.5917,2.1578,77.2047,56.6022,18.555,28.1834,4.56198,44,0.333185,1.1707,935.354,162.251,201.87,40.3959,1.02432,98.9727,72.6712,27.7021,35.8017,5.94266,37,0.336908,1.14633,533.606,190.985,133.588,38.7969,1.81195,82.1267,73.1987,21.9458,25.6424,4.0634,39,0.379837,1.00381,624.369,148.906,136.722,42.1931,3.03546,83.7426,71.9679,23.3488,29.5171,6.12297,32,0.364155,1.21707,335.248,98.0784,101.502,29.483,1.51806,55.4264,53.4145,17.6028,25.4123,4.2349,38,0.301011,1.02111,362.001,91.5546,100.984,46.9378,2.24774,57.6203,55.9061,15.4292,22.524,3.90032,40,0.248116,0.869883,2888,631.909,586.01,246.733,22.371,154.902,101.766,53.1842,71.6834,22.7773,5,0.0582825,0.447988,,,,,,,,,,,,,,,,,,,,,,,,,,,,,,,,,,,,,,,,,,,,,,,,,,,,,,,,,,,,,,,,,
decoupled_wbc_h066_p012,3071,fell,55.76,12,18.8327,16.109,1.23833,2.93703,414.294,83.988,92.5249,32.7762,2.30466,62.6051,53.9471,16.7452,24.3307,3.64484,44,0.270633,0.97098,342.438,96.0535,104.424,36.3992,1.71229,58.5543,54.1694,17,26.319,3.30297,42,0.288592,1.00991,411.277,81.4011,127.474,34.2209,3.3875,62.3567,47.8657,19.25,25.9967,5.45328,43,0.274417,1.02554,374.618,87.4247,120.422,40.6647,2.46795,58.4962,49.725,18.1741,22.3807,5.97926,39,0.237472,0.949348,342.176,70.2104,70.0785,20.6002,1.79511,54.4201,43.1708,16.1735,17.4052,5.07322,45,0.292219,0.890063,487.829,80.1699,85.4294,22.7623,2.37808,65.4701,52.0362,16.4949,17.9978,4.99768,37,0.323639,1.04617,443.584,112.755,125.422,123.595,5.10591,71.1854,62.854,20.0636,32.6801,7.97925,48,0.297957,0.806635,354.804,97.7714,113.668,104.175,4.79265,62.1443,57.8798,17.6769,27.6023,5.84115,48,0.277028,0.931815,680.12,206.336,179.291,70.593,1.90009,88.3757,73.248,25.999,39.426,5.90816,40,0.311337,1.03137,445.391,110.433,107.903,122.974,4.51401,65.8908,58.9171,17.5544,33.0777,7.48767,44,0.289871,1.00922,433.586,101.39,83.8657,25.4868,1.42701,63.758,58.3237,16.1969,20.6193,3.05618,44,0.262791,0.880491,2574.65,190.074,263.688,74.8348,0.657133,94.2295,39.4506,24.5864,21.7609,2.18041,2,0.0572205,0.405492,,,,,,,,,,,,,,,,,,,,,,,,,,,,,,,,,,,,,,,,,,,,,,,,,,,,,,,,,,,,,,,,,,,,,,,,,,,,,,
