policy,runid,outcome,survival_s,targets,pos_err_cm,yaw_err_deg,pelvis_speed_mps,head_speed_mps,s0_e_legs_upper_j,s0_e_legs_lower_j,s0_e_waist_j,s0_e_arms_upper_j,s0_e_arms_lower_j,s0_v_legs_upper_krads2,s0_v_legs_lower_krads2,s0_v_waist_krads2,s0_v_arms_upper_krads2,s0_v_arms_lower_krads2,s0_steps,s0_touchdown_mps,s0_peak_grf_bw,s0_stomp_j,s1_e_legs_upper_j,s1_e_legs_lower_j,s1_e_waist_j,s1_e_arms_upper_j,s1_e_arms_lower_j,s1_v_legs_upper_krads2,s1_v_legs_lower_krads2,s1_v_waist_krads2,s1_v_arms_upper_krads2,s1_v_arms_lower_krads2,s1_steps,s1_touchdown_mps,s1_peak_grf_bw,s1_stomp_j,s2_e_legs_upper_j,s2_e_legs_lower_j,s2_e_waist_j,s2_e_arms_upper_j,s2_e_arms_lower_j,s2_v_legs_upper_krads2,s2_v_legs_lower_krads2,s2_v_waist_krads2,s2_v_arms_upper_krads2,s2_v_arms_lower_krads2,s2_steps,s2_touchdown_mps,s2_peak_grf_bw,s2_stomp_j,s3_e_legs_upper_j,s3_e_legs_lower_j,s3_e_waist_j,s3_e_arms_upper_j,s3_e_arms_lower_j,s3_v_legs_upper_krads2,s3_v_legs_lower_krads2,s3_v_waist_krads2,s3_v_arms_upper_krads2,s3_v_arms_lower_krads2,s3_steps,s3_touchdown_mps,s3_peak_grf_bw,s3_stomp_j,s4_e_legs_upper_j,s4_e_legs_lower_j,s4_e_waist_j,s4_e_arms_upper_j,s4_e_arms_lower_j,s4_v_legs_upper_krads2,s4_v_legs_lower_krads2,s4_v_waist_krads2,s4_v_arms_upper_krads2,s4_v_arms_lower_krads2,s4_steps,s4_touchdown_mps,s4_peak_grf_bw,s4_stomp_j,s5_e_legs_upper_j,s5_e_legs_lower_j,s5_e_waist_j,s5_e_arms_upper_j,s5_e_arms_lower_j,s5_v_legs_upper_krads2,s5_v_legs_lower_krads2,s5_v_waist_krads2,s5_v_arms_upper_krads2,s5_v_arms_lower_krads2,s5_steps,s5_touchdown_mps,s5_peak_grf_bw,s5_stomp_j,s6_e_legs_upper_j,s6_e_legs_lower_j,s6_e_waist_j,s6_e_arms_upper_j,s6_e_arms_lower_j,s6_v_legs_upper_krads2,s6_v_legs_lower_krads2,s6_v_waist_krads2,s6_v_arms_upper_krads2,s6_v_arms_lower_krads2,s6_steps,s6_touchdown_mps,s6_peak_grf_bw,s6_stomp_j,s7_e_legs_upper_j,s7_e_legs_lower_j,s7_e_waist_j,s7_e_arms_upper_j,s7_e_arms_lower_j,s7_v_legs_upper_krads2,s7_v_legs_lower_krads2,s7_v_waist_krads2,s7_v_arms_upper_krads2,s7_v_arms_lower_krads2,s7_steps,s7_touchdown_mps,s7_peak_grf_bw,s7_stomp_j,s8_e_legs_upper_j,s8_e_legs_lower_j,s8_e_waist_j,s8_e_arms_upper_j,s8_e_arms_lower_j,s8_v_legs_upper_krads2,s8_v_legs_lower_krads2,s8_v_waist_krads2,s8_v_arms_upper_krads2,s8_v_arms_lower_krads2,s8_steps,s8_touchdown_mps,s8_peak_grf_bw,s8_stomp_j,s9_e_legs_upper_j,s9_e_legs_lower_j,s9_e_waist_j,s9_e_arms_upper_j,s9_e_arms_lower_j,s9_v_legs_upper_krads2,s9_v_legs_lower_krads2,s9_v_waist_krads2,s9_v_arms_upper_krads2,s9_v_arms_lower_krads2,s9_steps,s9_touchdown_mps,s9_peak_grf_bw,s9_stomp_j,s10_e_legs_upper_j,s10_e_legs_lower_j,s10_e_waist_j,s10_e_arms_upper_j,s10_e_arms_lower_j,s10_v_legs_upper_krads2,s10_v_legs_lower_krads2,s10_v_waist_krads2,s10_v_arms_upper_krads2,s10_v_arms_lower_krads2,s10_steps,s10_touchdown_mps,s10_peak_grf_bw,s10_stomp_j,s11_e_legs_upper_j,s11_e_legs_lower_j,s11_e_waist_j,s11_e_arms_upper_j,s11_e_arms_lower_j,s11_v_legs_upper_krads2,s11_v_legs_lower_krads2,s11_v_waist_krads2,s11_v_arms_upper_krads2,s11_v_arms_lower_krads2,s11_steps,s11_touchdown_mps,s11_peak_grf_bw,s11_stomp_j,s12_e_legs_upper_j,s12_e_legs_lower_j,s12_e_waist_j,s12_e_arms_upper_j,s12_e_arms_lower_j,s12_v_legs_upper_krads2,s12_v_legs_lower_krads2,s12_v_waist_krads2,s12_v_arms_upper_krads2,s12_v_arms_lower_krads2,s12_steps,s12_touchdown_mps,s12_peak_grf_bw,s12_stomp_j,s13_e_legs_upper_j,s13_e_legs_lower_j,s13_e_waist_j,s13_e_arms_upper_j,s13_e_arms_lower_j,s13_v_legs_upper_krads2,s13_v_legs_lower_krads2,s13_v_waist_krads2,s13_v_arms_upper_krads2,s13_v_arms_lower_krads2,s13_steps,s13_touchdown_mps,s13_peak_grf_bw,s13_stomp_j,s14_e_legs_upper_j,s14_e_legs_lower_j,s14_e_waist_j,s14_e_arms_upper_j,s14_e_arms_lower_j,s14_v_legs_upper_krads2,s14_v_legs_lower_krads2,s14_v_waist_krads2,s14_v_arms_upper_krads2,s14_v_arms_lower_krads2,s14_steps,s14_touchdown_mps,s14_peak_grf_bw,s14_stomp_j,s15_e_legs_upper_j,s15_e_legs_lower_j,s15_e_waist_j,s15_e_arms_upper_j,s15_e_arms_lower_j,s15_v_legs_upper_krads2,s15_v_legs_lower_krads2,s15_v_waist_krads2,s15_v_arms_upper_krads2,s15_v_arms_lower_krads2,s15_steps,s15_touchdown_mps,s15_peak_grf_bw,s15_stomp_j,s16_e_legs_upper_j,s16_e_legs_lower_j,s16_e_waist_j,s16_e_arms_upper_j,s16_e_arms_lower_j,s16_v_legs_upper_krads2,s16_v_legs_lower_krads2,s16_v_waist_krads2,s16_v_arms_upper_krads2,s16_v_arms_lower_krads2,s16_steps,s16_touchdown_mps,s16_peak_grf_bw,s16_stomp_j,s17_e_legs_upper_j,s17_e_legs_lower_j,s17_e_waist_j,s17_e_arms_upper_j,s17_e_arms_lower_j,s17_v_legs_upper_krads2,s17_v_legs_lower_krads2,s17_v_waist_krads2,s17_v_arms_upper_krads2,s17_v_arms_lower_krads2,s17_steps,s17_touchdown_mps,s17_peak_grf_bw,s17_stomp_j
decoupled_wbc_h066_p000,1536,complete,90,18,16.0233,2.44058,0.583915,0.529091,450.073,92.5442,78.8764,25.7348,2.74542,65.7599,56.4099,16.6461,29.987,4.41918,41,0.307639,1.07725,1.60552,393.474,76.0298,108.17,45.1098,1.72047,58.7164,49.5156,17.0248,34.0399,5.02646,39,0.344918,1.00204,1.36149,367.966,70.0773,105.354,23.3948,2.029,60.6784,46.9515,18.3856,29.972,5.47897,46,0.306994,1.02133,1.07566,341.254,75.9834,90.3473,27.0879,1.49596,61.3644,51.368,16.933,28.2763,4.4803,48,0.296205,0.9472,1.0032,405.24,100.435,90.4554,42.9575,1.65747,63.2343,54.7748,17.0539,25.8306,3.64576,48,0.280595,0.898598,0.936063,255.075,107.379,102.627,41.0374,1.11889,43.2893,52.1527,15.2437,23.3709,2.98757,41,0.130892,0.754947,0.763932,423.908,123.767,94.4118,55.9234,1.39999,65.7077,58.6673,17.174,32.4546,4.69486,41,0.272365,0.876702,1.37485,406.351,147.219,111.77,54.9585,1.89468,65.503,62.9581,18.7863,29.2422,3.92456,50,0.20943,0.767512,1.03829,614.287,145.637,115.136,49.1756,2.07144,82.5908,69.8349,20.6421,30.9986,4.58243,43,0.351561,1.06996,1.93213,365.541,109.249,100.571,32.2319,2.8914,63.4599,58.2241,17.4577,23.1042,4.37479,54,0.25175,0.77701,0.948198,741.927,152.075,202.808,167.424,4.75898,97.6291,72.5109,30.6859,40.7135,8.84373,42,0.356901,1.22471,1.96525,341.693,106.294,88.9738,26.7923,1.87381,58.3524,63.1533,15.5523,21.1069,3.74995,52,0.215443,0.800941,1.14256,365.075,98.9625,84.906,36.2702,1.85337,57.0697,59.0761,15.1889,24.7847,5.13339,48,0.243414,0.929058,1.35959,425.348,75.9866,88.2155,26.3893,2.26961,60.11,52.5778,14.8198,23.6884,6.1432,39,0.342354,0.96818,1.8136,516.839,108.782,108.766,177.529,7.35616,71.2542,55.8162,18.9006,28.5065,8.73165,43,0.235331,0.902375,1.40617,1428.38,367.075,197.755,64.3339,2.16311,122.534,103.313,32.0595,41.0378,7.40746,39,0.346979,0.865837,3.80571,574.854,114.408,165.339,209.222,9.81723,70.2002,61.8439,21.2544,39.2478,9.28508,52,0.220482,0.773409,1.06525,561.509,107.087,102.008,45.1256,1.99981,75.1063,52.4161,19.7981,29.0967,5.70184,44,0.328347,0.998733,1.2175
decoupled_wbc_h066_p000,1537,complete,90,18,20.541,3.57856,0.360289,0.234817,366.599,89.9905,117.991,28.1629,1.13153,62.1916,58.6629,18.6684,24.1734,3.54152,54,0.2505,0.853895,0.978729,324.702,62.9315,83.4514,26.3541,2.10173,54.9385,46.1709,14.8566,20.6893,3.88113,49,0.223346,0.872888,0.831329,371.206,101.327,89.6699,49.6689,1.74362,64.5432,55.9698,16.4583,25.0783,4.33683,49,0.251038,0.787353,0.86748,387.302,93.0649,99.3694,32.2233,1.65974,65.2543,55.9958,16.2366,26.9269,3.74757,46,0.324362,0.923971,1.09049,419.716,84.4585,99.6822,60.4628,2.18444,62.2034,53.1426,18.863,31.8451,5.15088,50,0.270528,0.901174,0.876226,444.972,112.044,120.651,32.723,3.42072,77.2515,62.4558,20.8519,29.4024,5.45517,55,0.311432,0.983812,1.21138,354.176,83.0911,88.6851,27.5147,1.57712,57.537,47.8181,16.2056,22.767,4.92224,42,0.273534,0.952841,1.20945,345.723,89.7619,82.9366,34.7766,2.34198,62.459,53.0788,18.189,25.2875,5.3324,48,0.230272,0.794131,0.879607,365.429,84.7653,93.2053,36.5129,1.81993,58.2016,52.4933,16.7762,23.7631,4.24559,39,0.349903,1.02054,1.39746,482.5,105.916,115.144,25.9321,1.95415,71.2986,63.3102,19.0606,27.6716,4.2492,46,0.274524,0.90578,1.38343,422.298,104.712,95.9614,28.028,1.52074,68.1326,57.8684,18.3523,25.3968,3.32528,48,0.290763,0.928541,1.14007,441.131,130.609,89.2147,48.0867,1.37386,63.6251,63.2141,15.8189,28.4643,3.44357,50,0.202795,0.862644,1.24986,610.837,133.432,111.479,45.0554,1.94324,76.4907,65.3031,19.5353,34.0236,3.95075,43,0.364109,0.891287,1.48645,338.626,94.1333,67.2355,44.4604,0.87854,52.4054,52.2487,14.1756,26.6689,3.75538,52,0.220332,0.851176,0.974919,469.838,105.581,91.6996,41.5027,1.87354,71.4945,60.9116,18.3641,24.5074,5.31163,49,0.276077,0.912738,1.03124,437.272,84.7535,80.8779,33.6777,1.47577,66.885,57.9192,17.7698,21.1792,4.84143,51,0.35247,1.07323,1.27691,477.352,94.0431,119.046,29.0286,2.13137,72.0199,57.1142,20.4202,26.2046,4.68914,44,0.310254,1.02113,1.64542,732.64,112.186,119.387,132.352,2.41792,82.834,65.6969,21.8058,35.778,5.71195,32,0.375124,1.38841,2.66622
decoupled_wbc_h066_p000,1538,fell,81,17,37.7275,9.94881,1.9179,1.96335,372.726,67.9868,87.2084,23.0993,1.28307,58.8655,49.3572,15.6783,26.3482,3.94874,39,0.315534,0.978467,1.75632,439.97,78.7493,97.4548,26.2395,2.94956,65.6785,47.7004,18.4388,31.0725,4.22811,47,0.309147,0.970149,1.01742,555.309,116.615,112.593,53.7144,1.99453,79.0581,65.7163,20.6573,34.9341,5.28276,41,0.324933,1.14025,2.20765,428.029,76.2419,93.8327,22.1533,1.23591,67.9088,53.7285,19.1636,26.5623,3.49596,37,0.341771,1.0906,1.58335,446.196,96.9403,94.2841,22.8688,1.80845,67.1232,56.0157,18.5948,28.2708,3.79002,47,0.335002,1.03007,1.20973,351.223,70.5801,62.5815,27.4157,2.14842,55.1658,52.0524,13.5612,25.5548,3.85492,40,0.327503,0.92431,1.66409,473.049,107.642,139.299,26.8272,2.30364,76.2487,59.4973,23.2105,33.4298,5.44468,48,0.306153,1.04697,1.41714,527.558,100.603,132.918,69.3174,3.43305,73.3062,61.8905,19.1345,35.1292,7.84899,42,0.326751,1.09188,1.78385,383.439,78.844,93.7787,23.7819,1.7369,63.2112,52.2667,16.7816,28.6632,5.12549,48,0.35684,0.95456,1.14349,352.962,94.5748,137.714,126.715,3.23805,63.4604,59.5508,19.1869,33.7681,6.42865,46,0.3077,0.912157,1.21451,668.154,126.009,120.21,204.181,21.5914,83.9657,67.3947,23.3452,48.3798,17.5358,40,0.321527,1.10478,1.84514,318.348,70.5822,100.595,26.3754,1.42921,54.2474,47.1791,17.6632,22.8284,3.08327,50,0.270335,0.929923,1.03109,321.731,54.3751,83.5168,18.6755,1.46656,51.1825,39.3275,14.9805,21.7547,3.66649,46,0.270008,0.880206,0.863371,501.522,97.7009,106.954,26.8798,1.74135,71.7537,52.0454,20.5787,30.2436,5.63859,49,0.267335,1.04381,1.2065,1035.25,119.05,207.749,32.7116,1.88733,92.7222,61.1609,26.3755,36.1298,7.03465,45,0.257772,0.897572,1.76489,698.072,136.738,126.662,159.089,17.8883,88.6218,69.2179,27.0526,45.5837,12.7352,42,0.356915,1.24905,1.97709,4177.81,294.578,470.076,95.6628,24.0914,186.084,58.6733,45.5084,46.8764,25.8203,2,0.467278,1.6043,8.09845,,,,,,,,,,,,,,
decoupled_wbc_h066_p000,1539,complete,90,18,17.6202,3.45342,0.330547,0.2179,428.487,110.24,110.557,24.5875,2.38343,68.6857,62.9943,18.9742,30.8192,4.75134,44,0.30916,0.949749,1.3827,428.18,81.9237,71.85,21.6462,2.4854,62.3922,55.6015,15.8861,27.6499,4.58741,52,0.261429,0.861088,1.11327,342.473,73.2679,78.6554,24.8421,1.58219,56.1114,50.4315,15.8219,28.035,4.24145,45,0.291779,0.987842,1.04755,427.049,100.233,116.404,104.552,2.20216,60.7013,50.6367,17.6977,35.6866,4.8556,39,0.30548,1.11959,1.31912,381.735,94.17,85.5904,30.3065,1.73181,58.3486,54.4437,15.3348,25.6185,3.13163,41,0.281955,0.88881,1.49667,427.821,96.6329,91.9807,48.1053,2.07887,66.4207,56.9214,17.2265,28.4881,4.01579,42,0.259834,0.93637,1.21609,391.211,66.3801,70.9727,20.0667,1.66951,58.6357,48.5617,13.9513,21.6547,3.79235,42,0.340752,0.994765,1.3754,474.881,107.349,110.657,86.3428,4.43526,72.4528,57.0636,20.2774,40.9672,6.78887,45,0.291669,1.04061,1.3078,459.778,134.094,95.8514,30.6261,2.29098,65.7998,67.4912,17.3295,31.0843,3.13438,47,0.252526,0.881656,1.50351,523.691,110.361,105.973,31.2425,1.14352,71.4255,62.5406,18.0225,32.8675,3.19412,35,0.374249,1.10893,2.63329,440.1,80.212,86.8326,23.6782,1.45585,60.8266,45.1887,16.5808,30.5187,3.28093,43,0.310631,0.950966,1.17003,456.436,102.787,78.9607,28.8986,2.5119,67.0828,61.0927,17.2114,34.02,3.55454,56,0.289838,0.864002,1.11874,494.872,84.2933,85.9446,35.554,1.72527,67.7261,55.2824,15.946,31.5584,3.88707,36,0.359319,1.02679,1.68876,510.619,105.05,98.4062,30.0973,1.99623,73.7682,58.9336,20.8305,35.1215,4.7552,43,0.349774,1.2118,1.6305,472.725,97.3794,132.766,51.6026,2.15099,75.4033,57.3925,21.0175,32.4389,5.82771,55,0.297269,0.948557,1.09126,434.043,96.6962,112.374,30.5776,1.38567,69.8311,58.1196,18.152,23.5374,4.021,50,0.296642,0.969545,1.11526,488.915,134.231,116.903,38.9065,1.52592,77.4276,71.1082,19.7248,24.5573,4.72389,54,0.266382,0.952477,1.53162,655.665,140.944,128.583,37.9624,0.809818,82.4172,72.8002,23.418,24.9329,4.81662,41,0.336239,0.977231,1.76404
decoupled_wbc_h066_p000,1540,fell,85.94,18,22.5012,9.2349,2.0694,1.20107,367.334,87.8908,110.875,29.2044,1.5617,65.114,55.5058,18.2444,24.1664,3.54905,56,0.263189,0.853232,0.90496,341.42,87.2775,89.4482,30.2568,1.97138,59.6193,57.6916,17.4242,22.7519,3.37665,55,0.228314,0.802181,0.773357,342.814,72.0129,85.0831,35.6429,1.56358,58.0633,47.6995,15.8319,26.8288,3.29484,53,0.236937,0.849369,0.799218,441.051,92.5828,93.1673,75.4561,1.86822,59.2052,53.8125,15.8529,34.0915,3.80506,45,0.280456,0.929466,1.24212,472.329,95.3829,80.6278,29.2238,1.34247,64.4237,57.5184,15.9013,30.4023,3.77888,36,0.383514,1.17997,2.16908,470.055,136.852,100.017,33.9116,1.0062,73.4094,60.5679,18.533,31.345,4.12486,43,0.356591,0.959971,1.3742,448.307,103.579,104.648,41.7804,1.77383,71.8244,60.0902,19.4644,29.5141,4.08628,42,0.352497,1.12778,1.54715,497.503,107.3,114.262,22.4795,1.58497,77.3478,61.6908,20.2761,25.7739,3.55698,54,0.31169,0.970731,1.34801,394.05,97.2426,115.619,23.4058,1.53787,60.9304,61.2524,17.8916,27.8836,3.96157,47,0.328492,0.985262,1.35831,399.038,99.522,126.505,31.1319,0.809055,61.8351,60.3658,19.7425,27.6644,3.85812,48,0.291375,0.912244,1.35799,392.141,74.6243,68.6565,31.8761,1.8414,59.8249,53.2509,15.8345,19.3037,3.47516,43,0.323986,0.88968,1.29901,593.958,129.742,194.283,184.62,14.637,84.3151,66.2093,26.0977,50.1562,12.7176,49,0.252748,1.03375,1.56907,417.57,79.2709,79.8064,17.4924,1.53295,65.9871,52.7353,17.4412,19.8436,3.11492,39,0.381187,1.10385,1.29039,1284.48,403.13,203.858,42.6359,2.05118,127.203,103.314,35.6425,49.0334,8.7283,31,0.382749,1.34082,4.25519,433.91,115.775,89.0422,30.5551,2.37116,61.1729,59.4532,16.7704,22.943,4.0787,42,0.284464,0.9365,1.39254,1174.12,194.948,177.326,39.3561,2.06202,104.455,81.5718,29.4296,31.1025,6.88082,40,0.278032,1.10003,2.74303,398.655,109.726,84.8077,35.0667,2.07872,61.9158,58.0425,16.588,24.297,3.36444,42,0.273678,0.893784,1.56672,1860.72,199.603,281.782,171.121,34.8764,98.8216,47.044,31.3235,54.8929,24.519,6,0.202426,2.03015,19.122
decoupled_wbc_h066_p000,1541,fell,76.24,16,21.1083,5.17563,2.87141,3.36187,378.156,83.0306,104.912,23.1547,2.25042,63.6596,51.8959,16.9382,27.5661,3.94331,45,0.304088,0.998065,1.5898,529.592,132.219,104.146,52.8127,2.13502,76.9032,72.8383,19.5484,27.7998,4.14191,52,0.254304,0.782682,1.20242,389.228,69.6455,104.393,32.2129,1.06463,59.3283,46.2979,17.2654,26.1105,3.80194,47,0.250142,1.0088,0.924648,520.312,122.144,98.9514,47.2623,1.98893,71.0397,68.552,18.0541,28.3249,5.45565,44,0.327075,1.24384,1.9846,363.971,76.2991,84.8542,32.2351,0.926512,60.6405,53.438,17.388,24.7956,4.04911,52,0.297959,0.932441,0.870431,489.446,128.107,138.026,29.7218,2.58405,80.4343,66.5159,22.8205,33.7138,7.12784,53,0.296855,0.976305,1.20512,354.968,65.0326,85.3654,24.7676,2.0809,60.8427,46.3432,17.3458,25.9843,4.4327,53,0.246131,0.835585,1.01733,352.129,82.2906,82.6626,24.4191,1.35537,59.8995,53.3841,16.284,25.0885,3.21019,49,0.293942,0.886267,1.25457,509.228,128.242,131.424,68.7426,2.23267,75.5613,62.1427,18.9066,35.9071,4.49409,50,0.270751,0.835983,1.17374,466.736,117.798,102.592,38.485,1.39477,71.8421,64.5324,19.5509,27.1906,4.74624,44,0.23551,1.0457,1.71177,370.874,85.2999,95.8345,27.0638,2.38421,61.2531,49.9529,17.2753,20.9503,3.47678,44,0.302473,0.9364,1.08162,631.109,214.716,142.816,46.3047,1.54885,78.0859,70.5449,22.5784,26.9678,3.81611,36,0.290389,1.02491,2.23554,592.57,111.963,97.5292,41.1924,1.48724,67.0704,58.7572,20.3876,28.8445,4.03581,45,0.241324,0.951417,1.28546,638.493,134.037,87.0923,29.7637,1.4298,76.7392,65.9545,19.2328,25.2797,3.9338,44,0.272588,0.892197,1.55061,689.46,145.118,148.594,181.149,9.04098,80.9336,70.8767,22.821,39.7165,8.7141,37,0.354401,1.1337,2.25443,3886.42,202.553,408.966,84.4391,4.69291,150.241,54.0406,36.9933,37.3352,8.81765,4,0.0834312,1.63932,8.97588,,,,,,,,,,,,,,,,,,,,,,,,,,,,
decoupled_wbc_h066_p000,1542,fell,86.16,18,26.96,9.80089,1.14434,0.757033,462.783,86.2184,87.7746,20.258,2.13396,71.7631,57.092,18.9835,27.7395,5.11152,45,0.302113,0.999687,1.22912,379.785,83.2383,104.824,33.615,3.28419,61.8679,53.4023,17.3357,26.7616,6.24377,46,0.274507,0.883207,1.45078,398.43,64.6648,95.1025,61.0907,2.85114,62.6968,42.9223,19.2684,27.4823,5.94646,49,0.316633,0.993209,0.975272,356.833,82.1453,79.93,28.0728,1.19296,61.6524,52.7011,15.3754,21.6499,3.41641,52,0.295322,0.898052,1.05852,400.818,93.3044,87.0196,32.5815,2.29428,60.527,56.0324,16.2851,21.5176,3.33109,47,0.223366,0.761819,0.981299,584.871,179.202,149.638,42.7121,1.48299,77.4585,63.5005,24.8265,27.2944,4.23664,39,0.336375,1.06844,1.90251,399.892,94.0048,79.8224,20.1289,1.87568,58.1707,56.9933,14.6237,18.819,4.09396,45,0.289763,0.866797,1.44018,343.889,77.4317,73.4014,23.3321,1.94629,60.675,52.0749,16.7147,20.4596,3.06234,50,0.262136,0.8882,0.937025,360.295,77.8394,88.9807,39.4992,1.68683,62.1868,51.7967,16.8893,24.3049,3.77845,55,0.245023,0.753702,0.80701,624.973,133.857,142.707,80.9265,1.9447,81.7769,73.0457,21.9965,40.1565,5.30305,55,0.289149,0.812058,1.38587,618.274,142.624,103.768,143.688,2.41507,77.4619,69.9464,20.031,43.4338,4.86236,36,0.34109,1.23695,2.00908,570.452,119.863,141.999,38.6349,1.45298,82.4661,67.2704,21.8871,35.2347,4.24359,48,0.339259,1.01513,1.3878,585.487,114.735,137.2,33.7231,2.54289,76.3401,63.2044,22.3594,31.601,5.33222,39,0.335731,1.05353,1.37919,594.043,122.772,111.654,26.7686,1.81037,74.3804,65.4661,19.6705,27.0449,7.317,46,0.337998,1.14685,1.83614,630.224,121.542,123.572,81.4918,5.02241,82.6901,67.0452,20.3631,33.5163,8.82062,53,0.296012,0.878549,1.26049,640.253,136.737,113.663,44.1905,1.99449,85.061,74.9065,21.9421,30.9154,5.37458,40,0.325337,1.20529,2.50936,388.301,97.1414,105.47,47.4714,1.89747,60.8326,57.0207,17.3368,26.1787,3.98407,42,0.221892,0.963979,1.2518,4195.61,382.245,711.119,298.004,20.8324,197.238,69.7537,54.757,88.3262,20.8511,4,0.178982,1.07895,30.4626
decoupled_wbc_h066_p000,1543,fell,60.84,13,55.5304,6.76693,1.33143,0.565352,383.516,89.8647,92.9552,28.5446,2.84169,62.1918,52.4897,17.4355,26.797,4.5635,49,0.24358,0.85389,0.919868,488.482,96.8296,114.782,49.5957,2.18239,75.4062,55.8376,18.5833,27.6723,3.38939,49,0.369862,0.98978,1.04073,399.983,92.0799,83.1946,32.0824,0.876426,64.217,55.5138,17.0593,26.5641,2.8645,46,0.297857,0.888333,1.25911,437.302,85.545,90.3527,21.9115,1.48743,69.8278,59.2141,17.6715,24.4861,3.93517,52,0.305563,0.869769,1.09054,551.956,111.007,137.068,146.391,5.05393,79.7386,67.5243,22.029,33.8479,5.89623,54,0.273539,0.960292,1.13578,443.271,109.096,109.285,125.585,2.60609,65.2788,60.4967,16.9757,25.5956,4.34484,50,0.266194,0.804185,1.47541,535.543,126.322,177.614,188.994,3.61954,72.0011,61.6879,24.7407,40.7719,8.68317,41,0.241963,0.910789,1.33163,466.322,91.3242,123.956,165.199,6.29619,65.4922,57.0301,18.7201,41.9622,8.22827,41,0.327288,1.0237,1.65718,800.61,336.009,184.584,36.5634,1.61437,95.8088,89.8199,29.538,30.3736,6.05982,42,0.375083,1.10988,2.0579,364.691,73.3827,80.7737,37.9726,2.77205,53.7706,45.3765,16.9958,23.2681,4.94528,38,0.259002,0.860527,0.921801,449.929,99.8459,87.9742,38.5056,2.13645,69.1471,59.306,18.0609,23.0531,4.87281,39,0.260942,1.03993,1.50717,1437.23,627.634,315.318,112.097,2.72113,130.368,148.013,43.802,54.5029,11.1968,29,0.427393,1.10991,4.64126,4837.58,380.362,698.683,121.467,5.58606,203.981,63.535,55.3434,50.0377,13.1564,0,,,,,,,,,,,,,,,,,,,,,,,,,,,,,,,,,,,,,,,,,,,,,,,,,,,,,,,,,,,,,,,,,,,,,,,,,
decoupled_wbc_h066_p000,1544,complete,90,18,29.7527,3.20693,0.190193,0.168643,363.078,74.201,55.8086,55.0395,2.25169,55.2064,50.5088,13.3894,21.69,3.92166,39,0.386561,0.937975,1.58231,446.134,89.983,98.7536,43.4233,2.57283,69.7511,60.4128,20.6529,27.9964,6.19956,47,0.377718,1.07063,1.32984,339.995,81.156,102.997,29.9181,1.694,57.786,55.2778,17.8351,25.1235,4.48525,52,0.268984,0.834869,1.04144,371.208,89.0067,116.671,38.393,2.94989,60.9919,57.7854,18.8301,29.8507,4.44393,51,0.298067,0.878682,0.978596,309.706,73.6188,88.7545,34.4142,1.69909,53.6015,49.2233,16.5626,25.1512,3.7425,47,0.242018,0.864932,0.960677,430.418,92.2346,124.615,34.0258,1.61607,64.933,54.5843,20.5391,28.8493,5.47101,45,0.315637,0.964075,1.3609,338.813,78.564,90.7129,28.5051,1.74757,52.0419,51.2919,16.15,22.6138,5.52846,49,0.241462,0.768677,1.06492,347.147,80.9161,93.9061,27.1287,2.16213,56.9106,51.7225,17.5955,24.1521,5.60414,55,0.28867,0.819029,1.06552,575.431,131.26,138.85,40.4485,2.23355,82.7891,64.0718,22.1989,30.3797,5.10147,50,0.274688,1.0279,1.59643,413.243,92.9337,61.7871,117.655,7.24683,58.988,56.1191,14.4484,30.7924,7.9382,42,0.370233,1.06964,1.83323,459.29,101.699,98.6931,26.8856,1.50428,69.133,61.1076,19.1419,26.7246,3.84917,42,0.399969,1.09038,1.68395,624.684,127.627,111.447,30.4143,2.10554,76.1486,62.7965,21.1333,27.737,4.68912,35,0.41635,1.34324,2.11913,355.84,67.3711,56.2419,19.0431,1.94818,54.8153,46.2301,14.5349,20.4741,3.08105,37,0.345661,1.04729,1.40289,906.951,256.632,214.723,77.0634,3.16076,98.4276,81.7464,32.1813,40.8581,5.92316,48,0.289791,1.10578,2.05044,471.831,92.9258,72.6593,18.3657,2.32333,65.686,58.0793,16.7577,22.7308,4.9107,40,0.343772,0.949839,1.99813,579.773,100.354,105.938,24.8881,2.18946,77.8134,53.3548,21.8567,28.5625,6.67708,38,0.306154,1.14186,1.35596,332.922,61.2208,78.3612,11.9915,2.32508,52.5549,43.0244,15.3505,20.403,5.49292,37,0.301028,0.907183,1.32342,570.947,104.011,88.3868,13.7953,2.7795,76.365,62.6986,20.6576,23.9771,5.20095,48,0.349302,0.999441,1.55776
decoupled_wbc_h066_p000,1545,fell,80.96,17,29.316,9.75663,1.3229,1.47154,429.778,73.2905,91.0931,23.2018,2.22458,67.7136,50.7659,18.4731,30.5081,4.76044,44,0.326639,1.04021,1.14232,491.078,96.5841,96.332,27.0805,2.14631,79.5751,60.83,19.7565,30.4588,5.44219,43,0.336086,1.05723,1.6147,473.905,112.217,96.9351,40.6117,2.00536,71.4781,62.9688,19.8314,35.0912,6.15479,48,0.324914,1.00011,1.19761,449.099,90.1317,89.3807,137.94,6.5278,64.2887,55.0936,15.0989,37.3886,7.24296,35,0.375336,1.28327,2.15545,498.704,94.516,111.756,104.903,18.9446,73.1207,58.9676,19.7524,42.2756,11.1346,42,0.40743,1.07665,1.54115,396.787,72.9637,73.3926,28.6422,1.77491,59.746,50.1623,14.711,27.3457,4.53414,37,0.352172,0.980179,1.28511,415.722,69.7609,63.8368,32.1739,1.80304,65.0546,47.7762,15.3776,28.255,5.42828,45,0.293826,1.01392,1.17409,524.639,116.526,92.6903,32.9415,2.0854,79.4938,68.1631,19.3718,34.7437,6.43238,57,0.333372,0.942555,1.1365,513.109,128.421,92.6946,27.8688,3.38462,77.2957,70.4874,19.8278,31.4652,6.39002,55,0.343108,0.929028,1.46762,435.814,115.516,114.898,36.3195,2.23697,71.6534,63.909,20.0823,32.3643,5.74921,52,0.211543,0.905541,1.14491,598.365,155.782,101.598,45.2774,2.22076,78.8718,64.0526,18.6106,37.9559,5.85189,37,0.360971,1.12116,1.96297,345.591,83.5106,71.9438,32.5511,1.9641,56.6258,51.6619,14.6377,33.484,4.85691,50,0.247097,0.810797,0.870123,572.603,96.645,113.209,154.789,12.2878,75.7055,59.6461,18.8962,45.9046,10.929,45,0.330139,0.942506,1.45606,333.984,73.4016,74.7161,37.2144,2.50886,52.1388,49.2392,13.9426,30.2257,4.05195,46,0.256565,0.788599,0.935163,508.312,108.034,101.885,47.2941,3.73761,74.0664,61.6393,18.9475,36.5119,5.75722,51,0.315624,1.0085,1.35597,582.823,118.978,135.086,53.5378,1.97713,80.2537,58.8509,22.2236,38.3969,4.97637,49,0.303602,1.07157,1.23477,1307.62,389.573,228.682,86.7442,5.63634,76.137,51.7848,22.3205,37.9686,8.58327,1,0.0787354,0.490682,0.162292,,,,,,,,,,,,,,
decoupled_wbc_h066_p000,1546,complete,90,18,22.4519,3.11817,0.261846,0.153415,385.306,75.7443,104.306,29.2598,2.22978,64.7357,50.8559,17.1999,30.0288,4.58145,46,0.311065,1.0434,1.11129,332.139,52.6457,91.6661,30.1919,1.71367,56.3017,40.2412,15.9248,30.3814,3.83785,42,0.311864,1.06253,1.05486,356.885,56.1894,73.4932,27.764,1.86752,57.6633,41.479,16.1311,29.0574,3.61316,45,0.305669,0.986567,0.833502,381.916,74.4384,107.589,26.6381,1.35983,62.2517,49.713,19.0061,29.9711,3.92121,59,0.257724,0.829238,0.702662,353.054,84.5576,100.226,28.003,1.66699,58.413,51.8458,15.7605,24.026,3.03357,43,0.302021,0.998261,1.0898,415.668,107.931,127.836,101.972,2.0286,67.8708,59.5199,19.5295,33.3095,4.86081,42,0.293743,1.01913,1.35384,464.708,104.72,115.962,135.231,4.22715,76.6205,62.0998,20.2201,37.0363,6.17375,51,0.293371,0.906368,1.15046,474.737,103.138,95.6763,28.6733,1.48469,75.2629,62.8978,19.8128,34.118,4.15735,42,0.306082,0.972683,1.44708,428.048,79.9668,119.322,25.2711,1.91852,66.4861,52.8818,20.5467,32.4267,3.49063,48,0.305237,1.0273,1.15264,533.147,111.273,119.295,82.9402,2.22482,73.2766,60.6348,21.7276,34.9657,5.59681,47,0.259297,0.952766,1.35211,423.132,92.5633,76.0298,70.1454,12.1955,60.3163,58.8553,14.9864,30.6541,10.4749,44,0.271963,0.878679,1.27607,267.979,90.0992,93.9475,139.592,12.5105,49.1821,48.6325,15.6044,32.5438,9.52253,59,0.170283,0.715415,0.637835,1027.14,231.029,138.592,47.0557,1.84349,112.62,81.4627,25.6357,30.5587,4.24502,43,0.348146,1.1086,2.19263,430.789,96.9916,78.8766,23.9135,1.91323,68.04,58.9678,18.5704,22.5379,3.52732,52,0.271281,0.842874,0.936035,369.74,79.4281,68.6641,26.6236,2.35454,62.3171,52.2879,15.869,20.5918,3.60771,51,0.293228,0.922467,1.16387,519.512,141.959,121.853,64.1426,2.78332,70.6794,66.4176,20.1468,31.065,5.92841,51,0.271036,0.945787,1.28811,966.523,176.749,163.39,57.5934,2.21838,102.654,76.5229,26.5592,32.8886,5.59923,47,0.381092,1.18618,2.17421,421.255,103.965,107.749,35.2145,1.3826,63.5836,54.8921,17.9922,22.5102,4.55509,47,0.300394,1.05075,1.25675
decoupled_wbc_h066_p000,1547,complete,90,18,25.769,2.91944,0.163042,0.242618,423.392,64.1072,94.7585,46.4657,2.44762,66.343,44.4243,17.9262,27.6977,4.58819,39,0.35349,1.06832,1.14006,557.171,121.938,105.276,31.3829,3.11819,83.1408,70.7886,20.5347,31.69,6.09363,56,0.334988,0.911005,1.33349,359.067,94.2168,91.2283,27.0881,2.00558,58.2721,57.3359,16.2223,26.6619,4.41598,48,0.259043,0.784957,1.1684,375.225,72.299,85.4008,27.893,2.68,65.2276,52.5266,17.8546,28.8627,4.88345,49,0.284116,0.880684,0.981959,528.177,105.241,121.682,28.6366,2.50042,74.553,61.7941,23.1245,37.2469,6.95528,45,0.300714,1.04985,1.23075,355.29,85.1601,91.4358,28.1383,1.77523,61.8084,57.5145,17.0041,25.8497,4.87463,48,0.288885,0.865748,1.20087,422.958,83.3388,106.005,26.5359,2.4681,65.5544,53.4166,18.9468,26.9935,4.29226,51,0.303789,1.06209,1.15665,639.051,144.528,169.201,71.6841,2.51318,84.8538,64.8485,27.2986,42.1148,7.00616,34,0.392001,1.21372,2.706,424.656,89.9518,134.197,26.5445,1.22123,67.5816,56.5172,21.2321,30.7428,4.24102,45,0.325967,1.14249,1.48206,371.435,78.1493,83.6972,23.5046,1.82631,61.4348,52.7217,17.3569,29.3394,3.45156,49,0.321842,0.908598,0.92783,685.648,185.659,175.106,126.208,2.3595,84.1149,85.3769,26.8102,44.0753,5.71212,46,0.294866,1.00307,1.67966,643.195,105.81,106.491,137.335,5.46783,86.2985,65.7042,22.3488,33.0716,7.7472,47,0.335866,1.17755,1.97698,478.546,112.882,148.147,34.265,2.20987,71.8089,59.7356,21.6334,27.352,6.94963,58,0.2442,0.859036,1.03916,533.831,88.899,114.172,34.9754,2.07561,73.6098,58.1214,20.3719,26.1094,6.57798,30,0.418589,1.21159,2.11635,536.146,121.291,125.936,47.8447,1.75795,80.8806,69.3071,21.5696,36.0836,5.67708,46,0.292049,1.04877,1.71478,563.892,151.972,128.045,32.644,1.46723,76.8234,68.8874,21.7612,30.2191,3.09972,44,0.294753,1.0536,1.56204,542.48,179.298,129.287,53.0764,1.50446,85.15,77.8555,22.1462,32.081,4.14636,48,0.278853,0.827286,1.63833,417.315,99.6031,104.501,39.5081,2.11673,64.6465,50.5012,18.0297,23.7978,3.78736,57,0.259961,0.83453,0.731852
decoupled_wbc_h066_p000,1548,complete,90,18,18.6195,3.10208,0.169482,0.166267,412.567,88.5675,65.8289,24.21,1.45941,67.4023,58.0014,15.6506,28.1381,3.7114,49,0.292461,0.824067,1.0817,404.871,95.393,99.2827,60.5759,2.32899,66.1522,54.2852,19.0771,30.3255,5.0799,50,0.320762,0.957824,0.99503,420.083,92.9742,121.811,34.8681,1.50761,67.7135,61.8828,19.4207,26.0092,4.25695,54,0.231221,0.908292,1.29608,439.932,110.425,115.806,71.6884,2.2427,70.9582,64.1686,19.4574,28.2316,4.3927,50,0.28355,0.877709,1.26168,342.803,64.8281,60.7299,40.3864,2.16848,53.3727,47.684,12.7812,18.0595,4.45843,42,0.33902,0.914979,1.56714,447.558,104.233,88.9093,82.6078,4.98616,73.7419,61.8529,18.9756,33.9125,8.94411,50,0.288131,0.885892,1.23876,398.959,87.3354,81.123,31.4497,2.50045,65.9792,53.4521,16.9061,27.4373,3.8756,47,0.337905,0.958466,1.04406,328.284,64.433,61.4127,27.528,1.94596,50.0314,44.7348,13.3197,23.9563,3.57427,44,0.289259,0.889896,1.26053,605.636,101.837,99.7355,29.8293,1.90618,80.1757,62.1203,21.0644,34.907,5.56154,37,0.350982,1.2483,1.98883,398.929,94.9868,99.7537,30.6469,1.51413,65.3353,51.3289,17.7275,24.1956,4.25637,47,0.292103,0.968514,1.04344,672.434,114.465,120.282,111.591,12.3477,85.8287,65.4459,21.7602,43.5324,12.1294,38,0.376567,1.1347,2.25572,725.292,169.113,211.97,161.896,10.2685,96.4327,81.0211,29.1473,48.773,12.2944,42,0.318756,0.996433,2.08195,549.042,140.978,115.308,48.2309,2.2746,78.9141,67.9261,22.5526,38.1671,6.03977,43,0.267325,0.982779,1.26713,424.312,92.2357,80.4503,39.3986,2.34947,65.4108,52.473,16.5674,30.0231,5.3808,44,0.320439,0.935431,1.16885,811.577,147.253,135.542,72.3987,1.88235,94.1599,71.2257,25.5536,39.808,8.72562,48,0.364037,1.11503,1.65702,518.65,124.601,107.891,63.0715,2.17223,75.8806,58.8995,19.6471,33.4417,6.35428,52,0.288009,1.0905,1.21823,513.733,124.617,118.661,52.0388,1.68987,79.7959,67.0019,20.3021,30.7207,5.69848,50,0.235502,0.924735,1.39011,384.477,85.4204,111.615,40.6674,1.83446,64.3865,54.8304,17.2552,28.4596,5.08885,43,0.30393,1.04132,1.16705
decoupled_wbc_h066_p000,1549,fell,76.44,16,31.3521,3.00537,2.70939,2.34375,451.285,125.185,129.63,36.322,2.15974,72.5672,67.6256,20.7522,30.7774,4.2085,43,0.251699,0.880502,1.55005,306.953,64.9833,76.0461,30.7228,1.86235,53.506,46.786,14.5606,19.1737,2.97363,56,0.222308,0.719183,0.676085,382.91,74.0236,93.7283,33.055,2.16574,59.2521,45.0187,16.6044,25.4355,4.50515,50,0.248603,0.869962,0.745437,480.418,124.269,84.53,36.9306,1.95879,69.0801,68.0917,16.3375,25.2831,4.75448,49,0.278163,0.836352,1.37356,372.373,101.358,102.014,45.6223,1.08617,62.1696,51.5778,17.0848,26.6928,5.1071,50,0.287375,0.87702,0.896287,464.861,108.279,76.5329,43.0346,1.84573,69.3473,65.2871,16.7904,29.3852,5.15778,55,0.292305,0.734871,1.07803,505.265,134.893,114.226,49.8634,1.34779,72.7502,66.8585,19.4585,30.736,4.62851,57,0.257894,0.807929,1.09401,552.608,89.2675,96.7664,37.6143,1.13228,74.6515,56.1514,18.3727,25.2181,4.59887,45,0.347481,1.05764,1.71176,404.065,84.992,101.797,37.5804,1.41677,63.5423,52.2977,18.4685,25.6343,4.69795,46,0.291452,0.905941,1.05852,377.892,75.9447,80.6169,29.4692,1.70574,58.8613,49.4715,16.7568,23.4561,4.02579,46,0.256979,0.821552,0.921484,393.142,102.356,91.7733,30.2537,1.57705,61.8716,60.2479,17.3774,26.6591,4.19007,46,0.305847,0.896323,1.41194,621.151,126.975,128.043,99.6393,11.0003,88.5776,74.1509,23.2059,43.14,8.57514,48,0.317811,0.998583,1.66408,432.625,106.775,83.1329,30.1456,1.45541,63.4089,61.6992,15.7583,21.5131,3.48043,49,0.31716,0.969474,1.42195,386.762,90.8781,91.8665,34.4518,1.984,63.9028,52.7276,19.4695,23.6966,3.88891,53,0.279255,0.905126,0.98027,372.448,97.7329,94.8248,33.7249,2.43344,65.3546,56.1582,17.0082,20.9379,3.21514,51,0.302621,0.825368,1.01779,4916.54,537.894,823.742,228.373,46.4562,202.796,79.5067,51.621,60.4673,42.5096,3,0.804428,3.15574,30.1802,,,,,,,,,,,,,,,,,,,,,,,,,,,,
decoupled_wbc_h066_p000,1550,complete,90,18,22.5381,3.14544,0.128782,0.123591,347.506,89.6016,105.483,48.167,2.05173,62.0344,55.7452,16.8953,27.9928,3.81671,49,0.24644,0.791236,1.12077,406.303,100.121,97.6447,28.3407,1.57644,69.6924,61.1213,18.2113,23.1567,3.06326,54,0.287299,0.946019,1.17343,478.359,123.618,95.5904,33.4487,1.34478,76.4726,65.3465,18.3508,23.7139,3.65472,54,0.23129,0.758044,1.10789,502.02,93.0378,72.508,37.103,1.8184,66.15,61.2141,15.4707,19.4472,3.99298,36,0.368905,1.07755,2.06782,357.312,99.8211,104.226,26.4952,1.97829,58.8863,61.9415,17.3887,22.6229,4.80717,45,0.24558,0.851467,1.34486,446.576,77.6168,72.7482,26.1885,1.08554,65.2696,54.4936,14.8371,19.0782,4.53439,32,0.419184,1.10025,2.21846,527.986,123.309,130.775,32.5222,1.50558,77.217,57.3081,21.2247,27.2065,5.47757,45,0.390411,0.970938,1.27907,446.789,97.6169,76.3491,93.9164,3.3457,67.7182,56.1476,17.0916,28.8347,5.60524,45,0.211135,0.881249,1.03863,277.738,75.4471,87.4274,39.4786,2.16672,52.1095,48.9672,15.9901,25.239,3.66152,48,0.190379,0.758509,0.850755,393.618,81.1455,85.5034,31.7863,1.47434,60.2171,52.371,15.7316,24.6112,3.11909,49,0.284283,0.778918,0.930863,432.312,98.3143,87.495,27.2178,1.49086,70.2004,62.6758,19.0603,28.8576,3.91382,49,0.265348,0.912316,1.17107,687.378,218.101,159.447,25.6989,1.25385,89.8056,78.7103,25.6124,34.9927,4.73368,37,0.366551,1.03647,2.29701,580.44,115.7,109.645,140.056,17.2791,78.1989,63.4211,21.6176,37.8593,10.6677,41,0.341543,1.16008,1.93094,468.836,98.0497,106.593,28.7113,1.35774,71.9684,61.6553,19.2189,22.7997,4.13969,47,0.363335,0.944618,1.37349,374.354,89.0941,106.521,30.8508,1.67525,61.212,55.3948,17.4839,19.6615,3.83506,43,0.259577,0.852898,1.2995,550.737,89.9976,147.281,201.538,9.64597,73.4457,60.9039,20.7465,34.2493,10.97,38,0.287162,0.951388,1.66824,653.502,121.295,89.4153,35.4423,1.88683,74.442,63.5628,16.9687,24.2678,5.24817,35,0.391919,1.21039,2.2283,588.397,153.962,117.591,45.6971,1.98849,76.3222,75.005,19.3107,31.0155,5.36045,47,0.263965,0.949082,1.57604
decoupled_wbc_h066_p000,1551,fell,71,15,31.8713,14.5433,0.32795,2.23439,363.018,76.0732,69.2634,22.2634,2.333,56.842,49.6189,14.1764,26.5169,4.35249,41,0.32268,1.01134,1.41116,368.85,70.5901,90.0374,32.0804,2.00395,57.0434,45.3374,15.4213,33.5552,4.01711,35,0.357314,1.1025,1.40597,330.305,66.4818,48.5519,25.1008,1.42381,46.8084,45.5523,10.6562,25.1121,2.41406,38,0.26101,0.821791,1.33498,367.285,85.0913,66.2655,31.6875,2.12173,57.1502,50.3809,13.7843,29.3381,3.40457,43,0.248939,0.91557,0.973512,320.053,82.6761,76.1137,25.3782,1.266,52.0034,48.2129,12.942,28.3908,3.10155,40,0.245592,0.828041,1.02263,1721.4,204.679,196.544,51.9097,2.04001,123.375,74.8752,28.7226,53.3156,4.25868,47,0.228521,1.2759,3.46147,623.829,115.499,66.6819,63.9034,2.18157,83.1728,64.4679,17.9509,40.3586,4.35862,44,0.342783,1.18877,1.97583,388.789,94.7429,81.0233,39.1377,1.94382,53.4947,53.6658,13.4023,30.5842,3.77787,46,0.302856,0.84886,1.47724,400.082,80.185,66.223,25.231,1.05599,55.4264,45.8858,14.4116,27.2566,4.14639,43,0.263426,0.880011,1.07605,423.989,79.2816,94.7956,33.7782,2.39846,58.526,46.3643,16.1147,31.8018,4.4241,41,0.247323,1.02643,1.12581,660.262,131.296,127.641,83.8965,2.47618,77.3299,66.5256,19.0819,43.0469,7.12927,45,0.314343,1.05064,1.59785,486.728,100.252,104.165,22.4758,2.17064,71.214,54.8022,18.1083,29.5643,6.61302,36,0.349005,1.10197,1.38987,1398.71,232.765,146.415,49.7196,2.16651,113.409,85.9134,30.405,43.1144,6.2469,39,0.344567,1.59736,3.32847,513.848,125.169,102.533,31.8405,1.40215,73.5227,68.2584,18.6402,33.7416,4.15635,41,0.287966,0.95856,1.72361,1587.55,153.133,164.236,121.578,2.05392,77.5641,39.6559,18.2898,24.031,3.85483,3,0.207342,0.914955,0.592651,,,,,,,,,,,,,,,,,,,,,,,,,,,,,,,,,,,,,,,,,,
decoupled_wbc_h066_p000,1552,complete,90,18,19.9399,3.02436,0.329143,0.188144,464.082,97.0803,82.1428,20.8013,2.08438,77.104,62.6371,17.7404,31.8075,4.41037,55,0.255912,0.864064,1.03426,356.888,58.3477,81.0529,25.2192,2.19357,53.1682,43.3273,14.9136,28.9095,4.53397,42,0.337729,0.944542,1.1802,374.786,72.6199,61.1711,23.5269,2.47705,55.6273,48.8323,14.7733,22.5151,4.13782,34,0.364011,1.17191,1.79032,426.821,90.1053,102.014,39.9128,2.34198,63.5757,53.6987,18.2635,27.3841,6.7154,41,0.314709,1.00515,1.34066,419.104,95.1646,96.6559,27.4051,1.63674,68.3694,57.456,18.7329,30.4698,4.36491,55,0.2303,0.910841,0.942061,517.941,102.506,116.013,33.4467,1.693,72.9243,55.4951,19.8966,35.0546,5.37137,52,0.272158,0.92829,0.89835,411.278,75.4557,90.5128,68.2499,3.26997,60.666,51.7769,17.678,36.766,6.22507,49,0.256747,0.915973,0.78758,467.372,94.8436,95.5811,142.446,7.39985,67.9231,58.5877,16.4987,40.9252,6.32376,36,0.388216,1.26439,2.36456,347.055,64.6803,71.647,20.338,1.24938,59.6126,45.4581,15.2468,26.5326,3.40061,45,0.326666,0.981633,1.06668,355.88,66.6521,62.3522,21.0263,1.82719,55.9456,46.2242,14.4549,24.3868,4.04202,55,0.221547,0.750227,0.846194,518.66,109.966,102.676,36.8926,2.0928,79.4956,65.7377,18.8558,37.5734,6.50845,43,0.336623,1.11119,1.44607,641.738,132.585,125.229,43.0445,2.04394,80.4823,60.4128,21.4757,41.2282,6.14822,40,0.34209,1.26177,1.83168,599.808,123.316,120.01,175.804,2.29279,78.9466,63.5861,20.0601,48.5342,6.05401,36,0.403099,1.27157,1.9918,423.333,108.954,93.6823,32.127,1.36693,65.2529,55.2015,16.6518,31.7141,3.25503,41,0.31758,0.854609,1.14702,936.931,209.521,186.086,61.1734,1.48716,107.132,78.3799,29.5263,43.9254,5.53623,35,0.416828,1.57211,2.95672,963.384,262.865,234.799,153.96,4.8834,109.388,90.2303,31.4099,45.7148,11.7777,36,0.457022,1.29167,3.0972,409.924,72.5852,70.6057,29.018,2.14444,61.9124,47.3726,14.6112,20.7797,5.80651,37,0.33494,0.93319,1.23266,521.658,109.484,128.073,28.6213,2.01826,79.3471,60.5189,20.9095,26.6779,7.4806,45,0.286542,0.995771,1.33222
decoupled_wbc_h066_p000,1553,complete,90,18,28.0908,3.79595,0.076704,0.144187,460.95,89.4829,107.6,22.3185,2.12244,70.0083,55.8517,21.0169,28.8221,4.2796,54,0.288052,0.900405,0.984695,447.721,95.5447,104.115,26.2431,1.52149,75.4465,64.054,20.0433,24.783,3.67152,47,0.328945,1.06012,1.50336,424.363,106.344,97.2544,25.3727,1.52938,65.337,59.8265,18.1222,20.3468,4.18426,54,0.27578,0.822935,1.20423,420.092,108.438,105.81,42.5388,2.02689,66.0683,57.2908,19.1326,23.7664,6.00189,48,0.245407,0.871364,1.02613,552.821,107.949,106.939,35.8364,2.00583,82.3922,69.8322,21.913,26.513,5.22838,52,0.346333,0.880853,1.33177,471.857,117.78,115.449,35.4772,1.41743,72.2861,61.0968,20.1032,27.4405,4.1158,55,0.244702,0.965052,0.987058,658.279,134.175,125.542,56.09,1.68448,86.8181,61.2947,22.608,27.394,6.02566,40,0.398022,1.25526,1.7192,496.707,173.796,110.408,45.1534,1.52039,73.1811,63.7996,19.9625,25.7793,4.82779,41,0.328295,0.919806,1.18163,397.898,88.9598,74.4217,36.1433,1.51127,59.4681,56.9834,14.5838,22.5018,3.81014,44,0.325994,0.916766,1.4632,647.072,132.319,144.863,198.128,16.1942,85.4306,69.1823,25.5229,46.1774,13.5139,49,0.21429,0.862473,1.21759,431.38,79.6157,72.0146,28.2349,1.93729,63.2005,54.792,15.3326,20.5263,4.07135,42,0.364986,0.998852,1.3187,753.756,148.548,118.263,69.3673,1.77719,89.9294,74.6614,23.3392,33.3248,5.27899,39,0.359885,1.31196,1.97314,1007.94,375.712,227.423,55.6652,1.61728,108.311,93.7375,30.6254,40.4712,5.90624,31,0.389327,1.2614,3.13788,580.897,119.443,112.692,34.2388,1.6395,85.6303,58.7955,22.4126,27.6013,4.5209,49,0.306836,1.15054,1.37018,823.193,131.111,89.2905,60.1097,2.49979,86.0101,66.4473,18.9898,32.5365,5.72469,29,0.422119,1.42467,3.02559,451.188,136.777,98.463,109.183,2.99946,64.4441,66.202,17.5204,25.7864,4.93809,52,0.223164,0.766162,1.0953,496.624,129.68,109.446,36.9319,1.35195,67.5858,63.7785,18.6466,25.6721,3.96936,34,0.310057,1.00698,2.21397,576.452,124.819,122.718,42.117,1.66637,70.6501,63.1634,20.7453,24.6697,3.92746,49,0.26666,0.962597,1.23362
decoupled_wbc_h066_p000,1554,complete,90,18,19.248,3.07571,0.526217,0.0925506,404.386,83.8974,82.9198,23.1918,1.86298,63.6939,55.4603,16.5439,29.4915,4.09614,45,0.289897,0.947275,1.42238,513.292,97.7198,92.0906,48.6322,1.73914,79.1043,61.7497,20.1757,37.7771,5.1809,47,0.281473,1.01303,1.41256,286.771,60.0754,77.8369,25.0636,1.80108,51.0007,43.9616,14.9858,27.1268,3.70608,41,0.31719,0.99554,1.11076,409.992,76.9093,86.7397,34.3847,3.04043,71.83,53.1127,18.1357,34.6592,4.61868,51,0.3189,1.06387,1.11388,409.034,90.1868,90.6582,108.689,6.39828,61.93,54.4393,15.2247,34.9203,7.34334,47,0.23946,0.844663,1.16123,448.291,93.3567,94.7988,58.8099,3.3125,70.6698,57.4302,17.3082,28.905,6.37067,46,0.306577,1.00102,1.31829,551.044,119.348,114.279,26.0857,1.04377,84.0032,67.0236,22.1785,28.8619,4.97038,52,0.323101,1.02329,1.41954,432.221,89.7152,110.458,71.1466,3.47884,70.5494,55.7441,20.3795,31.14,6.92618,55,0.277436,0.939596,0.959941,349.695,72.007,100.466,31.0156,1.81957,55.3672,46.8714,16.8568,25.7784,3.7246,45,0.287191,0.917749,0.882583,541.71,136.705,122.835,79.8068,6.92925,76.0936,74.0582,20.5185,32.107,9.24752,54,0.265337,0.881614,1.4071,475.162,95.3474,103.923,146.543,31.1791,70.4292,61.6598,18.8296,58.2041,15.9683,40,0.382317,1.02747,1.63704,415.548,99.4054,109.187,27.9725,1.88899,70.5617,58.8256,18.9631,20.4507,4.75841,47,0.37006,1.01104,1.14792,595.308,119.358,110.847,76.68,2.3158,82.5151,64.0314,21.5541,30.1912,5.3212,49,0.320626,1.10582,1.40901,416.579,117.028,92.8668,34.6451,2.19305,68.1459,57.9933,18.2099,23.7677,3.46843,42,0.290201,0.903178,1.1749,488.363,162.613,151.068,157.681,8.04467,76.1589,74.6097,23.1068,36.2641,9.81828,52,0.252723,0.846088,1.34324,822.928,219.158,165.458,146.892,13.7433,99.5855,76.0576,24.7714,44.2822,10.8855,35,0.474418,1.20248,2.95608,422.071,134.523,114.034,40.3842,1.36816,68.8101,60.7007,18.886,25.5586,3.10432,51,0.28972,0.820202,0.923789,381.583,106.403,104.165,33.5293,1.44031,67.6591,60.4119,17.7915,27.8474,3.08166,48,0.318354,0.86228,1.12956
decoupled_wbc_h066_p000,1555,complete,90,18,23.694,3.48937,0.149648,0.20372,386.309,84.3592,79.1382,20.6562,1.94302,65.9233,54.1638,17.5666,23.223,3.60331,41,0.328404,0.972373,1.34132,481.099,93.9644,100.51,27.0839,2.39806,75.9613,58.5523,22.2194,28.3311,4.82858,49,0.370271,0.947216,1.30576,404.379,95.32,83.9305,58.1681,3.3165,67.1702,60.6667,18.4632,30.421,5.52299,48,0.285733,0.833459,1.09002,579.257,107.654,110.023,30.7672,2.70324,77.191,64.7158,20.8057,31.5229,4.94082,51,0.281615,0.95164,1.52962,406.53,90.7386,101.152,42.9557,1.81591,61.3444,52.8401,18.4029,29.8951,4.42174,38,0.253891,1.01004,1.22198,547.543,103.729,76.4046,28.0398,1.70982,70.9819,62.3159,17.4531,27.2329,4.10608,41,0.37771,1.09577,1.93197,313.495,56.6871,68.447,18.0118,1.18632,51.8405,42.508,15.1572,21.7764,4.25193,50,0.234556,0.718068,0.847603,436.223,94.929,115.792,31.4422,1.81411,69.9595,57.5173,21.3364,32.6222,5.66894,49,0.2962,0.905443,0.979597,491.452,138.945,141.542,35.9595,2.6286,75.398,65.6861,22.1677,36.7402,6.37341,48,0.294696,0.954659,1.14875,539.407,93.6269,82.2614,31.3861,2.87373,79.3599,66.0528,20.5741,34.583,4.36992,47,0.43479,0.955335,1.31463,550.467,122.434,128.563,29.3806,2.30706,80.3628,72.7853,22.5641,35.1362,5.52661,38,0.314347,1.01984,1.82417,355.214,81.8423,104.92,25.8996,1.80077,60.9287,52.9327,18.099,29.037,5.71776,39,0.365993,1.17948,1.4933,376.249,63.5734,86.3158,27.3132,1.64938,63.0168,47.0484,17.1134,30.3665,4.60901,43,0.337841,1.08397,1.31773,455.642,102.101,86.6896,26.2523,2.72388,60.6431,53.5919,15.0268,27.6336,4.40846,35,0.414106,1.12359,2.20766,444.121,93.8092,74.8763,25.919,1.94635,64.5264,57.7636,15.8224,27.1417,5.57156,36,0.382415,1.16985,2.18622,631.149,166.344,132.628,34.909,2.03755,87.7408,71.3313,24.1755,34.4796,6.19863,50,0.280573,0.925416,1.58923,443.91,87.8647,123.688,229.136,31.0555,70.2297,54.6907,20.3248,62.4866,20.8122,40,0.322773,1.06562,1.26426,514.15,83.5394,113.372,31.1795,2.5271,67.9946,52.729,20.1015,24.2359,5.60487,39,0.322889,0.973748,1.6611
decoupled_wbc_h066_p000,1556,complete,90,18,18.8996,3.69229,0.393512,0.150508,410.137,99.8124,112.08,29.134,1.94928,65.7447,56.5986,18.7393,29.6306,4.173,47,0.288251,0.961305,1.00937,480.702,98.322,68.623,23.6467,1.84802,66.1293,64.1127,15.2155,24.2231,3.66519,43,0.350738,1.08731,1.81812,439.256,125.372,118.703,34.6981,1.34363,72.0413,61.5172,20.3176,23.8013,3.96389,50,0.29048,0.946975,1.1575,365.601,118.725,109.532,38.7618,2.61712,62.0226,65.2023,18.3498,23.7266,4.68388,60,0.221888,0.837823,1.02575,355.387,104.676,80.2095,52.9183,2.25804,59.1335,60.5412,16.2725,25.2558,4.70832,59,0.210252,0.714376,0.707831,372.693,114.463,115.819,112.079,3.04169,60.0503,65.0025,17.6696,29.2955,6.41147,50,0.211241,0.794334,1.05909,572.738,141.793,161.253,164.923,9.22692,85.2215,68.9613,24.6057,37.5762,11.6196,43,0.251439,0.96342,1.4852,487.791,88.5022,97.0544,34.0668,1.8748,69.4402,59.2303,17.6389,26.867,6.22606,39,0.34997,1.08197,1.77109,409.462,107.711,96.802,37.5243,1.80406,65.8016,61.2758,17.489,27.4736,5.29037,51,0.24769,0.855412,0.937876,770.284,264.935,153.993,74.3909,2.30351,91.0439,87.0459,24.5414,43.402,7.82246,41,0.296761,1.09615,2.03462,434.408,87.434,60.2222,35.8947,2.10296,61.5337,56.1879,13.7108,24.1002,3.51836,39,0.358138,1.07249,1.92063,547.333,143.387,132.89,41.5004,1.25141,81.7847,72.9014,21.2562,29.1069,4.99638,53,0.255783,0.86628,1.36601,464.074,105.229,87.9136,37.3229,1.47408,72.1911,61.0512,19.3999,24.8909,4.86303,57,0.315196,0.832853,1.21095,366.335,75.269,103.255,30.1085,1.98589,60.4072,51.0789,16.7648,21.6666,4.08835,48,0.258889,0.854924,0.965769,459.783,140.164,129.575,36.2497,1.98401,77.7362,67.5579,20.606,30.4352,5.27686,56,0.274833,0.842697,1.03902,388.102,96.7368,102.533,27.4909,2.12237,67.464,57.4839,16.9656,26.9329,5.20162,45,0.30785,0.949728,1.18915,365.903,84.5089,84.2998,21.1468,2.14444,59.377,51.3664,16.7878,25.2325,3.96491,47,0.283382,0.957414,1.25683,466.207,100.997,116.667,31.3381,1.76012,72.6431,64.8421,19.1965,28.9081,6.04671,53,0.273398,0.932064,1.14487
decoupled_wbc_h066_p000,1557,fell,61.5,13,47.0365,8.5468,1.90954,1.28377,404.64,75.9515,99.7267,34.044,2.25204,67.2533,49.9353,18.3409,27.8736,4.37122,48,0.2685,0.949161,1.05493,413.152,93.1133,95.5265,23.9984,2.73639,70.5114,61.9084,18.3064,23.2177,5.11528,54,0.314874,0.864891,1.07162,345.677,80.072,85.4062,31.9883,2.28733,59.5377,50.2478,15.6462,24.503,3.68573,49,0.247048,0.835707,0.921598,378.98,102.462,112.968,109.192,2.97047,61.3897,59.6168,18.8355,32.1129,6.5574,48,0.261064,0.937893,1.13009,449.955,75.8295,79.8677,26.2578,1.54462,61.4138,51.6262,15.6112,22.9723,5.67659,44,0.310042,0.866768,1.6641,354.972,90.7251,80.0669,26.9462,2.49356,62.0252,55.2251,16.267,25.1267,7.23643,50,0.25631,0.875237,0.942704,480.22,110.597,66.3727,35.3332,1.79476,64.2243,62.5188,14.2272,23.6806,5.73643,40,0.370053,1.00828,1.94364,412.334,110.202,74.3621,54.3039,1.6416,58.3319,57.911,13.6925,31.2624,6.02662,52,0.237931,0.794977,1.033,385.372,84.7614,95.2817,46.8279,1.81973,58.2632,48.9468,15.8087,26.519,5.77569,40,0.211695,0.919856,1.14635,2380.04,795.357,396.828,108.804,2.43173,176.296,154.85,54.4266,71.8324,12.746,25,0.419547,1.48101,7.32362,517.929,87.542,68.76,33.6409,1.59254,66.6922,59.8533,15.0608,22.8852,4.31342,33,0.403684,1.05833,2.30326,577.309,217.248,142.495,59.7428,1.78069,81.8778,72.8061,21.5413,37.5665,6.21409,51,0.271442,0.969026,1.40275,3247.06,375.1,381.719,89.2465,6.59547,143.427,74.4954,37.5759,48.5294,14.7172,2,0.122398,2.43942,14.5885,,,,,,,,,,,,,,,,,,,,,,,,,,,,,,,,,,,,,,,,,,,,,,,,,,,,,,,,,,,,,,,,,,,,,,
decoupled_wbc_h066_p000,1558,fell,81.14,17,25.2821,6.18136,2.27035,3.71332,387.611,102.059,103.591,38.82,1.85356,64.8851,58.1218,18.081,31.7057,3.83483,48,0.231579,0.858415,1.02397,296.25,66.4234,53.6712,39.5841,1.61917,51.3724,45.8089,13.1135,28.1063,3.76361,54,0.240238,0.774303,0.80687,343.927,83.1675,81.7257,35.9192,2.28798,57.3156,55.533,14.5114,31.9289,4.78758,46,0.272904,0.830619,1.04581,476.134,94.9585,124.606,43.3621,1.97394,67.7029,51.847,19.2246,38.0471,5.80801,40,0.300534,0.995359,1.33068,595.914,119.246,125.158,31.621,2.36881,87.1771,67.4781,21.8569,40.58,5.72003,46,0.357049,1.32194,1.70719,428.18,90.7676,85.9836,20.7236,2.35275,66.0817,52.5116,17.7524,29.9195,4.74287,44,0.374329,1.13223,1.7349,438.776,116.521,128.052,72.6546,2.54436,65.7836,59.1338,20.3663,37.5339,5.80878,46,0.342212,1.00715,1.19545,501.186,171.462,112.728,46.6444,1.23144,64.0608,69.7664,18.5361,34.1047,4.20839,44,0.252315,0.855327,1.54154,427.059,90.4315,121.516,52.6237,1.42359,64.6963,49.5258,19.0631,31.1354,3.74905,50,0.279975,0.897355,0.750742,365.238,72.7161,74.6025,38.4188,1.93786,58.1408,49.48,14.4596,23.5017,2.43343,37,0.364389,1.09553,1.45925,428.662,95.9362,102.898,38.7059,1.77044,66.199,56.6011,18.9961,27.1552,2.625,41,0.318236,0.902897,1.15128,406.437,97.9701,102.111,41.3168,1.86153,67.7419,59.1276,16.983,28.8169,3.31375,47,0.284991,0.928414,1.29635,415.442,106.46,73.8186,37.0526,2.17895,58.3086,59.0994,14.0698,25.5777,3.13725,39,0.40546,1.13644,2.08893,508.018,122.416,101.286,66.4871,1.41465,76.8651,61.1152,18.6889,34.0973,3.39761,44,0.290437,0.970565,1.52751,423.163,88.3118,87.2582,37.0983,1.29589,66.3872,48.7368,16.9981,23.4496,2.64808,46,0.287121,0.956317,0.898319,511.228,119.611,100.136,43.7418,1.9043,74.6391,58.0033,19.6474,26.6956,3.33368,42,0.321733,0.988841,1.24497,3271.46,208.331,507.534,302.725,16.056,126.455,44.0969,32.1222,51.8307,15.2749,2,0.294464,2.05842,15.3915,,,,,,,,,,,,,,
decoupled_wbc_h066_p000,1559,complete,90,18,17.5841,2.9761,0.143542,0.235777,345.131,60.4724,64.4957,25.7836,2.73163,52.1725,46.0057,13.5756,26.3611,4.43527,41,0.296483,0.858229,1.27178,442.614,102.312,149.741,53.4805,2.18315,73.1484,58.7494,20.549,34.9297,7.12703,44,0.352076,1.15024,1.44176,319.132,60.0388,70.1225,37.4457,5.01922,52.1921,44.2718,13.987,30.723,5.13467,46,0.283077,0.900463,0.958998,345.977,79.4244,97.5378,40.4485,2.32294,62.4949,54.9978,17.1026,33.8145,4.26527,49,0.307338,1.00143,1.1721,354.13,89.3076,91.0395,33.6032,2.00264,59.0119,55.4177,15.386,27.4968,4.89275,57,0.251621,0.800726,0.918509,527.836,114.903,105.629,51.737,2.81674,74.4538,63.7299,19.0018,36.4245,4.10403,44,0.300165,0.96292,1.6607,384.35,81.4664,116.613,68.1492,1.47329,65.2842,51.2953,18.494,35.6802,3.49673,48,0.251477,0.935923,0.941932,569.55,129.983,137.204,82.7917,2.60015,78.4086,66.9732,21.4652,40.2946,5.0517,49,0.277936,0.878099,1.38662,437.388,109.436,116.498,41.6595,1.79361,65.6969,61.4061,17.5879,32.2708,3.42975,48,0.242088,0.903643,1.23713,527.974,101.102,72.474,37.4789,1.52503,61.8886,57.2319,15.0277,26.589,3.07996,39,0.240742,0.826529,1.5499,341.75,82.1939,87.2736,42.265,2.44197,56.5786,46.4581,16.576,29.6521,3.62782,55,0.231932,0.855901,0.754705,305.083,95.9875,92.2958,37.7335,2.4351,55.5125,52.6184,16.154,25.6195,4.12608,55,0.179226,0.738843,0.844322,1199.09,184.18,182.536,54.9011,2.48923,101.487,74.0587,27.606,42.3184,8.07623,38,0.33267,1.13081,2.78919,475.271,108.533,120.514,49.9515,1.83138,70.8154,58.6749,19.5942,28.1671,5.00204,52,0.264089,0.937098,1.15654,455.103,101.881,102.917,45.2949,2.30456,69.1376,57.4408,18.626,30.1514,5.66054,45,0.257812,0.972592,1.33613,849.114,153.066,96.429,49.1227,1.32987,90.0029,73.5579,21.4017,32.0105,4.42378,36,0.287203,1.19826,2.7456,446.496,104.49,103.797,38.8019,1.54172,68.0906,57.0484,19.037,28.3309,3.63503,43,0.289974,1.04015,1.43109,430.074,93.7383,158.955,130.419,5.38416,67.6458,58.9109,20.1783,43.407,8.87926,48,0.250479,0.880117,1.0667
decoupled_wbc_h066_p000,1560,complete,90,18,18.1532,3.31848,0.247824,0.173095,396.101,78.667,87.9789,20.351,2.40896,63.3667,51.7138,17.6236,27.5436,3.80346,47,0.287973,0.92059,0.918486,443.373,102.081,79.4102,23.1877,1.9432,67.3602,59.2402,15.2111,27.4457,4.00004,43,0.359456,1.13462,1.93229,397.081,95.8019,97.7152,23.9892,1.43542,64.3104,56.9378,17.6709,27.3134,4.3019,51,0.236359,0.915191,1.23264,481.572,85.8898,82.5483,28.7839,1.54435,64.8569,56.1293,16.3792,23.2597,4.69748,40,0.312704,1.01159,1.62246,342.696,75.1451,93.2732,27.3606,1.24861,62.8177,49.719,16.8322,20.9982,4.37657,48,0.270234,0.883201,0.955874,346.888,90.32,83.1422,35.2416,1.21573,57.2113,52.3336,15.8086,21.6165,4.23208,42,0.25885,0.909985,1.1592,644.527,215.679,132.92,59.6184,1.26093,84.0925,72.0141,21.6677,31.3041,5.28566,40,0.344603,1.02892,1.73169,379.095,90.3299,99.8026,46.3429,1.95803,62.3036,55.0611,17.2628,30.8526,5.66749,41,0.258195,0.952585,1.46494,378.42,81.2302,91.5905,44.1466,1.41294,54.9561,47.7681,15.5807,23.2826,4.5458,46,0.244685,0.827771,0.752428,581.124,102.883,186.694,197.225,24.6523,86.3011,60.3895,27.698,58.0614,17.8915,39,0.299641,1.19304,1.83161,675.405,160.466,110.343,89.8499,1.72696,92.2991,71.4749,22.2901,34.6049,6.71652,41,0.318131,1.13809,1.85697,526.662,111.604,146.147,144.23,20.5572,81.9311,66.1926,23.0474,58.3238,18.9909,44,0.315212,0.975736,1.82715,534.489,124.876,144.914,70.0012,3.80843,72.8114,62.3488,21.1772,36.155,6.88288,47,0.33775,1.07324,1.59859,468.307,106.705,112.973,46.9265,2.85556,70.0853,60.9597,19.8655,31.3693,6.61551,40,0.365815,1.15435,2.12044,647.574,126.264,140.931,24.9278,1.82368,85.0809,64.5012,22.12,24.3299,6.60184,43,0.256959,1.20347,1.93452,577.666,145.475,224.901,182.476,14.7293,85.2785,68.9438,29.9845,54.8683,16.1564,54,0.242607,0.930238,1.51782,712.954,150.651,134.003,52.9237,2.6137,82.553,65.563,18.7952,28.5638,5.54034,32,0.346208,1.19742,2.42279,580.08,175.241,143.168,174.227,5.25755,77.173,63.1779,23.3686,42.8552,8.47263,26,0.453881,1.07614,2.91503
decoupled_wbc_h066_p000,1561,complete,90,18,21.043,2.93396,0.175987,0.225243,440.563,95.3605,79.9391,22.9481,1.68124,65.0938,56.4638,16.4759,25.8375,3.27374,42,0.366363,0.952191,1.1868,354.33,92.8169,90.3482,27.1444,1.63312,63.6927,55.215,17.7484,24.8029,2.78619,47,0.285079,0.959549,1.24344,517.292,136.649,112.792,39.7542,1.47714,79.9773,73.9883,20.5124,30.8927,3.51765,60,0.243211,0.783555,1.06641,518.174,111.366,78.8359,43.6428,2.0354,78.7425,65.0183,17.5586,26.4035,6.71675,58,0.320408,0.878244,0.983837,370.277,75.8047,57.7994,27.4209,2.26116,53.8286,48.8322,12.7425,20.908,5.5084,33,0.401038,1.06062,1.88077,411.845,94.684,104.046,50.169,2.41203,61.841,48.9446,17.3962,33.4972,6.88071,33,0.383037,1.17488,1.55691,510.209,93.9019,75.0848,26.8035,1.65257,67.3807,56.0016,15.9953,23.9386,6.25084,44,0.289598,0.961747,1.61831,621.588,125.966,123.423,28.7535,2.0139,85.7646,66.3636,25.327,34.3962,8.20981,42,0.379057,1.11796,1.49518,1144.63,345.596,217.632,58.5971,1.99932,114.059,102.645,30.0492,47.7696,9.36403,35,0.41224,1.30475,3.52429,358.774,82.8804,88.5681,39.5932,2.84859,62.3398,48.9656,16.1348,26.328,4.2342,52,0.260468,0.869449,0.7453,529.14,95.3567,82.6149,46.3387,3.52666,71.0463,63.9727,16.702,26.8301,3.23404,42,0.436796,1.02909,1.57429,359.977,109.723,107.165,47.4783,1.63038,58.4359,59.1119,17.7961,28.116,4.4681,55,0.221168,0.798207,0.848989,455.587,118.046,108.419,44.3387,1.64558,67.6741,61.3536,18.7213,25.6682,3.96312,51,0.277293,0.935591,1.04537,530.051,123.845,155.491,154.407,5.36169,71.7644,66.4951,23.9337,35.2221,7.77927,36,0.270196,0.904989,1.5355,496.422,106.273,95.0364,34.306,2.29515,65.5812,64.8379,15.9682,23.6474,5.25937,42,0.277808,0.856713,1.6671,497.665,119.72,106.254,37.9482,3.04412,67.2769,59.3954,18.1981,24.0428,4.54463,44,0.250344,0.971174,1.49484,938.158,175.41,130.736,40.6511,1.91486,91.9933,74.0318,22.0128,24.7838,4.61447,46,0.298222,1.19326,2.25095,494.989,102.474,116.619,114.396,5.32447,77.6175,62.1356,21.9474,37.665,11.2712,49,0.304862,0.861489,1.14164
decoupled_wbc_h066_p000,1562,complete,90,18,23.227,3.30606,0.230316,0.10358,289.376,47.347,61.1748,55.3314,2.42626,50.0555,38.5936,13.7316,26.1416,4.00078,39,0.296569,1.05451,1.07711,307.757,62.5219,94.2421,76.3341,2.24049,51.3072,45.9957,15.3232,32.0162,4.73688,54,0.260933,0.868463,1.00916,525.871,96.1999,111.961,29.544,2.114,76.3812,61.7236,21.6355,31.221,5.48433,42,0.450848,1.23594,1.76726,409.718,106.24,96.0123,66.6036,2.3752,60.393,59.5301,15.8445,23.6766,4.61093,50,0.251002,0.795869,1.10321,392.384,102.273,88.8457,42.4983,2.01374,61.7098,60.5107,17.097,22.6665,4.49608,60,0.233735,0.740154,0.829525,497.913,119.128,115.906,36.2236,1.24129,77.7777,63.7676,20.582,27.2477,4.53114,48,0.291549,1.04686,1.26149,564.772,116.563,135.707,143.578,4.24766,82.0342,68.7332,21.3724,38.5339,7.07486,47,0.260857,0.96171,1.44865,430.123,105.768,90.9998,76.5503,1.71633,62.418,53.7338,16.618,32.5952,4.22459,43,0.252352,0.944347,1.28698,902.462,181.005,149.337,47.2767,2.10783,101.124,82.0075,24.0663,44.3951,5.75914,48,0.315743,1.20175,2.11744,401.794,67.3889,79.1532,30.4254,2.44963,60.7737,47.8177,15.688,31.1376,4.48026,40,0.346574,1.04969,1.58467,502.965,100.177,85.3052,93.0088,4.01386,67.8107,54.1934,17.5672,40.841,6.99611,42,0.321697,0.96976,1.57203,562.861,125.962,78.415,24.8406,1.7983,67.7594,61.6443,17.8403,27.5343,5.14101,39,0.358571,1.05474,1.95843,413.257,92.9821,123.266,39.0209,1.31981,62.9989,53.091,18.4573,32.5623,4.56546,45,0.313195,0.989308,1.25492,1428.23,190.801,228.992,69.6164,2.01637,129.666,87.6779,35.6471,55.2558,8.52911,49,0.315129,1.0253,2.94176,364.755,106.397,100.46,29.3815,1.24177,67.2306,59.8733,18.4572,29.1637,3.84927,56,0.224706,0.883625,0.991697,624.393,143.209,138.003,192.861,33.8331,93.2784,73.5191,25.7442,48.8444,21.3099,62,0.332241,0.82348,1.27441,406.696,92.3428,83.9025,27.9315,1.95138,61.3911,59.0832,17.7595,23.5597,6.09292,45,0.327727,0.952117,1.48163,409.499,72.8253,69.4575,27.2595,2.2167,64.6355,50.0906,18.6714,22.3301,6.33041,49,0.335912,0.923203,1.16986
decoupled_wbc_h066_p000,1563,fell,55.84,12,21.5612,14.9076,0.386212,0.577376,346.103,72.5877,86.2329,43.2654,1.84418,59.0411,48.836,16.4581,27.8427,4.17488,44,0.253082,0.910489,1.04064,357.16,70.3255,104.639,34.5025,1.08361,57.2779,48.8056,16.9893,28.9926,4.69394,46,0.23547,0.903897,0.992806,383.512,73.8272,99.7678,32.7674,1.25886,61.4811,48.1324,17.8782,31.5633,6.02375,47,0.265173,0.934945,0.910483,456.439,99.3315,95.2737,31.1463,2.39692,69.5573,59.0471,17.9379,31.3322,6.49539,43,0.301936,0.934505,1.62829,371.293,71.2739,93.2952,27.1285,1.8515,59.667,47.7833,16.2348,25.5872,5.4922,45,0.267966,0.942338,1.10052,512.366,113.017,136.449,147.551,8.57973,78.3512,61.8982,22.4906,30.1257,9.60406,48,0.281841,0.984073,1.30149,412.118,111.391,99.1722,40.8515,2.94367,66.9946,60.3652,18.1238,27.216,6.23979,51,0.283786,0.854338,1.08944,817.471,246.006,147.743,41.5584,1.33064,93.0868,86.917,22.287,29.7276,4.34476,37,0.428871,1.35816,2.76086,318.067,64.4656,85.2956,42.1117,1.18743,51.8493,43.3773,14.6507,21.1902,2.94633,50,0.226876,0.773877,0.697958,683.062,150.317,119.421,80.3721,2.1861,86.0419,69.6931,22.198,31.5715,4.68493,43,0.413695,1.19088,1.77401,264.148,56.0946,63.5992,27.681,2.5622,47.8029,40.2626,14.4298,19.7676,3.60977,45,0.20358,0.741214,0.710517,1184.16,236.269,273.955,281.97,29.9793,76.5211,38.9828,30.0307,63.063,28.9699,0,,,,,,,,,,,,,,,,,,,,,,,,,,,,,,,,,,,,,,,,,,,,,,,,,,,,,,,,,,,,,,,,,,,,,,,,,,,,,,,,,,,,,,,
decoupled_wbc_h066_p000,1564,fell,41.8,9,32.7229,7.66142,0.920788,0.306404,393.212,89.3145,108.303,25.9307,2.81266,71.1624,51.8893,18.9205,28.6799,3.95393,46,0.30464,0.921753,1.07718,391.977,69.1106,80.6082,21.7244,1.07579,58.8191,48.9837,16.5587,25.1195,2.80021,42,0.303977,0.908386,1.20551,533.88,101.848,108.092,37.7202,1.78018,79.2942,56.4574,20.0458,31.4149,3.56007,53,0.290515,0.958888,0.89762,399.384,78.4899,64.0397,38.1666,1.73425,58.2803,54.7688,13.6102,27.6594,3.76298,35,0.418071,1.14297,2.23764,369.636,107.042,89.859,64.6465,2.83964,60.6686,61.4888,16.4055,30.948,3.62691,50,0.275771,0.900765,1.1149,421.862,85.64,79.8471,21.4729,1.55678,65.6149,58.3196,17.658,23.9196,3.55111,50,0.246025,0.955752,1.45236,369.134,69.6502,94.2362,30.7961,1.73695,65.5825,47.9388,17.8513,23.9422,4.42321,48,0.32227,1.0488,1.12693,475.959,103.998,126.169,37.6068,2.50217,70.7311,57.3803,21.2582,31.1751,5.3179,50,0.263159,0.964607,1.04521,6184.89,810.336,718.079,93.4075,4.72087,289.566,120.737,70.4476,74.8311,16.9566,2,0.160664,4.35958,135.045,,,,,,,,,,,,,,,,,,,,,,,,,,,,,,,,,,,,,,,,,,,,,,,,,,,,,,,,,,,,,,,,,,,,,,,,,,,,,,,,,,,,,,,,,,,,,,,,,,,,,,,,,,,,,,,,,,,,,,,,,,,,,,
decoupled_wbc_h066_p000,1565,fell,75.92,16,50.8258,3.13936,1.24912,1.64671,409.625,78.194,116.869,64.0677,2.22467,64.5471,56.0911,18.3051,29.7073,4.38682,44,0.302944,1.00282,1.37603,352.331,74.723,70.9757,24.411,2.10185,57.9182,50.3221,14.7606,25.2279,3.34956,43,0.316006,0.865121,1.16865,353.975,97.2953,98.1749,32.8088,1.05237,62.3139,57.9379,17.3359,31.8013,4.34194,47,0.223555,0.908436,1.04092,442.293,98.4644,95.1309,34.3966,1.94493,62.8388,54.6199,17.1649,33.1269,3.69791,48,0.256723,0.852983,1.23016,325.308,79.5598,63.1324,54.5821,2.05323,52.4067,52.6077,13.5931,29.9193,3.28889,55,0.220184,0.750435,0.768734,458.627,89.704,80.5531,44.4781,2.01214,69.3638,54.0625,18.1275,38.5026,4.59277,46,0.336166,1.00261,1.09417,573.722,104.676,96.6993,139.186,5.25637,75.996,69.9125,17.8645,41.8336,6.72954,50,0.351947,1.04941,1.6913,284.364,59.1092,53.7273,32.1538,1.45536,39.733,36.9743,10.9877,24.8056,3.05392,46,0.163508,0.651626,0.698502,392.758,73.2554,54.9284,32.1075,1.80158,55.7683,52.2767,13.253,29.8264,3.10541,45,0.291245,0.881267,1.16739,546.236,92.0084,123.94,186.981,13.3465,65.9946,52.0128,18.9408,60.6519,9.70991,40,0.270066,0.821986,1.26355,987.634,172.04,132.893,60.8098,2.30342,112.643,77.6017,28.145,54.1744,7.4316,44,0.300849,1.44882,2.63346,907.094,163.741,111.446,59.2446,1.63806,102.67,76.6292,25.9302,52.4809,6.1064,39,0.322294,1.62774,2.91591,609.428,129.495,130.927,130.779,4.27219,86.3007,69.9113,20.4906,48.3801,7.56175,52,0.32468,0.97416,1.47391,677.318,152.387,127.86,39.5479,1.84093,85.8909,73.7069,23.8179,43.3235,5.67518,34,0.398469,1.56408,3.14196,936.11,171.428,125.008,89.279,2.6228,95.4152,74.7735,21.5049,49.1871,6.04762,34,0.434742,1.33276,2.94313,1386.31,416.801,310.703,95.7374,1.68655,76.5648,57.0358,22.9867,38.1174,5.52626,3,0.417221,3.28815,37.3598,,,,,,,,,,,,,,,,,,,,,,,,,,,,
decoupled_wbc_h066_p000,1566,fell,46.52,10,26.3641,6.62299,1.74512,0.691539,431.078,79.9489,73.6145,24.0644,2.04049,67.856,54.4853,17.728,28.6548,4.52641,53,0.312709,0.885345,0.941926,378.007,95.6373,93.5231,40.7,1.95755,60.5996,57.0261,16.3913,29.132,5.85171,51,0.209269,0.76661,1.01361,354.529,67.9747,86.8383,67.4983,2.75777,56.0313,41.4735,17.0845,29.4641,5.67753,42,0.293989,0.907196,0.810436,369.63,96.2987,113.558,40.7502,1.65388,62.9855,51.8318,17.4034,28.3462,4.17114,41,0.278228,1.06549,1.2443,367.828,122.551,103.862,35.2457,2.07572,61.2982,64.3951,16.6381,23.6201,3.06066,53,0.20966,0.764022,1.12305,441.033,99.9601,79.5174,34.5185,1.8826,63.9095,63.7732,15.9106,22.5054,3.68895,42,0.312271,0.731419,1.2673,468.354,110.234,119.801,30.4717,1.90132,71.0159,59.2306,19.9958,23.1321,5.10742,46,0.26536,1.00757,1.35702,709.47,152.971,120.85,83.6315,3.44021,97.225,76.7145,21.8368,31.9251,6.77425,44,0.353727,1.06298,1.94155,404.883,79.8942,104.96,30.2577,1.75784,62.9129,50.0609,18.0713,22.0216,4.63009,42,0.314851,1.03227,1.10182,3490,687.722,642.907,121.926,6.23263,176.656,90.9358,53.9527,49.9425,15.4304,1,0.493095,0.892954,2.44485,,,,,,,,,,,,,,,,,,,,,,,,,,,,,,,,,,,,,,,,,,,,,,,,,,,,,,,,,,,,,,,,,,,,,,,,,,,,,,,,,,,,,,,,,,,,,,,,,,,,,,,,,,,,,,,,
decoupled_wbc_h066_p000,1567,fell,60.62,13,27.6527,16.2426,2.06768,0.934075,406.911,83.403,96.098,24.6165,2.23882,68.005,53.8571,17.6367,29.7156,4.15834,43,0.278047,1.01098,1.30607,386.076,73.1437,75.9872,24.7582,1.89613,61.1454,52.2736,15.1213,27.6324,4.26824,39,0.362657,1.03062,1.31654,378.363,85.1551,73.2798,27.9487,1.8127,61.1361,53.0017,16.143,32.653,4.82587,45,0.307854,0.962428,1.20517,389.431,71.8438,86.6227,32.4246,1.83935,60.5389,51.4865,16.2957,31.3051,3.8863,44,0.297286,0.946666,1.22657,437.76,115.501,94.7017,41.397,1.75234,70.9644,61.2638,16.9316,33.3838,3.43303,47,0.293358,0.897087,1.14788,412.824,102.559,108.199,60.2656,1.86797,59.5874,54.8379,15.1321,30.6747,3.99285,38,0.290581,0.932949,1.6637,547.21,136.19,113.43,56.177,1.42207,76.4964,71.6661,19.4662,41.0154,5.06546,46,0.26991,0.864661,1.4245,416.237,98.33,85.1251,46.7466,1.54009,69.0104,55.7965,17.4018,32.8989,3.98431,49,0.247601,0.834211,1.14992,799.262,146.582,177.174,215.312,3.32892,90.7796,63.8773,25.3935,54.6288,7.5651,48,0.267937,1.01764,1.34931,478.383,112.826,121.959,41.3972,2.19985,75.4557,64.7749,20.767,37.624,3.92137,48,0.305992,1.02792,1.25701,394.615,73.7657,92.1874,77.608,1.67334,59.8612,47.6778,16.726,35.365,3.88199,46,0.322105,1.00196,1.19078,550.666,107.965,143.997,209.263,7.43405,77.9093,62.6748,23.2057,51.8863,12.4525,43,0.384371,1.17183,2.15402,2691.86,121.744,287.434,64.5237,1.7884,106.135,31.644,25.0496,26.8838,3.89002,1,0.611832,3.99935,48.227,,,,,,,,,,,,,,,,,,,,,,,,,,,,,,,,,,,,,,,,,,,,,,,,,,,,,,,,,,,,,,,,,,,,,,
decoupled_wbc_h066_p000,1568,complete,90,18,20.2911,2.43231,0.0589026,0.0849999,350.844,57.62,76.3729,14.0254,2.08392,62.8357,44.4666,17.0752,23.5248,3.51917,40,0.316434,1.09089,1.31999,338.313,62.2908,68.4301,23.901,3.00134,53.427,49.1407,14.1874,17.4008,3.7656,45,0.293638,0.810032,0.951243,444.525,78.1574,95.0722,27.8324,2.10789,65.6799,55.238,18.9814,21.8145,5.2661,47,0.295612,0.875478,1.21273,462.357,103.135,92.828,34.2035,2.07726,74.7251,62.6257,20.3224,24.2535,5.18567,49,0.305319,0.920974,1.27474,392.888,92.3523,110.252,31.8362,1.46909,64.7988,55.8516,19.1325,23.4005,4.53727,50,0.310003,0.926419,1.21491,423.457,79.6535,125.813,89.9454,3.39596,65.4151,46.8522,19.3861,30.9841,5.45265,46,0.358552,1.01971,1.17752,428.733,95.6068,87.1608,28.5183,1.48402,66.0604,59.0707,16.787,24.7809,4.24878,40,0.387939,1.10252,1.74131,448.375,79.1112,88.6348,106.125,2.76309,69.7657,52.9864,17.825,35.4473,5.62792,47,0.333588,0.974014,1.0537,326.52,67.6786,124.602,28.7333,2.90849,52.6305,42.2972,17.1967,31.5825,5.5061,40,0.262262,0.935247,1.08616,470.319,101.006,107.999,28.6464,2.14576,76.5727,59.9512,20.4554,33.2102,4.89365,51,0.333087,1.00867,1.16791,589.388,119.973,163.796,169.097,17.3425,84.6603,67.9174,24.5775,63.2585,14.0853,52,0.320776,0.809851,1.44998,410.188,86.3197,89.5264,34.0671,1.68577,66.7504,52.5915,18.4804,31.3633,4.40876,52,0.312343,1.00328,1.09035,883.143,156.12,150.61,43.7236,2.47596,97.4511,73.6768,26.548,36.2598,5.84186,34,0.347695,1.37344,2.86519,518.3,102.327,83.9056,33.9474,2.22459,69.724,68.6424,15.7516,24.0986,4.20029,46,0.385578,1.02018,1.83143,386.827,94.8882,79.6898,26.2312,1.99478,63.4904,57.9895,15.6091,27.8731,4.27434,51,0.285908,0.818216,1.08142,479.898,106.681,124.954,207.809,6.95474,67.1877,60.4704,18.3773,50.2081,8.79249,44,0.278432,0.953132,1.60595,465.144,111.829,122.725,147.108,2.76143,71.9519,62.2078,19.3418,40.9858,5.04784,45,0.273835,0.961466,1.44638,353.644,97.2712,93.812,35.6855,1.82817,59.277,53.3205,16.9502,26.7082,3.05029,52,0.25538,0.857355,0.918079
decoupled_wbc_h066_p000,1569,complete,90,18,17.1455,3.66331,0.138207,0.117222,386.766,77.7847,100.376,27.1124,2.37447,62.2053,48.0112,16.8091,28.3373,4.06611,47,0.287899,0.941006,0.917327,412.617,85.5487,90.0952,81.4937,3.13743,60.8427,51.6293,16.47,36.7821,4.73477,42,0.309507,1.04342,1.58851,408.1,69.0061,92.1112,28.6877,1.99436,64.8346,50.1037,17.6844,32.06,4.96586,40,0.340141,1.12903,1.18445,448.528,98.316,103.964,124.354,5.33795,63.1878,57.9162,16.8075,33.8091,6.77102,39,0.374766,1.08508,2.06324,413.001,86.2372,102.573,27.7404,1.74145,60.4252,50.422,17.7791,32.0598,4.74049,37,0.3355,1.11819,1.61817,376.555,77.8768,108.066,33.1132,2.08713,63.9335,50.6382,18.0428,29.5632,4.66487,43,0.309637,1.14254,1.28227,460.971,84.9167,81.4658,23.5003,1.46303,61.4316,54.3442,15.3959,25.8333,3.96302,35,0.368621,1.06877,2.12118,367.004,81.1195,109.103,26.5411,2.1395,55.3523,45.2649,16.7945,30.4911,4.0394,45,0.296988,0.906489,1.08761,363.837,69.5558,80.3091,89.2995,3.59315,54.9242,47.3546,15.2923,30.9303,5.0227,43,0.275854,0.86578,1.19313,342.461,78.1583,87.7739,29.8346,2.56269,57.2464,49.8508,15.17,30.8844,4.87535,49,0.267887,0.946002,0.979238,401.513,75.9835,83.0172,98.8876,3.41386,64.3603,51.9625,16.4668,34.3546,6.5602,50,0.308216,0.894679,1.06674,399.825,82.5311,75.4116,34.3787,1.95017,63.7507,54.6075,16.1244,31.0075,4.2523,48,0.28004,0.893929,1.0095,424.457,92.7716,74.1858,33.2096,2.12703,57.8477,55.3105,13.751,30.348,4.19781,43,0.30925,0.944041,1.67968,630.801,117.724,100.472,44.1524,1.99715,79.8584,62.8011,18.3817,39.4702,5.1959,32,0.434017,1.2853,2.96782,474.602,108.715,105.685,26.1628,1.26516,68.6978,58.7354,18.311,25.956,3.94511,40,0.311608,0.97387,1.64263,491.138,97.5178,106.378,34.4309,1.96598,71.0907,55.3909,19.8154,26.1788,3.29623,38,0.336723,1.09639,1.64106,579.965,106.972,94.6311,26.7955,1.10456,76.6372,70.6369,18.4804,21.5496,3.70459,48,0.313185,0.953159,1.76277,417.543,104.484,115.486,38.9292,1.65333,64.2459,54.1412,20.4043,27.1152,3.74204,43,0.326332,0.965028,1.05842
decoupled_wbc_h066_p000,1570,fell,10.64,3,21.0707,3.38777,0.657015,1.61809,349.376,66.9388,71.3514,35.4254,2.50641,56.6064,45.6685,14.147,24.5874,4.64456,40,0.362175,1.0249,1.50529,440.374,74.9419,103.516,48.0163,2.44148,65.8689,47.6795,19.2086,32.3499,5.50798,49,0.27944,0.952623,0.985779,1154.44,142.931,151.873,30.4771,1.64543,44.9336,25.2168,15.6202,24.3667,4.37798,4,0.270629,1.50839,12.3697,,,,,,,,,,,,,,,,,,,,,,,,,,,,,,,,,,,,,,,,,,,,,,,,,,,,,,,,,,,,,,,,,,,,,,,,,,,,,,,,,,,,,,,,,,,,,,,,,,,,,,,,,,,,,,,,,,,,,,,,,,,,,,,,,,,,,,,,,,,,,,,,,,,,,,,,,,,,,,,,,,,,,,,,,,,,,,,,,,,,,,,,,,,,,,,,,,,,,,,,,,,,,,,,,,
decoupled_wbc_h066_p000,1571,complete,90,18,17.3414,3.05223,0.130527,0.141288,411.372,88.0486,87.5005,21.5501,1.77639,70.3132,55.2316,17.3121,27.7358,3.8177,43,0.329269,1.07912,1.45376,533.583,97.4848,98.1871,31.3473,2.04766,77.3023,60.7212,19.7139,34.1967,4.02788,47,0.359063,1.03325,1.37222,364.958,101.005,91.8482,30.224,2.70369,60.4857,56.208,16.1091,27.6922,3.78908,50,0.282191,0.874249,1.10338,383.853,77.5193,93.6909,29.3645,2.27739,64.9394,50.7805,17.5814,27.8038,3.12474,44,0.330319,0.993129,1.09238,371.577,104.779,108.982,37.1534,2.70809,61.4421,60.5137,17.3908,28.9702,3.93168,50,0.233592,0.879702,0.983783,424.176,91.9888,91.0729,35.9779,1.73933,69.4591,57.679,18.9696,28.1042,4.45334,57,0.280376,0.877038,1.15233,347.931,87.8779,83.8473,37.8379,1.41789,58.3141,51.2163,16.2925,21.5223,3.42195,51,0.259127,0.81094,0.832096,439.945,100.317,104.158,34.1835,2.47122,67.1719,60.2451,16.677,22.6351,4.15047,45,0.252127,0.931122,1.57004,577.068,150.879,108.445,61.8609,2.07379,72.4578,69.6118,19.688,30.7831,5.88001,45,0.267798,1.04164,1.95532,599.799,175.402,139.935,151.511,13.4206,80.2099,68.2223,23.9275,41.9477,11.0063,43,0.26619,0.976413,1.44375,1104.15,250.831,150.286,51.7464,1.79194,106.326,88.4021,24.8809,30.1331,5.28768,34,0.385307,1.32705,3.27,650.946,280.447,172.432,115.962,3.40373,84.5378,80.0536,24.4046,42.4938,7.34119,42,0.347014,0.90163,1.75612,289.759,74.6149,63.7543,43.9117,1.7568,48.3954,48.7743,13.1583,25.9647,4.29772,54,0.191822,0.702563,0.629946,401.639,108.337,83.5226,49.7304,1.88335,64.3294,57.8029,16.3504,32.7301,4.41476,47,0.213303,0.803299,1.00205,397.996,101.655,98.5601,91.93,2.10954,61.8674,55.5021,16.382,28.8034,5.03428,47,0.258214,0.892559,0.832782,524.094,125.527,95.8036,43.9834,2.16645,76.5375,71.5217,19.973,27.2108,5.21058,50,0.283426,0.839908,1.36698,512.873,117.86,118.623,42.5356,1.49064,73.8915,65.2766,19.3021,26.8329,3.79787,47,0.319694,1.00104,1.28535,527.713,122.775,99.8129,25.1556,1.69383,72.1271,62.5739,19.2113,21.5808,3.14605,40,0.452371,1.06374,2.14193
decoupled_wbc_h066_p000,1572,fell,81.1,17,21.9956,6.34894,1.12023,1.74447,363.737,77.9715,69.2699,19.8705,2.65771,57.2242,52.1077,14.7191,24.2614,3.88127,45,0.289792,0.919811,1.33855,392.922,64.2097,56.8205,29.2436,2.5256,56.1144,44.2647,13.5674,26.1675,3.41735,37,0.325283,1.07147,1.66561,546.259,103.909,90.9681,70.8194,3.09699,71.4152,58.9814,16.2049,35.5795,5.3122,40,0.383844,1.0729,2.04083,474.518,92.6952,99.6911,49.6089,2.52135,61.81,52.1567,15.4251,29.0913,5.12246,39,0.349748,1.16325,1.62819,377.812,81.8954,87.9868,80.0445,2.09962,60.9937,50.3482,15.9248,31.3009,6.06235,48,0.294783,0.843275,0.806423,387.128,74.1436,97.3378,63.2377,8.48412,61.8971,50.9515,17.1356,32.0736,7.42139,46,0.281086,1.00054,1.27039,465.116,102.198,116.253,28.4895,1.74275,66.4162,49.6989,18.2781,29.1331,5.22942,50,0.301461,0.986569,1.16,418.239,82.8091,120.927,130.384,4.43358,63.6247,51.7626,18.5618,35.36,7.10055,42,0.267817,0.873381,0.985384,466.999,127.007,119.073,61.7151,2.17063,66.0772,60.9851,18.1495,34.9218,6.58692,48,0.308475,0.977637,1.1941,465.045,88.5385,158.095,128.021,2.42769,74.2138,56.8864,22.3037,39.2158,8.14054,47,0.34316,1.13114,1.54574,611.696,135.393,97.5451,63.7682,2.21491,76.6148,70.4214,18.3629,33.7206,5.74414,41,0.376661,1.21219,2.43366,411.78,65.7646,78.6372,18.799,2.0845,66.0449,44.9166,18.1678,27.2566,5.1032,42,0.327603,1.13539,1.12109,383.986,81.568,91.4707,25.3606,1.9041,61.4348,53.7226,17.728,27.8239,4.73137,47,0.302032,0.965794,1.16919,510.707,95.5702,123.06,24.7869,1.93786,75.5973,59.3218,21.7527,34.1514,4.67655,48,0.334086,1.18242,1.73421,475.452,109.452,96.564,57.4334,1.97852,68.3491,56.5836,17.9775,33.1887,4.93822,51,0.353952,0.867133,0.985827,352.343,72.6274,66.6276,19.2535,1.68929,57.3774,50.1891,14.8295,24.218,3.81574,39,0.341654,1.02086,1.71297,2885.9,251.77,308.451,75.6704,1.28664,128.863,55.9621,31.8575,34.9472,3.6492,3,0.236796,4.36558,52.109,,,,,,,,,,,,,,
decoupled_wbc_h066_p000,1573,complete,90,18,16.4781,2.98523,0.201984,0.220884,398.681,86.3692,94.8253,31.7073,2.52194,64.0495,53.8371,17.2908,28.6677,5.11021,51,0.229995,0.780814,1.01283,371.607,75.9833,61.9031,17.7498,2.23258,57.9322,54.5293,13.4954,21.1914,4.73792,46,0.336191,0.945736,1.57574,334.319,71.957,88.0393,26.2274,1.62581,57.1373,47.5757,16.2478,25.1875,4.58762,40,0.3053,0.974352,1.16617,351.265,75.3411,86.5961,25.994,2.0457,56.9954,52.7566,15.0879,24.0174,3.78198,48,0.25503,0.797556,1.14811,333.922,87.5815,86.146,32.111,2.10021,54.8275,57.7177,14.9461,25.3471,3.51245,52,0.267887,0.827347,1.05049,408.93,119.901,107.52,39.4802,1.58795,62.8221,62.7451,16.8447,28.5721,2.99198,40,0.210829,0.8204,1.33802,407.236,96.9781,90.3721,42.0329,1.73631,67.7662,58.7831,17.3988,34.6633,3.98288,54,0.278802,0.851916,0.989438,513.389,117.131,74.8438,40.2634,1.80899,74.0474,64.8938,16.5111,32.2926,3.64223,46,0.303651,0.787446,1.46936,528.003,154.294,124.584,57.0243,1.87031,75.8961,67.1148,20.304,36.822,4.05122,49,0.269877,0.905899,1.11862,314.76,53.7052,67.949,36.1316,1.5189,52.3981,40.038,14.0229,27.236,3.19703,44,0.266803,0.909408,0.801714,725.224,133.032,127.012,58.7608,2.44644,87.9472,71.7075,21.9841,43.2306,5.69511,43,0.371125,1.35542,2.31424,645.673,129.726,78.8958,43.4245,1.80305,79.0972,63.9004,18.3996,34.8227,4.84898,53,0.30302,0.827415,1.15416,628.204,96.7834,77.5276,42.9324,1.7262,82.7431,63.0146,18.7474,35.9718,5.12183,50,0.338552,0.919756,1.53899,496.875,141.737,109.622,42.7312,1.62119,72.9746,65.7662,19.585,30.5624,5.21105,47,0.341735,0.978313,1.21368,427.296,108.908,90.887,39.3239,1.71146,64.1743,63.9275,16.2358,27.7437,4.50049,54,0.226955,0.806338,1.22609,695.752,280.982,148.531,62.0949,1.87075,87.5297,82.1594,21.1598,37.6221,6.44273,41,0.340638,0.998494,2.0082,395.346,113.401,96.4133,41.6151,1.62929,62.222,58.4296,16.9884,30.8098,5.47166,38,0.278414,0.913389,1.31194,534.923,124.04,115.357,156.169,3.23957,70.3045,57.6902,19.5457,44.5023,7.8334,33,0.313379,1.08158,1.96665
decoupled_wbc_h066_p000,1574,fell,61.6,13,40.0655,12.2315,2.87292,3.49559,377.289,74.4808,88.0498,26.5439,1.84443,55.5775,50.2264,15.5634,26.2627,3.88536,40,0.296969,0.921453,1.40717,453.218,84.7129,108.377,27.5251,2.89326,68.7483,53.0321,19.5734,30.6301,4.92128,46,0.31251,0.985834,1.05272,545.937,105.732,91.9947,44.9131,2.46557,78.4148,64.2891,20.6898,29.9552,6.22385,54,0.334686,0.941029,1.25597,371.799,67.8586,87.6677,25.9683,2.16386,57.1442,49.7983,16.8584,23.426,4.17601,47,0.274438,0.849962,0.984261,532.685,126.14,156.609,34.5069,1.77419,81.6272,70.43,24.4999,31.2373,4.95042,50,0.354635,1.07766,1.744,624.901,133.986,113.687,55.297,2.16811,80.9541,65.6822,21.4535,30.691,5.38565,32,0.437935,1.28004,2.91618,530.935,107.425,107.835,29.5098,1.34941,77.8441,67.0294,21.7202,27.6403,5.19126,48,0.309695,0.927666,1.41574,360.323,89.7759,87.5057,26.7924,3.4997,54.6603,51.2838,15.7193,22.1318,3.96428,45,0.294773,0.816408,1.14778,529.565,116.44,111.174,48.3953,2.17316,72.8693,58.9545,20.672,32.0594,4.68538,46,0.28051,0.949637,1.54314,439.101,94.6147,68.272,31.5776,1.12576,62.2858,56.2971,15.591,22.3419,2.51737,41,0.346218,1.05482,1.67215,434.287,82.3076,106.411,29.8543,1.38245,66.3787,51.0679,18.7641,25.0042,3.57487,39,0.366085,1.07973,1.63023,475.702,83.8334,86.0206,148.851,4.39902,72.4231,55.0448,18.6111,35.4127,6.98374,47,0.312088,0.949591,1.46208,3145.09,331.891,340.361,41.372,2.05025,143.935,73.018,39.0633,39.5174,6.85683,1,0.328873,1.15451,1.18701,,,,,,,,,,,,,,,,,,,,,,,,,,,,,,,,,,,,,,,,,,,,,,,,,,,,,,,,,,,,,,,,,,,,,,
decoupled_wbc_h066_p000,1575,complete,90,18,54.1943,4.10749,0.476303,0.547028,378.198,84.4354,114.75,31.6722,2.6819,62.0722,53.7095,18.4701,33.3526,5.24587,45,0.22249,1.01775,1.10894,258.233,49.5289,62.4084,30.8685,1.72553,49.2285,41.7207,14.4264,27.2341,3.85823,50,0.287213,0.864863,0.689902,401.309,87.1965,89.5991,28.3879,2.12308,60.6998,50.9926,16.104,29.4764,5.0485,43,0.280284,0.991464,1.23044,392.614,87.528,104.598,31.6543,1.68073,67.4099,55.7161,17.661,30.9977,5.56807,48,0.307448,0.878703,1.09015,541.424,130.584,72.6417,30.9337,2.14393,59.493,55.1387,14.6908,27.9192,4.046,41,0.319867,0.830934,1.64348,449.301,93.8031,94.7817,32.3967,2.28619,68.183,56.9626,17.7649,32.7945,4.77728,49,0.258493,0.935023,0.960217,556.24,113.898,119.573,66.6198,2.49484,77.5578,64.6176,19.6275,38.5631,6.65984,45,0.285558,1.09322,1.62476,451.466,94.2965,109.761,34.2928,2.34662,70.254,61.2119,19.1723,32.273,5.56999,50,0.306833,0.968514,1.26217,484.22,186.394,137.424,69.1344,2.2771,76.1735,74.3254,21.8993,33.4062,4.58452,39,0.235074,0.797503,1.74967,346.547,93.6253,94.4639,52.3668,1.61505,57.7025,49.356,16.6832,26.8724,3.79513,48,0.242875,0.845377,0.797567,407.605,105.67,118.976,196.013,33.1768,64.8227,48.1459,17.4046,44.3763,15.9623,41,0.29902,0.955102,0.99144,502.568,103.604,89.7897,89.3896,2.24935,75.7764,58.8394,18.0176,37.1343,4.975,53,0.305036,0.810605,0.98382,574.52,121.818,110.25,58.5776,1.94613,83.0887,65.8812,20.0606,33.7657,3.89897,47,0.331047,0.982912,1.38392,412.582,108.645,100.499,31.8466,1.37877,66.7391,55.5618,19.2634,30.2514,3.00945,46,0.317184,1.02684,1.12361,604.744,113.237,123.158,73.2759,2.64852,82.7401,61.6211,21.4015,42.9055,4.34713,50,0.332519,1.04581,1.14407,1051.01,189.117,166.578,204.646,5.93369,107.192,78.3443,30.3524,62.829,9.6784,27,0.415612,1.78735,4.75661,409.906,88.6176,69.8698,32.3688,2.79864,55.8401,54.8031,13.0845,29.6698,4.82272,43,0.348147,1.06964,1.89652,746.356,126.505,95.9596,52.4633,3.04968,85.0667,56.8196,21.5915,40.8287,6.87062,39,0.358831,1.38903,1.75307
decoupled_wbc_h066_p000,1576,complete,90,18,44.4963,3.70313,0.197086,0.0311121,441.572,91.8659,107.344,22.6559,1.34759,69.0515,57.6375,19.0559,28.2784,3.87331,53,0.318013,0.986087,1.17933,330.89,68.1384,80.1496,29.9901,2.22905,55.4191,48.4554,15.1486,22.8288,2.92293,58,0.25699,0.719124,0.719869,290.726,62.4017,70.017,36.1446,1.58921,50.9674,47.6949,13.7801,24.6147,3.4607,48,0.239615,0.818394,0.855912,416.951,87.7776,81.0445,30.3656,1.43269,59.6604,50.6147,15.3935,22.5148,3.74433,45,0.246061,0.972972,1.25357,454.392,139.572,74.6578,43.0302,1.95643,70.5791,69.7642,16.7526,27.0768,5.05336,47,0.287281,0.778002,1.20616,420.351,96.2793,86.777,39.3861,1.26842,60.2337,51.9747,14.9779,22.6431,4.08853,43,0.225346,0.95485,1.28197,371.156,82.3119,95.8302,34.4054,1.89066,65.4171,53.6649,17.5419,20.8376,3.81434,54,0.286833,0.828973,0.871593,368.22,79.2694,85.4424,29.7505,1.8192,66.2042,54.5904,16.4855,22.1973,4.51157,42,0.297043,0.838834,0.996502,1359.77,445.833,209.682,56.7767,2.64848,126.643,109.67,30.4337,40.4588,8.29495,36,0.417356,1.13303,3.63454,386.432,88.0892,73.0958,26.3171,1.19768,60.8695,59.7988,15.0209,18.6942,3.98293,48,0.288637,0.803404,1.22159,644.028,116.459,147.917,32.5622,2.16388,86.7559,65.4054,22.5167,23.9276,5.10144,39,0.372786,1.17413,1.94641,1034.38,187.68,150.261,210.092,7.68861,100.379,80.9194,28.7363,50.6102,10.477,36,0.350861,1.25543,2.62804,2271.65,681.3,354.212,67.7065,1.98504,173.185,156.325,51.5763,57.733,7.45756,22,0.414671,1.77475,10.2894,574.783,106.198,111.767,147.8,16.9738,83.4725,69.2018,22.0972,48.3353,15.5415,48,0.358466,1.11009,1.82393,499.036,128.613,116.303,83.9674,2.41436,74.7325,68.6897,19.589,26.3747,4.8128,45,0.301733,0.862182,1.35286,300.354,59.2991,83.8882,31.3548,2.09441,50.185,43.9236,15.0761,18.4561,3.52044,41,0.296915,0.845627,0.852619,472.643,92.4824,113.064,27.6979,1.94241,75.2362,54.5607,21.1744,22.9916,5.50409,46,0.27528,0.999382,1.14608,509.488,128.198,93.4596,24.6975,1.68437,68.9516,66.2867,16.8112,22.2902,4.95122,48,0.370002,0.954321,1.93349
decoupled_wbc_h066_p000,1577,complete,90,18,24.0479,3.56441,0.160046,0.132387,410.716,86.5734,75.5811,36.3344,1.6152,67.3489,54.6701,18.4062,26.2755,3.15251,58,0.263737,0.800493,0.937643,365.058,113.956,93.3075,37.5987,1.8815,58.1764,62.2594,15.6013,24.5389,3.64305,39,0.25993,0.952718,1.54345,341.447,87.1548,83.3446,36.2928,1.06444,51.7152,51.4065,15.4154,21.559,3.08579,29,0.260406,0.93796,1.68575,378.86,113.702,104.894,39.3646,1.75206,67.2675,59.2803,18.4206,27.2093,4.91653,47,0.265023,0.86714,1.10349,374.243,92.4251,91.5075,34.5192,1.45361,59.7256,57.1595,16.1058,28.6819,5.60027,48,0.274982,0.84879,1.12783,390.601,84.6921,79.528,32.6153,1.69632,62.2248,54.6802,16.1866,27.2397,4.73951,46,0.249114,0.801104,1.00096,465.351,95.4344,105.47,72.0558,4.0674,63.9603,57.5598,17.7591,34.3651,6.06368,45,0.29194,1.05054,1.55511,422.32,92.1549,129.337,31.1317,1.24924,68.5132,56.8496,20.1231,33.0321,4.1475,47,0.287052,1.04083,1.22666,534.992,92.8961,112.174,29.1671,2.09225,72.6889,58.6818,19.6742,33.0767,4.73032,45,0.318966,1.12437,1.69294,470.514,137.315,111.842,46.2827,2.09139,74.675,60.8624,19.5446,33.6256,4.3814,49,0.271585,0.875519,0.918432,417.556,73.6137,99.5956,168.552,8.67385,68.8356,49.2589,19.3909,46.0099,6.74519,44,0.385411,0.99246,1.19838,441.59,66.988,99.4719,28.7043,2.49284,60.6898,46.3363,17.3587,31.0225,4.16636,44,0.344066,0.961273,1.22341,1060.22,154.364,150.339,75.9451,14.7453,100.179,74.8788,25.2887,50.9717,11.7825,31,0.407653,1.54016,3.21633,499.715,142.144,148.554,29.2769,2.24721,74.8151,67.2694,21.084,37.4429,6.57398,42,0.365543,1.0858,1.70268,712.266,138.222,174.302,122.888,6.34915,99.5174,69.6491,27.3373,59.6981,10.2953,46,0.325626,1.16314,1.97546,464.396,104.248,123.058,37.8537,2.14282,71.4116,61.8244,18.6221,35.9569,5.16487,43,0.313328,1.10918,1.72447,512.002,101.391,89.6074,143.43,4.28326,67.3828,59.8291,17.4004,44.9271,5.72359,44,0.280302,0.810465,1.32245,501.897,111.249,93.9292,85.6165,2.19228,65.8759,55.1831,16.7999,35.9455,4.08643,34,0.366782,1.16049,1.82317
decoupled_wbc_h066_p000,1578,complete,90,18,17.3394,3.19832,0.187248,0.163255,488.857,95.2309,89.8122,21.4729,2.82814,72.3697,58.2704,20.5574,30.7148,4.82948,47,0.362106,1.00529,1.24338,564.437,104.982,101.029,27.0728,2.37017,77.7101,60.5762,19.7444,30.9029,4.73293,48,0.281089,0.949771,1.29636,361.423,82.4868,97.6448,29.4606,2.69938,60.3386,51.8931,17.7324,26.2973,4.32123,48,0.29451,0.860708,0.863849,508.68,82.9293,71.2296,28.6373,1.89797,71.5191,62.4109,16.8555,23.7865,4.74426,47,0.358748,0.929323,1.69855,489.024,121.428,115.419,40.2248,3.29461,71.0756,62.6663,18.3101,29.0774,4.13875,48,0.312048,0.915839,1.34164,362.946,97.3821,90.9417,86.0932,3.55727,56.9824,56.8872,16.193,28.126,5.66062,46,0.256946,0.866941,1.19256,391.893,115.851,109.245,38.9167,1.96836,62.2598,61.0095,17.8479,26.7987,4.66986,49,0.21575,0.821599,0.97886,405.058,107.18,112.905,39.4591,1.46344,63.0517,58.3308,18.8139,25.3962,3.30793,51,0.220814,0.839602,0.933938,386.307,80.6646,84.8956,35.849,2.38561,59.5541,54.4186,15.2796,20.791,2.5541,43,0.284636,0.932986,1.2072,361.156,94.1684,102.355,32.9041,2.78477,61.2312,50.7559,17.0761,24.8984,4.69643,48,0.284302,0.968964,1.04378,375.86,100.169,104.542,32.5115,2.369,65.9045,54.1082,18.2863,25.444,5.39005,53,0.249215,0.840746,0.871374,664.019,124.259,119.105,67.8457,1.32698,81.2181,60.3712,20.8607,35.5568,5.98718,41,0.270113,1.06871,1.65481,311.668,59.8026,83.2469,27.2663,1.1276,57.5884,47.8972,16.2279,26.9614,3.41209,57,0.238966,0.805523,0.64665,395.279,82.849,75.8257,25.5025,1.42893,63.6208,56.6857,15.1336,21.333,3.90686,44,0.339289,0.95721,1.5161,425.192,76.0547,93.1176,34.4008,1.57273,64.7761,51.9333,17.9846,25.9055,3.92044,58,0.306979,0.876787,0.831542,686.852,144.059,150.056,51.1684,2.02329,93.9394,76.2622,26.9729,40.2626,5.01515,41,0.30274,1.03635,1.81542,392.458,115.484,139.808,32.9485,1.4257,62.2764,59.1822,19.64,21.9439,3.86496,48,0.190529,0.73797,0.855427,460.669,90.4861,130.363,22.3699,2.19986,68.4436,52.2028,20.723,22.8289,4.34671,44,0.314726,1.15408,1.33063
decoupled_wbc_h066_p000,1579,complete,90,18,15.6173,3.44294,0.224846,0.191722,457.61,81.7198,68.3619,22.4839,2.33681,71.6318,58.3621,16.5372,28.1055,4.76685,46,0.320421,0.925318,1.52559,370.419,79.0557,84.3554,34.5563,2.07894,59.2804,48.6849,15.9545,26.3988,2.93891,47,0.301824,0.902391,0.899302,405.532,81.2141,66.5347,26.2414,1.25642,63.063,53.2768,15.0307,21.7648,2.70484,43,0.299128,0.929794,1.32309,370.353,84.9429,91.8334,36.7924,1.48568,59.7228,49.8751,17.3922,25.7432,3.66784,42,0.255019,0.967775,1.22303,305.636,64.9141,77.1998,33.327,2.20476,56.0502,49.6364,15.11,19.5361,4.19287,57,0.189572,0.679309,0.695996,508.022,136.529,115.532,28.6736,2.04368,81.2211,68.9274,19.7319,25.3928,7.69515,54,0.239861,0.787197,1.05051,408.644,97.3437,113.254,58.0488,2.4904,60.4244,53.961,18.5283,25.7217,7.96331,41,0.334643,1.04151,1.52194,387.726,80.0072,114.664,93.8992,2.31774,64.2651,49.1674,19.0317,30.6886,5.57356,57,0.231833,0.907179,0.816272,373.938,88.6537,86.7764,43.9281,2.57397,64.6521,54.5621,17.052,25.1499,3.78018,47,0.220031,0.82989,0.94723,339.11,85.5427,76.5781,40.3248,1.99226,55.0409,52.8439,14.3507,19.3698,3.93071,45,0.235133,0.840574,1.13853,476.908,124.881,113.163,39.2165,1.81349,75.646,62.4099,18.6793,25.2343,3.85695,61,0.216149,0.815029,1.08392,581.355,183.357,138.29,45.2722,1.42815,79.8741,70.6654,20.784,26.9115,4.52707,52,0.294429,0.892987,1.27234,482.25,148.357,102.925,36.8616,1.38667,73.9793,66.5553,19.6683,29.2286,4.27991,48,0.290468,0.88068,1.24501,444.394,92.2936,81.7881,35.6585,2.31264,65.7357,59.8743,15.307,27.618,3.05592,41,0.302643,0.994509,1.68208,462.805,114.862,116.134,35.3265,1.96596,71.2278,63.0562,18.4652,32.0123,3.47733,44,0.288852,0.85212,1.38692,590.802,136.584,134.885,87.6836,3.06371,89.7141,66.9656,24.1572,41.6299,5.5202,48,0.284253,0.992347,1.42821,350.65,65.1591,81.1943,32.1567,0.89806,60.7009,46.3005,16.9949,26.3373,3.01853,47,0.26695,0.883764,0.908881,408.068,85.9624,84.8822,32.9228,1.67996,60.6074,56.0514,16.8181,24.9457,3.84109,51,0.299281,0.820328,1.09561
decoupled_wbc_h066_p000,1580,complete,90,18,27.2361,3.51439,0.301654,0.234998,411.037,77.7927,89.3638,26.4386,1.85456,63.781,51.8272,16.4964,27.7227,4.18526,43,0.29066,1.05193,1.1739,469.118,108.424,134.283,46.6421,2.6901,73.4933,56.3026,21.0331,36.8855,5.91764,42,0.304721,0.954827,1.38001,480.615,90.3464,89.2349,60.9399,2.81991,67.8271,55.4411,19.7454,35.768,6.36511,45,0.337948,1.01139,1.08061,539.036,121.51,106.825,35.5694,1.55242,81.5242,63.7705,22.2289,36.4721,6.14757,53,0.330855,1.04589,1.27546,386.163,78.997,105.624,42.7206,2.20757,61.4609,51.8181,16.9804,30.5794,5.11388,44,0.303895,0.887157,0.993355,342.093,97.5053,90.1211,64.6283,2.73844,55.5269,59.0832,15.3283,31.7965,6.49018,53,0.209317,0.774504,0.84823,487.558,107.98,111.751,65.1391,2.16052,70.9264,57.2416,18.7034,32.6895,7.03543,52,0.312234,0.980819,1.02553,469.823,110.506,110.4,94.7123,5.33844,72.866,57.0779,20.1972,37.2973,6.96444,46,0.274347,0.87352,0.993757,556.938,173.047,137.161,35.0427,1.50483,83.7057,72.6917,21.9182,39.6756,4.99279,52,0.293911,0.891347,1.3052,659.234,149.443,140.69,53.8923,2.57966,90.1484,77.3383,24.3656,45.0442,5.26059,50,0.281104,0.929885,1.5313,316.862,62.6504,95.5546,24.9881,2.0362,51.5306,43.8167,15.7973,27.4902,3.77025,33,0.286515,0.955141,1.37406,558.296,117.019,148.972,29.233,1.67226,77.8967,61.9397,22.1494,35.9101,4.86933,39,0.405263,1.24687,1.8334,368.372,75.1221,67.8256,26.3319,1.58017,55.7007,50.2892,13.9102,24.9751,3.06752,39,0.316688,0.911741,1.47431,948.632,174.991,160.662,53.3847,1.67425,103.285,79.4073,27.5683,42.6226,5.01164,32,0.37328,1.55442,3.24619,476.533,92.5989,126.12,122.109,2.43338,74.6981,58.2903,20.6498,39.652,6.09955,48,0.31263,1.05109,1.38114,478.481,89.9956,87.8655,21.0522,2.4504,66.2125,57.0723,16.2272,23.8093,4.20491,42,0.327138,1.06743,2.00127,616.272,134.902,236.918,224.065,15.2647,91.4299,79.628,32.2,63.6636,14.505,56,0.271527,0.85419,1.21252,661.682,181.109,148.322,36.5057,2.28176,90.7065,81.4989,23.9671,39.1784,5.58421,56,0.34705,0.996041,1.57482
decoupled_wbc_h066_p000,1581,fell,21.1,5,35.4462,22.1933,1.86666,0.735668,421.906,98.6266,98.217,48.0777,2.14606,66.4707,59.3172,17.83,31.5439,4.48184,43,0.298481,0.910072,1.52559,380.402,85.3372,106.466,27.8732,2.48255,62.5309,56.1867,17.7401,30.0903,4.59732,47,0.289574,0.982949,1.2624,392.03,101.858,101.529,31.3047,1.39463,63.04,57.5125,17.1093,29.5094,5.55966,41,0.274445,0.915746,1.34419,440.51,90.902,109.607,65.3407,3.99944,68.185,55.1983,18.8518,30.0849,7.10487,53,0.265691,0.874237,1.08544,3694.01,456.267,495.564,135.729,9.90314,169.941,84.0116,44.3356,59.1526,15.3925,5,0.0227486,1.60219,18.517,,,,,,,,,,,,,,,,,,,,,,,,,,,,,,,,,,,,,,,,,,,,,,,,,,,,,,,,,,,,,,,,,,,,,,,,,,,,,,,,,,,,,,,,,,,,,,,,,,,,,,,,,,,,,,,,,,,,,,,,,,,,,,,,,,,,,,,,,,,,,,,,,,,,,,,,,,,,,,,,,,,,,,,,,,,,,,,,,,,,,,
decoupled_wbc_h066_p000,1582,fell,65.98,14,18.9727,3.91607,2.13042,3.99535,351.896,67.5304,93.8411,27.9546,2.01511,62.1567,48.5529,18.0462,26.6289,3.9529,51,0.220353,0.856356,0.887648,414.388,116.492,97.2103,41.4164,1.1743,68.567,65.8042,18.6015,31.2172,5.81724,59,0.254442,0.816249,0.998856,423.897,95.7166,78.3948,41.1991,1.42249,64.648,56.3458,15.3505,24.3846,5.35634,52,0.241266,0.834372,1.18351,363.622,102.544,103.094,42.903,1.81859,61.0549,55.54,18.3301,26.1845,6.22863,46,0.248699,0.864491,0.925018,382.593,103.358,111.307,67.0326,2.71183,57.9834,57.2146,17.3217,31.3608,5.6468,44,0.225899,0.768753,0.951226,268.839,62.7857,71.7668,43.086,1.74096,44.8599,39.0968,13.1887,22.4337,3.47698,48,0.192516,0.754264,0.63331,344.738,105.098,76.9381,31.981,1.91542,55.7594,58.7569,15.9654,19.7702,4.23432,55,0.202205,0.776849,0.951952,456.744,123.397,119.21,96.3491,2.60686,70.5545,64.2506,20.5558,27.4102,6.16884,51,0.24662,0.894127,1.18246,430.037,103.238,86.7434,38.359,1.57809,67.8692,55.5124,18.5635,27.2634,6.05982,49,0.27594,0.931853,1.13125,361.784,93.8134,73.1016,38.1884,1.2802,59.1093,55.4672,14.4495,26.6277,5.36807,46,0.300838,0.895257,1.20725,381.679,95.3311,100.965,39.5978,1.32011,62.5955,53.1729,17.7778,25.6841,5.729,42,0.243102,0.930894,1.37661,528.026,131.468,115.935,56.3876,2.31618,74.0269,69.6102,19.8166,31.9844,7.01854,47,0.244815,0.903081,1.3513,427.174,89.4459,88.6653,37.8945,1.15815,68.1497,58.0334,16.7313,22.8097,5.16525,53,0.291046,0.938071,1.11844,1547.67,252.081,239.779,54.9989,1.46274,86.3337,37.6708,23.8281,21.2805,5.46532,2,0.0536346,2.79306,25.7115,,,,,,,,,,,,,,,,,,,,,,,,,,,,,,,,,,,,,,,,,,,,,,,,,,,,,,,,
decoupled_wbc_h066_p000,1583,complete,90,18,19.1627,2.59842,0.316378,0.113727,440.091,83.4004,88.7504,23.408,1.67848,66.615,53.648,18.2538,30.2571,4.07263,43,0.347609,1.05708,1.37431,404.542,82.4608,58.9348,42.6439,2.29177,58.2878,54.7099,12.9056,27.4231,4.18746,36,0.423922,1.14199,2.23671,550.611,113.227,122.435,28.4157,1.9122,75.6583,57.6552,20.1738,34.1797,4.89046,39,0.354187,1.1503,1.90557,347.048,100.465,90.1141,55.7667,2.79397,60.4821,56.4071,16.5708,32.2268,5.18159,47,0.240717,0.858109,1.08724,500.069,113.638,133.241,128.218,3.53267,73.3339,60.6769,21.5141,43.28,5.73845,47,0.289965,1.08996,1.50457,362.546,69.3739,75.657,50.9577,2.24018,55.8212,50.403,13.9015,30.1045,4.46552,38,0.349998,1.0373,1.75476,477.182,96.46,109.541,102.265,2.86443,71.6952,54.4951,18.7575,39.7181,5.94333,45,0.328472,1.00835,1.17292,460.949,102.64,80.7418,113.646,3.16072,61.4037,58.5983,14.6783,36.8302,6.18041,44,0.235359,0.859145,1.389,341.277,78.4828,95.1477,35.3268,2.60208,56.7572,49.8622,16.5818,31.3908,4.03551,44,0.212815,0.868078,1.01605,572.073,150.358,156.925,66.8112,1.70471,85.9169,65.3538,24.5344,40.1601,4.13096,44,0.363642,1.10233,1.71154,422.647,105.596,129.414,39.2029,1.62714,70.2684,55.5914,20.3347,28.5033,4.63016,46,0.344198,1.03324,1.16981,466.044,143.791,107.09,34.8296,2.16076,71.8526,65.5151,20.1159,24.3387,5.4995,49,0.278532,0.873812,1.17572,518.914,121.751,99.6776,61.5917,2.38801,77.3417,61.4772,18.419,25.5403,5.32791,48,0.293869,1.0786,1.43057,520.003,109.581,110.614,38.0566,1.32389,75.1448,66.1656,20.3942,28.7019,4.30732,51,0.294181,0.953655,1.38212,451.598,99.7118,94.6622,164.395,15.0603,63.0309,60.4963,15.926,32.3302,10.7464,39,0.366354,1.04174,2.03628,412.046,87.2234,113.05,24.0986,2.68634,67.9758,49.6313,19.7658,24.5747,5.27258,42,0.382212,1.1014,1.39847,480.6,121.624,90.4805,22.2532,1.76908,70.0886,64.8381,17.3719,20.5905,5.10475,37,0.373087,1.11714,1.83593,397.562,77.0319,106.331,31.7734,2.25385,64.0517,46.7979,18.6977,20.0929,5.72963,51,0.278698,0.906398,0.876879
decoupled_wbc_h066_p000,1584,fell,70.68,15,26.635,6.47,2.18242,1.00551,395.17,71.8123,80.1691,28.0797,1.88507,63.3475,51.7979,17.4182,28.6289,3.35266,48,0.316113,0.896571,1.026,359.01,85.0983,94.2473,40.3648,2.46195,57.3546,51.4719,16.848,31.7642,4.90879,54,0.220333,0.808124,0.8408,483.982,102.683,84.2984,28.4816,1.36834,73.5956,63.3111,18.5647,35.6169,5.24873,52,0.312077,0.994283,1.54637,435.036,111.004,105.124,35.4076,2.50982,68.7115,62.295,18.7925,31.8851,4.42492,50,0.292404,0.932909,0.982943,319.411,99.5163,94.1773,35.0539,1.82798,57.7861,53.1344,17.3967,30.0425,5.92134,45,0.274253,0.834443,0.986689,503.85,112.829,117.925,34.6836,1.49412,70.8907,66.2005,19.5649,30.4006,6.04441,48,0.325503,0.961958,1.47842,476.965,120.311,128.815,32.0185,1.85674,75.092,64.1882,19.5646,27.8894,5.17875,51,0.272657,0.862667,1.08568,388.97,93.1805,117.599,95.5123,1.76504,64.6047,54.0819,19.4161,27.849,3.65432,53,0.244648,0.827813,0.966713,396.385,84.5015,92.8131,29.5508,1.95599,59.3476,53.6894,16.4229,21.4805,3.87638,49,0.283152,0.807901,1.01252,688.585,154.753,177.999,151.744,18.3492,89.3656,73.512,27.2244,38.9566,12.9177,46,0.259298,0.940744,1.82274,540.602,153.643,121.212,92.0724,3.65836,78.1656,70.5684,20.5558,26.2197,6.6396,38,0.42408,1.16914,2.07371,529.656,106.229,113.619,34.651,2.14149,74.0339,58.5701,20.5045,22.6207,4.87577,37,0.365067,1.16531,1.96549,661.863,136.79,129.798,60.1526,2.4016,86.0853,70.8902,22.3203,26.8144,6.49484,36,0.361504,1.35055,2.56965,762.762,231.148,163.252,92.4003,2.12295,98.2851,78.6841,26.1811,35.101,9.27137,42,0.383002,0.973662,2.59281,1511.18,238.382,250.488,106.237,8.91022,81.1428,35.3977,23.4518,35.9687,8.02348,2,0.0383301,0.926885,0.856201,,,,,,,,,,,,,,,,,,,,,,,,,,,,,,,,,,,,,,,,,,
decoupled_wbc_h066_p000,1585,complete,90,18,19.1013,3.13961,0.148183,0.301433,361.267,71.0668,66.6028,19.9413,2.55393,55.4364,48.8884,14.3291,22.7201,3.33951,43,0.312142,0.977972,1.48485,408.822,83.8892,101.054,28.8357,2.42094,59.9594,46.4789,17.0513,26.7418,4.06177,41,0.292026,0.992459,0.973804,378.49,96.8151,98.2017,35.5264,1.89436,62.6934,58.5651,18.3285,29.4729,4.03588,49,0.261716,0.948995,1.18048,461.034,102.939,107.674,32.3836,2.08617,62.7853,60.4932,17.2429,27.4739,4.33567,42,0.283554,0.848621,1.11304,486.826,104.564,76.7442,71.3558,2.5806,62.9919,63.9585,15.8123,27.5679,4.18248,40,0.372263,1.05875,2.17697,419.027,92.7278,104.742,40.9599,1.4946,65.4292,59.7398,17.4388,25.0177,4.66704,51,0.291918,0.958566,1.0753,249.136,89.6489,89.8882,31.1045,2.12642,47.7846,54.4032,15.4957,20.5381,4.33129,57,0.144341,0.687397,0.728563,545.903,114.53,118.045,105.989,6.39135,82.8499,66.9768,21.5729,38.4889,7.93102,54,0.319624,0.960663,1.30782,364.201,62.8447,65.4522,29.0409,2.23543,58.4613,47.085,14.4458,25.4793,3.65792,43,0.329572,0.967717,1.45236,681.749,114.84,133.91,40.1083,2.28872,76.6968,62.4441,20.7858,28.297,5.42263,50,0.23474,0.903875,1.41518,382.222,93.1395,90.5595,32.241,1.68626,57.8078,59.7794,16.4022,23.3038,5.65939,47,0.279818,0.814656,1.13063,522.209,115.38,125.604,31.3357,2.8554,80.1629,67.3588,21.4849,33.5663,7.34088,58,0.247425,0.860543,1.28696,442.633,87.3207,139.943,145.819,24.2114,68.8722,56.7108,23.3768,41.9751,13.3435,46,0.327033,1.09317,1.43797,541.71,97.2433,111.947,26.8896,1.96546,74.5401,56.701,20.3324,29.1147,4.65716,40,0.332729,1.05826,1.43461,412.801,113.49,102.219,37.6541,1.41854,62.5769,61.5899,17.3388,27.8548,3.48491,45,0.258363,0.858853,1.34455,525.3,110.318,146.568,95.511,3.17033,76.4743,61.8134,24.163,42.1294,5.18171,42,0.295629,1.25102,1.51292,454.893,91.8007,110.138,38.4725,2.22755,68.2204,57.5638,19.0053,31.9821,3.96638,43,0.353204,1.15652,1.50096,572.562,110.749,149.948,176.737,6.22411,82.6538,64.3636,22.7267,48.251,7.31063,49,0.296351,0.921209,1.21101
decoupled_wbc_h066_p000,1586,complete,90,18,17.2154,2.70585,0.119923,0.196389,571.551,122.585,111.135,24.4822,2.06691,86.6644,72.7594,21.7847,34.6014,4.93698,50,0.293375,0.930826,1.37794,396.611,91.9707,111.147,29.2525,2.17132,69.0579,57.8987,19.9483,29.5103,3.61263,53,0.272689,1.03494,1.00917,456.856,78.1207,89.8925,20.5111,2.39246,71.6614,54.3694,19.7708,29.0797,3.72388,41,0.377161,1.01223,1.75554,482.692,101.323,95.7809,35.6778,2.45749,67.4201,56.9415,17.436,30.9613,3.98127,43,0.295649,0.992272,1.69359,393.493,86.8226,76.7713,29.0239,2.17068,69.498,57.6725,18.2468,29.3614,3.19919,50,0.306784,0.972328,1.06273,375.796,90.2502,108.968,29.383,1.51628,63.4042,55.2926,17.9199,29.0259,3.65969,48,0.260381,0.955265,1.10352,353.741,89.9166,89.7369,23.8713,2.48603,60.857,53.9537,17.2654,27.3732,3.9074,46,0.304932,0.938018,1.0672,664.393,139.2,168.048,198.559,11.407,90.248,70.7223,25.4073,58.3012,9.72102,42,0.343678,1.14632,1.61617,461.013,104.21,136.81,55.8159,2.51073,72.7565,61.2501,21.2037,31.0832,5.3902,48,0.27188,0.940669,1.38685,334.329,75.1192,83.9609,21.0899,1.97599,59.6646,49.3625,15.9398,19.7577,3.53545,43,0.256982,0.898339,1.12058,485.692,81.1552,115.751,22.2856,1.8077,72.4547,54.7984,19.9346,25.8608,3.58232,46,0.302696,1.04152,1.24354,425.801,82.479,76.9872,19.9932,0.92128,59.266,55.7911,15.9378,21.2279,3.02191,37,0.329573,0.970246,2.02724,837.512,148.717,159.72,192.573,3.07722,106.217,77.4054,27.5203,33.2608,6.54472,46,0.335292,1.05872,1.74676,566.659,115.791,120.758,61.5911,3.55957,80.3811,70.1872,21.8619,36.2774,6.07746,44,0.293098,1.15597,1.94731,434.078,81.2693,87.9152,33.8451,1.92937,66.6933,51.7733,16.5595,31.1629,3.90094,37,0.435754,1.29431,1.76627,446.513,111.546,101.581,37.9133,1.80381,64.8686,58.5144,16.6861,32.4629,4.52257,36,0.388252,1.0411,2.10985,560.395,121.272,105.809,52.3878,2.17311,70.5215,62.203,19.0087,36.1384,4.40802,36,0.29304,1.21648,2.07661,406.338,77.0115,84.7811,42.9828,1.92456,60.5427,49.3932,15.4169,28.3616,3.36001,46,0.246646,0.819241,0.941061
decoupled_wbc_h066_p000,1587,fell,61.6,13,22.4077,10.254,0.882354,0.895496,420.923,88.5847,69.1472,21.4832,2.33218,65.2179,55.6565,15.8648,26.4504,4.08061,45,0.331449,1.00311,1.5281,517.666,125.889,114.504,56.306,2.66516,75.9627,68.0287,20.0481,33.8883,5.27901,52,0.289989,0.963839,1.25437,351.828,98.4371,106.67,26.5613,2.12546,61.5767,55.4627,17.7515,24.8472,4.75257,40,0.330923,1.0522,1.42771,416.913,88.4612,115.158,95.0745,3.66018,62.9745,48.2216,17.3161,29.7636,7.1068,44,0.313426,1.01347,1.18308,413.779,134.141,102.854,40.8055,1.72911,63.3272,67.6904,18.7464,28.4813,4.77704,54,0.21844,0.743975,0.981136,469.386,107.451,68.673,27.7985,2.31794,66.7601,62.1028,14.2097,25.0469,3.29911,42,0.398843,1.05956,1.93946,402.924,115.615,93.293,53.0506,1.64801,59.8358,60.4289,16.9376,35.2227,3.82551,47,0.252257,0.856863,1.36437,443.793,85.441,89.5017,51.4478,1.74693,63.1617,52.1161,18.4441,34.1928,3.79854,54,0.276856,0.925982,0.99058,443.664,95.1697,71.923,35.6034,1.89823,70.7601,62.5999,17.2067,32.0548,3.80705,59,0.262567,0.726905,0.939868,608.47,125.787,127.438,47.0071,1.4852,82.6559,58.068,21.8938,40.0403,5.57377,43,0.360347,1.18192,1.35545,348.066,76.5826,54.1705,25.5747,1.33062,51.0929,46.4192,11.3209,26.5742,3.17466,37,0.35097,0.956898,1.17855,361.671,66.4507,60.6256,22.9073,1.7063,54.1852,44.3766,13.7389,24.7504,3.38048,47,0.232152,0.810738,0.785126,5533.52,517.555,654.088,265.371,12.4675,233.255,89.8065,65.4843,89.5841,19.2638,4,0.256664,1.14647,1.8826,,,,,,,,,,,,,,,,,,,,,,,,,,,,,,,,,,,,,,,,,,,,,,,,,,,,,,,,,,,,,,,,,,,,,,
decoupled_wbc_h066_p000,1588,fell,60.58,13,23.9399,9.06675,0.699451,2.78038,339.849,73.9558,90.7568,21.1927,2.67503,60.7915,54.787,16.6752,27.9385,4.86273,48,0.283659,0.908104,1.12926,242.481,52.018,57.8039,24.1555,1.41541,42.4588,40.8572,13.592,18.8935,3.43738,47,0.249053,0.813971,0.815422,383.673,76.4827,64.8885,28.4822,3.17588,60.7526,50.8963,14.6007,21.6608,4.85017,40,0.321422,1.07402,1.58339,416.017,83.3138,65.7247,28.3829,1.5651,60.3642,53.1808,15.0891,22.7977,5.32164,39,0.372174,0.995478,1.7016,349.666,94.6156,104.364,29.6005,2.7965,60.936,59.1826,18.2906,26.5481,6.49728,59,0.24099,0.737905,0.91883,420.951,76.1338,85.2967,28.3324,2.65553,62.0861,50.8492,17.0144,24.8973,5.65392,43,0.349577,1.0163,1.3282,504.728,90.5399,119.783,36.2547,2.16561,74.6047,50.4014,21.0129,30.6031,6.20714,38,0.344092,1.16876,1.40508,458.476,106.543,86.2374,30.4412,1.86091,72.6877,64.9786,19.5979,29.5485,6.82208,68,0.25628,0.742485,0.894073,452.95,99.0094,98.6718,29.7715,2.25886,69.6382,63.8954,18.5708,29.1295,5.40113,45,0.239148,0.898791,1.65925,462.964,98.627,151.68,183.914,32.1121,70.7567,50.5129,22.2343,51.5737,22.313,46,0.370379,1.10134,1.20164,333.952,76.94,54.4493,19.0567,2.11172,50.7894,49.152,12.4053,23.7883,3.43292,45,0.284323,0.820639,1.39076,459.452,137.156,143.992,76.1236,3.82141,71.4087,57.7122,21.9999,43.9929,6.64363,37,0.34646,1.12972,1.69673,781.355,57.7897,86.0092,215.075,16.5305,22.4618,15.6904,5.26859,21.6447,8.13169,4,0.464428,1.44419,1.93651,,,,,,,,,,,,,,,,,,,,,,,,,,,,,,,,,,,,,,,,,,,,,,,,,,,,,,,,,,,,,,,,,,,,,,
decoupled_wbc_h066_p000,1589,fell,56.4,12,32.8787,11.2745,0.800233,0.964457,436.956,87.3309,78.7944,20.9134,1.41065,68.0956,57.7136,18.1737,27.4927,4.44841,50,0.303124,0.916664,1.12946,361.413,76.0132,85.5184,30.0273,1.81734,56.8163,48.0798,15.3718,20.4425,3.59149,51,0.272687,0.807076,0.784354,432.499,106.186,103.729,26.7618,2.69282,68.8992,64.4342,18.8854,26.0685,4.64411,50,0.277035,0.909049,1.3289,451.211,110.215,101.139,25.6037,1.21375,73.3543,66.1622,19.5923,26.1671,3.88628,50,0.340274,0.945338,1.25478,361.202,105.276,87.2649,33.5533,1.21878,58.1353,59.6218,16.2246,22.4372,4.16316,55,0.231639,0.75178,0.961868,460.191,88.4016,99.4004,36.1338,2.8194,67.6582,52.2961,17.4501,25.9169,6.60684,35,0.351452,1.0498,1.50287,392.829,95.0316,100.956,34.5695,1.97959,59.0083,55.7852,16.4374,29.3859,6.34176,47,0.294192,0.841507,1.36286,438.767,95.5566,114.022,66.9115,2.92033,64.3124,53.5875,19.1825,35.875,7.43299,42,0.316111,1.10167,1.21988,520.503,121.967,139.592,154.137,6.00662,76.4159,65.2169,20.4903,42.3042,10.1532,37,0.386685,1.09439,1.70514,788.307,171.562,125.761,96.2018,4.3158,91.25,83.389,21.6834,42.6487,8.86905,44,0.370103,1.33502,2.729,1019.05,160.545,164.006,42.4134,3.50372,101.369,64.6127,27.0846,42.4717,8.45927,46,0.297557,1.08901,2.49696,7023.97,728.995,713.29,175.133,5.89527,275.688,108.698,66.0317,75.8962,14.691,3,0.287857,1.80174,9.25767,,,,,,,,,,,,,,,,,,,,,,,,,,,,,,,,,,,,,,,,,,,,,,,,,,,,,,,,,,,,,,,,,,,,,,,,,,,,,,,,,,,,
decoupled_wbc_h066_p000,1590,fell,65.76,14,19.161,13.0032,2.11251,2.79464,416.629,79.2333,93.1294,24.449,1.82203,63.3343,53.0701,17.7491,27.1967,3.91761,49,0.287254,0.903314,1.01589,394.338,77.5257,82.6433,29.1741,2.52593,63.1458,52.5905,17.128,22.5858,4.47138,47,0.310913,0.93962,1.072,305.8,72.349,62.0767,21.8111,2.79835,51.979,50.1038,14.2958,16.2173,4.3319,51,0.262331,0.72761,0.898725,423.145,104.145,102.442,117.802,3.78062,68.1983,59.4388,19.2506,27.3959,7.54742,49,0.215948,0.873761,1.15975,571.746,107.595,96.1533,37.9864,2.20716,81.2006,67.239,19.2486,24.9341,6.69768,49,0.35562,0.965074,1.54638,395.037,93.6835,108.926,33.6821,2.4613,66.3476,55.5482,19.2971,23.9747,6.57111,51,0.246978,0.908729,0.90723,545.759,117.596,132.322,30.0831,2.47511,76.7095,65.0602,22.2933,28.366,7.82512,45,0.357441,1.15702,1.82767,554.1,135.66,145.163,50.6674,2.05355,75.6897,66.6367,20.3206,35.5778,6.6463,47,0.314097,1.06768,1.41775,495.957,95.3476,104.851,31.1667,1.9747,72.8618,58.3204,18.4827,25.5323,4.64599,46,0.339984,0.95997,1.16607,346.154,81.8892,81.115,19.1011,1.7566,55.6834,53.8803,14.399,18.637,4.00029,45,0.296838,0.867245,1.28162,546.909,119.566,140.165,92.5847,1.61322,79.5281,59.3924,20.4856,37.3835,5.07393,43,0.322937,1.08095,1.7869,423.954,108.504,116.536,27.3878,2.59352,63.9695,53.4532,19.1651,33.503,4.14677,45,0.318916,1.01336,1.14661,398.047,69.0762,72.325,32.1465,0.79949,57.2578,41.8876,14.974,26.0225,2.81534,36,0.31668,1.06339,1.16067,1946.52,333.292,294.976,68.4933,1.6345,82.2509,43.5147,20.2375,31.4477,3.56834,3,0.139287,0.593004,0.617859,,,,,,,,,,,,,,,,,,,,,,,,,,,,,,,,,,,,,,,,,,,,,,,,,,,,,,,,
decoupled_wbc_h066_p000,1591,complete,90,18,17.6969,4.27333,0.445213,0.159913,425.041,103.334,95.9873,28.1329,1.83274,66.0105,57.5824,18.1432,30.0605,3.70418,48,0.266432,0.921301,1.13052,379.777,65.7498,57.4527,44.7625,1.83973,57.7686,49.3453,13.3148,23.3359,3.8138,36,0.355302,1.04335,1.71368,303.486,67.9354,79.7175,77.5787,4.16516,51.5891,48.5201,14.9438,29.3427,4.84701,47,0.273041,0.895506,0.905767,392.522,71.1518,88.4762,36.4306,2.25014,56.9892,46.429,14.8872,26.5708,3.7461,34,0.36317,1.13803,1.84873,422.379,73.2929,84.2558,34.8759,1.70216,61.4997,44.716,15.9352,25.76,4.28745,38,0.28783,1.01712,1.57402,386.187,136.187,102.43,42.8812,2.06907,65.1049,67.9409,17.2122,26.8124,4.11881,54,0.217385,0.771478,1.07605,255.46,75.488,92.092,39.3722,1.54977,47.2538,42.5329,14.1541,21.1028,3.12715,33,0.221369,0.902314,0.942985,506.727,132.994,132.852,99.7643,10.5689,82.0465,67.9509,20.3789,31.685,8.21468,53,0.264592,0.923349,1.12123,419.209,121.196,118.671,30.8128,1.39844,66.1978,66.5096,18.6016,24.4838,5.13141,55,0.252032,0.879943,1.13159,762.722,128.635,122.496,47.4428,3.12646,95.015,68.273,21.6137,31.2111,7.69801,33,0.350584,1.37952,2.86996,542.069,96.159,86.7736,37.3503,1.40304,72.601,59.6308,19.4294,21.3766,4.64997,43,0.2997,1.15046,1.63288,498.647,113.435,104.746,52.9626,1.23559,69.1367,61.5099,18.8582,23.4102,4.94665,52,0.202727,0.837747,0.978475,1125.06,321.095,190.837,47.6318,2.77858,115.268,103.017,30.8834,36.2509,6.27615,37,0.425861,1.21641,3.18578,468.248,115.469,104.612,30.7614,0.84935,71.0632,65.7116,20.0985,24.0461,4.75534,47,0.329244,1.01911,1.45789,428.104,82.946,84.2566,170.745,5.16531,66.1442,48.5345,18.7614,41.7608,7.94609,43,0.335096,0.885432,0.934813,567.108,121.966,123.078,119.948,4.12403,86.2721,69.7223,23.3435,33.0789,7.15477,46,0.377509,1.11625,1.76507,462.481,120.103,95.2416,35.6761,1.03299,70.1713,59.6754,17.6788,21.5939,3.35473,52,0.278219,0.891249,1.03426,408.344,113.948,104.185,33.8988,1.55057,63.942,59.1713,17.6825,20.297,3.48265,48,0.275876,0.875867,1.53427
decoupled_wbc_h066_p000,1592,complete,90,18,16.2893,2.40872,0.194997,0.118617,333.187,59.6969,71.3001,25.1451,2.41581,62.9487,45.8399,15.7662,25.2411,3.73893,52,0.253067,0.814242,0.826489,521.965,123.379,114.49,37.5481,2.51315,78.0978,68.6028,21.0842,31.9576,5.37945,50,0.30548,0.933814,1.3841,398.331,74.1729,105.352,60.247,2.41534,62.0155,50.8834,18.1487,26.1245,4.82358,46,0.311464,1.02776,1.50699,402.599,79.7676,95.6909,34.9825,1.86984,66.4147,54.827,17.4897,22.3941,4.01321,53,0.284719,0.910258,0.965442,473.171,74.0439,75.2672,35.4793,1.53014,68.2655,52.9351,17.0618,20.5514,3.45346,37,0.381965,1.05429,1.97754,275.217,86.5917,89.4944,34.1314,1.88728,47.9827,47.049,14.9388,18.6912,3.12428,44,0.165457,0.686738,0.772114,470.244,155.079,112.688,43.523,1.7721,74.3213,66.4548,20.9578,28.2191,4.28404,54,0.283209,0.921179,1.19855,390.769,92.452,96.8675,32.0883,2.09634,62.2404,54.1538,17.3153,23.1251,3.21385,51,0.235342,0.863539,1.01569,454.055,99.0543,105.519,30.7724,2.35507,72.0602,66.9389,20.2474,23.26,3.88857,56,0.239898,0.791777,1.13085,515.142,118.384,119.168,30.3264,1.73669,74.4458,64.7243,19.5154,23,4.93906,41,0.318485,0.959243,1.6255,304.201,99.9093,93.1702,41.0848,2.42415,56.8559,59.1679,17.5865,22.8954,6.57854,63,0.19245,0.713099,0.652073,389.784,100.601,89.8302,34.0881,2.28687,58.9653,58.8977,16.5501,20.9843,6.14425,39,0.250457,0.825741,1.21774,303.932,81.3612,72.9237,28.8182,1.87958,50.3735,47.9744,14.2239,18.62,4.04473,43,0.210997,0.857041,1.12167,720.017,219.102,174.014,115.651,2.77612,87.5135,80.3322,23.3041,35.6666,6.95461,50,0.249102,0.883161,1.54991,656.502,138.137,132.126,44.2917,2.45646,80.8997,65.1517,24.0625,33.4826,6.13184,56,0.27417,0.831329,1.36245,399.82,84.4465,106.104,29.8818,1.73624,61.4377,49.5729,19.1566,25.2163,5.48984,48,0.279446,0.928842,1.07028,450.532,94.2473,102.019,32.9664,1.59408,62.7579,54.7225,17.9801,25.4525,4.48261,46,0.276686,1.05828,1.60985,570.022,126.764,100.496,133.694,8.68174,72.4514,61.7411,19.4979,32.5603,13.7739,34,0.298141,1.16124,1.95386
decoupled_wbc_h066_p000,1593,complete,90,18,16.1002,3.32164,0.0968771,0.126714,355.72,65.4396,69.7434,18.4252,1.62924,57.3033,47.487,14.8414,21.5246,3.19931,43,0.292169,1.0353,1.40917,416.166,88.9439,77.1475,20.8643,1.69295,71.1349,56.1996,19.0313,25.6036,3.74435,53,0.329898,1.04674,1.02287,355.003,87.3669,101.977,20.5391,2.04687,60.1911,55.4315,16.954,24.9491,4.30854,52,0.256792,0.890092,0.961662,370.693,97.2889,132.065,125.734,4.71856,65.4682,57.4022,18.674,35.5675,6.80031,49,0.233075,0.84346,0.965657,337.014,82.2375,110.01,36.0905,2.44772,59.0174,47.3493,17.5637,30.4013,6.20645,47,0.27179,0.958796,0.864528,351.483,92.9269,112.462,46.2294,2.64565,60.1627,52.3119,17.8607,30.8868,5.48419,48,0.244762,0.939755,0.975382,479.198,132.878,123.358,114.82,3.25831,78.4136,69.8271,20.9834,36.3904,5.83653,50,0.254532,0.952237,1.32679,562.289,109.862,130.515,78.2759,2.18003,79.9723,53.5776,22.4461,33.837,5.61878,43,0.358901,1.02861,1.16537,620.198,127.113,127.403,92.1818,3.17086,82.0135,71.0702,20.9543,29.8495,7.27813,46,0.305199,1.13159,1.70549,507.664,126.682,106.046,126.247,6.38371,75.7138,64.8915,20.662,28.9675,8.00736,48,0.272018,0.918718,1.22984,581.603,121.062,115.845,138.8,15.9009,81.3777,67.3076,21.0696,42.1215,13.6006,50,0.318361,1.01172,1.50292,633.154,135.605,95.045,117.433,5.04509,80.7839,67.6231,18.7769,31.1132,6.4198,44,0.298738,0.925374,1.75262,436.966,135.827,131.078,42.3525,2.29473,75.5209,59.1787,21.0939,29.7929,4.28503,49,0.259667,0.90272,1.10998,671.568,155.405,157.966,49.8672,1.75362,91.4946,68.0337,23.3707,30.9027,5.26125,42,0.390547,1.25589,1.7785,442.615,112.699,120.922,234.166,38.6311,72.7058,61.3582,21.4675,59.5014,25.4352,49,0.298326,0.938215,1.10169,419.569,134.846,100.875,50.9711,2.08683,67.9905,69.0393,19.2944,28.2379,4.13949,59,0.263316,0.88147,1.13053,639.273,123.614,135.224,155.643,5.64341,87.5269,71.0451,24.1201,35.9118,7.5999,56,0.33505,0.917071,1.34163,550.125,108.6,104.361,39.7161,1.79439,79.378,65.0638,20.2446,26.3512,3.62896,45,0.352254,1.02991,1.36891
decoupled_wbc_h066_p000,1594,complete,90,18,19.6638,3.36116,0.441211,0.462404,413.791,74.4753,81.183,15.7546,1.37041,63.0695,51.5729,16.5104,21.5511,2.88566,46,0.263868,0.954492,1.17046,362.064,79.5028,79.9047,32.2011,2.86207,63.6663,54.0668,17.6411,29.1368,3.43824,44,0.322509,0.968886,1.12273,421.27,101.815,93.1128,24.7919,2.64806,62.2611,59.2712,16.7512,25.917,5.13858,43,0.287755,0.8537,1.46122,363.214,75.3245,93.6846,30.3144,2.42463,60.1515,48.1588,17.5141,31.521,6.70212,47,0.255206,0.870935,0.988035,392.379,99.83,98.2795,30.1128,1.72437,66.3851,50.1877,17.7943,28.4673,4.98197,44,0.336859,1.09789,1.10508,435.016,86.3584,92.8305,58.0897,2.18821,65.3962,56.2252,16.9799,34.0765,5.17203,49,0.246206,0.884447,1.48043,449.793,82.7047,82.9644,27.5202,1.68154,68.1095,52.195,16.6171,29.5996,4.72039,45,0.307869,0.982069,1.38423,520.567,96.3928,105.814,22.0647,2.05842,74.0217,57.3669,21.3675,33.346,5.02506,43,0.384975,1.21901,1.61404,595.19,127.537,109.785,26.8575,2.09096,85.4799,70.1545,22.9216,33.8102,4.98245,55,0.365288,1.01202,1.40994,415.078,75.9385,68.6695,26.7824,2.21692,61.7214,53.1231,14.9792,24.9252,3.22554,36,0.39551,1.01575,1.9351,539.233,133.249,118.469,34.0792,2.15312,80.8218,73.4265,21.4236,24.0858,4.21664,42,0.281579,0.883357,1.53953,389.914,97.8628,80.3857,35.8787,1.18101,60.7841,53.6943,16.3244,19.4546,3.26059,39,0.257461,0.872834,1.2116,586.458,150.483,123.981,107.356,2.39637,79.4223,69.6906,20.1676,28.1546,4.5506,45,0.318101,0.886957,1.54107,569.408,97.2142,113.521,75.2614,3.09116,79.9043,62.983,19.6434,28.1597,5.01035,49,0.303285,0.911323,1.6778,707.379,144.474,120.413,70.5769,2.56624,83.2378,70.2057,22.9303,34.8126,8.09488,34,0.38155,1.58518,2.58808,841.591,350.419,219.267,75.552,1.91774,98.6495,94.2914,29.1765,35.2927,7.25436,33,0.439449,1.11025,2.44199,627.205,130.094,132.418,39.8034,3.20665,81.4153,63.6449,23.2144,26.4265,7.24226,46,0.341429,1.1708,1.69166,654.306,151.369,145.857,128.084,6.33836,90.6205,77.0879,25.6496,36.4244,10.7607,56,0.339777,0.93542,1.42827
decoupled_wbc_h066_p000,1595,fell,71,15,25.9429,10.1682,1.41627,1.15755,462.403,136.095,129.604,37.6175,2.36537,75.941,71.9887,21.1699,32.4091,3.97633,50,0.271323,0.928972,1.20505,417.24,84.2636,88.937,44.8711,2.64714,65.9453,47.1421,18.0521,25.1161,3.94444,40,0.372589,1.09691,1.40622,509.117,89.9447,79.702,32.7261,2.05123,68.9238,54.8491,17.2004,23.6035,4.8572,39,0.334872,1.06585,1.60489,415.182,123.224,107.817,28.0647,1.75751,64.1194,64.56,17.8871,23.7694,4.73317,48,0.299047,0.916506,1.35817,561.717,134.57,116.68,31.0725,2.21091,78.354,66.12,23.8308,31.4023,4.53616,49,0.28264,1.10897,1.55798,669.76,168.891,152.017,178.153,13.802,92.164,74.8767,24.9541,44.6533,11.3504,43,0.358653,0.928723,1.63076,443.607,129.954,118.422,109.477,2.92779,73.2029,63.4941,19.9955,25.1188,5.0205,57,0.262004,0.864514,1.20891,453.419,122.119,84.3959,28.6871,2.6157,61.2403,61.9522,16.1222,21.2582,4.0222,52,0.306326,0.84155,1.30804,430.452,117.591,99.4111,41.6247,1.10388,67.7758,61.3985,18.8521,23.6644,3.7662,54,0.21445,0.809533,0.976717,392.704,92.3654,98.9337,43.4272,1.95347,61.1981,53.0712,17.2264,24.4972,4.40091,49,0.231694,0.94371,0.956357,621.001,188.538,126.685,37.2062,1.50566,84.7984,72.0468,23.0695,27.4823,4.88364,57,0.396046,1.00335,1.21528,716.864,166.587,135.43,95.888,3.02904,90.8967,70.7094,23.4602,31.4839,6.77598,38,0.302141,0.916696,1.96462,380.146,110.518,104.038,51.5663,1.97103,59.0081,62.1068,16.1935,23.9424,4.59521,53,0.18809,0.772212,0.8214,1026.55,432.728,202.388,80.7733,1.61469,115.276,102.784,27.7065,43.2762,6.78267,32,0.438236,1.03952,3.53659,1923.6,377.271,268.836,49.6559,0.787071,99.2374,51.7556,28.9326,29.3514,5.03495,3,0.331675,1.15329,1.17098,,,,,,,,,,,,,,,,,,,,,,,,,,,,,,,,,,,,,,,,,,
decoupled_wbc_h066_p000,1596,complete,90,18,15.5877,3.52282,0.153891,0.142485,401.351,76.4862,77.1618,35.8895,3.0449,62.5184,50.3209,16.1237,28.9148,4.76432,46,0.28435,0.911518,1.04306,427.565,121.473,87.7696,58.7633,3.32149,67.8072,61.0708,16.8839,25.9117,5.1616,56,0.196778,0.695834,0.913431,336.59,100.081,90.5583,31.5281,1.70991,59.6093,58.8137,17.3711,22.7183,3.81532,60,0.189352,0.71253,0.735875,480.231,114.194,109.928,39.9229,1.40489,66.7022,59.8015,17.5325,22.9858,3.43273,37,0.285959,0.845637,1.58139,260.439,109.786,92.5197,47.6152,1.28625,45.1389,54.4061,15.329,21.5784,3.28604,48,0.119051,0.727037,0.444365,400.784,95.5683,95.9542,34.9042,1.66733,66.3157,59.9342,18.4213,22.6585,3.80997,50,0.301723,0.858338,1.38168,313.082,84.3665,89.3571,71.3099,1.9788,49.8955,50.7138,14.8594,23.7015,3.50309,51,0.192162,0.734724,0.815245,423.992,105.547,110.749,39.8007,1.39355,63.3656,52.2728,18.1671,26.3802,2.86593,34,0.344042,1.15949,1.59717,520.825,110.009,113.673,25.1984,1.28641,74.8708,59.5416,21.7382,26.9197,3.57039,44,0.292203,1.04886,1.52466,442.136,91.9391,75.0506,88.2408,3.0845,63.6773,59.2714,14.528,26.0957,3.98278,42,0.37945,0.995156,1.88993,507.306,97.6153,99.7537,47.0646,1.72861,68.5338,61.7271,19.3949,31.1038,3.80552,45,0.368496,0.933459,1.52013,498.322,114.891,106.014,34.0037,2.33756,68.8742,66.1289,18.3063,33.4449,4.18661,47,0.339811,1.16799,1.71059,307.679,82.6895,75.5934,30.3308,2.27217,61.0547,52.9859,15.3862,27.4599,3.31254,49,0.275013,0.839395,0.962445,489.008,126.115,111.72,91.5892,2.77284,71.5672,64.4488,19.6343,36.3635,5.32613,48,0.250851,0.984295,1.51208,303.28,93.2396,92.1394,38.4231,2.15453,52.9476,53.742,16.1267,22.0751,3.33771,48,0.186575,0.754789,0.807893,635.849,140.764,143.332,42.0393,1.77442,78.9881,67.4436,21.7645,28.8474,4.83714,49,0.205112,0.771822,1.32694,658.666,152.416,134.45,181.494,3.69041,92.2365,76.7181,23.5682,41.6644,5.85948,48,0.28507,0.993531,1.64802,564.408,118.165,111.617,32.3229,2.73898,78.7819,65.7161,21.2528,35.9075,5.69695,47,0.266454,1.02794,1.44536
decoupled_wbc_h066_p000,1597,fell,75.54,16,17.1615,11.8283,1.58812,2.46984,378.785,85.1657,104.776,27.4512,2.22547,64.6633,55.9604,18.204,28.0956,3.73892,44,0.306204,0.980444,1.35909,349.914,107.562,86.6614,39.5713,1.84447,56.6544,59.1558,16.0737,25.5063,2.866,53,0.22266,0.790576,0.842076,282.501,82.7648,86.7512,43.9605,1.62418,50.4874,47.1567,14.9652,22.7565,2.80753,41,0.175081,0.722614,1.06013,378.614,106.006,107.024,70.3126,1.64396,68.9678,59.0872,18.1846,27.003,4.09659,58,0.245706,0.881272,1.0186,435.9,85.6413,97.4766,71.8177,1.5387,71.2027,51.4099,18.5149,27.0882,3.57516,46,0.299595,0.989126,1.09098,426.419,90.8635,106.432,28.6198,1.72862,74.1198,55.5837,19.0329,24.5821,4.0372,46,0.324381,0.943489,1.11887,343.215,87.6459,69.7847,22.4652,1.14801,55.6816,51.8359,14.0988,18.2175,2.87378,50,0.291549,0.816256,1.14237,400.93,101.02,128.251,180.003,2.87261,65.5194,53.6943,19.6598,32.1623,5.84293,48,0.311508,0.839673,0.861998,449.827,119.812,108.336,49.0057,2.94149,64.2379,59.8126,18.3871,24.1136,4.1169,40,0.235456,0.783778,1.57323,507.659,116.375,111.822,30.1454,1.53193,72.9842,68.0765,18.3519,22.9125,4.0567,50,0.272371,0.796649,1.26173,636.73,144.292,102.825,28.0721,1.83187,75.0556,67.0769,19.8305,23.1692,4.6263,48,0.30639,1.03105,1.83017,446.375,94.5017,126.896,45.7319,1.35212,68.9371,53.4758,20.7656,30.7658,3.49518,46,0.271206,1.06096,1.14822,816.469,210.926,137.841,111.681,2.64093,90.0511,80.3686,20.5337,34.1538,4.53443,31,0.390067,1.28635,3.48308,441.356,104.682,112.185,35.5851,1.38494,64.649,57.9593,19.7577,23.5556,3.85035,48,0.28923,1.00217,1.01898,552.311,128.713,105.247,29.61,1.71056,76.8748,66.4136,18.8774,23.0037,3.62914,54,0.264762,0.873505,1.25453,1431.68,109.78,212.469,82.6517,0.438375,76.2274,28.9441,17.8701,18.5787,2.16687,0,,,,,,,,,,,,,,,,,,,,,,,,,,,,,,,
decoupled_wbc_h066_p000,1598,complete,90,18,21.1418,3.00569,0.116393,0.279033,372.081,63.0597,68.0935,46.2522,2.26118,61.1221,47.2,15.3041,28.645,3.72376,38,0.34373,1.07236,1.40778,472.125,96.4628,122.205,59.4941,2.13016,65.8327,54.2431,18.8513,37.1916,4.02693,41,0.373235,1.11755,1.2605,270.835,65.9963,68.7389,48.7065,2.42158,44.3088,46.7919,13.1733,29.6565,4.51594,47,0.212862,0.777699,0.926146,421.435,81.2124,53.3117,31.1471,2.07361,57.4997,53.3041,12.388,23.3002,2.87835,41,0.344971,0.913379,1.5009,381.435,74.1648,103.059,63.774,2.87347,56.2557,49.8717,15.3739,31.5484,4.53959,52,0.210584,0.777807,1.02527,823.693,139.478,199.213,37.1124,2.46441,94.1455,66.5685,28.5457,43.7748,6.41496,44,0.300203,1.0792,2.19275,538.179,106.043,107.254,82.3391,5.23021,78.2647,60.2461,20.9759,39.8946,9.13897,44,0.354537,1.07717,1.44341,579.712,124.818,161.858,30.521,1.69869,86.246,68.3294,23.8282,39.2426,6.8074,40,0.367937,1.26963,2.48473,454.224,94.0912,97.3007,30.2354,2.24795,72.5001,56.89,17.7076,31.8699,4.95105,43,0.33645,0.979035,1.34099,333.125,76.3647,87.4291,30.2831,2.32718,51.9067,49.6109,14.4422,29.0232,4.6052,39,0.350723,1.10031,1.56443,427.843,71.7156,106.507,128.141,7.43466,61.3058,48.6423,15.5555,40.1969,8.68092,41,0.289836,0.883091,1.23927,520.093,121.732,109.814,103.471,4.07976,70.7912,63.7416,18.3507,42.2434,7.54291,35,0.323075,1.12244,2.42808,350.824,83.8453,88.6743,33.7538,1.4636,57.6388,47.2421,15.799,31.1703,4.10493,47,0.320442,1.04729,1.13918,611.019,130.134,86.7172,53.4382,1.66502,76.3995,67.8666,19.0709,40.2447,5.59628,41,0.312548,1.36127,2.46876,583.171,171.106,150.446,170.21,3.63957,75.6168,61.7839,20.6323,48.3989,7.01223,38,0.439921,1.17214,1.36094,456.782,97.2235,120.155,107.951,5.10602,59.4616,53.749,15.9457,31.3149,7.35447,36,0.273451,1.09654,1.59226,322.361,71.549,66.4321,17.746,2.1065,56.0892,51.2956,14.3656,28.9044,5.08998,43,0.282211,0.918873,0.957588,449.503,104.802,62.6389,31.9469,2.26983,62.6869,56.0396,13.2812,30.2476,4.42452,33,0.330728,1.22261,2.56982
decoupled_wbc_h066_p000,1599,fell,85.72,18,29.0958,11.5532,1.84244,2.81356,564.065,119.781,99.7472,39.6449,1.95326,81.002,68.1888,19.9285,29.9617,4.56963,41,0.378155,1.10857,2.06377,448.711,84.0614,115.853,28.0968,2.75521,70.593,49.3266,19.781,24.9916,4.02882,39,0.376398,1.08669,1.54275,429.719,74.8312,99.7684,27.7976,2.41883,64.0658,54.4151,18.584,24.4678,4.36373,45,0.302502,0.873911,1.29819,366.901,87.2883,90.564,24.1915,2.28031,62.2061,56.724,17.4148,23.3308,4.92629,48,0.290615,0.901853,1.18343,327.624,73.1434,74.3155,21.6408,2.16942,55.5816,50.8206,14.488,21.2233,4.18218,43,0.318634,1.04161,1.45964,399.182,90.1413,74.2936,32.337,2.06781,66.2961,55.0429,17.3484,27.43,4.39598,51,0.244714,0.928598,0.942688,363.718,76.9529,66.1992,24.9942,1.73035,53.4761,51.0858,15.2409,23.6241,4.06478,43,0.29371,0.8321,1.22304,465.79,97.7759,94.6519,22.802,1.79297,65.9355,56.3749,18.2112,27.2195,5.11715,45,0.286357,0.957596,1.42205,508.26,105.011,99.0814,91.2926,3.0117,73.8555,61.6742,20.0706,32.4337,7.89237,49,0.24873,0.891846,1.2489,351.375,61.8969,52.5199,25.4448,1.50083,54.6161,49.7573,12.6653,23.0957,4.60755,43,0.318895,0.908133,1.38745,516.441,105.016,118.7,161.645,14.5449,73.6598,56.1933,20.2461,45.5579,10.1128,42,0.309826,1.05865,1.80702,463.303,100.95,113.242,71.1265,2.47101,74.8469,57.0575,20.699,34.7133,4.79074,48,0.269585,0.855693,0.97062,660.939,108.827,193.555,300.81,22.784,84.8654,59.1926,28.4103,78.0927,20.6024,50,0.288068,1.02121,1.3549,1277.3,192.149,189.721,43.682,1.35765,123.272,83.5887,33.3993,40.5233,5.75326,31,0.305769,1.4917,4.18575,1069,309.507,247.116,50.3055,1.61629,118.569,92.0786,36.0063,46.1082,6.82755,36,0.444869,1.14016,2.87878,508.46,115.934,128.519,73.0895,2.1048,71.6183,62.5386,22.5573,31.5033,5.67188,50,0.319259,0.976012,1.169,398.064,126.201,104.525,41.0936,1.53728,61.6105,70.1199,17.851,26.2111,3.22659,58,0.186393,0.726469,0.862982,720.21,64.5247,58.5282,21.7448,0.237068,25.3219,14.7077,8.06541,8.90444,0.981648,3,0.463287,1.33794,2.84245
decoupled_wbc_h066_p000,1600,complete,90,18,88.2483,3.475,0.240512,0.386146,515.027,122.934,132.342,45.6626,2.17711,80.4368,66.0217,21.9312,35.4861,5.35812,49,0.313797,1.03669,1.56799,346.225,76.8359,90.7473,21.0049,1.37613,60.7879,52.0465,16.9677,27.4426,3.54865,50,0.298013,0.892617,1.00935,373.741,84.9859,80.437,46.6868,3.36502,59.4645,55.9445,15.5553,24.2776,4.68162,52,0.283083,0.806734,0.996237,392.585,81.9998,98.3455,68.6379,3.61656,61.2172,51.8162,17.6664,27.6951,6.18055,48,0.335451,0.979161,0.991395,445.154,92.4763,119.528,84.129,14.6824,66.488,58.0328,20.2436,32.7885,10.0206,47,0.32238,0.930187,1.04672,520.989,108.209,93.062,24.9986,1.9502,79.6518,65.5318,19.6317,26.5746,6.74808,55,0.328573,0.842783,1.1546,397.558,105.646,124.633,39.0351,8.3753,64.3725,62.7985,19.0961,25.7332,9.06941,53,0.249438,0.778479,0.952673,309.347,72.2124,87.7314,23.4778,1.6105,56.0478,49.921,17.2041,19.2054,5.00868,48,0.220244,0.874337,0.966506,478.6,97.0266,118.045,27.6061,2.30106,71.4908,57.0827,19.9373,23.2973,5.63345,47,0.340721,0.907223,1.42458,349.829,86.5598,71.3035,16.3241,1.64816,54.7489,54.5331,14.8361,19.6973,3.70541,48,0.250396,0.856477,1.41568,750.144,155.189,130.653,28.9368,1.62244,98.1229,79.1149,25.7569,33.3984,4.78366,47,0.329282,1.1803,1.83875,532.76,98.7471,116.709,64.3408,2.47166,69.5757,59.4201,19.3465,25.352,4.73768,40,0.34645,1.15884,1.71333,798.914,157.484,175.926,190.007,4.43696,98.7434,84.0709,27.3703,46.2709,6.45696,41,0.373431,1.23624,2.46775,376.771,95.1404,98.9642,36.809,1.82808,63.6157,54.4431,17.0692,23.4774,4.96075,54,0.278568,0.849982,0.914066,2803.24,1271.21,517.16,119.358,3.92816,203.151,221.845,64.666,70.3765,14.2922,9,0.317235,1.53118,24.4877,512.578,141.738,119.343,54.7619,1.70977,73.6745,58.189,19.3159,24.3757,5.42376,45,0.371893,0.994718,1.22147,699.374,93.6448,123.295,43.9754,1.8825,81.648,57.0836,20.7773,26.9713,5.87845,36,0.339757,1.17048,1.78973,1242.13,210.721,203.003,62.1549,1.85891,116.487,79.7884,29.8226,37.5687,7.21195,40,0.31544,1.26606,2.46969
decoupled_wbc_h066_p000,1601,complete,90,18,19.2273,3.71994,0.2234,0.088609,401.9,89.5064,91.1935,34.9533,2.48516,59.5249,54.5563,16.9637,31.9913,4.9657,53,0.244796,0.797525,1.02589,268.215,61.6772,68.0232,30.7167,1.62699,47.9248,43.7329,13.781,27.2108,3.78979,41,0.280846,0.961994,1.13693,464.872,106.074,108.168,59.3202,1.71695,69.962,60.3055,17.7116,34.5726,4.68167,41,0.225465,0.865811,1.41882,476.155,140.397,124.647,73.1163,2.45792,75.4252,72.7557,21.5536,38.0215,5.88203,61,0.225461,0.761156,1.01581,356.351,94.2994,83.0485,91.1225,14.3048,63.4597,56.1238,17.6844,27.6573,7.81443,52,0.254482,0.901165,0.967546,440.842,115.373,93.9503,37.9264,2.12887,69.7603,60.8813,16.8444,24.6271,4.46612,48,0.260611,0.841264,1.12378,395.171,103.177,101.411,57.3983,1.48681,65.1305,54.8279,17.6534,31.9582,3.72991,47,0.237584,0.840445,0.992769,613.397,131.762,133.65,127.346,1.48599,80.5849,70.6175,22.264,48.3797,5.76514,43,0.315123,1.06527,1.65664,605.473,122.612,152.44,230.599,4.29429,74.3704,62.9092,23.6787,54.3314,7.49595,42,0.281783,1.00686,1.50121,574.107,110.962,86.1045,96.5586,2.01972,77.4846,60.6741,16.7257,32.8906,3.99084,41,0.36473,0.89164,1.40668,582.932,139.172,136.681,76.7722,1.68019,87.5848,74.5525,21.7257,26.617,4.40408,45,0.350121,0.940342,1.65941,491.544,104.045,85.4421,29.6669,1.66524,71.4469,59.0704,17.326,21.7038,4.63949,41,0.32816,0.920175,1.2039,635.746,123.813,122.296,43.7957,1.28374,80.9429,59.0786,20.7639,24.3792,4.57937,47,0.245538,0.877386,1.43288,331.8,95.8126,101.086,39.4476,2.04228,61.5656,54.7434,16.8053,21.4382,3.23605,56,0.204815,0.857986,0.954022,740.775,146.792,126.385,123.289,3.02337,82.9229,72.5393,22.6303,34.482,5.26604,37,0.334967,1.14065,2.25337,424.349,109.81,99.526,35.448,1.56367,68.0805,64.8014,18.5249,25.869,3.21409,61,0.260683,0.747577,0.905077,385.792,90.8353,82.4271,36.163,1.48785,59.9693,53.7468,15.5834,20.6532,3.20038,50,0.242247,0.81577,0.969673,356.368,88.7548,98.5963,45.8278,2.5237,57.4185,48.0778,17.6364,24.0296,3.56755,49,0.216116,0.848492,0.744259
decoupled_wbc_h066_p000,1602,complete,90,18,20.3053,4.29117,0.0961569,0.154088,341.04,69.6721,64.9745,23.2793,2.52461,55.87,50.42,13.3339,21.3101,3.58773,43,0.322073,0.893193,1.46346,447.727,104.977,109.078,53.4282,2.27126,67.4494,62.7542,18.1676,30.733,4.91692,52,0.280631,0.893592,1.15515,422.479,104.027,81.5038,41.5502,1.99354,65.2111,63.6,15.0223,27.0382,4.27113,46,0.290722,0.941355,1.31705,395.501,95.9536,87.2661,37.4964,1.79396,58.1603,58.0423,16.5324,30.3809,4.0951,47,0.197165,0.742507,1.10184,457.663,114.007,91.971,47.2844,2.21315,68.5072,59.0947,17.8261,28.2466,3.58831,41,0.29596,0.953384,1.25074,341.805,120.603,88.3376,52.3389,2.73863,53.6115,61.0613,15.1465,23.7819,3.32129,46,0.179645,0.721363,0.918757,471.616,89.9495,86.2659,65.9745,1.86279,67.4247,56.1868,17.4788,32.2498,3.66611,43,0.343436,1.08177,1.55368,498.594,106.681,115.656,75.4324,2.2897,69.2845,59.9042,18.2811,34.08,4.11507,40,0.323703,0.908383,1.31879,500.995,149.398,131.932,34.3899,2.31795,76.6693,64.7254,22.6385,35.0462,5.37375,47,0.334989,0.989564,1.27932,430.112,108.371,107.815,26.6267,2.00791,69.4016,57.8884,19.4749,26.6572,4.70302,45,0.263772,0.927042,1.05861,434.277,86.7318,92.6221,35.6518,2.66585,69.7558,44.5589,17.8582,25.3646,3.29473,51,0.27209,0.875705,0.756402,385.918,113.334,119.216,33.0735,2.352,70.6983,60.3984,19.049,26.9413,4.01633,36,0.322704,0.91536,1.38286,586.676,141.555,99.4247,65.6246,3.09536,75.9429,68.3242,20.1344,30.6895,6.47565,40,0.383667,1.18789,2.07594,448.46,106.543,90.4613,28.3158,1.78607,73.7994,66.8365,19.121,27.617,6.07763,51,0.318348,0.787031,1.20289,449.48,103.72,87.8865,31.8024,1.54404,64.4946,59.8445,16.9808,24.1165,3.92873,52,0.294104,0.877858,1.33728,530.272,130.92,109.618,41.3387,1.42883,72.0923,56.3073,20.4609,25.8798,4.66333,39,0.319176,0.942255,1.80221,447.45,94.4271,91.6887,34.9061,2.50816,68.0585,56.223,17.3477,21.1826,3.76009,42,0.366661,0.966941,1.16242,584.637,91.8575,190.077,167.264,13.7447,82.8123,56.6394,29.9608,52.0184,14.3099,45,0.279981,1.00057,1.44027
decoupled_wbc_h066_p000,1603,fell,65.92,14,24.8169,15.7769,1.66033,1.96303,344.107,80.8978,80.6309,23.7484,2.13293,54.7503,51.8504,15.5352,26.1089,3.78034,44,0.271509,0.827202,1.14059,413.355,114.216,113.361,40.4866,1.7029,71.0875,63.5501,18.8159,32.7812,3.91075,51,0.219165,0.837598,1.02662,394.633,105.466,89.4893,69.4341,2.07193,65.4661,61.7697,16.8651,27.7469,3.58387,55,0.213379,0.742902,0.712986,445.708,138.632,126.828,38.5052,2.09747,69.7023,62.378,19.0862,27.9913,3.52665,39,0.287374,0.968398,1.52635,505.234,120.82,147.348,50.9573,2.48382,78.2976,60.3421,21.033,31.7964,4.02086,44,0.359716,1.02317,1.36267,608.391,131.453,116.956,38.5428,2.11761,83.5383,66.8141,23.0063,34.7337,5.93354,46,0.336594,1.13109,1.59653,552.094,122.755,93.0934,130.854,12.0356,83.7614,69.8307,22.5079,34.2742,8.43147,60,0.287885,0.824766,1.20619,527.954,97.1906,76.8066,27.4652,1.56724,72.2459,62.1256,18.1406,26.1584,3.26841,42,0.347907,1.07225,1.89767,575.997,119.762,129.675,152.262,7.97228,81.3181,63.9902,21.6471,39.7455,11.3877,42,0.337327,1.04001,1.45792,700.922,150.8,146.58,63.0097,2.70846,90.0999,69.4889,25.916,39.7494,8.37429,44,0.345845,1.09631,1.71813,536.835,135.866,137.821,32.4524,2.95906,81.091,66.8618,23.0361,36.0661,8.18803,49,0.333717,0.938874,1.3455,483.785,123.33,107.916,29.995,1.49509,71.5039,67.7864,19.4709,30.0458,5.18095,47,0.307161,0.999154,1.44003,641.156,161.274,136.024,37.4052,2.59253,84.8906,71.0747,24.9928,37.3723,6.08633,42,0.291333,1.03926,1.69423,2490.41,202.265,401.668,78.014,8.96426,101.166,34.295,30.5599,34.9383,7.86066,4,0.0740814,1.70634,4.9837,,,,,,,,,,,,,,,,,,,,,,,,,,,,,,,,,,,,,,,,,,,,,,,,,,,,,,,,
decoupled_wbc_h066_p000,1604,complete,90,18,21.4091,4.11582,0.304533,0.0824905,421.467,85.846,89.1887,62.2244,2.34193,67.9228,57.7196,17.4757,29.8456,4.3745,60,0.231411,0.753414,0.989511,432.483,105.165,98.6627,38.6587,1.94734,67.0739,62.8233,17.657,32.2763,3.66062,47,0.275069,0.895475,1.4375,430.824,114.53,116.622,37.2634,1.71833,69.5842,68.1036,19.8262,33.9139,4.89757,48,0.264943,0.898046,0.988566,539.639,145.243,123.055,34.7474,1.67527,80.4606,70.5419,20.3529,31.3422,6.01279,57,0.301361,0.911304,1.08376,416.088,113.014,94.6637,34.2092,1.41976,73.2606,63.6921,19.2531,27.208,4.90168,67,0.229523,0.791994,0.919916,459.8,140.682,101.455,39.3161,2.19745,63.4784,57.1222,17.3214,30.6904,4.84537,43,0.305162,0.969275,1.31295,633.915,101.568,133.841,161.343,8.78692,81.5863,60.9478,20.4136,38.4495,9.67028,35,0.367549,1.49233,2.26468,308.559,97.255,89.8464,43.6524,2.38358,50.8224,50.621,14.9204,20.9311,3.95711,35,0.240366,0.824488,1.08076,439.055,85.316,101.269,60.5016,2.64541,64.7793,50.971,18.087,25.6182,4.99014,45,0.27801,1.04745,1.10278,479.318,112.758,99.2629,31.6483,2.87815,67.0886,64.2649,17.2345,22.4004,4.46532,39,0.363255,0.974865,1.54041,445.195,118.676,123.616,80.8331,2.65562,70.4251,61.864,20.4029,23.6805,6.62161,56,0.245281,0.827488,1.21314,602.796,139.268,119.695,66.3551,2.16433,82.6064,70.6783,22.0812,30.4842,6.69738,51,0.262731,0.954749,1.26174,2512.19,269.891,257.754,58.8007,3.01458,170.361,99.3296,42.0309,48.309,9.34725,47,0.349078,1.15541,5.04276,434.717,117.643,99.7208,95.0344,3.74392,68.0044,58.9153,19.4485,30.2518,7.35216,46,0.298256,0.871919,1.19387,609.63,115.576,112.521,207.329,5.22982,76.4059,66.4228,20.3743,37.7434,8.3413,39,0.440493,1.19696,2.01486,426.374,93.5072,77.7401,34.2925,2.50376,64.6544,55.0354,17.2286,20.9915,4.7468,48,0.298099,0.838901,0.964124,324.269,81.1826,82.8324,32.6304,1.48275,51.47,51.9102,14.3374,20.0195,4.12343,47,0.26147,0.800194,0.939562,557.479,117.172,133.163,178.782,21.8851,85.3063,69.2556,21.8787,33.5014,12.1647,59,0.263617,0.775932,1.04603
decoupled_wbc_h066_p000,1605,complete,90,18,19.6521,2.05537,0.39709,0.250414,505.14,116.702,100.112,23.2551,2.48549,80.1386,70.6671,20.0652,31.0612,4.45914,52,0.298594,0.913274,1.29636,365.693,108.215,109.105,27.7338,2.08368,63.895,60.9341,18.6108,29.2177,4.78148,53,0.289063,0.846859,1.14971,532.523,114.715,159.494,31.7385,1.83492,78.7088,64.5154,24.6912,34.2131,5.37309,42,0.327334,1.14867,1.70929,448.482,102.233,107.668,31.5377,1.11856,71.4598,64.2358,19.7697,29.7534,3.74455,52,0.333053,0.93705,1.31791,419.309,73.1365,108.436,121.753,3.12069,65.264,50.8151,18.4653,27.2288,4.91603,53,0.231004,0.923077,0.931117,487.015,91.463,99.6341,35.7774,1.78458,67.7986,53.6442,19.3664,25.8502,3.72648,44,0.318613,0.967578,1.46064,479.989,86.5049,92.3513,34.3261,2.12078,72.1,54.6024,17.92,27.3736,3.778,41,0.411728,1.01657,1.4324,412.503,96.7926,104.564,38.2225,2.67863,68.3363,60.2077,17.9141,32.2065,4.55505,54,0.295221,0.735568,0.788898,544.185,113.229,125.26,140.81,3.96406,74.4416,59.5147,19.8955,43.142,6.456,43,0.280492,1.02886,1.6949,1054.85,196.449,137.239,56.4592,2.02279,112.891,88.5959,25.8069,47.4564,7.78604,42,0.338946,1.35982,2.83008,375.579,94.5551,89.3402,34.5299,2.89281,59.467,56.4416,15.2284,28.4791,5.96279,40,0.283481,0.818206,1.27589,483.562,101.616,101.55,48.6696,2.18606,67.7444,52.9387,18.1996,29.9792,6.50859,41,0.296452,0.990093,1.29669,448.417,161.95,116.163,66.7158,1.99143,68.0633,66.2458,19.0497,31.1588,7.54729,44,0.300973,0.943879,1.19898,668.22,207.255,200.66,196.709,8.20414,88.3165,62.7256,28.3024,55.5629,12.4084,46,0.357511,0.944981,1.20664,385.233,106.142,96.269,35.301,1.38728,55.6743,58.1281,15.6354,21.0262,3.3903,45,0.23998,0.854052,1.19307,478.666,127.941,114.433,32.7774,1.55557,72.5599,65.6696,19.1301,22.261,3.78974,49,0.287542,0.829573,1.36379,373.381,70.7657,57.9757,29.6715,1.93142,56.6578,53.5268,12.8173,17.1317,2.73546,41,0.352136,0.920733,1.47915,280.842,53.0981,55.358,32.9611,2.75889,48.9215,40.401,12.9193,18.0096,2.39992,52,0.222637,0.719678,0.525499
decoupled_wbc_h066_p000,1606,complete,90,18,17.5543,3.92404,0.0883881,0.0920595,462.965,85.8654,90.015,27.6063,2.43294,72.1864,57.6746,19.6046,33.426,5.63873,46,0.28916,1.04267,1.36799,322.246,110.071,90.4691,33.5307,2.71133,55.5672,59.8797,16.4112,24.1692,4.00234,52,0.207006,0.783118,0.941333,389.068,95.7668,68.1394,28.0553,1.75124,56.7051,55.9964,13.7574,22.536,2.86726,44,0.328444,0.808135,1.51221,371.043,86.3222,81.4983,26.7784,2.81227,62.6568,52.3372,17.3425,21.2728,4.20763,43,0.284459,0.844423,1.02261,430.715,98.7289,92.9031,37.2295,2.01803,68.6226,63.1335,19.0182,21.9151,5.84315,63,0.243341,0.753942,0.904711,323.382,100.002,104.55,69.4468,2.89593,51.8693,52.5109,17.0374,27.3332,6.43707,49,0.185308,0.752087,0.780901,414.752,107.849,97.0844,37.4184,2.27627,63.578,62.5645,17.271,22.2175,4.30839,56,0.225034,0.798256,0.821455,327.974,80.7784,85.7618,34.0226,1.47088,53.0239,47.7818,14.9234,19.2158,2.97218,45,0.217106,0.775902,0.783338,397.669,116.451,115.216,41.8535,2.34541,67.79,60.9905,19.5892,26.9023,4.37061,37,0.33445,1.08684,1.47048,841.169,120.215,121.995,41.7583,1.56721,82.6489,64.4557,23.2814,29.4453,5.06244,43,0.303983,0.937262,1.87248,541.683,170.004,156.506,132.206,1.8864,78.8789,74.5714,23.768,35.8438,5.78763,38,0.269443,1.04014,1.63597,408.829,79.2388,83.9944,79.5604,4.05971,63.1773,52.9684,16.4823,32.5388,5.5915,51,0.294314,0.840237,1.0154,477.57,130.63,97.8605,152.936,4.0025,66.1404,67.9614,17.6645,29.3725,4.75536,46,0.289917,0.922395,1.51477,541.426,122.428,120.739,35.9039,2.84176,77.0464,68.5675,20.4204,26.7181,5.39266,49,0.328913,0.974421,1.36455,512.805,122.373,131.341,29.9326,2.10722,81.7007,65.8568,22.2394,26.4542,6.64652,44,0.313974,1.03097,1.64579,425.065,96.8029,110.332,31.7289,2.14566,70.7673,58.1492,19.7892,22.7672,6.12952,53,0.27294,0.926352,1.00437,524.935,115.795,104.784,31.7453,1.84175,78.8188,61.3817,19.5619,21.9852,4.1512,50,0.269593,0.991615,1.16359,464.574,122.365,117.717,31.7081,1.56908,72.9078,64.2477,19.8368,25.7218,4.3467,56,0.263494,0.924762,1.13594
decoupled_wbc_h066_p000,1607,fell,61.6,13,28.0612,7.14692,1.53048,1.3012,490.635,113.64,116.151,31.9255,2.38104,78.5797,66.803,19.6266,31.3378,4.09191,46,0.309005,0.882252,1.54,455.872,111.331,92.1719,35.1046,1.50056,69.3106,60.0194,16.868,21.6422,3.29029,53,0.230109,0.936102,1.05801,346.061,99.0092,87.2079,54.3966,1.71859,55.4549,51.5231,16.2627,22.9767,3.98388,50,0.189281,0.786176,0.751183,476.836,91.5713,76.6505,30.9048,1.2403,73.8109,58.8486,18.0999,20.3809,3.85453,60,0.305008,0.772266,0.829576,645.215,121.872,117.549,38.9311,1.62077,90.2079,67.7177,23.3437,26.5666,5.30797,53,0.303168,0.932656,1.44192,409.469,80.4842,94.7647,22.6033,1.27595,62.7911,49.5357,17.5481,21.5278,3.78822,45,0.268458,0.88894,1.12755,584.392,119.895,160.603,45.6279,1.9013,78.8555,59.1905,22.3935,27.9872,5.7845,52,0.306668,0.941746,1.30623,560.777,115.428,111.865,43.9639,2.48353,80.543,67.5683,22.3975,27.0754,6.26624,58,0.330742,0.90589,1.1324,480.914,95.4741,80.8939,22.438,2.36999,72.2068,61.3011,18.488,19.7324,3.8705,61,0.22711,0.713214,1.01384,597.684,139.848,148.385,129.674,3.6435,76.2488,67.9696,21.8685,32.5911,6.37269,42,0.298843,0.943201,1.61429,624.215,128.757,114.571,43.9219,1.81646,80.7124,70.6941,18.7532,25.3397,4.98463,39,0.421426,1.18598,2.45459,525.802,162.85,132.647,42.2175,2.32305,79.9808,76.1168,21.8651,30.5138,6.02421,53,0.289267,0.859265,1.40122,7261.88,640.636,965.841,173.735,7.65733,305.737,100.583,75.1566,75.0356,18.7294,3,0.164144,2.66748,30.4635,,,,,,,,,,,,,,,,,,,,,,,,,,,,,,,,,,,,,,,,,,,,,,,,,,,,,,,,,,,,,,,,,,,,,,
decoupled_wbc_h066_p000,1608,fell,66.58,14,20.2042,4.945,1.56311,0.457353,501.706,101.692,100.994,24.9184,1.97807,75.7041,63.2244,20.1148,32.2271,4.42111,58,0.301856,0.897182,1.14903,376.67,93.3181,86.0409,31.7102,1.76584,64.1794,54.3554,17.0763,30.044,3.87139,45,0.31883,0.95768,1.0864,373.827,92.2997,52.1976,24.8546,2.10384,55.2949,53.9731,11.9614,23.3219,4.55802,40,0.355245,1.05591,2.04032,444.47,103.088,131.482,82.333,3.06295,63.4969,55.4982,19.5415,39.976,4.95014,38,0.335586,1.0852,1.46102,428.556,116.046,137.75,168.965,3.79714,61.7163,58.7761,18.5509,50.5424,6.31709,39,0.251508,0.807276,1.36794,333.856,87.8776,84.843,80.2128,4.06535,51.3216,52.8754,14.4044,32.0439,6.23165,37,0.319349,0.944851,1.3289,486.13,108.296,93.5534,38.4958,1.5812,76.1622,64.3192,18.9346,36.2258,4.56094,48,0.296198,0.938278,1.37206,400.032,95.0588,95.3795,41.1076,3.08924,66.7683,53.7142,16.7731,34.4332,4.42221,45,0.269657,0.870677,1.09829,401.79,82.5504,99.8957,33.3609,1.41598,67.2131,52.8798,17.6535,31.9878,4.18041,47,0.315592,0.997789,0.995331,479.356,110.176,107.594,27.0582,1.97267,75.3804,67.3729,18.8187,33.1849,4.2362,51,0.257627,1.00842,1.47549,506.676,135.99,135.487,37.6895,1.71647,74.8623,71.1556,20.2886,37.0324,5.14757,56,0.263247,0.846818,1.15329,393.637,76.0522,89.1631,41.0293,1.3566,62.7093,48.9785,16.3937,31.1575,3.81986,48,0.281537,1.04491,1.13943,342.723,78.7305,92.5177,37.9103,2.06321,55.9569,48.5807,16.5297,25.9705,3.71075,43,0.238889,0.845284,0.935775,4381.39,324.261,473.754,117.797,3.53765,180.497,83.1005,48.6397,60.5786,12.4815,1,0.203369,1.33592,9.125,,,,,,,,,,,,,,,,,,,,,,,,,,,,,,,,,,,,,,,,,,,,,,,,,,,,,,,,
decoupled_wbc_h066_p000,1609,fell,31.12,7,45.9025,11.5023,1.97003,0.913635,404.56,69.4185,100.275,23.3946,1.60197,67.0742,47.7717,18.7138,29.6528,4.01725,42,0.344872,1.10435,1.26502,337.186,77.0882,66.9915,32.1226,2.17482,55.0535,48.6343,14.585,27.1117,3.98079,48,0.249305,0.860069,0.952255,368.851,79.5603,66.6937,37.2461,1.17876,53.1158,54.8996,13.4105,29.1719,4.44436,42,0.343774,0.953393,1.54391,362.444,106.298,95.4834,72.3189,1.96764,57.6831,60.0388,16.1231,34.9962,5.07103,54,0.226711,0.802043,0.964909,306.257,77.4648,84.4865,67.8418,2.40229,48.3953,49.5814,14.2644,29.0857,4.40615,43,0.244855,0.819394,1.01105,559.947,102.764,138.643,69.2942,7.49452,72.311,54.5505,20.4378,40.0127,8.19059,54,0.286462,1.03882,0.927281,3961.01,523.397,536.67,134.768,7.01395,183.267,81.4574,41.0788,51.9985,11.4571,0,,,,,,,,,,,,,,,,,,,,,,,,,,,,,,,,,,,,,,,,,,,,,,,,,,,,,,,,,,,,,,,,,,,,,,,,,,,,,,,,,,,,,,,,,,,,,,,,,,,,,,,,,,,,,,,,,,,,,,,,,,,,,,,,,,,,,,,,,,,,,,,,,,,,,,,,,,,,,
decoupled_wbc_h066_p000,1610,fell,75.98,16,35.4008,11.4788,3.71803,2.0283,462.814,107.893,93.6223,76.8499,2.34094,74.5233,62.9073,18.3003,32.3764,3.68491,40,0.306556,0.912524,1.41521,296.31,74.5718,64.5716,31.477,1.79152,50.7786,49.1518,13.7152,25.8501,2.9027,53,0.247067,0.786441,0.718392,411.3,81.1943,105.86,51.0449,2.21985,64.0926,50.1962,18.1282,35.9523,4.61047,45,0.316103,1.09546,1.04825,474.053,98.0536,93.7968,42.7377,1.21517,70.3765,60.1456,17.3086,33.8834,4.19977,45,0.374407,1.01754,1.32191,450.43,80.0403,95.8727,125.046,2.16366,61.2529,54.8992,15.5928,31.4349,5.01665,37,0.280661,0.93937,1.65553,355.296,86.0918,99.9896,45.6617,1.48662,58.9163,48.2344,16.6579,30.6581,3.55989,46,0.294473,0.933603,0.974057,450.856,78.6599,81.9476,40.6247,1.9719,66.666,46.3287,14.3226,21.2947,3.90824,37,0.341902,1.05862,1.43416,500.189,137.255,145.784,218.601,12.6659,75.92,69.9803,20.8805,44.8675,12.9159,53,0.197237,0.803574,1.08195,586.14,124.243,95.0171,80.5216,1.30463,74.7523,67.039,17.6032,31.9233,4.72146,40,0.333841,1.17183,2.23994,293.529,53.146,49.2386,25.3177,1.39944,49.1418,39.6014,13.4307,16.2229,3.1957,49,0.239603,0.695374,0.690854,830.73,146.369,136.106,35.1133,2.47727,92.0233,70.6604,24.2248,31.3987,6.85145,34,0.381614,1.46338,2.75767,526.696,92.6107,80.0656,16.6111,2.4413,76.5925,59.9957,19.4854,21.0923,6.05332,50,0.368053,0.933643,1.21614,398.505,83.9075,76.8838,31.5403,1.43931,53.2227,52.8749,14.032,18.2836,5.35423,41,0.262677,0.868819,1.23716,1467.05,192.013,221.163,47.7993,2.1208,124.747,77.3883,34.1132,37.1162,9.94789,41,0.357711,1.07452,3.75846,349.447,62.4393,64.6909,39.6898,1.91536,56.1474,44.1277,14.8934,24.1887,3.64387,49,0.246196,0.858832,0.644216,1977.33,302.298,316.216,69.5239,7.34898,80.0129,50.2048,24.5823,31.5204,7.86927,1,0.45694,1.13786,1.73096,,,,,,,,,,,,,,,,,,,,,,,,,,,,
decoupled_wbc_h066_p000,1611,fell,66.74,14,22.829,15.5186,1.95036,1.0304,432.956,93.9484,99.8241,27.7014,2.77115,64.581,59.6874,18.2329,31.1204,4.50119,42,0.297044,0.956293,1.34377,458.568,87.3066,99.5655,33.9376,1.04005,69.6526,57.8234,18.9105,30.0764,3.66851,44,0.341658,0.97108,1.41065,360.913,77.7858,70.9587,62.8167,1.99157,54.2746,50.936,12.4745,26.7351,5.31327,43,0.272994,0.809679,1.1786,382.943,112.841,100.715,45.1765,1.974,59.6145,56.8072,16.4737,26.4652,3.76807,43,0.240718,0.887555,1.33534,513.847,116.389,119.341,98.8856,5.19056,68.9621,64.402,18.9968,37.7922,8.18394,34,0.283177,1.08582,2.07439,382.42,86.8909,91.5887,40.7212,1.89101,59.2019,53.7182,16.7019,28.5519,4.17957,52,0.232176,0.736184,0.944882,902.693,190.315,154.54,58.483,1.77895,103.006,74.747,26.8561,39.1523,5.73426,41,0.377066,1.08648,2.54327,716.594,166.795,134.677,45.9266,1.52845,92.7773,73.7621,25.0352,28.8021,3.78384,47,0.327143,0.909277,1.26331,676.073,143.295,109.953,43.2459,1.91023,93.2943,70.4025,23.0919,30.6893,3.65238,54,0.276777,0.944789,1.5173,918.276,247.157,212.051,153.17,2.28115,97.5189,74.7326,31.038,44.7019,6.97974,45,0.342163,1.05834,1.76696,513.919,111.79,87.7087,42.3597,1.99022,68.0188,65.1394,17.4,26.468,4.96741,46,0.391466,1.13693,1.63622,473.682,109.679,108.538,50.9987,1.77255,69.2119,59.0226,18.4935,31.9264,5.57329,51,0.212215,0.881448,1.24902,803.853,167.516,130.7,64.4431,1.78964,95.1483,69.0006,22.9,41.3318,6.49639,50,0.283683,1.05658,1.52956,8192.59,624.409,1164.89,481.257,34.8255,369.514,107.945,98.6371,145.546,43.5655,4,0.0937881,2.70263,24.0058,,,,,,,,,,,,,,,,,,,,,,,,,,,,,,,,,,,,,,,,,,,,,,,,,,,,,,,,
decoupled_wbc_h066_p000,1612,fell,76.22,16,23.0714,8.22156,2.04009,1.24263,493.903,91.8745,94.068,19.8364,2.03113,75.7481,59.5978,19.5939,30.956,5.08504,45,0.353683,1.07926,1.72744,492.758,100.914,115.801,29.8239,2.3028,74.7566,60.7405,19.7756,33.4236,5.06867,45,0.331388,1.03731,1.43977,399.151,96.8708,87.7463,33.372,1.45427,64.2633,62.2238,16.0252,29.2054,3.72274,47,0.28573,0.874441,1.34777,420.012,78.6529,76.1308,29.7647,2.12997,63.9056,47.2424,15.8817,29.4983,2.79516,39,0.310232,0.937665,1.45016,530.552,97.869,95.6912,44.1583,1.0944,75.4396,59.2446,19.2908,38.4964,4.20894,45,0.354593,1.04446,1.16953,373.704,98.0107,97.0959,45.6443,1.76989,59.1704,50.0067,17.2694,29.7055,4.28887,42,0.315934,0.880429,0.845976,314.674,101.543,82.0858,42.7471,1.38435,51.6451,59.2012,16.7599,25.2811,3.87704,56,0.160982,0.809686,0.827466,383.842,81.2289,78.0766,123.635,13.6663,54.2863,47.7076,15.8831,29.2005,8.98456,41,0.270729,0.943737,1.06055,382.404,99.5604,78.314,24.2507,1.96203,57.4943,59.8011,15.2814,22.0593,4.3125,44,0.274143,0.938201,1.58774,430.557,122.003,105.288,76.8227,2.50809,73.6117,68.5431,18.1301,29.1891,5.42148,50,0.243231,0.932526,1.27483,903.306,302.511,216.058,155.239,4.75294,106.647,96.7871,30.9141,45.5869,10.3776,51,0.227944,0.962589,1.62237,430.789,100.563,99.7609,36.4827,2.48599,61.4189,53.0076,17.0453,21.9524,4.07265,39,0.282137,0.917083,1.22286,357.854,64.8258,70.5056,32.6957,2.05261,52.9255,46.1268,13.9926,18.8677,3.98705,38,0.282073,0.824926,1.41848,839.356,141.119,121.654,49.1305,1.90088,99.7469,74.5238,24.258,31.8492,6.64934,50,0.313793,1.15168,1.93661,621.551,174.72,135.256,39.2585,1.61925,86.1595,79.8359,20.8668,25.9895,3.98338,48,0.270219,0.855515,1.65548,5121.69,418.83,809.67,222.283,8.64306,244.785,78.3132,66.0732,61.4252,20.7146,2,0.223007,0.971907,39.2664,,,,,,,,,,,,,,,,,,,,,,,,,,,,
decoupled_wbc_h066_p000,1613,complete,90,18,31.784,3.22491,0.459517,0.176494,323.877,66.4765,92.4845,30.0303,2.23137,55.0845,45.5864,16.042,23.406,3.85716,47,0.269786,0.915414,1.13729,420.563,86.1867,112.34,86.4947,1.66225,66.3869,53.2067,19.2729,27.6746,5.57646,46,0.318805,1.06021,1.19484,301.348,79.8357,89.296,31.927,2.27756,53.6766,48.3839,16.5052,20.5231,4.26566,47,0.247343,0.815055,0.841388,432.479,117.59,142.724,32.0298,1.03077,71.6852,67.4797,22.1167,26.2518,4.85164,46,0.328928,1.02486,1.33168,426.448,78.454,92.5334,31.8995,1.87135,64.1017,53.9009,17.8428,21.2369,3.89799,42,0.349409,1.01227,1.72332,437.615,101.897,99.946,22.6532,1.14629,73.1532,61.0298,19.082,22.0892,4.70936,58,0.236234,0.843182,1.06875,462.965,136.118,128.662,26.6176,1.69531,72.9813,57.1842,20.375,25.164,5.44695,44,0.359237,1.0512,1.37611,377.1,96.4186,108.486,32.2003,1.89908,57.4501,56.4228,18.0136,23.8461,4.09861,51,0.25315,0.83283,0.984504,505.508,162.426,129.85,34.55,1.98081,74.2765,70.8117,21.6025,26.7404,4.99426,45,0.292714,0.95568,1.26727,556.155,100.651,134.761,223.534,12.2916,77.3928,59.6718,21.9951,39.1795,10.6804,56,0.303481,0.844943,1.00311,1675.06,214.908,227.557,48.9005,1.83145,138.942,95.2639,35.3348,39.2124,6.14676,43,0.364707,1.34625,4.20785,501.234,98.2631,137.826,32.7614,2.15863,72.9354,50.8416,20.4754,26.5751,4.94663,43,0.289955,1.07716,1.27578,1227.12,512.293,252.297,89.5504,3.14199,123.638,115.954,35.2238,58.5033,8.87044,28,0.447424,1.26285,4.24121,590.509,93.4617,87.7273,45.5737,1.96668,72.5704,54.0544,17.3914,22.2429,3.6532,35,0.433019,1.27683,2.09097,574.089,218.49,129.39,50.7258,2.00264,83.5323,80.6619,22.7554,33.373,4.30609,45,0.255873,0.930391,1.69688,522.109,157.769,163.025,59.8611,1.5945,81.4794,75.5941,22.0755,34.4708,4.48111,47,0.2531,0.91384,1.33186,477.139,97.4941,116.379,99.4474,8.28385,74.3771,56.4446,18.8052,26.99,9.07409,41,0.276727,0.976159,1.65409,560.16,143.508,142.876,95.0557,2.05486,77.9818,75.4235,23.107,36.5143,5.81859,54,0.265114,1.00595,1.53795
decoupled_wbc_h066_p000,1614,fell,75.76,16,20.3511,7.23116,2.11147,2.59413,404.392,77.2357,92.8369,23.9583,2.54288,64.9442,50.1719,17.3565,27.3347,4.09947,41,0.279344,1.06044,1.53329,419.946,80.4387,97.0666,24.9453,2.14778,66.8671,56.7411,17.372,26.2708,4.79628,52,0.226508,0.889559,1.21698,457.951,94.2183,126.659,31.6342,1.80688,69.7158,59.4145,21.0351,34.8503,6.05539,44,0.405358,1.04588,1.28302,388.365,78.3848,59.3556,28.0819,1.52523,55.7343,53.8111,12.1251,24.2199,4.46373,35,0.382395,1.02606,2.01356,434.714,100.134,97.1256,105.098,3.26287,59.1691,51.3978,16.8498,34.5717,6.82932,42,0.240592,0.926184,1.19947,541.47,105.77,91.1075,161.485,5.31541,74.5802,64.4471,16.4739,44.5327,9.37075,42,0.329016,1.21581,2.16472,300.059,96.0823,83.5109,36.9112,1.61018,47.3102,49.0722,14.229,28.8329,4.0606,43,0.177933,0.630415,0.751049,295.32,91.8429,80.0937,37.2632,1.61819,52.8185,55.9413,14.6806,32.6926,3.87704,49,0.188774,0.78535,1.01661,349.51,104.001,97.2313,40.9349,2.4359,56.1777,58.5568,16.493,34.5227,4.01802,54,0.199942,0.755218,0.822398,583.798,134.107,106.076,47.6352,1.3692,79.1892,66.6926,19.7522,39.761,4.49969,45,0.316463,1.15431,1.55223,396.505,99.0621,86.3784,30.1654,1.29267,64.8799,60.6241,15.6484,26.4095,3.39657,48,0.269064,0.814502,1.04988,483.875,137.234,124.8,55.9535,1.71705,76.025,59.5256,18.3834,33.0137,4.43057,48,0.347242,0.964346,1.21935,473.698,151.017,122.908,45.5915,1.45279,70.175,68.3691,20.1705,27.9796,4.7531,49,0.177378,0.782356,1.16694,477.336,96.9642,113.926,179.308,3.4447,67.6942,55.5299,19.4242,36.6397,5.90367,39,0.245189,1.07391,1.82415,556.531,123.629,101.645,85.8265,2.37775,64.8882,62.8084,17.3625,27.2706,4.96363,50,0.258058,0.797726,1.18684,1985.87,154.121,247.674,49.5847,0.733082,89.6397,29.1933,24.2039,25.3289,3.73745,1,0.449631,1.02568,2.45288,,,,,,,,,,,,,,,,,,,,,,,,,,,,
decoupled_wbc_h066_p000,1615,fell,65.72,14,23.7291,12.9468,1.80417,0.45617,284.121,61.1395,69.6048,39.5383,2.38484,52.2698,43.6218,13.9967,25.4646,3.84638,41,0.275452,0.960862,1.1359,322.634,63.6931,56.346,28.7427,2.27648,47.986,45.4045,11.8339,25.051,3.9204,36,0.294095,0.937071,1.56389,305.143,60.8416,73.1334,23.9022,1.93463,52.81,44.8336,14.6731,25.9215,3.94364,45,0.264141,0.951807,1.01022,451.204,107.868,118.129,26.0385,1.40567,77.7874,65.3387,20.7045,29.3487,3.89549,52,0.279939,0.842885,1.07668,516.54,103.211,140.788,86.6919,2.45784,77.451,61.9471,20.8854,30.5184,4.38436,48,0.287275,1.05538,1.5048,412.737,100.505,94.5085,48.6203,1.84943,64.6538,58.0125,18.212,25.2177,3.70591,46,0.270891,0.982991,0.987703,337.369,82.8241,106.23,38.4863,2.24327,58.58,51.1298,16.9538,33.2869,4.98868,49,0.231479,0.793891,0.90793,300.538,63.3912,70.0544,23.9603,1.93543,53.3403,45.2528,14.7518,27.8408,4.71532,43,0.279937,0.997438,1.26757,338.692,64.4374,85.9274,49.9159,2.75857,57.0685,41.7212,15.6521,33.7365,4.08288,38,0.347006,1.0724,1.16895,558.934,103.477,119.516,24.0759,1.18047,80.6833,66.6125,21.7282,37.8489,4.63581,47,0.304497,0.971059,1.80315,480.361,95.5929,118.673,27.9753,2.19834,64.9097,56.2392,18.006,34.5224,4.45052,34,0.457386,1.30642,2.36465,531.624,104.9,114.322,24.5746,1.8106,77.0062,60.4077,21.2285,37.0619,5.97293,41,0.446193,1.31916,1.8035,511.828,165.605,129.607,89.2393,3.2969,77.2985,72.5819,21.5543,40.0103,7.02039,57,0.26583,0.832941,1.17152,3224.44,187.659,338.337,118.286,2.0973,123.422,28.5254,29.8719,38.1297,4.96055,3,0.115967,0.953664,5.55001,,,,,,,,,,,,,,,,,,,,,,,,,,,,,,,,,,,,,,,,,,,,,,,,,,,,,,,,
decoupled_wbc_h066_p000,1616,fell,86.44,18,33.0173,10.9379,0.813586,0.300204,516.599,119.045,104.008,41.3047,2.11069,78.6685,69.3912,20.4079,31.7745,4.6861,60,0.264156,0.821294,1.10842,425.323,92.4755,107.281,36.854,1.28673,67.0929,51.1189,19.7916,29.0968,3.72323,53,0.266026,0.943078,0.839838,513.392,118.677,97.1885,30.743,1.93595,78.0034,69.0351,20.3792,32.2556,4.02754,46,0.338745,1.00561,1.40812,361.644,96.7839,108.392,46.2313,2.32158,61.3081,51.0107,18.3368,32.6496,4.52493,48,0.302421,1.00085,0.997895,461.122,74.3944,83.8013,37.9852,1.52508,66.9665,46.445,16.2999,31.9774,3.61473,37,0.347918,1.23466,1.58372,483.931,86.9662,90.4921,89.568,2.30258,69.9666,57.3611,18.0475,31.8765,4.32132,46,0.281807,1.00341,1.20612,453.558,67.1777,70.8909,24.3893,2.00983,66.6238,52.5735,15.5272,29.8323,3.48412,40,0.339695,0.941695,1.74844,506.237,102.788,108.76,31.628,0.935538,73.1039,60.9933,20.606,30.4036,3.62168,47,0.313375,0.978471,1.24812,512.653,104.309,64.5447,33.3539,2.66469,71.4736,60.0875,18.742,25.9871,4.94634,36,0.387047,1.16224,2.13099,1026.03,337.579,227.905,74.3332,3.09936,108.356,99.3639,33.0458,48.4355,10.5319,33,0.466547,1.25846,3.08869,908.94,144.806,214.292,42.5463,3.0269,92.714,68.014,30.9532,41.4453,9.90522,40,0.307167,0.982226,1.96842,515.46,94.8013,117.224,162.888,6.80761,70.0648,56.6206,20.0644,36.167,10.0344,43,0.31315,1.09299,1.66113,557.146,120.272,137.06,34.3192,2.06354,82.0053,63.5036,22.6056,31.2438,5.75359,49,0.31292,1.01994,1.43885,507.32,111.627,117.76,32.9904,2.18027,71.0514,63.4778,20.661,29.0559,4.64221,44,0.315575,0.914909,1.61134,554.855,110.669,124.357,168.755,3.66577,81.9904,70.1958,23.0125,37.5224,7.86692,56,0.310486,1.02441,1.56677,454.439,80.4736,108.68,32.9229,1.76261,68.0872,49.8121,19.1059,24.6261,5.75945,47,0.340769,1.03017,1.15172,408.715,69.4458,138.194,31.7971,1.11005,66.39,50.2562,20.6427,26.8546,4.6103,47,0.300928,1.17232,1.37281,1357.49,563.332,355.525,44.8832,9.19374,108.621,90.1689,34.2028,38.5314,13.3983,9,0.188122,1.22303,13.7872
decoupled_wbc_h066_p000,1617,complete,90,18,16.5075,3.33201,0.263725,0.34952,408.056,75.4973,90.0863,23.1545,2.53157,65.1243,48.8941,16.934,26.2129,3.67454,37,0.325067,1.07529,1.53554,517.727,90.3414,95.3949,27.1898,2.09995,73.2696,58.9358,18.3529,32.3034,3.86387,50,0.291621,0.820389,1.20779,391.556,78.934,98.2939,46.2049,2.26597,55.6683,48.8697,16.2164,32.7782,4.67447,40,0.233215,0.909404,1.16687,430.563,79.2318,68.1346,30.9681,1.17295,63.0854,57.665,16.0753,26.3856,4.05222,50,0.265821,0.762047,1.13355,535.931,125.379,112.554,116.003,9.16198,77.8422,71.8278,21.0859,37.472,7.7027,52,0.322209,0.838803,1.27581,373.398,78.0788,60.3934,33.2982,1.67151,56.6314,54.7085,13.1577,24.5457,2.66933,47,0.308429,0.906451,1.3397,490.754,104.044,96.7924,87.6267,2.0592,68.8527,54.9722,18.5806,36.1114,4.31323,40,0.259574,1.09704,1.39577,430.446,88.0104,77.4382,41.2465,1.74059,67.0072,54.6914,16.6561,26.3838,3.3209,45,0.307535,0.986947,1.2866,383.324,96.2734,99.1841,38.5475,1.8371,60.2745,58.4767,17.488,25.9312,4.55475,37,0.260307,0.876047,1.21208,489.812,115.499,121.529,49.2794,1.48978,74.0756,60.9601,21.1975,29.4021,5.30585,51,0.260856,1.04113,1.3062,487.548,118.067,108.037,44.1749,2.82405,72.1508,61.5622,18.919,23.8308,5.03211,39,0.3455,1.02274,1.57489,574.108,120.77,101.889,61.2625,1.78684,74.6581,65.8852,19.2111,27.3167,5.22517,44,0.269093,0.948265,1.52327,457.457,108.181,95.0574,28.8934,1.81952,71.4429,64.7577,19.651,23.4251,5.85896,50,0.273256,0.88756,1.1175,471.232,132.94,138.297,67.6652,3.28349,76.3249,65.3186,20.7489,31.4585,7.84974,54,0.229234,0.872755,1.20472,455.744,105.506,108.379,41.6354,2.93975,68.721,65.8424,18.3166,30.1744,6.6075,42,0.269993,1.02207,1.69324,383.868,75.6211,80.3735,40.2582,1.24834,62.0094,51.3514,15.7687,28.9781,6.20328,46,0.266166,0.894558,0.980068,373.403,110.984,86.1765,42.3574,1.8535,59.9473,58.8083,16.0486,29.9331,6.44726,49,0.268641,0.842832,1.02537,969.677,179.304,165.839,122.822,32.7581,100.089,73.2944,28.1328,56.0121,24.1651,48,0.361684,1.06257,2.27273
decoupled_wbc_h066_p000,1618,complete,90,18,28.8236,2.69157,0.215138,0.294096,466.583,100.077,79.0693,28.4877,2.12926,72.6222,60.2495,19.3382,26.6565,3.86929,61,0.293483,0.7459,0.894834,326.028,82.8367,83.4391,28.0059,2.4904,55.0869,53.0165,14.8639,19.7656,4.18665,45,0.242923,0.815715,1.07699,416.785,95.08,83.2098,36.6055,2.61347,62.9673,57.4115,16.3577,27.0331,5.23415,44,0.229853,0.890415,1.27676,479.626,116.332,114.33,35.6573,2.31576,75.1731,62.3333,19.9859,32.6516,5.26254,45,0.348173,1.05626,1.44471,536.261,98.3656,119.241,35.989,2.41153,74.4799,57.4496,19.6821,32.262,4.48133,50,0.299791,0.943657,1.02653,821.964,192.323,202.905,57.1322,1.46883,91.7157,75.25,26.5341,37.4073,6.05082,43,0.250988,0.92756,1.94106,310.349,69.9564,67.5597,24.1774,1.66961,58.4312,47.5078,15.5186,21.1722,5.27954,48,0.299352,0.804641,0.879309,828.503,183.786,144.059,40.3562,2.44252,96.4805,72.7033,26.0248,32.7173,7.4303,44,0.283951,1.02871,1.58718,400.467,91.1104,109.591,35.8529,1.95325,62.2355,51.9137,17.0086,23.8689,5.20813,50,0.258201,0.83883,0.86733,405.103,87.2788,64.1429,28.2013,2.14765,56.6684,58.7358,13.4401,22.9664,5.6912,41,0.339832,0.973436,1.70123,379.149,128.163,99.6111,38.847,1.99141,60.3807,57.2862,17.9121,30.5958,6.61351,45,0.255261,0.883613,1.00431,410.772,116.869,106.707,43.82,1.94449,63.5302,58.6686,18.0273,29.9741,5.80816,53,0.22912,0.818502,0.915479,514.602,113.061,102.663,37.3037,2.44307,68.0569,57.4189,17.4507,26.6852,5.6984,41,0.267663,0.97708,1.6876,488.595,146.183,127.455,76.7984,10.0206,65.3009,64.126,17.5196,25.7572,8.57607,58,0.249936,0.70457,0.836202,455.197,130.448,128.016,42.7994,1.68475,73.7468,64.7137,20.013,23.8185,4.21732,43,0.315074,1.03404,1.5111,728.923,143.482,131.563,59.6171,1.96754,91.2385,72.6461,24.8606,31.5911,4.86443,46,0.383985,1.02034,1.71289,1334.25,632.152,289.552,72.0634,1.81679,125.703,136.572,39.4138,47.2253,5.2791,22,0.344807,1.13534,6.02449,543.632,87.8789,92.1594,30.513,1.64326,69.6299,55.0991,17.8395,22.6513,3.56736,33,0.446123,1.16445,1.91072
decoupled_wbc_h066_p000,1619,complete,90,18,16.0543,3.36605,0.370518,0.313495,371.007,84.0572,78.3084,29.0616,2.11188,58.6785,53.3043,15.4536,28.7967,4.05064,38,0.375032,1.18453,1.64932,309.718,62.097,63.1635,22.6494,1.8755,52.5315,45.8329,13.4902,25.3454,3.69608,45,0.25361,0.856423,1.05243,402.045,67.8883,91.3277,24.1171,2.67391,62.3064,44.8871,18.2641,30.1278,4.14188,44,0.311005,1.01143,1.03052,415.879,83.5402,97.6356,30.0694,1.90014,62.6349,51.5951,17.5018,27.6115,4.69461,50,0.278774,1.06988,1.00744,570.305,116.356,113.701,41.1605,1.40261,81.6109,67.8295,20.3207,34.2534,5.19561,43,0.335914,1.14417,2.06512,314.858,47.6809,59.8486,23.1786,2.2237,53.965,39.6414,13.8116,25.8216,3.55588,48,0.27462,0.829933,0.659336,452.322,76.9565,75.6278,24.6215,1.35485,59.1241,48.9144,16.0271,27.0473,3.6379,41,0.27623,1.03759,1.35444,352.293,75.6523,77.6165,27.3189,1.97269,58.0697,47.7966,15.0016,29.1618,3.7007,49,0.299916,0.929391,1.10021,609.46,97.5157,140.043,44.668,2.45915,74.7577,48.2568,20.2732,36.3483,5.27154,39,0.336495,1.3474,1.44867,593.141,116.522,136.36,46.3609,2.90816,77.0029,60.6532,20.6324,34.4201,6.70322,37,0.386849,1.35985,1.8866,643.117,161.67,105.082,44.9849,2.49083,80.5261,76.9405,20.8139,40.4243,5.20988,46,0.305752,1.00393,1.90042,414.537,90.4094,70.5514,33.8673,2.02171,58.4331,56.0639,13.5242,27.9969,3.50996,37,0.319646,0.985614,1.83124,535.076,93.2693,76.543,39.5117,1.76489,79.2493,60.7138,17.4761,34.8235,3.17171,46,0.333773,1.02973,1.58165,1387.41,182.443,181.271,71.7945,2.10793,111.983,70.9267,28.1597,49.3332,4.14162,39,0.287075,1.174,2.94821,388.673,109.344,87.5961,40.2591,1.35843,70.7899,63.4252,17.2035,33.2868,3.42408,62,0.261395,0.776488,0.924238,505.137,118.512,109.6,154.73,3.6861,71.7297,56.1893,19.4748,43.6221,6.51991,49,0.257005,0.960768,1.23494,431.06,99.042,106.823,39.7399,1.37944,65.7494,47.2576,18.6329,25.9247,4.2027,43,0.334627,0.982444,0.76197,524.576,122.162,111.031,31.0739,1.21699,78.1675,69.6426,19.9757,26.5701,3.17751,47,0.252401,0.912685,1.28346
decoupled_wbc_h066_p000,1620,fell,66.72,14,27.7613,13.4598,1.68523,0.916342,391.692,89.5222,121.928,30.5618,2.05033,62.9791,55.169,18.553,30.8097,3.99267,40,0.303255,0.977421,1.48012,329.528,86.7101,104.226,37.8974,2.07479,56.5514,49.5081,16.6958,27.2408,3.60598,41,0.225438,0.880975,1.05822,299.657,56.12,85.889,29.6725,1.23271,52.9819,43.077,15.8628,22.0668,3.38665,43,0.243467,0.881347,1.0053,484.563,120.981,101.056,36.5596,1.60949,75.6434,68.5583,20.942,30.5149,5.3391,59,0.242311,0.778259,1.07586,588.558,104.983,90.1708,32.9435,1.08591,80.4167,62.5181,20.121,31.0209,3.79482,49,0.299739,0.916439,1.50161,373.492,95.4278,83.9725,37.2929,1.52635,61.8089,53.1288,18.3342,29.4602,2.99872,58,0.198642,0.760436,0.658377,369.048,81.7529,75.9088,37.9169,1.87554,57.4282,49.9987,16.6097,25.8663,2.97165,43,0.262845,0.854322,0.767355,328.544,73.6734,89.6815,54.0224,2.58343,55.2145,44.7134,15.7351,26.6416,4.98151,42,0.266238,1.00471,1.09011,474.631,84.481,65.4318,23.5662,2.10267,63.6519,53.1393,16.1243,23.8944,4.53377,38,0.32999,1.08026,1.74152,707.063,166.484,175.652,183.668,4.61084,85.6944,63.9202,25.404,49.0095,8.32302,49,0.294639,0.929628,1.26975,566.16,116.631,101.842,30.7014,1.58193,87.9133,64.72,22.656,29.1821,4.89249,60,0.342219,0.860062,1.10326,456.062,95.468,91.3019,51.1937,2.79289,64.426,57.9037,15.336,25.1963,4.24886,35,0.317689,1.0593,1.65176,398.857,77.5393,103.362,34.6964,2.09716,66.4256,45.8144,18.0516,22.3818,5.4637,46,0.293036,1.07496,1.04013,4391.18,743.946,651.941,112.094,2.66341,216.035,114.241,63.2749,58.0322,13.9285,6,0.179878,0.925592,3.81004,,,,,,,,,,,,,,,,,,,,,,,,,,,,,,,,,,,,,,,,,,,,,,,,,,,,,,,,
decoupled_wbc_h066_p000,1621,fell,85.72,18,29.4255,8.28419,1.9169,0.528345,364.034,66.8204,68.2628,26.3327,2.95492,57.8829,49.5272,15.8327,28.3519,4.60796,52,0.309548,0.843718,1.10663,394.955,76.2053,60.9112,22.1431,3.33498,58.1909,54.0758,14.1345,26.2453,5.34323,41,0.355339,0.95426,1.62024,443.924,102.046,88.484,32.068,1.31645,65.5532,55.0376,17.5487,33.0203,5.23828,38,0.295334,0.980213,1.57813,462.949,98.3579,87.9929,26.3284,1.82052,73.9631,63.3761,17.9632,31.7068,3.59614,54,0.269472,0.910216,1.14348,497.99,99.2919,103.702,64.1742,2.69963,68.5814,58.331,17.5818,31.6317,6.17091,37,0.377411,1.23199,1.96198,394.886,75.1553,70.2937,31.3393,2.48672,63.7509,53.6945,15.3307,21.2493,3.66713,45,0.314362,0.891442,1.24523,477.01,112.215,111.306,78.5418,2.87683,74.9659,66.4253,20.5891,31.1824,5.0622,56,0.279263,0.798463,1.07293,511.598,108.433,126.353,38.2246,2.14095,70.3019,50.3201,20.5259,25.2785,3.3837,44,0.335849,1.03824,0.960093,449.059,89.6536,96.8432,28.0365,2.00084,65.7692,54.1638,18.3752,24.6424,4.33336,40,0.358651,1.0458,1.33996,413.868,75.4269,57.9927,24.8994,1.92255,61.4094,53.7964,13.3841,19.6497,3.36959,36,0.393125,0.986089,1.86729,521.866,116.308,121.246,24.5748,2.23547,77.5134,66.4781,21.613,30.1408,5.06864,47,0.366669,1.14811,1.40674,553.625,101.122,162.979,33.3947,1.8935,76.7073,64.1548,21.4741,37.058,5.10529,45,0.277489,1.09377,1.5651,528.761,102.033,165.557,215.143,51.2625,76.3214,60.6654,23.5385,56.2402,42.6193,40,0.340095,1.08946,1.44992,731.367,135.466,131.842,34.2115,2.61266,84.8105,68.5228,23.2435,34.9154,5.37981,40,0.312902,1.25067,1.93981,947.844,167.636,160.865,48.2386,1.8748,106.031,79.7326,28.2241,37.1758,6.39242,40,0.400806,1.39028,2.44824,816.521,140.184,124.869,121.539,5.56599,90.0871,75.1239,22.4673,34.6614,7.26483,37,0.302593,1.12833,2.43101,618.443,245.988,161.184,81.889,2.45652,85.2979,73.889,23.2076,36.1064,5.36337,47,0.371055,1.12579,1.58515,1523.32,139.384,256.577,217.675,21.838,70.0637,24.9089,24.8276,49.6547,18.2684,2,0.123901,0.574739,0.183655
decoupled_wbc_h066_p000,1622,complete,90,18,34.3495,2.92221,0.148524,0.138176,423.013,81.6776,89.402,20.3893,2.10419,68.706,53.5197,17.995,26.5701,3.95202,42,0.29941,1.09448,1.49635,342.235,66.8131,79.0302,19.2906,1.69708,58.1082,47.4789,16.14,24.0582,4.53789,44,0.367154,1.08193,1.34167,384.769,72.5079,99.1672,30.548,2.34291,59.1163,50.034,17.9947,25.9922,4.57373,49,0.258036,0.961635,0.952591,304.211,59.8361,61.2502,20.3868,1.64087,47.916,45.6091,14.4223,19.1123,3.26981,48,0.256242,0.690524,0.804115,548.126,115.838,84.0898,21.8936,1.54813,74.0727,61.9333,22.3096,29.057,4.44451,50,0.273963,1.06524,1.4067,428.901,78.2335,99.5911,21.9025,1.87317,63.9677,52.1428,18.734,25.8748,4.03528,47,0.283028,0.96976,1.22682,454.677,80.4082,109.524,103.293,2.90806,69.8001,51.1415,19.2161,31.4163,5.34514,46,0.316861,1.21865,1.40415,396.84,77.2542,102.285,23.4978,2.18598,62.3019,50.702,18.2552,25.3233,4.26285,49,0.278879,0.958357,0.972605,464.201,94.8588,92.6183,26.5091,1.2764,68.9514,59.1559,18.9254,27.5825,5.32221,55,0.29076,0.857702,1.1096,606.566,118.467,106.581,56.5071,2.2102,74.0403,62.5031,20.9317,31.8939,6.13217,41,0.349791,1.22591,2.06908,451.936,100.123,67.46,47.8334,2.42026,64.1523,55.5351,15.9938,26.4653,4.90604,42,0.324854,0.948683,1.53357,488.94,130.249,115.009,21.7194,1.81824,69.694,66.3847,19.3861,25.6443,4.06206,36,0.372574,1.11808,2.53484,646.019,123.504,142.844,211.784,5.89843,83.9071,63.2505,24.2011,55.7912,9.48279,36,0.318992,1.01973,2.16751,354.227,69.4692,70.9392,17.991,1.36207,59.4546,47.6688,17.1348,24.8444,3.6379,54,0.28908,0.855599,0.825433,397.568,74.9906,81.1249,73.6735,3.43326,57.5185,47.6375,18.4282,31.2323,7.23693,36,0.320618,1.04232,1.12459,492.098,128.388,105.287,19.0221,1.85331,70.4799,65.3206,20.499,25.2459,4.25533,44,0.363787,1.12055,1.89824,673.595,140.025,162.816,172.685,14.149,88.5415,70.9819,28.4788,48.2199,14.2976,40,0.328952,1.1551,2.55921,373.81,63.8639,76.7236,20.1801,2.10717,53.7935,45.9579,15.4268,18.5043,4.51062,40,0.318919,1.04619,1.36987
decoupled_wbc_h066_p000,1623,complete,90,18,19.7105,3.41414,0.108978,0.142244,406.479,56.2554,73.315,20.7579,2.07905,63.259,45.1145,16.9977,22.6894,3.60313,48,0.296503,0.924367,0.954958,356.027,86.215,91.1389,51.127,2.70693,61.0034,55.1416,16.7424,25.149,4.09294,57,0.223872,0.848227,0.979109,405.554,87.1432,79.938,32.6955,2.48774,62.5228,55.3368,15.9658,18.3697,4.00561,48,0.246332,0.818897,1.18943,280.848,67.6969,67.2968,36.2855,1.54688,49.6499,45.956,13.2846,18.6723,3.81006,46,0.201151,0.794528,0.747435,704.878,166.945,166.899,152.844,15.6333,84.1999,74.0508,25.7322,39.6524,12.0943,49,0.227988,0.866151,1.51898,386.437,91.0617,90.6028,48.6199,1.85404,63.1681,55.3987,17.7704,23.0546,5.44229,46,0.273227,0.769471,0.961787,341.445,87.0151,76.5001,33.8773,1.71525,53.9778,52.8072,14.6443,20.1066,4.48013,38,0.258132,0.858857,1.1641,405.136,112.06,142.256,89.0881,8.85429,67.9428,59.6239,18.9928,33.9423,9.47872,50,0.274051,0.918774,1.16627,325.565,93.5571,79.4799,43.6117,1.85834,56.831,51.5697,16.0589,23.051,3.72789,46,0.269143,0.768761,0.948042,364.862,98.7282,78.5906,42.9476,2.43028,54.0686,56.0822,14.3817,25.7635,3.66725,46,0.225709,0.814464,1.26311,501.921,107.634,89.8744,43.8684,2.66354,72.4721,60.0301,18.416,34.0211,4.85732,38,0.288815,1.0326,1.58617,489.92,90.6918,95.7632,36.2966,1.44415,69.5099,60.7504,18.6969,27.6316,3.56276,50,0.298513,0.901399,1.1534,707.032,162.403,175.989,35.2429,1.67983,91.7319,70.0831,26.5878,29.6883,4.3998,42,0.360724,1.33351,2.29287,351.061,93.776,106.816,27.6198,1.86677,60.6314,57.6053,18.11,20.9717,3.8057,49,0.243866,0.910331,0.993844,442.832,80.3655,69.0664,46.0485,1.71353,59.9288,55.4368,14.7966,21.2909,3.2164,42,0.299726,0.90171,1.67316,454.151,99.7123,98.6228,28.1891,1.31917,63.6126,54.9251,18.6529,22.8261,3.32841,40,0.312819,1.00973,1.14853,457.239,107.952,115.11,36.7682,1.28455,73.3493,60.3631,18.2185,25.1314,3.51919,50,0.295279,0.931624,1.09808,347.487,98.7225,97.1071,31.8868,2.00249,61.0441,52.0639,18.0405,21.7085,3.15601,56,0.257553,0.874326,0.848696
decoupled_wbc_h066_p000,1624,complete,90,18,16.6725,3.66047,0.21788,0.322616,494.837,113.862,115.222,33.5693,2.16115,78.6076,63.8176,20.9471,33.9647,5.0881,50,0.273823,0.926079,1.37106,396.995,98.0354,105.962,50.1525,2.41705,68.1444,56.4971,18.4725,30.1364,3.97164,53,0.274631,0.913858,0.988806,334.651,85.1822,89.9556,28.2721,1.52818,61.6475,56.1538,17.8379,28.66,3.67475,50,0.254908,0.921253,0.957401,392.703,82.4177,81.9598,27.5083,2.12596,60.7013,56.2398,17.0236,25.224,3.01136,42,0.303342,0.835106,1.10171,421.882,77.3888,85.0328,29.159,1.84871,66.6315,52.1274,18.9814,28.1201,3.80677,47,0.379197,1.02954,1.07112,396.796,86.2253,96.5313,34.0839,1.65288,67.7733,53.4992,19.1281,23.3382,3.46386,50,0.268724,0.940681,0.886644,528.474,104.31,95.2721,44.0049,1.88588,67.5851,53.4943,17.4444,21.3986,3.44672,30,0.379782,0.932056,2.11025,477.444,111.642,89.5327,43.302,2.63579,67.6581,65.9554,16.5306,25.0232,3.60146,54,0.257508,0.868137,1.15899,508.991,118.471,107.797,43.8259,2.79514,74.1045,63.0827,20.0201,30.1899,4.03382,46,0.376394,1.01386,1.31191,667.689,179.563,109.436,42.4458,0.935467,86.0954,74.4824,22.7519,32.1528,4.25448,34,0.386296,1.19905,2.75618,335.001,67.5541,66.6548,31.7358,2.37996,49.6682,46.1903,13.7207,22.762,3.39869,31,0.32203,1.0037,1.35742,480.816,139.602,125.39,42.6321,1.48234,77.7074,70.1944,22.3869,33.404,4.7053,49,0.221191,0.84724,1.1912,672.799,142.668,112.095,104.38,3.70007,90.1979,70.5823,24.5896,45.7268,8.21943,46,0.30359,0.980888,1.60897,458.577,120.854,141.88,190.669,8.03259,69.7047,67.0144,22.218,53.4817,9.81399,53,0.219773,0.942313,1.20135,440.927,74.5458,62.8501,31.5238,1.5827,62.9326,50.061,14.5468,21.9681,4.25391,47,0.279167,0.848458,1.08256,551.675,122.566,92.1226,46.0701,2.31005,69.7944,62.9361,17.4732,26.4184,4.31207,34,0.378568,1.21291,2.22148,407.552,107.561,131.218,253.508,43.5868,68.5512,58.3606,20.184,52.8917,26.1705,42,0.227108,0.875406,1.27932,616.076,118.728,129.6,80.3298,2.99595,84.0729,65.4784,23.7802,35.2529,5.97849,47,0.298958,1.11845,1.64943
decoupled_wbc_h066_p000,1625,complete,90,18,21.265,3.99177,0.189018,0.0841337,419.141,75.248,91.1033,35.5611,1.7425,66.7847,51.1228,18.1935,31.4816,4.60757,47,0.305896,1.06409,1.15627,448.815,67.5099,96.8356,79.1019,4.91522,67.9755,49.6991,18.2145,31.4243,5.67239,48,0.334406,1.12464,1.15199,451.484,90.8554,63.4017,25.6714,1.66492,62.321,54.1319,16.7399,26.2786,3.98384,40,0.38361,1.12006,1.60772,415.658,89.3663,90.6726,24.082,2.0857,64.7571,58.1787,18.9198,28.0869,4.89732,52,0.250871,0.926185,1.23813,468.905,101.316,92.8364,60.8757,3.20034,70.0229,64.6172,19.4795,29.8045,6.40759,53,0.301552,0.862636,1.07405,348.208,68.1555,76.0853,22.6947,2.10751,59.7656,49.5159,16.7727,23.0435,4.06484,46,0.309277,0.922546,1.02044,291.705,65.5005,66.4736,37.8008,2.31548,49.6825,45.9068,14.2187,22.915,3.72862,42,0.27876,0.855919,0.983186,344.666,80.9551,53.886,20.6901,1.57532,53.9203,50.8462,12.9068,20.7475,2.7293,37,0.39225,1.03762,1.87568,489.573,108.758,103.34,62.4637,1.59161,71.5704,65.697,19.0575,35.1143,5.24095,45,0.386223,0.931192,1.75466,772.505,136.344,161.575,34.5363,2.20907,90.3146,70.3409,27.7162,37.0606,5.78855,43,0.343827,1.04015,1.57098,409.228,85.3166,88.5136,34.182,0.864906,60.146,50.9728,17.5974,24.0955,3.18986,45,0.304636,1.01143,1.32232,421.431,82.2605,74.5056,29.8567,2.1398,64.617,53.0024,16.7013,25.7006,4.50126,54,0.282074,0.904131,1.02495,381.967,69.2654,62.411,28.8947,1.34079,58.2054,46.1442,14.979,20.0977,4.29118,38,0.321832,1.01083,1.52625,629.984,164.173,137.131,53.8556,2.79624,81.3031,72.0423,23.114,38.4658,7.97952,33,0.377594,1.32195,2.88813,563.187,104.815,92.851,25.8368,1.09655,74.103,60.7779,19.4457,26.9807,3.84451,42,0.376747,1.09983,2.04877,549.191,154.854,133.104,27.8793,2.07722,75.6687,68.8183,22.1671,32.8862,4.28862,46,0.337901,1.08297,1.78038,527.967,106.571,89.6509,30.2365,2.26177,75.1684,62.3949,17.6685,27.5273,4.32752,40,0.356393,0.968081,2.09185,459.534,78.3209,89.4062,41.7125,1.57277,65.4221,46.3848,18.6618,26.9933,4.21395,38,0.348048,1.06488,1.21231
decoupled_wbc_h066_p000,1626,fell,65.72,14,24.9374,12.01,1.28539,2.16736,435.491,73.9912,116.648,27.4212,1.18285,70.5763,51.1588,19.7386,31.3623,4.33711,44,0.292042,1.02086,1.15814,412.022,84.0197,93.0676,29.7989,2.72153,63.9812,53.6605,16.8894,29.0806,4.0865,46,0.319417,0.995764,1.34767,395.202,71.5695,65.1726,35.0883,2.13731,59.1584,51.585,14.7535,23.7664,4.80394,36,0.302778,1.04786,1.71507,450.682,97.6186,108.828,37.3605,2.05259,70.198,58.2019,20.2765,27.2159,5.36754,44,0.317546,1.11977,1.43233,399.927,110.163,120.136,27.9789,1.7722,63.8346,59.9503,19.8347,20.72,5.1439,43,0.289255,0.951482,1.30184,404.246,91.6952,88.7166,31.2547,1.55776,64.7045,57.2924,17.4269,20.2215,3.68616,58,0.226049,0.831237,0.96591,652.357,147.637,105.915,52.5878,2.53032,80.9472,71.6246,20.7693,26.1497,5.47331,42,0.349479,1.11188,2.4615,499.428,110.502,162.509,143.864,3.66235,77.1135,62.08,23.0595,33.2351,7.01036,54,0.28451,0.959546,1.25645,567.052,169.288,163.65,42.9398,1.22758,81.9084,64.0419,23.8456,27.5592,4.67184,45,0.340843,1.06347,1.2832,790.596,222.211,176.233,36.2742,1.65334,93.2411,77.0736,27.6505,31.5902,5.52347,46,0.362873,1.11597,1.83622,389.572,89.3374,99.0356,46.5612,7.01538,60.7533,55.5825,17.6776,33.1189,6.19761,53,0.26857,0.774887,0.82984,463.131,93.67,110.925,39.5192,1.06313,70.6882,58.5948,20.6642,28.8402,3.48166,54,0.280577,0.869238,0.970239,715.316,321.474,239.528,54.4668,1.6134,95.2216,83.6144,30.2812,34.3356,5.84634,40,0.335741,1.02674,1.69705,2896.27,157.299,468.226,106.971,9.59978,123.128,30.6321,28.3849,27.6255,10.874,2,0.447426,2.38476,2.05411,,,,,,,,,,,,,,,,,,,,,,,,,,,,,,,,,,,,,,,,,,,,,,,,,,,,,,,,
decoupled_wbc_h066_p000,1627,fell,55.8,12,46.3431,15.9278,1.76288,1.27323,541.613,120.698,99.9959,25.787,2.39645,84.7355,66.5278,21.9182,31.0359,4.36734,58,0.316632,0.942898,1.23467,449.153,79.5373,82.9203,68.0768,2.82186,65.5394,55.6183,16.539,29.4411,5.43098,51,0.371862,0.904653,1.25504,479.946,89.4321,89.6154,28.0514,2.61659,73.2608,59.0735,19.1507,25.8432,5.59621,48,0.337467,0.913465,1.37631,343.407,62.2536,75.1563,20.7428,2.4337,58.2203,48.9088,15.1751,20.2796,4.2119,42,0.334155,0.955895,1.15696,538.119,118.451,145.599,33.9371,1.85239,78.7964,58.7015,21.0491,34.0361,6.66706,41,0.346977,1.15423,1.90775,439.409,93.9679,76.7455,56.204,5.7347,62.8397,54.3102,15.192,30.9396,8.27376,37,0.343608,1.07203,2.02009,677.288,126.929,123.084,213.998,15.0562,86.9492,66.0617,22.4632,59.5759,19.1613,48,0.308755,1.02109,1.51889,923.594,190.191,122.393,58.1905,2.25117,105.509,81.8725,24.8448,43.9866,6.6218,41,0.266833,1.4969,3.42686,889.179,146.766,157.308,136.649,8.40255,94.6669,67.743,22.6042,45.0718,8.89416,32,0.394704,1.36411,2.87112,487.927,96.2941,83.8862,31.1118,2.60556,72.4093,62.8427,18.4077,34.7625,4.36427,51,0.33516,0.880619,1.24315,638.485,131.439,133.077,168.844,5.57075,87.1376,73.2436,22.8905,47.0546,7.93574,48,0.37055,1.10975,1.67878,3002.42,277.22,432.965,152.789,4.56181,115.931,42.3304,26.8816,44.4048,10.6616,3,0.283356,1.57349,9.6401,,,,,,,,,,,,,,,,,,,,,,,,,,,,,,,,,,,,,,,,,,,,,,,,,,,,,,,,,,,,,,,,,,,,,,,,,,,,,,,,,,,,
decoupled_wbc_h066_p000,1628,complete,90,18,16.9678,2.87578,0.20003,0.255136,342.859,64.8082,88.2003,24.6504,1.41867,59.0794,45.7062,17.4325,27.5441,3.99946,48,0.261647,0.940687,0.960821,350.359,74.3578,103.506,24.3275,2.9824,57.3718,45.5037,16.7869,27.3666,5.05868,45,0.31829,1.00357,1.07039,409.284,79.8452,94.1265,29.3333,2.38556,65.8414,52.4131,17.6359,26.1677,5.63592,44,0.305429,0.976191,1.1439,418.682,101.588,110.192,45.4949,2.15266,66.1931,59.1498,19.0612,30.8399,7.73357,47,0.285017,0.909555,1.18577,469.127,94.6427,90.8266,30.3734,2.41828,72.1561,53.6564,18.4743,25.8492,5.68225,42,0.320337,1.09357,1.29605,424.067,100.778,92.3418,29.2031,1.9479,64.2848,57.8004,18.2917,25.7138,4.71273,52,0.261057,0.888287,1.21402,315.445,61.8834,68.879,29.1326,1.89848,58.4669,45.7368,14.9132,22.3183,3.44296,54,0.292767,0.742535,0.821479,416.003,97.8983,103.219,27.372,1.97036,65.6466,56.514,18.5872,27.8605,3.80924,40,0.301185,0.947393,1.61968,497.665,121.359,89.056,27.2305,3.07411,69.8411,57.5278,19.486,26.5812,4.36862,46,0.283153,0.892432,1.33908,355.189,85.1662,85.1211,21.6215,1.92529,56.8426,54.2011,15.5835,19.9739,3.38721,41,0.306289,0.921476,1.31585,388.202,102.978,98.2773,26.3375,1.78066,69.3616,56.4721,18.5259,23.2722,4.88039,60,0.214946,0.788266,0.922578,676.448,102.548,150.186,203.343,18.9987,89.5569,60.4376,25.9548,39.9011,11.3047,39,0.298667,1.21314,2.2412,552.343,124.183,116.591,55.831,1.49988,82.2238,58.4967,21.3442,29.1575,3.22014,48,0.329864,0.95326,1.29745,412.985,134.175,92.0834,52.9308,1.0164,64.8921,63.8023,16.6849,21.8896,2.94268,40,0.277571,0.799968,1.30051,645.405,146.158,113.25,55.4206,2.93624,81.9964,69.0059,20.5784,28.2209,4.11163,48,0.309312,1.02536,1.76021,501.072,108.907,91.1102,32.0267,1.07838,70.5487,61.8834,16.3552,24.1458,2.9048,41,0.334976,1.00234,1.88993,884.795,129.223,122.631,29.6743,2.09818,95.0247,68.2156,25.2349,29.7785,3.57496,37,0.327938,1.16943,3.09586,550.737,129.255,122.227,25.4033,1.65648,77.8704,67.6139,21.85,32.4328,6.12698,42,0.332114,1.18422,2.25991
decoupled_wbc_h066_p000,1629,fell,75.68,16,37.5511,8.11299,2.45319,3.01764,342.009,70.4922,73.7714,26.3271,2.34667,56.27,46.9916,14.442,27.1534,3.98171,38,0.328878,0.995526,1.36103,485.115,93.7919,87.3073,43.1009,2.78201,67.8751,56.4694,17.0367,30.5527,5.90208,37,0.379972,1.17393,2.04654,395.876,78.6414,94.8765,38.7332,1.98845,58.9139,53.1197,16.8032,30.9327,6.21332,52,0.249397,0.882325,1.08426,341.542,69.2099,94.9425,29.0538,1.58654,56.6755,44.6816,16.3842,29.4727,4.49236,42,0.390719,1.03522,1.32564,473.296,82.0951,87.1599,23.5736,1.85705,70.3005,53.6759,16.9992,29.3988,4.29283,44,0.300677,0.991088,1.48277,485.438,95.8316,99.7608,45.4184,2.86698,70.0158,58.5224,17.4419,30.7638,4.11726,44,0.278995,0.898867,1.72521,445.474,104.019,86.2228,31.3332,1.90332,72.372,65.2876,18.835,24.7361,4.00377,48,0.274016,0.866667,1.25716,306.479,98.6579,79.5107,36.9715,2.01633,55.2936,58.169,15.8562,19.9982,2.93834,54,0.199853,0.711747,0.793393,567.28,230.422,145.479,45.0984,1.71637,83.8269,80.1,21.8814,27.3998,4.42264,52,0.392439,0.820653,1.40583,411.389,88.3406,82.5835,29.7095,2.13088,67.3716,52.0009,18.5948,23.156,4.62671,52,0.283636,0.877831,0.876796,400.266,80.2116,74.1168,32.9898,1.60808,60.8556,51.5658,17.5364,24.9498,3.75225,55,0.237861,0.774589,0.857457,480.229,82.5465,110.398,26.416,1.8564,72.0328,54.1754,20.111,25.325,6.08823,45,0.262706,1.01966,1.2193,1310.86,462.935,273.056,178.758,20.5728,125.276,107.781,38.786,55.9055,14.3401,33,0.393383,1.21769,3.57237,503.879,97.3866,113.299,41.7162,2.0685,73.2797,52.0315,20.5308,26.6069,5.94654,55,0.253518,0.937086,0.779871,602.124,91.1121,79.6145,35.9441,2.15476,78.856,61.1633,19.0721,22.7561,4.98212,45,0.33006,1.06821,1.68818,1438.32,156.844,234.981,42.3876,0.432106,74.4103,22.3046,17.6062,14.7269,2.57838,1,0.303314,0.732463,0.635193,,,,,,,,,,,,,,,,,,,,,,,,,,,,
decoupled_wbc_h066_p000,1630,complete,90,18,26.661,3.00227,0.146332,0.216505,316.153,69.582,89.1547,20.7587,1.75644,54.8214,46.085,16.7208,26.1206,3.23176,41,0.296457,0.999185,1.26137,333.583,84.6043,87.2273,31.3615,1.76821,58.5359,55.7025,17.3039,26.3955,3.5262,52,0.2465,0.866489,1.03121,375.956,79.4707,90.6171,27.9034,1.5799,59.8526,58.1309,17.3138,27.0967,3.49032,47,0.28516,0.892509,1.20248,407.135,97.3118,119.605,38.9125,1.07531,66.2643,58.4232,18.8173,31.4547,2.92033,52,0.248131,0.818869,0.993421,531.513,98.5877,121.491,67.618,3.55236,78.0437,65.9165,21.523,33.0046,5.44262,51,0.242422,0.936173,1.33666,637.264,120.365,147.843,30.5352,1.77884,84.9108,62.3361,24.2504,32.139,4.8215,38,0.376345,1.19898,2.02772,489.938,101.98,93.6076,85.3399,3.61082,65.4375,57.9108,17.9387,27.0259,5.67903,35,0.355107,1.05508,2.00252,417.093,70.8408,97.3138,18.7457,2.38284,64.8746,49.0866,19.4711,21.9142,5.08908,49,0.281179,0.978677,1.00819,570.297,124.339,149.715,20.3804,2.85376,81.7427,63.9638,26.2074,28.6286,8.03205,53,0.329756,1.11441,1.3472,499.853,92.2661,114.956,38.9852,1.55998,72.9823,55.1126,21.3261,26.0324,6.094,47,0.298461,1.12881,1.39356,538.563,160.131,162.081,23.3491,1.47035,77.4193,74.2328,24.5512,27.7091,7.23965,42,0.35815,1.20705,1.88589,398.542,78.4838,91.3456,21.3672,1.8826,61.0332,47.0019,17.8279,23.4385,3.97018,38,0.349921,1.21503,1.4161,728.489,128.803,124.419,23.6449,2.13935,94.4447,72.8851,24.7879,29.2077,6.0779,45,0.394803,1.13116,1.96984,561.389,109.864,108.431,22.3966,2.18085,76.7286,62.039,20.2999,28.0897,4.3201,49,0.272069,0.94961,1.39825,614.04,125.248,143.745,58.1424,3.03443,84.2566,66.5684,24.5139,31.5943,9.41077,42,0.345248,1.17551,1.65346,476.49,89.871,115.083,30.1325,2.16263,66.4506,48.0243,20.1264,27.6623,7.92295,44,0.305037,1.00555,1.08015,703.552,110.51,112.583,33.6754,2.23369,86.1771,69.9172,22.7102,31.2268,5.45227,53,0.309328,0.873052,1.56461,408.475,82.8026,82.1462,24.014,1.83426,62.6665,50.4008,16.7329,22.9995,3.40852,39,0.361485,0.993285,1.44228
decoupled_wbc_h066_p000,1631,complete,90,18,15.6442,3.30001,0.253175,0.0807543,429.641,91.5809,100.101,25.6212,1.62774,75.3628,59.515,20.4908,29.3521,4.5678,47,0.309325,1.1288,1.25169,524.296,108.305,130.292,39.8889,1.79417,78.6827,64.8684,22.74,29.8268,5.04298,48,0.306395,1.00946,1.29327,404.718,127.242,107.516,36.3774,1.23736,71.0797,69.0339,18.7728,24.152,4.26984,54,0.231687,0.779628,1.23914,426.71,103.363,96.4787,31.9646,1.80984,65.3092,58.3947,17.3589,21.9652,3.88329,49,0.292448,0.892716,1.14625,502.713,112.936,105.576,66.7275,1.65423,71.4819,59.7343,17.961,24.46,4.0039,51,0.287304,0.903974,1.01401,442.022,107.719,77.6741,34.8975,1.89419,60.6626,60.3067,16.0874,20.8225,3.78728,40,0.367512,0.93174,1.60457,431.713,94.2307,131.292,26.9221,1.83146,71.3617,60.0631,20.1465,23.7435,4.69931,53,0.284717,0.929525,1.211,450.371,104.278,94.1897,27.7343,1.46253,71.1361,61.2452,18.3455,22.2962,4.65498,63,0.251045,0.692541,0.815373,359.861,79.6588,102.239,25.0745,1.4013,54.5341,52.1976,16.5935,20.175,4.04197,37,0.285407,0.862929,1.21783,1606.29,209.386,235.463,43.7684,1.83282,122.642,74.2971,35.6624,34.2007,4.63714,43,0.318293,1.20689,4.26747,427.555,121.658,110.759,74.0596,2.31598,67.8457,64.1302,19.8546,28.9133,5.2658,50,0.217783,0.856632,0.952252,609.841,119.176,103.245,36.5766,2.13482,75.8867,70.4874,19.1312,29.8368,5.59596,39,0.426828,1.20925,2.33423,565.081,92.6398,135.935,167.744,15.312,70.1354,48.9328,20.9837,39.5237,10.9785,40,0.306976,1.07332,1.43634,407.215,102.001,97.6422,35.5834,1.77573,65.0014,56.3407,18.3434,24.2379,3.57965,39,0.272176,1.13685,1.26756,630.166,138.938,124.759,42.7866,2.02292,76.1386,64.4014,19.5797,22.8708,4.38138,38,0.336264,1.00491,2.42222,310.441,78.6346,91.9318,41.6153,1.93207,48.6649,44.6347,15.0407,20.5555,3.58907,38,0.27211,0.861825,0.797951,537.027,101.295,99.7888,123.286,3.60828,73.2875,52.5183,18.5105,32.1193,4.78177,45,0.289465,0.982241,1.21051,474.743,136.154,107.066,58.9286,1.90753,67.4887,68.2708,18.8646,33.7064,5.27376,45,0.251738,0.796941,1.23626
decoupled_wbc_h066_p000,1632,fell,50.76,11,23.0626,18.4181,0.994754,0.194067,476.877,91.9515,113.525,19.4572,1.60255,72.4381,62.9873,19.9311,27.5527,4.18082,47,0.294742,0.990606,1.44364,354.468,73.877,83.2724,20.3994,1.36349,63.0162,51.2073,16.5262,23.4427,3.51871,44,0.351826,0.970298,1.19914,467.315,103.765,85.3102,30.9539,2.01765,68.7363,63.5702,17.4723,29.6583,4.7932,51,0.349322,0.88497,1.35405,613.795,127.616,128.008,31.364,1.98269,85.7695,72.2757,23.3071,34.484,6.2367,37,0.330241,1.09197,1.97684,478.336,97.0434,132.469,117.434,2.97677,71.4273,56.8325,21.2945,37.0155,6.55186,47,0.302775,1.03834,1.12553,430.7,105.354,94.4757,32.2786,1.62447,62.5463,58.235,16.6469,27.2643,4.35189,45,0.307031,0.920981,1.69976,459.175,95.2764,80.0442,30.4497,1.53552,69.0322,59.0058,16.6498,30.0679,3.06213,47,0.274864,0.816768,1.30086,592.536,130.925,128.381,39.9044,1.35015,86.48,66.3332,21.6594,41.4323,3.62483,39,0.341414,1.07699,1.97942,395.073,65.9892,74.6567,117.756,2.10403,61.6092,47.3816,15.8581,36.8639,3.9012,43,0.318984,0.939181,1.0222,1039.65,360.093,169.777,64.906,1.3167,99.758,92.1939,27.5541,50.7098,5.93037,40,0.440153,1.1616,3.0223,3033.94,261.285,250.158,117.075,2.39673,113.245,47.9291,25.1433,42.6004,5.84929,6,0.151423,1.27714,8.34932,,,,,,,,,,,,,,,,,,,,,,,,,,,,,,,,,,,,,,,,,,,,,,,,,,,,,,,,,,,,,,,,,,,,,,,,,,,,,,,,,,,,,,,,,,,,,,,,,,
decoupled_wbc_h066_p000,1633,complete,90,18,17.9809,3.62051,0.234222,0.102331,425.031,118.388,117.548,38.0194,1.61376,66.3923,61.2743,18.6933,31.398,4.73334,54,0.219118,0.848505,0.977144,503.979,103.812,82.1574,44.5659,1.28704,69.9366,64.4867,16.9163,29.9794,3.78151,56,0.300858,0.869371,1.27891,448.619,98.013,76.9825,47.2403,1.46125,64.1173,59.8193,16.3169,29.2205,4.47374,42,0.270197,0.914084,1.4151,329.93,70.5375,80.9865,37.5257,2.1049,51.8595,44.1088,14.3074,28.2205,4.34857,51,0.222308,0.815503,0.873475,317.181,79.9858,84.4175,36.0518,1.38807,56.9455,47.9491,15.7479,26.7325,4.06959,47,0.175023,0.753156,0.80696,378.849,88.3141,84.5192,42.2556,1.51068,58.7903,49.7029,16.0091,30.4143,4.18826,47,0.232446,0.901073,1.00722,418.63,92.3701,69.0259,75.7184,2.46967,59.8404,52.5757,14.694,34.1227,4.67006,44,0.251379,0.783785,1.05368,498.221,113.952,97.2925,32.4597,2.50469,76.3988,65.6929,18.9153,32.3388,4.24571,49,0.268045,0.974093,1.39739,404.031,81.2299,80.9864,37.2798,2.12734,61.079,47.6571,15.812,30.5374,4.63354,43,0.305563,0.917091,1.00776,416.008,87.4475,90.5016,31.955,1.30407,63.5493,51.6496,17.0343,31.9256,5.32925,47,0.331583,1.06197,1.22882,716.973,127.706,113.459,41.7253,2.09003,77.6264,65.5477,22.0589,38.8989,5.63243,50,0.286882,0.86079,1.26341,524.649,87.1122,83.8841,34.1313,2.14549,77.5973,64.7964,17.3598,30.9873,4.58894,47,0.335824,0.886688,1.52215,838.21,226.028,222.979,109.029,4.89937,102.407,77.1582,30.3353,58.665,9.04575,41,0.458366,1.16689,2.50535,416.187,86.9237,126.729,52.0826,1.65613,61.8717,42.8679,18.8433,34.1262,4.11544,42,0.316449,1.00432,0.884428,716.721,122.937,112.326,53.8141,2.15915,85.1556,72.9156,19.8383,34.5183,5.35616,41,0.383996,1.10836,2.10851,509.996,126.424,160.702,117.193,2.10709,76.1106,66.1518,22.0743,38.4353,5.6433,46,0.232901,0.95805,1.38831,682.947,134.919,123.559,50.67,2.44167,85.3561,65.0319,23.0771,32.1839,5.81833,42,0.283679,1.08072,1.49136,494.379,187.316,100.855,37.7314,2.41437,75.1223,68.7742,19.2963,32.5594,4.80683,46,0.291839,0.939483,1.45888
decoupled_wbc_h066_p000,1634,complete,90,18,28.6576,2.63933,0.571912,0.184464,395.089,82.4555,73.2209,13.0264,2.10734,60.2341,55.4579,15.5966,21.0092,3.33511,49,0.280069,0.834026,1.26475,342.424,72.6027,89.2932,34.5983,1.47082,59.7792,50.4398,17.4895,19.3167,3.64761,47,0.239711,0.901842,1.11991,378.143,86.9102,116.958,51.7345,1.93337,64.2101,54.9071,19.0461,24.2365,4.73187,50,0.20317,0.766738,0.876935,360.231,119.462,113.819,28.1116,1.81871,67.9114,63.0557,20.9142,28.8514,4.0283,53,0.278521,0.927987,1.03459,534.811,107.463,125.298,121.105,6.77093,83.581,62.1272,23.7581,43.56,9.63265,52,0.373396,1.08802,1.35792,571.572,102.484,126.866,34.8083,2.00217,83.3133,59.4337,24.3201,28.2972,4.75105,44,0.355021,1.13606,1.80061,777.871,122.382,110.207,32.3737,1.97419,81.4921,71.7641,21.5585,26.3378,4.77365,44,0.346569,0.996968,2.18627,387.825,76.9059,89.9679,22.7322,1.97889,65.279,47.9349,18.2407,25.826,3.10089,43,0.300045,1.05822,1.20722,481.071,97.7302,92.5889,32.4662,1.49024,71.3551,56.6269,18.4999,29.6148,3.68162,50,0.336542,0.909726,1.08523,458.899,82.5945,103.214,57.6516,1.86063,66.8899,51.9584,18.4138,30.7465,4.70879,51,0.316851,1.03699,1.12281,462.667,116.365,104.704,34.4656,0.921011,66.1286,66.701,18.1529,26.7998,3.95924,47,0.262839,0.816254,1.34544,360.997,78.7958,82.6788,39.9025,1.63806,60.1581,47.8227,15.5002,25.4972,4.45469,46,0.304074,0.975717,1.00204,527.8,88.4373,183.758,188.184,6.5648,76.5744,59.128,24.1458,37.3209,9.26723,50,0.287187,1.10661,1.22439,1493.9,582.48,256.337,109.783,4.03269,140.827,127.76,38.5045,54.6121,5.87198,25,0.525132,1.19679,5.54879,433.556,50.1415,56.233,25.6426,1.53452,60.5772,43.8653,13.3744,16.4609,2.31899,33,0.466902,1.07443,1.75915,364.764,104.046,123.536,32.9126,0.877144,62.6763,53.5722,19.3585,21.6808,3.19331,50,0.306293,0.944178,1.02594,395.937,102.489,94.5642,31.8904,1.89025,66.9134,60.3088,17.0102,23.9925,3.86456,51,0.215556,0.819107,1.01705,444.914,96.7339,119.466,35.2777,2.25123,67.8115,51.5711,19.3605,26.7533,4.81656,48,0.315834,1.05181,0.955022
decoupled_wbc_h066_p000,1635,fell,85.68,18,21.3243,6.88507,1.74304,2.78064,394.382,81.7657,69.2133,17.4127,1.44212,57.9404,51.8205,14.2262,23.0422,3.24496,41,0.329598,1.06096,1.83552,390.554,79.1606,75.5001,17.8813,1.45042,64.7817,49.76,17.2785,23.1174,4.10168,50,0.304464,0.962662,0.959027,442.942,79.5107,72.1179,40.478,1.79316,66.0133,56.8268,15.827,22.24,4.98228,44,0.347588,0.956963,1.72007,369.425,98.8948,104.574,28.0135,1.24701,64.3764,56.5543,18.0029,25.0089,3.26885,43,0.288971,0.895643,0.980184,453.547,128.63,110.267,118.182,3.64021,68.0837,64.455,18.7266,30.3174,4.15659,48,0.24289,0.843682,1.27809,357.409,86.6055,97.5397,45.2482,2.06984,61.9455,54.0157,17.4365,29.335,3.44846,43,0.292171,0.945978,1.24589,329.83,65.2742,71.6324,80.1305,2.63251,51.2058,46.1243,14.0781,32.1176,4.55643,57,0.20386,0.728924,0.734616,588.731,104.577,81.3002,47.2554,1.38705,65.6641,56.9686,16.4878,36.9174,3.52337,35,0.213157,0.91082,1.66479,461.78,97.9241,104.743,80.389,2.94081,73.5931,56.8516,17.774,36.8815,4.4691,51,0.245243,0.867108,1.14774,284.271,81.4266,63.7379,37.9041,1.81124,47.4631,46.7842,13.4259,27.0782,3.46962,49,0.21294,0.728018,0.717599,582.166,199.961,146.095,47.8156,1.56708,76.4523,69.6059,20.8926,41.9733,3.68167,37,0.228539,0.850593,1.70082,408.525,89.4413,102.957,34.2809,1.39367,62.821,55.322,17.9342,31.3948,3.76444,48,0.295753,0.932138,1.10017,479.71,108.316,110.125,46.7567,1.21803,70.9822,54.379,18.4471,35.7329,3.51484,50,0.294522,0.928725,0.975648,437.026,91.239,91.9457,35.4803,0.993938,66.6028,59.0264,16.3862,32.4683,3.4176,51,0.293792,0.928795,1.35863,537.979,147.435,107.789,35.1645,1.65286,66.6777,69.0933,15.7951,29.4633,2.99898,36,0.345185,1.0863,2.40282,789.105,226.225,125.213,78.0753,2.5444,88.6822,79.8529,21.1357,39.4062,4.24408,30,0.43164,1.4096,3.00494,542.58,130.045,114.543,48.5305,2.33229,83.7844,67.4221,21.4357,32.4142,3.38543,52,0.245804,0.8786,1.30986,1311.32,131.863,141.758,112.496,8.61051,60.0485,26.1142,14.9742,21.9706,8.53309,3,0.285492,0.990211,1.19995
decoupled_wbc_h066_p000,1636,complete,90,18,23.8831,3.20832,0.152278,0.125794,338.098,70.9978,100.022,21.4449,1.91142,55.1668,48.0655,16.9058,27.8074,3.85524,44,0.263016,0.942908,1.1736,427.183,77.6352,86.6594,21.5279,1.59123,64.526,55.1337,17.0403,27.4393,3.84231,50,0.321928,0.86546,1.31271,411.654,80.6627,88.6944,25.7841,1.73383,67.8237,56.2456,17.6239,25.3854,4.52612,46,0.32214,1.03762,1.46901,513.209,96.9559,110.874,30.1165,1.14817,72.218,55.6977,20.676,28.4707,4.88431,42,0.324886,1.13909,1.46126,437.473,96.5169,112.922,33.4256,1.75852,65.4112,53.5498,18.9941,30.7118,3.95389,55,0.288946,0.936909,1.02464,685.175,111.72,103.58,30.095,2.13287,87.9456,68.0708,21.5918,31.7176,5.31204,44,0.37812,1.10262,1.95505,489.972,76.416,93.3121,24.7613,2.43004,65.2942,49.5007,19.2166,26.428,5.22715,48,0.368008,0.941994,1.20183,774.787,139.164,171.526,46.8457,2.55884,99.8011,73.8478,28.6572,40.6983,7.82308,50,0.30299,1.08133,1.77954,750.334,136.296,129.68,33.6666,2.09564,93.8579,75.2367,26.4148,37.2608,5.91165,50,0.339899,1.21705,1.60598,545.304,123.071,129.058,106.47,3.55454,76.5517,70.8178,22.57,38.0596,7.23245,46,0.289723,1.05757,1.40082,635.163,200.868,142.181,39.9233,2.62395,83.1209,71.4624,26.0491,38.3885,5.63363,45,0.351545,1.08847,1.45334,484.187,93.5166,92.8885,32.2292,1.82695,68.7182,59.2043,18.1902,26.0761,3.90865,53,0.228781,0.837296,1.02152,524.984,118.726,117.783,37.6393,1.66461,77.971,68.7159,20.9004,27.8742,4.19242,54,0.260488,0.89694,1.13141,396.064,72.6704,69.5536,26.0112,2.58057,64.8982,48.6516,16.0323,23.9967,3.80872,46,0.284402,0.943986,0.994204,723.755,279.577,177.083,50.7846,1.90243,92.8252,78.5023,27.9141,42.1517,6.63577,31,0.37625,0.978023,2.41407,679.785,121.454,94.2925,33.8828,2.42472,80.9779,66.0653,20.3232,32.5222,4.82485,33,0.375245,1.2158,2.71471,456.095,102.461,77.0675,97.6886,4.98283,64.3965,58.7268,15.4085,33.7486,8.2131,39,0.372141,0.98938,1.90836,557.842,145.575,131.378,34.9914,1.5443,82.7957,72.7454,23.9618,32.4744,6.09848,57,0.26805,0.855349,1.22214
decoupled_wbc_h066_p000,1637,complete,90,18,30.4907,3.05318,0.345691,0.215561,320.598,85.8206,88.0711,29.1813,2.36935,58.2406,53.6261,15.9896,26.3349,3.78023,40,0.23458,0.906793,1.21072,430.688,91.6886,84.0044,20.7799,1.50693,73.8979,58.8592,20.3161,28.9967,3.49001,49,0.334196,0.968685,1.11873,438.59,92.0036,111.663,34.1887,1.67471,69.2812,57.2396,19.6413,31.2972,4.56446,43,0.307553,0.903934,1.20146,497.692,110.53,116.83,31.7333,2.4614,78.1921,64.6531,21.0141,30.1825,4.6374,49,0.329342,0.996028,1.34112,296.404,61.3369,65.8,26.1472,2.30369,45.3401,44.6183,13.3899,18.2947,2.87452,43,0.211733,0.674632,0.948046,413.114,129.081,126.101,50.0103,2.15227,65.7151,57.2019,18.3726,28.3074,3.49975,38,0.299556,0.922301,1.24595,382.151,92.6624,96.3259,39.7908,1.87982,65.7825,54.6764,17.2915,22.7898,4.06723,47,0.259665,0.859765,1.08266,472.308,108.261,102.144,25.9628,1.48419,73.7786,63.8912,18.2869,25.4953,3.65362,48,0.320803,0.828297,1.03317,492.014,148.117,97.485,39.5852,2.08973,67.9037,63.1617,16.9517,24.9294,3.47876,38,0.310689,1.01661,1.44025,990.597,160.168,161.718,164.844,13.5771,102.33,78.6396,27.9531,56.1075,13.4947,33,0.332106,1.27743,2.76643,368.592,81.4945,66.5671,23.8624,1.79121,52.0574,51.3539,13.0496,19.0119,2.65648,50,0.297373,0.759495,1.25843,659.777,131.927,126.978,35.6309,2.11825,85.9958,69.6661,24.3473,31.6143,4.80122,46,0.295371,1.16269,1.55169,521.244,101.857,102.4,27.3914,1.93015,76.3639,61.7159,20.9079,26.2573,4.0564,47,0.33918,1.01419,1.43652,318.571,89.235,95.3535,28.1002,2.34836,57.4368,55.0339,16.6195,20.127,3.63079,50,0.272178,0.865578,1.00228,444.789,103.265,113.782,32.7033,1.65253,65.8594,59.4408,19.7859,21.7617,5.36278,43,0.329922,1.07101,1.38932,483.702,117.879,98.8136,26.595,1.75608,74.48,71.4257,20.3349,23.5757,4.65287,54,0.300431,0.813879,1.14565,682.152,130.987,101.951,48.9703,2.21619,80.2471,68.2954,21.2078,27.3958,4.26716,42,0.363686,1.17948,2.12966,1444.57,428.782,272.131,179.183,22.7388,141.156,111.361,38.2132,54.2635,20.2319,33,0.4266,1.26812,4.98409
decoupled_wbc_h066_p000,1638,complete,90,18,25.3213,3.52261,0.437173,0.289259,521.115,125.835,104.948,53.8486,1.6465,81.6935,68.5164,21.2704,38.4944,4.83329,55,0.282016,0.939487,1.07589,380.205,98.614,88.3223,41.3122,2.95146,65.2762,60.004,17.5865,31.496,3.50584,44,0.28721,0.993244,1.23803,392.88,110.222,108.167,40.4495,1.15067,66.3728,60.9649,18.2694,31.6967,3.18652,48,0.303326,0.80886,0.97059,435.117,109.519,79.8342,32.9813,1.16812,65.6159,61.0136,16.2647,22.8917,3.30164,46,0.279291,0.946778,1.51217,428.768,103.14,92.9754,35.3618,1.93546,63.3933,59.7914,16.9125,22.2512,4.14001,46,0.272773,0.873677,1.17013,446.086,111.417,108.782,33.8353,2.32405,72.8071,62.835,19.2794,25.5403,4.46255,51,0.288426,0.918254,1.27339,307.289,65.1553,80.6224,22.9702,2.3828,52.3674,43.3621,15.8119,21.2397,3.93545,38,0.342363,1.06729,1.00987,358.649,65.5412,77.876,32.9381,2.33478,54.5422,49.3834,15.6076,22.3454,3.39887,49,0.200252,0.754882,1.1192,463.938,120.82,100.303,68.4424,1.95634,70.5352,55.9454,18.3685,29.1079,4.92235,45,0.346231,0.996338,1.13721,461.066,137.35,95.4862,39.5286,0.957571,70.9016,66.6816,19.9151,30.1114,4.52679,53,0.293194,0.864179,1.20631,468.707,103.476,108.646,37.2512,1.77206,65.6164,59.6821,18.707,28.6455,4.31948,49,0.18155,0.829805,1.14734,525.301,160.399,149.204,65.9517,1.82794,80.9287,79.4961,23.919,42.1613,6.39236,55,0.211902,0.860208,1.23918,436.525,108.966,132.225,42.8409,2.39056,68.3821,55.5964,21.5152,32.2571,4.81014,44,0.290848,1.03965,1.16977,567.187,94.3763,100.08,38.6971,2.07775,73.1076,56.4651,20.0792,28.5203,3.7832,54,0.222066,0.872608,1.20014,444.954,106.588,97.3063,35.1127,1.56631,68.5244,57.0091,19.3121,29.8925,4.58941,47,0.280835,0.890725,1.01935,575.467,123.063,109.565,51.8169,1.80785,82.1739,70.4825,21.9701,30.71,4.26775,63,0.264531,0.805693,1.04284,387.001,87.9575,91.0892,32.999,1.24505,58.0111,50.1346,17.5928,26.6681,3.36419,49,0.216725,0.882613,0.990502,1579.97,210.952,281.727,41.5079,2.09864,124.768,87.5395,40.9265,45.8711,7.03555,27,0.336017,1.79085,6.98616
decoupled_wbc_h066_p000,1639,complete,90,18,21.1022,2.97869,0.192333,0.105826,396.856,65.3398,91.2896,24.043,1.58323,62.8416,43.3562,17.4922,26.3051,3.25536,43,0.322029,1.03812,1.03765,382.488,95.8463,98.8612,36.0386,1.85024,68.9482,55.1268,17.1474,28.5871,3.48412,48,0.240618,0.879954,1.02439,420.104,90.7625,86.926,38.489,2.60011,59.2959,53.5059,16.5034,26.9871,4.60282,42,0.283597,0.927777,1.43723,431.857,100.99,111.954,88.2803,4.13026,70.6891,55.8928,20.6123,31.6212,6.32523,48,0.29773,1.05873,1.01156,476.462,62.8534,58.5351,108.747,3.17582,65.5076,47.0258,15.6839,24.8702,5.89997,32,0.406853,1.10144,1.92039,521.309,174.547,132.154,40.409,2.766,77.6447,76.4274,21.3027,36.3163,4.18359,47,0.324256,0.986175,1.42934,513.315,141.899,94.1292,30.9374,2.02321,80.607,66.1947,19.4451,33.5159,3.68038,52,0.337051,0.945152,1.23697,485.483,86.4421,73.7774,27.9193,2.17222,69.3516,56.9481,17.8631,27.8062,3.9077,58,0.276547,0.755241,1.14913,425.239,76.5751,69.0099,26.4481,2.108,59.9822,50.018,15.023,21.257,3.21563,40,0.321871,0.879619,1.66042,425.589,109.724,72.9822,32.7878,1.51993,67.0432,63.3579,17.4879,23.9464,3.51682,49,0.276123,0.768808,1.0151,960.362,148.921,143.974,54.8911,1.80094,88.7072,63.8291,25.8857,27.4048,4.54707,42,0.277122,0.940065,1.62239,480.469,104.306,121.483,69.2737,8.68355,73.7864,60.2346,22.6867,36.9398,11.4256,49,0.20536,0.78379,0.993106,615.767,205.941,194.268,154.777,14.6496,88.8999,78.9624,26.8989,42.2465,12.9782,48,0.314877,1.02931,1.52665,655.541,181.216,158.281,139.401,22.38,96.2546,72.7719,26.6031,38.5089,14.2016,38,0.402454,1.12313,2.18645,586.995,128.948,85.0831,36.0063,1.8757,72.5037,64.6973,17.2199,25.0114,5.63006,38,0.330844,1.03066,2.28702,951.554,202.613,149.239,30.6052,2.13482,100.266,87.7487,25.0269,31.0258,7.13922,52,0.306721,0.979618,2.02581,471.442,138.508,132.242,62.4995,2.04608,75.9651,57.3809,19.8966,28.2993,6.12871,47,0.329919,1.08687,1.35927,568.407,171.729,156.545,40.7305,2.24076,81.503,71.6601,25.22,30.9065,5.81459,44,0.255984,0.951502,1.45961
decoupled_wbc_h066_p000,1640,complete,90,18,16.8109,3.20005,0.216883,0.123117,453.403,95.5147,97.6505,22.9611,1.66603,66.5836,57.549,16.8487,26.983,4.42711,48,0.301529,0.932827,1.56915,379.877,97.8483,121.196,41.7306,2.19927,61.9591,58.9992,19.0169,31.0934,4.87124,42,0.31306,0.990299,1.3442,395.625,104.635,95.8761,32.5933,2.72843,68.368,61.0385,18.428,26.3481,4.85037,50,0.287676,0.994129,1.18959,358.764,102.296,86.0703,33.3557,2.08223,59.8125,59.9681,15.8435,24.7165,3.382,55,0.199495,0.813212,1.00759,461.278,133.847,106.268,40.7558,1.10093,69.1308,68.7721,18.9876,24.449,4.12627,49,0.236091,0.884962,1.23836,405.642,109.457,90.3966,37.1666,1.63843,69.9935,58.7536,18.6059,22.2536,5.0382,49,0.258403,0.870388,1.02745,372.258,90.0092,86.9059,27.6868,1.87689,58.0529,59.8239,16.1419,19.9822,5.12795,57,0.261986,0.803574,1.01124,369.736,100.117,97.6078,35.2668,1.69456,63.2561,53.1161,17.9923,21.9871,3.99789,48,0.306584,0.894063,0.942665,457.402,97.1821,77.8901,29.5966,1.68462,66.4519,62.2368,16.6005,19.178,3.70881,49,0.349324,0.924259,1.33927,497.78,107.61,117.472,31.8676,2.5591,71.1213,64.6594,20.3654,20.1371,4.88927,53,0.283869,0.93174,1.16791,433.447,96.349,81.5162,27.6015,2.3083,72.7121,60.0806,19.9879,23.7936,4.63484,53,0.257583,0.867543,0.991164,374.915,83.2605,101.253,33.4736,2.54099,60.3887,50.7803,18.599,23.2569,3.6827,50,0.238588,0.829305,0.81799,419.975,111.621,142.163,180.512,16.0845,69.4246,56.8781,21.0167,45.7868,15.331,44,0.260117,0.986967,1.27136,501.492,124.704,86.0482,45.451,1.69592,58.7097,62.4274,16.5988,25.4058,4.99164,51,0.191706,0.818168,1.06345,656.569,176.68,133.337,45.3935,1.98122,85.7147,76.1021,22.1589,31.1844,4.69143,47,0.289736,0.869041,1.48195,483.639,108.589,92.712,36.4122,1.83844,68.9175,59.5561,19.3772,24.8033,3.5746,40,0.290512,1.04588,1.77928,609.4,98.005,126.494,122.779,3.25351,73.6615,56.5859,21.0287,29.8294,5.05866,39,0.349959,1.02782,1.82538,565.171,115.662,145.107,41.6379,1.45759,76.7429,62.7718,22.6252,29.8267,4.4564,54,0.297816,0.912226,1.10108
decoupled_wbc_h066_p000,1641,complete,90,18,26.3739,2.90448,0.137029,0.146573,364.47,65.2177,89.0673,20.7099,2.85061,59.4159,46.8018,15.9431,27.7968,4.19545,43,0.365425,1.05323,1.24169,361.47,70.1049,85.0387,26.0635,2.04034,60.0312,47.7511,16.1359,30.065,4.25763,43,0.35377,1.07848,1.17328,403.642,85.0007,88.2086,24.017,1.85693,66.7984,55.2532,19.3386,29.9362,4.29775,46,0.347017,1.06908,1.18854,545.724,77.1234,110.325,24.4611,1.42164,73.1207,53.5951,19.7001,30.4276,3.73567,40,0.313472,1.09723,1.75233,389.494,76.2883,127.39,27.8584,2.22198,62.3197,50.5522,20.1457,26.7639,5.94071,41,0.351275,1.14061,1.33162,456.404,91.1949,92.24,27.3816,1.61101,65.579,54.5613,18.9993,24.1133,5.44696,55,0.283439,0.857362,1.06401,356.73,68.71,65.9827,26.646,1.58163,58.2109,52.5443,15.4078,19.4318,3.8551,45,0.299451,0.895102,1.11129,567.19,95.7135,106.744,32.1898,2.04125,80.1916,58.0405,22.8434,30.8205,5.1061,38,0.309606,1.19538,1.93595,370.167,70.6017,77.3814,18.15,1.02035,61.578,48.9634,16.8798,22.3253,3.64756,40,0.301838,0.924438,1.36476,675.001,162.229,170.707,89.6031,2.91366,85.4467,70.955,25.8659,36.1722,6.56536,43,0.334508,1.15405,1.85166,498.229,89.5919,102.67,25.7495,2.03112,74.4227,52.1761,21.235,25.9603,5.46282,45,0.334876,1.18782,1.43086,341.862,53.8453,65.6364,23.9781,2.20757,53.2433,41.324,15.4826,20.4418,4.20097,43,0.289058,0.921466,1.17969,414.102,102.588,116.127,27.6437,1.57273,68.5178,60.9259,20.8533,28.5884,4.43269,56,0.239358,0.917564,1.06239,487.358,95.7111,115.217,26.1558,1.66176,72.955,52.966,22.7159,32.6717,4.76436,43,0.288013,1.10708,1.40088,1301.46,232.621,167.139,45.2673,2.08981,134.193,94.8614,35.6074,43.7126,9.14748,36,0.352527,1.35524,4.65673,497.009,93.0264,120.588,27.6203,2.45027,67.1287,54.1499,20.0488,26.6228,6.28261,45,0.365602,1.10976,1.66268,767.145,165.724,193.916,40.8227,3.14968,96.8261,76.9914,30.6638,44.2406,9.28447,44,0.303017,1.39905,2.13934,638.094,119.928,129.129,31.2547,2.49994,80.3291,60.9954,23.1483,34.4709,7.0744,41,0.354809,1.12903,1.7587
decoupled_wbc_h066_p000,1642,complete,90,18,16.7384,3.64505,0.382511,0.115723,484.954,99.4767,98.8695,19.0518,2.49896,73.5152,61.8158,20.8194,27.2699,4.46884,63,0.269358,0.842523,0.818995,471.997,117.527,113.221,28.7647,1.74948,75.1745,67.0113,20.9974,29.4736,4.29952,60,0.272847,0.842595,1.06675,317.716,72.2412,81.1572,62.2777,2.63857,56.2223,50.9746,16.3503,25.2698,4.59832,64,0.223533,0.744812,0.627397,521.101,114.474,84.8346,26.7828,2.57974,78.0525,65.1493,18.5927,23.0791,3.84437,61,0.253588,0.816134,1.07353,511.823,110.559,100.146,93.5213,2.12588,69.923,60.863,18.6738,30.9309,4.94931,37,0.352022,1.06342,2.15117,367.166,90.3428,90.1028,37.8904,1.7916,60.3581,55.0264,15.6827,25.3786,4.54442,44,0.273148,0.877348,1.27523,318.3,99.2922,89.6188,41.9969,1.8322,42.8619,47.807,16.2107,21.0732,3.70921,37,0.131723,0.742421,0.910951,316.205,89.7018,74.1436,35.86,2.23263,51.6759,51.7963,13.8846,19.8034,3.20565,43,0.211675,0.745441,1.00645,562.401,240.834,164.866,52.8392,1.03061,81.7169,71.4697,24.4907,30.2802,4.17103,42,0.313829,0.989451,1.58643,597.267,128.782,105.898,38.4621,1.36379,88.1508,70.1531,21.8027,23.9319,4.08255,56,0.361014,0.917017,1.20344,718.444,190.388,263.76,179.95,4.32437,98.7465,74.5439,35.0071,52.7993,8.8514,54,0.240652,0.930044,1.31781,364.573,92.86,97.4832,30.5139,2.13692,58.7836,55.0968,17.4021,24.7183,3.84278,44,0.270894,0.91586,1.20033,574.773,105.613,103.091,43.8569,1.69353,77.2047,58.8659,19.1943,24.5684,4.58025,38,0.369329,1.21942,1.55703,579.976,137.607,152.917,34.6069,1.75305,81.7346,68.0591,23.0958,27.1938,4.89439,46,0.35798,1.04303,1.5554,454.372,98.0372,70.619,115.491,5.92394,62.4121,58.8347,15.1552,28.1201,5.52523,38,0.393561,1.079,2.16736,411.436,82.2693,86.6553,42.8002,1.45293,58.418,43.4545,15.5893,20.0407,2.32693,46,0.280023,0.796579,0.988621,460.949,107.32,123.197,53.2371,2.18349,65.8684,56.5318,20.2605,33.0682,4.19976,53,0.197988,0.865764,1.04005,491.975,150.443,134.123,50.2953,1.48619,72.0979,71.7321,19.7378,34.7699,5.04203,49,0.274508,0.858952,1.32222
decoupled_wbc_h066_p000,1643,complete,90,18,18.4437,3.96861,0.165871,0.135731,363.955,61.504,66.6701,26.4054,1.57525,60.8388,44.8978,15.0067,26.5296,3.28241,37,0.346358,1.16316,1.45263,414.977,83.5141,96.0054,28.1248,2.3684,64.9713,56.1812,17.9959,35.4245,6.2864,47,0.349097,1.01512,1.24713,365.071,90.1673,101.951,26.2246,1.84806,57.2098,54.5999,16.5158,30.2837,5.99948,38,0.287106,0.897142,1.23233,426.817,90.5361,109.424,32.4924,1.47831,63.5054,52.0825,18.6908,35.0483,5.31146,48,0.29675,0.973565,1.16885,404.667,85.9138,71.9146,29.309,2.21965,64.2164,54.2751,15.4932,31.4468,4.07706,52,0.278308,0.827471,1.11458,379.911,66.5152,83.6928,29.4229,2.08562,59.4898,51.3231,15.8255,29.8756,3.22834,38,0.361129,1.00927,1.83954,446.911,113.396,89.4042,36.4182,2.28441,71.7309,57.631,19.0049,28.7507,3.86271,51,0.273945,0.906065,0.923667,458.81,109.868,111.128,30.1928,2.17718,66.4213,67.6599,19.1621,23.3437,6.12179,56,0.282309,0.899692,1.13644,646.213,148.977,128.661,34.9691,2.04404,89.4338,65.6786,23.2117,27.673,7.16812,43,0.377041,1.16933,1.85715,330.786,76.6938,82.2534,27.1807,2.90759,61.9916,54.5839,16.671,22.5974,6.72345,60,0.198977,0.796302,0.800884,466.551,104.926,122.279,29.541,2.16149,73.8694,62.294,20.602,26.1583,7.11817,52,0.275112,0.869129,1.02881,484.679,95.8452,139.912,134.846,15.0558,68.3863,60.1966,20.5147,32.703,10.5311,42,0.311966,1.03257,1.43806,552.8,117.999,100.693,31.4856,1.97277,79.3528,68.8064,19.3288,21.314,5.96789,50,0.30346,0.869596,1.31474,622.097,174.259,161.693,31.2746,1.5235,87.2854,73.8006,25.0009,27.7934,6.72523,48,0.351993,1.08049,1.5794,424.64,77.3785,95.0593,21.8728,2.9496,66.7708,50.5247,17.8969,22.7818,4.90769,42,0.306143,0.958844,1.49984,450.008,105.464,135.682,23.4443,2.05645,72.4466,61.4206,20.117,23.4591,4.56598,46,0.3326,1.16944,1.64385,656.983,185.615,149.042,31.4031,1.76633,90.9228,83.6109,25.9092,26.1673,7.5987,49,0.284537,0.804963,1.74347,471.406,99.1188,82.4958,28.1545,1.80803,73.9129,65.1061,18.7063,20.5705,4.44708,49,0.275767,0.831446,1.31646
decoupled_wbc_h066_p000,1644,fell,61.26,13,24.2854,12.7239,1.17025,2.54604,462.458,88.6914,93.0664,26.4019,1.83214,72.5309,57.5762,19.0991,30.9913,4.04988,44,0.361124,1.05583,1.26283,410.125,85.2372,83.3888,34.0145,1.08496,66.6948,53.9276,17.3737,30.4152,3.29051,42,0.382909,0.957549,1.16702,296.874,82.1014,103.029,33.1095,1.64171,55.6012,50.3734,17.1422,29.8541,5.16284,49,0.24977,0.878465,0.920771,381.282,78.235,62.9936,22.3409,1.22407,56.7288,49.0998,13.4055,22.5524,4.16477,39,0.34752,1.00631,1.55256,426.796,98.6524,119.723,37.143,1.33101,66.6413,58.3497,17.894,32.0561,4.09935,39,0.287216,1.0518,1.46839,378.194,70.8022,72.478,26.7236,1.85844,59.2612,54.1682,13.4878,24.127,3.26125,41,0.348132,1.00175,1.95799,581.33,128.21,132.456,109.543,6.09382,77.672,65.9242,22.5556,36.6122,6.15196,42,0.3284,1.2414,1.63651,351.736,86.2044,75.4531,22.6613,1.96307,56.0024,59.4898,14.3998,23.5473,3.59191,49,0.270332,0.872979,1.39039,509.204,105.529,99.7745,49.1457,2.05109,71.0208,60.626,18.6894,32.3334,4.82502,42,0.328913,1.08088,1.91345,685.493,143.518,94.442,30.5937,1.27102,81.696,66.881,19.9246,29.5127,4.06198,41,0.345254,1.08542,2.21676,518.526,118.602,124.007,130.897,14.1094,73.2288,66.5058,19.5045,39.7069,10.2003,48,0.251291,0.850142,1.36429,606.819,159.326,129.124,37.6273,1.86593,85.9509,72.2403,21.2814,26.4414,6.15651,44,0.343868,0.963495,1.8221,2308.25,204.257,290.802,65.5716,4.81445,94.6939,44.1194,28.4311,35.4798,9.82318,8,0.358009,2.03649,6.39338,,,,,,,,,,,,,,,,,,,,,,,,,,,,,,,,,,,,,,,,,,,,,,,,,,,,,,,,,,,,,,,,,,,,,,
decoupled_wbc_h066_p000,1645,complete,90,18,16.0127,2.7981,0.411995,0.165268,414.421,104.402,104.39,23.9216,1.82748,67.752,56.83,20.1999,31.3306,4.14717,41,0.318747,1.08949,1.5814,339.153,67.4656,81.6223,31.6327,2.172,52.174,45.665,14.5547,24.4572,2.7929,40,0.306183,0.973718,1.25551,423.737,99.2349,99.2946,34.8958,1.32021,64.8656,61.1262,18.6046,27.074,3.514,43,0.282933,0.951924,1.31896,339.379,95.1673,98.2161,26.3456,1.57821,57.3175,57.6711,16.8506,21.8167,3.19057,42,0.238501,0.856429,1.22084,318.526,104.805,97.8856,34.8072,1.06073,59.5393,58.3271,18.0978,24.16,3.37161,58,0.222271,0.788065,0.693623,439.53,95.9763,95.9707,141.722,5.53835,68.4513,58.3228,18.3674,30.9837,6.1567,37,0.326377,1.18077,1.81366,452.001,104.498,99.7332,32.7459,1.96791,65.0089,59.3882,19.3151,25.9862,3.21176,50,0.252576,0.873605,1.25642,442.382,89.1039,87.5976,32.8016,1.43051,61.6021,55.0603,15.6701,20.1736,2.76834,38,0.396719,0.981009,1.61115,362.231,91.5311,91.185,36.7003,1.89874,63.5799,51.3819,16.4552,23.8116,3.14773,54,0.29693,0.792515,0.836618,459.057,109.079,118.049,109.73,2.63062,62.0694,57.2219,17.7893,31.9778,4.71854,43,0.265328,0.803446,1.16947,372.105,83.1899,85.6697,40.9902,2.60132,61.073,53.2077,16.3969,25.0805,3.5245,47,0.268386,0.808459,0.952056,336.203,102.469,81.9594,40.1956,1.37735,58.3843,56.5231,15.9617,23.7097,3.97418,43,0.193982,0.984653,1.13815,513.502,88.7246,77.4198,38.0714,1.96997,75.1973,54.0006,16.8026,23.9403,3.96573,37,0.340693,1.25651,1.77637,640.131,112.375,96.22,33.9346,0.832146,77.3063,59.5514,20.8144,26.766,3.69311,40,0.377571,1.14291,2.18127,650.27,99.2878,93.8035,36.4286,1.46429,86.2798,59.7026,20.2445,27.0454,3.74737,45,0.37525,1.02712,1.70306,306.799,60.0258,56.8428,30.9293,1.14907,46.2112,43.3459,12.6137,20.5416,2.92848,43,0.233534,0.765421,0.89411,423.195,83.6749,69.1151,25.5867,2.60333,63.9271,52.4414,16.9148,22.8055,4.48723,44,0.327888,0.864745,1.00769,479.921,114.328,94.5563,57.3585,3.18958,64.6401,62.8702,17.9118,32.8173,6.86757,37,0.347911,1.0865,1.98365
decoupled_wbc_h066_p000,1646,complete,90,18,20.0092,3.36023,0.23107,0.458549,458.843,93.8615,71.4312,21.2669,2.5307,70.7685,63.0653,18.2788,29.5395,4.63934,62,0.283393,0.777375,1.02323,490.988,106.297,113.348,34.2211,1.61101,72.3453,61.1217,20.2484,32.0118,4.99337,43,0.279102,0.880613,1.38257,501.019,98.4617,106.843,31.9313,1.91771,73.6476,62.2857,22.0206,31.1168,5.47288,49,0.336495,1.11534,1.32876,354.736,59.9215,120.863,25.4693,1.56654,58.1262,42.3523,19.0039,22.7778,4.59009,39,0.33175,1.09934,1.20799,438.243,81.5226,89.293,48.1072,1.66694,69.6818,50.5845,19.4652,28.2433,5.79523,48,0.331179,1.03175,1.18555,582.309,96.8428,102.342,29.7945,1.93847,77.0593,58.8473,20.5613,25.6202,5.29474,44,0.319964,1.15397,1.61607,441.901,78.9972,111.894,28.8,2.88165,73.8949,48.2817,20.2431,28.7686,5.84286,42,0.396007,1.10017,1.04608,320.071,78.2816,79.085,31.936,1.46335,54.4492,51.0893,15.1918,27.0383,5.21704,54,0.23281,0.753714,0.864674,334.927,77.0679,82.0546,36.8645,2.05627,53.6132,53.2247,15.5916,31.6396,5.26625,45,0.276633,0.906291,0.957749,347.632,73.4575,82.8199,31.1657,2.23469,57.1681,44.2203,16.5516,30.8464,5.06103,40,0.337494,1.07066,1.16236,437.435,85.2137,95.0829,152.36,14.6373,61.2604,51.8486,14.9001,34.1045,10.7778,43,0.27076,0.868773,1.27279,409.908,124.021,98.4567,48.7158,1.66348,65.7517,57.6534,18.5653,23.8663,3.11573,47,0.253364,0.900827,1.03961,430.456,73.673,78.9015,72.449,2.30779,60.3907,47.6661,15.6174,21.6792,4.78059,37,0.352803,1.10988,1.19241,407.952,103.312,84.6815,30.4315,2.40716,60.7036,60.911,16.5594,20.3738,3.79556,47,0.268412,0.900504,1.32183,595.587,203.62,158.243,43.8916,3.07485,89.1629,74.7068,23.2708,27.773,7.07523,46,0.363942,0.98731,1.69916,740.481,148.215,107.382,33.5872,1.70489,82.0175,70.1134,18.9965,23.8864,5.39009,33,0.401527,1.2316,2.50979,352.863,68.6782,109.901,73.4437,19.1825,57.2923,45.1639,16.739,24.9483,11.4477,54,0.246688,0.777864,0.688356,516.692,84.1693,151.655,219.573,8.29932,76.8205,51.3291,23.1057,39.8211,8.47828,40,0.363134,1.15893,1.29808
decoupled_wbc_h066_p000,1647,fell,50.68,11,21.2313,7.72857,2.19554,3.00574,352.908,78.5018,80.0368,27.2444,1.63885,57.4128,48.5085,15.4033,27.379,3.61808,48,0.281273,0.846549,0.914071,404.299,96.167,97.5532,38.1681,1.35082,64.5595,59.3864,18.6864,34.0232,3.45414,51,0.281761,0.93983,1.13197,352.58,75.9155,89.3846,40.4655,2.22802,59.4481,48.2839,17.4554,30.0685,3.04867,50,0.254136,0.87262,0.725427,508.597,108.374,105.29,41.5652,2.40691,74.4787,57.9392,18.0402,32.7827,4.75692,44,0.230201,0.913222,1.37202,374.037,85.5901,84.2668,38.2465,1.74934,55.9973,55.4032,15.2348,30.0266,5.19183,47,0.213047,0.79197,0.975168,325.18,67.6548,65.7457,38.6152,2.40162,58.0306,46.411,14.4785,30.132,4.86827,46,0.262996,0.912267,0.907233,275.669,65.9868,68.0583,85.6341,4.08671,45.2921,42.8405,13.1889,31.555,6.25117,46,0.165187,0.730123,0.598021,530.366,112.325,115.956,50.3204,1.79725,79.2212,60.642,19.7506,40.9971,5.30387,42,0.284678,0.959929,1.25602,452.339,94.1192,59.5925,35.2827,1.89692,62.9613,56.3758,13.9335,30.35,3.03851,37,0.281787,0.952794,1.85856,358.143,104.286,78.7941,39.3986,2.40923,59.1292,54.988,15.4048,34.2572,3.84275,40,0.267159,0.888062,1.30984,1815.24,111.488,208.84,170.104,7.00448,67.2667,22.3498,20.2037,34.3546,6.29148,3,0.128599,1.23347,1.69822,,,,,,,,,,,,,,,,,,,,,,,,,,,,,,,,,,,,,,,,,,,,,,,,,,,,,,,,,,,,,,,,,,,,,,,,,,,,,,,,,,,,,,,,,,,,,,,,,,
decoupled_wbc_h066_p000,1648,fell,76.3,16,24.3995,6.78537,0.649466,0.823349,378.669,81.9204,91.8908,23.6138,2.0167,67.23,54.9584,17.7733,26.3697,4.32983,49,0.285177,0.89099,1.04865,498.621,99.1281,93.5009,31.5466,1.52763,71.3062,59.8744,17.8889,26.1476,4.13254,52,0.288428,0.832189,1.20809,382.698,83.2014,111.992,32.9913,1.34244,66.0046,51.7367,17.3899,23.2478,3.89716,47,0.292972,0.891108,1.18195,467.134,90.3118,109.31,33.9633,2.10619,67.8358,54.7327,18.562,23.8738,4.19513,39,0.382333,1.04699,1.49473,349.455,106.004,92.6212,31.6655,1.91571,66.5859,59.0336,18.0959,28.2271,4.86715,53,0.231653,0.815823,0.931825,406.1,81.0895,75.3299,31.0983,1.6675,58.833,52.8527,15.2881,26.3154,3.34764,48,0.251157,0.812363,1.1358,297.013,74.7251,81.8669,33.2881,1.98424,51.3311,47.3468,14.6087,24.7641,3.69678,45,0.217187,0.870874,1.08567,467.162,116.831,99.3776,34.3111,2.16141,75.0443,68.2548,18.2702,36.5827,5.46974,49,0.292559,0.899392,1.38932,455.055,105.513,81.8374,46.9435,2.48674,66.4461,58.563,16.3185,33.0789,5.50273,47,0.300633,0.97219,1.61059,508.8,113.37,136.689,145.087,5.2604,64.9817,55.07,19.8487,44.1871,8.95561,42,0.337846,0.970342,1.49289,483.777,116.639,78.3132,29.552,1.08105,71.1567,64.8592,16.4281,31.3126,4.11675,45,0.353645,1.07592,2.0505,408.138,70.1636,104.523,37.4927,2.01788,66.9324,49.6348,17.9081,34.4575,4.70349,40,0.398327,1.2232,1.59883,644.728,120.425,95.423,43.0845,1.24832,76.9165,63.1723,19.6399,33.5418,3.99256,49,0.295767,1.01273,1.40587,419.234,95.4854,57.6389,26.5978,1.41294,49.9146,46.591,13.113,23.3572,2.94358,36,0.327803,0.951005,1.22321,449.937,80.2677,71.9686,24.692,1.58336,63.2072,47.0686,14.838,29.1543,3.79138,43,0.330746,1.01104,1.16312,3770.74,382.062,530.082,272.058,6.8217,179.479,72.3036,41.6216,65.8648,12.9987,3,0.115606,0.479312,0.579956,,,,,,,,,,,,,,,,,,,,,,,,,,,,
decoupled_wbc_h066_p000,1649,complete,90,18,15.0304,3.06798,0.190126,0.102542,469.827,102.74,92.8043,27.1444,2.27561,76.1229,60.5718,19.7134,31.3008,4.16519,46,0.351159,0.983343,1.37858,465.026,98.851,85.8978,29.2524,1.45864,66.923,59.8909,17.1714,32.4155,3.81469,49,0.327798,0.883402,1.55984,360.978,76.8482,62.3975,20.6321,1.30324,57.0206,52.9441,14.0428,27.3617,2.70236,39,0.362191,1.08019,1.76496,380.168,78.2615,84.7312,31.6161,1.5402,57.4908,46.3095,16.9741,29.8467,2.47246,43,0.326315,0.932485,1.11317,588.612,123.566,123.215,152.182,4.51653,82.508,66.9325,20.8311,45.6826,5.68407,33,0.389998,1.38476,2.58325,337.109,72.7606,69.5381,24.3556,2.02205,52.3789,52.2739,13.4767,22.253,3.2817,44,0.29388,0.857577,1.23127,500.195,105.211,80.0867,38.8361,2.02284,67.4724,59.2072,16.7359,28.7844,5.35219,47,0.2583,0.981747,1.53793,368.848,102.068,110.674,40.2916,1.47843,61.2846,53.7452,17.5207,27.0869,4.61664,55,0.233312,0.73404,0.800326,437.499,108.408,116.522,33.7684,1.61179,68.804,62.5812,18.8324,25.5557,4.77287,59,0.274261,0.823006,0.942985,406.068,106.302,112.032,43.521,1.09712,60.7627,56.6671,17.3275,27.9999,2.53923,47,0.259812,0.974054,1.28741,498.125,97.6439,105.616,38.2578,1.49542,72.8588,56.7124,18.6154,35.4573,3.05662,47,0.276484,1.08454,1.68094,435.993,73.9316,107.703,122.838,3.83694,61.8714,50.0463,15.5503,40.1923,6.08185,35,0.363182,1.12245,1.89519,361.555,83.1663,73.687,31.0457,1.08409,58.7388,53.2523,16.0008,32.5567,2.54491,57,0.251846,0.832643,0.870493,922.574,163.428,117.925,54.7104,2.03409,84.3403,74.9307,22.5922,39.3032,3.98492,44,0.327917,1.03675,2.37133,459.101,79.3448,88.9893,145.132,3.84985,63.6926,47.2662,16.2081,36.5283,5.32128,39,0.389407,1.11533,1.53216,1182.46,161.519,153.366,76.7534,1.52531,106.653,76.4049,24.4246,43.1122,4.22453,50,0.314571,0.956476,2.20725,597.868,119.672,106.206,40.6642,2.3574,83.3296,72.7329,20.2281,39.363,3.64669,44,0.299875,0.920123,1.68034,495.258,99.8157,103.657,37.5399,0.936234,68.6919,56.8681,17.7105,32.4229,2.5406,40,0.382231,1.03142,1.75452
decoupled_wbc_h066_p000,1650,complete,90,18,15.8343,3.05185,0.108349,0.260695,357.211,89.2921,82.1804,30.6536,2.54439,58.0865,52.8633,15.3513,24.2762,3.59897,40,0.284394,0.986191,1.33582,310.312,74.4418,78.0921,33.4838,1.68208,54.5198,49.4017,14.5949,22.3594,3.71669,48,0.223596,0.721602,0.949475,399.217,89.5187,81.5487,27.1219,1.37888,66.3464,57.1806,18.3213,26.2037,3.47348,52,0.263707,0.848207,0.953451,375.317,88.5747,96.7766,38.5831,1.45421,61.1507,50.8405,16.6293,24.7136,3.22403,54,0.243798,0.80379,0.756628,420.324,103.603,104.83,35.9724,1.87097,66.2172,59.7122,18.2177,28.0494,4.31925,47,0.26043,0.902171,1.22469,536.339,117.126,111.599,43.1873,1.49901,74.2668,64.7534,20.4268,27.5679,6.06363,49,0.229414,0.907771,1.13189,486.22,95.7737,90.5079,31.865,1.99767,70.3504,59.0077,17.3479,29.0926,3.57202,41,0.303301,1.06176,1.64563,594.959,102.508,123.837,36.1221,1.70258,73.7513,56.9603,20.0468,35.4081,4.94602,45,0.291346,0.99544,1.57104,456.788,119.875,107.589,32.7657,2.17667,70.5489,60.7044,19.111,31.421,4.70813,45,0.344076,1.06441,1.44075,520.04,106.53,121.307,30.528,2.42303,75.1211,60.7911,22.2716,34.2014,5.08561,46,0.375784,1.11747,1.33926,385.47,66.5693,56.7004,23.0407,2.76015,58.9652,53.1324,13.807,26.5001,4.10296,37,0.374524,0.982238,1.99702,740.901,138.635,141.368,78.6872,2.22717,94.2109,70.8093,28.4956,51.8321,8.71936,50,0.311096,1.29022,1.81353,390.686,94.8104,89.4812,32.7227,1.82784,59.9738,57.9404,15.6236,30.9611,5.00323,42,0.314292,1.01331,1.57346,479.627,107.949,94.4407,34.9918,1.39928,75.7729,58.6702,18.6795,34.8644,4.24371,43,0.364707,1.1761,1.56251,488.026,118.213,118.002,36.5572,1.41323,65.9541,62.1492,18.1738,32.2055,3.88913,42,0.350158,1.11018,1.8783,608.708,94.7855,101.831,48.2981,1.68583,79.1892,58.1587,20.6563,32.9039,3.20542,37,0.362649,1.28368,2.40285,517.824,108.899,85.3047,41.8962,1.63081,71.5641,55.6219,17.3664,34.6082,3.24148,42,0.33103,0.927532,1.3331,591.997,117.237,111.885,28.9532,2.2949,79.1208,66.5897,20.1831,34.327,4.30548,52,0.34362,1.04253,1.71327
decoupled_wbc_h066_p000,1651,fell,35.58,8,30.3617,25.9308,0.643444,2.37358,371.271,75.1551,68.5693,21.2244,1.93655,56.5328,49.8851,14.9475,25.6358,3.47204,47,0.310673,0.896558,1.29283,393.937,94.2982,89.7614,38.4826,2.70189,56.8968,57.1301,15.8211,32.2501,4.01679,39,0.316189,0.938943,1.29295,561.438,109.004,114.34,34.806,2.22938,80.9327,63.1036,20.368,38.5423,5.17257,50,0.254336,1.06177,1.52225,396.834,87.6734,76.8147,28.5759,2.23439,63.536,53.941,15.6586,27.4819,4.5548,43,0.330844,1.01914,1.47037,453.159,95.7989,103.629,33.0712,1.57055,72.49,60.849,20.7767,28.8569,5.70779,51,0.29697,0.893203,0.986012,466.133,100.5,106.038,34.8665,9.90663,68.0054,60.0488,18.2398,26.383,9.19845,60,0.273747,0.757225,0.989083,383.254,73.6727,98.52,24.8825,1.54482,61.6863,49.9621,15.802,21.2247,4.11235,48,0.287333,0.88748,1.17982,1710.92,181.102,360.616,43.9201,9.93771,77.6951,29.124,26.4243,22.139,8.95827,0,,,,,,,,,,,,,,,,,,,,,,,,,,,,,,,,,,,,,,,,,,,,,,,,,,,,,,,,,,,,,,,,,,,,,,,,,,,,,,,,,,,,,,,,,,,,,,,,,,,,,,,,,,,,,,,,,,,,,,,,,,,,,,,,,,,,,,,,,,,,,,,
decoupled_wbc_h066_p000,1652,fell,76.02,16,28.6627,8.11106,2.65708,3.00086,422.917,74.4417,81.0208,24.6535,2.46956,65.9072,50.1155,16.5077,27.5609,4.07844,43,0.325048,1.05861,1.2654,383.07,95.7122,71.9449,34.5561,1.59439,57.5034,56.8492,14.3729,29.1992,3.76047,49,0.268466,0.795356,1.27624,282.315,67.0548,66.224,31.5991,2.26549,50.4232,43.267,13.7661,27.6689,3.80261,42,0.264712,0.902253,0.9156,347.191,62.8628,67.6111,33.0557,1.8794,52.9304,47.0446,13.2138,26.5728,3.13,49,0.222717,0.854819,0.942307,500.943,103.69,105.252,70.4575,2.54135,75.3822,59.8148,18.8802,38.7971,4.19953,44,0.28089,0.962156,1.41352,356.652,88.0075,103.004,67.0353,3.06953,59.4377,49.5311,17.2504,29.4559,3.90372,49,0.269349,0.854242,0.815265,452.879,105.445,105.423,44.8647,1.74123,69.8148,59.6133,17.3281,27.175,3.9461,49,0.301348,0.945451,1.46296,298.902,76.9659,91.5931,27.6833,0.973155,52.4187,48.1466,15.5048,21.1759,2.41225,43,0.278198,0.907114,1.23936,454.23,126.129,116.707,52.6159,1.85153,69.4743,70.2457,20.0776,28.7752,4.31838,49,0.227643,0.861105,1.33422,563.052,109.984,95.03,35.7234,2.79853,78.9247,67.955,20.8296,24.9526,4.65678,42,0.412534,0.971054,1.58087,503.187,99.1934,91.2901,32.1129,1.31672,74.0772,61.2331,18.52,23.9474,4.72027,49,0.32877,0.804324,1.15605,440.563,102.24,100.768,28.2299,2.31634,64.4891,51.6581,18.138,19.6209,4.73579,44,0.298152,1.04537,1.24991,574.639,121.361,113.134,126.111,25.8912,83.5786,66.5664,22.2183,43.3452,11.3423,53,0.290913,0.928375,1.07929,345.422,76.5538,61.1439,33.301,1.87135,48.015,46.4784,12.6084,16.5072,3.49284,49,0.234764,0.663285,0.779252,552.861,106.542,93.3456,36.3767,2.51828,71.0156,63.4523,19.1842,22.8366,5.38634,40,0.354446,1.1431,1.74724,2685.35,247.164,311.763,63.3083,5.99641,109.236,52.1176,24.5968,21.1986,7.14619,6,0.0728658,1.66679,6.21309,,,,,,,,,,,,,,,,,,,,,,,,,,,,
decoupled_wbc_h066_p000,1653,complete,90,18,25.845,3.00616,0.365006,0.262161,387.73,68.4565,82.9089,20.4664,1.4574,59.6445,49.7229,16.3326,26.153,3.65775,49,0.30861,1.01508,1.17425,436.288,80.8802,91.417,30.7524,2.53014,64.8682,53.6033,16.6548,32.3825,4.40836,41,0.314223,0.897257,1.33252,513.439,106.96,92.6822,74.2428,2.75711,74.3441,62.1964,17.9177,39.7888,5.26965,44,0.340861,1.15689,2.07711,362.887,66.4366,81.7259,23.0131,1.99143,60.3638,49.7624,15.29,26.7573,3.81606,41,0.367074,1.13267,1.6078,343.901,62.4548,60.3092,31.9106,1.69945,59.52,42.5636,14.5825,23.8655,3.25231,47,0.328919,0.900338,0.916749,299.559,60.0272,87.8931,19.6653,1.84584,51.1151,41.3502,15.3437,26.9712,3.61653,41,0.343983,1.07021,1.15971,444.518,95.5417,130.8,60.2063,2.21047,67.07,52.6688,19.4026,39.229,4.10607,45,0.323313,1.10797,1.25152,553.419,93.6267,94.3707,26.5287,1.03319,79.273,65.7936,19.7383,34.3242,3.3005,40,0.400738,1.043,2.12459,458.457,91.2345,136.269,30.5005,3.01025,67.3044,47.3934,21.1039,27.9401,4.87111,48,0.373071,1.03209,0.934338,513.108,99.0527,117.629,27.167,1.39536,72.9467,63.6216,21.3877,29.8945,5.07888,53,0.303162,0.890986,1.45001,427.678,82.9182,113.246,24.5333,1.69781,66.1194,50.8479,19.8048,26.928,5.25526,44,0.384523,1.07847,1.3722,426.408,98.7789,108.45,24.7362,2.88477,68.4142,56.6017,18.5321,28.5929,5.57193,47,0.236082,0.903971,1.32521,631.199,125.502,130.524,55.3661,2.62465,86.8615,61.3877,22.8676,38.1087,4.83531,45,0.342528,1.17648,1.4241,506.812,113.597,100.195,24.9531,1.59126,69.8912,66.2248,18.0581,31.5157,4.1317,41,0.378319,1.14651,2.1719,623.172,120.171,124.552,32.3353,2.59912,77.3666,66.0023,20.5011,31.3023,4.71142,44,0.300342,1.06244,1.74059,545.547,90.7506,116.331,26.2045,1.92942,74.4714,60.2679,21.1478,33.4278,4.34302,46,0.282973,0.997546,2.20498,626.978,125.618,165.498,246.161,24.2725,88.2717,70.1345,25.8439,63.4187,17.3231,54,0.320273,0.922828,1.35393,450.967,94.1527,76.2881,27.7487,1.56766,60.7055,53.0906,16.2052,23.3299,4.4199,36,0.385326,1.11111,1.93379
decoupled_wbc_h066_p000,1654,complete,90,18,24.6769,2.62972,0.153765,0.167233,409.612,78.3339,95.0991,23.3043,2.0973,61.6297,51.7317,16.8488,25.7248,3.89247,44,0.310468,0.993002,1.48587,357.939,74.4092,92.167,28.9957,2.44337,63.5064,52.0979,17.4725,28.8244,4.16277,56,0.277765,0.804697,0.946219,456.968,97.8392,91.48,24.5635,1.76676,72.1865,61.6004,19.2284,32.6642,4.53214,57,0.320493,0.897929,1.16067,492.06,82.7896,129.522,24.4763,2.99485,70.5501,51.4482,18.6334,31.9886,4.72252,40,0.347694,1.11529,1.67454,469.377,82.5135,83.5176,40.8574,1.80181,69.8984,53.9847,17.1708,30.1583,4.44243,43,0.297306,1.04167,1.52977,489.835,96.8801,106.489,24.4716,1.64498,73.3848,59.2486,19.5745,30.5466,4.81103,39,0.367099,1.11655,1.98827,324.014,71.4501,81.248,50.5583,2.45616,54.1259,50.0497,15.9012,25.7926,3.74138,47,0.315359,0.915519,1.29032,656.567,135.822,188.928,31.0059,0.976905,90.2188,71.999,26.9212,41.0723,4.11374,46,0.327279,1.15493,1.60856,343.053,78.9186,96.5087,23.8872,1.46053,54.4024,50.8258,16.6339,29.6425,3.29688,50,0.266266,0.830668,0.909907,367.23,98.7248,133.389,29.8322,1.26312,64.1664,54.4699,18.9841,33.7759,3.57736,46,0.274728,0.89921,1.16626,547.446,108.984,126.168,64.679,2.22726,78.7516,54.0942,21.0013,38.8128,4.70576,45,0.329257,1.06421,1.22991,426.5,120.934,120.725,28.7958,1.81182,67.9808,64.5274,19.465,30.268,4.16722,59,0.238679,0.838451,1.06219,617.497,120.417,136.874,86.7805,33.5944,79.1594,64.2122,24.1592,50.2362,22.6033,41,0.37789,1.37703,2.21699,764.532,119.153,93.2393,32.2072,2.33395,81.2908,65.4712,19.9783,28.1928,3.80395,31,0.409442,1.42075,4.58748,361.033,78.6095,121.406,28.7922,2.41768,60.054,48.1177,19.6483,25.0869,4.35739,49,0.297701,1.0398,1.18465,638.931,111.577,162.252,24.1081,1.44735,84.5178,62.4017,24.7967,27.7176,4.82684,40,0.365451,1.21975,1.90536,441.946,99.3486,91.0204,22.1884,1.72398,68.421,56.3792,19.6427,23.8204,4.4142,43,0.368787,1.09944,1.5471,477.978,99.7172,108.469,21.8405,2.58303,74.391,60.4212,20.5214,25.2431,6.28376,42,0.323325,1.01654,1.49373
decoupled_wbc_h066_p000,1655,complete,90,18,19.7907,3.9453,0.207682,0.194612,480.372,116.706,110.163,33.4674,1.64599,78.0425,66.0789,21.7801,35.2758,4.65663,46,0.307284,1.01778,1.38154,336.476,80.8554,84.3425,49.6593,1.30035,59.284,53.115,17.2793,28.1487,4.56109,48,0.246893,0.899064,0.809898,485.744,108.898,106.677,47.1437,2.0456,76.227,64.2406,19.0336,34.2008,6.82916,54,0.257597,0.78479,1.31001,319.799,61.6525,74.9605,39.2164,2.99145,53.0819,41.0252,14.6106,27.1754,5.41234,41,0.289951,0.978716,0.841557,417.029,81.1788,72.0264,30.3637,1.70086,65.9805,54.1668,16.8089,31.958,6.33655,51,0.315263,0.953557,1.11468,387.596,82.866,88.5237,30.6794,2.70724,60.6433,55.2638,16.3935,30.8914,6.34108,50,0.263569,0.889064,1.02148,469.959,106.716,144.17,140.195,4.248,71.2425,59.4721,19.9518,40.2677,6.9404,52,0.298927,0.89751,0.959105,493.029,96.4495,117.158,44.9276,2.47085,67.7598,53.5532,20.3023,34.0605,4.78254,51,0.275782,0.912179,0.923623,391.962,98.5013,94.3468,34.1786,2.04029,65.0443,56.4794,17.281,33.4705,4.47843,46,0.320017,0.983687,1.30811,678.532,151.951,119.358,82.9845,2.30463,78.2518,62.5242,20.037,45.6942,4.48315,32,0.39279,1.2642,2.83312,492.481,93.4308,113.876,48.5742,1.6379,67.6065,56.2116,16.8964,33.6248,3.31595,29,0.411351,1.24305,2.42793,379.265,59.4122,71.9135,37.1674,2.0242,52.7838,45.1643,13.0484,27.7617,3.01858,33,0.355464,1.03166,1.46585,918.908,170.914,147.124,50.7764,1.45084,95.8378,69.7326,23.4651,45.1946,5.31918,38,0.348776,1.15199,2.22512,433.572,85.7683,110.485,43.0287,1.14328,63.8743,51.826,18.468,35.0533,3.4508,49,0.273433,0.932335,0.948722,711.875,200.352,138.928,46.0116,1.7352,89.3847,80.1996,22.6649,39.9789,4.01813,34,0.4409,1.18037,2.73146,336.934,88.0632,99.3905,36.9957,1.5822,59.3927,46.6303,16.9927,20.4127,3.42109,49,0.27028,0.859723,0.775752,543.537,106.192,114.196,113.622,3.29692,79.637,63.4087,20.9306,35.1141,6.34549,49,0.314226,0.971292,1.20656,498.361,128.071,97.584,38.3406,1.44033,77.9228,68.1736,20.2768,30.964,3.32829,45,0.250035,0.946256,1.31245
decoupled_wbc_h066_p000,1656,complete,90,18,28.7669,3.05697,0.160937,0.0892188,278.781,65.6025,83.6916,23.5546,1.15268,52.3967,45.9661,15.0613,25.0382,3.15351,46,0.214549,0.934361,0.96112,355.563,95.42,75.2521,45.3433,1.52924,52.7578,53.5907,13.5247,27.1865,4.13572,40,0.269276,0.919649,1.43239,388.243,89.7423,77.1326,39.0209,3.04682,58.9075,51.4037,15.2731,30.3468,4.0965,39,0.257838,0.949898,1.36861,340.577,77.0751,78.4108,68.8325,2.69127,55.9126,49.1956,14.1894,30.2036,5.05532,46,0.23493,0.867633,1.07139,330.713,66.4346,77.5438,33.775,2.46626,55.2431,46.6185,14.7327,26.9354,4.9218,46,0.257044,0.88217,0.987003,477.878,99.6227,94.5581,29.5226,1.99177,74.8112,63.1192,19.9522,35.7214,4.20636,49,0.341471,0.938748,1.27552,635.312,119.654,123.4,55.3023,2.33194,84.9933,67.2987,21.8162,45.3017,4.04479,52,0.284561,0.918386,1.41723,555.917,103.206,122.024,83.884,1.72736,76.221,63.1227,21.215,37.4335,5.25418,51,0.270891,0.887961,1.54037,390.957,77.7297,98.9896,27.5252,2.37132,65.467,56.0989,17.3727,31.1442,5.0292,49,0.322069,0.896161,1.13053,575.203,174.542,135.113,177.286,6.34302,82.6201,72.154,19.7836,50.1824,8.361,41,0.369267,1.02159,1.63092,490.752,106.263,93.1736,130.135,8.05991,67.6308,59.2576,18.4873,43.6169,8.35805,46,0.262256,0.960047,1.31128,365.584,80.2886,71.6207,36.1354,1.52441,60.0282,50.3737,16.0542,28.7847,3.19577,53,0.260975,0.850867,0.749864,384.583,76.9503,80.8459,39.2482,1.64291,61.8943,49.7613,15.2998,26.047,3.33,49,0.257762,0.964997,0.992303,793.397,209.52,140.99,62.5839,2.57301,90.43,74.5949,21.9711,38.6551,5.16784,34,0.3487,1.20743,2.77448,1034.09,200.445,132.272,66.7906,2.24979,103.473,82.6739,27.9443,48.5404,7.34955,50,0.335605,1.44567,2.38318,422.292,73.0222,81.0889,28.3301,2.39083,61.8259,43.6394,14.9223,23.4913,5.12736,44,0.357454,0.986233,1.13235,453.892,99.0157,94.7452,28.5363,1.58572,65.7343,58.952,16.7327,27.6264,4.41842,47,0.269298,0.860072,1.22086,485.174,90.2944,104.076,26.9855,1.36213,67.6524,53.1786,19.0351,26.6061,4.60041,40,0.375711,1.12617,1.64276
decoupled_wbc_h066_p000,1657,complete,90,18,32.5262,2.62864,0.226096,0.31348,464.786,97.185,80.7728,36.4229,3.20707,66.7944,56.2087,17.3477,29.6039,4.37834,50,0.269203,0.916085,1.25829,399.359,88.8968,110.882,31.1764,1.90491,61.3164,54.5335,17.8397,32.1885,4.53492,55,0.268424,0.957119,0.985323,475.28,96.7773,78.1047,33.2585,2.18442,64.835,57.3148,16.1948,27.9317,3.00395,41,0.353421,0.987898,1.92148,346.699,78.0074,87.9372,31.8984,2.92329,59.2853,50.9758,16.1922,31.3027,4.5042,42,0.325726,1.14303,1.38977,335.74,77.9075,84.9989,40.1128,2.0809,54.4599,50.8276,14.708,28.9823,5.0895,41,0.287235,0.80589,1.19369,482.76,103.938,91.6494,21.6649,1.92951,67.7712,59.3006,17.4521,28.4073,5.98133,40,0.362348,1.14153,2.18095,353.249,82.3387,75.0566,23.565,1.84188,60.4386,49.1474,16.0539,23.7512,5.41246,47,0.2702,0.901464,0.997959,453.752,133.438,95.7037,34.18,1.9572,71.0837,61.9495,18.5667,27.0938,4.03612,55,0.278807,0.822557,1.02347,578.172,104.898,111.841,143.642,3.72221,78.7008,64.1978,21.2316,39.2731,6.25409,44,0.310097,0.950109,1.36105,549.008,105.251,131.793,152.774,8.60739,68.3122,58.5757,19.0286,33.547,7.96448,33,0.36718,1.12688,1.99885,501.337,83.4945,88.6752,49.8301,2.02301,64.2671,45.529,15.6532,33.0991,3.29967,41,0.303936,0.86877,1.07615,437.65,108.251,81.1581,44.3008,2.47194,63.5453,63.4454,15.653,29.5159,4.04187,44,0.2577,0.903805,1.42987,1652.39,617.345,310.862,96.6345,2.7347,144.587,135.006,43.2548,54.7145,9.12391,30,0.361353,1.17871,4.91561,716.876,106.172,118.655,120.542,2.81604,79.0053,54.4318,22.0612,37.7483,5.48743,41,0.3377,1.00227,1.22416,589.515,136.926,101.968,41.3506,1.48164,74.2782,65.6049,18.6173,29.2858,3.58226,34,0.396212,1.16318,2.51792,427.619,97.7736,100.123,40.1265,1.73884,61.6205,57.0856,15.5962,25.7291,3.37339,33,0.30805,0.852483,2.01681,412.091,98.6399,85.9768,36.759,2.5868,65.1225,56.4927,16.7093,26.2117,5.15652,49,0.212746,0.805322,1.15482,497.556,124.134,136.849,104.256,4.09757,79.0719,66.7935,20.1079,38.1769,7.59146,53,0.296595,0.889625,1.3076
decoupled_wbc_h066_p000,1658,complete,90,18,19.0966,2.85588,0.2723,0.0641905,386.512,81.7134,92.7611,58.7839,3.30127,67.077,53.2076,18.024,26.5795,4.17052,49,0.254172,0.902335,0.997766,324.849,67.9873,48.898,25.7002,1.32165,51.8256,50.2099,11.8011,18.6093,3.6043,41,0.343969,0.874059,1.39132,461.096,90.6328,101.2,28.1164,3.04779,70.4811,59.6845,19.6601,29.6405,5.3394,51,0.322432,0.972346,1.2054,432.432,78.2108,94.3962,50.1658,1.7097,65.3371,55.2391,17.4352,27.6509,4.90338,40,0.323662,0.983034,1.41512,501.868,108.685,109.226,29.3444,1.64196,76.8177,62.2701,20.6066,25.5017,4.66387,53,0.220149,0.893689,1.27577,467.768,105.022,110.064,29.1059,2.296,77.1949,59.9054,20.4138,24.7084,3.80389,47,0.324939,1.07582,1.22815,546.477,126.345,98.2094,32.1931,1.93805,79.8573,69.1443,20.2205,29.5694,4.40436,41,0.329211,1.04773,2.20569,487.525,114.955,116.628,36.0546,2.64386,71.0619,61.7605,20.4624,29.875,5.26039,40,0.21672,1.00935,1.51656,623.074,123.39,131.282,32.2141,2.94639,85.9054,65.4899,24.1575,37.3643,6.91435,53,0.312872,0.981285,1.33383,397.646,92.0278,95.6445,35.6594,1.83924,62.7413,62.2906,17.1759,31.3,5.38734,46,0.272986,0.936899,1.28987,571.652,145.936,152.569,35.6237,2.17417,85.2396,73.6834,24.4074,40.4828,6.11102,52,0.353168,1.02822,1.71854,663.403,126.301,117.796,30.1483,1.94097,77.8962,66.8152,21.1423,33.9067,5.71862,34,0.376793,1.24685,2.43735,1292.78,158.647,152.856,46.4842,1.98504,106.918,73.4765,30.2186,46.7769,7.20229,44,0.257839,1.08935,3.56685,704.838,146.448,119.121,179.953,9.24772,89.7707,71.1612,24.4794,48.3027,7.89453,42,0.361528,1.09783,2.44237,598.631,142.726,124.734,40.5284,3.24055,77.93,62.9299,22.1444,35.8672,5.7431,38,0.356044,1.20236,2.23692,376.002,88.5751,78.0955,31.7762,1.32021,58.688,53.9496,15.7409,24.0119,4.18392,51,0.245208,0.839525,0.919915,592.103,189.396,137.538,63.3087,1.66439,84.0545,79.553,23.3236,34.8296,5.44829,48,0.229849,0.894494,1.60664,624.482,110.128,98.8965,60.6172,1.82778,77.9216,63.3496,18.8838,34.2752,4.00368,49,0.240696,0.987819,1.51296
decoupled_wbc_h066_p000,1659,complete,90,18,26.5554,3.32719,0.285601,0.303335,394.736,88.404,96.1358,24.6261,2.48094,63.6129,51.0832,18.3102,30.472,5.44616,40,0.363857,1.04015,1.22377,380.461,85.1213,94.0811,32.3687,2.55854,64.2247,55.346,17.0268,31.6177,6.73838,50,0.271108,0.912972,1.15418,455.087,93.4118,96.2123,100.254,5.34528,65.1948,58.1119,16.9464,33.4994,8.06241,41,0.330573,0.987422,1.7803,494.962,93.4835,116.561,26.8833,1.87376,66.3999,48.1598,19.4678,31.4288,6.36195,39,0.386493,1.06595,1.42825,484.044,115.65,102.832,23.2151,2.01312,73.7431,62.1745,18.822,32.1449,5.43455,55,0.336457,0.942486,1.2339,509.479,118.264,97.5445,23.2307,1.94694,76.9057,68.3653,20.2741,31.1079,5.55952,51,0.318041,0.886742,1.16422,469.542,85.6155,116.566,25.2271,1.4251,73.4836,52.7141,21.1459,27.468,4.77526,48,0.337689,1.01309,1.06244,547.702,112.021,127.926,154.738,8.32571,81.4008,66.4487,22.5777,36.85,7.66957,52,0.311962,0.991659,1.17825,369.618,70.7896,72.3748,25.266,1.87167,53.9564,50.6902,13.503,21.0701,3.96925,41,0.324315,0.94489,1.54655,527.719,115.499,119.325,28.1867,1.63954,85.5139,68.5775,21.8366,34.3238,5.19563,53,0.347019,1.02228,1.40403,465.798,87.833,76.2101,30.0803,1.52626,68.9773,57.2603,15.3699,27.795,3.80435,38,0.355068,1.1081,2.21001,456.178,101.788,106.069,40.7958,1.33808,64.7024,56.5793,16.5844,31.1431,4.22748,38,0.358145,1.10748,1.84657,412.258,111.64,117.681,51.8942,1.08041,68.9674,66.1647,18.7845,33.1706,3.77508,58,0.215305,0.766872,0.941179,410.083,85.2074,111.697,52.702,2.33329,60.4555,52.7426,17.949,27.3305,3.82791,45,0.239331,0.864186,1.0044,723.846,135.463,151.978,112.69,6.80412,85.9626,64.0984,21.588,33.37,6.58742,38,0.33867,1.08392,2.10964,738.978,193.512,178.564,54.5087,1.97544,88.4511,69.6075,25.351,41.9089,6.13953,44,0.293004,1.04586,1.39766,366.287,83.5923,86.2227,38.9535,2.43246,64.2334,56.8736,16.7439,29.1032,4.96427,54,0.296818,0.813227,1.06297,1460.21,236.155,232.29,219.682,10.8149,127.371,89.1838,35.606,73.9752,19.6354,28,0.319039,1.96473,5.79914
decoupled_wbc_h066_p000,1660,fell,81.06,17,25.1452,7.60796,1.06645,1.955,393.273,92.8158,117.337,54.8378,2.57224,66.9764,59.3073,19.5105,32.2259,4.83227,40,0.281148,1.02795,1.24204,453.006,87.5055,100.231,35.0369,3.69555,65.2638,49.6853,17.8335,28.2342,5.42805,38,0.295944,1.13147,1.51615,345.973,69.3409,76.4502,36.1334,1.29511,52.5741,47.3701,14.2158,26.535,5.12155,37,0.355872,0.989036,1.2205,538.152,138.631,116.469,79.0595,3.51365,80.8454,69.8673,21.1873,40.0158,6.99102,58,0.275213,0.876974,1.24548,394.242,80.9992,96.5605,43.5577,1.1467,62.1606,41.5746,16.7391,31.9995,3.69721,50,0.247946,0.872485,0.756631,558.144,154.585,132.223,60.3591,2.69551,84.6721,67.4761,20.8323,40.7971,5.39648,34,0.418031,1.3057,2.56681,352.11,79.5413,77.0274,36.5797,2.27149,59.3014,47.3964,15.5745,27.9168,5.11322,45,0.317685,0.937424,0.954763,468.055,112.993,63.9075,77.7942,2.61005,64.1301,58.115,13.7191,34.2581,5.3081,38,0.345644,1.05413,1.72494,379.152,71.0258,42.3958,25.1769,1.67861,60.9813,50.2026,13.6255,26.652,3.48648,45,0.33038,0.861756,0.969288,673.999,147.267,95.3389,109.366,31.0095,78.1207,65.2956,18.7052,46.1402,16.0496,34,0.347188,1.31994,2.57492,379.073,75.1927,74.8798,31.9771,2.23335,57.3585,49.5151,13.4316,30.8622,4.8488,50,0.271248,0.821393,0.988165,330.498,89.207,84.9207,33.2783,1.91979,59.646,53.3867,16.1535,36.7078,4.81795,46,0.201361,0.785471,1.10716,622.532,121.268,76.6948,26.4469,1.86425,80.3585,64.6437,18.8528,35.8309,6.31741,53,0.29445,0.984764,1.27607,237.642,65.4388,64.1345,22.3525,1.75901,37.9413,40.8399,11.8432,28.3248,4.65448,49,0.140296,0.635079,0.627162,902.011,195.658,91.1405,32.4142,1.5599,81.4243,70.8956,18.9818,38.4574,7.62803,47,0.263612,0.967121,1.66634,277.128,55.2219,37.3502,17.1492,1.07969,42.3107,41.2718,9.04658,14.6141,3.54684,44,0.242835,0.77238,1.06319,1900.52,263.661,275.919,297.189,41.1757,80.7824,48.9076,25.0015,63.1815,32.0327,2,0.259438,2.41631,10.4295,,,,,,,,,,,,,,
decoupled_wbc_h066_p000,1661,fell,40.66,9,20.2025,16.8769,1.4742,1.86696,425.586,104.422,92.113,35.408,2.29774,66.4878,57.157,17.6697,28.1186,3.67362,45,0.289337,0.988783,1.51352,374.898,81.4907,98.6972,39.6726,3.42355,59.9756,54.0264,17.49,28.6149,2.92796,46,0.261892,0.919686,1.33597,339.49,97.9189,91.0854,32.7186,1.52138,59.5546,47.4081,18.312,25.4545,3.38698,47,0.240174,0.829974,0.772923,326.884,80.1895,97.0571,36.5629,1.387,56.8689,44.6694,16.9206,22.9567,3.03499,49,0.235629,0.82569,0.801028,411.302,115.032,92.4601,43.7096,1.2007,69.8201,67.5165,17.8426,29.9748,4.55843,51,0.248938,0.798011,1.0749,352.873,111.376,104.14,50.0369,1.80108,61.7495,56.2771,17.0926,30.1141,5.44023,53,0.201722,0.782391,0.739802,473.832,141.553,110.972,67.7049,2.5603,67.2269,67.4067,18.2852,34.1736,5.90834,48,0.213242,0.850697,1.37165,462.96,79.8848,81.0859,33.8807,1.52614,66.2785,51.4183,17.0521,28.3242,5.81051,43,0.304343,0.952643,1.29108,2151.85,149.801,205.371,63.0201,1.92994,96.8033,35.8331,22.4325,28.2577,6.11012,2,0.16703,1.04559,0.243713,,,,,,,,,,,,,,,,,,,,,,,,,,,,,,,,,,,,,,,,,,,,,,,,,,,,,,,,,,,,,,,,,,,,,,,,,,,,,,,,,,,,,,,,,,,,,,,,,,,,,,,,,,,,,,,,,,,,,,,,,,,,,,
decoupled_wbc_h066_p000,1662,fell,80.72,17,22.9469,6.28336,1.13375,1.48741,428.73,82.0871,81.9563,19.7131,1.86986,63.5901,58.394,16.3251,25.1917,3.6579,45,0.323665,0.910672,1.46848,476.482,90.3551,124.708,35.9679,2.27834,65.6719,52.8001,19.8203,28.7105,4.54268,41,0.286266,1.06698,1.36525,426.839,93.5256,109.596,27.7694,2.47922,67.4793,55.0407,19.3802,25.0874,5.50248,45,0.326458,1.02431,1.42534,445.648,104.276,115.441,25.3067,1.95472,70.8448,55.6459,19.5523,26.1909,5.55993,46,0.348243,1.05228,1.29748,434.96,101.647,105.316,19.5338,2.24458,65.1895,56.7161,19.0286,26.2222,5.28062,46,0.293596,0.941638,1.29441,500.885,100.274,91.1149,21.0321,1.92482,76.3658,59.025,18.8843,26.8214,4.81221,32,0.380855,1.34898,2.61001,408.595,67.4229,54.4609,17.433,2.22876,58.2125,48.782,14.4943,19.3941,3.33677,36,0.370513,1.00405,1.89707,459.658,90.254,105.685,26.5709,1.12809,68.1133,57.0484,20.1751,26.907,3.51473,50,0.2805,0.930339,1.13667,429.309,111.1,69.4473,44.9085,1.90389,57.554,60.2164,15.7005,25.8456,3.39559,44,0.338864,0.922216,1.74391,459.447,104.423,91.8077,71.3908,2.03904,64.6521,59.5957,18.6873,32.7341,4.9821,38,0.337689,1.19464,1.94468,418.628,93.2568,85.9185,18.8013,2.359,58.257,53.8331,17.3776,23.172,4.02938,45,0.292383,0.979245,1.36158,508.022,106.189,120.285,34.2321,2.1241,79.1004,59.3059,23.1627,32.6262,5.27369,51,0.283997,0.995029,1.12493,375.952,87.0186,118.391,75.3473,7.34746,58.9177,55.6101,18.7993,31.1339,8.14521,46,0.300834,0.91946,1.54914,644.806,158.594,139.266,27.5442,1.80135,92.2708,75.7046,27.0888,42.3978,6.95896,51,0.3637,0.986267,1.41859,402.567,75.8629,89.0702,25.4272,1.81785,66.5158,52.7591,17.8445,30.8503,4.48613,38,0.365257,1.13853,1.48723,587.648,113.644,133.512,30.3106,2.3074,75.7994,63.6201,20.9877,35.9349,4.74512,40,0.409415,1.18882,1.91939,864.341,119.225,127.966,181.51,15.1508,61.1325,28.1492,18.1892,41.2865,12.7107,5,0.171133,2.08026,12.8096,,,,,,,,,,,,,,
decoupled_wbc_h066_p000,1663,complete,90,18,23.6661,2.91591,0.197168,0.184489,440.374,95.4745,103.758,29.3246,1.59112,67.6678,60.7694,18.2928,31.0001,3.80716,50,0.235338,0.886602,1.15018,369.065,79.3911,109.336,104.624,4.44456,64.5047,51.1788,18.8556,37.2406,5.63323,52,0.241264,0.931862,0.836475,276.582,56.5152,66.5261,30.0515,2.46018,46.0529,42.6555,13.623,27.691,3.98994,41,0.277977,0.920667,1.18534,449.924,93.8351,98.6389,29.0086,1.76722,72.0232,55.387,20.1317,35.9361,4.42127,49,0.3558,1.06165,1.18102,354.459,71.5265,97.3423,30.9956,2.16495,53.6976,45.1318,14.6203,29.4392,3.35107,39,0.282115,1.07983,1.61137,502.625,113.125,98.2905,76.5147,2.4639,72.3704,59.6169,16.5677,36.4334,4.95741,35,0.333737,1.27146,2.53461,485.152,113.569,119.579,42.4978,1.58067,76.3255,67.7985,19.3078,35.4155,4.60917,46,0.300463,1.02145,1.52306,344.266,69.8273,54.434,35.5703,1.31439,57.5328,46.5224,13.6111,23.4435,4.63519,48,0.28704,0.904441,1.05008,458.006,139.586,155.72,45.9218,2.40737,69.6146,59.9056,19.8599,35.4139,7.90323,40,0.336944,1.0845,1.46802,508.56,97.2275,98.7498,41.5327,1.28625,73.4652,56.9212,19.4245,32.2578,7.79354,39,0.384838,1.14491,1.84217,856.137,141.831,126.566,52.9541,2.20512,82.6239,64.0809,24.6337,31.4169,6.85142,45,0.288518,1.01397,1.41639,551.904,122.506,187.255,169.063,6.85724,80.3222,60.7159,24.8832,45.6625,11.5455,43,0.295512,1.15399,1.99834,502.179,106.396,85.2803,36.5214,1.73705,72.6808,57.9383,19.9493,23.843,4.18483,51,0.331606,0.985665,1.05439,415.734,101.781,100.04,37.5623,1.74287,66.4608,60.8469,16.8503,21.5731,3.00695,42,0.243353,0.886176,1.38265,557.26,84.2124,105.819,92.8137,2.58167,73.5531,55.3422,19.031,29.0972,5.55162,41,0.337828,1.03631,1.88586,507.274,97.4219,134.033,30.912,2.02974,73.9333,54.9555,22.0768,28.8594,5.7478,43,0.32391,1.25434,1.55735,549.018,107.647,96.4707,35.7587,2.08097,80.6159,63.3278,20.9219,24.2862,4.49904,55,0.327071,0.886269,1.13828,570.283,114.545,83.4652,35.174,1.30977,62.6974,56.8826,17.5765,21.9463,3.31117,46,0.217445,0.858023,1.52247
decoupled_wbc_h066_p000,1664,fell,80.8,17,20.1807,12.3586,1.59517,1.02458,396.349,89.3515,120.728,35.3725,2.37394,65.5008,52.0526,19.3547,30.025,4.50585,44,0.272389,1.08165,1.25125,478.772,93.7285,71.8069,28.7986,2.5063,66.1122,62.9049,15.0376,21.912,3.41869,39,0.37461,0.957503,1.88995,389.395,129.651,94.8168,43.9389,1.85777,66.074,63.5911,16.9682,22.6179,3.11246,54,0.198786,0.746675,0.920208,529.222,112.2,96.4293,33.8332,2.22778,78.2348,65.3144,18.6847,21.6444,3.91896,47,0.336077,0.834579,1.33633,565.808,130.038,103.355,29.9594,1.26431,85.3553,68.3736,20.4933,22.9108,3.49967,57,0.248658,0.804283,1.29884,564.139,112.305,88.2526,99.8462,2.52627,72.5526,67.5334,16.8805,28.7414,3.87519,42,0.345027,1.00772,1.78308,409.852,103.164,103.635,64.2474,2.03764,63.4835,53.1673,18.7482,26.8205,4.94887,43,0.294626,0.944176,1.01599,451.737,76.8904,64.293,22.4923,1.3484,67.1734,51.445,15.3051,20.018,2.73943,47,0.330327,0.987846,0.991056,481.434,92.2236,108.116,39.095,2.01547,69.5186,56.7411,17.2523,26.017,3.29048,53,0.261179,0.937268,1.20632,536.374,91.434,93.1081,34.7192,2.20876,74.3321,60.8381,17.1343,27.207,3.00671,39,0.36145,1.05627,1.9136,327.488,95.2073,100.475,41.196,2.21005,59.4919,58.5584,15.5993,26.9955,2.84507,49,0.207338,0.768223,1.04957,541.607,100.063,95.6536,38.7075,0.7279,69.3481,58.2099,17.7221,29.002,2.90741,47,0.311507,0.957984,1.19825,865.806,245.684,151.948,33.8828,2.23026,85.4491,82.2616,23.7253,29.5867,4.15669,51,0.212531,0.83461,1.67724,545.347,135.221,144.03,162.199,10.8969,74.9887,67.9992,20.8047,33.5158,8.52374,41,0.248882,1.02292,1.74508,811.575,188.991,247.722,235.582,5.12265,99.7852,70.4757,32.4506,63.0932,8.47888,38,0.402379,1.19673,2.0198,756.232,134.443,133.364,148.933,6.86462,96.4419,74.8712,23.6663,46.6285,6.97173,42,0.377798,1.27213,2.67328,1872.96,107.331,324.612,300.204,15.4767,65.856,26.6861,19.0416,41.9617,12.3391,3,0.290126,0.906623,1.88106,,,,,,,,,,,,,,
decoupled_wbc_h066_p000,1665,complete,90,18,20.8388,2.56305,0.222069,0.197588,342.839,70.4448,54.2566,22.3532,1.38165,52.6108,44.6293,12.1161,23.2452,3.28033,32,0.324522,1.17488,2.18046,451.706,79.5727,137.115,80.2738,2.61746,66.1932,48.6931,19.1582,36.7918,6.17107,47,0.34753,1.04257,0.953306,447.124,96.4784,81.5502,25.673,2.6829,63.9152,59.2113,15.7321,29.835,4.78934,32,0.393494,1.17718,2.56972,374.264,95.5205,94.4655,30.463,1.84192,59.991,55.6912,16.8952,28.8776,5.13842,44,0.262257,0.900581,1.0781,460.194,96.0071,134.752,30.5275,2.21867,71.7688,54.1817,20.2693,32.0674,6.16972,43,0.35381,1.07564,1.36959,424.676,106.402,100.607,26.3571,1.86273,64.1885,58.6328,17.4668,29.5629,5.84035,51,0.27967,0.862037,1.14576,458.885,125.927,154.341,102.847,2.62581,71.0074,64.8011,22.2312,37.4792,7.33662,49,0.263729,0.969415,1.12912,467.358,100.333,107.44,30.9539,1.26355,77.3514,60.3079,20.9552,25.5782,4.58938,46,0.289865,1.02153,1.21447,440.904,75.5848,104.933,73.9593,1.54004,67.1991,52.9776,17.8105,21.4664,4.46057,51,0.328158,0.853658,1.03518,434.037,95.163,84.0585,25.3845,2.34467,62.3727,57.8126,15.0723,17.7023,3.88513,45,0.332447,0.941883,1.6509,419.155,88.5987,97.024,19.9392,3.05229,63.3137,53.8663,16.7841,21.9303,4.52111,44,0.259981,0.940481,1.30428,368.812,71.9343,99.3501,28.5015,1.66921,57.9421,46.2087,16.3335,24.0257,4.34568,47,0.290168,0.95056,0.879802,363.394,96.0968,83.2239,30.5017,2.10987,61.2649,58.9766,15.895,26.805,3.8093,48,0.257453,0.939798,1.23277,532.467,116.787,136.63,63.5107,2.44328,79.388,64.5523,21.2816,37.6662,6.50159,49,0.287443,0.824535,1.26521,406.816,102.492,125.437,34.0693,1.86244,67.0759,58.7608,20.9783,27.1076,5.42809,52,0.328226,1.00852,1.19894,681.117,127.775,126.86,35.0501,1.47941,92.345,70.9133,25.5041,31.8826,5.1803,50,0.395631,0.970699,1.71866,406.087,106.26,108.246,36.5206,1.40308,64.0221,59.5795,18.9038,24.1113,4.05774,43,0.273343,0.832134,1.04149,1167.21,208.149,238.378,43.3331,1.62355,123.234,78.5302,35.1603,37.2756,6.61932,42,0.248529,1.15223,3.17808
decoupled_wbc_h066_p000,1666,fell,66.02,14,18.3959,4.0009,1.56909,1.92849,390.038,87.1519,93.9255,24.3698,1.86379,59.78,53.54,15.6783,27.0384,3.70113,41,0.332895,0.99128,1.56385,379.359,82.3591,130.401,67.3892,3.68025,64.5595,54.2747,19.9813,37.8547,5.52428,44,0.294333,1.0984,1.47298,302.013,49.0234,51.5355,18.8453,1.41235,55.1926,41.1136,13.3755,25.4581,2.3033,51,0.276907,0.849741,0.922645,471.834,91.3193,95.2816,28.6207,1.08348,68.2067,55.0397,17.6875,29.8595,2.61942,45,0.285735,1.00945,1.22784,414.876,69.1073,72.8505,21.9305,1.52118,59.7931,48.3361,16.5746,27.3965,3.14661,41,0.377899,1.07028,1.15543,544.708,110.516,120.099,96.8542,2.98087,77.6647,61.5697,21.0174,44.15,5.68325,49,0.312639,0.97824,1.45939,470.136,96.728,86.5977,31.6628,2.31174,74.797,54.2588,17.7271,34.5112,4.04092,37,0.384016,1.42214,1.77953,383.648,74.6533,77.722,56.0814,2.94711,58.3891,47.582,14.0314,33.3989,5.05507,39,0.304113,1.02329,1.34786,467.897,77.0101,95.5314,29.9694,1.98157,62.4446,40.4711,16.4455,29.506,2.88738,38,0.374332,1.07674,1.13128,534.769,102.348,79.2429,35.0077,2.50559,70.6524,61.2824,16.3593,36.7058,4.82729,39,0.387587,0.968119,1.66567,403.775,81.499,73.5277,26.032,2.11946,57.9281,46.2645,14.5459,24.8351,3.84163,39,0.357764,1.06271,1.34709,552.268,109.396,93.093,98.0337,2.6229,79.7981,62.0601,19.2495,41.5662,5.2987,51,0.334362,0.93026,1.28597,799.75,170.47,104.554,100.739,2.17111,91.679,69.4888,19.9568,44.2383,5.06438,38,0.357744,1.11578,2.64188,1591.14,338.909,231.834,95.1811,10.1927,81.1704,50.5278,20.0607,31.441,6.92723,1,0.402466,1.24519,1.66144,,,,,,,,,,,,,,,,,,,,,,,,,,,,,,,,,,,,,,,,,,,,,,,,,,,,,,,,
decoupled_wbc_h066_p000,1667,fell,51,11,15.0244,17.2573,2.12389,1.12198,323.751,54.8379,56.9315,23.0724,1.61187,53.4305,44.747,13.6805,24.4775,3.64495,37,0.326728,1.14147,1.44391,298.111,70.8168,61.4536,24.887,2.03988,47.9442,47.6343,11.9079,23.5676,4.25254,43,0.248501,0.863336,1.42339,344.317,82.3217,90.6682,28.5665,2.66425,60.5484,53.4523,16.9895,29.7367,6.25179,42,0.271049,1.00647,1.22729,445.458,97.6412,102.632,30.0797,2.33887,75.0798,57.6037,20.1954,34.6909,6.77918,46,0.336977,0.998709,1.26074,347.695,76.6982,88.4622,27.2464,1.5917,57.3978,51.7829,15.5113,28.1253,5.65416,47,0.301274,0.900026,1.14583,656.269,123.443,143.725,46.1778,2.03265,81.1464,54.7669,22.5083,39.2833,6.90282,40,0.338859,1.17937,1.70764,313.974,59.7237,82.3698,34.0684,1.19551,53.3255,43.3071,14.7754,22.333,2.80254,39,0.2751,0.897383,1.02731,479.717,99.6522,99.3915,28.4253,1.42145,67.6984,62.9675,16.5628,22.2374,2.92348,44,0.312032,0.886933,1.44807,443.277,87.4442,82.4904,28.2905,1.73471,63.2046,58.0809,16.069,19.5412,3.7917,38,0.351039,1.01293,1.87177,393.542,93.6788,93.6566,37.2161,2.10753,62.0879,53.2031,17.9269,23.0065,4.21891,51,0.213842,0.763055,0.952809,3452.83,212.049,568.327,233.729,27.0563,172.611,56.7878,41.6656,59.3059,22.8042,2,0.179653,0.827474,1.19431,,,,,,,,,,,,,,,,,,,,,,,,,,,,,,,,,,,,,,,,,,,,,,,,,,,,,,,,,,,,,,,,,,,,,,,,,,,,,,,,,,,,,,,,,,,,,,,,,,
decoupled_wbc_h066_p000,1668,complete,90,18,23.4473,3.33749,0.18037,0.147097,434.575,106.069,105.961,32.0219,2.67224,67.9174,57.4628,18.3379,30.5294,4.32361,44,0.301506,0.988864,1.24304,442.474,64.9085,75.4849,26.0559,2.07454,65.7367,48.3494,16.3199,24.2826,3.94498,33,0.44031,1.17049,1.86861,346.282,68.9892,70.7259,15.1568,1.56817,56.1881,48.0225,15.3147,18.9979,3.27567,42,0.28642,0.933485,1.11216,393.085,65.5971,91.4582,25.2475,1.95599,61.9484,44.9901,17.1988,22.3288,5.25832,44,0.291646,1.0262,1.04296,377.7,84.8832,91.8704,56.8211,2.54224,65.9127,53.5749,17.0259,28.4626,5.69226,46,0.313927,0.917525,1.15177,564.913,127.769,107.373,37.6042,2.53239,79.0748,67.0788,20.1083,28.8455,4.54834,48,0.319331,0.835636,1.33546,412.992,90.4398,83.6268,43.3032,2.20076,60.6004,57.1301,15.0562,20.6701,5.28043,42,0.286282,0.940443,1.36669,349.653,76.3411,116.278,25.8867,2.06901,62.6947,46.808,17.5496,21.9614,4.35182,44,0.248429,0.868511,0.936475,412.499,105.838,99.2269,41.2728,1.91952,66.4463,61.2369,19.0684,25.3483,5.71182,47,0.241717,0.820262,1.0211,548.315,117.825,111.911,23.8697,1.57071,82.3393,67.5386,20.8894,27.1259,5.61386,43,0.338618,0.934961,1.5682,505.555,108.925,142.213,34.7542,2.20943,70.6393,63.1383,22.0698,26.68,6.04038,50,0.241202,0.885441,1.19952,824.606,155.639,157.652,138.805,19.9138,94.6167,62.5906,26.6966,40.8133,16.8862,45,0.338629,1.03046,1.54072,758.427,130.237,116.897,27.1415,1.64502,97.2892,71.6801,26.2244,27.6655,6.34616,44,0.301952,1.25551,1.98217,442.587,108.508,105.112,58.0674,2.83716,70.9629,64.2096,20.4421,32.151,5.85355,53,0.252794,0.857887,1.12846,377.542,110.458,92.1719,35.9683,2.38532,69.2132,61.1241,18.7142,21.8328,3.7213,54,0.269578,0.892608,1.01372,1003.74,448.255,205.725,92.6236,2.35517,106.49,108.159,28.4567,40.6892,7.58428,38,0.419278,1.12024,2.70171,543.29,108.999,96.4125,47.2999,2.37495,75.1305,64.9341,18.0317,27.4884,5.76002,41,0.351846,0.898712,1.36463,490.815,117.505,83.7152,47.0398,1.67309,67.0884,65.3854,15.7313,25.7858,5.33743,43,0.350749,1.02531,1.66777
decoupled_wbc_h066_p000,1669,complete,90,18,16.2885,3.57759,0.0411197,0.23865,368.283,86.0799,101.535,22.4659,3.79202,63.015,55.0504,17.4167,27.3405,5.21674,44,0.279899,1.03257,1.44266,434.623,82.3423,110.03,29.5443,1.98591,67.25,52.0044,18.7486,25.2825,4.99008,53,0.283048,0.887917,1.03567,471.176,79.9839,68.8165,27.1487,1.99003,70.628,55.9601,17.7427,22.527,3.47204,49,0.32376,0.88095,1.45849,321.09,66.8985,68.7568,37.0251,2.61593,53.3996,43.9094,15.7476,24.1473,4.31518,42,0.310995,0.983194,1.08612,401.082,88.0046,84.705,22.8253,1.66682,61.6575,54.7731,17.039,22.0483,3.51779,52,0.280696,0.802062,1.11125,560.845,115.118,119.319,49.2254,1.79399,78.1798,59.9298,23.3309,34.0165,5.08418,54,0.311843,1.11896,1.14226,611.454,116.835,121.17,34.258,1.48732,86.8877,69.2902,26.0982,35.334,6.19786,51,0.304183,1.10368,1.57839,496.107,101.534,91.2144,91.3118,2.8915,72.873,62.3362,18.6504,33.1564,5.81421,51,0.334464,0.920441,1.57397,510.973,107.304,120.581,26.9872,1.46606,74.3847,69.0442,20.2906,32.2865,5.33273,60,0.308257,0.843224,1.1316,394.79,80.7626,113.338,79.6606,1.95308,59.5185,48.8799,17.6038,30.4532,4.32162,46,0.303379,0.920892,1.07022,563.249,159.855,121.57,32.8913,1.64419,82.9415,72.6333,22.6015,36.0481,4.82253,48,0.341158,1.0789,1.35533,473.004,99.2156,116.043,70.9956,3.16906,70.2235,59.9581,20.647,35.147,5.95138,45,0.305082,0.967874,1.50625,746.711,160.819,202.092,225.55,4.78436,89.7034,67.8545,28.977,59.2241,9.27939,44,0.336623,1.08564,1.9782,458.532,89.8561,95.6334,28.4845,2.38446,69.6843,56.1082,17.8355,27.6194,5.64809,50,0.286053,0.953162,1.13272,418.678,95.3196,90.51,102.199,9.33556,64.2063,58.9622,16.2058,30.7158,10.6354,47,0.329997,0.950085,1.67793,485.791,92.9395,90.3052,31.3495,1.35394,65.1569,58.1697,17.8879,22.2223,5.22064,34,0.357815,1.0635,2.34567,589.885,125.843,113.406,26.9135,2.3959,70.6532,60.288,21.0778,30.5325,3.87192,33,0.322022,1.12755,1.77191,560.313,220.125,157.945,43.9052,2.33443,85.6614,76.5187,25.772,39.8756,5.09413,42,0.332246,1.07091,1.73444
decoupled_wbc_h066_p000,1670,fell,50.74,11,32.9968,7.3815,0.901689,2.58458,415.819,73.8387,86.2416,25.9881,1.6541,67.2942,52.7975,17.5617,27.7972,3.20415,46,0.293521,0.956043,1.15721,381.956,74.7996,65.1879,20.7023,1.67378,60.9984,52.2145,15.7347,22.44,2.78346,50,0.267648,0.898436,1.13864,469.364,105.419,133.379,29.1049,2.6029,68.9642,58.4398,19.7848,30.7079,4.46278,49,0.365625,1.0181,1.2333,431.958,80.9852,80.0944,25.0432,2.21993,68.9361,55.7181,18.161,29.6534,4.35208,55,0.327915,0.944578,1.24358,527.524,92.5611,118.452,148.727,17.7997,78.681,55.19,21.2717,39.4803,11.6836,46,0.389311,1.10012,1.33081,501.546,96.3781,97.4123,95.2034,2.77741,70.4454,57.7478,19.6685,36.8673,6.05748,51,0.360368,1.16041,1.38755,664.164,141.575,142.857,30.8688,2.43121,83.5474,70.1815,23.7343,31.0518,6.51973,34,0.315508,1.39351,3.01463,527.687,95.9432,112.879,28.0563,2.09405,78.5248,64.0964,22.5508,27.013,5.73407,46,0.347937,1.06093,1.76,363.709,80.8226,72.8466,26.0784,1.38513,51.5136,47.9473,13.9331,18.8169,4.56977,45,0.303787,0.872721,1.22184,642.599,115.998,92.9381,85.3069,4.43732,77.4317,60.874,19.7715,30.7509,6.83818,30,0.389433,1.47473,2.45705,2185.09,206.01,370.531,42.3112,1.56057,99.3708,34.9796,25.4118,29.3663,5.45313,3,0.237218,0.695916,2.76929,,,,,,,,,,,,,,,,,,,,,,,,,,,,,,,,,,,,,,,,,,,,,,,,,,,,,,,,,,,,,,,,,,,,,,,,,,,,,,,,,,,,,,,,,,,,,,,,,,
decoupled_wbc_h066_p000,1671,complete,90,18,25.7061,3.45503,0.295657,0.335931,408.709,84.5215,79.5935,26.6154,3.58548,65.6768,52.7206,16.3967,27.973,4.22972,46,0.26732,1.04382,1.32703,500.316,104.998,107.679,30.1185,2.15157,77.5818,68.0555,20.1582,35.2655,5.52584,47,0.305804,0.977429,1.43678,439.614,90.8773,90.7051,23.9117,1.03969,64.6519,58.6128,16.0486,29.3748,4.04195,43,0.352646,0.998835,1.72877,467.824,104.123,116.799,42.7392,2.63074,71.8387,63.4244,19.0258,36.5963,5.24504,49,0.309381,0.957224,1.29258,485.643,94.1555,125.075,33.7108,1.58046,68.6712,58.1903,20.2413,28.4719,3.9935,50,0.306855,0.911258,1.24397,494.5,97.931,128.594,37.7379,2.47319,69.7215,56.7271,21.3758,29.3926,6.028,42,0.286901,1.11144,1.48637,568.713,115.802,125.56,37.8948,1.93826,75.122,61.2093,20.9236,28.4268,7.07706,54,0.267537,0.938585,1.16681,371.282,79.4286,67.1298,24.1903,1.48511,53.6018,48.3537,14.6202,19.2775,3.94721,39,0.35305,1.11807,1.77312,648.215,113.954,237.69,246.818,14.7138,88.5842,60.8387,29.9348,59.8,15.8308,37,0.364383,1.29179,1.75046,473.85,97.8544,78.754,21.0623,2.47164,64.4166,58.3706,16.7907,22.3308,4.23076,41,0.340513,0.888424,1.92548,428.023,88.6022,98.0306,19.6193,2.26709,71.2589,55.1952,20.2235,25.3616,4.65237,48,0.320326,0.947137,1.11742,455.249,84.0164,66.4064,18.4263,1.56324,69.6611,52.8115,18.4126,24.5416,4.45901,46,0.365621,1.0518,1.20687,495.326,91.5234,91.9922,40.9838,2.71384,68.9126,60.6177,17.8405,31.0254,4.92397,51,0.219198,0.798991,1.13856,708.684,108.142,126.202,23.5558,1.88065,78.2329,61.3832,23.7365,31.2037,4.16966,48,0.376908,0.970152,1.14755,487.769,104.35,115.815,27.6946,1.76381,71.0471,56.3249,21.8785,31.7183,4.7756,42,0.284135,0.998013,1.44159,815.431,204.774,137.865,30.8564,2.0671,95.4019,79.0306,25.4187,35.7153,5.71592,31,0.345029,1.49313,3.549,394.43,78.8826,86.8652,15.3649,1.74003,64.0727,53.7824,16.9966,22.287,4.2738,45,0.305167,0.973024,1.22975,578.977,103.237,117.453,25.7607,1.28499,77.112,59.1436,20.8701,25.5118,4.73829,37,0.317993,1.4142,2.29573
decoupled_wbc_h066_p000,1672,complete,90,18,18.2157,3.3297,0.25586,0.302064,522.061,105.699,102.272,30.2109,1.81252,77.902,64.4341,21.9664,35.4018,4.63022,51,0.309041,0.993089,1.12845,377.696,71.077,83.7585,35.93,2.64108,57.7191,51.7876,16.008,27.42,3.73685,42,0.321602,0.904921,1.46547,323.085,65.1867,91.4926,26.6989,2.25603,56.7566,46.6848,16.6992,27.2763,4.57058,40,0.317221,1.10682,1.22718,368.69,68.2362,67.0127,19.1934,2.77837,61.7581,49.4543,16.3508,26.4988,5.31632,44,0.332537,1.03054,1.30869,443.07,90.7972,74.2567,62.6573,2.05954,64.9135,56.8311,16.0205,31.8425,4.66489,45,0.293522,0.937387,1.1155,491.571,121.094,142.026,33.0136,2.15889,77.6971,64.959,20.1141,33.8987,4.19016,49,0.284679,0.983089,1.22511,472.078,109.076,124.566,114.953,2.13386,67.0609,56.8367,19.5837,31.5587,4.92692,44,0.289563,0.960249,1.22659,675.686,166.581,117.572,104.067,2.75224,80.8954,68.7536,20.5025,42.9044,5.19332,43,0.338635,1.10744,1.60611,412.873,133.278,116.616,62.8249,1.94981,69.6632,65.254,19.0374,39.4407,4.89823,49,0.264825,0.79878,1.0494,418.99,95.5275,78.1738,38.7316,1.55521,68.0474,55.0341,16.654,28.6583,3.50093,35,0.313893,1.07326,1.49846,485.5,95.0303,98.3615,85.1674,3.59964,65.0816,57.3849,15.75,33.1411,5.17107,40,0.366639,1.09106,1.96518,412.95,125.915,105.283,92.5374,2.34418,65.9614,69.1027,17.6427,38.1931,4.45789,59,0.216967,0.865752,1.29624,646.318,200.599,160.53,58.493,2.23886,84.5594,82.5984,22.6614,41.7867,5.72146,43,0.238403,0.900938,1.62652,339.167,83.205,70.3314,34.7194,1.43538,53.7046,51.7722,14.362,28.8775,3.83035,53,0.21352,0.840127,1.07185,382.245,81.8738,82.1489,42.2402,2.00003,54.6008,49.7927,16.338,32.5308,4.76907,42,0.264258,0.963727,1.04255,514.705,137.755,123.693,115.736,2.7518,73.8479,67.6509,19.2423,43.3287,6.77021,54,0.261385,0.850925,1.31127,470.686,96.5701,113.848,44.7886,1.77285,69.2876,56.2493,17.7788,34.209,3.89672,44,0.28587,0.953937,1.30528,658.312,159.405,109.043,32.4189,2.05659,85.3471,71.1964,21.835,37.5415,4.53645,41,0.308291,1.01517,1.66963
decoupled_wbc_h066_p000,1673,complete,90,18,17.8136,3.27428,0.2828,0.191084,393.221,96.8921,83.5158,29.3538,1.96878,61.2921,55.1496,16.1115,26.2087,3.51941,47,0.248041,0.89204,1.2188,355.09,89.3137,119.22,29.8647,2.12404,59.9772,53.5279,18.3564,24.4867,3.80222,57,0.218873,0.805375,0.772718,328.971,78.416,101.94,29.4373,1.7735,59.0437,46.8959,16.4522,23.1634,5.99633,45,0.289476,0.954981,1.01342,518.308,112.695,99.4439,45.0656,1.96549,72.5099,61.8101,18.5886,29.1727,6.66972,36,0.325202,1.21118,2.00743,298.336,71.8118,67.1222,35.688,2.27888,53.2819,47.7355,14.4236,23.6318,5.21711,51,0.214449,0.784105,0.825645,356.929,72.8655,92.6864,39.7562,2.15068,56.665,45.9143,16.0456,27.8415,5.20173,47,0.25605,0.941529,1.02692,352.046,98.5651,91.3289,31.1151,1.72221,60.6038,56.6244,16.4015,23.779,5.15662,49,0.213863,0.850368,1.00171,552.573,143.009,97.0834,65.7145,2.58157,81.59,73.7734,19.0449,26.7686,4.206,52,0.289342,0.82161,1.26863,625.747,118.198,93.5859,34.1907,1.75578,82.6431,70.9782,19.7864,30.2904,3.44833,43,0.335688,1.00744,2.10249,475.046,131.682,123.707,23.6644,1.89977,73.4336,63.5508,20.3817,26.8956,3.0545,41,0.266793,0.994072,1.38861,600.542,114.603,115.933,36.7972,1.76511,84.9836,63.63,19.5583,28.1119,3.06898,39,0.364629,1.11379,1.75115,663.157,177.032,137.813,48.1156,1.70596,87.6829,74.1986,21.7812,31.1205,3.57002,40,0.293278,0.91203,1.85437,421.157,94.7648,105.916,42.9606,2.03379,60.6279,56.5106,16.3506,25.9752,3.83566,45,0.298761,0.790372,1.23107,695.789,118.676,101.346,41.3491,1.42065,86.5932,60.5463,20.5678,26.0055,4.40079,47,0.269684,1.06525,1.25789,315.011,86.5623,112.362,55.5165,2.09681,56.7216,48.7209,17.1452,25.4716,4.55552,42,0.265461,0.911257,1.1636,697.471,121.005,265.521,136.566,6.45149,92.965,65.6983,28.9384,44.491,10.6937,30,0.352634,1.10746,2.6185,509.133,159.744,120.05,99.2364,2.16426,74.0803,64.4036,19.4831,29.99,4.72616,39,0.247407,0.947892,1.63515,640.794,142.312,270.068,209.414,13.5083,87.7014,70.0258,29.3442,54.6368,10.7511,46,0.258839,0.868363,1.36871
decoupled_wbc_h066_p000,1674,complete,90,18,14.9159,2.67019,0.113823,0.205195,422.285,69.6674,122.893,34.9195,2.70377,72.4996,48.1004,20.5123,31.2289,4.80336,46,0.319611,1.04999,1.22573,502.869,95.0618,115.69,27.5004,2.22512,72.9981,59.0897,19.3467,32.788,4.76966,49,0.317651,0.972246,1.3815,414.763,105.424,116.549,30.9864,1.95288,65.4545,57.1464,19.1345,28.4162,5.35306,41,0.307215,1.01137,1.36114,341.472,95.9905,98.7667,111.859,3.42657,60.2991,52.0481,17.7173,36.3729,6.48678,49,0.215837,0.844269,0.72684,446.531,105.256,107.893,85.8645,3.41097,67.0736,54.8609,18.7362,28.9729,5.50293,41,0.292851,0.991054,1.3085,389.257,82.8234,83.74,36.3928,1.75096,64.9832,48.2943,16.0254,22.0806,4.25606,46,0.280011,0.911147,1.03992,422.874,92.4927,97.3311,36.856,1.50673,69.868,59.8323,19.4337,24.0826,3.82726,55,0.275172,0.886414,0.976558,310.123,113.069,103.793,47.1414,1.99121,54.3847,58.5081,16.4977,26.5007,3.18383,53,0.193435,0.722194,0.860623,488.337,114.895,95.5751,34.5139,1.847,72.2826,60.9168,18.5895,25.4081,4.22059,53,0.263559,0.914696,1.21744,437.756,79.5355,64.1041,31.5552,1.92875,60.05,53.2875,13.0297,21.646,4.44933,39,0.332966,0.968219,1.82662,524.249,116.163,190.374,142.795,23.0815,85.1691,65.3484,28.9222,42.115,16.225,48,0.24378,0.957458,1.16775,595.119,221.464,150.526,49.641,1.94331,83.1622,75.9791,22.4195,28.1851,6.2143,41,0.295834,0.894635,1.50541,468.295,78.2675,83.1648,36.8522,1.84491,71.0381,49.0389,18.3359,21.7907,3.70172,47,0.337713,1.03852,1.01347,510.992,109.387,118.199,105.763,2.98761,80.1018,61.2125,23.2952,31.4985,4.91886,61,0.278148,0.839448,0.842122,346.351,95.1022,82.9712,34.2715,2.22547,59.0567,55.8501,15.9676,20.3309,3.18117,44,0.261033,0.918797,1.18607,541.384,173.397,123.037,105.65,2.46136,71.5194,69.515,19.0406,28.2647,4.45295,38,0.350983,1.03316,1.82136,588.643,176.307,129.069,45.0894,1.30017,79.3736,77.7204,19.7238,25.7988,3.62327,40,0.345041,0.905939,1.74333,779.042,194.42,192.639,242.426,15.1529,95.7766,73.9488,28.9351,54.631,11.4613,41,0.307785,1.08188,1.79021
decoupled_wbc_h066_p000,1675,complete,90,18,14.3632,3.53294,0.243341,0.225711,509.127,119.66,113.82,25.3121,2.0344,78.4802,71.6385,20.3884,25.7039,4.06014,49,0.274995,0.948577,1.56894,415.747,96.4287,92.7878,34.4149,1.94114,70.2276,58.1376,18.6335,20.8116,3.11578,61,0.267753,0.832217,0.887999,402.241,97.7914,89.8906,41.8385,2.59257,61.1859,59.6283,15.6458,23.3408,4.01416,48,0.250068,0.829598,0.989881,339.166,103.504,88.383,35.2983,1.41574,52.6511,54.9484,15.3992,22.5383,3.40668,40,0.209623,0.718689,1.19847,314.583,63.1393,69.9899,44.5343,2.06089,52.5297,47.0017,13.8943,24.0989,3.33579,46,0.214859,0.795352,0.913873,458.21,100.114,96.7128,33.8233,1.86215,67.8871,52.307,18.7091,27.6562,4.01316,49,0.272048,0.950944,1.12528,541.793,147.609,139.493,70.2521,1.89962,75.746,64.5764,20.4394,29.8601,6.23637,43,0.328585,0.895878,1.44439,416.049,113.243,88.0038,37.6026,1.40041,62.1413,63.8978,16.3382,21.817,3.34689,43,0.276302,0.807292,1.31188,455.729,101.095,98.2938,29.7116,1.22619,63.8056,56.778,18.1533,21.1398,4.24664,48,0.268044,0.826627,1.0444,1196.52,157.829,140.119,41.5389,1.8169,96.4747,76.8354,25.3156,26.8374,6.11813,55,0.243746,0.861305,1.76222,513.921,112.814,86.569,41.1674,1.10409,67.52,59.2738,17.0009,22.8306,3.9109,36,0.385529,1.14689,2.00016,415.976,97.8345,88.1049,61.0159,1.50273,62.7889,56.8848,16.8195,21.592,4.50501,53,0.243829,0.868898,0.91292,385.965,109.087,101.144,45.628,0.925875,66.1219,62.4918,17.3611,27.064,4.08976,56,0.223808,0.766923,0.914108,460.175,112.621,79.1862,48.9844,1.70233,69.6026,59.3039,16.686,30.6119,4.60041,47,0.313875,0.760086,1.29078,455.204,81.4048,99.6249,47.25,2.44192,69.6339,52.7329,17.3408,31.6318,5.07036,54,0.30068,0.887523,0.95995,374.06,98.0516,86.7823,41.2994,1.95574,61.3861,55.262,16.7499,28.29,5.53492,54,0.232158,0.823123,0.975316,402.892,104.462,92.3126,140.417,5.74057,67.8376,61.8039,19.0557,38.8573,9.4047,52,0.229383,0.847341,1.1009,1230.6,236.174,309.034,51.1662,2.46552,109.186,73.8224,33.8062,36.6455,7.75492,44,0.317853,1.00079,2.70818
decoupled_wbc_h066_p000,1676,complete,90,18,18.8633,1.71767,0.460743,0.140156,413.56,74.5644,85.3808,22.6176,2.35008,63.8804,54.1446,16.7426,30.3841,5.14884,46,0.331504,0.999644,1.20896,472.209,90.0871,91.8014,28.4401,1.90025,72.1824,52.7675,17.5734,32.5899,4.92094,47,0.388224,1.00528,1.32929,374.605,84.9634,105.184,35.7511,2.02888,59.004,54.5872,17.8247,26.6402,4.43929,55,0.251773,0.80547,0.935974,331.244,68.1241,93.4969,28.9996,1.80497,53.6622,44.6252,16.7913,21.4137,3.56812,45,0.317292,0.965949,1.09719,458.252,103.873,97.4905,92.6126,8.64944,69.1908,59.1478,19.3706,35.7266,7.47399,44,0.348394,0.94626,1.53238,309.996,60.6511,54.8273,15.8854,1.19256,53.0075,43.8303,14.2973,20.0047,3.26145,49,0.269035,0.823422,0.82099,653.468,114.592,119.119,120.85,4.01661,86.2349,56.5438,24.5059,36.6217,6.31653,38,0.291698,1.11471,1.50383,516.071,88.1804,91.1997,16.9703,1.8535,72.9232,59.967,19.462,25.353,4.02248,47,0.311968,0.95539,1.49,256.836,51.4717,55.1939,41.919,2.02186,45.5729,40.3981,13.6039,21.9813,3.83184,45,0.254617,0.850598,0.881897,477.108,84.3626,126.847,119.696,5.46636,70.3068,51.6615,21.0292,40.1344,7.74393,39,0.317018,1.02028,1.31409,418.975,89.2159,88.7725,26.522,1.94348,62.7908,53.7668,17.567,22.491,3.83245,44,0.342883,1.01525,1.46566,700.613,139.956,146.099,178.398,4.16574,90.7044,68.8446,28.2164,42.9047,6.79059,41,0.314493,1.24618,1.90037,405.611,80.3171,69.4403,26.3329,1.70265,58.7775,50.4487,15.3704,21.3451,3.38855,43,0.380859,0.986906,1.53798,507.182,111.029,86.3663,25.7501,1.47977,69.7454,56.5914,17.9614,27.016,3.85971,39,0.327166,1.15652,2.1562,357.861,94.3007,117.175,69.7444,2.43806,58.5258,50.2304,17.8862,34.7279,5.11189,47,0.276315,0.838006,1.06028,532.889,104.493,129.155,35.4957,2.30795,74.9737,61.7773,23.2703,30.5159,4.44619,43,0.360112,1.08086,1.46669,504.863,79.7384,99.7643,35.5837,2.7099,67.9793,49.731,20.0488,27.1442,4.11764,46,0.32214,0.98965,1.03172,596.575,122.918,106.08,37.3459,2.06602,84.755,72.6255,21.532,30.3482,5.35535,47,0.287803,1.21189,2.13249
decoupled_wbc_h066_p000,1677,fell,61.44,13,37.2221,7.95996,1.50907,0.544572,383.917,77.7266,108.457,30.804,1.97557,62.0154,51.5469,17.6465,30.4335,3.9491,42,0.290673,0.995378,1.23303,344.56,81.9018,91.6553,31.3879,2.24428,59.3631,54.1006,16.0147,29.6255,4.53441,40,0.320025,1.02065,1.26675,287.34,67.3726,59.6998,29.939,2.0775,48.7571,45.7189,12.9457,24.1595,3.48632,45,0.231239,0.888057,0.911163,360.501,75.1711,79.6834,35.5115,3.06512,57.7649,50.7809,15.2126,29.6636,4.43833,45,0.214035,0.866539,1.11678,404.138,89.4069,83.3781,30.6404,1.83868,62.4799,54.6646,15.6155,30.4015,5.04161,48,0.272804,0.967709,1.35428,381.986,105.917,110.899,74.3215,1.86489,62.7069,55.7805,17.3485,37.3481,6.01303,39,0.315771,1.05068,1.32213,317.571,65.1218,80.2015,29.0399,1.73767,51.67,45.8048,13.9039,24.6228,3.35952,32,0.312637,1.04341,1.55974,505.111,95.0607,91.5172,77.369,1.94541,69.4047,59.3147,17.5782,38.1178,4.7036,30,0.382294,1.22608,2.53334,387.502,83.3807,80.9146,35.4768,1.46503,59.4653,53.8738,15.6103,32.6001,4.18448,47,0.262865,0.87654,1.14511,617.453,183.972,154.228,44.7536,2.06122,82.8712,73.5274,22.6294,46.3504,5.61136,42,0.351799,1.16539,1.77776,767.241,144.349,164.846,173.459,4.43895,94.4523,73.0801,24.6616,49.0518,8.92122,31,0.341753,1.51472,3.53706,600.531,107.268,92.2893,42.0065,1.63125,74.3487,58.0196,17.2529,34.3844,4.78658,32,0.342368,1.45766,2.71878,3245.86,410.335,411.517,130.262,15.5569,138.248,60.3278,33.3857,50.3915,16.4058,2,0.0891495,2.54581,18.0589,,,,,,,,,,,,,,,,,,,,,,,,,,,,,,,,,,,,,,,,,,,,,,,,,,,,,,,,,,,,,,,,,,,,,,
decoupled_wbc_h066_p000,1678,complete,90,18,19.4082,4.62516,0.117321,0.283688,482.398,96.9352,79.1843,27.2348,1.70585,73.751,65.8171,19.0009,30.7244,4.2728,65,0.248843,0.714644,0.837667,426.922,82.3606,102.822,27.8898,1.77725,66.2054,52.5892,19.2111,27.7675,4.56495,55,0.276556,0.906912,0.840962,357.367,69.3802,83.5094,30.5746,1.1955,52.6765,44.4942,16.9133,23.2091,4.15209,43,0.301012,0.916078,0.885671,349.239,57.1825,79.3872,19.3972,2.22034,54.3341,43.8217,15.7507,18.9792,4.31953,43,0.314101,0.952464,1.08985,268.957,66.8682,79.5815,54.842,3.31687,46.1323,43.7124,14.5483,23.3349,6.37371,45,0.254111,0.803812,0.90292,555.693,114.116,119.984,19.4072,2.04151,79.6861,60.7458,22.6247,26.5485,5.28844,43,0.333863,1.13932,1.64677,521.193,98.2972,147.337,141.009,4.90132,73.3707,51.9272,23.3029,35.4705,8.49889,45,0.292712,1.08547,1.15749,443.087,98.6402,141.862,28.7765,1.54153,71.4668,57.7787,21.8559,32.1986,4.85808,46,0.371416,1.13433,1.44873,476.062,97.118,142.959,29.3568,2.15609,67.7376,60.4324,20.3528,31.153,5.3223,49,0.261925,0.952748,1.2563,451.475,112.186,130.465,64.3342,2.46642,76.0738,66.2921,21.1953,41.4919,5.72606,52,0.296468,0.834999,1.15019,541.971,107.373,100.003,40.2669,2.15509,71.9913,60.6809,17.5611,35.0172,4.39291,35,0.249051,1.00177,2.33476,893.852,142.072,139.01,47.6135,1.49234,93.5931,74.1418,25.1313,44.7441,4.54096,51,0.246483,0.949929,1.72199,570.943,114.677,121.897,172.17,14.8401,78.8919,62.6651,20.3549,46.4849,13.1662,51,0.307496,0.995915,1.23095,637.06,121.711,140.926,54.7917,1.71886,83.7184,64.2716,23.9478,37.4704,5.51013,51,0.291973,1.00081,1.3585,387.236,81.6252,65.3403,36.7573,0.895527,56.0367,54.5251,12.6605,25.0132,4.36136,42,0.396843,0.962381,1.57005,432.648,118.424,101.426,44.7995,2.39221,67.2809,61.8456,17.764,26.2673,3.63196,45,0.241145,0.876224,1.05182,458.27,119.363,105.806,47.0524,1.91148,72.7143,63.7919,18.6436,26.257,3.57163,50,0.239113,0.841416,1.09953,480.513,109.52,88.1287,33.5425,2.25172,74.3125,60.5189,18.0336,27.2481,5.34912,54,0.297427,0.860769,1.15488
decoupled_wbc_h066_p000,1679,complete,90,18,32.8115,4.05552,0.484852,0.334672,383.031,68.4147,71.1132,20.9306,1.69949,65.5113,52.5791,17.1763,23.9653,3.80092,47,0.296699,0.97931,1.13374,416.002,84.2529,91.5063,32.2143,1.71111,65.5017,56.3423,17.5846,24.6329,3.82367,54,0.233482,0.802699,1.03889,478.719,97.4983,131.741,29.3061,2.57824,74.588,58.5311,21.7348,32.6721,4.51258,47,0.347499,1.06299,1.30489,584.497,108.246,145.947,29.3724,1.78526,82.7833,59.2451,23.5989,35.4688,3.70343,39,0.357196,1.32548,1.74732,456.005,98.0179,98.5146,80.3712,2.39178,69.3678,58.324,18.8299,36.1614,3.52855,46,0.336801,1.10245,1.37259,402.555,81.8093,91.8778,24.0595,1.91413,69.8622,52.0478,19.1862,27.8762,3.92842,48,0.326564,0.96997,1.02232,429.696,72.9487,88.8768,44.5909,2.42463,68.3118,48.0582,19.066,29.2717,5.10591,50,0.349544,0.931268,0.967784,642.6,127.171,100.056,186.643,24.5212,82.4536,66.4957,22.233,40.1788,13.9543,35,0.322976,1.54562,3.02355,691.174,123.964,87.59,31.9891,1.84003,86.4437,70.6262,20.0755,24.8098,4.77942,51,0.326266,1.06206,1.88744,383.319,82.3549,105.805,27.3547,1.68197,61.7311,52.4047,18.1882,25.0172,4.16208,44,0.346113,1.03146,1.31079,441.297,80.779,100.509,26.3181,1.25964,72.7711,51.6502,18.9747,26.583,3.72566,42,0.367444,1.10151,1.3841,1161.18,193.539,194.591,45.856,1.44434,113.116,88.1819,29.3379,50.2063,5.78174,47,0.295913,1.25914,3.54233,637.532,177.838,152.99,118.506,2.44822,90.6874,69.2616,25.3714,52.8365,6.70974,39,0.330546,1.12651,1.99713,466.051,94.0275,64.5055,29.3669,1.62049,67.151,62.345,14.1902,28.4367,4.11259,45,0.344808,1.01254,1.96816,832.497,243.48,187.322,40.144,2.08828,96.7736,80.8621,28.0783,49.2353,6.64028,41,0.398921,1.25459,2.2779,972.658,314.258,186.552,57.0518,2.99588,101.773,86.0746,27.3788,55.6589,7.97427,27,0.455969,1.27086,3.66656,437.465,92.0718,86.3669,112.308,2.57178,65.7466,52.3172,17.0067,38.1026,4.82625,58,0.25982,0.781671,0.97104,556.727,106.871,130.409,48.6628,1.91899,74.4221,52.6928,20.1537,37.8015,4.75672,44,0.352071,1.14281,1.36776
decoupled_wbc_h066_p000,1680,complete,90,18,23.9498,2.70566,0.155869,0.0859217,398.395,87.8562,92.4951,42.7564,2.63091,62.9801,55.412,18.4451,34.9681,5.36706,54,0.260424,0.778055,0.845782,334.221,90.7378,73.7255,30.5779,3.15647,54.3594,55.0366,14.8707,25.2674,5.03235,53,0.240619,0.770286,0.919971,391.093,70.8486,102.193,35.8463,2.47324,60.2461,46.4155,16.9385,24.1377,5.07187,43,0.342187,1.03939,0.895321,371.404,97.4857,120.208,130.09,4.72933,62.3612,54.7374,19.18,37.9341,8.70365,43,0.300929,0.964126,1.0782,515.561,132.733,142.539,130.956,6.59778,74.9627,61.3095,21.3117,43.6188,10.8813,44,0.350242,1.16578,1.52331,556.356,112.115,118.01,36.8174,1.62244,73.2965,67.3423,20.3638,34.9587,6.61543,47,0.296637,0.947932,1.41154,611.294,129.085,121.524,33.0886,1.96024,83.8651,67.4405,22.3332,39.4867,6.68204,52,0.30612,1.00523,1.26282,594.638,112.765,94.65,33.0646,1.98042,73.3531,61.6715,19.4751,33.2463,4.41764,37,0.372895,1.52422,2.42938,544.49,132.761,116.473,83.1281,1.97498,78.5689,67.5457,19.3416,37.0576,5.3636,50,0.283363,0.961767,1.42297,448.922,113.233,127.451,130.611,8.63439,65.8621,59.8949,20.4,50.89,11.8349,49,0.222726,0.833637,1.05189,408.072,100.976,117.882,41.3724,2.55155,61.118,57.7536,17.3418,34.6706,5.57446,44,0.236848,0.956083,1.10369,510.393,103.737,95.1033,80.7868,2.26064,66.2069,59.3357,17.2361,36.9668,5.64479,40,0.269994,0.943385,1.51713,376.074,66.8392,72.0262,43.4718,1.73769,54.0365,43.9526,14.3245,25.4539,3.50955,55,0.231948,0.934479,0.949436,716.607,135.294,143.847,58.5716,2.87062,91.2529,71.1955,24.7139,42.3234,5.27734,42,0.321106,1.34346,1.96811,730.341,151.9,132.307,40.9975,1.38776,84.6117,67.8476,23.4721,39.6136,4.46145,52,0.241945,0.899242,1.40373,500.808,96.8585,108.725,96.2338,3.93742,76.4905,57.2004,18.5437,35.743,5.68691,42,0.376236,0.957149,1.59514,495.497,105.269,70.2301,34.7832,1.97591,68.1985,64.1506,15.0492,23.4288,5.13367,41,0.37163,0.982798,1.71755,437.925,160.947,117.054,40.2028,1.22977,67.2127,59.8077,19.0027,24.4034,5.31256,42,0.349806,0.958865,1.26796
decoupled_wbc_h066_p000,1681,complete,90,18,14.3051,3.48545,0.178164,0.119146,450.595,102.427,72.5077,26.0448,1.83286,68.231,61.6298,16.1466,27.033,3.61739,45,0.323008,0.973076,1.66733,382.396,82.1151,83.0892,53.418,1.94722,60.9438,51.7515,16.4772,26.8902,4.47181,47,0.277315,0.918476,1.13565,353.472,79.1659,85.3428,35.4403,2.04055,61.9909,53.2958,15.7425,22.8117,3.30004,58,0.230164,0.783258,0.887831,363.666,81.6901,82.36,28.1042,2.7417,61.3416,49.6813,17.0704,26.1871,5.01263,49,0.300776,0.852932,0.867436,336.885,79.7108,64.69,30.7306,2.19477,50.5891,52.335,12.5406,26.6037,3.24537,44,0.288887,0.840478,1.3831,819.559,164.118,155.864,50.4833,1.67949,95.3241,76.1491,25.2466,40.5347,4.40224,55,0.253032,0.896758,1.83818,393.932,96.6837,85.858,36.071,2.18606,64.3257,56.7694,15.8299,28.3706,4.19657,39,0.31987,0.925725,1.17801,454.013,98.9978,129.049,211.253,11.2808,68.8293,59.8761,21.216,53.8141,10.7059,45,0.271146,0.881843,1.03935,493.121,91.3823,90.1171,31.8018,0.880754,71.9484,57.3693,17.4113,30.0699,3.79771,43,0.316989,1.0016,1.54115,703.284,138.175,125.67,53.2612,1.42687,84.3834,71.2147,22.1827,42.0359,4.65668,50,0.247054,1.16648,1.91914,605.562,119.987,95.9209,47.7654,2.04624,88.2355,67.4444,21.1396,39.0763,4.80201,48,0.346819,1.0716,1.43412,489.27,92.4845,98.9347,48.8612,1.56555,68.8321,52.7752,17.6525,35.55,4.73117,41,0.320765,1.34917,1.74885,692.105,134.638,182.1,200.893,14.4579,81.9583,67.0342,24.7901,56.6848,12.853,47,0.295427,1.20772,1.81863,442.887,106.553,103.6,41.24,1.49548,69.8416,60.8717,18.9612,27.7832,4.57507,55,0.247825,0.862406,1.02662,480.335,88.9039,88.7206,22.0979,2.26679,69.2607,57.7684,15.8777,22.6552,5.80707,37,0.376309,1.18135,2.20667,316.934,90.9917,79.0376,30.7108,1.79789,57.206,51.9949,15.7153,28.3345,4.97933,45,0.278003,0.971718,0.994728,494.367,109.378,85.2155,45.9009,1.69041,68.6792,63.4936,15.9843,32.5107,5.01094,36,0.388675,1.13752,1.90343,476.693,98.3931,110.357,39.5944,2.21745,66.3175,49.7739,17.87,35.2998,2.63925,34,0.367991,1.1786,2.15594
decoupled_wbc_h066_p000,1682,complete,90,18,17.7538,3.6061,0.117442,0.159611,393.933,91.6306,60.8803,21.3901,2.14019,56.7617,58.4541,14.355,23.2957,3.46564,54,0.299225,0.759098,1.17476,341.968,85.539,91.3138,29.7348,1.46281,59.2045,53.0035,17.3328,25.2186,3.97207,54,0.231524,0.82506,0.889845,352.301,87.4243,104.014,25.8425,1.07342,59.6419,48.9602,17.2778,24.0228,3.36169,55,0.221574,0.813607,0.77569,359.459,95.0157,86.1457,49.8723,3.96059,57.49,56.4057,15.2093,25.7273,3.37464,49,0.237929,0.917251,1.20077,394.33,107.535,104.108,84.5717,2.39351,61.6215,60.034,17.252,27.835,5.10838,55,0.269767,0.788142,1.00294,547.558,111.39,113.915,64.4816,2.06134,79.0116,62.1666,20.8684,29.4635,5.73178,51,0.27596,0.941384,1.29981,427,108.709,121.38,32.0006,1.66641,74.4163,64.5325,20.2742,26.6663,5.98566,50,0.289248,0.986311,1.13576,482.957,113.034,100.527,36.2823,2.09542,74.4562,59.0933,19.6955,24.9254,4.94264,53,0.322355,0.88267,0.989674,491.458,115.876,80.9674,32.7544,1.95058,73.991,64.4737,17.6865,22.0456,5.66342,44,0.379454,1.08508,2.03168,1206.9,148.674,199.261,35.7252,2.73403,96.7834,69.1036,29.3555,29.7816,8.43411,49,0.207603,0.850533,2.28571,375.287,92.7479,104.588,34.3361,1.64134,61.0771,53.963,17.3829,25.5953,5.45811,47,0.273547,0.919076,0.959691,862.502,222.859,183.281,83.6759,2.24358,104.456,71.9549,26.1362,41.6867,6.12895,41,0.359883,1.18929,2.19557,544.155,136.728,149.565,50.2321,1.45177,79.5698,72.4411,22.5011,32.6572,5.04929,50,0.308928,0.964247,1.27675,1258.35,330.276,242.269,239.902,36.5695,116.895,89.2072,34.7387,65.7915,20.1782,27,0.426425,1.48931,5.34299,2401.46,241.415,201.567,106.536,2.0789,136.018,83.0339,30.3135,43.358,7.58742,40,0.242058,1.27102,6.7635,704.634,122.489,136.192,151.906,10.0691,96.146,76.0022,24.0882,36.4423,10.7764,48,0.300379,0.90782,1.95404,343.698,85.5254,94.3279,35.4258,1.07024,56.1636,54.8024,15.8406,20.6364,2.95763,57,0.199222,0.720792,0.86862,600.763,139.888,147.332,182.429,12.4266,85.6004,70.6193,24.9684,44.6505,9.51977,47,0.311852,1.01908,1.47499
decoupled_wbc_h066_p000,1683,fell,60.86,13,21.583,10.352,1.75864,3.98987,401.554,89.1311,91.3982,28.3015,2.57948,60.9493,57.4079,17.2078,26.797,4.06905,49,0.225677,0.822537,1.22968,367,93.3698,83.6809,27.0819,2.55299,63.7751,50.0757,18.0605,24.8346,4.36666,46,0.290776,0.97196,0.875301,479.632,103.081,105.521,36.6806,1.85279,69.6803,58.669,18.3827,25.1234,3.91455,52,0.269425,0.819174,1.04089,552.287,112.167,152.021,49.9758,2.23766,78.1108,60.0586,21.0958,33.3973,7.00768,41,0.36242,1.15727,1.51654,617.116,106.219,113.739,108.644,5.29072,79.826,62.9798,21.1897,34.4036,7.40131,36,0.409814,1.18373,2.01097,436.808,90.641,114.193,108.329,2.54975,65.1229,55.6766,19.2716,29.6359,5.02176,44,0.318012,0.941375,1.2459,485.32,114.286,93.6534,38.4258,1.78079,68.5132,65.3703,17.6256,25.3961,3.55992,50,0.30702,0.890768,1.41986,525.978,107.925,119.792,128.883,4.02909,73.9341,62.3528,19.8004,29.9654,6.74108,39,0.329993,1.02789,2.21707,418.151,97.2727,117.554,96.618,2.53373,64.5426,51.1962,19.3806,27.4106,4.95575,41,0.351886,0.955591,1.21244,643.535,130.973,156.654,47.1834,2.72724,87.7653,68.0997,26.6962,38.2635,7.20387,47,0.309737,1.2354,1.59943,591.665,131.276,111.259,30.5505,2.24849,77.6868,67.5729,20.835,36.6526,6.42973,43,0.366192,1.10651,1.91694,420.794,79.4724,87.1997,112.648,11.0685,62.6669,52.0173,16.3392,33.6049,11.5579,41,0.370173,1.1073,1.90271,986.345,161.61,213.723,30.8243,0.796009,59.9506,31.8984,21.279,21.5648,4.61587,4,0.058609,0.37341,0.65123,,,,,,,,,,,,,,,,,,,,,,,,,,,,,,,,,,,,,,,,,,,,,,,,,,,,,,,,,,,,,,,,,,,,,,
decoupled_wbc_h066_p000,1684,complete,90,18,22.0464,2.83404,0.353475,0.567124,379.456,85.8568,90.7695,29.6796,2.09134,64.6248,56.5635,17.0904,29.611,4.07642,49,0.252103,0.883659,0.994548,400.399,77.0105,92.8388,31.097,2.12412,65.3068,51.7359,16.7082,31.0935,3.92107,46,0.32389,0.943599,1.23653,296.839,61.6084,85.116,28.7341,1.8605,52.7501,44.5051,15.1575,27.1744,3.82552,50,0.250414,0.872552,0.790367,436.364,87.5262,110.758,34.8996,1.52904,67.1293,54.0426,17.8189,30.3707,4.07456,46,0.296863,0.95232,1.26196,431.194,97.2513,94.3564,44.4634,1.86874,65.1623,56.4801,17.3919,31.2145,4.09643,48,0.251321,0.855871,1.01374,552.28,149.633,97.5073,47.2245,2.13498,78.0248,74.7494,17.7382,33.863,4.50334,41,0.423613,0.896737,1.56418,345.148,95.3622,95.9847,41.8745,1.09693,60.9541,53.8767,16.3776,30.4979,3.93689,45,0.259922,0.805767,0.879154,392.464,75.6431,87.6302,42.8556,1.85567,61.0126,45.5519,15.6141,27.289,4.92746,45,0.30748,0.932753,0.845473,547.066,164.104,130.235,44.3759,3.0553,77.8531,75.6186,20.6447,39.6958,6.912,57,0.295052,0.858773,1.15926,565.022,112.367,146.49,42.6461,1.81485,73.7817,56.1032,21.1213,40.1076,5.58567,39,0.321799,1.13848,1.74701,442.17,94.4323,122.514,28.2651,2.19874,74.1208,60.1146,18.7924,32.7812,5.44124,58,0.30693,0.867425,1.09402,540.98,110.151,92.6403,35.6206,1.73516,67.1328,61.5564,17.0894,31.416,5.65374,36,0.301968,1.28407,2.47426,917.356,156.243,106.463,89.864,2.55033,97.5711,74.0222,24.3042,42.7469,6.21787,31,0.33448,1.51425,3.25921,541.726,96.4381,87.9447,40.6105,2.3162,66.3458,59.6684,16.6404,29.4451,4.51788,45,0.268968,0.905308,1.33787,552.122,121.176,125.266,42.7634,2.42253,70.4177,61.2875,18.9453,34.5871,5.2443,36,0.38714,1.20485,1.58263,438.038,81.4644,71.9559,37.1736,3.13418,62.3531,57.5585,14.4701,26.7835,4.18101,37,0.351754,0.964403,2.08066,530.53,123.695,125.106,41.374,2.30405,66.4703,59.4884,18.7901,33.9612,6.01412,37,0.276305,1.22398,1.82171,969.012,270.895,237.42,222.565,9.02223,106.862,86.4495,29.8546,67.4962,13.3866,30,0.466996,1.31083,3.22503
decoupled_wbc_h066_p000,1685,complete,90,18,24.612,2.47135,0.162275,0.206495,521.889,102.144,97.1494,56.6047,2.72915,78.3657,59.1305,19.3345,31.5073,5.26111,49,0.324662,1.01832,1.48158,341.166,72.1573,68.4993,31.3558,1.59591,57.6161,49.6918,14.8373,24.7376,4.7421,47,0.267337,0.814549,0.889257,299.51,61.5579,81.7958,37.6572,2.86743,54.5179,42.7095,15.6599,27.1551,6.58914,41,0.298739,1.03869,0.955625,322.292,98.9457,101.388,42.4451,3.18418,59.4761,56.5465,17.2923,29.3825,6.48805,53,0.204887,0.859851,0.878889,435.843,92.7476,91.3595,40.0021,2.73661,66.7025,52.6338,16.2536,24.1506,5.88077,40,0.324791,0.971698,1.44228,576.731,148.741,119.094,42.6034,1.53236,78.0392,70.9456,20.8797,33.8403,6.30527,47,0.332774,0.933358,1.25617,402.014,98.8331,96.0681,36.881,1.71382,61.1108,56.5229,16.3046,26.7007,5.93338,43,0.264887,0.966108,1.42344,472.437,106.968,84.9159,36.588,1.98484,66.3534,56.8939,14.9323,25.7644,6.46621,42,0.333187,1.07082,1.91765,374.982,100.968,116.689,74.0022,6.73804,60.7124,55.1318,17.7412,28.9941,8.14996,48,0.296484,0.865914,0.885644,452.051,101.955,115.442,58.9579,1.6985,69.4639,58.7082,19.8792,30.1057,5.70093,47,0.316892,0.902779,1.139,395.208,79.0883,76.0092,26.7542,1.09576,63.9321,49.2708,16.2977,26.8198,4.40919,41,0.365169,1.02108,1.22152,1259.53,257.558,219.626,149.808,5.8952,115.148,90.1891,33.1398,53.826,11.7923,41,0.276924,1.19709,2.66701,496.237,129.952,99.5935,48.6298,2.37658,76.5373,61.9961,19.5847,28.5492,5.79806,51,0.258701,0.862993,1.03919,571.613,114.604,100.28,104.944,3.06382,80.0796,62.1919,20.9269,34.7333,7.7041,45,0.308894,1.26103,1.93749,482.537,114.691,94.5287,31.5793,2.08495,69.841,66.3988,18.3333,23.8713,6.07059,43,0.339801,1.02472,1.69096,484.402,106.556,107.432,49.5731,1.91044,74.3605,59.2019,21.2097,25.5058,6.28198,50,0.306197,1.07719,1.22146,403.767,99.4581,102.443,26.1254,1.57802,65.3443,55.8549,19.7342,26.5734,5.88019,43,0.300616,0.977431,1.17184,592.267,141.785,120.36,42.97,1.55462,81.6534,74.1062,21.7302,28.4027,5.29511,52,0.270562,0.845856,1.33009
decoupled_wbc_h066_p000,1686,complete,90,18,14.9029,2.49599,0.227411,0.117519,407.684,84.5744,107.649,24.919,1.51668,68.4546,51.9592,18.4901,31.6699,4.05545,50,0.261504,0.918815,0.967895,303.744,84.0348,81.4991,24.6806,2.43997,58.455,52.3794,16.8045,24.6172,4.95009,51,0.260282,0.926975,1.11377,418.458,87.8743,98.7784,24.7682,1.9719,60.4266,56.7896,16.8982,19.6515,5.30877,42,0.296516,0.908881,1.51755,281.98,83.5025,92.9589,38.958,1.41888,47.8429,46.6122,15.3163,20.7424,3.44599,41,0.169292,0.828702,0.991129,577.591,160.892,102.504,40.6158,1.49859,78.1421,69.1418,19.1729,28.1807,4.92874,42,0.389986,1.18366,1.9636,513.504,137.047,115.179,107.724,5.72872,72.4134,64.3971,19.6608,34.9419,8.74436,48,0.209181,0.864592,1.42866,314.812,80.6262,72.9564,38.6068,1.49975,54.0956,49.8573,14.635,22.6982,4.96729,50,0.197112,0.840789,0.844949,413.101,85.3718,76.3997,27.4929,1.23517,59.3567,57.6857,13.8845,18.2736,4.48491,36,0.343016,0.920302,1.69357,630.065,235.528,154.94,67.1229,2.06711,83.8986,87.5442,23.5885,35.6936,6.89121,46,0.203216,0.908625,1.74197,400.201,94.5006,86.9768,44.4318,1.34613,66.4728,56.8443,17.2949,24.2176,3.54745,47,0.27961,0.943648,1.22775,307.22,74.9929,82.0636,47.9785,1.30293,51.0268,44.7187,14.4788,23.4097,3.47394,49,0.229667,0.777522,0.72964,376.103,89.261,83.0148,38.8475,1.63527,57.0922,52.1887,15.2299,20.864,3.5174,40,0.257252,0.815884,0.984875,546.264,130.522,102.161,47.9755,1.97234,73.417,66.8814,17.7211,29.963,5.12814,34,0.357035,1.0864,2.48402,1078.21,166.032,161.003,78.2184,1.4875,90.682,68.4819,24.6013,40.0805,4.00693,48,0.228278,0.896644,2.19596,542.252,102.853,83.9187,160.975,3.83774,68.423,58.3927,16.813,41.9175,5.5397,40,0.289308,0.96666,1.66943,652.28,149.101,90.9674,52.7532,1.49085,75.6336,68.7529,18.1671,36.064,4.09257,39,0.327692,1.06328,2.14281,400.517,107.356,69.5156,39.3525,1.45681,56.6406,55.7599,13.995,31.4381,3.15407,45,0.272258,0.770796,1.11415,387.772,84.4766,74.5193,39.4928,1.09852,61.4611,52.3954,14.6659,32.8397,3.84627,41,0.273506,0.814355,1.17381
decoupled_wbc_h066_p000,1687,fell,60.98,13,20.4968,8.17435,1.3375,2.20871,474.667,106.892,117.535,21.4501,1.77804,75.7579,61.9722,21.8349,31.9298,4.26949,41,0.287869,1.10085,1.42056,380.241,88.0574,102.719,36.7345,2.63344,62.4046,54.7857,18.0997,27.8654,4.26414,44,0.346816,0.960675,1.08918,343.485,100.195,101.324,57.6878,2.66128,60.8774,55.8523,17.8153,27.2465,5.13378,46,0.246645,0.854513,0.985562,340.072,112.641,98.1285,74.9843,2.4468,57.5397,60.3933,17.5286,25.4817,4.51414,56,0.222546,0.777672,0.791579,468.21,90.4034,73.1254,37.8021,0.976745,64.1435,63.6489,15.5167,21.1648,4.30921,44,0.368276,1.02502,1.71224,430.257,98.656,81.8352,43.4741,1.68457,61.6406,59.9967,15.1325,21.4096,4.2506,48,0.268997,0.845522,1.20264,487.693,129.433,116.055,35.1166,2.14001,73.0543,69.2299,18.9494,25.5982,5.95472,46,0.202622,0.892081,1.45578,295.815,89.6457,102.384,35.3467,1.71025,54.4164,51.5267,16.4774,26.4598,4.46997,47,0.185305,0.84518,0.920786,379.219,116.749,110.504,109.224,3.43411,62.3791,63.3126,17.386,36.0517,7.27727,55,0.200958,0.76136,1.04753,435.634,108.108,87.1804,40.1581,1.34826,64.3128,55.2245,16.3875,24.8124,4.85127,41,0.348833,0.938357,1.51357,390.994,95.1046,99.2119,37.5984,2.25278,61.0219,55.4476,16.2676,20.3963,4.80533,49,0.235143,0.83197,1.1225,531.919,146.387,129.423,46.0716,1.85104,82.337,67.1151,20.7428,29.3249,5.43105,46,0.342292,0.974083,1.32701,1954.87,181.282,269.604,133.755,10.7231,99.8244,39.9018,28.0866,50.328,17.1837,4,0.544399,0.807424,1.72845,,,,,,,,,,,,,,,,,,,,,,,,,,,,,,,,,,,,,,,,,,,,,,,,,,,,,,,,,,,,,,,,,,,,,,
decoupled_wbc_h066_p000,1688,fell,60.6,13,26.0499,8.49633,1.20884,2.25692,433.867,82.0974,97.1323,25.6412,1.76103,74.0544,54.5869,18.9262,30.4823,3.88785,46,0.354167,1.0467,1.16967,497.917,108.275,103.275,57.0514,2.05204,70.7702,63.3558,18.5929,32.8383,4.6375,41,0.333889,0.94955,1.55156,365.886,84.8607,92.6143,30.1248,1.70523,58.1376,50.4333,16.699,28.2823,3.34429,38,0.257094,0.961345,1.33637,452.067,104.126,100.338,32.9736,2.54438,71.5908,61.1412,18.4331,27.9684,3.63774,43,0.284788,0.879144,1.33427,484.752,126.895,138.009,36.2568,1.42297,80.1904,66.6519,23.1338,27.1312,3.98419,48,0.265888,1.07128,1.51981,450.296,150.59,119.957,35.3942,2.9241,70.4884,70.6889,19.8879,28.0857,3.87258,53,0.268631,0.770874,1.38978,293.313,63.1797,117.396,82.3713,14.9725,54.5344,45.2604,17.3018,28.6442,8.32277,40,0.306202,1.12755,1.20247,415.224,84.6505,98.6791,82.4781,4.40303,67.1492,52.946,18.4085,26.952,7.22977,45,0.306335,1.11062,1.05163,479.099,97.2558,91.342,31.648,1.61474,73.0374,65.6009,18.3654,29.443,6.60977,48,0.367502,0.883702,1.33734,448.725,104.696,164.079,116.65,19.2548,71.6466,59.2949,22.7089,43.173,12.7933,47,0.225482,0.946818,1.40266,860.169,155.153,147.853,111.494,23.3637,95.5751,76.0031,27.6266,43.963,16.663,45,0.332724,1.1048,1.46656,593.568,122.871,107.106,35.0688,2.55517,87.2099,62.3846,20.8165,23.7601,4.76191,46,0.363892,1.02865,1.25787,1284.82,128.978,136.531,24.0286,0.744385,61.6094,30.7263,14.5267,14.2621,1.97823,2,0,0.783019,0.783325,,,,,,,,,,,,,,,,,,,,,,,,,,,,,,,,,,,,,,,,,,,,,,,,,,,,,,,,,,,,,,,,,,,,,,
decoupled_wbc_h066_p000,1689,complete,90,18,23.7566,2.72719,0.275028,0.217587,335.804,62.1701,72.3323,24.2147,2.08649,58.5888,45.887,16.3202,22.9263,3.7818,45,0.324231,1.00607,1.18931,389.129,79.7136,90.734,30.4846,1.07023,61.1261,53.9289,16.9222,22.6541,4.31856,62,0.241313,0.725813,1.01423,269.718,58.0299,83.0621,29.1376,2.50042,49.3908,42.1224,15.3714,20.3332,4.09747,45,0.269372,0.950773,0.961723,296.075,71.1293,96.0912,22.4323,2.22479,51.4342,47.9075,16.5638,21.1907,5.55825,42,0.334361,1.0214,1.10195,413.26,86.5787,79.4836,22.2572,1.87246,64.76,54.2175,19.0505,24.3064,4.10133,50,0.298828,0.947057,0.950083,512.716,106.552,97.9501,20.1639,1.84431,75.736,63.1117,20.4984,25.5091,4.12018,51,0.259659,1.05537,1.31195,515.904,108.284,98.9615,25.2763,1.32493,80.1322,67.6644,21.3471,26.0793,3.90929,50,0.357569,1.07568,1.46515,618.257,135.57,171.213,36.8375,2.87082,84.3622,67.2092,24.4014,31.5313,5.61535,39,0.357485,1.61885,2.72123,491.45,94.3176,113.147,32.6205,2.24555,72.7561,52.8678,20.1777,26.3397,5.00757,49,0.301466,1.01192,1.10039,424.014,99.4399,109.697,132.779,11.3405,60.0604,56.595,17.6524,29.4754,9.43538,41,0.364171,1.17208,1.91455,559.56,99.2114,140.579,30.6807,2.45049,81.4834,55.7983,23.6153,26.124,6.30151,40,0.373149,1.07683,1.40565,908.544,137.039,201.603,28.1883,2.05553,100.996,67.5264,29.075,30.2809,7.50539,48,0.33683,1.0983,1.38208,457.601,93.3422,96.1226,25.2233,1.90744,67.1228,61.3036,18.7519,22.9683,4.96396,58,0.257046,0.851,1.10863,491.504,110.415,109.537,120.733,11.1875,76.2051,65.8531,20.8979,39.8222,10.7082,55,0.285944,0.832584,1.09973,589.139,108.313,98.8552,61.2723,1.8413,81.2786,65.7406,21.7871,37.25,5.6983,54,0.291187,0.79502,1.10791,569.335,137.276,137.891,36.8437,2.5562,85.3504,80.2841,22.3838,36.8565,6.52584,58,0.307738,0.818264,1.42943,365.467,76.8337,81.2899,30.1617,1.94584,58.6595,50.9545,14.5987,23.7125,4.21757,38,0.355046,0.995076,1.4511,826.22,148.319,132.173,97.3569,3.29756,99.0699,76.5448,23.8119,35.9726,7.33827,49,0.285625,0.924827,1.65282
decoupled_wbc_h066_p000,1690,fell,85.84,18,36.287,5.5419,1.5171,2.54309,338.275,64.5501,74.6407,23.3994,2.83135,56.439,46.5128,15.2918,25.2456,3.32104,43,0.281427,0.844529,1.04708,366.027,92.5429,98.2682,32.9101,1.98884,61.4236,58.896,17.7772,28.3018,4.18919,50,0.23273,0.843362,1.00989,541.35,102.397,95.5394,71.0356,2.38418,75.2672,64.4645,20.1574,33.0113,4.79709,54,0.267919,0.84866,1.07397,425.028,86.5206,97.1269,35.6934,2.2342,71.3531,53.3515,19.7327,29.5836,4.2118,47,0.315007,1.04685,0.96929,440.598,96.2489,83.2901,31.1403,1.19974,65.9467,59.4121,16.3034,25.224,3.10608,49,0.313956,0.871285,1.33328,447.936,119.802,110.309,45.2105,3.22174,71.9448,66.1897,19.0299,34.6409,5.13919,51,0.272774,0.894522,1.13332,453.167,78.527,88.7411,24.7242,1.85765,65.9004,52.5443,17.0926,26.4212,3.71035,46,0.309677,1.06439,1.30222,384.835,76.8482,95.5311,28.1465,2.06893,63.044,50.6746,18.2679,22.0087,5.84301,42,0.307604,1.0273,1.24371,408.236,80.3712,100.297,26.8171,1.42445,66.0916,57.3313,18.1404,25.3809,6.52232,53,0.301717,0.857334,1.06575,1557.56,522.696,262.987,47.0656,3.38594,135.839,124.901,38.9763,54.637,11.2229,28,0.48338,1.16486,4.49721,784.598,144.585,179.859,38.157,1.94944,87.8519,65.8027,29.7515,39.6879,6.92129,44,0.408915,1.30897,1.58786,429.008,84.2112,88.0955,22.0162,2.93493,68.7701,54.1193,18.2414,24.9989,5.18184,50,0.348151,1.06712,1.06947,907.849,149.112,169.69,32.5401,1.61232,100.888,80.6236,26.7933,39.4514,6.68781,50,0.341765,1.08887,1.86974,519.943,150.008,131.425,40.0326,2.23218,77.5817,68.2542,21.9953,38.5587,5.9908,38,0.393349,1.17079,1.93034,487.636,95.452,106.435,29.0618,2.27047,73.1584,56.2098,19.74,32.4781,4.28352,47,0.356525,1.1091,1.40679,584.622,108.047,95.5026,38.9335,2.42483,73.9915,61.1944,18.4875,34.9297,4.92432,39,0.347796,1.04552,1.97671,603.887,193.148,142.955,117.6,5.03108,76.6471,77.959,22.3064,43.3723,6.8156,39,0.266774,0.945974,2.21881,2419.39,293.765,279.326,96.4888,1.1585,102.198,48.4721,27.8216,36.0662,6.25138,1,0.212021,3.2248,51.7324
decoupled_wbc_h066_p000,1691,complete,90,18,23.2601,3.05028,0.0722233,0.2091,495.475,107.811,98.5598,16.2788,2.27529,77.2473,63.6442,19.8877,25.0512,4.0804,59,0.294108,0.881165,1.13276,423.08,90.8368,91.3469,20.3513,1.53992,65.3205,58.544,17.3894,25.0729,3.69264,44,0.330298,0.931259,1.55428,373.632,104.242,116.638,44.3073,3.31539,66.3554,55.7173,19.3813,29.9705,4.46054,50,0.276582,0.881654,0.93576,457.948,95.2653,97.1985,31.5943,1.7065,65.8772,58.1869,18.88,28.2494,4.69585,46,0.243269,0.927499,1.25305,402.222,103.39,100.144,33.6407,1.55054,68.0311,58.602,18.4155,28.5246,4.07434,52,0.257892,0.850083,0.957846,388.616,105.346,110.821,101.522,2.43314,66.7022,60.9035,19.4953,31.112,4.91713,49,0.243088,0.892681,1.23249,457.328,119.905,102.324,27.2774,1.91234,69.6858,66.9498,18.535,26.9631,4.66996,48,0.231705,0.877957,1.5335,349.236,67.9454,81.9645,20.0334,1.74453,58.9881,44.0747,17.3687,24.4344,4.34045,45,0.339416,0.968527,1.09136,621.497,129.059,87.9788,50.0824,2.42729,74.1813,64.2583,21.1261,29.7724,5.97821,41,0.358386,1.4195,2.11465,501.356,110.45,101.758,29.3919,2.5051,75.5912,66.2043,20.9394,28.7086,4.77902,51,0.343319,0.852956,1.26868,391.758,93.2004,67.3824,24.5681,2.12333,56.3764,59.1048,14.3134,20.0109,4.85968,42,0.292965,0.871655,1.3343,627.831,124.668,107.485,28.9461,2.15334,83.3058,65.1109,22.9034,30.3925,6.89024,43,0.330256,1.09483,1.765,426.701,103.294,111.815,34.5224,2.41992,67.875,59.6729,19.1455,24.8171,5.59666,46,0.297897,0.938813,1.0884,459.924,114.035,189.436,171.466,11.1405,74.1251,59.7911,25.633,48.9198,10.4421,46,0.239836,0.894118,1.33959,650.522,110.255,162.439,221.708,10.9296,81.3877,61.1769,25.3323,42.7067,13.7406,52,0.285885,1.07042,1.18887,516.082,135.855,160.552,190.616,19.387,83.4862,63.0671,22.3806,39.1406,14.7074,46,0.287756,0.951576,1.76859,676.63,135.831,86.9512,47.0127,2.02417,81.7567,67.9304,20.0711,24.522,6.2063,35,0.393073,1.20219,2.2626,460.653,108.519,118.08,43.6213,1.08981,69.3634,53.3086,18.0005,25.6948,4.38969,38,0.321128,0.995098,1.47392
decoupled_wbc_h066_p000,1692,complete,90,18,22.4819,2.30689,0.729298,0.0941232,383.11,82.95,73.2634,21.6059,1.59576,56.639,53.023,14.0674,22.4432,3.54914,42,0.325307,0.923599,1.47477,351.417,95.5329,110.025,29.6993,2.06925,62.6051,57.5587,18.5913,27.0153,5.29225,49,0.210702,0.901466,0.962555,557.25,130.84,115.473,45.3979,2.91056,81.521,63.89,22.0191,27.7952,5.8135,52,0.340816,1.00918,1.26478,446.326,84.9153,69.7339,29.2735,1.77015,71.9702,59.7025,17.1179,18.8468,3.45004,51,0.296977,0.809317,1.10504,313.741,85.994,94.7336,38.8632,1.20464,52.2909,52.6196,15.1468,19.1982,2.94685,50,0.180302,0.797953,0.98459,394.583,85.0872,104.419,33.0478,2.50607,64.773,52.6299,19.8284,26.0185,5.41658,51,0.232313,0.933015,0.924992,313.248,82.8712,73.5253,29.5923,1.94805,55.8849,50.4069,16.6544,23.1304,4.8606,50,0.254387,0.792097,0.8248,446.153,99.4612,91.3148,69.4754,2.71678,67.0829,54.1575,18.1729,29.3665,5.75522,54,0.25002,0.847123,0.888733,400.065,102.03,89.7031,41.7685,1.83541,64.5956,55.8293,17.5037,30.1669,5.67844,52,0.329392,0.921038,0.946965,440.252,87.6729,74.5404,31.7672,2.06663,68.6177,52.91,16.9488,21.1725,3.55935,47,0.292762,0.801176,1.12702,429.189,98.0684,127.71,164.256,6.0199,62.0689,56.1935,18.7992,34.445,7.23036,41,0.185942,0.889299,1.17732,395.206,90.9072,89.0127,29.5445,1.57481,64.0197,59.5916,18.1164,23.0541,4.09269,52,0.212738,0.836692,1.05822,418.771,85.5255,90.9333,27.9543,1.53623,64.025,57.7673,17.4512,23.5434,3.14526,51,0.301958,0.836273,0.99635,366.675,98.2662,89.23,23.9297,1.32129,58.7006,56.8351,16.0253,23.0117,3.4138,50,0.224445,0.780084,1.11042,486.011,119.797,125.674,93.5682,5.28105,64.6748,53.9841,19.1353,29.831,6.71762,40,0.289686,0.929769,1.44796,472.144,106.116,123.144,47.2269,1.88964,69.0324,53.0001,18.7887,25.9416,3.85748,45,0.304586,0.989679,1.01378,893.577,157.109,143.151,55.7886,2.13623,95.6983,72.1936,27.3454,33.6528,5.50928,39,0.245207,1.17759,1.99974,803.937,147.821,155.195,36.5228,2.00115,94.1423,72.2664,26.0425,35.201,6.51808,53,0.32399,0.894773,1.72947
decoupled_wbc_h066_p000,1693,complete,90,18,17.1864,3.02357,0.172632,0.0799722,376.467,78.5341,58.558,21.6241,1.48913,52.7568,49.7493,14.1629,22.1248,3.25974,47,0.306639,0.841709,1.35902,425.584,78.8182,120.723,27.0848,2.0687,68.2434,53.6744,19.3952,29.3451,4.54002,44,0.30957,1.01635,1.45654,460.522,97.1022,106.596,20.94,1.33357,67.9265,57.3095,19.8979,29.4439,5.01314,44,0.345304,1.19176,1.63273,645.37,121.259,122.511,73.6215,2.06838,87.792,67.9573,24.298,40.4658,4.50668,50,0.349517,1.10351,1.69145,451.458,100.605,110.653,27.1042,2.14727,73.7522,59.9537,19.6154,31.3188,3.50588,53,0.299263,0.939745,1.03906,594.033,142.061,150.129,41.4828,1.79058,89.2859,73.8555,25.4879,43.4265,6.74855,51,0.274166,0.933399,1.60937,969.119,266.569,173.68,51.4222,2.34675,96.0867,81.6898,27.2522,36.6266,4.89367,50,0.261752,0.853633,2.87928,438.192,140.77,130.879,59.157,2.11717,72.0117,66.5113,20.4576,29.0813,4.81769,50,0.226169,0.845749,1.3242,384.645,88.8667,73.1277,42.5929,3.11909,58.4169,56.6611,15.0199,23.074,3.82396,48,0.242375,0.860367,1.25035,429.028,99.4314,81.8623,87.7587,2.24476,65.0811,61.3357,15.7865,25.7572,4.37602,51,0.28013,0.823266,1.04519,544.757,117.16,81.1586,40.1134,1.32561,70.3328,66.5102,16.6453,24.5496,3.26673,39,0.357177,1.01214,1.86745,476.903,97.5568,98.292,29.8058,1.54196,67.6871,53.2556,17.5589,21.6294,3.25438,35,0.370274,1.14156,1.79941,804.492,168.286,167.286,61.2232,1.65112,86.1059,67.3386,25.8383,32.342,5.01112,39,0.266508,1.00784,2.11868,587.56,240.06,141.817,75.8906,2.05606,78.3472,68.1205,21.912,32.7585,6.29038,43,0.346284,0.905561,1.46535,414.653,91.8662,89.9807,52.2856,1.36026,55.7351,54.0779,16.3066,33.0432,4.50607,23,0.302228,1.21401,2.16677,322.823,125.512,99.1796,53.3923,2.28977,57.2052,55.7253,17.4848,31.7001,4.96348,52,0.176758,0.707868,0.73734,409.753,116.652,106.648,44.043,1.30562,69.4049,60.5648,17.4217,27.3213,4.01599,49,0.211742,0.826374,1.0268,575.107,109.293,98.4767,32.215,1.84051,72.6755,59.4928,18.2513,26.6118,4.77572,47,0.25397,0.834915,1.30297
decoupled_wbc_h066_p000,1694,fell,56.46,12,28.5294,10.8392,2.18606,3.41017,478.178,82.2127,88.8848,26.5408,2.06646,73.8569,58.8234,18.7335,28.9046,3.87233,47,0.331873,1.00799,1.3743,379.652,100.762,104.47,35.0545,1.86831,64.804,57.589,20.4171,32.1167,3.97788,52,0.228735,0.928488,1.17408,339.236,76.2361,98.2863,85.2561,2.43805,61.305,52.5862,16.7009,26.1444,4.33391,51,0.234975,0.870119,1.07964,359.445,81.4665,90.1058,32.3067,1.85281,59.5776,52.0433,17.296,24.1287,4.13971,55,0.232638,0.804329,0.843562,282.955,93.4709,82.1861,34.8677,2.03122,51.3326,53.2154,15.7902,25.9643,4.95196,53,0.158986,0.688839,0.718094,496.939,103.57,127.201,44.0622,2.37066,72.3623,57.61,21.0509,29.3385,6.40747,52,0.315165,0.921238,1.00416,539.893,118.8,123.964,35.3863,1.99015,77.4271,64.9205,21.405,28.2168,7.60711,45,0.325543,0.959469,1.47968,328.561,72.2706,60.8091,27.2385,1.6895,52.3223,50.0975,14.3799,17.9685,4.55673,43,0.26817,0.825192,1.13521,443.005,120.637,129.471,91.3182,3.43439,75.238,63.8917,21.1748,34.0142,6.87971,48,0.284376,1.11069,1.42705,339.741,100.942,110.078,39.0247,2.00878,54.3103,50.9823,17.6351,24.3173,3.87139,44,0.205412,0.837937,0.778634,443.223,119.662,109.165,41.1889,1.17145,70.5653,67.5408,20.0419,27.5258,4.46922,58,0.251292,0.742927,0.953379,2200.07,447.206,327.319,84.3125,10.7221,112.647,77.6465,34.2432,36.9523,12.2043,1,0.351135,0.980548,2.67035,,,,,,,,,,,,,,,,,,,,,,,,,,,,,,,,,,,,,,,,,,,,,,,,,,,,,,,,,,,,,,,,,,,,,,,,,,,,,,,,,,,,
decoupled_wbc_h066_p000,1695,complete,90,18,15.7504,3.27884,0.153442,0.184397,413.873,92.5088,88.2538,25.5376,2.24233,61.949,55.837,16.5073,28.2245,4.47533,46,0.350125,0.987278,1.48387,463.178,78.4318,130.461,49.5696,2.18769,64.5248,52.6598,20.0174,33.166,5.42339,49,0.325741,1.1215,1.11475,408.604,94.2726,95.8004,25.0901,1.72371,62.2699,59.4544,17.8732,27.2669,4.88004,52,0.318835,0.933394,1.37656,447.785,84.3411,112.911,25.5436,2.25788,70.9602,52.205,20.3769,30.9759,5.53618,43,0.346968,1.06333,1.08923,336.303,85.8127,104.354,34.8769,2.05365,61.4689,53.5459,17.642,28.147,4.11979,48,0.29938,0.929227,1.04931,441.136,101.254,110.719,38.7302,2.19897,60.2292,55.3773,18.5732,28.2834,4.88156,37,0.330072,1.059,1.55491,361.924,60.5681,82.4658,21.3552,1.99601,56.1055,41.506,16.7266,25.2457,4.46535,47,0.249979,0.813449,0.703666,456.475,89.7773,84.5722,35.6562,1.52286,67.9118,53.6728,19.0996,28.2819,5.05559,44,0.369954,0.891968,1.39572,366.844,83.0763,77.6689,21.7259,2.6828,55.1435,55.7278,15.395,25.0921,4.21857,48,0.236846,0.827417,1.04707,511.55,94.803,83.723,20.0441,1.89681,68.5621,57.0688,17.6941,26.5139,5.09761,38,0.316386,0.995791,1.64511,394.231,75.6533,90.9361,26.911,1.47384,60.6619,50.9089,18.0464,27.6209,3.90526,46,0.278748,0.924066,0.98779,498.659,95.0493,105.462,27.4864,2.00263,68.4861,47.5529,18.925,32.9064,4.49698,44,0.278852,0.963035,1.27071,419.516,67.6744,75.6633,22.6711,1.12625,62.395,46.9859,17.3496,27.3849,3.65794,45,0.304799,0.882657,0.930343,480.647,96.9045,65.5267,28.3135,1.52398,69.9121,58.7829,16.884,25.5861,2.97707,46,0.316535,0.871756,1.29681,453.422,85.1866,61.0386,104.849,3.98473,63.3346,54.0873,17.4463,37.7148,6.28807,37,0.332509,1.2591,1.71796,513.108,110.562,80.3163,46.931,2.23111,73.9202,64.3836,17.1403,29.563,5.1719,40,0.272054,0.964675,1.87586,561.833,104.321,102.414,27.2791,1.76044,74.5726,57.9394,22.1331,28.8559,5.01553,36,0.314453,1.14766,2.30971,884.427,130.159,148.604,31.098,1.69091,77.9838,60.4626,24.9531,30.0664,4.81534,43,0.270715,0.883398,1.82971
decoupled_wbc_h066_p000,1696,fell,70.58,15,18.7793,5.83236,2.80027,2.26444,474.194,102.678,87.24,48.4506,2.16556,75.2211,60.9745,20.2374,30.6981,4.08003,52,0.265116,0.867312,1.09662,387.532,74.3404,61.0653,29.6977,1.85308,55.0824,53.047,13.4872,19.7172,3.55108,40,0.379448,0.914096,1.57081,430.821,98.2775,100.507,75.8446,2.06345,70.4511,61.017,18.3048,27.4719,5.54512,41,0.297505,1.01256,1.52227,337.014,76.7691,89.5819,30.9086,1.84926,61.0114,52.1824,16.6354,22.4797,4.05334,43,0.322217,0.955174,1.07676,1069.56,166.911,231.386,71.5919,1.99867,106.815,73.0619,28.4569,36.6226,6.21134,50,0.245673,0.963783,2.64456,487.258,122.692,86.2393,39.6368,1.85562,64.7243,63.7034,15.9396,28.5895,3.95043,44,0.302908,0.929248,1.74552,389.74,80.1268,83.931,36.8123,1.13508,55.5356,45.5834,15.0254,25.9184,3.12219,41,0.33774,0.971329,1.25119,569.129,143.46,141.821,49.8918,1.78546,76.888,70.8961,21.2131,37.7227,6.51003,49,0.292147,1.07536,1.56616,410.337,89.8018,69.1633,36.3107,1.2798,60.511,55.9148,15.2638,26.9713,4.13002,48,0.276156,0.834691,1.13538,372.811,86.4543,94.7033,38.045,1.9198,64.2236,51.9667,17.5177,30.7427,4.82287,46,0.273683,0.920171,1.01151,769.382,136.055,112.317,98.4262,4.36429,86.294,69.3011,19.2813,38.2203,9.08326,33,0.290874,1.13911,2.787,415.672,94.189,70.5898,32.9814,1.97099,59.7561,56.5642,14.4134,26.356,5.07568,46,0.264934,0.823977,1.51697,499.79,93.6862,82.5121,41.3184,2.7184,74.9504,58.5364,20.0145,30.2779,6.95807,46,0.332537,1.08392,1.4312,391.586,94.2686,83.9281,33.4799,2.27866,60.3906,55.0854,15.2176,25.3828,4.59357,44,0.312803,0.985389,1.34857,1577.24,154.632,447.159,287.981,29.2892,94.6145,31.0826,39.1553,61.7843,16.3566,1,0,0.467911,0.418518,,,,,,,,,,,,,,,,,,,,,,,,,,,,,,,,,,,,,,,,,,
decoupled_wbc_h066_p000,1697,fell,55.72,12,18.8279,9.27184,0.609075,1.88786,422.992,76.1976,91.1887,22.4184,2.08558,70.7035,55.1089,17.1254,25.34,3.60777,48,0.295503,0.968359,1.1595,326.555,57.751,77.9724,30.5095,2.14019,54.228,44.7828,14.5911,19.4582,2.88052,55,0.219019,0.664351,0.702477,395.279,94.9607,85.8063,48.6322,1.52208,60.9213,56.9351,16.805,24.667,3.07441,46,0.286571,0.836865,0.913333,358.86,102.07,88.3201,80.2896,2.94962,55.0308,55.9785,15.4368,27.8798,4.98908,39,0.282272,0.838991,1.42383,228.848,105.376,88.1452,46.4397,2.57899,43.9057,50.4116,14.7746,21.1429,3.7252,36,0.134563,0.67683,0.890742,345.24,85.1008,88.4061,41.8832,1.37191,58.7522,48.673,16.4252,22.666,3.92908,52,0.237979,0.79629,0.709435,407.476,101.464,82.3872,40.5575,1.53727,63.6725,56.5692,17.6869,24.2274,4.65948,52,0.240165,0.829458,0.830443,533.52,138.327,102.368,39.7289,1.24335,68.2307,69.5188,19.4016,27.7735,4.99804,41,0.262077,0.978039,1.60848,504.226,85.5903,97.9887,24.636,0.980371,67.6378,56.8178,17.7177,22.3226,4.03024,50,0.28989,0.957308,1.53469,312.549,71.6583,83.0929,30.4528,2.13356,56.8001,45.0663,16.1019,20.957,3.43468,48,0.240962,0.918171,0.899895,614.748,141.211,100.258,103.705,2.16076,81.9705,72.9143,19.4444,33.0592,4.58104,39,0.39821,1.10212,2.55276,3248.49,164.106,476.128,95.2545,6.56709,122.616,33.3064,33.4946,33.1718,10.6658,0,,,,,,,,,,,,,,,,,,,,,,,,,,,,,,,,,,,,,,,,,,,,,,,,,,,,,,,,,,,,,,,,,,,,,,,,,,,,,,,,,,,,,,,
decoupled_wbc_h066_p000,1698,complete,90,18,111.509,5.43634,0.537843,0.678896,296.157,54.5505,82.4817,15.2387,2.3995,51.9966,41.8934,14.8377,22.3926,3.92266,44,0.331845,1.07957,1.18685,504.751,106.149,111.981,27.6066,1.5773,70.4756,60.5425,19.9153,27.732,5.97495,46,0.349082,1.07417,1.9003,386.625,75.0101,63.9758,77.706,2.93,59.0037,55.5934,14.3685,21.983,5.08611,35,0.378771,1.04093,1.84508,488.344,136.214,127.858,60.9054,2.1958,74.9953,64.8815,19.8202,30.5464,6.51862,49,0.290655,0.967431,1.31199,372.764,107.014,119.741,33.8312,1.88788,62.8818,58.9076,18.4503,27.6746,5.13037,54,0.220869,0.83642,1.03136,425.923,86.9659,99.7928,26.8304,1.7306,69.1223,57.703,19.4342,29.268,6.42839,48,0.274773,0.953352,1.08806,393.839,86.7161,86.4304,110.277,6.46207,62.986,56.0089,15.9562,32.3976,9.6017,45,0.29647,0.931368,1.50277,942.599,156.259,142.864,53.9592,2.41838,99.0597,79.5892,27.7195,44.5455,8.40264,47,0.341112,1.05878,1.90253,525.284,121.985,111.576,40.4623,2.49011,77.2493,71.5189,20.6429,36.8241,7.12827,48,0.304258,1.03522,1.43755,529.318,123.467,105.918,29.8222,2.21766,79.3917,74.9668,20.0522,30.5928,5.57679,54,0.26928,0.842198,1.32044,615.724,127.746,124.026,29.9801,2.55051,80.0932,67.1467,21.2067,29.3492,7.90263,36,0.349972,1.47025,2.48798,3198.5,1072.7,406.146,122.229,4.08753,211.017,201.345,59.1453,66.4889,14.9938,11,0.262372,1.63495,23.6011,582.71,121.666,104.042,178.86,20.5023,76.8992,71.7269,18.4052,46.2484,17.783,42,0.393633,1.03923,2.08748,836.326,174.579,114.456,37.3779,2.00243,98.4819,76.1339,25.9107,31.9495,7.34359,41,0.354927,1.14316,2.00337,609.192,96.249,119.081,120.075,6.45643,78.6003,55.8669,20.2619,28.0381,9.06706,36,0.438107,1.16002,1.68845,577.913,92.5054,91.0211,44.0901,2.46883,78.3143,56.465,20.2337,29.2822,6.54192,33,0.377819,1.25464,2.11377,604.73,108.459,94.6978,96.7961,3.42975,82.8697,61.5588,19.1107,41.7384,7.68856,46,0.371918,0.915577,1.52791,1170.67,426.716,195.788,79.9724,2.1397,111.975,105.174,31.772,52.7729,8.64863,34,0.431969,1.15184,3.32234
decoupled_wbc_h066_p000,1699,complete,90,18,19.2609,2.84591,0.18618,0.0936273,356.431,48.8132,53.1183,30.9155,2.47125,57.3059,40.2917,13.8775,25.7027,3.82903,50,0.270222,0.849186,0.783714,327.051,74.2618,64.9233,29.8294,1.88004,53.2894,50.3825,13.8571,29.5393,4.14346,47,0.269207,0.851306,0.894944,312.778,78.3145,72.3327,23.1044,1.42724,51.5395,50.4288,13.8242,26.6831,4.20406,46,0.308344,0.870685,1.17721,374.585,81.032,97.6165,23.5768,1.64046,61.7618,53.071,17.2646,31.7795,4.66149,50,0.28047,0.925063,1.14734,320.298,79.3568,90.2599,25.9442,3.30252,51.9622,50.3885,14.7568,26.5502,4.08511,44,0.222714,0.783832,1.11394,356.297,90.1074,89.5687,27.1051,1.30795,59.2463,56.1384,16.0088,27.4984,3.37725,48,0.277205,0.893065,1.05791,451.158,89.9998,92.7845,95.7593,2.19496,69.5876,56.3904,17.7118,34.2394,4.97427,43,0.317045,0.995435,1.2585,496.976,115.269,133.947,107.737,1.72122,72.6442,62.0953,20.8363,45.0689,6.0829,45,0.384592,0.981856,1.41132,480.427,109.57,117.212,33.3159,2.33547,73.2733,68.8485,19.7499,35.9305,5.66052,51,0.287801,0.844087,1.40313,430.653,79.7938,75.6024,33.3733,1.4741,66.3895,50.5215,17.0197,30.044,4.07316,48,0.364872,1.02062,1.07239,468.993,109.117,114.883,145.975,9.9243,66.2492,57.2716,18.3833,41.3969,10.2217,44,0.271074,0.858389,1.31845,481.909,100.019,139.098,32.9226,1.97958,77.4557,53.3119,21.4721,32.0707,4.61821,51,0.306029,1.02647,1.09044,412.417,100.334,108.571,22.1747,1.04593,64.7339,57.8447,18.7864,24.7268,4.12955,53,0.266115,0.849329,1.16214,503.615,99.8187,124.856,175.536,13.9761,76.8119,61.3921,20.8452,40.2818,10.7932,38,0.308791,1.16157,2.08754,627.536,169.271,172.329,41.5309,2.04781,84.5744,68.5573,24.1518,36.2883,5.61234,37,0.40554,1.08947,2.05386,554.753,114.001,112.827,29.7655,1.8923,78.3261,65.2859,21.9508,28.854,4.91102,40,0.295463,1.13162,1.69813,448.654,103.876,107.09,30.461,1.15181,71.254,67.7469,18.9268,25.2897,4.7548,50,0.248545,0.875419,1.21347,518.46,168.908,136.129,32.2207,1.86657,80.4205,64.512,22.3972,28.8095,4.82067,45,0.359173,0.937597,1.41463
decoupled_wbc_h066_p000,1700,fell,45.76,10,24.6071,15.7022,2.16397,1.25426,369.177,73.0789,67.5906,43.9244,2.7133,60.1507,51.3356,14.2127,25.1474,3.74413,36,0.387795,1.02648,2.04165,517.854,121.429,111.919,35.1747,1.54237,72.9385,63.6226,18.5325,33.0278,4.06796,45,0.288153,1.01361,1.46801,341.376,77.8918,75.6186,50.7512,2.02535,59.1275,49.3258,14.8564,24.6767,3.3552,50,0.283026,0.826418,0.846446,347.142,100.391,81.6403,38.979,1.79702,56.786,57.0427,15.2055,21.6121,3.26382,47,0.222227,0.767004,1.07659,375.597,82.967,76.3747,26.895,1.23158,60.8365,53.0739,16.4854,21.0358,3.58979,54,0.270705,0.786168,0.905229,376.708,80.6948,89.6216,30.721,1.94717,58.7589,52.2478,15.4824,23.5797,2.88342,37,0.330561,1.07912,1.82497,298.398,62.0582,70.6342,32.8291,2.26305,50.3248,43.0777,15.0958,24.5699,3.18033,40,0.275183,0.877462,0.990995,390.095,84.6042,108.91,38.0984,1.55438,64.1164,53.1887,19.087,28.2214,4.21792,47,0.273932,0.925129,0.932291,389.752,85.9722,109.403,39.2386,1.58983,62.6803,49.6246,17.06,25.5785,3.78087,48,0.27203,1.01612,1.01177,2042.37,109.8,344.735,207.206,12.3454,94.1061,28.6374,27.568,45.3352,10.4704,3,0.0836995,1.11845,0.617137,,,,,,,,,,,,,,,,,,,,,,,,,,,,,,,,,,,,,,,,,,,,,,,,,,,,,,,,,,,,,,,,,,,,,,,,,,,,,,,,,,,,,,,,,,,,,,,,,,,,,,,,,,,,,,,,
decoupled_wbc_h066_p000,1701,complete,90,18,18.0002,3.28933,0.198484,0.251312,373.273,84.4434,94.9549,23.6566,2.37401,61.7983,53.9972,18.3591,24.1111,3.99597,54,0.28662,0.85613,1.05875,371.144,105.592,120.788,35.5379,1.95832,62.0033,56.3394,18.7279,25.6434,6.16591,50,0.302955,0.838897,1.03235,308.83,73.2338,78.638,35.319,1.84873,54.5859,44.1427,15.7854,27.1138,4.89262,46,0.250757,0.872602,0.815818,440.026,100.863,119.741,32.1492,2.83446,65.4318,56.1093,18.8518,32.9318,5.38005,42,0.244287,1.05533,1.38922,367.536,75.9621,75.7072,30.3309,2.00904,63.5386,50.4965,16.2668,26.4921,3.92081,52,0.291709,0.808309,0.904812,496.107,114.986,133.47,61.4713,1.7625,73.2445,58.292,19.9887,36.9297,5.37834,43,0.348211,1.00284,1.24185,499.272,128.885,118.001,151.808,4.14402,69.2689,58.7708,19.4673,34.5908,6.41255,53,0.314755,0.901732,1.08981,423.674,68.1816,71.2324,32.9017,1.63184,63.8816,46.211,16.2636,19.0011,2.94691,58,0.249466,0.731174,0.843225,397.061,83.4003,97.4761,31.4507,0.98563,71.1709,56.2325,18.966,24.9341,3.04177,55,0.269835,0.998095,1.06103,392.338,73.6924,112.856,105.749,3.07365,65.3333,50.1235,19.6517,31.7374,4.80761,50,0.248378,0.930655,0.95052,464.945,93.1835,96.248,36.5977,2.38942,75.3793,62.2614,18.9827,29.7102,4.95666,58,0.269701,0.886561,1.02456,622.712,129.98,126.347,45.6258,2.16738,88.0012,59.3178,22.2876,31.4405,4.08997,40,0.344415,1.12024,1.4265,681.229,130.072,122.774,29.9556,2.77004,90.615,63.7046,24.0686,30.4848,5.0669,35,0.391254,1.55418,2.00021,621.296,108.433,106.668,47.826,2.42974,84.926,63.1516,21.4763,37.368,5.10243,35,0.40097,1.62997,2.86521,1459.63,178.504,250.047,63.8983,2.08556,109.183,74.3912,31.0203,52.5006,6.67501,35,0.242976,1.17687,4.28778,581.213,135.6,147.163,55.4354,1.92098,88.8684,72.0479,25.2761,43.9333,5.88935,53,0.258884,1.04518,1.45082,1266.58,180.896,196.551,55.8638,1.72871,114.647,81.9565,31.9528,42.5872,7.9412,36,0.318187,1.27539,3.28343,438.205,118.601,131.328,98.6198,2.53085,64.0122,59.0985,19.674,29.9047,5.71672,41,0.23421,0.831922,1.15776
decoupled_wbc_h066_p000,1702,complete,90,18,23.4941,3.06176,0.398259,0.31629,413.528,84.2905,78.1612,25.4194,1.57074,58.7751,51.9154,15.2766,25.175,3.49553,51,0.257811,0.762021,1.16402,394.728,97.2689,110.084,32.5732,1.65177,62.9816,56.6632,18.7376,31.0943,4.07561,50,0.251475,0.90093,1.11343,440.065,78.1344,83.5348,52.2334,2.69851,67.7167,51.681,16.6254,33.037,4.67409,46,0.275025,0.962834,1.32846,288.776,60.8036,82.9973,57.2141,1.59321,49.6108,43.3803,14.2675,31.4877,4.20802,44,0.239382,0.95738,1.05042,428.347,82.8396,97.9742,40.8309,0.923299,65.5887,51.2646,17.5512,32.8471,4.59076,41,0.345402,0.998229,1.44379,427.682,84.0223,118.372,100.211,2.95841,64.8229,48.6045,18.4023,35.0169,5.5182,45,0.305017,0.987335,1.24904,409.155,90.3168,68.4528,59.1894,1.82682,58.8872,56.1087,14.9244,25.4174,4.31972,33,0.424001,1.27092,2.11998,387.741,97.9258,86.8954,31.1098,1.32743,64.2296,55.2855,17.1039,25.7485,2.92425,50,0.29166,0.910711,1.15105,477.829,138.147,100.48,113.246,3.84946,72.8117,63.127,19.7364,37.7807,5.70562,52,0.288126,0.948261,1.35565,652.972,112.471,105.65,37.7903,2.14277,87.9141,62.2553,23.1599,31.8893,4.27643,48,0.392532,0.971572,1.3815,364.105,80.3846,75.5457,26.3445,1.29509,51.3844,50.4287,16.3093,22.8878,3.56571,33,0.349572,1.09795,1.41651,653.89,191.977,137.124,39.3909,1.69887,86.0704,74.0085,25.6694,33.852,5.0757,42,0.367162,1.05253,2.14564,502.788,113.986,133.263,190.148,6.86037,72.6774,62.6163,22.941,42.76,7.7534,46,0.232286,0.894575,1.43221,416.105,110.573,105.857,29.8038,2.36031,72.7965,65.6725,20.3933,28.5044,4.49898,48,0.30723,0.995646,1.494,375.535,77.5533,69.9856,53.423,2.46663,57.8768,53.3841,14.8976,29.1042,3.81625,42,0.327758,0.943457,1.6317,1329.07,281.237,246.121,58.0426,2.62886,110.185,86.55,35.6904,44.105,5.04011,45,0.243861,1.00232,3.04112,608.27,120.235,108.455,168.83,4.44587,76.2749,64.2057,21.2026,39.9505,6.68093,35,0.360471,1.18337,2.2361,551.176,96.6681,84.0356,33.5792,1.40123,71.3486,60.0017,18.3523,31.5939,6.18139,35,0.39313,1.24165,2.0194
decoupled_wbc_h066_p000,1703,complete,90,18,17.2574,2.43209,0.145292,0.231525,338.403,96.3319,95.3512,28.9103,2.34236,56.2024,53.9102,17.3649,28.1535,3.69405,36,0.249068,1.06143,1.4308,333.307,75.6517,70.7041,30.4142,2.67169,52.3609,48.8465,14.5475,27.2839,3.20419,44,0.276572,0.840711,1.16944,474.17,98.5692,110.634,28.9512,1.64146,74.4306,58.0953,20.8246,34.7948,4.15433,52,0.293383,0.969799,1.1976,319.305,67.9922,68.4817,26.6617,2.50176,52.9955,49.7043,13.8443,26.2499,3.25398,45,0.272839,0.804252,1.11813,410.677,91.2917,78.7489,23.3535,1.53726,63.485,58.9539,15.1175,28.7262,3.01644,56,0.300529,0.719844,1.07793,357.35,77.0638,63.7169,31.8023,2.05617,52.8612,48.3725,13.1289,29.2665,2.60213,34,0.352067,0.974265,1.54264,619.627,135.534,118.741,184.657,9.23979,85.154,69.3127,21.1626,51.5232,9.17646,42,0.319083,1.04813,1.92148,508.293,118.114,113.247,139.259,16.6908,70.2821,63.0536,18.9969,48.5605,10.1271,41,0.272166,0.928361,1.48792,455.797,84.9854,56.2196,42.2523,1.2534,60.4693,55.259,13.3511,26.491,3.32708,41,0.348402,0.903299,1.41727,580.752,129.547,108.052,74.8713,2.87799,78.4578,62.1042,21.1252,43.3226,6.33613,46,0.236847,0.990585,1.52244,420.914,102.518,108.119,33.6536,2.34633,68.2322,56.2676,17.6273,30.4098,5.33912,46,0.326256,0.892778,1.20118,380.76,83.4028,89.5721,42.621,4.61858,56.6181,54.8801,15.7262,35.528,10.0667,47,0.276417,0.947637,1.17412,579.285,112.906,154.883,164.486,25.6152,76.633,60.7675,22.3529,57.4625,18.7199,50,0.231526,0.835497,1.05508,370.921,80.9423,131.614,54.7245,2.62299,58.4791,52.5798,16.8714,34.509,6.184,48,0.218687,0.872654,1.00446,563.814,125.047,143.795,36.0809,2.6613,80.2282,57.4882,21.9637,37.4285,5.68431,46,0.302412,1.16411,1.12582,474.708,103.788,102.072,42.7471,2.07208,70.0048,55.962,18.1327,33.7771,5.7412,40,0.29989,0.945454,1.17776,495.329,95.7441,97.4956,42.3516,1.93885,60.7564,57.4355,16.5319,30.6036,5.1838,34,0.448328,1.35048,2.26651,1628.42,220.923,224.482,80.2317,4.2057,121.76,81.8128,31.0313,51.5193,6.70523,47,0.221402,1.24951,3.5122
decoupled_wbc_h066_p000,1704,fell,60.6,13,27.5963,13.6521,0.310078,0.223305,398.623,75.2755,81.4366,22.7479,3.54433,57.2233,45.8793,15.5379,27.3069,4.14145,35,0.380513,1.11195,1.58337,438.617,92.3616,89.877,72.0822,3.87915,69.1033,59.2303,17.2648,36.1371,7.52193,47,0.311271,0.968641,1.32958,366.475,76.7589,76.3113,28.5899,1.02124,55.4114,51.3295,14.6636,26.7687,5.65586,35,0.360698,1.11758,1.97094,344.829,78.2687,82.5909,33.9806,2.50694,60.8635,51.6737,15.7167,23.9483,4.64824,43,0.294582,0.898985,1.13555,412.562,115.905,96.3713,36.915,1.84263,68.3555,57.455,17.8955,24.3961,4.35177,47,0.27675,0.81612,1.00439,427.6,125.031,100.691,33.0472,1.28625,71.1477,67.0982,18.285,24.3378,3.62069,49,0.280503,0.912227,1.22508,556.072,137.557,97.2761,40.6097,1.85434,80.8281,72.4174,19.076,24.1784,3.45648,52,0.382699,0.920366,1.30283,443.822,117.501,99.2146,48.0821,2.13121,65.8558,59.5579,17.1235,24.6682,3.46164,49,0.289526,0.855597,0.965436,1454.56,226.843,248.128,173.78,4.46373,122.422,91.5725,37.0586,59.2357,8.56629,36,0.299314,1.19845,3.43177,421.794,76.7517,79.655,32.7513,1.53014,61.5727,52.0807,15.3557,20.7559,4.06418,49,0.281628,0.864061,0.860724,857.884,249.584,179.154,93.6478,2.94036,98.3413,81.0986,25.6005,32.9882,7.69251,42,0.414272,1.09202,1.89025,483.43,110.745,103.828,35.7658,1.50284,76.3722,59.8791,20.8885,25.9855,5.83063,53,0.239724,0.901399,0.878937,4102.75,198.013,424.461,197.411,9.81972,146.134,38.3629,31.564,43.9565,17.3221,0,,,,,,,,,,,,,,,,,,,,,,,,,,,,,,,,,,,,,,,,,,,,,,,,,,,,,,,,,,,,,,,,,,,,,,,,,
decoupled_wbc_h066_p000,1705,fell,80.86,17,18.76,4.71151,0.942001,1.56417,519.58,86.5739,78.9397,31.2555,2.55886,77.1215,57.6872,18.6043,28.7313,4.40742,44,0.309956,1.09054,1.68295,377.934,81.2233,90.7314,21.5699,1.14689,64.8477,58.5462,17.4484,23.5956,3.172,52,0.272755,0.947216,1.03335,447.873,107.962,106.615,27.9773,1.36286,70.0675,60.5096,17.6681,23.4347,3.63226,42,0.254316,0.894841,1.08906,422.346,102.225,101.865,62.3011,1.81474,71.8947,60.3733,20.813,29.1759,5.39005,50,0.238977,0.911526,1.02986,439.41,97.6072,105.202,43.4812,1.57646,69.3612,54.757,18.6751,29.6957,4.41866,41,0.401205,1.06433,1.20453,1013.64,328.554,152.303,63.3238,1.75803,101.246,89.9191,26.8541,38.296,6.10643,45,0.270581,0.940965,2.8604,495.01,84.1358,92.593,73.5412,1.83606,71.8389,56.0894,17.5438,29.5081,4.68996,49,0.256665,0.920185,1.3489,407.566,77.6636,88.6512,94.2757,5.18889,59.3883,47.9168,17.3341,33.9086,8.10855,59,0.257774,0.829033,0.730498,440.429,105.691,80.7863,150.653,5.40351,61.9556,60.374,15.8782,31.207,6.78031,40,0.359745,1.12315,2.08695,498.001,98.8105,106.234,43.7657,2.73109,75.6022,53.6518,20.8764,27.8835,5.16496,38,0.297325,1.07781,1.32129,718.499,129.841,141.858,100.613,3.72759,90.4444,68.0299,25.8987,43.0034,8.42721,40,0.419174,1.2663,2.06562,399.103,75.0938,73.0939,31.1276,2.06564,62.3653,51.0205,17.4707,23.1737,4.04564,48,0.343815,0.924234,1.07346,572.246,132.648,103.125,156.246,3.59288,75.5079,64.8129,19.9465,33.5135,6.28807,42,0.328884,1.05049,1.61823,582.272,114.938,83.797,25.4389,2.24128,80.0834,64.0964,19.1845,23.2003,5.08821,47,0.342109,0.962182,1.61466,503.575,112.469,108.132,77.2356,2.25892,72.7941,60.971,21.4062,33.2237,6.87006,47,0.335543,1.04016,1.48985,515.432,88.2288,102.363,32.9241,1.78322,73.9913,57.992,20.3456,26.3664,6.61852,44,0.293896,1.00087,1.39975,3288.99,369.131,571.881,57.9382,4.56673,165.736,70.633,38.9368,37.9159,10.9438,0,,,,,,,,,,,,,,,,,
decoupled_wbc_h066_p000,1706,complete,90,18,25.8635,3.46684,0.38842,0.244208,355.502,70.5594,77.4471,18.4744,2.26727,62.7875,48.4034,15.8447,26.0868,3.8202,40,0.318043,0.981372,1.33975,417.056,70.4683,76.4253,40.6141,1.99747,66.3867,52.1127,16.4772,26.493,4.78756,49,0.296534,0.837258,1.13416,495.93,104.908,99.1998,79.8206,2.51392,71.5346,61.955,18.1223,31.1617,4.96879,42,0.319575,1.12806,2.13666,395.299,87.6779,77.5901,50.618,1.73918,62.8976,56.3725,16.266,28.4797,3.90592,52,0.319958,0.833143,1.0882,439.911,110.016,112.275,56.7869,1.58177,72.2823,59.5444,19.8658,30.4032,4.51804,54,0.261908,1.01304,1.14888,629.709,130.252,137.791,28.6956,1.61208,85.43,68.8492,23.2054,29.3679,5.37043,37,0.298977,1.1311,1.76117,453.155,91.4296,98.6862,30.3377,1.59378,67.7632,54.9259,19.3431,26.9913,4.03148,47,0.312101,1.01461,1.09756,465.771,85.0125,87.2711,29.5362,2.17158,71.0298,56.1074,18.2289,33.585,4.1353,45,0.3466,1.03329,1.51632,402.251,83.4368,108.25,92.7339,2.32025,67.3761,52.2226,18.4859,40.3403,5.58652,42,0.273646,0.971599,1.20765,837.057,137.593,157.043,41.5728,1.80468,95.4432,60.3871,25.5884,44.1186,6.17198,39,0.405755,1.27061,2.05568,385.615,79.6406,94.1085,32.3172,2.16583,60.1789,48.6584,15.6967,29.1651,4.65542,39,0.328692,1.09564,1.49195,538.528,111.387,115.058,36.1767,1.55781,80.8984,62.2954,19.7697,34.5621,4.87184,57,0.268512,0.841529,1.03891,588.25,103.889,169.858,43.0624,2.19401,78.3363,54.7791,21.0086,38.755,5.72612,44,0.285255,1.06035,1.40254,463.569,114.884,96.1063,29.446,2.35457,72.6121,64.5684,17.1949,30.4009,6.05493,50,0.314692,0.918576,1.23151,322.419,59.2866,65.8436,24.6531,1.70942,54.6667,41.9908,14.7782,27.0945,4.93337,46,0.277762,0.943604,0.91197,357.769,88.2217,79.2479,35.5859,2.40061,56.6427,54.1685,15.1822,29.5415,4.463,42,0.308681,0.907543,1.23145,1007.45,167.228,166.745,53.9661,2.33273,102.35,74.4849,25.5269,39.8797,4.74234,46,0.372191,1.20749,2.07478,828.372,163.417,124.331,177.18,3.45221,89.0599,75.7217,20.6156,49.5231,5.76906,37,0.305235,1.24042,2.65855
decoupled_wbc_h066_p000,1707,complete,90,18,19.4203,2.54195,0.391864,0.241049,385.388,95.4474,113.733,23.7009,2.9678,62.6456,56.0193,19.2707,29.5172,4.36877,45,0.329942,1.00241,1.22057,515.915,110.027,116.551,28.3646,2.18861,80.1393,65.2916,22.9557,32.6509,4.96736,46,0.325204,1.00994,1.24127,389.211,86.7426,64.9942,40.2742,2.07829,56.7436,55.5529,13.4273,22.6082,3.85493,34,0.461095,1.17698,2.19889,511.903,108.809,71.2457,31.4618,1.88646,68.8214,59.1653,16.4816,22.4233,3.92757,52,0.273907,0.876613,1.4277,366.461,75.4328,72.4231,26.6065,1.53096,54.9837,54.3176,14.884,24.9049,3.51433,50,0.260862,0.772665,1.28173,470.721,83.8027,87.8806,27.9462,2.48073,67.919,55.5321,18.2795,28.4408,3.86112,53,0.305246,0.879016,1.04267,583.826,124.464,152.148,32.9633,1.76487,82.454,64.6904,22.5088,37.2241,5.29892,44,0.333761,1.13669,1.88836,564.003,118.981,134.701,192.171,5.31148,76.7167,59.2457,21.9502,44.1755,7.91001,52,0.274349,1.01055,1.1346,495.031,93.9138,84.4735,29.3385,1.455,67.6839,62.3367,16.5684,25.7698,3.69874,41,0.305167,0.806895,1.28761,273.089,57.9391,70.6789,23.2459,2.07367,49.1676,45.6165,14.7528,22.8473,3.87833,40,0.245261,0.834136,0.975166,726.735,189.382,143.889,98.6003,3.83807,89.2132,73.5631,24.274,41.7181,6.67797,37,0.481945,1.19355,2.6321,437.858,80.5438,80.4052,20.5388,2.24068,67.4717,51.6004,17.8731,22.7908,3.44723,44,0.370127,0.962235,0.993654,551.625,126.021,114.674,32.2488,2.17793,75.9866,70.7166,20.2401,31.3551,4.17468,46,0.283745,0.991214,1.64448,916.305,161.16,178.549,47.5053,1.71347,90.5942,69.3293,26.0842,30.2169,4.54961,51,0.253711,0.920774,1.53819,393.865,81.964,84.2446,28.4323,1.93439,60.597,53.5699,15.6655,22.0331,2.93378,47,0.310839,0.884506,0.966367,468.844,123.441,116.171,43.6544,2.13907,77.0247,65.2971,19.001,31.8422,3.39074,50,0.266931,0.933646,1.17733,330.99,92.7872,77.6382,26.8671,1.71279,59.9226,58.3825,16.8167,23.4083,3.02525,54,0.235283,0.743067,0.905388,383.067,85.9176,88.8859,37.2022,0.698177,61.0412,55.0571,19.1133,27.0041,3.66453,49,0.276273,0.854633,0.825417
decoupled_wbc_h066_p000,1708,complete,90,18,29.2215,2.51204,0.454992,0.411222,468.801,100.163,100.648,25.1961,1.74837,70.9022,59.0293,18.6205,29.4592,4.05827,47,0.330173,1.0065,1.59357,465.355,76.1666,91.5997,30.7651,1.2409,69.1428,53.0716,17.3088,27.0093,3.85911,51,0.276672,0.950332,1.2049,344.992,78.7638,74.0395,27.851,2.62871,60.9179,49.5828,16.5701,23.0645,4.40181,43,0.311399,1.04183,1.0761,405.929,90.2199,117.669,24.151,2.47856,68.1671,54.5352,18.9352,23.1783,5.38124,48,0.315968,0.938673,1.02487,430.519,110.787,102.1,27.5521,1.87068,69.9139,62.1705,18.5728,22.9758,4.97617,49,0.278445,0.916507,1.06176,422.485,83.9508,90.913,29.7823,1.68765,63.2354,55.3841,16.0699,27.1674,3.01099,34,0.374298,1.0741,2.25809,1275.62,291.406,227.696,60.0797,1.49155,117.33,93.288,34.161,55.401,5.62661,49,0.338705,1.13995,3.09111,538.019,223.161,149.091,46.0861,2.19242,81.631,69.0295,23.1045,37.1573,5.47523,39,0.394694,1.05,1.74417,416.084,81.4869,97.7084,26.5528,1.99328,65.7358,50.8694,18.6798,25.2574,4.79531,52,0.311256,0.938351,1.10575,622.619,102.14,110.812,34.382,3.07487,86.5007,60.4778,22.7737,28.295,5.60866,46,0.273766,0.938468,1.67271,391.185,81.6362,85.3502,32.1293,2.39394,60.2246,52.0194,18.5401,27.3389,4.24739,49,0.271895,0.956239,0.963655,417.063,97.6344,110.097,99.6605,2.73191,68.3896,53.0929,19.2214,31.9126,5.55487,46,0.306286,0.91354,1.16074,1054.31,464.736,239.864,57.3596,1.81047,109.703,110.475,32.3084,45.1887,7.35655,32,0.422831,1.17653,3.59278,496.257,110.677,112.385,47.9703,1.38242,69.0901,54.1929,20.3592,30.5503,5.22196,46,0.298965,0.976945,0.881228,499.769,97.421,131.964,166.987,16.5123,75.3895,54.1435,21.9167,61.7748,23.2336,46,0.331059,1.07205,1.1661,1029.82,196.367,155.694,47.9615,2.0164,118.292,80.6821,27.6554,37.7268,6.45125,47,0.301612,1.26558,1.9218,923.476,162.12,124.591,85.2275,6.67342,98.3137,76.8161,25.1583,40.7838,9.67812,25,0.398497,1.67611,3.94954,1948.03,207.235,239.546,57.8869,3.45394,144.042,92.8746,38.2321,56.3408,6.68841,43,0.288212,1.3644,3.92029
decoupled_wbc_h066_p000,1709,complete,90,18,22.5173,2.28142,0.128412,0.26142,352.521,77.3432,67.3641,22.0347,3.6862,56.2642,49.9908,14.6736,24.0167,4.51534,46,0.268088,0.876517,1.16765,341.656,71.6179,79.6924,29.5799,2.19346,56.4544,43.8313,15.3925,26.8915,5.67768,46,0.286185,0.996988,1.08371,367.296,88.6,93.8512,38.8466,2.63517,60.7379,53.0991,16.2524,29.8997,6.13602,48,0.266946,0.882336,1.12389,374.281,82.4844,101.484,60.9527,2.38338,60.785,53.3887,17.8033,33.1141,5.94533,50,0.28001,0.901364,0.843729,373.877,82.3233,120.195,77.9133,2.53327,58.0578,49.3855,17.4286,36.2332,4.82107,50,0.231267,0.831569,0.818242,426.589,109.93,103.542,41.5465,1.44683,63.2599,57.9016,16.5329,34.8742,4.77274,46,0.339023,1.05083,1.74357,389.136,78.6572,100.865,29.3981,1.57577,64.0968,50.2904,18.6755,30.4871,4.77035,38,0.351377,1.21558,1.352,414.497,80.9163,103.834,22.7515,2.29392,66.4168,57.8999,18.7156,25.3969,5.48311,48,0.296384,0.944183,1.21132,690.02,234.86,262.476,36.5387,2.58763,92.4204,73.7562,33.0746,44.4359,10.6884,40,0.407238,1.10001,1.97094,480.877,95.8979,89.2756,22.49,2.29168,76.3234,59.9319,19.9016,30.8773,6.49509,50,0.335859,1.05996,1.63637,495.77,92.2328,86.4879,181.726,17.1618,67.3053,61.8518,16.4019,36.2981,10.5599,38,0.344773,1.04766,1.88226,636.457,134.28,121.155,68.1724,3.24995,86.3388,73.4827,22.8541,35.546,6.93258,45,0.308856,1.07288,1.8383,591.39,208.094,179.738,37.4696,2.03648,79.8134,75.9671,25.5499,33.4063,5.62434,38,0.398313,1.0753,2.11424,534.294,116.161,97.3899,46.7075,1.81056,72.4947,59.2421,21.4056,31.329,5.71667,47,0.263553,0.970569,1.29306,558.287,106.578,85.1721,38.948,2.2254,76.2101,67.5439,18.1055,27.7054,3.98876,44,0.384422,1.1693,2.11236,563.151,134.036,139.565,39.6814,1.81834,83.9661,75.6063,21.7869,29.9905,4.89268,51,0.338781,1.00855,1.75272,439.609,93.4609,91.3999,30.0075,1.56835,71.2806,58.3188,19.6471,29.7291,4.96006,50,0.323757,0.980225,1.3738,529.937,132.361,115.442,77.2903,3.03516,74.0148,67.4771,20.0847,40.3569,4.71583,42,0.334296,0.946633,1.92523
decoupled_wbc_h066_p000,1710,complete,90,18,18.6897,4.08778,0.129119,0.0750196,401.741,95.2808,80.1942,25.0349,1.06006,59.9378,59.4167,15.2086,23.2928,3.44632,40,0.323532,0.892219,1.52354,400.131,112.459,108.745,39.1777,2.47081,63.9539,61.8071,18.14,25.2189,4.09378,37,0.246788,0.920294,1.47508,446.758,94.8184,69.058,62.6047,1.90203,62.3826,60.5876,15.9492,23.3759,4.88546,43,0.325483,0.964307,1.58956,503.582,106.737,135.913,40.5923,0.997861,75.0573,61.7143,22.1385,29.7805,4.97517,43,0.317262,0.97886,1.34352,399.783,84.0025,99.2972,26.9071,1.59818,64.9398,55.2224,18.591,22.5825,4.39689,42,0.301975,1.07152,1.44132,420.965,89.9514,78.746,21.3125,1.50281,67.8256,54.004,18.9761,26.1149,3.45323,50,0.311481,1.02473,1.16241,386.601,80.2531,83.6462,22.6011,2.20949,61.939,54.9195,16.417,25.2513,3.46336,37,0.30827,1.00147,1.46499,665.856,142.69,156.962,155.419,4.02112,94.7123,74.5007,26.9436,41.5434,6.58939,46,0.362126,1.15448,1.83885,357.122,74.8224,87.6108,31.6391,2.08948,57.9878,46.8524,16.3334,23.3625,3.77094,49,0.280501,0.866354,0.853767,385.797,66.0125,101.561,54.3739,2.11629,63.1511,46.3874,17.8553,22.1302,4.34206,44,0.249123,0.9799,1.03563,415.916,86.5826,97.1879,23.3331,2.6473,62.0588,56.7299,17.3189,21.2904,3.39792,48,0.315071,1.04758,1.35968,373.715,100.222,94.0726,40.5837,1.47497,57.5183,58.2051,16.6586,21.6968,3.64689,45,0.227269,0.840687,1.08497,493.122,103.69,102.363,38.184,1.60549,73.6702,59.4503,19.9636,26.8524,4.30648,53,0.290165,1.01475,0.972085,496.234,115.014,119.359,137.044,3.65073,70.3919,56.8713,18.9878,29.2475,5.3873,48,0.309,0.929143,1.04572,708.348,275.434,240.911,136.01,16.1198,104.539,89.7763,32.8895,51.7152,11.9434,49,0.316543,0.968684,1.63148,378.407,99.5237,91.5298,33.1674,1.75077,64.4574,52.0926,17.5169,29.6448,3.2303,46,0.278489,0.92307,1.04016,590.238,117.377,108.729,49.4179,1.35231,75.898,60.4979,19.068,35.0545,3.20818,30,0.370777,1.1767,2.64175,624.155,123.721,113.9,195.954,2.99934,83.7755,68.4834,20.4595,49.9522,6.13185,48,0.305683,0.939379,1.57737
decoupled_wbc_h066_p000,1711,complete,90,18,18.7705,2.65993,0.2057,0.200405,426.623,65.4682,102.657,21.8293,1.38725,66.3852,47.971,19.1674,25.6596,4.46769,41,0.281353,1.03768,1.09931,382.038,73.5983,76.9743,47.1062,1.83969,60.3556,52.0024,15.6719,26.5637,4.00012,45,0.315139,0.898254,1.15866,563.43,115.983,145.837,37.2713,2.21861,81.4062,58.7651,22.6535,37.4462,4.79613,39,0.365329,1.23166,1.98963,340.621,50.4369,53.8373,30.2811,1.49503,50.2456,38.6058,11.8782,25.4333,2.65215,40,0.261749,0.92715,1.39565,405.624,73.7175,66.1465,82.0016,2.80616,54.6315,48.9782,13.8956,33.6183,4.80614,47,0.255008,0.857461,1.05187,479.372,83.8406,77.4211,65.4589,5.25633,65.9893,52.5096,15.2098,34.6369,5.45483,38,0.336252,1.07526,1.58728,397.655,75.8318,62.2012,32.678,1.05495,58.5538,51.6528,12.8888,28.3563,2.68921,40,0.368899,0.974194,1.8367,554.746,126.587,119.271,39.7342,1.95893,79.6909,66.9002,20.994,39.1001,4.28257,46,0.257537,1.01463,1.53778,370.045,78.4273,88.1688,42.7654,1.72883,59.4143,46.5279,16.8766,30.805,4.06561,53,0.210644,0.804553,0.828329,483.885,168.719,103.717,51.678,1.55468,70.2449,74.5257,18.0789,39.1027,4.4618,54,0.229147,0.719219,1.06761,769.667,123.181,99.879,55.0898,2.00284,89.8611,73.9186,19.8982,37.1897,4.76087,44,0.295026,0.96342,2.07307,473.045,98.5411,93.8176,42.6546,1.47782,66.6133,57.7041,17.887,34.8792,4.40756,48,0.269561,0.984216,1.1351,367.202,93.7114,69.2998,41.3217,1.41406,56.9369,52.0174,15.5944,29.8298,4.11101,54,0.19858,0.789199,0.865524,503.108,98.5522,75.7728,41.1021,1.64256,65.404,58.8834,15.8266,31.265,4.19461,40,0.334935,0.973133,1.76505,392.892,90.8422,85.3876,40.7966,2.18749,57.9218,51.0792,15.0254,28.4292,3.97864,48,0.282582,0.769926,0.909154,426.947,98.3052,118.926,45.2599,1.39277,62.3459,51.8063,18.5189,33.535,5.06047,40,0.33027,1.00861,1.25185,620.474,128.1,113.827,259.388,12.8117,84.2848,63.7463,22.0777,69.4679,14.6249,47,0.271639,1.09237,1.44594,510.981,116.734,115.065,32.2055,1.65309,75.8213,64.701,19.7286,34.0165,5.01223,45,0.308587,1.03315,1.55406
decoupled_wbc_h066_p000,1712,complete,90,18,56.8082,2.73423,0.209764,0.153112,386.096,96.7301,84.5708,29.7874,3.0438,62.1816,54.796,17.04,28.252,4.21521,46,0.259907,0.877518,1.03524,341.9,72.7011,83.2461,28.2388,2.19148,56.2725,49.547,16.1529,29.0541,3.70874,43,0.241325,0.87118,1.28169,431.517,91.7732,106.849,26.1159,2.63561,64.1636,49.7497,19.3689,32.3878,5.41792,33,0.394635,1.17699,1.61459,370.049,82.647,106.262,23.5099,2.39828,57.1191,52.4524,17.3633,24.1854,5.4548,44,0.308013,0.928004,1.39627,393.206,64.846,88.7197,28.3489,2.13545,64.0662,48.0368,17.2056,22.9421,5.65832,43,0.338976,1.05809,1.1194,421.025,95.4414,126.923,26.917,2.48708,69.8348,57.3817,20.6107,29.265,7.69557,45,0.314852,1.05724,1.14639,462.509,94.7874,90.9758,32.4836,2.74302,61.0257,54.1427,17.2839,28.2807,5.76944,38,0.273394,0.922009,1.51935,607.186,155.716,119.81,29.2892,1.55047,77.3713,65.1332,22.3048,31.4768,4.96515,43,0.312153,0.913623,1.55252,485.818,113.863,127.635,161.375,4.19726,70.3253,61.1126,20.7739,36.1824,5.97106,58,0.2209,0.803247,1.12134,429,88.5898,116.559,76.5861,8.31054,65.9478,54.6187,19.3962,27.4074,8.43881,49,0.262048,0.901242,1.18512,439.604,87.0689,105.72,91.4284,2.26239,70.6469,56.6459,18.8096,25.7683,5.65903,50,0.237553,0.870771,1.36557,686.232,183.726,148.014,34.1826,2.84879,86.138,73.1492,26.248,32.2022,6.64432,41,0.430156,1.20863,1.73614,2274.18,761.976,310.234,77.1827,2.07788,177.923,157.478,47.9909,72.4128,10.3927,31,0.397878,1.54833,6.45916,425.426,52.587,67.037,59.1155,1.98549,65.2049,44.9442,15.1394,25.1579,3.43175,40,0.410501,0.985838,1.1337,685.032,115.035,135.988,35.2664,2.23765,88.2613,59.4313,23.8439,25.8727,4.73416,38,0.435529,1.33559,1.91488,567.524,115.683,145.913,138.473,17.854,81.9634,65.4025,25.3631,48.0969,18.1743,53,0.23328,0.932653,1.27451,341.844,102.673,89.9464,32.2264,1.76263,54.8671,56.2594,15.3293,20.9607,3.94523,42,0.220332,0.822825,1.08663,316.73,86.2822,86.6392,37.14,1.32562,54.4019,51.3525,15.9759,22.0925,3.92343,48,0.216408,0.787815,0.948809
decoupled_wbc_h066_p000,1713,complete,90,18,17.7552,3.18803,0.397332,0.199694,455.844,87.5125,83.7553,49.397,2.60155,66.4734,56.7168,17.8421,32.326,4.68932,49,0.328141,0.914955,1.12676,481.249,96.2645,88.5636,34.0947,1.68778,72.3232,60.2163,18.0773,32.5188,3.52685,50,0.309738,0.938409,1.23927,445.376,110.999,112.999,29.3477,1.13949,70.7319,61.1421,20.8672,33.428,4.3354,46,0.303812,0.981879,1.21864,504.489,109.6,81.1101,35.349,1.029,73.3464,63.7574,18.2511,26.4878,4.86019,53,0.347849,0.798325,1.05855,415.952,96.5947,76.2502,47.282,2.21444,63.2608,59.2884,16.8479,26.1349,5.18097,38,0.393671,1.1349,1.9667,332.597,71.9364,75.0004,60.6754,3.45038,56.0323,49.9856,14.8871,21.7808,5.07638,48,0.331205,0.867975,0.9656,485.558,84.5323,99.4196,21.5974,2.43668,69.5126,59.57,18.6674,23.1841,4.58747,41,0.311976,1.04595,1.87083,356.025,82.6096,93.6052,64.3404,2.37732,59.1312,49.6906,17.1899,24.3723,5.1246,47,0.325469,0.990113,1.10753,377.669,108.966,122.928,35.4355,1.96305,63.3687,65.1121,19.5444,24.208,4.41229,60,0.194874,0.747549,0.750296,342.286,72.9759,109.5,27.7352,1.44012,60.2949,50.5734,17.3162,21.769,3.4919,53,0.240027,0.831146,0.949846,644.18,134.528,126.386,39.5683,1.71258,79.7846,69.4469,22.7805,25.7813,5.34109,42,0.370095,1.27295,1.93099,496.459,132.858,128.321,40.7936,1.83865,77.8193,60.5761,20.6409,25.7651,3.18535,49,0.309633,0.917214,1.20563,426.395,99.0962,133.462,150.982,2.18521,66.3997,57.1135,19.3204,29.549,4.10945,54,0.18154,0.797948,1.06075,518.947,123.225,87.9392,38.7239,1.44382,68.1971,63.2271,15.5468,23.6936,3.2612,34,0.322555,1.05221,2.13938,541.81,160.995,129.734,32.1954,1.5693,77.9226,69.3884,20.9162,33.0437,5.45819,52,0.296191,0.947061,1.30772,505.606,82.8066,100.593,27.4838,1.3516,73.1451,53.4897,18.9231,27.2894,2.91288,39,0.347412,1.08361,1.63039,535.424,110.895,93.6318,27.8789,1.59677,73.1256,64.5973,18.6452,29.995,3.28164,38,0.368108,1.16567,2.40413,572.522,142.904,118.712,49.7154,2.09766,80.0066,71.6117,20.2674,38.0383,3.61053,48,0.328091,1.0416,1.51109
decoupled_wbc_h066_p000,1714,complete,90,18,17.6425,3.35854,0.533079,0.484022,513.901,116.102,108.322,27.3435,2.00225,77.5149,67.1235,19.2937,29.7788,3.95808,47,0.292576,0.927241,1.72841,527.575,146.037,111.794,37.8931,1.67844,76.8029,71.3801,19.5612,30.2164,3.47755,48,0.345842,0.967513,1.55518,333.713,97.3063,95.3886,75.3918,1.90563,58.2189,50.5957,16.4355,27.2482,3.93597,50,0.241186,0.860475,0.749941,391.669,83.6666,98.6258,36.9007,2.55464,60.883,55.0052,17.0631,23.5471,3.93313,48,0.237117,0.905151,1.01409,317.892,89.8901,90.3475,29.6356,1.63599,56.3961,52.5654,16.1058,24.5094,3.52719,45,0.280889,0.897574,0.936625,388.645,91.0353,73.5191,51.3114,1.61921,64.5297,57.5329,16.3812,24.9851,3.58307,57,0.281463,0.797243,0.79014,451.601,109.509,91.826,34.8954,2.37727,76.7209,61.3481,19.0441,25.4853,4.4478,58,0.26565,0.794383,1.02812,575.31,127.211,114.253,32.3018,1.51255,79.1501,65.5734,19.3691,25.1313,3.94438,39,0.365881,1.02933,1.69255,491.922,104.705,117.602,30.4506,1.78151,74.0456,62.16,19.8043,21.9809,5.2266,44,0.288513,1.07048,1.58769,597.485,121.517,176.025,162.876,5.78763,89.6598,61.0954,29.7681,34.9118,10.9943,49,0.298671,1.01784,1.55332,479.058,120.471,110.12,130.28,5.10589,68.6061,64.9199,18.6634,28.5819,8.4383,62,0.253879,0.725763,0.997386,793.105,155.064,140.322,44.3676,2.24854,98.4793,75.0123,28.2266,30.8464,8.26418,41,0.310718,1.31943,2.12419,449.631,93.5912,109.809,37.604,1.77638,69.4606,61.0296,20.436,22.7466,4.20093,49,0.334927,0.956198,1.35004,390.73,103.058,111.627,44.7045,2.3387,65.4723,57.0382,19.4612,26.6948,4.90545,48,0.263025,0.942545,0.850302,452.037,92.4005,96.65,52.7842,3.8742,66.1597,56.3334,18.7965,28.3263,8.55817,38,0.385182,1.00126,1.65735,333.828,103.03,108.65,32.3482,1.5662,58.4426,58.3548,18.2167,24.2677,4.6511,52,0.239435,0.841661,1.06187,478.396,112.273,116.201,36.6804,1.47796,71.9479,62.2022,19.8396,25.385,3.96158,50,0.24077,0.798764,1.1824,615,104.82,176.692,197.846,4.96307,84.5938,55.3779,25.3805,37.7018,7.69206,41,0.354131,1.22925,1.34242
decoupled_wbc_h066_p000,1715,fell,86.4,18,44.1229,11.9652,1.18251,1.22649,425.301,72.5772,85.5088,35.9478,1.82996,66.3881,49.3207,17.8503,28.972,4.44617,49,0.295525,1.0375,1.04481,307.726,58.589,45.7654,21.9183,1.99525,49.6091,46.7171,11.9263,17.7579,3.03528,42,0.334464,0.876583,1.38041,476.496,102.164,141.666,50.008,2.27054,68.4397,51.4895,21.749,32.2638,5.10405,37,0.392622,1.24202,1.44208,334.914,72.3053,48.016,16.2635,1.98059,50.8703,47.6499,13.1906,19.4443,3.37029,35,0.338987,0.943852,1.81383,458.359,80.4159,95.5928,26.9635,2.12211,74.0383,52.0778,19.8794,29.0961,4.06626,46,0.307876,0.899673,1.06726,554.911,97.6486,139.602,28.5068,2.37282,80.0388,56.7046,22.7141,32.9102,4.89495,50,0.298462,0.981902,1.13801,541.555,101.195,107.333,23.6994,1.53939,75.7698,59.49,23.8909,33.0802,5.93194,45,0.293735,1.1577,1.59349,584.8,104.72,92.3054,29.1966,2.02279,72.4505,58.5445,20.2412,30.5845,5.81483,37,0.354563,1.34952,2.35698,321.153,57.7587,72.8405,99.1383,3.64384,49.8534,41.9663,15.3867,31.6485,6.3789,37,0.283067,0.864585,1.2741,485.695,97.9217,90.4839,24.5549,1.8516,71.8018,58.4233,19.5616,25.7972,5.07277,44,0.362815,0.963351,1.599,793.934,117.637,131.078,36.8786,1.58461,85.6659,64.5598,24.5374,27.4985,7.02064,43,0.238455,1.09524,1.41673,380.099,97.4431,109.578,35.0546,1.89007,62.8798,54.3058,19.114,22.605,5.72581,48,0.269605,0.886958,1.02936,399.684,110.344,88.6395,70.63,4.27713,67.7706,55.7541,17.0598,27.5425,6.24218,43,0.322064,0.936884,1.06316,382.918,98.2865,96.7539,92.1631,3.94625,62.5261,55.9191,17.1762,29.2041,4.77295,38,0.281672,0.915347,1.17165,902.788,164.617,139.155,190.632,4.04686,104.173,74.2826,26.7642,42.0712,5.93355,45,0.362359,1.10971,2.06329,954.404,192.714,161.846,83.2717,1.66311,99.9901,80.8249,25.9399,34.9354,4.55459,35,0.3799,1.4237,3.30757,1153.52,391.286,205.488,88.2603,2.27385,112.097,98.3023,29.051,35.6449,4.9584,30,0.487936,1.28487,3.58887,1714.42,352.691,427.907,93.5516,7.13086,102.674,72.1126,36.6358,39.8591,12.2373,1,0.519287,0.682383,0.578979
decoupled_wbc_h066_p000,1716,complete,90,18,24.7509,3.12227,0.375358,0.421162,476.654,94.7553,101.262,33.0976,2.38709,68.0101,58.8985,18.2147,28.8673,3.82519,45,0.308952,1.0216,1.34548,332.613,72.3887,62.7904,25.5101,1.57678,49.3765,50.2286,13.5137,23.5374,2.7302,46,0.291728,0.840848,1.28235,394.522,89.6885,94.7001,54.3877,2.11022,64.0025,53.7179,17.8407,29.2796,4.37319,46,0.230042,0.876739,1.15788,382.644,70.6285,74.7569,29.5142,2.49754,54.3787,48.7236,15.0606,23.338,3.56587,44,0.315665,0.89725,1.27556,438.003,103.458,65.4193,25.836,2.01195,64.6444,62.0889,15.2198,23.5273,3.57603,41,0.332257,0.966012,1.95884,343.249,85.0192,93.6059,28.955,2.3405,56.837,49.1891,16.8356,28.5706,3.77819,47,0.275308,0.859762,0.866743,552.217,137.988,119.558,33.2654,1.81767,71.7495,63.5951,19.6298,34.4089,4.63514,46,0.298346,0.889318,1.5179,396.69,77.0832,86.2031,27.4896,1.0941,69.2399,55.5525,17.5948,28.4948,3.79561,49,0.293981,0.931571,1.05302,454.675,78.3885,85.9872,42.4862,2.55031,69.4485,51.6703,17.0425,28.3395,4.52583,40,0.344912,0.960042,1.31137,518.154,105.203,105.505,165.812,4.89787,74.7583,60.8136,19.3183,35.2783,6.66242,53,0.289544,0.944028,1.35489,510.332,119.288,130.767,34.8317,2.05037,77.8909,65.4604,20.1271,29.2468,4.76868,41,0.232947,0.973814,1.65897,511.3,96.5973,90.9373,32.9011,2.09374,72.5569,63.3256,18.526,30.7961,4.27094,58,0.251792,0.848056,1.0431,455.167,124.751,89.6212,49.8425,1.77567,72.0713,63.4672,18.439,27.7057,4.47659,53,0.271817,0.856958,1.16125,226.487,43.1285,53.5104,37.1066,1.2787,31.1586,27.0736,9.31939,14.9256,2.68628,30,0.208035,0.784918,0.708476,362.239,121.19,107.711,41.618,1.8689,57.7244,58.5917,16.6797,24.4991,5.16751,35,0.218683,0.760446,1.13706,267.252,104.311,87.2679,46.739,1.7023,49.1887,52.8778,15.5753,23.7957,3.8391,46,0.153029,0.733837,0.807998,350.04,94.5089,88.4003,37.603,1.86451,59.0819,51.3156,16.991,22.6688,4.06657,53,0.216825,0.805121,0.770214,707.911,124.844,104.961,67.819,1.93331,83.7173,70.9551,22.0823,27.2607,4.71973,39,0.41823,1.42672,2.35602
decoupled_wbc_h066_p000,1717,fell,70.76,15,18.8268,14.7449,2.56017,1.32191,439.246,86.9028,80.1188,22.6925,2.69568,68.0381,54.06,17.8284,24.0596,4.23097,48,0.356373,0.925905,1.07264,383.876,73.8268,67.5897,26.7961,2.58783,58.1988,49.5911,14.6996,19.9872,4.4407,52,0.27138,0.755714,1.07893,364.183,95.273,93.5927,38.9995,1.5997,64.8761,56.1294,18.0287,27.9525,4.8113,53,0.238742,0.8605,0.935069,504.184,111.089,121.721,36.9594,2.13528,72.4356,61.3178,19.9501,30.6087,4.73813,40,0.353587,1.04848,1.87339,501.98,125.187,118.932,29.8946,0.975345,78.7404,70.0616,20.2671,27.8744,3.86705,51,0.226282,0.864415,1.08008,417.655,112.089,108.343,31.5859,1.71953,65.249,63.627,17.8265,22.5184,4.69979,53,0.276382,0.855946,1.16495,623.612,107.116,118.627,130.933,4.4665,77.9174,64.9785,20.3457,29.6509,7.48782,29,0.396538,1.32961,3.03984,421.73,109.326,101.617,35.6029,1.51439,63.8054,52.0392,18.3113,22.158,4.86414,53,0.291646,0.862116,0.906528,831.451,134.107,145.189,34.4777,2.64934,97.2087,73.9356,25.89,26.7512,7.04297,48,0.406838,1.02967,1.98773,538.904,99.0858,93.0368,48.3885,2.52578,68.3008,58.4152,18.1016,22.47,5.99757,36,0.343731,1.12519,1.98586,522.48,125.553,93.3533,76.0872,2.9735,70.6036,66.7849,17.8383,24.6256,6.31015,44,0.317069,0.960263,1.63827,650.668,120.649,133.37,204.924,8.14106,79.1096,64.2883,21.4453,38.0466,10.2855,27,0.415131,1.38359,3.03234,429.557,98.2018,102.92,23.149,1.2442,68.842,60.7951,18.4217,23.7569,3.54753,53,0.279318,0.8528,1.16114,442.563,84.5724,111.263,25.9636,2.65043,63.4831,49.2629,19.1707,22.4906,4.31898,45,0.236709,0.894539,0.97737,2482.21,286.303,237.633,106.221,0.82177,110.134,47.7436,21.2365,21.9425,3.84368,2,0.166412,0.917336,1.31726,,,,,,,,,,,,,,,,,,,,,,,,,,,,,,,,,,,,,,,,,,
decoupled_wbc_h066_p000,1718,complete,90,18,20.0697,4.20546,0.440262,0.245995,401.631,72.6862,100.481,24.5104,2.07977,65.4303,46.2452,17.6987,27.0559,4.2241,43,0.327218,1.09613,1.37279,460.523,100.026,102.356,38.3214,1.72829,63.8844,59.5818,17.7086,27.4253,4.6402,47,0.32594,1.01811,1.6725,504.441,101.523,121.283,73.8071,2.21879,77.6114,63.7179,21.8417,34.5152,5.94315,43,0.33153,1.17616,1.54519,491.53,107.566,122.043,36.0301,1.8849,75.5526,63.6525,20.8067,31.8566,4.71139,47,0.324824,1.00414,1.52939,431.908,120.528,91.2267,34.176,1.90573,70.9301,67.7149,17.3879,26.8965,4.10637,58,0.237295,0.842755,1.15145,358.723,84.3973,70.4805,22.3736,1.86587,57.6147,53.5065,13.9876,24.5646,3.88029,42,0.330372,1.00475,1.70611,499.733,116.391,141.768,82.4419,2.8671,78.66,68.5042,21.5416,34.5805,6.55086,52,0.284907,1.04658,1.47738,487.924,95.2128,120.906,132.692,9.70383,70.5468,57.8694,20.6031,34.677,8.31635,43,0.354836,1.22745,1.62688,466.605,90.6506,97.9526,64.4624,3.51238,65.5703,52.4015,17.7328,31.3726,5.79165,40,0.400982,1.14413,1.49939,511.524,111.928,138.05,60.9225,1.7234,80.9164,65.4225,23.5169,39.4558,6.08411,49,0.330378,1.16452,1.58743,352.829,70.8511,68.495,25.8403,1.05304,56.7181,46.1351,15.2223,22.9995,2.97225,41,0.304379,1.02693,1.1514,417.648,99.5321,108.351,52.9315,1.70561,60.65,60.7796,18.229,32.0043,4.26383,50,0.277389,0.916728,1.34323,426.237,121.518,119.235,31.6146,2.87064,65.0344,58.7643,19.7354,33.0098,5.79868,37,0.3138,0.852351,1.35552,511.45,100.74,114.798,37.8752,1.8186,69.1646,56.3187,19.4868,35.7085,6.09281,35,0.367311,1.19183,1.85683,436.734,107.622,111.003,31.7894,2.82573,73.3444,62.625,21.0192,28.8381,5.45253,51,0.339285,0.992361,1.08766,601.44,125.389,154.5,26.8694,1.75616,90.0196,70.3361,27.0872,31.8505,5.97437,56,0.321476,1.03832,1.45772,735.957,184.174,165.617,40.1115,2.11295,100.674,75.7417,26.8604,36.4911,6.74832,40,0.329767,1.21035,1.98843,1005.37,191.634,192.305,38.229,1.8271,115.298,78.5131,29.9602,44.0553,7.91417,42,0.3324,1.27432,2.26282
decoupled_wbc_h066_p000,1719,complete,90,18,25.3105,3.3861,0.208241,0.273795,369.96,100.634,104.267,30.301,1.87745,65.4147,55.443,17.3643,29.8746,3.78309,41,0.279378,0.988689,1.29638,531.068,125.98,115.381,43.0512,2.00211,78.4823,66.5604,21.0088,39.1539,4.4603,52,0.344414,0.961443,1.15985,377.518,93.7478,88.2437,35.7963,2.00154,58.8659,55.2363,15.6689,30.6463,5.29505,43,0.267281,1.01628,1.4374,467.54,123.866,89.2723,35.7621,2.25064,67.363,68.3818,17.0567,30.0984,5.93877,48,0.247549,0.922342,1.42819,521.006,102.606,93.7719,129.139,16.7479,73.2089,63.2663,18.2186,37.7659,9.3641,44,0.354658,0.933844,1.48641,412.47,82.8515,103.676,40.8262,2.35835,64.9712,50.061,18.6541,31.5668,6.13421,53,0.273847,0.957661,0.947368,346.208,73.6182,90.3898,25.0295,2.89432,57.3127,50.9688,15.8685,23.6956,3.89166,48,0.305685,0.898326,1.0902,598.362,135.382,139.696,36.1638,1.35215,88.9574,71.8048,24.4225,37.0703,5.02823,50,0.319062,1.04105,1.509,423.949,64.426,81.2029,42.6857,1.8272,64.2658,48.2917,15.8769,28.9759,3.49434,31,0.430966,1.09539,1.71012,401.848,90.507,75.6908,29.1785,1.99679,59.8901,55.0546,13.9732,29.2512,4.7514,35,0.343206,1.05404,2.05691,518.619,154.482,118.71,39.8594,2.19149,76.1145,59.1442,19.591,40.1529,6.97294,39,0.335771,1.05119,1.57695,566.202,117.004,87.3479,32.322,2.07813,69.4293,56.3364,17.4579,33.7353,5.92091,34,0.405505,1.51213,2.56512,719.763,125.599,128.969,97.819,2.45311,89.7353,64.0823,23.4072,50.7661,6.84725,36,0.347515,1.37859,2.64528,427.992,99.8606,104.263,25.0435,1.40671,69.3745,60.1533,20.1765,31.3216,4.15734,51,0.34451,1.00241,1.35915,531.49,124.898,119.457,25.6683,1.56339,72.5406,64.9694,20.3477,33.4058,4.78561,47,0.25133,0.945854,1.63249,381.207,79.337,87.6272,25.3639,1.30674,63.7469,47.2109,17.9065,25.6646,3.1481,45,0.356637,1.0389,1.02892,808.339,148.722,131.942,35.7904,1.72123,88.873,69.332,25.0167,30.2602,4.55668,50,0.303148,1.12627,1.98621,618,113.423,135.528,32.2476,2.44517,79.1483,60.0141,23.037,27.6499,4.96677,41,0.272597,1.08384,1.74196
decoupled_wbc_h066_p000,1720,complete,90,18,17.0173,4.32249,0.113417,0.166127,349.689,80.9149,77.1254,22.3739,1.6931,54.0046,49.4249,14.1557,22.6044,3.53677,44,0.351095,0.933682,1.51744,346.458,67.7818,102.714,32.1701,1.80633,58.0505,52.3055,18.1995,24.5118,4.34234,54,0.267117,0.894089,1.07001,433.245,68.8566,94.5965,33.6789,1.26666,64.1129,45.9926,18.042,24.8798,3.95257,47,0.314277,0.968611,0.996635,388.1,104.008,110.771,58.1535,1.12808,63.8592,59.1962,18.351,27.3166,4.33322,46,0.231046,0.914705,1.23459,453.982,116.395,110.842,35.9708,1.81471,71.1095,68.7644,20.2476,27.5852,3.9617,56,0.239428,0.776683,1.07134,382.494,84.7042,98.3296,31.8499,0.890498,62.3445,53.3459,17.6258,22.2747,2.96876,53,0.225529,0.761683,0.862258,401.904,79.0048,80.8743,37.0354,1.99349,61.9005,52.3881,15.4271,20.3522,2.97148,39,0.295056,0.90283,1.27984,443.558,130.98,116.424,53.5443,2.28057,69.0803,63.9486,20.3066,30.286,4.26104,47,0.245691,0.883402,1.20057,460.314,89.709,111.6,39.8814,2.48685,64.7342,56.0079,19.6736,22.3168,6.3322,52,0.275896,0.87801,1.29958,388.62,75.8126,80.165,62.1042,2.12726,55.9969,52.3385,15.1636,20.515,5.02775,43,0.292153,0.865768,1.29087,492.825,139.421,124.544,29.8947,2.18185,72.8051,67.9896,21.5166,22.7918,5.67632,55,0.231084,0.769331,1.02361,354.577,83.7174,87.5806,24.4815,2.40215,62.2971,52.0528,18.1837,20.5227,5.18823,54,0.228131,0.87111,0.873199,488.065,118.913,108.062,28.1937,1.83736,67.8799,64.4712,19.2643,23.4109,5.71784,57,0.260219,0.753709,0.97681,428.032,74.7156,66.9713,120.201,4.69109,62.6492,52.5207,15.414,26.6096,6.65082,33,0.407456,1.13529,1.80952,461.938,92.8909,85.9156,27.8789,1.62025,67.6265,54.1259,17.6385,23.4646,3.64055,43,0.325997,0.980994,1.28276,435.05,92.2255,70.4814,27.108,2.14039,61.6412,58.4455,14.6518,24.3365,3.46715,40,0.355645,1.03229,1.7289,405.428,86.3804,60.33,23.476,2.60705,62.2125,55.1354,15.0894,23.9976,4.06917,38,0.364867,1.07585,1.73235,691.018,214.142,191.735,43.4229,2.11475,86.2676,72.6645,27.5748,37.4106,6.04439,47,0.334703,0.956004,1.15763
decoupled_wbc_h066_p000,1721,complete,90,18,28.1708,2.89603,0.139584,0.21992,520.146,96.1352,77.3037,25.1918,1.30885,77.0902,58.6763,19.9862,28.8737,3.76872,62,0.283493,0.770317,0.874869,451.585,92.7973,69.1507,24.4706,2.26934,63.1274,62.7298,13.6867,26.2286,3.7661,47,0.36373,0.926087,1.69411,483.812,92.6511,86.2284,23.6411,2.71296,67.1597,57.3607,16.8949,25.5674,4.12673,48,0.244795,0.945699,1.20616,396.693,105.028,93.831,49.9136,2.41823,64.2457,58.7129,17.3578,26.3237,4.20327,43,0.286426,0.907974,1.25433,482.518,97.3301,95.6347,31.8046,1.36284,67.6257,61.1817,17.1595,24.8428,3.17307,51,0.270444,0.879624,1.20203,435.727,107.611,123.111,23.8352,1.85577,71.771,56.5858,20.891,23.7015,3.96941,50,0.319227,0.987352,1.00753,338.161,83.499,77.2286,27.5213,1.5559,55.5743,53.6985,15.2054,17.6474,3.1712,48,0.238967,0.791776,1.21057,494.601,151.216,115.648,30.6639,1.4993,77.1014,71.6093,20.8795,25.8122,3.59037,52,0.274519,0.93256,1.28996,2228.8,250.736,289.362,94.1425,1.88074,151.228,85.4493,38.9196,49.834,4.56098,37,0.322703,1.18436,4.66516,339.956,73.9767,83.0267,45.3778,1.85925,55.9461,45.4631,16.1156,23.7915,3.16151,48,0.254612,0.831922,0.672056,433.168,144.939,108.598,75.7255,2.59962,70.9551,70.9566,18.4738,32.1854,5.04962,51,0.246926,0.839042,1.22522,444.282,106.036,102.883,34.5901,1.85479,68.0599,62.3666,17.9123,26.7753,4.33349,50,0.256854,0.746837,1.05193,1437.62,482.874,226.216,207.097,13.3648,137.919,123.163,33.743,74.0481,15.4478,26,0.29534,1.47488,5.83394,550.722,77.8452,84.7545,40.1428,1.74345,71.447,54.5839,16.4507,22.5207,5.28629,33,0.443256,1.23414,1.87635,433.779,108.234,81.5581,32.7018,2.22518,64.9499,61.4419,16.4378,21.4002,4.12245,47,0.311487,0.90643,1.4789,439.273,125.275,121.669,46.4888,1.43822,65.5094,62.3146,19.1741,25.5432,5.28091,43,0.225527,0.88933,1.24448,401.81,78.6804,69.9923,43.0695,1.55961,61.7316,50.9354,14.113,23.9188,4.32908,45,0.257071,0.805397,0.932452,613.411,195.146,102.266,46.809,1.71116,83.3072,80.7796,21.2388,33.5815,6.04702,43,0.284365,1.04685,2.10057
decoupled_wbc_h066_p000,1722,complete,90,18,30.9679,3.31526,0.20958,0.128139,373.114,87.3389,114.39,26.1504,1.89159,61.4667,54.2992,17.9643,29.8279,4.21657,46,0.259399,0.980825,1.07224,523.892,102.866,122.237,40.9666,1.18551,74.5497,56.0283,19.9624,34.5549,4.28472,41,0.385695,1.04822,1.55381,446.274,103.863,114.729,127.946,4.13314,71.2719,59.2675,19.5537,34.6403,6.19325,47,0.318846,1.11628,1.25821,387.46,100.603,108.847,58.1257,2.83174,60.4416,59.3051,17.6554,25.8224,6.84332,54,0.221025,0.767999,0.880636,422.197,97.8578,123.3,39.422,1.88576,66.0333,56.4193,19.2284,24.0735,6.22926,52,0.245767,0.797249,0.841399,396.53,118.084,91.6172,38.9918,2.11636,63.9104,61.8171,16.9366,23.8783,6.03159,54,0.276016,0.714186,0.841545,353.033,95.5491,98.7413,103.695,4.7871,58.0007,55.5145,17.3457,27.4309,8.59445,46,0.222078,0.794915,0.808884,656.854,151.747,141.607,49.1167,1.72298,73.5523,65.2242,22.3494,24.5715,5.13899,50,0.184228,0.835212,1.30869,465.853,121.298,120.698,33.4852,3.13828,68.9711,59.8502,18.253,20.7669,6.02009,47,0.295859,0.870876,1.16056,585.796,109.594,125.134,25.2913,2.43218,81.4097,67.7309,20.5365,27.2626,8.30023,35,0.403745,1.32318,2.76456,407.764,83.8518,94.9045,30.8699,2.13935,60.7024,49.7395,16.6666,21.9597,5.87401,43,0.23045,0.924138,1.2026,416.244,114.105,107.406,35.0799,2.80153,65.1566,66.2745,18.3482,27.7205,6.09109,61,0.250543,0.798629,0.994672,572.418,127.825,113.152,51.6861,2.33481,78.4207,60.328,20.0649,29.494,6.79307,47,0.319241,1.06424,1.26018,515.938,158.37,121.682,29.894,1.73798,77.6929,67.0439,22.6176,25.3208,6.25324,49,0.349903,0.99438,1.25837,562.067,141.651,131.93,35.4819,3.11412,77.0624,64.4976,20.5298,25.687,6.60023,53,0.313297,0.965574,1.34775,356.854,88.1482,85.0521,29.2365,1.42102,56.8555,56.0633,15.395,18.4512,4.07654,54,0.256746,0.788166,0.96714,1740.71,491.102,325.694,165.957,16.169,147.343,123.214,43.9497,56.6395,19.5016,29,0.433737,1.17494,5.49422,542.923,112.751,120.749,109.13,2.5173,75.0615,65.9804,20.6968,28.4415,5.24955,51,0.28489,0.948366,1.10362
decoupled_wbc_h066_p000,1723,fell,70.82,15,19.9652,7.80583,1.0041,0.688268,465.392,82.6918,84.7438,22.2212,2.35917,67.8261,52.4168,17.6303,27.9563,4.25892,40,0.300647,0.984816,1.63488,466.013,94.7602,66.4546,24.5995,2.70563,64.5413,57.4438,14.4992,27.7915,4.67403,39,0.352112,1.11903,2.14198,299.797,61.4384,67.4368,23.78,2.73583,50.7858,44.7517,13.5714,25.3044,4.30137,43,0.313528,0.874053,1.11766,463.964,80.2314,79.8655,27.4649,1.89491,67.5527,52.0519,17.9823,32.3546,5.05073,42,0.330394,1.0934,1.37179,356.343,90.2413,98.373,59.7544,2.10043,59.6863,51.6309,17.094,32.5462,4.88453,46,0.272822,0.927184,0.896408,409.357,90.1183,91.4638,34.9438,2.51203,64.6505,57.3607,16.6501,30.6524,4.80836,45,0.239065,0.896037,1.26749,584.36,102.318,85.17,34.3574,2.48832,71.2331,63.4627,17.5944,32.9631,5.3669,48,0.27176,0.890963,1.55632,389.43,73.2852,89.1741,26.2256,1.68022,68.5718,48.2823,17.6389,28.6149,4.91076,44,0.392084,1.23272,1.43341,432.415,90.1476,99.2931,30.4846,1.25817,64.0991,57.1881,18.345,21.9316,4.65271,47,0.291965,0.957517,1.52453,787.749,140.144,141.923,43.8228,1.65567,83.7753,62.3849,24.0813,32.8326,5.6473,45,0.313106,0.957788,1.68376,448.749,89.6236,120.141,24.9619,1.72388,69.9876,55.8223,19.7792,24.1428,3.48068,48,0.318694,0.918917,1.16548,410.865,115.173,120.826,32.8871,2.03146,64.9488,62.6753,19.3784,26.6324,3.79071,45,0.265044,0.800612,1.19876,902.76,169.691,152.37,53.8248,1.78636,106.719,82.5161,26.7856,37.8939,5.95443,39,0.462675,1.24655,2.37982,431.992,94.8007,126.695,65.2809,2.37389,70.1322,57.0866,19.6458,26.4492,5.26468,50,0.320922,1.0416,1.22149,2130.49,405.138,363.669,51.7214,1.6896,110.392,61.0904,28.9493,25.6596,5.33853,1,0,0.866326,0.309021,,,,,,,,,,,,,,,,,,,,,,,,,,,,,,,,,,,,,,,,,,
decoupled_wbc_h066_p000,1724,complete,90,18,21.5951,3.80995,0.326367,0.109322,400.577,81.5737,95.6364,34.2217,1.79252,63.8845,52.747,17.2623,30.5677,4.47526,44,0.284675,0.947155,1.3037,455.671,102.374,123.056,33.4811,1.88789,71.0895,57.8814,18.4905,33.8149,5.64768,48,0.331999,0.978763,1.31753,455.058,106.246,95.3519,39.4687,1.83978,69.2598,64.4417,17.4486,34.0045,6.06792,39,0.279338,0.955199,1.76495,396.461,87.75,72.7687,52.5391,1.55418,56.3869,57.2265,14.2872,30.2528,5.42251,50,0.271752,0.834231,1.25533,479.925,116.982,107.487,42.041,1.88702,74.3842,61.8111,19.4425,35.9236,5.43139,43,0.302719,0.991579,1.20093,527.723,106.855,138.348,39.6181,1.58691,75.9169,61.392,20.3143,35.3088,3.50637,43,0.394338,1.06044,1.79671,497.076,112.274,143.002,74.49,3.09649,73.3954,57.8818,20.5634,37.5927,5.17271,45,0.343024,1.01307,1.38525,485.463,103.109,74.0993,113.8,5.14757,62.7161,56.5841,15.4623,33.4001,6.15014,42,0.296776,1.00794,1.4659,641.781,130.973,96.7117,51.3426,2.30445,79.8631,68.3237,19.3395,36.0231,6.17621,37,0.377796,1.3889,2.54292,477.037,157.107,124.673,46.6415,1.90856,71.4061,68.8239,19.1036,35.3335,3.98116,49,0.226522,0.853626,1.44716,429.424,110.725,100.082,47.2316,1.33454,66.8358,62.5746,16.8926,36.4781,3.81898,46,0.283563,0.863647,1.07174,332.9,70.9877,53.3235,32.8302,0.847748,47.9313,45.7775,12.1851,23.587,2.35318,46,0.229008,0.736715,1.00443,400.755,80.6405,82.9741,40.1418,2.14212,62.5186,52.6224,15.8916,30.245,4.26131,48,0.233408,0.788211,1.20911,617.649,96.171,115.504,50.8955,1.65049,78.9269,56.0677,20.1538,33.9452,4.58952,34,0.303503,1.27551,2.41045,551.154,104.169,90.1553,76.2808,6.07872,64.0665,56.1228,16.2155,33.902,6.2788,40,0.23254,0.969889,1.68791,408.679,77.8445,95.1376,36.5024,2.73336,59.7544,49.1782,16.3122,25.6658,3.65302,44,0.253342,1.01122,1.13741,787.25,144.21,149.101,106.393,2.78572,87.6988,72.4309,23.162,43.5936,7.6165,50,0.24772,1.1293,1.38384,580.632,97.1769,104.815,113.109,4.35271,81.1354,58.5948,19.0942,41.178,7.01311,42,0.338963,1.09157,1.28761
decoupled_wbc_h066_p000,1725,fell,66.06,14,24.1438,10.5249,2.39877,3.7312,365.922,59.0549,79.9948,36.1311,2.1126,63.6182,45.2011,17.8732,28.0883,4.05476,49,0.238,0.930682,0.915452,520.204,101.686,96.868,35.136,2.92727,77.3564,64.254,19.6602,35.72,5.04701,51,0.32408,0.983354,1.29132,359.135,87.2687,79.1818,30.0656,2.32199,56.3103,52.9886,14.7709,23.6359,3.50273,40,0.325753,1.01065,1.53541,486.118,101.362,98.3247,32.0164,3.26045,70.1299,58.8438,17.831,30.7756,4.47684,45,0.240696,0.987258,1.23189,629.588,120.505,111.587,112.451,11.801,90.4162,66.9005,22.7815,45.1389,9.50923,45,0.312457,1.21579,2.00178,448.711,80.0006,93.9604,111.466,9.815,68.2242,54.9914,18.4178,25.6891,7.53385,49,0.355062,0.960733,1.41783,392.931,100.615,98.636,37.9327,1.78188,65.464,59.6044,18.0676,26.3434,4.21651,48,0.244157,0.921056,1.11542,441.767,89.5611,107.109,29.9298,1.61032,67.7519,50.918,19.2779,26.7642,4.44852,38,0.414377,1.07938,1.35183,481.319,106.13,111.008,32.4133,1.70698,72.1154,62.8552,20.9682,27.587,5.38742,52,0.29158,0.872684,1.25383,366.32,90.7082,86.7583,28.7129,2.07955,54.5125,53.8858,15.6643,20.302,4.08776,46,0.261846,0.779748,1.12828,949.016,251.319,153.073,64.9181,3.12716,109.355,81.5638,27.635,47.3332,6.18744,37,0.335085,1.28321,2.70421,636.628,115.897,102.153,42.4059,2.28896,81.4284,68.7093,19.4354,30.344,6.0689,39,0.410521,1.10966,1.72502,561.797,103.458,118.562,33.0284,2.19275,82.0626,62.1566,21.7714,33.3804,6.13645,43,0.311339,0.989038,1.6367,2575.92,198.068,260.102,44.9863,1.77247,83.698,40.5267,20.4854,23.2888,4.18112,4,0.128979,1.5516,17.1362,,,,,,,,,,,,,,,,,,,,,,,,,,,,,,,,,,,,,,,,,,,,,,,,,,,,,,,,
decoupled_wbc_h066_p000,1726,complete,90,18,20.572,3.36783,0.262978,0.106571,475.993,91.8888,95.3712,28.8357,2.3121,69.9914,58.2034,17.719,31.7577,4.61418,46,0.297492,0.949218,1.36425,392.151,79.5901,100.111,29.1852,1.95239,61.2843,52.6903,18.0626,29.5744,6.01039,40,0.328868,1.0054,1.18651,265.287,68.1754,72.4833,23.0253,1.5486,45.1547,43.9958,13.7959,21.6351,4.27128,44,0.21705,0.806575,0.939398,457.852,110.771,111.577,34.3494,3.05236,71.7043,64.4458,19.6364,30.2327,5.13955,51,0.276857,0.891558,1.36497,395.836,77.7435,91.7106,66.7951,3.51007,61.7426,42.5261,16.564,24.4329,4.94009,50,0.301666,0.791982,0.678091,352.439,93.4265,107.523,33.112,1.41133,58.9963,54.3657,17.6033,29.1829,4.9063,45,0.235253,0.860423,0.997556,468.957,107.525,128.12,36.5838,3.34629,71.9139,59.7372,20.2697,30.852,5.2068,49,0.29874,0.956212,1.28461,444.873,97.347,59.1388,17.1963,1.92066,63.6253,61.6255,13.9619,17.1892,3.42505,52,0.307749,0.819272,1.44434,628.859,117.962,113.553,25.2507,1.86063,77.3417,61.561,21.2923,26.4437,5.84581,38,0.419346,1.47518,2.30385,448.327,115.592,131.344,61.5012,3.44256,68.582,60.0953,19.8234,34.3585,5.36865,46,0.370154,0.941304,1.22715,539.264,119.774,114.329,38.2337,2.19545,75.1363,63.7714,19.279,32.3339,4.76093,54,0.296861,0.943845,1.1749,504.554,101.587,79.054,34.4721,2.11733,79.0372,64.1898,19.2927,24.6654,4.04489,65,0.285581,0.737077,0.923598,484.272,104.78,92.922,34.4733,1.88376,65.9532,64.4584,16.3047,28.7497,3.65858,41,0.329984,1.00666,1.68985,615.356,193.462,164.105,44.8552,1.35732,88.7323,73.2474,25.079,41.0238,5.82,43,0.303644,0.992612,1.71295,552.426,114.716,114.874,40.4799,2.72196,76.7027,66.0038,19.8279,33.5232,4.42148,52,0.352018,0.999599,1.68202,597.941,115.609,125.006,162.613,8.50427,75.3309,61.9645,20.9014,45.4797,8.74296,51,0.276198,0.819772,1.34469,564.585,110.225,139.449,77.5529,3.80576,76.1049,62.0584,20.9778,38.4273,6.85398,44,0.333778,1.16219,1.71738,523.497,119.02,114.117,26.4335,2.29594,77.4479,67.7323,21.9859,34.4441,5.82566,50,0.285108,0.926975,1.27633
decoupled_wbc_h066_p000,1727,complete,90,18,18.6276,2.77812,0.132181,0.101671,425.639,82.2643,82.4648,20.4957,2.10744,64.9612,53.16,16.9109,23.946,3.62,43,0.313881,1.14698,1.63071,416.999,106.475,92.7296,37.8041,1.55777,67.6982,62.563,16.9965,25.7347,3.7555,53,0.266128,0.795815,1.11295,409.864,106.219,99.723,41.387,1.43005,65.8957,55.1673,18.1131,25.6007,3.89963,42,0.294121,0.922374,1.25623,486.6,100.894,81.1078,34.5491,1.38374,67.7728,64.0348,16.501,23.2836,3.68883,37,0.328141,0.965762,1.7196,454.393,108.684,116.229,89.1751,3.17211,67.7029,58.434,18.7483,27.2943,5.34272,39,0.285063,1.06435,1.44934,407.537,95.6361,89.5872,41.8273,2.34187,67.4621,57.1212,17.5677,22.2578,6.76333,53,0.27713,0.838848,1.09385,410.071,91.9929,97.959,36.8529,1.5239,62.9236,55.7704,16.6306,23.2149,4.31767,56,0.226906,0.780905,0.778876,387.856,105.071,112.847,31.7304,1.7016,62.1317,57.9848,18.9269,24.1513,3.88395,57,0.244286,0.844837,0.996091,463.107,100.283,94.1246,48.7484,2.03963,62.7511,60.0828,16.2737,23.7259,3.862,41,0.281417,0.93629,1.55218,494.028,130.845,89.0094,56.9266,2.69374,73.3666,65.2832,19.0548,26.0763,4.41818,49,0.243945,0.915121,1.24412,290.919,101.723,97.8333,41.7749,1.30513,51.6803,55.7942,15.798,22.3863,2.57836,51,0.174021,0.771081,0.76101,352.466,89.0376,102.254,45.4634,1.50819,56.4858,49.2079,16.9672,23.3796,3.37994,48,0.206768,0.871899,0.697791,656.825,138.844,104.031,46.5366,1.79583,68.702,60.3724,19.5918,24.3777,3.39353,46,0.236871,0.936996,2.20907,865.051,172.847,150.953,53.9623,2.62633,98.8965,70.1129,25.1303,43.7519,6.24393,43,0.335431,1.19492,2.07478,605.207,132.994,94.0023,132.119,3.71581,84.4988,69.4334,18.9658,45.1626,5.3965,43,0.271909,0.952243,1.83649,406.139,111.504,92.6407,36.3044,2.71926,59.8207,54.6148,16.419,31.8055,3.85162,45,0.278113,0.885264,1.09834,613.99,186.194,140.174,47.6689,1.21869,82.6051,80.3382,21.2112,35.7833,4.71511,54,0.265674,0.893848,1.43692,583.043,168.897,108.502,53.0975,2.53961,81.8546,69.3042,19.8309,33.069,5.45597,41,0.335824,1.0851,1.70529
decoupled_wbc_h066_p000,1728,complete,90,18,24.3197,4.01322,0.295461,0.313973,389.962,86.7827,83.9538,30.6559,1.9321,65.247,54.7935,18.4443,30.8768,4.04178,58,0.250467,0.787109,0.854644,428.926,88.2921,102.136,31.0975,1.82432,71.8621,58.9737,18.4318,25.8169,4.96842,45,0.317638,1.02028,1.48386,415.826,112.38,124.107,84.0979,2.50169,66.4518,60.0312,18.6556,24.6441,5.08086,43,0.268106,0.959498,1.25747,464.286,74.6414,64.8604,27.5834,1.46522,63.9915,50.681,15.9646,20.333,3.5191,40,0.353823,0.932009,1.42371,441.478,87.8542,113.017,87.2927,2.46713,65.2051,54.3863,18.6807,28.1677,6.30894,40,0.335648,1.13785,1.29549,331.051,73.3156,45.2862,11.8886,1.58425,49.7265,47.3278,12.0338,18.2584,3.73634,37,0.335231,0.936245,1.70911,431.144,101.333,99.0729,90.4117,2.71855,68.0567,59.4297,18.729,27.1243,5.552,51,0.254504,0.786649,1.13102,416.255,114.992,92.3403,35.3338,2.17695,61.4926,59.3571,18.586,25.401,3.32564,53,0.236576,0.769101,0.981437,508.256,90.0164,80.6394,54.8383,2.3953,66.6249,59.0414,15.5826,26.1329,3.77581,33,0.336263,1.20591,2.02273,479.929,108.325,87.8938,47.0494,1.28325,77.1916,63.3865,17.9776,27.9202,4.77785,44,0.392986,1.07886,1.55493,932.97,207.296,146.608,32.5422,1.903,102.153,82.7557,26.673,34.852,7.61376,59,0.290216,0.804087,1.47479,633.314,117.428,96.2904,41.754,2.19981,78.2069,65.3286,21.6216,28.1798,7.3009,32,0.421818,1.32816,2.33199,304.706,80.0835,72.5182,27.944,2.99599,51.6694,53.4742,13.9067,19.1316,4.46564,49,0.25855,0.74756,0.99229,493.8,107.374,113.065,25.7728,2.24948,73.0332,65.8749,20.8083,26.8665,7.57692,52,0.253051,0.824215,1.21304,458.571,106.423,136.333,135.542,18.6715,66.6471,66.7025,21.4563,40.4416,16.9035,39,0.336713,1.02284,1.30727,619.512,140.318,128.679,200.263,9.58678,82.7346,72.3491,22.9393,36.877,10.5291,40,0.358238,1.29437,2.66133,407.494,93.5393,127.057,30.5193,2.05272,67.6803,60.7859,20.7026,24.9078,5.54424,50,0.242939,1.00666,1.20663,336.849,76.2548,93.7378,29.9387,1.5452,58.4709,51.0324,16.9812,22.6832,4.92751,43,0.268602,0.937357,1.15357
decoupled_wbc_h066_p000,1729,complete,90,18,18.2783,2.37404,0.80192,0.662642,471.47,81.0928,106.978,22.0231,1.59336,70.2117,52.9655,19.9799,29.3214,5.01454,45,0.322757,1.01926,1.3453,495.391,98.7153,108.784,23.2138,1.56184,70.529,58.8828,20.0778,27.759,5.16415,43,0.374815,1.11989,1.39038,495.421,80.4067,84.0119,123.874,5.65197,70.8945,51.7779,17.1452,29.208,6.01028,42,0.355197,0.947907,1.1016,392.012,78.272,84.7559,35.8538,1.91345,63.6493,52.1391,18.4183,22.8703,4.88507,46,0.352453,1.02738,1.11626,461.395,92.4774,100.285,28.3477,1.15016,68.8365,60.0514,18.4437,20.1111,4.09977,47,0.264568,0.845299,1.34943,465.07,116.274,107.66,40.5948,2.07696,66.8243,57.2337,19.8087,26.7669,3.94168,42,0.361354,1.09922,1.30447,353.628,88.0279,91.3259,32.8729,2.03417,62.2077,55.5923,18.006,26.7179,3.94085,55,0.262807,0.831941,0.851404,447.433,81.0088,72.5564,48.4145,3.20257,66.4794,54.1614,17.7923,31.1434,5.1607,52,0.301956,0.889337,1.37968,589.382,114.349,117.8,43.0344,1.66922,74.6683,60.4064,21.3789,28.442,4.63788,56,0.264198,0.92485,1.04633,378.781,86.0492,77.921,38.0192,2.15379,63.1781,48.0219,16.9807,20.8848,4.48484,46,0.246888,0.850145,0.888888,458.895,98.5748,107.713,132.263,18.0805,62.5756,58.3171,18.5977,48.2443,13.6362,38,0.324535,0.992691,1.51451,486.908,132.637,110.05,36.2038,2.56655,75.1389,71.1539,21.2192,32.4408,5.29131,63,0.2481,0.756635,0.812379,445.69,121.63,99.5327,29.0044,2.85986,65.3659,68.6098,17.5662,27.8562,4.5565,52,0.24833,0.78509,1.20149,549.923,129.92,154.115,108.831,2.69594,78.6386,62.5669,24.3158,40.6361,6.15929,40,0.323645,1.15181,1.8111,734.844,160.002,104.663,36.4216,1.90793,84.048,76.0954,20.9609,32.6323,3.9986,37,0.355424,1.24076,2.64953,419.125,89.7158,94.0917,28.6381,2.41764,64.9437,59.5991,18.5316,27.8955,3.45594,49,0.258722,0.845945,1.02651,324.124,64.3929,67.5239,30.307,1.58851,54.7709,40.6621,15.406,23.6261,3.03758,58,0.226433,0.794808,0.587858,876.316,172.43,169.409,41.5345,2.79816,104.294,79.2803,31.7297,42.4528,7.8273,43,0.324625,1.30689,2.10291
decoupled_wbc_h066_p000,1730,fell,56.74,12,34.1423,17.6235,0.979964,0.387193,503.97,121.403,126.784,30.4219,1.73916,75.1057,63.4217,21.4464,35.4298,5.02472,41,0.331496,1.05953,1.79569,494.334,111.314,112.937,33.3027,2.39928,78.4111,66.044,22.4311,28.8044,6.02732,53,0.317005,0.981208,1.35945,424.319,79.7739,76.0603,26.3774,1.36766,60.7598,54.1031,15.1283,20.8831,4.33121,47,0.289232,0.901252,1.39783,444.485,84.5479,119.757,28.7176,2.55985,65.5732,52.0778,19.3135,27.7971,4.67971,46,0.349512,0.990299,1.15885,395.079,76.9417,80.766,30.6488,1.73455,66.0362,52.24,17.5268,27.6246,4.82283,49,0.306056,0.976558,1.07643,475.951,109.699,105.389,67.2981,8.53177,72.7697,59.8031,19.1716,34.0243,8.17471,42,0.275075,0.981472,1.42264,451.537,120.28,94.659,36.2781,1.85019,68.9099,63.1698,18.7121,26.5677,5.02646,41,0.304682,0.885491,1.46176,432.19,109.686,79.9415,31.2989,1.80737,64.948,64.588,17.0064,26.3648,4.578,48,0.291846,0.867655,1.19518,342.847,94.22,82.7316,28.7906,2.32019,62.1468,56.3153,16.6418,23.4975,4.1958,49,0.203513,0.88671,0.877494,455.827,100.476,102.037,25.701,2.35493,67.6736,58.1048,18.7084,27.0689,3.80416,46,0.267795,0.947783,1.38132,1079.23,176.814,157.513,41.0201,3.25026,97.4341,75.6007,23.3701,37.0471,4.37186,36,0.341425,1.22583,2.97855,4260.38,816.344,581.647,111.04,3.57218,218.584,115.273,62.796,85.9838,13.5939,4,0.345638,3.02685,56.7391,,,,,,,,,,,,,,,,,,,,,,,,,,,,,,,,,,,,,,,,,,,,,,,,,,,,,,,,,,,,,,,,,,,,,,,,,,,,,,,,,,,,
decoupled_wbc_h066_p000,1731,fell,70.52,15,17.4623,10.5559,0.609208,1.91608,505.705,105.168,89.9041,38.8001,2.38573,81.5115,64.2673,19.9754,29.3459,5.6736,53,0.271788,0.86187,1.19562,367.288,78.8332,68.2059,22.686,1.45954,56.1329,50.5357,14.2901,22.5928,5.11332,40,0.357301,1.03987,1.71521,395.289,107.037,98.183,58.4488,2.35807,64.6695,59.47,17.2475,27.4456,6.24788,49,0.247501,0.942563,1.22355,322.366,94.0305,99.5764,40.2493,2.62254,56.7231,54.074,16.7977,26.6156,5.07667,59,0.239162,0.845745,0.852376,440.791,112.44,99.8517,42.0654,2.36151,67.7891,61.8822,17.0827,25.1211,4.80097,48,0.278844,0.907264,1.38626,410.331,98.1212,113.035,51.7971,1.64172,65.2095,58.7231,18.2811,30.2895,4.90994,46,0.324452,1.02471,1.30046,309.846,74.9225,80.5192,31.6012,2.41686,57.868,48.0893,15.0764,23.1838,4.65144,50,0.256842,0.877304,0.889039,446.688,115.681,163.241,115.682,3.80043,66.9063,56.0122,20.1405,40.0424,8.51406,43,0.30817,0.998831,1.24215,898.448,229.831,176.247,55.285,1.93134,100.248,77.2708,27.5179,38.8593,6.66,41,0.250306,1.02053,2.40487,302.332,71.3974,77.9487,25.9529,1.27303,54.8766,46.5094,14.973,21.5228,5.35737,48,0.274773,0.89193,1.00142,486.275,143.57,141.305,36.7326,1.91,69.7474,63.0289,19.4313,25.4867,4.8062,37,0.314272,0.953503,1.91643,430.573,93.4613,80.3546,24.0352,1.28447,64.2431,54.232,17.6941,17.8077,4.46468,43,0.31114,0.895023,1.3928,565.682,123.143,81.0465,31.5739,1.18328,71.3238,65.3363,15.8125,18.5333,3.36802,36,0.385487,1.21905,2.18998,274.125,73.7467,95.3287,36.9156,1.39456,48.8931,46.8617,15.9473,23.236,3.15611,51,0.15785,0.70657,0.768834,1578.11,100.241,106.313,21.6494,0.727488,66.7646,18.9031,14.2631,13.5856,2.22515,0,,,,,,,,,,,,,,,,,,,,,,,,,,,,,,,,,,,,,,,,,,,,,
decoupled_wbc_h066_p000,1732,fell,85.8,18,28.652,3.1626,1.60887,1.08978,306.249,68.4895,91.4466,19.2295,2.2983,53.6125,45.8114,15.5114,24.3154,3.89161,47,0.283773,1.02355,1.05889,343.466,62.6192,100.857,48.6917,1.42446,58.6872,47.4765,17.6492,29.9456,4.48875,49,0.273848,0.899991,0.892596,372.075,78.2879,95.8142,28.794,1.82406,59.9475,47.9452,19.1645,26.7841,3.99995,43,0.310199,0.979584,1.0116,558.541,106.555,101.151,29.833,2.35731,75.2853,64.6354,19.2853,27.9102,3.98697,44,0.3235,0.949186,1.87618,417.545,99.3882,115.353,34.6201,1.54346,70.3659,55.0678,19.2154,24.3672,5.05343,46,0.324941,1.01047,1.09986,445.117,108.16,86.7185,108.135,4.79443,70.4469,60.8791,18.7575,33.8419,6.38701,57,0.189887,0.829147,1.06721,421.513,98.8785,114.233,58.2595,2.41226,69.3476,54.9742,19.1268,23.9522,5.81721,40,0.298875,0.947885,1.21378,502.193,96.4387,105.366,30.3313,1.46426,72.1397,62.5546,20.5377,21.3567,4.40996,50,0.265084,0.889266,1.36045,398.452,93.7878,83.6362,31.5922,1.86524,61.2097,53.4493,16.6239,19.3526,4.26271,49,0.243052,0.831814,1.01071,424.645,97.5767,112.536,85.2556,2.59672,62.3995,54.6446,19.274,26.3861,5.3543,47,0.262844,0.912998,1.05366,347.434,72.1981,94.4742,35.7309,1.33816,55.7913,46.9206,16.3099,20.2321,3.09735,51,0.252137,0.90124,0.872483,651.702,127.544,103.249,50.7303,1.89584,89.3985,69.4427,23.0127,27.6074,4.21582,43,0.428128,1.03152,1.66747,399.766,99.8041,95.5259,32.3101,2.77792,63.1991,61.3814,16.901,21.6543,3.37889,53,0.274594,0.852842,1.12089,1007.99,221.406,179.61,36.7012,1.8473,111.255,89.5072,29.8387,32.4775,4.79602,42,0.262835,1.52391,3.24553,507.283,116.605,89.926,22.5738,2.3756,73.096,58.8129,18.2336,22.5452,3.16266,51,0.339227,0.94047,1.26253,446.1,116.093,111.934,21.9995,2.17525,67.0287,65.4115,18.8584,22.0828,3.76719,50,0.274738,0.924211,1.36247,471.324,109.645,94.8652,37.6858,1.55278,74.0919,62.8856,19.207,26.8561,3.2757,51,0.251815,0.935099,1.1188,2502.1,359.355,435.534,139.676,7.95365,102.556,44.8484,28.1571,40.9886,12.746,2,0.188683,0.807038,1.81409
decoupled_wbc_h066_p000,1733,complete,90,18,22.6511,3.3378,0.524428,0.154059,432.753,101.947,110.36,21.2195,1.75033,72.0101,59.2779,19.8642,29.6983,4.74083,49,0.288571,0.936793,1.10438,383.255,71.4565,119.708,24.6083,2.00543,64.7085,46.455,19.7094,27.9393,4.27741,50,0.29923,1.07481,1.16676,326.139,66.0696,76.4866,29.2574,1.85868,57.6839,49.6311,16.4849,22.3154,3.11853,49,0.264105,0.835375,0.816084,366.119,89.8978,94.9476,34.7939,1.67126,61.4439,56.6155,18.4175,24.2918,3.76604,44,0.30803,0.950085,1.10675,390.503,192.489,136.509,47.6451,1.76662,72.5784,69.9023,21.4105,30.4387,4.13047,56,0.170435,0.832977,0.912922,495.999,99.1101,93.6722,41.1847,2.33021,69.9243,60.2352,17.3497,28.7448,3.22009,39,0.36292,1.14093,1.92388,382.418,110.014,93.547,40.1649,2.44568,64.1139,62.1626,16.9191,26.5751,3.49206,56,0.255819,0.837202,0.988417,372.832,109.478,96.8484,43.3654,1.18288,59.8797,60.8374,17.0178,29.3293,3.3433,49,0.231511,0.814982,1.1502,331.825,82.5864,86.7767,36.2734,1.92573,59.9035,51.7215,16.5574,25.7396,3.51855,47,0.255867,0.873759,0.976698,394.156,92.4119,90.6091,30.3595,2.78444,67.8559,60.092,17.4392,27.3635,3.56549,43,0.332727,0.930742,1.39838,558.912,108.961,123.569,33.1844,1.47622,74.8299,56.3149,20.6908,26.8162,3.62727,44,0.327937,0.975712,1.26725,827.915,150.559,123.678,41.2268,1.54709,96.4569,72.7997,24.0429,34.3839,5.13374,30,0.318748,1.85873,3.83209,467.592,88.8032,82.6968,29.6207,2.08314,70.3439,54.5802,16.9524,23.7886,4.15732,52,0.324845,0.942087,0.996706,732.484,202.724,168.9,126.224,19.2005,98.0654,73.1039,29.2033,47.1386,19.2711,42,0.399805,1.10195,2.02441,483.197,115.729,117.134,40.2777,2.30259,68.2454,66.1287,18.0027,20.9783,3.99936,49,0.297729,0.880242,1.40687,457.919,123.767,159.852,173.996,3.37277,68.157,66.2548,20.8074,32.5609,6.13203,48,0.222519,0.837221,1.1776,412.376,110.316,89.235,37.495,2.30715,69.328,61.1828,19.265,22.3497,4.27929,49,0.244815,0.938971,1.14445,522.184,140.514,126.456,37.1807,1.61246,77.7465,70.1701,21.9258,24.2891,5.33723,57,0.256937,0.851222,1.24528
decoupled_wbc_h066_p000,1734,fell,47.4,10,29.1437,13.159,1.51216,0.464923,339.068,64.7627,80.79,37.8213,2.82097,56.924,47.6547,14.9927,26.3799,4.09529,44,0.320129,0.938543,1.2979,327.593,65.3286,82.127,25.693,1.71943,53.8584,45.4727,13.9006,27.2503,3.80441,47,0.274593,0.980836,1.12147,348.455,74.0614,80.4963,35.1,2.0345,54.4561,49.4136,15.0734,30.1939,4.55933,47,0.225071,0.799069,0.947576,315.391,68.3276,82.3209,26.5197,1.77269,53.0156,46.1494,14.6518,26.214,3.55127,40,0.285551,1.01581,1.38785,537.965,113.521,115.869,78.2901,2.52138,78.3601,70.0811,19.2226,38.402,5.57056,48,0.320802,0.995134,1.50664,534.517,111.063,90.8611,39.8348,1.55062,76.8519,67.0283,18.7574,33.5192,4.40526,52,0.279077,0.87167,1.2596,341.485,75.4149,80.668,34.8049,1.3784,53.6271,47.2129,14.2847,25.2357,3.80925,41,0.26836,0.905658,1.24399,301.309,64.5804,65.0458,34.7857,1.71507,51.2045,44.024,13.4041,23.1719,4.0986,45,0.285806,0.857086,0.924087,566.203,115.436,121.821,47.0475,2.40019,79.0934,60.114,21.6258,36.3928,7.12035,46,0.331086,1.16775,1.49049,7156.45,861.636,1131.89,464.871,13.0802,343.891,138.461,94.0195,145.672,28.5636,9,0.189472,2.00857,41.2319,,,,,,,,,,,,,,,,,,,,,,,,,,,,,,,,,,,,,,,,,,,,,,,,,,,,,,,,,,,,,,,,,,,,,,,,,,,,,,,,,,,,,,,,,,,,,,,,,,,,,,,,,,,,,,,,
decoupled_wbc_h066_p000,1735,complete,90,18,27.2714,2.68287,0.195813,0.160123,421.637,78.93,105.315,21.9835,2.13908,69.1241,50.5065,18.8069,28.9687,4.72204,44,0.368064,1.06622,1.41732,449.009,84.8996,92.9733,20.2597,1.49709,70.6443,51.1014,17.762,29.2373,4.32437,43,0.35341,1.00409,1.30928,484.821,103.304,110.77,44.2384,1.9403,73.9104,64.5287,20.8977,32.9122,4.93969,59,0.321069,0.921415,1.14547,491.26,107.26,96.8627,21.2554,1.79184,74.7481,60.2749,19.6549,30.9788,3.64751,49,0.345352,0.985167,1.50252,455.484,88.0797,109.089,73.6759,1.75348,74.7442,55.5535,19.4389,30.2284,4.77202,49,0.300311,0.917138,1.02371,466.551,79.9402,83.6678,28.7668,1.92006,65.2727,51.9443,17.6236,22.763,3.57989,41,0.341424,0.982569,1.429,506.274,95.7095,122.664,98.1093,6.35435,77.9073,61.8548,21.8406,36.7203,8.58118,48,0.337029,0.93478,1.50169,409.236,85.4529,98.4758,33.6772,1.66731,64.0954,59.4036,18.1737,24.4303,4.85427,46,0.262345,0.927599,1.18213,440.101,73.9597,65.6808,24.4102,2.56676,69.8526,53.2961,17.4944,16.51,4.6437,50,0.36208,0.941629,1.07423,2718.6,327.729,400.801,63.6771,3.56557,181.478,105.979,57.51,47.8237,13.1519,39,0.305697,1.73017,7.1889,498.812,177.474,135.021,32.5727,1.5047,73.2947,74.1189,21.7079,25.3898,4.89116,36,0.207923,0.887686,2.2364,542.28,132.206,114.122,37.1601,1.97972,83.4712,66.6428,21.2997,24.7572,5.25008,50,0.294355,0.910702,1.11397,515.705,125.72,127.145,31.119,2.27632,77.4919,67.8299,21.2125,24.6897,6.13241,55,0.262103,0.83249,1.22934,445.255,108.635,94.9304,32.6971,1.82447,67.0275,56.6658,18.4321,22.2494,5.81637,48,0.287079,0.931535,0.983658,407.413,102.493,85.7838,33.4712,2.34687,69.725,58.5546,17.9796,24.9217,5.01733,50,0.273487,0.867318,1.0526,601.204,138.344,118.923,62.3945,2.4752,88.9742,68.3854,23.7409,28.3961,5.57033,57,0.24712,0.878812,1.18028,520.314,135.101,68.3973,24.4036,1.99227,67.1809,63.7914,14.8279,16.3662,3.33095,34,0.388395,1.18344,2.54162,578.148,103.177,107.9,45.5288,1.62224,74.5851,60.0554,20.4283,23.5695,4.42516,49,0.238672,0.862496,1.42023
decoupled_wbc_h066_p000,1736,complete,90,18,16.9627,2.77623,0.485426,0.206168,399.834,63.7219,76.2732,20.1778,2.817,64.6533,45.3841,16.224,27.4429,4.59688,46,0.302589,0.946832,1.01397,332.417,68.3109,69.9737,29.1124,1.45144,55.0247,48.026,13.6041,27.6839,4.33773,47,0.255908,0.886785,1.01004,453.403,95.6155,139.092,53.1998,1.89785,66.3052,53.2582,19.7425,33.1024,4.8195,45,0.288957,0.924945,1.13266,322.007,80.7752,107.341,30.5005,2.0708,53.6743,49.5772,16.941,27.6408,3.99011,38,0.231285,0.956244,1.22319,463.907,113.252,71.1717,84.8406,3.47881,63.3899,59.5894,13.8009,35.484,6.59238,31,0.378772,1.11721,2.44386,517.972,114.813,101.776,85.8353,3.27245,75.0473,66.8448,20.1112,42.8807,7.46374,55,0.280981,0.948358,1.1051,531.088,81.0618,95.7332,115.451,2.92369,71.5382,51.6102,17.4625,38.9968,5.26802,37,0.378423,1.25388,2.0994,528.756,99.6204,126.753,33.0909,1.57325,78.4499,59.5685,20.2714,35.9803,4.0396,38,0.342201,1.31542,2.02665,385.081,88.0101,55.3417,29.8287,1.83074,54.1889,49.8101,12.1481,26.2357,3.53195,37,0.336617,0.955003,1.7797,597.805,107.756,203.935,243.658,5.38042,81.766,57.0593,26.5433,70.0787,8.34602,43,0.314574,1.16435,1.28991,398.929,94.3062,105.133,25.0654,1.91498,72.4912,59.1783,19.4501,27.6556,3.54088,49,0.316112,1.11097,1.24244,518.794,136.928,122.924,44.5181,1.76577,78.5228,62.1499,19.6032,26.6315,4.43513,50,0.310042,0.867911,1.16642,430.27,84.3533,86.9604,39.0834,2.04995,62.2651,47.1697,17.2696,21.3373,4.19029,43,0.287528,0.843501,1.01652,718.666,143.151,132.516,181.927,12.9298,87.4688,74.9853,23.8572,44.9244,10.3334,37,0.415138,1.15069,1.81927,488.569,95.0405,104.337,34.9413,1.16544,69.4102,58.7691,18.1731,22.019,4.32661,43,0.309456,1.00178,1.20792,409.199,126.483,111.204,42.3237,1.6702,64.2309,57.1042,18.3238,22.3169,4.75323,40,0.241038,0.863131,1.15872,361.289,83.7679,99.623,26.723,1.91895,60.5084,57.1351,17.0024,21.1566,4.36869,48,0.244144,0.891182,1.10391,492.539,125.046,112.525,22.676,2.59992,70.447,62.2334,19.8653,25.2978,3.93702,44,0.221633,0.922855,1.17867
decoupled_wbc_h066_p000,1737,complete,90,18,25.1831,3.60029,0.067935,0.197571,377.2,111.356,110.372,34.6735,2.22703,66.9504,58.9671,18.171,29.4348,3.88808,51,0.231171,0.850285,0.982302,437.309,97.616,82.2184,23.8753,2.41056,74.652,61.4616,19.6658,26.2803,3.90498,52,0.302269,0.809338,0.944254,393.411,91.1964,87.688,23.4514,1.21235,60.1946,56.1943,17.1978,24.2207,3.33801,40,0.280597,0.926874,1.31951,397.915,95.4169,81.4278,68.9451,1.74395,68.6599,56.6702,17.379,25.0667,4.51194,50,0.244094,0.943164,1.1376,408.262,88.0745,96.11,68.2282,3.26603,64.0891,57.3528,16.9334,22.6254,4.52895,39,0.308292,1.01811,1.58907,419.132,102.977,102.207,30.4178,1.66855,66.677,55.1323,17.8938,22.3123,4.38642,52,0.290597,0.923597,0.998627,463.435,106.078,101.824,41.7702,1.72962,70.0975,63.5422,19.4387,27.939,4.65532,52,0.235467,0.832815,1.0955,432.449,133.941,106.083,44.8201,1.77643,64.7247,67.8072,16.7894,25.5876,3.80404,42,0.227619,0.861555,1.70054,366.306,95.2786,85.7946,38.6541,2.05609,58.728,57.6529,15.6132,22.3178,3.60302,52,0.220802,0.79176,0.988701,603.927,111.703,125.234,132.538,4.35572,79.8866,61.6384,21.0063,41.2981,7.32612,33,0.36552,1.16581,1.97354,682.778,168.867,116.365,28.6361,1.85367,86.2784,73.764,21.861,32.083,4.67231,37,0.44857,1.22798,2.57249,708.831,137.887,129.103,66.2745,2.47043,94.6194,70.8544,24.879,36.5639,6.49716,49,0.303304,1.15929,1.91089,806.924,185.141,178.99,185.314,14.1674,101.822,80.3532,26.8188,53.5403,11.694,40,0.305582,0.964412,2.04332,388.139,87.1658,85.7288,37.2406,1.14883,57.5279,49.3593,16.2236,26.8223,3.21916,56,0.291148,0.796331,0.698444,423.41,120.56,96.8694,41.0208,1.72279,63.0448,61.2126,16.8132,29.5739,2.91991,41,0.275255,0.94333,1.49173,859.441,415.681,215.114,103.403,2.30625,97.6543,99.5713,31.4547,55.1442,5.05148,39,0.367302,1.03314,2.30726,391.25,101.953,92.5112,34.3021,2.43097,63.023,55.9238,17.5911,29.2172,4.42115,52,0.249549,0.934118,1.10612,424.758,102.279,95.0215,27.5257,1.597,69.4818,60.395,17.674,27.038,3.50674,49,0.272317,0.87986,1.15397
decoupled_wbc_h066_p000,1738,complete,90,18,24.5603,3.18421,0.256473,0.0821731,432.166,92.0909,105.56,26.1898,2.5064,71.7453,55.0927,19.0786,30.7134,5.53191,45,0.321454,1.07847,1.43865,259.491,62.2853,94.8504,30.5363,3.41003,44.8253,43.0297,14.7649,24.0585,3.52884,37,0.235823,0.880055,1.15411,367.162,76.8248,89.8423,30.6186,1.63701,55.8153,48.1986,15.8939,24.8992,3.91573,31,0.353463,1.15114,1.86733,455.723,102.025,133.661,36.7663,1.96769,73.8922,55.8915,21.441,32.46,4.98477,49,0.324282,0.996507,1.08412,549.808,107.678,95.0481,34.5993,1.43002,76.1539,62.9724,20.6053,30.9772,4.38914,32,0.387963,1.24546,2.6896,389.131,69.3265,102.263,27.667,1.6983,65.5259,44.6689,17.9787,25.4922,4.99533,43,0.400454,1.11938,1.19248,435.659,75.7459,85.0809,25.7716,1.18588,66.0178,49.4276,17.5932,24.5484,3.83367,41,0.364664,1.01282,1.43721,538.375,104.28,99.7717,31.052,1.73981,81.0714,64.7852,20.9203,28.0177,4.05227,43,0.365242,1.14686,2.04226,457.836,98.8,107.931,33.5088,2.35102,69.7969,62.7914,19.9383,29.2492,4.98758,57,0.286355,0.821721,1.05696,325.079,74.6623,88.715,21.8608,1.85403,57.0885,51.3166,17.2451,21.0186,4.71931,56,0.24766,0.872164,0.970373,644.918,122.801,201.176,236.518,19.3795,87.5531,66.8757,27.8948,58.2473,14.0299,37,0.342751,1.29501,2.46317,547.461,113.629,107.025,35.4951,2.84657,75.1439,64.6039,18.6023,26.0823,6.29236,43,0.365289,1.03102,2.15286,522.935,97.6899,89.2535,33.1122,2.1201,74.8359,58.6433,20.3104,30.8145,5.60732,50,0.3265,1.04601,1.50272,373.83,86.514,58.8733,24.0107,2.68114,55.3708,53.0132,12.9643,22.4114,3.98557,41,0.363014,0.981532,1.66961,442.935,121.201,117.116,35.5832,1.83653,70.8559,69.2939,19.0432,31.3354,4.74156,48,0.263679,0.85851,1.30506,348.249,91.6317,80.0956,35.3639,1.90586,56.4613,53.8328,15.0912,23.067,3.0093,47,0.228523,0.884662,1.09427,411.668,99.4788,90.7836,43.5705,1.46266,64.1095,57.6319,16.1611,23.5776,3.18027,54,0.237388,0.830847,1.09291,361.389,86.9493,73.1384,45.2139,1.78077,62.224,52.5248,16.0735,23.7795,3.43385,56,0.247716,0.825414,0.910948
decoupled_wbc_h066_p000,1739,complete,90,18,15.4545,3.57595,0.128794,0.22853,497.625,102.464,110.861,28.5078,1.70088,74.7573,62.3796,20.0126,31.8038,4.83552,55,0.245859,0.7767,0.984175,391.715,78.562,83.527,28.4492,2.37504,64.9131,51.4878,17.358,20.9946,4.44068,53,0.277235,0.828584,0.792857,248.32,79.5664,80.4967,35.5681,1.87089,38.3738,43.9209,13.6267,19.8775,3.74421,40,0.155426,0.713969,0.633578,439.746,92.2636,94.3359,37.554,2.32082,66.954,57.2916,17.7576,21.5566,4.00488,46,0.3426,0.969057,1.18842,384.235,106.878,90.0176,38.1937,2.11937,64.8881,57.7613,18.0591,23.1081,3.91449,49,0.280387,0.887804,0.926791,425.513,118.062,101.405,29.3869,2.32734,67.389,56.9493,18.4521,22.5567,4.34209,46,0.28568,0.866501,1.23867,444.594,106.427,109.55,55.4309,3.30931,65.5189,57.9802,18.625,26.6896,5.22517,52,0.242852,0.904744,1.07607,404.055,100.353,107.095,61.6943,3.56373,63.1206,50.9579,17.8891,25.2974,5.11937,39,0.302333,0.950268,1.15054,497.817,181.769,117.595,40.7711,1.51078,71.3478,79.2206,18.8969,24.5389,4.30516,48,0.273376,0.856696,1.30562,405.648,103.21,93.7097,36.8903,1.94116,61.3823,59.9737,17.6286,22.9279,5.05265,54,0.204005,0.832889,0.917267,442.722,94.6621,102.043,139.8,12.7262,64.1034,61.2519,17.3979,29.5829,8.32446,44,0.314513,0.955611,1.77769,296.329,69.3491,79.8943,26.4987,2.01362,52.14,45.7882,15.0812,19.7713,4.94331,44,0.226676,0.880838,0.824385,1073.68,219.021,236.598,40.1801,2.07152,119.223,86.0538,32.9809,35.9689,6.01248,52,0.247681,0.869695,1.94407,489.361,112.911,161.793,177.022,8.14661,70.9429,55.6186,22.3002,43.6955,9.04398,40,0.261811,1.02422,1.2678,493.576,119.157,117.468,43.4865,1.36314,72.4039,65.4129,19.0622,24.8028,3.59521,44,0.304618,0.816645,1.13947,645.759,132.822,177.077,325.704,22.825,88.6094,81.172,25.2788,61.042,22.8989,48,0.335424,0.903071,1.63426,491.951,96.9062,81.215,30.8859,2.34014,67.7149,61.8759,17.0501,24.7069,5.16431,35,0.403905,1.12517,2.11176,373.909,107.033,99.002,34.2092,1.12223,62.2776,57.1764,17.4138,26.2559,4.55523,47,0.313534,0.914785,1.0816
decoupled_wbc_h066_p000,1740,complete,90,18,21.7029,2.67499,0.15682,0.207225,406.594,74.6908,100.741,23.8817,2.47782,68.3586,49.4582,19.0067,30.8177,4.66899,49,0.273745,0.917429,0.888621,657.257,125.658,123.855,48.4673,3.1691,87.3094,70.1266,24.1765,38.9128,9.34451,39,0.383537,1.24039,2.50842,412.65,89.5943,94.8205,39.4613,3.17777,70.0844,56.5877,19.5149,30.9326,6.6801,39,0.342046,1.18498,1.55677,390.887,87.3526,77.1642,27.107,3.36275,57.3478,55.0947,15.1471,28.3521,4.81393,49,0.282125,0.803655,1.15618,526.021,109.017,119.621,30.9574,2.25904,79.4544,65.3394,21.2317,28.0376,6.57066,42,0.343284,1.02112,1.73796,441.421,90.366,106.751,27.0973,2.21611,67.6502,58.2111,19.2973,22.9847,6.08911,49,0.309633,0.87805,1.15709,353.68,95.8898,102.396,20.4073,2.38688,65.2018,60.3539,18.5226,23.2704,5.41036,51,0.258582,0.906343,1.09627,503.05,117.517,82.8728,93.5618,6.75229,69.6894,64.6956,16.5777,26.5336,7.56989,49,0.341244,0.901649,1.5213,500.043,114.227,101.326,28.8057,1.60484,71.8545,63.1067,18.6217,22.1275,4.58053,57,0.243824,0.795797,1.27836,446.341,115.76,119.786,34.5392,1.70741,65.2372,58.2779,20.4343,23.274,4.86254,51,0.302346,0.822843,0.906476,543.196,115.566,108.079,30.5437,1.92953,82.4204,71.3601,20.7103,26.2384,4.95211,45,0.263165,1.0115,1.57633,1274.22,168.071,264.827,62.4876,2.60571,112.85,71.4206,34.4664,41.5855,8.64977,45,0.305928,1.19285,3.66015,502.767,94.3206,92.1337,27.8711,1.69551,72.1351,59.4376,19.6617,29.9806,5.09948,53,0.266703,0.938132,1.15934,476.588,87.7964,103.578,119.957,5.13924,67.3992,55.2376,18.129,35.7208,8.41538,41,0.374305,1.09518,1.93226,603.081,124.777,126.773,156.777,3.32436,80.5821,69.4514,23.4722,47.292,5.5126,51,0.284931,1.08923,1.73399,461.888,86.3805,142.006,126.75,4.93593,72.2854,54.1358,20.4836,38.3742,7.22016,45,0.307284,0.999735,1.33147,660.26,192.898,141.741,31.1436,1.48733,87.9884,76.6197,26.5471,36.9295,5.26088,46,0.295273,0.993168,1.41538,487.133,107.977,101.62,30.259,1.341,69.1672,57.8513,18.159,26.2207,3.62408,45,0.361614,0.948333,1.39494
decoupled_wbc_h066_p000,1741,complete,90,18,16.4418,2.68121,0.0226996,0.0766341,383.194,70.8056,74.3421,21.0225,1.67288,60.9599,52.1927,15.4595,23.9535,3.57743,53,0.278748,0.818731,1.21848,501.642,135.88,95.7834,44.6183,2.1626,70.8242,69.5938,17.1676,24.9999,2.84858,42,0.29201,0.910208,1.42073,341.685,94.5399,91.2473,39.6876,2.13252,55.9506,56.0928,15.241,23.9822,3.476,42,0.228514,0.824068,1.05585,375.005,93.754,84.2813,33.6314,1.82866,62.2053,54.3856,16.2392,23.9625,3.91794,53,0.280437,0.774301,0.883375,451.702,91.8106,98.3606,24.8088,1.54796,72.6049,62.2967,18.4122,18.2887,5.31576,52,0.325581,0.953983,1.23172,443.53,107.449,104.331,61.7435,2.91618,67.1289,62.8789,18.2978,23.8166,6.2913,46,0.280899,0.96942,1.45082,483.565,113.406,117.927,31.6507,1.46853,73.9707,70.0544,18.914,29.1061,5.73931,47,0.236852,0.955693,1.34634,363.646,87.1801,87.5634,28.5585,1.25903,61.3657,51.5158,16.686,29.3057,3.75557,47,0.293698,0.979068,0.995909,425.494,84.037,111.288,182.425,6.42317,69.5132,50.8301,19.1116,47.1696,9.00525,41,0.31757,1.00246,1.25795,424.528,112.743,90.2852,29.1586,2.18456,74.0076,60.9078,17.3221,25.2781,4.50359,48,0.35639,0.973591,1.11989,415.63,104.007,103.499,27.7807,2.15763,67.866,52.9334,19.0791,25.7706,4.3702,47,0.315761,1.03055,0.971312,585.518,123.488,84.1509,62.3913,1.99366,74.9325,70.0331,16.4888,29.2565,3.6915,43,0.374153,1.13178,2.09779,455.965,133.446,99.9734,34.2641,1.84793,68.3032,68.1791,17.5627,24.6795,4.12715,51,0.2845,0.84782,1.34245,504.086,122.817,104.323,70.2355,1.85323,69.8967,63.2415,19.366,33.9835,4.20715,45,0.272879,0.99184,1.62073,352.583,99.5664,81.877,47.23,2.14865,60.9009,60.3893,15.7713,25.0122,3.38241,50,0.221704,0.762227,0.895314,443.533,136.298,103.29,41.5048,1.91225,69.1886,71.3159,18.8741,28.622,4.06183,64,0.199673,0.779112,0.867891,374.811,94.5905,108.275,47.8775,1.95568,55.8349,53.5326,16.5244,31.0245,4.097,33,0.260646,1.11147,1.62463,624.977,108.201,120.584,165.939,3.94841,80.1035,55.4361,20.8126,41.1248,4.96814,43,0.33132,1.12809,1.41505
decoupled_wbc_h066_p000,1742,fell,70.96,15,25.3435,6.84469,1.1524,2.63088,390.19,82.1749,84.956,24.3206,2.40286,63.579,53.7954,16.7225,24.8792,3.96538,50,0.267466,0.868477,0.906553,522.063,98.2944,104.27,25.5366,2.31679,77.8158,61.1776,21.7089,30.2867,6.07616,48,0.377656,1.10297,1.38755,447.811,98.5166,99.2108,50.6953,2.96223,69.0491,59.006,17.8867,28.7491,5.91969,44,0.346041,1.03785,1.73198,444.981,103.437,116.091,29.4667,1.67402,67.8843,55.3085,17.3907,26.8381,4.93907,41,0.361032,1.06692,1.58124,378.025,97.8989,110.67,30.2469,1.47007,65.1889,60.1352,18.5154,23.0925,3.7882,60,0.221913,0.775611,0.943049,431.979,116.689,113.238,118.845,1.96009,68.7303,64.0127,19.836,28.9138,4.76177,58,0.202283,0.758379,0.844792,569.579,105.907,102.186,32.8031,1.34544,81.9864,61.5589,21.768,26.893,4.65492,49,0.300801,1.0355,1.25892,517.823,104.089,110.582,29.2403,1.82113,77.8826,63.1819,20.9331,23.1607,4.15037,41,0.309656,0.868262,1.35319,412.442,75.5616,102.863,29.4139,1.24221,60.7479,45.7923,17.8924,19.8389,3.32258,45,0.297039,0.945792,1.01293,628.349,119.72,217.789,270.808,18.0396,81.8381,66.033,29.2537,62.2061,13.9752,46,0.272413,1.02288,1.12876,607.937,157.028,128.65,88.5297,3.39223,93.1746,79.0135,23.0806,38.4806,6.78308,44,0.341329,1.0871,2.02028,386.731,73.2388,81.3418,34.199,1.34814,54.5216,47.7106,15.9463,29.4307,3.70889,47,0.214417,0.816305,0.893361,444.657,97.9921,103.716,98.7936,2.8068,64.8429,54.2803,18.2178,40.2717,6.66641,45,0.24108,0.949315,1.04256,328.078,86.1747,84.1615,40.1191,2.02016,48.2218,47.3678,14.0695,31.35,3.79901,32,0.208335,0.789568,1.1822,1492.66,223.251,224.776,125.757,3.40574,76.3289,36.8859,19.7723,44.6185,6.02735,4,0.130527,2.02201,10.0125,,,,,,,,,,,,,,,,,,,,,,,,,,,,,,,,,,,,,,,,,,
decoupled_wbc_h066_p000,1743,fell,50.7,11,14.8202,18.6164,2.01524,1.75008,295.496,57.0945,72.4436,18.7852,1.88155,50.9101,43.0832,14.4619,23.5502,3.18468,41,0.306575,1.09645,1.18426,567.448,118.491,120.564,30.923,2.02381,79.9516,67.8629,21.3976,33.2258,4.68073,52,0.318644,0.965964,1.42681,368.584,84.0984,64.182,39.1072,1.957,57.023,56.0521,13.2435,20.0468,3.97138,53,0.239229,0.815037,1.14386,326.567,78.0898,79.141,24.3533,1.32328,54.5459,51.4408,15.4206,18.1728,3.39897,40,0.243088,0.869773,1.24325,447.232,174.958,119.761,41.4563,1.88379,76.7342,63.0589,20.4733,26.9029,3.02152,45,0.418258,0.983185,1.40899,459.492,98.9327,95.8379,36.7709,1.84925,66.7179,60.0503,18.0503,26.9463,2.75474,41,0.325658,0.910545,1.41392,369.015,110.077,110.884,42.1968,2.73719,58.9259,57.616,17.8217,28.864,3.71234,40,0.212462,0.757817,0.997748,334.792,75.4938,62.494,36.0172,2.4698,56.2809,47.2463,14.2438,18.7108,3.59249,48,0.242546,0.841069,1.01525,427.739,105.002,88.1572,30.8469,1.95765,64.0097,57.3317,16.2913,19.9767,4.57981,50,0.231013,0.84894,1.19233,504.891,88.798,74.3361,57.3159,3.0046,69.5984,56.189,16.1155,19.8187,5.99685,39,0.382704,1.08035,2.13458,1798.65,115.54,229.572,72.0123,8.78911,67.2504,21.5119,15.0586,14.9127,13.9666,1,0,0.168747,0.00750732,,,,,,,,,,,,,,,,,,,,,,,,,,,,,,,,,,,,,,,,,,,,,,,,,,,,,,,,,,,,,,,,,,,,,,,,,,,,,,,,,,,,,,,,,,,,,,,,,,
decoupled_wbc_h066_p000,1744,fell,51.14,11,22.2896,2.92795,2.18342,3.51262,467.15,93.5697,111.149,31.5028,2.29582,75.7595,58.008,20.8818,32.6485,4.24276,42,0.3281,1.06541,1.86047,356.33,106.981,105.805,42.9584,1.48968,57.1943,59.6911,17.09,31.34,4.19759,47,0.208173,0.839841,0.958429,413.371,92.605,79.6086,41.3378,1.15368,64.3439,61.4763,16.6055,32.7553,4.97215,55,0.219421,0.827118,1.07241,400.749,88.4666,96.734,112.519,18.3239,62.4392,51.3798,16.4406,44.7801,9.47333,47,0.257153,0.764435,0.902441,389.752,82.545,67.2222,16.7859,1.55569,62.3095,51.0088,15.1087,31.2266,4.47594,45,0.319027,0.926285,1.07033,363.002,91.6045,64.6607,28.8231,2.23322,56.2372,55.5811,12.5786,28.072,4.30447,49,0.279763,0.851138,1.1345,339.021,98.2341,69.7587,33.0417,3.09218,57.5295,50.6953,14.7413,30.0441,5.11183,44,0.312257,0.922931,1.02142,417.331,124.637,126.005,117.645,9.09905,67.1317,61.2053,19.2727,39.6476,11.9023,45,0.303785,0.93419,1.05124,410.78,99.8398,117.803,151.373,26.4599,62.0258,58.838,18.2754,40.9493,14.8418,43,0.322673,1.0235,1.51797,577.135,126.288,103.83,37.892,1.46481,89.0213,69.1862,22.9176,38.57,4.71156,48,0.314865,1.05462,1.52882,3062.74,204.186,404.503,232.539,24.5915,115.671,42.7821,32.6853,62.6495,20.5355,5,0.0942322,1.14578,2.15181,,,,,,,,,,,,,,,,,,,,,,,,,,,,,,,,,,,,,,,,,,,,,,,,,,,,,,,,,,,,,,,,,,,,,,,,,,,,,,,,,,,,,,,,,,,,,,,,,,
decoupled_wbc_h066_p000,1745,complete,90,18,22.1391,3.03022,0.122922,0.0762551,437.037,89.4249,88.0235,20.6282,1.76903,69.6525,56.2121,18.0079,28.4585,4.00625,50,0.290125,0.904352,1.14601,352.999,81.1507,79.9969,32.0461,1.60574,61.2458,51.5415,16.1069,25.7154,3.1462,50,0.249322,0.814361,0.885335,380.598,81.3284,95.7845,71.1607,1.73766,63.1424,52.6605,16.4518,29.7269,3.41677,53,0.239712,0.782262,1.02255,460.79,124.382,118.402,117.377,3.39546,72.1198,67.0999,19.832,30.5841,4.58154,61,0.216346,0.79447,1.0253,584.476,110.401,86.6983,28.7445,2.00537,74.8825,60.347,17.8276,24.402,3.97355,47,0.310937,0.975018,1.57077,409.942,74.5921,95.28,32.2159,3.09765,67.6788,50.0562,17.8117,23.7932,4.36597,45,0.364457,1.07175,1.19209,367.596,65.69,64.6959,27.8104,1.29332,56.6968,51.3971,13.93,16.4988,3.59321,43,0.363792,0.86818,1.37581,290.88,78.8602,103.956,35.507,1.50886,51.8909,46.613,15.8201,22.9878,4.14407,53,0.195247,0.811173,0.755596,437.322,129.778,105.49,38.1516,1.13377,70.8344,60.6166,18.4816,28.7595,3.62602,49,0.303991,0.924122,1.08336,461.55,107.738,78.0179,36.8192,1.34965,66.4596,59.0785,15.288,27.1232,3.52543,43,0.352651,1.05103,1.64171,424.006,109.924,84.7141,66.9204,1.5856,62.9854,57.29,16.6911,33.0697,4.2877,48,0.233235,0.954447,1.56066,412.146,99.3088,83.1978,31.701,1.35131,62.2383,57.3233,16.7943,30.3245,3.76056,43,0.305178,0.929604,1.37311,829.767,175.313,158.51,246.547,13.7909,101.703,77.3719,29.1619,60.8672,8.85111,36,0.286964,1.23525,2.01184,467.83,107.51,129.453,258.535,30.3367,69.1478,61.9262,22.4385,51.5072,15.7632,44,0.260323,0.949655,1.32778,676.564,121.981,111.091,24.0754,1.48063,83.7479,63.6484,23.5755,29.9532,5.13217,42,0.297127,0.968843,1.70367,1588.13,224.163,179.798,45.8425,2.09995,122.028,88.0816,35.4499,45.1195,5.4913,38,0.337808,1.49328,3.54413,451.382,96.4026,89.2068,34.0468,1.43742,70.7173,60.8377,18.9495,28.0877,3.66208,59,0.26337,0.727587,0.982203,591.938,120.707,117.262,42.6359,2.26206,78.5108,62.0525,21.8567,23.1886,3.46492,45,0.228056,0.975209,1.5064
decoupled_wbc_h066_p000,1746,complete,90,18,15.539,2.28216,0.2212,0.0799168,404.007,80.3656,76.148,46.8446,1.35899,64.1881,47.0728,16.2605,26.8212,3.48838,40,0.332738,1.05684,1.34961,389.673,86.9819,70.2064,32.3868,3.53173,57.0232,56.1653,13.8544,27.6168,5.09211,43,0.277117,0.898297,1.45601,461.984,112.563,124.006,60.9798,2.21972,72.0773,60.1015,19.9492,40.1374,6.55646,50,0.300718,0.872495,1.13914,406.475,107.144,83.5622,40.1958,1.90807,68.2661,63.1623,17.4505,32.7064,4.48122,49,0.281981,0.840567,1.2003,423.893,76.9938,98.2394,34.8108,1.75703,65.1858,47.9293,16.9045,27.4641,4.73115,50,0.271458,0.84892,0.82094,450.775,106.88,87.6155,34.5463,1.39124,74.7013,63.2063,18.6539,26.0544,5.36776,54,0.301975,0.788475,1.12764,398.019,80.5371,81.5696,72.7475,2.07757,58.8901,48.7446,14.5872,23.9576,5.01184,43,0.306361,0.824682,1.02345,451.001,84.5607,96.2555,35.2646,2.529,62.7375,54.1695,15.6472,23.213,5.84223,42,0.263224,0.915724,1.30725,420.565,102.619,80.2639,34.3697,1.62343,70.3883,59.751,18.4685,25.9769,6.08805,55,0.293268,0.844164,0.957582,468.929,87.7239,103.275,46.3586,2.17878,70.2572,52.6566,18.67,28.329,5.99465,48,0.284698,1.01337,1.00877,475.488,122.608,91.0579,34.4133,1.74673,62.8416,68.2281,15.811,20.9675,4.48618,50,0.241656,0.878509,1.3578,642.414,149.945,184.84,230.734,22.5619,91.8989,69.3707,26.63,42.2275,16.2767,49,0.290953,1.04748,1.515,419.614,126.578,94.9189,34.3813,1.22664,65.4666,65.8459,18.0935,24.5203,4.15539,50,0.254173,0.864927,1.40249,483.238,91.9614,76.9908,32.3495,1.59665,68.3089,56.3466,18.5063,23.3471,5.0511,41,0.290925,0.992108,1.37701,390.339,99.7931,72.8995,29.3602,1.54916,58.645,55.9112,15.7775,22.5708,4.94775,38,0.270921,0.894393,1.44545,394.813,99.3108,96.8947,39.5461,2.27607,65.9444,54.0645,18.6281,26.1475,5.89822,50,0.297076,0.903733,0.872864,499.246,161.535,112.544,42.6276,1.5161,73.2026,66.6289,20.1153,27.0542,5.7909,49,0.350317,0.809244,1.30069,445.34,145.689,149.381,180.291,10.0681,67.3229,64.9147,21.414,36.8921,11.2381,45,0.229007,0.791913,1.14566
decoupled_wbc_h066_p000,1747,fell,71.66,15,31.5693,4.10615,1.77408,0.712689,319.631,74.3365,91.5425,29.1771,3.56922,57.8692,50.9471,16.7339,28.3099,5.42858,48,0.259423,0.90486,1.00328,358.815,74.1559,52.0596,26.0209,1.8027,57.9066,51.8879,13.1721,24.7224,4.62116,43,0.346258,0.969997,1.53689,491.259,123.1,114.741,29.7342,2.36597,77.3137,65.7875,20.0539,32.7307,6.17028,50,0.274501,0.891594,1.30523,391.505,80.3573,77.9708,42.0707,3.77025,58.6252,51.7256,16.0578,22.1862,5.25932,42,0.294935,0.893261,1.16922,424.401,79.1416,94.7603,28.7558,2.50709,66.2888,56.0258,18.3782,22.2537,5.90215,43,0.268595,0.959573,1.34111,445.832,91.357,104.693,46.4176,1.92736,72.2661,58.4718,20.4088,29.5116,6.87306,40,0.303337,1.19402,1.45827,563.271,124.565,118.147,146.833,16.8225,77.5677,73.7182,20.6193,31.2139,12.3172,45,0.326101,0.999634,1.91685,496.406,87.3334,100.322,32.2523,2.75348,75.9756,56.4969,20.0656,25.3633,5.21059,44,0.339437,0.992136,1.55216,422.421,103.205,99.192,53.5507,2.33437,68.2248,53.3906,18.3993,28.3008,5.14937,48,0.293434,1.0631,1.1162,734.36,143.962,209.357,217.549,10.9175,96.0363,73.8598,28.7463,46.0807,14.6631,44,0.311874,1.24147,2.32587,394.078,80.4294,87.8641,28.282,1.62474,63.3534,58.195,16.6508,21.8982,4.60566,55,0.249096,0.801186,1.08561,835.975,154.21,148.482,146.706,7.4831,100.85,80.8711,28.4766,45.6433,9.3353,43,0.317177,1.22935,2.13524,1921.97,189.716,254.299,59.1603,1.94134,131.362,80.0192,37.1489,45.6182,5.11402,40,0.319505,1.38953,5.52608,671.443,127.759,123.27,34.5613,1.65208,91.7588,69.1395,26.6427,34.9996,5.06837,55,0.345104,1.10094,1.44511,4543.5,945.617,703.641,112.745,2.16714,200.458,114.881,55.2197,51.8367,7.66237,4,0.125397,1.48188,26.0778,,,,,,,,,,,,,,,,,,,,,,,,,,,,,,,,,,,,,,,,,,
decoupled_wbc_h066_p000,1748,complete,90,18,18.0065,1.89641,0.183484,0.15853,423.654,91.1388,98.076,72.6729,2.85272,69.4191,58.5498,17.5411,32.1696,5.2799,49,0.244934,0.887981,1.19843,372.779,74.0151,81.1729,19.0823,1.61544,59.0311,47.3841,16.8012,23.7227,3.79238,49,0.323646,0.942074,0.970742,473.188,99.3787,115.998,45.2874,9.48802,72.8152,57.8824,20.8188,31.0104,7.39947,49,0.312399,1.04703,1.25771,407.499,76.3524,72.5327,20.4034,1.73544,62.4484,50.6564,15.5681,16.5548,3.20965,45,0.293862,0.89513,1.27993,501.168,116.956,141.87,139.03,7.83461,82.8318,69.3343,23.8373,38.5496,8.344,49,0.283065,0.934432,1.25974,364.384,103.75,109.421,33.9522,1.65743,62.2415,57.5604,17.138,24.6565,3.31254,49,0.256201,0.832965,1.09876,349.773,79.8366,91.6989,19.5526,1.63978,58.4889,53.7397,16.5069,21.1072,3.34785,52,0.247696,0.825804,0.999671,400.725,82.2109,81.5162,25.3057,1.62587,66.7631,53.3301,18.1187,23.0253,3.59239,49,0.327578,0.872882,0.915733,452.464,84.6657,78.4062,18.8645,1.8152,63.1039,58.5543,15.8987,19.4567,4.09942,41,0.321353,0.888733,1.62669,568.635,111.844,119.489,39.0901,2.14354,76.2554,62.7234,20.3841,26.1807,4.75809,46,0.260243,1.02098,1.58911,416.249,98.6106,100.307,30.3067,1.75961,70.6705,60.2557,19.0391,24.8366,4.2644,56,0.227147,0.807208,1.0364,561.139,128.493,146.346,79.869,5.6223,74.1413,70.5649,19.9081,30.2437,7.87889,45,0.214518,0.874302,1.38228,618.931,134.249,105.269,123.031,4.56991,75.0214,62.641,20.4476,35.6251,9.09963,29,0.340024,1.22112,3.32167,645.832,155.023,130.419,37.6667,2.04156,85.5456,70.9379,21.969,32.3271,7.12738,39,0.366968,1.02533,2.20057,644.276,126.041,129.882,102.643,4.84805,90.3822,69.4243,24.3626,39.4974,9.61528,52,0.289763,1.03581,1.55215,489.728,118.376,108.525,27.5104,1.90944,81.5893,72.0927,22.0717,34.239,7.3677,55,0.279262,0.890326,1.25486,432.299,71.2347,110.766,24.4373,2.02737,65.985,48.641,19.332,27.0016,6.04388,50,0.273796,0.987724,1.09885,557.281,110.131,103.319,132.879,21.3822,81.9446,58.2888,20.7035,45.478,13.2989,48,0.300985,1.06112,1.27956
decoupled_wbc_h066_p000,1749,complete,90,18,26.2357,3.25645,0.144468,0.387961,466.903,107.774,108.524,28.8752,2.20047,73.636,64.8383,20.5079,33.358,5.36957,44,0.308709,0.917615,1.56497,532.094,105.553,104.648,26.205,2.18319,73.7929,63.4223,18.9745,26.1214,4.83743,38,0.341177,1.00067,2.10968,413.165,104.389,121.097,35.9142,1.48836,67.8076,56.0506,18.4653,24.4148,4.7284,41,0.311788,0.916259,1.38489,403.922,90.883,95.881,90.5863,2.88065,68.7412,54.1874,18.1165,23.7103,5.87293,49,0.277478,0.965465,1.25902,338.377,105.166,89.1419,32.8545,1.93701,59.9135,56.2318,16.4407,20.3297,4.35537,48,0.203529,0.789294,0.972118,330.801,66.2752,82.8946,31.2438,2.27433,55.7431,43.3389,16.0113,21.8196,3.40098,46,0.257134,0.782274,0.689962,506.567,107.587,80.4116,47.9173,1.71883,70.4118,60.8186,19.4483,30.521,4.19951,42,0.353644,1.11579,1.58935,481.763,111.419,103.037,33.6692,1.97598,73.6521,61.757,20.052,25.299,5.13489,49,0.310882,0.897444,1.05257,428.068,117.263,106.265,33.1774,2.18439,72.8251,67.6531,21.3705,28.2207,7.48034,59,0.198684,0.845379,1.01791,505.543,95.1351,159.497,90.7112,17.5792,76.9091,57.0933,23.9902,43.0968,16.1686,50,0.305369,0.978018,1.10299,641.835,123.962,184.835,181.329,9.59426,85.3999,73.2626,26.237,49.2297,10.9667,41,0.335321,0.958589,1.96957,401.594,96.3925,111.205,74.1888,2.1361,62.1574,58.5984,19.4984,28.8397,4.76605,49,0.235236,0.809739,0.923963,895.064,155.288,128.536,38.7315,2.30271,87.1215,65.4248,22.7276,26.5024,5.4662,43,0.317994,0.943652,2.05746,470.503,95.8613,91.9691,28.3932,2.70564,63.3226,57.7346,17.5192,18.8337,6.44073,47,0.330734,1.05776,1.50467,498.728,104.964,91.9421,28.7122,2.25455,69.2778,59.9279,19.1505,19.9872,5.68096,48,0.25767,0.883344,1.2168,428.239,120.101,111.019,30.8536,1.83805,65.0701,64.0023,18.3488,23.3133,4.27359,42,0.289231,0.913308,1.31433,1396.3,290.75,247.896,209.833,3.64424,133.814,101.061,39.2036,63.186,9.62502,36,0.280691,1.53113,4.1645,459.093,85.0601,56.0609,28.4065,1.98297,60.77,60.1591,13.6284,20.9153,3.36327,37,0.425849,1.09273,2.27016
decoupled_wbc_h066_p000,1750,complete,90,18,19.9494,3.47239,0.167274,0.314259,419.383,79.006,98.8078,23.4428,1.85837,67.3743,56.6243,18.6185,27.1676,4.35001,44,0.346069,1.03445,1.45051,419.782,86.4367,116.885,30.2421,2.02156,65.4496,53.7324,19.2927,25.6042,4.0599,50,0.300808,0.910146,0.959695,319.448,75.3108,94.7433,58.1659,2.23686,52.9803,49.307,15.6932,25.8216,4.57426,47,0.317875,0.956135,1.38765,395.201,83.742,102.955,26.7677,2.23129,63.8328,55.8333,18.4573,27.2335,4.73931,50,0.335106,0.910833,1.09205,490.04,103.828,99.9226,34.483,1.65592,75.2179,62.499,20.5218,26.7305,5.158,53,0.321293,0.917491,1.15305,663.064,134.786,135.12,49.0451,1.38889,88.2098,72.2993,24.3282,32.7744,6.29474,37,0.387635,1.39743,2.36802,361.707,72.9703,79.1641,81.5973,2.76082,57.8306,50.9133,14.821,22.1519,5.55687,37,0.352711,0.965991,1.78499,361.613,94.9089,113.366,34.3615,1.96251,55.3733,56.0346,16.9784,22.6452,4.03082,35,0.212402,0.825394,1.23072,628.972,114.435,100.756,53.2596,1.28862,89.3354,67.6219,22.2808,26.3719,3.48681,47,0.371662,1.0266,1.56681,595.386,138.498,108.433,83.1362,3.17801,79.7416,66.6545,20.1683,31.6056,5.90902,39,0.374815,1.2358,2.28106,1072.56,120.729,140.801,51.4241,1.76752,88.5963,55.7514,22.0974,31.587,5.00584,46,0.283114,0.990233,2.26973,788.114,245.085,156.592,42.2493,1.24648,90.8131,83.0716,25.1589,34.8692,5.4179,33,0.441779,1.257,2.94496,429.804,112.551,113.572,34.9476,1.3658,71.0231,58.2269,19.1265,22.5218,4.65124,43,0.309913,0.895713,1.25729,507.597,174.262,133.004,39.2125,1.49457,72.5357,71.0265,19.8867,29.3436,4.63726,47,0.241165,0.812025,1.43424,445.452,109.205,102.921,32.5883,2.05423,70.9381,65.8088,19.8327,27.5833,4.73709,55,0.240393,0.729208,1.02126,390.07,88.7745,83.911,29.6969,1.64375,65.675,55.1682,17.5371,25.7714,4.77877,45,0.291053,0.929802,1.09511,546.85,143.675,182.151,153.117,14.6732,78.0175,65.6442,24.4126,42.5862,13.3937,43,0.297111,0.96822,1.55859,452.68,70.4998,67.2926,22.0353,2.36306,67.3254,49.6827,16.6037,23.5135,4.66073,32,0.432959,1.02874,1.62897
decoupled_wbc_h066_p000,1751,complete,90,18,17.7624,3.03583,0.250398,0.210805,402.796,90.2407,109.339,19.4671,1.76123,64.7536,53.8238,18.6594,26.3945,4.03049,47,0.266742,0.966339,1.16818,326.254,57.6047,43.0921,16.9731,1.53565,51.8354,45.5226,11.7416,18.584,2.50832,42,0.3271,0.901076,1.39267,376.751,82.5681,87.8794,24.1111,1.40208,64.4556,52.0801,18.0529,23.2136,3.53645,46,0.274886,1.00945,1.14007,455.131,78.196,106.222,99.0303,2.75771,69.053,49.7012,19.6378,33.4152,4.36985,40,0.32111,0.996935,1.37602,326.451,80.6103,84.2636,37.0095,1.9893,55.1451,49.9836,14.6217,19.7031,3.37293,47,0.250255,0.78025,0.777247,341.201,127.406,103.739,41.7795,2.0326,55.3661,61.202,16.4466,24.273,4.80414,50,0.141947,0.735995,0.946481,432.291,119.241,105.035,38.4133,2.51953,65.791,66.7532,17.5489,22.8163,3.76894,46,0.258222,0.840172,1.31252,506.695,129.803,143.659,176.321,6.80766,70.5438,62.6289,20.9737,34.1696,6.93747,47,0.192909,0.879824,1.34477,485.427,113.096,112.105,37.5429,1.61826,71.2762,56.9335,19.952,25.0455,4.95935,44,0.309689,1.03593,1.22412,429.655,127.27,113.299,40.0295,2.23191,67.1649,65.065,18.1094,24.8557,5.15748,55,0.232139,0.735533,1.00211,829.601,289.684,148.174,68.0054,2.15127,89.2998,78.4414,26.726,37.3534,6.96368,38,0.30092,1.08033,1.96106,578.507,108.725,109.18,38.9915,2.07661,77.3813,61.2209,20.908,26.6793,5.32505,41,0.325212,1.03763,1.46298,492.268,100.113,201.884,181.271,12.941,75.2691,54.7356,24.2945,48.8329,9.7955,50,0.300951,0.939473,1.01281,491.967,126.521,102.241,34.4,2.31034,77.2706,70.1053,18.7875,28.6758,3.78257,49,0.283267,0.83781,1.14423,450.433,114.943,124.216,51.3177,2.12008,72.2673,58.8616,20.0787,32.4851,4.9381,46,0.351017,1.03905,1.18527,545.579,104.892,134.222,32.1998,2.10161,81.3109,59.0904,24.1914,32.0082,4.55563,45,0.323354,1.15783,1.3066,527.764,117.308,94.5063,30.806,2.52133,66.9539,59.5855,17.6315,26.1009,3.73459,48,0.338177,0.882931,1.61352,574.458,101.483,149.485,188.267,5.0899,82.3556,60.814,23.6357,39.6258,7.54019,41,0.357885,1.2429,1.91604
decoupled_wbc_h066_p000,1752,fell,60.64,13,20.9989,11.5725,2.97939,1.64432,415.333,76.0044,82.4796,23.5295,2.09388,67.0347,49.9873,16.3605,26.1152,3.321,47,0.301248,0.969443,1.14125,407.88,94.022,90.5683,24.8544,1.90772,60.7647,56.6367,16.3827,26.3634,2.96514,47,0.302695,0.871439,1.33862,277.489,62.0766,99.2536,24.6199,1.97675,50.1579,43.6796,15.8653,23.6118,3.10952,51,0.223053,0.818976,0.769335,406.142,75.7815,105.471,40.5293,2.54897,62.952,48.9265,18.653,27.136,3.80822,42,0.337532,1.0808,1.22727,285.285,89.0605,89.5123,36.5245,1.57325,53.0937,48.7368,15.6825,26.9899,3.44107,47,0.226238,0.781901,0.641114,339.958,70.2298,76.528,37.8194,2.17826,57.1302,46.5935,15.2457,25.8453,3.15435,44,0.289829,0.92073,1.04204,433.344,105.87,108.173,77.1615,1.82513,63.6647,63.6105,18.3551,32.2313,4.3965,46,0.252946,0.86277,1.29802,463.781,112.526,103.147,41.5031,2.28507,67.5056,59.1639,18.0226,27.1152,4.23019,38,0.349856,1.00318,1.96483,316.494,91.4412,96.8977,32.5245,2.05013,56.9684,57.0094,16.8094,21.7721,4.19081,52,0.202052,0.813313,0.762962,498.451,117.581,110.977,33.0031,2.27822,73.9084,65.8401,19.4358,26.7508,5.88078,52,0.330631,0.849936,1.23032,584.249,129.576,101.997,128.079,10.1743,70.8096,67.7556,18.7233,32.808,7.82407,42,0.306362,1.08447,1.65768,486.818,106.957,109.618,34.6461,1.73362,68.8004,60.7809,22.0579,25.3438,5.33431,46,0.318349,1.11267,1.35507,1622.3,196.656,232.907,95.6841,9.58493,77.2583,32.7733,16.7894,15.7557,5.76337,3,0.0590057,0.543182,0.366659,,,,,,,,,,,,,,,,,,,,,,,,,,,,,,,,,,,,,,,,,,,,,,,,,,,,,,,,,,,,,,,,,,,,,,
decoupled_wbc_h066_p000,1753,fell,81,17,28.4795,9.35674,1.81557,2.27421,454.961,101.17,143.124,32.2547,1.66365,69.7497,59.9159,20.6257,33.8758,4.45417,47,0.291903,1.02023,1.32783,405.963,72.7422,83.7665,33.2865,1.85357,65.1629,48.8872,17.0385,27.3941,3.42114,51,0.295694,0.904495,0.941065,371.584,81.3253,99.736,92.4369,5.15339,61.7896,52.1988,17.3631,37.931,4.66739,47,0.251408,0.900172,0.923535,371.592,89.4499,86.59,32.972,1.24785,58.5801,53.1915,15.3394,28.4344,3.26032,46,0.244232,0.836642,1.08127,477.851,108.709,92.2536,81.813,2.2691,71.1028,65.4124,18.2285,36.8484,4.11983,50,0.293879,0.81071,1.22041,427.295,114.163,91.4807,74.1729,3.12476,67.9464,61.9678,17.7679,37.3,4.73672,53,0.2485,0.739284,1.01457,343.651,76.8036,64.3891,34.9604,1.30619,57.8654,51.1294,13.3227,30.128,3.11043,48,0.240702,0.721996,0.816848,389.103,109.13,87.2906,44.0193,2.3067,64.4984,51.1357,17.2187,29.6122,3.49816,46,0.338703,0.943616,0.93465,424.799,116.493,137.639,142.436,3.60662,65.7852,60.0199,19.1647,38.5073,5.67741,45,0.225663,0.882351,1.02947,408.288,76.2172,64.3148,19.8663,1.11158,59.4983,54.5358,14.5397,18.1623,2.64971,44,0.322166,0.879174,1.51131,394.485,94.9241,112.048,33.3043,2.28333,62.6138,55.2158,18.935,27.3423,3.84776,52,0.21739,0.855753,0.797976,460.273,98.7517,101.743,39.7516,2.04724,69.473,50.8068,17.7549,23.3805,4.21923,47,0.292818,0.915079,1.27595,702.444,141.494,132.532,104.839,15.1413,94.4284,70.6901,26.2565,38.6252,12.0259,50,0.328425,0.998514,1.41202,951.986,205.507,142.527,36.8607,2.26088,103.69,76.4339,27.305,28.5679,7.84634,44,0.304906,1.12509,1.91478,483.978,78.4615,84.5306,38.3644,2.78362,66.1101,43.1362,17.3648,21.7842,4.76389,48,0.28747,0.866654,0.833895,642.279,171.238,150.117,48.5602,2.08876,81.7307,64.8936,22.3524,27.3408,6.14067,41,0.280036,0.973457,1.59827,2120.04,195.221,411.248,89.2055,10.7185,90.031,39.1105,35.3557,28.79,12.0264,4,0.0246277,0.349413,0.586945,,,,,,,,,,,,,,
decoupled_wbc_h066_p000,1754,complete,90,18,18.1787,2.82803,0.236601,0.169964,399.068,94.0952,77.3857,15.9392,1.89398,60.3988,54.2877,14.8562,23.8455,3.62959,41,0.331709,0.965427,1.75505,341.424,70.51,77.7064,23.541,1.68681,57.5582,46.8365,16.0277,25.3871,4.14074,45,0.295613,0.908615,1.07655,390.033,85.2625,111.25,28.0919,1.94123,69.483,52.4458,19.2933,31.4724,4.50409,45,0.292602,1.09235,1.31034,513.929,108.608,100.674,34.7654,2.12903,76.6268,68.756,20.913,34.3806,4.05867,52,0.341236,1.02858,1.49977,485.698,91.9835,89.7655,27.9876,1.73813,72.2087,57.486,18.3988,28.7019,3.62094,49,0.268317,0.975041,1.36191,412.6,96.0752,110.293,30.0701,2.97256,65.8778,58.2363,19.858,29.3278,4.69139,52,0.265616,0.895454,0.943903,382.341,93.9999,102.497,30.8127,2.1585,65.9962,58.0577,18.4647,27.3952,4.39156,53,0.255597,0.824801,1.02644,377.103,78.5131,89.2448,26.2351,1.21453,58.2842,51.6749,15.0743,23.9665,3.50102,31,0.43644,1.23615,2.2577,376.917,66.1483,97.8786,24.8364,1.69933,59.4731,45.019,17.8582,31.0121,4.23272,49,0.234361,0.824017,0.813939,355.761,83.9724,102.191,34.7214,2.23073,61.5621,52.2309,16.5097,31.0136,3.65277,50,0.26435,0.966353,1.02448,932.677,197.587,151.526,50.8874,2.41373,97.8994,78.7509,25.4454,39.7675,4.57644,44,0.297348,0.967057,2.10766,498.716,99.5773,76.6763,39.5671,1.69964,71.3732,59.4334,17.3267,27.2992,3.71903,50,0.313831,0.873848,1.20439,518.843,96.8442,95.4462,48.9211,2.35315,68.994,54.697,16.0906,30.8754,4.25188,28,0.38606,1.27301,2.62452,487.737,101.918,139.358,108.819,4.28728,67.5877,56.7268,17.8659,41.2038,6.86005,40,0.313575,1.02887,1.55951,384.481,76.1735,82.5336,24.8491,1.62914,51.0871,46.8588,13.9861,22.3379,2.68497,37,0.251875,0.987323,1.25175,335.522,74.9373,57.6312,19.2158,1.44841,55.4384,46.3341,13.1254,26.0626,2.87286,45,0.284034,0.81145,0.880123,383.195,71.5865,65.4478,23.2935,2.07954,55.2554,46.0465,12.6912,26.8014,3.70706,47,0.229749,0.838791,0.991407,531.492,94.4744,116.432,34.2921,1.80178,77.1206,55.2811,17.9272,36.1078,5.12307,39,0.335769,1.28633,1.69
decoupled_wbc_h066_p000,1755,complete,90,18,22.6981,3.5703,0.17841,0.374923,409.669,77.7547,101.852,32.5382,1.70964,65.2718,53.0794,17.7948,27.2702,4.25519,40,0.281718,1.06955,1.41155,403.242,89.0556,85.5579,26.0227,1.28804,59.8133,58.0723,15.9925,22.7057,3.8769,40,0.34388,0.827165,1.32614,359.405,80.1172,105.486,31.724,2.31245,58.0599,51.2079,17.6036,24.2018,3.91924,54,0.269183,0.883187,0.904758,498.038,109.309,89.8446,33.7067,1.61815,64.1363,60.5296,17.2198,24.9977,4.01286,46,0.321692,0.947633,1.53843,479.043,114.015,90.9935,54.7669,1.15938,74.0892,60.3428,19.0559,35.2848,4.08556,50,0.24356,0.976911,1.14646,475.211,115.307,90.7694,34.3295,1.71078,70.3836,67.6937,18.1925,32.8163,3.56928,44,0.288904,0.972437,1.55741,394.942,85.309,102.209,34.3741,1.52031,63.0836,47.9857,17.2895,30.0588,3.11833,44,0.335065,0.927288,0.933071,570.385,128.538,132.811,105.607,7.43186,79.6369,62.3596,21.8144,44.9633,9.40928,44,0.269708,0.978323,1.61333,447.407,99.6525,83.7945,43.6738,1.65481,68.0014,56.9032,15.9571,34.5805,4.00512,41,0.350801,1.19435,1.87818,559.323,140.375,181.146,241.887,4.91547,71.1018,59.713,21.5177,59.0451,6.48947,44,0.285391,0.79605,1.19258,813.14,138.484,101.434,82.7239,1.49279,95.0247,73.0072,21.0756,42.8385,4.47326,42,0.366802,1.67475,2.79036,487.317,94.3042,125.345,210.562,17.6075,70.5471,56.8869,18.628,59.4828,10.913,53,0.248833,0.800243,1.09601,423.766,95.9774,72.6454,40.392,1.28294,58.1874,57.4099,15.3079,25.5816,2.98943,43,0.251372,0.78768,1.25473,407.751,100.636,97.7384,40.4891,3.03575,64.394,58.5045,17.0719,22.9575,4.13485,43,0.249307,0.747309,1.10378,681.135,115.818,131.083,43.4316,0.921982,82.4601,63.4226,21.8789,26.1156,3.44825,46,0.278312,1.15177,1.59971,526.855,88.657,77.0675,73.5144,2.12696,71.4097,54.6611,16.5441,24.3821,3.71458,35,0.40082,1.11059,1.71255,538.032,112.305,96.554,45.3507,1.24179,72.855,65.6224,16.3738,22.2192,3.74331,41,0.426521,1.02331,2.28634,617.655,130.637,133.767,185.309,3.02018,81.8985,68.1814,22.6563,34.0521,7.28362,52,0.343496,0.928098,1.2492
decoupled_wbc_h066_p000,1756,complete,90,18,17.6061,3.44531,0.233451,0.131727,435.106,111.602,101.663,39.026,1.13688,68.3819,61.3437,18.4211,32.3415,3.92013,58,0.235294,0.844798,0.960639,329.686,74.6831,78.1209,37.6783,2.93023,52.8201,50.545,14.9299,22.1722,3.72347,49,0.249296,0.82664,0.833708,513.018,132.815,104.404,23.7273,1.81971,82.6479,69.0375,22.4551,27.2026,4.37258,57,0.302415,0.889022,1.08969,417.781,99.37,79.9846,22.7489,2.59294,62.4758,57.5175,17.0343,22.404,3.08935,48,0.294056,0.884274,1.26026,429.46,127.7,122.789,103.68,3.78966,65.2422,63.6063,18.1614,32.6274,6.02651,45,0.260089,1.04006,1.83503,259.701,75.254,88.9434,39.1204,1.32796,48.4584,44.0905,15.1159,23.1837,2.94085,42,0.151883,0.754773,0.781111,400.685,97.824,82.8011,39.2236,1.61703,60.5751,55.9027,14.609,24.1877,3.38302,59,0.227379,0.772291,1.04373,446.206,125.952,127.247,43.5229,2.81056,73.4863,63.3322,19.5499,29.8484,4.32343,50,0.281469,0.936481,1.14879,515.369,99.0098,76.3829,32.8187,1.6902,67.6604,61.8738,15.2275,23.4356,3.65066,35,0.38797,1.08949,2.28995,401.202,107.607,99.5808,44.1201,1.34037,56.2429,56.2227,16.4147,20.4,3.69336,33,0.220145,0.929822,1.16525,512.496,152.511,113.439,37.2625,1.36035,74.2278,71.4574,19.9375,22.5349,4.40182,45,0.31043,0.860334,1.34552,352.612,85.0612,99.2284,32.0051,1.73605,56.5791,51.5256,16.5609,20.5206,4.34635,59,0.237034,0.75263,0.914106,451.296,95.4302,107.01,29.4304,1.0025,65.8508,50.5141,19.5479,22.7533,4.43515,40,0.298302,0.947566,1.28162,608.76,122.581,145.129,204.77,5.30563,82.1916,67.9269,23.8577,41.0064,8.75245,47,0.252946,0.943551,1.26415,529.111,91.9615,96.3973,25.1849,1.77615,75.1617,61.1678,19.4703,25.6167,6.09084,48,0.330693,0.961957,1.18699,589.023,123.806,151.151,125.45,17.5704,78.2326,55.2695,24.04,36.8751,12.3955,47,0.283251,0.971756,1.167,451.237,123.978,106.636,77.6658,3.36752,65.0704,64.8482,18.2145,26.3385,6.74995,50,0.318831,0.854398,1.16303,439.882,101.222,96.1019,40.3469,2.54179,60.8386,56.3223,16.163,22.2465,3.79933,48,0.204686,0.821101,1.23889
decoupled_wbc_h066_p000,1757,fell,35.96,8,30.557,20.9422,1.6269,0.575488,350.825,88.2531,88.2109,34.0271,1.78595,58.459,53.2122,16.2676,27.9307,4.04507,44,0.253299,0.864975,1.02403,319.841,84.4641,94.3342,42.4669,0.730549,58.1706,50.9447,16.8348,28.036,2.96593,60,0.22446,0.809609,0.751271,319.25,93.3473,96.1798,32.5206,2.2346,58.7991,57.2557,16.9858,24.6797,3.81665,56,0.2079,0.78464,0.882565,353.318,76.2993,86.4203,41.4772,1.99953,56.5816,43.5423,16.1434,26.3874,4.07561,44,0.233114,0.83634,0.919544,458.464,106.995,116.931,39.0418,1.57897,61.7217,58.1878,18.04,26.9869,3.89526,47,0.20861,0.799287,0.962876,378.816,93.8478,89.5609,33.1442,2.04437,61.9443,58.1586,16.7309,25.409,4.45189,40,0.265888,0.943318,1.53737,390.264,106.912,95.5005,35.8971,1.74184,59.4112,62.5293,15.9891,21.3692,3.53587,55,0.226315,0.802976,1.05444,1548.36,347.121,270.164,48.2216,5.71794,108.227,62.1364,27.4168,29.7392,12.1216,1,0,3.04725,15.0427,,,,,,,,,,,,,,,,,,,,,,,,,,,,,,,,,,,,,,,,,,,,,,,,,,,,,,,,,,,,,,,,,,,,,,,,,,,,,,,,,,,,,,,,,,,,,,,,,,,,,,,,,,,,,,,,,,,,,,,,,,,,,,,,,,,,,,,,,,,,
decoupled_wbc_h066_p000,1758,complete,90,18,36.1622,4.18994,0.414837,0.572405,350.152,69.9941,74.1525,27.5937,1.91318,55.5386,47.9806,13.7039,23.1328,3.53789,37,0.287857,0.98107,1.52332,407.73,73.6607,94.2953,35.2668,2.05794,60.001,45.3545,16.3964,27.0436,5.98682,42,0.286796,1.01286,1.3824,366.803,75.9798,79.1207,42.567,2.43762,61.5014,49.8643,16.2735,28.6363,5.3279,45,0.274127,0.868232,0.844774,361.485,61.0493,70.9718,31.2164,1.28527,61.0792,44.0521,16.0762,22.9954,3.4165,48,0.312958,0.931673,0.873106,444.302,95.7865,81.1583,31.4558,1.63223,67.8525,57.9137,16.907,24.8029,3.55118,51,0.322328,0.88413,1.15704,525.365,142.045,116.492,53.0733,1.85711,81.5927,71.5989,21.9595,33.7717,4.05929,53,0.230251,0.831067,1.18116,392.041,76.3198,73.6574,25.6783,1.58473,59.9066,53.0753,14.68,19.7907,2.94755,43,0.361984,0.888412,1.42544,493.519,115.182,121.416,35.6635,2.52008,77.0236,59.1831,19.8711,26.7502,4.89622,49,0.324641,0.985979,1.08123,506.58,109.684,99.548,42.8225,2.27487,78.4932,62.6933,20.193,28.7852,6.57419,44,0.334546,0.871509,1.24155,510.713,106.096,86.1378,29.2495,1.40494,71.3399,61.4988,17.0653,30.4782,5.45885,35,0.44295,1.29044,2.2926,313.493,51.187,69.4151,26.9398,2.86403,47.1219,39.0756,13.4284,26.3945,4.07329,35,0.310759,0.942478,1.32852,515.901,114.047,135.307,77.0519,2.44164,75.66,57.8779,20.7222,42.3716,7.16346,38,0.386475,1.28415,2.13165,394.415,82.6786,116.534,34.604,1.87276,59.8519,44.6923,15.2835,23.4492,3.80966,44,0.244777,0.888922,1.08486,473.922,84.2874,94.2137,160.212,9.94539,60.467,52.6984,15.232,37.4921,9.1443,34,0.304023,1.02523,1.88425,506.262,143.194,139.179,40.1203,1.70213,70.7308,57.171,19.736,30.1137,5.40102,39,0.341189,0.980289,1.29283,548.926,169.383,99.7495,42.4006,1.93829,74.5481,68.9382,17.7944,27.3745,5.03125,45,0.282501,0.896958,1.42397,947.509,164.634,157.85,64.395,2.71841,91.244,69.6049,22.7051,42.9581,7.94437,36,0.341734,1.47026,2.72124,622.158,134.751,153.261,192.903,20.9767,82.6715,70.82,22.6742,50.1273,12.54,50,0.328985,0.936367,1.36843
decoupled_wbc_h066_p000,1759,complete,90,18,24.6205,3.22905,0.237262,0.176189,482.787,98.8294,85.0437,25.2826,2.46986,73.3796,58.5421,19.9627,33.5313,5.65514,51,0.318901,0.98604,1.28305,388.379,76.4071,74.9419,31.9788,2.71655,60.6285,53.3261,15.6861,28.2257,5.5918,47,0.310336,0.895167,1.09512,411.342,74.1866,105.028,23.6113,1.54366,64.9724,49.745,17.5874,27.3147,5.96883,47,0.259606,0.950143,1.26234,581.905,98.0129,98.9401,27.7404,2.31479,84.811,62.339,23.3962,31.6458,6.73386,56,0.286627,0.971242,1.3339,458.915,91.7082,96.4341,27.1775,1.31372,66.4388,58.0197,17.4831,26.2129,4.43509,36,0.353629,0.993773,1.87395,382.883,102.136,123.126,37.4408,1.68555,67.1967,58.301,18.8585,34.6717,4.1176,45,0.262403,0.936362,1.27305,601.05,114.482,107.146,31.2217,2.5268,82.6645,65.193,21.4666,36.975,4.48365,46,0.333332,1.06005,1.73214,387.774,52.3368,100.087,23.7422,2.36514,62.9952,38.9622,18.407,29.3221,4.66636,45,0.343221,1.01827,0.907997,660.718,125.076,88.2497,32.6282,1.77501,68.4993,60.5646,17.3258,27.8469,4.76878,38,0.368767,1.10923,2.41798,687.038,163.922,140.495,64.3179,2.37213,94.5942,77.6851,26.0609,45.8633,7.54729,47,0.372529,1.05361,1.90805,556.405,111.494,128.523,38.5043,2.9444,80.1991,58.5493,21.7922,36.637,6.22524,45,0.300273,1.10274,1.7887,654.18,151.938,138.14,29.9001,2.88069,92.1011,70.7654,25.9872,36.3439,7.96237,48,0.316396,1.13796,1.57873,490.979,107.755,116.059,40.0328,1.88442,78.2816,57.6043,20.6586,29.6225,5.71616,49,0.287807,1.01973,1.07411,398.896,100.351,129.15,52.684,1.9685,62.6889,56.1134,18.0957,23.7468,3.49313,48,0.213714,0.957296,0.846405,836.674,346.616,175.014,71.296,1.50334,100.576,96.8053,25.0141,32.9139,3.81688,42,0.401687,1.02249,2.53224,408.503,105.216,89.0601,40.4062,1.93846,62.1235,56.2241,16.0923,19.8252,3.31729,43,0.264674,0.787443,1.092,636.782,164.876,125.076,50.6577,1.45655,86.397,76.0201,21.4905,26.5083,3.69584,68,0.26317,0.885787,1.05188,544.443,124.715,75.0299,36.2691,1.613,69.3353,68.1312,16.5095,21.4399,3.43113,36,0.34055,1.0781,2.07354
decoupled_wbc_h066_p000,1760,complete,90,18,28.0169,3.77054,0.236335,0.119669,366.822,76.2925,85.0609,20.2189,1.79979,61.4484,49.3177,16.7286,27.5861,3.6897,47,0.300673,0.933806,1.07435,393.58,93.565,97.3643,40.5049,3.22155,67.1099,57.2123,18.6503,31.1894,5.80561,51,0.275547,0.973188,1.14287,384.46,102.525,119.909,27.9793,1.70133,66.987,60.0932,20.0658,31.8565,7.28083,51,0.269713,0.871704,1.17494,543.071,115.855,159.717,35.9618,2.05525,80.729,65.2161,23.4458,31.364,7.72886,48,0.360695,0.99923,1.38724,374.901,87.7448,118.564,32.3061,2.05705,64.0378,56.6827,19.7066,27.0923,5.54857,49,0.273603,0.962879,1.25019,674.024,133.895,135.232,93.097,6.77304,89.7837,72.8507,25.8907,40.9133,11.0096,39,0.36306,1.31108,2.54621,548.99,138.556,161.331,34.0583,2.58763,81.6843,59.4433,24.1742,30.0028,6.2803,44,0.338384,1.10618,1.29597,595.391,129.261,153.479,67.8998,2.18104,80.4961,62.5879,24.1399,39.2734,5.5143,42,0.408465,1.07604,1.69651,493.51,108.214,91.8787,29.2785,2.10107,74.4979,66.0389,20.8195,25.9158,4.11623,54,0.316406,0.87347,1.25463,516.486,98.0017,100.882,91.3532,4.92285,76.3209,66.9734,21.9353,31.5698,6.43011,60,0.293033,0.806231,1.04972,357.081,84.6035,88.9752,19.9356,2.23091,56.5084,50.4096,16.1773,19.9011,4.64554,54,0.243608,0.817303,0.982976,1943.44,470.536,390.34,46.5801,2.28362,165.689,121.707,55.4767,65.0512,10.0821,35,0.286438,1.26357,5.23228,592.154,120.091,78.234,24.8127,1.98293,71.0607,61.0537,19.5436,28.0746,3.75864,41,0.356144,1.26273,2.04442,762.576,193.351,153.303,29.1165,1.74009,92.4682,78.8667,25.4575,34.2511,4.53748,40,0.33359,1.11688,2.31875,824.967,166.733,131.275,28.2252,2.57156,92.6499,71.1748,27.3845,35.0252,6.86759,38,0.37727,1.33779,2.77829,490.408,103.949,97.1816,24.3962,1.92097,71.4355,61.6543,18.4747,24.69,4.82349,40,0.438424,1.28309,2.48062,597.459,145.153,162.529,36.0197,2.22392,78.8896,67.3041,23.106,31.3209,6.33591,49,0.352181,1.02618,1.51567,517.867,89.2229,102.367,30.6415,1.43232,73.3386,56.3701,19.5537,25.6908,4.15357,43,0.343218,1.1098,1.39675
decoupled_wbc_h066_p000,1761,complete,90,18,15.3061,2.27145,0.209847,0.149224,340.683,87.6957,93.9327,27.0418,1.43979,60.7697,55.8031,17.0339,26.5651,3.66834,48,0.239896,0.851212,1.12955,384.18,78.7101,81.0491,33.0673,2.00464,66.0592,54.6735,17.0022,23.0373,3.55036,48,0.299534,0.93511,1.30817,487.09,117.798,104.635,34.6687,1.06035,75.8776,61.6623,20.1113,23.8689,3.88281,51,0.262516,0.909513,1.11657,360.71,88.2657,84.0384,31.4964,1.68566,59.3156,53.9318,16.5379,23.7639,4.65051,41,0.296693,0.974399,1.24322,420.116,83.6663,66.7386,25.5776,2.98184,59.299,57.9649,14.7422,21.0144,4.7862,34,0.433808,1.18848,2.10686,344.838,73.3175,86.6049,41.6423,2.45759,58.5633,42.6244,16.3553,23.6059,6.38726,43,0.328243,0.990742,0.800284,359.433,94.0259,85.4827,35.0366,1.55079,56.649,58.5208,15.5713,19.2346,5.37446,48,0.302624,0.812262,1.13341,337.823,87.5336,102.7,39.4008,2.17608,60.7669,54.2907,17.4669,22.0289,4.96442,43,0.297666,0.917333,1.11619,471.157,117.153,98.7255,35.3641,1.67085,70.9513,68.6654,17.5854,21.9129,3.60855,45,0.308924,0.895145,1.50687,368.706,90.7023,97.2955,39.4221,1.3047,59.3747,52.9336,17.3108,23.405,3.70923,53,0.241827,0.844556,0.83731,538.558,99.655,90.9409,26.6263,1.58034,74.0858,65.4189,18.8441,24.7983,5.71718,44,0.282442,0.93384,1.60466,616.986,173.304,144.688,33.2334,2.30281,86.0385,73.6887,23.6007,29.1558,6.26958,41,0.37394,0.968671,2.10429,727.239,144.741,141.218,61.0581,2.05272,91.4456,69.0893,25.1582,32.6129,6.94547,48,0.278513,1.14524,1.43046,862.38,162.983,146.9,120.235,2.10213,96.8644,77.116,23.3604,33.249,6.72079,45,0.392582,1.1077,2.09039,552.789,115.576,126.84,31.8168,1.86081,71.367,59.6488,18.8001,26.6738,6.00339,42,0.387232,1.04881,1.72514,416.268,104.788,118.169,52.2108,1.39702,61.4461,55.1814,17.7803,25.2555,5.07649,38,0.214199,0.88004,1.40418,325.148,61.726,69.5365,37.144,1.658,56.5945,42.6343,15.0103,21.0768,3.91607,52,0.243149,0.764375,0.706789,414.53,119.624,119.788,47.3005,1.87448,66.0481,62.5506,18.6957,32.1411,5.33058,52,0.256264,0.848073,1.01713
decoupled_wbc_h066_p000,1762,complete,90,18,17.4937,2.55408,0.137726,0.183867,389.275,76.4039,65.6773,20.3775,2.21011,61.3397,53.3568,14.026,25.341,3.66414,37,0.407643,1.13268,2.01174,488.865,86.2655,91.9717,26.2235,1.8658,69.9419,56.8269,17.8707,29.4948,4.22959,41,0.326061,1.10095,1.48292,392.814,75.8093,116.288,88.4687,2.38488,66.3522,53.2001,19.4664,29.5576,4.65262,49,0.265778,0.91812,1.04381,390.124,73.1853,89.4658,28.2264,1.68984,63.7345,51.0465,16.2499,23.6798,3.51758,45,0.244017,0.869904,1.08791,316.087,109.012,95.4206,36.4027,2.10009,54.5611,57.7539,16.137,25.5456,4.40225,52,0.150938,0.731172,0.832537,489.503,112.991,105.29,37.4957,2.2289,74.6477,61.4758,18.5649,26.8641,5.88967,47,0.325709,0.846107,1.20654,335.351,74.9361,70.3089,23.7286,2.30284,52.7481,52.3638,13.7353,20.781,4.05948,43,0.252939,0.851918,1.20648,435.536,104.009,119.064,49.0362,1.69405,65.352,55.6343,18.7596,32.9372,4.23308,43,0.284563,0.8793,1.33846,389.787,80.5468,76.6866,27.8026,2.03761,56.7216,53.9685,14.355,24.5207,3.68118,44,0.275669,0.828157,1.2093,366.493,120.505,112.706,42.4064,2.14739,63.2841,62.4052,18.02,35.4495,5.58019,58,0.224617,0.789463,0.914717,911.143,265.828,139.681,51.0002,2.68865,98.3397,87.0304,23.5335,43.1466,4.62575,38,0.380368,1.07678,2.77559,480.596,97.8959,91.4214,41.2751,1.50998,69.1122,55.2512,16.1028,30.8947,3.56556,53,0.278367,0.833035,1.03215,550.86,106.492,68.2515,29.8508,2.65578,70.6983,65.9701,15.9223,24.1791,4.23187,39,0.361683,1.00477,1.80456,333.54,79.4767,109.676,26.0894,2.0956,58.4264,54.8541,18.2287,24.9466,4.58895,54,0.243493,0.886578,1.00465,439.73,115.982,104.878,24.2082,1.74092,71.0323,61.7127,20.073,26.8025,4.52606,47,0.383102,1.00676,1.25727,448.384,87.1414,126.049,45.2672,2.20946,66.1465,49.4363,19.2715,28.7662,4.50651,44,0.355053,1.07248,1.2243,467.726,137.241,93.8083,46.332,2.39119,67.9006,67.8628,17.1755,25.644,4.39034,52,0.250006,0.806201,1.02374,549.469,107.638,103.71,43.3137,1.45407,70.846,60.2698,18.0034,28.5602,4.77854,34,0.347095,1.04768,1.98541
decoupled_wbc_h066_p000,1763,complete,90,18,20.8378,3.51523,0.352079,0.272619,417.342,99.5217,121.019,43.9573,2.81505,67.5833,58.5071,20.1402,28.5431,5.75471,46,0.301173,1.05874,1.5684,378.548,73.0756,70.2596,28.4278,1.67025,55.1714,48.1695,14.8384,23.1659,3.77555,36,0.379006,1.12853,1.70762,422.103,75.6851,84.2661,25.6488,1.65811,66.5866,55.1247,18.5859,26.1314,3.99063,47,0.326178,0.969037,1.25929,330.507,68.1132,61.3528,27.335,1.98066,49.0709,46.0684,13.5203,18.2209,2.9692,45,0.281184,0.77988,1.15758,465.33,85.2196,114.422,46.4208,2.26396,63.7202,47.7591,19.3727,31.4936,4.67113,46,0.307912,0.919589,1.11991,539.758,111.254,110.143,31.6336,2.54796,80.6322,66.1355,22.2534,28.6511,5.76192,57,0.315792,0.93186,1.24651,419.396,55.8357,53.7905,25.8017,1.56604,61.1975,46.9566,14.379,20.6392,4.17088,35,0.434072,1.14685,1.74011,459.463,108.242,117.561,28.327,1.879,75.8104,64.4028,21.6091,33.4365,5.58638,58,0.317246,0.903224,1.16357,370.159,85.1109,79.979,29.6037,1.76632,61.75,56.9113,16.7157,29.967,3.99688,58,0.296832,0.845986,0.802768,717.03,182.721,128.438,36.2309,0.916309,91.5222,74.7733,25.7993,41.4552,4.83184,40,0.295558,1.02858,2.18667,389.806,91.059,121.096,35.9398,2.05705,66.2733,55.4601,19.4002,31.8355,3.33582,50,0.303202,0.991053,1.09031,539.034,135.831,118.606,49.5479,1.09278,74.453,64.2606,19.2094,37.7817,3.39554,33,0.335341,1.15327,2.31238,686.845,132.969,122.541,138.173,1.96503,85.839,71.9521,21.1167,49.5997,4.98312,46,0.293018,1.05208,1.64544,329.536,94.0582,80.3893,34.5565,1.79842,58.5037,58.5031,16.4935,33.1731,2.867,53,0.224754,0.760735,0.876489,826.012,136.983,111.506,51.0043,1.29007,87.6204,59.0663,24.0728,41.6817,3.38243,34,0.336529,1.23787,1.76973,480.445,111.546,99.2355,36.9635,1.4914,70.9424,59.9254,18.6442,38.8925,4.00223,49,0.320467,1.06611,1.39625,1224.81,263.535,275.097,61.9088,2.42823,107.122,83.0588,34.6543,55.6748,7.30563,44,0.331241,1.02178,2.41248,1355.52,303.687,197.102,52.455,2.22397,118.234,91.1851,30.4922,52.2114,6.68504,38,0.304451,1.31186,4.14803
decoupled_wbc_h066_p000,1764,complete,90,18,27.7589,3.6459,0.210797,0.175671,454.913,103.066,62.285,18.8853,2.01797,64.5829,60.3086,15.0612,22.5534,3.52852,49,0.340328,0.905421,1.58559,464.421,106.11,141.303,43.1683,2.08303,70.1858,60.2479,20.9185,31.1746,5.14445,49,0.2808,0.942315,1.15126,364.404,84.6015,100.928,57.1914,1.77896,60.9022,51.2487,18.2308,28.8985,5.29845,50,0.271822,0.912107,0.939591,386.502,71.9474,95.9097,24.5171,1.87171,60.1248,46.5019,18.0486,24.949,4.47783,46,0.3284,1.01494,1.07496,474.699,100.682,90.1595,34.7031,2.38519,65.297,59.6847,18.4517,27.7471,4.60638,41,0.338521,1.08883,1.76806,383.311,78.9015,88.8675,71.4407,3.17339,58.3818,49.5829,16.533,27.6497,5.58952,35,0.339241,1.25124,1.85969,336.431,76.1782,68.0336,59.1006,2.6715,52.9944,47.6368,15.6295,23.1629,6.63962,45,0.265283,0.928609,1.09652,429.975,70.9795,85.0965,19.6826,1.94254,65.9352,50.0555,17.6391,22.0412,3.98585,41,0.337269,1.01795,1.18614,432.926,99.3671,74.6021,14.5039,1.78908,65.2316,58.1548,16.8744,25.7239,4.34009,40,0.346055,1.08349,1.90491,417.024,86.6808,90.8534,19.8599,2.33079,66.9028,60.4249,17.8877,26.1395,4.883,46,0.276245,0.867636,1.10983,409.898,83.1412,80.5628,21.9765,2.33258,62.6531,49.6634,16.9662,22.5789,4.12071,43,0.311948,1.05051,1.2457,509.957,101.578,86.778,57.7814,2.55685,66.4314,53.9034,17.4662,28.7155,4.88497,33,0.409799,1.26156,1.89627,430.55,71.2957,120.776,224.341,8.716,72.9187,53.0854,22.0028,42.8612,12.1585,48,0.299953,1.04094,1.36573,507.503,100.324,133.406,32.7606,2.52876,73.3096,57.5281,23.7897,32.5467,5.71091,39,0.363041,1.09884,1.79635,698.447,99.3926,148.015,293.241,11.5469,82.1954,62.5059,27.4494,69.5053,14.1979,32,0.42934,1.28542,2.42617,680.92,196.449,156.085,38.8103,1.82273,95.7873,79.2801,27.6432,38.9989,5.60281,48,0.370191,1.00556,1.52749,486.259,97.7809,107.344,56.6573,2.68725,70.8118,54.9944,19.4395,34.7362,6.29237,42,0.338339,1.14251,1.3737,745.866,148.704,156.701,31.8242,1.14295,100.746,75.3735,27.8323,31.9067,4.99007,48,0.271635,1.00983,1.82227
decoupled_wbc_h066_p000,1765,fell,41.86,9,28.2823,22.5796,1.1114,0.738761,499.469,108.797,102.836,38.0615,1.61904,76.336,66.082,19.6285,33.8297,4.10514,56,0.275905,0.824746,1.1201,457.123,100.357,89.0658,35.8881,2.32165,71.2553,61.8347,18.4445,37.8093,4.4203,48,0.3371,1.00138,1.30229,431.26,113.203,106.245,37.6361,1.90761,70.5761,63.9892,17.947,34.8194,5.3798,53,0.277599,0.768292,1.09419,328.564,67.6964,58.6589,21.1956,1.42178,51.2888,49.583,12.7308,21.1121,4.21873,44,0.30278,0.882726,1.43133,366.214,69.606,85.0679,20.0346,2.24133,58.9733,46.9373,17.1972,26.3909,4.44759,48,0.268453,0.982085,0.980636,343.378,64.9764,82.9858,28.8949,1.99492,58.1247,45.4575,16.9126,29.6993,4.37273,47,0.326185,1.01123,0.934276,414.148,87.8204,101.511,25.7611,1.458,65.2068,54.8477,18.8627,28.663,4.22617,54,0.262145,0.856806,0.911508,386.886,77.8624,96.178,36.1833,2.20535,62.9373,51.1051,17.6425,31.9108,5.76376,53,0.259909,0.876801,0.807515,7009.26,847.008,832.94,278.538,22.3874,321.461,148.142,76.4747,105.817,25.3692,5,0.078801,2.75496,38.1689,,,,,,,,,,,,,,,,,,,,,,,,,,,,,,,,,,,,,,,,,,,,,,,,,,,,,,,,,,,,,,,,,,,,,,,,,,,,,,,,,,,,,,,,,,,,,,,,,,,,,,,,,,,,,,,,,,,,,,,,,,,,,,
decoupled_wbc_h066_p000,1766,complete,90,18,19.497,3.13389,0.0968112,0.0905927,414.811,87.9699,108.144,25.8827,1.34092,68.9545,53.3329,19.2639,29.0703,4.29188,51,0.297544,0.937324,1.14149,382.813,69.7132,91.794,27.2506,1.88046,65.7493,51.0318,16.8487,26.2999,3.69991,47,0.299019,1.07257,1.21851,487.988,90.266,82.6795,19.7793,1.86053,75.0906,63.5795,19.4742,27.4636,3.49286,63,0.313,0.818013,1.09333,502.435,108.122,101.474,29.3484,2.11749,78.7336,69.1798,19.7597,28.4381,4.1592,53,0.279484,0.832465,1.1978,450.482,91.9308,123.122,33.6302,2.4791,66.5593,53.5256,20.118,24.5092,4.2072,45,0.33826,0.974014,1.31439,428.169,86.1481,90.036,32.2484,1.71333,68.2879,58.3543,19.6627,26.638,4.53289,54,0.274855,0.869217,1.00588,445.816,99.8516,140.127,120.385,12.0544,70.1674,55.2532,20.4521,32.3628,9.19067,47,0.325777,0.939646,1.31789,554.028,85.0541,78.5575,27.7192,2.17462,74.8457,55.0077,18.5548,21.2223,3.70219,30,0.436244,1.14568,2.56008,815.132,137.939,169.128,38.3235,1.85848,99.6685,70.9534,28.0399,35.3254,7.50529,44,0.329581,1.25022,2.261,551.994,114.689,129.908,36.5445,1.55499,80.4505,68.0539,23.2331,28.9639,6.32411,49,0.244463,0.901941,1.35367,356.088,78.124,89.3356,27.0145,2.36889,59.8229,50.7073,16.8557,21.4583,4.37147,51,0.261912,0.894725,1.05887,487.965,90.3058,99.1149,28.62,1.19132,69.3558,50.0399,20.6032,29.7778,5.4723,45,0.32692,1.20661,1.09509,507.929,107.284,107.232,28.6429,1.60468,75.0571,65.4381,19.6672,32.9578,6.39004,47,0.353099,0.975124,1.44461,406.939,75.8961,73.6775,29.9568,1.78489,62.3641,45.3651,15.9659,26.0507,4.86438,38,0.361813,0.93204,1.17326,692.203,154.711,121.989,33.0216,1.72749,93.6861,80.1974,25.1367,42.1957,7.57761,56,0.310019,1.0584,1.34317,389.007,71.2609,80.5247,27.0106,1.63997,64.1189,45.6263,15.6609,29.0348,4.38734,48,0.292916,0.95232,1.02948,349.728,70.8445,72.2401,31.924,2.02437,57.9591,52.5102,14.7183,29.1341,4.08033,56,0.258762,0.82498,0.930757,429.199,80.7491,100.562,35.716,2.02988,58.4278,52.5264,16.9574,30.5991,5.12606,49,0.292098,0.874005,1.11049
decoupled_wbc_h066_p000,1767,fell,60.8,13,24.9608,8.06002,2.71698,2.52865,535.496,104.675,151.922,28.9508,2.6257,76.208,58.5131,22.4632,36.6285,5.20164,40,0.409185,1.11338,1.65223,329.027,66.6209,79.7861,25.3606,2.3538,56.7096,43.35,15.4736,27.2637,2.97809,41,0.283426,1.02517,1.06633,304.798,68.5692,64.1755,42.7861,2.43653,50.6432,48.1843,14.6883,30.6899,4.5444,43,0.281853,0.905774,0.924899,421.189,81.6715,102.476,53.2468,2.59963,60.6371,50.3777,16.8688,31.0801,4.71721,41,0.296364,1.05421,1.51269,360.951,58.8101,66.0189,22.7929,1.77782,61.946,48.2518,14.8615,23.2637,3.22892,46,0.312697,0.956987,1.22516,471.852,87.8768,92.4064,20.7666,2.11635,73.8807,58.3531,19.1455,27.3158,3.94394,46,0.380095,1.08023,1.6442,413.197,87.0545,78.3619,21.0094,1.6149,62.1742,55.8571,16.2157,26.3182,3.04875,41,0.365377,0.996894,1.89658,447.649,109.139,112.82,50.2958,1.74241,70.9187,61.1537,18.9794,35.7812,4.97507,52,0.225237,0.99139,1.32529,493.036,98.2057,111.077,25.5464,2.84338,74.1007,57.7715,19.2443,34.7781,5.51815,51,0.320093,1.12692,1.35533,453.871,100.72,85.449,27.857,2.27836,63.5367,59.0644,15.0041,30.249,3.85696,37,0.366481,1.24103,2.18947,384.419,105.751,103.349,37.2793,1.25207,65.1459,60.9047,16.7401,32.7418,2.8562,53,0.274685,0.981685,1.13763,427.936,121.27,107.85,40.721,2.28437,68.7977,62.0012,18.7947,32.7177,3.05555,43,0.323141,0.980055,1.48324,2041.89,234.848,420.84,142.176,2.9264,94.6815,35.5757,27.9382,36.7621,5.647,4,0.18288,1.06923,8.49083,,,,,,,,,,,,,,,,,,,,,,,,,,,,,,,,,,,,,,,,,,,,,,,,,,,,,,,,,,,,,,,,,,,,,,
decoupled_wbc_h066_p000,1768,complete,90,18,20.2866,3.39833,0.277422,0.319864,350.367,74.7644,85.0476,21.3254,1.74126,63.1425,50.785,17.2441,26.4024,3.99188,49,0.286046,0.906581,1.03836,331.351,80.2651,76.1429,33.9488,1.50203,53.8343,52.2763,15.451,22.3157,3.69202,51,0.241509,0.808257,1.1149,497.848,90.2765,117.436,82.4856,2.15745,72.8946,52.9301,20.8921,31.3177,5.50608,45,0.359704,1.04275,1.2935,461.604,97.1894,128.331,38.0321,2.87179,69.4092,53.7638,20.5761,27.8375,5.10792,47,0.324869,0.923788,1.10779,479.172,103.075,109.034,29.6875,1.92798,72.8243,57.3573,21.7208,26.0758,4.61086,41,0.330171,1.18345,1.64921,494.484,95.8685,89.6553,24.2412,1.63048,68.2003,57.4202,17.8015,24.6858,4.08249,40,0.331027,0.996175,1.50824,433.946,85.108,117.361,27.7102,2.32572,68.5284,56.1942,20.6675,33.1826,4.87141,38,0.350967,1.11629,1.49737,794.678,221.751,178.777,42.4276,1.85182,94.2833,79.2295,27.5051,44.4565,6.01118,39,0.372664,1.22787,2.08423,523.826,122.223,91.6227,31.8601,1.7553,80.0779,68.0513,19.4122,29.6298,4.05569,61,0.306346,0.770568,1.12712,346.036,79.5982,102.359,70.0716,2.85033,58.5138,53.8147,18.5411,33.5754,4.98608,54,0.266639,0.873696,0.803521,533.625,117.556,144.325,72.5073,2.97041,76.6981,60.922,22.0752,39.0588,5.78499,46,0.313756,0.991436,1.51233,510.978,97.5491,87.2731,34.6817,1.6648,69.2093,61.609,19.5874,32.4472,3.51291,35,0.411965,1.34171,2.15112,499.42,92.1503,100.531,33.2021,2.15331,70.7533,59.3681,19.4954,26.6611,4.68091,40,0.30065,1.05081,1.59741,482.453,85.7572,115.641,33.7834,1.33873,63.9648,53.3143,18.5089,24.6247,3.69023,40,0.295635,0.987549,1.79601,386.118,56.2531,69.302,27.9074,1.57961,62.5377,43.1346,16.7637,23.3941,3.66914,48,0.300997,0.995275,1.02675,424.458,95.8354,87.9535,28.6515,2.12127,62.5547,55.5387,16.6114,26.9699,4.17908,40,0.332954,0.867377,1.63745,354.621,72.4785,73.4047,20.0544,1.23412,55.907,49.6367,16.081,25.3002,3.99716,44,0.31499,0.854056,1.14123,584.824,109.349,102.02,26.1069,2.00487,78.4011,63.4069,21.5629,29.5787,4.82144,32,0.393468,1.36456,3.1038
decoupled_wbc_h066_p000,1769,fell,30.82,7,23.9538,5.44799,1.73874,2.15538,456.448,88.2419,99.7207,45.58,2.13953,64.336,56.9176,17.1077,27.5581,4.85594,48,0.313549,0.896499,1.45325,410.566,127.584,116.64,38.5059,1.88868,67.9585,68.6641,18.796,27.9578,4.28052,54,0.20749,0.745566,1.05484,364.628,107.047,93.2049,38.7169,1.60917,60.215,58.3349,16.8598,27.7777,3.69771,58,0.232037,0.807272,0.832862,395.348,101.376,94.9729,63.3088,2.82018,59.7079,61.5194,15.2086,28.2682,4.06279,59,0.216569,0.6928,0.919093,317.682,87.1741,101.48,41.5896,1.87431,52.3838,49.3749,16.5918,25.444,3.58109,55,0.213874,0.847226,0.817921,422.971,107.293,100.722,36.8971,1.48142,67.0734,58.7464,17.6008,24.9283,3.94618,46,0.276133,0.952629,1.30542,1655.05,376.07,301.229,42.9205,0.461685,77.9128,54.6211,28.0207,24.2895,2.96857,2,0.089222,3.93452,63.7539,,,,,,,,,,,,,,,,,,,,,,,,,,,,,,,,,,,,,,,,,,,,,,,,,,,,,,,,,,,,,,,,,,,,,,,,,,,,,,,,,,,,,,,,,,,,,,,,,,,,,,,,,,,,,,,,,,,,,,,,,,,,,,,,,,,,,,,,,,,,,,,,,,,,,,,,,,
decoupled_wbc_h066_p000,1770,fell,76.46,16,29.0885,4.44314,1.64244,1.47843,395.925,68.5996,73.4768,30.0636,1.83118,61.7613,45.6601,16.8964,26.6608,3.4679,49,0.253175,0.883659,0.846541,403.08,74.2159,84.9273,31.6093,1.32108,62.172,49.5114,16.47,24.7286,3.29708,45,0.325257,0.94564,1.17195,396.949,81.563,72.1193,37.5182,1.78981,60.1511,56.5875,14.5967,28.1563,3.81017,34,0.36945,1.18649,2.14588,339.74,94.2515,104.945,53.1465,2.10982,55.4024,50.148,16.6329,32.1658,4.15405,44,0.25796,0.914377,0.921573,423.541,102.229,91.3179,28.6841,2.24436,71.7429,65.4422,18.3454,33.7717,4.29792,60,0.290407,0.865661,0.989722,483.04,118.294,97.6785,35.1342,2.31532,71.0703,67.7741,17.7019,34.9086,5.04773,43,0.362843,1.0627,1.76323,505.709,98.0886,102.23,115.039,6.55704,74.4272,60.2898,19.6065,42.2965,6.8813,46,0.30293,0.994868,1.07016,492.968,107.898,95.2828,103.377,2.15114,71.8615,59.517,17.0586,36.4367,5.03039,50,0.284539,0.845975,1.30943,328.487,79.693,110.763,96.5645,4.75771,60.9201,51.3574,16.2134,34.9857,7.23396,43,0.208926,0.910971,1.09581,373.009,121.368,108.002,50.5663,1.6146,63.7515,51.4739,19.1221,30.3582,3.76026,48,0.276546,0.899328,0.907937,531.614,117.86,104.595,50.842,1.45802,71.6064,61.4376,17.212,33.9904,5.05963,52,0.274784,0.932519,1.56248,567.18,103.67,87.0111,47.7601,1.90125,71.1801,53.7353,18.3205,25.3621,4.28697,45,0.293305,0.963253,1.30779,386.079,143.067,108.736,67.8611,2.83351,63.0072,57.6064,17.8021,33.5559,3.77135,39,0.284974,0.94182,1.20004,503.173,111.175,101.515,158.219,7.66538,74.6451,60.3013,21.3382,42.9953,7.05611,47,0.329062,1.01016,1.22469,438.197,97.9908,92.2269,37.5605,2.49788,66.7638,59.6661,17.9295,22.6088,4.455,53,0.280346,0.783636,1.16586,2825.64,595.234,472.134,107.558,1.96122,152.239,84.372,47.3723,41.0281,6.83442,2,0.349678,0.946549,0.852325,,,,,,,,,,,,,,,,,,,,,,,,,,,,
decoupled_wbc_h066_p000,1771,complete,90,18,16.2365,2.25551,0.324546,0.294083,443.904,94.6739,87.3715,31.5832,2.8436,68.8773,58.2378,17.1487,27.1965,3.90369,52,0.296303,0.815158,1.16541,296.255,79.3584,100.056,41.7709,1.99632,59.6066,43.7911,15.8893,25.0013,3.66232,45,0.28541,0.914218,0.931268,350.952,102.54,94.7047,34.2056,1.65305,56.6878,57.6929,17.3476,23.9293,3.88175,52,0.20043,0.824026,0.950761,417.475,117.24,96.5443,27.8538,1.88832,61.0063,62.7081,17.2838,23.6156,3.73025,48,0.305301,0.949958,1.49269,537.963,124.167,132.365,138.026,4.42762,80.3298,62.8494,21.8056,30.5221,5.75858,42,0.327037,1.03157,1.45995,428.454,97.2469,88.1169,70.0942,2.86394,60.3789,57.4279,16.2486,24.3762,4.43394,43,0.26094,0.80129,1.2649,394.269,107.034,95.289,61.0513,1.49437,63.3541,60.7708,18.7225,28.1512,4.56891,51,0.245378,0.900929,1.17154,458.677,89.7476,79.4766,30.0526,1.68676,68.8002,56.7704,17.5637,20.2995,4.08077,44,0.317999,0.965448,1.38945,456.065,88.4408,92.451,50.9911,2.12499,67.9959,54.054,18.3217,23.0535,4.72103,47,0.328968,0.928864,0.916725,644.289,143.454,153.476,56.22,2.39775,87.8378,75.0601,26.3595,32.8514,8.72041,51,0.306995,1.00688,1.3834,376.833,85.8262,92.0738,28.6752,2.1353,62.0719,52.7564,19.3048,22.7713,7.10545,51,0.301346,0.957971,0.850051,375.579,83.7302,87.181,26.7598,2.50961,58.8015,50.5068,17.6601,21.8774,6.52034,41,0.260473,0.868367,1.33135,481.632,101.688,111.058,35.0715,2.76705,67.7551,58.9405,18.6565,25.1678,6.11004,45,0.280084,1.10459,1.56685,495.841,181.634,150.267,81.5374,2.12726,74.8289,70.9328,22.3931,31.3557,6.43995,52,0.276455,0.933731,1.20996,405.212,82.9799,83.0542,25.9973,1.24306,61.8432,53.0415,16.3933,20.708,4.39477,46,0.29399,0.956426,1.34735,306.976,75.7614,87.3296,27.5835,1.25321,49.6181,49.5128,15.5101,19.9372,4.0173,41,0.261655,0.890295,1.46123,405.745,93.2007,113.06,35.8556,2.01068,63.41,49.0686,18.7654,25.4591,5.67394,42,0.339537,0.974119,1.0014,386.634,76.3046,62.8982,32.0615,2.53741,57.4485,51.1935,13.572,24.3967,3.58733,38,0.360665,0.978572,1.83483
decoupled_wbc_h066_p000,1772,complete,90,18,15.8368,2.45024,0.288296,0.196634,360.67,74.8644,93.2438,34.0865,1.73904,59.75,52.2871,16.4305,23.2878,3.94683,48,0.270539,0.883237,1.08389,373.925,85.5985,91.9748,29.3152,2.53094,66.2182,53.1183,18.3357,22.4088,3.98967,55,0.287198,0.881057,0.903939,450.176,100.196,106.46,42.8158,2.35447,68.7186,57.8665,20.1321,27.4671,5.86824,44,0.364194,1.07917,1.29657,420.272,91.238,80.5503,47.6686,2.15864,64.868,57.854,16.6387,28.6853,3.42105,44,0.287444,0.946857,1.46414,500.987,105.025,86.7977,31.6086,1.6596,73.463,59.2369,19.1111,28.0321,3.2924,40,0.35163,1.13978,2.07097,296.468,44.7343,80.3065,31.618,1.69488,52.6392,41.6922,15.2552,22.1241,2.85266,51,0.245604,0.835017,0.816308,312.563,70.4449,68.7798,27.5627,0.986618,48.433,49.1032,14.4777,22.4737,3.22831,48,0.258372,0.756311,0.938285,508.142,110.893,106.621,32.0108,2.23682,74.5379,60.1957,20.2505,32.02,4.01462,44,0.320936,0.94788,1.44721,537.392,101.336,115.098,46.2077,2.15398,72.9605,57.171,21.1887,38.2218,5.91035,46,0.358586,1.09711,1.44305,467.838,105.95,119.868,44.6608,2.13278,71.8574,55.5291,20.4066,33.861,5.54509,49,0.313738,1.01883,1.08376,447.726,93.8161,100.777,32.8328,1.98186,71.3593,60.6103,19.4533,34.8005,4.95662,63,0.266704,0.873377,1.0148,469.612,141.531,125.979,34.8647,2.50501,73.4288,71.2554,20.4821,35.5855,4.10423,53,0.273657,0.863605,1.14297,896.858,182.799,117.903,174.265,7.30755,92.8826,75.1894,22.5198,49.9483,7.52578,35,0.360318,1.06669,2.81446,523.076,108.9,124.626,35.1278,2.32209,68.4764,61.584,19.8993,34.2682,3.73042,42,0.251922,1.16261,2.04444,536.52,132.251,119.843,35.0467,1.23309,70.8667,60.8224,19.7715,34.2254,3.39427,33,0.338128,1.07798,2.16433,515.792,95.1158,102.827,87.2133,2.35401,71.1333,53.8728,17.4836,35.9056,4.34708,30,0.451541,1.31577,2.26756,369.57,71.2961,120.626,33.2074,1.34069,57.6986,46.9409,17.0126,32.4436,3.28748,43,0.301209,0.9471,1.23344,1341.17,217.571,253.497,70.8901,0.866776,126.911,87.3664,38.4325,55.3022,4.74292,34,0.407869,1.25546,3.62727
decoupled_wbc_h066_p000,1773,fell,66.12,14,17.5128,3.91242,0.823102,1.0368,371.785,95.9242,100.649,26.6125,1.76051,59.3322,56.3204,17.5207,25.7672,3.8526,35,0.250895,0.95392,1.41978,364.938,77.0181,93.7365,30.7106,2.57514,55.2947,49.0365,15.5766,23.194,3.96767,39,0.352387,0.96896,1.54009,359.37,77.8337,100.972,23.5876,1.65137,62.4053,51.8273,18.3897,25.728,4.40811,49,0.317902,0.930877,1.13435,399.916,69.2329,76.5821,23.2265,1.91465,57.8239,49.3804,15.2672,25.4865,4.02923,42,0.350899,0.893983,1.58527,389.744,83.7556,123.273,36.0233,1.50701,64.342,51.7488,19.3959,29.9305,3.49883,58,0.199295,0.906068,0.896419,466.039,116.459,133.171,119.696,2.63818,74.3771,63.0073,21.3283,41.116,6.17952,54,0.281706,0.91604,1.12777,387.978,115.052,101.182,33.3638,1.58545,69.1155,64.1266,18.2164,29.4372,4.08381,55,0.200966,0.790069,0.985632,357.142,73.0019,82.859,37.7332,1.21501,55.3998,45.1992,15.4405,25.6335,2.72093,40,0.283284,0.905011,1.10408,491.217,106.718,80.2972,61.0738,1.79443,66.5257,65.641,15.1141,31.9216,3.34074,46,0.366471,0.982476,1.74348,387.056,96.6485,104.128,139.37,4.23743,60.6829,56.0695,17.2608,37.5397,5.48805,56,0.190291,0.868105,1.01246,427.288,99.5049,79.3633,45.6719,3.04647,62.334,61.499,14.6944,31.5597,3.90422,47,0.286006,0.777358,1.1945,635.273,146.05,105.908,44.267,1.4714,79.4391,68.6679,20.3873,37.8675,3.1579,39,0.368718,1.18148,2.07343,364.696,55.6484,87.5344,30.5047,1.68966,57.7297,41.4583,16.2774,28.5938,2.76517,42,0.334924,1.04179,0.967766,2405.95,319.885,253.743,59.7457,0.886663,124.901,68.5134,31.9059,42.8017,4.54071,0,,,,,,,,,,,,,,,,,,,,,,,,,,,,,,,,,,,,,,,,,,,,,,,,,,,,,,,,,,,
decoupled_wbc_h066_p000,1774,fell,70.66,15,21.5073,4.89749,1.35307,3.09445,312.805,57.0005,61.7139,23.7766,1.75509,50.0882,42.2058,13.341,24.9732,3.51195,41,0.308372,0.917335,1.13673,305.775,68.2485,74.6,32.9015,1.69942,54.4303,46.3577,15.1791,30.1121,4.96972,41,0.303752,0.92731,1.24126,416.146,75.3361,91.8688,32.7493,1.11585,67.9914,47.4995,18.3972,27.4009,3.71927,51,0.28361,0.894379,0.813231,369.018,109.29,105.691,59.9755,1.97383,61.9062,61.8549,17.3732,26.9793,4.44873,48,0.22878,0.780075,0.959476,533.589,105.802,106.868,27.4501,1.34018,80.4352,70.1672,20.781,26.876,2.97535,54,0.301097,0.948961,1.48367,448.137,99.1525,85.7738,37.8327,2.46605,69.9479,57.9659,16.3027,22.5789,3.55946,47,0.273766,0.900534,1.26035,540.458,115.285,211.388,167.155,6.7315,80.1899,61.442,25.348,35.2054,7.40744,52,0.299405,1.05488,1.27454,444.277,69.3587,77.7138,24.1552,1.3235,67.9576,54.8328,16.4091,18.7765,3.7954,46,0.328061,0.948288,1.54843,553.003,131.159,117.768,34.4001,2.36298,75.3012,56.9883,19.7754,25.6038,4.66519,45,0.287461,0.869046,1.26225,434.425,74.2999,69.6744,128.796,10.0467,61.8478,53.0536,14.4984,27.8655,8.12644,37,0.364906,0.962019,1.82483,469.825,108.545,107.797,28.1647,2.14955,72.705,64.1257,19.8147,29.7442,5.63811,49,0.296141,0.980509,1.10804,563.406,123.953,174.009,198.243,7.02392,80.8815,64.9216,22.7716,44.0592,9.09568,45,0.308732,0.943534,1.6507,463.353,84.042,94.5211,26.8617,1.70518,67.5897,57.5058,17.237,28.3197,5.49374,43,0.300338,0.98732,1.72316,610.85,107.825,100.549,36.7568,1.78792,79.2756,60.3889,20.78,36.0023,6.68525,39,0.328732,1.21326,2.08163,2663.17,116.471,312.249,182.86,18.8135,100.328,25.0845,26.1121,52.387,14.1114,2,0.135872,0.625635,1.01157,,,,,,,,,,,,,,,,,,,,,,,,,,,,,,,,,,,,,,,,,,
decoupled_wbc_h066_p000,1775,fell,80.68,17,17.6125,3.44441,3.28242,3.35079,393.244,86.9237,91.7964,30.1918,1.79192,63.3023,55.9666,17.3939,29.993,4.91948,46,0.2935,0.920261,1.16147,392.719,125.604,104.481,42.5814,0.974725,64.7336,63.5136,17.804,30.5807,4.37748,53,0.240625,0.822261,0.928829,498.549,129.05,87.1582,74.5167,2.07757,68.7406,64.2194,16.4449,33.4516,6.42438,46,0.336832,0.970432,1.80359,354.526,65.3465,61.5858,39.2005,1.85506,54.2068,48.8698,13.2786,24.4869,4.04698,42,0.27682,0.86901,1.07234,516.067,140.959,104.408,49.4404,1.80771,74.568,71.4348,17.7024,32.2016,4.01142,38,0.445759,0.996282,2.07421,469.76,120.316,134.975,67.9084,1.60504,73.0529,64.9652,21.262,34.9452,3.66799,48,0.321795,1.01902,1.14169,397.681,85.5631,78.9004,33.382,1.47664,57.1791,56.7118,15.4787,19.8427,3.14228,37,0.297971,1.02611,1.89406,460.749,97.8101,126.429,153.873,4.86015,68.8577,54.9948,21.5059,45.488,7.48618,51,0.230116,0.852203,0.874104,427.675,89.7123,91.5573,28.9405,1.89067,61.6163,53.7702,16.6784,21.6351,3.5127,44,0.288999,0.974334,1.31423,404.831,149.317,115.58,41.4343,0.937702,63.8856,63.8062,18.2673,26.9686,4.31366,50,0.235191,0.818406,1.00925,396.7,56.4368,69.3232,29.8003,1.29832,62.6839,41.8285,15.5158,22.7342,3.60284,44,0.333317,1.03707,1.02069,500.396,117.166,96.3193,45.5504,1.6808,68.4076,55.8014,17.9882,28.0629,4.36814,47,0.322247,0.914971,1.12725,337.8,100.906,80.2275,43.3433,1.97168,53.4644,55.6714,14.3613,22.9123,3.30559,45,0.186908,0.679949,0.822508,475.142,107.857,104.383,44.4065,1.63541,66.0289,57.1036,18.5392,24.6187,4.2502,47,0.20543,0.903451,1.17759,401.535,69.6842,74.4487,33.2361,2.43959,63.3618,50.3834,16.0011,18.6467,4.1051,54,0.283279,0.852768,0.886473,410.942,102.054,77.4373,33.8391,1.91152,60.4838,60.9414,15.7566,19.8697,3.99455,44,0.305914,0.942982,1.26943,1320.51,149.652,247.459,166.376,22.904,59.9044,35.6863,23.0562,38.7927,14.9657,2,0.103165,0.929085,1.94885,,,,,,,,,,,,,,
decoupled_wbc_h066_p000,1776,complete,90,18,25.607,3.53209,0.159355,0.0891145,448.985,86.7149,75.3352,20.9578,2.47035,69.566,58.9777,18.5104,28.8141,4.73677,50,0.327051,0.999495,1.12927,461.965,103.671,62.2048,17.1458,2.32551,62.035,60.9155,13.4567,22.428,3.57332,39,0.391415,1.01839,2.29243,392.517,77.0201,94.2772,83.3337,3.69956,59.3216,51.3337,19.035,31.4427,6.24133,46,0.29224,0.904378,1.10102,324.836,77.6015,57.8681,28.2886,2.23875,51.2907,50.3327,13.1055,19.8522,3.37587,43,0.296263,0.89511,1.59803,486.231,101.599,108.524,32.2875,1.75321,72.4725,61.6852,19.9296,26.5582,4.38344,53,0.324995,1.02469,1.18304,434.104,82.3313,84.0141,29.2966,1.66129,65.2093,57.906,17.9654,24.8294,3.69386,51,0.299937,0.839343,1.16121,320.847,71.5062,60.9106,23.0978,2.64092,49.2449,48.8488,13.6715,22.1326,3.94783,41,0.310988,0.911123,1.15462,397.583,82.983,88.6287,23.9054,1.92685,60.5031,52.1992,17.2365,22.7207,3.58687,35,0.366369,1.26934,2.18796,385.795,65.225,72.4337,19.8457,2.53904,56.5612,41.5197,16.2681,19.6617,4.38834,46,0.296861,0.889082,1.08214,432.666,89.8019,76.0131,25.1803,2.10252,69.1897,52.837,18.1085,23.3901,3.86379,48,0.289622,0.973061,1.19043,415.427,77.3344,111.289,67.7296,2.25048,69.9534,50.7901,19.3104,31.7602,5.05595,47,0.311227,1.05888,1.07727,541.104,93.9902,100.681,49.3326,2.48916,74.7005,58.0341,20.8998,35.8343,6.45119,48,0.350948,1.07338,1.87574,708.15,165.243,124.234,47.0305,2.40684,89.3172,74.5068,23.0974,40.7538,8.30965,32,0.393366,1.2295,3.03102,544.182,125.838,107.175,31.396,2.11676,72.7949,65.1344,20.2964,29.5168,6.39139,47,0.342698,1.01731,1.44498,530.33,107.206,119.943,30.0488,1.48111,77.511,61.1953,20.4142,30.739,4.91056,40,0.390343,1.10731,1.51226,501.323,122.131,97.0197,25.8199,1.80358,74.8812,65.8678,18.7263,27.0515,3.6147,50,0.280829,0.937674,1.20856,554.021,122.503,125.488,58.6586,3.27748,84.6388,69.2297,24.5999,35.2695,6.69923,49,0.315956,1.14002,1.56349,427.405,75.1775,59.6115,22.2444,2.62288,62.4169,56.8214,13.5593,18.3532,4.82032,40,0.407605,1.06534,1.91429
decoupled_wbc_h066_p000,1777,complete,90,18,20.5996,4.00047,0.297484,0.247769,468.656,114.73,99.0349,43.6943,2.58881,71.8302,62.5835,18.2831,29.6694,4.52977,42,0.284514,0.803327,1.37923,471.545,94.9764,119.074,24.5903,2.2217,70.1637,56.2655,20.0284,28.8855,6.14161,37,0.324726,1.08663,1.639,295.001,54.0214,78.8246,24.0307,2.07276,53.1265,43.8893,15.1652,26.0046,5.18571,54,0.240494,0.808886,0.777613,346.505,80.9383,82.6438,74.9971,3.43985,52.5624,52.1798,14.4884,30.8295,6.85788,45,0.263227,0.866788,1.34235,364.437,72.3915,61.4702,24.9244,2.18825,57.2945,49.3625,12.8564,24.8834,4.95408,39,0.37372,1.02544,1.58284,363.807,94.8958,70.1012,35.0402,2.31879,56.9162,55.9053,15.3936,27.0121,4.75799,48,0.262684,0.792616,1.13473,475.325,87.8186,105.372,48.351,2.33686,65.6582,47.1547,18.3332,34.5015,5.43416,39,0.325364,1.0693,1.35699,344.883,69.0453,79.6446,39.484,1.95199,56.2569,36.3388,16.4765,29.8191,4.1118,46,0.286618,0.907514,0.623082,691.788,131.345,84.47,47.8618,1.39635,89.2028,71.2196,20.3398,38.2911,4.27036,51,0.364725,1.05454,1.75238,364.57,115.807,83.674,41.0993,1.47865,54.4494,59.2434,14.4146,34.0734,4.56574,46,0.225305,0.846309,1.13278,416.074,111.959,105.643,91.1197,3.94198,63.1659,58.858,17.494,43.3951,7.16243,51,0.206801,0.8274,0.763506,622.794,100.485,91.1782,45.7262,1.88823,71.0926,54.7598,18.0059,36.2965,3.97305,40,0.26949,1.00172,2.03116,371.482,80.2175,69.9388,36.3615,1.20947,56.7025,48.4764,15.2107,31.9776,3.5526,43,0.288257,0.85178,1.21354,494.865,92.2925,88.4221,84.1251,5.2393,67.6144,48.4432,18.109,48.6046,10.7583,44,0.29293,1.10435,1.12033,1033.95,175.755,110.609,50.214,1.29591,100.727,74.6744,22.0538,41.45,4.92916,41,0.257867,0.932967,2.33374,694.735,187.862,136.77,48.6913,1.56071,95.3895,72.3113,22.9003,41.8772,4.71912,39,0.364297,1.05919,2.01702,833.042,147.092,133.143,46.6658,2.91664,99.6746,77.4018,23.8456,37.2704,4.78429,44,0.342972,1.14293,2.18837,475.774,126.98,101.217,49.5276,1.61248,76.8251,69.3582,18.5813,33.0907,3.97353,54,0.254002,0.790231,1.04166
decoupled_wbc_h066_p000,1778,fell,80.98,17,24.5703,10.2399,0.749052,2.08995,509.312,132.167,107.268,28.9061,1.76458,77.8231,68.7169,19.3341,29.5663,4.44255,51,0.305321,0.922873,1.29711,331.99,60.5929,72.634,26.1251,2.37088,53.3205,40.8081,15.7364,21.9459,3.6446,45,0.280653,0.871087,0.809656,452.959,88.062,100.177,31.7572,1.94607,70.412,50.6971,19.7489,26.9798,5.01924,49,0.318201,0.936471,0.923944,421.546,89.4913,91.509,62.257,2.26686,65.597,54.7345,18.2599,28.1362,5.04754,51,0.277214,0.966261,1.22633,504.109,106.287,117.308,25.2814,1.95588,77.7936,65.8597,20.293,29.8307,5.09429,46,0.323133,0.909166,1.5141,577.339,123.273,132.729,43.5587,2.88515,78.9162,66.1923,21.6427,30.7605,6.81162,54,0.249654,0.995456,1.56221,457.609,112.388,102.87,44.7157,2.60209,66.5585,67.1509,18.0024,28.4905,4.30102,51,0.224981,0.724723,1.05711,360.257,78.3757,103.338,33.5088,1.91588,59.2407,50.7007,16.3641,21.209,3.52404,46,0.264801,0.841451,1.05633,515.153,123.32,121.549,60.2767,3.6149,74.3839,71.5025,22.7778,34.5262,7.82127,52,0.269262,0.979286,1.50543,332.14,79.9818,71.0278,38.104,1.95496,55.3709,53.8914,14.441,19.7828,3.6606,46,0.235583,0.829102,1.05703,452.884,108.076,109.069,49.1438,1.67679,69.1373,61.9511,18.1835,25.8752,4.25087,48,0.282617,0.898167,1.39734,475.877,109.388,115.859,46.6044,1.59273,69.1668,61.305,18.5108,28.7116,4.23915,52,0.269584,0.901787,1.1834,461.88,233.877,158.222,52.6402,2.8003,72.7043,65.0522,23.4333,33.3736,6.64107,42,0.317996,0.937366,1.25667,893.804,344.378,214.049,72.683,2.73277,90.8321,94.5551,27.0177,42.2671,7.95429,30,0.308628,1.09861,2.83029,570.878,132.251,101.057,44.361,1.02167,81.0215,69.0855,20.1107,28.2143,6.31809,49,0.286684,1.04217,1.70714,475.877,120.131,110.572,43.798,2.46491,70.0125,64.1434,18.1678,24.2583,4.92054,35,0.315198,0.833926,1.86345,2853.57,250.987,312.297,40.596,0.942142,122.065,53.047,31.9577,26.9166,5.75231,7,0.111302,0.781525,1.34689,,,,,,,,,,,,,,
decoupled_wbc_h066_p000,1779,complete,90,18,32.0281,2.99284,0.10314,0.213689,421.139,104.542,111.179,28.3091,1.95732,66.697,56.7526,17.7987,31.896,4.56159,41,0.34016,1.07713,1.51456,418.996,75.9693,90.0067,50.0115,1.63302,68.182,52.9254,18.1313,32.5451,4.12968,41,0.321655,1.15726,1.33679,340.627,75.3412,98.4722,52.6769,1.92696,61.5185,48.8623,15.564,30.5475,4.67933,39,0.379129,1.02385,1.23017,393.309,70.2864,78.6239,45.8785,2.19443,60.6066,49.1437,16.5701,29.5666,5.3515,43,0.291153,0.96328,1.22119,482.556,90.5095,94.4932,59.8761,2.18577,69.2259,57.6079,17.6861,31.8541,4.10414,35,0.391962,1.13703,1.9443,495.625,107.468,89.7981,56.1578,2.49331,66.7484,62.4248,16.3747,30.1485,4.99726,41,0.359724,1.02413,2.03663,501.991,120.639,139.409,76.3048,2.67081,78.6829,68.5263,20.4629,36.8007,5.98062,48,0.28149,0.890865,1.55363,317.566,64.8727,76.7538,72.0953,1.65431,51.4204,43.7492,14.8281,27.7934,4.25954,45,0.260771,0.842587,0.797369,334.108,96.6505,86.0136,44.5945,1.57297,51.1782,51.7897,15.4984,26.495,3.63564,32,0.213098,0.763165,1.05541,457.084,156.042,140.266,53.5866,2.11176,68.0067,63.1005,19.8219,36.1826,4.2752,44,0.27806,0.95437,1.27479,572.688,138.322,117.707,47.6501,1.73055,81.1403,66.8229,21.0645,37.7239,4.7664,36,0.278621,1.06444,2.17003,498.98,117.576,106.554,35.7566,1.91117,74.2444,57.97,19.8242,28.4382,5.3237,54,0.272478,0.890343,0.939771,837.021,164.743,136.506,60.8831,2.43419,93.9222,71.9064,24.4636,31.4814,6.67142,39,0.411177,1.05962,1.70743,1193.64,208.13,148.216,60.3823,1.70299,113.402,89.9493,29.556,40.6209,7.07545,36,0.267124,1.76134,2.93265,406.496,90.1854,52.4791,23.8695,2.10213,58.5895,61.0772,11.8496,22.1676,3.43439,40,0.387148,0.994526,1.80038,355.159,77.7445,60.0026,29.1619,1.10427,49.9318,53.0808,11.5304,22.1957,2.90453,45,0.30234,0.796882,1.35223,289.92,96.2732,105.312,40.7118,3.66555,50.2366,53.5923,16.0072,27.8188,5.24485,54,0.170802,0.77164,0.808146,504.708,133.326,135.52,39.1581,2.51278,77.6654,66.6836,21.9746,30.8679,7.37991,52,0.278473,0.937131,1.32483
decoupled_wbc_h066_p000,1780,complete,90,18,19.7938,3.10335,0.220479,0.0785198,316.642,75.9971,86.3729,24.3198,2.34114,57.1662,51.1526,16.5892,23.3504,3.93307,51,0.240813,0.822777,0.961873,330.407,96.1081,86.5993,42.3091,1.89301,57.5225,54.7584,15.0817,22.9737,3.3222,53,0.243606,0.842377,0.907708,444.705,119.46,90.216,35.322,1.57164,66.6519,65.8169,17.0736,23.6802,3.41737,45,0.239354,0.819191,1.33508,394.009,84.2898,77.7095,28.0117,1.19988,59.0059,55.4898,15.0876,23.1847,3.65729,45,0.28931,0.880719,1.67185,373.995,77.2516,105.513,26.2701,2.39256,53.1847,47.5402,15.809,23.5671,3.83819,40,0.258825,0.941305,1.33254,525.237,105.858,151.189,30.0148,2.05691,80.0403,54.8393,22.7293,27.9712,4.44915,47,0.321457,0.994961,1.0135,489.473,111.096,107.869,29.4839,3.24267,71.6965,61.0097,19.0863,26.9369,4.73548,45,0.2915,1.05654,1.31216,376.543,92.3022,85.0929,32.1425,1.63125,62.4451,54.0102,16.4611,24.6839,3.54362,53,0.279017,0.869153,1.07097,380.254,107.35,96.9115,38.8795,1.55161,61.4604,59.5084,17.6825,27.4262,4.154,49,0.216392,0.820112,1.04305,535.968,155.837,116.498,46.6191,1.56924,77.4901,67.6139,21.2714,34.5457,5.29264,38,0.374686,1.15098,1.80812,374.865,70.7957,70.6562,27.236,1.34806,60.6667,46.7829,15.0163,21.3576,2.99955,48,0.26682,0.842638,0.993407,972.643,238.791,140.102,60.1111,1.82407,94.632,77.9775,21.425,34.7749,3.7298,30,0.398549,1.19944,2.80741,343.541,84.8838,73.6948,39.3654,1.78821,53.8103,50.0152,13.7912,19.4986,2.76387,42,0.25736,0.809246,0.963,945.646,237.079,142.239,56.0262,1.46017,94.5401,78.3686,24.2534,30.238,3.99472,45,0.288939,0.950476,1.83588,626.113,170.956,117.522,52.9033,2.12837,84.3298,72.8582,21.624,28.0289,3.63343,38,0.32411,1.18072,1.7654,862.626,147.865,121.159,44.6624,1.27232,89.7901,74.778,22.8278,27.1642,4.01091,49,0.299448,0.993807,1.79692,344.204,87.5485,86.5428,37.1357,1.39268,54.8844,52.3654,15.5621,22.3312,3.33971,42,0.244254,0.905928,1.02426,341.602,76.1455,74.5413,34.9446,2.13631,51.9899,49.1791,14.5169,18.0168,2.76794,39,0.249591,0.867242,1.0869
decoupled_wbc_h066_p000,1781,complete,90,18,21.3576,3.45251,0.150889,0.0401194,371.103,86.8368,66.6799,17.6465,2.44609,54.7517,52.0031,14.2438,22.8646,3.63656,41,0.348714,0.979298,1.61725,439.442,96.8654,126.372,24.7332,1.91707,67.9114,53.8048,20.1732,25.7242,5.63476,43,0.321036,0.939621,1.2945,568.907,103.875,98.3961,48.0689,2.50343,81.3947,64.677,22.7363,29.1987,6.92069,49,0.296826,0.96055,1.28453,368.755,74.2184,77.0812,53.5866,2.108,61.0873,53.249,16.6475,23.2921,5.04061,46,0.271562,0.84319,1.0937,350.249,67.1433,69.1216,80.4962,3.39808,60.0702,52.5064,16.3105,24.0914,5.9782,45,0.284845,0.897997,1.0248,515.706,113.043,117.424,33.0302,2.35067,81.8591,67.2667,21.9758,27.5765,5.73013,55,0.347575,1.08687,1.38078,438.656,86.4221,107.83,33.2504,1.55684,64.1908,47.3965,18.9083,25.184,4.27071,39,0.34881,1.06542,1.31561,560.869,123.544,101.374,29.1553,2.58846,77.2774,65.0141,20.0779,24.3888,4.20777,46,0.313312,0.945761,1.78492,373.161,84.1172,92.6037,68.4297,1.88681,58.2195,53.3993,17.863,33.7574,4.94308,55,0.237561,0.794626,0.845196,727.667,116.811,106.369,35.5708,1.92283,91.0839,74.4441,22.6722,38.7021,4.92167,47,0.364068,1.17005,2.01978,364.404,81.3182,92.4386,44.7939,2.27743,59.2836,51.4744,17.3238,29.0099,4.1947,52,0.247136,0.899793,0.994401,485.43,100.08,107.272,32.2719,1.77139,75.3263,60.4086,20.623,34.752,5.14296,40,0.34127,1.20726,1.4064,601.448,87.0544,95.0363,29.406,1.61776,75.2605,55.8992,18.3676,26.5493,3.83026,32,0.364674,1.21492,2.07693,502.21,95.1653,115.948,27.091,1.79462,69.2902,57.1346,21.355,32.3294,5.17808,46,0.352523,0.982075,1.21927,508.574,102.044,96.4554,23.4169,1.89275,75.8505,64.4447,18.5154,30.8284,5.4853,40,0.3626,1.09244,2.18175,477.472,117.423,133.271,230.737,11.7037,70.7356,63.6937,19.9973,49.1784,10.2741,43,0.307929,0.974533,1.3499,551.475,112.227,156.352,197.596,18.9159,79.2275,57.8259,22.8103,42.1846,10.3522,40,0.3716,1.07019,1.43582,582.405,163.609,146.932,130.124,2.28177,85.4513,74.9091,23.0201,41.1218,4.69208,52,0.297786,0.967083,1.35549
decoupled_wbc_h066_p000,1782,fell,80.58,17,31.2463,8.77648,0.751625,1.28089,417.767,98.7302,100.212,30.3779,2.67851,68.3193,57.8193,18.6626,29.2281,4.16635,44,0.288872,1.00592,1.3212,346.045,60.2338,54.077,20.7377,2.21619,52.906,48.3169,12.696,22.313,3.48146,36,0.392824,1.00035,1.80658,381.244,83.0853,97.3336,34.5942,1.90571,64.7308,55.3201,18.1186,26.9145,4.77153,54,0.285731,0.872779,0.935005,396.584,84.0052,77.2579,38.5801,1.91916,70.3222,53.8836,17.0952,22.8249,3.99073,48,0.303327,0.95492,1.07587,435.803,95.2416,65.6513,25.5293,1.38785,60.8332,61.2593,15.2765,17.0937,3.76178,38,0.335544,1.04932,2.1342,413.331,96.9622,107.711,58.1555,3.23138,70.3162,56.8253,18.6067,30.0321,5.89727,40,0.348452,1.13443,1.58925,468.348,79.1836,74.6502,24.5299,1.73447,73.7308,52.2253,17.3623,24.1905,3.84137,42,0.360518,1.00201,1.63081,710.844,172.266,110.191,35.2204,1.85255,76.3634,72.2534,20.2154,28.779,3.78911,48,0.224522,0.876918,1.90879,1038.29,204.758,214.447,56.9346,2.11868,99.1381,73.7927,28.0479,41.95,6.80839,50,0.292921,0.90553,1.72752,374.091,94.6907,95.2478,33.5204,1.11861,57.7642,57.7846,15.4932,29.3042,3.73402,46,0.265813,0.834596,1.17288,379.193,82.9155,97.185,28.3595,1.54301,62.3666,54.5169,16.8749,27.4956,5.28383,47,0.277917,0.913195,1.31818,1147.64,211.243,163.321,43.1533,2.2638,109.561,90.4938,30.3922,36.0959,7.85832,33,0.2898,1.74086,3.20707,594.724,116.595,97.4681,42.5374,2.23812,79.7176,75.5384,18.2806,23.3492,4.00488,47,0.430657,1.02551,1.93252,461.79,122.739,123.292,40.4935,1.77535,66.2849,66.5029,18.6598,27.0905,5.0218,48,0.27543,0.880926,1.40165,504.521,104.099,88.1022,37.9321,1.76529,65.1419,55.9082,17.7705,32.37,5.19509,38,0.34298,1.11964,1.66442,702.758,178.887,207.181,219.019,5.93058,87.9095,77.4525,26.8914,54.2315,9.36116,44,0.329474,1.14157,1.90651,849.676,102.71,88.3422,28.7165,0.523365,43.1994,23.3112,10.0478,11.5212,1.74125,1,0.400528,1.48987,2.35205,,,,,,,,,,,,,,
decoupled_wbc_h066_p000,1783,complete,90,18,18.6733,2.93635,0.22745,0.254047,484.983,103.265,100.43,19.3823,2.06781,79.4105,61.6353,20.2394,31.8258,4.21781,46,0.335916,1.03597,1.29842,399.409,98.7227,109.404,64.3144,2.38212,68.7033,58.3595,18.9967,26.2454,4.40198,54,0.286378,0.90863,1.09741,338.404,87.0245,84.3945,36.1924,1.62326,59.1344,55.4021,17.0802,23.1812,4.1572,58,0.206561,0.745039,0.656959,393.843,83.9496,83.6199,28.4849,2.9726,66.7387,54.7314,17.0542,21.2976,4.16428,50,0.270804,0.931596,1.05593,447.232,86.4534,109.029,82.337,3.53782,67.0125,56.0923,17.9729,26.2051,4.71819,45,0.337345,1.04766,1.47132,369.908,89.1893,95.1653,54.0075,2.50263,67.9118,53.78,17.7483,28.8032,6.29993,44,0.331493,0.986048,1.17506,738.937,160.2,142.029,41.5125,2.55001,90.1129,76.081,23.2523,32.2896,7.89225,39,0.350057,1.17563,2.24092,371.737,100.436,104.302,29.7249,1.75886,63.1243,59.0644,18.3858,27.6858,5.93759,53,0.219224,0.849262,0.930915,399.546,70.3694,63.4084,25.0845,1.35365,55.9093,51.6353,12.4613,17.4921,3.32166,38,0.344384,0.917139,1.78079,364.45,82.0862,113.52,33.6259,1.12011,60.9817,46.6347,17.5471,22.5097,3.68395,44,0.361442,1.02282,1.16129,413.733,83.1188,84.7642,38.1051,1.3114,60.5775,52.1121,15.5965,27.0456,4.13376,35,0.343882,0.99847,1.87006,649.288,126.556,142.393,170.262,38.7962,86.7971,68.4811,22.6611,53.105,27.0584,41,0.320436,1.13657,2.00756,514.753,79.5078,81.6919,26.3102,1.53823,69.9026,51.8738,18.3843,26.7019,4.28488,47,0.325326,1.02,1.1561,443.481,81.9104,113.793,23.9389,2.42002,63.1954,52.9387,18.417,26.8563,4.82362,58,0.291119,0.875855,0.922391,446.09,85.5413,90.7896,28.0931,0.941856,69.5872,56.8689,17.7048,27.6012,4.09352,54,0.248659,0.908115,0.991182,455.636,139.365,104.37,40.9963,2.27814,66.6277,66.5318,18.3419,33.9326,4.2843,44,0.23444,0.962506,1.56026,571.848,115.95,158.413,306.637,16.661,77.5897,64.2032,25.1171,80.3314,19.8678,46,0.244751,1.06394,1.52072,559.682,120.914,126.898,34.6274,1.68798,81.4604,66.9368,20.6382,37.5871,5.39544,50,0.303831,1.03016,1.47514
decoupled_wbc_h066_p000,1784,complete,90,18,29.5317,2.86136,0.206044,0.150128,447.783,93.664,110.065,24.9949,2.38386,67.7678,59.6429,18.9096,30.7633,5.28086,42,0.282914,0.961415,1.49449,413.88,94.5176,90.8697,41.6441,2.83872,69.5924,57.5284,18.3812,28.6614,5.85466,49,0.309973,0.982646,1.31722,628.179,140.679,140.563,125.894,5.08283,89.6423,73.5673,22.6932,34.6022,8.12588,52,0.312274,1.00749,1.57405,414.619,92.0889,104.419,43.8192,2.18876,65.6283,61.0332,16.0218,23.4115,6.12012,52,0.236753,0.795653,1.0668,371.387,93.328,80.0689,64.2832,2.46473,61.3258,54.1167,16.5301,26.6174,6.01222,42,0.270567,0.841447,1.02248,400.829,103.861,90.1042,44.475,1.84225,63.4425,58.7595,16.5312,27.7091,6.35234,41,0.278658,0.904136,1.4087,387.123,74.0541,78.8475,42.1737,1.94205,62.6487,51.0376,16.6433,28.2548,6.12468,38,0.349988,1.05981,1.11374,471.04,94.1776,78.9261,39.5287,1.37853,66.8823,56.9563,16.5006,25.1781,5.17007,48,0.276674,0.84075,1.31008,494.798,115.073,97.6774,38.7996,2.12645,72.0688,64.1806,18.9541,28.7774,6.01438,49,0.223859,0.845946,1.16278,494.41,114.391,113.943,45.3927,1.52865,65.972,60.0781,18.596,31.2116,5.07227,42,0.316841,1.02756,1.47535,460.824,109.1,115.417,40.3105,2.36294,76.4507,54.7059,19.6744,29.2005,4.97229,43,0.348884,1.15982,1.12656,1314.88,213.351,195.869,189.535,9.99914,118.709,88.5509,30.3471,47.4255,12.6294,36,0.30719,1.4397,3.62601,437.662,89.297,51.1101,32.6186,1.13688,59.9256,59.2884,11.9236,20.9693,3.48194,39,0.371995,1.01144,1.94449,367.344,64.4731,67.5,40.9914,1.58331,56.2492,46.3537,15.382,24.4432,3.04654,40,0.308323,0.916813,0.947678,418.382,79.9613,80.4011,116.132,2.52504,58.6772,48.0339,16.6221,35.7279,5.6203,38,0.264962,0.924149,1.4057,406.478,77.897,82.359,85.9962,8.07038,58.6331,49.6887,18.042,32.6878,10.3376,51,0.24981,0.79279,0.905885,317.395,55.5356,56.0024,33.3989,1.53852,49.7359,42.2272,14.3354,21.1313,3.67429,45,0.267052,0.862284,0.971955,364.62,76.3932,82.8324,42.1803,1.71379,55.7685,48.9914,16.5376,27.5949,3.27377,43,0.241771,0.793287,1.07113
decoupled_wbc_h066_p000,1785,complete,90,18,19.3259,2.15897,0.212133,0.147148,376.108,100.702,82.5155,27.2581,1.40049,60.8803,57.4975,15.5322,28.8833,5.22849,43,0.292506,0.913717,1.42307,376.476,89.7165,85.7151,29.0976,2.25776,59.4232,51.2108,16.4269,31.1551,6.07555,51,0.271551,0.896621,0.879807,391.971,96.2963,96.2241,37.1668,2.24559,64.6809,60.2376,17.0995,28.5314,5.23987,42,0.25648,0.886546,1.3371,374.654,87.6224,80.173,27.9717,0.987469,62.0343,56.4897,15.6144,19.1179,3.96106,44,0.275283,0.917598,1.16838,454.267,109.511,88.6139,34.4855,1.21783,74.3997,59.3158,19.5948,22.884,4.60396,42,0.372888,0.857339,0.999209,404.311,69.9511,66.3505,36.4902,1.38595,60.5688,46.517,15.376,19.2479,3.81098,40,0.383566,0.931652,1.11758,493.088,85.4025,89.7148,35.0787,1.9472,71.8119,56.0875,17.8322,19.7684,3.92891,40,0.363765,1.06037,1.66552,540.01,112.797,123.858,33.6423,1.70377,72.6759,63.5724,20.4747,22.8006,4.33149,57,0.246303,0.850064,1.20225,820.704,166.489,175.433,142.382,4.25877,104.062,82.6385,28.9735,37.4626,7.64941,44,0.368233,1.16196,2.33821,451.467,99.5875,101.478,32.1992,1.58297,65.6737,56.6049,18.0781,21.7882,4.09447,52,0.288246,0.968117,1.14708,465.099,99.4286,113.678,30.2277,1.65276,73.1451,59.5721,22.0559,27.5597,5.26465,47,0.288644,0.961395,0.96238,511.407,101.656,120.109,30.5301,1.25196,78.4179,52.8798,20.9283,27.3823,5.18788,53,0.239466,0.941991,0.987494,611.343,110.676,89.397,37.0392,2.54119,84.4396,67.8658,21.466,27.5245,5.60345,52,0.401535,1.03774,1.39768,435.368,81.3064,109.94,31.3645,2.5846,66.3011,49.4929,18.6851,22.9686,5.79481,43,0.247056,1.03482,1.05608,672.311,167.899,278.462,210.238,24.0268,94.7255,72.9998,38.2666,67.3137,22.962,39,0.376211,1.16123,2.24104,481.736,84.7568,87.1433,31.3188,2.34991,64.0187,55.4617,16.9473,22.2591,5.03969,38,0.393417,1.02137,1.7327,381.83,76.6255,96.5852,30.0844,2.41491,57.782,49.0915,17.6178,21.0358,5.37077,38,0.369549,1.04042,1.6304,567.745,117.718,128.537,31.5479,2.21476,83.2424,65.4834,23.0562,28.8974,5.72688,47,0.317992,1.10297,1.52814
decoupled_wbc_h066_p000,1786,fell,70.68,15,23.3761,4.9189,1.83033,1.90093,374.392,83.6648,67.1842,37.3017,3.49267,55.5792,54.5997,14.2917,24.1165,3.60091,37,0.315043,0.952912,1.50694,447.364,100.06,105.969,37.4535,1.66768,69.3208,57.1336,18.9669,24.7716,3.7633,46,0.322207,0.875792,1.12119,432.594,82.5187,95.7647,33.3546,1.92791,66.4304,56.9518,18.4767,23.589,4.85289,37,0.326787,0.979618,1.64603,398.355,96.8159,113.091,43.0312,2.66791,64.8931,53.2283,19.5272,24.8629,5.12298,45,0.345051,0.991018,1.17614,340.207,78.8674,89.6393,32.2132,1.82826,59.5849,47.6788,17.7811,22.1338,5.06956,47,0.251828,0.872465,0.728718,406.839,92.2225,104.916,27.7309,2.60274,63.5178,53.9845,18.5505,25.5627,6.94403,45,0.277894,0.801758,1.15172,407.268,86.2111,102.007,22.5811,1.59445,64.931,53.4964,18.6557,23.7556,5.14674,43,0.27301,0.893289,0.992141,383.386,106.197,114.391,28.8965,1.9649,62.5973,56.5274,19.1135,24.5576,6.0022,50,0.283331,0.87839,1.15428,550.391,160.169,116.38,33.4644,3.82408,85.3984,79.2278,22.1778,26.8899,6.04631,54,0.270148,1.02116,1.26545,568.712,162.602,170.061,185.607,12.0014,83.3751,74.2818,26.4688,43.997,12.8258,47,0.323247,1.14236,1.5687,414.586,79.0331,93.5909,35.0029,2.09632,63.8235,47.5839,17.8603,25.3227,5.05918,47,0.307683,0.894839,1.11105,553.934,115.322,128.778,176.663,9.35069,81.4681,66.6909,24.1274,39.7901,9.77583,55,0.287122,0.955336,1.40446,455.178,89.5344,108.209,35.2935,2.91753,63.6602,52.5796,18.7714,26.1503,4.51317,49,0.284346,0.914705,1.166,456.61,88.8145,99.2435,120.742,3.40897,70.2318,57.2591,19.8701,34.1476,7.01105,45,0.32284,1.05039,1.39504,2776.91,149.875,282.644,57.3679,5.06224,103.576,32.1606,22.587,23.1743,6.55193,1,0.560364,2.13524,20.6783,,,,,,,,,,,,,,,,,,,,,,,,,,,,,,,,,,,,,,,,,,
decoupled_wbc_h066_p000,1787,complete,90,18,19.3855,3.02251,0.213377,0.187352,282.939,50.6938,58.3911,19.9126,2.2329,47.0665,38.7084,12.3518,21.8035,3.15941,37,0.301048,0.991377,1.33715,449.704,101.345,113.038,27.4579,2.87558,71.0513,56.955,20.2474,30.8762,5.44495,42,0.372225,1.15551,1.40499,611.152,114.765,167.484,51.1841,2.45438,88.3295,60.8012,26.041,36.2166,5.62498,48,0.307987,1.14396,1.65664,472.755,117.128,116.193,53.7064,1.75579,68.0697,63.9404,19.8688,30.2595,4.59629,49,0.315451,1.07387,1.77076,393.036,62.0856,85.9641,29.6107,1.40068,60.527,48.817,16.5236,23.3156,3.45531,40,0.283963,0.936646,1.32376,356.96,69.2327,90.0935,34.5023,1.62406,62.8097,50.788,17.2883,24.9386,3.49583,48,0.249397,0.850181,0.968638,581.001,123.652,130.972,36.6996,1.70801,86.0941,66.9323,25.08,30.9653,4.9552,55,0.308447,1.00326,1.34346,409.537,79.5786,77.3964,26.7115,1.36163,62.6947,54.4888,15.8159,18.9467,3.71629,48,0.272614,0.853705,1.18952,547.032,97.1682,95.5766,64.8052,16.007,76.3744,62.4347,20.1795,32.7364,16.7456,35,0.388,1.21493,2.40946,791.175,246.158,149.956,39.1106,2.09063,91.7651,84.9185,25.7265,30.7161,6.33799,32,0.402431,1.1671,2.99182,319.716,66.8451,83.6549,22.7029,2.36588,54.1301,47.7189,15.1866,24.1821,4.71727,37,0.37233,1.04709,1.38071,443.473,120.545,119.651,27.95,1.37967,70.5538,61.6498,19.7608,30.9928,5.94505,45,0.315579,1.14218,1.36099,528.738,134.12,111.204,30.1891,1.64947,73.7913,68.0171,20.5703,32.9694,6.10144,45,0.304484,0.906101,1.56349,657.029,147.47,150.956,32.0284,2.03016,81.9959,67.4979,25.9083,32.7104,4.97653,43,0.300576,0.978981,1.97255,341.089,55.8024,76.4457,33.403,2.43129,59.5451,43.1101,16.8257,22.4847,3.6377,44,0.301833,0.955009,1.02659,429.063,118.924,84.4719,34.387,1.78091,61.7452,63.7653,16.6718,19.8771,5.75774,56,0.253045,0.784308,1.02665,600.874,126.121,125.283,41.7168,1.52374,87.3101,68.1606,23.3201,27.9537,4.55261,44,0.353968,0.964231,1.78734,554.477,114.319,85.5035,39.6952,1.3879,72.9098,61.4316,18.4614,21.1753,3.37194,41,0.347799,1.17673,1.78775
decoupled_wbc_h066_p000,1788,complete,90,18,18.169,4.41302,0.240828,0.161253,375.305,73.7462,91.7682,27.4671,2.21681,64.8547,53.1894,17.7982,27.0186,4.68579,51,0.266493,0.899452,0.926523,398.579,75.9571,96.7379,25.0294,1.44197,68.7604,49.9352,18.06,26.587,4.01083,50,0.32688,0.957158,1.14421,483.755,136.328,146.015,96.5389,4.01187,75.2244,70.0692,21.2883,41.1156,5.68396,51,0.230333,0.964512,1.37288,372.654,85.953,70.2921,39.6718,2.1844,65.2135,55.9557,16.3418,31.6544,4.18286,58,0.281904,0.904741,1.00711,401.285,81.3403,60.443,28.2115,2.75871,59.2823,54.9856,12.6633,26.6063,4.0365,31,0.395184,1.1268,2.17009,446.914,108.777,113.569,33.4282,1.58205,69.5234,64.9196,19.4612,35.6295,4.50675,49,0.281526,0.952522,1.58485,501.651,95.3306,89.8058,23.939,2.4088,72.4109,56.5738,19.0152,28.6822,5.74621,49,0.31244,0.938238,1.29574,525.947,88.1831,99.957,20.1962,1.28129,77.0656,61.7564,20.7191,26.5114,4.95281,54,0.280347,0.811972,1.18939,338.086,84.7687,76.8329,30.1361,1.66543,60.7237,53.9377,16.1233,25.7075,3.62839,49,0.260793,0.964007,1.07336,392.275,112.848,125.867,59.0422,2.17117,67.3642,60.8653,19.7334,36.4775,6.58038,51,0.302631,0.976509,1.15403,455.087,91.9842,70.7718,23.8172,1.34294,62.4328,55.7797,15.3811,24.8509,4.52888,47,0.344068,0.845757,1.68644,721.904,177.429,158.807,33.8517,1.73313,92.5034,74.4154,25.3584,40.5157,6.74873,33,0.365337,1.2312,2.91835,528.515,92.4617,108.298,30.9732,1.90404,79.9388,62.5234,20.4325,31.4735,5.13914,49,0.34585,1.05173,1.73257,363.603,73.7227,74.8049,21.4829,2.73889,58.4835,49.4657,14.9376,24.2082,4.52077,43,0.289375,0.931469,1.1121,820.333,147.534,265.497,197.964,26.5917,104.94,73.5979,32.8665,64.0954,17.2266,45,0.313255,1.03739,1.43217,559.75,141.314,123.613,40.3398,2.21921,78.9476,67.1951,22.1146,29.8517,5.80347,50,0.337398,0.978542,1.28286,629.824,132.448,184.042,42.7386,2.21695,85.5979,61.0721,26.1919,33.6575,5.50002,48,0.260342,0.973661,1.11121,511.024,95.2858,120.374,32.2047,2.29028,78.248,60.2076,20.4854,27.9848,6.12145,51,0.312567,0.964844,1.44389
decoupled_wbc_h066_p000,1789,complete,90,18,16.482,3.6624,0.265364,0.0564829,373.802,62.113,64.9744,26.7571,2.75166,57.9266,47.7554,14.5598,28.0113,4.0709,39,0.320944,0.999517,1.38591,461.227,101.589,108.685,56.1156,2.61653,66.4737,53.876,18.3106,32.869,4.75387,40,0.367001,1.08294,1.31477,370.31,75.8934,97.7986,40.5362,1.29226,56.8111,45.8296,16.1981,30.4603,4.90337,38,0.3441,1.01518,1.26118,418.599,72.8611,79.4325,39.1668,3.45322,59.6812,49.4777,15.4376,28.9894,4.74139,36,0.367985,0.950767,1.29228,354.362,60.1655,94.8241,74.2732,2.48649,57.3559,45.6751,16.6463,34.2368,5.54049,44,0.2967,0.878155,0.847809,376.796,89.5746,101.837,39.9159,1.40015,62.3333,52.5956,17.0494,32.8856,4.06985,44,0.30018,1.09525,1.27873,408.216,77.5277,71.3691,28.251,1.97061,60.0866,49.9913,14.7013,27.8954,3.74079,47,0.291629,0.889624,1.43468,391.224,92.8073,114.464,45.0137,1.95833,57.5055,51.8056,16.6556,33.1931,4.22419,49,0.214114,0.764218,0.746154,426.323,118.972,108.888,41.5411,1.61115,66.6571,61.5611,17.8544,34.8718,4.36584,41,0.291658,0.899917,1.54566,614.919,131.214,85.1217,49.116,2.06861,78.2878,68.6027,19.1135,33.9855,4.77338,52,0.332361,0.779332,1.24351,1424.3,201.32,194.649,82.5356,2.54999,110.897,80.7729,27.0795,47.2405,7.65439,33,0.265903,1.04985,3.95925,579.595,134.73,112.997,154.683,3.861,81.1471,69.8767,21.2925,41.6422,6.86575,46,0.347756,1.08092,1.55118,447.175,87.0756,94.4271,34.7289,0.915348,67.069,55.2662,17.2644,27.3326,4.58616,41,0.299438,0.974281,1.2511,516.319,117.676,97.076,35.0889,2.25493,79.8918,64.7221,18.8936,28.4691,5.27801,50,0.378669,1.00012,1.43151,700.504,123.687,189.528,292.096,27.2482,87.1026,60.4807,28.6498,72.8423,21.0599,44,0.266813,0.953327,1.162,432.733,138.487,101.289,52.1927,0.980484,64.0855,65.4661,16.2336,28.9699,5.30817,38,0.274492,0.871505,1.40745,370.13,113.9,115.542,52.4497,1.62212,61.2819,56.0041,17.5757,29.9028,6.63248,46,0.267309,0.871396,0.889284,529.779,136.878,104.491,68.282,2.08115,75.1659,67.2234,21.451,33.1177,8.2782,43,0.245733,1.05321,1.69242
decoupled_wbc_h066_p000,1790,fell,56.06,12,28.3928,10.3327,2.49463,1.22779,515.409,98.0585,115.006,29.1603,2.49023,71.7132,55.8352,19.3645,32.8582,4.57551,46,0.337488,1.02734,1.41607,394.02,74.0384,68.3779,29.2113,1.2428,59.1554,48.6711,14.0548,31.1998,3.68805,48,0.297228,0.887103,1.34329,285.234,56.1553,56.8456,69.9296,2.60382,45.7656,41.1631,11.5511,29.0239,4.27576,42,0.270491,0.841342,1.08209,487.585,100.257,112.459,62.0343,2.43351,73.5114,62.4054,19.2638,37.4348,7.06434,49,0.272018,0.889073,1.21109,384.306,90.5382,116.932,143.212,8.85533,60.4568,52.8028,16.8291,40.4017,9.16258,44,0.247587,0.986321,1.20373,338.79,88.4796,80.5942,44.9704,2.18443,56.1865,53.763,14.3131,31.8224,4.66001,50,0.253182,0.842095,1.01136,343.683,73.6443,89.9438,38.1064,3.24593,57.5338,52.9008,16.5575,32.1827,5.30642,53,0.22577,0.845092,0.804104,421.435,106.021,106.586,91.9596,3.18444,64.544,56.9934,16.4662,37.731,5.95511,47,0.271922,0.865505,0.925412,387.33,102.769,130.669,144.731,6.23357,63.0241,57.9775,19.5794,46.798,8.02068,45,0.191402,0.851237,1.2135,377.085,91.0397,94.5654,78.7062,4.43801,61.4155,55.4772,17.5235,36.7005,8.4092,43,0.27019,0.965496,1.1525,412.041,97.3182,126.318,54.8747,1.32483,60.9369,51.2115,16.6193,28.0718,4.03075,46,0.257434,0.877385,0.924814,2978.25,499.595,387.084,252.413,19.9825,144.2,71.9362,45.7773,70.2202,14.4501,3,0.13413,1.05348,1.83665,,,,,,,,,,,,,,,,,,,,,,,,,,,,,,,,,,,,,,,,,,,,,,,,,,,,,,,,,,,,,,,,,,,,,,,,,,,,,,,,,,,,
decoupled_wbc_h066_p000,1791,fell,51.8,11,31.4654,9.71586,1.21955,0.849542,590.942,112.518,119.251,76.8703,3.39285,88.6029,65.2869,23.5546,39.2883,5.69893,52,0.333694,0.882916,1.27759,383.147,81.7468,86.0234,34.5447,1.7224,60.9816,51.0333,16.2056,25.6231,3.754,48,0.279755,0.817598,0.869811,399.516,94.8134,115.725,30.4419,1.81643,68.0628,56.3624,19.404,28.1048,3.86591,47,0.325278,0.938476,1.15333,442.786,101.046,98.1652,37.4568,2.47057,65.5778,61.0625,18.6751,25.219,3.96418,42,0.340571,1.00559,1.5674,667.06,129.453,149.397,39.0203,3.0236,86.0787,55.3982,23.4397,27.3397,6.80161,53,0.248981,0.906519,1.02406,411.599,111.959,102.064,30.4941,1.38626,73.9984,62.7249,19.9163,28.006,8.0596,53,0.250956,0.827781,0.856616,466.125,149.642,132.957,105.02,4.23221,73.3888,74.2756,20.6049,31.2578,8.07879,53,0.235553,0.919269,1.38052,473.678,107.966,102.435,47.9466,1.32377,67.271,58.6238,18.2143,23.8282,4.77024,40,0.287409,1.04492,1.31051,517.243,99.5392,75.0414,62.4578,3.16332,71.8176,61.6944,19.0423,28.1806,5.50553,45,0.313956,0.895473,1.35679,459.63,110.825,92.1526,40.2138,2.17692,67.2459,55.7805,18.7914,25.6412,3.96884,47,0.288839,0.976541,1.14375,7664.73,887.352,1093.61,319.646,24.2571,334.981,147.164,94.6639,105.784,35.7408,3,0.11824,0.843071,0.390238,,,,,,,,,,,,,,,,,,,,,,,,,,,,,,,,,,,,,,,,,,,,,,,,,,,,,,,,,,,,,,,,,,,,,,,,,,,,,,,,,,,,,,,,,,,,,,,,,,
decoupled_wbc_h066_p000,1792,complete,90,18,24.6256,3.70498,0.244285,0.296458,454.936,106.659,86.5797,50.391,2.98711,72.6893,65.3672,18.2955,31.675,5.49458,48,0.282761,0.860646,1.2882,475.596,89.1476,106.027,21.8134,2.74381,65.8774,49.627,18.8539,27.5478,4.02556,42,0.32052,1.06884,1.26561,604.774,117.323,131.193,80.8056,4.16644,84.9524,67.8269,23.863,40.697,6.29069,48,0.333717,1.05771,1.61968,453.12,87.3943,95.0685,36.7962,1.81656,68.3124,52.8615,17.8499,29.413,4.28402,38,0.360501,1.18799,1.48228,479.559,108.388,98.8983,36.7507,1.83515,70.5321,61.73,19.7965,34.5262,5.34777,47,0.289416,1.05541,1.2899,478.968,100.723,123.06,47.305,1.76044,74.3054,56.356,19.407,34.0122,5.47771,41,0.272853,1.20484,1.68444,403.08,99.082,103.465,126.86,4.6544,56.8062,50.9869,17.3738,32.0582,6.14927,47,0.179952,0.813484,0.872003,470.102,110.768,109.232,39.1544,1.73935,73.7391,61.0096,19.9764,26.5806,4.47583,51,0.300079,0.905124,1.15212,708.995,159.127,146.803,154.795,8.51461,90.6131,81.4261,25.0877,33.9296,9.91237,47,0.330737,1.03295,2.08724,449.173,80.8969,104.476,29.0044,1.96252,63.0359,52.4169,18.3167,23.5692,4.4707,41,0.318819,0.949846,1.28462,475.747,76.8441,96.2284,56.0699,1.54762,66.3431,50.9714,17.5992,22.5553,3.87804,47,0.238938,0.913153,1.3072,551.3,98.851,149.801,180.453,7.87178,72.0157,58.0471,23.6922,40.2626,9.78912,55,0.172064,0.849302,1.16135,408.957,104.938,81.787,30.7001,1.37067,67.0623,64.9467,16.1263,19.0805,3.7886,62,0.248047,0.744261,0.883398,788.287,188.854,152.325,110.663,2.11068,98.6333,78.3344,26.7821,31.555,6.55886,45,0.308691,1.05208,1.85503,889.691,177.021,145.674,55.8609,1.39584,100.466,79.88,24.3987,31.3318,5.43945,47,0.26536,1.41473,2.31331,402.793,92.5652,81.1112,34.0553,2.41905,56.3724,53.2452,15.9612,19.9996,3.69099,49,0.248289,0.738529,0.966362,387.062,129.899,116.445,38.7531,2.04707,65.7903,65.1144,19.2018,23.7777,4.57641,57,0.271008,0.879563,1.17672,751.148,159.829,125.654,124.125,4.57211,89.0671,78.7504,22.0426,37.2528,8.90573,43,0.330536,1.07507,2.24498
decoupled_wbc_h066_p000,1793,complete,90,18,20.5377,3.87521,0.263562,0.237496,367.07,70.8968,96.9903,21.1675,3.44317,61.8894,49.8067,17.0805,26.9621,3.6795,45,0.315237,1.05201,1.26987,434.581,110.03,102.084,64.0814,2.40068,68.8138,63.216,18.915,32.5019,5.2932,53,0.300876,0.845764,1.09561,383.989,91.8816,81.5293,46.2661,2.02312,67.921,62.0544,16.4706,27.2251,4.32369,54,0.284975,0.840056,0.933706,362.727,70.1658,60.8223,24.1827,1.51857,53.1506,50.4255,13.2891,19.9166,3.33116,42,0.333723,0.895759,1.45437,338.772,58.6149,79.8433,28.3955,1.86801,53.7882,44.9975,15.0879,21.4331,3.49292,48,0.255094,0.863934,0.863613,441.595,99.2299,130.8,36.4628,2.43365,72.82,64.147,22.5984,31.0065,6.47013,54,0.338051,0.959255,1.16182,461.875,73.3314,78.0277,19.4692,1.75301,69.5768,56.1125,17.7979,22.7058,5.64612,51,0.272022,0.873595,1.19662,521.444,108.182,100.193,39.3367,2.0955,72.3753,62.5369,19.156,28.162,4.99759,37,0.277091,0.98473,1.76511,329.476,62.9296,89.338,107.361,6.3479,59.9633,44.8637,18.5036,43.2544,11.1779,54,0.261057,0.850706,0.871205,528.329,102.042,106.793,47.3879,2.30716,82.1689,64.2111,21.8277,32.0069,8.06014,54,0.269483,1.0085,1.35937,728.289,149.652,132.433,42.9496,2.49576,94.7899,77.2733,24.7042,37.4278,7.52674,49,0.331812,1.29013,2.31227,425.191,99.6923,94.8177,25.7992,2.2114,67.3573,61.1857,19.5638,28.6508,5.26889,52,0.319554,0.779128,1.04783,620.092,155.209,133.751,54.1197,1.80186,80.4924,68.6255,25.8137,39.1362,5.60203,33,0.435998,1.19604,2.28546,374.269,96.9901,85.2122,23.5365,1.91886,65.4844,54.5432,19.0176,27.0287,4.44011,45,0.307204,0.925831,1.08123,581.926,122.702,106.564,125.822,5.97923,75.3021,57.0145,20.862,39.1741,8.06751,41,0.336603,0.970766,1.44348,421.438,88.0861,85.1509,16.8136,1.27978,64.9247,56.7603,18.5464,24.2613,4.29866,38,0.389217,0.984318,2.02386,658.7,117.785,156.571,317.828,9.94104,84.0081,67.0849,25.0538,55.1179,13.0738,45,0.245262,1.07739,1.4902,621.227,157.368,134.187,21.6614,2.52971,80.9382,75.6965,23.063,33.2638,6.70307,47,0.333734,0.885834,1.4532
decoupled_wbc_h066_p000,1794,complete,90,18,30.1444,3.5407,0.431831,0.20086,375.543,74.8408,69.2181,19.0167,1.81723,55.8951,50.0147,14.0481,24.1971,3.43653,37,0.385493,1.06556,1.9313,432.403,85.6354,75.1965,28.4658,1.56024,60.6969,52.15,15.6206,27.5205,3.71171,45,0.335038,0.984076,1.38924,372.009,83.5703,111.016,50.2782,2.68421,61.9832,50.2643,18.8983,28.3641,5.03237,49,0.255679,0.9779,1.00158,700.133,132.09,124.44,33.6188,1.65759,95.8826,69.7625,26.2917,27.9279,5.49676,46,0.344873,1.2928,2.07594,422.71,93.5294,93.454,36.9872,1.49679,69.9652,57.3575,19.4405,24.4607,4.31411,52,0.29716,0.940086,0.987536,406.281,96.1886,126.057,30.5577,2.35077,65.1425,57.5813,19.1266,29.9406,4.76502,35,0.33568,1.18116,1.95641,673.502,125.718,141.282,43.5759,3.14907,90.6678,62.3182,26.0423,40.7073,8.24842,50,0.376245,1.17399,1.63977,1625.35,236.889,268.357,45.859,2.18055,145.598,93.5882,44.9952,59.754,9.79696,39,0.314412,1.76619,3.77423,581.989,87.1898,73.2535,63.6548,2.14439,77.804,57.1218,19.1218,26.519,4.63461,52,0.243969,0.980644,1.33284,506.452,106.597,101.385,27.5731,3.11933,72.3958,59.6624,19.9606,22.3531,4.72255,45,0.339586,1.04239,1.22913,472.747,95.9695,91.1294,23.721,2.16646,72.9915,58.4649,19.3499,21.4927,4.21625,42,0.315604,1.03778,1.54672,492.198,145.91,99.5031,44.3793,1.6902,65.0327,68.8092,17.4472,24.2554,3.26703,49,0.198761,0.713359,1.20491,632.865,151.012,127.302,132.53,3.91966,82.1176,69.6239,21.5294,30.4874,5.19186,43,0.269026,1.17536,2.1836,436.266,92.5632,76.2848,31.2595,2.8002,61.0217,56.5075,15.1854,19.0908,3.19236,41,0.298488,0.81353,1.2438,315.698,86.5255,72.0796,31.5756,2.47168,55.3694,56.4575,14.9767,17.575,2.73552,52,0.270952,0.826991,1.01199,863.951,202.519,160.856,171.737,7.67135,103.418,79.7054,26.3497,37.5488,8.72742,45,0.256976,0.875932,2.26983,444.672,91.3862,105.757,32.7361,0.993881,65.6184,52.7044,19.0115,23.8953,4.20942,48,0.246075,0.824741,1.03681,549.534,113.032,115.806,149.867,4.0354,69.1193,64.6202,20.7564,32.3867,8.4078,36,0.370768,1.25327,2.5328
decoupled_wbc_h066_p000,1795,complete,90,18,33.4102,2.40706,0.505396,0.262229,404.906,75.1912,72.4059,49.9486,2.57875,62.9784,52.5241,15.6872,29.7612,4.87843,46,0.336218,0.965696,1.39625,327.397,59.1954,75.2893,33.1287,1.81664,52.7192,40.1285,15.306,26.3469,3.2876,45,0.289653,0.883388,0.864201,529.072,108.591,135.361,74.1988,3.00734,76.0028,56.569,21.5991,38.0111,4.99454,54,0.281506,1.05441,1.12276,420.116,77.1908,92.298,34.3925,2.2103,65.155,52.6951,17.4396,31.1336,3.59524,42,0.321825,1.0386,1.29855,459.283,85.5706,119.348,68.6767,2.08688,64.0211,48.1726,19.6149,34.4197,4.051,46,0.340175,1.12633,1.12967,655.632,133.496,124.648,137.383,4.40501,87.6785,75.7363,22.4083,40.3681,7.56871,43,0.362579,1.03813,1.9353,385.944,93.6588,88.2507,101.128,4.43107,63.0131,52.2154,17.6531,29.4443,6.5325,50,0.263361,0.844742,0.859554,408.68,86.0327,122.027,115.117,2.80366,61.0737,51.4515,19.0608,39.2739,6.9612,45,0.30753,0.977897,0.991329,455.371,80.0633,126.649,132.943,3.50343,69.5554,53.8443,20.1798,34.885,6.70486,51,0.320221,0.97557,1.41945,469.362,85.0043,102.063,25.5967,1.70359,67.3101,57.8361,18.74,26.7505,3.9704,50,0.292582,0.941712,1.43149,447.592,91.3049,100.527,30.1293,2.27749,69.2386,58.0624,19.2409,28.7278,4.04555,52,0.307632,1.05513,1.0778,705.994,120.173,190.736,189.821,7.3122,94.7999,65.2369,29.6748,65.1083,13.4953,41,0.324978,1.13893,1.86564,470.75,87.5403,118.337,151.517,13.1985,63.4122,55.8885,17.6679,46.1487,11.3317,43,0.301666,1.06761,1.83123,574.44,99.3442,106.433,29.5129,1.38483,80.1568,65.0858,20.498,29.7805,5.09269,42,0.31714,1.19807,2.09401,412.985,75.6249,106.204,24.3293,2.34302,63.5357,53.2851,18.447,27.2274,4.75666,47,0.321557,1.01019,1.37404,553.146,102.902,153.774,88.0732,5.00616,77.5201,57.2361,23.243,41.8207,9.25483,44,0.30655,1.18614,1.34812,384.016,99.2031,105.294,22.9397,1.44312,58.704,59.3379,18.3903,28.5566,5.00976,55,0.286914,0.858529,1.09058,1262.33,197.495,178.421,45.7103,3.37149,110.198,83.4217,29.6207,45.7249,8.33834,33,0.345809,1.47787,3.42959
decoupled_wbc_h066_p000,1796,complete,90,18,23.0635,3.52177,0.0793331,0.0642198,539.55,107.792,104.056,19.6249,2.13825,82.6249,64.7466,21.5414,27.4716,3.76433,55,0.33369,0.949341,1.44095,352.961,54.8657,54.4834,60.5768,3.25157,52.7939,45.1186,13.3577,21.1568,4.01174,41,0.384485,0.992476,1.23706,431.147,91.0908,85.1572,27.4049,2.00289,71.0751,53.6261,19.2618,27.6506,6.28792,48,0.319876,0.938687,1.18929,358.555,73.1754,90.5108,65.0153,3.37848,61.1615,55.1722,16.9737,29.4931,5.40654,46,0.273303,0.955141,1.15204,357.055,87.4522,76.9259,32.606,2.78675,60.559,53.7518,15.5123,28.0393,4.67308,48,0.293301,0.905006,1.07784,445.469,81.481,92.6365,29.7867,1.52455,65.4902,56.9113,16.4928,26.5899,4.0587,40,0.314594,0.947608,1.43071,378.324,85.0047,79.1285,64.9253,1.90823,60.0582,54.5966,17.9403,29.8866,4.52518,47,0.283251,0.970248,1.1454,446.609,93.3374,87.0522,30.672,1.82668,66.6454,56.8477,17.7383,30.1836,3.14026,31,0.437659,1.28078,2.58976,366.898,70.8947,92.652,23.7048,2.07392,62.5408,52.3914,16.9463,28.3133,4.47566,45,0.320368,1.10681,1.46372,502.915,89.1766,94.7878,25.9957,2.87671,70.7698,56.741,19.4524,30.6174,5.61535,47,0.283933,0.980477,1.41409,581.07,114.55,105.765,111.439,4.88918,72.6627,66.3998,19.3612,36.2401,7.52659,42,0.304006,1.17853,1.97332,637.915,144.673,100.989,55.2552,2.77674,77.0766,69.3317,19.4454,33.2035,7.06339,46,0.25211,0.964508,1.73625,467.333,99.1802,93.5748,32.176,2.11641,71.5481,57.719,20.1277,34.0576,5.24798,44,0.376752,0.993805,1.19764,432.878,106.252,149.527,201.031,22.5664,68.1412,59.0213,21.621,53.2173,12.5432,48,0.25786,0.932647,1.23241,440.373,98.507,107.92,33.3641,1.46907,69.7393,55.4337,19.8126,31.876,3.33327,56,0.277236,0.926839,0.904399,1220.02,166.166,185.059,47.4309,1.58331,100.342,78.0174,26.6933,43.1297,5.52583,40,0.36444,1.25115,3.00695,412.514,81.6165,119.695,38.1509,1.70927,65.1985,47.5233,20.2517,31.6625,3.99674,49,0.234498,0.868596,0.778156,384.305,104.436,69.7325,28.9958,1.68557,59.9816,61.0102,14.6461,22.5684,2.74827,47,0.258695,0.838758,1.36905
decoupled_wbc_h066_p000,1797,complete,90,18,22.1958,3.03351,0.185384,0.150304,489.291,92.8271,93.8631,39.9076,2.31835,74.4758,61.7744,19.3399,29.4384,5.44195,57,0.310896,0.904336,1.1536,394.958,57.2213,86.6124,25.2994,2.19506,63.1464,46.7871,16.5278,23.9612,4.83446,52,0.3012,0.940104,0.877516,394.973,97.9099,102.192,36.5155,2.35958,69.8215,63.1986,18.6675,24.9837,6.57264,57,0.270977,0.900189,1.17031,438.719,122.877,114.805,23.9848,1.53972,69.556,61.7755,18.4544,22.9092,6.16636,46,0.296122,1.03876,1.33768,418.99,91.5597,81.5435,20.2778,1.56569,63.8992,57.1276,17.3096,22.1708,4.67797,54,0.288482,0.87657,0.949355,500.297,96.6333,90.0252,22.8412,2.08227,65.6952,57.3607,16.1811,22.3656,4.75701,35,0.412072,1.12157,2.13973,432.39,91.4852,99.1439,30.1216,1.6732,61.8005,50.8986,17.3005,22.8175,5.11352,37,0.313812,1.05462,1.43758,448.898,99.6038,84.3209,41.2476,2.48293,60.977,58.7742,16.2112,27.068,6.19009,45,0.287931,0.908281,1.41009,413.889,110,99.3475,44.4749,2.29046,62.5436,61.7678,16.4104,31.5065,6.35052,47,0.231185,0.919279,1.23696,335.047,73.6283,94.2776,31.626,1.94246,53.13,46.862,15.2622,24.4749,3.8551,43,0.208939,0.895948,1.25825,407.716,96.5425,82.4251,36.591,1.76017,66.9174,57.73,17.7005,28.8826,4.10968,51,0.289553,0.865619,0.930258,432.435,93.2858,90.031,37.5953,1.62951,70.2978,54.9325,18.2175,32.563,4.02923,51,0.265389,0.915837,0.954862,451.681,122.454,108.054,35.7144,1.84183,73.221,60.6696,18.5822,31.3265,3.8675,45,0.312206,1.06552,1.38426,324.484,79.3098,95.4609,64.0022,3.04763,54.9529,51.9858,16.051,28.7868,4.53395,47,0.216923,0.851895,0.869583,610.677,117.93,97.5264,38.6891,2.18975,83.7237,72.2034,19.8817,29.8857,4.01104,41,0.285307,1.03658,1.84885,389.732,117.135,109.817,35.1239,1.82144,62.0498,56.2921,17.3629,29.3366,4.01421,44,0.272825,0.949156,1.19406,866.061,145.58,126.912,50.6689,1.51792,98.2207,66.7411,23.1803,40.7822,5.08605,38,0.301149,1.24682,2.18905,440.966,78.0596,61.5582,29.3357,1.63741,60.2729,50.6815,13.6826,26.5402,3.44656,40,0.345913,1.05403,1.89787
decoupled_wbc_h066_p000,1798,complete,90,18,23.0658,3.24791,0.195513,0.18407,461.443,89.2853,89.6236,35.5376,2.05609,73.1917,56.4488,19.4162,34.5014,4.7178,53,0.317859,0.951362,1.10077,450.203,102.898,82.0117,50.345,1.78928,69.3332,59.6963,17.2851,34.6595,4.73826,48,0.293882,0.911933,1.28306,370.905,79.3439,98.6435,27.1171,1.68159,63.9512,49.333,17.9102,27.4926,4.15183,48,0.306296,0.969613,1.09273,451.5,125.662,125.948,36.3608,1.70643,72.1067,67.7884,19.1159,33.0252,4.67623,54,0.255474,0.850016,1.25216,503.477,118.981,125.384,145.999,7.0881,73.2848,64.1215,19.4338,43.2725,8.2768,46,0.295044,0.999803,1.4089,494.036,107.814,100.608,39.9673,1.76764,71.5354,56.6984,17.3898,27.7793,4.26346,36,0.334017,1.10124,1.9744,369.827,111.019,108.309,40.6251,0.630161,62.2124,63.6728,18.3857,31.057,3.33505,55,0.24744,0.803614,0.884635,496.454,111.168,103.994,42.6254,2.30996,78.8186,63.3868,20.7185,37.472,3.61699,50,0.278784,1.00848,1.3419,540.754,84.8717,96.1878,43.8311,1.29565,73.7794,60.946,16.8472,30.2885,2.99648,43,0.352111,0.983021,1.85665,412.037,78.2001,102.232,66.2459,2.0579,66.0453,54.0696,17.6102,32.8751,4.43923,55,0.233944,0.804504,0.868708,406.078,99.2557,99.0883,32.5863,1.80718,71.0479,59.9053,18.7718,30.8966,4.47858,55,0.292275,0.86413,0.945197,432.366,94.6553,96.4821,83.2758,2.77658,65.2951,55.7286,17.5944,38.3678,5.87317,44,0.275751,0.971521,1.16997,460.689,89.1704,110.722,101.36,2.15216,67.5833,48.3753,19.0535,34.8934,4.21095,46,0.34344,1.00133,1.04745,420.317,100.381,100.428,28.9432,1.41488,68.6904,60.995,17.7103,30.4648,3.4749,51,0.288215,0.972714,1.2092,688.78,106.493,106.17,36.5528,1.61604,80.7906,63.9301,20.1016,25.3979,4.92443,41,0.306736,0.962209,1.76494,1214.27,390.327,248.243,57.9992,2.09587,123.134,102.912,35.5211,41.8749,6.27341,37,0.46289,1.00778,3.54731,399.866,106.427,114.022,43.1605,1.36902,61.3426,56.4511,17.8137,25.2174,3.7923,53,0.218997,0.826748,1.11188,477.728,75.1659,81.0516,50.4661,1.26068,67.2201,49.3263,16.8033,24.6188,4.38772,35,0.313182,1.03084,1.38401
decoupled_wbc_h066_p000,1799,complete,90,18,21.745,3.10923,0.166952,0.340039,361.338,89.8224,79.9356,18.5,2.97842,52.4605,48.1907,13.8905,22.6411,3.34048,48,0.288642,0.831571,1.26021,462.956,93.3149,94.3375,53.9336,4.02896,64.9269,52.3653,18.0261,32.9551,6.28501,38,0.352358,1.20508,1.82421,314.32,63.221,88.3999,22.632,1.30124,57.4947,47.2028,17.2054,24.5394,3.80537,47,0.266951,0.923566,1.08702,464.932,88.2575,93.7103,29.5759,1.95149,70.9948,57.4856,19.4979,29.7766,4.82811,40,0.397955,0.966323,1.43289,382.495,93.6531,104.985,33.6554,1.62378,65.2655,57.4709,19.9478,30.042,4.17096,50,0.338553,0.988125,1.10116,456.597,89.5062,97.1379,32.2534,2.60997,71.2325,56.9442,19.4669,27.749,3.8707,43,0.344853,1.03305,1.26396,685.353,118.538,86.7466,29.4953,1.74032,82.0325,69.0818,21.1389,25.6062,4.94247,46,0.391988,1.12581,2.03949,468.863,159.641,112.709,111.889,4.58326,70.7221,71.4565,20.0402,34.8347,6.30756,53,0.220197,0.875216,0.982864,379.128,73.7791,88.0837,39.0049,1.27238,58.6617,46.9037,16.3009,27.2222,2.95818,51,0.266583,0.840061,0.763055,643.368,222.238,162.29,35.9167,2.52195,85.2784,77.3004,26.1455,37.4862,6.77173,41,0.327093,1.03917,1.58696,549.553,114.41,88.6134,98.4524,2.34192,80.7482,68.7457,19.9261,33.3378,7.79471,54,0.317883,0.906837,1.33943,383.322,81.944,115.29,72.8708,32.9042,57.7489,48.0304,20.0545,37.3576,23.0555,43,0.241421,1.04596,1.14289,632.403,122.13,141.997,22.6639,2.02079,85.3526,62.4901,22.734,31.0009,6.09473,38,0.438646,1.20336,1.87317,802.973,300.693,219.506,73.5388,2.39479,90.7466,81.0682,30.6645,45.0631,8.78444,43,0.290323,1.00174,1.49266,496.745,96.056,97.6766,29.0082,1.8729,67.9145,57.6915,18.3069,27.8681,5.03365,47,0.353137,1.00644,1.50207,487.689,93.0514,125.911,112.566,30.2905,65.0713,57.9119,19.6626,58.426,21.6599,41,0.222803,0.910119,1.30951,521.975,111.878,111.338,23.7142,2.60743,76.2138,64.9149,20.7823,29,7.13053,45,0.293701,1.01798,1.4405,473.755,99.0834,90.6293,118.173,11.1008,64.4484,56.2827,17.9935,37.7961,10.8648,40,0.380594,1.15753,2.08755
decoupled_wbc_h066_p000,1800,complete,90,18,27.461,3.37639,0.542036,0.115038,380.696,55.3427,85.1229,19.3974,3.2327,60.9134,41.944,17.2584,27.8178,4.28573,40,0.327078,1.03652,1.17888,460.53,86.9578,104.225,29.0494,2.50938,69.4164,51.858,20.2283,32.7197,5.44205,45,0.333943,1.02633,0.868127,552.164,102.51,117.087,26.7397,1.65353,82.5606,61.5968,20.9189,35.7775,6.09198,45,0.347781,1.06843,2.04102,461.481,87.1899,107.192,67.9355,3.35878,72.7105,57.8974,18.4223,33.1998,6.1897,56,0.304174,0.94948,1.05276,477.047,80.6648,126.838,131.601,10.8606,69.9011,55.9315,21.8083,33.6948,8.3807,50,0.308134,0.942101,1.17827,451.48,95.1724,104.459,86.2286,2.15225,68.1066,58.4793,19.6839,29.7909,6.17039,42,0.318621,1.21518,2.18114,529.736,99.4095,99.9878,33.9002,1.62118,78.6041,65.7649,21.7594,27.2056,5.3497,44,0.327247,0.952338,1.56436,376.234,80.1668,85.4752,26.8606,2.16801,64.6371,47.1576,17.6924,22.6134,4.41742,44,0.364004,1.02587,1.089,378.628,75.7698,90.0945,54.1405,5.16254,55.9673,51.8572,15.1095,30.7589,6.99736,43,0.276666,0.83682,1.21446,901.854,223.252,162.639,46.5137,2.47508,96.4196,81.7453,24.0924,44.5701,8.14545,37,0.358026,1.04893,2.66181,429.893,67.8284,122.446,115.929,32.3154,70.1942,52.3995,21.9363,43.7669,25.9632,50,0.334079,1.00601,1.20073,594.473,99.7725,127.825,61.9985,2.10106,81.7853,62.751,22.8942,33.4308,6.0234,44,0.298867,1.18788,1.67436,413.039,86.4991,131.352,87.048,12.702,64.7562,53.0116,21.0157,35.8054,8.91059,42,0.298018,1.14126,1.33016,1162.9,156.772,146.085,43.1453,1.79872,110.022,76.2861,27.7777,45.0455,6.18038,48,0.311129,1.13228,2.66592,568.849,117.582,95.7837,39.8278,1.28952,79.3469,67.8387,19.8362,36.0633,4.21181,51,0.331041,0.955617,1.40983,923.378,306.969,190.457,50.2554,1.71873,106.075,92.7451,28.0258,42.7628,3.8532,45,0.30007,1.06422,2.51403,893.509,167.791,131.799,120.775,2.72705,86.1497,71.9757,23.3414,44.7887,5.34803,37,0.33618,1.33385,2.48728,389.212,92.6124,69.2086,34.6595,1.53031,63.0583,53.985,15.6431,26.9763,2.80718,53,0.248924,0.781943,1.00612
decoupled_wbc_h066_p000,1801,complete,90,18,18.5999,3.36258,0.343462,0.261619,353.55,81.5766,94.1074,28.8574,2.2051,59.9438,50.5739,16.3685,27.9099,4.2129,45,0.234359,0.92902,1.31041,472.343,101.048,102.56,26.4095,2.48905,75.0851,66.1356,19.6261,33.7501,4.8106,51,0.330575,0.971816,1.46769,330.233,71.6453,72.3927,23.7746,1.90687,53.8596,44.4754,14.622,24.8249,3.61444,45,0.273073,0.829765,1.15131,476.917,94.9817,82.4917,28.4506,1.51194,68.5389,60.3249,16.9837,29.6839,4.01171,45,0.308509,0.944704,1.44023,352.802,84.0492,53.526,20.2861,2.28512,54.5857,53.5047,12.3639,22.9678,3.62136,35,0.391752,1.12254,2.11318,670.521,125.482,135.873,105.61,2.79842,89.4571,66.519,24.1546,40.0998,6.07704,51,0.313881,1.07557,1.66872,406.988,92.0695,80.587,27.2021,1.89573,64.3722,57.3616,16.6615,26.023,3.03775,41,0.338158,0.945664,1.38718,416.236,91.2559,105.366,42.0725,1.55994,65.0632,56.3047,20.5357,34.9767,3.81168,49,0.285222,0.894129,1.06013,375.146,68.7112,83.6281,37.6789,1.79275,55.5476,45.9403,16.6945,27.2423,3.50297,46,0.290585,0.940968,0.929462,750.507,131.804,143.223,43.178,1.4454,90.725,69.1851,25.1564,39.6852,4.41893,51,0.363987,1.10273,1.84347,334.604,88.3045,81.43,29.1642,1.57863,57.1774,52.7904,14.9058,29.1434,3.52755,44,0.30774,0.934375,1.16842,446.54,93.8741,97.1417,38.7939,3.2104,65.7205,53.424,16.6335,34.7393,4.08555,41,0.343743,1.07219,1.80444,908.191,152.482,132.59,43.3238,2.57667,87.4404,71.0286,22.3255,44.4666,5.40121,33,0.301419,1.48155,3.29019,497.125,112.66,108.082,40.7615,2.15861,71.7056,60.4658,18.4937,37.7864,5.29469,35,0.378766,1.20971,1.72732,449.675,86.2754,89.5251,34.9119,2.20702,63.2976,54.0776,16.8832,34.4129,5.8076,49,0.305027,0.99291,1.04895,495.576,90.5802,137.79,34.8563,2.98979,71.8529,47.814,19.6836,35.7086,4.51947,37,0.371853,1.18922,1.36575,556.28,116.153,156.037,167.925,4.14864,77.3131,58.6767,22.3358,53.5425,8.28698,45,0.324093,1.04655,1.54132,501.708,86.6216,101.798,42.9657,2.62127,57.3449,51.0351,15.6993,31.1024,4.06502,35,0.337597,1.00886,1.83401
decoupled_wbc_h066_p000,1802,complete,90,18,19.2919,3.57055,0.153388,0.165921,479.769,122.007,113.715,45.6203,1.94187,78.3348,69.9222,20.2061,35.9077,4.85054,51,0.275383,0.887346,1.28621,374.59,97.3215,109.038,30.5225,1.84967,60.7006,54.5287,18.1038,27.3173,3.84717,49,0.249817,0.969348,1.15728,343.041,75.0406,77.8139,32.9198,1.9542,54.731,51.5045,14.8584,22.3788,3.28875,48,0.245806,0.76696,0.955179,374.777,110.62,97.1833,34.519,2.00073,64.1666,62.4065,17.7581,25.7076,3.23182,55,0.263428,0.937969,0.928142,374.382,77.8636,99.2461,34.1213,1.67438,59.13,44.9467,16.6529,23.7332,2.9317,43,0.323629,1.03082,0.878556,401.438,103.558,98.8457,30.551,1.17348,67.7549,62.9638,17.6203,23.6811,3.59929,52,0.262821,0.757237,1.09236,377.956,91.4835,81.7596,45.5144,1.91196,59.9269,58.0955,16.643,27.0402,3.72539,54,0.237686,0.793319,1.02324,476.189,142.806,103.891,40.2899,1.33919,76.0598,70.1609,19.5132,28.0952,3.97476,56,0.254811,0.793709,0.987613,551.5,131.425,147.889,168.76,8.87078,83.381,69.6022,23.6197,40.7006,8.53753,53,0.248669,0.865602,1.29345,493.665,103.891,134.387,61.0414,7.32792,76.478,61.4124,21.7969,28.1369,7.85991,54,0.291686,0.861925,1.10469,419.754,103.03,97.1554,27.9813,1.34949,66.5143,57.9292,18.1321,22.8263,3.7648,52,0.253018,0.845681,0.946808,1469.02,238.842,224.954,34.7268,2.22608,136.379,90.9474,36.2018,34.7332,6.48336,39,0.400993,1.42541,4.51631,343.174,88.0557,108.467,46.7137,3.17594,58.1501,53.1898,18.6054,26.4275,6.32314,42,0.304496,1.0523,1.26914,508.232,98.4907,98.6235,54.4792,3.57631,75.2284,60.2953,19.3511,25.708,7.03418,39,0.337722,1.07327,1.82464,525.77,133.959,122.397,36.958,1.54034,75.6599,58.8385,21.3286,27.0806,5.48016,42,0.378599,1.03444,1.40407,423.298,88.7368,93.4432,68.0245,2.71899,63.3409,54.8851,17.8595,21.5721,4.74745,41,0.227791,0.852368,1.44787,425.332,86.8115,94.3761,34.6586,2.12969,67.7286,52.328,18.1695,23.0663,3.56608,42,0.374574,0.938625,1.0736,423.476,105.648,131.527,160.588,19.3642,64.7194,57.9151,21.8237,55.8254,21.2587,48,0.267003,0.870224,1.09633
decoupled_wbc_h066_p000,1803,fell,75.96,16,22.9144,5.8501,2.10184,2.60327,467.929,90.0815,83.158,20.1057,1.38545,73.1607,58.1365,18.4934,27.1161,3.64717,45,0.323451,1.08225,1.29824,347.602,63.0558,64.848,30.2328,2.20907,49.8333,43.7546,13.357,26.1776,4.4948,36,0.306563,0.982271,1.35054,286.89,61.674,70.5422,27.0711,1.28194,49.7926,44.4398,13.2326,25.4086,4.10904,46,0.237005,0.920755,1.16823,380.421,88.0815,85.7197,69.7594,3.41343,57.8117,56.1327,15.6063,28.0089,4.62403,50,0.319242,0.879251,1.26228,582.785,117.866,128.524,174.726,6.93972,79.1549,64.7041,22.0723,42.0404,6.34313,49,0.289522,0.957965,1.3549,498.64,107.029,104.835,33.6891,2.81324,76.5633,60.8694,19.3398,28.9754,3.36088,51,0.26613,0.936373,1.27617,295.833,79.3562,96.9833,43.5028,3.78323,49.9819,47.5401,16.537,25.2719,3.75499,41,0.232865,0.861285,1.10459,388.136,119.403,112.052,33.3971,2.00116,64.0024,64.9053,18.2204,27.0301,4.46396,52,0.24126,0.886409,1.12396,467.591,117.342,108.798,38.5942,3.17883,79.5825,63.9526,18.3859,27.4163,5.4357,47,0.299333,1.0023,1.31148,386.818,92.2908,84.4078,25.4767,1.60858,66.2189,53.5988,17.4961,23.0288,5.05682,49,0.248523,0.907017,1.20283,611.227,133.458,94.6304,34.2808,2.11766,85.5007,69.2687,21.8183,30.4752,6.28295,52,0.299801,1.02384,1.46694,462.853,111.763,129.331,67.6577,2.41793,75.895,66.7108,20.5408,33.9724,7.94049,42,0.291226,0.984934,1.47122,638.353,192.539,126.09,112.122,3.51933,78.9962,74.8928,19.8606,38.6696,7.48773,45,0.243197,0.850209,1.33464,318.673,79.6919,87.8245,37.892,1.26546,53.7736,48.9153,15.2371,25.6326,5.27899,45,0.267889,0.92752,0.869222,604.49,133.045,106.892,140.049,3.50476,85.6746,62.5169,20.6689,34.3589,8.20634,47,0.273305,1.06957,1.76924,2014.53,538.553,391.34,228.653,24.3307,97.0453,56.4931,26.6847,52.3668,21.0255,3,0.303172,0.750608,1.45815,,,,,,,,,,,,,,,,,,,,,,,,,,,,
decoupled_wbc_h066_p000,1804,complete,90,18,20.805,3.13711,0.238385,0.222827,354.014,76.463,74.6794,22.0704,1.63097,58.9001,46.2689,16.7099,25.0978,3.79853,45,0.224211,0.850677,0.932554,455.413,98.8924,72.0139,39.5583,1.75734,63.7812,58.7109,15.4805,27.1839,4.76806,38,0.40034,1.09653,2.08502,360.868,82.6414,97.942,33.8292,1.6276,59.2032,49.5199,17.4277,29.6806,3.4841,48,0.265589,0.848082,0.859877,314.081,68.8667,86.8252,27.6118,1.58777,54.8061,48.0796,16.8386,29.0988,3.39271,45,0.28869,0.916203,1.08554,369.358,87.0818,117.028,29.858,1.98088,67.8843,54.5054,19.0059,32.3735,3.52165,45,0.33306,1.23757,1.26936,388.692,63.2107,84.6146,31.5177,1.69325,60.7897,48.2491,15.7924,29.6458,3.64222,53,0.244223,0.784764,0.985467,391.929,89.1054,83.3374,30.6806,1.92431,60.5233,55.3615,15.2235,29.1281,4.26289,38,0.30344,0.986636,1.75615,575.91,113.848,116.016,29.1812,1.75912,79.7425,62.9804,21.4624,37.6963,4.49345,43,0.294773,1.10847,1.69724,417.061,98.5986,107.072,37.6848,2.33121,67.9949,54.7709,17.9827,32.5339,4.65724,52,0.282482,0.949011,1.04228,409.755,64.5396,84.7162,36.329,1.51589,60.8009,43.5284,15.788,28.6406,4.55208,47,0.274178,0.925872,0.925771,446.262,95.3982,101.154,39.9997,1.72413,65.3401,50.9338,18.2497,30.1464,3.83421,43,0.307884,0.97601,1.00309,573.221,122.892,131.008,38.3975,2.54803,76.4442,62.4552,19.9472,34.1269,5.88393,40,0.26959,1.22266,1.8828,404.716,77.4661,77.7766,21.4537,2.15977,66.6956,50.4052,16.7291,23.0999,4.43689,47,0.364245,1.07327,1.22804,379.976,81.3922,74.4778,27.5878,2.61965,67.2334,50.008,17.2654,21.8644,4.20144,48,0.307475,0.859799,0.964443,506.821,114.452,105.059,23.2052,2.474,82.6201,68.6836,21.9509,27.0091,5.93398,53,0.295697,0.982962,1.1719,683.883,136.751,117.618,128.857,5.55373,76.5205,59.8776,20.3382,32.7684,7.83803,29,0.35364,1.14299,2.32098,394.896,119.331,118.88,153.416,6.05165,63.1698,60.7583,18.4354,30.3423,7.84801,50,0.201659,0.779831,1.12838,475.225,121.433,101.249,34.902,1.66586,71.7334,67.2771,18.6218,25.7918,6.81206,43,0.2447,0.879346,1.3002
decoupled_wbc_h066_p000,1805,complete,90,18,20.7809,3.23603,0.416033,0.232187,356.766,67.6607,81.4655,35.2586,2.56817,58.0177,49.3491,16.2771,29.4846,4.28923,44,0.285732,0.886715,1.13494,435.953,82.4257,63.3215,25.0984,2.45012,59.7586,54.938,13.6249,26.1639,3.49048,41,0.361649,0.922202,1.81276,296.135,69.0999,91.4741,46.4538,1.17988,53.2043,44.4023,15.8794,30.5584,3.803,37,0.323297,1.06221,1.34468,544.666,160.15,128.794,37.5232,1.35457,80.7672,71.1074,19.9307,35.3778,4.22203,35,0.394539,1.04649,2.08286,472.158,116.634,99.0301,38.8471,1.26288,74.672,67.2171,19.1854,33.6652,3.29265,57,0.268635,0.818286,1.12024,363.95,100.493,96.5551,40.2394,1.71192,60.0143,56.484,16.4863,27.5609,3.66141,46,0.215382,0.825174,1.18474,432.875,106.127,80.919,41.2582,2.51241,63.4886,58.6683,15.7944,25.0965,3.28734,49,0.284788,0.823639,1.2115,404.33,73.9348,79.5627,26.112,1.57808,63.2317,48.4174,15.7464,19.4601,3.09158,40,0.293657,1.00309,1.45107,493.746,113.274,115.658,29.3886,1.72197,78.796,62.6334,21.7094,24.7918,4.3033,41,0.305599,1.06144,1.33265,414.365,96.1758,91.1166,28.1241,1.86036,65.1701,58.0349,18.3448,20.8314,4.13099,52,0.262844,0.832403,1.27299,435.64,114.655,114.852,35.3879,1.7847,65.6413,60.1919,19.7508,25.6968,3.14004,50,0.169071,0.796547,0.980951,582.048,126.449,91.3964,46.216,1.96212,74.2544,68.0955,18.0279,28.0936,3.64694,42,0.241805,0.822617,1.31849,1037.25,156.264,168.499,59.8753,1.40793,99.7435,74.1689,26.3737,43.269,4.51984,43,0.254046,0.999165,2.5285,373.731,76.7427,79.3964,35.3932,1.68849,59.6739,48.8774,15.3331,24.1285,3.76921,42,0.332672,0.963686,1.16116,557.513,134.546,177.418,156.305,31.3487,80.7339,54.1609,24.9318,44.0122,18.2274,44,0.34381,1.01214,1.10299,388.972,104.146,91.7043,31.5896,1.37913,63.6096,59.974,16.7789,25.0682,4.0175,55,0.283589,0.803676,0.871242,400.265,105.6,93.4767,37.8582,2.66061,59.3317,58.79,16.8368,23.9448,4.04984,49,0.191898,0.796615,1.02612,820.641,152.375,145.441,38.2123,1.91724,93.0121,73.6721,24.4043,32.9445,4.41805,34,0.335972,1.38425,2.56882
decoupled_wbc_h066_p000,1806,complete,90,18,20.0298,2.32648,0.580263,0.0445141,413.369,81.7637,72.8708,20.4257,1.77601,67.38,57.6504,17.4085,28.9159,4.76119,46,0.296104,0.963986,1.4268,349.267,82.3947,101.415,49.0808,2.07302,57.1973,54.319,15.7632,28.9109,4.82268,52,0.275968,0.857621,1.14568,407.478,90.41,94.875,33.1427,1.1698,64.1178,55.4909,16.8893,26.1314,3.98267,44,0.274703,0.950838,1.26783,423.023,101.633,96.8682,39.4217,2.67334,66.0984,61.7461,18.4469,24.7962,4.7348,54,0.256515,0.807347,1.08406,380.987,96.4633,95.0252,34.4048,1.61752,61.2065,60.6811,16.8709,24.9428,4.86536,55,0.270622,0.813774,1.05238,373.388,74.1818,80.4073,29.9332,2.30745,59.2457,50.9535,16.0245,25.1983,4.9186,56,0.282812,0.764469,0.951179,363.598,75.7943,105.109,30.141,2.05695,59.6457,51.5521,17.3145,28.4622,4.65487,49,0.250577,1.02176,1.03137,352.728,71.2709,69.7203,81.9695,3.11076,49.5669,46.7776,13.9389,26.9768,5.36661,36,0.354425,0.996822,1.6695,717.792,139.995,161.092,91.3818,1.47109,91.2917,71.1154,27.867,39.977,5.95698,49,0.308957,1.29392,1.80789,543.938,99.1935,142.107,82.5214,1.38115,74.9844,54.5028,24.5174,37.8886,4.78615,42,0.383989,1.17858,1.20269,371.122,92.1771,118.511,26.3306,1.51097,61.6226,59.9903,19.6009,32.6984,4.04446,59,0.249946,0.90468,1.00439,508.265,99.6258,111.268,37.2722,1.60739,76.7925,61.2537,22.4713,31.8241,4.09763,51,0.317267,0.98203,1.31,461.794,98.7273,85.5704,150.865,5.05521,64.2581,58.9184,17.2675,34.7056,6.08272,40,0.350494,1.09942,1.89282,568.639,111.193,121.363,46.5416,2.22435,83.401,65.2257,22.1464,36.5808,6.69561,43,0.31373,1.01074,1.55619,476.49,85.5787,78.0461,26.0198,1.79953,67.6564,55.4922,17.1414,24.2431,3.82266,48,0.268179,0.920264,1.32729,662.041,208.507,203.012,198.551,17.4864,90.98,73.4799,26.9259,55.8941,12.2843,41,0.340712,1.08388,1.69707,589.352,126.346,130.411,41.68,2.01413,84.0879,65.9243,22.516,36.6624,4.13398,46,0.284514,0.953304,1.32914,564.447,104.688,89.2723,29.7126,2.71421,79.3084,63.8848,20.9617,30.0627,6.47157,48,0.320626,0.894755,1.29089
decoupled_wbc_h066_p000,1807,complete,90,18,15.6749,3.13504,0.22986,0.178573,494.521,101.612,105.332,32.597,3.20694,75.5591,67.6481,21.285,35.3457,5.51899,54,0.269395,0.875325,1.16284,302.341,68.9597,92.0247,23.995,1.9057,53.5804,45.455,15.963,23.3994,3.51861,47,0.231022,0.791681,0.823798,448.09,97.0002,81.6628,32.9072,1.30479,65.391,62.6511,16.5087,28.3244,3.45936,48,0.335358,0.98554,1.62945,343.766,115.995,100.914,35.6992,1.99634,65.6089,59.7351,17.5108,23.8528,4.77089,46,0.274594,0.865555,0.964609,395.422,98.8111,98.5359,29.959,1.57403,59.7567,57.8923,16.7028,21.1018,3.72711,50,0.268042,0.79869,1.27184,327.906,98.6346,99.7776,39.0912,1.85589,58.4166,60.0956,16.9139,23.8887,3.13178,46,0.257369,0.805148,1.00577,569.756,173.57,122.209,49.9293,1.6072,78.514,73.6771,21.4425,26.9657,4.20361,39,0.40211,0.990276,2.09364,542.75,105.593,128.827,53.4149,6.41323,70.4352,60.9537,21.5182,33.0041,11.6001,34,0.336294,1.07926,1.82417,509.128,104.579,104.541,82.5074,2.81789,74.9595,61.3717,20.0018,31.288,5.4627,42,0.295982,1.13127,1.35054,627.401,145.295,116.213,32.3643,1.85747,80.6097,66.9242,22.0533,24.7064,4.94992,41,0.340382,0.978888,1.81311,574.967,109.398,87.356,74.7542,1.77079,76.7722,64.9123,19.8851,24.7525,5.21137,44,0.364709,1.26773,1.86179,326.816,87.0742,84.5486,34.9409,2.11035,56.0329,49.4894,16.3301,20.9808,3.93841,48,0.270931,0.780831,0.764783,357.783,79.6119,73.6073,33.7126,1.84357,55.9323,54.2101,14.4205,23.9841,3.88859,41,0.27233,0.9168,1.32476,569.774,127.734,108.706,36.7361,2.40729,81.4207,72.9028,18.8429,29.7183,4.63732,46,0.2725,0.807069,1.44369,523.133,136.567,107.114,43.0444,1.76012,73.2618,68.4286,19.6958,32.8165,3.74721,49,0.232713,0.947991,1.65239,588.905,135.538,99.6802,42.9772,2.23569,64.8994,57.6716,18.4313,30.537,3.54048,39,0.224185,0.796485,1.49282,351.46,94.5681,66.6354,97.4975,3.49727,59.4804,58.0888,14.6078,36.2394,5.84152,45,0.256444,0.793885,1.25106,365.56,82.4005,80.2997,137.166,12.7004,61.2215,49.3171,15.4689,38.1474,6.44415,50,0.27618,0.930021,0.928477
decoupled_wbc_h066_p000,1808,complete,90,18,30.678,3.68565,0.344149,0.471177,493.601,98.6598,112.666,20.5631,2.73084,73.6932,53.2643,20.0012,28.7629,5.35164,41,0.418916,1.14757,1.60796,590.732,116.859,156.784,33.8767,1.6883,84.527,62.8251,24.1274,31.7265,6.12821,44,0.403427,1.23187,1.75061,456.993,68.8413,65.1148,25.7065,1.2095,67.5993,47.0936,16.0243,23.7017,2.82644,41,0.360651,0.962649,1.31275,580.351,139.293,122.729,68.5209,2.95384,83.418,69.5701,22.8835,41.0714,4.58668,45,0.324446,1.13845,1.56003,396.671,82.8762,80.6635,28.6024,1.84103,60.2505,56.5845,16.6596,28.2957,4.96835,51,0.302207,0.819333,1.13606,402.616,93.8547,118.626,31.9148,1.69465,67.0168,57.3341,19.193,30.8968,5.74514,51,0.306472,0.932955,1.15843,390.54,72.7463,74.9961,26.67,1.71318,62.9923,53.6793,16.2707,24.48,4.32312,50,0.275422,0.838575,0.959526,556.547,110.624,153.796,37.3367,2.27929,81.9317,61.637,24.189,37.7654,6.55048,50,0.365009,1.02366,1.17028,503.187,102,77.8168,23.6331,1.92075,77.4391,63.5525,19.3978,28.3151,4.63884,59,0.307007,0.822053,1.00388,397.104,86.0806,108.846,48.4575,0.884254,63.6964,58.3847,17.4032,30.2349,3.26825,48,0.304579,0.821738,1.06774,1145.55,441.424,232.489,44.0322,1.4127,114.362,106.661,38.7658,51.0553,6.09122,36,0.429152,1.24252,2.91138,539.391,98.5819,85.2156,136.846,25.9629,69.3533,53.8222,19.5096,41.1841,15.5961,39,0.359883,1.14928,1.54819,595.439,97.5399,104.209,196.529,6.42071,80.4378,56.7342,23.1404,41.6101,7.92091,36,0.361286,1.15186,1.91525,494.396,92.6667,95.4967,25.4323,3.12339,71.2211,62.2723,18.1566,26.0135,4.03125,50,0.315099,0.87839,1.34972,971.438,153.355,214.414,35.3331,2.28063,102.602,73.4401,30.5482,39.1038,7.2089,31,0.307,1.39663,2.86649,455.308,85.4205,101.739,29.8669,1.47517,65.5194,50.5312,18.3693,29.0601,3.77484,44,0.291314,0.913604,1.1181,400.641,74.1423,60.4351,24.722,0.545582,58.3085,53.3154,13.3251,23.1596,2.82484,34,0.391891,1.12155,2.16411,1342.59,392.334,297.732,184.874,14.0035,122.653,102.781,38.0695,73.4851,19.2785,28,0.416768,1.0754,4.93923
decoupled_wbc_h066_p000,1809,complete,90,18,24.6689,3.94861,0.117879,0.177747,393.806,98.5891,133.413,27.293,2.22946,67.2414,57.1087,19.592,29.2783,4.48065,48,0.282924,0.990386,1.26646,421.693,77.4547,104.689,45.1706,2.50983,68.5446,57.2344,18.9873,26.4778,5.27946,41,0.349183,1.07284,1.42802,409.14,81.5253,79.4196,28.3063,1.7441,63.8891,55.0983,15.9706,19.6058,3.59629,46,0.298286,0.912717,1.22153,408.386,103.43,95.4205,50.7945,2.26693,62.8899,50.279,17.6898,25.6042,4.38817,40,0.327044,0.933399,1.04099,317.683,73.1546,61.6161,29.9362,1.85744,50.3977,52.4086,12.9286,18.4813,3.62478,50,0.23573,0.790567,0.887251,375.924,96.8226,90.9838,38.3831,1.31524,60.1852,53.2251,17.0136,23.3905,4.512,54,0.258194,0.814895,0.832779,493.047,117.761,100.18,94.9133,2.59008,80.1399,68.1633,20.262,32.7495,6.35839,46,0.27573,0.902828,1.36156,382.717,89.1377,84.6104,41.9772,1.62283,62.8533,53.513,16.8897,26.7719,3.12313,53,0.232992,0.784211,0.90035,540.649,111.573,149.254,52.0677,1.08256,77.3991,59.2536,21.2669,33.7587,5.0327,41,0.37288,1.13838,1.57725,884.313,138.307,137.861,51.0518,2.23404,100.785,70.3873,24.0826,38.9383,5.49914,36,0.359648,1.44961,3.09203,461.351,104.443,107.81,178.852,3.75968,62.7032,59.0997,16.6298,41.8688,5.78995,38,0.389943,0.96779,2.03185,455.403,107.243,95.024,46.5541,1.97018,70.014,62.9578,20.1503,30.0136,4.109,51,0.339601,0.90224,1.18972,441.421,91.7745,86.595,20.3615,2.5757,60.4325,54.0896,16.0768,21.8969,3.88854,36,0.35165,1.10532,1.945,935.423,165.859,185.26,37.9966,2.58359,107.019,81.9496,33.1096,39.7672,6.22601,48,0.331939,1.18235,2.29363,437.682,87.3185,104.852,86.9476,2.30767,65.4266,52.971,20.0705,34.2815,5.60837,46,0.306592,1.03447,1.19399,384.795,77.8905,104.713,25.9234,1.8852,66.4562,54.6294,18.3084,23.097,4.64873,58,0.255329,0.837399,0.928313,341.333,86.6355,109.974,22.6082,1.68945,63.8689,56.54,18.4627,26.0774,4.95178,52,0.258842,0.931814,1.07133,464.729,97.6381,110.283,21.2587,1.04618,68.9472,57.1214,19.2695,24.2657,3.717,47,0.34739,1.06206,1.33491
decoupled_wbc_h066_p000,1810,fell,65.84,14,22.5927,8.64466,1.97775,1.75635,433.011,87.1899,101.186,32.1299,2.13624,67.3906,52.3279,18.5416,30.5629,4.50921,45,0.256923,1.04894,1.1233,349.442,61.3673,75.277,28.7052,1.69074,53.8331,42.9365,14.7469,27.318,4.79921,45,0.287855,0.960971,0.966601,327.659,75.3254,53.4019,38.7506,2.21567,47.7406,47.6258,10.5692,27.0116,3.29959,43,0.28423,0.861153,1.13728,354.577,72.9334,56.8539,25.8074,1.96999,56.25,49.4192,12.8014,29.5469,3.35705,48,0.239838,0.73691,0.867335,315.565,63.7591,41.3807,19.6158,1.78172,45.9281,44.8321,9.54517,18.9823,3.15545,35,0.346964,0.971774,1.45197,319.728,80.5003,68.0783,23.0913,2.39171,56.1344,47.2329,14.948,30.9467,5.14192,44,0.267297,0.8487,0.836235,334.581,75.5484,66.9709,25.6533,1.45211,52.5089,49.24,14.0038,28.8463,3.19094,49,0.220136,0.786922,0.828952,235.8,52.9292,43.2137,21.3794,1.77562,30.224,28.9638,9.28973,17.9293,2.27137,49,0.153834,0.561573,0.570175,547.924,83.1218,76.0573,22.429,2.38958,69.6127,50.2717,14.9333,25.9116,5.17103,41,0.314764,0.898951,1.35918,423.069,65.1065,72.189,34.153,2.4168,61.0903,47.4004,14.1958,26.1444,6.42363,34,0.298297,1.05872,1.8103,585.001,130.783,115.139,33.3283,2.8903,70.3356,63.2156,16.8301,32.3987,5.95426,36,0.303484,1.13918,2.25896,745.071,142.272,135.111,30.02,2.10532,88.5583,68.7632,20.9348,41.489,7.44868,33,0.423798,1.3007,2.92303,326.967,74.1682,56.3383,28.3058,2.03524,50.0786,45.1525,11.3687,26.7823,4.22315,38,0.284087,1.0179,1.48524,1520.97,147.177,152.148,61.4052,1.38815,62.1368,31.7212,17.0433,30.0022,4.56052,1,0.290344,1.05399,1.35699,,,,,,,,,,,,,,,,,,,,,,,,,,,,,,,,,,,,,,,,,,,,,,,,,,,,,,,,
decoupled_wbc_h066_p000,1811,fell,86.08,18,23.6695,7.57683,1.676,2.92785,302.31,66.5315,84.4126,22.5276,1.96147,56.9872,49.9103,15.7148,24.486,3.48273,43,0.269407,0.997675,1.29483,376.876,72.7652,74.6424,32.0069,2.05798,61.0548,49.2515,15.6222,24.4715,3.59067,40,0.324375,0.955884,1.18658,423.014,75.9711,98.7262,30.8983,1.53006,63.7215,55.2154,17.1937,25.41,4.30848,36,0.369789,1.07406,1.59612,425.496,115.191,118.348,120.122,3.33209,73.9755,60.1226,19.6845,35.4454,6.22843,42,0.317588,1.1112,1.42067,396.48,98.1541,87.9565,70.3369,2.42157,56.5768,56.3612,15.3552,26.5393,3.8884,40,0.299583,0.945487,1.55246,359.657,86.8595,91.963,31.422,1.70902,61.8918,53.9709,17.0742,23.8581,3.67518,54,0.248557,0.814421,0.963842,644.887,130.828,152.32,219.026,3.97006,76.3448,64.7446,22.6285,41.5344,7.23322,39,0.222911,0.932731,1.59353,366.728,91.324,87.9123,32.4451,1.58819,55.4063,51.7021,16.2192,24.2068,3.29615,44,0.241037,0.88372,1.11848,422.254,122.543,123.786,47.3848,2.47229,68.6729,63.8007,19.4646,31.9923,4.57816,45,0.278836,0.917523,1.30172,634.742,154.486,125.956,135.18,7.70284,83.0547,67.246,22.2494,34.235,8.78709,42,0.373119,0.990791,1.89907,574.691,110.121,95.0542,40.3529,1.89112,79.3017,67.5075,19.5357,22.9394,4.26458,41,0.372878,1.04813,1.79353,548.171,126.316,118.429,40.8466,1.70801,75.9115,73.2244,20.797,26.6151,4.13778,48,0.268803,0.906977,1.43863,463.834,109.187,97.3892,31.196,2.02619,68.0769,69.4693,16.5914,28.2118,4.6967,46,0.306208,0.958828,1.67908,1235.35,489.411,241.97,68.7414,2.04417,118.532,111.334,34.7743,53.0174,5.83423,34,0.382282,1.22201,3.64675,452.039,101.03,128.235,31.1751,1.58689,69.6117,58.6682,19.7437,24.964,3.30949,42,0.266212,1.06751,1.30374,402.97,99.0345,115.327,42.479,2.18289,62.0517,53.5588,19.4745,26.208,3.89389,55,0.193034,0.776224,0.663806,717.184,180.117,123.874,45.5753,2.05011,71.9509,73.784,19.7554,25.0463,3.46711,49,0.278674,0.886332,1.63865,1911.75,217.706,439.397,190.25,14.0382,117.765,49.5136,43.9233,60.2913,19.7851,1,0,0.635252,0.216675
decoupled_wbc_h066_p000,1812,complete,90,18,14.2928,3.86055,0.159951,0.169075,474.656,90.2143,89.1371,20.8186,1.56319,74.365,59.427,20.3216,29.274,4.5392,49,0.319432,1.08962,1.24415,471.797,112.657,113.018,35.6223,2.10844,77.9665,61.3176,20.3958,30.3196,4.01959,53,0.308229,0.892766,0.966653,402.591,88.0832,101.499,42.27,2.33445,62.0947,53.4662,16.4579,26.3124,3.41964,42,0.265913,0.961278,1.11447,481.074,135.537,131.631,143.806,4.36354,78.4045,67.9629,22.2982,35.1611,7.13851,46,0.268092,1.07115,1.38932,477.844,108.727,112.77,48.3538,2.2281,72.9321,63.2921,19.0311,29.3431,4.02224,49,0.230885,0.964055,1.5523,297.411,69.2654,80.2283,30.8577,1.36704,50.7567,42.892,14.3889,20.5637,3.52349,46,0.200134,0.799302,0.752297,499.073,103.866,115.462,34.1592,1.33325,76.146,61.6227,19.8283,28.7657,3.72779,50,0.294855,0.907069,1.22661,464.003,90.6481,78.5588,31.1017,1.62733,62.8048,57.5496,16.9938,27.189,2.72732,44,0.272327,0.985972,1.44478,415.163,85.6058,63.3239,26.9369,1.75175,62.8049,55.5946,15.1813,21.1973,2.9121,44,0.309188,0.896818,1.28124,351.211,94.3027,86.6844,34.3752,1.53989,57.6295,52.3127,16.6258,23.0859,3.45949,43,0.256538,0.785301,1.00578,410.264,91.5432,106.09,32.6653,1.73247,61.7736,58.8029,17.8402,25.1958,3.71143,52,0.25152,0.832982,1.06127,499.486,95.9999,153.445,181.869,3.25204,77.7141,50.7156,22.6291,43.4962,6.39235,46,0.283857,1.00872,1.27907,344.123,88.371,92.2683,37.5449,1.76673,55.6829,51.8446,15.4613,19.7494,3.04556,44,0.250101,0.741126,0.933142,604.71,144.778,108.035,44.5302,1.72897,83.2909,66.0694,18.9942,26.1568,3.68617,37,0.358963,1.01533,1.88252,1364.29,194.247,225.922,59.3459,1.82548,111.285,83.5962,29.8468,33.5476,4.64043,60,0.206792,0.954613,2.60993,554.078,138.76,108.904,33.6247,1.19121,76.982,69.8892,19.1325,27.2007,3.73564,45,0.383362,0.882287,1.90591,737.174,202.062,154.389,67.3613,1.99075,87.7044,72.86,23.8777,35.1695,5.48467,34,0.415888,1.06648,2.38556,691.689,123.615,98.3013,76.8099,1.89162,82.308,67.3736,21.5871,33.4485,5.20197,46,0.367747,1.1563,1.94411
decoupled_wbc_h066_p000,1813,complete,90,18,17.5856,3.35709,0.207106,0.0874737,413.65,62.636,78.7998,29.2653,2.05568,63.7255,49.0475,15.8549,27.9022,3.41605,42,0.337126,1.01007,1.54844,355.257,60.5817,70.8713,26.9174,1.09024,59.6097,43.9275,15.3028,27.3255,3.21684,41,0.342295,1.06723,1.03177,381.96,83.3001,72.2448,25.827,2.54561,67.2316,51.5155,16.8845,28.1859,3.9923,44,0.324068,1.03041,1.19015,460.006,111.623,119.906,60.2485,2.06377,70.1671,65.663,20.7231,38.2059,4.36482,48,0.254487,0.921564,1.22479,559.801,120.336,132.911,113.383,3.51333,80.7008,69.8363,23.0889,42.0028,6.27848,57,0.308532,0.951527,1.21139,493.403,91.5635,94.7443,26.8002,3.11483,72.3086,58.0567,18.3113,27.9652,5.40326,41,0.363691,1.0596,1.49127,577.761,130.158,149.37,25.5473,2.14338,83.0337,68.7015,25.52,35.4121,7.34029,49,0.315485,1.06446,1.60399,426.311,91.1307,105.684,64.3441,2.21986,69.2191,54.3736,19.2373,28.0962,5.30692,50,0.326198,1.0455,1.17974,482.112,81.6639,76.7284,26.3089,1.76533,65.9493,54.9856,15.6091,20.3855,3.64293,42,0.33416,0.995751,1.69386,660.75,149.901,162.861,35.6979,2.41057,91.8457,76.0257,26.5913,28.5891,6.20592,41,0.28271,1.03953,1.66178,591.479,96.254,116.448,30.4844,2.09559,82.1682,56.8813,22.0924,24.9784,6.59923,50,0.346399,1.04473,1.37159,412.466,88.4042,82.5236,22.6838,1.45307,62.553,56.9361,15.7863,18.3552,3.60866,42,0.36335,0.941872,1.67929,429.018,81.1676,88.1659,43.3098,1.96117,66.5937,52.8284,17.5439,23.0391,3.65973,53,0.283911,0.883326,0.985834,363.563,98.0179,88.1348,32.5963,1.7285,58.6638,56.317,16.8595,22.6882,3.71268,54,0.236949,0.795924,0.872147,615.664,126.032,117.957,67.7531,1.58103,71.402,58.6564,21.4642,32.549,5.43185,41,0.340012,1.08543,1.32111,527.117,118.671,89.7825,29.3576,1.33192,74.281,63.8552,20.143,28.4667,4.28284,34,0.462301,1.24703,2.4506,393.761,86.7552,107.453,160.436,4.42119,61.7791,55.1913,19.1996,33.2057,6.29159,44,0.211492,0.899601,1.12753,350.631,62.3616,98.7496,70.6868,3.1196,58.7875,49.4542,17.409,24.6982,4.95141,50,0.264667,0.802008,0.887617
decoupled_wbc_h066_p000,1814,fell,70.72,15,21.6843,6.57493,2.35479,2.30705,375.913,92.2624,107.041,29.6581,2.18141,64.4847,56.1397,17.655,28.7166,4.30762,41,0.234937,0.984814,1.38335,372.702,82.1126,92.1712,35.6687,2.1612,59.083,52.6734,16.4479,29.9561,5.30623,42,0.290056,0.923763,1.37008,326.263,75.3968,91.6148,35.4661,2.77477,55.052,44.8956,15.9718,30.6569,5.09319,34,0.308323,0.994411,1.23641,294.944,66.653,80.5847,34.2871,1.71344,44.6988,43.9302,12.9819,20.6529,2.55891,33,0.251885,0.88267,1.12371,350.432,67.1704,57.1153,26.7219,2.43113,55.3142,46.4829,12.5434,19.6146,2.75428,39,0.287224,0.919591,1.15164,524.99,129.918,127.578,46.6959,2.53058,70.3874,60.6729,17.6387,32.5384,5.48222,48,0.322467,0.932296,1.15741,438.513,91.7046,74.1828,29.1937,1.90607,65.2645,55.7102,15.3742,30.2993,4.50408,47,0.311305,0.943928,1.37913,316.539,75.8992,80.1939,27.8311,1.8909,48.0352,45.0175,13.3937,26.0605,3.4218,49,0.21694,0.848713,0.802736,477.198,91.6052,93.0056,57.7575,1.81128,63.8218,51.0776,16.9977,34.1758,5.22756,34,0.377853,1.1889,1.34935,363.539,96.4318,69.4287,43.2896,1.73656,54.4414,55.1902,13.7703,27.0575,4.52445,50,0.241273,0.840157,1.23135,591.587,96.1813,82.5591,46.3978,2.9371,75.3045,55.5033,17.2349,31.5463,4.86346,48,0.27411,0.992262,1.40008,569.932,100.834,111.667,180.411,3.79537,77.9604,58.7348,20.7913,46.7432,8.97555,44,0.285423,0.991178,1.50403,363.231,73.201,86.6942,37.9655,2.11487,54.5251,42.5025,15.326,29.1238,4.59713,37,0.261795,0.894491,1.02003,474.305,82.658,76.4146,36.591,1.78657,62.5779,49.5682,16.8593,31.6685,5.26025,48,0.278654,0.917451,0.872311,1569.59,99.8258,175.53,126.366,5.13349,63.9634,27.0076,17.6512,29.7442,5.16853,2,0.38266,1.54186,2.22897,,,,,,,,,,,,,,,,,,,,,,,,,,,,,,,,,,,,,,,,,,
decoupled_wbc_h066_p000,1815,fell,71.84,15,51.0603,5.73754,2.84245,4.02775,424.333,72.3334,84.8903,18.6636,1.71237,67.4997,46.7443,17.4036,24.4897,3.34788,47,0.292826,0.989441,1.03493,286.615,47.8694,65.161,22.1613,1.9487,48.7145,40.8537,13.7644,20.3292,3.06338,46,0.284994,0.877891,1.09901,380.665,73.9802,113.546,35.6039,1.8585,60.5472,47.9443,19.0431,31.4948,5.36506,41,0.322476,1.12684,1.1654,398.48,85.3005,130.57,32.7803,1.51679,58.4878,45.4708,17.4928,28.3745,5.05069,45,0.326433,1.01933,1.18928,498.269,87.9673,86.3097,20.7778,2.02896,76.4223,58.5696,18.4016,28.5039,4.38414,47,0.318321,0.942199,1.4942,361.206,76.8443,87.5109,24.5231,2.32738,57.7062,48.2503,15.9417,23.8192,4.19237,44,0.341953,1.09905,1.24028,594.215,115.176,113.51,29.8736,1.66024,80.5933,64.1206,21.15,28.6241,5.64641,48,0.384605,1.13735,1.72976,459.709,89.6245,84.1194,28.1725,2.90358,66.7042,54.3573,17.9301,21.7651,5.35202,44,0.357735,0.943423,1.25656,656.369,130.245,167.655,32.5651,2.65252,91.743,67.9364,25.0542,29.3441,8.58937,45,0.29902,1.10965,1.84287,490.409,87.7252,101.547,23.3734,1.87482,66.9306,55.4909,17.6339,22.6595,6.04374,34,0.40742,1.33031,2.31478,469.335,84.4337,89.9672,18.8336,1.43703,70.1914,50.3192,19.1567,22.9397,5.87186,37,0.416964,1.23923,1.62117,386.359,73.2775,63.3608,15.5163,1.92282,56.0821,50.2308,14.0886,19.9203,4.21705,40,0.3479,0.998663,1.82599,394.785,94.5756,98.2478,36.1432,2.94979,64.4347,55.0517,18.146,26.0663,3.3069,44,0.249089,0.90065,1.1349,559.641,113.703,105.008,262.408,18.3782,74.3534,64.6226,20.1022,53.8146,14.64,38,0.370764,1.24769,1.90371,2637.36,822.01,501.906,83.3325,1.32207,150.008,102.096,52.4566,59.0315,6.49857,2,0.328728,1.78325,14.8321,,,,,,,,,,,,,,,,,,,,,,,,,,,,,,,,,,,,,,,,,,
decoupled_wbc_h066_p000,1816,complete,90,18,24.4622,3.5342,0.23235,0.202021,542.785,132.42,109.552,37.4788,1.674,81.6982,71.3313,21.091,35.1742,4.14333,44,0.331888,0.98768,1.67182,542.575,151.738,138.82,61.4309,2.37112,79.5952,76.9222,21.8051,34.4733,4.59455,42,0.265181,1.01398,1.60293,391.302,85.0294,82.7653,39.7433,1.95921,59.9449,52.0203,16.7477,27.8507,3.5262,43,0.247621,0.844296,1.24188,379.703,95.7319,91.519,30.8234,1.96539,61.5161,53.5952,17.423,24.8154,3.10971,42,0.33423,0.978409,1.31381,455.609,124.908,118.928,48.1828,2.34484,70.678,63.6416,17.6741,27.3471,6.08179,45,0.340294,0.945386,1.52302,346.386,89.5237,107.007,35.2991,2.64255,57.419,55.4448,16.7944,25.3206,6.05736,39,0.256362,1.02878,1.25086,408.421,63.5658,71.2629,33.7671,1.97129,61.4113,44.7115,15.3775,25.0759,5.49542,38,0.383009,1.07572,1.55799,343.353,100.881,98.1419,33.4824,1.62786,60.6903,58.2369,17.9874,22.9127,6.13755,58,0.226497,0.754641,0.850119,388.59,95.9622,113.868,79.3222,2.50679,58.272,51.3584,17.2515,26.686,5.45321,33,0.281162,0.857513,0.938731,459.771,100.331,93.85,61.6764,2.09652,64.7023,52.2261,18.9208,29.8435,5.15336,47,0.242245,0.824456,1.08628,376.048,80.2036,84.4797,34.3551,2.04053,58.581,50.701,15.3291,21.6048,4.7335,54,0.209555,0.730731,0.725854,615.28,130.517,124.635,57.7905,2.49808,86.6464,68.5424,21.1522,27.7533,7.77339,50,0.33429,1.02665,1.62317,879.01,149.433,115.575,40.6053,2.26001,80.3341,69.8731,22.0655,26.4534,6.66652,42,0.271417,1.0169,1.81199,566.556,116.123,104.476,75.447,2.55449,75.8718,61.3709,19.1686,25.1103,6.4138,46,0.248107,0.914819,1.23362,870.015,180.847,186.598,36.0071,3.00586,102.942,79.1376,29.5315,33.0772,10.6378,40,0.30821,1.59017,2.94798,494.992,97.1591,76.2723,26.799,2.9056,70.3754,64.911,16.3308,19.5238,6.74242,37,0.42733,1.15417,2.41902,504.688,140.951,112.339,39.3636,2.21533,78.3585,71.7174,19.5023,25.414,6.33157,47,0.243735,0.893212,1.55217,613.177,118.737,117.074,125.025,3.31929,78.6805,60.0344,21.9406,31.4874,6.50391,49,0.253734,0.945479,1.22108
decoupled_wbc_h066_p000,1817,complete,90,18,32.022,3.53624,0.167592,0.247846,447.026,90.3624,109.111,21.8605,2.10553,68.3496,53.671,19.1929,28.4513,4.35008,48,0.328238,0.970152,1.19468,389.897,92.77,91.7874,28.2392,2.4241,66.4162,57.2992,18.0045,30.0918,5.12275,55,0.288816,0.812522,1.0565,1512.4,248.039,251.186,84.4886,2.78112,129.394,90.582,35.0591,52.2539,7.73676,56,0.257947,1.14671,2.44774,508.943,92.6216,92.6873,33.6184,1.6889,62.8209,52.162,17.8161,27.7683,4.72908,50,0.253485,0.808708,1.29431,424.484,94.1064,114.513,31.791,3.00724,65.8664,53.523,19.8821,30.3807,5.78186,39,0.356646,1.15291,1.39666,436.554,99.5577,91.2194,31.9429,2.11394,69.6643,59.7299,20.3208,28.1995,5.59004,49,0.318239,1.04247,1.27243,544.318,115.34,129.941,24.693,2.45162,79.7908,67.544,22.6339,26.7714,6.01377,46,0.294891,0.929858,1.39163,533.362,98.8931,144.916,76.8648,8.50152,74.8429,58.6328,23.477,37.6533,12.9509,43,0.341509,1.06636,1.3166,526.392,106.222,125.96,21.4534,1.93904,74.4564,55.7777,23.358,29.3855,5.63095,45,0.302629,0.915711,1.26555,754.275,157.819,136.923,22.0819,1.91098,94.9521,73.8008,26.4084,32.3332,6.62868,34,0.415349,1.2612,3.04938,464.869,91.6039,126.476,149.47,18.2697,68.047,55.6542,23.3148,48.0862,15.8785,44,0.296107,1.02225,1.45652,1009.2,183.034,169.674,30.7931,3.48997,115.566,84.0566,32.7329,41.9284,11.8068,39,0.340563,1.42707,3.0311,576.3,96.3457,117.922,19.1875,2.23127,78.2013,58.5959,24.5457,32.5155,9.11791,39,0.381907,1.186,1.6854,505.269,104.237,95.91,18.1135,2.94025,69.9192,60.8192,19.2055,27.0504,7.32809,38,0.352554,1.20023,2.06826,640.926,218.529,149.173,109.194,14.01,90.5563,85.8133,27.4813,46.1082,13.9735,49,0.365951,0.950274,1.39844,475.62,130.187,110.588,23.9578,2.27901,71.4537,60.5981,19.7001,30.3705,4.16648,38,0.394639,1.17801,1.67818,387.794,66.2455,74.0483,20.3606,1.87772,54.7349,44.5838,16.3143,21.5756,4.68202,46,0.311618,0.777871,1.07173,537.856,147.186,125.942,21.7285,2.41714,74.9659,64.2717,21.8626,25.9436,5.60637,40,0.277436,0.905256,1.89475
decoupled_wbc_h066_p000,1818,complete,90,18,16.053,3.82474,0.188419,0.115696,369.097,90.5877,88.3731,36.3876,1.93357,60.1528,59.4084,16.9293,31.4595,5.14495,46,0.272554,0.892801,1.21485,421.715,81.2891,79.884,31.864,2.62187,66.9795,55.5124,16.846,32.277,4.06569,49,0.313677,1.01504,1.39987,505.422,108.936,95.7968,36.8557,2.15411,70.951,62.0703,18.1865,33.2483,4.02827,44,0.279214,0.832331,1.43201,459.552,95.5311,96.8945,99.6603,1.87214,62.5152,51.7009,15.8909,32.1873,4.35525,43,0.251447,0.910142,1.25768,365.633,86.9185,107.225,60.5587,2.11034,59.975,46.516,17.1264,32.8742,4.85554,41,0.304575,0.941456,1.0528,452.421,86.3726,75.5452,35.243,1.48277,71.0714,58.4749,16.7962,30.0386,4.05244,51,0.322246,0.94428,1.14361,615.96,108.31,72.5476,37.8784,1.76456,79.6559,60.3367,18.5958,37.2487,5.24341,53,0.312097,0.866428,1.36821,444.307,111.285,90.4233,99.0838,3.11066,64.1112,52.5418,17.082,42.817,6.37278,43,0.315866,0.931669,1.04453,253.729,77.504,80.0168,39.1499,1.83569,42.5065,46.6129,13.7557,31.3277,2.83945,41,0.116477,0.717069,0.645408,393.772,91.416,132.2,178.117,20.2808,56.8856,54.3804,18.5818,45.7237,11.9858,37,0.268476,0.882287,1.51579,620.401,103.378,133.919,119.683,2.6643,78.7641,52.8267,21.7546,38.6089,5.19326,37,0.356481,1.17007,1.67259,749.883,154.454,187.647,215.397,31.0399,95.1465,75.6656,25.9548,55.6541,17.1194,40,0.339258,1.07443,2.24042,490.448,113.993,103.016,36.5975,1.96655,71.9944,61.9008,18.9564,27.7499,4.06728,50,0.272054,0.867065,0.96548,390.429,95.4244,95.0029,42.172,1.47757,64.0086,55.0265,17.3195,31.0391,3.47824,46,0.222852,0.803218,1.05494,795.496,165.763,133.996,43.3965,1.3186,96.5711,82.5173,22.6232,37.5008,4.26857,55,0.293292,0.957691,1.7726,600.679,109.522,124.616,36.4401,1.56825,73.7729,57.6597,21.0075,27.3009,4.07712,47,0.25729,1.09238,1.47688,548.257,110.455,117.636,37.9982,1.10973,75.961,54.4568,19.887,26.9866,4.61593,40,0.313212,1.0894,1.19925,718.262,118.244,112.843,21.8079,2.23439,85.5134,69.179,21.4203,22.6708,4.74652,51,0.298752,1.01682,2.00914
decoupled_wbc_h066_p000,1819,complete,90,18,18.2603,3.82597,0.0412354,0.150888,469.075,100.813,102.848,28.1978,2.24169,71.1029,60.8672,17.7353,28.3364,4.07239,41,0.312183,1.08323,1.48712,432.759,89.6363,110.229,35.2765,2.07595,60.1872,53.4975,18.1069,29.5869,5.50896,46,0.340731,0.958016,1.13735,285.534,58.2686,53.3961,21.2371,1.97233,46.6069,42.6306,12.4026,21.8761,4.28903,41,0.29115,0.942525,1.28507,425.901,129.261,85.6435,27.6144,2.16946,67.8319,59.6978,18.1401,31.0087,4.75022,47,0.261094,0.926512,1.38264,730.708,126.797,134.899,36.8696,1.69199,83.9211,68.1661,23.0989,33.615,5.37205,49,0.214442,0.933696,1.4308,323.818,91.2928,78.177,33.8159,1.8746,55.1901,55.7035,14.3105,20.1771,3.95562,47,0.221299,0.775551,0.97399,471.567,154.094,124.767,44.1751,2.20846,70.633,61.8173,19.8962,29.0803,4.83597,42,0.26265,0.920624,1.22237,379.961,91.9329,99.9072,38.6779,1.25892,57.7473,55.9432,16.061,25.8875,3.87114,46,0.211398,0.741492,1.12147,539.57,134.716,104.211,118.225,3.77359,78.2951,63.593,21.4628,35.545,5.04539,44,0.267517,1.02017,1.40417,538.688,104.955,89.9259,108.885,4.18828,72.7398,59.659,19.5837,34.337,6.34178,43,0.387023,1.06856,1.22119,324.577,90.5405,79.0801,33.3401,1.70274,53.5742,53.1219,15.4392,22.3626,5.04936,51,0.213467,0.680828,0.773321,425.896,101.073,88.842,53.5017,2.15717,64.0632,51.8995,17.3003,28.045,6.22465,50,0.28534,0.867399,1.00711,346.174,86.8916,82.059,40.2587,2.02402,56.67,52.8317,15.9858,25.9955,4.7505,53,0.228942,0.752519,0.700328,659.579,127.398,113.926,39.0519,1.97714,90.2219,69.9223,21.8501,32.5169,4.57605,47,0.457972,1.06051,1.62569,501.2,124.334,100.633,33.8859,2.20418,68.4826,63.4218,17.7848,32.6957,5.79081,44,0.262141,0.938318,1.54454,325.494,74.5446,73.734,37.9932,1.93607,52.9707,45.3681,14.788,28.6843,3.42587,33,0.27856,0.951086,1.24947,639.812,124.033,93.959,120.587,2.51427,80.2406,68.5279,19.1813,49.7211,5.46487,40,0.343725,1.23038,2.05159,359.694,108.999,66.5002,32.5919,1.66545,53.9584,60.2619,13.3082,31.2584,4.03284,45,0.259441,0.783817,1.14079
decoupled_wbc_h066_p000,1820,fell,66.12,14,26.8507,11.5655,1.33936,1.04662,416.244,81.0921,76.4279,20.7868,1.93044,68.3516,52.8625,17.9313,27.5163,3.82217,51,0.307059,1.00631,1.1872,360.901,89.1153,72.021,27.634,1.88506,56.8314,58.2755,13.9647,27.265,3.94229,45,0.236684,0.810136,1.30179,372.05,70.3972,68.5906,54.1111,19.8446,56.3168,45.199,14.9807,34.4403,13.8635,41,0.285274,0.990991,1.3746,335.416,83.9333,74.5331,77.1046,2.48948,52.6342,50.8204,14.6111,33.1956,5.06133,62,0.162802,0.702248,0.544847,456.91,99.0762,89.5572,48.9745,2.70622,66.553,55.6545,15.8433,35.095,4.53177,42,0.254699,0.874127,1.21769,425.826,87.5087,87.1388,64.6853,2.79451,61.0594,54.6394,15.5234,33.2042,4.7836,41,0.283553,0.920803,1.56052,332.699,65.3303,74.398,37.7874,1.02067,52.7482,45.4077,13.9317,28.2553,3.7226,38,0.266158,0.956725,1.33747,268.861,68.386,60.4019,37.2278,1.22295,45.8141,43.1534,13.5905,27.622,3.56077,61,0.155103,0.648803,0.424397,474.335,106.294,105.617,43.6232,1.28696,76.682,64.1998,19.1996,28.4788,5.88199,55,0.316642,0.858833,1.09952,480.926,138.794,113.58,41.9343,2.55561,75.812,69.0911,20.2648,30.2412,4.82781,47,0.211627,0.835079,1.31373,373.168,76.2319,82.6499,38.3558,1.11877,51.1779,44.7283,14.9622,20.6069,3.89796,42,0.241153,0.850158,1.09291,748.991,134.127,110.677,218.409,23.1534,81.5281,70.0476,20.3494,39.7538,17.0268,37,0.330508,1.11476,2.06647,303.009,76.3429,71.4522,40.8842,1.84248,52.8439,50.9068,13.953,24.3501,4.37308,40,0.235072,0.755427,0.993408,3703.02,262.489,455.349,224.99,13.5054,154.937,51.6215,36.7529,75.0167,12.5001,1,0.444641,0.938044,2.07019,,,,,,,,,,,,,,,,,,,,,,,,,,,,,,,,,,,,,,,,,,,,,,,,,,,,,,,,
decoupled_wbc_h066_p000,1821,complete,90,18,23.7748,3.98337,0.405398,0.480925,436.129,86.2027,64.6783,25.856,1.70502,70.7446,59.9974,17.375,29.4673,3.97904,56,0.265695,0.822791,1.04602,353.988,98.4592,94.0213,37.9947,1.70253,59.5356,57.3701,17.056,26.8347,3.30441,50,0.263675,0.932055,0.953383,383.336,119.54,104.036,41.0717,2.87966,62.4147,64.5552,17.6139,26.174,5.18055,47,0.253923,0.972984,1.40604,562.689,137.139,137.022,102.587,3.38399,79.5548,71.6071,21.356,34.6454,6.81752,53,0.266015,0.840239,1.20719,376.837,90.8495,89.1755,99.2966,2.72844,64.2125,58.4004,15.7463,32.9706,7.22236,49,0.265173,0.86193,1.04228,493.192,117.742,101.261,42.1714,1.5044,74.9407,64.7276,18.8686,30.4171,7.21416,37,0.306764,1.00609,1.67066,694.115,164.547,121.083,51.4154,1.68945,82.0458,69.8993,22.607,36.3273,7.43266,41,0.275542,1.14851,1.70471,425.965,116.183,117.318,110.566,11.3082,70.3947,59.5852,19.6934,42.8152,9.23713,56,0.22772,0.845079,0.886095,554.464,120.778,101.222,54.1169,1.78275,76.3636,63.9469,19.0368,32.3668,4.0882,50,0.330412,1.0221,1.51585,252.758,88.7051,66.2748,46.5386,1.34763,43.4673,44.0029,12.8488,22.52,3.15584,44,0.15531,0.63152,0.724404,359.179,89.8909,77.0954,39.4034,1.47798,52.8108,54.5957,13.8776,22.769,3.65111,44,0.23469,0.844428,1.232,747.945,160.162,109.025,86.8975,2.3978,97.4212,68.1795,22.1004,33.385,6.14612,38,0.317497,1.16889,1.90774,413.312,127.513,121.445,95.0785,3.72775,64.2587,64.3399,18.9112,26.8417,5.2858,44,0.271869,0.814755,1.03563,645.925,133.167,139.391,30.3754,1.95535,84.4564,64.5812,23.6423,22.8246,4.66328,52,0.230966,0.802416,1.47907,269.614,92.2595,76.0282,36.6819,1.30575,47.2321,52.0051,13.7269,19.2459,2.74388,47,0.180256,0.715368,0.792932,330.179,67.7111,68.4286,31.148,1.92429,41.9795,39.5429,11.1757,16.8572,2.55895,33,0.201179,0.755158,1.10648,1838.64,303.395,266.1,71.2061,2.02006,151.44,99.7659,44.3277,43.6075,6.97596,36,0.256351,1.51993,6.43044,701.898,109.589,102.8,33.7751,2.28614,93.3153,64.746,24.5161,27.0118,4.10659,34,0.424858,1.2995,2.29602
decoupled_wbc_h066_p000,1822,complete,90,18,21.6241,3.14985,0.171896,0.134626,377.797,95.1997,120.007,27.8913,2.05294,62.3875,56.9864,18.4772,30.4184,4.71229,41,0.262666,1.1029,1.43731,523.171,93.6823,86.4502,41.1495,2.5887,75.0049,57.94,18.1348,35.8931,6.0988,53,0.304204,0.861498,1.2095,456.169,75.3464,109.65,29.1068,1.75501,64.3806,44.2443,18.9705,34.3887,5.01833,48,0.351208,1.0943,1.0242,405.969,98.2335,85.9917,34.5085,1.80735,61.0549,56.8888,15.7847,31.955,4.61371,51,0.310478,0.866378,1.53201,289.738,76.0449,83.6664,35.7563,2.01398,51.6252,51.0236,15.3738,28.4432,5.0053,64,0.206232,0.722668,0.630291,397.563,77.8006,108.851,49.3862,2.56727,62.2969,46.7934,18.5583,32.0579,5.60597,49,0.258801,0.90253,0.835049,412.917,78.0754,95.8975,30.5916,2.03556,64.258,45.9257,18.5979,25.5328,4.75759,48,0.328154,1.00922,1.0945,652.067,96.6677,109.459,26.7019,2.77277,77.877,54.4514,21.0632,26.7593,5.89721,49,0.332159,1.05975,1.09618,569.167,94.2548,95.0195,21.622,1.75786,81.8299,57.5079,22.8309,26.3145,7.27525,55,0.332894,0.933024,1.41127,852.808,137.018,159.709,32.0383,2.48269,104.693,74.5876,30.8108,35.9057,10.5379,45,0.316858,1.30455,2.24544,466.244,99.5055,139.971,25.073,1.88119,72.1069,58.9239,22.5495,28.3318,8.02139,52,0.328423,1.09287,1.2577,455.495,102.363,93.2704,26.4328,1.66997,62.5119,57.7661,18.2949,23.8779,6.47046,38,0.33295,1.01598,2.04939,359.042,78.9724,95.2234,25.5737,2.83492,57.9993,48.7963,17.3179,21.0415,5.86992,45,0.293125,0.940729,1.35275,611.818,140.333,133.583,29.7217,1.56705,82.4709,67.4932,23.6105,29.9532,6.11089,42,0.310775,0.975831,2.08427,561.902,122.86,119.828,23.7607,1.59425,78.8935,65.9409,24.251,30.1617,5.68598,47,0.328222,1.12139,1.66531,838.7,261.602,190.244,29.9598,1.60538,94.9284,82.5436,29.6999,35.5046,4.86104,36,0.330788,1.16721,2.3428,619.646,103.906,122.631,27.8385,1.3514,81.8386,55.3929,23.0476,30.1503,3.88573,39,0.363753,1.28651,1.64419,420.617,97.5358,92.4868,26.124,2.04024,56.9948,55.415,16.542,28.2197,3.83327,50,0.258584,0.810348,1.29911
decoupled_wbc_h066_p000,1823,complete,90,18,20.0591,3.23502,0.250074,0.221653,352.936,57.5986,56.6471,21.9992,2.50458,55.0936,41.2678,13.7613,23.8052,3.91065,37,0.341903,1.04747,1.39146,275.949,55.951,59.8013,29.7409,2.47711,42.1697,39.0551,12.0265,22.5143,4.08348,46,0.228007,0.771992,0.718645,409.805,79.7631,99.4848,38.8252,2.56592,59.6876,49.3713,17.0884,32.1415,6.39697,44,0.287766,0.964678,1.05493,446.839,86.1989,101.446,32.6994,1.63157,66.9751,53.4451,18.1129,33.1512,5.31691,45,0.318069,0.908132,1.02837,654.608,139.453,136.521,130.511,7.1076,90.6809,73.2566,23.5381,47.0128,8.46265,59,0.277982,1.10141,1.44472,385.262,81.0844,86.5397,34.313,2.08392,63.5127,55.2157,16.1915,27.4928,4.56632,51,0.284005,0.857494,0.882616,334.105,70.4258,94.9277,57.5954,3.25724,56.1888,49.3687,16.7283,29.3878,5.70654,51,0.253504,0.875954,0.942659,538.49,102.327,131.766,119.82,4.54906,78.771,56.5569,22.7096,36.8896,6.56688,48,0.374486,1.18589,1.12803,378.88,75.1359,81.6053,66.6374,1.98879,63.3648,55.3253,17.1662,29.067,4.44987,53,0.248952,1.01261,1.27815,422.907,78.9591,112.61,96.0345,4.57278,67.7211,52.8802,19.6774,32.2122,6.1397,35,0.345681,1.13383,1.63782,750.325,210.164,169.209,91.5784,4.20246,96.1544,84.0716,30.0864,45.7796,9.34003,36,0.39155,1.15971,3.07792,528.456,90.4563,124.435,31.1865,1.66196,72.4412,50.2599,22.2826,29.1539,4.43745,33,0.453395,1.24005,1.77954,519.239,117.846,113.005,29.7691,2.44746,79.7073,68.7198,22.5,29.7425,6.13276,61,0.241067,0.951323,1.12172,513.357,95.2603,123.393,60.6974,1.6636,73.4744,55.2951,20.6209,31.1252,4.38888,49,0.350578,1.07478,1.30103,423.807,107.538,127.141,44.064,2.15154,67.0357,59.8648,20.1539,29.73,3.4927,52,0.259878,0.872236,0.975377,577.635,101.11,91.5308,68.0906,1.88283,77.0864,53.1576,18.0915,28.0398,4.69624,42,0.35619,1.09865,1.33252,462.216,102.754,96.7343,37.6877,1.28254,68.707,63.7284,17.4332,24.1528,4.51093,44,0.24342,0.908332,1.45498,493.445,117.469,107.938,35.7358,2.10163,65.851,58.6756,20.8983,25.2888,5.59523,45,0.263148,0.9835,1.27336
decoupled_wbc_h066_p000,1824,complete,90,18,20.0313,3.27781,0.202803,0.0786571,396.117,82.7503,100.37,26.8203,2.36955,61.3004,52.9191,17.0491,28.1465,4.18839,44,0.24238,0.921954,1.15258,390.037,81.0953,89.2079,47.1438,2.14691,64.1455,49.2266,17.4374,30.8149,5.03174,45,0.33658,0.978206,0.911956,328.214,60.1373,81.6373,26.1584,1.35091,55.7781,45.0831,15.4652,26.3037,4.9865,42,0.332423,1.01907,1.30108,422.079,91.8612,106.159,37.1322,2.50295,64.7985,58.8541,17.4653,24.4568,5.26391,48,0.270732,0.914177,1.27971,468.085,95.1108,133.063,31.0111,1.54788,72.6012,60.4975,21.1396,29.0278,4.51459,46,0.372664,1.05447,1.49863,431.617,85.2675,99.7792,40.5526,2.16869,65.1246,55.9641,18.3145,29.2739,5.43304,41,0.3249,1.05101,1.81674,477.166,123.732,127.582,104.407,7.01171,77.5002,70.4598,20.6478,36.7963,8.64651,48,0.278774,0.938262,1.59811,449.109,83.164,72.9464,22.2375,1.31255,67.7995,52.3874,16.4543,26.0504,3.52418,46,0.324838,0.935085,1.31019,832.407,159.382,137.617,43.6338,2.22669,101.216,78.5638,27.2075,46.3709,5.81413,49,0.327313,1.43128,2.57187,627.363,134.158,159.534,160.496,4.0561,84.6229,65.9918,24.2619,47.7973,6.37654,54,0.285237,0.929284,1.23331,467.511,96.0524,94.2488,124.125,3.13302,71.0332,57.6802,19.4756,45.6355,6.74992,40,0.355317,1.14991,1.88086,376.12,87.4752,85.4579,31.3407,1.31408,55.7482,53.0346,14.357,25.4198,3.33732,48,0.280209,0.805304,1.14285,501.396,116.042,96.9792,92.0972,3.67438,68.7289,60.4727,16.5635,37.9678,6.67589,39,0.328984,0.895754,1.42116,458.691,89.5979,91.2762,77.5023,2.59334,59.5465,52.7013,15.0417,33.4664,5.30404,31,0.345223,1.00291,1.86739,737.711,135.058,91.6346,47.0836,1.52193,93.9636,63.0105,20.3201,41.3174,4.76042,44,0.33632,1.05254,1.74633,351.812,76.9413,59.429,33.6121,2.1932,51.7464,50.2651,12.1386,26.1657,3.52172,35,0.363969,1.01578,1.65909,544.146,149.836,94.5488,47.9684,1.89375,73.8085,62.6597,19.3778,42.2185,3.99532,44,0.306753,0.926126,1.10447,426.51,96.6211,70.9521,42.5865,1.70079,54.9064,57.4072,15.0456,33.4919,3.18748,54,0.187753,0.696295,0.975394
decoupled_wbc_h066_p000,1825,complete,90,18,20.2636,3.50379,0.295073,0.0743027,457.732,102.1,90.402,30.1159,2.14128,67.4714,54.0239,17.4978,29.7356,4.39153,51,0.277101,0.920083,1.13666,331.201,90.1776,100.473,34.1249,1.7,57.8354,54.903,17.6103,28.2163,4.77505,43,0.260769,0.82202,1.01255,450.439,97.3295,89.6967,24.6136,1.11652,64.6687,62.0149,16.6436,23.7801,3.75697,39,0.332869,0.992335,1.96699,397.975,102.311,84.8226,35.3838,1.94153,63.4544,59.0527,17.1073,26.3265,2.97275,46,0.211306,0.848526,1.06246,464.719,123.446,123.136,115.908,5.90297,65.7106,60.9289,19.0267,27.2104,5.85826,45,0.216899,0.976253,1.45891,365.416,108.994,101.993,38.3261,1.78339,61.6884,56.9542,17.4851,22.3021,3.1923,52,0.243169,0.859277,1.14093,502.922,99.6982,101.411,38.9566,1.65664,70.462,55.2567,21.2734,31.3639,4.67474,43,0.345196,1.01587,1.10144,338.984,104.695,88.8543,41.1405,1.54825,54.4747,57.7982,15.3889,27.1648,3.56148,47,0.19958,0.795659,0.929758,542.954,119.511,82.2599,131.837,17.0248,70.2684,63.5424,18.6124,39.7408,10.4799,39,0.317521,1.18864,2.12503,404.737,92.3508,115.456,28.5086,1.77947,67.572,52.1702,20.2333,28.0405,4.99811,41,0.379146,1.04983,1.10783,604.52,158.873,162.515,50.1581,2.01659,80.5457,72.8936,24.3548,37.271,6.01686,42,0.284044,0.962072,1.61119,698.729,168.585,145.936,35.0243,1.71889,78.5568,73.0692,22.3614,33.494,4.3753,49,0.324834,0.846612,1.63963,811.223,172.945,133.544,69.5094,3.78423,94.9979,80.5798,25.2611,40.6193,7.07513,37,0.394259,1.35795,3.04208,633.037,121.211,175.146,187.533,10.4509,94.6349,71.8378,25.4315,50.1134,11.4724,53,0.263427,0.952159,1.59599,596.039,118.192,155.547,179.069,6.38059,77.8692,64.2961,24.4136,46.6525,9.59101,45,0.269478,0.978171,1.64403,523.974,112.171,127.437,48.8219,1.59151,71.9769,62.1119,22.0563,32.5677,5.79752,48,0.268398,0.864114,1.07454,918.53,320.444,197.815,63.9866,2.16933,104.708,91.9335,26.7799,37.9161,6.89513,29,0.433757,1.25352,3.5284,437.895,79.9624,69.02,43.4635,2.71146,66.5628,53.627,17.1895,25.0899,5.50727,47,0.285608,0.938614,1.10624
decoupled_wbc_h066_p000,1826,complete,90,18,21.0551,3.33069,0.171628,0.0740587,358.883,84.5695,82.3584,22.9255,1.80678,56.4767,52.8222,14.9997,25.9206,4.06411,33,0.395056,1.08919,1.58418,350.101,90.3298,94.6684,36.7813,1.62304,57.1789,53.1921,16.9813,30.6452,4.50088,56,0.254421,0.812976,0.874062,337.001,72.6062,80.7486,42.2794,2.84603,53.6324,46.402,15.4634,27.6639,4.80274,39,0.332754,1.02538,1.04551,432.314,88.4745,81.6403,23.7003,2.27139,61.7617,57.1653,15.3771,26.9697,4.97428,36,0.34746,1.05476,2.22418,452.162,92.9221,91.3676,60.9718,2.67725,58.9766,51.7523,15.1846,33.4655,5.03226,34,0.402841,1.13501,1.80818,462.045,85.442,78.4471,33.9588,1.86334,64.4042,52.4957,15.6525,26.4405,4.42647,35,0.415432,1.08733,1.76064,840.34,177.119,175.801,171.575,7.61918,98.5475,80.5684,28.5237,41.2499,11.1325,40,0.358909,1.07829,2.35578,347.191,87.8632,91.3385,35.4668,2.0541,56.6687,49.1902,16.836,22.0522,5.26734,44,0.238196,0.831859,0.959117,320.246,122.165,97.4194,41.3307,1.66335,52.7203,61.4783,16.5285,24.0686,4.29502,44,0.192367,0.754244,0.848397,528.148,111.128,78.392,28.4494,1.24955,70.8956,62.8337,16.0706,23.1685,3.82774,38,0.374078,1.14981,1.95654,468.097,106.244,109.013,46.43,1.26304,72.7092,60.6234,19.648,25.7915,5.25903,51,0.254964,0.890907,1.08588,503.366,150.824,111.871,80.6285,3.11931,74.4074,65.8675,20.4625,27.5082,6.81875,46,0.255664,0.878343,1.43815,368.974,88.6284,75.8208,36.256,1.91335,60.9834,51.6026,15.9335,23.7337,4.84737,51,0.243636,0.795771,0.891965,397.198,104.935,100.207,40.0967,1.55218,69.0432,58.8292,18.9793,27.5778,5.29536,49,0.270711,0.899664,1.02759,399.232,84.9813,97.8176,34.3398,2.46926,62.2332,52.9593,17.6915,22.8259,3.96315,47,0.293203,0.859988,0.841642,538.792,125.431,88.7371,30.9247,1.13364,73.4585,59.7871,18.7423,23.8514,4.13391,43,0.295186,0.908303,1.48567,479.773,136.749,114.065,82.9792,2.64278,72.1809,63.9051,18.8067,31.9637,5.43088,39,0.33228,1.0145,1.79748,505.637,110.35,98.4951,65.1995,2.10297,76.7968,59.8308,21.0042,35.3081,8.52009,45,0.293955,1.08176,1.51012
decoupled_wbc_h066_p000,1827,fell,71.78,15,19.3723,14.1484,1.00957,0.593169,388.288,85.5554,83.1773,30.1802,2.0646,58.5256,51.3806,15.2236,26.8128,3.53968,39,0.29449,1.04033,1.62066,359.72,80.1166,80.5909,29.6709,1.97165,56.5304,48.3587,15.0454,29.2856,3.73774,40,0.347275,1.03072,1.23812,475.545,106.497,89.3368,60.4335,2.16461,71.0134,66.6405,17.0919,34.9133,4.62754,49,0.227276,0.788391,1.16857,415.685,107.497,103.829,43.4879,1.69265,63.7549,61.6049,16.7712,34.3647,5.41507,42,0.30352,0.887543,1.51079,242.528,71.0419,69.1367,36.3672,1.31514,40.8498,44.2525,13.2971,26.9001,4.02153,55,0.177796,0.596612,0.541147,347.793,79.1821,70.4387,40.8515,1.92585,59.5159,46.2581,14.8183,26.6343,5.83632,49,0.223615,0.833117,0.813935,388.943,74.7535,73.7454,54.6768,2.24861,62.3631,48.8783,16.2153,24.3568,5.00975,45,0.358016,0.932117,1.0436,634.341,123.371,136.255,44.2643,1.97534,79.3181,62.6965,21.9184,29.9679,3.99534,47,0.200739,0.952873,1.27013,703.457,146.305,164.469,50.9528,1.71163,93.1018,67.7594,26.0019,34.7216,3.79817,43,0.379272,1.36185,1.74809,530.656,123.99,109.5,45.9947,1.73079,73.7647,61.9009,20.56,30.4813,5.76086,45,0.281061,1.14708,1.7178,403.121,112.281,96.9048,56.7868,2.78402,62.733,62.1249,16.9547,27.4709,5.16194,47,0.209979,0.731461,1.10094,438.542,86.1912,79.1569,36.41,1.43714,64.0893,52.7604,15.1114,25.9038,4.89827,50,0.281656,0.901494,1.25507,535.687,100.474,89.368,47.1709,1.8575,72.023,56.2846,18.1046,30.0945,5.90296,41,0.309883,1.10902,1.91801,534.754,101.9,89.6584,38.3938,2.23713,71.3217,58.9174,16.3541,28.7345,6.13183,44,0.300386,0.958327,1.53235,4713.54,862.249,713.027,150.999,26.0174,243.17,137.528,64.5125,83.2207,25.8834,5,1.4481,1.55595,22.5288,,,,,,,,,,,,,,,,,,,,,,,,,,,,,,,,,,,,,,,,,,
decoupled_wbc_h066_p000,1828,complete,90,18,20.8786,3.70141,0.243279,0.220455,474.565,96.648,96.3959,29.9346,2.52971,74.4178,61.1598,18.5797,31.591,5.40635,57,0.275526,0.833962,1.08069,385.701,83.2982,75.396,29.9798,1.94438,57.4362,55.3341,14.4824,26.6624,5.1514,43,0.26011,0.940455,1.38854,428.989,86.4759,86.6736,29.1672,1.34241,68.0528,55.4842,18.2745,31.5163,5.00678,50,0.296159,1.01823,1.07406,439.831,128.2,112.603,41.9494,2.51502,69.6689,64.5925,19.1977,31.8261,4.46218,51,0.226735,0.858564,1.20304,453.322,105.708,90.8983,77.3231,1.86578,70.9949,62.3374,17.4649,30.2459,4.38775,51,0.270884,0.759677,1.00141,577.548,132.333,166.598,78.7439,2.37504,81.0269,59.1705,23.8389,33.206,6.85871,46,0.280558,1.02949,1.26424,462.595,118.98,102.621,28.3518,1.7824,80.3114,67.7186,21.2662,27.4175,4.97965,58,0.249132,0.90415,1.08996,496.581,124.709,94.1033,34.957,2.335,75.8284,69.5096,18.7198,27.6098,2.87511,57,0.260483,0.829537,1.07106,478.498,114.002,90.9932,39.1236,1.52085,71.8376,63.0799,18.2726,26.9845,3.70481,52,0.28745,0.844501,1.32444,416.505,103.38,82.3209,41.6636,1.80307,67.2634,58.6413,17.0624,21.5742,3.5048,56,0.233416,0.812115,1.00616,391.422,108.921,83.5693,36.8381,1.24428,63.5224,58.0923,15.6783,23.7985,4.02482,52,0.22759,0.792733,0.98915,471.129,107.195,127.476,47.1797,3.0754,69.0526,59.9244,20.3949,32.4973,4.89671,52,0.225318,0.809892,0.990598,466.838,111.171,123.074,42.5629,1.70931,74.2713,56.691,20.5844,29.2953,4.25467,53,0.269948,0.903755,1.01039,450.683,96.1667,84.9521,34.8759,1.54792,72.1674,54.9934,18.0172,23.0542,3.64634,54,0.245538,0.837648,0.906199,474.164,114.521,98.8035,32.0464,2.05663,76.1317,66.441,19.557,28.1911,3.45841,52,0.267032,0.869158,1.21911,487.699,146.142,132.488,35.0533,1.74398,70.5236,65.0498,19.3402,26.1799,5.32807,47,0.29689,0.952624,1.18485,756.788,125.48,105.985,45.351,2.19412,90.9544,63.9619,22.7063,35.122,6.14341,35,0.282693,1.49363,2.62182,477.814,119.009,103.556,33.4124,0.854893,71.8868,61.6274,18.0408,27.6089,3.76877,50,0.273202,0.8532,1.25809
decoupled_wbc_h066_p000,1829,complete,90,18,16.8933,3.27811,0.351355,0.245305,351.106,81.6002,100.847,27.7847,1.96799,61.3655,53.0234,17.2341,25.9052,4.12015,45,0.278303,0.8753,1.13502,343.99,92.1564,85.7754,31.7589,2.46153,57.5346,54.4948,15.6947,22.1685,3.50854,63,0.239856,0.679966,0.712294,407.176,94.3577,90.6879,33.4741,1.60323,68.0131,57.9049,16.9334,27.0157,3.64292,51,0.253819,0.956759,1.10323,472.662,101.127,98.9675,35.8426,1.67273,74.5219,60.9263,18.3382,25.4324,3.9892,53,0.277683,0.851809,1.20693,429.899,76.756,90.846,25.3561,1.10853,68.2821,50.494,18.1979,21.2022,3.69991,40,0.344819,1.06133,1.26683,393.915,71.2695,88.1349,20.5021,2.41932,60.5496,49.6694,18.0199,25.5552,3.79514,48,0.301074,0.921937,1.13697,535.65,115.472,90.7563,28.0307,1.50167,77.1073,68.583,19.0239,25.6958,4.81602,53,0.321288,0.823563,1.13689,889.78,163.453,175.384,170.899,5.10725,92.0667,75.4093,24.5592,42.6173,8.7181,43,0.337665,1.07446,2.61069,572.442,138.151,115.605,68.2383,1.931,74.7655,69.5006,19.8906,27.9055,4.25564,44,0.270191,1.00375,1.71469,310.476,69.6113,80.2582,26.4812,1.82695,53.7767,48.0266,15.1504,20.8979,3.75226,51,0.265609,0.849106,0.962015,692.346,143.496,128.633,79.1653,2.24648,85.6482,75.8561,22.2189,29.2044,6.03396,45,0.299385,0.942607,1.57281,388.768,98.5292,82.7159,28.4403,1.7567,59.2191,55.3993,15.8899,21.7598,4.3822,49,0.218484,0.824176,1.27726,537.085,110.095,134.642,39.4314,1.27607,76.7353,57.8166,21.8873,25.8229,5.67599,42,0.337137,1.04278,1.11475,505.885,121.077,90.8866,28.3021,2.03904,80.4296,69.8328,20.9497,25.4454,6.09813,45,0.341082,0.890633,1.4086,439.799,120.38,104.552,32.9967,1.68703,70.5323,66.3247,18.7665,22.4426,5.74465,57,0.234226,0.76257,0.960765,495.424,106.876,139.631,38.3829,1.67654,73.4909,60.9867,22.6044,27.5602,5.75659,53,0.217565,0.866254,1.10157,671.189,297.681,160.994,35.5632,1.7396,86.3413,90.3059,27.0933,32.4662,6.955,45,0.369283,0.949722,1.71683,454.496,99.6884,113.336,35.1678,1.74567,68.5821,55.8073,19.664,26.6438,4.65888,43,0.292279,1.05154,1.26742
decoupled_wbc_h066_p000,1830,fell,75.86,16,21.4672,11.9301,1.62374,3.18337,498.572,104.073,140.467,29.0612,2.19515,74.4093,57.7188,21.2933,33.8829,4.78568,39,0.352665,1.01518,1.58533,260.073,50.2629,72.4121,20.3035,1.60779,45.2394,40.5259,13.5192,22.9446,3.44343,39,0.281267,0.960286,1.16995,543.927,114.422,114.43,44.7056,1.33429,81.7216,66.6457,22.9578,34.7598,5.5215,54,0.325629,0.973552,1.22217,513.526,103.874,123.245,37.0167,1.71632,79.3995,62.6159,21.8118,31.152,5.04195,48,0.331864,0.935715,1.37047,369.349,67.8468,80.3701,26.945,2.00368,57.3402,53.2749,14.9334,25.6297,4.96769,47,0.303841,0.931263,1.32291,513.08,99.1336,113.74,21.2056,2.53189,73.0055,57.4638,19.8859,29.3683,6.35761,42,0.351034,1.10733,1.58894,411.484,100.175,100.152,31.6782,1.75962,68.4814,54.7949,18.7381,29.8336,5.46973,47,0.350798,0.928303,1.07495,424.674,103.66,111.954,26.582,3.0355,63.7111,63.4662,18.1923,29.9021,3.57387,48,0.2961,0.879199,1.37337,369.088,76.2487,73.8484,57.7319,2.57641,58.3083,54.8578,15.8603,29.4394,4.18902,50,0.290164,0.915828,1.15461,375.909,82.7742,107.056,28.879,1.58212,62.8471,50.9903,18.7185,26.2758,3.84379,53,0.256571,0.838692,0.959792,648.54,114.979,114.946,28.3829,2.13997,88.2279,68.5863,23.8544,24.3652,4.68172,46,0.321077,1.08968,1.69042,641.351,122.893,141.127,164.017,10.6514,79.1311,63.5804,21.545,35.8678,11.1454,44,0.331998,1.14053,1.88351,502.584,105.735,105.925,51.2853,1.64112,69.7044,59.8726,20.4762,31.1538,4.1467,52,0.244601,0.939505,1.28244,441.08,99.5334,95.6184,30.2072,2.2074,67.2342,56.9309,19.9348,25.7542,4.54877,48,0.275666,0.991587,1.47515,412.913,82.0743,101.05,30.9842,1.47342,65.7708,52.68,18.6316,24.6104,4.57783,47,0.270716,0.95418,0.970642,1511.23,269.747,267.388,56.1544,0.981495,77.3086,51.7871,25.6163,26.5381,4.41384,1,0.162643,0.150602,0.00964355,,,,,,,,,,,,,,,,,,,,,,,,,,,,
decoupled_wbc_h066_p000,1831,fell,76.02,16,28.0545,5.35924,1.791,2.55975,432.091,97.0023,140.423,61.7573,2.62201,72.7914,55.0242,21.4124,33.2782,5.77792,42,0.299614,1.15374,1.60416,412.057,92.3607,79.797,20.8465,3.6197,67.7843,58.908,16.7837,26.4319,4.51648,52,0.300725,0.904334,1.23884,378.765,67.2667,77.0497,19.3598,1.54676,61.5438,49.9479,16.8886,24.5139,4.51574,53,0.239126,0.816239,1.0203,401.661,90.4073,117.645,29.3725,2.18631,66.3859,57.6794,20.7591,27.3281,5.68749,54,0.285493,1.01227,1.02038,497.587,96.7678,111.913,33.8143,1.70689,79.209,57.6669,20.8246,27.277,4.72148,51,0.295654,0.998852,1.15846,603.417,146.36,123.895,140.837,9.91419,89.5149,75.7611,24.8919,52.8862,12.0963,52,0.287008,1.01541,1.47877,398.458,90.0341,105.696,35.4436,1.67962,64.465,51.8132,17.9279,21.571,4.77411,40,0.290269,0.923326,1.0969,366.797,88.0349,90.192,26.9358,2.97492,58.5418,53.0242,16.4419,19.3355,4.47969,42,0.262037,0.894978,1.26087,405.802,67.6845,106.221,91.4985,4.08481,63.8474,48.2615,18.3367,24.2988,6.83892,47,0.353244,1.04048,1.08611,553.547,114.157,128.325,61.5384,2.22021,72.1399,49.2542,21.0843,27.3821,3.99295,48,0.292763,1.05663,1.02655,498.142,115.582,98.3643,35.1665,2.02091,75.6282,60.8279,19.6475,25.0433,3.71572,50,0.279526,0.989287,1.05991,453.793,83.0339,86.6168,37.8557,2.38679,68.6092,59.5899,17.4644,21.1504,4.33175,44,0.315258,0.972551,1.65565,557.417,126.193,123.536,37.6055,2.65421,79.4649,67.1917,22.5252,26.9141,5.49214,50,0.286986,0.90282,1.36797,515.414,108.828,111.159,121.262,3.63715,80.0965,62.5331,22.0802,39.1467,6.50975,39,0.327023,1.17406,1.69932,394.127,71.3972,105.338,32.91,2.2966,66.0393,47.165,18.0722,23.6468,4.51175,46,0.305417,1.10577,1.15345,2088.49,370.915,392.903,68.2493,1.86851,97.8475,55.4922,32.0482,35.1343,6.7111,2,0.179008,0.623526,0.445557,,,,,,,,,,,,,,,,,,,,,,,,,,,,
decoupled_wbc_h066_p000,1832,complete,90,18,21.2614,2.30599,0.115334,0.244613,465.233,98.5798,94.743,20.2518,2.37693,70.8813,60.8102,18.8939,24.5527,3.64641,43,0.291325,1.00252,1.40903,356.942,98.3968,88.3754,57.4587,2.36217,51.7632,53.7951,14.2143,27.7429,4.23309,40,0.260023,0.820601,1.27219,306.02,102.636,94.6994,47.6426,1.95372,57.1048,56.8721,15.3724,28.0179,3.78311,50,0.193085,0.760031,1.05501,366.852,108.09,89.5994,39.2975,2.05914,63.288,56.6678,16.751,27.5443,4.6981,54,0.22452,0.790303,0.866242,363.203,89.4955,88.965,26.2336,1.58661,59.6073,49.4275,16.598,23.3207,5.47838,55,0.22599,0.809165,0.782487,540.481,103.679,112.626,93.5941,16.1689,72.6154,63.9786,20.4986,35.943,15.6097,39,0.386114,1.04952,1.80753,339.993,104.629,89.2224,32.7893,2.05094,60.78,59.0269,16.8986,22.0945,3.1006,47,0.204044,0.78208,1.04768,512.812,97.7798,121.245,69.9969,12.051,78.2143,58.4168,23.373,35.0674,11.8265,55,0.285688,0.825262,1.08891,371.635,80.2799,96.9631,34.0811,1.24827,61.4599,46.3841,17.096,25.8523,2.49016,44,0.281724,1.01251,1.11744,500.099,82.4104,92.4496,67.7262,2.02779,71.0482,50.5356,17.8182,32.6241,3.35896,41,0.330834,1.10505,1.21576,560.379,121.04,91.5174,30.1581,1.35448,75.8426,64.8384,18.0338,36.0947,2.90183,38,0.338111,1.09501,2.29748,571.081,118.724,127.768,34.8767,1.46042,85.2981,67.7019,22.0702,42.4132,3.73352,50,0.338569,1.13997,1.78662,766.169,119.637,149.963,42.8699,1.39761,91.0486,63.3653,25.733,42.5515,4.07225,44,0.36274,1.26835,1.61465,633.83,115.823,118.596,36.1551,1.74846,85.3373,68.8826,21.4022,32.8607,3.80276,45,0.397585,1.14957,2.0369,518.839,114.192,138.446,44.7598,1.9513,74.4702,65.5026,20.8695,30.3652,4.50871,50,0.294578,0.937597,1.40982,467.345,116.435,102.585,43.7977,2.00544,72.8245,62.7819,18.6104,28.3715,4.83448,46,0.287039,1.01185,1.35023,569.108,116.488,121.276,43.1137,2.05464,79.3953,65.4457,21.4347,31.2425,4.07752,49,0.271898,0.909528,1.2636,295.865,83.5519,94.7997,30.9428,0.743874,55.3411,54.0868,16.9697,24.0572,2.81563,53,0.213144,0.84121,0.902818
decoupled_wbc_h066_p000,1833,complete,90,18,27.3697,3.41682,0.312561,0.239414,396.723,75.5806,104.955,36.1001,1.91322,63.6998,48.2786,17.4076,32.4868,4.92529,38,0.359381,1.05565,1.34973,459.439,103.803,109.543,37.8809,1.37209,69.5096,59.2623,19.3631,37.2114,5.34851,48,0.32633,0.9251,1.23351,374.459,78.3064,79.0499,36.1041,1.70178,56.779,54.6349,15.2569,30.6811,4.12518,49,0.310805,0.882773,0.946337,357.116,85.7267,124.057,77.1215,6.79236,56.6884,49.3371,16.41,37.7789,7.3857,46,0.240691,0.867961,0.965298,558.93,119.238,89.7093,45.7003,2.59543,68.0045,61.2179,16.7846,32.9646,5.52652,38,0.333621,1.12249,2.03879,399.097,81.4412,81.8626,39.8402,1.4821,61.7781,52.1077,15.4523,30.6133,4.31707,47,0.320813,0.989849,1.07444,500.38,111.588,91.8333,53.1203,1.80173,75.1298,64.9911,16.7077,38.2643,5.75104,55,0.330642,0.875822,1.06991,430.201,89.5255,134.497,92.0813,21.0531,64.8947,51.7367,17.7827,36.5247,11.4679,47,0.298558,1.06601,1.21933,668.944,105.227,91.1905,36.4609,1.66584,74.2622,60.0681,17.4088,34.4363,5.7436,30,0.442716,1.22766,2.76287,504.194,92.9543,110.094,96.6441,2.36692,61.5318,50.8428,17.8668,37.8166,6.1872,36,0.334924,1.05717,1.62697,506.163,152.309,143.521,40.0793,3.34906,74.7624,65.2104,20.3655,39.0326,7.04614,47,0.303995,1.07824,1.30548,424.76,96.6344,128.8,57.0062,2.29966,64.7212,60.5898,18.8614,34.4434,6.82055,46,0.246246,0.7747,1.2105,354.485,77.1796,82.0177,41.3419,1.51026,55.2818,45.6348,15.716,26.1613,4.42683,44,0.263369,0.876747,0.818996,481.808,121.717,103.542,32.9385,2.69304,75.1601,67.0233,18.8604,31.6676,6.48167,43,0.27475,0.880163,1.63946,835.961,190.285,165.448,51.4517,2.53922,96.7871,81.5649,27.6821,40.9937,5.95941,44,0.314514,1.44039,2.83806,477.789,128.426,88.8646,38.8032,2.34631,68.3151,65.0131,16.7841,26.4433,4.05915,37,0.266265,0.851937,1.46654,375.541,107.089,90.5784,46.8549,1.90296,57.6195,52.6735,17.4198,28.2943,2.88827,56,0.203755,0.769676,0.733992,539.507,112.826,86.2043,38.38,2.06102,71.5618,66.8168,16.3966,22.8021,3.75738,37,0.370514,1.2009,2.17113
decoupled_wbc_h066_p000,1834,fell,70.72,15,18.7421,15.4566,2.50476,2.01392,554.465,104.402,112.693,21.4761,2.36193,84.661,63.038,21.0514,32.2161,4.55048,44,0.353457,1.14949,2.01403,260.726,61.5551,92.4696,30.2045,1.5641,47.6343,42.8344,15.5046,22.0886,3.42466,34,0.317784,1.01378,1.07809,470.89,110.167,111.4,32.224,2.15722,74.1959,67.0057,19.7484,28.4431,4.3541,50,0.245832,0.802084,1.20147,325.845,83.8895,75.6098,28.754,1.62812,58.4004,49.0922,16.2999,25.2597,4.46514,49,0.295645,0.948877,0.916839,373.414,94.2104,86.7053,27.8791,1.40543,56.3257,55.1195,16.6211,25.8369,4.64407,41,0.291266,0.798302,1.41581,348.481,87.1245,70.8001,34.258,2.15821,59.2426,51.5324,15.7068,26.7445,3.51154,48,0.268574,0.835403,0.907171,417.322,98.8009,107.295,36.9216,1.42137,68.3455,56.1893,19.0163,32.0251,4.21188,45,0.342616,0.968481,1.14502,387.352,81.522,82.0972,31.1593,1.2801,56.6964,56.1922,14.7012,25.2646,3.21233,42,0.306184,0.896874,1.25893,359.486,72.7972,83.1357,24.7072,1.20976,61.071,49.0051,17.8,25.7354,4.26907,58,0.241986,0.79599,0.76389,302.72,63.3663,77.5745,66.9868,2.87553,49.695,42.3092,15.5135,32.3559,5.50086,47,0.22596,0.778664,0.71387,419.312,102.359,114.437,37.3346,2.06723,69.6009,56.2191,18.7292,29.7608,3.33639,41,0.372225,1.03549,1.33724,365.729,115.782,121.654,44.0063,2.73101,67.7449,59.5125,19.2751,30.5316,3.75585,50,0.230622,0.887792,1.0696,482.313,116.816,106.255,34.0478,1.96236,76.1945,62.6291,20.4844,28.2766,4.10089,50,0.243272,0.798245,1.11545,502.787,127.967,103.22,36.3909,2.11146,77.9693,62.8863,19.8107,29.9367,4.5375,45,0.279019,0.975276,1.39038,2506.5,113.698,169.465,42.2229,1.6983,93.6516,26.6408,16.8998,22.3717,5.09678,3,0.365845,1.68002,5.30986,,,,,,,,,,,,,,,,,,,,,,,,,,,,,,,,,,,,,,,,,,
decoupled_wbc_h066_p000,1835,complete,90,18,18.1476,3.01628,0.179706,0.19853,392.288,94.0637,95.2347,27.4836,2.29285,60.4735,56.0908,15.97,29.121,5.08607,42,0.316758,1.02634,1.44651,344.779,81.2854,106.387,25.6834,1.61,63.4074,55.5083,18.1981,26.0835,5.42735,49,0.268904,0.878512,1.07996,410.307,85.0662,88.2798,26.9638,2.57621,66.9683,52.19,18.2273,27.9458,4.48191,52,0.255144,0.981891,0.894061,355.47,70.9301,75.5147,32.6779,2.65141,61.7138,50.8466,16.1614,23.957,3.89053,50,0.306671,0.913501,0.938767,404.965,91.9115,127.692,156.696,2.88466,63.8917,57.1479,20.476,42.2878,6.06543,57,0.222222,0.905381,0.898915,366.352,76.3946,95.966,33.7518,2.04981,58.9685,52.5869,17.757,28.7763,3.99194,49,0.286778,0.879306,0.90672,367.085,82.5915,83.7903,31.7924,1.64712,63.3979,53.39,17.1927,24.2054,4.04674,54,0.278727,0.846541,0.736505,416.688,96.0901,84.5322,40.8283,1.40082,63.9066,58.1563,16.8272,27.0741,4.79113,47,0.305005,0.846176,1.25641,428.739,165.404,135.782,52.4092,2.74283,68.7239,58.2023,19.4334,26.441,3.04196,41,0.310855,0.99976,1.32195,372.227,111.776,101.59,34.8834,1.84694,61.0088,54.319,19.3443,26.2286,3.81466,45,0.240033,0.813267,1.00471,590.785,145.534,119.183,36.5518,1.35582,72.6329,64.1066,20.9253,25.9665,4.58363,44,0.288119,0.903124,1.42013,414.141,103.25,84.8728,35.9807,1.99284,60.5156,62.2271,17.1374,24.8976,3.8627,53,0.240468,0.725832,0.981717,529.857,143.803,125.272,50.7172,0.912218,72.1582,66.4067,19.4286,31.1982,4.36353,48,0.192982,0.806413,1.12866,369.534,93.1647,125.336,34.8333,2.31063,66.9764,56.1894,19.8349,29.0067,3.34963,50,0.234214,0.932084,1.01227,595.028,162.446,132.974,102.35,4.1406,79.1956,69.6282,21.3655,31.5372,5.88312,43,0.365123,1.08775,2.00979,512.926,154.7,131.988,32.1671,1.3447,76.1846,68.6019,20.2832,24.2616,4.58659,43,0.314185,0.867309,1.38661,582.562,120.475,111.783,121.172,3.09975,80.7674,61.6552,21.0083,27.14,5.78475,46,0.343683,0.970129,1.38995,468.706,100.466,129.176,91.7779,2.07226,71.4809,60.0401,21.0314,26.5105,5.07403,48,0.27002,0.861483,1.17673
decoupled_wbc_h066_p000,1836,complete,90,18,17.454,3.44994,0.393412,0.350313,484.307,92.6453,92.9168,22.6561,1.16225,73.6228,57.1664,20.0586,29.8669,3.53586,46,0.340794,1.03314,1.2466,357.115,74.407,67.9434,22.7721,1.62675,53.6211,48.4588,13.2035,19.0441,2.84355,42,0.308155,0.934777,1.42226,354.305,76.7646,84.5969,40.7488,1.88123,54.1279,48.8672,14.9664,25.5708,4.47365,46,0.225762,0.854962,1.19194,456.193,107.778,92.3891,39.5707,2.0358,70.5402,63.0414,18.94,32.1633,3.5554,47,0.285679,0.889286,1.12078,336.418,93.1049,89.076,39.9902,2.41978,52.8253,56.8159,14.6762,25.5466,5.03136,41,0.265377,0.861636,1.31846,576.094,149.385,182.122,174.266,6.2866,82.3599,75.5145,27.5541,46.2392,9.13573,51,0.21982,0.894474,1.51391,424.26,95.4647,95.4963,27.7752,1.38963,63.4807,58.8631,19.098,23.5398,3.86664,46,0.267212,0.890544,1.1146,408.702,81.4136,91.4188,72.6835,2.72538,66.4327,56.0563,17.9158,23.044,4.5983,48,0.304939,0.878201,1.21211,429.462,102.699,85.3519,35.4541,1.15909,66.5815,58.0497,18.6717,24.1555,3.27666,51,0.252927,0.851481,0.991895,566.04,168.325,134.8,59.3024,1.93677,76.7127,78.753,21.0573,30.9304,4.74967,47,0.291686,0.991944,1.67885,336.242,109.169,96.2837,40.1452,2.03622,57.5934,62.1481,15.7967,21.0823,3.38852,59,0.211981,0.753065,0.880529,571.77,117.449,107.204,39.9487,1.72958,71.3757,61.5662,19.4475,22.8214,4.46075,40,0.308364,1.04595,1.45141,654.583,152.233,158.652,148.041,3.65061,84.2408,72.9024,25.8341,38.2225,8.26451,49,0.300348,1.18097,2.14876,536.497,132.315,130.171,48.5818,2.04382,79.3585,62.3576,22.7893,28.9028,5.65202,46,0.291899,1.00289,1.14894,597.08,131.794,118.784,19.5652,1.80527,87.3885,73.4963,22.1493,26.0133,7.38964,59,0.298484,0.898026,1.3753,1065.06,170.847,220.578,205.517,22.9523,111.118,85.7266,34.456,55.2678,17.6916,35,0.433743,1.32435,3.224,378.94,86.4648,114.962,126.656,5.29197,59.12,50.4586,18.2472,26.5116,7.33438,46,0.260602,0.907467,1.03455,559.418,117.143,103.345,21.8589,1.62957,76.2829,60.8758,21.6633,25.927,3.73508,42,0.28508,1.12032,1.56503
decoupled_wbc_h066_p000,1837,complete,90,18,20.8676,3.3894,0.190931,0.173304,404.183,81.4096,74.249,26.0434,1.68389,60.0307,55.5225,15.6715,28.6731,4.06936,47,0.307175,0.886247,1.42517,344.442,78.8528,78.7851,25.9436,1.57093,55.226,51.346,14.5209,26.2627,3.85243,42,0.306161,1.16873,1.51849,470.197,99.7253,84.8166,41.3876,2.51883,68.2345,62.991,16.3065,30.0349,3.52168,44,0.309761,0.794152,1.14355,335.799,100.149,82.2474,51.1195,2.83527,58.6878,55.494,15.4892,31.4745,4.77643,59,0.234129,0.7717,0.727587,332.986,107.852,93.8867,42.6416,1.80909,58.7611,56.406,16.1071,31.375,3.00615,54,0.201261,0.767972,0.783132,384.402,96.452,110.912,41.417,1.66938,64.5377,60.3038,17.8742,36.4612,2.68491,48,0.242642,0.908565,1.23453,355.971,93.7217,89.7371,39.5208,2.8049,59.1183,55.3918,15.9179,28.0972,5.13926,44,0.244931,0.922248,1.11498,405.976,103.444,122.186,142.269,14.5504,65.6484,61.5753,19.5798,34.7979,11.6951,51,0.250139,0.933741,1.23697,746.199,143.897,131.52,32.0634,1.73972,82.5264,71.2392,23.8783,35.6549,7.50053,48,0.252989,0.985308,1.60939,304.86,60.6304,76.9492,28.9043,2.33599,54.8208,43.2764,16.4297,20.7384,4.60773,47,0.283,0.984142,1.01237,403.597,108.086,103.04,23.8716,1.94238,66.1598,59.6705,19.6887,23.8535,5.37721,46,0.267683,0.954866,1.14242,614.911,115.896,132.699,114.293,6.28339,82.2773,66.7692,23.5486,47.5765,9.75094,47,0.331797,1.12713,1.71256,447.74,127.207,110.558,31.3487,2.43394,74.4337,70.5809,19.5072,32.4851,5.87851,51,0.286844,0.923751,1.28382,465.727,108.807,148.02,143.967,26.9866,78.2203,67.8718,23.5925,49.5119,20.242,67,0.239818,0.819364,0.865332,588.735,121.17,98.1442,60.8727,2.64135,73.7983,66.2774,18.2752,30.0158,7.3927,44,0.349032,0.892586,1.80695,900.14,230.936,160.883,37.4723,1.71778,103.147,87.9052,27.7269,29.9489,9.60514,40,0.33824,1.37586,3.17688,570.173,130.409,123.471,30.7042,1.66254,73.6859,68.7159,21.4703,24.3111,6.88421,55,0.290715,0.924317,1.47127,530.262,130.17,142.262,249.768,53.3159,74.0721,61.8574,22.6792,50.8552,29.0249,49,0.267539,0.884327,1.35757
decoupled_wbc_h066_p000,1838,complete,90,18,17.2245,3.97929,0.158985,0.0714315,340.198,96.6126,74.117,24.6868,2.64287,56.5983,56.0348,15.2035,25.6374,3.86991,45,0.253446,0.874824,1.27844,477.789,101.368,108.795,37.3511,1.47841,69.3777,57.178,19.5024,29.2386,5.33477,49,0.288455,0.89475,1.26265,508.374,109.758,110.022,31.7348,2.09736,75.3046,62.5461,20.4356,23.8015,6.17421,45,0.364354,1.0283,1.58672,473.583,93.0543,92.358,35.2682,1.7037,73.3094,60.6698,19.4717,23.5105,5.48903,49,0.351908,0.992771,1.17283,422.934,82.0402,85.2845,33.8507,1.97663,66.6765,56.9715,18.0149,25.8387,4.71425,44,0.33072,0.914121,1.16809,383.347,88.537,116.078,46.6459,1.55034,68.6296,49.3976,19.0063,32.562,5.28639,58,0.286882,0.841702,0.774427,355.958,101.679,124.113,141.452,22.6155,59.9102,51.9532,18.8931,33.7243,12.8743,46,0.249695,0.855879,0.924803,491.79,117.847,106.221,130.72,3.13714,69.2117,63.6242,17.9185,36.4183,6.96404,48,0.183761,0.871182,1.01593,289.172,115.341,96.2012,76.2228,2.9335,48.7186,55.8044,15.9718,31.6629,5.17832,40,0.199139,0.731707,0.93028,594.311,208.284,135.303,53.9705,1.67715,90.1264,78.9452,22.4075,35.7826,4.20787,53,0.195081,0.830058,1.56542,548.295,180.088,110.068,41.7489,1.89126,74.5452,75.0464,19.374,32.793,3.64181,48,0.330998,0.858469,1.65083,410.859,75.4827,75.1886,29.1456,1.92046,56.9068,52.7713,15.7375,24.967,3.93886,41,0.282185,0.906295,1.44973,527.274,110.967,111.291,206.05,10.2153,69.9012,60.0347,18.7769,49.3786,10.4187,49,0.263987,0.938735,1.4242,473.375,101.251,91.3677,31.3272,1.76819,78.5863,60.0106,19.6641,30.4301,4.8442,49,0.262813,0.878985,1.16516,452.558,85.6642,106.734,32.8143,1.31327,69.3743,54.0085,19.6043,30.228,3.6812,51,0.280244,0.993489,1.05199,573.301,96.2349,95.4407,67.6702,3.38313,75.4206,56.4539,19.9686,37.0586,7.62683,34,0.360579,1.20449,1.93412,373.831,94.459,103.778,28.3944,1.74877,63.4616,58.5464,17.7009,31.8619,4.43301,49,0.304118,0.859981,1.06353,486.932,99.4158,119.314,38.9358,2.11391,67.0277,56.5848,19.5658,35.0993,5.25932,52,0.248201,0.967301,1.10725
decoupled_wbc_h066_p000,1839,fell,80.56,17,24.1634,6.80972,1.11004,2.20346,405.299,84.9714,56.4043,20.0751,1.68308,59.6764,53.6784,14.0185,23.8244,3.22563,37,0.362933,0.987114,1.83937,439.981,78.6166,116.482,46.3217,2.13169,66.363,47.6715,19.0104,26.5673,5.10332,51,0.298852,0.860762,0.8878,331.139,75.1316,90.6558,31.2451,1.13345,54.6715,49.1225,16.378,20.0197,3.59426,49,0.265329,0.924121,0.971127,359.48,60.1208,87.7392,25.1917,2.04013,60.9526,45.825,16.7964,19.9547,3.9308,54,0.263773,0.862526,0.926047,467.003,116.497,108.03,33.7345,1.52675,69.5337,60.3448,18.1422,25.9638,4.08379,49,0.270055,0.952575,1.25418,388.565,99.7924,82.5976,32.0848,1.74241,60.7058,61.5297,14.8141,21.1345,3.40896,46,0.282807,0.908539,1.26368,337.257,83.8932,87.1272,31.4784,1.54819,60.6297,51.701,17.7526,23.4248,4.17423,53,0.228651,0.799055,0.97963,410.589,125.609,107.136,30.4997,2.16459,73.9133,64.2589,20.4112,27.8293,5.38726,57,0.20541,0.91492,1.11091,539.164,97.0593,90.5984,31.9755,1.74301,71.2084,57.8154,18.144,25.0777,4.23482,37,0.344583,1.01095,1.71429,477.339,101.544,115.695,37.7837,1.45434,72.9549,61.2784,20.6236,28.0087,4.76763,48,0.264857,0.931762,1.11332,550.097,129.831,122.878,41.4719,1.84422,78.4907,69.6268,21.3992,29.2386,5.68147,48,0.281558,0.981749,1.61689,632.925,138.565,124.605,37.598,2.50393,88.8027,70.8269,24.9024,29.7906,5.96357,45,0.383115,1.13358,1.61739,572.451,120.578,147.555,59.9015,19.3585,82.3162,65.2764,23.0955,28.9921,12.0417,39,0.393705,1.16357,1.79618,582.51,139.212,135.839,25.6504,2.61482,88.6645,70.4651,22.5409,23.847,6.80016,47,0.348857,0.992667,1.56275,505.913,109.518,105.389,24.6885,2.78995,69.1983,56.8618,19.1733,20.945,5.97053,49,0.286319,0.964321,1.26231,400.559,76.6536,78.0542,25.0422,2.05125,65.3229,51.6476,16.7924,21.1143,6.2378,43,0.328939,1.00938,1.49708,1484.06,100.518,157.231,56.1165,0.690777,54.9703,24.0441,16.0811,14.0504,2.89205,1,0,1.48575,13.8569,,,,,,,,,,,,,,
decoupled_wbc_h066_p000,1840,complete,90,18,17.1768,3.1296,0.168217,0.0864902,414.88,83.7763,106.364,31.0179,2.25679,68.0477,51.5631,19.9723,29.9922,4.58951,52,0.256737,0.921372,1.04453,358.265,78.157,78.1002,29.9856,1.39134,61.5564,50.073,17.0485,21.7766,4.07094,50,0.29589,0.839955,0.834112,315.816,65.5568,88.747,31.941,2.68571,55.3049,45.8575,16.5226,23.6222,5.15015,46,0.235216,0.818688,0.843724,336.733,52.909,55.6256,34.7971,1.54322,52.5451,39.9209,14.0277,19.8123,3.86142,39,0.281993,0.782059,0.747545,343.105,69.822,76.7546,31.164,1.45569,58.7255,49.5313,15.5039,22.6182,4.98545,51,0.300256,0.866974,0.811833,355.556,75.2527,80.5857,24.5329,1.43496,56.1941,49.0139,15.1317,22.3353,4.74633,46,0.273989,0.808033,1.05945,424.381,84.83,111.617,36.1536,1.68544,69.0145,55.5973,19.637,28.3145,5.12288,48,0.330499,0.89215,0.98475,403.263,77.324,86.5922,34.3912,1.18193,64.9707,54.5323,17.0393,23.7922,3.53519,47,0.306437,0.9673,1.08607,588.47,108.901,110.645,31.0929,1.36435,80.8997,64.5602,20.1672,22.0963,3.64373,41,0.362221,1.19819,1.7094,320.125,85.0657,81.9915,28.7268,1.53263,58.5568,53.2786,16.074,20.8616,3.18087,49,0.242529,0.897749,1.01424,477.18,101.281,104.628,29.9041,2.61009,63.3338,56.9485,16.3556,24.307,5.15839,39,0.348304,0.936925,1.68606,429.619,91.8399,96.8878,27.1904,1.83118,69.4176,53.6081,17.9101,27.9049,4.91754,47,0.331319,1.00856,1.36159,605.25,146.058,174.352,174.116,22.8043,83.2998,74.8237,24.184,55.252,10.6148,53,0.247039,0.97247,1.27396,556.742,117.999,107.767,34.5831,2.88183,79.9348,67.0498,20.2211,33.4688,5.78121,47,0.302012,0.87709,1.32036,470.498,132.145,118.436,39.8728,2.45728,72.8401,61.0908,19.8099,33.4853,6.36716,47,0.283556,0.937137,1.31211,388.237,77.5121,94.4,30.0609,1.93561,60.2276,51.3099,16.9285,29.6873,5.57795,38,0.293913,1.0644,1.43322,916.208,115.623,130.943,43.4726,1.84217,85.9516,62.8985,23.6671,38.8134,5.9816,46,0.281685,1.10975,1.84042,430.859,113.58,129.929,33.0301,1.83966,64.5166,54.9259,17.5527,33.7248,4.70173,35,0.452593,1.22077,1.82062
decoupled_wbc_h066_p000,1841,complete,90,18,25.0709,3.86041,0.297133,0.19705,455.83,81.1455,87.6656,34.7028,1.9263,70.6265,55.0547,18.3723,27.4672,4.48182,42,0.355198,1.1002,1.5927,351.987,74.2854,73.3062,28.3877,2.17405,53.7002,52.7097,14.7627,23.5978,3.9892,48,0.311172,0.852718,1.25746,389.505,91.2811,100.998,56.1609,2.47674,65.6318,54.627,18.5064,29.2721,5.12712,46,0.308798,0.88408,1.19044,499.272,101.573,104.073,32.1411,2.22914,71.8146,61.4446,19.5415,25.7564,5.10086,43,0.282909,0.979794,1.49828,516.099,91.2581,140.042,34.26,2.31694,71.6493,51.3543,22.325,29.6409,5.1471,37,0.388055,1.31077,1.74616,467.343,107.322,133.927,27.5711,2.60928,70.2073,62.3033,22.0525,28.8316,5.97661,48,0.331569,1.04911,1.36058,393.077,84.9084,73.4616,17.127,1.37517,59.2807,57.1994,16.8485,22.5493,3.9643,35,0.359634,1.07688,1.96768,528.271,103.141,104.641,29.557,2.34424,76.9418,58.6461,21.8094,31.9716,5.63161,44,0.348439,1.08756,1.55577,519.296,96.0475,119.454,26.6046,2.36004,74.3851,60.9696,21.7195,27.8978,4.80252,40,0.305573,1.15786,1.63678,558.965,108.511,158.492,85.6407,26.1357,79.2802,59.9679,24.1822,41.5807,22.677,48,0.31397,1.10098,1.4275,303.27,54.1263,53.9814,25.1712,2.45531,46.2517,44.0102,12.4053,16.6418,3.54923,46,0.271582,0.763673,0.963953,855.948,165.024,136.231,37.5941,3.13585,85.7112,70.7926,24.941,33.1939,6.3214,50,0.298996,0.834832,1.87552,490.073,99.5198,141.446,38.1567,1.52658,72.4814,54.7676,21.6034,28.6668,4.99159,44,0.376637,1.1752,1.5358,591.036,98.5566,98.3347,32.4881,2.06584,82.1177,62.8576,21.4084,29.3803,5.37909,37,0.38069,1.23765,2.35271,598.165,159.199,119.088,87.7843,1.68514,82.9364,70.8508,22.2791,42.0956,4.99934,39,0.412193,1.30256,2.06128,344.553,76.5255,83.0725,28.563,1.16496,57.2541,50.1602,16.0945,27.3786,3.33129,53,0.252445,0.857947,0.910175,354.97,66.7565,73.7977,28.9077,0.881985,57.3614,49.6649,15.6944,21.8533,3.43176,54,0.235699,0.723132,0.942968,647.337,129.957,106.057,38.4825,2.54677,79.7634,69.3939,24.01,31.5658,6.0047,47,0.261507,0.825309,1.41053
decoupled_wbc_h066_p000,1842,fell,60.78,13,24.1255,15.9485,1.668,2.88256,387.845,60.9506,69.0811,24.1523,2.06545,59.7382,42.5408,15.0252,24.3455,3.58975,30,0.42901,1.27219,1.8318,394.045,100.877,99.0142,35.7026,1.70113,63.2161,55.9556,16.3505,32.0449,4.08112,40,0.286808,0.939827,1.3538,328.25,63.4445,57.3469,34.2237,2.44159,53.8327,44.0686,13.8669,25.3583,3.49977,44,0.285928,0.967295,0.9234,411.876,103.87,67.3599,37.18,1.89697,65.9439,59.622,15.692,27.2904,3.95934,54,0.266105,0.787806,1.08658,414.761,88.8702,62.4944,26.0892,1.9019,61.9428,47.565,13.8246,21.6022,4.02729,51,0.281122,0.923988,0.98686,465.666,95.1442,75.1194,60.6975,4.12141,71.9055,56.3558,17.693,32.4035,5.10496,47,0.338811,0.936047,1.12968,398.187,84.4653,54.8699,30.3869,2.8291,56.923,49.5273,12.6221,26.3337,3.65086,28,0.412881,1.35726,2.32751,511.7,101.85,122.693,34.2529,1.93358,76.2804,56.9119,20.6047,34.6352,4.00424,43,0.372302,1.12627,1.39224,543.284,82.4788,73.8933,35.3053,1.76794,69.7813,49.3529,16.0775,31.2865,4.94895,26,0.464951,1.3495,2.59781,477.028,101.088,97.1895,37.8214,2.69185,65.496,51.5382,16.0191,33.1241,6.49275,37,0.365472,1.08662,1.77663,562.976,119.243,114.57,33.9054,2.21238,76.2801,55.6388,19.3383,35.6382,6.92077,42,0.251999,1.15453,1.49319,485.616,91.8531,64.8375,22.749,1.21505,68.4427,56.5629,15.4081,29.2408,4.58129,52,0.251377,0.793312,1.07706,1499.6,124.127,220.225,98.5543,12.7623,63.1233,29.3441,20.1312,35.8402,14.0852,1,0.284271,0.753103,0.888611,,,,,,,,,,,,,,,,,,,,,,,,,,,,,,,,,,,,,,,,,,,,,,,,,,,,,,,,,,,,,,,,,,,,,,
decoupled_wbc_h066_p000,1843,fell,65.68,14,27.2491,5.82848,1.30502,3.60299,312.353,69.6377,69.8584,32.4741,1.97436,54.9171,49.7944,14.4754,24.1561,3.37955,45,0.25449,0.884614,1.19319,355.835,61.6923,88.284,29.1945,1.91008,57.2108,43.3523,15.2526,30.0956,3.91829,40,0.315222,1.0606,1.07516,323.655,71.1584,70.548,27.5835,1.64116,52.9908,47.0247,14.4189,28.6294,3.6564,45,0.293062,0.970101,1.11125,449.501,92.2871,130.218,25.1342,1.516,73.7385,55.9349,21.3118,35.9149,4.80892,47,0.39875,1.21425,1.45331,366.574,88.0788,101.128,25.4395,1.93194,57.9617,54.4704,16.1142,27.7221,4.56422,48,0.345052,0.936575,1.2882,351.993,87.9545,75.8716,26.7794,2.11017,54.4229,53.1707,14.6539,28.0755,4.81908,39,0.270965,0.969394,1.41906,354.017,84.7209,96.5292,93.3313,6.42546,63.514,52.346,16.1962,32.1315,6.8168,45,0.298976,0.982319,1.28798,443.842,87.3968,118.533,45.3141,2.61852,55.7078,50.2313,16.6692,35.2858,7.15025,39,0.253208,1.00171,1.27563,436.592,108.637,106.703,44.7005,1.89896,70.6919,66.5779,19.9769,36.2532,5.57789,55,0.211431,0.868481,0.957152,435.757,94.7084,71.595,54.4697,1.9555,62.6483,54.3375,14.585,30.1994,5.13709,39,0.34741,0.884325,1.56292,386.903,70.027,61.6042,38.3626,1.47817,59.5856,46.5845,13.7234,27.3697,3.58052,39,0.330214,1.00769,1.38266,399.546,93.4885,86.3619,45.7662,1.47694,56.7847,57.9574,14.9458,31.3948,4.33503,45,0.26987,0.906119,1.50636,717.96,127.31,143.467,54.522,2.05838,86.4099,63.4119,24.937,45.21,5.34123,43,0.334211,1.20109,1.66212,258.634,42.3188,44.5377,39.2539,0.548939,15.7287,10.1378,4.54455,11.598,1.04565,2,0.398735,0.985901,7.62646,,,,,,,,,,,,,,,,,,,,,,,,,,,,,,,,,,,,,,,,,,,,,,,,,,,,,,,,
decoupled_wbc_h066_p000,1844,complete,90,18,16.4348,3.20953,0.383888,0.321658,432.551,88.5162,87.9237,29.3227,1.31822,67.4075,51.6341,17.4591,28.6162,3.36873,45,0.274382,0.974463,1.21864,397.351,86.4456,107.499,22.0366,2.45172,68.4285,52.9566,18.5953,25.8422,3.84806,52,0.327756,0.992542,1.1638,368.214,104.94,113.345,31.3457,2.00976,62.6604,61.3418,17.9831,28.9571,4.9361,50,0.212951,0.820771,1.02098,422.897,69.4737,101.197,37.0193,1.58244,62.8113,45.7791,17.7494,24.8913,4.20123,44,0.320986,0.991373,0.873672,311.057,65.7144,68.0592,28.8268,2.10419,53.1369,47.4521,14.5627,20.5026,4.09988,44,0.288671,0.849125,1.05967,371.14,87.0222,112.228,35.6561,1.73351,60.9755,51.6788,17.1375,29.847,4.98346,51,0.274929,0.884316,0.933238,341.438,84.8701,88.5653,45.0714,2.14834,55.6936,51.4594,15.9399,31.2974,3.88326,43,0.289349,0.945517,1.15163,381.605,71.7219,75.0052,30.0737,1.9709,60.2517,47.0639,15.438,26.2997,3.76834,40,0.33372,0.941102,1.14307,548.606,110.029,110.359,31.2922,1.95383,78.8053,61.7158,20.6333,34.5804,6.10204,51,0.348692,1.07145,1.38701,408.238,87.2484,90.1566,30.263,2.46762,68.2953,56.3983,18.0401,26.1627,6.09773,47,0.298092,0.834166,1.24093,524.076,127.905,129.163,96.5471,4.97677,80.4068,67.5312,19.6167,35.4038,8.32684,53,0.246992,0.929946,1.18807,1163.7,181.814,174.363,35.8362,2.27465,117.486,81.6346,29.9843,40.1797,7.58784,57,0.315299,0.933279,2.29433,768.093,136.498,114.769,32.0471,1.75656,90.5241,63.177,21.7098,26.9172,5.28268,37,0.348114,1.19256,2.07831,580.821,185.584,168.59,122.036,4.05548,83.9512,69.5311,24.6845,36.3927,8.77485,51,0.323123,0.952542,1.33425,429.709,78.9044,94.9349,29.0771,2.04293,63.1313,52.3982,16.927,20.1003,4.32062,38,0.332326,0.949302,1.3999,533.555,122.844,120.029,90.4226,9.60427,80.331,65.9841,22.0678,37.5788,11.8667,45,0.31615,0.877794,1.54195,730.42,153.614,171.829,55.8185,1.94658,78.3847,62.9641,26.2162,30.9921,5.72517,36,0.257779,1.04051,2.12354,864.875,167.726,150.318,114.73,3.81206,95.961,72.7384,23.3216,42.823,9.70189,40,0.346214,1.24335,2.26
decoupled_wbc_h066_p000,1845,fell,80.96,17,21.9641,9.31239,1.10518,0.979243,381.971,64.7198,72.9922,31.1587,1.64251,58.4441,47.8795,14.6389,28.1578,3.52251,33,0.364317,1.14622,1.81221,298.183,81.3714,80.0646,38.5664,1.9022,52.6541,53.7142,15.2014,28.9127,3.98818,56,0.198468,0.753309,0.712493,341.97,80.0197,90.7755,42.2553,1.25098,55.2915,38.4795,15.8971,26.4209,3.87778,49,0.312751,0.923982,0.779898,335.199,61.3309,63.864,36.317,2.10622,54.0878,44.8482,13.4232,26.7954,3.41428,43,0.274129,0.864358,0.944998,302.753,68.6258,70.0785,33.4497,1.41039,49.1825,48.3375,13.7762,27.1303,2.85947,49,0.23861,0.800422,0.834321,274.978,81.3257,74.314,39.1027,1.92442,48.3247,48.1977,13.013,25.352,3.27764,48,0.22596,0.767832,0.713421,323.335,69.427,63.2531,43.3681,1.13709,46.8918,46.8296,11.8188,25.0833,3.18396,47,0.213625,0.739023,0.823878,446.126,120.716,95.5428,44.7857,1.63301,62.6342,63.0753,17.2985,29.5404,3.6777,39,0.281626,0.933239,1.41917,355.149,84.7565,73.7095,32.6422,1.91683,58.8792,52.9615,15.8182,27.8833,3.19074,55,0.236951,0.794406,0.747905,404.496,79.9064,82.5621,37.4496,1.93152,62.7529,52.9852,15.6655,30.1507,3.0275,49,0.269496,0.844198,1.01544,754.488,146.819,105.064,75.517,2.29237,93.5701,72.1688,21.2748,31.4782,4.94534,44,0.381256,1.1299,2.06649,361.743,109.451,93.0808,69.5351,3.02133,57.0622,59.1485,15.4818,31.5206,4.73039,46,0.181986,0.771279,0.89537,358.828,111.013,97.8399,53.4809,1.91871,50.2374,53.8699,15.2085,29.9409,4.00774,32,0.172534,0.906084,1.72383,343.82,68.6354,77.3723,74.8586,2.56772,49.6365,42.3035,14.0922,29.8793,4.3615,46,0.166315,0.767269,0.802334,534.391,87.174,92.6642,181.309,20.787,63.8252,52.8439,16.4757,35.7145,10.5383,48,0.263873,0.849948,1.34458,361.271,80.3386,58.1123,38.0999,1.92705,53.6616,48.5586,16.2176,28.3381,4.74991,47,0.253769,0.889861,0.849876,1694.58,465.717,385.951,63.7133,1.9958,81.1878,57.2634,29.4195,37.2891,5.51845,3,0.339244,2.51055,7.18512,,,,,,,,,,,,,,
decoupled_wbc_h066_p000,1846,complete,90,18,14.4278,3.48176,0.182682,0.145147,351.143,72.8796,83.6317,22.0468,1.94541,59.9549,46.9516,17.0646,27.5675,4.10325,36,0.339713,1.04595,1.4112,360.148,93.9247,90.2962,47.5916,2.28366,64.2537,59.4026,17.7502,28.4454,4.15433,54,0.254309,0.848467,1.01924,333.861,78.5823,82.2126,25.9468,2.09767,59.878,47.6121,15.9165,20.4923,4.84493,38,0.318307,0.936934,0.999007,288.772,94.1978,87.709,34.7483,1.4829,49.5175,52.5775,15.3826,20.6071,3.24294,56,0.148294,0.601485,0.646705,423.626,147.478,116.787,115.167,2.9422,71.8489,68.1636,19.434,34.1274,4.89334,49,0.235219,0.884552,0.983573,455.391,154.29,93.8761,45.406,2.73234,72.0438,64.4839,17.4784,28.4278,3.62835,50,0.28793,0.849368,1.11167,471.845,111.104,109.974,32.9022,1.90876,74.5479,64.6892,19.7159,24.5941,3.33883,39,0.361358,1.04423,1.78607,356.484,87.2593,90.7923,31.1701,2.23344,59.6879,47.5246,16.4957,21.3698,3.50765,40,0.353629,0.961784,0.95704,549.829,124.294,99.6556,128.064,9.56518,82.5688,66.0606,20.92,29.9346,7.48705,56,0.294246,0.830697,1.22454,441.38,105.596,100.864,39.191,2.08952,64.0994,59.1572,17.3169,27.9979,2.7978,40,0.309289,0.9478,1.62418,581.451,145.502,125.1,134.838,3.16767,76.5962,64.3122,19.2764,42.7557,4.2191,33,0.483707,1.08518,2.2527,761.879,127.173,114.93,31.8588,1.61163,88.5831,67.5366,21.3258,26.9934,3.55475,37,0.418138,1.18721,2.6948,435.073,117.2,97.2842,30.132,0.922138,70.1641,62.1816,19.642,23.3083,3.573,48,0.275262,0.84143,1.11689,468.037,110.094,87.068,32.1605,2.40011,74.2567,58.0361,18.945,24.0521,3.94584,52,0.32908,1.08756,1.20026,365.389,84.6255,69.4438,24.5082,1.2992,62.8638,54.1187,15.9207,20.088,2.83596,52,0.285974,0.825831,0.870413,346.637,70.1418,80.0952,37.2379,1.97025,58.8965,47.5671,15.6082,23.3817,3.53502,47,0.260296,0.840469,0.951887,578.008,124.586,85.6077,111.423,2.82843,73.4695,66.3901,18.4638,33.7376,7.38624,39,0.341911,1.23758,2.2283,344.275,106.165,92.9635,45.6472,1.38186,60.4005,54.7775,17.6291,23.5939,3.51148,53,0.21125,0.756559,0.788562
decoupled_wbc_h066_p000,1847,fell,60.74,13,19.6507,7.50285,0.976726,0.954628,411.35,76.4581,89.7619,24.8109,1.69514,66.0513,51.9777,19.0842,30.2887,3.7038,51,0.293426,0.870965,0.994112,504.943,91.6933,91.8412,67.5508,1.93882,68.0731,61.1915,16.6756,31.4781,5.54449,47,0.298113,0.984993,1.59385,321.2,69.2401,83.2718,29.9725,2.1796,57.0258,50.8464,16.1749,23.4006,4.36612,48,0.234804,0.860636,0.8309,467.415,108.488,121.979,26.748,1.386,73.1802,62.4146,20.0314,26.0042,4.26676,53,0.268387,0.97181,1.22056,889.128,160.367,199.55,49.758,1.93979,105.203,76.8912,29.3157,32.0865,4.55418,54,0.235225,0.916219,1.84253,357.931,105.377,102.411,29.8707,0.851458,61.2068,52.994,16.4369,22.7069,2.99203,48,0.254675,0.771898,1.04034,385.644,87.5013,84.7025,28.2303,1.43961,57.7474,54.7136,15.7653,21.2259,3.62521,44,0.31445,0.944327,1.38766,306.44,81.4203,98.8018,27.9362,1.77351,52.8495,51.8666,16.7795,20.7402,4.0176,41,0.219022,0.82781,0.985983,396.524,91.7198,83.8965,26.3819,1.20949,64.3009,54.7437,17.4877,19.6503,4.1658,51,0.32287,0.876831,1.26396,296.713,91.2842,78.819,31.5737,1.78568,51.5869,55.7452,14.1906,18.6228,3.31947,53,0.208285,0.797974,0.906928,479.83,113.581,93.0543,31.5923,1.92545,76.7104,63.5886,20.1268,22.1227,5.07624,55,0.284205,0.878381,1.20614,397.084,133.292,107.552,28.1826,1.79138,65.7694,63.1943,18.4338,20.6832,4.33708,44,0.297071,0.920689,1.36758,2400.05,179.86,520.831,281.246,29.111,103.538,32.3441,39.8818,61.8361,24.9968,2,0.110336,0.548338,0.0994568,,,,,,,,,,,,,,,,,,,,,,,,,,,,,,,,,,,,,,,,,,,,,,,,,,,,,,,,,,,,,,,,,,,,,,
decoupled_wbc_h066_p000,1848,complete,90,18,16.2181,3.2933,0.293969,0.142794,354.353,75.0166,64.0543,20.9688,2.1068,56.461,49.4136,14.0034,22.929,3.68546,52,0.237014,0.784895,1.06899,262.668,88.0563,87.6562,37.6215,1.69574,47.1823,50.4825,14.1664,23.7743,3.69207,54,0.159844,0.778642,0.641192,450.285,112.721,102.48,50.9903,1.74512,66.5899,57.8796,18.1516,24.2264,3.41246,43,0.258859,0.965595,1.43594,507.421,118.224,117.013,41.9911,1.71771,68.6703,60.0417,18.6824,25.5859,3.2995,40,0.324025,0.952984,1.40059,363.916,88.9241,91.1241,42.488,2.3858,60.735,55.0973,15.7993,24.5963,3.10959,44,0.259954,0.940037,1.29539,382.662,126.496,121.743,42.1979,2.26993,64.9868,64.4049,18.723,26.8131,3.92138,49,0.253097,0.807483,1.05813,499.542,110.642,100.556,38.4973,2.06122,78.6592,62.891,20.3446,30.8314,5.32243,58,0.314089,0.837848,1.12263,442.39,91.4875,109.902,30.26,2.33373,65.8639,53.1919,19.2768,26.2962,4.76873,53,0.296266,0.912679,0.841776,383.829,81.8734,87.0965,35.0647,0.96261,59.167,44.815,15.6776,23.4285,3.21389,46,0.301697,0.926468,0.76673,533.734,86.5809,169.1,235.568,25.7889,76.9419,53.9959,25.8019,55.6875,15.8517,40,0.358213,1.12591,1.09323,669.555,189.119,130.689,105.257,2.39606,81.6421,75.0488,20.1643,38.3077,6.37531,43,0.326092,1.01823,1.85423,386.69,99.6965,93.7458,35.9167,1.2252,58.5303,50.6418,15.9335,26.4038,4.80531,51,0.26561,0.835053,0.791992,504.268,120.063,90.2668,42.0263,1.69583,67.8487,58.8174,16.888,30.9189,5.85052,38,0.272711,0.979019,1.89717,745.809,132.591,113.886,59.2441,2.64715,82.9541,58.1326,21.8601,45.3835,7.30813,42,0.278398,1.23319,1.47623,648.165,198.997,124.765,61.1667,2.29382,87.6033,71.8846,22.2192,49.3146,6.89601,44,0.317362,1.06924,1.71875,386.529,77.2979,78.8621,34.7021,2.47447,62.1737,49.5549,15.5731,30.1723,4.99727,34,0.356186,1.16728,1.5624,508.101,107.151,97.3418,118.522,12.675,73.6748,60.1357,18.1034,35.4834,9.91832,38,0.353147,1.07362,2.26277,589.653,130.553,126.283,32.2429,2.95314,76.8925,71.6929,20.5918,29.3863,6.20287,49,0.272581,1.00584,1.81073
decoupled_wbc_h066_p000,1849,complete,90,18,31.2323,3.71949,0.238819,0.261894,489.753,97.8307,76.2908,23.2257,1.79778,76.8432,62.4544,18.6881,27.0809,4.20617,56,0.287517,0.828451,1.06776,482.144,98.8652,83.8651,36.5845,1.2013,70.3288,65.6586,16.5233,24.5072,3.15161,50,0.320628,0.821198,1.16459,414.024,73.8881,70.0534,31.667,1.41437,58.704,54.4967,14.3651,19.0612,2.81117,42,0.341888,0.891833,1.38851,389.276,76.6332,67.0048,26.6946,3.65222,58.6543,52.0157,14.7842,23.6189,3.03367,40,0.280778,0.889776,1.24636,399.003,85.8925,99.4261,25.1696,2.64469,61.2197,52.772,16.5119,24.8409,4.13805,45,0.340653,1.01896,1.27355,586.525,149.163,121.091,30.6459,2.98568,70.004,59.6261,19.3538,24.2931,5.47345,45,0.259966,0.903454,1.44709,417.534,86.8917,69.9597,36.7918,2.3888,61.5209,58.1288,14.7259,20.4452,5.45416,41,0.355696,1.05188,1.71749,462.229,106.016,140.372,47.4548,2.76417,74.9924,60.9774,21.1418,30.7701,6.11943,40,0.372816,0.994693,1.4427,398.114,78.5957,97.134,75.5358,2.0268,67.5133,51.8607,18.5248,21.9139,4.59432,45,0.309746,0.961777,1.36528,520.615,106.447,71.4608,34.9255,2.57812,66.4835,62.7372,15.9871,20.8705,5.04984,39,0.400168,1.07085,2.41269,631.753,151.137,214.128,39.8819,2.22145,84.1806,58.9671,26.9674,33.9432,8.60711,50,0.326674,1.12008,1.38366,612.863,104.243,99.1697,33.2868,2.6692,82.8699,60.4674,20.7502,25.5911,6.16907,47,0.363475,0.960007,1.3787,1395.8,181.38,167.544,41.6156,1.98266,117.06,74.2668,32.5558,33.3471,6.88353,38,0.299337,1.26278,3.01922,455.501,103.943,90.8563,30.0782,2.28022,68.0018,55.2378,19.3861,25.3873,4.55544,49,0.335184,0.946898,0.988839,549.738,95.3896,104.885,29.0942,1.35006,81.4964,63.057,21.9132,25.0635,4.44888,41,0.406043,1.05093,1.97848,610.659,104.536,154.062,36.1429,1.12202,82.4068,61.1194,24.7121,30.1418,5.23652,55,0.293666,0.969382,0.989318,514.432,109.548,124.48,34.094,2.01441,70.1144,63.4644,21.1314,28.8646,4.50917,49,0.249463,1.10764,1.54714,518.657,118.123,119.284,52.3881,2.19482,72.4393,64.0962,18.5021,28.7414,4.29059,51,0.276361,0.95089,1.46273
decoupled_wbc_h066_p000,1850,fell,75.66,16,27.2288,6.00583,1.98203,2.11446,536.228,107.779,105.307,20.745,1.50418,80.3535,64.0636,20.4432,32.9196,4.79628,50,0.277474,0.874472,1.27246,354.923,80.1346,85.6394,29.4651,1.37634,55.1003,46.972,15.6378,25.6784,3.93261,45,0.277944,0.892322,1.07338,363.962,84.6387,69.3701,80.6757,2.66469,60.1324,52.4981,15.5224,25.7079,5.12855,45,0.320319,0.876438,1.03981,455.248,102.671,81.5858,33.0351,1.9794,71.4655,65.7355,18.0308,26.9533,2.95055,51,0.289303,0.845669,1.22444,392.773,116.502,107.479,39.9142,2.22979,65.1943,62.8718,17.7817,24.9287,3.47355,47,0.280764,0.868425,1.16689,442.448,133.757,105.143,57.1998,1.88454,72.3154,68.3677,18.71,28.4641,4.50986,54,0.228348,0.828277,1.06823,454.19,88.4929,130.283,149.546,4.35329,65.1456,56.2789,20.5872,30.4763,6.89389,50,0.225933,0.832131,1.09956,480.331,158.792,133.487,42.9283,1.8472,80.5819,81.4339,22.2267,30.7817,7.19738,53,0.259034,0.874909,1.48127,352.636,80.7108,76.8701,29.0423,2.24309,57.8261,51.6634,15.6644,18.4757,5.58641,45,0.259223,0.792037,1.0607,792.718,318.586,155.909,56.1658,1.81476,96.1028,89.3284,24.24,29.9638,6.62511,36,0.44699,1.09359,2.65191,420.747,90.434,97.6381,39.7714,1.90785,56.5458,49.577,16.1271,23.3385,4.3034,42,0.190746,0.742714,1.18623,371.529,71.067,86.1719,22.1826,2.86426,60.5918,50.4498,18.1635,23.0083,6.04332,43,0.294944,0.944463,1.14491,435.667,102.889,120.284,34.3226,2.00579,70.0574,65.7305,19.564,23.6314,5.0208,54,0.31048,0.798096,1.25425,651.924,118.274,205.633,204.263,19.2908,81.7428,67.532,25.7797,42.0524,12.9866,41,0.348267,1.30275,2.30055,656.632,107.978,117.988,195.662,4.29737,87.9922,68.4836,22.6346,33.418,7.24234,41,0.365664,1.02718,1.98019,1962.8,203.222,298.128,68.2032,25.9089,75.6459,32.7845,25.8841,19.7853,22.9195,3,0.311412,0.843101,0.956991,,,,,,,,,,,,,,,,,,,,,,,,,,,,
decoupled_wbc_h066_p000,1851,complete,90,18,19.8812,3.70409,0.271811,0.143302,382.821,95.6708,84.0499,26.2287,2.43789,62.5325,57.1634,17.0701,25.6011,3.59653,42,0.33073,1.02928,1.39893,412.026,93.9624,90.5329,24.8691,2.62291,68.6987,60.4157,16.4957,21.5471,3.15202,48,0.273577,0.889084,1.05641,468.643,101.716,98.0715,22.5573,2.29753,75.1925,62.7906,18.6985,24.6689,4.84233,51,0.282369,0.960597,1.26183,511.695,83.2467,130.229,40.1409,2.28214,70.8356,49.8233,21.4192,30.5803,6.72689,45,0.32887,1.06751,1.15535,493.967,95.6648,125.295,28.2642,1.8384,69.7967,52.0547,20.7603,28.6283,5.05233,42,0.351965,1.17825,1.44243,376.73,74.6317,105.203,24.7071,1.76503,61.9114,51.8256,19.1378,25.0485,4.27074,46,0.292324,0.987313,1.17485,445.69,89.8195,95.3739,138.25,25.1931,62.619,52.382,18.4497,32.5331,14.0832,39,0.352601,1.0993,1.62542,351.902,70.6734,85.071,22.8421,1.52269,54.0425,47.2268,16.8928,24.978,3.60775,46,0.270759,0.916019,0.946068,381.712,70.4596,60.6345,19.3565,1.25422,62.6119,50.2218,15.8911,21.848,2.60048,52,0.307328,0.833667,0.886203,417.988,107.499,59.7999,101.402,3.52687,58.2377,56.6272,14.5762,29.0367,6.06898,38,0.401585,1.10008,1.93191,944.591,132.799,151.401,218.879,19.4742,95.6029,67.1197,27.4482,53.1807,15.1103,28,0.352648,1.5076,3.35,253.746,57.9675,80.8235,16.3398,2.41047,47.5532,42.7782,15.7259,21.5202,3.09487,49,0.240028,0.853125,0.850674,372.381,82.0302,64.8657,13.3296,2.29192,58.9948,52.3615,15.2082,19.7295,3.95373,39,0.324989,0.981368,1.74472,378.6,79.8441,94.0884,17.7676,2.08091,60.5622,51.6004,18.3777,21.1029,4.69552,54,0.254408,0.863751,0.989876,550.25,117.332,100.884,41.7346,2.5295,78.1785,64.9479,20.4385,29.7181,6.60502,51,0.336495,0.936009,1.54296,968.091,178.396,143.134,24.3931,1.41682,99.7533,76.191,27.726,34.9699,5.46577,40,0.326572,1.29183,2.65473,335.757,80.5629,68.4386,19.7898,2.30855,55.5252,51.7616,14.9839,22.0695,3.40066,39,0.310946,0.927166,1.2723,498.715,106.017,116.29,99.3815,9.46151,75.8358,60.4023,22.0607,39.3026,9.18056,53,0.287563,0.993555,1.35916
decoupled_wbc_h066_p000,1852,complete,90,18,15.6898,2.92354,0.146119,0.21088,394.619,83.9781,84.7833,34.0653,1.9065,61.7167,50.7295,16.1661,29.1724,3.94045,49,0.239139,0.920993,1.12357,402.276,91.9781,96.5477,30.7626,2.61461,67.0356,57.6644,17.2125,30.7605,4.63797,46,0.263461,0.919534,1.18908,335.441,118.726,92.3355,86.9692,4.14127,50.8708,56.3879,15.895,29.3746,4.18415,30,0.229006,0.841266,1.27891,402.84,104.077,94.6982,52.7856,2.33493,63.304,58.8566,16.6554,28.021,3.83466,54,0.258933,0.83422,1.2383,407.266,67.2872,66.8632,51.3822,1.90269,57.9139,50.9179,14.0899,21.4108,3.14374,46,0.293692,0.786663,0.956383,458.467,108.602,110.662,23.9956,1.2702,72.2612,64.7349,20.6375,26.6565,3.87746,51,0.278868,1.01497,1.20987,537.807,82.859,95.3853,28.1466,1.75351,62.4139,49.5682,18.309,24.3316,3.89499,44,0.305946,1.05495,1.13586,621.288,129.909,139.079,30.4836,1.96611,86.8971,71.8554,23.2166,31.4962,5.37975,51,0.332095,0.933769,1.33426,573.755,112.755,113.153,153.664,3.32333,73.6938,60.422,19.4265,41.4502,7.16488,37,0.364022,1.14988,1.9414,654.497,159.085,175.263,100.83,8.14449,88.3255,69.7915,26.726,42.6034,11.4412,46,0.245704,0.968905,1.51987,587.857,121.296,98.4863,17.387,1.42834,71.6159,64.7324,19.7159,23.2671,6.03275,39,0.352599,1.09287,2.18963,622.819,130.621,122.755,24.4111,0.785587,83.3137,67.7494,23.5432,23.2758,5.61605,46,0.32346,1.26845,1.95979,481.11,97.4093,121.583,30.6097,1.77791,68.8072,55.8536,20.025,21.1962,4.78152,48,0.318467,0.947258,1.15326,366.006,84.0996,112.719,33.2628,2.02029,62.2377,53.4394,17.7171,22.3788,3.96814,48,0.291578,0.930591,1.00279,617.889,130.85,107.777,35.5193,1.66085,91.2989,74.5579,22.8788,29.4655,4.26537,47,0.381724,0.979715,1.50815,694.749,132.11,145.678,37.001,1.28811,88.5064,62.1283,23.9691,37.5177,4.59332,32,0.332183,1.0805,2.53778,441.598,118.742,139.534,160.068,2.91582,71.1958,65.4818,21.0636,41.2622,6.14133,50,0.274653,0.8577,1.11986,465.813,87.9855,94.5183,44.522,1.59637,64.6107,52.2018,18.2146,32.6271,4.37898,46,0.299053,0.968011,1.25212
decoupled_wbc_h066_p000,1853,fell,65.72,14,19.8893,14.1706,0.609952,2.24699,430.531,99.3222,111.723,20.8667,2.39525,66.8724,58.6128,18.4374,30.7938,5.78756,44,0.294738,0.90003,1.42112,418.729,86.7116,106.743,26.3679,1.92471,68.0058,55.6957,18.3094,28.3138,5.4055,52,0.281576,0.858524,1.16616,539.688,119.645,120.78,26.515,2.38856,79.7497,68.5338,20.7304,33.3602,6.92657,53,0.320946,0.999491,1.58986,544.822,107.585,109.506,74.8323,2.49376,75.7489,56.7114,19.7804,36.9887,5.63637,47,0.331648,1.00181,1.15674,480.278,113.498,95.503,42.5267,2.33431,66.9902,63.957,17.4243,28.642,3.77377,45,0.396224,0.95525,1.42533,817.115,161.955,147.16,60.561,2.00259,104.846,85.8932,26.6524,45.5946,5.32042,44,0.37919,1.13889,2.13873,345.052,94.3601,85.5998,38.0304,2.11341,59.5772,51.2583,16.9655,23.8631,3.75399,50,0.277222,0.908955,0.839335,738.217,176.599,131.662,30.9295,1.89081,101.014,81.7375,25.1938,30.6643,5.38314,49,0.32495,1.02801,1.89947,520.915,97.8178,112.29,46.0623,1.80221,79.8623,55.4992,20.7327,32.5535,4.70698,42,0.305229,1.0547,1.37826,461.195,126.335,139.549,76.8386,2.48917,68.2738,63.1703,19.9565,37.4607,6.38998,53,0.209549,0.827811,0.982892,460.073,114.297,92.976,33.5442,1.88019,66.27,62.2647,17.1161,31.5191,3.88973,48,0.292956,0.889596,1.54579,449.345,159.448,124.268,115.23,3.66101,70.7428,75.1619,21.4731,44.1524,6.70035,60,0.196754,0.799166,0.856961,1494.12,195.284,246.863,55.555,2.58207,112.848,80.055,34.5399,46.9235,7.25841,48,0.269583,0.982639,3.2166,886.137,91.3073,111.548,145.668,15.3532,43.8057,21.4896,16.3794,32.1844,8.9284,4,0.155102,1.25887,7.36703,,,,,,,,,,,,,,,,,,,,,,,,,,,,,,,,,,,,,,,,,,,,,,,,,,,,,,,,
decoupled_wbc_h066_p000,1854,fell,77.16,16,45.7681,10.5038,1.38679,3.24677,351.698,84.564,90.0389,22.662,1.69515,59.6236,51.9948,16.0118,22.7908,3.53959,45,0.260527,0.921484,1.32232,386.497,84.5009,91.5672,31.7704,1.50061,60.5492,53.2755,17.0632,22.6726,4.55506,43,0.301234,0.916238,1.51378,555.435,121.228,107.195,37.3719,2.18188,81.989,72.1849,21.53,32.2868,6.10764,57,0.246818,0.803157,1.20036,563.579,110.27,102.386,63.3033,3.13292,85.1184,71.0229,22.307,30.8525,7.04176,60,0.313955,0.868637,1.18091,471.126,99.2734,124.524,32.8962,1.51071,71.9739,61.0835,21.4317,30.4382,4.44968,43,0.31746,1.16782,1.42327,322.965,68.3658,96.778,36.0551,3.30957,55.4673,45.4488,15.4019,32.2189,5.77936,45,0.268499,0.910883,0.893169,505.875,91.8521,142.481,58.1222,2.32907,70.011,46.5564,20.8544,38.1328,5.10126,52,0.341017,1.01632,0.889965,458.425,99.0551,91.2372,39.5135,2.17183,64.9338,60.6199,15.7445,32.8612,3.09082,37,0.355903,1.08118,1.90612,408.425,100.083,76.2422,31.9435,1.44489,65.4289,55.9796,16.4181,29.2893,3.10975,47,0.293328,0.849752,1.0483,626.025,160.239,131.154,33.4244,3.01752,81.7719,70.967,23.4581,30.3634,4.78508,44,0.317643,1.05994,1.58955,504.059,108.374,104.406,38.5819,2.2289,68.7694,61.8077,18.47,26.5291,5.06528,45,0.321771,0.98552,1.6801,875.771,219.359,225.244,51.2492,1.92547,95.0066,74.8929,29.9689,37.7507,5.24762,40,0.346839,1.05118,2.95148,455.55,84.7731,95.2595,33.0834,1.76307,64.0272,52.3784,20.0382,25.2382,3.46146,38,0.318999,1.13225,1.34729,615.32,132.073,115.712,33.6212,1.68122,80.6149,66.4724,20.49,25.4369,5.09406,44,0.357282,1.07969,1.89689,808.097,150.248,155.166,41.3068,2.32396,97.1575,71.8219,25.835,32.6446,4.71334,32,0.303285,1.47958,3.1883,3475.61,654.537,607.326,88.7191,9.11597,165.732,111.759,52.9485,67.9299,13.2734,7,0.557977,2.53598,22.4541,,,,,,,,,,,,,,,,,,,,,,,,,,,,
decoupled_wbc_h066_p000,1855,complete,90,18,20.3416,3.23428,0.432903,0.284714,401.82,67.7581,88.8979,52.9767,2.03012,63.9223,49.2266,17.2765,25.6342,4.31176,44,0.313365,1.03306,1.18567,484.057,107.989,104.034,34.5456,2.35122,74.7364,60.9028,21.2146,29.5864,5.55494,52,0.346736,1.01962,1.39271,454.14,97.1842,98,69.5345,2.87898,67.939,61.2846,18.8697,28.9485,6.81954,43,0.26671,0.868753,1.37821,513.364,98.3817,105.083,29.2329,1.17892,70.6953,59.3215,19.3142,26.5026,5.49843,38,0.378058,1.25853,2.15449,443.028,86.2113,115.075,94.0659,4.92378,63.32,55.0421,19.2885,35.3426,7.47612,48,0.264105,0.928038,1.0491,660.205,155.352,172.67,191.022,5.34067,86.0991,66.7443,27.0663,39.4469,9.7654,41,0.327689,1.13985,1.78309,394.499,93.7391,86.6638,24.2142,1.89457,65.9172,60.5907,17.0621,21.7653,4.02346,45,0.293963,1.00155,1.35831,858.1,181.904,159.943,67.3967,1.50712,99.0927,84.2105,29.5045,46.8542,4.73043,46,0.312645,1.34838,2.55434,383.562,100.979,85.0481,36.0309,1.70536,60.8494,57.4706,15.5836,23.8371,2.77593,44,0.236414,0.883219,1.31215,414.966,106.506,100.24,32.9304,1.97218,68.1391,54.224,19.7164,30.2202,3.66076,52,0.283702,0.872652,0.790194,569.493,128.568,107.061,70.2438,2.24778,79.4366,64.3336,20.4953,35.4567,4.73865,43,0.326529,1.09878,1.46265,458.543,120.722,122.238,28.9271,1.92887,72.7488,71.2837,21.676,32.204,4.54678,53,0.306242,0.911759,1.37371,362.863,84.6843,81.9139,28.0717,1.37262,58.2848,52.3424,16.7058,26.3021,3.05172,42,0.291893,0.869789,1.19849,459.185,104.24,107.312,32.262,2.21264,71.3974,67.9566,19.6648,28.7335,3.20775,56,0.338871,0.861738,1.1712,735.155,132.363,190.973,246.048,12.355,92.2635,74.5133,26.826,54.1733,12.6122,34,0.393294,1.24668,2.63424,471.431,103.143,99.0018,30.8488,2.41152,71.0825,62.6852,21.6807,29.0496,4.75653,54,0.303481,0.849135,0.997313,542.276,114.975,98.114,30.0377,1.81618,78.523,60.0489,21.3721,29.1864,5.22882,56,0.270052,0.882009,1.08544,411.339,81.3127,89.891,31.283,2.34502,64.6653,52.8874,17.9169,27.7514,4.54846,46,0.263439,0.932664,1.00299
decoupled_wbc_h066_p000,1856,complete,90,18,16.7827,2.51056,0.220765,0.183496,422.598,83.5736,105.672,24.0636,2.75143,70.0948,52.8763,20.1319,29.9316,4.233,47,0.244871,0.93008,1.02168,441.688,107.829,111.703,32.9372,1.93129,66.9195,58.7677,20.0163,25.5452,4.62389,49,0.243497,0.843056,1.18706,476.737,94.8673,107.353,31.6767,2.06843,69.78,54.792,22.3304,25.2926,5.0402,48,0.277141,1.01882,1.05297,538.797,110.139,110.74,63.9589,2.77487,79.6413,64.8962,20.0481,27.8784,4.74401,45,0.290594,0.884168,1.48066,340.285,52.4851,60.1942,22.289,2.11621,53.8249,40.6179,13.6919,17.6051,2.74549,38,0.288822,1.01865,1.19609,410.412,104.903,93.0652,25.5186,1.60767,66.0434,58.3848,16.6034,23.9767,3.12625,47,0.227907,0.884478,1.40793,761.485,209.706,128.892,36.8829,1.95308,90.2081,79.4956,23.8964,28.8658,4.36443,51,0.256976,0.892926,1.72089,401.505,92.7775,96.0138,32.3748,2.42005,68.8935,56.9869,18.9415,24.254,4.03976,47,0.310676,1.01486,1.14315,461.385,111.79,102.986,29.5299,2.2493,69.3472,64.2762,18.557,22.4491,4.48581,51,0.303583,0.967867,1.2514,356.583,76.3765,94.2324,31.4164,2.36683,56.1777,50.6187,16.425,22.0653,4.45158,45,0.258412,0.888325,1.37391,608.737,117.223,104.564,31.9521,1.79903,81.8769,67.5073,22.5391,25.5024,4.77619,41,0.353865,0.970325,1.73247,510.08,106.088,121.811,28.9459,1.85402,74.3817,56.4703,20.9743,23.0812,4.71338,45,0.366406,1.21555,1.50235,828.893,209.973,223.437,153.725,24.1285,105.644,86.1122,33.14,52.4267,23.249,33,0.432579,1.24782,3.12792,511.885,122.756,97.0598,25.2325,1.86312,77.5671,68.5399,19.9165,29.2883,7.28373,53,0.308456,0.902826,1.28379,565.893,121.885,127.744,217.846,34.2937,84.9226,63.4209,24.4523,68.2313,22.5652,38,0.36652,1.2899,1.80734,425.672,90.6757,127.171,31.6046,2.2169,65.9202,49.8584,18.7997,24.7728,4.75138,47,0.277529,0.874245,0.949808,712.227,188.467,108.255,30.7669,1.92777,82.5809,64.4813,20.2286,27.6749,5.69973,31,0.337964,1.15204,2.72951,398.591,103.319,93.6747,28.5908,1.66376,61.7769,60.4138,17.1278,21.4181,4.18438,54,0.231609,0.78155,1.08738
decoupled_wbc_h066_p000,1857,fell,80.78,17,37.2279,9.67772,0.951595,1.88531,509.934,107.082,122.123,60.2495,2.23725,75.3082,62.2851,21.8903,35.5849,4.84563,57,0.258715,0.929176,1.19759,365.042,92.6401,56.4549,21.8257,1.81318,54.7979,56.3069,13.0952,17.9516,2.73383,39,0.391643,1.10785,2.11276,308.641,66.0515,73.1169,23.3738,2.38929,51.5673,48.4783,14.4863,18.144,3.91461,45,0.287072,0.912635,1.22256,635.357,130.357,121.736,27.8602,2.12713,82.7468,68.6097,22.7175,26.0987,5.83126,45,0.339743,1.10953,1.84397,479.522,79.8952,88.8135,18.685,2.17196,65.8265,51.7415,18.9551,21.25,5.9,41,0.296348,1.10358,1.40511,645.517,132.154,123.917,25.9553,1.59,84.7897,68.5238,23.554,28.4868,9.08593,38,0.354975,1.25724,2.43205,393.755,79.6814,134.424,29.3876,1.76781,67.2578,53.7703,20.7339,25.1574,5.79635,51,0.293282,0.892619,0.964832,452.236,101.54,107.442,29.2209,2.0304,69.0208,60.7203,18.51,27.2182,3.80232,47,0.290781,0.86501,1.26725,354.996,60.5518,73.3375,22.2569,2.91804,58.8647,48.5752,15.2528,23.3132,3.32966,46,0.307594,0.918788,1.05718,409.626,87.3776,105.455,29.4197,1.55111,65.0457,55.4237,19.3867,31.2505,4.27605,48,0.276188,0.954084,1.23991,657.438,163.183,134.339,35.1304,2.47346,81.9805,69.6855,23.7822,35.0698,5.22716,36,0.39841,1.13923,2.2598,497.734,97.7979,150.621,235.579,8.57613,72.4289,56.6529,23.2732,58.3162,10.1013,41,0.323756,1.11802,1.73773,598.97,207.859,135.168,39.9013,1.44547,83.1126,78.2842,22.179,32.1853,5.86847,52,0.266482,0.921921,1.31908,534.872,115.78,93.7454,48.7823,1.67974,76.7231,62.2758,19.9251,29.066,5.3457,40,0.301722,0.990383,1.81853,739.624,349.939,194.756,64.7262,1.93517,89.8998,88.5308,26.7865,36.1063,4.79745,39,0.304294,1.01135,1.96344,1141.57,198.474,174.732,180.652,11.1431,114.404,81.0354,31.9523,63.7362,15.5963,33,0.340456,1.536,3.57105,2907.48,270.875,491.601,169.442,2.20507,112.778,48.3639,29.3592,36.644,7.05134,2,0.281845,0.789211,0.571472,,,,,,,,,,,,,,
decoupled_wbc_h066_p000,1858,complete,90,18,20.0176,3.24346,0.225498,0.144225,477.374,115.561,121.612,30.5708,2.76333,72.3199,68.5051,21.069,33.6249,4.98224,52,0.264363,0.869133,1.26955,455.362,94.8314,74.2917,35.705,2.1865,69.0134,58.6203,16.5412,29.4876,5.49484,52,0.303529,0.896191,1.12196,426.118,91.3311,105.67,42.0713,2.55096,63.7854,55.4348,18.5572,32.4537,6.07559,51,0.289735,0.948674,0.904895,347.469,85.9445,77.4851,34.0931,1.56392,61.3696,51.5821,15.4389,28.9981,3.93296,49,0.290683,0.784685,0.94356,312.608,86.463,86.9388,35.486,2.64407,51.7814,54.1549,15.9767,29.0518,4.9229,58,0.188164,0.697369,0.677315,516.059,100.442,82.247,29.2637,1.91132,77.4077,58.7643,17.5587,27.6182,5.69119,47,0.338854,1.06152,1.50411,428.656,92.7072,95.4442,27.0061,2.05866,63.2289,48.937,17.1031,22.9513,5.28607,48,0.261743,0.933121,0.958954,366.148,115.06,87.3281,34.9469,2.07088,60.5405,52.3163,16.6664,30.145,5.26762,47,0.307537,0.866702,0.963261,502.222,115.371,77.9268,41.8686,1.51613,67.6877,64.1395,16.0845,33.7683,3.965,40,0.304566,0.819687,1.42963,344.874,86.344,87.2512,53.0092,1.51046,53.1731,45.9298,15.3842,34.1163,4.17646,43,0.233937,0.798448,0.732917,717.188,155.748,112.777,82.4613,1.94005,87.1681,74.2725,22.2208,37.7138,4.00958,41,0.373438,1.22653,2.27958,389.755,113.291,96.4995,40.9348,1.51131,58.6402,64.0445,16.3226,25.7337,3.26848,63,0.235197,0.753198,1.02734,521.588,140.117,118.076,67.1437,2.23761,74.613,66.4261,19.4519,30.4003,4.34677,49,0.265784,0.930938,1.23547,436.652,122.88,97.6545,39.3358,1.71105,63.1981,63.8304,17.0242,26.8628,3.56664,44,0.264499,0.9206,1.55702,757.032,169.303,223.385,181.844,20.4673,100.003,70.055,30.9437,58.3573,15.1407,41,0.33032,0.976911,1.58558,298.148,70.941,89.0094,49.481,2.18416,47.7109,45.9517,14.7974,23.5596,3.50045,47,0.221064,0.811959,0.775041,603.697,127.676,148.607,142.452,9.81523,82.6137,67.5219,22.6587,45.4779,10.2825,45,0.343103,1.00921,1.48285,746.84,172.7,211.079,190.239,14.6272,99.4567,82.2222,29.1193,56.8832,13.7552,48,0.270711,0.995587,1.6979
decoupled_wbc_h066_p000,1859,fell,46.9,10,23.4508,11.7638,0.315377,0.529627,395.299,99.9774,107.646,40.4209,1.92068,67.2082,56.2142,18.1658,31.2773,4.50376,48,0.307297,0.981213,1.237,408.174,73.5462,61.6129,29.582,1.94128,61.9484,46.973,14.2279,21.8905,3.37416,42,0.304177,0.911669,1.19463,329.327,78.7261,94.5079,37.0163,2.26753,53.7376,50.6102,15.7456,29.669,4.86275,45,0.259641,0.83148,0.958305,461.175,108.842,95.0118,38.1027,2.52211,65.5412,62.8726,16.6487,29.7744,5.75227,54,0.27731,0.815303,1.22671,343.544,84.7696,86.2654,35.9316,1.9238,57.339,48.82,16.5453,28.2264,5.99244,43,0.272928,0.913652,1.00601,419.179,83.3141,79.8032,50.955,1.7958,66.3932,52.4272,16.4957,28.1358,5.81828,50,0.325082,0.916279,1.15933,410.446,93.1018,79.7096,40.5791,1.62205,60.3618,58.1052,14.954,28.3549,4.4002,39,0.309115,0.861355,1.31889,330.255,82.2279,89.5602,43.3701,1.68252,58.856,52.761,15.6445,29.8734,3.80934,52,0.25016,0.850164,0.875555,393.989,99.5762,96.5629,41.1542,1.56986,62.958,53.5335,17.4424,28.8305,3.53388,53,0.221262,0.840627,0.834032,6765.52,962.94,979.443,355.206,24.218,327.25,137.123,90.6467,111.125,34.7228,1,0.266121,0.555006,0.139954,,,,,,,,,,,,,,,,,,,,,,,,,,,,,,,,,,,,,,,,,,,,,,,,,,,,,,,,,,,,,,,,,,,,,,,,,,,,,,,,,,,,,,,,,,,,,,,,,,,,,,,,,,,,,,,,
decoupled_wbc_h066_p000,1860,fell,40.88,9,29.3991,16.0094,1.48869,2.80014,389.028,71.7464,63.0975,32.6449,1.58907,66.2806,49.5248,15.7817,25.623,3.43015,38,0.39197,1.17257,1.37491,330.885,69.6023,90.3813,20.8477,1.64171,58.488,50.8304,16.6121,28.4867,3.80319,43,0.294298,1.01589,1.314,454.242,97.6493,81.3103,31.4435,1.54421,70.7165,64.7783,17.6688,29.6618,3.36063,48,0.322128,0.949752,1.43834,428.497,87.605,111.049,37.9309,1.96822,65.4957,48.0161,18.4119,26.2069,3.54637,46,0.344872,0.992226,1.03183,441.174,77.1754,63.0146,28.7684,1.86467,70.6309,57.0392,17.719,22.5334,3.45365,60,0.298105,0.759912,0.902203,487.393,97.1187,147.148,38.8779,2.77085,69.779,57.4065,22.2899,30.2012,5.61666,42,0.331469,0.973196,1.15117,358.385,66.4504,59.8261,30.8203,1.63257,61.0266,48.8393,15.9028,22.9988,3.9854,58,0.270755,0.779235,0.910796,311.493,69.684,74.5765,28.5761,1.88977,57.2373,48.7359,16.4067,25.3407,3.73522,53,0.229975,0.789626,0.72858,1031.62,103.538,118.076,199.123,7.94476,50.1279,24.8356,18.1844,36.109,10.2714,3,0.242892,1.74164,14.4411,,,,,,,,,,,,,,,,,,,,,,,,,,,,,,,,,,,,,,,,,,,,,,,,,,,,,,,,,,,,,,,,,,,,,,,,,,,,,,,,,,,,,,,,,,,,,,,,,,,,,,,,,,,,,,,,,,,,,,,,,,,,,,
decoupled_wbc_h066_p000,1861,fell,55.98,12,26.6002,7.87132,1.89221,3.18406,399.848,74.0908,85.2801,26.5608,1.02755,65.2999,49.5766,16.6553,26.3974,3.54324,40,0.322077,1.00182,1.04772,483.064,113.871,111.43,61.9312,1.72228,74.4529,64.2474,20.1844,35.5965,4.57212,52,0.301699,0.893639,1.26817,311.929,81.4323,87.3399,39.6962,1.47076,54.4763,50.2448,15.4031,26.515,3.79326,46,0.255585,0.828931,0.835845,439.966,148.751,114.808,41.5635,1.57979,73.5755,69.8256,19.6268,28.9718,3.61047,50,0.221695,0.887247,1.07088,343.628,99.2927,99.4084,31.7451,1.47927,60.2831,56.1536,17.1357,20.3606,3.53772,58,0.187648,0.742858,0.851978,315.834,73.164,68.9428,33.0016,1.35605,53.084,45.969,14.0478,17.2397,2.98721,51,0.265888,0.769367,0.812337,604.023,143.595,97.2155,140.688,14.6333,80.7481,81.3198,20.0673,37.2066,8.92768,40,0.365698,1.11582,2.33185,644.321,242.813,138.494,53.6431,2.00653,87.1273,72.8443,22.2334,26.4432,4.31518,35,0.496417,1.0595,2.16524,387.008,80.7515,75.9011,33.0092,1.86829,59.4184,56.7022,15.9095,19.7879,4.5109,53,0.292995,0.844447,0.958697,472.532,102.804,111.603,34.7481,2.02442,72.1579,58.7197,20.213,24.8128,5.17341,47,0.333087,0.937118,1.22153,439.358,103.949,98.8073,32.4188,1.8954,72.4301,59.7233,19.2537,23.1137,4.94191,50,0.305818,0.90029,1.09163,1495.76,332.301,416.478,258.905,23.348,106.177,52.6195,37.7195,55.6598,16.5467,2,0.461372,0.722143,0.774994,,,,,,,,,,,,,,,,,,,,,,,,,,,,,,,,,,,,,,,,,,,,,,,,,,,,,,,,,,,,,,,,,,,,,,,,,,,,,,,,,,,,
decoupled_wbc_h066_p000,1862,complete,90,18,22.6636,3.56355,0.225136,0.167236,474.641,103.043,116.758,27.1185,1.88197,79.1261,61.1968,20.7403,30.1566,5.15191,50,0.340368,1.08678,1.4244,454.255,98.1222,131.873,28.5961,1.36634,66.5879,60.7104,21.4938,26.1227,5.21902,44,0.303648,1.10546,1.71764,502.767,97.117,129.949,28.6781,2.28187,71.6133,53.8833,21.1151,23.8389,4.0089,39,0.379629,1.09707,1.7577,503.966,100.667,125.769,25.5923,1.56453,72.0171,56.4899,20.6697,27.281,3.58364,44,0.241552,0.899162,1.34566,472.495,99.0468,98.6497,27.5324,1.10823,75.8839,59.8154,20.8192,26.8027,3.2061,54,0.318906,1.00277,1.27637,401.746,89.5209,83.4911,33.1629,1.78254,57.4467,54.6474,15.6613,23.4996,3.09995,33,0.375546,1.14341,2.11315,424.066,76.3552,113.103,104.226,3.87827,67.5119,49.5914,18.8502,30.2077,4.98323,43,0.377161,1.03039,1.23629,436.027,89.9999,89.8753,49.3174,1.53953,65.4503,58.8781,18.66,28.7631,3.75624,54,0.311547,0.832121,1.23635,415.63,78.6234,106.646,155.137,2.53518,66.9226,48.2724,20.1464,34.2991,5.63015,44,0.355567,1.10133,1.18847,852.898,165.118,112.357,237.358,23.7526,101.496,85.4991,24.6662,58.7658,16.8675,37,0.365012,1.33885,3.2751,635.582,159.492,128.94,172.976,11.8861,90.5509,77.3465,23.3952,44.0078,8.81356,49,0.291124,0.996167,1.56871,606.118,130.989,115.389,71.1846,2.06682,84.6799,68.7818,22.7062,39.893,4.38217,47,0.338374,1.09968,1.78756,704.408,132.855,129.911,35.4039,3.34961,88.2177,67.1723,23.9312,35.0785,5.04762,55,0.332029,0.947343,1.22693,867.091,149.09,173.721,169.31,12.0487,106.906,74.2327,30.2306,56.9436,13.3758,37,0.412836,1.24592,2.89586,496.405,97.6617,115.38,42.5793,1.91279,74.5581,49.5694,21.7792,32.7406,4.94197,44,0.313815,0.976425,0.91447,381.801,65.2996,65.4076,88.9419,3.63744,58.9802,50.4364,14.5107,24.6032,4.76112,34,0.375447,0.979305,1.73849,522.336,88.1218,97.7003,32.9883,1.71563,75.2381,55.0493,20.5001,29.5156,4.40727,47,0.309304,0.918312,1.47402,328.307,72.5378,88.9884,26.4591,2.50594,53.8816,49.6889,16.7059,26.796,5.74132,55,0.226402,0.777991,0.784799
decoupled_wbc_h066_p000,1863,fell,55.7,12,21.671,15.422,0.939554,1.18433,458.505,87.0076,87.3446,17.8009,1.85903,71.4123,56.5965,19.7141,29.9457,4.92989,51,0.343376,1.04357,1.26844,391.45,72.0244,69.7505,57.7024,2.17254,59.2314,49.9854,15.3417,24.2572,4.8384,37,0.308445,0.951838,1.57218,420.497,106.865,95.7406,42.2479,1.34568,68.183,60.4718,16.7963,24.605,3.09862,50,0.308689,0.861693,1.08975,378.427,111.635,93.9473,34.8915,1.92014,64.4459,62.9317,18.543,25.0984,3.25966,56,0.247659,0.718809,0.807922,547.792,142.001,133.127,40.8252,1.73047,71.867,72.6711,22.9191,31.4763,4.77232,61,0.180791,0.777849,1.28194,483.334,130.08,107.106,38.7371,2.21245,78.8328,63.7508,21.2907,29.3704,5.3021,43,0.290244,0.92834,1.27728,388.878,91.0111,86.1832,32.3892,1.81344,62.2874,60.4319,17.3517,21.069,3.97855,47,0.261577,0.920907,1.18512,548.989,130.701,187.19,171.365,24.2806,77.1217,66.0876,25.6726,44.2423,14.6839,45,0.297079,0.973141,1.36564,584.438,144.113,133.299,49.1389,1.89925,77.2413,66.9266,22.0599,27.9935,5.67507,59,0.224892,0.933411,0.971007,460.565,101.188,102.13,33.5461,1.15837,64.1337,56.2004,17.6278,19.9383,3.85079,42,0.291375,0.870796,1.55201,476.608,97.434,132.097,77.2682,2.00335,66.3863,55.6207,20.4946,26.5407,5.75771,45,0.273974,1.02709,1.09164,2263.78,256.701,371.152,66.967,2.10551,99.0716,47.1656,25.1659,27.5317,7.08034,2,0.208344,0.486759,0.0864258,,,,,,,,,,,,,,,,,,,,,,,,,,,,,,,,,,,,,,,,,,,,,,,,,,,,,,,,,,,,,,,,,,,,,,,,,,,,,,,,,,,,
decoupled_wbc_h066_p000,1864,complete,90,18,19.3347,3.47931,0.074021,0.0747269,562.31,119.098,108.194,47.1604,2.13763,85.0506,71.2502,20.7005,34.9561,4.47217,55,0.26839,0.861892,1.36176,405.619,85.5057,105.734,39.5629,1.65537,65.1407,55.7213,17.6581,31.1372,3.46613,48,0.273714,1.031,1.23309,316.033,59.5375,73.209,44.9919,2.86903,55.7431,43.6859,15.841,27.0953,4.10231,42,0.332641,1.02724,1.11111,486.84,140.074,136.95,29.7628,2.4376,74.2126,59.2187,19.5671,33.3397,4.69938,50,0.349482,0.914339,1.25645,336.934,83.851,72.9142,25.5522,1.42067,57.5499,53.2855,14.7579,24.9394,3.35005,45,0.250275,0.858,1.33481,398.831,89.4231,102.28,24.3128,1.85859,65.1203,58.9591,17.5572,27.3786,4.09707,50,0.31837,0.879105,1.1879,457.803,87.0963,88.9482,29.7696,1.82557,71.0587,56.6685,17.4131,25.5354,3.75032,47,0.301967,0.985115,1.41044,646.208,128.146,127.551,30.2155,1.37376,75.1991,66.1486,21.1825,25.842,4.72671,38,0.348158,1.24327,2.09906,349.988,73.2055,72.4801,29.8094,2.06003,60.2409,47.8343,16.582,22.0516,3.76656,47,0.287875,0.920971,1.10112,439.028,96.056,111.452,60.7664,2.40717,64.6737,53.8751,19.4547,29.3163,5.44741,48,0.387897,1.04532,1.34839,559.21,112.858,128.538,23.9645,2.03679,79.6995,58.3584,22.9068,26.6434,4.61004,44,0.329692,1.06157,1.46395,516.953,101.694,97.2915,77.8092,13.9485,79.2184,59.5251,19.8404,30.3241,9.50892,47,0.291522,1.02104,1.31116,591.372,99.2368,156.064,28.8998,1.79155,77.0323,56.7275,23.5925,27.4968,4.11132,41,0.332305,1.12695,1.49924,585.968,139.449,126.279,24.1905,1.62359,76.5667,64.2072,23.5543,30.2459,4.74383,34,0.399821,1.2439,2.5819,575.272,111.182,129.789,28.4526,2.2501,76.7764,57.6641,22.4155,29.737,4.51713,44,0.334498,1.00101,1.5155,603.891,111.852,116.032,28.9962,1.89872,82.74,64.6956,24.0516,32.0821,4.95124,50,0.300515,1.08069,1.70356,378.328,86.0208,102.896,29.5677,1.20146,61.0874,57.0011,18.3704,25.1964,3.82725,53,0.307976,0.908864,1.24512,397.298,97.828,101.488,181.565,5.91899,63.9134,54.0134,18.163,40.647,7.08886,46,0.302528,0.940281,1.38505
decoupled_wbc_h066_p000,1865,complete,90,18,16.6906,2.81606,0.373575,0.20358,423.142,83.9071,103.224,28.8512,2.01276,64.0287,48.7064,17.8639,28.945,3.09038,38,0.357017,1.10982,1.39475,531.055,137.696,108.723,41.381,1.79258,77.4401,70.9856,21.2088,33.9849,4.31795,50,0.252059,0.951774,1.09228,419.512,133.195,99.5445,38.4871,2.54614,66.0467,65.021,18.4412,24.1889,5.45245,43,0.229943,0.872065,1.24137,497.318,95.0191,92.3408,36.6067,2.80064,64.7286,55.8478,17.6257,22.3823,3.73894,49,0.158923,0.759475,1.33373,585.806,238.685,143.031,63.9557,1.91899,85.0667,76.2625,23.6988,36.9549,5.36791,41,0.299375,1.00878,1.76434,381.196,87.2481,88.7801,34.9493,2.32668,58.818,51.4476,17.4941,28.361,3.72653,41,0.230054,0.985599,1.03827,470.162,135.298,114.291,49.5237,1.62794,70.7068,64.1273,19.1816,32.8052,4.14009,40,0.269769,1.05884,1.34212,594.203,110.165,82.098,110.868,3.99662,80.6483,58.4323,19.8543,38.5898,5.49282,35,0.347925,0.950802,2.14148,454.351,98.9686,127.607,42.3853,2.05353,72.8315,59.9317,22.2415,31.1329,4.45396,42,0.336689,1.02888,1.57862,620.799,112.534,142.048,96.2003,2.10265,85.2335,59.4987,23.3228,33.3625,5.39679,40,0.439438,1.28209,2.02843,395.277,95.1201,97.0482,34.4027,1.33503,58.9065,54.3242,17.3328,19.5858,3.65352,36,0.265586,0.871749,1.39008,651.232,158.755,154.351,147.496,6.263,87.5578,67.6328,23.7215,37.3711,8.28176,34,0.395432,1.21717,2.32682,577.588,202.792,133.704,48.1449,2.31172,85.7043,72.5438,21.754,27.9739,4.96107,42,0.370332,0.900322,1.74501,327.076,76.8748,85.5076,29.1485,1.33462,57.8394,48.3381,15.5059,19.4666,3.04689,51,0.192876,0.762378,0.884628,408.348,86.9197,93.8704,28.5928,1.66081,61.0669,52.5644,16.6919,21.6892,3.25533,41,0.317199,1.12407,1.60188,510.146,118.849,103.743,39.8598,1.89575,76.1292,66.2991,18.9894,24.1265,4.38168,46,0.322848,0.917559,1.57261,470.709,86.4202,105.942,33.1325,1.596,69.22,48.8413,18.9052,26.272,4.45834,50,0.248514,0.829396,0.904526,560.042,132.233,121.741,30.1614,1.87913,83.3684,71.9201,23.0262,25.3262,5.24951,55,0.335687,0.920123,1.28504
decoupled_wbc_h066_p000,1866,complete,90,18,19.158,3.23791,0.37386,0.272333,418.258,75.9711,91.5638,24.2216,2.10753,63.6622,49.169,17.0478,25.8341,3.46582,39,0.35201,1.03109,1.45396,472.76,123.836,104.099,36.8766,2.124,72.4184,65.6433,19.3207,27.6123,3.63353,46,0.273782,0.961384,1.24637,357.115,84.5997,79.0916,50.1496,1.75747,57.5104,50.9268,15.3703,21.8854,4.02697,50,0.274648,0.778618,0.914854,328.429,109.692,99.4018,42.9222,2.00783,59.0482,60.4226,17.7795,25.6787,4.21425,59,0.18056,0.675436,0.697169,518.871,95.4781,107.475,34.1433,1.43076,74.9626,56.1719,20.7978,28.5958,3.8614,40,0.35267,1.19206,1.85065,443.863,106.688,104.459,32.261,1.63979,67.7843,60.3949,18.3153,25.8354,3.50776,45,0.301537,0.956392,1.36284,474.397,100.057,108.25,31.5449,2.41595,71.2067,59.4681,18.3436,27.2097,4.24614,49,0.241902,0.847117,1.17578,455.833,112.355,143.442,108.499,3.43933,70.4939,58.2287,19.8586,35.0095,5.8429,53,0.298937,0.909213,1.02866,338.871,83.4488,71.9606,37.8562,1.69114,56.4849,52.8384,15.1557,25.2029,3.25464,51,0.245464,0.816476,0.866884,355.47,119.662,103.941,46.6987,1.85234,64.4081,63.6494,16.1353,24.4587,4.04304,41,0.295907,0.889783,1.25859,382.869,112.562,95.3882,35.3254,1.65136,60.4338,55.7342,16.6461,19.388,3.26897,44,0.321013,0.922156,0.918676,519.322,95.9492,89.4471,35.418,1.1557,73.617,62.3627,18.041,21.6788,3.03547,49,0.350077,0.851112,1.30405,437.708,110.589,103.402,43.4966,1.96098,70.4401,61.1298,19.6116,23.2033,4.16094,49,0.235589,0.983719,1.17264,504.894,136.605,142.969,40.9603,1.53883,78.0611,65.3599,21.7503,27.8257,3.89695,40,0.349392,1.15151,1.84042,908.93,192.359,292.99,214.62,22.5661,116.097,84.8003,38.702,60.2733,18.5231,43,0.307788,1.30913,2.67516,382.105,88.4788,102.525,58.5913,2.15358,67.1986,53.8158,19.0339,28.1048,5.60489,51,0.223563,0.812603,0.908458,590.466,99.7964,87.3545,30.6671,2.10965,74.0763,60.8257,18.8919,20.4365,4.31004,41,0.399514,0.944477,1.79288,931.874,149.775,240.614,53.6365,2.85281,100.762,61.0261,31.1668,32.9766,7.2084,47,0.309255,1.05249,1.84264
decoupled_wbc_h066_p000,1867,fell,60.62,13,28.7124,12.3625,0.838253,2.45199,424.341,97.2843,116.69,26.6326,2.44769,68.8975,56.2277,19.7834,28.7805,4.15404,49,0.299731,1.01662,1.48803,406.968,91.2615,101.566,33.7781,2.21713,67.0182,61.4509,18.754,30.7971,4.02647,42,0.34287,0.945494,1.21921,464.094,116.191,118.327,49.1524,2.87701,73.7152,61.867,20.3593,31.3651,4.58536,49,0.281047,0.881757,1.10158,328.692,59.2776,85.9386,24.7366,1.79857,54.9904,44.6515,15.806,20.5918,3.83299,43,0.281461,0.889069,1.12795,410.833,87.8896,68.8399,20.2985,1.97264,60.451,55.2659,15.2913,21.2265,3.14603,38,0.3848,1.17514,2.12552,484.606,100.939,143.18,107.492,3.42928,74.7875,57.5578,23.6536,33.0583,5.81943,50,0.32678,1.14622,1.34139,462.989,98.1773,113.757,21.7559,3.16347,73.2644,58.2747,20.9209,26.6293,6.07346,50,0.344667,0.999375,1.15213,298.788,56.8733,75.2637,15.1202,1.67669,53.8635,43.3462,15.7389,20.5455,4.54936,52,0.254911,0.890362,0.810689,361.757,71.2189,78.499,15.9668,1.20765,56.1549,47.9141,16.6098,22.9678,4.71321,42,0.323541,0.951825,1.21679,397.77,89.6179,103.916,27.787,1.59846,63.0571,54.5619,19.237,28.842,4.13484,49,0.275286,0.958937,0.88697,471.427,87.629,90.4698,32.9348,2.12106,66.1294,54.9793,17.1871,26.8274,3.97084,36,0.362119,1.34485,2.29769,585.534,118.307,92.3199,24.6016,2.37984,76.5655,58.3291,19.7183,25.071,5.74786,33,0.348932,1.20556,2.3669,1541.31,239.551,473.971,49.6624,3.5287,88.5966,31.5814,29.0195,24.3858,7.18997,5,0.00497437,1.40154,13.9102,,,,,,,,,,,,,,,,,,,,,,,,,,,,,,,,,,,,,,,,,,,,,,,,,,,,,,,,,,,,,,,,,,,,,,
decoupled_wbc_h066_p000,1868,fell,81.1,17,25.5092,8.5815,1.42888,2.80507,385.471,78.7884,98.9265,22.0205,2.41938,61.2215,51.093,17.5438,29.2013,4.91561,51,0.305204,0.932794,1.01355,291.088,67.4647,76.9904,23.1666,1.95707,47.3116,49.615,13.9046,23.8778,3.8636,54,0.255635,0.786589,0.972013,379.028,66.4115,85.7779,26.5545,1.43186,62.5701,47.2419,16.8464,27.3056,4.20867,45,0.325013,1.05387,1.06344,335.529,58.5819,82.8576,28.1775,1.7467,58.3829,47.5257,16.4153,26.2888,3.594,46,0.341702,0.919776,1.03805,585.711,127.896,106.483,85.0123,3.46578,75.8121,66.9262,21.1798,40.4108,4.93566,41,0.343329,1.09721,1.6299,448.44,92.5997,78.5447,26.3703,1.61047,59.5673,51.8103,15.7003,30.8423,3.19549,43,0.246179,0.977048,1.43078,301.139,80.7053,92.6754,24.8249,1.68265,51.6201,49.5877,14.9343,29.7641,4.12288,48,0.222364,0.854449,0.919589,372.2,74.175,87.8098,22.0177,2.51087,59.2779,46.8999,15.7594,28.4928,4.14756,51,0.271312,0.902533,0.867824,533.479,135.368,128.599,34.1886,1.37486,78.4129,66.8526,21.8136,35.6571,5.85817,46,0.355879,1.00555,1.53162,696.527,116.433,116.015,57.3948,2.5491,90.8381,63.6824,25.3329,37.7235,7.40834,43,0.335661,1.36176,1.87548,763.918,145.229,139.35,88.9789,3.32149,90.0184,71.9326,24.3937,37.2372,8.78725,52,0.298595,1.17213,1.88621,545.399,138.53,155.681,37.8156,1.61265,79.4021,69.5398,23.9428,34.1045,5.82261,50,0.271895,0.901048,1.19517,658.791,158.77,131.243,79.6321,1.91105,79.4139,66.6478,21.4421,40.4304,4.40286,42,0.303353,0.950168,1.77036,471.896,111.694,95.3483,32.6689,1.71126,73.7207,62.4556,21.4206,32.9817,4.18151,51,0.257096,0.883881,1.04205,582.519,107.171,90.5273,39.4232,1.54163,77.3691,62.4931,19.9528,34.3024,4.71918,38,0.401964,1.19765,2.4609,825.713,180.925,159.525,38.9952,1.34085,99.1619,74.6767,26.4896,39.2323,4.93663,44,0.339848,0.978087,1.93859,1921.93,309.188,225.733,54.7053,1.1188,96.4211,51.453,26.2922,25.7287,3.2638,1,0.410629,0.649768,1.23376,,,,,,,,,,,,,,
decoupled_wbc_h066_p000,1869,complete,90,18,20.0825,3.28329,0.322677,0.124213,372.17,94.0323,107.914,23.3863,1.69501,63.5702,55.3135,18.6049,28.6509,4.20798,54,0.236483,0.84065,0.93704,392.03,86.3943,83.8029,47.9357,2.60272,55.7661,54.5489,14.3911,31.3614,4.87227,48,0.319866,0.837179,1.42339,360.806,83.352,94.8399,37.2521,2.59523,54.6516,44.8092,15.7913,32.1537,4.86296,39,0.219267,0.914984,1.06877,459.943,98.4556,91.4726,39.286,1.93829,63.3036,62.89,17.1623,30.4406,4.9398,52,0.240143,0.786357,0.893693,410.315,92.1747,70.041,45.2949,1.13409,61.6173,52.5679,15.507,28.5328,3.62385,39,0.299795,0.877184,1.21573,406.199,126.003,89.516,45.091,1.8449,62.0477,63.1121,17.0427,27.9905,4.09928,47,0.230906,0.832299,1.07816,375.665,94.5359,86.9338,83.4178,2.14647,55.655,49.3376,14.9048,22.8048,4.03931,42,0.237785,0.879908,1.00551,339.32,108.132,92.7991,39.051,1.65684,62.4712,59.6449,16.7363,23.5402,4.23326,51,0.195614,0.798814,0.89587,419.633,75.0901,109.864,28.4199,2.55161,64.9792,53.6163,16.7031,23.5584,5.96799,42,0.326871,1.04804,1.33472,460.033,77.748,77.1321,34.844,2.24665,67.4804,56.0197,15.4338,27.2485,6.7053,33,0.404567,1.20877,2.42314,327.686,72.4375,75.2475,21.0367,2.30053,57.4877,50.3378,15.5871,23.1744,4.64105,45,0.301228,0.875173,1.02169,517.908,146.095,117.621,46.2336,2.24488,77.0671,70.0376,19.8903,31.9428,5.16866,45,0.274457,0.857259,1.47145,708.96,145.943,169.445,166.574,8.46962,92.2056,71.625,25.7781,50.3399,9.1056,43,0.295478,1.17866,2.29942,1132.7,201.291,193.206,302.599,30.2524,106.181,85.3896,28.6807,73.6282,30.9332,39,0.374899,0.999761,2.72155,415.965,85.668,87.5829,18.8157,1.80361,66.5012,54.4567,17.4924,21.1108,3.23021,35,0.436008,1.10097,1.83349,505.468,132.99,109.886,30.2485,0.988029,73.6129,70.0251,18.7625,25.909,3.52226,43,0.300746,0.896662,1.56892,910.013,177.425,221.677,240.973,25.1506,103.04,79.7579,29.0537,53.1209,15.9902,40,0.306649,1.25305,2.20583,511.741,123.906,99.0238,36.778,1.65776,71.0786,63.3536,17.5145,28.5157,4.49098,39,0.33109,1.0477,1.74363
decoupled_wbc_h066_p000,1870,fell,70.6,15,38.4615,12.0158,2.06261,2.6023,369.759,75.4648,72.1355,24.0635,2.53578,55.7882,53.1547,14.7431,24.4227,3.95501,47,0.243498,0.837501,1.14674,361.129,89.9972,96.7667,32.7186,1.5026,54.1262,55.0587,15.8307,24.9745,3.41165,33,0.282717,0.957789,1.47816,483.243,133.575,113.033,62.2128,2.43696,77.4215,61.7439,19.9524,31.8885,5.00502,42,0.290997,0.982308,1.60174,436.227,92.5988,101.232,34.0611,1.53221,67.6287,53.8559,18.1174,23.1652,3.22037,53,0.290656,0.900394,1.04987,435.228,95.5383,101.263,40.1145,1.89714,65.9851,58.2741,17.767,29.3568,4.49258,42,0.291321,0.844651,1.23474,395.833,81.2577,114.99,41.9893,2.03995,67.9186,49.129,18.8236,32.6729,5.30817,46,0.315355,1.15084,1.2624,463.914,129.517,110.15,60.1125,2.55427,66.3727,59.4475,19.2046,35.3102,4.87524,38,0.315873,1.00473,1.4327,350.104,78.127,57.3676,28.6396,2.08851,50.6225,47.6466,11.8009,26.2049,4.40994,37,0.356727,0.966775,1.76989,334.934,56.0499,65.3361,23.2057,1.71971,56.9327,42.7261,15.0456,27.1998,4.89407,41,0.316323,1.00267,1.25134,606.736,130.826,116.781,29.4903,2.08486,80.5341,66.9621,21.9424,35.356,5.39198,36,0.342854,1.44057,2.87397,542.962,99.9286,135.427,154.796,13.7103,78.5984,61.063,22.609,36.1359,10.9162,46,0.320978,0.867468,1.35877,377.512,129.762,126.069,36.8671,1.66338,60.5689,61.7055,18.9327,25.7092,3.71933,28,0.278888,1.01992,1.63911,411.528,110.258,108.742,50.5522,1.27086,62.6771,55.815,18.2393,28.9322,2.87466,45,0.241454,0.871103,1.36491,859.515,162.367,133.063,59.2177,2.44699,85.9853,74.2068,23.2523,34.9474,4.78061,37,0.310202,1.28802,2.36849,748.057,68.7147,103.714,96.0076,12.6538,32.8814,21.1871,11.5898,21.2954,9.13577,3,0.271688,0.960634,1.69659,,,,,,,,,,,,,,,,,,,,,,,,,,,,,,,,,,,,,,,,,,
decoupled_wbc_h066_p000,1871,complete,90,18,18.4084,2.74838,0.305309,0.160833,478.14,103.432,75.1203,28.1288,2.80669,74.2287,62.2258,18.2697,31.5587,4.51236,52,0.335007,0.922147,1.31588,408.937,77.2108,75.6417,34.1276,2.47683,58.0053,47.5453,15.3539,28.6336,4.07114,40,0.32813,1.01485,1.31364,288.65,65.3102,75.8409,31.9708,1.37694,47.2999,44.0501,13.8051,24.6873,3.89537,42,0.286629,0.91368,1.25222,385.238,83.3028,99.5742,30.5756,1.76042,67.8022,56.1966,18.4925,26.0214,4.85857,46,0.331383,1.00046,1.31441,341.469,83.4571,73.0358,28.4059,2.39063,55.6744,51.5795,14.5041,25.1565,3.84407,43,0.249219,0.811331,1.22625,457.069,99.2323,98.1113,32.2235,1.4123,65.1938,56.1378,17.1154,30.4759,4.00117,46,0.301073,0.93705,1.71527,406.641,88.7234,102.878,35.5196,1.8151,63.6222,55.0369,18.114,35.301,5.91261,37,0.257809,1.0068,1.13114,1091.25,185.272,181.085,123.784,4.55441,102.791,72.5931,26.0848,57.5983,9.55576,41,0.362041,1.36336,2.27785,395.898,86.3345,94.3564,52.7749,2.7524,61.8066,55.2778,16.2184,35.96,5.61816,42,0.287125,0.870609,1.09439,346.839,93.349,84.5867,38.9755,1.30986,55.5478,53.3155,16.6063,34.4121,3.17961,53,0.214468,0.805628,0.715326,401.491,95.4667,92.2756,154.451,3.17626,57.7298,58.631,15.5795,37.6314,5.2833,47,0.264334,0.793706,1.24913,445.587,79.1301,75.1274,145.949,7.35312,59.5216,49.2818,15.201,38.4277,7.33386,39,0.257053,0.982279,1.26325,946.753,414.418,192.772,69.3891,2.58455,103.907,97.5482,28.4901,49.6663,5.45901,35,0.3675,1.11421,2.85606,378.131,86.4008,119.839,41.9303,1.77108,60.3174,48.1237,17.4336,32.8618,4.59542,39,0.305783,1.07017,1.35349,531.075,104.533,147.202,41.1689,1.61204,71.1208,53.847,21.0407,39.519,5.35865,41,0.322703,1.09784,1.31867,627.757,112.464,108.411,155.935,4.14164,78.0122,60.6484,18.6922,43.4032,7.6587,37,0.367637,1.26892,2.38439,379.132,71.7667,99.9039,26.8231,2.807,60.5959,49.3813,16.5483,28.8494,4.38079,41,0.330972,1.02936,1.46754,454.127,111.991,99.382,24.1011,2.38308,74.2133,67.5749,19.8997,30.9667,4.66147,53,0.295657,0.851116,1.17046
decoupled_wbc_h066_p000,1872,complete,90,18,20.5264,3.07214,0.5028,0.507516,407.841,86.5051,113.106,25.3303,1.95769,67.8119,54.7457,18.6675,29.5991,4.68919,54,0.27462,0.877925,1.14143,362.765,100.551,102.349,28.4535,1.68864,58.0548,54.8745,16.2367,28.8219,4.27473,51,0.226347,0.868142,1.11133,386.119,105.688,88.3775,36.5504,2.11729,62.888,58.5861,16.5331,31.1767,5.26865,39,0.268058,0.79383,1.23251,398.146,93.4574,94.853,51.9055,2.4806,63.6468,52.1997,17.9558,36.5524,4.60137,50,0.256693,0.985255,1.00992,296.058,82.959,60.4087,33.1632,1.61347,48.3946,49.7035,12.4795,26.5858,3.79033,52,0.225349,0.745361,0.893423,332.124,78.9675,61.3718,36.0886,1.10923,49.9785,48.8014,12.7496,28.1472,3.2711,46,0.244058,0.727751,1.00736,304.203,76.5067,68.2537,33.2796,1.64842,49.9969,49.6488,13.8528,31.1002,3.9801,43,0.222982,0.877403,0.865777,332.163,77.3259,73.066,34.0435,1.87654,54.5118,45.3485,14.1313,31.6137,3.37954,52,0.208785,0.784062,0.751832,346.63,86.6111,83.9611,40.6331,1.21981,53.4193,49.7715,16.0242,34.4442,3.36352,49,0.255055,0.832752,0.70476,546.09,133.521,88.3588,78.2584,1.50655,68.1047,60.9192,16.3625,39.9365,4.28369,40,0.258696,0.884753,1.62751,289.406,57.4853,52.6116,34.0867,2.1,45.4574,39.1456,11.505,25.4283,2.60802,41,0.198682,0.7448,0.673711,757.262,222.716,257.179,211.225,6.37557,91.0762,61.2145,29.2485,65.5959,8.34952,35,0.358054,1.0236,1.70052,755.335,129.188,94.62,84.6418,2.90304,86.1303,66.1331,20.4838,41.5785,5.11136,39,0.395843,1.34936,2.51536,664.498,161.793,117.987,57.3809,1.85507,79.2867,71.0512,19.7974,39.8216,4.22802,44,0.311133,0.916777,1.59833,419.202,85.1942,67.6639,39.3291,1.68192,57.3447,51.3294,13.3793,25.6958,3.32768,39,0.313509,0.923694,1.46312,757.374,159.021,143.344,88.2079,2.73823,87.0977,63.0981,24.0447,44.5767,5.17375,42,0.33184,1.2398,1.61546,420.745,101.035,86.5031,44.3577,1.82877,64.0514,60.1029,17.2104,34.7018,4.19661,44,0.275679,0.933829,1.24906,592.177,270.86,182.51,64.8932,1.82101,82.9895,72.0541,25.7312,46.1414,4.15699,41,0.39203,1.00394,1.79435
decoupled_wbc_h066_p000,1873,fell,70.8,15,19.8196,10.2399,1.36094,2.3119,343.586,75.7333,80.3482,16.693,1.4884,61.6865,49.6097,16.7455,22.9947,3.96986,45,0.285361,1.00502,1.13172,515.301,107.776,97.4554,26.0318,2.06387,79.0025,66.4394,20.7137,29.7123,5.23241,54,0.310556,0.889778,1.23602,393.386,82.2504,90.375,31.1093,1.54092,62.1714,48.4685,18.1956,25.8114,4.29274,54,0.291159,0.870934,0.845465,435.586,80.0711,94.0847,36.2593,2.23696,63.5497,49.3462,16.9475,24.283,3.79124,58,0.249774,0.888833,0.887337,376.686,78.8348,88.1073,37.6204,1.97236,61.8309,52.827,16.1758,25.7808,4.00023,40,0.308668,1.01654,1.26996,401.239,94.0367,107.151,41.0061,1.51879,66.2978,54.4963,18.3206,30.3031,3.69354,51,0.262481,0.982468,1.13298,471.251,114.471,115.988,34.1203,1.65735,75.3154,66.4101,21.4826,35.1956,4.10002,52,0.339835,0.948554,1.19474,349.206,62.914,78.6532,24.9525,1.15699,57.9291,47.3531,17.1459,23.2554,3.02814,43,0.307528,1.00308,0.989603,360.574,85.5549,94.8141,36.1874,2.25597,60.1322,50.7315,17.1678,23.8046,4.04964,51,0.307789,0.888769,0.974869,556.83,108.118,114.361,267.126,24.2044,78.3257,61.4218,20.9938,60.5463,18.1547,40,0.346156,1.14905,2.00465,338.585,75.3007,83.7095,34.47,1.47764,58.4651,50.8692,17.2419,25.6398,3.76278,55,0.229287,0.805866,0.818714,383.253,76.6619,81.3134,32.0619,1.76003,60.6804,49.7267,16.6002,23.2421,3.83271,34,0.34858,1.0515,1.48711,405.343,94.3182,91.3815,32.9144,1.64911,62.8875,58.98,17.5295,24.6896,4.24889,51,0.270027,0.785297,1.16776,432.611,117.003,117.978,35.7382,1.50258,65.4622,55.704,18.4321,25.6674,4.08331,55,0.204559,0.858142,0.841765,1457.49,140.471,234.794,238.631,17.819,61.3675,26.6227,18.9288,33.173,14.062,2,0.10614,2.43865,7.92349,,,,,,,,,,,,,,,,,,,,,,,,,,,,,,,,,,,,,,,,,,
decoupled_wbc_h066_p000,1874,complete,90,18,18.1187,3.3833,0.615602,0.142465,499.613,102.68,117.338,24.0677,1.94537,80.226,63.6387,21.6942,31.2794,3.67384,42,0.343233,1.05908,1.46372,472.625,97.2394,119.024,23.7002,2.15904,75.9958,52.5342,21.6965,26.0829,3.22458,48,0.366494,1.16331,1.17156,498.567,110.391,95.8962,28.1792,1.81636,76.9234,65.4197,19.3503,27.7541,3.56893,48,0.303668,0.962584,1.46743,531.661,114.891,99.6052,123.178,2.34598,77.8487,69.4391,19.4239,32.1143,4.56508,45,0.32586,0.804022,1.50736,386.318,73.1847,96.2498,35.887,2.18241,60.199,42.6463,18.0668,27.5564,3.06206,56,0.247709,0.801562,0.600202,392.508,96.754,98.539,32.254,1.43567,65.4622,56.4525,18.0954,26.9761,2.77469,51,0.250983,0.907121,0.950462,354.929,71.8672,69.1943,25.8623,1.83166,52.294,46.8654,15.9746,22.0814,2.56117,44,0.272084,0.83785,1.09014,325.398,69.3115,68.9051,26.6194,1.45403,56.1032,48.4063,15.7962,23.79,3.254,44,0.297565,0.801954,0.803739,395.236,84.3315,99.2244,104.593,5.8173,66.4331,53.0082,18.7168,42.6406,6.26594,54,0.27008,0.823031,0.858609,421.708,110.993,130.525,90.3014,2.74347,66.6476,58.6858,19.3796,35.2589,5.03636,39,0.247841,0.965479,1.63183,404.732,118.022,99.6619,35.3759,1.68557,70.0709,63.2223,18.4208,28.1758,3.54932,55,0.279613,0.849219,0.941761,483.049,109.363,101.011,44.4862,1.92651,69.9393,60.755,19.017,29.7229,4.3499,45,0.261549,0.828201,1.39072,475.209,123.393,88.2719,50.7183,1.69468,69.3896,61.9597,17.1345,34.4636,3.98584,41,0.247528,0.916556,1.33462,269.504,73.5637,63.6345,47.294,2.1317,38.9545,42.4986,12.9842,26.4739,3.35595,40,0.183586,0.692027,0.638196,294.537,112.219,86.7758,48.0474,1.96529,48.7321,55.1084,14.6543,27.6122,3.05463,32,0.16032,0.871805,1.34306,663.406,128.397,108.193,58.5822,1.88711,76.9944,65.057,21.9622,36.6726,4.93005,47,0.297613,1.00564,1.53898,470.151,100.998,101.475,79.7428,2.73065,71.9875,57.6806,20.5538,37.0212,6.60507,46,0.351751,1.07137,1.07849,560.068,99.2332,99.5557,105.652,4.89175,78.9799,62.2444,21.5013,36.4495,7.39258,44,0.420268,1.13442,1.7698
decoupled_wbc_h066_p000,1875,fell,56.1,12,22.5838,7.30695,0.657685,0.293859,380.615,93.2407,82.0258,51.3148,1.6379,56.4337,53.3511,15.2254,25.6909,3.66045,41,0.270734,0.996262,1.50873,325.217,78.7899,98.6428,58.7727,2.00883,57.5017,52.3335,16.2344,29.8542,4.39769,51,0.188866,0.814778,0.826126,377.953,78.7409,69.1899,24.0685,1.66341,60.2923,58.4232,14.4074,22.8655,3.65274,55,0.276737,0.801174,1.18374,342.828,71.1011,72.2019,21.2797,1.81419,56.0782,51.3632,14.7838,22.3145,4.24564,43,0.286631,0.926898,1.12395,442.435,100.57,110.72,31.058,1.75518,65.7117,59.4587,18.415,28.0493,5.52288,34,0.388787,1.15895,1.84531,306.498,64.298,75.2587,28.7038,2.83006,57.1499,43.7301,16.0827,24.4331,4.78547,43,0.303891,1.07139,0.999104,469.259,107.841,86.4303,27.8185,1.74425,72.5164,62.5941,18.531,25.1193,4.49915,50,0.308365,0.905108,1.23163,408.195,102.348,128.886,36.9986,1.65086,64.6348,52.6879,18.9908,24.3105,3.62721,49,0.296875,0.931503,1.03413,464.114,100.994,87.1422,33.43,1.43751,65.8779,56.4994,18.8139,21.3342,3.81054,47,0.315711,0.911966,1.24053,484.957,116.354,86.5947,52.8209,1.70317,68.7544,61.7018,16.509,28.1429,5.10443,40,0.354202,1.17472,2.133,458.254,72.0267,100.284,41.6734,2.54838,67.4737,47.6926,18.0912,29.1126,3.86409,40,0.360367,1.08519,1.63089,4738.81,273.182,703.127,353.575,48.9862,176.715,49.4329,50.2503,86.4742,44.7584,2,0.332726,0.629695,0.361572,,,,,,,,,,,,,,,,,,,,,,,,,,,,,,,,,,,,,,,,,,,,,,,,,,,,,,,,,,,,,,,,,,,,,,,,,,,,,,,,,,,,
decoupled_wbc_h066_p000,1876,complete,90,18,18.3863,3.94669,0.135537,0.234494,465.925,85.3675,91.7798,78.5326,2.14792,70.4783,55.8074,18.5505,31.9892,4.2179,41,0.290228,1.11882,1.59464,394.568,98.6669,94.2442,38.0655,1.5858,61.0965,56.6896,15.8293,30.676,3.61775,44,0.240795,0.990882,1.08878,379.324,92.8589,117.381,40.4392,1.98843,63.3203,53.5409,18.4135,34.9102,4.18378,45,0.275766,1.02752,1.09595,374.107,89.0027,96.049,24.1433,1.47696,66.93,59.2032,17.7313,28.2549,4.32714,43,0.250637,0.99337,1.39156,395.819,90.2005,98.058,92.608,2.19644,60.9269,50.2388,17.2461,32.9584,4.42018,41,0.351701,1.01051,1.09789,340.574,85.0717,126.475,25.5934,1.75775,58.0616,53.0388,18.291,25.8839,4.68761,44,0.239076,0.919863,1.17606,492.519,95.6517,104.828,44.8747,2.48023,72.0323,61.2824,20.0185,30.1963,5.29856,52,0.336575,0.958763,1.41096,366.422,71.6915,72.1743,29.5001,1.46878,53.4681,48.4736,15.2218,20.1639,3.61611,43,0.326152,0.876377,1.21717,574.306,122.296,199.203,263.889,6.87895,87.2007,64.4966,27.2049,58.7369,12.0061,44,0.346637,1.27936,1.62503,439.251,102.97,108.685,39.9714,2.369,70.7981,58.4567,20.099,29.7382,4.94064,45,0.30785,0.910666,1.05591,715.144,269.244,175.075,89.6327,2.29387,87.6818,78.1261,24.4228,38.9257,6.13887,36,0.352841,0.951989,1.87984,644.015,127.276,129.672,128.041,21.3152,87.4208,68.2587,23.7813,58.4342,18.0905,44,0.293374,0.973004,1.74215,536.396,148.074,139.952,33.3606,2.52253,83.5445,75.4563,22.6533,32.5732,5.87255,47,0.347162,0.858869,1.48538,464.995,102.835,99.9404,31.3799,2.05849,77.8984,60.8409,19.2,28.8743,5.03537,60,0.250345,0.871741,0.969013,487.809,100.729,115.017,39.8062,3.0156,77.325,59.8043,21.1962,30.802,6.71166,42,0.311914,1.02784,1.39577,530.703,135.832,82.9932,25.3083,2.56798,70.3149,68.879,19.5095,26.5617,5.56991,52,0.250024,0.907469,1.68912,333.133,83.2211,91.2015,23.3232,2.33252,58.0616,51.4817,16.8453,24.0954,5.1757,48,0.263472,0.80257,0.929081,325.851,63.7644,53.2345,21.7543,1.40624,49.301,47.1909,12.4705,19.0873,3.12669,41,0.323146,0.82327,1.19697
decoupled_wbc_h066_p000,1877,complete,90,18,17.7245,3.2,0.143256,0.02739,513.603,117.21,101.834,24.5387,1.80039,78.7513,70.9899,20.9494,29.8518,5.13533,58,0.280331,0.893764,1.26456,386.124,75.9261,89.6567,24.1516,2.19014,66.8426,52.3564,17.7595,27.5263,4.63193,51,0.336736,0.927768,0.984954,490.681,113.765,100.695,31.9258,2.98697,71.4899,60.4021,20.3543,31.7817,6.46004,46,0.378251,1.08449,1.21556,417.644,93.926,87.3734,25.4698,2.77122,65.7401,58.5207,17.5503,25.1188,5.96132,57,0.31001,0.813166,1.16904,518.885,92.3111,84.4614,25.1919,2.15882,77.1076,54.1848,18.2928,27.1579,5.06775,44,0.289094,0.92809,1.15825,405.003,79.6151,67.6656,23.1264,1.46171,59.4103,55.8396,14.1353,22.853,5.13578,38,0.334824,0.963727,1.9538,418.45,83.037,99.6931,26.3844,2.12449,65.1059,46.0921,18.3081,26.3115,5.38777,42,0.362364,1.14293,1.36472,468.929,90.5226,95.5068,26.5362,2.30693,70.9562,56.0636,19.8297,29.6126,4.96117,42,0.364963,1.21377,1.54756,348.884,73.6354,59.3489,23.0216,1.67948,54.2219,49.003,13.4701,21.5491,4.16997,36,0.410902,1.17466,1.84413,419.799,80.3594,89.5651,32.7809,1.84323,66.0753,52.9799,17.7954,29.0663,3.84637,49,0.354666,0.874481,1.14664,399.216,83.3082,100.125,101.366,9.62662,59.7983,49.5064,17.4594,40.1625,12.3669,38,0.350123,1.10457,1.48928,515.732,120.577,103.356,33.0438,1.09733,80.6421,70.6602,20.0884,34.9943,3.77561,56,0.277102,0.906721,1.15002,671.1,128.457,223.188,192.69,9.70742,88.9123,58.1589,26.1002,54.2766,10.9323,42,0.381514,1.08922,1.48975,1043.32,292.117,204.668,45.8172,3.1672,112.328,92.4135,27.6377,41.6757,7.0238,29,0.511742,1.51358,4.33651,772.789,228.594,132.318,100.635,2.23222,87.6346,77.997,22.9474,44.3199,4.94184,43,0.338294,1.10674,1.88232,448.977,103.464,100.214,37.3146,1.07191,69.9813,60.3608,19.0586,29.5678,3.09952,53,0.281652,0.905701,1.11209,491.459,139.557,106.382,43.8936,1.50126,77.1013,75.4199,20.0264,29.0736,3.09557,55,0.230441,0.77515,1.07644,399.981,90.2271,96.1853,37.6508,1.34904,59.701,50.3702,17.1238,25.7444,2.82825,45,0.319684,0.918842,1.1433
decoupled_wbc_h066_p000,1878,complete,90,18,15.4895,3.08837,0.274342,0.297907,463.31,98.4862,87.9584,38.7879,1.55365,71.2323,64.7257,19.0139,28.4256,4.51264,52,0.308741,0.881049,1.28898,343.94,69.355,78.2398,21.6741,1.547,59.05,49.5562,16.0591,23.8359,3.28991,48,0.297105,0.907472,0.931659,374.165,99.7015,99.9841,26.9013,2.09522,62.3277,62.7402,17.367,28.7908,4.59106,46,0.234778,0.857897,1.15516,421.188,80.9877,71.7474,84.0564,3.17837,61.0023,54.8816,14.3919,30.2389,4.53096,37,0.323007,0.998919,1.76544,607.286,121.446,99.6083,32.2836,2.14894,78.0106,61.9541,19.7612,33.4761,4.98103,46,0.25616,1.09623,1.98983,436.575,99.8696,127.476,28.5414,2.72941,72.7236,56.8432,20.9188,34.3412,5.98221,48,0.389617,1.12675,1.41231,612.156,150.062,151.066,41.8395,1.86221,75.6207,60.645,23.3325,38.1427,4.00557,40,0.359888,1.10869,2.06165,467.631,107.448,109.78,27.2101,2.29595,71.9693,65.6399,20.6269,30.945,5.88925,51,0.262705,0.884172,1.27848,420.511,95.4247,110.213,30.7224,1.41645,69.2147,59.7462,19.4829,31.8869,4.28468,54,0.270651,0.878416,0.982863,504.969,87.9971,96.9491,110.868,4.18456,75.1446,56.7055,19.3925,33.0056,5.55177,48,0.38018,1.11634,1.46703,514.521,159.081,147.882,138.687,7.14958,78.9974,75.7618,20.7483,34.5932,8.65776,37,0.350965,0.985139,2.21732,402.746,115.865,124.788,37.0022,1.54799,69.3931,68.5738,20.5325,31.7755,4.98539,45,0.333447,0.974345,1.47159,697.754,153.217,153.316,44.1954,2.05094,90.0204,72.7614,25.2399,42.9737,5.52055,42,0.319692,1.12571,1.79055,359.862,86.2832,86.1991,31.3152,1.80002,62.4608,53.8447,16.1798,25.2847,3.59491,48,0.288608,0.843441,0.955744,442.516,76.9254,97.0068,27.5095,2.02171,71.2642,57.4378,17.2998,23.7348,3.9802,51,0.334066,1.01369,1.27076,471.184,104.899,136.545,27.5801,1.91621,69.617,64.4281,21.4799,27.1991,6.18575,50,0.268362,0.963784,1.31931,737.265,149.452,135.633,38.6017,2.03337,95.8708,73.8162,25.0491,34.3101,5.77459,54,0.322167,1.10526,1.58456,509.439,86.5214,106.126,29.7088,1.18653,76.9145,54.2302,21.0743,28.842,4.09667,47,0.316549,1.14282,1.31275
decoupled_wbc_h066_p000,1879,complete,90,18,16.0657,2.10775,0.25589,0.208891,391.685,87.6835,76.7317,21.0842,1.41934,61.3337,56.0253,15.3694,26.0611,3.60708,46,0.307502,0.862681,1.35137,374.161,71.1779,71.963,30.9841,1.9878,59.6404,50.0845,16.0816,23.8178,4.39726,43,0.308058,0.919556,1.11075,434.151,96.4369,76.7735,24.2957,1.86996,65.3668,57.8253,16.5496,20.345,4.45968,40,0.34898,0.984623,1.99885,379.889,102.64,88.8619,25.6843,2.30966,63.2384,55.7443,18.1259,23.6691,4.18492,50,0.295133,0.985044,1.07709,521.275,94.0002,92.5257,38.6629,2.20756,73.2108,60.5826,19.6816,27.6892,5.96379,43,0.298006,0.985209,1.55079,363.859,71.1587,93.9863,30.6735,2.00915,54.6263,46.3238,16.447,22.0522,4.72651,34,0.286069,0.955997,1.27613,415.794,85.6072,121.407,39.9845,1.71702,65.7242,52.5554,18.9616,26.6244,5.19369,47,0.382678,0.940628,1.15802,335.395,66.0079,72.1235,25.552,2.11178,58.9613,48.8762,16.2563,23.8604,4.91125,57,0.254023,0.812043,0.790746,462.091,73.0895,88.8783,25.0599,1.89409,66.6661,47.0125,19.7082,27.2371,5.6299,49,0.297639,0.931493,0.800035,437.068,113.773,121.407,35.3004,1.78763,67.4146,56.3242,20.3881,26.0711,5.75261,46,0.271157,0.914604,0.957763,422.994,75.6043,115.611,29.3807,1.48297,67.3477,47.3799,18.984,25.4589,4.78317,47,0.342406,0.8958,0.924637,349.951,82.1882,96.1833,29.1523,1.78885,58.2351,50.486,16.4784,25.623,4.5152,52,0.229656,0.782283,0.807995,442.656,90.9059,90.984,22.4512,2.172,68.7212,53.0289,19.393,24.544,6.20713,41,0.31884,1.11715,1.99177,493.691,105.697,97.4596,28.938,2.78563,77.9366,62.5839,19.4946,26.9208,6.42855,47,0.341423,0.948217,1.15064,473.01,87.787,97.5413,30.3387,2.03898,72.7728,56.7858,18.3975,26.5847,6.23251,48,0.308712,0.954544,1.30712,389.683,89.3423,64.5967,21.1145,2.42533,56.8788,58.9084,14.5429,21.6811,4.49718,43,0.337704,0.901491,1.61681,535.759,168.016,136.586,45.4456,1.84122,80.0345,67.2587,23.4773,34.8004,4.45826,45,0.387407,0.995134,1.30957,518.058,133.204,104.979,77.0988,13.7458,78.4891,67.4804,19.6511,36.7966,10.8603,46,0.312405,0.927991,1.30815
decoupled_wbc_h066_p000,1880,fell,45.7,10,14.9237,10.0387,0.581516,2.3625,462.206,80.105,64.7735,22.6265,1.96101,75.7335,54.9316,17.6377,28.0098,4.66639,48,0.345165,1.0732,1.45454,358.117,79.7172,86.1696,21.7644,2.14573,63.1647,51.417,17.1207,24.2455,4.68798,48,0.336851,0.974256,1.09412,318.584,60.597,82.0836,24.6014,1.73239,57.1773,47.2314,15.4311,18.8564,3.88631,49,0.251161,0.87024,0.783478,320.047,82.7084,79.6319,24.9128,2.39656,54.5246,51.7497,14.151,20.9853,4.31902,47,0.194698,0.774618,0.983587,374.307,96.1444,86.601,40.3709,1.87751,58.7365,54.1342,17.3836,28.2457,4.84012,48,0.228951,0.823111,0.816638,463.783,104.097,82.4931,42.0718,1.55276,73.9338,59.7876,18.0556,26.7494,4.38059,51,0.320875,0.791837,0.903441,616.534,155.391,115.017,111.658,2.58655,83.2016,76.0945,19.7152,39.6412,6.63821,49,0.346711,0.858525,1.56464,449.928,98.434,86.7359,44.738,1.87672,67.7463,59.0467,17.2731,25.8363,5.35908,40,0.365223,1.08803,1.53059,417.366,86.8375,78.6384,38.7634,0.977121,61.3951,56.5569,15.3224,21.2366,4.16025,47,0.270528,0.869215,1.21016,1914.16,156.873,368.528,161.027,21.7619,85.1229,31.4815,29.9894,41.5394,15.6253,1,0.379799,0.70833,0.207764,,,,,,,,,,,,,,,,,,,,,,,,,,,,,,,,,,,,,,,,,,,,,,,,,,,,,,,,,,,,,,,,,,,,,,,,,,,,,,,,,,,,,,,,,,,,,,,,,,,,,,,,,,,,,,,,
decoupled_wbc_h066_p000,1881,complete,90,18,20.3103,2.16449,0.32909,0.0466781,290.243,62.9866,68.5484,15.0731,3.55803,47.9446,41.0248,13.5018,21.0591,3.93134,41,0.302918,1.06933,1.33902,424.681,82.8634,113.994,24.7495,1.98923,69.1253,54.7329,19.8922,28.3265,6.18667,38,0.351036,1.17968,1.63476,406.382,72.7674,73.5769,29.5888,1.65758,59.3517,52.4093,15.0593,22.2364,4.05474,45,0.345557,0.954573,1.31608,506.771,98.2586,149.73,141.728,3.30373,73.0975,57.0852,21.7371,33.364,6.15267,43,0.338807,1.16848,1.57358,439.415,115.849,125.617,47.4939,1.35058,71.8773,65.0511,21.0709,30.8943,4.26601,56,0.309639,0.936581,1.02272,438.157,69.2388,64.9059,33.2716,1.86513,64.6148,51.3807,14.7392,23.3847,2.54976,35,0.432204,1.07105,1.69076,325.504,90.0879,98.7452,38.6486,2.02715,53.9601,53.1511,16.0815,26.9124,3.55627,46,0.238864,0.833704,0.982291,512.993,113.195,94.9083,113.795,2.62022,76.1232,65.694,18.7385,32.8011,5.40737,49,0.310852,0.962619,1.27478,393.498,102.403,96.2235,32.8074,1.92249,64.5851,61.0931,16.7922,31.3966,4.04993,51,0.275608,0.852303,1.18327,442.68,84.9675,87.3588,33.5745,1.85157,71.1148,54.0122,17.2332,29.9196,4.1518,39,0.372523,1.07465,1.39352,443.957,89.4262,102.326,132.025,5.99829,66.9706,52.0014,19.4548,31.1311,8.45653,42,0.359329,1.00483,1.15394,441.454,114.095,112.622,37.6442,1.57957,71.6522,61.7678,20.1442,24.8551,5.91491,44,0.260662,0.94478,1.28865,300.604,78.8206,76.1425,31.5325,2.6344,56.4943,50.5478,15.2532,20.2066,3.86122,51,0.21589,0.794831,0.820858,422.401,149.336,129.698,47.6901,2.93927,66.4461,65.1825,19.0199,30.3365,4.07068,49,0.224544,0.855178,1.22771,469.019,117.423,116.004,45.8068,1.60669,73.1379,58.0181,19.8523,30.5603,4.25818,53,0.252078,0.994463,1.10862,566.49,111.519,99.1414,43.1087,1.24789,73.6476,68.8493,17.5264,30.3246,5.06871,44,0.367016,1.02879,1.84303,305.583,66.8,79.5231,44.9355,1.40881,46.9946,45.5126,13.3149,19.471,3.52581,45,0.232396,0.731183,0.832164,421.131,102.131,89.6061,49.7061,1.91575,69.1058,55.499,17.9214,24.7386,5.04008,51,0.236094,0.795433,0.996111
decoupled_wbc_h066_p000,1882,complete,90,18,26.9384,3.16437,0.224488,0.135732,339.963,66.327,88.7959,16.7865,2.04581,57.6985,47.6954,16.6897,24.4696,3.88778,48,0.274429,0.959076,1.21118,363.538,84.5089,99.7592,41.1787,2.03065,59.665,50.1478,18.2703,27.9142,4.70926,51,0.227701,0.816614,0.750718,315.809,71.4577,75.1034,27.6228,2.20928,57.8341,45.2483,15.7721,22.9898,3.70624,46,0.283027,0.886707,0.781449,471.725,149.448,138.398,30.7943,2.62691,74.3428,62.5633,22.0583,30.9895,6.76181,43,0.326566,1.02305,1.45265,344.696,64.3331,80.8858,26.7924,1.36752,53.62,47.7705,14.0278,18.4694,4.31997,44,0.288911,0.784083,1.0193,490.008,109.177,84.0371,56.5096,2.90783,63.652,58.2066,16.9716,25.7631,4.67115,44,0.24661,0.889281,1.4062,476.326,127.138,108.907,40.6558,1.63307,73.5317,65.287,19.12,26.306,4.45932,45,0.249682,0.829446,1.3202,426.538,118.237,96.1477,41.0379,1.13097,65.5209,61.1636,17.4219,22.2479,2.91957,47,0.243715,0.812548,1.22549,499.84,124.797,115.331,46.6953,1.86932,69.2196,67.7593,18.9193,27.6837,3.07268,45,0.280001,0.856736,1.46559,1005.9,168.004,193.573,132.839,4.22216,116.529,72.628,31.6065,52.4127,7.39491,42,0.341968,1.00419,2.19905,373.113,94.2906,81.3903,27.4159,1.46788,66.9631,58.2843,17.7934,23.5494,2.96958,52,0.290399,0.922241,1.05712,419.9,92.3518,95.6624,30.183,1.80144,64.8886,50.1198,17.8466,25.0977,2.89825,47,0.267721,0.891375,0.869026,630.997,92.2112,91.781,47.1365,2.2724,80.1196,55.2499,19.4047,30.9065,4.16084,43,0.325389,1.0222,1.39067,449.707,139.355,110.927,45.9761,1.59503,67.8604,67.2991,19.0458,32.4068,3.26515,47,0.236403,0.854499,0.991716,461.31,137.696,126.933,43.2635,1.40837,70.8691,65.3049,19.3241,34.4812,3.63457,44,0.317012,0.832292,1.25059,1178.8,251.464,127.537,70.6531,1.40639,125.843,100.421,31.796,49.5772,5.52881,34,0.470096,1.67096,3.75276,760.978,279.062,152.039,74.7759,1.67536,86.7271,82.5098,22.0697,38.1092,3.64229,44,0.391511,1.03045,2.00511,282.074,67.7178,79.3385,44.8721,1.58701,44.1281,42.4239,13.717,21.8056,2.80696,51,0.153485,0.708652,0.631802
decoupled_wbc_h066_p000,1883,complete,90,18,26.0693,3.67746,0.410751,0.340543,402.622,74.371,88.7294,30.7557,1.94098,66.1234,50.9129,19.1612,28.8429,3.52404,47,0.279708,0.899642,1.04186,432.581,89.4371,85.392,24.7349,2.28038,67.457,55.4402,16.5256,25.8262,4.38565,45,0.304917,1.06847,1.68354,370.683,72.1261,74.9865,34.6395,1.35901,61.6366,52.5362,16.1224,24.4987,4.14419,47,0.287445,0.898821,0.955097,458.298,114.405,106.769,80.5457,3.55392,78.82,66.9866,20.6119,30.0693,5.94424,57,0.276007,0.820685,0.899209,456.974,119.212,94.8946,43.277,2.42659,67.0948,67.5226,17.0018,24.3179,3.24393,55,0.285276,0.80932,1.10659,297.047,77.9263,77.1229,37.0023,1.63735,46.0771,46.6223,13.7277,17.1608,3.24729,50,0.193139,0.634123,0.764645,657.713,152.958,122.554,25.5467,1.94664,87.1339,71.9097,22.2518,24.657,4.44603,40,0.321062,1.21751,2.56955,443.498,85.9891,63.3148,19.5358,1.91476,71.6094,57.8901,16.72,19.3743,3.94164,53,0.302897,0.892294,1.18508,434.872,120.971,112.396,54.5693,2.33809,69.1453,63.8364,20.0564,26.0373,6.75936,42,0.330116,0.932653,1.32407,482.466,93.6802,106.16,28.0322,2.24602,68.9703,59.7854,19.3268,22.1668,6.59842,50,0.26388,0.774951,1.16924,466.224,129.011,108.051,34.6954,1.6204,75.6334,71.2874,21.1114,26.1427,4.69495,61,0.270636,0.807678,1.01155,385.055,72.8291,81.0198,46.6769,1.70209,60.8461,52.7075,15.3194,21.4409,4.3353,43,0.309904,0.995578,1.47366,437.826,93.6589,96.4935,33.0132,1.63625,67.0674,58.5825,18.5998,23.832,4.56113,52,0.288216,0.999617,1.37829,761.927,154.648,122.674,44.1311,3.02058,83.2429,74.455,22.7483,28.1154,5.33257,35,0.370976,1.15889,2.40585,349.44,59.4357,67.2095,26.7942,1.39504,56.6886,43.2136,14.7075,19.0209,4.06043,46,0.294898,0.894529,0.908991,434.894,67.1851,63.6407,27.4384,1.97889,61.8597,47.5351,14.5807,20.2471,3.42856,41,0.305055,0.870284,0.92066,380.674,97.4385,97.7448,32.0722,2.22501,62.1421,58.9437,15.3181,20.4418,3.42538,44,0.247129,0.80721,1.18371,680.49,144.08,119.009,33.1102,2.12378,88.1595,69.7154,22.6412,27.7864,4.64463,41,0.373379,1.47664,2.33146
decoupled_wbc_h066_p000,1884,complete,90,18,18.1796,2.86818,0.196083,0.0969846,411.082,85.6198,92.8189,31.0793,1.23079,65.913,50.5931,17.4024,31.0856,3.68287,44,0.307315,1.12881,1.37785,336.151,61.2202,54.9931,35.2428,1.30857,52.7871,42.275,12.7711,24.6261,2.66178,39,0.337268,1.01921,1.18315,438.921,83.1614,91.1662,35.0686,1.73554,64.1908,55.0862,16.853,31.2282,3.67153,36,0.348862,1.13931,1.6172,362.314,48.19,64.2418,29.9388,1.69317,55.0997,39.2382,14.603,28.1724,3.47278,43,0.289407,0.872224,1.04641,359.927,78.9499,78.4921,24.0831,1.76742,62.9604,51.867,15.8373,29.9384,3.7788,49,0.28377,0.933366,1.12563,369.543,75.949,91.9951,20.457,2.70144,63.5856,54.0068,16.5698,26.9086,4.23428,41,0.359814,1.18095,1.48641,587.515,110.497,128.192,28.8127,1.98146,86.1467,61.2175,23.6388,34.3551,4.70072,42,0.365817,1.19795,1.59976,364.734,81.0682,73.6808,27.487,3.26236,58.4313,52.083,14.3232,25.9951,4.39747,42,0.376943,1.08351,1.68624,534.124,98.8482,96.8628,101.807,2.98648,70.5617,58.6695,19.2328,35.3948,6.26703,44,0.287827,0.987306,1.52978,655.283,119.365,177.996,193.585,14.6105,90.4833,62.9593,26.8287,55.1392,12.0961,39,0.362524,1.14602,1.91575,440.572,100.424,115.882,40.9034,2.3172,70.3828,55.1464,19.132,34.9393,4.27984,43,0.312068,1.09101,1.30797,458.584,122.855,160.216,130.02,13.5631,66.5696,62.5152,21.5102,49.9219,11.4457,49,0.214977,0.827542,0.993794,423.328,105.442,113.292,32.4034,1.7965,70.0366,57.2674,18.23,25.9197,4.30742,47,0.353169,0.949867,1.40342,608.096,132.837,118.484,30.043,2.29416,79.4464,66.4284,22.9698,29.0725,5.9859,42,0.346089,1.18131,2.17887,763.138,301.816,188.602,63.3467,2.11045,92.6598,88.887,27.6385,38.8723,7.78567,40,0.416155,1.13835,2.19563,529.382,108.35,74.2819,44.585,1.72877,69.3718,68.111,17.6668,28.7657,5.18265,40,0.317244,1.07146,1.83456,447.862,111.789,101.222,35.033,1.6563,62.8029,66.8009,19.311,31.3884,4.75044,57,0.195793,0.756269,0.960254,480.799,122.395,100.291,34.3577,1.7168,76.1909,63.9641,19.4362,28.733,4.512,49,0.263133,0.937156,1.2686
decoupled_wbc_h066_p000,1885,complete,90,18,18.1084,3.51848,0.164346,0.310805,366.181,73.3295,103.538,24.4662,2.87724,65.1715,50.3506,18.6602,27.1745,4.99467,47,0.219418,0.904415,0.973076,515.022,115.482,120.249,56.0324,3.32607,73.5981,63.9043,18.8378,27.9947,6.56768,40,0.384629,1.00688,1.64426,329.464,99.4927,102.735,36.4736,2.39336,59.4946,60.7895,17.1548,28.5471,5.76553,57,0.178881,0.817366,0.904493,460.249,140.635,89.784,34.5568,2.34022,76.5331,69.9766,18.794,27.6591,6.13142,60,0.254582,0.776047,0.887612,385.457,94.8348,90.4679,44.609,1.64227,68.0589,58.7334,18.2122,29.7296,6.03085,56,0.227524,0.8796,0.931611,433.239,101.84,79.455,29.1476,1.8846,67.2469,59.1438,17.4233,25.2586,4.89787,56,0.281619,0.734161,0.890229,451.189,95.9264,76.8649,25.399,1.60631,62.1044,55.1273,14.9017,25.4452,4.2615,44,0.269388,0.854085,1.28994,520.721,126.758,121.515,31.0103,1.37318,78.1298,65.482,20.8,34.0925,4.44845,48,0.283137,0.937459,1.43564,403.844,102.67,92.1941,28.3088,2.41074,65.1666,63.5694,17.5042,23.3829,3.75817,56,0.237305,0.823245,1.09005,463.429,105.884,96.1711,33.2937,2.13077,66.2445,51.8449,18.8211,21.8748,3.9336,44,0.316807,1.07417,1.34473,387.895,76.7959,87.4034,34.4211,2.16667,59.2561,52.8584,16.2095,20.5788,3.26388,45,0.238915,0.893032,1.05163,426.572,94.5103,80.5802,36.273,1.55016,67.1199,57.1909,17.5692,23.2385,3.85403,53,0.282705,0.803507,0.943553,535.838,138.914,131.655,34.1525,2.00294,78.7127,74.2544,20.6911,23.8336,4.40571,49,0.270086,0.943949,1.40103,441.94,137.931,112.229,33.2,2.06958,74.4638,69.6496,20.6012,24.2425,4.56148,57,0.223107,0.801014,1.11092,471.302,109.898,112.158,30.1235,1.56723,76.423,71.4056,19.0832,21.7018,3.7443,47,0.377144,0.915052,1.26118,560.174,113.656,122.214,56.1633,1.482,70.0337,56.6275,21.4482,30.8565,4.43084,39,0.323363,1.08531,1.40367,336.513,94.1318,77.5082,39.2007,1.78554,54.0601,60.0306,14.3227,21.0225,2.71631,54,0.248008,0.749892,1.01239,440.576,94.4622,102.106,47.4478,2.12366,67.2389,52.0168,17.3628,24.6362,4.58216,41,0.263357,0.986122,1.15429
decoupled_wbc_h066_p000,1886,complete,90,18,17.7638,2.81643,0.204417,0.192315,379.767,71.4799,82.4742,40.7515,2.51086,63.2328,49.4114,17.2008,25.9974,4.13486,47,0.276218,0.930947,1.02186,473.583,87.0202,120.629,31.2531,1.69479,72.7662,52.9818,21.8094,28.557,4.98885,46,0.308051,1.14251,1.16249,517.507,106.742,90.4046,68.6998,2.92725,76.5338,64.8659,19.7041,27.2233,6.11156,46,0.352309,0.922991,1.36398,507.244,117.439,129.076,35.2543,2.03613,77.1483,68.0717,22.2966,28.9449,5.09693,48,0.212978,0.838842,1.44992,434.734,114.966,102.955,30.8841,2.38011,67.6035,58.9909,18.3112,29.1159,4.24021,46,0.285171,0.850399,1.52082,471.191,132.987,112.777,38.9162,2.05473,66.4775,62.0079,18.9355,30.6603,4.17265,43,0.271744,0.911368,1.6217,377.577,81.0414,80.0706,28.2404,2.34796,63.9499,56.0115,18.3999,28.4337,4.11555,52,0.260115,0.738487,0.886605,423.871,91.8526,84.285,35.9088,1.39842,66.7974,55.2561,18.0403,29.7383,3.36593,50,0.290677,0.859568,0.966258,723.709,220.942,141.652,61.3759,1.54924,89.6013,79.5964,22.3414,38.3283,5.05805,42,0.348675,0.914832,2.12034,421.501,92.9497,102.641,95.7778,2.33392,65.8162,54.7039,18.5764,37.7001,5.48943,46,0.251839,0.920399,1.10621,431.378,99.4252,94.5719,101.465,2.32757,65.498,59.8432,17.7151,36.2856,4.84157,41,0.351571,1.20717,1.92472,551.709,114.139,118.282,46.5214,1.83433,80.9271,60.6234,21.9844,33.2386,6.05721,49,0.330522,1.07558,1.40579,332.382,67.432,71.9792,26.7958,1.73685,56.1513,49.3345,15.3147,21.9989,3.7043,44,0.278471,0.887825,1.00501,447.27,97.3477,88.9243,30.9708,1.97454,63.5918,61.5739,18.4762,28.2689,4.39175,35,0.372923,1.12389,1.89469,399.601,80.6235,80.9246,28.649,1.73665,60.0095,51.4846,17.0924,27.4777,4.24495,42,0.270904,0.924663,1.15658,425.564,95.7585,92.6777,35.8967,1.97373,63.3317,48.7897,18.4591,26.6312,4.36054,48,0.296934,0.958066,0.908872,460.792,131.171,117.699,35.1302,2.42324,70.8445,62.6019,19.5032,25.4733,4.56176,46,0.257847,0.920892,1.34737,854.842,220.732,166.606,46.7679,1.68686,95.594,83.6323,25.8486,33.0911,6.54117,36,0.462555,1.18894,2.34229
decoupled_wbc_h066_p000,1887,complete,90,18,16.0548,2.76293,0.262143,0.193431,417.025,84.3487,84.1368,18.9799,2.11187,68.1579,54.018,18.1539,29.2179,4.40104,48,0.310766,0.883393,1.20744,426.935,87.9516,89.5033,26.0051,2.51886,68.1929,55.4967,19.091,24.5433,4.27862,49,0.266764,1.00832,1.04086,437.783,84.5629,85.7315,49.1013,2.0442,69.1524,55.4624,18.1325,24.1484,4.97197,52,0.282929,0.853695,1.15616,347.855,71.495,94.1661,21.2173,1.79649,59.393,51.1993,16.8209,21.4451,4.03511,47,0.317002,0.973891,1.05926,464.136,109.161,100.598,17.1791,2.46205,74.281,60.8,18.9196,21.6969,4.90101,51,0.299312,0.860506,1.2152,369.799,87.0279,87.6244,25.9351,2.24581,61.6005,57.1941,17.1887,20.9425,4.3693,52,0.297617,0.90617,0.999394,424.727,108.177,91.3426,16.0338,1.52998,61.2669,56.841,17.1005,20.3863,3.88804,39,0.326373,1.03868,1.82925,495.263,109.076,103.744,33.1346,2.09735,73.1426,60.5954,20.0391,22.6652,5.19317,44,0.338533,0.956463,1.27991,311.285,93.6123,91.687,24.5166,2.07809,55.2388,56.8128,17.4417,22.1393,4.12965,52,0.186114,0.835076,0.882223,366.536,78.3468,98.2076,136.946,8.70033,61.9304,47.2206,18.0876,41.1471,11.0229,45,0.290237,0.935044,0.978996,1049.57,363.04,279.686,62.3088,1.97733,107.947,94.1689,33.3145,40.2167,6.76659,34,0.311467,1.35783,4.75127,530.95,100.651,85.6517,54.3021,2.22146,76.0176,57.8912,18.5582,30.0096,4.83626,46,0.337043,1.04685,1.31206,638.624,147.84,125.203,44.6781,2.03602,82.5011,67.3403,23.1257,30.9983,5.94487,47,0.292573,1.0364,1.43161,401.409,83.7657,86.2025,33.8272,1.85888,66.744,53.8749,17.1349,27.4835,4.49008,50,0.26218,0.907278,1.10523,612.501,111.492,108.787,38.8622,1.6143,84.6043,62.6068,23.7721,35.8885,6.10562,48,0.37052,1.05339,1.44414,655.768,125.717,127.734,206.129,14.226,82.6419,62.0784,22.5586,43.6254,11.8319,46,0.312005,1.02285,1.51785,653.859,117.486,83.6694,63.163,2.52814,77.0828,68.5913,18.2761,30.8604,5.29954,35,0.389006,1.10998,2.75022,585.727,158.328,148.233,40.4762,2.1188,82.3601,75.8468,21.7624,38.9222,4.49332,39,0.342185,1.14483,2.34811
decoupled_wbc_h066_p000,1888,complete,90,18,17.8182,3.04027,0.387082,0.169325,455.878,84.4355,87.1316,55.2395,3.4113,67.5903,55.4833,17.4001,26.196,4.41366,50,0.281616,0.910792,1.2448,511.991,103.519,116.381,25.8353,2.32895,77.2822,61.6086,20.9156,30.1382,4.84731,39,0.426046,1.27822,2.12792,529.723,97.5102,116.541,37.7126,2.27551,77.9281,64.3037,21.001,32.3571,6.37516,50,0.279507,0.957827,1.50962,382.818,72.398,110.545,26.8623,2.76921,64.8372,50.3278,18.5478,25.4181,5.39351,48,0.336121,1.03105,1.15224,432.49,102.26,115.582,31.37,2.44318,66.6862,64.0126,18.6991,24.9179,6.12704,52,0.265377,0.925471,1.39524,431.144,92.6536,93.9309,54.0837,2.0511,69.1592,56.9833,18.2545,22.9462,4.35173,44,0.267502,0.888067,1.19133,450.284,101.857,79.024,26.9607,2.23633,60.2493,58.0859,16.2977,19.1525,4.01903,38,0.359144,0.971381,1.74618,397.344,102.046,103.933,28.0951,1.61549,67.108,56.5466,19.2483,22.8295,4.57186,48,0.280317,0.982046,1.11002,469.999,98.546,100.091,35.5868,1.56368,70.0406,57.4917,18.9301,22.2011,3.54596,46,0.348724,1.01004,1.16939,460.426,119.476,105.874,38.0195,1.44374,73.6574,64.3421,19.1555,27.4763,3.41063,54,0.247023,0.767929,0.9475,365.539,102.753,91.7577,46.9722,1.25792,60.1135,58.6364,16.4018,27.1211,4.76291,52,0.285982,0.832254,0.973933,432.494,105.124,109.098,47.5689,1.66714,70.8019,57.6063,19.0722,28.8658,6.55113,40,0.33856,0.993431,1.10118,303.943,67.5704,63.7346,25.7237,1.93967,48.8233,47.3948,12.7666,19.2314,4.84599,51,0.241403,0.778001,0.992009,407.419,83.745,107.055,87.073,3.12989,63.1419,50.269,18.6193,30.3342,5.7097,52,0.23531,0.924852,0.86643,536.746,152.843,114.721,58.3774,2.27729,77.1339,63.4045,19.7793,39.5497,5.53454,39,0.326155,1.12756,1.78721,373.286,82.2899,71.7694,37.8998,1.4696,58.259,46.0263,16.2558,30.6208,3.35691,44,0.289951,0.936547,0.826212,526.094,98.7511,73.7306,40.6431,1.44232,71.3134,63.1453,16.2282,32.1928,3.5202,38,0.416954,1.03012,1.88279,431.218,85.6915,83.0454,41.8266,1.64685,60.804,50.9186,15.7117,31.0945,3.41411,45,0.263177,0.950815,1.24587
decoupled_wbc_h066_p000,1889,fell,40.94,9,21.5847,9.62932,0.858742,0.740693,478.72,87.478,79.1426,29.9162,1.55174,70.6134,58.844,17.4085,31.2605,3.63401,42,0.356495,1.01268,1.68601,394.589,97.8129,118.236,28.4272,3.35292,68.6805,60.5736,19.3211,33.1744,4.73907,41,0.356889,1.09038,1.51312,523.86,93.2192,90.5427,27.0482,1.93514,79.3322,59.0539,21.6684,29.8917,5.19314,57,0.29879,0.941432,1.19609,310.997,55.4455,67.7106,23.9768,2.26611,48.2728,42.5114,13.2269,24.5575,3.59029,39,0.319221,0.980976,1.39772,389.778,83.5399,119.439,33.0402,2.48402,58.523,49.5788,16.9736,32.7867,4.88948,38,0.361062,1.06696,1.45887,553.187,134.586,99.9801,23.2607,2.18914,68.8245,61.2684,17.6186,31.1606,5.54618,41,0.314765,0.980753,2.12522,403.879,97.0442,102.856,42.5423,1.98226,65.9209,59.1276,16.8349,32.7309,5.45571,46,0.286248,0.978505,1.36448,524.034,121.858,127.49,157.002,19.2034,72.9364,52.7182,20.2891,43.4869,11.6176,47,0.302455,0.963213,0.959262,3207.93,261.129,397.497,121.531,2.03881,124.918,45.6123,33.3649,48.094,6.09442,2,0.339516,2.791,20.993,,,,,,,,,,,,,,,,,,,,,,,,,,,,,,,,,,,,,,,,,,,,,,,,,,,,,,,,,,,,,,,,,,,,,,,,,,,,,,,,,,,,,,,,,,,,,,,,,,,,,,,,,,,,,,,,,,,,,,,,,,,,,,
decoupled_wbc_h066_p000,1890,fell,75.64,16,17.5232,6.6327,2.84563,2.07775,393.488,76.0775,110.382,20.3699,2.33684,63.7451,47.8585,18.4878,28.3334,4.63265,36,0.332087,1.20678,1.73523,422.442,95.7537,105.709,50.2587,2.39255,68.0939,48.8861,18.4435,25.0527,5.20138,40,0.328781,0.993266,1.14904,421.844,87.1484,91.6035,23.7939,1.20844,67.1733,51.0514,18.7404,22.4219,4.2036,55,0.308088,0.911919,0.892073,384.553,85.7721,56.7717,20.2967,1.69713,56.2842,55.6272,12.392,20.2863,3.79175,41,0.396958,0.976857,1.815,387.312,73.2018,98.9557,95.2526,3.24997,58.5248,46.4319,17.2395,31.0226,5.43697,51,0.238948,0.850163,0.768644,508.762,103.769,87.7789,26.2748,1.8918,74.9903,65.4702,18.1317,26.7801,4.10317,52,0.315817,0.883686,1.36125,355.746,71.7737,83.3936,35.7035,1.48843,63.3605,51.1899,16.4241,24.8027,4.24281,48,0.289456,0.935906,1.15887,447.236,110.056,104.382,40.5565,1.88321,69.4884,60.2743,18.2904,27.3485,6.63068,50,0.305282,0.93087,1.18523,413.648,103.798,99.1389,39.0229,2.74269,66.5438,55.0095,18.1294,27.6333,6.17439,47,0.290668,0.926701,1.06889,431.686,133.105,99.5128,36.5478,2.26964,63.7066,56.2461,17.4759,25.93,5.39928,41,0.37731,0.908405,1.51617,448.146,137.568,105.195,43.0936,2.09028,68.9213,62.5636,18.2775,31.5596,6.92236,52,0.284378,0.847168,0.940525,416.328,140.428,115.382,50.8388,2.30335,67.8356,63.7122,17.9708,29.7584,5.05275,38,0.394069,0.98793,1.30146,367.716,70.1644,65.3617,31.9242,1.64989,56.9935,49.3639,14.5098,24.5811,5.72017,42,0.385652,1.03015,1.67818,722.313,168.047,142.38,51.5751,3.79022,90.7659,76.3279,23.113,35.6513,7.39955,42,0.276616,1.07007,2.01047,369.166,67.8824,103.67,28.1442,1.55512,59.612,41.8439,17.4351,26.2462,5.2083,43,0.279507,0.918191,0.868982,1284.24,115.869,199.361,164.963,8.9571,60.9541,28.9005,14.5393,27.9908,7.15691,3,0.0903524,0.687418,1.46684,,,,,,,,,,,,,,,,,,,,,,,,,,,,
decoupled_wbc_h066_p000,1891,complete,90,18,19.8509,2.79352,0.217559,0.214612,439.821,92.5498,97.3025,25.9048,2.3711,69.4868,59.7971,19.6516,30.7802,4.82893,55,0.295568,0.822221,1.06949,420.747,83.5185,87.7781,31.0557,1.30135,61.5806,50.925,16.1929,28.9869,4.25134,56,0.230528,0.795086,0.852717,337.901,68.4586,67.5225,25.1534,1.40087,55.9163,53.3704,14.7123,27.6948,2.90339,43,0.279361,0.824995,1.28457,433.191,99.0258,93.4173,37.411,1.74317,70.3524,59.5931,19.3512,29.3032,3.05946,49,0.367307,0.98747,1.26158,432.642,92.1088,116.614,33.3865,2.49829,66.3994,57.8206,19.7025,24.7386,4.74617,51,0.271555,0.944676,1.01409,486.174,97.3561,100.618,33.2003,1.63124,73.8567,58.6628,17.8673,24.4333,3.88217,47,0.254764,1.00191,1.31186,491.029,100.586,106.99,117.283,7.01302,74.9475,57.6571,20.0179,40.697,8.9253,44,0.382663,1.01254,1.28159,432.865,90.5787,79.0905,26.1754,1.27908,61.8827,56.5709,15.5971,23.4194,4.73483,51,0.31349,0.902141,1.34854,415.569,95.4584,108.557,121.709,3.64468,64.5459,48.7707,19.0227,30.718,6.64147,46,0.375954,0.995279,0.951155,427.51,87.6302,96.2469,112.076,16.3717,60.2548,55.293,17.3015,32.6943,10.0474,40,0.259912,0.825758,1.2711,988.803,168.68,155.336,43.8668,2.2012,100.077,78.4421,28.1609,37.1809,8.04535,41,0.302453,1.0547,2.1254,623.386,126.801,135.908,36.3413,1.84309,86.9794,66.4874,25.1065,33.5552,4.93271,40,0.382312,1.25953,2.47804,561.491,101.431,87.3925,25.0168,1.89132,66.1263,57.1208,17.3336,30.8827,3.55789,47,0.329837,0.957597,1.71222,485.354,121.762,106.355,70.3394,2.78761,71.2176,65.6076,19.9982,35.3452,4.72365,41,0.294069,0.909814,1.66189,399.419,87.502,82.4664,29.4203,0.947208,60.9939,49.4011,17.3318,24.8206,2.64248,46,0.321249,0.978475,1.13246,440.039,112.212,77.8783,27.8702,1.80502,60.5457,59.2562,16.141,22.5843,3.35896,46,0.282649,0.811227,1.37318,438.306,103.067,96.9324,32.4398,1.61041,67.7649,58.2796,17.2386,23.0942,3.30138,40,0.39154,1.13014,1.90228,536.594,103.103,114.279,89.6118,3.95142,78.5154,58.8699,21.8458,31.5791,5.7517,43,0.370145,1.09261,1.81603
decoupled_wbc_h066_p000,1892,fell,66.42,14,41.2383,10.7897,0.596374,2.72714,483.358,105.142,104.567,24.9681,2.92185,78.3729,62.8526,19.952,30.1709,4.24458,47,0.253441,0.886699,1.35833,425.52,90.7642,111.072,52.682,2.03726,69.5409,57.1624,19.5197,33.1592,4.02517,47,0.330489,1.03322,1.43649,349.496,76.8665,87.0133,22.7489,1.99996,58.6608,49.6164,18.0229,25.8453,3.94619,46,0.333713,1.0223,1.26773,564.311,114.705,146.292,51.6657,2.912,80.44,61.4315,23.9428,33.8984,5.86269,49,0.327647,1.05851,1.52773,420.481,95.64,94.5301,29.9603,2.45666,62.2919,59.7406,16.7039,22.5263,4.79505,51,0.326525,0.902498,1.39966,346.995,89.2443,120.197,24.4487,1.6416,57.9075,54.644,18.304,24.9946,3.88213,55,0.260287,0.883575,1.01166,486.056,88.8497,98.9559,27.8728,2.72145,73.7753,59.6216,19.4474,27.9055,5.46977,50,0.312973,0.904793,1.33503,443.854,81.4001,79.184,27.5504,2.21815,60.9843,57.4142,15.7166,26.3157,5.22174,41,0.338746,0.931916,1.62647,434.157,92.4075,86.1953,27.9211,1.81513,71.6979,63.5927,18.3377,28.3972,5.33567,50,0.311624,0.87386,1.13492,559.125,127.847,120.641,40.1921,1.9305,83.5491,68.2163,21.2756,35.6481,4.81846,50,0.354962,0.941753,1.36935,838.521,148.658,110.889,54.1154,1.98137,100.151,74.4051,24.318,43.7184,4.20118,43,0.385569,1.44297,2.07043,367.682,73.1665,83.8264,182.734,2.66202,58.1455,45.4573,16.442,46.9458,5.16212,41,0.265957,0.814808,0.924882,338.561,74.1672,65.0807,35.5097,2.1767,57.9632,50.8254,14.6721,31.1422,3.08611,50,0.261854,0.785875,0.9772,2125,507.039,325.772,119.92,2.06565,108.739,65.0054,29.732,56.1277,5.75803,0,,,,,,,,,,,,,,,,,,,,,,,,,,,,,,,,,,,,,,,,,,,,,,,,,,,,,,,,,,,
decoupled_wbc_h066_p000,1893,complete,90,18,18.4108,2.74232,0.234033,0.291502,319.741,60.2147,72.0211,18.8899,2.16445,53.7685,45.4406,15.0075,22.9111,3.77469,53,0.271681,0.788655,0.872336,484.42,116.954,112.492,30.6303,2.89201,73.073,64.9581,19.7801,30.3081,4.91876,53,0.282897,0.891714,1.34016,417.25,73.0699,98.7625,57.4777,1.85219,66.6245,50.8765,18.4477,29.9335,4.32557,40,0.349167,1.13448,1.29243,360.458,81.3643,73.5347,30.1995,2.44704,53.4451,48.1677,13.5213,27.7894,3.57035,45,0.285311,0.85397,1.30041,431.555,70.5021,71.1339,24.5885,1.22494,61.4774,45.863,15.8879,28.8485,3.97038,42,0.307908,1.07107,1.36676,372.494,81.6737,73.2678,29.6722,2.0618,61.399,51.7636,16.2982,30.5107,3.99152,38,0.261346,1.04396,1.27964,418.964,87.1489,77.6334,34.8891,1.76489,61.778,56.025,16.475,32.968,5.10134,47,0.307867,0.990327,1.20342,423.176,64.7709,61.7197,34.2874,1.55836,63.9858,49.2884,14.8434,28.0594,2.34077,37,0.344511,1.03465,1.52395,285.945,71.4592,51.86,25.8022,2.23888,46.2792,44.3366,10.8474,23.881,3.28149,37,0.320716,0.967414,1.66632,390.147,67.0199,67.8449,27.6234,3.15384,58.8576,47.4949,14.1973,26.6756,3.79566,38,0.279802,0.904815,1.29684,497.237,99.0525,125.703,97.6,3.79127,74.2023,60.122,21.5182,37.1624,7.24769,51,0.247031,0.971289,1.50131,551.284,107.212,107.301,32.1542,1.75293,73.4617,64.2984,19.4157,28.2276,4.35701,48,0.31856,1.01611,1.83504,322.989,65.0591,67.9844,24.8591,1.45705,51.7068,46.0591,13.7104,19.2231,2.89021,38,0.315612,0.94985,1.35572,407.994,68.8708,92.0276,32.3217,2.03206,59.4876,48.8506,18.4293,24.7972,3.66567,36,0.279317,1.03604,1.55412,750.196,121.503,162.689,33.5821,2.44706,94.1481,58.8859,27.1467,33.1932,6.25374,43,0.346396,1.12904,2.00415,552.665,125.286,95.9164,28.9331,2.33511,77.256,67.9244,20.5058,25.4581,4.43011,52,0.260025,0.84335,1.2323,582.171,105.209,109.007,35.768,1.40114,69.4072,55.6367,21.427,30.1811,4.96679,47,0.29827,0.994171,1.42614,818.359,146.589,202.19,35.3843,1.87651,98.8963,65.8368,29.2509,40.3702,6.44855,47,0.326448,1.08689,1.61162
decoupled_wbc_h066_p000,1894,complete,90,18,23.9578,3.3304,0.145956,0.0955963,413.674,80.3938,102.035,45.3135,2.4809,69.9812,54.0224,19.0298,27.1912,4.17879,53,0.306336,0.954527,1.04067,397.159,84.8562,97.0577,58.8545,2.65766,61.3048,54.5572,17.9566,23.6614,3.96994,42,0.291514,0.88983,1.40094,435.263,77.8937,82.7431,34.7266,1.12298,62.9251,43.4455,16.4377,28.4487,2.38991,39,0.352696,1.05715,1.31526,403.196,85.7638,79.7599,28.9794,1.27152,60.6574,50.5487,16.5346,26.988,2.45109,48,0.306483,0.956102,0.830566,531.591,109.975,82.0049,28.8866,1.03025,81.6514,63.7621,19.4362,33.1118,2.77875,45,0.397001,0.970911,1.40361,368.687,99.4178,95.4223,27.7106,1.96164,58.0888,55.0596,17.4517,31.4171,3.60421,49,0.244257,0.793536,0.974139,412.706,107.549,90.5772,36.9805,0.990157,68.0519,66.4827,17.0761,30.4064,3.09133,51,0.282171,0.820022,1.19968,497.805,105.101,81.9513,89.5146,2.05665,70.343,60.3406,18.2464,30.1736,5.37365,47,0.285235,0.969073,1.31314,404.851,88.6187,77.4077,31.4798,2.03988,66.2491,56.6164,16.8216,22.6003,3.66042,46,0.28378,0.970613,1.25382,453.661,111.865,112.772,39.924,1.34052,73.0481,61.7392,20.2924,29.0821,4.37208,46,0.269055,0.963965,1.25471,875.708,222.809,169.962,57.2155,1.9552,88.9236,69.2626,24.5034,30.6216,3.03135,40,0.416271,1.02941,2.15134,423.164,125.264,137.147,152.902,3.16866,71.7158,68.6437,20.3319,40.0829,5.21462,42,0.273855,0.888296,1.41815,473.129,122.766,130.321,41.9132,2.04211,74.3189,65.0127,21.9288,31.3383,4.22016,50,0.274004,0.891821,1.19717,865.122,170.814,126.711,43.0788,1.57308,93.5629,73.7559,27.0907,36.4772,6.38802,36,0.357221,1.65583,2.86508,545.171,123.731,125.391,32.913,2.40309,76.9171,59.1821,22.6041,27.7979,4.84391,36,0.389852,1.14348,1.63839,432.629,80.6594,96.6155,63.9758,1.38619,63.4191,53.4259,19.1744,28.5195,3.42408,41,0.32844,1.05406,1.61165,432.998,84.7632,91.8203,28.9896,1.32505,63.2719,55.0159,18.6152,26.2484,2.85919,48,0.324587,0.881153,1.14135,446.622,80.7006,69.7141,31.201,1.80982,61.8053,54.0835,16.6362,26.0402,3.2812,46,0.284816,0.846711,1.35851
decoupled_wbc_h066_p000,1895,complete,90,18,23.2317,2.67311,0.643725,0.600809,419.552,80.3348,66.8911,31.0808,1.70809,61.3001,55.4354,14.0093,27.7713,3.94802,33,0.403807,1.17429,2.25237,413.655,110.956,108.639,45.1448,1.62121,63.6785,55.558,18.1513,33.625,4.75106,53,0.258345,0.937034,0.832251,510.004,112.192,101.496,38.3898,2.4102,77.4267,70.0764,19.0576,34.2609,5.01291,55,0.278579,0.838057,1.2225,322,73.9252,75.5046,38.7777,1.45337,53.8974,50.0524,14.3797,28.7692,3.81346,49,0.251921,0.877003,1.05732,308.27,73.1505,79.1298,31.0224,1.1086,50.201,46.2728,13.9847,26.7958,3.42512,46,0.26161,0.847326,1.00669,465.601,107.023,106.695,40.9807,1.83963,63.2847,59.0635,18.0627,31.172,3.91174,46,0.260427,0.895882,1.19283,386.577,117.19,89.5143,33.911,1.66083,66.2139,59.5569,17.1503,27.668,3.39244,48,0.241975,0.83373,1.11581,460.579,120.066,93.8227,38.2717,1.32609,63.2741,63.2582,17.0177,33.1664,3.68257,55,0.255816,0.807074,1.17979,472.334,111.6,94.4604,34.4018,2.61095,69.0639,64.9205,16.7489,32.8153,4.05828,51,0.29368,0.851914,1.25179,431.639,85.7686,143.298,217.693,11.8375,64.3165,52.7748,20.6631,56.8133,12.8839,48,0.238034,0.920456,1.05803,460.025,125.005,88.9299,149.95,3.26736,65.3765,60.1573,16.6946,42.9586,6.56753,46,0.277604,1.06073,1.54084,480.719,110.96,86.6584,40.3251,1.45626,74.8683,62.1338,19.2146,35.5904,4.56268,45,0.364892,1.00653,1.19531,460.335,141.768,111.052,35.2971,2.9694,71.4431,62.8459,19.808,34.8333,4.75114,51,0.260727,0.858838,1.14769,285.2,94.7152,83.6632,34.4927,1.13977,51.9964,56.887,15.8623,31.3033,3.49294,55,0.205764,0.784262,0.663428,517.621,105.484,83.399,122.418,1.76687,77.5351,55.5324,18.8458,40.2001,4.52912,47,0.316255,1.01683,1.3705,474.147,96.132,94.8181,56.8107,1.89586,66.7961,64.6793,15.771,30.803,4.50004,47,0.332885,0.864596,1.59414,468.83,101.794,93.0155,38.3112,1.28201,70.1535,62.8916,19.8439,35.1818,4.25224,50,0.240918,0.852916,1.04118,1805.66,596.273,288.597,86.649,1.31207,146.029,123.184,35.1989,62.9558,5.82223,33,0.334953,1.26686,6.30971
decoupled_wbc_h066_p000,1896,complete,90,18,19.1888,3.15545,0.319584,0.336327,363.529,71.524,62.6465,17.5301,1.93683,57.5711,51.5051,13.833,22.4989,3.29783,39,0.351318,0.956149,1.55637,509.217,94.255,106.425,23.488,2.77961,70.5445,55.9365,19.4635,31.2536,4.6276,34,0.434009,1.31088,2.43391,425.95,79.6176,92.9249,59.7924,3.30994,66.1526,50.4916,18.3068,33.4961,4.91266,42,0.388772,1.08697,1.15337,424.831,83.6919,83.1497,26.5635,1.96872,67.331,55.3307,16.4449,32.4601,3.43409,42,0.340116,0.923899,1.49702,462.308,91.9418,86.5983,47.5601,1.79334,63.8454,52.9343,17.5612,33.4671,3.4764,32,0.291041,1.09945,1.92498,538.497,121.796,122.571,34.8053,1.88128,77.3022,64.7724,20.5087,37.3068,3.46463,42,0.331033,1.0026,1.92268,359.621,75.8967,88.3983,61.8173,2.90362,57.2369,51.1592,16.0199,26.7812,4.29869,42,0.361268,1.08217,1.51428,581.493,107.263,137.392,33.5983,2.94647,80.3961,60.2064,23.7963,34.6022,4.94066,42,0.328271,1.09418,1.21382,500.077,94.9426,122.512,27.6298,1.81552,72.8881,56.6112,20.8257,34.8742,5.52135,43,0.359192,1.07216,1.27124,377.43,80.5773,87.4921,111.939,3.6566,58.5263,51.9854,15.8803,37.4692,4.60717,40,0.360042,1.06378,1.86144,454.55,84.9255,87.4757,31.8944,2.5407,68.1874,53.7755,16.4687,31.7632,4.78896,43,0.300828,0.888745,1.50817,465.958,91.9175,80.6377,37.3817,2.45144,70.5155,59.3126,16.2513,29.8613,4.18315,54,0.271458,0.89021,1.09235,403.627,95.9496,108.605,29.3362,2.32043,64.7596,51.7315,17.3125,31.1534,6.41895,40,0.29934,1.02358,1.20395,444.515,98.9243,86.4419,36.8663,1.94513,63.8105,55.6977,17.5518,31.1978,5.52293,51,0.256074,0.884695,0.92221,423.571,97.3976,86.3385,155.608,6.29137,67.332,56.1988,17.8292,42.7251,9.21304,44,0.299261,0.988226,1.20757,670.823,211.7,142.163,49.5324,1.6585,85.6071,72.0059,21.323,38.5336,4.89254,36,0.335106,1.04395,1.81833,431.133,98.9161,87.9484,39.9913,1.71764,68.7846,57.7414,18.5762,33.3843,3.94368,55,0.253797,0.850895,1.00452,496.548,116.147,111.727,25.1181,2.43432,73.9189,65.5746,19.023,31.8112,4.0125,51,0.279899,0.944249,1.46184
decoupled_wbc_h066_p000,1897,complete,90,18,15.925,3.37824,0.135774,0.263029,427.401,70.8402,106.655,23.8946,2.12227,67.9845,50.8049,19.0968,31.7357,4.16294,47,0.303777,0.941056,1.02693,317.866,67.3198,77.6115,28.2498,2.23018,55.1946,46.4916,15.0622,26.0276,4.52778,44,0.32534,0.9327,0.901908,392.827,90.2737,64.2256,40.8329,2.13129,58.4418,49.538,14.3825,27.0078,5.45135,42,0.278729,0.820717,1.05477,362.82,83.9191,83.6254,47.564,1.72334,59.9232,49.8498,15.2656,30.7747,4.97255,47,0.307927,0.885519,0.952197,436.864,97.173,84.3388,37.4405,1.90663,65.429,56.2355,16.1148,30.5064,3.53357,51,0.246921,0.747409,0.998172,504.651,175.204,129.204,36.6278,2.48177,73.888,68.4687,20.4064,33.1247,4.4628,42,0.292573,0.94833,1.54521,816.237,121.177,172.251,36.3532,2.17659,91.699,67.7302,23.7553,35.8062,4.36248,46,0.284928,0.962046,2.18217,459.751,87.6664,113.144,139.864,3.51559,67.0775,57.235,17.5305,30.2862,4.48848,39,0.273396,0.986476,1.60687,539.202,117.559,107.333,40.5087,1.78053,75.4015,66.8227,20.1049,33.1517,3.45773,45,0.293211,0.923133,1.23702,547.59,110.634,112.32,49.5174,1.961,73.9273,64.5072,20.5245,35.3569,4.30504,34,0.359519,1.04604,2.04631,535.226,136.151,149.044,40.1079,1.59806,78.1934,72.645,21.6221,33.7519,4.27513,54,0.259979,0.832906,1.30103,370.18,89.2181,91.9363,31.4703,2.06621,63.0658,54.0276,17.6415,20.9825,4.54153,57,0.235029,0.80646,0.804201,1111.2,186.948,151.407,54.4496,1.57113,98.9426,78.5744,25.2151,31.8288,5.22583,42,0.273795,0.975016,2.9051,708.807,259.457,165.768,43.3613,1.5315,88.6092,81.9269,23.8701,31.8985,5.18939,38,0.418455,1.0556,2.21563,509.183,102.542,81.0691,25.2121,2.25128,75.8904,61.7905,20.386,31.4263,5.3164,52,0.341724,0.917225,1.13396,406.012,80.2089,83.42,25.926,2.02949,64.4652,57.1489,16.9103,27.0109,3.44814,53,0.291831,0.851492,1.14531,454.708,83.1851,103.327,29.8094,2.4882,71.1216,55.9736,20.1416,26.3493,4.69512,54,0.290549,1.05327,1.2816,484.436,100.763,85.6034,32.4564,1.34984,65.7265,54.8501,19.1403,24.7711,5.24248,34,0.429775,1.38047,2.32289
decoupled_wbc_h066_p000,1898,complete,90,18,45.9931,4.14826,0.312172,0.248636,375.219,74.6472,96.239,21.1582,1.91657,57.3186,50.0287,15.8792,24.8442,3.93954,46,0.254468,0.893492,1.20609,341.134,78.0853,88.4188,27.5557,2.10915,59.1398,47.4535,16.8652,23.8772,4.04001,40,0.314515,0.995212,0.966253,336.654,88.5954,78.1098,22.1501,1.66601,55.1143,57.766,14.7737,20.1163,3.37448,45,0.291574,0.859094,1.25899,397.1,103.387,98.6511,34.4905,1.51971,64.4527,61.3187,17.846,21.5231,3.33282,48,0.247722,0.822817,1.08921,393.931,98.2466,87.9171,121.774,3.78154,63.8801,52.7255,17.6569,25.2399,5.07288,51,0.279153,0.898965,0.854271,494.892,127.4,105.311,41.4959,2.23063,74.2139,67.0078,19.0932,28.2696,4.39331,47,0.311447,0.884152,1.2421,493.537,190.06,112.071,40.6916,2.49783,70.2431,70.8388,20.003,30.2666,4.99057,48,0.235647,0.861148,1.20865,402.31,121.55,122.713,39.6383,2.82434,69.3288,64.4135,19.3618,28.5763,6.41048,48,0.258326,0.894892,1.23037,329.78,82.0761,89.1803,29.6649,2.63622,53.9869,52.1711,16.2528,24.3662,6.96793,44,0.209987,0.790596,0.954287,465.152,110.076,90.0522,34.7728,2.27023,70.5883,64.4054,17.0579,28.0447,6.34667,45,0.270764,0.896241,1.38571,529.324,122.596,96.342,42.5764,1.93177,75.8034,69.6439,17.891,34.0477,6.25871,56,0.27342,0.814669,1.09516,764.628,187.755,147.221,128.151,12.6438,89.0419,73.5276,22.2251,53.1005,12.9141,42,0.34851,1.0942,2.37584,1191.23,209.017,168.256,57.4722,1.62388,114.801,83.5148,30.3931,50.1087,8.00334,38,0.275624,1.70683,3.70852,518.862,109.533,89.0488,39.1409,1.50064,71.9528,64.0426,17.0483,28.8506,4.8585,49,0.331819,0.985053,1.63429,390.309,70.1876,67.5092,33.3624,1.57549,60.8296,43.8826,14.4498,24.2488,3.75488,42,0.337994,0.945229,1.15181,517.115,95.6068,83.5845,35.2988,2.20333,75.4043,61.7711,17.7734,30.918,4.37091,54,0.313854,0.878304,1.10579,964.646,274.193,210.661,88.4681,3.55714,99.7941,82.4569,27.1925,47.5673,7.88236,39,0.364504,1.11719,2.33674,646.97,139.731,99.2173,32.1043,1.60508,72.4909,61.5855,16.5207,31.2448,5.33137,39,0.274319,1.27831,2.03383
decoupled_wbc_h066_p000,1899,complete,90,18,14.563,3.66432,0.267525,0.176908,478.956,102.192,105.782,19.2989,1.4872,74.0347,64.0299,20.8743,31.388,4.56632,55,0.279067,0.940578,1.09955,349.899,81.3243,86.4459,23.2901,1.97106,56.8159,55.7679,15.8659,24.695,4.34783,49,0.284161,0.841083,1.04295,512.905,99.1673,95.1137,36.5178,1.86939,71.5808,59.0069,18.3793,28.5612,4.85973,44,0.340111,1.03442,1.68578,498.387,115.198,131.857,34.2704,1.94017,73.5794,68.1992,20.8276,30.8619,5.88287,42,0.325813,0.920408,1.57869,363.826,78.1847,104.255,35.9781,2.40026,61.2364,44.8108,17.977,25.3007,5.25357,43,0.302441,0.976884,1.03578,352.095,98.6213,123.84,31.6659,1.51113,58.2746,56.0823,18.5051,25.163,4.8088,49,0.231589,0.939385,1.11415,364.011,81.5012,58.3477,29.1755,1.64347,55.6331,54.1828,12.7311,16.7321,4.16006,50,0.283171,0.786073,1.25094,371.09,115.466,114.802,65.9935,3.14891,64.7543,51.5019,19.1042,28.5723,6.32368,46,0.318664,0.929001,0.950057,460.07,106.278,93.6703,190.523,5.31362,69.9925,57.163,20.3116,38.7696,9.84324,47,0.339999,0.968944,1.0901,398.678,84.2938,70.5992,32.4581,2.46052,62.6399,57.9774,15.4145,24.959,4.18768,41,0.34217,0.997,1.73735,466.318,110.972,95.9099,127.58,5.95509,69.9728,61.7569,18.9554,35.5331,7.14359,46,0.265133,0.8783,1.08504,585.962,216.565,159.577,148.743,3.0149,76.0321,68.0881,22.2086,45.4581,5.54791,41,0.345682,1.03255,1.46339,460.615,116.913,93.5116,40.0261,2.06748,69.7446,61.2034,19.531,31.9706,4.69009,43,0.236836,1.00548,1.22758,481.173,131.551,103.631,30.175,2.34852,70.7639,61.9535,20.6165,31.5201,5.51783,48,0.280352,0.911735,1.21016,598.445,94.2369,79.6561,36.0837,1.52567,69.7708,51.7336,16.8161,25.0131,2.8602,36,0.299772,1.04095,1.68081,577.695,157.125,143.661,292.467,25.0176,80.4589,69.0898,23.3151,77.3931,16.355,39,0.218001,1.02157,1.68215,652.698,105.418,139.876,197.481,3.72322,73.8931,57.5273,19.3902,42.3733,5.16948,34,0.278621,0.90302,1.67592,563.959,127.899,121.852,27.7107,1.96179,83.5131,67.1446,22.0156,30.7033,3.84592,44,0.298297,1.11395,1.7231
decoupled_wbc_h066_p000,1900,complete,90,18,16.6984,3.79402,0.0926182,0.138507,393.434,75.1736,79.361,21.9268,2.4748,66.5847,53.0569,17.4199,25.502,4.04376,49,0.290145,0.95902,1.16927,397.117,89.9042,95.9795,42.8419,2.04907,60.258,53.6982,16.3312,23.6136,4.64124,37,0.347803,0.837783,1.16917,315.349,87.4487,95.0983,40.5546,1.77169,51.796,52.6166,16.0276,23.4037,4.37688,45,0.203831,0.852105,1.07753,458.742,89.6716,85.1955,41.6523,2.32824,65.6879,56.5656,17.9005,24.2607,5.42681,44,0.294448,1.10877,1.56661,491.646,110.314,99.7686,32.0784,1.45462,76.5133,65.0778,18.8102,27.3437,5.2973,54,0.290748,0.847655,1.35425,373.368,98.9927,114.582,29.8993,1.5159,63.6781,59.1417,19.202,25.3751,4.35432,47,0.255412,0.909341,1.06877,417.938,66.355,78.9116,17.7229,1.71481,62.5255,48.3834,16.2931,19.1008,4.7498,45,0.332508,1.07921,1.11208,343.491,84.5161,89.2768,20.8488,2.19895,61.7201,54.3142,16.3113,19.9279,5.04323,58,0.242992,0.822856,0.870437,507.969,124.921,106.379,72.7207,2.10852,75.4563,62.2833,19.2916,29.0878,5.12632,42,0.322307,0.948933,1.51953,830.299,164.586,169.818,56.7343,2.54809,88.1881,69.8422,25.9432,30.9915,5.55144,49,0.165903,0.767889,1.42827,1132.04,249.377,201.632,63.7698,1.93782,91.9205,84.6059,25.0111,34.2803,5.76814,47,0.193836,0.80794,1.82551,447.606,117.816,109.35,41.7285,2.32833,74.6666,64.2499,20.173,28.0687,4.1037,51,0.268076,0.960147,1.21782,583.006,111.688,102.445,43.7063,1.90496,83.7297,65.2201,20.2207,29.7375,5.81052,53,0.311693,0.976841,1.48703,591.984,126.334,116.562,24.7441,1.97301,82.0728,66.7186,22.467,28.5547,3.80551,39,0.302694,1.06409,2.4853,482.949,91.686,91.8898,101.247,13.6447,65.5352,55.015,17.0654,30.2502,9.14073,35,0.43045,1.2294,2.08662,569.766,245.418,171.562,53.3684,2.08991,81.3905,74.9986,24.1263,31.1187,3.60917,38,0.337623,1.0178,1.76091,563.279,192.646,127.204,43.6393,1.99013,79.0991,74.5443,21.3418,29.4562,4.56673,44,0.304992,0.937159,1.43501,470.566,121.7,101.292,40.1224,2.19162,69.1785,59.019,18.4087,30.3606,5.09292,53,0.236033,0.898624,0.946031
decoupled_wbc_h066_p000,1901,complete,90,18,17.6457,3.29015,0.285882,0.264368,458.729,102.217,84.6037,24.7925,1.83132,71.7261,63.6405,18.3964,28.3864,3.91596,52,0.274575,0.901638,1.33467,453.399,111.591,119.32,27.1785,1.80126,70.3074,64.0575,19.414,32.6713,5.06371,55,0.228962,0.869874,1.29359,437.35,79.0521,104.09,23.4768,2.61697,65.8925,47.4478,18.598,28.045,5.36419,41,0.361453,1.19703,1.52566,379.158,92.9648,107.615,36.5892,2.55589,61.3155,51.0639,18.5811,25.1521,4.53822,45,0.284057,0.853651,0.973556,454.22,99.7237,110.93,28.4784,1.60237,72.4638,59.4037,20.1612,27.8442,4.76274,46,0.307802,0.932882,1.3626,420.691,87.4794,70.6036,39.0585,1.77817,63.2161,56.9851,15.8049,25.4475,4.5875,31,0.481322,1.23711,2.32632,363.87,72.0834,72.8119,31.4614,2.38273,54.7657,48.5257,15.81,23.1114,4.40603,39,0.318055,0.880643,1.04837,494.489,91.6147,83.064,27.2553,1.10609,74.2385,50.4368,19.9786,23.9542,4.67987,53,0.310776,0.910088,0.966101,416.025,91.4743,83.6089,33.6851,1.4764,60.3129,55.2331,16.5791,23.0646,3.81277,48,0.249213,0.818932,1.13604,395.779,88.1462,94.24,35.6396,1.4852,62.4027,52.8302,17.4921,26.7087,3.4586,40,0.26402,1.01415,1.4131,399.119,88.8299,90.1982,36.14,2.56153,62.5263,53.8668,17.6659,24.2318,3.72586,38,0.351402,1.11355,1.41302,795.858,209.328,139.787,163.837,3.26273,93.2336,84.4566,22.8861,35.8162,5.59355,33,0.364449,1.19883,2.83832,433.409,105.964,103.781,35.3641,1.97014,66.8964,57.4355,18.7135,26.4045,6.32601,46,0.339136,0.985014,1.32836,847.15,156.744,131.95,52.3704,2.67821,104.421,83.932,25.0908,36.672,7.72174,39,0.396563,1.26118,2.69152,678.442,240.558,176.705,49.4802,1.92075,88.3994,82.3607,23.9937,31.5795,7.73467,44,0.31877,0.935401,1.95074,731.172,130.366,124.701,46.8066,4.06681,99.7085,70.8708,22.5306,28.0151,6.23106,42,0.345812,1.1256,2.17606,451.942,87.7675,109.491,48.5184,2.74934,63.117,52.804,18.8347,26.2035,6.13141,39,0.331033,1.16566,1.5088,337.084,92.6061,110.057,36.8517,2.56509,60.2874,57.3788,17.8174,25.201,5.01705,46,0.232166,0.821628,0.934353
decoupled_wbc_h066_p000,1902,fell,60.54,13,21.0928,5.30342,2.50421,1.1411,523.379,112.631,95.1229,21.099,1.93973,80.5463,70.5624,21.2692,29.3838,4.64087,55,0.297506,0.868543,1.24658,383.45,89.7432,88.1202,40.0947,1.67957,64.6928,54.9182,17.5343,24.5364,5.09534,51,0.263695,0.809179,0.773254,339.925,92.3865,102.959,31.8073,2.912,59.3468,53.4692,16.952,22.4527,6.05261,45,0.275581,0.974043,1.10803,460.758,99.5258,81.8375,20.7156,1.86451,71.2715,63.1454,18.7049,24.2801,6.01879,50,0.353425,0.947448,1.12211,382.965,109.005,86.061,79.284,3.08829,64.9755,62.3984,16.2519,28.7291,6.72599,49,0.254831,0.853593,1.19994,497.286,91.438,76.8741,49.9454,3.62159,70.3121,54.581,16.8057,26.0243,4.13666,38,0.314652,1.01561,1.79545,324.952,73.2399,85.114,36.9674,2.10867,52.9105,45.746,14.9372,21.6729,3.48979,43,0.222402,0.810554,0.860313,471.356,116.816,106.697,40.2285,1.96068,68.6934,66.7802,18.8148,26.2278,3.3086,42,0.265143,0.993477,1.62258,423.665,115.223,92.7795,37.2487,2.38176,68.6231,67.739,18.1145,22.7314,4.09741,48,0.275904,0.903802,1.27142,520.99,146.847,108.465,37.8953,1.81873,72.3391,75.7304,17.8396,24.6598,3.35462,41,0.302916,0.948654,1.87598,581.082,134.599,125.872,44.7542,1.50691,83.377,65.7046,22.6511,30.542,4.9318,44,0.338165,1.05716,1.538,516.278,134.788,141.965,149.008,3.94246,73.8732,62.6722,20.5231,31.5106,6.82199,45,0.239901,0.957326,1.45944,2546.29,146.011,312.912,77.333,1.52855,91.1898,27.4439,24.8823,29.2203,5.32495,1,0.470856,1.82433,1.29993,,,,,,,,,,,,,,,,,,,,,,,,,,,,,,,,,,,,,,,,,,,,,,,,,,,,,,,,,,,,,,,,,,,,,,
decoupled_wbc_h066_p000,1903,fell,51,11,25.1987,11.7178,3.60727,1.99822,364.127,74.8555,70.1532,26.681,1.42767,61.254,48.1409,16.1119,23.0514,3.57934,44,0.255018,0.856673,0.966868,335.272,88.2352,83.2841,29.1277,2.40517,58.9777,54.4665,15.938,25.8002,3.64979,45,0.255117,0.921104,1.19766,384.305,76.4798,60.0662,22.1571,1.84172,59.4479,52.4451,13.9051,26.0559,3.98209,32,0.478261,1.26257,2.28689,476.459,79.5222,60.0444,34.3582,1.24767,68.1405,57.1092,15.2744,29.3451,3.09796,43,0.286398,1.01827,1.70332,495.568,105.506,80.5878,58.7199,1.0347,68.1753,55.9145,15.7771,29.9505,3.80199,46,0.29368,0.981557,1.47735,411.701,99.1762,61.281,26.6096,1.3336,62.7554,62.2209,14.1446,24.6908,2.19499,54,0.29579,0.756459,0.961851,475.234,105.535,82.2241,40.2613,2.25618,72.3172,62.2687,17.3916,30.8546,3.40062,54,0.34558,0.937799,1.05025,378.436,73.5548,64.6326,37.7752,1.70019,57.0937,48.9578,14.8149,29.3533,4.008,54,0.235815,0.807687,0.74396,384.329,84.2547,78.8835,37.2624,2.20293,55.1283,52.0282,15.1316,29.199,4.81934,42,0.24848,0.877406,1.01733,384.753,100.689,78.2421,33.0412,1.20545,60.6992,53.959,15.2145,26.179,2.87934,52,0.275965,0.810686,0.84832,1525.27,367.728,195.157,68.6696,5.1992,65.8577,50.4543,18.5458,26.2163,7.92393,1,0.285812,1.80863,7.96185,,,,,,,,,,,,,,,,,,,,,,,,,,,,,,,,,,,,,,,,,,,,,,,,,,,,,,,,,,,,,,,,,,,,,,,,,,,,,,,,,,,,,,,,,,,,,,,,,,
decoupled_wbc_h066_p000,1904,complete,90,18,17.4371,3.56709,0.293562,0.119163,523.137,110.676,101.078,24.5862,2.2288,83.0658,64.768,20.8843,33.692,4.66272,50,0.350626,0.95883,1.306,300.966,58.9487,61.6167,19.6368,2.19396,52.743,46.3796,14.085,21.5741,2.96943,39,0.359856,1.00204,1.56441,316.128,81.7893,91.0347,25.6968,1.37089,56.9016,48.4341,17.6084,28.6059,5.03079,44,0.305878,0.961641,1.00121,384.932,92.5564,93.107,29.2729,1.55369,64.9256,61.1299,17.1739,24.6713,4.79411,61,0.242926,0.848068,0.931687,398.651,91.8066,96.4564,32.3407,2.07075,63.9841,54.9393,17.6958,25.6543,4.49792,46,0.269927,0.990415,1.07669,357.966,86.9243,91.1358,28.7878,1.82744,64.5258,56.135,17.1947,27.351,3.29443,46,0.344275,0.967723,1.05354,369.216,98.5369,74.9503,31.3338,2.34996,57.4517,57.2047,15.2107,20.9475,3.22191,47,0.22857,0.785912,1.14899,502.552,131.824,118.352,43.777,3.08404,79.0968,66.9858,20.6254,26.7831,4.79211,49,0.243813,0.945994,1.27965,514.221,118.708,108.444,40.9052,1.42386,79.9283,65.7769,21.1522,26.1003,4.47932,46,0.302695,1.08229,1.52347,575.833,158.881,117.364,34.2313,1.97527,83.8329,66.8409,21.4841,26.3389,4.67119,52,0.291502,0.986945,1.16021,503.43,104.924,96.2866,21.1851,2.65759,69.0574,61.8878,17.8914,21.3216,4.4201,48,0.291122,0.962354,1.49543,557.125,126.612,147.061,47.2217,1.32879,77.9875,57.925,22.3301,29.414,5.5295,42,0.378206,1.07214,1.3524,399.149,93.464,99.082,29.5581,2.05737,64.3439,58.6204,18.9692,20.4518,4.49497,53,0.226993,0.775554,1.06862,436.591,110.054,94.967,32.1049,2.14441,70.5056,62.9855,18.8098,27.0251,5.19401,45,0.293491,0.894639,1.17731,517.565,111.391,120.7,46.2032,1.33023,78.2224,60.9683,21.6984,31.4266,5.89037,46,0.334723,1.04297,1.23305,607.911,111.057,114.512,43.1459,1.90381,72.3781,57.7384,19.4289,27.3593,4.78228,48,0.249501,0.915804,1.17938,1143,166.388,188.528,53.9739,2.09075,106.152,70.3621,28.1693,40.1984,5.6015,35,0.348736,1.17992,3.3737,422.168,101.269,103.389,36.6376,1.72761,66.9721,58.9759,19.7403,31.3663,6.14755,42,0.250856,1.06261,1.47836
decoupled_wbc_h066_p000,1905,complete,90,18,17.229,3.62899,0.332044,0.233477,404,83.4585,73.7588,32.5877,2.34947,58.2161,53.9895,14.7392,25.0102,3.81703,45,0.266223,0.790483,1.1747,378.119,100.246,94.0557,46.3666,2.39628,63.268,54.714,18.2628,29.8659,5.25609,49,0.243094,0.884077,0.927409,373.457,90.0155,77.4991,30.6242,1.71843,57.1495,53.8869,15.3346,22.4711,3.95928,48,0.280555,0.766327,1.08381,392.292,86.8571,77.988,30.5195,1.27485,57.621,57.1075,15.0936,22.655,3.54379,39,0.30852,0.900906,1.55091,333.239,87.6542,81.8273,31.8927,1.76687,53.3507,54.215,16.3686,23.0295,3.74621,50,0.225627,0.777779,1.00464,367.346,81.945,88.3377,32.5233,2.31173,61.8316,51.9337,18.644,27.0315,3.94866,51,0.281538,0.850659,0.855089,407.322,87.9183,87.7928,28.1927,1.37037,65.3364,57.0711,17.8445,25.5191,3.52288,49,0.323286,0.867286,1.23705,420.346,96.2083,127.587,38.1954,2.18361,65.5132,54.7281,19.0967,27.572,5.35212,46,0.300051,0.91078,1.23955,445.137,94.02,105.831,87.0895,5.53717,70.5309,55.517,20.744,30.1231,6.99296,51,0.271659,1.00909,1.09871,515.988,107.289,88.3012,35.8839,1.87545,78.2584,70.1682,18.7195,25.0354,4.88338,61,0.301689,0.76689,0.903732,444.887,86.2047,100.52,156.707,5.66874,61.8344,57.4359,18.0388,36.8402,10.4472,47,0.311009,0.85499,1.35187,426.519,122.832,126.53,35.2127,1.75781,72.8214,65.2831,20.6874,33.8845,5.00019,50,0.298926,0.940509,1.38951,517.83,105.662,116.63,53.8853,2.07628,69.7122,61.6186,18.76,33.7287,5.2861,39,0.359298,1.15187,1.80361,432.346,89.5618,88.1543,35.5988,1.68275,66.5264,52.8519,16.5379,26.8698,4.07069,49,0.241366,0.951415,1.22548,470.445,122.296,115.083,34.2815,2.17348,71.6128,67.4421,19.7817,35.2006,6.64248,41,0.28718,0.892489,1.49546,434.888,97.354,88.6005,29.8469,2.65565,64.6096,59.8131,16.2264,27.6478,6.14169,50,0.309688,0.939898,1.48757,572.693,99.0785,138.245,269.811,16.2707,75.3461,56.6844,23.1171,54.206,16.904,43,0.298138,1.10188,1.61696,508.299,118.259,135.992,100.124,4.12563,76.7444,64.1676,22.1879,38.4681,6.26323,49,0.310128,1.03935,1.23994
decoupled_wbc_h066_p000,1906,complete,90,18,14.7546,2.71036,0.168247,0.0888845,328.731,50.5683,81.3477,21.2942,2.12766,50.1886,42.1334,14.8271,23.0142,3.8117,51,0.273049,0.812025,0.876196,361.051,70.0768,90.9302,31.6256,2.30563,60.365,42.5759,17.6754,22.5301,4.91966,48,0.26137,0.927455,0.815569,427.994,84.8282,113.412,34.6019,1.9984,68.9926,55.1698,19.3267,29.2762,4.61506,56,0.288282,0.92205,1.02169,510.703,98.189,87.3625,34.353,1.70583,77.1914,59.6039,18.7783,31.3143,3.2637,61,0.320675,0.799475,0.990016,389.957,79.6898,61.4001,33.8161,1.54396,58.174,55.8705,12.8647,26.0083,2.9264,36,0.3638,1.06366,1.92921,330.161,94.0888,79.9545,34.3613,1.78115,59.0709,52.8988,16.1989,24.9955,4.11273,45,0.272899,0.805134,0.958325,400.152,92.3083,88.4952,35.4849,2.65182,68.9534,56.3109,17.9973,28.5997,5.89286,47,0.368562,1.02489,1.11326,488.097,87.1883,88.0247,41.9818,1.9625,67.7702,54.3183,16.5117,25.2968,5.11311,35,0.363873,1.22172,1.84117,341.47,73.8546,105.702,102.592,5.06972,55.9656,46.5518,16.3855,28.6152,7.94789,38,0.31284,1.02143,1.2265,555.407,130.841,167.268,116.096,5.95584,75.2171,68.9668,23.1828,35.4646,10.2441,48,0.268216,0.954514,1.48832,399.129,94.489,117.628,39.0013,2.0291,60.6443,54.7241,17.5598,26.7542,6.15857,54,0.263872,0.801554,1.06033,377.491,81.9946,91.4373,30.104,1.2829,60.8943,51.9311,17.4895,26.1253,4.97643,47,0.291847,0.907573,1.02344,499.408,177.368,160.403,158.515,10.5645,70.8602,70.1009,23.3902,40.5843,12.1912,48,0.286878,0.892833,1.23396,292.415,106.014,100.524,34.4354,3.2646,53.1413,55.7153,15.7052,23.3183,6.00179,50,0.153274,0.84437,0.895148,476.092,100.258,128.333,31.4386,1.68075,69.7014,57.9982,20.5925,25.0661,6.51209,47,0.296598,1.03375,1.15397,999.088,150.983,153.277,46.0261,2.1678,94.7553,72.8851,25.8485,31.7023,7.24679,40,0.317353,1.0073,2.51056,429.898,89.6979,84.0706,120.43,6.59427,64.8637,55.2216,16.5291,29.5222,8.1812,49,0.241416,0.89031,1.13535,392.448,132.169,95.3234,42.6396,1.50069,69.7246,69.0613,17.6826,27.073,4.89549,59,0.191932,0.704204,0.954266
decoupled_wbc_h066_p000,1907,complete,90,18,40.9291,3.72734,0.0757139,0.18027,444.353,82.3373,81.0613,22.1778,1.50961,69.4509,51.1442,17.2405,23.1911,3.44711,40,0.330951,1.0579,1.31137,452.048,95.9872,131.343,25.2637,2.01104,72.1663,56.7934,21.5062,25.1415,4.22784,54,0.320134,0.974053,1.22124,365.997,84.2735,88.6142,28.1614,2.07597,57.1905,52.7528,14.693,18.6788,3.80247,48,0.243595,0.839053,1.23322,365.871,101.761,104.661,34.9161,2.35491,61.1491,58.7019,18.096,22.8365,3.0485,53,0.191065,0.778487,0.934919,393.521,93.3132,104.977,32.5114,1.5933,65.8064,57.2794,18.2161,24.0201,3.71024,51,0.316977,0.940524,1.05332,442.169,110.017,141.227,46.4203,2.39745,70.5264,55.8495,19.9627,25.1333,5.91354,41,0.306298,1.01773,1.41462,297.014,100.52,78.6315,38.2618,1.97882,54.0786,58.9943,15.1332,20.0701,5.07253,51,0.178253,0.825416,0.881835,462.725,119.944,98.9769,52.2623,2.19018,71.4353,59.2839,18.3636,24.1239,5.53291,43,0.303936,1.04119,1.34166,349.684,103.577,88.754,38.6229,1.59701,54.3732,56.7113,15.383,19.9866,3.96195,48,0.192478,0.693411,0.9181,519.807,106.397,124.352,40.872,2.16737,69.6719,59.3529,18.699,22.1573,4.47369,40,0.320147,1.01518,1.44808,379.287,93.2816,86.7329,88.7172,4.5259,61.551,54.074,16.8028,30.7103,6.14864,51,0.286216,0.912165,0.963904,3090.58,861.46,542.62,232.967,23.1141,219.066,174.633,62.7089,88.7946,19.5193,19,0.503189,1.21078,14.3738,927.014,189.913,121.696,73.1415,1.97089,96.9502,69.1207,23.2287,40.5417,5.5496,45,0.338575,1.12611,1.7305,709.701,167.503,179.651,199.666,6.81941,89.5249,78.0517,24.9686,46.3686,9.59353,48,0.33717,1.23096,1.98453,382.464,94.2974,96.4799,25.4376,2.05882,65.7796,60.5645,18.1336,23.9008,5.42836,57,0.240385,0.837573,1.04771,653.796,131.058,152.388,145.05,24.0806,91.454,68.3757,24.9423,39.907,13.6948,42,0.284759,1.00808,1.69821,619.579,120.365,125.086,25.3657,2.03805,89.5115,66.0826,24.7601,28.7154,3.59408,53,0.307412,1.03576,1.5976,344.615,125.029,114.204,43.843,2.24284,63.295,64.8476,19.1897,27.129,4.84764,51,0.19641,0.697536,0.984432
decoupled_wbc_h066_p000,1908,fell,70.98,15,21.2699,4.15295,2.3062,2.40544,454.723,112.895,96.6745,35.0785,2.32253,73.9315,64.2721,18.7259,31.7698,3.73981,55,0.277648,0.800852,1.06265,401.003,96.9837,87.4481,38.0327,2.00496,65.2485,57.8027,17.4658,30.0937,2.90433,47,0.286054,0.909707,1.06659,395.464,116.022,108.556,36.9924,2.81589,65.3505,57.7774,18.8292,26.5733,4.29459,51,0.276496,0.837883,1.03147,317.279,90.7572,121.673,28.5654,1.63592,55.9847,53.5293,18.7332,24.2163,3.39329,51,0.210496,0.87021,0.957719,425.774,83.8,87.2393,27.607,3.07901,69.7347,55.742,18.5923,23.829,4.36594,40,0.295481,1.11573,1.41512,498.794,99.1653,148.073,32.7768,1.66125,72.7675,59.8082,21.9692,26.5635,5.11522,49,0.334281,1.11038,1.33682,573.321,141.654,104.934,27.5699,1.36588,75.1073,72.2114,17.8628,24.9372,5.03872,39,0.39249,1.16074,2.20809,429.962,123.911,127.184,129.201,2.81017,67.0335,60.1884,20.55,37.2536,6.79677,47,0.285604,0.971386,1.26673,357.263,78.2418,110.38,29.0174,1.15065,58.7567,49.0766,17.8776,22.9214,4.46911,48,0.245454,0.884538,1.03758,428.268,112.677,119.53,39.3497,1.13294,72.4058,61.3114,19.9449,27.0836,4.12699,54,0.266352,0.776246,0.965959,421.221,83.7144,100.044,32.9616,1.56878,65.7034,50.8162,18.0153,24.1263,3.7379,42,0.319179,0.937372,0.96864,1310.57,411.988,308.464,232.046,8.18833,121.87,101.615,39.4278,70.4177,11.5025,35,0.413204,1.12809,3.17787,619.104,136.302,122.104,56.6573,1.69877,84.9027,73.2445,19.7807,34.1475,5.35186,48,0.353649,0.85298,1.53949,344.654,89.0671,91.1121,32.3687,1.76908,61.3374,58.6193,16.6059,28.8139,4.49523,45,0.267552,0.884312,1.0317,1923.21,129.831,202.16,207.687,20.0253,71.4341,32.1381,17.3751,37.6065,13.4829,8,0.230122,1.08067,3.27765,,,,,,,,,,,,,,,,,,,,,,,,,,,,,,,,,,,,,,,,,,
decoupled_wbc_h066_p000,1909,complete,90,18,22.3503,3.48623,0.0852618,0.200511,370.906,88.2514,94.1295,29.4548,2.08501,65.7628,51.0034,17.579,28.7006,4.99144,43,0.346466,1.03252,1.19669,418.344,88.0411,78.0279,33.7311,1.85693,67.9465,56.6675,16.2239,28.4986,4.98112,53,0.269329,0.834156,1.09732,477.478,126.665,109.311,84.4919,2.25115,67.5973,63.236,18.1627,34.8315,5.04642,46,0.282579,0.984736,1.58545,515.319,119.459,108.065,58.1276,2.43376,79.5482,59.3609,19.4967,35.8659,4.09949,51,0.303442,1.06552,1.17968,424.54,80.6714,65.7389,39.0476,1.92156,60.7794,54.924,13.4496,28.5921,3.36928,41,0.305038,0.973882,1.43703,506.594,110.407,98.4533,65.33,2.36977,68.921,60.1619,18.2665,39.8087,4.69507,43,0.291964,1.06164,1.25215,451.896,116.076,109.24,55.5629,3.11388,71.1501,63.8643,17.9985,32.2188,4.50012,46,0.290525,0.985597,1.47799,479.093,103.47,93.323,42.6071,1.66619,73.8833,62.989,18.9401,37.7245,4.54153,48,0.293902,0.91938,1.25218,396.068,91.6543,82.0085,36.2291,2.18825,57.9026,50.8532,16.403,32.9165,4.15355,47,0.259007,0.781523,0.987539,258.576,54.8545,53.1147,28.2468,2.31957,42.3186,38.6886,10.9753,22.6798,2.93809,45,0.222863,0.757626,0.93111,267.428,64.3627,55.9468,28.4103,1.68121,42.0222,44.8081,11.3383,25.1083,3.09299,41,0.207592,0.747686,0.877936,1556.99,216.384,251.99,88.8712,1.28434,115.763,82.6421,34.6496,54.528,5.33362,30,0.291367,1.69114,5.56588,519.904,177.481,135.516,51.925,1.28005,74.4724,70.2754,20.1259,38.882,4.03559,54,0.290896,0.928903,1.03282,396.954,90.417,65.4034,37.7908,1.57298,60.1999,52.5387,16.8679,33.8686,3.45796,47,0.252393,0.830893,0.964915,862.609,152.536,95.114,61.9674,2.28816,74.4421,61.4396,18.7106,35.7052,5.20411,46,0.319384,0.946993,2.1199,979.478,189.308,178.498,146.838,18.4835,104.937,82.0474,28.278,58.4083,14.8718,36,0.304072,1.32505,2.87918,533.767,106.308,128.642,147.543,20.0614,79.6646,57.7546,21.1714,44.3367,12.7005,47,0.354521,0.933628,1.38441,368.209,78.4076,90.8966,25.6833,1.92876,56.0836,52.3111,15.51,20.6747,3.27309,45,0.263102,0.848463,1.28711
decoupled_wbc_h066_p000,1910,fell,66.28,14,24.2543,13.4591,2.76089,1.96395,443.335,87.7288,81.8091,26.7467,2.1296,67.0706,55.6188,18.6052,27.042,3.78768,47,0.280842,0.898085,1.12954,450.002,121.847,92.608,37.139,1.62539,72.7552,65.057,18.6721,27.7469,3.27466,57,0.253976,0.830199,1.26239,541.638,105.208,101.876,34.3505,1.93314,82.0073,64.8469,20.6197,33.0104,3.74941,55,0.323955,0.853787,1.15985,516.671,118.741,113.133,115.45,3.50868,76.702,66.7561,20.206,34.8407,4.42893,40,0.306311,0.961617,1.56221,390.67,70.3613,99.0663,16.8371,1.77155,60.9424,50.328,16.9335,25.5864,3.19631,44,0.266727,1.00986,1.31231,328.858,61.363,121.812,48.5303,1.50164,55.6198,47.028,18.05,29.223,4.56999,39,0.290243,1.08708,1.39012,329.116,78.5642,92.2946,21.2529,2.12262,57.7532,50.9584,17.0066,27.748,4.33054,46,0.317421,1.00957,1.12861,335.007,72.5427,106.486,31.1808,1.99078,59.5845,47.3734,16.9273,26.2533,4.093,49,0.271677,0.911718,0.838396,341.469,75.0607,69.045,24.0359,1.43715,58.1295,52.3512,15.2242,24.2523,3.86486,53,0.249355,0.773541,0.891197,548.851,121.166,111.785,68.0196,3.43571,75.2484,66.5609,20.3368,35.7763,7.08618,38,0.362638,1.15108,2.04314,438.026,81.7446,95.7716,59.561,1.90393,64.0946,54.0389,16.2488,34.7245,6.51757,40,0.320647,0.987268,1.73479,576.422,128.569,134.119,32.8063,2.467,76.6685,69.7569,21.3636,35.0817,6.05479,47,0.304529,1.20087,2.15493,598.606,94.3981,107.784,41.4311,1.47903,75.4804,52.3492,20.4887,29.5151,3.75107,37,0.349903,1.07311,1.56634,2056.92,479.903,445.239,222.804,11.5322,102.219,78.3526,35.4652,54.1647,11.879,2,0.174408,0.710349,1.37784,,,,,,,,,,,,,,,,,,,,,,,,,,,,,,,,,,,,,,,,,,,,,,,,,,,,,,,,
decoupled_wbc_h066_p000,1911,complete,90,18,15.5034,2.61136,0.324466,0.124788,409.221,75.8766,101.66,34.4488,2.52004,66.6776,50.781,19.2749,29.4071,5.05326,46,0.309233,1.06963,1.19397,406.921,85.833,118.292,45.1439,2.78062,65.1378,54.7543,17.9532,26.5689,5.35483,51,0.298963,0.911362,0.968967,340.741,61.6681,69.5536,34.3702,2.44378,56.0679,45.1656,15.1265,22.446,3.87625,50,0.282394,0.931697,0.801882,432.12,86.9704,95.86,21.5367,1.54193,68.3245,55.8121,16.9798,20.7083,4.17232,53,0.276048,0.772225,1.02089,504.31,120.392,87.293,31.2193,2.76561,71.2009,65.2892,17.9585,19.0802,4.03559,47,0.254757,0.915909,1.60312,475.542,84.259,75.3103,68.0794,2.37799,67.6889,54.9389,14.9648,17.936,3.62771,39,0.328963,0.93529,1.65736,360.932,84.2079,111.698,93.8987,2.5375,60.4004,53.725,17.817,24.6015,4.98518,45,0.236709,0.89271,1.00944,536.057,151.186,115.012,97.8748,9.4168,81.1158,71.8632,21.3343,31.7692,7.46954,53,0.288953,0.969258,1.44702,466.62,99.3214,102.482,36.3682,1.7193,64.5682,58.0037,16.0099,24.3578,4.30333,37,0.403411,1.13528,1.9853,904.514,121.74,135.401,45.7188,2.15593,88.0274,61.0289,22.4392,30.9676,4.24651,46,0.298511,1.12781,1.99521,497.391,131.762,126.797,62.9356,1.72957,77.6347,72.8656,22.4667,38.1472,5.22162,45,0.249774,0.964644,1.44183,419.141,93.4147,111.579,33.4852,2.51702,68.1658,56.5609,19.6879,30.286,4.16474,56,0.259203,0.886654,0.874718,561.221,153.271,134.383,27.1496,1.85178,82.4202,71.2452,22.6731,30.31,4.87292,51,0.364571,0.952563,1.3215,540.969,216.203,125.898,50.6279,2.89768,83.431,79.8277,23.5019,30.9935,5.15923,45,0.328231,1.07958,1.65046,519.611,136.703,119.145,35.1628,1.65521,79.6418,69.3619,22.4824,24.1253,4.88232,51,0.288228,0.834135,1.18367,586.837,131.698,132.81,88.5951,16.2697,87.3989,68.5991,23.26,35.3198,11.7875,48,0.3702,1.10234,1.42519,589.513,119.897,189.848,124.916,14.5126,92.4636,66.2424,28.2125,47.9318,15.4124,39,0.371213,0.983723,1.37311,606.873,126.435,126.252,79.0395,4.02877,80.9778,69.9821,20.826,31.9197,7.27551,47,0.294746,1.04047,1.92253
decoupled_wbc_h066_p000,1912,fell,70.92,15,21.3346,5.54447,0.932022,1.98204,354.22,73.4326,91.0991,22.5887,1.65735,62.0306,50.6334,16.4625,25.1258,3.70518,43,0.318291,0.980801,1.24332,413.529,109.13,86.3296,30.8455,1.38328,68.4407,64.8296,17.2561,28.7754,3.66937,55,0.271764,0.772911,0.956123,282.888,73.0582,92.8295,65.9518,3.2021,50.5982,46.3944,15.3369,25.8636,5.95485,51,0.188488,0.815375,0.797837,322.75,98.1681,101.806,44.9292,2.02589,61.2568,56.1012,17.8885,27.8729,4.66514,53,0.188782,0.842504,0.904054,392.837,114.684,117.007,66.4069,2.42163,65.3984,64.3609,17.6126,32.3633,4.94299,49,0.217626,0.917715,1.31449,476.759,94.3605,77.459,32.6679,1.62392,69.2371,60.3748,16.5803,25.6767,5.23051,45,0.315469,0.837566,1.30952,535.658,109.661,132.769,23.194,1.42829,78.5426,59.749,21.2758,29.0046,5.47119,48,0.294228,1.07825,1.42335,465.452,83.1336,112.691,28.5093,1.60677,72.4741,48.681,19.4057,26.5168,5.02142,40,0.346288,1.09245,1.11733,498.059,104.204,99.862,87.896,2.43649,75.7902,61.9479,20.341,28.4349,5.84827,56,0.27629,0.910164,1.07948,591.998,139.316,146.747,30.3101,1.427,88.6191,83.9598,22.7375,33.0008,5.09477,55,0.322076,0.96287,1.44855,432.107,75.5884,93.2812,54.4244,2.38197,67.7446,46.729,18.7423,26.4073,4.76206,41,0.318013,1.14938,1.25152,564.425,114.101,121.966,34.7131,2.11986,77.8664,65.72,21.6589,27.8972,5.9223,48,0.305923,0.950667,1.57102,434.771,99.5663,104.612,35.1573,2.09878,69.7817,54.9077,19.5136,28.6218,4.98871,51,0.255904,0.971182,1.03901,591.801,192.747,164.626,41.9172,1.722,88.396,71.5328,23.5974,29.7888,5.95758,46,0.3365,0.986402,1.76033,3687.26,209.363,556.296,192.303,16.3301,148.916,40.9578,38.7953,51.1389,15.7044,3,0.25267,2.44647,26.3649,,,,,,,,,,,,,,,,,,,,,,,,,,,,,,,,,,,,,,,,,,
decoupled_wbc_h066_p000,1913,complete,90,18,23.7897,3.53695,0.447491,0.580527,484.157,99.0836,105.731,24.3703,2.35877,71.5441,60.0823,19.3956,30.5137,5.47535,50,0.34528,0.988416,1.36362,482.015,100.324,105.481,30.9421,2.3268,72.9413,60.5306,19.3053,29.5157,5.22995,50,0.248511,0.993132,1.33184,397.189,61.2235,85.9213,26.2062,1.52078,56.811,48.8572,15.4057,20.9175,3.42762,50,0.291471,0.808428,1.13072,396.379,99.9394,95.925,31.4215,1.1625,64.7451,60.5877,17.6479,23.3751,3.66101,49,0.200408,0.784748,1.04582,428.509,88.2556,83.307,30.9809,1.58791,68.6478,55.9295,18.2918,24.5398,3.72254,49,0.334015,0.83856,0.948825,335.062,75.9192,88.9606,22.142,1.63325,56.1474,50.4955,16.4306,24.2106,2.96062,49,0.23219,0.825296,1.17206,334.695,96.9909,76.7616,30.4125,0.811559,51.8994,54.568,15.1612,25.4463,2.99596,54,0.264972,0.771782,0.943234,420.213,106.699,82.2802,46.9578,1.74203,63.6475,60.403,17.644,34.3567,3.86043,49,0.221084,0.861938,1.10892,233.725,58.5775,65.5071,41.0802,1.23479,38.3038,35.1427,11.8302,25.8354,2.78284,48,0.1344,0.584793,0.449416,430.385,106.543,88.9749,45.0348,1.66563,67.6611,57.8509,17.316,35.5269,3.86973,41,0.3053,0.945135,1.23859,354.042,62.5961,64.5413,34.1741,1.79558,50.7479,48.1994,12.8669,24.9051,3.25058,34,0.372295,0.899574,1.33926,502.112,133.53,124.839,37.4153,1.1176,77.6621,71.5973,21.4891,33.6917,4.37847,54,0.265971,0.968734,1.37821,499.227,126.431,101.697,49.4279,1.25048,75.4237,61.9569,19.8194,28.8313,3.89183,58,0.23496,0.899623,1.23008,332.765,69.5925,63.7842,26.4796,2.53242,52.7116,50.7022,12.8448,20.2306,3.371,44,0.251658,0.869128,1.33056,922.439,173.721,150.381,109.19,2.55117,100.371,77.5742,28.0658,39.1202,6.61266,34,0.380405,1.26425,2.99805,445.644,100.675,83.4423,37.8376,1.44698,63.2992,59.3536,16.0536,25.8683,3.36501,44,0.283268,0.752249,1.14717,639.047,121.903,86.0432,47.8759,1.20853,76.7037,61.0861,18.506,31.8681,4.71173,38,0.347177,1.247,1.97869,1370.74,454.291,269.763,93.323,2.34156,123.705,109.136,32.396,47.9878,6.92023,31,0.442976,1.3341,3.55089
decoupled_wbc_h066_p000,1914,complete,90,18,19.5326,2.5782,0.193332,0.141423,379.547,69.5667,76.0507,18.6919,1.56614,63.2963,49.3923,16.5037,23.4615,3.45987,54,0.247356,0.856098,0.887816,344.434,114.521,97.3658,68.6778,1.91278,50.6795,57.7339,15.7173,21.5025,3.45294,38,0.218964,0.754326,1.40361,359.19,102.167,99.4823,39.611,1.56123,57.4318,55.5,16.7046,22.2785,2.93604,45,0.158374,0.725766,0.913832,390.43,83.9071,120.355,93.3967,1.91973,62.1314,45.8175,18.7117,28.4438,4.05228,46,0.234151,0.981387,1.09089,429.388,93.0875,89.8022,46.2374,1.55726,68.2617,54.2288,16.255,21.44,2.73755,32,0.327283,0.926379,1.36757,449.593,127.368,120.195,45.5383,2.24814,71.3034,61.8941,19.5539,24.6973,3.76428,42,0.2668,0.969676,1.4982,528.718,110.07,124.363,27.0392,2.56099,78.1142,67.3839,20.1198,25.8859,4.44269,51,0.271915,0.79264,1.26641,410.766,88.5037,103.838,131.026,7.37483,62.2635,53.5141,16.706,29.686,6.9558,38,0.340375,1.00721,1.21752,671.413,191.284,146.418,113.397,3.80042,90.1952,73.1356,22.2416,36.6963,6.12725,45,0.282286,1.04175,1.76018,556.713,97.0804,86.6508,154.368,7.04403,76.88,59.9126,17.2675,38.691,7.37819,42,0.368328,1.09905,1.61144,451.114,106.901,103.098,37.504,2.65536,69.5868,59.1698,18.6723,34.936,4.14579,49,0.264185,0.909853,1.06081,650.901,134.236,121.04,42.2878,2.61881,83.7565,65.4687,22.8217,39.7993,5.65279,54,0.314684,0.998121,1.05616,558.506,98.9012,87.4631,43.9427,1.46132,67.2828,54.8271,16.7981,33.1728,5.02019,32,0.416,1.27152,2.09296,402.849,78.1166,71.4769,37.6331,1.228,64.6871,55.86,15.8261,29.3972,3.48364,52,0.276938,0.810602,1.11747,563.353,117.899,89.4666,38.6738,2.35879,76.3285,65.7619,19.2942,33.5989,4.51962,45,0.301074,0.893468,1.40641,767.929,168.016,119.473,39.4964,1.97886,81.3831,71.6323,19.2929,34.0554,4.79224,44,0.31836,0.9983,1.83928,1619.96,220.255,218.747,214.803,11.7989,120.092,92.1899,32.7698,73.4699,14.0815,35,0.33969,1.32446,4.45375,368.267,79.2441,64.7438,34.2908,1.97251,55.9599,55.394,12.8058,27.9778,3.17424,37,0.383784,1.05562,1.69667
decoupled_wbc_h066_p000,1915,complete,90,18,29.1997,3.76311,0.137015,0.0399452,508.376,116.018,99.3243,31.0284,2.43289,81.7822,69.0732,20.5991,35.1382,5.18275,49,0.313052,0.979753,1.41996,472.988,99.5648,90.7558,26.8389,1.89499,75.0911,61.8083,19.1536,30.1547,4.38388,49,0.344486,0.921065,1.32549,421.19,84.302,94.7528,24.7251,2.13148,72.9326,58.1295,19.6324,30.3856,4.02819,44,0.361469,1.06504,1.32719,377.774,85.0592,116.413,32.1938,1.37738,61.3471,52.1732,18.3882,26.9197,4.21249,51,0.312086,0.881014,1.19658,383.856,78.5852,115.28,32.0805,2.54616,61.9435,53.0328,18.6075,25.3507,4.81814,49,0.279985,0.907316,1.31124,410.301,75.1328,80.6241,25.5331,1.16526,64.3801,49.8344,17.6252,20.5094,3.33214,48,0.281621,0.904995,0.912622,404.806,90.4928,96.9905,29.0307,2.20644,61.6981,54.9012,18.2763,20.9561,3.72249,37,0.339345,1.141,1.50893,488.917,101.631,80.1409,104.855,3.3472,74.9476,61.0062,20.1009,28.7097,5.31209,50,0.344152,0.897598,1.13148,320.679,81.0213,92.4566,65.3176,3.05474,55.7738,49.3596,17.3476,31.9893,4.89811,55,0.221515,0.754266,0.590799,438.264,116.081,106.465,42.1993,1.54723,69.1379,58.7036,17.3155,24.2631,2.90017,41,0.348728,0.900884,1.3491,531.566,123.129,96.9052,44.1095,1.61235,72.9314,59.5394,18.2746,27.4336,3.29716,43,0.262504,0.974616,1.59511,746.498,212.282,144.582,47.3942,2.89007,91.2192,77.1015,24.9332,35.9492,3.89301,47,0.274051,0.94178,2.10552,1502.16,222.231,203.854,130.54,3.00516,131.155,90.9229,34.4928,57.0946,6.44803,34,0.333714,1.28206,4.09082,495.211,132.509,132.383,49.6293,2.08409,73.9434,64.8068,21.7861,31.1601,4.13327,43,0.36411,0.994941,1.23837,818.306,167.636,118.468,57.2108,1.70099,100.481,80.0464,24.0578,34.0267,5.70994,42,0.330157,1.12729,2.4134,836.981,133.439,118.661,54.4349,2.08665,89.4319,66.8383,24.4143,39.361,8.0498,34,0.421642,1.48466,2.30584,377.955,106.096,109.758,170.358,7.60534,60.9404,59.3501,16.9917,33.5507,9.10154,44,0.266599,1.03651,1.3813,363.461,108.258,94.6364,37.9158,1.87408,62.8657,60.167,18.6098,22.3983,4.58265,47,0.219284,0.817503,1.03294
decoupled_wbc_h066_p000,1916,fell,50.56,11,28.7198,12.6611,2.16122,0.658246,377.619,74.5782,72.76,61.7494,2.09321,57.0537,50.5336,14.9967,25.1561,3.54513,45,0.274537,0.897431,1.36742,348.015,84.037,76.732,39.9187,1.49215,56.4185,53.2014,15.1101,22.3507,3.5488,44,0.268512,0.888779,1.05513,376.145,95.686,78.8305,45.13,1.55386,58.6327,57.6433,15.0211,28.2579,5.38309,49,0.221318,0.835957,1.16539,423.216,99.5789,82.213,47.6055,1.56511,65.8526,57.827,16.2821,27.5939,5.27521,40,0.261409,0.969032,1.38069,312.967,81.4171,80.0055,42.693,1.81148,49.994,45.2995,14.951,23.7093,4.48601,55,0.205385,0.743741,0.721327,442.575,110.906,90.6464,72.4888,2.63054,71.7691,64.1733,18.4554,30.834,4.60178,52,0.284631,0.809071,1.04137,608.093,122.216,111.672,154.792,6.40222,77.3471,69.4154,19.3497,36.7831,7.53841,40,0.371897,1.30767,2.37806,500.137,160.76,141.158,58.4088,2.76304,63.2918,66.5623,21.315,31.0143,4.60846,25,0.203921,0.950477,2.86514,441.626,106.019,131.995,30.7895,1.55613,69.2066,56.3512,19.7847,24.3242,4.57111,37,0.287823,1.03075,1.58941,395.691,87.7245,86.2936,32.1525,1.64727,64.1922,54.6837,17.7016,24.3676,3.23511,44,0.260047,0.964187,1.20077,2308.59,140.633,394.798,164.079,1.88086,90.4234,34.5261,29.8478,35.0704,3.66382,1,0.612595,4.50464,62.4819,,,,,,,,,,,,,,,,,,,,,,,,,,,,,,,,,,,,,,,,,,,,,,,,,,,,,,,,,,,,,,,,,,,,,,,,,,,,,,,,,,,,,,,,,,,,,,,,,,
decoupled_wbc_h066_p000,1917,fell,75.88,16,28.5693,8.89989,2.39877,2.81242,489.374,93.4633,116.682,31.8899,2.12144,77.5665,59.9717,21.6418,30.8783,4.75073,45,0.360426,1.13984,1.42476,428.996,80.5008,89.1515,25.3995,1.87051,68.326,53.9045,18.1263,23.3453,3.53446,44,0.376672,1.05901,1.31805,538.983,103.315,83.1713,24.0829,1.92007,83.8784,64.6049,19.4942,23.133,4.03643,54,0.324052,0.899569,1.28493,413.389,104.787,108.035,39.2499,1.9511,63.3056,55.7322,19.1003,23.6136,2.92493,47,0.28458,0.916244,0.940462,457.745,126.077,122.154,53.8341,2.08573,71.762,64.3385,20.3215,30.0177,3.54522,46,0.280847,1.03791,1.32815,428.483,99.6835,83.5829,26.7815,1.10935,62.1371,59.8224,15.2902,25.1529,3.48576,47,0.304748,0.904147,1.32698,390.236,82.8947,101.902,27.6023,2.07328,63.8098,59.137,17.6376,31.5079,4.63878,36,0.301827,0.935172,1.48319,504.326,107.944,100.088,55.3131,3.0529,68.3342,59.9029,18.8618,35.1955,7.04131,39,0.372644,1.13406,1.81536,570.81,116.168,139.574,40.7964,1.95625,79.5571,63.3702,25.5437,36.5865,6.10918,51,0.294263,1.07274,1.15714,433.759,101.483,83.4951,31.5777,1.36456,71.5223,60.4961,17.6995,29.3778,3.50242,50,0.294735,0.857734,1.26958,639.609,161.062,121.602,170.77,4.14263,89.0253,73.6924,22.6807,50.8575,7.03191,42,0.323807,1.23355,2.08988,448.854,91.4991,92.389,24.5753,1.88264,65.6652,56.5755,16.3919,29.0385,3.44679,40,0.33626,1.07637,1.9693,512.378,102.122,98.0807,131.74,4.65296,69.2591,56.6663,19.068,34.1644,5.68873,34,0.449377,1.24067,2.19207,799.149,285.732,230.458,38.6523,1.2176,93.6188,81.0331,32.2662,46.1998,5.14953,35,0.485396,1.16647,2.04513,468.182,102.433,110.305,37.9681,0.804359,65.0888,59.8326,19.3832,37.6473,3.50768,44,0.325908,1.11242,1.64927,1384.05,109.872,161.156,183.321,10.8265,59.925,25.8063,15.991,32.5822,7.46053,4,0.188477,0.730104,0.421402,,,,,,,,,,,,,,,,,,,,,,,,,,,,
decoupled_wbc_h066_p000,1918,complete,90,18,37.7374,3.10223,0.513722,0.520933,287.856,67.0758,90.6836,27.0894,2.88802,50.8918,46.0085,15.4213,24.8132,4.59391,46,0.228887,0.865071,1.07609,473.875,94.7185,100.439,30.6461,2.32488,71.1475,64.3049,18.2853,27.0213,4.82976,59,0.276785,0.854626,1.1509,404.99,66.6423,79.9808,29.1038,1.36925,65.254,49.216,17.6425,25.8738,4.27359,47,0.30777,0.917549,1.02496,439.252,102.593,100.054,37.1629,2.65812,67.261,59.3972,19.8117,30.8858,4.61865,54,0.275655,0.950022,1.06174,403.569,96.9415,92.6872,30.8666,1.21951,62.7591,60.2584,18.0207,25.1182,4.33999,55,0.26245,0.812152,1.11583,422.757,91.8805,102.739,34.1756,2.30758,64.6915,61.2056,19.3846,30.3754,4.29172,48,0.258372,0.837513,0.993864,392.291,70.129,98.0013,52.0854,3.1302,63.8039,52.0821,17.826,30.0756,5.01861,47,0.290205,1.04435,1.16255,570.057,106.049,98.7356,35.2306,1.86008,77.6056,56.5984,19.7826,33.2096,4.16205,35,0.387107,1.14141,2.06023,534.993,96.709,80.7723,33.0464,1.77621,74.4754,59.6693,19.4711,32.046,3.85691,45,0.322663,0.930579,1.60779,727.442,136.905,228.457,164.903,3.85319,93.6781,63.8568,31.6291,49.1955,8.31322,39,0.314369,1.15873,1.74376,487.903,97.6705,79.5385,45.1225,2.4055,68.4406,58.4904,16.3245,22.3046,7.18373,36,0.412654,1.21262,2.41639,539.604,120.339,187.822,222.617,21.4352,76.9284,61.2291,24.3313,41.4439,14.5304,41,0.350358,0.995117,1.73738,521.204,90.395,96.9254,28.8553,2.26946,66.6624,57.2203,18.5041,26.7801,6.06225,44,0.267027,1.0019,1.2202,424.784,84.7528,110.272,30.3152,2.16481,65.3499,49.5699,20.029,26.0919,7.41784,51,0.29126,0.935628,0.895134,592.448,103.168,93.0015,31.7954,2.8447,79.7578,66.6435,19.253,27.0193,6.35393,44,0.32822,0.919073,1.50532,421.604,101.205,123.07,33.18,2.01938,68.4104,57.6118,19.1638,28.7185,5.66867,43,0.307612,1.00508,1.07357,1120.76,392.4,208.561,51.6287,1.6802,111.919,94.4629,32.8427,39.8397,7.0776,42,0.284706,1.15009,3.74826,1771.39,708.534,300.217,62.6412,1.79544,153.683,156.191,45.691,49.4398,8.52823,29,0.399278,0.981842,5.10261
decoupled_wbc_h066_p000,1919,complete,90,18,26.8382,2.83975,0.162846,0.281991,424.619,90.3725,97.3984,24.1611,1.3498,69.8754,57.5108,18.7187,29.3559,4.68584,49,0.271688,0.894141,1.10584,328.084,74.4622,65.6585,16.4016,1.4604,57.3131,51.1049,15.3252,20.8847,2.54362,54,0.286549,0.784235,0.971369,430.811,98.2915,108.004,31.751,1.70934,67.9073,53.9329,18.771,26.6342,3.35807,52,0.235139,0.911881,0.989147,432.172,88.6744,103.604,53.938,2.35582,64.5593,46.4918,17.2863,25.7661,4.71822,49,0.302957,0.909846,0.826425,451.607,96.726,103.707,82.1846,2.43002,69.2073,57.9996,19.0317,32.123,4.80337,39,0.383305,1.07741,1.41938,365.174,82.7895,72.6938,29.1525,1.16674,52.9197,50.6443,13.2468,26.474,3.69537,38,0.311002,0.952211,1.73231,432.725,106.28,109.309,60.4749,1.72609,63.8067,60.0491,17.7455,36.9331,4.92081,42,0.315009,1.02518,1.3558,464.712,75.6584,79.2216,53.4118,1.99579,63.6356,52.583,16.0095,32.2669,4.69091,40,0.26014,0.852403,1.47811,528.41,101.281,104.241,37.8922,1.5593,75.4964,54.7227,20.3747,35.3728,6.05816,42,0.379669,1.33515,1.29315,395.816,92.2631,110.035,33.0283,1.70733,63.5299,56.7299,18.6204,30.3228,5.53647,52,0.268055,0.838478,1.15201,1067.96,175.378,139.342,38.1635,1.4902,94.574,75.3081,24.6769,34.8321,5.84777,34,0.372679,1.28025,3.67259,569.094,114.793,119.421,90.7873,2.8334,75.0371,63.6939,21.1579,35.8277,6.03384,44,0.301041,0.948135,1.52254,441.565,108.879,149.615,196.163,2.54262,66.4351,60.9622,20.9485,42.1943,6.1077,51,0.222371,0.969207,1.31651,1518.64,451.249,314.104,242.381,8.60839,142.934,130.215,40.018,78.1439,12.8395,29,0.514676,1.37546,5.04148,739.712,147.729,119.679,49.261,1.2661,76.4205,64.1559,21.1507,31.2792,3.38984,47,0.234053,0.795043,1.16718,807.979,124.809,145.911,44.4038,1.55636,87.3546,63.8151,22.83,28.8769,3.51944,46,0.308789,1.05156,1.50804,684.341,198.834,124.53,45.0828,1.98148,83.7359,74.0337,21.6126,29.9429,3.21435,37,0.32402,1.07205,2.21824,450.53,128.309,105.691,37.8997,1.50633,67.7941,66.2948,18.9976,24.7136,3.71577,49,0.279637,0.952846,1.32507
decoupled_wbc_h066_p000,1920,complete,90,18,16.1782,3.32252,0.226356,0.397123,441.275,62.6693,69.4942,20.8401,1.69413,67.5991,46.5104,15.0658,26.099,3.54663,40,0.33482,1.09657,1.26995,362.118,79.6937,58.5566,22.9697,1.70455,54.3296,52.7823,13.0838,23.5981,3.24933,43,0.339716,0.931251,1.43588,393.239,96.5578,84.9796,37.4815,1.93606,60.6475,54.0975,15.8332,30.62,4.1751,47,0.236451,0.874833,1.20388,259.738,52.1882,59.6171,29.8226,2.25661,43.5926,40.9704,12.0624,23.8447,3.80118,40,0.285698,0.941887,1.0673,463.511,90.3787,71.0822,36.41,2.18006,60.6854,56.0358,15.639,32.9306,5.92943,41,0.350566,1.08036,1.59889,498.228,155.616,125.131,35.6877,1.46699,72.3685,66.1373,19.377,37.2343,6.29406,44,0.287674,1.03362,1.29778,502.025,103.403,106.844,107.626,3.42746,67.9505,58.2986,19.0078,41.9624,6.97427,48,0.272573,0.923769,1.13502,448.924,146.293,149.818,42.6072,1.9542,67.403,59.6184,20.5762,35.3493,5.16492,41,0.324706,0.961091,1.31734,341.537,69.7811,68.3068,35.515,1.35659,54.1609,48.0674,13.4601,21.478,2.97559,42,0.283236,0.904571,1.42079,488.946,102.648,105.36,41.2376,2.94536,72.0489,54.5452,18.8865,25.3156,5.17556,42,0.320425,1.02474,1.52649,466.696,88.0355,77.2446,19.8174,1.6911,69.1873,64.501,17.5954,19.4939,5.00912,58,0.278353,0.7265,1.11981,551.284,130.672,138.697,36.0944,1.83164,77.9393,69.9094,22.5191,25.5728,5.48866,53,0.256885,0.890308,1.17186,335.813,108.539,110.688,37.3707,2.32265,59.8908,59.5003,16.9515,21.639,4.73563,48,0.172544,0.757732,0.885933,664.077,137.683,104.228,33.0895,2.58538,85.4595,76.4266,22.3555,21.9487,6.46907,41,0.388026,1.18766,2.45845,612.208,90.4349,102.218,174.161,9.60086,80.9297,61.3582,20.1915,30.0753,8.89038,46,0.371054,1.02794,1.75053,509.11,117.986,126.9,45.2887,1.99305,72.5426,63.3413,19.637,21.816,5.2767,39,0.385785,1.03933,1.79872,1138.96,177.923,209.871,51.3688,2.28211,105.052,80.8887,30.7358,32.0919,7.4813,43,0.213903,1.17933,2.77657,892.107,152.406,132.722,151.833,3.68626,99.447,83.1265,23.2191,34.3733,6.50016,39,0.394961,1.26631,2.47281
decoupled_wbc_h066_p000,1921,complete,90,18,21.2912,3.00494,0.0612009,0.0933975,356.982,63.118,82.4269,23.2218,2.09771,62.1419,44.3796,16.905,25.5218,3.7286,41,0.350944,1.05378,1.10539,534.342,99.9021,109.375,59.5431,3.95887,75.7679,65.0223,20.6429,29.4293,6.92585,50,0.338203,0.910221,1.73217,376.955,84.4783,97.3788,60.7205,2.84161,62.7296,54.6773,18.7259,28.7745,6.265,48,0.280663,0.934382,1.19948,432.771,105.785,107.089,38.3281,3.13548,68.3554,57.657,20.4055,27.1508,5.53557,47,0.339468,1.02662,1.22451,812.931,126.319,145.846,35.5195,2.25501,95.1054,67.1354,28.3233,31.9641,7.24296,45,0.311884,1.02702,1.70358,405.788,93.955,118.575,32.0246,2.06546,66.2436,59.1853,19.487,28.2419,6.67116,49,0.315855,0.950524,1.12694,549.926,106.295,91.8284,62.8732,2.63602,74.5734,59.5352,19.2298,29.7164,7.42097,45,0.305405,0.998348,1.43187,479.324,97.1537,107.718,33.2936,2.58159,70.4156,56.4373,18.8271,29.3648,5.58289,44,0.258454,0.99768,1.3105,341.354,77.4269,88.7139,22.8378,2.40899,58.0976,49.5753,15.4441,28.0354,5.83343,41,0.370703,0.993896,1.29858,347.298,78.8172,74.7496,34.7573,2.47013,52.1051,52.2948,14.4207,27.5034,5.75298,46,0.227778,0.815496,1.18736,518.893,103.64,90.6581,53.782,2.90921,67.7832,58.0811,18.6544,39.0099,7.16397,41,0.309448,1.093,1.52368,381.434,106.754,99.7297,38.0622,1.87634,64.7336,54.9969,17.2806,31.4991,6.2853,47,0.25328,0.921979,1.01362,550.082,122.055,126.434,38.6896,2.01661,77.676,66.655,21.3635,35.7335,6.80276,53,0.321235,0.836957,1.36415,420.54,97.9561,118.522,34.3261,2.68937,62.9591,56.4326,18.7571,30.5747,4.83205,48,0.218137,0.990854,1.13626,473.008,70.4889,57.4208,35.7645,1.99059,62.1697,53.0252,13.5846,27.9734,3.33783,34,0.358254,1.02411,1.57773,860.935,161.648,142.657,155.164,10.3689,96.7287,77.9159,28.6135,52.8323,10.6839,45,0.333215,1.41103,2.62211,406.486,105.147,99.6652,33.8777,1.75962,65.6822,59.2213,18.5757,25.4096,3.85655,50,0.256525,0.741214,0.955466,527.109,145.552,96.5938,29.0205,1.97918,72.1379,64.4461,17.3502,22.4,4.54272,37,0.35624,1.05192,2.03868
decoupled_wbc_h066_p000,1922,fell,85.7,18,16.5094,10.3476,2.45359,1.97194,415.439,99.6463,85.5033,32.4874,1.97676,62.6245,54.8002,16.3764,28.0561,3.85888,44,0.33852,1.02389,1.29495,420.323,99.8267,77.3032,38.6855,1.21282,64.5289,60.2147,15.363,27.5117,3.96343,39,0.28994,0.89729,1.74911,465.149,117.643,127.172,43.743,1.52824,73.4382,63.2422,19.7494,31.3789,3.97292,50,0.306712,1.02733,1.32473,381.416,98.358,100.101,39.5678,1.924,66.4574,52.181,17.7205,29.0573,4.09676,47,0.279986,0.930427,1.02705,346.507,93.9032,79.721,34.2918,1.83602,54.8716,57.2298,14.2977,24.514,3.40797,44,0.270743,0.854008,1.22531,398.718,127.34,116.71,50.785,2.2306,63.3927,58.1468,18.242,32.0598,5.03267,49,0.239638,0.837171,0.965818,371.081,75.2025,106.021,28.5142,1.8301,62.2569,49.5879,16.9175,26.9592,5.07024,48,0.309799,0.913629,0.958887,371.24,113.378,129.436,44.5426,2.93466,60.1605,60.1085,18.6954,26.4009,5.98106,48,0.230548,0.875674,1.2008,444.808,103.851,125.709,39.4079,2.82652,61.3543,56.2052,19.1862,29.1968,7.26935,40,0.295949,0.954112,1.62487,407.918,75.1355,85.4718,28.7393,1.76203,64.4808,46.2484,17.0296,23.1532,6.30157,42,0.332399,0.928426,0.971558,398.391,87.4063,64.3784,70.5746,2.50996,57.2043,53.2115,13.3788,24.0379,6.26507,39,0.326954,0.84988,1.42438,386.746,93.9954,84.475,40.9722,1.96704,54.7736,56.4454,14.6765,27.8974,6.61086,41,0.285922,0.972928,1.45882,404.098,110.829,111.094,50.8341,1.81253,60.81,59.2149,18.7432,29.2518,6.86283,46,0.196595,0.834686,1.10351,346.533,87.0647,77.8784,40.2534,1.977,58.3235,50.5539,15.9892,29.0494,4.43754,50,0.232444,0.86884,0.775585,862.187,169.441,156.426,52.496,1.62927,83.2461,72.175,22.5654,39.9386,6.32795,40,0.214715,1.01649,2.6223,593.643,143.432,137.724,172.706,17.4604,86.1745,70.3683,23.5447,48.8201,13.1244,35,0.285028,1.0578,2.1941,647.597,134.676,125.535,47.4494,2.0654,79.4617,63.6029,20.5012,35.1804,8.18916,36,0.338729,1.1541,2.45528,1623,103.891,258.262,150.139,13.8396,70.9149,27.4493,18.3923,50.8914,13.6189,1,0.390274,1.09237,1.82642
decoupled_wbc_h066_p000,1923,complete,90,18,15.3241,3.50111,0.176269,0.156742,517.332,111.534,109.936,31.7659,2.32051,77.2025,68.2339,19.7862,33.5471,5.16763,56,0.268325,0.856736,1.27646,356.526,79.911,82.9324,75.0671,2.69867,58.2508,54.141,16.5244,29.914,4.98224,53,0.2204,0.841389,0.953489,449.916,95.5611,81.6942,52.928,2.39523,67.9195,58.7722,16.3597,30.5948,4.4269,38,0.331224,0.957161,1.76091,322.188,72.4044,65.9573,32.4388,2.63911,56.1306,50.6982,14.9277,27.1466,3.99538,50,0.266977,0.848889,0.841544,423.974,111.194,96.8094,85.1685,3.25908,70.4402,61.7753,17.3751,34.0864,5.91016,48,0.310161,0.880862,1.19717,438.887,94.5666,103.873,125.755,2.97962,67.5539,57.0566,17.981,36.0211,5.82644,44,0.335558,0.887256,1.06094,727.345,133.032,132.184,37.5731,1.2571,92.6025,71.8064,23.3406,40.2522,5.43419,48,0.322275,1.12835,1.74427,485.038,89.3566,101.208,41.5583,1.68724,64.9515,54.0853,18.3481,32.6094,4.1875,40,0.336356,1.20189,1.59872,433.211,90.8203,83.26,30.7519,2.79684,61.0491,55.4459,16.4498,30.5206,4.51453,42,0.321784,0.965285,1.54569,563.564,126.734,125.732,38.4086,2.16228,83.5018,71.3445,21.8019,38.5724,4.7847,47,0.278069,0.931337,1.53184,479.634,84.5837,92.0905,25.5134,2.67048,74.1119,57.4624,18.1594,28.2709,5.25424,48,0.309451,0.949974,1.57986,372.019,92.58,102.179,28.1564,2.39003,61.4716,55.0246,17.5764,24.7588,4.84364,48,0.297164,1.01286,1.04563,392.639,88.2219,75.3795,24.9185,1.03025,63.8938,56.3113,15.5082,17.3501,3.39424,52,0.257126,0.789578,1.01726,374.695,98.0135,95.5704,27.1264,1.33954,61.2888,59.6446,16.9945,22.5636,3.65664,49,0.25815,0.858513,1.24347,438.072,114.606,138.694,40.1631,0.91972,67.446,61.9827,20.7235,29.0099,3.65955,35,0.238784,0.997415,1.6243,612.486,145.883,126.685,181.317,1.87065,84.8734,71.6412,21.9647,34.1709,4.93889,43,0.369414,0.948117,1.45039,497.121,158.095,103.725,43.5444,2.57212,71.0115,70.01,18.7881,25.1671,4.06492,59,0.245719,0.765224,1.00481,398.292,86.4315,90.4363,33.3776,1.50663,65.077,51.8909,17.2613,21.0728,3.59902,42,0.281417,0.936035,0.944862
decoupled_wbc_h066_p000,1924,complete,90,18,19.6416,3.23761,0.282611,0.362351,378.528,77.718,79.2602,26.6741,1.98573,61.489,50.683,17.0396,26.7978,3.81692,44,0.266019,0.950865,1.15135,374.105,97.1552,93.9518,33.1966,1.40262,57.4847,55.7906,16.212,29.334,3.53401,49,0.241265,0.86807,1.19432,348.885,73.1014,92.6885,41.3242,1.5174,56.5117,47.7773,17.0795,29.7257,3.99164,46,0.256685,0.961174,0.936973,390.795,73.2872,73.6786,26.5975,1.44854,59.8697,51.3576,15.7284,23.6467,3.01942,49,0.263462,0.864634,1.13952,308.846,76.2417,93.2943,27.7184,2.33851,53.4117,47.2097,17.019,22.3869,3.9224,46,0.266656,0.947855,0.960795,534.308,108.141,109.541,90.6603,3.58798,70.6608,58.875,20.6031,30.813,5.65542,37,0.36982,1.17711,1.57529,388.246,73.7043,92.064,25.9219,2.43673,66.8785,49.1764,18.0837,28.1869,4.5803,47,0.320788,0.915082,1.08088,465.405,91.3939,98.5669,31.1778,1.48019,72.0427,58.4861,19.3365,30.7267,5.7037,44,0.283016,0.987345,1.50796,374.409,68.6237,98.769,124.326,4.77392,56.6024,49.5806,17.7904,33.6431,8.09201,50,0.246546,0.855288,0.887956,510.891,110.86,97.6701,61.6862,3.17152,73.7215,62.1818,19.0909,32.3911,6.36417,50,0.356184,0.932876,1.63344,507.595,100.936,104.181,30.7755,1.72622,73.4619,63.0611,20.4483,28.4878,4.57883,56,0.246345,0.894254,1.17439,666.418,164.615,121.765,38.2399,2.00277,91.0923,76.4524,23.8731,31.6728,5.62407,47,0.301765,1.2283,2.39829,469.758,80.9723,74.2848,40.7676,2.22512,64.6375,55.3976,15.7914,25.4886,3.78948,32,0.402781,1.1984,2.1333,337.071,83.5171,68.859,30.7234,1.56586,59.1198,51.8035,16.6638,26.1605,3.82606,47,0.245116,0.776031,0.812714,539.572,117.175,102.688,47.6453,1.32763,71.6938,64.1821,20.135,29.9,4.33456,46,0.300442,0.986297,1.62218,1075.39,166.183,184.245,204.341,4.34167,105.915,78.4486,32.0461,45.4648,8.80444,35,0.362214,1.60563,3.45736,575.906,118.728,85.0303,32.7288,1.61145,82.24,67.8615,19.5135,21.1656,3.21023,50,0.36037,0.811574,1.27689,568.226,115.465,125.01,31.4465,2.06271,78.8688,60.7204,21.9697,27.8291,3.95061,48,0.31504,1.0237,1.10358
decoupled_wbc_h066_p000,1925,fell,81.02,17,27.9831,12.3075,1.63052,0.761091,413.233,88.8741,93.2722,25.073,2.19682,66.4143,54.0208,17.9907,29.3375,4.14958,45,0.308937,0.931376,1.19391,357.378,76.682,76.5006,39.2104,2.10267,58.4488,50.1784,15.1109,26.1831,3.71332,44,0.266377,0.955624,1.19476,331.588,91.4861,81.2015,32.2596,1.39803,54.0695,56.0088,14.8359,24.453,3.63457,41,0.27045,0.915612,1.28456,360.42,98.2722,100.798,35.5687,2.27854,57.7688,52.7177,16.3262,30.1128,4.66182,44,0.283371,0.87677,0.92645,517.643,109.409,88.8809,31.3526,2.29285,74.5788,65.4588,18.7019,33.9104,5.5198,44,0.284531,0.923838,1.46185,500.62,116.423,111.812,33.7763,2.83126,69.3921,62.5179,19.4654,29.6674,5.50567,52,0.245077,0.97136,1.15541,560.548,124.897,108.499,55.8324,1.30476,83.025,67.8247,22.3894,32.9317,6.0952,54,0.28718,1.00824,1.2756,477.018,106.09,117.555,52.2477,1.68704,74.8881,58.4458,20.8302,32.2705,4.55299,50,0.28237,1.09582,1.29428,393.443,93.5531,109.795,106.29,23.744,63.021,59.875,17.3824,34.4999,13.4855,42,0.297223,1.01667,1.76164,273.326,74.0676,77.3379,23.8026,1.90976,51.0567,49.7734,14.7953,19.0744,3.47772,40,0.240058,0.832178,0.911803,501.08,125.314,123.262,55.152,2.20511,78.4081,69.5095,21.8637,28.4612,6.36991,54,0.281799,0.973488,1.43633,709.184,210.491,157.024,132.294,3.01093,90.9654,73.8925,23.7657,35.1588,6.62494,36,0.489791,1.23782,2.19422,574.343,125.117,134.946,26.563,1.30982,73.4718,64.4805,20.8834,25.3021,4.66052,42,0.372797,1.05949,1.55073,498.259,96.1589,109.199,32.6693,1.7688,66.6747,61.5882,18.1661,21.43,4.93899,42,0.324027,0.945142,1.8314,538.327,107.802,118.799,30.8309,2.87251,80.2246,62.2152,21.3077,24.7498,6.46905,47,0.274992,0.932764,1.33496,490.774,94.3479,82.9559,29.5463,2.17989,67.1261,59.9771,16.091,21.0743,4.69903,45,0.364564,0.981268,1.74859,2709.01,397.378,411.468,55.7043,3.09067,124.79,55.4769,34.9759,32.9099,7.97198,1,0.405304,0.935322,1.94623,,,,,,,,,,,,,,
decoupled_wbc_h066_p000,1926,complete,90,18,20.5706,2.68509,0.209403,0.229727,540.684,107.375,105.147,76.4601,2.83086,79.7895,67.2677,20.1459,37.3001,5.08358,40,0.352086,1.09083,2.00416,433.562,96.6327,107.448,44.421,2.65668,71.2106,59.0909,18.5744,35.9631,4.87596,49,0.335482,1.06516,1.30807,349.312,72.3923,64.1288,19.7413,1.94753,55.1192,51.4056,13.6188,22.1587,4.34929,34,0.431497,1.11841,1.99621,369.479,85.3091,107.485,23.8069,2.01774,58.1935,51.6516,17.363,26.0641,4.93684,34,0.260754,0.968368,1.65831,490.063,97.0849,97.5006,48.4339,2.16298,72.8491,57.3903,18.6645,31.0745,6.18161,43,0.298137,1.12494,1.48529,350.945,79.1423,98.4557,42.7608,1.67289,61.9604,51.703,17.4039,29.6603,5.60735,48,0.348519,1.08819,1.28796,459.762,106.629,124.635,32.6014,1.18911,73.3732,62.3823,20.8329,30.8494,6.4408,52,0.364875,1.00534,1.4746,469.296,97.3252,83.127,23.0907,2.38046,67.7055,63.9036,16.0526,26.1325,5.59746,40,0.39689,1.15183,2.11244,370.375,85.4894,113.306,31.0096,1.98317,58.6465,50.5629,18.5491,27.2918,5.61243,39,0.311419,1.04476,1.34621,696.136,133.232,120.021,40.9892,1.88894,89.4773,65.5421,20.9355,28.6452,5.82515,46,0.304446,1.03851,1.51553,462.896,110.698,102.651,31.8916,1.47746,73.9712,62.9399,19.647,24.8518,4.00655,46,0.231699,1.00471,1.17307,459.063,98.2958,84.9305,30.165,1.43922,68.0801,58.1575,17.6189,19.1767,3.3391,54,0.322934,0.863063,0.982282,414.209,131.769,102.811,34.1675,2.01591,70.4418,65.2386,19.1758,24.049,3.74087,58,0.186714,0.756775,0.823313,1193.92,368.567,222.121,35.9796,1.16337,117.97,100.656,32.527,33.6819,5.07268,32,0.372448,1.04891,4.07569,475.444,108.318,129.303,126.198,3.83534,69.6652,63.2332,20.0442,28.1496,5.25169,45,0.282628,1.08302,1.72323,702.276,269.254,172.797,49.7024,2.05813,91.0196,78.6043,25.7847,31.5434,4.40264,40,0.393348,1.16666,2.017,474.394,110.943,119.907,19.9725,1.85503,72.438,60.8167,19.8221,21.7852,3.09167,57,0.246642,0.793804,1.14669,428.777,91.2244,83.8442,33.0768,1.34838,61.64,59.4158,14.9328,19.5036,3.49245,52,0.309714,0.806164,1.13482
decoupled_wbc_h066_p000,1927,complete,90,18,15.0807,3.07238,0.298648,0.34032,384.523,93.425,109.02,23.1549,2.48834,67.8325,54.8529,18.4974,29.8809,3.97738,41,0.297978,1.10512,1.60801,511.8,93.4383,93.7808,48.8179,2.24848,77.7463,59.8643,19.1902,33.6055,3.79664,47,0.402939,0.97576,1.32304,505.565,92.7,80.668,40.3259,1.74025,68.656,63.3052,16.2445,26.8016,3.56558,43,0.311699,0.873255,1.56181,342.517,77.5331,90.2111,33.6768,1.61424,56.3918,48.3186,15.6736,29.2409,3.27369,47,0.27772,0.929712,1.08453,453.159,93.1994,103.671,39.2583,2.88619,72.6426,56.2014,18.9933,35.4595,4.55629,45,0.342081,1.0814,1.1665,351.351,69.1692,86.7951,26.5192,1.65012,59.5928,47.7555,16.234,29.7267,4.85139,42,0.368794,1.1117,1.43321,472.921,105.679,100.185,38.9462,1.86428,65.0187,54.2248,18.3946,35.104,5.73838,42,0.337932,1.0885,1.24143,380.143,77.8467,72.4171,65.6492,2.1308,56.7791,49.9093,14.0188,30.3499,4.52435,39,0.345597,1.08566,1.96008,545.293,108.859,97.8875,57.4285,1.78193,71.9669,58.0305,18.5322,38.6563,6.51679,44,0.325767,1.18554,2.11175,448.535,138.403,104.224,43.7863,2.00194,72.6388,65.193,18.8746,34.539,5.46363,49,0.365513,0.958529,1.24104,554.551,136.089,102.883,46.8704,2.76659,72.3716,59.4919,18.7426,36.2744,4.93876,37,0.335889,1.09968,2.17489,414.742,109.07,114.973,39.1137,2.10172,65.6949,58.5631,19.0715,26.5271,3.74478,54,0.21925,0.871074,0.98611,448.354,115.84,112.703,71.1152,2.53398,67.6362,66.0388,17.9728,30.0016,4.97378,49,0.247472,0.790109,1.16104,368.549,76.714,99.2305,45.7387,2.30746,59.7512,48.8266,16.54,25.8077,3.90407,46,0.259617,1.0409,1.06614,561.021,102.376,98.2452,39.268,1.59103,69.8786,58.7551,18.6595,24.9576,5.75128,35,0.397111,1.0872,1.97537,615.356,105.552,104.549,34.9665,2.21269,77.6328,67.3328,17.9675,24.762,5.87385,41,0.350488,1.11499,2.36976,319.494,107.487,90.4132,40.7405,1.99691,53.3066,57.4076,14.8388,22.2448,4.53968,31,0.223047,0.901289,1.65386,462.654,111.039,95.5879,51.6349,1.99327,71.0379,55.3858,19.8467,25.5602,5.98563,47,0.265725,0.9505,1.15139
decoupled_wbc_h066_p000,1928,fell,56.2,12,31.0085,4.35714,2.1783,3.62514,307.831,69.5046,87.3455,20.6973,2.54859,55.3214,49.8656,15.1139,26.1293,4.50112,44,0.300817,0.938675,1.16953,325.101,72.257,76.8035,26.7326,2.2488,53.4027,47.4873,14.6726,23.5571,4.80243,41,0.292792,0.933315,1.30636,294.411,73.4252,91.1528,33.9804,1.69461,56.5926,46.984,16.9101,25.8061,5.26471,52,0.218366,0.772607,0.718939,467.101,121.309,99.709,35.9251,1.93918,70.3094,64.6372,18.5466,22.9743,5.19748,62,0.246344,0.827986,0.97919,393.717,99.6388,83.5391,28.2241,2.36555,59.9498,56.2467,15.7661,22.3397,5.17634,37,0.303806,0.959568,1.81713,424.859,94.927,83.8209,53.512,2.62754,67.9283,56.5798,16.3901,26.5703,5.52875,53,0.278025,0.870291,0.992335,380.714,81.6373,112.28,54.3511,2.4525,65.6802,52.6687,18.1243,31.6296,6.74458,47,0.281149,0.95854,1.16424,377.322,65.2101,79.0205,28.8435,2.82344,60.6922,48.8706,14.7084,26.5363,5.83224,35,0.341901,1.12284,1.46998,430.689,110.372,155.969,80.5841,3.34382,68.481,62.5877,20.3222,38.2011,6.03107,51,0.284741,0.870536,1.15576,480.817,89.0326,116.698,119.456,3.7219,74.9776,51.8187,20.4843,31.798,6.3663,44,0.312991,0.987289,1.12945,516.655,124.01,134.913,39.2395,1.82332,75.4386,66.2078,21.453,33.6699,5.58531,43,0.371867,1.00343,1.54829,1794.68,375.016,308.072,61.537,0.738869,82.7639,55.4599,28.1943,34.4991,3.38352,3,0.161748,2.50972,24.7928,,,,,,,,,,,,,,,,,,,,,,,,,,,,,,,,,,,,,,,,,,,,,,,,,,,,,,,,,,,,,,,,,,,,,,,,,,,,,,,,,,,,
decoupled_wbc_h066_p000,1929,fell,55.72,12,19.0304,9.88631,1.53461,1.57175,351.522,61.5554,75.758,33.5082,2.35727,58.9565,46.6914,15.2673,24.7486,3.75363,43,0.316367,1.01591,1.34581,488.518,102.53,90.5354,26.7683,2.9804,74.4249,59.0596,20.1017,33.7331,5.02016,50,0.341898,1.0536,1.3292,464.216,94.9719,117.106,30.3302,2.18906,73.3486,61.2036,20.7035,34.0075,5.69317,57,0.294688,0.884939,1.24177,386.993,80.1138,98.1905,54.7314,1.67659,60.9248,52.7916,17.8707,28.7521,3.77465,52,0.301497,0.847945,1.0079,380.938,86.5355,100.907,30.0773,2.45477,65.6058,56.5352,18.4546,29.428,4.19831,47,0.249401,0.920546,1.21244,370.141,69.1258,83.2184,26.3885,2.36817,59.8897,47.3018,16.3719,23.2502,2.92876,46,0.260905,0.867304,0.823289,334.564,85.3641,62.4448,20.8808,1.75894,55.4593,54.1679,14.4237,20.1911,3.29744,47,0.251147,0.797006,1.10031,390.71,91.8188,88.3513,33.4502,1.50408,65.8954,58.3259,18.4229,28.0519,4.78824,56,0.237282,0.820602,1.08955,433.387,119.595,108.227,40.5826,2.89836,69.0367,60.0004,19.2757,27.648,5.68884,56,0.281495,0.845406,1.10978,431.025,76.6922,81.7483,33.6558,1.61404,66.1801,53.2382,16.4844,23.5757,4.14548,44,0.330027,1.00163,1.2597,874.096,220.554,235.793,53.4607,2.55663,94.3797,80.5379,32.1482,39.3658,7.17149,44,0.330151,1.13621,2.41876,2938.63,158.913,396.822,78.7376,1.06558,105.888,40.5666,26.6056,25.0353,3.2497,2,0.338547,2.65321,46.0218,,,,,,,,,,,,,,,,,,,,,,,,,,,,,,,,,,,,,,,,,,,,,,,,,,,,,,,,,,,,,,,,,,,,,,,,,,,,,,,,,,,,
decoupled_wbc_h066_p000,1930,complete,90,18,19.248,2.59297,0.102113,0.115728,439.495,81.3161,74.2973,16.8537,1.85748,65.2815,51.5308,17.2825,26.1729,3.81449,55,0.295378,0.964533,0.970749,398.079,69.6176,103.864,35.0026,1.97211,63.9935,46.6372,17.5737,28.3586,5.86101,46,0.286752,1.0471,1.16242,441.22,87.4958,105.283,30.44,1.67468,69.2865,57.0062,19.3957,24.7889,6.28615,43,0.316995,0.98968,1.15861,368.126,83.9459,89.6432,29.5704,1.72297,61.539,53.5068,15.7409,22.7547,4.17215,52,0.202335,0.79534,0.911673,380.601,90.1379,97.0646,38.5903,2.26189,61.3644,53.1029,16.7386,23.6959,4.33864,55,0.274687,0.812435,0.85117,346.369,71.8467,83.8172,28.0019,1.59177,56.7248,52.2813,16.7999,21.3983,4.37538,42,0.329215,0.988795,1.26109,395.9,103.231,94.9767,83.5913,2.00289,64.792,59.238,17.0057,27.9971,5.43639,49,0.30411,0.901307,1.00386,467.133,108.075,102.934,59.7799,2.49108,71.923,61.7332,19.4361,33.5124,6.51894,48,0.318579,0.928173,1.37127,364.914,105.962,100.681,41.2276,2.31539,62.3627,57.9111,18.8468,26.3191,4.96978,56,0.21872,0.720381,0.734852,449.289,103.946,107.793,40.8788,1.29484,64.5843,55.8205,19.3176,25.3929,4.44016,40,0.297147,1.0441,1.37295,387.112,133.526,117.129,139.009,6.06645,66.2906,67.5333,19.5194,29.3547,7.51056,45,0.180387,0.739929,1.14518,686.627,153.799,141.837,225.194,20.3938,88.7089,73.0339,24.0982,42.2501,13.6801,45,0.289587,1.17237,2.21791,1733.64,208.128,189.784,69.5089,2.31754,110.993,75.7076,32.3567,48.7505,5.19709,33,0.319643,1.11946,4.62161,536.07,113.993,117.633,131.459,2.16198,76.2879,62.3761,20.5658,35.6146,4.2154,39,0.321595,1.07579,1.70845,443.975,93.7144,72.9772,93.0988,4.58643,60.0714,56.6511,14.4902,30.8637,4.74898,45,0.304672,0.885596,1.60323,439.993,92.4567,120.616,29.1899,1.69822,66.2601,52.3534,19.621,30.203,5.07006,43,0.346585,1.038,1.07355,500.536,124.434,118.604,37.5425,2.01689,75.3901,65.1733,20.2746,32.8867,5.49285,46,0.23759,0.997905,1.4512,381.303,88.2444,127.214,169.902,4.08007,61.2159,50.9562,18.1349,40.9273,6.11994,40,0.273327,1.07873,1.19327
decoupled_wbc_h066_p000,1931,fell,80.58,17,20.8999,7.15057,3.38577,3.38869,387.42,74.8958,77.2465,47.3485,2.52488,56.842,48.8535,14.8672,26.2963,4.33847,36,0.379307,1.13871,1.65643,473.975,76.8205,131.579,53.665,3.19675,67.0387,49.4319,19.0153,35.973,6.6549,36,0.342649,1.10755,1.71507,421.725,90.853,79.6021,32.5863,2.01925,67.0091,57.9178,16.3765,32.7705,4.29901,59,0.311941,0.873707,1.03694,365.757,72.5636,50.1874,34.8878,1.67621,58.657,53.2153,13.9381,28.7384,3.09687,56,0.261936,0.759704,0.874256,408.408,86.809,89.0583,38.2156,2.88153,57.8964,53.5688,15.2196,31.8077,4.44253,51,0.210162,0.759817,1.11111,493.948,98.9375,105.033,39.6198,2.0795,74.8242,59.3544,18.2896,36.8425,5.02453,39,0.324019,1.0167,1.58738,432.462,82.2386,76.1302,37.7903,1.46558,60.0853,51.6691,14.3094,29.6646,4.12477,32,0.372077,1.14965,2.15199,514.138,102.106,120.55,41.8557,2.24714,70.0211,54.0683,18.4061,32.4505,3.80726,41,0.315135,1.05806,1.44884,496.253,91.328,66.1349,29.4581,1.39871,70.0525,50.8916,15.2335,32.1192,3.61254,33,0.33142,1.18615,1.4708,466.4,101.331,70.4827,29.7525,1.37527,68.7621,56.9688,15.2955,26.7009,2.22796,43,0.27672,0.933426,1.27977,322.495,67.1832,49.2181,28.6999,6.69403,49.9239,45.019,11.9839,28.6715,7.29795,44,0.24964,0.855836,1.13027,542.403,231.651,134.738,43.813,2.00568,74.8962,68.7581,21.1386,43.2711,5.32722,48,0.173741,0.731698,1.23769,1236.54,348.918,165.597,73.5177,2.88589,109.719,88.8319,27.9153,57.7798,7.02933,33,0.346655,1.12943,3.20465,1000.97,158.525,133.553,47.0455,2.48579,92.1433,73.4199,22.9639,41.6054,5.86547,39,0.258934,0.994764,2.14854,666.413,169.179,129.024,121.975,2.71146,76.7588,69.582,22.2674,56.469,6.29691,36,0.228777,0.946959,1.99218,527.104,146.617,114.652,28.7739,2.47261,71.8402,62.9372,17.0774,36.7829,6.696,43,0.250864,0.893141,1.44307,1173.3,103.209,300.038,183.563,17.0944,38.2604,16.8376,13.6213,27.8864,11.5558,4,0.0795135,0.689766,0.564941,,,,,,,,,,,,,,
decoupled_wbc_h066_p000,1932,complete,90,18,15.0322,3.17435,0.223854,0.0481423,344.818,78.6882,79.0653,44.3359,1.93532,55.6443,51.1664,15.8234,26.7418,4.45101,43,0.253366,0.921777,1.277,447.474,109.191,103.567,38.4979,1.60762,71.5518,62.3273,18.6306,33.4856,4.01081,48,0.342502,0.988974,1.42027,462.562,100.151,82.6492,36.7061,1.62294,63.1464,59.4247,16.9726,29.3066,3.71281,47,0.305058,0.871661,1.39018,416.914,83.6833,82.5339,35.6666,2.08057,63.3795,50.7827,16.6857,32.6978,4.52745,42,0.29748,0.979659,1.31075,435.214,90.9186,103.517,114.577,2.80195,62.3765,51.9696,17.571,37.0134,5.51344,45,0.303413,1.00972,0.995404,428.329,99.2411,88.0575,29.8594,1.51418,67.2132,62.5665,17.15,31.752,4.47755,56,0.320758,0.943365,1.15956,467.234,101.475,169.02,135.556,15.617,68.7883,60.1837,20.7245,48.8985,16.9883,42,0.300316,1.00358,1.58058,342.841,94.1725,85.7336,97.2518,2.37513,58.6758,52.9432,15.2838,22.7679,4.38939,48,0.236831,0.769347,0.646756,406.675,88.9505,72.2388,34.9208,3.00766,53.7941,52.0671,14.7987,18.6713,3.00693,39,0.268409,0.889436,1.38485,408.191,108.657,88.8256,31.959,2.65482,63.4169,63.4321,16.4439,22.5,4.02573,51,0.258382,0.816535,1.41384,399.24,93.8369,81.7176,32.9603,2.01821,58.2814,57.021,15.1908,22.9804,5.54083,37,0.311036,1.00882,1.83476,598.601,113.454,138.635,55.9075,3.21754,71.7624,63.4957,19.413,30.5156,7.1457,42,0.267728,1.13609,1.80274,634.114,129.563,133.182,32.7319,1.86649,86.8476,63.975,22.7854,30.0907,7.21191,48,0.279797,1.08925,1.33839,398.976,106.856,102.435,23.8079,1.69439,65.2555,60.0782,17.8581,23.934,4.50451,47,0.291549,0.975809,1.36385,463.844,92.1226,78.5903,53.0347,1.55407,63.2422,58.8599,14.9748,25.0973,3.2154,44,0.29419,0.906265,1.72362,1946.61,229.283,222.304,55.0504,1.92556,135.061,92.4509,34.8053,45.5467,5.50929,42,0.334213,1.3253,4.70766,383.023,100.49,103.563,24.0498,2.04587,63.9025,53.8876,17.9359,23.966,3.36535,51,0.30169,0.895709,1.03553,437.852,112.081,95.2947,32.1366,2.0066,67.3715,66.3432,17.3566,25.8044,4.1195,44,0.27406,0.944701,1.38738
decoupled_wbc_h066_p000,1933,complete,90,18,15.6817,3.40252,0.0580429,0.155781,404.312,82.2613,73.7857,32.4074,2.95393,64.9596,52.317,16.7239,30.3663,4.95992,54,0.278921,0.849409,0.906583,414.187,83.2283,80.1544,22.2578,1.73282,62.6699,55.0365,16.289,23.8947,3.85451,37,0.388918,1.0215,1.98,512.753,105.769,115.233,28.4583,1.84214,76.8436,65.6128,20.0464,31.7917,5.40568,50,0.284258,0.872685,1.3658,389.776,92.9591,104.74,33.631,2.37077,63.4481,58.5711,17.4393,25.7475,5.3364,49,0.258738,0.86176,1.1917,321.751,86.6243,78.9895,40.904,1.50144,56.43,50.5053,15.2744,24.0499,4.06877,48,0.203968,0.769381,0.710441,512.755,128.895,94.2087,66.7523,2.02237,74.4862,65.1302,18.6896,28.2917,5.8732,45,0.272312,0.915489,1.3854,459.503,96.787,77.3228,37.7968,1.70416,63.1393,63.371,15.696,22.989,4.90471,36,0.367619,1.12246,2.12133,494.512,131.978,106.769,46.2371,1.76767,76.2984,64.7594,19.0734,24.8039,4.60052,49,0.311514,0.927845,1.29471,433.898,109.487,107.812,32.3246,2.28557,65.1492,56.3201,18.6336,22.3251,5.29245,49,0.309489,0.881653,1.04786,429.097,98.5491,83.5098,29.7566,1.23778,68.0979,62.0972,17.1468,19.9302,3.74033,56,0.312437,0.819748,0.968892,573.838,117.876,130.464,143.822,2.80299,81.6501,67.2534,21.4022,30.8203,5.57733,44,0.365793,1.04691,1.56799,485.112,111.52,105.2,27.6631,2.29451,73.8838,62.7351,20.9192,28.6558,5.0757,49,0.299599,0.93386,1.16247,447.677,94.3615,103.929,48.6301,1.52884,72.6096,55.9237,20.09,28.0952,4.58911,50,0.287463,1.12848,1.30345,613.232,119.711,107.166,49.7926,1.51269,83.9764,61.6142,19.7481,25.0428,4.20894,51,0.271046,1.02616,1.14455,388.796,121.323,87.4817,42.8236,1.43162,57.2908,58.9089,15.157,23.9476,3.3683,43,0.224539,0.808133,1.50764,355.142,107.357,109.758,55.3242,1.83733,57.0989,50.5484,17.4628,27.4332,3.95,42,0.255927,0.893632,0.99627,468.098,110.35,85.8767,35.8571,1.75025,65.0386,65.1164,15.263,23.7151,4.11132,40,0.368131,1.14986,1.9292,457.524,164.031,103.25,67.7033,2.16055,71.236,69.6636,19.4937,33.3642,4.86571,47,0.323807,0.802652,1.47971
decoupled_wbc_h066_p000,1934,fell,70.88,15,27.2001,4.18793,2.00419,0.794171,454.627,87.8738,81.9905,27.795,1.82477,68.4648,55.2808,17.8126,28.376,4.33418,42,0.366328,1.00916,1.33178,471.496,107.415,81.6136,34.2553,1.97476,67.5064,62.0799,15.6477,29.9175,5.26636,51,0.271181,0.82769,1.35967,361.478,87.802,81.7316,109.8,5.07141,58.21,50.6165,15.931,35.8725,6.27832,46,0.235127,0.840248,0.806867,306.509,72.208,68.5562,35.4375,1.85789,53.3119,44.1935,14.8198,26.9284,3.15491,51,0.23561,0.765462,0.751839,416.61,98.17,77.9391,82.0524,4.36497,65.8048,54.1973,17.1541,38.3521,5.84776,43,0.295003,0.914489,1.00117,449.357,91.5024,68.4953,38.8875,0.930556,62.5073,54.1289,15.6802,31.834,3.73449,42,0.262633,0.908635,1.42364,336.466,92.5402,81.5374,36.0347,1.30283,56.1139,51.258,15.7686,35.7482,3.38697,46,0.260152,0.803273,0.848907,441.854,122.273,78.0601,83.7078,2.65218,60.3673,56.1191,15.3025,38.9536,4.98414,38,0.254255,0.801038,1.76181,527.311,118.5,81.7429,35.8132,2.66162,68.6687,66.1906,16.7755,32.3602,3.95448,51,0.241042,0.781357,1.37291,597.284,141.084,124.894,48.9058,2.00935,82.5232,66.7836,21.0107,41.3943,5.93761,46,0.33165,1.08407,1.5583,428.078,81.762,88.5911,37.29,1.94501,63.0809,53.7695,15.884,30.5709,4.6949,38,0.295413,1.02536,1.56244,492.785,115.18,95.4519,36.8297,1.63472,63.8351,62.6941,16.0416,30.7732,4.49053,40,0.303244,1.0645,1.67188,315.909,62.4417,73.059,30.9675,1.46925,48.4824,40.5032,13.8021,26.6851,3.69973,41,0.283952,1.00496,1.09848,502.151,101.244,144.137,76.1052,2.51,70.15,60.4053,19.2831,42.1775,6.19582,47,0.249227,0.872217,1.20438,3201.69,151.051,547.198,168.227,7.56683,132.262,38.811,32.686,50.0685,7.94142,2,0.227966,0.626905,0.926331,,,,,,,,,,,,,,,,,,,,,,,,,,,,,,,,,,,,,,,,,,
decoupled_wbc_h066_p000,1935,complete,90,18,28.1347,3.31084,0.131442,0.171307,456.731,106.174,99.0173,19.8495,1.86796,72.1632,60.5471,18.8092,29.4534,4.5317,46,0.316885,0.973758,1.26242,485.906,106.116,109.186,33.8994,1.35784,76.8483,61.5641,19.8983,32.0576,4.72751,50,0.306984,0.953356,1.2328,409.893,80.9801,91.3723,47.0068,1.84693,66.6283,51.6589,16.7316,27.5054,4.1758,45,0.335262,1.00364,1.17385,464.971,107.585,96.4525,42.0953,2.10516,75.6678,58.321,18.3528,29.714,4.14725,48,0.307534,0.863334,1.13422,450.062,97.2783,101.601,37.3885,1.91219,72.135,54.1469,19.2685,25.6555,3.75397,48,0.334933,1.08885,1.22655,392.836,77.9062,60.7011,31.0206,1.90122,55.4387,53.8593,13.1612,19.5858,3.31224,44,0.252443,0.81644,1.38351,399.972,121.774,89.7661,41.4327,2.08537,65.5141,61.1433,18.0939,27.7803,6.02225,54,0.235325,0.809499,0.976966,476.062,93.5705,96.3945,35.2425,1.96641,72.7783,53.9738,18.127,26.8588,5.88145,44,0.336648,1.21008,1.65448,530.8,103.713,91.3191,40.6919,1.90191,71.5397,59.1547,17.0716,27.4991,5.77696,36,0.365099,1.38031,2.35103,721.21,155.101,112.17,33.0539,1.8532,84.559,68.6228,20.0459,28.1509,6.79905,33,0.376601,1.16886,3.36787,426.874,85.2383,67.7169,24.8951,1.8958,62.7098,50.0997,14.7759,22.5373,5.55586,39,0.357181,1.12079,1.59381,566.316,158.814,123.946,71.4638,2.14005,73.4456,67.0269,20.9899,33.4591,5.75718,45,0.222015,0.829672,1.63195,543.946,127.859,133.99,124.636,3.58433,78.6731,62.7376,22.3455,28.6056,7.24446,37,0.358307,1.07988,1.70999,623.457,120.438,214.101,195.47,16.0313,89.1111,60.7052,30.3748,58.4914,19.4749,47,0.303956,1.0935,1.49534,406.898,94.9243,122.143,89.5367,3.35082,62.0079,57.4997,18.7924,28.7814,7.66371,52,0.269251,0.900972,1.0942,1326.67,387.746,253.482,82.3173,2.83001,130.843,106.175,36.3827,47.2067,9.40936,29,0.426213,1.30509,4.49294,536.271,91.4437,83.6215,29.0906,2.23629,72.5222,62.0209,17.3257,22.2572,4.96212,40,0.499936,1.01428,2.24405,477.041,102.363,91.2592,31.3663,2.33537,66.4959,64.5979,16.8606,22.129,3.62325,44,0.394107,0.873672,1.45306
decoupled_wbc_h066_p000,1936,complete,90,18,15.4698,3.01152,0.153156,0.373307,541.672,104.701,109.719,58.8398,2.98094,77.908,62.3219,19.9537,31.7731,4.90357,49,0.350242,1.09733,1.61638,441.2,91.1672,94.604,27.412,2.08185,69.6078,58.6558,18.649,28.0839,5.903,55,0.291139,0.814336,1.14473,378.977,86.248,103.71,63.18,3.52744,62.8308,54.5517,18.0143,34.0345,6.25441,44,0.329005,1.07668,1.31777,403.181,96.9175,99.0863,51.4626,2.28404,67.5463,56.0286,16.6992,29.5093,6.13232,46,0.327572,0.957357,1.33,440.925,87.9669,107.25,52.3996,1.96958,62.9343,51.7343,17.5293,24.2027,4.98608,42,0.38916,1.16141,1.56665,354.771,67.8162,63.9141,18.4845,0.94657,54.1961,49.7949,13.6401,17.1969,3.88782,38,0.308277,0.907635,1.72804,563.838,100.173,108.949,23.0798,2.38253,75.4039,59.2827,19.7018,27.2148,4.82692,45,0.275704,1.09216,1.77624,403.006,80.1002,80.0143,34.4655,2.4173,60.8231,51.0884,16.4953,29.5339,5.04373,38,0.346478,1.20158,1.58677,476.137,83.6156,99.7473,48.1753,2.06339,70.5442,53.1165,17.9062,33.6606,5.03219,41,0.301188,1.08182,1.68313,349.556,84.9883,92.7657,44.7727,2.5446,54.9146,42.9932,15.3156,28.2747,4.82765,45,0.277656,0.884265,0.816257,485.456,107.552,95.5323,40.4954,1.76669,75.3336,61.8202,19.1509,32.787,6.52106,54,0.299841,0.823471,1.07699,435.339,102.651,102.203,38.849,1.80377,63.5416,58.6989,18.3507,30.941,5.81055,43,0.218938,0.944609,1.23753,574.842,107.345,83.0375,49.0339,1.25882,77.3822,59.558,18.9559,28.4697,5.14266,54,0.315752,0.828178,1.10676,437.734,98.7383,94.7205,39.3502,1.6936,67.7644,55.5421,16.9803,27.3279,3.9903,50,0.237722,0.939318,1.02166,355.701,112.68,81.7034,43.0534,1.6609,61.3323,60.3823,15.4191,24.6711,3.16943,53,0.287436,0.750264,0.925734,322.844,83.9149,74.3522,38.6941,1.55257,51.5738,51.129,13.8598,22.5515,2.80709,46,0.251669,0.822893,0.788678,455.408,93.2709,111.176,157.243,3.53994,66.3345,49.1286,18.3269,37.4435,6.64365,37,0.263617,1.02122,1.55846,587.307,112.813,98.0051,44.0258,2.017,81.22,69.3812,19.2117,35.271,5.03287,52,0.291056,0.861461,1.31449
decoupled_wbc_h066_p000,1937,fell,85.88,18,25.6489,4.64507,2.73443,2.67611,474.778,110.399,124.332,28.2236,2.51179,76.7639,60.5513,21.6504,32.7978,4.78794,43,0.350008,1.04797,1.34148,461.317,95.0099,109.336,28.9536,1.65266,75.7765,56.0879,19.362,26.2444,4.11219,55,0.295854,0.943559,1.11583,536.287,119.032,118.864,34.014,0.853623,81.4034,70.0321,20.9468,28.0346,3.80504,50,0.320048,0.855066,1.33634,465.489,85.5183,67.2947,32.5412,1.87609,61.429,60.0834,14.1656,20.4923,2.6701,47,0.301468,0.880556,1.65955,487.726,110.252,154.518,108.957,2.72421,72.9046,62.007,21.9647,36.1114,6.71899,46,0.309213,1.06614,1.65881,586.646,117.512,142.105,49.5892,1.95256,80.9247,58.4335,22.0314,31.2743,4.27181,37,0.383089,1.18031,1.99427,342.008,72.2252,91.886,22.0325,1.86994,54.161,45.9595,16.751,21.8063,3.73846,47,0.285049,0.845745,0.991575,426.551,91.6672,86.7209,24.6486,1.87177,66.57,53.2235,18.1343,24.0578,3.50155,43,0.324552,1.15384,1.42892,670.013,117.501,103.157,140.943,5.17085,90.4853,70.0917,24.142,35.6015,6.34298,44,0.295811,1.07332,1.84212,742.445,175.905,144.737,43.6695,2.90187,92.3989,80.0542,24.654,33.8864,5.67063,36,0.379239,1.26883,2.5927,664.763,132.505,149.877,181.481,6.4966,89.8724,69.313,26.9958,44.5511,9.02112,50,0.279208,1.01446,1.66793,618.719,148.563,128.933,128.188,2.46575,84.3998,77.2608,22.4695,37.9489,6.36561,43,0.340485,1.27998,2.7002,522.235,83.5516,128.445,125.506,1.96051,72.5316,48.9649,19.344,29.2967,4.18584,39,0.383143,1.04207,1.21999,450.127,92.6836,94.1868,147,7.43505,73.5629,59.3995,18.5854,44.8596,8.21583,47,0.279648,1.02031,1.34466,544.506,121.57,97.9628,27.2623,1.78148,79.0568,69.3252,18.9502,24.7382,3.81389,44,0.308714,1.03621,1.78045,1631.5,199.431,266.618,51.3329,1.01779,116.463,82.6872,34.6703,40.3567,4.94562,36,0.337197,1.05061,4.50865,459.646,119.364,96.9977,36.3051,2.06964,71.9835,56.6256,18.3507,20.5122,3.72385,49,0.306723,0.955051,0.912231,3065.69,423.713,565.254,88.3567,1.97269,130.356,59.6815,29.7764,30.7443,6.67024,0,,,
decoupled_wbc_h066_p000,1938,fell,76.2,16,25.5664,12.3532,1.54023,0.887294,324.839,58.0133,60.0115,16.2066,1.86925,54.0657,43.4582,13.2248,20.2929,3.09112,34,0.383525,1.16747,1.95879,342.98,70.6724,75.6787,27.8289,2.09544,53.2224,50.2688,14.8073,26.3086,3.56761,44,0.239074,0.820059,1.11848,418.791,97.9523,103.636,27.5297,1.78979,63.5937,55.5669,19.1583,30.614,4.06032,50,0.314415,1.04983,1.0009,1090.13,173.842,168.152,33.8688,2.50471,107.018,75.2679,28.8894,41.3574,6.46764,41,0.358781,1.31911,3.8551,517.731,112.774,138.029,35.8977,2.03208,78.9303,67.792,20.473,33.056,4.88382,47,0.345246,0.92896,1.4652,540.435,97.2876,130.799,33.6685,1.99705,71.6773,55.1143,20.5325,32.2355,4.12943,45,0.280455,0.962134,1.26748,752.435,136.108,202.904,222.001,5.37249,99.9545,74.7391,30.5267,54.7657,10.5689,52,0.341544,1.12099,1.78777,423.929,95.871,97.3287,29.913,1.81851,62.8928,55.8034,18.4628,24.9336,4.04372,45,0.273484,0.875786,1.38456,564.341,101.525,105.32,35.575,1.33588,79.1311,61.5643,21.0461,28.0471,5.65839,53,0.320191,0.9514,1.32563,423.779,74.0323,96.0017,94.5059,5.91874,61.7168,48.7412,17.8565,32.1848,8.73094,44,0.324441,0.925324,1.37273,517.428,130.388,130.194,33.2357,1.23136,70.9221,58.897,20.8358,27.0903,3.73103,34,0.401956,1.0704,1.96217,386.984,74.2498,79.3018,26.869,2.27053,62.4498,49.2305,16.9077,24.628,4.29944,47,0.321249,0.907321,1.00094,857.709,165.397,155.288,41.1594,2.17221,100.456,75.5255,28.1227,43.1359,8.565,39,0.334186,1.24508,2.23763,1051.81,131.011,143.062,39.5914,2.62289,94.6264,59.8694,27.4689,40.1161,8.1778,57,0.338044,0.90486,1.40753,558.75,99.4736,127.597,97.1415,3.68748,79.7488,57.9626,22.0573,39.0408,7.97081,39,0.32997,1.26296,1.60138,4515.13,475.847,532.938,159.274,18.8086,182.611,76.3174,41.4514,61.6927,21.1717,4,0.143238,0.976058,6.05518,,,,,,,,,,,,,,,,,,,,,,,,,,,,
decoupled_wbc_h066_p000,1939,fell,26.22,6,25.5907,25.8471,1.26935,2.98556,434.005,88.7324,86.826,27.5287,2.20784,65.7403,53.615,16.7432,26.49,3.54646,41,0.281705,0.951426,1.39061,487.656,102.996,86.727,30.8297,1.97089,77.615,63.0837,19.2321,27.2543,3.14792,56,0.292298,0.903071,1.12659,407.562,121.503,105.905,44.7822,1.93803,64.8525,63.7749,17.5155,32.5586,3.45873,51,0.215088,0.773641,1.05273,389.792,94.7024,89.0883,29.9545,2.08509,68.0749,58.0963,18.2972,28.786,3.55272,51,0.276016,1.03817,1.16616,296.293,65.2855,70.9461,25.6255,1.66598,52.9093,47.3312,14.2668,23.4496,2.44147,58,0.232763,0.788448,0.828836,2054.65,203.034,179.972,40.8631,0.435562,100.183,51.3225,23.2409,32.6857,3.41606,5,0.0606812,0.812132,1.00762,,,,,,,,,,,,,,,,,,,,,,,,,,,,,,,,,,,,,,,,,,,,,,,,,,,,,,,,,,,,,,,,,,,,,,,,,,,,,,,,,,,,,,,,,,,,,,,,,,,,,,,,,,,,,,,,,,,,,,,,,,,,,,,,,,,,,,,,,,,,,,,,,,,,,,,,,,,,,,,,,,,,,,,,
decoupled_wbc_h066_p000,1940,complete,90,18,19.4094,2.79497,0.354041,0.1484,366.926,64.232,79.3196,23.1255,2.01441,55.4897,47.4504,15.767,24.2368,3.36414,43,0.228933,0.748993,0.909044,348.798,83.5427,97.9317,26.4027,2.24737,55.4876,50.4015,16.3705,26.9252,4.07224,45,0.227901,0.870078,1.11074,429.958,93.1492,60.4998,21.6764,1.74123,62.183,59.7175,14.5,24.5266,5.60457,38,0.375207,1.08715,1.86549,420.893,118.391,148.444,25.8392,2.45178,67.7482,57.3656,20.7992,26.2654,5.48724,47,0.323269,1.01173,1.28598,457.184,78.602,98.8305,38.8056,2.12178,66.2517,53.3201,17.4222,22.8185,5.00718,34,0.358868,1.07545,1.97339,446.438,102.104,110.299,31.7457,1.29618,66.5001,56.8779,18.1801,25.0739,4.63718,38,0.261538,0.970057,1.59328,385.8,103.076,102.287,44.3349,1.33126,59.3734,56.3709,16.8094,26.0891,4.16138,52,0.210396,0.750618,0.925213,499.919,126.193,117.813,94.6608,2.902,75.4807,69.4792,19.8405,32.1774,5.9457,40,0.268189,0.930491,1.7662,700.33,122.03,103.254,40.3972,1.92597,89.6262,67.3817,21.4265,33.6652,4.76928,33,0.37976,1.17465,2.65654,473.858,139.474,109.166,61.9309,1.69696,68.7501,61.2796,19.4519,32.2001,3.8246,40,0.358338,0.979332,1.94694,535.834,109.861,127.136,33.6669,2.48907,76.7638,61.4084,20.1717,27.1003,4.15259,47,0.250748,0.890312,1.13923,529.675,101.076,176.203,205.586,16.5115,74.0551,62.7103,22.9919,51.9428,14.5951,46,0.22884,0.980744,1.44079,572.514,132.133,116.279,99.1949,4.57925,68.0455,59.4504,17.515,33.9741,6.04878,36,0.275775,1.12168,1.91361,408.678,95.5719,97.4348,36.2103,1.54102,63.1997,52.897,16.6928,25.7675,3.26803,39,0.293563,0.985798,1.5601,495.574,130.818,109.511,34.8022,2.06011,72.6452,62.4191,19.7667,25.0719,4.64316,44,0.309645,1.03266,1.32804,445.642,108.537,193.383,224.867,41.3775,77.3317,63.5883,27.4391,67.5193,24.6636,46,0.283734,0.888218,1.16499,628.757,124.318,135.03,31.2242,1.81904,89.2843,69.3304,23.6678,29.6548,5.3503,46,0.359982,1.22834,1.76402,530.409,127.354,107.926,26.5984,1.63689,74.3868,59.1583,20.395,23.4823,5.36731,42,0.310153,1.02557,1.70993
decoupled_wbc_h066_p000,1941,complete,90,18,18.932,2.88126,0.161756,0.0920147,352.577,75.0827,93.1601,26.1941,2.39513,60.6704,49.688,16.6458,28.2088,4.45115,38,0.264936,0.997825,1.36629,543.131,88.3164,83.0044,31.4603,1.80822,77.8196,59.7761,19.3772,30.0144,4.83965,46,0.323394,0.907056,1.60247,386.833,71.6001,107.245,74.459,2.54535,66.3961,49.7066,20.129,27.8095,5.02925,56,0.257665,0.900406,0.833698,371.448,82.6269,103.084,38.5225,2.78275,61.2825,56.2432,18.5338,31.2643,5.02061,49,0.290646,0.935233,1.06237,458.818,85.7498,82.7203,17.0694,1.33861,62.668,60.5565,17.6456,24.8079,4.35887,45,0.273337,0.935498,1.50448,520.024,107.997,128.444,20.6147,1.16886,77.8412,60.1048,22.6945,31.183,5.28181,48,0.307869,1.05775,1.30875,325.811,59.8728,72.4398,16.2285,1.56646,56.2119,47.6913,16.047,24.1816,3.49199,50,0.254102,0.790561,0.828741,542.643,99.0691,98.775,20.5675,1.42606,78.1613,66.0513,21.3219,29.7415,4.29246,54,0.301603,0.80921,1.23487,362.419,60.4011,63.8752,17.4427,2.02168,53.5507,44.7152,14.785,20.4965,3.67816,47,0.250664,0.867201,1.06556,471.168,108.249,102.016,24.743,1.94904,72.3334,63.2288,20.1842,29.9227,4.47565,55,0.292976,0.860531,1.0604,596.311,204.595,105.892,37.6595,2.60365,75.8479,71.4338,21.1653,37.2894,7.07077,54,0.257842,0.869454,1.34393,505.744,93.2235,135.968,154.598,9.06202,75.1088,58.361,23.3695,46.3226,11.6962,43,0.321871,1.07067,1.43248,814.175,142.176,101.16,31.0749,1.5265,78.3867,67.1679,22.2648,29.5964,5.08129,40,0.318879,1.05704,2.59567,408.297,96.2345,108.809,43.1471,2.47282,66.9894,57.3706,19.2184,34.8437,5.33891,45,0.358152,0.939921,1.28471,328.315,63.5963,79.9224,20.0226,1.93407,54.9461,43.4734,16.286,26.0115,3.72002,41,0.33064,0.973019,1.03509,326.722,69.8564,93.1825,70.2397,14.7974,52.7446,50.0376,16.8961,31.5042,9.80599,55,0.235345,0.74319,0.919974,440.49,100.776,108.983,18.8174,1.78614,65.6355,59.9428,19.4064,23.7895,5.59146,55,0.242141,0.848333,1.01623,941.39,189.142,182.375,25.3568,2.44472,101.349,75.6773,29.9923,35.2832,8.84657,46,0.273821,1.08401,2.3139
decoupled_wbc_h066_p000,1942,complete,90,18,18.4298,3.11617,0.26545,0.330102,330.248,58.372,78.1831,24.9402,2.25854,60.3781,43.698,16.0431,25.1599,4.56941,45,0.310844,0.94056,0.965652,434.236,77.1187,95.1862,47.1541,2.17112,64.6582,45.702,17.1943,21.7148,4.03162,44,0.339924,0.997446,0.969795,341.063,55.8844,77.421,48.3809,2.03486,54.1751,39.8045,14.5051,19.2544,3.30994,51,0.244511,0.783025,0.660932,329.559,88.3281,92.3983,34.2619,1.35077,63.4161,51.8063,16.163,23.3952,3.68931,53,0.244609,0.756487,0.769891,474.933,116.839,121.998,31.1611,2.08129,76.9371,67.834,21.6298,24.9851,5.08586,51,0.272438,1.02847,1.38306,449.434,106.807,128.867,43.7264,1.37028,68.0325,54.4964,20.0201,26.09,3.39467,48,0.221547,0.808744,1.00996,408.088,94.2499,78.1938,73.3486,2.41489,61.5258,61.9648,16.1489,22.494,4.03011,49,0.274315,0.813101,1.28382,338.095,89.2172,90.5468,40.2684,1.54075,62.3157,51.9228,17.0829,21.9515,3.17579,52,0.238095,0.832788,0.831227,437.882,116.792,89.6284,40.7133,2.31728,67.7642,63.1179,17.4087,30.5571,5.42305,43,0.348357,1.03816,1.26677,419.801,119.092,103.421,33.7872,1.59279,63.6438,64.9823,18.1076,31.5702,5.34994,52,0.246163,0.800715,0.920635,561.31,140.869,165.383,121.127,3.60934,73.9761,62.8097,21.6069,40.7742,7.61354,38,0.317058,1.08809,1.8563,522.146,141.46,125.559,37.1808,1.90331,75.7476,70.7246,19.535,33.2897,6.17225,55,0.255435,0.969744,1.3869,475.651,80.8572,154.211,154.921,6.86877,61.6531,48.7981,18.1501,35.3769,7.59949,40,0.306376,1.07316,1.66385,553.667,108.206,114.179,35.1016,1.89432,79.1827,55.4708,19.7268,27.2073,4.22666,44,0.320592,1.04285,1.22805,490.793,115.7,122.491,25.3146,1.38037,71.0373,62.8088,21.7216,28.3779,4.75959,52,0.286693,0.895275,1.17547,595.553,137.58,151.364,32.3819,1.28066,85.4327,72.0618,20.8807,30.3413,4.39402,52,0.272503,0.975745,1.58565,460.551,111.317,94.5221,24.4942,1.99916,74.1861,67.3099,18.4183,27.3513,4.38698,52,0.295033,0.82995,1.14565,548.672,122.717,96.7521,160.13,5.77422,72.8566,69.2909,17.8902,33.8554,8.01433,42,0.386961,1.10504,2.24332
decoupled_wbc_h066_p000,1943,complete,90,18,14.8103,3.3157,0.0494031,0.0802692,468.181,93.926,82.6942,24.9304,2.5645,70.1876,61.2952,16.6274,30.0465,4.4673,45,0.350712,0.948667,1.87611,379.451,83.1213,76.8129,27.9552,1.79226,61.6132,54.0778,15.1909,27.5577,4.09247,48,0.300042,0.951598,1.17669,358.883,113.996,91.2249,40.8935,1.79544,61.0201,59.3247,17.6662,34.7479,4.30189,55,0.248338,0.817316,0.808652,324.821,88.0939,81.5548,50.9228,1.25508,54.4996,51.4022,14.5299,32.3976,3.54717,47,0.198412,0.907183,0.997439,488.656,110.732,76.4832,50.7975,1.53028,63.7121,55.418,16.5072,33.2023,3.18275,36,0.328485,0.98398,1.76814,336.305,62.4062,45.7063,34.2389,1.6385,51.0042,40.5943,12.1051,29.0742,3.13288,39,0.283991,0.787666,0.83881,399.42,101.316,79.2033,53.5218,1.46792,59.7636,53.9965,16.1403,37.0721,4.81344,42,0.273625,0.82514,1.21183,373.838,81.3716,66.0775,45.0072,2.14687,56.0769,47.515,15.0049,33.8988,4.40235,51,0.263485,0.798846,0.741527,326.647,87.4774,75.0859,37.7067,1.89727,51.8143,46.606,14.5924,31.0362,3.71971,47,0.250639,0.788222,0.865024,355.907,88.756,88.8347,42.4879,1.71021,59.3158,51.6816,15.9316,32.8874,3.87238,43,0.286627,0.902034,1.04907,504.746,111.407,94.9465,33.7083,1.84061,72.8599,65.945,18.0311,33.1144,4.86134,47,0.334451,0.920402,1.5103,555.464,111.939,124.212,36.9279,2.25447,73.9114,61.3074,20.092,36.7145,5.70162,46,0.258121,0.979068,1.01184,350.446,89.704,94.2458,41.3912,1.88717,55.5746,52.2794,16.7356,31.0313,4.39946,47,0.223385,0.781283,0.884908,463.821,81.3134,93.5757,106.014,10.0017,61.2526,51.5404,15.6025,35.4043,8.32689,30,0.298449,1.03238,2.38303,549.712,169.732,143.073,89.2802,6.85819,70.1269,60.005,19.2302,39.567,6.34157,42,0.35246,0.966234,1.30465,338.976,63.2275,57.661,74.4562,2.43882,49.5546,43.3589,12.3165,28.8273,3.27045,44,0.258351,0.843961,1.02563,436.734,71.7777,81.2433,36.2921,2.33651,60.5881,47.0602,16.3152,28.4846,3.78102,42,0.309646,0.931165,1.36879,899.186,132.559,134.028,47.2151,3.27253,84.5823,64.0646,24.2748,41.6966,8.36093,39,0.243801,1.09774,2.53437
decoupled_wbc_h066_p000,1944,complete,90,18,23.3663,3.51318,0.625729,0.753974,366.616,78.5472,97.7236,21.9844,2.00793,64.5519,52.6678,17.2703,26.7605,3.90662,45,0.311815,0.989995,1.27123,340.667,67.2526,75.1042,25.694,2.12554,58.4327,50.8044,15.843,23.5538,3.49772,54,0.239639,0.768684,0.9194,423.213,88.8044,105.428,67.8039,2.50622,68.1715,54.8998,18.1913,29.8377,4.37959,43,0.296893,0.915739,1.5414,540.987,97.1638,105.863,33.1633,1.64804,69.1835,57.4719,20.186,25.7845,3.98744,37,0.349561,1.04385,1.92024,434.529,87.3426,109.287,30.6203,2.80827,65.2281,55.8965,19.437,25.3469,4.13681,58,0.267498,0.873864,0.991211,468.19,89.0033,104.338,31.2584,1.74135,73.5283,58.0766,18.7915,26.2075,3.75557,43,0.319233,1.06808,1.49103,439.517,95.9175,112.432,54.2815,2.38923,65.5233,58.1856,19.6555,31.6528,4.30568,45,0.310623,1.04222,1.4197,630.431,175.767,133.514,132.615,2.82818,95.0164,73.7386,23.8901,36.3879,6.04347,50,0.27989,0.919703,1.41606,382.986,88.7133,83.8303,26.4669,2.06994,63.6007,57.1673,17.8048,20.9412,3.68202,46,0.292731,0.918526,1.21999,420.996,92.1237,86.1987,25.2196,1.79971,64.5637,59.6027,16.9714,20.7434,2.97281,47,0.261728,0.971627,1.30801,462.539,99.0758,64.9915,21.4936,1.19053,62.0854,62.1916,14.1628,18.7289,2.98413,42,0.336862,1.0363,1.74042,618.088,192.679,159.81,60.7505,2.42309,83.2422,82.3572,23.4928,34.1275,4.96026,44,0.280617,0.892328,1.75111,482.251,122.293,104.024,30.3494,1.82012,73.6449,67.9647,19.4218,24.7633,3.93454,44,0.25538,0.915231,1.36498,521.046,96.835,72.6411,18.8028,2.40167,67.4015,60.1628,16.0174,19.9375,3.41822,41,0.298674,1.08239,1.82075,660.459,129.968,235.682,198.262,21.7183,94.6158,75.8438,33.774,56.1903,18.1056,46,0.339534,1.11456,1.60324,564.542,118.986,117.531,269.945,27.7196,84.8222,61.3171,23.0289,67.7958,25.029,46,0.345575,1.04124,1.37386,701.942,207.205,172.167,33.0381,2.47601,85.6989,74.5852,26.2224,27.3879,7.01033,35,0.359222,1.00186,1.75209,934.959,179.224,156.227,41.0048,2.23895,107.734,81.3354,30.5427,33.0111,8.92145,44,0.314962,1.20234,2.11574
decoupled_wbc_h066_p000,1945,complete,90,18,19.2477,2.7319,0.286453,0.33545,523.587,109.206,116.023,36.2176,1.96239,80.1666,64.446,21.517,33.9685,4.44659,50,0.344331,0.943097,1.32393,435.358,115.317,107.003,33.4077,1.27425,68.1663,65.5053,18.6237,29.9503,4.36877,53,0.267254,0.955885,1.24649,441.942,108.982,103.621,38.3877,1.73677,72.8123,62.4396,18.9259,33.809,3.84644,53,0.303576,0.839341,1.05578,333.024,92.3683,70.0995,23.4117,1.84742,53.4415,54.4773,13.5403,19.9286,3.393,43,0.293062,0.855337,1.29073,396.321,86.5991,103.143,33.867,1.84721,63.9724,51.7414,18.8284,25.5385,4.17947,47,0.295406,0.947696,1.20138,383.549,108.354,111.354,35.726,3.44432,66.5238,56.0625,17.9967,25.7218,5.59959,44,0.351233,0.965492,1.3902,452.743,71.7527,144.022,41.2716,1.48485,69.7914,46.2688,21.177,28.0778,5.90045,41,0.340737,1.06193,1.2821,415.259,98.7233,86.4535,67.3401,2.05723,62.429,62.3734,16.7568,31.4913,5.45547,47,0.306604,0.938676,1.45902,533.744,129.768,151.107,39.1226,1.96591,82.7459,67.776,23.4501,40.0897,6.26625,49,0.343886,1.06283,1.15507,553.999,109.97,74.8919,35.9304,2.11449,71.8736,64.6651,16.1113,30.3804,5.07577,41,0.326245,1.09775,2.133,557.222,113.303,137.272,131.055,21.3991,68.7463,58.4671,19.8161,46.7111,12.5171,40,0.310009,1.14759,1.81296,579.475,111.381,106.958,207.191,8.05924,74.6369,62.0987,17.9404,47.2268,12.3123,38,0.353035,1.25235,2.20764,545.736,107.603,124.147,75.5814,3.24204,81.8779,58.5454,21.0348,42.2983,7.62416,43,0.250571,0.962908,1.33954,593.93,127.117,115.896,44.1735,2.63737,80.9583,67.3249,22.1283,42.788,5.99416,56,0.334352,1.05257,1.22754,603.116,99.2736,106.267,34.7468,2.13949,82.2464,59.7065,21.7838,37.9808,6.42622,38,0.34748,1.41358,2.47102,578.209,106.094,108.447,67.7732,3.49235,80.4951,63.604,21.1751,40.683,5.9691,48,0.309226,0.960106,1.51285,717.454,175.461,154.12,82.0244,3.28197,92.1878,73.6337,25.5335,53.1307,5.99245,36,0.373466,1.11949,2.13094,380.425,93.7792,85.4033,30.7834,1.55208,62.9672,53.5291,17.0416,31.5862,4.59945,51,0.252002,0.847554,0.98207
decoupled_wbc_h066_p000,1946,fell,80.7,17,20.5195,6.58168,0.354373,1.74521,417.568,75.8675,69.5072,25.3441,2.4305,66.4127,55.631,15.7452,28.9805,4.35198,39,0.351903,1.08742,1.74394,453.236,91.8231,91.6517,69.9584,3.20257,64.0308,55.3647,17.8875,26.6896,4.55183,49,0.259161,0.865184,0.90591,386.785,105.244,105.612,56.6137,1.90254,65.1486,64.3784,20.0381,29.9529,5.26699,56,0.224117,0.837736,0.981052,437.42,77.6954,102.8,32.5612,1.49261,67.6619,50.3564,18.4457,26.4075,4.47107,42,0.29604,0.973138,1.3227,418.539,101.664,95.0523,91.061,2.72872,70.6906,60.2432,20.4036,34.0687,5.8752,53,0.252553,0.819723,1.01669,346.113,139.655,96.0932,50.1152,1.40477,59.8298,65.1203,17.6909,32.2276,5.66511,58,0.183713,0.706662,0.804105,413.838,106.543,93.994,34.428,1.45393,67.4089,61.1598,18.5899,29.9005,4.46142,52,0.255657,0.835478,0.949955,461.027,95.7433,84.2816,28.6221,1.95216,63.9093,60.469,15.8045,25.2782,3.64707,41,0.356679,0.990996,1.78793,472.712,81.9516,97.5104,33.0143,1.83088,69.1577,49.0935,18.9198,28.5437,4.84578,50,0.283746,0.795994,0.979919,452.825,106.381,75.5244,49.5442,1.72134,69.2602,65.0481,17.1494,30.4217,3.89011,52,0.304519,0.801087,1.06406,394.707,70.4441,55.8732,25.0592,1.93872,66.6839,49.9624,16.2087,22.9203,3.76989,48,0.343584,0.916532,0.852694,328.179,80.5291,78.8062,111.136,8.71816,52.6153,48.1604,15.2406,32.5116,8.32399,45,0.191287,0.800634,0.773512,357.367,80.6046,78.3815,35.8545,1.51015,57.2978,53.0137,14.0734,23.3917,3.1205,47,0.257101,0.84225,0.997399,1151.86,348.471,156.313,58.7975,1.99979,117.329,94.3659,29.5863,44.8083,4.81406,30,0.364919,1.26296,5.28164,428.631,98.0342,92.6824,40.5702,2.12535,64.4142,55.9291,17.2672,31.4723,2.9593,43,0.25099,0.875058,1.27646,395.622,104.663,114.613,43.4562,1.76616,61.669,59.7372,18.6697,30.6382,3.41632,39,0.234035,0.909215,1.43667,2325.39,194.822,305.021,116.863,3.26508,99.3304,41.4609,24.713,30.9512,4.87037,0,,,,,,,,,,,,,,,,,
decoupled_wbc_h066_p000,1947,complete,90,18,17.7568,2.74646,0.091289,0.170213,490.45,109.671,93.5803,38.7712,1.5451,77.0534,64.6144,19.8366,32.4216,4.44207,61,0.277207,0.778473,1.01566,514.103,103.201,84.512,26.8922,1.44171,76.4047,62.6393,18.0592,22.5811,3.85511,56,0.304958,0.805513,1.07925,469.753,80.2171,81.8722,35.79,1.44622,70.0374,59.2513,17.0043,24.4889,3.60616,45,0.381096,0.97181,1.5355,305.089,67.6878,73.465,40.6439,1.87031,55.0905,44.3914,14.5541,23.5498,2.90076,47,0.246,0.843442,0.900337,375.089,91.8601,98.8439,38.053,1.89869,62.9393,55.6466,17.995,28.5417,3.61144,55,0.275978,0.857154,0.896812,314.8,98.5223,97.0177,47.758,3.03044,56.7859,51.9811,15.1459,25.4359,2.78364,50,0.204418,0.785847,0.880415,276.829,98.9177,78.1404,41.3206,2.17879,47.6933,52.3554,13.9265,21.8932,2.61973,50,0.13401,0.653848,0.557268,879.236,272.678,152.53,56.2679,1.42516,89.3947,81.3625,25.5806,34.8995,4.83817,45,0.196912,0.942006,2.9093,427.411,87.3041,94.4384,96.9875,10.8729,62.7614,49.3541,17.7832,34.0253,10.6618,43,0.303385,0.973634,1.12941,1339.25,158.223,276.235,168.086,23.6317,118.178,83.969,35.2465,61.9794,15.3504,35,0.388653,1.25502,4.02742,358.415,106.942,101.282,39.8128,1.84895,55.3508,60.6404,16.9448,25.6349,3.69347,48,0.256519,0.834418,1.09378,388.828,93.895,86.7617,33.2573,2.17928,64.4324,59.4068,17.8219,22.124,3.02509,59,0.202108,0.828211,0.83235,272.443,90.0009,76.6918,36.4147,1.83891,52.4243,51.3044,15.3248,23.7978,3.29025,61,0.176539,0.708819,0.594508,747.444,146.825,105.84,87.8932,2.20805,93.939,64.1958,21.5191,31.8722,4.89965,49,0.360983,1.11656,1.34836,428.549,137.57,120.017,106.314,5.75823,66.8931,66.6343,18.7183,33.3158,5.93173,34,0.298109,1.03658,1.92171,671.083,124.46,154.071,185.433,10.5313,85.6209,67.0743,23.5224,50.0639,10.5257,36,0.3294,1.0586,2.28626,599.007,112.502,109.161,29.0304,1.25707,74.3711,56.7594,20.2844,28.7286,3.13993,48,0.293348,0.902938,1.15434,609.056,132.09,123.991,173.34,3.61279,85.2692,70.6707,22.7338,39.1366,5.59591,38,0.391238,1.26569,2.34802
decoupled_wbc_h066_p000,1948,complete,90,18,34.544,2.3223,0.151719,0.130144,527.585,105.899,101.584,24.1452,2.43164,80.8672,66.0937,21.1515,33.7086,6.06657,50,0.293226,0.986828,1.51406,391.816,77.5738,70.7231,24.6421,1.62594,58.9789,51.5832,15.0858,23.6894,3.78686,52,0.285049,0.811781,0.976425,335.19,79.4223,69.0275,24.0545,1.97308,57.9614,53.8895,15.0925,23.1006,3.60453,40,0.30366,0.995242,1.4719,411.104,99.3447,103.342,48.2388,1.96539,66.1626,58.1489,20.1456,31.3401,4.26417,52,0.260803,0.919063,1.26892,412.47,110.23,130.262,54.7539,1.90747,65.8267,62.7573,20.3263,35.0422,4.14756,59,0.28508,0.848112,0.985774,270.101,65.3436,84.635,27.6584,1.9096,52.6013,47.6055,15.3464,23.2852,4.50391,55,0.225653,0.741973,0.772649,552.058,116.221,108.496,95.8486,3.78631,81.3273,66.5333,21.776,37.6958,7.85088,40,0.370757,1.18004,1.94629,274.748,80.9138,76.6325,29.6691,2.1905,53.0846,53.9392,15.7774,25.3226,5.1304,50,0.223695,0.808197,0.840253,465.171,124.318,76.8876,38.9628,2.25023,58.8567,62.1143,16.1226,25.3863,5.33951,43,0.398008,0.930949,1.47588,590.921,117.726,96.1769,25.8757,1.70065,82.5906,69.9171,22.4143,31.2394,6.09034,47,0.295204,0.885325,1.52098,475.447,96.5396,94.5818,24.5802,2.07856,77.2161,59.0267,19.1664,29.4155,6.2221,44,0.367456,0.99661,1.50285,1359.56,551.888,314.82,63.9076,2.65899,126.519,124.405,45.4119,51.7732,15.5539,33,0.463133,1.13896,3.34801,719.586,108.769,78.8621,103.745,6.71641,83.0638,62.4906,19.4996,35.4393,7.68886,42,0.365362,1.1124,2.02212,528.715,102.764,131.269,33.8712,1.16961,78.2319,62.7034,22.3115,34.9901,4.98109,46,0.327253,1.04614,1.38978,673.236,149.291,173.881,156.648,2.51234,92.8308,69.7165,28.5802,44.0979,7.07153,44,0.308488,1.19471,1.93512,765.736,160.082,136.49,173.296,3.35882,94.8017,70.7726,25.3106,46.295,5.27812,46,0.405245,1.13198,1.92093,744.215,153.626,110.662,41.1051,1.83864,94.0957,72.4492,25.0001,29.0763,3.70525,38,0.328276,1.31314,2.14765,457.104,102.967,103.081,39.641,1.62431,63.818,62.1202,17.9505,25.5135,3.08602,49,0.281446,0.854529,1.22576
decoupled_wbc_h066_p000,1949,complete,90,18,23.1435,3.40592,0.384631,0.203407,441.329,87.4681,85.1845,41.2941,1.21345,67.7747,53.4093,17.547,29.1406,3.1814,48,0.297374,0.884209,1.34781,421.434,90.9687,94.6092,43.222,2.58172,66.4397,51.3234,18.7133,31.1466,3.24796,49,0.291887,0.907458,0.812755,600.019,109.659,118.937,60.6479,2.06822,82.4537,63.3991,20.7288,39.9877,4.66062,38,0.373017,1.21468,2.58095,455.814,81.4599,94.2188,30.2615,1.47978,67.6992,51.6406,18.0502,32.3026,3.65388,50,0.289945,1.07898,0.982212,457.744,97.0743,75.2424,24.2387,2.17439,70.8575,60.696,18.4584,29.9218,4.00498,50,0.323558,0.964692,1.24099,495.498,107.774,105.437,43.3739,2.21725,72.095,64.4123,19.2644,32.5594,4.59774,45,0.267686,1.04869,1.7569,474.332,90.4984,85.4297,34.3844,2.633,73.0681,59.7935,18.51,30.5815,5.19557,52,0.29294,0.871367,1.0212,521.944,115.537,109.284,61.9207,2.25264,72.2901,60.7138,17.5052,35.6838,7.35667,46,0.265118,0.974186,1.48271,447.748,112.766,123.066,46.8479,2.18878,70.509,59.4957,19.3167,37.4973,5.0437,55,0.209626,0.89529,0.949301,582.841,141.994,141.576,172.946,6.82967,78.3272,65.6939,20.5917,49.8503,8.21971,40,0.345119,0.975497,2.03763,589.399,102.852,94.0876,38.5882,1.2338,72.8667,58.4058,18.2413,34.5926,3.44073,33,0.385612,1.29333,2.25631,611.659,100.221,125.911,135.712,4.68903,75.8032,61.5781,19.6501,36.8222,7.72967,35,0.336478,1.2598,2.44481,1007.02,167.728,189.349,50.3813,2.62663,108.424,70.3735,28.4881,41.0553,6.73919,37,0.374423,1.2595,2.44127,513.699,103.255,128.574,31.4598,1.76802,73.6234,59.4338,21.1856,27.4426,4.38429,48,0.359018,0.951394,1.56485,371.972,71.6904,93.5411,32.2324,2.08609,60.456,49.4512,16.5268,25.5183,4.13124,48,0.260986,0.932842,1.18723,600.326,125.883,125.718,23.8503,2.19674,84.279,69.2048,22.3783,30.0636,5.26208,57,0.320013,0.853422,1.02798,559.798,91.298,92.9878,21.5938,1.27647,79.6901,64.2024,19.2769,28.1818,4.75291,48,0.3307,1.08103,1.79037,577.212,107.809,118.285,30.3461,2.45369,84.0392,59.631,22.8501,38.9078,6.0078,47,0.335907,1.20339,1.43923
decoupled_wbc_h066_p000,1950,complete,90,18,17.4137,3.25403,0.27159,0.175043,516.193,98.5967,109.92,46.3349,2.39642,77.7934,62.9412,21.9812,35.0833,5.12745,49,0.318319,0.987388,1.1807,331.759,85.6172,96.4816,30.3195,2.65645,59.3019,55.2094,16.303,28.0699,4.99509,58,0.252369,0.880036,1.05442,369.64,70.659,76.0633,84.6339,2.37509,53.9871,52.0732,13.8697,28.1637,4.44097,46,0.345017,0.819347,1.16868,445.466,105.551,92.9178,29.3592,2.30285,68.5268,60.9187,17.4097,31.5723,3.71187,49,0.24468,0.940982,1.25981,464.188,114.432,88.4188,34.3224,1.57209,66.6516,61.1416,18.1154,33.6828,2.99515,51,0.278793,0.987448,1.28513,358.958,92.5325,99.3082,38.9313,1.27263,56.7087,52.7173,15.656,27.998,2.97574,49,0.251032,0.79931,0.847722,427.504,136.137,109.726,47.3228,1.63469,61.9171,62.8989,17.1584,27.9268,4.85789,49,0.230354,0.862118,1.11143,397.284,109.464,120.255,41.0229,2.18517,65.6991,61.0572,19.1193,28.1419,5.56709,53,0.211239,0.728293,0.873238,407.844,86.3252,121.303,33.6872,2.36545,65.5466,55.5733,19.6554,27.3761,6.25616,52,0.29028,0.916777,1.01279,760.742,144.178,180.611,195.568,25.5726,88.3812,69.8675,27.8903,47.0438,17.1083,46,0.279807,0.991226,1.3748,519.67,105.37,108.262,21.8886,1.95638,78.4016,64.3453,21.3549,25.9925,6.16109,54,0.283067,0.922182,1.34178,440.62,98.0287,99.0687,27.5182,0.944878,61.3814,61.1528,17.5656,22.3304,4.00284,48,0.254233,0.817243,1.2608,879.786,147.033,144.566,49.9604,2.4215,86.6721,69.3667,25.9156,34.516,5.51988,45,0.307403,1.09737,1.68273,489.51,103.984,92.1708,27.6761,1.14003,72.1695,55.6961,18.4151,27.591,4.14242,47,0.342003,0.871199,1.30968,508.625,80.6299,68.2079,23.8604,1.16746,72.9647,53.635,17.028,28.1932,3.96355,41,0.348433,1.14401,1.67552,516.667,104.627,113.813,28.7179,1.64964,70.4434,55.1794,20.2378,35.9491,5.6843,35,0.330062,1.31448,2.19105,374.186,82.0957,105.282,24.8274,1.75024,56.5757,51.0699,16.6107,27.6442,5.67241,44,0.267516,0.864145,1.04648,363.203,61.2874,74.9806,20.2328,1.84774,60.4414,45.0461,15.6388,21.712,5.57923,46,0.337927,1.01754,1.11278
decoupled_wbc_h066_p000,1951,complete,90,18,21.1678,3.10738,0.345856,0.138082,413.811,87.0137,111.31,23.3759,2.35473,67.2077,53.8086,18.6742,31.1407,4.53568,49,0.321434,1.05941,1.24973,455.446,93.9991,83.3834,29.5869,2.45681,72.7003,59.074,19.5102,36.1031,5.34213,53,0.309966,0.987418,1.17427,486.13,107.224,91.3192,37.5606,2.78501,71.8573,62.8591,18.1981,36.9427,5.638,53,0.294559,0.87828,1.21719,515.341,99.667,157.498,35.158,1.70277,68.488,52.3634,20.8064,36.8074,5.38518,38,0.311374,1.04669,1.13065,526.736,105.457,105.715,33.1873,3.14056,78.1102,58.3293,21.0973,35.5038,5.41579,54,0.330677,1.13156,1.34276,482.06,86.0138,72.0929,30.5115,1.989,69.9618,55.3564,16.5079,28.3493,4.41675,33,0.37883,1.27914,2.24053,387.85,85.8315,83.9213,27.3135,1.67739,64.7647,52.8747,17.3607,24.7967,3.37653,50,0.285999,0.904235,1.0581,512.897,102.693,85.426,30.5068,1.12757,79.0855,62.2074,19.0626,28.1279,3.66894,52,0.338848,0.833495,1.1832,346.455,85.6998,92.3851,55.101,1.71616,59.7709,54.1873,16.8907,28.1668,4.66709,42,0.328891,1.07167,1.20143,423.014,121.671,132.269,31.4161,1.09158,68.6898,63.4602,19.6337,28.0546,3.76892,50,0.276848,0.960496,1.61674,550.649,120.995,185.02,228.6,13.0528,81.8953,61.6439,24.6959,56.9822,12.7871,46,0.27154,1.22519,1.61235,439.855,98.5408,105.222,28.0508,1.63655,71.6792,59.0601,20.0341,28.7444,5.65473,51,0.340302,1.01261,1.20068,385.514,78.6897,72.2729,26.9852,1.77302,61.7629,56.6469,15.1773,23.221,4.52898,41,0.323546,0.988256,1.48091,485.845,116.097,126.294,195.648,12.0058,76.4579,62.8017,20.5175,43.6566,10.7122,51,0.242781,0.895932,1.27664,513.143,88.3212,77.2598,34.9075,2.96335,70.5623,61.5449,17.5173,28.1507,5.47996,41,0.307176,1.03582,1.58668,411.58,83.942,90.1033,30.9638,1.17177,61.5009,54.1039,15.5744,29.3942,4.21443,30,0.426665,1.38614,2.53516,810.36,221.351,148.15,51.3068,1.7458,97.1125,88.2203,23.7152,42.8592,5.20214,41,0.391671,1.10372,2.79478,530.005,114.303,74.9702,45.2001,1.78946,73.5559,66.6784,15.9801,27.0448,4.62113,49,0.36082,0.869437,1.45021
decoupled_wbc_h066_p000,1952,fell,65.92,14,23.2924,3.00169,0.611473,1.8547,352.54,67.1482,83.5255,21.9744,2.77898,55.882,48.8438,16.5223,23.8598,3.95815,44,0.275401,0.812678,1.07569,364.067,83.1336,78.3121,32.3538,1.53521,63.7079,56.2024,17.9954,24.4797,3.80928,52,0.270326,0.900191,0.953493,498.84,95.6776,89.615,28.0979,1.06617,81.3758,59.7182,20.5787,24.863,4.07523,42,0.330972,1.01922,1.66054,388.722,73.4216,95.8381,47.2671,1.43913,62.0779,53.7397,17.6168,26.1583,3.7408,43,0.316159,1.01957,1.42637,475.321,105.863,120.425,37.6501,1.77958,71.3674,59.7121,20.9561,30.0738,3.7334,49,0.27893,1.00662,1.11026,396.448,102.352,89.9729,25.6978,2.69254,57.8568,57.6996,16.4486,24.2417,3.72296,43,0.30882,0.85983,1.54772,442.565,84.2984,122.084,33.4391,2.40491,63.9312,50.1862,20.4479,28.9394,4.32703,47,0.296016,0.894669,0.922578,362.461,87.874,81.9924,31.5535,2.59517,60.1444,57.8939,17.3249,24.6664,4.31955,53,0.261894,0.881556,1.19305,447.666,109.617,97.147,36.0981,1.75262,65.8362,61.3841,16.8875,26.7133,4.05998,45,0.289485,0.829742,1.24398,415.272,102.652,89.1166,45.9153,2.08396,68.6972,57.8604,19.255,32.6225,5.19035,61,0.200905,0.809548,0.757696,492.277,94.225,95.6117,22.7331,1.77032,76.2616,62.7385,20.2226,27.6145,4.13095,59,0.28278,0.85855,1.08906,345.931,85.0263,114.448,37.7597,2.47157,57.1003,47.7933,17.6686,24.3512,5.39649,41,0.267573,0.927524,0.952279,717.784,157.135,126.258,137.5,8.71613,88.9204,66.8446,23.2608,38.3762,8.79014,35,0.383035,1.09764,2.60578,1788.98,190.024,216.751,40.9944,0.389404,78.2271,42.7266,23.8977,31.0224,2.77673,1,0.398376,1.49468,3.60614,,,,,,,,,,,,,,,,,,,,,,,,,,,,,,,,,,,,,,,,,,,,,,,,,,,,,,,,
decoupled_wbc_h066_p000,1953,complete,90,18,20.423,3.54781,0.334849,0.215532,409.842,83.7889,72.0808,20.3736,2.09193,65.3536,52.8557,16.5772,27.0323,4.22243,44,0.259763,1.00046,1.29325,341.794,101.588,90.2892,36.4786,1.89614,58.3004,50.9735,17.0375,27.3902,3.97979,36,0.298325,0.969372,1.09683,483.104,97.7843,117.62,40.4886,1.83094,73.3538,54.3371,18.8652,32.1999,4.4364,42,0.369491,1.07032,1.21016,358.58,80.7766,49.8416,30.169,2.24712,50.5488,49.7845,11.2038,24.3421,3.08354,44,0.307746,0.865747,1.51875,184.049,45.618,45.4434,21.2616,2.43757,27.4131,34.18,9.56143,23.3261,2.89601,27,0.176666,0.650697,0.776819,364.958,63.9129,58.6698,19.5576,1.83628,55.7541,46.3802,13.8363,28.8331,4.49212,46,0.286343,0.95969,0.929826,316.973,69.5567,57.6561,17.7345,2.11184,47.0426,48.88,12.4076,22.4434,4.59328,49,0.202298,0.726591,0.765331,379.403,82.7004,70.5766,26.3314,1.51556,59.5254,54.0552,15.2262,25.5867,4.56898,50,0.222684,0.787021,0.916262,470.973,93.9559,54.83,36.9497,3.48641,60.3721,53.8006,13.1409,29.3648,7.3664,42,0.285343,0.934015,1.69272,490.372,90.319,77.8607,39.2941,2.08844,65.2357,54.6205,15.6915,35.0891,4.62905,46,0.223386,0.856204,1.19656,477.021,104.618,92.3641,35.1385,1.73657,72.7636,60.4543,18.2263,34.6819,4.20832,48,0.262083,0.959423,1.33675,327.088,78.4001,67.9752,32.617,2.26171,50.8481,49.5119,14.596,28.5777,4.09017,44,0.192318,0.829554,0.804982,588.505,129.119,87.8514,49.2821,1.38543,70.2878,55.3253,17.3493,34.0238,4.17444,42,0.271923,1.10187,1.7188,1248.63,144.445,126.141,96.9493,3.7082,93.7409,63.5117,21.1861,41.9472,7.54278,36,0.289565,1.10527,1.95372,371.268,85.7351,92.738,90.407,5.82549,57.4618,50.9565,15.1173,35.2517,8.49323,44,0.244433,0.925883,1.18256,506.014,80.5339,65.0934,31.8528,1.96372,75.2716,56.0943,16.417,33.0135,5.06702,49,0.297204,0.857145,1.22732,1216.17,304.963,163.32,41.4778,2.30736,105.423,92.0481,22.9155,37.4466,7.28572,38,0.30981,1.00959,3.90659,387.398,64.7375,79.3534,18.4903,1.05483,56.1864,40.3605,14.5674,24.2563,3.80566,42,0.324536,0.914676,0.770737
decoupled_wbc_h066_p000,1954,complete,90,18,16.4803,4.13909,0.26256,0.0558285,404.788,84.595,101.795,25.1152,2.47262,70.1312,52.7654,18.45,29.4564,4.83971,47,0.317597,0.972417,1.32926,377.658,88.2122,121.714,35.0989,1.68906,64.225,55.9874,17.8098,28.2404,4.05176,40,0.313254,0.967088,1.2734,351.815,104.031,83.0322,28.4279,2.12154,55.1443,57.571,15.5917,22.322,3.7226,41,0.208267,0.800615,1.18467,389.381,107.918,108.15,44.3773,2.36022,62.7626,58.4988,19.0622,26.8452,4.5732,50,0.202798,0.861087,1.06215,364.074,88.8586,116.704,41.4652,1.79608,62.4788,51.3578,18.172,26.1301,4.02553,43,0.205985,0.948692,0.946712,442.15,115.083,119.966,100.114,2.60268,72.16,61.3885,18.7341,27.7045,4.44649,53,0.302375,0.796273,1.18109,345.731,86.2708,102.713,27.8905,1.97859,58.5944,52.401,17.5197,20.7089,4.78627,57,0.251863,0.756364,0.836417,507.379,144.491,107.857,71.0695,2.15819,72.2911,71.7156,19.3788,26.2875,5.42846,57,0.209575,0.798365,1.22734,653.557,149.188,128.199,119.975,5.08662,87.5252,66.4108,23.7015,33.4889,7.58542,42,0.336941,1.05559,1.50585,576.25,173.757,135.571,39.0383,1.37151,85.2416,74.1054,22.3526,25.4483,5.59183,44,0.298441,0.946831,1.60151,450.608,104.843,114.383,36.5469,1.90727,67.7867,57.5839,19.2692,23.5732,4.71311,42,0.249088,0.868492,1.25713,518.98,99.1908,86.2725,114.449,5.44128,71.1465,61.5144,17.3238,28.3023,6.48874,37,0.386948,1.22228,2.02954,508.426,92.1749,116.916,33.3182,1.98839,73.2436,58.8362,21.0356,23.4262,3.96071,49,0.311669,0.971804,1.02812,529.31,119.886,100.566,21.9295,1.33435,74.4101,65.379,19.3383,21.105,3.79926,44,0.297718,1.06885,1.60916,353.745,82.6825,86.8175,24.5928,2.38739,58.1408,51.2202,16.7042,21.5631,3.88045,45,0.254398,0.904201,1.00938,649.146,194.815,141.077,69.5787,2.51308,82.5499,78.0051,21.5858,32.5099,6.55516,39,0.388043,1.0942,2.37321,421.609,102.161,155.091,199.098,15.5762,73.0182,61.1346,21.869,43.4386,13.359,56,0.207095,0.805986,0.885566,310.167,80.4154,88.7964,26.7131,2.23637,54.8141,50.1044,16.2217,22.2442,4.5255,45,0.228267,0.88681,1.05383
decoupled_wbc_h066_p000,1955,complete,90,18,16.3681,3.90068,0.192387,0.0641797,387.214,79.6022,97.3662,24.5651,1.87776,62.5318,53.1404,17.3721,24.1159,3.91033,50,0.310593,0.917117,1.09108,388.041,107.242,94.9141,33.3751,2.49625,64.9767,59.2918,18.1549,24.4638,4.38947,44,0.300224,0.991678,1.2862,434.914,83.7286,86.8104,26.8272,2.53321,65.6614,54.7772,16.5959,22.8711,4.19362,43,0.341219,1.03818,1.83449,453.431,88.9329,86.6371,27.3751,2.51656,64.114,58.6321,15.8323,21.2594,5.16553,35,0.397925,1.03485,2.51311,523.343,126.508,108.246,34.7941,1.96256,75.5212,62.5115,20.4713,26.6165,4.40689,41,0.385386,1.11817,1.64456,445.5,97.8391,110.287,65.5007,2.75645,66.4,53.1999,19.2519,26.1715,5.18816,43,0.3469,0.981683,1.18005,434.369,86.7296,88.0521,30.7695,1.65798,65.0738,59.2775,16.1293,19.2252,3.76401,56,0.206932,0.745055,0.854084,388.402,84.2307,94.9982,30.6592,1.49688,67.4257,53.1558,18.3053,22.0852,3.95841,56,0.311909,0.862654,0.808393,337.687,129.125,100.325,40.3171,1.7367,57.1706,65.1442,16.7151,21.9991,3.74688,52,0.191164,0.74835,0.882746,499.403,110.928,102.814,47.542,1.80562,68.7518,59.8408,17.213,28.6319,4.23023,44,0.2943,0.942879,1.69959,604.054,147.555,154.877,39.1448,1.56215,86.2339,72.6011,22.0485,40.121,4.62613,49,0.299874,0.933633,1.48769,441.365,80.999,93.7849,21.8093,1.87333,70.3711,52.7692,18.6499,31.0263,5.30297,44,0.304089,1.05053,1.31868,550.194,148.527,155.859,145.922,27.872,81.0812,74.0056,24.4348,38.6298,14.6919,56,0.253808,0.848004,1.3607,537.475,173.635,103.917,34.1464,1.4609,67.8024,71.6695,16.5481,26.5669,3.97673,51,0.261079,0.830822,1.3663,490.254,125.291,100.868,46.8231,1.43391,70.0887,69.3268,18.2503,30.3988,5.04405,45,0.277818,0.864,1.24007,825.847,234.165,151.151,162.861,3.87926,97.264,82.5518,24.7887,46.7381,8.25109,40,0.357677,1.0527,2.14496,472.701,110.373,78.0507,39.0864,1.82794,73.6709,64.9755,17.3448,25.85,6.10988,54,0.28785,1.03608,1.24592,643.886,100.554,86.2373,44.7952,1.7017,70.9375,53.4718,18.3728,25.0983,5.55473,43,0.402504,1.12402,1.85549
decoupled_wbc_h066_p000,1956,fell,51.38,11,19.2209,13.4133,2.44524,1.78616,442.037,89.4872,91.6516,28.1639,2.21294,68.1764,54.9659,17.8155,31.1231,4.85644,42,0.293098,0.961375,1.14893,317.497,57.4014,78.2916,23.3918,1.99868,54.556,44.3757,14.8821,25.6994,5.73419,51,0.268669,0.869766,0.772338,670.21,107.495,99.0506,28.6799,2.52148,80.8558,63.3734,19.4421,29.4226,6.04585,30,0.378518,1.15244,2.54473,441.969,121.059,114.045,77.9371,1.74077,73.0159,65.7476,19.2458,30.455,4.88679,51,0.314331,0.903338,1.10546,411.212,81.0687,86.4196,34.497,1.52184,60.51,56.8071,16.2251,24.6489,4.28954,42,0.383311,1.07768,1.56368,711.825,149.536,174.256,173.94,3.1105,93.5225,74.9566,25.3748,43.2537,8.03535,40,0.406316,1.25082,1.97965,400.817,95.6684,104.865,36.4778,1.78441,68.0817,54.318,18.9014,27.863,5.3317,54,0.290555,0.961848,0.89907,481.446,131.837,82.8116,31.6447,1.7354,72.2255,68.5875,17.596,24.5183,6.146,49,0.32806,0.868195,1.21269,488.753,110.856,109.887,40.0692,2.13609,78.0348,69.077,20.4211,30.3964,6.335,50,0.290895,0.842211,1.14483,516.631,138.341,118.711,41.5495,2.87901,75.2463,70.1432,21.2724,35.6737,4.22238,51,0.253644,1.05365,1.47206,4791.93,414.215,455.701,167.705,25.6446,204.664,79.7542,42.9649,62.5133,16.4795,2,0.234367,2.23821,20.1037,,,,,,,,,,,,,,,,,,,,,,,,,,,,,,,,,,,,,,,,,,,,,,,,,,,,,,,,,,,,,,,,,,,,,,,,,,,,,,,,,,,,,,,,,,,,,,,,,,
decoupled_wbc_h066_p000,1957,fell,81.12,17,20.961,10.5107,1.74978,2.89026,419.802,96.9607,109.761,27.924,1.8337,68.911,57.271,18.9426,29.094,4.51108,49,0.286952,0.944276,1.12711,389.683,93.1454,104.709,32.0169,1.62073,59.9329,58.4293,17.9014,25.2124,3.61588,49,0.303761,0.891387,1.32072,365.111,67.0288,85.7435,28.3834,2.21932,58.401,47.1192,17.0274,25.0681,2.85223,48,0.305525,0.945463,1.1803,417.828,85.6224,101.11,33.5412,1.41364,58.3606,54.2677,17.0091,25.7007,2.74241,41,0.33825,0.951807,1.45724,442.648,88.6302,73.2043,42.2137,2.03078,61.8133,56.8888,15.9273,23.4127,4.39701,35,0.393444,1.0502,1.78912,372.832,83.1254,110.075,32.8223,1.19038,60.6327,50.4923,17.8196,23.5532,3.48259,44,0.320489,0.909718,0.830545,312.792,76.8855,72.0653,21.1681,1.82041,57.9725,53.3498,15.5359,23.3796,3.21761,53,0.274448,0.899461,1.14429,422.069,93.7445,79.6899,116.32,4.27261,57.872,57.6458,15.0819,32.3678,5.44524,36,0.391875,1.1123,2.32428,332.964,66.4007,83.1649,75.3813,3.19224,55.5102,46.3247,15.3537,28.1858,6.36115,48,0.335754,0.883878,1.04812,509.553,92.4175,109.089,26.8528,2.01254,65.7525,54.6386,19.6738,26.4034,5.06891,39,0.352081,1.08168,1.39072,539.274,111.906,128.909,27.2572,1.69981,77.6754,63.5267,22.9866,29.6412,5.44328,46,0.331673,1.08537,1.62273,602.672,140.813,135.082,22.9745,2.29145,80.332,67.4039,24.6427,32.6825,5.76742,35,0.4337,1.20143,2.30984,506.382,89.3191,93.9867,20.6181,1.48487,74.8917,59.2122,20.1814,26.1833,4.33005,58,0.291579,0.839204,1.02948,414.651,99.6591,87.0502,18.8802,3.19754,70.6766,59.5946,19.8861,27.7853,6.10791,45,0.337022,0.960754,1.23193,522.746,110.443,145.309,22.5278,2.15639,77.7581,57.3296,23.7156,29.5415,6.93446,40,0.411268,1.16007,1.77287,446.282,71.0891,90.1263,133.31,22.3159,63.7949,47.9302,18.7652,34.7182,13.9431,45,0.296775,0.959215,1.23744,2621.5,257.363,585.61,57.8567,6.99998,146.43,53.4979,43.0528,44.1098,12.9943,4,0.34782,2.74525,26.3666,,,,,,,,,,,,,,
decoupled_wbc_h066_p000,1958,fell,70.8,15,22.7832,6.41599,0.414471,2.39287,398.122,74.0225,97.7147,24.2826,1.96941,65.4884,49.3148,17.506,25.8583,4.24101,45,0.307574,0.969463,1.25009,365.23,72.4117,88.9243,36.0471,2.40259,62.9677,50.8649,17.3475,25.6262,4.21929,42,0.322299,1.03615,1.08278,413.6,68.8669,82.0299,33.1247,2.60182,64.8675,50.7874,16.8965,24.938,3.68471,50,0.300613,0.942257,1.11073,353.671,81.6444,88.667,37.8038,2.58616,56.1592,53.2723,16.2415,26.8081,3.70872,40,0.238771,0.827345,1.09015,404.47,92.5014,92.6922,32.3372,1.65233,67.3307,58.8441,18.9269,28.8892,3.808,51,0.275677,0.881333,1.03789,361.451,74.169,86.4708,24.2564,1.8371,60.1397,49.2629,18.0769,26.3239,3.20265,44,0.253145,0.977069,0.922806,543.701,101.467,127.927,138.771,3.90059,74.9287,59.3747,20.3092,33.4614,5.72874,42,0.306739,1.1244,1.62272,901.05,142.369,120.959,42.5219,2.26326,98.8275,71.1542,23.6517,39.3496,5.29029,47,0.301402,1.07748,1.57882,414.894,88.7882,108.66,32.4414,2.25421,63.8754,55.4412,18.1281,32.9664,5.89815,48,0.25599,0.961862,1.25981,822.233,135.655,137.095,38.0506,2.18246,98.6927,73.1032,26.7007,45.1955,5.55777,56,0.247017,1.05881,1.40184,507.262,109.714,111.039,99.0323,6.55524,74.8953,59.6886,20.3876,40.5917,6.90017,50,0.317811,0.989486,1.34816,366.526,79.5791,77.7646,30.9014,2.35457,55.0423,52.619,15.5409,26.6696,3.75013,46,0.272828,0.868197,1.11358,501.738,92.4905,115.581,39.1748,2.46817,69.1366,54.0739,19.6753,28.1132,3.71328,45,0.348763,1.11175,1.41992,824.858,270.312,235.282,62.2495,2.91756,100.077,89.0582,33.4225,48.9567,6.69842,47,0.328982,1.11646,1.85287,1690.8,199.662,169.359,29.6454,0.544849,74.3234,47.7541,18.7995,27.8895,3.13898,3,0.41124,2.27231,19.3403,,,,,,,,,,,,,,,,,,,,,,,,,,,,,,,,,,,,,,,,,,
decoupled_wbc_h066_p000,1959,complete,90,18,25.6883,3.52404,0.182688,0.125535,436.382,90.6688,97.5126,28.6042,3.16208,67.888,60.2849,18.9339,26.4666,4.81457,59,0.281707,0.843452,1.1811,352.792,70.0787,78.2942,20.0691,1.57165,56.0063,49.4984,14.7687,21.3215,4.39389,46,0.277158,0.868266,1.29581,436.777,86.0561,73.7314,24.915,2.3365,68.7426,57.9386,16.6438,19.3396,4.903,42,0.316978,0.931067,1.2856,297.756,50.337,67.9417,37.8758,1.94359,54.8001,40.2283,15.2679,21.4208,5.41932,46,0.306485,0.956594,0.865989,374.933,79.676,81.8286,125.331,8.1028,59.4157,53.5459,16.4459,33.1814,8.93593,47,0.262484,0.874864,1.24483,440.01,122.785,128.979,131.554,3.46344,67.9059,65.018,21.4136,32.0625,8.96585,55,0.244463,0.911413,1.0561,534.233,133.731,131.942,144.775,14.5187,74.8705,63.6814,20.0346,36.1408,13.5891,46,0.298202,0.966965,1.24107,441.908,89.8275,106.766,147.437,3.7795,67.2739,52.9854,18.4794,30.5678,9.6974,40,0.328472,1.02969,1.21169,396.76,80.2894,78.8879,26.7652,2.44289,65.529,50.5898,17.168,21.1411,5.55593,46,0.309879,0.958623,0.972219,408.196,84.8673,83.8101,42.6287,1.57344,62.8581,50.8605,16.0466,23.7176,5.23259,48,0.275393,0.840041,0.791049,337.372,97.7325,92.6509,39.053,2.61168,58.769,55.7538,16.947,23.4511,5.04227,56,0.226496,0.813605,0.766512,380.795,81.9515,75.2742,35.4256,4.12642,58.1461,51.9048,15.851,21.2705,6.5138,60,0.224661,0.759722,0.874898,585.167,189.988,123.87,40.7313,2.43214,79.8478,80.4562,20.2621,27.789,8.11263,41,0.331545,1.00681,2.13221,718.021,148.142,116.897,29.5587,2.02146,96.6469,78.116,24.047,32.2771,9.71814,39,0.356894,1.47091,3.04976,1395.72,215.504,217.371,49.3025,2.18792,122.06,92.6175,35.8374,40.3083,11.1259,38,0.252879,1.46142,3.15091,555.681,110.075,111.84,117.546,16.1288,83.8496,59.563,23.0261,40.0575,11.4449,57,0.328366,0.878614,1.24705,449.403,114.228,102.921,30.2081,1.66401,71.4326,64.5152,19.6024,21.7644,4.98411,54,0.255469,0.897572,1.20245,352.476,101.816,85.0209,37.3608,1.6172,61.0483,55.003,16.9026,20.3438,3.95627,54,0.226965,0.773547,0.74275
decoupled_wbc_h066_p000,1960,fell,71.38,15,25.8677,10.57,1.06106,1.3966,342.98,73.9061,67.7951,24.0809,2.61408,56.8065,49.9988,14.9163,25.7378,4.09786,41,0.323564,0.95128,1.38053,383.691,89.3759,93.535,32.7851,2.16142,64.41,55.3868,17.2765,25.061,5.25834,55,0.20276,0.828609,1.02871,352.987,89.1194,74.8907,41.255,2.46201,55.5274,53.5836,14.7955,21.8865,3.97216,33,0.275599,0.868994,1.26116,462.948,106.833,98.8425,35.3764,2.36105,73.7988,62.2499,19.5395,27.2961,3.63466,47,0.311122,1.04301,1.21392,431.497,100.679,113.845,33.5982,2.92654,72.796,52.7821,19.9735,24.3464,3.40757,44,0.337851,1.07123,1.09808,374.021,94.208,99.3986,53.7103,5.25766,60.489,55.9189,17.1135,25.9013,4.98577,51,0.262679,0.790476,0.890227,464.953,110.115,130.479,102.757,2.66819,75.7559,63.1279,22.9978,36.6776,4.93268,55,0.239191,0.970758,1.31535,385.239,90.6141,98.0842,50.1461,2.55773,63.0495,51.3552,17.8665,26.633,3.79596,48,0.307284,0.864938,0.831689,468.967,97.4261,112.562,35.5881,2.38322,68.3347,53.6333,19.7662,27.8979,4.24363,47,0.292462,1.06105,1.06912,428.33,111.218,114.05,44.3262,1.364,66.3469,56.3776,17.6895,28.4061,4.75091,48,0.26181,0.99587,1.03577,665.444,160.539,200.768,158.965,7.90644,90.9145,59.1851,28.6721,53.7333,10.6659,44,0.364589,1.08205,1.14807,890.638,204.913,214.629,52.8685,2.30448,101.636,79.438,29.6015,39.0899,8.03195,50,0.281124,0.979417,2.50111,805.556,146.518,162.92,217.51,8.14476,91.8504,70.7019,25.4411,40.8367,10.5358,47,0.319624,1.00704,1.58975,488.84,127.709,103.13,45.2575,1.59212,78.2147,71.1744,20.6334,29.8483,5.61402,60,0.248713,0.803374,0.947581,3263.03,281.776,401.382,153.549,4.70746,146.896,65.8953,42.0328,47.2277,11.6567,2,0.40612,2.32483,12.6534,,,,,,,,,,,,,,,,,,,,,,,,,,,,,,,,,,,,,,,,,,
decoupled_wbc_h066_p000,1961,complete,90,18,20.7244,3.19666,0.204589,0.243483,401.442,77.1368,107.573,22.812,1.77853,64.5632,52.9965,18.9049,31.4426,4.37044,43,0.279185,0.983818,1.00652,545.898,106.844,95.3926,27.2624,1.99767,79.5916,66.6099,18.496,32.9409,4.3703,48,0.309677,0.9431,1.63495,358.376,76.3933,93.7112,47.3877,2.3146,60.0082,52.0318,17.7045,25.142,4.57173,48,0.324455,1.06216,1.24489,508.166,97.6198,104.038,22.3194,2.22304,75.4085,63.478,19.986,28.7967,4.8386,52,0.326114,1.01061,1.39563,436.886,89.094,120.784,31.2052,1.21604,72.8966,58.9796,20.4534,29.3998,4.03415,53,0.34673,0.943725,1.13192,438.381,94.1021,121.476,33.8935,1.25768,72.6157,60.1796,21.5796,27.5419,3.41533,44,0.312823,1.01533,1.4283,445.495,77.1967,85.3518,49.9438,1.95998,65.2305,52.7112,17.354,28.1828,4.24034,43,0.302937,0.980154,1.30588,305.31,78.0389,100.511,25.2687,2.38895,56.2862,49.8198,16.4752,27.5066,5.629,54,0.241139,0.865149,0.859578,439.548,109.308,113.627,32.4162,2.12696,68.8264,60.7669,19.9243,30.3144,6.45509,40,0.354196,1.19296,1.58376,457.889,96.4467,89.3068,21.6799,2.11304,69.2744,59.1167,18.5034,27.3439,5.27608,46,0.391899,1.08875,1.39465,445.968,123.059,120.644,25.5517,2.06409,68.3586,66.0487,20.0648,22.8596,5.60346,51,0.310588,0.865663,1.21761,323.727,73.3059,105.156,22.8179,2.44462,53.0536,48.2019,15.9225,17.4306,4.03064,40,0.26456,0.942865,1.28424,563.722,112.351,107.193,22.0401,1.07219,78.5787,65.3961,20.508,20.5413,4.07026,41,0.341661,1.22749,2.11916,395.609,88.3872,84.3521,28.0111,1.26587,60.0684,55.4786,16.8715,20.1192,3.60019,50,0.231573,0.758917,1.06247,505.364,125.071,95.2177,25.9003,1.48628,70.0714,63.5472,18.0697,20.607,4.21781,52,0.345113,0.965077,1.46941,388.545,99.5381,122.865,25.4986,1.836,64.3637,58.8286,18.6205,21.3371,4.78383,51,0.234818,0.857097,1.04845,477.363,83.757,101.221,30.325,1.05137,65.4587,50.5156,18.7553,22.4534,3.29052,48,0.332291,1.09283,1.08545,1334.65,196.066,276.683,207.403,14.5605,123.977,81.8136,37.0418,61.0512,18.0009,53,0.260844,0.956859,1.98686
decoupled_wbc_h066_p000,1962,complete,90,18,31.5877,2.66522,0.214238,0.638541,361.664,82.9417,92.8403,27.9505,1.93601,62.0044,52.7738,17.2878,26.9851,3.92798,56,0.233962,0.825611,0.940812,366.378,86.7293,69.0274,25.7663,1.88806,54.3389,54.574,13.92,16.6526,3.78411,43,0.371781,0.857705,1.28362,395.273,92.9205,76.9769,46.6923,1.87833,63.8992,55.5196,16.6142,25.846,3.98887,45,0.265314,0.914666,1.06865,381.497,74.966,91.1058,32.7233,2.25067,59.3412,46.4044,16.1438,24.7318,3.44424,41,0.307164,0.890371,1.28134,520.545,121.124,137.787,54.2704,5.59453,81.6132,66.306,21.5961,32.1992,6.77683,49,0.297046,0.955263,1.2906,501.072,109.034,110.939,47.8808,2.79243,72.4279,64.9757,19.0369,35.3908,4.75588,49,0.324739,0.998509,1.32501,391.425,73.4952,92.3773,62.7813,2.35891,60.6091,43.332,17.1308,30.5556,4.32868,47,0.324641,0.985054,0.844154,655.854,147.165,122.215,182.501,11.2273,94.0355,73.6024,23.4749,46.6,9.35752,46,0.353133,1.11218,1.5689,418.285,108.587,68.7126,24.0758,1.45723,62.3131,61.877,15.4173,22.0898,3.7355,44,0.364355,0.889511,1.57488,434.324,104.164,95.4116,32.3551,1.78089,69.4333,56.5108,18.9023,22.3975,4.34557,49,0.27258,0.895333,0.897235,339.021,75.8826,81.8154,36.1324,1.70069,58.0299,53.0384,16.1446,19.943,3.34243,56,0.226667,0.770945,0.743649,2108.74,259.64,312.626,82.0887,2.67796,142.033,86.7578,42.6637,47.2724,7.38624,42,0.420048,1.04287,3.85217,310.719,73.9456,88.5543,40.9609,1.55147,52.2494,49.2019,14.5342,21.7406,4.01408,47,0.237528,0.812907,1.03662,453.266,140.978,108.392,37.4947,2.64939,71.0221,65.8892,20.6356,28.6898,4.83125,54,0.249932,0.889466,1.18027,674.813,148.5,158.742,200.449,18.1244,86.0473,73.7366,23.3158,40.1849,11.0624,37,0.423315,1.19632,2.43011,471.131,144.233,112.482,34.5236,2.75583,76.2196,74.9034,19.5376,29.5417,4.71415,47,0.380075,1.02129,1.69983,452.237,119.687,109.53,36.3208,1.20143,76.7799,60.2088,19.6393,29.0994,3.70334,44,0.33824,1.00891,1.20405,1370.04,588.17,273.221,87.861,1.79153,128.617,124.948,39.0655,55.9798,7.1146,38,0.512714,1.15517,3.15686
decoupled_wbc_h066_p000,1963,complete,90,18,20.5372,3.0775,0.164158,0.105095,387.896,85.8674,91.6398,66.217,2.79763,62.1168,51.5916,16.6715,31.6352,5.63758,39,0.372576,1.11292,1.44285,352.233,76.9141,57.4405,27.6917,2.39528,51.5687,49.5684,11.5327,24.1112,4.82803,37,0.360234,0.956694,1.92363,334.946,62.9933,64.2405,65.0343,2.70154,51.6254,46.2079,13.2689,27.4983,6.59129,40,0.265312,0.850655,0.970951,438.13,89.8574,99.4543,76.746,6.56254,66.1905,54.8494,16.3993,31.0156,7.0543,49,0.283779,0.968882,1.15323,334.368,77.5553,84.6131,32.2276,1.71189,51.5951,51.9483,15.1881,22.0196,3.94486,40,0.274715,0.914552,1.51126,602.244,160.253,114.925,44.3371,1.66859,73.2112,65.0177,19.5278,31.9352,5.46349,41,0.313709,1.0315,1.74952,680.022,120.141,119.51,75.7364,7.44719,73.4046,58.1838,17.213,34.2262,6.66884,35,0.340405,1.23901,2.18467,363.568,84.0386,73.3071,28.475,1.72294,54.8612,53.0883,13.4084,27.5811,3.43728,36,0.369979,1.09566,2.0357,442.469,97.1823,114.864,32.8199,3.38771,67.5329,55.443,18.0153,34.0147,5.36214,46,0.297286,1.00468,1.3352,314.43,77.3709,73.5348,18.4962,2.48824,58.8403,48.8927,15.513,23.7546,4.94768,43,0.290345,0.898929,1.06942,343.919,81.6112,108.573,30.2827,2.20491,59.262,52.3761,18.1077,29.4966,5.42413,43,0.276451,1.0116,1.12508,465.176,104.937,105.621,26.0496,2.04369,74.0239,62.6816,18.9123,27.6047,5.2159,51,0.292534,0.882017,1.44983,408.225,72.0579,104.999,27.8814,1.89911,60.9697,46.5621,17.6551,22.9829,4.10842,41,0.314822,0.942612,1.18578,595.284,122.226,129.376,27.3846,1.68398,80.6159,65.3401,21.9658,35.4369,6.00304,46,0.382009,1.16841,1.51808,625.624,120.407,97.8397,34.0883,1.61588,74.8436,67.9746,18.8483,33.5079,4.95995,42,0.342892,1.18122,2.12024,546.487,92.3492,191.917,267.52,7.95523,73.9613,60.3097,21.8773,55.5893,8.62641,48,0.238362,0.899518,1.08321,666.826,127.417,125.525,61.3811,1.67122,83.8102,62.8717,20.4029,34.623,4.71913,41,0.380232,1.21313,1.78243,694.582,204.054,148.345,68.4131,1.55265,88.822,78.0849,22.4599,35.0947,6.31193,49,0.225643,0.861558,1.31356
decoupled_wbc_h066_p000,1964,complete,90,18,15.0235,3.00176,0.244552,0.100288,484.848,126.544,121.218,22.3747,2.83147,74.2329,64.9718,20.752,31.8414,5.54829,41,0.365211,1.1194,1.63644,408.73,75.764,89.8938,28.0475,2.29198,60.2861,45.7271,17.1811,28.1368,4.51379,46,0.32081,0.972393,0.983045,417.094,90.1582,70.0734,17.1666,2.10693,61.0653,55.8072,14.529,19.6632,3.3743,40,0.40329,1.02833,1.72368,527.625,109.813,142.144,81.1532,2.45971,74.0201,58.7953,20.7658,28.5395,4.70614,46,0.38683,1.0167,1.34589,405.643,106.813,92.3072,32.3805,2.05204,66.8847,58.135,19.679,26.5204,4.21478,49,0.261022,0.818875,0.93554,353.725,86.9089,91.118,63.2616,1.45572,59.1587,51.1665,17.61,28.5417,3.94447,48,0.268954,0.966647,0.916447,586.633,186.42,130.464,36.2854,1.4552,77.8492,75.1093,21.6744,24.6569,3.66894,49,0.355533,0.950681,1.32605,386.347,113.825,115.997,23.1788,1.33964,65.4119,55.7351,18.9113,20.8225,3.68168,49,0.320793,0.910892,0.99886,642.277,126.21,137.083,121.622,3.56516,90.7263,71.5215,22.5976,37.7992,7.91726,50,0.297371,0.96056,1.60594,473.745,120.152,111.859,35.601,2.5325,66.8649,65.0494,17.543,26.1155,5.44036,38,0.27895,1.00072,2.00162,490.107,101.257,111.563,39.7903,2.37683,66.5657,59.8776,18.2278,29.6858,6.13607,40,0.256991,0.996992,1.78088,390.001,97.0374,90.2922,43.2996,1.40967,57.6336,54.0821,16.037,24.1134,4.47964,36,0.308169,1.00983,1.33945,390.669,98.8523,104.358,47.3416,1.39468,61.222,57.1851,17.7664,26.8848,4.38564,46,0.242404,0.807645,0.881817,685.077,146.529,102.69,41.9255,2.07716,87.5549,75.2006,21.2766,27.6713,3.89688,36,0.408896,1.20488,2.82941,541.347,123.295,106.069,33.5023,1.54081,81.9585,70.2401,20.2673,28.5838,4.43166,48,0.305655,0.851944,1.48403,389.318,79.8669,61.059,28.7805,1.65085,55.5799,53.9249,12.992,17.1889,3.70748,36,0.347801,0.956009,1.62329,385.186,103.311,85.417,44.9906,1.76276,62.3206,49.2104,17.1063,21.2422,4.47754,45,0.27498,0.884995,0.90096,422.318,100.567,103.216,44.0734,0.884296,66.1135,58.4414,17.6211,27.1023,3.57492,61,0.234624,0.851913,0.812558
decoupled_wbc_h066_p000,1965,complete,90,18,15.6975,2.46738,0.281526,0.261063,384.119,71.0963,77.1412,48.6632,2.93399,62.1349,52.0414,14.7987,27.2175,4.51693,36,0.379343,1.10718,1.98517,358.58,91.6793,91.2475,36.058,2.33772,60.4136,56.2342,16.8009,28.5205,4.20445,45,0.259859,0.895151,1.10013,524.598,101.11,108.314,28.7289,1.72298,75.4512,59.3911,22.7098,33.7946,5.04342,55,0.313908,0.958903,1.21794,480.338,111.304,117.772,29.2058,1.98259,75.1572,67.2613,20.1161,25.5143,4.00268,48,0.343809,0.977291,1.51543,480.063,118.612,120.817,34.5622,1.05657,80.6707,66.3586,22.113,31.7113,4.72814,51,0.315632,1.00398,1.40031,422.476,73.7779,73.9632,28.5679,0.853825,59.5587,52.1084,14.8073,24.5141,3.91759,40,0.339445,0.92443,1.59182,340.656,74.7523,87.6584,29.5398,1.78894,57.1512,51.2421,15.8956,25.3923,3.60497,54,0.254979,0.765577,0.757247,353.038,77.9229,72.007,31.4871,2.17357,54.5208,55.1885,14.275,24.0507,3.875,50,0.173558,0.660158,0.897905,457.089,159.25,98.2767,48.5299,1.65289,68.9038,65.7316,17.7936,36.8143,5.50522,35,0.354764,1.00302,1.59235,337.069,89.4356,67.0359,37.4178,1.34485,57.499,50.4139,14.6671,31.407,4.60187,52,0.211869,0.765503,0.844244,385.73,77.0865,80.909,40.7764,1.49313,64.7716,48.4771,16.1586,32.3048,4.78917,45,0.288765,1.0145,0.9177,435.153,87.8287,79.9506,48.2563,1.79594,59.0544,55.8938,13.8022,28.955,3.93348,41,0.23203,0.794091,1.21302,1008.92,209.18,195.05,170.174,9.74275,102.731,81.09,26.8768,54.0568,11.9255,44,0.337397,1.11784,2.26608,534.117,123.728,93.9604,50.5587,1.73902,70.5062,61.5483,18.0101,29.9806,5.38596,42,0.274306,0.81636,1.46342,414.688,98.0981,143.028,93.8174,4.14363,60.1111,52.4889,17.6816,34.4942,6.01555,53,0.134224,0.637133,0.761872,474.738,115.435,117.55,110.357,10.6147,71.5807,62.6989,19.9879,48.7067,12.3294,47,0.328596,1.02502,1.43371,540.773,110.49,134.485,186.881,5.49231,74.729,65.0024,20.9867,50.4667,9.56902,51,0.273914,0.878567,1.20558,447.697,86.9233,65.9213,30.3273,2.01233,58.5466,55.3551,12.8053,27.6889,3.63922,42,0.338458,0.93603,1.68721
decoupled_wbc_h066_p000,1966,complete,90,18,25.368,2.69851,0.441609,0.34477,317.019,73.2237,58.8868,15.1503,1.38768,53.0501,48.2605,13.5316,19.5883,3.18889,48,0.286839,0.824205,1.18559,431.196,93.9437,128.289,26.9178,2.57973,67.863,57.5109,20.4408,32.1509,5.40936,49,0.359671,1.01384,1.16465,464.028,97.9987,80.5749,50.7732,2.59483,72.8576,60.5707,17.7326,33.3885,5.61982,40,0.344218,1.14325,1.68281,388.392,74.2928,91.895,22.3104,2.19079,68.1892,50.9431,17.4696,22.6174,5.19402,48,0.300913,0.990971,1.29222,366.782,72.1872,60.0222,24.3423,2.09279,53.9811,51.0811,13.4795,19.516,3.89707,46,0.347218,0.930676,1.50809,449.819,87.6479,121.943,47.1812,1.97699,70.6192,56.1888,20.6887,27.9722,5.27357,46,0.302872,1.02922,1.32963,501.49,115.223,107.356,114.906,9.57501,71.393,67.1918,21.0377,35.3015,10.3496,50,0.280168,0.963455,1.56471,427.964,83.9713,97.6932,20.6861,1.21741,69.9494,53.4078,20.3587,24.1246,4.08915,47,0.331559,1.08576,1.03288,621.351,155.104,119.936,48.3247,2.54481,82.8755,70.5806,23.1565,37.2505,6.64205,35,0.39734,1.15691,2.56784,369.053,74.1135,83.7753,21.0328,1.95815,56.1521,48.9092,16.9732,24.8309,3.97786,46,0.280233,0.929242,1.32648,393.134,73.9008,102.286,18.6945,1.69636,65.0146,46.5641,19.1255,26.6401,4.87076,43,0.327207,0.901478,0.906188,1150.87,162.689,151.046,31.4661,2.22835,107.962,76.6831,31.9136,39.7009,6.37795,45,0.299474,1.19443,2.17946,557.174,114.212,131.415,64.0204,12.3831,79.4712,63.0436,22.3199,43.2968,13.0834,46,0.26881,0.970986,1.54264,440.577,91.5922,96.1694,23.5845,1.70463,69.297,54.3149,19.741,30.5235,4.5441,54,0.253408,0.9708,0.954887,556.037,132.171,115.895,51.4454,2.37078,80.6569,68.0368,21.7686,34.2204,5.69478,44,0.331206,0.925424,1.61276,661.76,125.006,141.193,35.9189,1.48211,88.7644,63.5187,26.7427,35.0817,5.40044,42,0.353774,1.28534,1.93416,366.879,79.4784,85.5884,22.2737,1.77855,60.7045,51.6159,16.872,27.3792,3.81782,49,0.299659,0.897809,1.0469,739.104,133.852,171.121,29.4377,2.33963,91.7606,62.8584,26.8917,38.5302,6.36554,40,0.321459,1.49813,2.1768
decoupled_wbc_h066_p000,1967,complete,90,18,17.7523,2.40726,0.0712681,0.156698,450.368,89.7503,83.6972,24.1557,1.76178,66.2671,59.8965,16.9735,28.2742,3.90107,53,0.239465,0.788896,1.21125,425.741,92.25,80.867,33.2024,1.94776,70.3141,56.4048,17.8172,28.1183,4.27172,49,0.382983,0.947638,1.15753,420.332,79.9132,78.9541,24.7119,2.57564,62.9271,55.1414,14.9739,23.6478,5.22552,34,0.368403,1.16963,2.12015,444.674,85.8211,94.4741,33.7031,2.66508,60.2405,53.2823,16.6132,30.4045,4.2579,46,0.286146,0.882431,1.2331,486.36,107.978,90.2638,39.611,2.07485,71.5556,63.0286,17.4444,32.5311,4.62923,58,0.231217,0.752693,0.933603,414.53,88.2003,83.511,35.9027,1.37511,63.789,54.9674,16.1627,29.0676,3.66268,53,0.229794,0.837866,0.960845,562.78,91.5513,84.8471,35.2893,2.61601,72.5833,54.9214,17.5414,30.0402,3.04497,43,0.253695,0.958825,1.47456,870.662,135.912,137.713,50.6893,2.12549,91.4537,68.3392,27.1351,43.5495,4.95432,53,0.293705,0.976235,1.33269,462.11,96.2477,79.7518,36.6474,1.70048,62.1614,58.823,15.6948,29.8894,3.18486,46,0.28227,0.927797,1.20572,466.395,141.368,125.543,50.7347,1.55783,74.1693,66.9957,20.3803,34.7523,3.29486,51,0.308754,0.924193,1.21314,754.283,161.636,175.038,188.851,11.7066,95.8693,74.8498,27.9532,56.8845,12.9808,49,0.30329,1.00622,1.96279,615.125,120.359,96.3153,105.95,2.8664,82.4464,69.3915,20.4914,41.7271,4.85128,44,0.327964,0.986288,1.83527,503.74,96.1102,101.405,34.8939,1.88156,74.492,60.7804,18.7128,36.2263,4.15438,38,0.368048,1.11413,1.86284,612.988,125.853,141.203,155.068,8.15453,81.6539,63.7879,22.1027,50.6423,7.77503,48,0.250482,0.954401,1.07313,320.149,71.3579,70.9479,29.7603,1.89205,49.7396,47.3137,12.4809,26.5704,3.33216,35,0.300294,0.963924,1.61846,352.272,66.2996,76.3827,33.6066,1.11658,53.2736,41.6902,14.7018,28.637,3.60713,40,0.30558,1.0861,1.05002,367.115,77.0774,122.18,87.2405,7.95481,58.6517,49.5611,16.3388,33.3014,8.47727,46,0.273772,0.9447,1.0655,271.823,65.4868,69.7416,31.5628,1.56776,49.6204,43.5036,13.8051,25.8212,2.25757,49,0.238768,0.786493,0.784972
decoupled_wbc_h066_p000,1968,complete,90,18,28.5472,2.6331,0.876351,0.636007,365.953,101.403,104.876,27.9915,2.49807,61.2595,63.1849,17.542,26.0929,4.38921,46,0.275501,0.984542,1.30828,360.392,129.072,117.233,44.6275,2.31606,60.9158,65.2493,18.7161,25.8106,3.4736,43,0.189069,0.843126,1.3327,344.098,139.608,107.599,45.2387,2.24528,66.3067,64.9432,18.8089,28.9895,3.77973,54,0.209419,0.735437,0.863161,421.943,89.4647,91.3989,40.1601,2.07866,68.9623,54.6851,16.3283,24.6064,4.68866,46,0.355475,0.893836,1.11687,387.227,113.101,92.8984,42.0157,2.11277,62.3777,62.8005,16.168,28.2125,4.14419,46,0.268818,0.845697,1.19959,435.019,98.8538,100.525,36.7276,2.46381,66.4637,56.3152,18.4517,24.4104,3.79689,44,0.269958,0.963074,1.0878,403.691,87.0072,104.443,49.4289,2.95198,65.3073,53.2234,19.8275,23.7909,5.91413,49,0.31862,0.896171,1.04966,516.109,101.503,108.467,30.5195,2.01105,76.2802,59.6523,20.73,23.3381,4.59019,53,0.350871,0.9608,1.20537,654.023,199.868,141.446,41.3178,1.55213,86.2248,91.8551,22.7294,29.678,4.61272,24,0.471465,1.0859,4.49333,561.259,127.557,123.276,50.0721,1.90023,80.7951,64.5571,22.4979,28.9689,4.826,47,0.331095,1.01919,1.46732,701.651,136.765,145.558,55.2179,2.07899,85.8596,56.0373,23.9356,28.5436,4.74866,39,0.317442,1.26189,1.65153,1271.59,195.236,172.903,194.043,10.5677,124.98,87.1267,32.124,43.1931,10.9479,37,0.341217,1.37738,3.50173,992.847,173,161.951,48.7658,2.23045,112.988,84.2828,30.5754,30.6925,6.63437,36,0.374755,1.49878,3.31632,733.261,155.889,145.888,40.8745,2.81657,93.3876,73.3356,22.7688,27.4008,6.39273,44,0.398231,1.23783,2.16872,652.598,225.556,132.794,61.1517,1.91568,80.5743,74.5812,21.1591,33.4151,6.27686,39,0.313085,0.906439,1.80477,378.487,101.967,95.8534,46.9785,1.37706,59.9548,53.6889,15.7988,20.8362,3.0637,38,0.30182,0.935941,1.19361,457.325,117.305,112.324,32.2183,1.64499,71.6656,59.1376,18.047,23.8803,2.99893,38,0.373239,0.979899,1.43069,1440.92,242.489,240.178,39.6475,1.73127,135.883,99.1497,44.0827,44.3519,6.14851,36,0.383547,1.85551,3.93686
decoupled_wbc_h066_p000,1969,fell,61.18,13,22.4216,7.50405,2.6731,0.718224,381.092,87.5946,88.1969,54.6961,1.63557,65.1105,56.3027,16.4643,30.8355,4.75899,43,0.26694,0.981059,1.11126,345.503,91.7955,86.027,38.5555,1.40724,57.2965,55.9218,16.1374,31.6716,3.70444,35,0.298279,1.05682,1.80036,401.477,133.092,97.4903,66.4696,2.67504,67.9012,70.3777,17.2747,33.3819,5.02139,53,0.185603,0.761535,1.03131,399.112,120.049,107.404,41.1256,1.73485,69.161,55.9104,19.0619,27.2554,4.72929,42,0.345438,1.02077,1.1376,386.542,103.203,82.5573,104.47,2.73076,56.9463,57.4118,15.5515,23.5837,4.11381,46,0.196597,0.757249,0.994609,439.817,111.288,118.956,54.0196,1.90905,71.8887,65.1377,18.2493,27.5291,4.56345,47,0.311018,0.74789,1.13495,328.193,93.2674,94.0396,46.4363,2.17405,52.4605,55.3506,15.0932,20.4571,4.22176,46,0.209204,0.711523,0.792893,420.262,94.1755,99.1298,102.763,3.22457,62.0271,56.7945,16.1363,29.4644,7.18954,34,0.348584,1.09758,2.18403,531.962,130.629,148.04,65.0034,2.14422,76.8131,61.5678,21.7924,38.4994,7.03358,45,0.332748,1.02371,1.55002,374.95,87.596,83.1426,41.6931,1.77502,59.6778,52.2111,17.0268,29.1299,5.3778,48,0.315806,0.990574,0.916573,671.254,103.718,106.186,58.3118,1.24647,91.7837,60.8806,22.866,35.4926,7.68854,39,0.366154,1.25447,2.04771,837.831,137.665,165.706,133.029,39.844,97.9656,69.5001,26.7537,56.0913,24.9154,40,0.341884,1.1808,2.39664,4388.02,344.669,993.302,428.826,32.4941,200.095,72.299,56.9873,88.5122,34.7623,4,0.225021,2.25655,31.3336,,,,,,,,,,,,,,,,,,,,,,,,,,,,,,,,,,,,,,,,,,,,,,,,,,,,,,,,,,,,,,,,,,,,,,
decoupled_wbc_h066_p000,1970,complete,90,18,21.6444,2.80027,0.291497,0.199297,331.113,68.2364,80.9925,41.2004,2.32867,59.1207,49.6279,16.9455,26.6784,4.40002,49,0.228783,0.896689,0.882012,418.693,111.46,104.161,36.3089,2.37724,67.6822,64.4162,18.1108,27.2062,5.23099,44,0.303416,0.933945,1.17029,339.711,94.3549,106.079,44.8529,1.37314,56.9727,54.1413,16.3279,27.5901,5.62301,45,0.221593,0.824931,1.00424,401.875,83.1291,111.152,123.138,15.3879,64.9062,51.9586,16.6484,33.248,11.133,50,0.273995,0.871346,1.07109,348.989,113.596,93.39,36.9441,2.19234,60.3151,60.6443,16.796,28.608,4.8048,55,0.184662,0.785406,1.05847,395.788,80.7468,67.1013,24.3349,1.50247,60.6007,55.4665,14.0937,22.6869,3.22185,44,0.345128,0.920594,1.57599,338.779,83.9208,89.4525,150.182,3.96451,60.9536,52.4038,16.6871,27.6977,6.81137,48,0.29145,0.871498,0.938257,381.721,74.4886,108.185,21.3978,2.23395,59.1246,46.5146,16.9156,22.8485,6.1307,48,0.250863,0.855287,0.952717,713.601,248.072,139.691,26.8779,1.29152,88.6232,79.7437,23.2548,29.4826,6.52453,45,0.348513,0.866432,1.74088,540.236,102.3,89.448,25.6408,2.15617,78.6319,57.3339,20.2004,28.4469,4.3677,50,0.305045,0.884318,1.33819,416.459,84.0266,95.4592,21.6085,2.12437,63.8439,59.2207,17.8585,24.6491,3.73581,46,0.280415,0.927712,1.63206,474.762,126.346,121.182,106.208,9.24134,74.8107,66.0119,21.9906,42.9487,12.4342,50,0.303855,0.885903,1.24347,794.176,150.504,132.109,31.3693,2.26743,88.7583,76.6906,25.5478,36.49,8.00194,40,0.361935,1.30953,2.29655,851.178,320.213,170.781,33.1869,2.82573,95.9443,92.7486,28.9159,37.0605,7.96822,45,0.327288,0.957823,1.98144,540.413,119.624,119.107,31.7942,1.32167,75.5452,65.3137,22.1605,31.7241,5.41095,51,0.263819,1.04867,1.194,943.867,252.055,192.329,41.0609,2.07664,109.941,81.1486,30.1343,43.571,6.25602,40,0.430107,1.19717,2.5697,320.898,70.1877,97.002,13.6636,2.59949,52.2938,50.7354,16.3451,21.8273,5.61971,45,0.255383,0.914567,1.06124,562.734,96.5303,95.4139,28.1292,1.85304,72.4737,54.1713,17.4453,24.3519,3.47461,32,0.30852,1.15743,2.3988
decoupled_wbc_h066_p000,1971,complete,90,18,16.1888,4.03377,0.101183,0.229153,386.576,71.9337,75.3565,20.2255,2.63237,61.3395,48.1474,16.2992,23.8105,3.39426,39,0.372384,1.13561,1.42251,523.722,114.588,92.6583,30.8529,1.07908,82.2305,65.7196,19.7396,25.6224,4.84516,53,0.347265,0.846726,1.31304,374.885,83.7872,80.4848,46.5587,1.18915,60.3399,49.7415,16.4874,19.9758,4.72153,53,0.289139,0.878349,0.644036,370.096,90.2722,85.1135,33.1238,1.6192,67.0752,55.2033,16.4053,26.0118,5.61314,46,0.314677,0.901389,1.26623,402.711,89.2942,87.9055,40.6445,1.35783,60.6358,49.9428,16.4477,26.644,5.19635,43,0.304064,0.935196,1.0247,536.612,105.255,92.6253,136.516,4.1442,68.7575,64.9196,16.1743,29.8683,6.64425,40,0.404608,1.14656,2.14783,535.1,194.579,137.052,54.2887,1.32326,78.483,77.2338,20.8454,32.6288,5.1332,51,0.2798,0.902064,1.35212,382.48,69.8483,50.9316,37.7722,1.25894,54.8066,47.4126,12.3229,20.4577,2.71222,36,0.33805,0.828291,1.15633,477.092,111.09,79.3228,113.325,3.8283,63.7312,61.3119,16.2465,35.1135,5.49426,44,0.286792,0.994355,1.42962,470.229,110.666,103.133,59.5901,1.75724,66.8639,58.0532,18.6403,31.3817,4.06032,45,0.284796,0.944443,1.22725,494.03,119.458,115.168,56.1281,1.60017,77.324,57.8313,19.465,32.4471,4.1144,41,0.330931,0.989958,1.23404,524.549,95.7791,94.205,132.423,5.92919,73.1187,59.2358,17.4451,32.5098,8.28598,42,0.33137,1.03164,1.5251,378.001,112.991,84.3379,37.2948,2.0588,66.0799,61.7146,16.4322,24.0434,5.64343,58,0.202228,0.807577,0.943013,455.023,96.0824,83.4216,51.5798,2.83537,66.7108,58.9623,16.2657,23.7704,4.2768,50,0.282963,0.8939,1.2043,424.363,81.7808,73.3536,28.7853,1.45848,61.0769,52.4776,16.0488,21.6198,3.8008,39,0.309961,0.973252,1.48454,558.83,112.349,83.9392,26.3966,1.52948,75.5799,59.5857,18.7856,26.2265,4.3933,33,0.385103,1.40532,2.29247,378.492,72.4434,62.2584,18.429,1.84933,62.4856,49.8366,17.054,23.4854,3.84308,49,0.320975,0.964844,0.994232,501.144,91.2267,97.2281,23.4582,1.53086,70.8961,59.5581,19.8681,25.9595,4.28116,44,0.322846,0.964485,1.29475
decoupled_wbc_h066_p000,1972,fell,85.7,18,18.5445,6.83295,1.95876,3.72404,417.098,88.432,90.562,23.2327,2.25861,64.5919,57.9998,16.6249,28.2044,4.19492,50,0.255393,0.864397,1.2442,420.584,94.6002,70.6425,32.9709,1.91919,70.5315,57.3264,18.5186,33.0828,3.60327,48,0.340703,1.01201,1.17505,374.382,88.1919,71.5312,31.5223,1.40905,57.7528,52.9097,14.2944,27.0557,3.90345,41,0.332453,1.02315,1.60238,414.403,109.259,89.0946,32.4333,1.21721,66.3048,64.9624,16.9343,28.474,4.07389,48,0.276599,0.849421,1.0552,383.846,101.281,99.5287,28.9524,2.00316,63.2834,59.3708,18.3679,26.8604,3.86476,51,0.275944,0.85439,1.09673,549.144,124.201,121.841,191.194,9.5535,80.8618,61.61,22.4124,39.8158,7.52793,51,0.27158,0.92281,1.09438,501.167,69.3828,64.6113,91.79,7.2965,69.179,50.9508,16.1299,33.1248,9.74563,36,0.369642,1.0292,1.82184,391.347,86.0085,100.774,27.5897,1.87251,60.7325,51.0219,16.9924,23.9943,3.78212,42,0.296949,1.03922,1.27068,765.871,119.735,96.2659,28.9911,3.16405,84.9951,69.0418,21.0463,22.6309,5.54609,40,0.322557,1.02382,2.39472,364.941,79.5696,114.066,112.228,27.5673,66.7491,52.0341,20.0706,28.5045,14.5487,58,0.218515,0.857712,0.855481,406.439,81.3235,95.0352,67.3763,2.558,64.2358,49.9294,17.9899,26.1602,4.61641,41,0.30696,1.01159,1.031,369.905,104.657,109.63,32.6129,1.73428,61.4934,59.8093,19.1095,28.0384,5.02887,51,0.192107,0.871795,0.90499,455.282,81.3907,69.0634,30.1169,2.32001,66.7141,57.206,15.5907,21.5418,3.20407,38,0.400402,1.05054,1.73405,587.104,120.062,107.119,41.3416,2.7505,71.7726,60.707,20.5223,29.872,5.60141,38,0.303633,1.16638,1.71663,457.656,111.026,99.7303,29.7697,2.03389,70.3233,58.3729,19.1773,26.0582,6.45228,54,0.244887,0.728501,0.996841,453.13,98.783,113.859,49.8271,2.21674,68.7438,58.8851,18.3508,24.6775,4.09121,51,0.301682,0.865976,1.17809,761.098,228.449,261.049,183.948,6.13476,104.466,91.2734,31.908,51.3775,10.3207,53,0.251341,0.879006,1.60947,1739.99,280.867,350.699,237.479,20.0259,95.3724,49.9429,25.2627,53.4322,12.8542,2,0.0765457,0.8617,0.997864
decoupled_wbc_h066_p000,1973,complete,90,18,21.6515,3.06627,0.200297,0.280983,312.396,62.701,92.0231,40.9697,2.71686,55.3064,46.3758,15.3575,26.3833,3.45975,45,0.327139,1.01107,1.19383,405.588,72.2011,70.7671,45.0152,1.90195,60.6105,48.3186,13.9287,31.8202,5.44793,38,0.332144,1.04779,1.70894,347.39,64.3339,97.8112,51.2256,2.75449,56.7312,46.5549,17.0114,32.9024,5.44007,43,0.265086,1.01586,1.0785,564.905,92.7438,122.131,36.4179,2.416,74.2294,51.7728,19.9389,37.4473,5.67661,36,0.395656,1.13179,1.61277,516.444,108.969,106.054,113.479,2.82308,72.563,62.2103,19.2378,38.1769,5.29794,40,0.301336,0.992052,1.35941,403.031,71.855,96.6173,21.7112,1.87639,58.7091,47.3762,17.8326,28.109,4.50655,40,0.322032,1.037,1.3947,402.592,91.2252,100.655,56.7246,3.62704,64.0167,57.8641,16.8765,30.818,6.26986,55,0.248343,0.84731,1.16458,415.477,98.7705,95.3981,101.854,2.87137,60.7199,57.4287,17.9766,33.6011,5.33969,42,0.28774,1.02213,1.46262,607.021,136.835,132.125,44.6318,1.7039,85.2856,70.8146,24.808,39.7819,4.48721,50,0.284457,1.16042,1.53282,506.88,120.857,98.5043,24.7762,1.84621,79.949,61.4222,20.2808,29.3919,5.01221,53,0.341676,0.939408,1.23284,530.751,128.234,128.321,54.4817,3.0664,86.5849,72.1332,23.3733,33.2859,5.22614,53,0.262656,0.958116,1.29677,603.533,139.184,123.439,52.7108,1.63329,78.853,69.5004,19.8585,33.5352,4.13071,43,0.310862,1.21984,2.3376,424.196,91.7351,73.0175,20.69,1.4197,60.0114,59.3804,15.5227,20.3837,3.60538,58,0.246533,0.768718,1.06751,412.828,91.244,96.7081,30.039,2.06311,68.6273,57.1283,19.3478,27.0425,4.36639,43,0.261313,0.921247,1.09918,595.357,151.72,145.89,61.9023,2.02718,82.2083,66.2357,23.9071,38.2823,6.17404,44,0.301059,1.04807,1.35962,410.407,98.6655,116.271,104.338,2.32249,60.9734,51.1653,17.8685,31.4629,3.89061,38,0.3226,1.06685,1.25604,905.973,158.817,170.434,66.3787,1.64278,98.0591,64.8889,25.363,39.2948,4.04091,41,0.346313,1.14403,2.43174,576.294,128,89.7153,51.6993,1.27146,79.0722,64.0271,17.5762,31.8376,4.2938,40,0.388186,0.899316,2.11342
decoupled_wbc_h066_p000,1974,complete,90,18,31.5787,3.14654,0.294856,0.177466,329.251,67.5579,80.2689,19.7609,1.95267,57.8054,50.6468,16.631,26.2211,4.12538,46,0.275537,0.928724,1.09934,449.631,99.592,82.3716,19.4285,2.17209,64.496,56.4362,15.585,22.4164,3.40435,39,0.337889,1.0423,1.78865,387.61,80.9912,94.8549,26.3653,2.41453,63.4953,55.8199,18.5378,24.709,4.3779,48,0.283941,0.877376,1.34739,509.919,83.4223,123.829,40.8848,1.78824,71.2824,49.559,21.5256,28.3215,4.62327,48,0.310061,0.918384,1.00872,478.072,91.2945,120.06,26.781,1.41929,72.9204,53.3603,20.2644,24.7742,3.86774,40,0.373423,1.13273,1.60638,518.877,101.733,107.258,68.6206,6.16971,70.4621,64.6746,19.1776,27.4727,6.59477,34,0.427133,1.1662,2.55841,396.772,129.326,106.778,64.5846,3.15238,64.0556,65.4779,18.0183,27.7513,6.78791,54,0.227192,0.697628,1.0193,436.755,122.601,105.212,34.8224,1.47609,68.9831,68.0967,18.8858,30.2361,7.9059,50,0.270463,0.896573,1.21928,373.718,83.9008,99.7269,64.9588,1.35948,63.5487,50.462,16.6805,29.6199,5.86723,45,0.296539,0.83828,0.897289,510.641,141.602,107.46,59.0332,11.143,76.2643,71.9489,18.7491,34.2934,10.1119,43,0.289173,0.928936,1.40091,496.803,105.258,122.872,120.994,25.6831,70.4758,58.368,19.3718,42.7415,16.8128,41,0.368292,1.06741,2.02705,744.556,312.403,181.225,47.8128,2.72292,89.9589,87.1942,26.1704,35.8479,6.91627,37,0.327366,1.10807,2.13242,570.794,125.4,130.745,118.612,3.67133,74.4048,62.2927,20.5105,40.0263,6.78846,42,0.244336,1.02285,1.81866,443.98,104.828,101.723,41.2903,2.30531,67.1856,56.2544,18.0801,35.5141,4.08455,48,0.290939,0.935572,0.945225,360.908,79.3677,72.4171,30.7366,1.34141,54.7348,56.3934,13.607,24.9797,4.18513,44,0.277302,0.881819,1.29608,649.344,118.226,141.822,226.702,11.766,82.0564,66.7724,23.5656,53.7873,14.806,38,0.409415,1.2212,2.04573,2687.08,580.908,435.563,106.729,2.68026,169.946,125.702,52.5254,86.0481,12.2623,30,0.311935,1.52879,11.0779,491.747,83.1885,94.3718,35.6815,1.64046,72.011,49.8216,17.4036,30.8356,3.51356,42,0.392807,0.985302,1.14948
decoupled_wbc_h066_p000,1975,fell,76.48,16,25.5843,4.82185,1.45533,0.614669,436.043,103.436,135.803,36.9609,2.36401,69.2695,57.1144,20.5852,34.6539,4.90593,44,0.300988,0.970707,1.27952,399.87,103.298,105.169,42.6644,2.28069,64.6772,60.3841,19.282,31.2067,3.73375,48,0.256961,0.787349,0.86422,450.829,108.458,107.515,39.3962,1.52295,67.1585,55.5155,18.9332,31.3551,3.4997,42,0.29803,1.03422,1.88685,369.062,77.3862,117.145,70.215,2.07745,60.6638,48.9254,18.0883,31.0902,4.57214,49,0.260148,0.934408,0.928747,409.088,97.9609,104.166,43.586,1.97778,68.4658,60.9306,18.5526,31.5711,3.61046,51,0.259306,0.827527,1.00181,352.233,71.2296,65.9134,27.6917,1.42684,55.3216,49.9223,14.3277,22.6,3.03809,36,0.295932,0.869787,1.46133,359.193,81.6122,97.6208,31.3777,1.28854,57.0588,50.2662,17.3186,28.3453,4.27813,48,0.247338,0.881279,0.93925,385.771,85.2365,93.0565,36.3552,2.13991,60.3516,54.1438,17.7254,25.6813,3.85124,49,0.261767,0.787749,0.833124,403.367,87.8666,79.9222,26.1979,2.02691,63.6393,50.6034,16.2888,22.0045,4.3618,37,0.300285,0.931348,1.29247,492.551,101.758,93.8768,26.5705,1.94474,76.0291,62.7629,18.8942,23.4266,4.32785,49,0.323967,0.846557,1.18662,509.824,105.069,74.4634,38.8315,1.02902,68.2994,62.1591,16.1376,23.4428,3.2836,37,0.407712,1.11669,1.91081,430.998,104.051,148.575,125.22,12.874,66.8081,55.3997,20.4729,39.8486,9.91304,36,0.347293,0.961976,1.46088,499.866,113.28,85.6373,23.909,1.02499,74.3907,62.436,19.8968,29.1193,3.90371,50,0.283124,0.923276,1.29837,461.77,81.7753,93.2336,158.538,7.75566,64.0116,53.3623,17.8558,38.0791,8.3829,38,0.367811,0.921144,1.89412,535.747,90.6796,93.2736,37.5295,1.57526,68.7591,54.0315,17.5359,30.2515,3.17521,42,0.273815,1.04531,1.50536,3384.8,659.79,467.152,231.727,10.3199,152.894,81.4199,37.3604,65.3291,13.5159,2,0.099762,0.671451,0.382172,,,,,,,,,,,,,,,,,,,,,,,,,,,,
decoupled_wbc_h066_p000,1976,fell,45.9,10,23.4786,9.78546,0.413312,0.340574,471.023,90.9578,85.6979,44.0908,2.59035,69.7578,56.2356,17.3175,31.9559,5.48205,46,0.300565,1.13197,1.47565,381.114,90.9149,82.2816,33.8426,1.98296,61.4383,53.7548,15.5154,30.2207,3.82291,45,0.257476,0.944048,1.37278,376.838,88.5792,74.7124,29.8408,1.06929,62.7045,54.1021,16.1062,28.5821,3.35007,42,0.321122,0.926979,1.04789,357.345,71.0827,65.3065,30.2432,1.28872,56.4464,48.5382,14.6349,27.9293,3.49459,45,0.256773,0.849779,1.18076,356.639,72.3224,67.5706,34.2053,1.34518,62.9961,49.4767,15.5669,28.6161,4.25297,53,0.264343,0.899578,0.841595,406.721,125.738,111.242,71.1254,2.19894,61.721,65.2478,16.7094,31.3248,6.27654,41,0.246401,0.890567,1.29497,371.845,109.013,87.9241,57.9438,1.32893,53.7793,50.5036,14.6165,21.7275,4.97439,35,0.347845,0.896539,1.2196,419.897,85.058,72.0411,43.9649,2.17416,61.4455,51.0462,16.0987,24.7996,4.5747,43,0.267989,0.865961,1.05859,292.613,82.0859,92.0877,41.0598,1.99862,49.0436,46.8253,15.3634,21.7454,4.04867,52,0.208667,0.777429,0.690262,1953.82,544.426,457.768,54.2928,2.4197,112.453,66.8663,34.1245,32.3715,7.53474,2,0.191708,1.45047,7.55334,,,,,,,,,,,,,,,,,,,,,,,,,,,,,,,,,,,,,,,,,,,,,,,,,,,,,,,,,,,,,,,,,,,,,,,,,,,,,,,,,,,,,,,,,,,,,,,,,,,,,,,,,,,,,,,,
decoupled_wbc_h066_p000,1977,complete,90,18,18.2911,3.64905,0.0777554,0.151036,415.396,90.335,97.699,37.5688,1.83785,65.4585,55.2075,17.3078,29.3334,4.0448,42,0.372923,1.02553,1.45072,458.262,79.0954,68.4447,36.8337,2.50766,62.4786,54.0075,14.6105,28.1804,3.00244,37,0.34059,1.06514,1.78033,441.665,86.8267,95.4877,29.28,2.7078,72.0936,56.0515,19.9651,24.0596,3.78797,49,0.326885,1.09608,1.16212,471.665,105.733,78.3119,23.5014,2.40382,67.6355,64.0212,16.0973,23.4563,4.77744,45,0.317615,0.934124,1.88137,507.261,99.318,87.9735,27.6492,1.94209,65.742,59.2762,17.9728,21.1765,5.46429,42,0.369067,1.06538,1.83947,456.268,102.997,97.0658,74.8004,3.11617,72.5176,61.525,19.153,26.9797,5.06829,52,0.275741,0.829962,1.18014,398.596,109.286,103.239,31.246,1.60363,65.8256,58.8651,18.9083,25.2245,3.43999,55,0.226962,0.836119,0.810083,388.591,99.9029,95.8004,35.233,2.07291,63.6655,53.5506,18.1164,24.4349,2.76996,47,0.281748,0.811427,0.841875,522.179,109.558,117.089,30.6016,1.61054,75.6044,65.3599,20.3126,24.5965,5.09572,41,0.310985,1.08999,1.80071,587.448,152.127,111.833,41.5977,2.94281,72.6778,65.7446,18.2281,35.3621,6.50104,36,0.280678,0.99878,2.43515,491.651,89.4291,113.703,43.9242,2.78627,63.0057,52.735,18.0535,30.7854,4.77855,37,0.352946,0.988623,1.59081,447.246,126.176,152.049,139.686,7.0216,75.9144,67.327,21.471,37.4652,10.473,50,0.224836,0.859673,1.06342,563.092,111.581,97.2164,59.9747,2.25895,81.623,68.0614,22.1298,26.9066,5.35382,48,0.326159,0.809165,1.38285,754.769,149.661,166.651,218.833,7.17683,88.5829,62.2788,25.7271,50.1944,10.0549,39,0.321467,1.13088,2.08017,837.696,152.375,152.767,56.9108,1.33494,85.2221,55.6981,26.5609,37.9679,4.86324,41,0.364489,1.09516,1.78184,475.429,105.791,130.145,99.427,13.5683,74.478,61.1401,20.101,34.8288,8.58448,52,0.322628,0.828452,1.01384,649.512,155.511,98.3573,55.1558,2.0281,81.8131,73.5907,19.8385,37.2421,5.57481,42,0.297639,1.26903,2.10163,487.807,96.5774,92.5046,44.7622,1.63932,68.9869,55.5921,18.0633,30.1267,4.12558,37,0.363802,1.08939,1.61229
decoupled_wbc_h066_p000,1978,complete,90,18,17.189,3.51533,0.179468,0.0660713,443.001,74.3865,108.515,23.0402,2.41283,68.5287,49.6377,18.9833,29.3348,4.43766,56,0.311636,1.0177,1.07229,558.395,106.121,104.01,25.5843,2.46439,81.1466,68.2593,20.1332,29.2399,4.87342,51,0.329888,0.907565,1.39534,479.265,92.2607,97.6324,25.2008,1.16826,74.5666,63.7044,18.6952,26.5394,3.90492,52,0.321555,0.920234,1.37581,317.128,59.9321,65.6118,19.5367,1.46337,56.1133,45.5112,14.7574,23.644,3.00374,47,0.284823,0.966666,0.977612,458.154,94.4205,76.6829,32.6898,2.47469,63.0736,56.9108,15.258,30.578,3.90765,36,0.38903,1.28094,1.97159,444.197,116.527,70.9379,38.805,2.28763,63.3949,55.9368,15.7959,32.5875,4.11151,37,0.294029,0.881467,1.71648,263.682,59.2622,48.2933,32.4095,2.15436,43.399,42.4197,12.2259,27.2662,3.50845,37,0.207147,0.787901,0.88393,545.632,123.776,136.082,174.391,12.6405,78.095,69.6174,20.5643,50.1114,12.4834,52,0.281666,0.804891,1.14667,556.365,157.027,134.282,135.727,3.23247,86.4385,70.4052,21.8206,35.6187,4.99148,42,0.35025,1.01704,1.67527,490.654,78.2378,74.8423,41.5939,1.33948,68.3558,53.8806,15.378,27.3119,3.53865,35,0.34017,1.04187,1.87663,397.868,88.7429,54.4971,30.2391,1.29037,56.1171,55.376,11.6836,24.6467,3.17087,40,0.343956,0.931106,1.66357,432.764,102.875,74.9808,46.8533,2.1974,57.3486,53.7099,15.3174,32.7896,3.90004,46,0.195866,0.727543,0.964405,483.185,108.793,102.141,69.1185,2.79675,64.7549,54.6541,17.0932,33.0718,4.27145,49,0.206246,0.842056,0.97239,557.795,147.644,92.7242,52.335,2.04115,66.151,68.0946,17.2073,31.6097,3.93802,43,0.289749,0.855796,1.62313,453.433,103.027,78.8685,49.0317,1.68856,63.0849,53.4946,16.2599,30.5837,3.52878,38,0.284162,0.980317,1.67144,623.608,132.613,89.4329,73.9835,2.22881,73.1026,68.834,17.7791,35.1014,5.7202,35,0.255962,0.954345,1.80859,296.178,55.2703,53.0728,35.3781,1.55457,43.1766,39.2097,12.7376,20.4158,3.47368,42,0.220646,0.699829,0.807011,571.406,91.0312,65.2219,40.6611,1.36756,76.1068,64.6597,17.1452,27.0602,4.51524,41,0.410917,1.20752,2.20506
decoupled_wbc_h066_p000,1979,complete,90,18,16.7823,3.43113,0.377863,0.206991,350.231,55.8382,66.8287,18.7511,1.58853,56.5415,43.0046,14.8633,23.9728,3.32456,48,0.292544,0.877406,0.993585,474.119,103.502,113.922,37.5766,1.61693,71.6405,59.7951,21.6709,32.8277,4.54759,54,0.283245,0.993423,0.925577,489.635,81.8726,91.8574,42.8404,1.88738,69.3267,51.4522,20.1232,31.4375,3.99821,39,0.399379,1.13437,1.13601,376.05,89.713,78.96,30.9874,1.62057,64.1535,55.4921,17.6129,26.3616,3.82707,55,0.223681,0.848735,0.919511,417.853,95.1438,87.7382,33.3772,1.97686,65.816,61.6357,16.982,27.5287,4.18247,48,0.285087,0.936224,1.22983,371.291,85.0911,88.9071,31.754,1.2102,61.2973,50.285,17.6095,27.365,3.04042,45,0.292011,0.925054,1.01034,561.135,123.509,113.057,113.634,3.91893,75.0038,59.1565,19.5526,38.5408,5.83926,43,0.25696,0.975105,1.37584,515.783,132.512,120.847,36.8462,1.43488,75.6077,66.2044,20.9139,34.0023,3.63382,48,0.25751,0.806675,1.31329,607.372,112.849,78.1509,42.0807,2.5043,64.755,59.1435,16.4927,27.1148,3.75293,41,0.291161,0.906568,1.61828,505.764,92.2706,78.733,27.6996,2.05308,69.6272,64.4384,16.8886,23.6191,4.11341,37,0.407505,1.10114,2.43008,379.757,95.04,93.6376,36.1807,1.47595,58.1587,54.2517,17.1033,27.7133,4.19506,43,0.236843,0.820525,1.01107,461.808,97.7332,95.1221,47.4314,2.3456,70.1122,53.1097,18.5379,29.4078,3.96388,46,0.2765,0.898685,0.95876,476.585,117.677,94.5055,42.6069,1.79023,70.3304,61.8921,17.6422,30.0015,3.91586,45,0.251908,0.968857,1.48051,455.594,105.315,100.894,47.2266,1.55281,66.0397,59.0334,18.8407,32.3901,4.05191,46,0.273712,0.937697,1.08553,432.848,91.3468,91.0178,37.7979,1.53191,64.9503,57.4179,17.0504,29.5095,3.35726,49,0.262825,0.888297,1.41371,441.111,109.791,86.5768,35.167,1.53952,65.5349,63.4971,16.3267,25.0549,3.60191,45,0.304964,0.936939,1.47287,527.749,100.495,95.491,83.9141,2.32706,72.2516,57.4647,17.5866,26.4262,4.3272,34,0.356745,1.17869,2.17518,559.11,97.2753,103.593,38.3827,1.70636,79.3259,57.7454,20.4451,22.811,4.25522,53,0.211814,0.838632,1.1049
decoupled_wbc_h066_p000,1980,fell,70.76,15,21.4257,7.10058,0.593181,0.493514,340.069,66.6857,67.7897,42.7622,2.39572,57.4147,47.1358,13.7253,23.7993,4.05315,36,0.384902,1.09785,1.73951,349.879,99.2591,91.3274,53.6214,2.25462,55.7981,56.4719,15.8478,30.5462,5.44009,51,0.2155,0.840897,0.959865,342.649,76.7177,79.7195,29.8123,2.4749,60.9286,49.7015,15.1842,28.3859,5.17465,45,0.332791,1.03452,1.07558,427.44,92.1666,90.178,40.5146,2.58649,66.7983,50.6213,17.2402,31.792,5.28543,50,0.266564,0.980329,0.848453,362.898,63.7375,55.5193,34.5645,1.92353,52.724,48.5624,11.8742,26.178,3.89613,43,0.269562,0.817929,1.13869,395.631,73.0249,68.3554,35.7448,1.86829,56.47,48.7691,14.0369,29.3654,3.8333,45,0.236109,0.821695,1.26001,471.923,105.868,100.283,45.8132,1.23139,71.6092,60.2229,18.1524,33.9049,3.80394,48,0.286374,0.869587,1.08247,411.757,98.2098,82.0348,68.4343,1.07832,59.3348,58.6962,16.508,35.6892,4.78231,58,0.208272,0.732195,0.881744,341.322,79.3915,56.4736,32.0887,1.41297,55.2621,50.8384,13.1612,27.0923,3.19354,48,0.267679,0.723071,0.984245,271.339,67.8143,61.8459,32.2434,1.43331,47.2409,46.3389,12.9511,26.6055,3.35188,53,0.195837,0.692093,0.690239,423.183,86.691,81.4937,41.1805,1.53754,61.3771,53.0542,15.4241,31.4912,3.42156,48,0.239903,0.761835,1.05646,495.154,129.902,153.202,142.344,3.1581,73.5309,62.6137,19.9817,43.0553,6.33626,44,0.272394,0.890306,1.1888,511.832,110.327,228.262,224.04,30.4942,82.5442,57.9514,29.0294,54.0873,21.8392,47,0.281114,1.03014,1.11914,643.954,163.475,139.079,89.6231,2.29635,89.0528,76.6298,21.4201,36.6379,5.08226,49,0.282739,0.995373,1.59577,2034.9,182.417,341.053,315.414,36.6075,76.7106,36.1594,25.9016,51.3118,21.8494,3,0.291524,0.689127,0.455688,,,,,,,,,,,,,,,,,,,,,,,,,,,,,,,,,,,,,,,,,,
decoupled_wbc_h066_p000,1981,complete,90,18,18.0406,3.01662,0.435764,0.441138,382.096,91.096,92.2633,33.8759,2.91277,64.9145,53.8405,17.7993,28.3742,4.37411,45,0.27543,0.851841,1.10146,372.68,91.7913,89.5371,28.2455,2.14145,60.8689,53.8514,16.5493,25.616,4.16623,44,0.284117,0.985561,1.32325,370.933,73.9272,82.8242,23.9048,2.02274,58.8855,47.0184,15.986,25.4217,4.0995,41,0.33403,1.04384,1.60441,450.06,79.9317,96.3337,30.3712,1.90711,69.421,49.9215,17.8806,25.4504,3.10771,44,0.381085,1.03797,0.954221,429.232,96.3508,84.0422,42.5989,2.54604,65.3193,58.0806,15.5561,27.2214,3.996,50,0.318951,0.919612,1.39738,464.288,121.642,102.832,41.4682,2.55435,71.631,66.0938,17.4508,25.4967,4.31582,53,0.226085,0.722243,1.07166,356.419,88.144,76.5275,42.6829,1.62523,60.5695,53.7031,16.4366,24.7746,4.33071,48,0.210164,0.847621,0.926099,366.157,105.86,95.4403,45.9437,1.29634,54.2472,58.0726,15.0576,23.9812,3.51724,30,0.258222,0.777926,1.55103,373.47,109.626,107.785,76.4829,3.39454,66.1187,61.6576,18.1018,27.1022,4.35734,49,0.256269,0.842141,1.25194,501.643,111.737,109.313,35.2937,1.33932,66.8646,59.9808,18.789,23.5135,3.63002,51,0.261051,0.891976,1.08798,507.025,114.802,112.843,54.3474,1.96484,70.9084,65.5586,18.6084,25.6704,4.5208,54,0.227968,0.805876,1.07127,623.607,150.111,127.755,32.2173,2.41381,80.1406,61.197,22.4996,29.5918,4.46458,40,0.335999,1.02942,1.66432,724.343,118.011,116.078,33.3982,1.79417,91.2126,68.7023,23.6802,32.0523,6.347,45,0.354397,0.934745,1.78937,462.548,89.2257,90.6322,27.7173,1.4549,61.9503,50.0125,18.8177,23.3509,4.94002,48,0.272902,0.899563,1.01871,414.956,102.043,93.2677,72.6147,3.26708,61.8704,57.8821,16.4384,28.3053,5.55833,37,0.317767,0.938131,1.46739,594.916,110.345,128.201,35.694,1.45649,83.9609,62.2933,22.3754,25.6242,4.73638,45,0.332632,1.17413,1.7338,1374.93,163.264,173.317,40.238,2.18622,106.229,80.5139,28.4357,30.2526,6.59172,41,0.34367,1.21142,3.45591,702.351,197.19,147.744,33.573,1.8266,87.5471,74.2002,24.1059,30.0203,3.90821,33,0.369122,1.24675,2.76351
decoupled_wbc_h066_p000,1982,fell,50.48,11,19.5071,12.1119,2.492,0.928379,363.369,67.2617,82.6308,38.8368,2.38789,61.947,47.3398,16.9543,29.8282,4.6166,41,0.301365,1.02381,1.26189,291.5,57.1477,71.4726,22.6552,1.92341,51.3104,42.6278,14.7104,26.8873,5.20692,37,0.356632,1.09131,1.36991,304.28,84.1074,90.9343,25.7504,1.84596,52.158,46.0592,15.5724,27.9574,5.04452,49,0.237268,0.869313,0.8698,375.659,82.4171,87.9841,25.6233,2.17211,60.51,51.1571,16.5416,27.8334,4.98615,46,0.32081,0.931012,0.942688,551.333,110.085,107.461,24.9068,1.73555,83.6533,65.6649,21.2624,28.5815,4.69998,51,0.280057,0.887887,1.44691,373.445,123.542,125.791,48.6371,2.66233,65.261,65.2063,19.9007,29.3881,5.90211,48,0.235351,0.836947,0.944963,272.227,70.2655,79.705,49.3342,2.67082,50.0424,46.9913,14.8576,19.3995,4.57912,50,0.235348,0.791369,0.74841,497.678,108.549,107.204,25.6321,1.15912,74.4354,61.6422,19.1512,20.8078,4.117,41,0.306673,0.968305,1.5496,681.244,126.603,120.354,76.0479,2.29205,86.0169,66.4467,21.9019,27.6511,6.32524,37,0.437876,1.08509,2.44109,306.436,77.3456,81.3452,31.8142,1.07103,59.3414,48.8115,16.5566,22.0233,3.24791,53,0.25223,0.781682,0.856509,2108.47,182.019,259.913,49.5201,5.27315,80.6741,26.3227,16.3496,15.9236,9.50189,1,0.354156,1.01484,1.17621,,,,,,,,,,,,,,,,,,,,,,,,,,,,,,,,,,,,,,,,,,,,,,,,,,,,,,,,,,,,,,,,,,,,,,,,,,,,,,,,,,,,,,,,,,,,,,,,,,
decoupled_wbc_h066_p000,1983,fell,65.8,14,17.9304,5.91564,1.52976,0.631803,372.905,82.6932,100.166,31.6673,2.01457,66.2323,54.9975,18.2992,28.7946,4.72916,44,0.279781,1.00303,1.21025,329.826,68.7134,63.4263,26.5032,0.965793,50.4723,50.5326,13.605,18.7845,3.23159,43,0.287707,0.838572,1.11366,407.464,109.692,91.5807,41.3493,2.36604,65.5606,56.6419,17.7891,26.903,4.16759,52,0.281477,0.88976,0.968057,376.083,88.2029,78.1427,30.1294,1.49,60.3313,55.2308,15.81,22.4749,3.12492,51,0.235028,0.775231,1.1003,395.716,112.175,99.2312,50.1377,2.0483,61.6485,53.3343,16.4427,24.0832,3.63144,38,0.30993,1.05414,1.29155,359.585,76.9082,64.9196,34.4478,2.00533,57.8872,50.2611,14.9969,19.3594,3.00774,51,0.288375,0.859424,0.776931,404.682,101.388,110.286,139.33,16.0572,56.3403,55.1834,19.2551,32.1585,10.0879,44,0.213548,0.86144,1.11456,453.158,135.121,87.5487,31.8822,1.36062,72.3259,68.1224,17.2331,22.5181,3.26134,51,0.239239,0.846738,1.28205,369.683,85.6813,78.9441,33.2455,1.83453,54.2903,47.4722,15.552,20.7941,3.31024,35,0.271978,0.796304,1.10389,470.266,114.337,100.492,55.4771,1.1983,66.0324,65.5757,17.611,25.9608,3.99626,48,0.222342,0.829584,1.32863,457.189,121.769,104.878,67.1779,2.78378,67.5974,59.7417,18.5059,28.9405,4.77768,47,0.211073,0.922951,1.36766,373.381,83.9868,97.1804,40.302,2.9209,56.7341,49.3979,15.8586,25.6371,5.55416,45,0.205329,0.84495,1.03602,476.378,106.544,100.589,39.5521,1.67926,71.5823,57.7959,16.9996,29.5282,6.01114,43,0.326689,1.02022,1.76955,2570.06,193.999,617.327,280.425,29.9731,113.039,38.1839,47.136,62.7134,33.876,4,0.235394,1.19169,32.4494,,,,,,,,,,,,,,,,,,,,,,,,,,,,,,,,,,,,,,,,,,,,,,,,,,,,,,,,
decoupled_wbc_h066_p000,1984,complete,90,18,28.8376,3.99039,0.2336,0.296629,379.21,73.9738,72.2999,26.7809,2.82656,67.3044,49.0338,16.8863,27.9311,5.10569,48,0.29336,0.960897,0.900184,378.287,74.8239,68.7503,26.816,2.30142,61.314,52.8293,15.0021,22.4903,5.07649,45,0.313621,0.921841,1.22103,290.022,70.6776,70.8193,22.4287,1.67487,50.6502,47.9385,15.0006,19.7886,3.30776,47,0.235195,0.7708,0.820734,397.499,86.9931,101.753,79.111,2.65488,63.3842,51.3682,17.1308,26.36,4.53647,49,0.278179,0.968002,0.967673,274.706,106.412,91.5939,41.3777,2.52364,49.5108,59.8054,16.1679,26.9102,4.30696,55,0.130855,0.666978,0.655854,425.024,91.2572,128.494,131.234,3.40463,64.1459,51.2763,18.9217,35.2451,6.14994,40,0.34327,1.05703,1.22757,500.344,109.132,102.827,42.1422,2.56479,74.1257,55.9042,18.2143,32.5105,6.93748,42,0.366627,1.05271,1.58115,530.23,126.446,143.333,218.421,23.5505,78.9443,63.4995,23.772,62.1823,20.1146,56,0.245841,0.905457,1.1987,399.913,81.7466,85.0565,39.0084,1.14622,58.2002,52.7756,14.997,29.9598,4.31796,48,0.271167,0.840316,1.0151,675.778,154.951,125.474,44.0337,1.79318,83.4233,72.1234,20.3248,38.2102,4.52639,31,0.30584,1.18347,2.63908,441.162,82.3945,93.6755,32.5969,1.18758,60.9254,50.9364,16.8799,27.5642,2.63508,39,0.308445,1.02667,1.38954,395.621,73.9633,109.777,190.564,2.38559,60.8218,49.5327,18.2688,38.4257,5.07918,55,0.260797,0.825174,0.809415,1040.35,165.408,135.002,106.964,3.34847,108.499,81.8735,25.9986,54.2173,8.08295,37,0.346158,1.42013,2.96182,736.64,237.311,112.547,42.3895,2.40376,88.2837,81.7573,19.6961,24.8451,5.8932,39,0.372417,1.0656,2.24555,1687.16,284.969,192.565,74.5933,2.44793,131.314,107.385,35.69,45.9663,10.0795,42,0.296995,1.59216,3.76307,521.89,140.697,66.5001,33.9513,2.28904,71.5654,73.7087,15.158,20.7095,4.2261,35,0.419924,1.18826,2.31975,476.251,159.213,126.641,115.777,7.90129,72.76,61.3554,20.3494,32.5222,8.82008,54,0.267383,0.858888,1.06705,479.351,107.313,109.421,34.0515,2.09158,66.822,62.6374,16.144,21.6314,5.1338,48,0.289601,0.875738,1.37245
decoupled_wbc_h066_p000,1985,fell,61.18,13,17.1773,5.3174,1.40562,1.08133,344.405,65.4644,59.6729,17.9617,2.30939,53.5844,49.0762,12.8451,21.6819,3.47374,40,0.36974,0.943318,1.65476,415.349,101.168,110.801,33.3362,1.44022,69.9215,60.234,18.765,31.1789,5.35122,45,0.366283,0.994088,1.20612,492.856,105.83,104.966,26.8498,1.96613,73.042,69.8601,19.757,25.6467,6.16213,47,0.285672,0.970777,1.51289,386.852,81.5985,104.647,17.9529,2.88903,64.2095,52.7758,19.0048,25.0519,4.66364,44,0.30638,1.02006,1.42493,432.478,94.2622,96.7012,29.021,2.58273,66.3304,55.5029,18.1387,24.9632,4.38446,49,0.347201,0.974247,1.06515,549.377,112.399,104.401,44.0509,1.67931,72.9222,65.0988,17.9682,27.999,3.72068,35,0.358656,1.15477,2.06878,692.163,143.136,264.623,159.713,3.59387,88.6961,70.6737,32.2957,53.3792,6.80134,44,0.271984,1.03486,1.62464,484.649,131.948,108.374,81.0242,2.99099,74.9516,61.1945,19.6485,35.3992,4.54615,44,0.346689,0.980187,1.37676,481.581,131.816,139.399,47.3669,1.9579,72.2584,65.8229,21.4353,30.899,3.57516,40,0.188647,0.868052,1.33027,411.674,94.1302,75.988,33.077,1.50145,57.5828,60.6621,14.2865,20.8304,2.81131,46,0.305394,0.852452,1.32006,422.644,75.4338,105.373,36.0164,1.53628,57.7651,43.3209,16.7655,24.3635,2.92531,44,0.288248,0.824298,0.986823,644.007,124.588,109.747,44.0402,1.73334,78.7544,61.3876,21.694,30.6816,3.72204,45,0.336255,1.05358,1.29161,3040.32,301.105,363.873,110.133,4.60234,123.844,58.2049,28.3976,38.8738,8.26362,4,0.0696526,0.794711,0.708115,,,,,,,,,,,,,,,,,,,,,,,,,,,,,,,,,,,,,,,,,,,,,,,,,,,,,,,,,,,,,,,,,,,,,,
decoupled_wbc_h066_p000,1986,fell,70.54,15,21.7893,7.46637,1.1306,1.50687,396.963,85.5336,108.234,36.1142,2.00355,63.2326,53.8802,18.5367,28.0333,4.42357,48,0.272597,0.973626,1.21506,437.426,77.5897,103.959,31.0281,2.11893,73.0553,50.4475,19.288,27.9816,4.53606,45,0.317108,1.11842,1.4073,337.035,81.5464,94.0268,26.501,1.6832,60.1866,53.48,17.4076,25.6061,4.05785,48,0.239538,0.911309,1.17749,400.944,91.2414,80.1433,29.3296,1.52552,61.106,57.3709,17.2335,25.9841,4.20056,43,0.325388,0.937602,1.56722,343.891,70.9963,87.0008,23.0545,2.52532,54.9397,50.5285,16.1664,26.5929,4.41265,47,0.298937,0.893012,1.1871,544.697,103.497,92.1888,31.7879,1.96547,79.1332,61.4126,19.2433,30.7475,4.00021,46,0.338207,0.952228,1.43988,810.101,165.488,116.291,35.9715,2.25181,95.0333,84.584,24.7962,31.8102,5.02658,53,0.261902,0.935044,1.74776,423.299,92.8859,78.8625,31.9211,0.868831,67.9271,55.0851,17.2553,20.6901,3.69384,43,0.335772,0.854149,1.26414,449.441,112.619,102.067,44.4869,2.14534,65.8704,64.0945,17.1453,23.7704,4.57319,55,0.249469,0.807757,0.953978,433.593,98.1441,135.644,102.922,5.62407,67.0118,53.7982,19.2587,28.8118,7.03329,42,0.261806,0.921837,1.20168,370.133,73.4847,63.4971,32.2751,2.18013,58.0631,52.0483,14.3262,18.7286,3.64381,52,0.249655,0.775691,0.871384,444.705,102.14,82.4033,37.1487,1.81993,66.6224,59.5161,17.8442,29.17,4.48943,41,0.32484,1.05264,1.5607,900.648,180.049,154.357,206.152,23.3113,101.376,72.6489,26.2849,47.7626,16.1911,32,0.289279,1.2195,3.18429,350.709,74.09,103.193,41.8735,1.82026,57.6671,47.2788,17.0829,24.5678,4.07134,46,0.267255,0.839885,0.945387,2454.33,237.374,464.767,166.117,26.5774,80.4257,39.8846,17.6298,32.7114,16.2708,0,,,,,,,,,,,,,,,,,,,,,,,,,,,,,,,,,,,,,,,,,,,,,
decoupled_wbc_h066_p000,1987,complete,90,18,19.346,3.71573,0.413414,0.230311,380.037,90.1366,66.3208,40.609,3.30137,55.726,54.518,14.238,23.6736,3.64578,48,0.263507,0.818409,1.24364,439.125,85.4422,83.8996,29.4441,1.4499,67.795,54.6758,17.8245,21.9437,3.22673,37,0.365534,1.00564,1.44473,407.175,112.165,122.149,72.4498,2.15494,66.1859,58.4552,19.0403,31.8849,4.23921,50,0.226656,0.794905,0.997984,437.238,105.53,94.3994,48.3647,1.65438,62.6506,57.98,16.9204,32.8123,4.22546,38,0.267254,0.857746,1.33918,426.135,89.8697,112.216,89.1306,2.55489,66.5056,49.4359,18.0965,34.7911,4.85201,50,0.270565,0.955437,0.752256,424.805,111.299,89.0585,39.9369,1.2428,67.3568,62.6697,16.4582,33.5046,4.23971,44,0.233418,0.859966,1.39546,392.515,95.2731,79.0174,37.5316,1.09536,58.3674,53.6755,16.1055,34.0392,4.56345,49,0.256632,0.848707,1.00067,441.519,124.062,80.1602,39.7002,1.23336,60.5873,61.1821,15.8375,31.3624,3.90293,46,0.222842,0.849673,1.49878,433.238,90.5545,114.903,41.6933,2.07756,64.2064,52.8349,18.0528,32.2726,4.08462,47,0.23832,0.997371,1.14245,371.974,69.0493,66.3432,31.8839,1.7359,58.4913,45.8029,13.7918,25.445,2.69415,44,0.272999,0.852985,1.01445,643.199,135.505,124.243,48.4045,1.51917,83.5744,68.1172,21.6519,39.4621,4.47489,41,0.307364,1.22246,1.68763,410.88,84.5542,88.9462,41.7608,1.90559,64.8965,51.0361,16.4643,29.1707,3.75475,46,0.315626,0.951365,0.971621,395.263,84.3984,83.543,30.3843,2.22605,68.1156,53.7394,16.6275,25.1023,3.72811,51,0.271197,0.907084,1.17788,488.713,110.966,98.6298,23.4304,2.78218,69.9006,60.8357,18.4082,29.2817,4.33002,39,0.320352,1.1211,2.02471,816.043,146.679,148.218,72.0039,3.02205,98.0599,68.8591,25.5669,44.0163,6.85105,39,0.412371,1.17545,2.09436,601.421,129.076,144.096,90.3474,2.65647,78.3344,67.1645,21.1815,43.932,7.05194,47,0.318483,0.97641,1.51665,342.945,76.0315,71.7743,26.9879,1.66198,51.8631,46.315,13.166,23.7596,4.94276,42,0.309849,0.863404,1.32799,535.255,117.595,142.023,34.9297,1.92954,77.2514,65.2164,20.6784,30.1901,6.16628,47,0.236352,0.943235,1.16718
decoupled_wbc_h066_p000,1988,complete,90,18,15.4899,3.14668,0.205191,0.146557,452.102,86.9597,71.298,55.0149,2.58044,71.0359,55.6841,17.3646,34.9149,5.08431,51,0.298838,0.918085,1.10255,323.946,81.1798,56.9474,24.8983,1.30188,51.3096,54.8504,12.1911,24.1489,3.14177,51,0.275294,0.772035,1.19298,360.597,89.1727,91.1704,30.578,2.08148,63.6187,50.8897,15.7283,27.5894,4.50837,55,0.280319,0.793413,0.860226,416.466,80.048,84.17,62.783,2.57376,63.4639,54.4869,16.373,31.7229,4.95335,41,0.334745,1.03444,1.32877,470.604,89.4189,109.484,70.5164,2.32144,66.1229,50.8477,18.5039,31.7992,5.43379,48,0.252304,0.931504,1.2258,480.537,138.473,103.299,40.7333,1.20492,73.0403,67.0376,18.6089,28.3354,3.86989,55,0.261183,0.806936,1.06748,351.931,114.047,93.274,43.8755,1.66712,56.4147,61.1275,15.3635,23.592,3.42472,43,0.189623,0.859448,1.1867,787.831,238.84,174.962,179.922,14.2715,91.055,80.7613,26.5716,47.3948,9.16671,37,0.387842,1.13897,2.38544,415.226,91.1539,90.7661,113.321,2.58641,65.0099,55.171,19.1002,26.8383,5.65332,51,0.27455,0.917704,1.05324,601.168,132.086,116.203,38.1267,0.861055,78.3335,61.0964,21.7362,25.62,3.38397,49,0.244606,0.962889,1.0391,394.152,91.9602,133.254,25.7049,1.73256,68.1958,52.0701,20.7842,24.4093,3.59885,50,0.223823,0.966957,0.993336,428.477,105.629,127.959,161.706,3.81671,67.2906,58.7708,20.3124,36.2206,5.70157,54,0.274312,0.940359,1.13727,509.336,132.801,141.858,178.436,8.67482,70.5413,64.1892,20.6696,42.846,10.7773,48,0.223733,0.825768,1.41753,447.696,120.996,109.998,38.9741,1.45485,70.3011,66.2126,18.9097,22.1816,3.68726,45,0.263186,0.949658,1.19542,590.332,215.464,143.642,40.6625,1.68081,84.0427,72.9305,24.2145,28.3021,4.73394,36,0.367479,1.18541,2.09223,490.638,88.1191,98.3092,51.8486,1.58241,67.2818,55.8573,18.0621,28.1272,4.38472,37,0.327869,1.08075,1.69831,705.02,134.715,138.375,42.5208,1.95795,93.7993,71.5467,25.2091,27.7572,4.84266,46,0.272713,0.914937,1.89892,557.74,134.297,120.033,37.8737,2.12849,82.2219,64.8528,20.6207,25.1732,3.57362,53,0.237495,0.962421,1.11516
decoupled_wbc_h066_p000,1989,complete,90,18,102.261,3.11395,0.489064,0.225672,381.001,83.3637,56.5269,23.2913,2.5067,56.2433,53.1572,12.8975,19.1287,3.48504,39,0.367687,1.01848,1.77717,461.339,87.3374,125.742,29.538,2.67749,65.0404,51.4226,20.1257,29.2849,5.05252,42,0.367715,1.10366,1.25505,497.468,98.3691,96.046,23.422,1.83668,77.5061,53.9225,21.1683,30.5253,4.32415,44,0.378244,1.15623,1.44981,415.244,88.8689,109.903,29.382,1.75984,65.395,56.9113,19.1015,31.9841,4.59796,49,0.338578,1.02854,1.26428,543.949,132.856,100.723,62.1569,2.56944,73.1351,59.577,20.2383,33.9412,5.32529,40,0.37658,1.08943,1.70336,557.592,117.157,112.611,33.1753,2.34465,82.6737,68.1276,23.4184,30.7492,5.03625,59,0.281709,0.897859,1.33078,324.19,65.2285,76.0535,19.8904,2.02444,52.4974,44.2849,14.849,20.5185,3.34163,56,0.21379,0.773866,0.764614,531.587,93.3007,83.3065,18.155,2.00817,76.5739,59.7236,20.3375,25.8962,3.81688,47,0.314793,1.09848,1.2851,491.797,103.699,79.2625,20.4296,1.61436,69.2227,61.9031,18.9541,27.917,4.0008,47,0.269826,0.767695,1.2921,288.656,55.3812,67.3005,18.7783,1.57336,47.0845,38.0247,14.3208,22.6571,3.14017,44,0.253933,0.858075,0.79082,887.061,335.541,222.139,45.9423,2.00117,102.287,90.7699,32.2823,44.77,6.69477,32,0.417196,1.15628,2.68517,647.858,133.071,122.885,28.7215,1.94364,85.6814,64.8749,25.1434,35.786,6.78616,50,0.342733,1.03516,1.35513,1256.81,229.027,185.568,232.525,21.2642,120.553,88.5464,34.4754,59.8407,19.4863,33,0.307479,1.69781,4.25404,686.775,147.837,125.741,34.0941,1.41679,84.3703,71.2289,25.8301,36.5985,4.39971,43,0.332724,1.38104,2.53793,474.044,100.745,66.7665,18.2958,1.15433,63.6149,58.541,16.4962,22.5507,2.60383,49,0.293616,0.840745,1.50454,632.949,131.401,85.8721,28.1359,2.16835,79.1669,64.7053,19.7024,29.6806,4.4895,44,0.325121,1.2123,2.2761,664.235,128.416,118.864,29.6176,2.48642,87.1266,57.0104,22.5985,34.6158,6.11706,39,0.301532,1.16323,1.64443,541.06,109.072,132.473,40.8578,1.70744,76.9123,49.2135,21.3641,36.7245,5.23951,49,0.375942,1.00225,0.976986
decoupled_wbc_h066_p000,1990,complete,90,18,19.167,3.53735,0.188697,0.228407,465.079,105.285,107.643,20.9121,2.44325,74.3605,67.2248,19.3509,28.284,4.71902,46,0.30095,1.013,1.74475,384.413,87.5422,80.8031,22.9796,2.93402,67.4219,55.3373,18.3647,23.9387,5.64874,52,0.261532,0.845156,1.12315,400.465,72.6413,89.0313,35.7158,2.13746,63.2717,46.4763,16.7762,28.2176,5.6446,54,0.266588,0.854322,0.717246,392.473,92.7578,73.0186,30.4601,2.03902,60.999,56.1145,13.8745,27.6873,5.72592,38,0.391262,1.05921,1.86711,517.499,104.386,123.617,54.1706,2.27256,78.9895,59.8006,21.3098,38.6014,6.79502,51,0.33257,1.0516,1.2783,481.572,93.8365,92.9666,34.7806,2.44111,64.8289,55.1936,17.2505,31.224,5.49536,32,0.39206,1.27598,1.98175,388.926,81.2415,103.116,33.1906,1.81873,62.5462,46.8257,16.4164,27.063,4.75266,43,0.33052,0.97778,1.11538,360.135,78.1291,64.4062,22.8949,0.910543,54.9176,54.4282,13.9134,16.4167,3.95281,43,0.276432,0.847696,1.33367,502.917,112.321,101.503,73.3272,2.41215,73.8176,61.924,21.2607,26.7261,5.19594,54,0.217207,0.831637,1.21077,476.024,101.574,95.1779,38.0866,2.30296,73.547,67.0418,18.0431,23.282,4.21141,62,0.247834,0.729963,0.920675,417.262,132.543,103.335,46.7942,1.99011,61.8062,59.1638,17.3726,25.4724,3.55749,41,0.19433,0.838191,0.948946,452.914,118.485,96.0028,68.2216,2.87572,67.9646,63.6827,17.936,25.696,4.58664,44,0.329144,0.884535,1.56851,334.017,88.7108,88.5878,33.7764,1.47475,54.4416,53.8705,16.1494,19.4926,3.28255,50,0.281034,0.750426,0.788499,598.379,121.189,112.341,102.607,3.60388,83.2117,59.5883,21.2632,30.0562,6.73013,46,0.283602,1.05424,1.30456,573.338,127.039,120.724,29.8395,2.78178,81.1041,59.6153,20.1852,22.7939,3.59855,40,0.320329,0.989236,1.68793,1169.4,243.11,185.969,45.2836,2.56704,116.746,93.4351,33.5812,41.2296,5.50879,50,0.272533,1.30464,2.76401,357.632,89.3872,85.611,42.891,2.69875,59.1281,56.2429,16.1215,24.8872,3.7268,58,0.230612,0.714493,0.732688,387.568,107.812,106.262,46.4995,2.23718,64.0526,62.0577,19.5841,27.8795,3.60002,48,0.217195,0.88106,0.886495
decoupled_wbc_h066_p000,1991,complete,90,18,17.3191,3.38483,0.354166,0.253376,376.779,62.0905,65.8568,21.5276,1.89288,61.4,44.4106,15.4254,26.2603,3.70323,36,0.31485,1.04575,1.29386,322.772,60.9625,50.0183,26.2184,2.78759,57.3851,44.8914,14.0142,27.7783,5.77159,45,0.325257,0.905037,0.85471,515.253,114.251,127.152,57.523,11.4834,78.0358,64.9075,21.4171,40.3024,10.4797,51,0.268601,0.922735,1.42819,338.31,52.8927,59.4866,21.5141,1.72445,53.8558,44.4636,12.2678,20.7655,4.10313,46,0.315974,0.842215,1.35937,460.996,97.2309,90.1619,43.3317,2.43285,71.4184,58.0721,20.2494,34.0846,6.60242,47,0.3246,1.04801,1.21416,467.44,109.966,105.717,71.808,3.55416,75.026,63.964,19.7921,38.0354,6.98701,50,0.317348,1.08384,1.28603,410.453,103.987,100.082,38.0083,1.88569,67.9453,62.5461,18.0124,26.2155,5.18601,48,0.270986,0.915884,1.20603,534.816,122.454,119.663,36.8882,2.17239,70.9647,63.3017,20.2683,25.3322,7.03413,38,0.329472,1.17851,1.7949,367.195,82.3625,94.0637,41.7327,1.98327,56.3821,53.5323,16.9976,25.0183,5.63861,45,0.224753,0.85518,1.28661,402.916,117.11,96.9246,94.9393,2.13733,61.1811,64.4491,16.0286,25.1773,5.00859,47,0.268561,0.8365,1.19097,717.485,203.189,137.878,29.5151,2.51206,88.7625,74.8446,24.6591,33.4289,4.94891,40,0.274119,1.1268,2.63956,539.275,124.626,128.147,62.9467,2.15324,77.5123,67.6273,21.7229,36.4554,5.14979,52,0.32809,0.989043,1.42807,483.949,100.215,97.8828,32.0395,1.75711,68.9427,65.9402,18.7347,28.3795,4.15991,54,0.323578,0.819427,1.23771,450.007,90.3071,109.096,30.1202,1.40393,69.4171,56.8784,19.5811,29.647,4.40229,51,0.282448,0.928502,1.16945,609.783,107.113,138.937,32.1093,1.79341,76.3896,60.1673,21.7602,28.3796,5.55377,42,0.291763,0.986555,1.67587,901.903,144.318,208.217,43.8043,2.39426,93.4409,63.9779,30.3982,38.0112,6.99563,49,0.208278,0.859352,1.59302,549.354,110.603,83.2213,45.3135,2.94489,73.5664,66.1647,18.1492,29.7067,4.34768,47,0.303537,1.00777,1.49963,516.16,103.94,94.0881,30.7211,1.92474,68.6833,57.8386,18.2769,25.3639,3.52662,35,0.409171,1.15257,2.07317
decoupled_wbc_h066_p000,1992,complete,90,18,20.5178,3.8443,0.193028,0.224146,400.417,94.3765,117.89,32.6172,1.84095,70.5807,56.9192,18.9901,31.6968,4.80453,44,0.314865,0.969877,1.12015,397.668,92.2701,90.3774,39.5728,2.39451,60.376,61.0261,17.1291,34.2012,6.05349,49,0.242063,0.83908,1.0303,420.877,85.4268,86.7726,35.2016,3.30776,65.5437,52.8771,16.9286,32.653,5.2058,48,0.359174,0.974756,1.14405,475.454,101.78,121.474,32.8591,1.97129,71.1584,61.1507,19.1928,36.5391,5.94322,47,0.321369,1.00541,1.4646,371.378,79.922,81.5069,23.9524,1.61259,59.6667,54.3353,15.4883,27.6459,5.2611,45,0.345669,0.94024,1.19101,469.705,89.0845,92.8954,24.6628,2.49134,71.0462,60.9156,17.8086,30.1372,5.51142,52,0.308713,0.870264,1.32605,516.01,96.7051,125.5,26.8039,1.59902,77.4419,56.145,21.1136,32.4181,7.15641,42,0.360532,1.3254,1.55197,484.095,91.0121,118.26,33.3939,3.02951,69.2766,52.3534,19.8013,34.8979,7.08729,45,0.328356,1.099,1.12178,431.388,94.4644,118.552,41.0949,2.6625,66.8652,52.5549,18.763,35.519,5.49537,46,0.27847,0.923648,0.903544,564.529,185.723,158.237,70.0733,2.72896,74.8872,68.6078,22.4645,42.6759,5.98052,42,0.270972,0.989557,1.51076,530.104,101.942,129.424,111.458,3.34385,72.8289,56.4636,19.976,36.5761,5.62106,48,0.294311,0.991298,1.1125,410.876,124.143,112.5,47.0777,2.59717,68.1831,59.0658,19.5159,35.8278,6.5196,40,0.243664,0.898827,1.43682,414.712,107.358,96.7151,41.8685,1.59137,63.4096,55.1409,16.6947,32.2997,5.80452,38,0.249409,0.836551,1.22568,691.347,91.3011,97.7603,46.1683,2.22618,83.1104,55.7563,20.4902,36.7073,5.57913,31,0.346858,1.09097,2.55124,439.671,91.6573,85.7509,24.1021,2.29582,67.5062,51.4209,17.1959,26.2688,3.39858,45,0.347831,1.07471,1.19794,362.003,131.835,103.76,35.3236,2.30996,57.5847,63.4081,17.6066,27.5666,4.36124,49,0.178329,0.772992,1.01862,592.129,137.299,125.371,35.8155,1.72357,84.9993,68.8709,20.9223,30.952,5.54109,38,0.332472,1.0137,1.55682,531.098,107.529,110.065,37.0777,1.30902,78.9909,60.3462,21.3675,30.8783,5.28602,58,0.208405,0.916511,0.973278
decoupled_wbc_h066_p000,1993,complete,90,18,19.9289,3.28302,0.192001,0.287306,488.118,101.27,104.357,28.8064,2.51504,72.5705,58.6686,18.7506,34.2974,4.30817,53,0.283429,0.89544,1.31409,348.483,69.835,72.0148,24.7062,2.36258,61.3134,48.7507,16.3458,28.7601,4.63101,41,0.315528,1.03052,1.22364,309.964,78.6518,93.1638,29.4509,3.18074,53.3272,49.2838,15.6932,30.5175,5.60013,42,0.28319,0.911713,1.10826,560.889,102.768,152.836,63.6968,2.75956,78.7095,58.517,21.8159,43.6162,7.21096,40,0.371115,1.11882,1.56299,435.134,105.052,116.565,32.8815,1.62005,67.2684,62.1891,19.282,31.8284,6.10881,56,0.30682,0.886845,1.08864,540.03,107.089,101.049,31.6774,2.00709,74.8353,66.1664,20.2519,24.5618,6.51384,42,0.328647,0.965807,1.82886,396.416,88.6458,99.9653,28.5606,2.11494,64.5689,60.5834,18.308,23.2784,6.80342,49,0.276144,0.913252,1.17567,377.7,65.6438,74.3109,26.7693,1.92719,60.5787,49.9317,16.0523,19.5881,4.22592,40,0.359786,1.00717,1.321,475.816,117.503,150.209,193.816,2.4195,68.6522,59.513,21.8859,36.5717,5.02601,42,0.334667,1.01037,1.3674,463.979,139.489,108.158,45.0805,1.13614,62.6536,60.0528,17.5445,23.5036,3.20248,43,0.147911,0.724057,1.31973,684.753,129.602,122.462,110.259,4.08252,91.2186,68.5176,24.3215,41.6176,6.74851,45,0.354784,1.12108,2.00321,549.454,106.522,126.122,25.2705,3.59856,78.9058,58.3434,22.1455,26.4105,6.87903,49,0.276115,1.11755,1.20601,403.703,89.9363,86.7926,21.1544,1.77032,64.7081,57.7208,16.7041,20.7692,4.02193,45,0.339015,0.992639,1.42509,499.944,109.37,119.144,117.595,3.78467,68.6474,61.9451,19.7265,36.9246,6.61813,42,0.262168,1.00946,1.72006,513.902,99.9044,117.71,158.426,8.32383,70.4374,59.2049,19.5008,37.1713,7.99756,33,0.441096,1.21552,2.1588,412.543,75.6274,89.911,21.5116,1.76883,60.1839,52.3721,16.844,19.7194,3.14132,47,0.291243,1.01883,1.38427,551.781,112.501,135.18,30.3311,1.93077,81.3573,66.712,20.8898,25.0588,4.60167,51,0.310721,0.958123,1.46307,520.354,106.018,101.29,33.5217,2.05452,77.9776,65.8141,20.1322,29.9334,3.94929,43,0.334997,1.0457,1.46486
decoupled_wbc_h066_p000,1994,complete,90,18,21.3665,2.66035,0.35431,0.387552,356.355,80.6598,71.0529,26.2298,1.88081,55.9939,55.2883,14.5528,26.7541,3.81814,53,0.240437,0.74608,1.01367,366.12,97.7078,93.4515,25.9764,1.68603,59.4852,56.553,16.5014,29.345,3.26413,45,0.274963,0.949457,1.42584,342.258,88.6207,105.042,41.2519,2.55809,57.5696,49.079,17.0371,28.4587,4.01604,45,0.294923,0.906769,0.892999,561.024,108.832,103.511,36.5125,2.31767,82.148,65.0181,20.0384,36.6266,5.4551,53,0.299485,0.94195,1.15299,459.03,99.6302,95.5428,32.7372,1.9682,74.1611,64.6088,19.9612,32.4432,3.75274,43,0.2971,0.989065,1.40287,428.392,88.3932,85.5533,30.2968,1.96864,63.3823,57.0108,16.8927,26.6684,3.39836,34,0.312685,1.1771,1.77324,427.561,79.6492,108.76,36.0235,1.89484,60.9404,52.359,19.7035,24.6537,4.90398,59,0.240157,0.834216,0.754275,325.16,65.54,97.4402,29.5502,1.32482,57.3828,43.4138,17.4152,21.1351,4.59276,53,0.234297,0.80515,0.735707,360.372,70.1108,99.1942,31.308,2.037,55.8446,48.3356,17.3701,23.6478,4.39841,51,0.215343,0.81607,0.675829,432.797,110.735,130.931,68.9798,2.22862,67.7463,60.4741,20.6738,28.3553,5.75496,46,0.300674,0.942801,1.22904,432.371,94.7597,104.633,33.5661,1.65105,68.7964,56.753,19.3549,25.9746,5.72621,46,0.350072,1.02017,1.11087,620.13,142.577,118.156,145.763,5.78209,80.0289,68.8859,21.9627,35.5128,9.32792,47,0.316494,0.878672,1.62553,476.947,102.656,101.292,27.4472,2.10273,71.1479,63.2723,19.0796,24.2831,5.60641,49,0.248311,0.956927,1.30342,430.225,97.619,86.7487,76.5271,1.91231,64.8984,58.7372,16.8326,25.948,5.50453,36,0.36521,1.11837,2.0107,476.067,74.8856,93.1302,34.0868,1.60929,71.4306,51.4262,18.6093,24.5797,4.3361,44,0.303917,1.05116,1.21399,587.666,105.424,110.084,39.1298,2.24509,81.4199,64.0713,23.1314,30.3341,4.15317,41,0.372275,1.20547,1.82607,1076.29,213.01,234.352,42.5554,2.23375,112.495,93.8994,36.1807,47.5079,6.6021,49,0.281938,1.08267,2.27868,886.819,153.965,120.105,40.0961,1.83109,102.424,67.0177,24.7612,37.4272,5.21388,30,0.405955,1.19488,2.99286
decoupled_wbc_h066_p000,1995,fell,46.08,10,19.0319,7.87374,2.07156,2.50489,367.163,73.5493,93.137,26.8199,1.66812,65.1087,52.3489,17.6241,27.4761,3.6578,52,0.248651,0.835369,0.793841,552.778,116.211,127.627,31.4385,2.02051,80.0807,67.2079,21.3781,29.7156,5.05284,54,0.307463,0.916806,1.33444,408.003,93.6836,131.048,31.8601,1.9847,66.7025,60.6487,20.0627,27.6692,5.83483,46,0.288229,0.947552,1.34397,419.082,78.6341,79.6085,25.9202,1.34071,65.5414,53.7754,17.2333,22.2188,4.18567,49,0.280722,0.948857,1.30652,418.826,78.5248,116.456,31.32,1.59988,64.3606,52.6717,19.891,26.161,6.20955,41,0.310012,1.06582,1.33667,350.433,75.9541,92.6237,33.6988,1.544,53.0729,51.6336,16.6048,24.4535,4.99859,48,0.276236,0.868818,1.07595,577.923,136.926,145.181,33.1692,1.31678,79.2033,68.9072,23.5073,29.7892,6.25399,42,0.340288,1.25802,2.0929,556.688,95.6164,106.198,39.3618,2.0638,68.0631,51.1367,20.4265,26.938,5.31643,34,0.395521,1.24372,1.60053,369.769,74.632,109.524,33.944,3.65068,58.0319,46.589,18.0061,25.1231,6.53137,49,0.273169,0.929561,0.993168,3525.79,258.581,478.385,161.844,3.58798,134.95,46.3526,37.2776,55.5399,9.68073,5,0.162852,1.95889,4.39742,,,,,,,,,,,,,,,,,,,,,,,,,,,,,,,,,,,,,,,,,,,,,,,,,,,,,,,,,,,,,,,,,,,,,,,,,,,,,,,,,,,,,,,,,,,,,,,,,,,,,,,,,,,,,,,,
decoupled_wbc_h066_p000,1996,complete,90,18,20.2526,3.99443,0.116412,0.23029,411.639,86.6216,84.5171,20.8247,2.36245,63.3422,54.3838,15.8718,25.1382,3.52354,41,0.33761,0.933353,1.60677,427.185,93.5973,83.4983,31.9143,1.7521,63.5963,61.5556,16.0578,25.5354,3.59499,43,0.284797,0.942536,1.30418,429.703,94.3285,106.431,30.0925,1.89698,68.7766,61.1656,18.7683,21.5562,4.73994,46,0.308696,0.937382,1.33531,425.188,92.8768,89.8387,33.2321,1.19391,68.3056,58.2043,17.268,23.1293,3.32966,43,0.312218,0.905497,1.29236,472.57,84.951,97.9569,28.2133,2.05669,68.9852,52.9348,18.2804,31.8286,4.00715,39,0.377736,1.24988,1.47288,527.172,107.537,99.0247,22.1462,3.06919,71.1004,59.6099,20.0512,33.031,5.83609,38,0.436264,1.13923,1.86543,366.209,90.4222,69.9083,27.9958,2.227,61.7893,54.3695,15.463,24.6739,4.38851,51,0.211004,0.790392,0.956004,1906.07,293.087,263.036,90.4922,2.75522,151.339,95.7573,39.5503,50.6107,8.92664,49,0.352912,1.28137,4.5652,462.901,84.6467,92.54,34.31,1.04415,64.7794,48.0025,16.9569,27.407,5.06522,36,0.286355,1.08111,1.6776,559.409,124.22,82.4312,42.2644,0.888773,67.5497,64.3007,17.2521,26.5637,4.20087,44,0.299507,1.05882,1.64268,483.175,94.5764,85.7192,40.2995,1.66153,72.1543,57.1178,18.9908,28.1994,4.05795,48,0.321967,1.00798,1.14405,380.119,99.4384,88.7708,40.1974,1.98726,62.8669,58.5685,16.9395,28.0627,3.75955,46,0.254305,0.869191,1.04531,491.653,125.528,98.3542,46.6465,1.86669,66.8639,64.5696,18.5037,30.7685,4.83565,46,0.237714,0.919669,1.35812,392.373,104.077,88.1599,44.1244,2.71854,66.2644,57.1463,18.2279,26.3934,4.73296,47,0.248256,0.959265,1.00724,870.799,180.176,247.586,224.866,31.0803,112.684,72.4778,32.4949,60.0224,18.7653,35,0.41865,1.45512,2.56456,1134.14,253.612,239.898,216.463,10.6346,120.251,82.7897,35.5566,60.0503,14.7676,31,0.427164,1.46446,3.78575,903.246,210.948,183.436,31.1703,1.54017,100.463,86.9309,29.3419,36.5579,9.56875,49,0.340198,0.872784,1.96206,410.681,97.2795,96.9331,32.5358,1.24294,65.8069,57.8925,17.856,24.9333,4.87654,54,0.237331,0.824136,1.0987
decoupled_wbc_h066_p000,1997,complete,90,18,21.0778,2.89644,0.0996429,0.186627,328.557,55.5041,77.7889,15.9304,2.40755,54.6341,43.3526,15.3857,22.5209,3.83609,47,0.292426,0.982718,1.00917,443.888,94.2295,106.685,26.8189,1.57918,72.0285,59.4141,19.7756,27.084,4.40903,51,0.321934,0.90545,1.02663,407.262,82.8837,105.95,30.4507,2.41039,65.0312,50.7514,18.5184,24.1956,4.45615,46,0.330406,1.01229,1.10313,463.522,107.755,125.379,35.0921,2.25431,69.9146,62.0112,19.5543,28.738,5.32746,51,0.310597,0.957783,1.46054,552.979,111.882,105.027,45.1215,2.47523,78.0379,66.8057,22.214,30.6513,6.12536,55,0.321627,0.903098,1.34346,444.384,90.4958,64.1229,35.6049,1.86276,61.6523,56.3372,14.6139,26.1029,4.59362,40,0.379213,1.03255,1.86809,510.534,102.43,118.253,33.4206,1.87872,77.4895,65.8223,21.6969,29.1134,5.26108,49,0.316574,0.977288,1.37071,315.596,58.1959,85.3644,30.9384,2.90214,56.3555,47.367,16.2657,22.0262,4.28741,51,0.270848,0.810629,0.892039,993.338,196.713,207.626,210.616,11.1699,105.454,76.4793,30.6442,55.7098,14.9661,47,0.386189,0.953712,1.81872,372.041,97.2484,75.7422,37.7539,1.41606,58.0349,58.396,14.7391,21.0763,3.9748,50,0.265945,0.84508,1.21961,290.87,88.3204,90.7041,39.166,1.35658,52.1268,52.2722,14.7556,20.9713,3.24009,49,0.18051,0.75767,0.719112,373.981,104.939,129.507,77.9313,2.32064,59.1435,53.9234,18.8036,25.2126,4.61923,41,0.239218,0.842264,1.0137,349.991,100.79,114.741,43.6832,2.63073,59.5129,52.098,17.2246,24.9334,3.23723,46,0.213272,0.897846,1.00345,717.952,136.847,129.292,48.6703,2.56842,87.6809,70.5769,24.1397,29.2628,6.27276,52,0.314316,1.2205,1.86155,819.508,135.785,109.295,37.3561,1.11224,97.6718,70.2019,22.1925,29.0349,5.86989,39,0.341046,1.15863,2.63009,547.837,125.164,128.052,44.7849,1.43043,76.2394,65.4431,19.9738,26.8206,2.93684,42,0.305998,0.977965,1.64359,515.818,107.014,107.941,42.5545,1.23484,73.9693,59.0591,20.821,31.1387,3.07961,54,0.278668,0.852499,0.970375,415.678,91.2594,70.514,32.8503,1.11836,60.4068,60.3939,14.6103,22.4588,2.791,53,0.281501,0.835528,1.20678
decoupled_wbc_h066_p000,1998,complete,90,18,17.3986,2.64022,0.173437,0.0316142,397.606,83.3526,78.0579,24.9088,1.82651,59.5073,52.8264,15.7462,27.1067,4.12146,44,0.280192,0.98781,1.27432,373.087,73.4659,73.7111,21.0151,2.22047,59.829,49.6169,15.8881,24.1615,4.89892,46,0.303801,0.951435,1.25326,341.988,76.7327,84.0511,26.9344,2.11064,56.1961,52.3159,15.133,21.8005,5.76685,44,0.313807,0.969235,1.4704,386.895,67.7335,100.966,27.3168,1.69802,59.9925,44.6977,18.1792,23.5578,5.65715,50,0.283253,0.91311,0.826519,510.154,109.849,108.456,73.9511,2.15191,74.1098,62.4547,20.21,33.0519,6.00805,46,0.355934,0.952492,1.62336,535.796,154.768,152.209,51.4496,2.10969,79.993,68.9397,22.5214,35.7979,6.4809,53,0.296453,1.0643,1.43529,489.985,89.7814,118.614,47.2384,1.73421,69.8335,55.7407,18.7821,31.4596,5.18685,42,0.328942,1.06753,1.55113,417.682,80.8008,71.5241,25.1136,1.39191,59.1172,50.9904,14.9749,26.1403,3.69786,41,0.312626,0.913571,1.44995,683.412,159.675,157.698,29.6682,1.25342,94.263,77.3868,25.7833,31.9447,4.86409,44,0.401865,1.30161,2.17902,488.267,77.1489,79.0511,24.6746,2.02225,63.5378,49.8562,14.6947,21.4045,3.43366,39,0.312966,0.921445,1.5653,350.48,79.3315,68.5658,29.1753,2.06846,54.2108,51.3328,13.907,26.6976,3.44704,46,0.244236,0.812975,1.14997,465.096,103.069,73.3398,49.8067,1.26181,59.8413,56.6836,13.8853,26.6927,4.21227,50,0.242083,0.798337,1.162,392.474,124.984,101.898,52.8101,1.42701,62.5318,59.2932,15.555,29.0993,4.99768,50,0.251528,0.682757,0.947306,861.531,206.142,125.12,48.863,2.16674,79.7811,69.3257,23.0044,29.4797,5.02818,51,0.178697,0.852081,1.71672,470.952,130.167,81.9193,37.2583,1.27198,66.8551,70.7476,15.2847,20.8252,3.62435,40,0.382521,1.12975,2.13174,428.232,96.7086,98.3185,38.2236,0.998825,64.4318,55.1759,18.4442,22.3938,4.17574,44,0.266089,0.872427,1.08248,535.012,110.712,106.328,38.7775,1.2067,85.3394,62.1831,22.384,24.551,4.69917,46,0.320256,0.973752,1.54565,395.575,135.626,114.062,46.0095,1.41709,65.8766,65.1312,18.9815,24.3822,4.54241,61,0.160115,0.747745,0.831969
decoupled_wbc_h066_p000,1999,fell,60.56,13,21.0014,12.9326,3.3033,3.14174,473.537,100.656,118.746,30.2509,2.09039,76.4042,61.5919,22.3595,32.627,5.23098,45,0.371033,1.13738,1.32233,452.55,107.993,116.662,34.2168,1.65081,73.7711,64.3983,20.8523,30.3669,4.46073,54,0.308967,0.93612,1.17122,517.419,105.083,90.7977,24.5525,1.14135,80.0365,65.9284,19.7386,26.6071,3.61018,60,0.287136,0.850257,1.07958,355.598,107.816,99.7476,55.6406,1.83634,64.3982,56.0922,18.1523,25.4045,5.34148,51,0.24954,0.836692,0.842432,398.609,98.6173,114.9,39.0328,1.69323,65.5608,60.975,18.4733,22.2951,4.59971,53,0.239221,0.837386,1.06351,525.37,100.769,102.553,27.2699,2.13826,80.7061,64.4328,20.9925,24.2462,5.76503,54,0.28944,0.839635,1.20358,679.683,153.029,162.849,153.475,8.52349,89.4688,72.6285,24.7268,40.6404,10.6752,41,0.325924,1.22809,2.06313,512.636,118.118,123.912,158.835,6.73393,76.1171,63.2749,20.2074,31.9796,9.1495,48,0.306963,0.943937,1.42688,436.206,99.577,95.7779,50.2863,1.90553,61.5194,50.5511,16.0355,24.7495,4.64609,43,0.310329,0.947792,1.00511,317.864,112.941,114.114,50.4877,1.86204,54.6399,55.5089,17.0758,25.8844,4.48899,47,0.181066,0.842137,1.07927,643.577,167.024,140.329,57.3463,2.60031,79.9718,70.0826,21.9943,33.8118,5.62648,35,0.298162,1.10402,1.9587,972.071,188.433,170.239,43.059,1.54923,95.4496,83.4619,25.0659,34.9562,6.76639,40,0.229865,1.03456,3.08974,1113.44,112.785,254.87,181.411,50.3772,44.9581,22.3967,16.9609,49.3224,30.698,1,0.242966,0.677302,0.314392,,,,,,,,,,,,,,,,,,,,,,,,,,,,,,,,,,,,,,,,,,,,,,,,,,,,,,,,,,,,,,,,,,,,,,
decoupled_wbc_h066_p000,2000,fell,61.12,13,20.5488,14.858,0.885305,0.645871,501.084,111.717,118.765,28.0055,1.70005,81.2365,66.4091,19.5092,35.1534,4.94204,44,0.307634,0.978477,1.53861,415.865,87.3908,101.219,24.6814,3.0688,65.6536,53.3583,17.3538,30.9393,4.52751,48,0.308002,1.0326,1.46271,343.839,67.1542,81.5038,22.8458,2.23668,57.0009,49.7942,16.1853,24.3652,4.09444,47,0.28868,0.988098,1.14935,345.153,63.8583,68.0988,14.6753,2.55288,52.8374,45.315,14.9534,19.0556,3.00978,51,0.256627,0.782034,0.991057,1005.89,161.255,189.838,23.6277,1.67399,95.9497,73.2589,29.5799,34.4045,5.83386,42,0.25804,1.13781,1.8266,476.246,103.023,99.7587,25.6589,1.70879,72.5835,59.6212,20.5856,28.139,4.39539,47,0.291474,1.09837,1.02497,546.991,102.341,82.824,96.6741,3.36956,82.8238,59.729,22.0765,35.2214,5.31276,50,0.340954,1.10502,1.46218,469.924,107.75,122.483,25.3089,1.9684,71.3991,62.615,19.8684,28.5794,4.91279,43,0.268776,1.09463,1.7007,437.507,97.9954,93.3063,27.8134,1.88437,68.0446,58.76,19.4347,30.395,4.44588,52,0.233143,0.98362,1.0194,810.63,149.052,115.697,27.1346,2.32731,90.7879,69.6484,26.0655,34.5549,7.15814,44,0.249089,1.1519,1.86074,511.504,103.638,91.8619,16.6216,2.06962,76.3837,65.3904,20.5768,27.5356,5.23075,43,0.307004,0.990666,1.56478,663.931,139.851,103.122,52.2387,3.74742,80.0378,66.4201,21.6867,35.8933,7.06827,32,0.441851,1.24274,2.35697,4018.33,396.033,801.427,82.5549,7.93597,196.068,65.2989,55.2139,48.2035,12.465,4,0.353722,1.23222,12.0175,,,,,,,,,,,,,,,,,,,,,,,,,,,,,,,,,,,,,,,,,,,,,,,,,,,,,,,,,,,,,,,,,,,,,,
decoupled_wbc_h066_p000,2001,complete,90,18,26.0018,3.65495,0.363091,0.352812,463.273,96.5392,96.5164,27.7956,1.62691,71.689,59.2134,18.9422,30.4337,4.05087,61,0.265123,0.78529,1.00003,534.893,112.373,105.566,31.2503,1.27159,67.0811,54.4827,18.4009,31.2707,4.52876,33,0.353943,1.13014,1.93729,361.08,86.1266,79.1437,25.664,2.44232,58.2631,51.2336,16.7673,27.6597,4.4002,52,0.266013,0.922998,0.979938,359.778,75.9308,84.4933,80.0421,2.25072,55.0227,50.7152,15.4079,26.5751,4.42428,35,0.423723,1.14117,2.14398,488.067,116.776,118.498,29.4158,1.22749,74.5683,62.8291,19.5424,33.2331,3.51053,37,0.270978,0.942784,1.93827,439.04,113.062,97.7203,31.3993,1.67592,69.1028,56.6499,18.4245,28.9125,4.60808,43,0.301625,1.11305,1.46217,472.119,122.641,107.339,53.6575,2.29328,76.8431,66.2983,19.5954,34.357,3.91343,45,0.280346,0.885186,1.28373,415.262,89.5685,80.9823,63.5187,1.74006,63.4034,60.0436,16.1352,32.0616,3.54351,54,0.286048,0.844388,1.16847,375.897,88.931,86.8124,57.0964,1.78171,59.3723,45.4207,16.5691,26.0612,3.9367,42,0.298938,0.896367,0.831513,521.004,139.105,89.8907,46.107,1.56279,75.3688,75.9218,17.1994,27.9978,4.16331,44,0.300601,0.893701,1.75642,518.653,135.122,124.667,86.2216,3.51196,82.4543,65.7601,20.6214,28.5336,5.00717,44,0.339918,0.903454,1.49464,490.357,111.471,135.16,37.0522,1.11806,77.1816,66.2543,21.6402,29.307,4.61766,51,0.284166,0.931243,1.21527,371.308,74.6722,73.7493,34.933,2.46283,57.0544,45.3246,14.2957,20.9977,3.20518,38,0.352066,0.891918,0.87386,765.774,167.345,192.246,145.287,10.6325,97.703,79.8509,26.6778,42.2953,9.50999,36,0.378045,1.39382,3.6067,442.117,122.827,90.3013,43.2745,2.09244,61.6851,57.7572,16.5977,23.3815,3.83313,38,0.322621,0.947023,1.21365,287.156,47.6647,48.8684,31.7119,1.62425,46.1041,39.2683,10.8713,16.103,3.1949,53,0.202722,0.645819,0.594942,1092.3,411.662,228.603,72.6416,1.98245,106.416,95.7074,30.9702,41.8427,7.80263,33,0.406103,1.17542,2.84446,873.537,132.638,184.395,224.987,18.0636,97.3153,77.5086,26.3239,50.0198,18.5818,40,0.38518,1.07427,2.07865
decoupled_wbc_h066_p000,2002,complete,90,18,17.8005,3.40291,0.126732,0.123943,371.712,67.8176,76.9906,20.42,2.39636,60.5161,46.8542,16.1265,25.9262,3.39241,46,0.294174,0.943278,1.04062,381.61,82.8495,78.3996,27.3787,2.16038,60.7091,52.7992,16.0789,25.0789,3.73129,38,0.311388,1.00198,1.41969,419.552,115.706,111,33.2534,1.72018,67.9285,64.3075,18.4612,34.4265,4.46041,56,0.266616,0.851274,0.901014,391.575,80.1001,83.1386,51.8484,1.57652,60.3653,49.3691,16.9599,28.805,3.9361,47,0.31016,0.904562,0.989229,466.582,134.522,114.982,60.2062,2.75614,75.1077,67.9777,19.1959,35.0121,5.04185,47,0.247214,0.985773,1.42457,427.043,95.9,85.9956,43.2791,1.07309,68.2059,56.8079,17.0706,21.6397,3.77933,50,0.291266,0.772051,0.892315,491.252,107.74,83.1062,30.4365,1.20152,66.0233,62.6369,16.395,22.9274,3.36927,44,0.29445,0.939453,1.51055,429.426,90.6994,77.7716,27.4551,1.97658,62.0703,53.8713,15.7323,24.3209,3.7364,45,0.298358,0.910541,1.45204,505.029,138.472,106.913,49.5315,1.846,70.1427,59.6424,19.1314,30.184,3.93654,46,0.27575,0.987255,1.15034,386.605,100.057,100.36,39.8589,1.92764,61.9447,54.0206,17.1154,25.2446,4.30836,40,0.295456,0.952374,1.1947,467.425,112.383,101.942,36.2957,1.86985,61.6949,62.65,15.4209,22.157,4.6575,43,0.322595,0.848338,1.71272,699.679,155.188,146.649,39.2072,1.2636,89.8912,76.1663,24.1717,26.3621,4.77946,38,0.314029,1.32136,2.77643,477.302,72.3843,82.8154,44.3179,1.13767,67.8462,52.3514,17.0854,22.3783,4.21288,43,0.398673,0.948886,1.4209,830.896,133.587,130.804,44.6781,1.47775,102.236,76.8939,24.8719,31.4548,5.0508,31,0.513118,1.55034,3.39253,606.606,166.45,142.151,33.8463,1.38256,78.973,71.5506,22.7155,28.7569,4.57544,44,0.327991,0.926016,1.61252,854.801,157.672,171.467,179.202,6.04442,100.844,72.1282,28.0932,41.735,9.28567,41,0.308679,1.16523,1.80121,476.914,101.263,80.1851,46.4185,1.35336,63.3125,60.2023,15.3654,23.751,3.74436,37,0.369702,1.11204,1.90462,554.167,202.908,135.415,58.8977,1.99261,78.4243,59.796,21.102,33.5522,6.51984,39,0.369831,0.926093,1.46827
decoupled_wbc_h066_p000,2003,fell,70.84,15,28.5978,3.71995,0.840518,2.10508,369.341,92.1352,83.7563,18.0058,1.72721,58.5673,56.519,15.7894,24.5941,3.70865,46,0.310523,0.93606,1.37165,456.325,89.6006,96.5408,24.4955,2.4568,73.5547,58.0423,19.8703,30.2591,4.87249,53,0.311012,0.949822,1.15666,341.171,79.0698,46.3822,20.3415,2.19723,53.3565,51.8938,12.1077,19.9173,3.67763,37,0.427557,1.15268,2.14914,592.438,123.822,139.294,36.2127,2.7451,79.0513,65.4811,22.9747,37.3875,4.81784,38,0.324832,1.24317,1.73193,296.48,75.5667,76.3454,34.9462,1.49579,52.7902,49.0711,14.388,28.1068,3.47511,49,0.239312,0.844413,1.04342,472.224,115.385,110.655,35.8062,1.38681,73.1903,56.4885,19.0653,34.3602,4.08485,45,0.291512,0.988935,1.08782,537.581,93.3698,84.9166,43.4178,1.75271,74.5204,58.4602,17.1625,32.5444,4.87811,42,0.383733,1.08208,1.65152,462.486,113.33,86.6849,35.545,2.86415,70.87,63.2948,18.1047,34.7473,5.26643,45,0.307221,1.02809,1.44278,329.28,92.6357,77.0997,34.6007,1.77085,53.3723,53.5287,15.4386,29.2288,3.96057,51,0.203478,0.721086,0.854526,288.348,59.9858,63.0587,19.6607,1.10901,48.0646,45.3211,12.5165,21.0457,3.60773,39,0.315159,0.947816,1.59054,474.74,101.514,82.2795,113.263,2.70538,63.7854,59.7863,14.0261,34.7578,6.0926,38,0.310661,1.07251,2.22204,421.844,86.6049,80.2078,37.2848,1.48541,66.7194,52.4401,15.9744,33.1593,4.9632,42,0.320544,0.951846,1.50634,411.932,108.162,93.6381,31.0746,2.07663,66.8886,58.8541,17.0907,33.7314,5.03023,48,0.236733,0.72787,1.11507,477.92,96.8398,90.9631,29.236,1.96125,65.4513,50.9182,16.9115,32.2009,5.34007,32,0.279478,1.04351,2.26312,825.287,260.462,204.976,45.0886,7.21419,62.7396,46.575,17.7577,26.0443,7.39796,2,0.329834,1.82435,4.15768,,,,,,,,,,,,,,,,,,,,,,,,,,,,,,,,,,,,,,,,,,
decoupled_wbc_h066_p000,2004,complete,90,18,19.1159,3.41403,0.0849019,0.164152,369.569,61.2816,77.6989,22.5042,2.22403,59.555,46.6374,16.1565,28.6027,3.99869,44,0.304737,1.04298,1.11663,327.802,61.0022,58.5675,16.9798,2.19349,49.99,45.6705,12.3717,21.7248,3.11156,43,0.307092,0.915499,1.44163,418.17,107.886,117.757,36.7973,1.59161,65.7938,56.5506,19.2696,27.9525,4.12713,46,0.247221,1.00954,1.10195,381.532,102.385,84.8281,65.2172,2.81714,60.8508,61.4857,16.4707,29.3001,5.04962,53,0.208823,0.860015,1.13181,408.253,76.3758,97.376,22.2691,1.71103,63.9364,51.3104,17.8052,32.5133,4.64283,52,0.348127,0.989497,1.12599,336.755,71.7412,56.0536,55.5494,2.25602,51.1557,47.3136,11.312,26.6108,4.77155,35,0.367398,1.00774,1.90662,356.655,71.0891,94.6644,29.7329,1.82036,57.3023,45.4258,17.6227,28.539,5.13091,41,0.252953,1.02528,0.884617,367.543,74.6001,75.3229,33.2477,2.00035,55.1586,51.0948,15.2711,25.0758,5.03271,46,0.287636,0.877916,1.19336,680.924,126.97,162.108,97.4989,3.20895,91.4379,65.3565,27.0572,41.9319,9.66443,44,0.308629,1.23267,1.68866,1071.64,192.078,189.766,43.3464,2.59814,109.294,83.8072,31.5629,39.4468,7.48893,41,0.352978,1.49069,2.66913,495.204,104.856,95.2253,32.9339,1.69274,69.3337,56.3043,18.3507,24.8653,4.20539,47,0.312259,0.926237,1.44914,357.911,97.2976,93.2841,36.0802,1.6258,61.1418,54.1466,17.312,21.1213,3.88321,47,0.23581,0.88936,1.19158,533.814,94.5203,80.8005,48.6681,1.88419,72.8877,63.3182,17.8263,28.5105,4.49059,43,0.374397,1.13976,1.8994,481.206,86.5867,113.599,42.6475,2.808,63.207,48.3186,19.2787,29.9634,4.94609,46,0.255038,0.935921,0.792425,653.359,164.024,116.019,31.94,1.5423,76.8934,70.9414,19.9728,27.7456,5.3009,40,0.346624,0.991357,2.31614,604.909,144.663,149.402,118.636,19.689,88.4054,64.0346,24.5397,40.14,17.0066,46,0.327467,1.07017,1.57388,619.875,190.601,124.25,106.78,2.1418,81.9068,70.2577,22.6483,36.1248,5.43357,48,0.281129,0.908808,1.22886,520.034,110.124,142.775,200.514,9.35173,75.7186,54.1778,23.2188,40.0292,9.53523,48,0.290323,0.997389,0.976448
decoupled_wbc_h066_p000,2005,fell,70.92,15,22.1499,4.91569,1.14916,0.788709,422.154,102.624,107.701,30.1059,1.74819,71.3755,58.8642,19.4162,34.2867,4.71196,45,0.285561,0.930611,1.28619,405.535,79.6672,112.431,87.4848,3.10708,62.2129,48.6366,18.2893,34.8353,4.80874,51,0.330931,1.01434,1.17002,469.422,92.6313,131.64,82.614,2.59477,67.8691,52.3925,21.8206,40.6481,6.21607,40,0.379363,1.12156,1.36461,371.169,94.4074,91.1196,28.6551,3.13777,64.6796,60.9796,17.0838,28.5357,3.82631,54,0.257924,0.790633,0.92743,490.379,137.43,116.275,38.9394,1.86209,71.3595,65.7161,20.3201,28.0455,4.22621,46,0.351762,0.974242,1.38954,584.261,147.67,153.583,33.6594,1.65494,86.139,81.9548,23.4805,28.935,4.88547,53,0.28075,0.844861,1.5321,444.061,111.543,88.6561,58.5684,2.68465,68.8209,63.5445,17.0927,26.0445,4.2891,52,0.225635,0.715025,0.948221,570.795,128.95,109.465,117.755,6.35299,84.7447,73.4872,22.7962,38.2186,10.9624,52,0.278852,0.977192,1.30462,526.811,108.697,101.116,48.7621,2.22808,76.7536,65.0445,20.1932,25.5435,5.63981,52,0.336716,0.956882,1.34298,344.306,66.4175,63.2537,33.9478,1.43105,57.1378,45.3136,14.9487,21.2973,4.31767,41,0.255194,0.884658,0.886774,337.978,101.045,110.513,40.0614,1.85384,59.3372,58.8653,17.537,23.7103,4.06169,48,0.169802,0.764466,0.921085,351.967,82.5825,90.5594,28.4612,2.34106,62.729,51.998,17.269,23.5172,2.98015,52,0.24921,0.786228,0.905766,504.625,97.38,116.703,106.858,3.91519,77.4658,53.7689,20.0067,38.1514,6.3028,43,0.396518,1.00864,1.19531,501.533,122.087,128.367,35.6582,2.17482,78.5085,70.4198,20.0695,29.8117,4.14916,44,0.324688,1.10124,1.67286,3215.97,226.412,631.757,282.165,19.5894,133.389,44.5039,39.93,66.2401,19.7578,2,0.420052,1.24576,2.27496,,,,,,,,,,,,,,,,,,,,,,,,,,,,,,,,,,,,,,,,,,
decoupled_wbc_h066_p000,2006,complete,90,18,15.6047,3.03378,0.227178,0.0706807,411.104,79.523,92.543,31.7658,2.12622,65.5343,53.0555,17.1152,28.0714,3.72441,39,0.337917,1.12226,1.64848,404.1,79.2973,70.3819,58.4879,3.37535,59.8188,54.4045,14.3972,25.1689,4.16742,42,0.333107,0.96453,1.68826,547.016,115.997,99.0301,62.0495,2.07334,81.1061,65.5712,21.6376,29.1034,5.19154,41,0.298886,0.95056,1.54757,329.22,89.677,85.0074,36.8564,1.75758,53.1749,49.7217,16.8387,22.106,3.53079,44,0.238424,1.02475,1.01147,401.413,79.1926,106.419,44.6324,2.41148,64.4496,48.1973,18.7146,27.8095,3.49945,47,0.285218,0.942186,0.833624,535.104,124.603,110.803,69.2598,2.96783,75.6264,69.2522,20.329,33.0899,5.72206,45,0.287418,0.905594,1.79664,600.833,185.502,137.272,34.5812,1.98755,86.1381,71.2346,24.7797,32.3728,4.16823,46,0.291929,0.867331,1.69853,506.089,112.544,99.3706,30.8322,1.6897,76.3406,62.5255,19.8834,30.8926,3.29616,46,0.294392,0.993688,1.19435,464.89,77.5472,80.6582,22.3138,1.85291,68.8511,54.8924,17.4408,27.4567,4.05037,50,0.341648,0.922508,1.40262,427.248,80.6122,57.0591,23.606,1.55362,58.1753,55.3618,13.5583,22.2027,4.04383,31,0.421108,1.08201,2.11849,468.224,93.3951,92.2007,30.3799,1.89065,65.3289,52.7389,16.9945,23.8723,4.43662,37,0.312169,1.05433,1.87814,399.462,91.5022,88.5311,41.4356,2.01754,65.8678,50.4976,16.9047,26.2977,4.60527,48,0.286446,0.872004,0.784019,591.218,107.564,125.841,183.649,9.59136,76.77,61.0738,20.1652,32.1058,7.68472,38,0.259227,0.923406,1.46381,482.223,99.519,114.431,153.715,8.37664,68.1791,53.7454,19.352,30.7833,7.36445,41,0.266929,0.936507,1.2688,656.125,123.207,103.133,85.5638,2.79915,82.9004,61.2369,23.3549,35.6236,5.88139,49,0.347465,1.17599,1.44107,553.399,98.9392,125.068,24.7836,2.07325,80.2696,57.8128,22.868,27.5843,7.20083,41,0.287616,0.982295,1.77161,546.567,185.289,120.303,35.1642,2.10846,77.9733,79.2816,21.1131,29.6487,7.8938,49,0.286414,0.907345,1.5439,378.085,97.172,129.379,39.7415,1.74307,59.4036,55.5736,17.5985,25.7461,5.50043,46,0.249258,0.817183,0.863536
decoupled_wbc_h066_p000,2007,complete,90,18,18.2923,2.85762,0.0770054,0.104474,388.953,87.4006,77.4753,36.0507,2.16318,56.3159,52.6197,15.4254,27.1933,3.96963,50,0.261202,0.825524,1.18645,325.691,69.6902,76.2558,23.7814,2.29929,56.6099,48.7291,15.1,28.4947,3.82465,50,0.243362,0.949895,1.00579,533.759,108.092,142.332,31.6214,1.50165,79.3551,58.5294,21.7059,36.5638,4.78446,42,0.414115,1.16516,1.5749,475.875,105.118,115.407,29.8232,2.62861,74.6201,62.6497,20.569,37.0108,4.32399,42,0.353579,1.06767,1.70196,391.581,74.9946,85.9876,31.3212,2.33222,58.8991,47.9966,17.475,29.3775,3.76481,35,0.294177,1.09881,1.61733,489.15,133.298,138.103,46.725,2.02066,82.9013,75.3295,21.4908,35.9525,6.44445,46,0.271322,0.897099,1.56341,608.374,91.1311,85.5396,31.4949,1.79592,76.8519,55.8914,18.2479,26.9311,4.75011,45,0.342941,0.998148,1.67468,571.719,129.033,104.194,27.6595,1.92199,82.0606,62.6636,21.87,25.7084,4.53559,41,0.339973,1.20278,1.82955,446.214,61.6697,66.3332,24.7177,2.69207,68.5481,48.0195,15.6708,19.5792,4.27797,34,0.421911,1.26746,1.9159,511.204,121.419,144.955,88.5494,7.8435,72.9048,61.6023,22.2138,31.1473,8.88579,36,0.362143,1.25198,1.83118,442.082,95.4313,109.117,33.0623,1.86866,69.8478,53.4366,19.6565,27.2763,5.39016,49,0.295187,0.955866,1.08814,488.556,143.662,121.749,125.153,4.74996,77.9006,67.0665,21.1144,38.9374,7.75841,47,0.254544,0.88485,1.63162,609.277,114.656,113.663,47.2449,2.87538,78.3297,66.9465,20.8766,31.0384,7.83682,53,0.278527,1.01327,1.71826,350.784,81.5406,88.5386,33.2419,2.7784,59.2291,50.5166,17.2294,23.1675,5.15644,49,0.310435,0.940918,0.935406,1033.11,225.099,165.378,33.5363,1.99427,95.252,79.8724,26.8906,32.9254,6.79085,42,0.378268,1.14975,2.33633,1464.39,203.628,363.166,74.2653,2.51935,115.091,80.8436,31.5317,41.2844,7.56199,51,0.222259,0.998868,3.46982,586.795,137.412,133.894,48.8702,1.54953,74.4629,65.9807,21.344,30.8568,5.24391,47,0.313782,1.05387,1.79912,373.146,78.9866,75.4805,36.6903,1.54067,56.0541,52.9723,13.2693,19.1973,3.40268,40,0.356654,0.98036,1.36945
decoupled_wbc_h066_p000,2008,complete,90,18,24.8022,2.98582,0.489791,0.210037,443.761,93.5736,109.511,24.7972,2.48164,75.6333,57.2403,20.871,33.3655,5.68329,49,0.309305,1.00228,1.08768,357.546,73.1429,90.3164,35.887,1.97311,60.3102,50.946,16.1515,32.4582,4.89614,46,0.328713,1.01001,1.08497,394.943,74.8157,95.3378,23.64,2.22295,57.8271,48.9155,16.7712,30.0158,4.07038,47,0.270242,0.962369,1.24007,423.625,88.9083,130.815,29.3771,1.93261,63.9036,47.6671,19.1657,32.1627,4.50816,41,0.378792,1.17015,1.3613,362.446,83.7101,86.2788,21.5666,1.85301,58.8279,50.5462,15.5097,26.4427,3.35642,41,0.321151,0.961794,1.36122,357.275,74.3978,92.8874,26.8438,1.10626,57.4405,46.9914,16.0029,30.9613,3.89133,41,0.337317,1.02006,1.10302,459.796,89.2016,62.4468,32.6633,1.52291,67.0827,57.2824,15.6416,32.1569,4.48747,48,0.281329,0.839369,1.33401,492.103,111.683,86.5002,40.7155,2.95448,67.1237,60.429,17.0908,33.0583,4.42218,46,0.343701,0.991553,1.29222,448.221,77.3865,89.3964,40.2455,2.81935,62.5548,49.4711,17.8478,31.2824,4.18658,47,0.274171,1.09893,0.950915,411.231,99.2936,111.66,38.4732,1.28884,67.1604,51.452,18.7699,32.8247,4.40677,45,0.371326,1.08599,1.02573,404.747,94.7731,77.8259,37.0193,1.91997,62.029,55.4147,15.2417,30.1121,3.77468,48,0.247921,0.824989,1.3194,904.129,261.95,145.089,139.829,3.79023,95.4186,82.4253,24.4191,55.2305,7.52803,41,0.33279,1.2227,2.38675,519.92,93.0874,99.7703,26.3316,1.76246,74.2228,58.3719,19.4151,35.246,5.37939,51,0.323626,0.947869,1.40313,466.219,110.934,134.541,134.074,4.53143,66.2884,60.9139,19.4938,50.374,8.27121,39,0.23043,0.915298,1.95728,461.354,108.71,114.822,37.8696,1.364,70.9843,65.2115,19.8898,36.5448,4.71079,48,0.275983,0.988058,1.22656,354.099,75.71,89.261,34.4421,2.64405,57.2314,47.312,15.9809,27.9462,3.77672,46,0.273292,0.87079,0.784068,705.698,169.771,137.914,132.259,2.94936,87.7045,74.9904,22.5333,40.3864,6.39234,50,0.344081,1.03776,1.38157,506.322,101.953,92.8312,37.0364,2.54791,67.4214,57.7253,17.3206,29.3468,4.12995,39,0.352494,1.25884,2.14402
decoupled_wbc_h066_p000,2009,complete,90,18,18.3393,3.74032,0.171546,0.29814,455.956,96.5164,107.534,32.1481,2.03562,69.5049,59.3444,20.1474,32.0824,3.86562,54,0.299999,0.924327,1.04597,402.453,65.5486,60.952,24.133,2.19042,59.735,53.2192,14.2879,20.6362,3.34429,42,0.340713,0.873147,1.44208,375.086,87.132,85.8575,24.7143,1.7217,65.7805,53.9153,17.2671,26.2939,4.26905,45,0.311093,0.892251,1.23066,573.556,111.099,150.121,142.242,6.77635,85.0396,66.633,23.2345,38.361,7.87396,50,0.372275,0.973521,1.45027,363.279,70.3465,64.7198,23.8567,1.94229,54.4789,48.9856,15.1773,17.917,4.93669,37,0.358336,0.974706,1.25366,384.395,108.773,118.237,33.2675,2.06927,64.1303,63.1889,19.5822,26.5128,6.39689,58,0.233128,0.836695,0.816993,404.111,95.7972,95.2498,32.1239,2.1766,67.849,55.6822,17.6946,22.064,4.83632,49,0.312074,0.95249,1.2229,421.388,68.8852,102.553,37.069,2.40743,66.0798,44.4752,17.4028,24.2991,3.34861,45,0.332409,0.966392,1.01493,429.684,86.6548,150.881,127.535,3.55935,71.548,60.6747,20.703,39.9867,5.541,43,0.289482,1.05327,1.66523,594.327,140.819,121.768,104.585,5.05126,75.5065,69.9227,19.9936,33.3503,5.917,37,0.393551,1.09302,2.25635,462.397,98.0522,200.908,225.428,24.2872,71.0726,60.026,25.3394,67.7727,18.1774,41,0.272308,0.974871,1.63555,342.129,90.4221,117.959,64.2361,3.19501,55.2249,51.9231,17.1106,27.6373,3.97941,51,0.21027,0.888777,0.789678,435.989,89.296,109.817,88.6108,2.35009,62.5261,45.7818,18.0617,29.0791,4.52408,37,0.299394,1.0195,1.26904,471.108,141.72,117.065,40.4711,2.0592,68.3307,70.4161,20.5637,27.0692,6.07226,51,0.219669,0.895048,1.25973,536.526,132.414,111.802,26.1794,2.60694,76.2494,63.8103,19.8331,27.7788,5.76596,46,0.238953,0.883244,1.46171,458.471,101.638,98.2256,38.641,2.23199,68.4314,57.0892,18.6203,25.2776,4.81522,42,0.358729,1.00597,1.25932,532.137,100.685,86.652,145.124,24.9743,71.1364,63.2818,16.9317,38.771,14.5952,49,0.265524,0.849238,1.36982,464.801,109.05,129.573,131.609,5.38094,75.1366,63.8244,20.6341,32.9026,7.15473,45,0.260436,0.974843,1.438
decoupled_wbc_h066_p000,2010,complete,90,18,23.8303,3.94308,0.331105,0.10298,440.787,103.571,80.087,23.9136,2.04934,68.0591,59.8427,18.4331,30.3293,4.57529,49,0.278016,0.912705,1.16933,469.053,89.6366,93.2896,33.6601,1.93837,74.7776,62.5477,19.3202,34.3389,4.42614,50,0.311089,1.04996,1.54053,412.023,91.5204,82.05,40.1401,3.02713,61.8601,56.3915,15.9255,30.2252,4.42833,48,0.254371,0.844982,1.25669,512.335,109.491,130.835,31.8368,1.66235,78.9601,61.537,23.6116,36.4905,3.6256,54,0.311443,0.979937,1.03628,376.953,62.9967,66.4755,25.6595,2.41329,60.2197,45.6374,15.7293,22.0199,3.48658,35,0.393627,0.978396,1.45401,468.224,80.3973,92.7276,35.0318,1.10746,73.5263,52.3435,20.1211,27.1823,5.09864,48,0.269364,0.820893,1.37479,425.985,102.103,76.7601,23.0307,1.63302,62.103,57.2916,17.1463,23.5589,3.12871,53,0.259351,0.8521,1.06681,491.057,117.06,119.807,23.9872,1.33936,79.326,72.3404,23.9749,33.9033,3.58658,50,0.307247,1.00635,1.23836,360.717,108.688,104.979,38.5453,1.74672,59.8255,64.163,17.8377,30.6665,3.23571,51,0.231276,0.89629,1.13682,431.597,91.2394,122.607,30.2412,2.13076,69.2791,50.9943,19.2416,30.1005,3.43913,45,0.327528,1.10746,1.26034,711.685,145.008,157.283,176.413,8.84949,94.8497,75.4537,25.4767,47.535,8.413,55,0.326339,0.933809,1.58101,527.114,107.115,129.712,33.2255,1.70848,75.2829,59.3952,24.1351,33.2521,3.83532,54,0.27383,1.00397,0.97161,787.433,130.468,136.875,168.754,4.46533,96.729,73.6843,27.0021,53.8057,8.70682,42,0.30922,1.03984,2.49075,435.523,96.3035,80.3419,27.5932,1.05486,62.3422,57.7437,16.8465,24.2588,3.8608,41,0.321266,0.918368,1.62617,377.125,77.4685,70.4056,22.4543,1.22828,57.5997,53.0063,14.5933,26.9952,3.94594,41,0.388447,0.952875,1.65582,855.875,155.794,140.81,34.3611,2.33449,87.0323,64.0288,28.5938,35.3071,5.28208,36,0.35753,1.20864,2.80052,886.913,185.664,148.267,44.3847,1.44502,99.922,79.6819,30.6404,40.4869,5.76088,43,0.354863,1.46471,2.50651,427.37,93.1571,88.4824,28.361,2.89319,62.343,59.0656,17.5088,25.6817,4.1858,43,0.34233,0.936676,1.6673
decoupled_wbc_h066_p000,2011,fell,81.02,17,22.1373,7.42605,1.89986,1.56474,426.708,89.3696,74.8891,21.4505,1.90969,65.4854,55.9825,16.9127,25.286,3.98159,45,0.300466,0.906016,1.37414,421.156,86.1853,94.6267,19.4228,1.75811,70.1281,55.1946,17.5898,26.4886,4.60449,53,0.331144,0.930454,1.02444,426.226,84.809,103.023,26.2325,2.54189,67.7669,52.1529,18.7816,26.2283,4.98666,45,0.33144,0.977199,1.09616,296.274,85.7649,69.6274,30.6324,1.76323,50.67,49.973,14.2713,19.7098,4.76082,50,0.210811,0.74137,0.890508,367.643,84.1623,82.0375,38.8669,2.23826,58.7111,55.3963,15.8473,20.9965,5.16638,49,0.230314,0.835063,0.946767,485.815,126.895,105.142,137.195,4.45517,64.5178,63.5346,17.2889,31.4474,7.18173,39,0.308323,0.975208,1.24327,386.338,95.3312,88.9343,42.4561,2.42861,62.1222,54.1253,16.4661,25.7707,4.16518,45,0.245006,0.849832,1.06436,525.36,163.625,105.541,48.4652,1.47915,77.6673,69.9268,19.1856,31.0127,4.32804,35,0.324485,1.01913,1.88769,396.101,97.9611,101.63,39.8441,1.95013,61.9427,49.11,17.4853,26.1762,4.50651,43,0.306642,0.943748,1.21471,345.557,94.7111,117.068,31.5836,2.11123,54.5361,54.6823,17.1913,26.4897,6.45548,41,0.231382,0.969666,1.20109,379.814,93.957,98.2906,33.2671,2.82951,61.6524,56.2567,17.9309,27.3279,5.66908,51,0.233303,0.927622,1.10096,426.68,91.5466,89.8114,23.6342,1.77199,60.0631,55.2559,15.4492,26.0871,5.62619,39,0.355436,1.12377,1.73511,454.703,95.0424,96.3416,39.8562,1.91355,65.0955,56.1064,17.4056,36.6558,5.05286,49,0.25301,0.955841,0.996582,365.746,90.77,74.1729,43.0677,1.75387,63.3901,57.7885,16.0203,29.6739,4.62577,54,0.22571,0.758494,0.789023,513.407,166.848,109.546,48.1451,1.85703,74.5683,70.1599,17.4491,30.8235,6.11826,51,0.294563,0.803578,1.33338,631.515,116.613,133.912,71.5442,2.0069,82.565,59.4717,22.2737,39.9963,5.54974,41,0.267105,1.06579,1.43029,2390.18,173,294.579,101.14,1.83863,101.624,44.1718,26.4937,35.2078,6.05102,3,0.0435232,0.552299,0.873291,,,,,,,,,,,,,,
decoupled_wbc_h066_p000,2012,fell,55.56,12,21.9758,12.1195,1.97452,3.21964,420.696,76.8431,82.8157,25.4309,1.87414,63.768,49.8158,16.3705,26.8605,3.38921,47,0.300827,0.86952,0.983928,507.983,111.857,102.735,34.3878,2.95015,79.7846,62.6159,19.8242,33.6062,4.60019,54,0.269145,0.970172,1.18102,377.113,65.9707,89.1093,42.1381,2.34699,57.3678,45.5746,16.4483,28.2231,4.23206,43,0.31836,0.977123,1.28055,405.096,90.56,118.497,27.3391,1.58345,64.3436,54.8503,20.1361,30.605,4.93115,40,0.362428,1.04064,1.44826,420.376,95.4595,106.08,31.7328,2.77918,65.5859,57.2446,18.5863,34.5851,4.61336,49,0.251214,0.889201,1.13723,470.365,101.827,104.226,38.969,1.38271,70.4809,58.7468,17.427,33.3946,3.95465,46,0.28363,1.02008,1.44154,449.147,100.745,95.6642,33.3614,1.05641,66.0808,54.7799,17.7129,28.504,3.68338,48,0.284664,0.96014,0.911956,279.405,61.9114,69.8348,28.0551,2.03496,45.4362,39.5353,12.3914,21.5911,2.74415,34,0.274635,1.01973,1.3742,723.551,103.654,105.124,155.038,2.87052,85.5613,56.1322,21.4653,42.9,5.04343,32,0.383586,1.23835,2.09614,351.199,81.6763,105.455,37.5037,1.68542,56.7086,49.7751,15.7406,29.9462,4.67579,49,0.246241,0.944884,0.895882,495.626,96.2866,90.3732,41.387,1.63068,75.7844,64.3562,18.407,32.1386,3.07868,58,0.298114,0.8972,1.30177,561.16,57.9805,84.9559,141.81,8.35779,23.0841,12.3253,7.7212,26.0966,6.41208,1,0,1.06088,0.987854,,,,,,,,,,,,,,,,,,,,,,,,,,,,,,,,,,,,,,,,,,,,,,,,,,,,,,,,,,,,,,,,,,,,,,,,,,,,,,,,,,,,
decoupled_wbc_h066_p000,2013,complete,90,18,25.7004,2.4218,0.330365,0.326678,393.305,74.4164,76.7113,22.1683,1.72841,66.9404,50.5768,17.0339,23.2426,3.41032,45,0.327809,0.99953,1.24987,333.333,84.551,90.827,26.4624,2.84503,58.5585,50.4119,16.2495,27.3758,3.47481,53,0.266744,0.897523,0.948961,412.002,71.8244,92.9543,26.0055,2.365,62.9214,52.3949,17.4481,25.0979,5.44013,40,0.361942,1.06033,1.60561,310.931,64.5798,94.071,34.9003,2.12369,55.6926,47.6827,16.8715,30.2166,6.38529,45,0.270023,0.953587,1.04959,358.668,74.5099,75.9417,27.2567,2.54973,58.4506,52.749,16.4172,25.2133,5.67461,51,0.278051,0.764304,0.998475,425.936,92.6118,101.235,120.101,4.37989,66.6642,57.2365,19.5552,37.0658,9.40928,51,0.291434,0.882249,1.00029,720.157,168.655,164.135,41.5402,3.50143,89.4001,72.6744,27.0446,38.1041,6.2067,44,0.328363,1.33194,2.19088,480.748,100.541,110.167,99.2642,3.15473,71.781,60.1164,19.3918,31.7268,8.12462,45,0.356832,0.955293,1.51734,534.381,107.827,127.739,28.8455,2.27364,74.418,57.8513,23.5492,31.0288,8.6389,48,0.329974,1.06499,1.43777,604.416,129.329,124.06,111.153,5.75018,80.0018,69.4398,21.9605,43.7939,10.2064,48,0.328259,1.03286,1.71441,376.392,64.253,79.5601,27.4144,1.76674,55.8813,47.3396,15.4066,22.8518,3.32823,41,0.340756,1.00067,1.26582,1517.79,186.455,248.405,58.2828,2.13037,119.619,76.1049,36.6693,47.4793,4.84766,44,0.304813,1.29085,2.52378,524.754,95.8539,115.796,28.3776,1.66833,71.6034,53.1629,20.9494,26.6631,5.6923,50,0.281848,1.02704,1.26694,420.976,94.722,113.806,34.3635,2.0584,64.2386,59.6969,19.4102,28.4025,4.81714,40,0.273069,0.943254,1.77579,539.844,127.505,133.579,40.8031,1.02699,83.3444,63.7989,22.1294,30.8447,3.7535,46,0.348026,1.06831,1.28675,541.48,98.246,86.1569,49.5762,2.83493,79.5722,63.6565,20.4273,30.7578,5.00651,53,0.334447,0.826932,1.16755,269.375,55.1989,68.3225,28.3326,2.21159,50.0109,43.9884,14.6747,20.0071,3.6888,48,0.276372,1.00788,0.916812,484.091,103.519,115.067,154.111,12.4845,74.3444,60.6177,20.9441,48.4124,11.8529,40,0.293994,1.03254,1.48363
decoupled_wbc_h066_p000,2014,fell,85.78,18,27.1353,10.2834,2.49909,1.82434,506.16,104.16,82.7853,30.2673,2.64742,76.8286,63.2329,17.6642,33.1512,3.9603,43,0.322412,1.02699,1.59301,459.736,95.3637,105.813,42.5047,1.81282,67.0702,51.9558,19.2316,33.8562,4.80658,43,0.385776,1.16179,1.40822,416.666,67.9678,81.4026,53.8347,2.09654,67.5228,48.7804,17.47,30.8796,4.30773,46,0.327094,1.01532,1.06025,448.507,84.4439,92.9879,26.2506,1.66777,68.2653,54.4385,18.9949,31.2465,5.09762,48,0.38604,1.02901,1.17361,387.382,83.9678,120.907,29.1752,2.26761,63.2668,51.2978,18.9014,31.7564,5.517,44,0.342427,1.07238,1.20908,611.703,118.536,140.342,84.8214,10.0145,79.5969,64.0088,23.3836,44.2594,10.8939,35,0.337425,1.24473,1.94677,524.415,130.815,92.6248,31.0014,1.58122,79.7186,73.3833,20.0527,29.3145,4.33551,58,0.265982,0.807007,1.05011,586.592,111.021,121.32,31.9874,2.4204,85.903,67.1274,25.0179,34.9985,5.01166,54,0.33697,0.971789,1.34078,420.377,78.3025,84.1463,29.2657,1.16696,70.6692,52.1487,19.5598,27.9644,4.12751,43,0.361541,1.08004,1.00622,482.647,80.8637,83.3719,27.3616,1.92512,72.4712,58.6616,18.2097,27.2649,4.26814,49,0.35492,0.96687,1.43058,381.527,79.3304,79.6106,29.9237,2.18324,60.7701,52.3049,16.6167,22.5251,3.77239,43,0.310197,0.936846,1.30581,455.303,82.9324,103.217,31.7763,1.44383,65.3768,57.8598,18.0387,25.2419,3.77627,59,0.212624,0.715314,0.944461,531.153,152.866,111.81,53.1724,1.86636,78.9501,67.9352,20.7612,30.7253,4.46227,48,0.317338,0.880947,1.19809,589.824,150.669,123.449,33.6995,1.13225,83.6928,79.1236,20.6635,29.6657,3.74227,49,0.384945,0.858075,1.49151,500.308,126.132,111.891,42.3149,1.61396,74.3248,66.4789,19.7153,30.8157,3.7053,50,0.258877,0.940672,1.11316,698.506,139.16,113.685,99.7562,1.7472,84.3344,74.8534,23.2179,42.5957,5.55702,36,0.391691,1.38426,2.21559,344.849,78.8267,67.5907,29.0144,1.71215,55.4038,52.7136,13.6762,22.2762,3.55737,48,0.277611,0.783975,1.14007,1205,90.9017,151.849,162.699,22.6804,58.2724,24.0138,17.1796,36.5663,15.5445,7,0.131993,0.64632,0.679461
decoupled_wbc_h066_p000,2015,complete,90,18,19.8565,3.26069,0.0852932,0.142545,354.719,90.5731,85.8746,51.4405,2.00858,58.762,53.4966,15.249,27.4916,4.20085,43,0.276131,0.919655,1.35722,320.888,73.591,69.487,32.5208,2.23632,51.0609,48.0932,13.5281,26.6911,4.01457,42,0.294481,0.865321,1.31983,397.949,79.4158,85.937,23.2425,1.65074,60.6196,49.1068,15.9042,28.0328,5.06653,39,0.301041,1.10096,1.31084,556.349,117,118.251,50.4344,2.33764,83.3162,67.2689,23.1346,35.584,6.35147,51,0.327133,1.01778,1.40326,453.424,109.096,91.2512,31.1207,1.72132,75.8732,64.791,18.928,26.6735,4.9875,55,0.282395,0.853949,1.12637,474.447,97.1878,96.3384,32.6053,2.00036,71.4014,60.3981,18.4156,29.3858,3.81969,52,0.320561,0.927682,1.22015,450.394,89.4398,68.715,39.4599,0.982744,60.9403,58.6544,14.0425,25.8775,3.58463,35,0.34787,1.04705,1.97337,415.034,105.12,135.477,66.5083,2.41353,65.0622,53.4948,18.3385,36.3173,5.44875,37,0.251172,0.955786,1.33157,413.113,86.8137,72.1011,30.5854,1.347,59.1206,58.0806,14.3595,24.6748,4.35361,43,0.325162,0.877729,1.50012,402.288,81.7048,107.812,37.0941,1.72371,60.6191,48.0631,18.2508,23.7734,4.53175,49,0.298889,0.934924,0.913157,917.908,216.654,217.894,33.235,1.16142,97.9733,83.9736,31.4817,35.7933,4.55188,39,0.250164,0.999055,2.4124,345.589,73.5621,69.5117,29.6928,1.60557,56.2258,47.2875,16.7358,22.8214,3.7225,44,0.221083,0.891789,0.848566,461.184,106.499,112.853,28.7865,1.49463,76.4154,58.3275,20.9621,30.4807,5.14736,40,0.338902,1.03704,1.60099,502.796,105.171,101.664,39.4703,1.95294,70.2202,55.4473,18.0008,26.0598,3.62421,47,0.274429,0.948365,1.10575,824.098,169.998,118.801,107.274,3.04995,97.7263,82.6131,23.2918,38.6956,6.51454,39,0.330558,1.21006,2.74907,646.755,145.551,90.1978,21.7869,1.2867,71.7207,69.9873,19.4239,21.8084,4.94313,51,0.267036,0.809812,1.39411,520.738,112.26,122.106,38.1783,1.60086,70.0182,62.2794,19.8818,27.4575,3.58387,38,0.315617,1.102,1.9099,480.885,101.941,111.758,52.7869,2.91151,71.8541,62.1089,19.5156,29.9628,5.03827,51,0.29274,0.869824,1.201
decoupled_wbc_h066_p000,2016,complete,90,18,23.371,3.09866,0.331054,0.219747,354.345,79.7417,86.445,21.0708,2.5228,60.5186,48.6829,16.5725,26.8102,4.49519,45,0.290214,0.94791,1.1103,409.211,82.6054,64.2677,52.978,3.39679,58.4873,50.555,14.1745,24.7521,5.74625,43,0.288723,0.914922,1.27265,361.354,73.35,88.3041,59.516,3.12445,60.4063,50.8159,16.0097,32.268,7.64914,51,0.283418,0.887899,0.903253,308.102,57.5108,59.0584,30.1014,1.85465,47.568,41.9987,11.8969,23.2629,3.45726,44,0.26992,0.868307,1.24753,592.683,103.956,127.351,161.381,10.1387,76.6455,55.9027,20.2723,44.4486,7.76022,39,0.341393,1.23146,1.64202,546.163,109.982,119.544,39.488,2.53311,78.9352,65.8475,20.0886,40.2145,5.12852,53,0.306949,0.972194,1.46335,311.354,67.1565,94.9596,33.2321,1.25441,46.7094,42.011,14.3465,28.564,3.77141,32,0.235159,0.913008,1.20028,501.229,82.3337,68.3304,31.3609,2.00114,73.7708,58.3248,16.6801,32.1142,4.05468,49,0.307745,0.964762,1.36119,289.948,61.7829,79.9102,23.2107,1.87115,47.3723,45.1529,13.7631,24.8604,3.2558,50,0.262074,0.858766,0.969679,588.917,118.861,137.259,33.2654,1.24329,80.0104,66.1051,21.7003,40.8844,5.06329,50,0.26362,1.0404,1.39075,678.238,159.729,130.322,145.37,2.97096,87.7329,68.6449,23.0022,46.2045,6.76606,49,0.354449,1.02145,1.38909,493.624,93.8237,99.7511,33.2891,1.21613,67.9001,49.179,18.2953,34.007,3.93496,38,0.37159,1.03542,1.23824,622.592,92.4912,87.108,37.1127,1.06625,69.4941,55.1011,18.0371,31.6721,3.25688,45,0.249338,0.853756,1.45874,512.032,121.344,121.607,121.705,10.7148,69.5412,55.4421,19.9332,41.2963,9.64704,50,0.293842,0.887506,1.40104,972.655,161.215,174.702,207.416,11.7307,103.267,78.5221,28.2201,50.4408,10.976,40,0.357929,1.34992,3.18439,448.812,116.079,119.31,27.4943,1.92777,74.6349,62.8449,19.5197,23.8916,3.44691,44,0.283801,0.977975,1.46747,505.45,131.808,103.281,37.0493,1.81285,73.6906,67.2279,19.7191,26.0243,4.49777,44,0.307889,1.14606,1.6165,605.861,133.651,122.052,149.321,1.7507,76.6011,68.6944,20.6483,29.4709,4.9682,40,0.305802,1.31583,2.33556
decoupled_wbc_h066_p000,2017,complete,90,18,18.5147,3.17933,0.236519,0.196689,361.236,72.8707,81.5093,19.3859,1.70116,54.9795,51.7015,15.2635,23.6012,3.0668,39,0.320136,1.0111,1.47222,469.451,131.947,97.8899,37.2181,1.55429,73.1108,64.6693,18.776,29.0612,2.81079,41,0.308298,0.9482,1.56028,361.944,90.2605,104.006,34.5019,1.99024,65.0271,53.7616,17.9245,27.0564,2.91876,43,0.289862,0.959284,1.23727,364.106,77.5675,84.7359,32.1593,1.92812,63.1625,48.6839,15.637,22.0578,3.13318,45,0.238509,0.866803,1.11226,621.867,142.854,127.525,77.7886,6.67433,89.0407,72.6827,20.9002,34.1068,5.4426,45,0.26972,1.03882,1.50439,366.215,85.4372,83.244,45.0351,2.02957,59.1201,47.6911,16.3563,28.7485,3.8337,42,0.325669,0.955905,0.969897,453.179,110.168,69.2425,37.5684,1.99496,73.4646,63.0474,17.4352,24.861,3.1252,55,0.280993,0.735245,0.978084,384.878,74.0117,79.5508,37.7772,1.58963,60.9602,49.1285,17.1489,25.5599,2.66541,48,0.267834,0.929716,0.726906,400.619,101.314,87.2812,97.9358,2.77754,66.2154,55.9686,17.8517,35.0278,3.76969,48,0.274997,0.904225,0.934528,335.084,59.4694,62.025,31.6875,2.17189,50.3532,45.7577,13.5582,24.425,4.25921,38,0.326647,0.921416,1.1515,398.421,98.8849,88.8731,37.4562,1.63859,65.0197,54.7346,17.2806,30.2821,4.45013,41,0.306493,0.920909,1.24207,358.783,73.1415,55.7924,33.6328,1.99527,48.5767,45.5917,10.812,24.6716,3.09513,31,0.354328,1.14489,1.88213,450.524,91.524,107.237,34.4205,2.56173,63.2925,51.3199,16.7975,33.8132,4.26557,38,0.293742,1.29857,2.10198,597.324,130.683,121.365,67.7148,1.38997,74.8743,60.1752,19.2457,37.3984,5.55846,42,0.383254,1.06005,1.58488,435.442,76.3621,114.457,37.5724,1.75592,59.6311,47.6217,15.6081,24.1951,3.15863,39,0.333442,0.978662,1.17353,759.25,181.337,139.13,72.4183,3.11342,87.4303,79.9428,20.8961,39.3394,4.97187,44,0.319921,1.08161,2.08526,490.385,108.139,124.615,39.2059,1.93313,69.7366,63.1936,18.1289,34.5105,5.01388,36,0.316665,1.024,1.81,609.393,148.734,163.702,115.735,3.21063,76.8148,62.388,22.4208,42.9297,6.51193,45,0.330452,1.02525,1.24564
decoupled_wbc_h066_p000,2018,complete,90,18,25.8416,3.90037,0.266194,0.217108,415.844,71.3615,88.2253,29.5416,2.46547,63.7743,47.234,16.5877,29.7507,4.56942,45,0.310236,0.943827,1.02054,520.022,103.001,83.5288,78.4652,4.10667,78.1962,60.9951,18.0923,36.9136,6.57417,45,0.363887,0.960845,1.41094,307.514,67.4021,58.9845,25.2805,2.063,50.5242,46.3993,12.0776,23.9369,5.34573,35,0.355041,1.05003,1.69804,458.375,103.568,115.209,69.929,3.43371,70.4626,60.5587,19.4237,38.343,8.05001,49,0.289299,1.08658,1.09653,461.423,100.16,112.166,31.7254,2.04806,64.323,55.7343,18.7599,30.6503,5.11937,40,0.3643,1.05399,1.47816,551.912,110.261,127.187,143.351,9.01963,77.5743,59.4342,20.1684,37.6065,8.62691,43,0.300077,0.979476,1.54887,342.553,94.6137,93.326,44.2928,1.86657,58.4203,53.7392,16.8898,28.3286,4.13394,53,0.222348,0.807388,0.861845,533.087,92.79,80.2417,71.6201,2.64995,71.2973,56.7272,15.7202,28.9877,5.40286,39,0.343383,1.03171,1.42796,493.042,104.971,103.173,33.7691,2.22266,72.1264,64.8831,19.3823,34.5857,6.86096,51,0.270568,0.936939,1.21268,387.168,75.8995,85.7419,34.7642,2.34836,59.0285,49.5714,15.8486,29.018,4.83994,48,0.294626,0.876257,1.022,510.281,103.774,80.6046,38.8986,1.76514,70.2802,59.177,15.6067,27.1753,3.579,48,0.275846,0.898148,1.6414,559.694,136.813,113.943,50.7607,1.91645,85.0816,70.5646,21.5692,32.1663,4.13852,50,0.302247,1.02072,1.44901,531.301,137.476,131.336,87.9393,3.56914,78.0569,69.1122,20.6562,35.8959,5.87512,40,0.257417,0.973027,1.70455,390.55,94.7819,91.4658,42.183,0.940853,59.7778,53.5142,16.6873,22.8537,3.62364,46,0.312441,0.913596,0.872089,406.302,96.2953,99.9598,36.4747,1.62043,63.0217,55.3639,16.7628,21.7607,3.33422,41,0.22725,0.891937,1.29774,1071.77,212.199,138.757,77.5021,1.54987,103.372,90.1366,25.0999,33.2583,4.58236,47,0.276353,1.18594,2.56244,415.544,72.7754,71.764,29.93,1.70896,63.9675,48.6045,16.6887,20.1427,3.13247,45,0.378181,1.09104,1.1599,662.928,103.43,96.739,68.1416,2.41026,79.116,55.2843,22.9257,32.1529,6.45227,39,0.368057,1.18146,1.47487
decoupled_wbc_h066_p000,2019,complete,90,18,16.7283,2.86628,0.083206,0.0480991,362.007,66.8659,64.1883,18.6651,2.08968,57.9076,50.0694,14.3924,23.145,3.50281,37,0.372463,1.05598,1.66309,355.736,77.4161,84.7463,21.2882,3.03605,58.1218,48.2417,16.3586,27.0909,4.56083,51,0.302819,0.890747,0.884695,388.815,79.5414,90.7306,20.4725,1.94917,63.9742,49.562,16.8769,26.69,5.63068,47,0.265403,0.919368,1.05582,380.472,88.8764,101.871,105.256,2.45815,63.3643,53.7077,18.1256,33.0718,4.89891,53,0.248685,0.898498,1.07811,422.538,85.3733,101.414,61.4998,2.67162,68.6376,56.5005,17.6708,31.1215,4.83623,43,0.317045,0.993535,1.60761,525.627,96.9068,104.16,20.9476,1.4706,75.3881,56.5104,20.66,30.7544,5.40557,47,0.315324,1.11715,1.37234,564.594,103.246,98.212,34.9985,1.82783,80.9751,67.5124,18.7546,26.4381,3.90529,41,0.438797,1.06273,1.87793,327.661,87.6713,108.228,23.2069,1.58787,57.4507,54.9304,17.2695,23.7966,2.94929,47,0.250932,0.797026,0.964282,407.279,106.047,107.448,34.5712,2.6042,65.3997,52.5364,18.3342,25.5516,3.52522,44,0.307184,1.0274,1.13246,430.284,100.936,85.9506,29.1655,2.78875,63.827,61.9719,15.4758,24.3484,5.10499,44,0.303692,0.901437,1.60627,1206.47,216.026,171.903,41.6479,2.00973,101.087,80.6146,28.0535,33.7093,6.8471,47,0.25945,0.970543,2.49886,588.649,128.347,160.534,171.72,13.6037,74.8516,70.0312,20.2592,28.4356,10.3413,39,0.349357,1.03073,2.31091,466.324,82.4836,86.4841,22.9185,1.82707,63.4409,47.9054,15.2957,19.3556,2.98214,40,0.363608,0.952202,1.62439,496.656,106.205,106.363,93.067,3.21212,68.2986,61.5551,17.2644,28.0152,5.47723,39,0.3652,0.991698,1.80992,551.048,113.226,104.853,37.465,2.47112,75.3243,66.1811,20.0665,25.6094,3.94668,40,0.320868,1.14051,2.11182,445.801,149.001,132.089,45.2535,1.39227,74.1941,60.4603,18.6186,25.4598,3.3874,48,0.300531,0.84234,1.34508,445.876,108.515,83.8723,44.4206,1.7802,65.1723,57.3679,15.6559,26.0998,3.06609,44,0.276269,0.919023,1.47684,372.751,87.5294,82.6212,85.9402,1.99921,52.2225,48.4529,15.9522,28.4294,3.68999,40,0.17856,0.932523,1.12683
decoupled_wbc_h066_p000,2020,complete,90,18,15.9907,2.73288,0.436041,0.326407,449.297,123.714,117.215,50.5889,2.16282,72.045,66.0081,19.5967,31.495,3.94301,54,0.275189,0.908412,1.20266,359.234,102.391,96.6513,45.8516,1.18634,55.9393,56.8603,15.5051,23.6251,3.2526,42,0.231067,0.841804,1.24189,420.146,105.224,97.0676,32.0745,1.83805,67.9139,56.449,18.4236,25.1401,5.56187,45,0.319623,1.00604,1.09916,419.62,110.339,97.2805,124.706,5.06565,64.0519,65.2468,16.6172,25.1996,6.15509,51,0.294,0.86058,1.32722,299.561,69.3933,89.3733,28.7766,2.95147,52.0764,46.8435,15.8026,17.8902,3.39838,51,0.231699,0.78868,0.774999,477.602,115.862,89.0364,22.371,1.845,79.3975,65.7823,19.4452,21.1512,4.63894,61,0.270011,0.867467,0.873078,578.53,102.508,100.089,34.3897,1.712,76.848,60.1978,20.0301,23.6163,5.42721,45,0.287963,0.994811,1.53848,412.555,62.0704,88.8515,24.2232,1.41913,67.633,48.8433,17.1243,21.2396,3.77069,48,0.316236,0.995707,1.28357,467.24,116.922,85.1274,23.3593,0.983334,65.5786,62.9102,16.3547,23.3037,3.57546,49,0.339645,0.904136,1.68086,491.157,136.788,122.878,31.1671,2.24581,72.6217,61.7946,19.7168,25.7306,4.74507,45,0.342292,1.06488,1.30501,663.559,171.708,203.425,180.432,9.37385,95.2006,71.4503,29.2294,55.7442,11.2252,45,0.259156,1.07246,1.65793,659.879,126.834,118.15,29.5759,0.785557,89.0183,68.5999,23.9531,27.6657,3.30453,50,0.350316,1.10754,1.59784,383.641,84.333,80.9596,35.853,2.14914,64.5182,53.1313,16.2907,20.2495,3.04057,47,0.264035,0.860411,0.963893,665.766,124.174,105.073,60.9092,1.93415,82.9681,64.6689,20.4489,33.5315,4.05691,42,0.320695,1.12139,1.41453,524.131,109.257,94.797,54.6031,2.14499,68.9274,56.1451,17.214,27.4562,3.65405,49,0.227779,0.813528,1.21418,572.582,179.566,126.056,92.9352,2.36474,79.5708,74.8954,21.9083,43.8369,4.89261,37,0.281289,0.954181,2.06904,380.574,77.6512,94.2015,33.334,1.92606,62.0801,54.5974,18.4628,29.2643,4.76045,38,0.299466,1.04165,1.39651,574.963,111.906,89.4348,35.993,1.98829,77.88,52.2138,19.7719,28.2541,4.33684,44,0.309164,1.20537,1.36103
decoupled_wbc_h066_p000,2021,complete,90,18,16.2857,3.27961,0.224279,0.107412,524.296,109.065,126.064,30.1344,1.34425,81.4436,63.3242,21.9866,36.6992,4.75379,41,0.338716,1.13168,1.88285,462.819,76.0345,72.6311,26.7419,2.7367,68.4802,51.6973,16.1257,25.5513,3.39287,38,0.37142,1.03242,1.4737,469.994,87.2976,95.3544,63.9139,3.11484,75.4653,57.5332,20.0129,31.7659,5.88096,52,0.340725,0.952339,1.16845,517.796,107.801,126.521,34.9235,2.99235,76.7114,57.2344,20.7099,34.1202,7.57758,54,0.292127,0.954476,1.1319,386.964,113.931,110.758,30.1804,1.65873,66.282,59.0918,18.6015,30.6547,6.63059,45,0.276784,0.860614,1.06917,325.796,91.5315,116.377,37.5672,1.36696,57.844,48.3995,17.8817,24.5576,4.76109,46,0.255039,0.85515,0.867035,330.883,83.5639,74.7946,39.0111,1.27262,49.5588,48.988,14.3071,19.7353,4.34659,43,0.221675,0.853673,1.07998,645.664,159.559,122.332,131.311,7.77401,85.942,68.535,22.4249,35.542,9.48756,52,0.334956,0.880125,1.49436,509.34,110.532,147.775,131.189,10.0273,70.6496,56.0991,20.612,41.5972,10.4598,42,0.244271,0.805366,1.10095,837.444,144.197,145.807,208.936,11.8251,90.6845,77.0896,26.3122,64.4877,15.7931,45,0.303616,1.06919,1.96936,367.229,93.405,101.056,83.421,2.02039,59.6679,57.1961,16.0936,22.0193,3.8172,58,0.215172,0.737726,0.718976,504.136,101.577,98.4016,47.4453,2.35214,69.6008,57.0992,17.6635,20.7496,3.64036,46,0.280135,0.954087,1.37466,349.939,105.492,109.912,50.2257,1.6913,57.4245,56.7027,18.2797,25.4842,3.55091,46,0.186074,0.795426,0.891201,493.081,141.661,105.044,39.2269,1.82671,71.2751,74.3972,19.0867,24.0779,4.00248,49,0.286177,0.75367,1.32621,617.534,155.095,186.911,190.566,8.3868,87.01,74.5822,26.5914,52.2791,9.86222,47,0.302327,0.917371,1.30564,530.508,119.586,108.99,30.0781,1.40395,80.1331,65.8672,20.3175,22.5469,3.92414,50,0.290894,0.967107,1.4116,374.306,78.7872,70.0636,31.257,1.9854,57.554,52.0744,14.2767,18.4078,3.83645,41,0.34082,0.909754,1.3661,413.163,114.219,105.745,42.6361,1.48181,64.9249,58.4574,17.6094,23.852,4.20945,37,0.300317,0.954725,1.21927
decoupled_wbc_h066_p000,2022,complete,90,18,23.4644,3.15921,0.132809,0.205362,381.797,80.2447,96.2671,24.8753,2.2766,64.3893,49.7795,17.8295,29.1899,4.02033,50,0.277607,0.9116,1.02766,362.514,74.8029,88.2345,26.9197,2.4421,61.4967,53.2946,16.9984,26.4704,3.56621,54,0.282544,0.894427,0.881119,349.065,62.5214,77.357,25.6775,2.64816,59.8173,47.7131,17.2188,26.6703,4.64058,47,0.289399,0.965275,1.07868,593.646,139.844,142.16,33.9373,1.74662,83.093,69.9945,25.9414,31.3444,5.85286,45,0.381167,1.31444,2.18019,460.755,103.803,119.774,48.9976,4.45905,73.7716,63.1113,21.0504,33.3926,8.267,46,0.315451,1.06407,1.45171,494.586,118.452,112.338,42.1906,1.47401,76.4547,64.4056,19.2905,31.1329,3.4694,45,0.312364,0.90506,1.42478,578.257,121.766,82.647,30.322,1.88531,77.0111,61.5881,18.9053,27.6893,3.84682,35,0.380651,1.25585,2.15609,493.088,95.4664,107.256,35.076,2.61992,73.7221,60.6593,20.2899,26.9719,4.20271,43,0.2915,1.02694,1.49351,438.162,123.701,96.3257,38.0099,1.50647,68.6418,63.9375,19.7789,30.855,3.84298,57,0.231396,0.860605,0.956044,452.099,98.537,82.5149,29.8445,1.55226,69.5401,58.0346,18.0603,29.1068,3.23424,50,0.308828,0.955513,1.07576,468.001,135.862,117.699,41.9382,1.91615,73.7936,60.1826,20.7663,29.2593,4.10846,46,0.31214,0.928409,1.02657,653.1,149.096,109.863,80.362,10.2639,89.8814,69.3835,22.9672,41.4295,11.4985,57,0.250504,0.855154,1.42612,805.791,192.362,151.724,208.13,9.22873,93.3071,79.9825,22.9851,51.6671,8.99404,33,0.400882,1.10746,2.96242,600.979,125.185,117.534,39.8746,1.53188,77.1527,69.5868,20.149,23.6234,4.2342,43,0.347327,1.07829,1.8332,772.78,200.717,125.492,131.527,3.11539,87.6352,80.709,22.4549,34.0976,5.09969,28,0.373286,1.2379,3.75919,365.849,84.6899,97.8549,31.7264,1.6185,57.6183,54.9314,16.852,21.4289,3.54477,51,0.210698,0.785094,0.902542,432.7,100.318,115.975,77.703,2.73661,67.1617,55.2443,19.0799,24.9045,5.26383,46,0.313812,0.984202,1.19735,757.423,123.726,129.096,76.4598,1.89931,92.3227,65.0829,22.7917,32.303,4.68039,40,0.33574,1.08375,1.89076
decoupled_wbc_h066_p000,2023,complete,90,18,26.328,3.71311,0.147819,0.231894,339.114,46.0031,52.5467,19.5197,3.02476,55.377,38.0618,14.372,22.9772,3.27297,48,0.261907,0.866773,0.804987,454.775,74.9115,104.75,29.1064,2.22928,66.9363,48.9712,17.7385,30.5781,4.9703,41,0.339415,1.19026,1.2835,511.427,98.4837,106.48,31.1625,3.20228,73.45,58.7089,19.3827,30.0685,5.38584,44,0.351185,1.14994,1.64129,337.797,62.922,82.5951,36.8567,1.8117,60.8522,46.6688,16.9642,23.9369,4.48855,40,0.295145,1.08424,1.41197,412.102,73.5258,93.6336,66.7059,3.48348,64.0489,45.4807,17.8743,27.2939,6.69428,46,0.309305,0.926505,0.932345,460.557,96.6435,126.287,222.092,10.8075,69.533,51.0213,20.6741,41.4085,10.9694,46,0.328594,1.04796,1.17393,377.452,64.4021,94.7117,20.3497,2.39556,63.9697,46.82,17.9998,22.0179,4.48145,41,0.345625,1.03681,1.22731,558.901,110.021,125.451,83.6388,3.98959,83.7826,63.7133,23.9702,33.5272,6.67811,48,0.326797,0.979039,1.26689,712.195,117.011,194.495,35.199,2.36413,95.0141,56.8162,27.2822,37.4777,6.0119,44,0.394073,1.20886,1.57026,639.354,144.199,157.797,49.7424,1.68974,82.3829,67.2627,24.631,40.5076,6.0942,41,0.350917,1.24478,2.22143,333.296,76.877,40.881,18.3947,1.5672,52.3644,51.3079,10.9304,22.8246,3.07488,38,0.383551,1.01085,1.99398,604.254,143.921,117.592,110.022,2.74975,81.8943,74.0042,20.1873,45.0376,5.64239,48,0.219869,0.907283,1.53389,486.07,90.7217,94.6901,37.3607,1.74891,62.3737,51.4134,17.3515,35.5207,4.70331,37,0.308837,1.08553,1.58187,446.492,103.119,108.989,33.2756,2.55867,68.1319,57.1274,18.7888,36.491,6.25748,46,0.262613,0.903162,1.0597,980.699,165.514,126.708,111.521,3.86247,110.785,75.7152,27.0326,54.9978,11.4687,48,0.320044,1.18091,2.3925,308.73,49.5381,58.6135,30.6347,1.42956,49.2145,38.6756,12.5534,27.1715,4.52513,48,0.234147,0.816229,0.927699,490.274,104.355,87.0013,40.1123,2.0873,67.4567,61.0725,15.6055,31.2394,4.42654,54,0.269809,0.783543,1.02465,444.398,90.9027,81.7285,36.217,1.57694,60.9464,53.4059,15.8438,29.7301,3.96284,40,0.276202,1.0346,2.01386
decoupled_wbc_h066_p000,2024,complete,90,18,18.7277,2.9547,0.1162,0.132217,334.174,70.6921,103.081,32.7837,1.97273,60.1685,48.8331,17.6537,27.7772,4.24927,44,0.247547,0.953698,0.998208,384.906,96.7356,106.552,74.9043,1.48783,65.614,57.0631,17.9182,28.8332,4.34181,48,0.270068,0.865075,1.07469,436.42,100.726,101.04,37.0998,2.84049,68.3771,60.996,17.132,22.4223,4.14694,48,0.252709,0.880522,1.23636,378.437,63.0832,94.7074,23.381,2.09353,64.9238,49.077,18.3981,19.5897,4.06518,54,0.283674,0.875396,0.790801,750.886,172.331,159.03,83.658,3.71771,100.763,79.4542,26.9766,35.9868,6.64582,50,0.327221,1.13701,1.9769,435.099,102.555,87.5417,34.0045,1.23973,68.2618,57.5506,17.8266,23.3379,4.33019,58,0.261792,0.89767,0.829632,385.901,86.2026,90.5513,31.5865,2.09276,64.3242,50.4882,17.6086,20.995,4.30018,47,0.283415,0.882736,1.04923,609.099,142.313,114.422,42.5395,1.96468,83.2312,70.4133,21.9327,30.185,4.99801,39,0.372743,1.44843,2.42387,337.516,130.45,105.5,46.309,1.94513,60.8439,64.8189,18.6112,28.2711,3.62763,53,0.176379,0.730136,0.845405,393.978,96.3503,92.6345,34.9668,2.51885,66.2774,59.4205,18.3719,30.8097,4.18269,53,0.225513,0.847728,0.879337,335.536,78.5713,73.5487,31.407,1.39063,53.7591,52.1959,14.1703,23.8148,2.92394,41,0.270215,0.85643,1.13545,389.667,101.295,108.547,28.9419,1.94854,64.4394,53.7138,18.1846,27.218,4.25494,47,0.305425,1.07299,1.15069,708.77,129.067,178.144,192.594,5.03427,92.8496,70.3163,29.2912,53.8261,9.58889,46,0.310931,1.03459,1.63557,404.878,111.084,108.189,36.0565,1.4193,65.7828,60.6443,19.0993,29.4733,5.24066,53,0.272447,0.897179,0.999651,450.09,88.8771,87.4,39.4774,1.88545,66.112,56.1161,17.7473,25.0325,4.64929,42,0.332264,0.936693,1.11439,490.399,130.222,130.098,47.8524,1.78554,76.4039,58.4329,21.1895,31.3916,6.37543,40,0.350788,0.984658,1.59259,347.054,83.3264,74.7528,38.0985,1.79531,59.8738,54.3042,15.541,25.3652,5.64604,47,0.266522,0.820494,1.17063,489.833,120.276,79.389,41.8823,2.12746,72.8366,65.2239,17.0919,28.8107,5.95377,55,0.295315,0.788177,1.10274
decoupled_wbc_h066_p000,2025,complete,90,18,24.4826,3.58474,0.227303,0.198266,423.11,73.1396,81.8046,23.5511,2.78837,67.0435,53.8138,16.9403,24.6932,3.31028,40,0.323193,1.05698,1.4076,387.446,91.0875,103.024,32.7322,2.39181,61.0721,56.2521,17.2291,26.9768,4.07315,43,0.244789,0.862977,1.40816,451.533,92.0165,93.9574,26.1203,2.07665,72.4978,58.3572,19.0448,22.7309,4.95891,37,0.412898,1.04752,1.67161,638.413,122.631,139.53,79.7386,6.30622,90.5275,67.7681,26.1975,32.585,8.90553,49,0.315424,1.16319,1.76184,534.087,91.9593,153.231,94.5655,18.9903,70.8618,51.4434,23.1015,34.9482,11.2566,45,0.356598,1.02836,1.11792,570.333,122.244,134.102,24.1331,1.81368,86.2361,67.4802,26.332,32.161,4.18837,50,0.350056,1.01639,1.49249,570.46,83.9557,93.0907,26.4024,1.05394,73.1316,56.4108,20.5901,26.6971,3.33777,41,0.331121,0.974486,1.29611,423.677,84.1787,80.2276,25.1427,1.58992,63.832,54.6858,16.4755,24.2743,3.82618,36,0.3973,1.08735,2.08011,406.015,75.4543,107.653,28.279,1.39278,62.2788,45.9825,19.0232,24.6645,3.56159,44,0.258404,0.918218,0.983619,421.576,78.5784,83.4944,22.7904,1.19581,64.2332,52.5072,17.1107,21.1376,3.03755,47,0.314561,0.929883,1.00404,594.147,133.052,103.428,174.33,4.84276,80.0199,67.5576,20.382,38.2896,9.31026,34,0.35372,1.27461,3.02851,446.06,94.7717,85.8811,28.422,1.12428,62.7881,59.3565,16.6114,23.0691,3.78723,46,0.290356,0.828503,1.47085,560.075,131.116,118.85,24.306,2.16217,77.7691,66.3977,21.6466,26.1845,4.87828,42,0.350721,1.08797,1.95654,366.509,70.2875,116.656,29.1751,2.62362,62.7539,47.3555,19.9506,27.1439,4.68446,52,0.306926,0.943404,1.0717,538.062,123.872,132.943,30.0624,2.38616,78.9126,67.5229,23.1714,31.634,4.74584,48,0.331736,1.03785,1.57101,1140.94,358.873,286.371,46.3984,2.06588,117.156,97.2001,37.8651,52.4012,6.45121,38,0.367101,1.16299,3.05077,478.34,88.9751,117.747,31.7575,1.97858,74.015,58.8526,20.3128,31.9842,4.03937,51,0.408399,0.984384,1.13768,573.084,141.196,135.053,33.8535,2.26575,84.5662,68.7572,23.6627,35.6381,5.63046,47,0.370273,1.14951,1.71747
decoupled_wbc_h066_p000,2026,complete,90,18,14.2382,2.75424,0.13327,0.217135,443.821,74.7651,80.8908,21.3795,2.72023,66.7189,53.1158,17.4569,27.3659,4.52473,46,0.316295,0.867682,1.40887,333.473,62.9424,80.5164,28.054,1.98008,56.8775,46.005,14.8234,22.9024,4.11828,42,0.292235,0.839613,1.07637,289.311,82.7622,84.8062,38.2194,1.70926,48.3122,43.6127,14.8935,28.3023,4.28129,43,0.227402,0.818629,0.752681,368.854,79.1243,66.7582,36.9437,2.14221,54.7045,51.3625,13.7825,27.9513,3.27982,47,0.224254,0.717688,1.12302,477.042,94.5209,74.644,47.2498,1.86114,67.5892,58.2359,16.3427,32.8765,3.58334,47,0.308093,0.880857,1.26516,394.455,101.008,99.2576,48.336,1.01931,61.1807,52.9339,17.4208,38.2321,3.63578,59,0.219411,0.760083,0.714288,398.875,87.4225,57.0734,37.8528,2.53461,55.8939,60.0247,12.9528,29.022,3.50984,48,0.296238,0.799225,1.20549,1104.26,199.153,171.373,58.5443,1.80033,98.5669,68.7686,24.0661,40.7544,4.40723,42,0.299824,1.15747,2.7146,452.554,97.7762,68.8444,35.5367,2.08041,69.191,60.7287,15.976,36.2066,5.38454,52,0.25804,0.739937,0.95152,415.128,110.479,94.6516,118.376,5.03559,56.2821,56.1581,14.5287,38.7992,7.78375,43,0.261028,0.822678,1.1711,373.81,75.4159,59.3496,36.0012,2.45891,58.4721,50.9172,15.2265,33.3077,4.13099,49,0.243016,0.896683,0.845795,502.944,125.113,112.118,43.5629,1.66412,71.9631,65.261,19.4868,37.6859,4.72405,45,0.311965,0.97077,1.41497,572.386,126.94,158.827,195.359,8.6109,78.9493,57.514,24.5905,55.5285,11.8473,40,0.355766,1.13856,1.57853,479.052,100.999,84.3961,31.2415,2.00306,64.1851,61.8049,15.3861,26.8241,4.04973,47,0.291349,0.86991,1.27255,626.847,106.401,113.374,36.1061,2.06966,79.3098,58.1484,21.6491,25.2664,5.98852,42,0.337682,1.19086,1.5231,323.758,76.307,77.5752,32.1477,2.0619,58.3942,51.1409,15.8619,21.1503,4.24094,52,0.290452,0.876142,0.873876,591.116,167.689,239.02,178.122,31.7049,93.672,72.0489,32.0652,53.0766,16.9443,49,0.307372,0.986992,1.43294,464.955,113.066,126.503,61.6221,2.89089,64.8323,60.5669,18.1032,27.1968,4.93102,45,0.279848,0.873915,1.22369
decoupled_wbc_h066_p000,2027,complete,90,18,15.6822,3.68758,0.116182,0.202614,369.385,76.8924,97.4869,35.0365,2.5284,58.7546,51.7027,16.8165,27.8279,4.29388,47,0.307528,0.869173,1.03989,357.95,70.0749,77.0269,47.3353,3.38869,56.5412,48.6108,16.0366,23.1392,3.98248,46,0.250074,0.824103,1.06304,520.06,112.661,86.7044,33.2561,1.71121,76.7783,68.6506,17.9757,22.3023,4.76061,46,0.352357,0.843649,1.35036,413.941,117.026,84.3578,38.1115,2.10964,72.7345,64.8104,17.3752,24.6068,4.98824,52,0.271753,0.894472,1.08623,433.11,105.604,81.9715,27.2876,1.16313,71.7918,60.9794,16.9654,20.6676,4.20636,46,0.324141,0.908995,1.10862,489.495,120.542,121.31,46.8999,1.65141,72.7269,64.9555,19.9081,23.7218,4.15897,44,0.3098,0.927964,1.65819,407.389,88.4356,81.5473,30.2112,1.59005,68.5501,58.4155,16.8606,21.4359,4.47562,50,0.231291,0.962012,1.15263,568.65,202.444,140.418,44.5983,1.68837,78.8819,67.1509,21.6362,29.653,5.04463,42,0.311576,0.863252,1.54419,457.65,110.333,144.274,171.985,3.22136,73.0119,62.6965,22.1493,36.5652,6.24786,57,0.244389,0.84252,0.960215,441.04,98.4223,101.762,36.3954,1.047,67.005,59.0469,18.948,24.7885,3.41883,43,0.245513,0.926145,1.35779,450.133,105.547,90.8675,24.4258,1.15886,72.2692,61.3024,18.9419,24.2594,4.10715,47,0.311805,0.884234,1.26622,380.183,146.04,140.646,52.1998,2.09754,61.3111,63.1028,18.1954,25.4736,3.47382,37,0.220821,0.916872,1.30669,514.303,105.109,109.303,49.6591,1.44384,67.6455,60.8268,17.6921,24.2663,3.88284,42,0.239998,1.03955,1.4778,476.662,137.929,102.954,46.2769,2.33193,72.7241,69.1686,19.5621,27.5397,4.41057,57,0.234582,0.802839,1.20347,464.463,116.255,85.0067,46.3014,2.05115,73.9352,61.6518,18.8132,31.4823,4.06049,51,0.269766,0.905846,1.08836,666.682,149.999,128.134,61.9814,2.77044,83.8882,69.1006,19.941,34.3435,5.1133,38,0.364708,1.17273,2.39631,435.768,86.1866,78.7729,36.0377,2.44791,57.3211,53.9718,15.2294,19.2516,3.67949,40,0.283902,0.912259,1.19658,602.628,220.949,170.899,149.721,5.64858,85.5019,74.9679,25.8803,47.4002,8.74178,40,0.328259,0.970968,1.81922
decoupled_wbc_h066_p000,2028,complete,90,18,16.2244,2.7359,0.0942337,0.208266,492.755,104.36,101.306,25.8966,2.35653,71.2194,61.8872,20.6471,37.7314,4.65943,46,0.346399,1.07535,1.32454,389.06,73.297,54.8526,17.7037,2.06092,56.5757,48.4288,12.4679,22.0372,2.95775,38,0.352321,1.01532,1.76449,345.208,75.4535,100.151,57.1035,2.23779,64.5872,50.0338,16.9932,31.8178,4.39586,43,0.345733,1.15949,1.12659,285.92,65.9701,60.6949,35.1628,1.9509,45.1706,44.7927,11.7541,26.4433,3.46748,43,0.275404,0.916992,1.17574,391.261,75.7028,57.5486,79.89,2.48721,56.1689,48.7327,13.6584,31.9877,3.35496,36,0.355218,1.02579,1.42981,419.149,101.582,109.513,97.0926,2.73889,66.748,61.5605,18.4448,40.6965,6.37087,55,0.225165,0.917688,0.974165,566.516,104.97,82.1495,119.889,5.13464,69.8159,59.3006,16.6256,41.7361,8.83636,34,0.346632,1.13966,2.25521,518.541,118.181,112.392,59.4687,2.87375,75.1628,63.2523,20.2938,39.7358,7.3711,46,0.281424,0.970362,1.48566,657.67,126.265,104.369,46.0787,1.48339,81.9491,59.8837,19.8619,34.4898,4.01973,43,0.329587,1.22282,1.50527,447.474,76.6827,109.416,85.56,2.56713,67.8167,50.8961,18.8239,39.9973,5.39588,48,0.317537,1.06698,1.26726,391.541,97.3961,89.3148,39.1984,1.0743,62.8486,57.6447,15.8711,32.9283,3.82659,52,0.187797,0.811231,0.997366,376.284,85.4617,99.6318,34.5861,1.45839,59.3256,48.1656,15.5284,28.117,3.71007,40,0.311996,1.15082,1.30706,504.355,101.315,113.127,174.44,2.72519,69.8268,56.1829,18.4855,44.0032,4.84403,43,0.266605,1.0244,1.41539,498.489,99.6929,98.4634,36.6791,1.91619,71.0309,59.3246,17.5979,35.9467,4.96699,40,0.29606,1.14566,1.8644,421.533,88.0022,91.9567,40.5308,2.25099,65.2099,50.6118,16.7941,27.1361,3.41602,49,0.273971,0.9409,1.00625,858.367,199.509,160.251,55.2352,1.58685,102.164,74.8342,24.3211,43.0526,4.69487,46,0.35903,1.12086,1.98526,389.343,86.6604,95.5991,35.1778,1.57555,62.2129,53.4972,17.8773,35.6166,3.45723,43,0.324757,1.03645,1.1616,373.951,102.323,87.7111,29.443,2.42023,61.4059,55.9352,16.9407,33.8226,4.19662,52,0.225206,0.842391,1.06237
decoupled_wbc_h066_p000,2029,complete,90,18,33.6904,3.0556,0.185387,0.238524,396.529,82.0439,92.5973,57.6404,2.36195,63.3986,54.1012,16.7714,28.2846,3.82684,41,0.337229,1.01172,1.21006,511.27,103.242,108.328,55.5193,1.77439,78.4997,61.7492,21.3805,36.8704,3.58327,48,0.33467,1.05297,1.42147,373.699,76.1185,91.3155,32.8148,2.12877,60.1573,51.3282,16.3921,30.2225,4.83502,46,0.279044,0.93566,1.08676,455.767,102.1,100.32,56.0545,2.33988,69.4518,60.927,18.0759,37.2554,5.06984,50,0.293954,0.933623,1.20732,435.341,96.6802,122.992,26.2737,3.3432,68.1713,58.427,19.8085,32.209,5.68187,52,0.312088,0.987889,1.28988,375.253,76.6226,90.4055,22.8679,2.72119,56.1818,45.5584,17.107,24.2829,3.84132,43,0.341356,0.988521,1.10978,508.451,110.518,109.257,35.0923,1.87874,78.629,66.6449,21.4657,30.3215,5.15114,52,0.295269,0.95338,0.993034,482.481,107.395,105.694,109.255,4.99841,66.1546,59.6957,18.2761,36.5792,6.43789,42,0.299882,0.93062,1.57899,334.952,65.2335,89.6252,31.9647,2.14995,57.6194,46.0192,17.2841,23.4133,3.64261,46,0.293053,0.960737,1.04584,449.21,89.2765,71.6594,26.5526,2.29994,68.7074,56.2863,16.9393,22.9837,4.41239,43,0.330566,0.954881,1.56459,862.476,172.48,163.872,27.837,2.2816,96.7819,76.641,28.3838,33.827,8.03358,38,0.335838,1.46294,2.99637,622.875,113.123,135.759,22.571,2.56643,84.6993,62.2482,25.8204,31.5092,7.30328,42,0.358907,1.23306,1.8536,428.707,81.42,120.774,19.9086,2.08042,61.8233,46.0102,18.4346,25.596,5.42518,45,0.283779,1.03018,1.22944,377.657,66.4462,78.7987,150.551,6.38737,59.7624,49.7591,17.3253,35.055,7.93152,50,0.27029,0.81978,0.790228,970.297,172.245,133.793,173.936,12.679,108.001,79.61,28.7725,44.2241,9.69915,38,0.275297,1.29425,3.31704,1243.95,198.882,196.819,33.7034,1.65678,120.482,77.2559,33.5354,36.4473,6.78796,44,0.304425,1.15957,2.32642,383.044,63.3604,122.811,32.4591,1.73426,61.9282,46.8118,20.4341,27.4317,5.15418,52,0.287414,0.98631,0.929598,512.938,92.6262,80.7714,93.1742,1.55227,71.8329,54.5676,17.5681,29.9833,4.2085,35,0.384097,1.16998,1.82167
decoupled_wbc_h066_p000,2030,complete,90,18,15.5705,2.94827,0.247859,0.109517,417.79,87.9493,85.3415,26.0488,1.56906,66.1221,59.0416,16.4258,27.1229,3.86534,51,0.236068,0.83774,1.2831,322.669,89.2621,92.9522,45.3392,2.52167,53.1165,51.1502,16.1933,29.7523,4.32869,45,0.271907,0.983126,1.00665,422.168,93.6734,101.714,75.2978,2.01125,65.6505,57.0983,18.4952,31.4073,4.64909,45,0.269829,0.981843,1.2011,405.828,93.8807,99.3228,38.5121,1.82631,59.9204,51.1324,16.8124,25.2606,4.71137,31,0.333687,1.08252,1.25684,442.43,116.187,108.242,66.0952,4.47941,70.658,57.2119,19.791,27.3196,6.5536,49,0.252934,0.898279,1.2201,518.365,124.36,118.227,150.171,2.53323,70.3838,64.5687,19.6691,34.4219,5.65117,34,0.367856,1.05825,2.10256,541.471,124.286,106.29,30.3233,1.58843,67.9344,65.1017,18.014,23.2609,3.91466,35,0.333746,1.07743,2.21658,420.037,121.342,94.5626,34.4045,1.63804,68.1366,64.692,18.2145,26.1916,3.92092,50,0.253257,0.865979,1.21032,353.027,79.813,99.9941,38.7547,1.38745,56.7341,45.3389,16.974,22.2311,3.96779,48,0.25569,0.810413,0.736528,525.95,143.406,111.478,44.8808,1.77173,71.5041,74.9352,18.8551,24.5333,3.86926,46,0.285372,0.914437,1.55134,460.138,90.7144,91.208,31.7831,2.07294,64.4265,57.5438,17.7551,19.9977,3.54148,50,0.272209,0.873955,1.15153,460.134,115.579,143.413,66.6778,3.68815,75.2864,64.0011,20.1006,26.7639,5.33756,53,0.222795,0.850957,1.05702,459.005,114.744,94.1953,24.1547,2.02195,70.7966,63.0799,17.2229,21.3411,3.97488,46,0.260875,0.828905,1.49344,466.724,110.04,80.4427,34.9048,2.17083,71.9434,62.3337,17.8567,22.5295,4.25654,52,0.267122,0.758875,1.15763,1032.72,195.948,155.738,46.9172,3.09159,100.883,81.9623,28.1305,31.5377,5.41819,50,0.220585,1.21206,1.8566,542.175,144.762,103.231,113.444,3.93777,79.6634,72.7747,20.9061,38.3659,5.91127,57,0.248348,0.940966,1.14437,327.812,74.7295,48.8845,24.0901,2.13217,50.6307,48.2359,11.385,23.5628,2.7117,42,0.305681,0.904439,1.51174,841.698,189.212,199.777,66.075,1.80701,79.5789,68.9799,25.7735,42.5688,3.6256,45,0.2304,0.997515,2.2508
decoupled_wbc_h066_p000,2031,fell,60.62,13,23.0908,12.389,2.18502,1.19434,426.03,86.8147,87.0163,25.7916,2.7735,70.5795,58.8373,17.941,28.1607,4.23483,54,0.286552,0.835212,1.08498,369.403,79.2527,98.4729,29.4006,1.74776,61.3384,54.2917,17.8464,24.2584,4.3987,52,0.250912,0.902749,1.02055,409.82,74.2682,121.663,43.8206,2.27556,64.9221,51.9625,18.7898,26.1022,5.34794,43,0.256027,0.992078,1.29071,440.443,96.2202,104.1,17.0722,2.48988,67.104,59.5071,19.8279,24.5899,4.93167,58,0.284002,0.863815,1.10497,427.853,81.5573,85.5692,13.914,1.94185,69.3618,50.7507,18.8822,22.8729,5.41494,46,0.325905,0.991477,0.996144,410.584,87.247,69.6736,21.284,1.65107,64.9956,55.6174,17.2813,20.2359,5.16061,55,0.286934,0.792474,1.01897,390.415,77.5086,82.236,18.4863,1.75118,63.2225,51.9926,17.6385,20.4723,5.21521,41,0.318477,0.975045,1.23097,599.997,106.191,109.142,20.3973,1.79222,78.8038,59.2412,21.8329,24.6417,6.2724,38,0.330702,1.15845,2.07278,601.585,164.606,141.635,31.2329,2.43058,76.2193,71.213,22.7648,30.9944,7.32568,34,0.322366,1.14986,2.29878,497.528,90.5202,85.6063,34.6214,1.60757,74.0036,61.6253,19.4372,24.6779,5.61086,58,0.287554,0.892716,1.25114,366.405,71.4613,71.9434,16.7862,1.80527,63.7653,47.1932,16.4533,20.603,5.09218,52,0.277073,0.788225,1.09465,389.898,66.4263,64.8407,14.9927,2.4066,58.3623,48.7452,15.0274,20.6764,3.85968,47,0.308077,0.810965,1.37731,2355.54,198.214,274.915,41.094,4.59033,94.7345,33.5282,23.4255,22.4153,8.23691,2,0.0527954,3.10109,35.2901,,,,,,,,,,,,,,,,,,,,,,,,,,,,,,,,,,,,,,,,,,,,,,,,,,,,,,,,,,,,,,,,,,,,,,
decoupled_wbc_h066_p000,2032,fell,30.72,7,17.4449,3.71662,1.11372,2.16332,413.154,111.977,102.29,26.01,2.60658,70.063,65.6682,18.0143,29.384,4.86398,55,0.298787,0.883981,1.09312,408.016,99.5552,96.8833,35.832,2.76338,60.4287,55.7873,16.1989,22.2381,3.82782,41,0.247131,0.797825,1.10992,508.099,124.107,106.907,28.5722,1.29842,78.9692,66.1411,19.9404,22.0568,4.04269,52,0.268268,0.922575,1.46839,395.894,80.7603,100.306,23.8707,1.52201,67.2305,54.5338,17.0048,20.6295,3.04892,54,0.308031,0.815093,0.923409,343.432,86.0505,87.3143,18.8335,1.91668,56.8279,51.8017,15.5946,19.8969,3.08657,58,0.22215,0.780163,0.875582,319.313,89.4126,104.402,26.0616,2.06251,55.839,54.5949,16.7811,24.1901,3.10423,52,0.22992,0.792426,1.00209,3099.39,290.429,396.171,110.963,8.51256,119.997,49.6441,30.6856,35.7321,12.3052,1,0.0988464,0.234726,0.0306091,,,,,,,,,,,,,,,,,,,,,,,,,,,,,,,,,,,,,,,,,,,,,,,,,,,,,,,,,,,,,,,,,,,,,,,,,,,,,,,,,,,,,,,,,,,,,,,,,,,,,,,,,,,,,,,,,,,,,,,,,,,,,,,,,,,,,,,,,,,,,,,,,,,,,,,,,,
decoupled_wbc_h066_p000,2033,complete,90,18,14.4323,3.22026,0.108211,0.231742,491.33,126.093,120.275,28.0486,1.72775,84.6966,64.2174,21.1513,32.7045,4.97315,40,0.332579,1.09095,1.77285,400.304,84.2267,84.5115,24.7079,1.35997,58.2255,53.6721,15.6978,22.0808,3.46472,36,0.295213,0.935493,1.68438,426.474,92.0062,104.164,38.5645,1.7033,68.2003,57.7456,18.9731,22.819,4.0272,43,0.358178,1.01103,1.22707,291.259,56.5955,88.8889,23.9116,2.67612,55.3395,42.9787,15.4714,18.7628,4.16073,53,0.249611,0.846186,0.749395,407.5,103.344,92.0468,26.9252,2.00153,61.69,60.0439,16.7444,19.5506,3.87976,49,0.299462,0.948424,1.33342,319.113,79.9677,79.383,28.2412,2.20592,51.4495,49.8415,15.8646,20.9735,4.73332,49,0.186894,0.743875,0.792639,329.384,85.6896,77.9387,29.6955,2.29785,57.7225,48.7949,16.782,21.3191,4.39492,46,0.268926,0.89096,0.963668,358.076,124.532,109.709,32.4299,1.16935,57.8302,61.5177,16.9597,23.0717,4.43336,50,0.234863,0.787711,1.11105,333.176,87.6035,81.3525,26.5618,1.48293,57.8226,51.2657,17.5855,21.1593,4.4775,50,0.271465,0.816207,0.751816,450.18,117.63,114.677,77.2566,4.98628,66.2161,57.6393,18.5046,30.1736,7.39729,46,0.231633,0.892592,1.15979,856.041,116.215,127.039,29.2808,1.95766,83.4915,64.3372,24.0455,29.3396,6.39136,45,0.269204,1.02539,2.55872,455.967,127.903,109.359,34.3409,1.88888,71.5122,65.7048,19.9769,24.4938,5.94007,49,0.28888,0.929402,1.01602,445.117,110.303,110.702,47.8244,2.07638,64.502,56.8679,19.1825,25.3552,4.7585,52,0.226593,0.80788,0.930372,400.64,83.9716,68.5819,24.0602,1.82999,65.3803,53.3131,17.4174,22.9117,4.00086,52,0.253073,0.847434,0.818034,424.939,112.276,115.299,111.597,2.49447,69.2036,60.1641,19.4732,29.7032,5.72349,46,0.225178,0.843235,1.26557,764.108,286.923,182.868,49.2175,1.68348,95.5956,88.584,25.3071,31.5876,4.10378,39,0.444973,1.00092,2.3991,426.98,98.3677,109.194,50.8212,1.44606,62.0969,53.5444,18.2131,23.3399,3.42302,50,0.194657,0.817601,0.869639,563.782,101.379,98.9215,50.6849,1.54324,76.7451,60.0539,18.9576,22.9262,4.14238,45,0.32966,1.01701,1.26597
decoupled_wbc_h066_p000,2034,fell,41.06,9,20.6194,13.3965,0.936228,1.86993,382.287,73.393,101.912,29.2933,2.62833,59.9985,47.9222,17.217,30.0441,5.09108,46,0.260543,0.874402,1.0463,389.926,72.7005,72.4386,27.26,2.35849,58.2511,46.9666,15.2844,28.7122,4.79742,34,0.381441,1.11887,1.32597,369.202,78.1526,93.9802,45.2551,1.91625,57.4604,48.0695,15.6877,30.7664,4.99251,46,0.267242,0.926063,1.00194,395.443,91.0035,89.5135,71.7166,2.81028,60.3843,54.7608,16.1166,28.9281,5.22694,47,0.224021,0.859937,1.19396,395.234,82.771,84.175,30.7638,1.97055,64.7565,53.5285,16.9333,24.496,4.44591,46,0.279425,0.910555,0.845794,576.093,113.462,149.119,150.182,3.90174,76.9049,58.7086,20.7236,35.5024,6.57395,49,0.237618,0.952295,1.31297,340.349,98.7952,117.995,36.6426,2.27589,52.9758,56.7572,16.8033,26.2248,4.21726,49,0.153193,0.719426,1.02338,333.524,89.2742,92.8101,42.0067,1.26754,60.5908,53.3121,17.4672,29.0374,4.79855,45,0.238871,1.00108,1.05839,1942.49,408.228,485.007,159.979,11.1106,102.263,71.5693,37.0158,59.2187,12.0888,3,0.123398,0.946292,5.38392,,,,,,,,,,,,,,,,,,,,,,,,,,,,,,,,,,,,,,,,,,,,,,,,,,,,,,,,,,,,,,,,,,,,,,,,,,,,,,,,,,,,,,,,,,,,,,,,,,,,,,,,,,,,,,,,,,,,,,,,,,,,,,
decoupled_wbc_h066_p000,2035,complete,90,18,21.6448,2.68312,0.188562,0.192698,463.453,89.3546,78.481,24.315,2.52822,72.2723,58.395,18.6918,25.4546,4.61847,52,0.315121,0.882908,1.19481,311.931,75.3026,78.1876,25.8152,1.8447,49.5979,47.3356,14.6681,22.1176,3.11844,46,0.299663,0.909247,1.26912,396.25,75.4512,86.9073,27.2774,1.69706,65.0095,52.5914,18.8055,24.5544,3.08306,50,0.303892,0.948913,1.05463,443.051,82.8848,82.1235,28.6087,1.60548,68.0003,52.8534,17.5081,21.6476,2.67746,35,0.391143,1.14705,1.92477,514.805,110.509,91.3307,65.5608,1.86803,66.8402,59.0963,18.4757,30.1595,5.07979,36,0.330814,1.13337,1.99908,492.621,113.808,111.452,95.3515,5.54849,70.4783,64.0325,20.0351,36.8048,6.28099,41,0.314443,0.988118,1.55679,559.883,102.31,122.036,26.1565,1.72845,80.8841,58.1189,22.5773,35.5361,5.5629,46,0.36735,1.06955,1.37181,613.127,110.437,145.039,173.987,14.0896,87.3757,61.4495,24.9984,49.8509,13.2103,48,0.406264,1.21895,1.5409,368.367,85.0798,84.4324,30.9504,2.4072,61.7211,55.8182,17.6686,22.8937,5.01688,62,0.273167,0.800418,0.719618,489.156,97.7534,95.2723,109.621,1.56901,66.4367,57.2721,18.0677,28.496,4.45705,43,0.295882,1.19015,1.97527,398.799,85.0161,101.578,28.5424,1.75956,58.6489,55.8572,17.2513,22.0352,3.86243,51,0.250162,0.796757,0.93849,377.983,104.4,104.726,99.3174,10.0151,63.254,62.3799,18.0054,30.5309,13.3245,47,0.216753,0.85439,1.18607,984.434,187.433,270.289,233.234,21.8625,126.098,86.1199,39.7309,74.4153,22.8688,49,0.297552,1.09077,2.12656,470.667,161.675,131.764,46.7675,1.82527,70.2312,71.9447,19.888,30.4505,5.62622,51,0.246517,0.758426,1.22194,640.496,119.242,109.435,87.2438,1.80432,87.8301,66.9549,22.1453,31.3418,5.73212,45,0.336813,0.96798,1.78984,374.724,95.2744,109.744,36.1556,1.96593,65.0441,56.8009,18.0987,22.1654,4.20471,62,0.238916,0.802865,0.829192,554.811,139.242,114.718,35.1077,1.97656,75.7676,64.2124,19.9249,24.6155,4.81041,42,0.376927,0.988229,1.83244,596.25,153.353,119.989,43.4795,1.74379,79.205,73.3336,19.8624,26.0256,4.69781,42,0.408163,1.05849,2.06058
decoupled_wbc_h066_p000,2036,complete,90,18,15.6608,4.37507,0.0694452,0.133653,473.109,112.764,88.7672,27.6333,2.01955,73.1074,65.4599,18.999,31.0041,4.54975,61,0.269035,0.811215,1.13369,394.533,109.388,103.861,34.1655,1.52566,69.8943,60.5008,17.8712,26.0194,4.03413,49,0.277959,0.793778,1.03804,359.716,87.3293,65.9417,31.9599,2.19314,55.6382,57.8781,12.8565,18.8742,3.71337,49,0.304896,0.80371,1.29538,439.782,96.6596,88.4785,41.818,2.65108,65.3302,58.5372,18.3108,27.1371,4.06222,52,0.244881,0.859368,0.879613,452.512,84.8928,78.8596,49.4049,1.36712,62.0235,55.8336,14.9335,21.2971,3.86947,37,0.390983,1.04505,1.88826,555.738,144.424,110.917,46.5942,1.3292,80.432,74.7168,20.0557,29.6969,4.55499,45,0.278024,0.903768,1.34619,450.925,110.886,107.846,37.4147,1.17811,73.8773,60.7921,19.5787,30.2411,3.45405,36,0.383044,1.28092,1.80725,666.829,126.763,119.796,32.0966,2.28569,82.7668,66.4801,22.7062,31.9024,3.86933,45,0.285222,0.91091,1.41153,359.48,91.7316,88.794,118.081,3.37116,61.2611,56.1333,16.7784,39.4146,6.17645,50,0.252487,0.94628,1.05047,444.566,116.879,107.378,45.9369,2.30843,64.6656,52.036,17.3135,33.8622,5.57289,43,0.305595,0.956394,1.20589,556.444,127.475,130.524,84.5211,2.46638,77.1984,69.0896,20.7126,45.3551,6.28712,49,0.259802,0.925006,1.33449,1091.67,197.744,184.166,60.2684,2.00421,106.871,66.6624,26.486,45.0671,5.52509,38,0.356547,1.22109,2.43196,419.964,108.733,83.5859,49.7299,1.80971,67.1821,55.9373,17.2775,36.3997,3.68913,44,0.277136,0.867475,1.10082,520.533,94.671,77.2031,265.345,12.1661,65.9259,47.6821,15.9489,64.6146,10.8051,40,0.226497,0.889432,1.2916,497.664,74.1753,65.0687,41.1675,1.67883,61.4379,42.2159,14.0048,28.4496,3.7164,35,0.330773,0.977466,1.2291,440.994,76.7865,121.649,275.817,13.9984,63.706,48.0776,18.9835,63.505,14.5753,47,0.236011,0.799668,0.823224,606.967,101.418,109.907,224.938,13.5088,84.354,58.3963,22.7025,62.8145,15.5185,48,0.234829,1.10004,1.57393,366.328,101.265,67.891,41.8611,0.816864,59.457,54.7979,15.146,30.1711,4.08627,51,0.213736,0.785728,0.843707
decoupled_wbc_h066_p000,2037,fell,71.46,15,22.2706,7.20075,0.361763,0.381349,389.46,80.3776,81.0761,23.3869,2.22551,65.6956,53.4854,17.8002,28.0154,4.01574,42,0.326725,1.093,1.22658,368.463,65.8185,91.1121,22.5381,1.44869,63.28,47.1848,18.8463,25.7388,3.8838,51,0.266693,0.874518,0.951926,391.594,92.5451,90.8741,60.0507,1.32685,67.136,60.4842,17.1178,29.7015,4.99208,58,0.244904,0.830587,0.941119,353.889,86.7228,86.9937,38.0809,1.11484,60.2082,49.3503,16.5952,27.4237,3.58497,45,0.254814,0.868294,0.958803,460.594,106.626,117.322,73.1114,3.36842,70.2576,51.768,19.8629,31.5995,6.04725,48,0.311394,0.972499,1.114,382.015,83.0858,95.1381,29.7046,1.68167,58.7908,51.8436,15.9051,23.5306,5.3926,43,0.309577,0.875519,0.990426,488.179,106.207,104.056,77.8668,3.4543,69.6714,61.1307,19.9304,30.1985,6.49601,45,0.340201,1.00726,1.66826,455.975,109.166,103.67,28.0987,2.72158,66.8619,59.2105,18.4103,22.8838,5.43386,53,0.264969,0.9303,1.15053,296.011,72.1206,83.8636,27.7903,0.961781,52.4011,45.0734,15.2336,20.2611,4.37753,46,0.28153,0.87778,0.830321,520.214,112.999,134.979,205.099,9.81616,72.8737,63.0001,20.6689,45.7969,10.4579,33,0.420975,1.21942,2.70622,467.729,98.1116,94.9238,21.8819,1.01193,76.1697,58.6893,20.1989,27.9698,5.71718,43,0.34983,1.15088,1.34943,586.825,112.583,115.013,31.2034,2.7038,81.2429,67.9727,21.9016,29.3434,6.03107,55,0.312806,0.829294,1.22944,571.418,122.33,127.043,45.0167,1.74333,79.2714,65.1267,20.8479,28.3464,4.1872,43,0.378602,0.982463,1.36974,521.52,123.733,120.893,51.4808,1.17123,75.3579,61.5604,19.3329,27.5361,4.87916,50,0.309971,0.910086,1.36599,5988.84,525.788,906.513,369.182,46.206,275.166,98.7559,80.6946,116.086,47.9457,1,0,0.501116,0.210999,,,,,,,,,,,,,,,,,,,,,,,,,,,,,,,,,,,,,,,,,,
decoupled_wbc_h066_p000,2038,fell,56.52,12,28.4511,5.90489,1.81116,1.52125,489.844,113.52,89.4851,30.2386,1.77582,77.1786,68.4494,18.1562,29.7026,4.17762,57,0.26246,0.792999,1.16306,525.587,120.699,116.434,80.3732,2.85486,81.0259,73.7541,21.3347,34.4377,5.76686,56,0.317221,0.986268,1.43037,347.685,87.6929,103.638,34.3121,1.61031,62.7376,56.8557,18.1113,27.8338,3.88967,45,0.252364,0.998926,1.18977,390.109,76.0145,57.8419,25.0318,1.77467,58.1562,53.1394,13.398,24.2171,3.85825,43,0.312836,0.857904,1.39622,370.233,90.2762,87.2838,35.548,1.80652,62.0275,57.1902,17.3419,28.2206,4.38612,48,0.301027,0.970934,0.984393,381.894,97.6642,93.1557,30.7233,1.75254,58.7531,55.8442,16.2269,25.6311,3.69743,47,0.25897,0.840043,1.15327,407.108,95.7941,84.7966,28.6338,1.36535,67.5431,56.2198,18.701,27.1312,3.73068,53,0.295444,0.986933,1.09241,394.921,88.1734,79.3088,29.5092,2.18514,57.827,55.1558,15.6173,25.8353,3.51028,55,0.235117,0.784692,1.15269,462.335,72.606,84.4827,20.3278,2.435,65.3131,49.3585,18.5861,24.0766,4.51668,42,0.248608,0.9447,1.39167,424.482,88.9711,116.179,30.5056,1.95646,66.5944,50.0487,19.7211,30.9926,4.76505,57,0.270449,0.869178,0.75356,602.127,102.655,147.798,29.8403,2.80334,80.9924,58.9128,24.265,32.6803,5.88959,39,0.337547,1.01402,1.38257,2729.25,320.552,452.587,59.7319,3.32997,137.628,60.5537,46.7354,46.5749,6.35078,4,0.164581,1.43644,3.39395,,,,,,,,,,,,,,,,,,,,,,,,,,,,,,,,,,,,,,,,,,,,,,,,,,,,,,,,,,,,,,,,,,,,,,,,,,,,,,,,,,,,
decoupled_wbc_h066_p000,2039,complete,90,18,17.1858,3.23692,0.227567,0.15504,336.068,66.1719,81.5715,54.627,2.09718,52.1847,45.9266,14.7258,28.1051,3.92892,40,0.288293,0.878482,0.997205,445.343,89.5137,82.6397,27.5684,1.76869,65.5489,58.303,16.8769,26.7168,3.8476,49,0.24718,0.961339,1.31556,427.925,79.679,87.4436,36.2967,2.05493,65.6326,49.2046,17.1976,25.2951,3.49719,49,0.255182,0.837844,1.06517,385.482,84.6088,82.1603,30.6044,1.41757,64.3992,55.7388,16.415,26.6148,3.40616,55,0.255288,0.865211,0.843994,373.083,125.038,124.583,55.2446,2.46875,68.4102,67.9777,20.3541,36.7711,3.85457,52,0.195761,0.778906,0.883053,426.227,91.5805,116.398,89.6328,4.01245,63.9725,58.47,19.9315,35.3213,5.34506,46,0.33413,0.976162,1.43538,535.668,129.914,164.835,34.3383,1.97533,80.8911,60.7706,24.4145,33.279,4.91813,44,0.291412,1.11539,1.51192,385.026,79.2974,72.4348,28.1473,1.58894,61.4142,56.5815,15.969,26.5706,4.02135,51,0.278035,0.852278,1.04665,744.437,156.19,143.538,45.4035,1.63706,92.3355,73.3628,27.3449,42.4502,7.07823,47,0.326371,1.32724,2.12091,389.386,93.3151,80.8108,31.4358,1.76851,62.0436,53.6896,16.8109,28.2127,4.47678,46,0.234809,0.856519,1.01261,414.91,95.3752,109.762,119.315,3.82283,69.7579,58.0797,18.423,37.2571,6.20007,58,0.248607,0.779913,0.812784,346.428,88.2495,89.955,45.6313,1.92916,57.9326,54.4654,16.3206,27.4142,4.31756,42,0.265474,0.828776,1.05792,274.801,60.1636,46.8591,30.4631,1.8812,49.4547,39.9413,13.3837,20.6661,3.9526,39,0.299517,0.854942,0.931633,607.417,116.041,91.7513,39.4032,1.20586,76.6924,65.9767,22.1998,29.7444,5.75063,55,0.299912,0.912943,1.27298,685.611,122.424,147.964,196.766,9.739,89.4281,67.2034,23.4796,36.1297,8.85782,48,0.412413,1.17139,1.59366,433.6,90.5613,106.323,41.504,1.77623,64.9772,56.8591,17.6851,22.0205,4.56867,41,0.274287,0.96607,1.24266,906.41,176.26,169.729,197.315,14.4216,93.9446,77.9016,26.2147,49.3634,15.8219,41,0.241541,1.23194,2.63381,517.153,94.6133,78.3502,29.6758,1.74619,78.0706,60.4802,21.1158,22.1952,4.71044,48,0.307576,0.960428,1.29694
decoupled_wbc_h066_p000,2040,fell,77.3,16,21.9755,4.1574,0.45361,0.974956,441.685,96.0281,108.338,26.6435,2.50534,71.1365,57.7049,19.2743,30.9477,5.12477,47,0.256519,0.95663,1.22895,480.496,95.2057,106.284,29.8248,1.74945,70.6738,57.7366,18.6873,28.7854,4.64281,44,0.324275,1.02193,1.28734,355.346,90.9283,100.432,93.256,2.92793,61.5752,55.6861,18.0465,28.2638,5.23351,50,0.255322,0.853175,0.881173,318.195,71.6687,75.8417,20.4559,1.46019,51.6676,48.0356,14.5038,22.5725,3.05955,34,0.330696,1.0996,1.48305,414.751,104.228,87.6953,30.8135,1.95183,63.8154,59.3324,16.7102,28.5938,4.88794,46,0.253803,0.85749,1.28701,444.482,105.961,77.0358,40.4146,1.57702,65.3397,56.1156,17.2401,31.8535,5.44857,56,0.257279,0.799977,0.845001,507.447,119.359,103.238,95.2739,2.43649,74.5962,61.3586,20.0462,41.0056,6.56376,49,0.294573,0.982087,1.07611,368.73,86.5312,83.3574,92.9758,2.4262,64.3571,52.8079,16.6417,34.684,4.97894,45,0.281563,0.875695,1.00482,369.921,98.168,81.2173,32.7279,1.26566,65.6931,58.6881,16.8178,28.4125,3.8247,53,0.282008,0.882769,0.903894,566.263,122.904,94.3611,163.94,3.11064,70.8582,62.3646,17.5495,37.7078,5.79378,36,0.352112,0.966634,1.74155,401.216,93.2167,115.312,69.5119,1.97822,57.9986,51.1534,16.6154,32.5615,5.68839,45,0.257031,0.909527,1.03469,392.14,85.4485,89.9792,47.5361,1.7912,56.3866,48.9657,16.3682,28.1488,5.6001,48,0.233363,0.819997,0.837154,718.096,133.438,147.609,270.933,21.1669,81.4849,66.2415,21.4043,51.2109,17.9786,35,0.30687,1.13325,2.34616,412.504,107.38,183.014,107.596,23.6898,66.501,58.6819,22.5269,40.4589,14.7613,44,0.252543,0.959496,1.16585,439.998,99.1577,116.755,80.051,2.89224,63.5308,53.4549,18.7465,31.9674,6.90991,45,0.273436,0.941993,1.25813,9940.43,1012.07,1139.29,478.366,23.715,429.385,163.777,99.7908,150.538,36.1228,1,0.265503,1.48475,10.2747,,,,,,,,,,,,,,,,,,,,,,,,,,,,
decoupled_wbc_h066_p000,2041,fell,30.88,7,31.8958,13.3293,1.88622,2.65077,424.625,82.5421,93.7445,28.3273,2.02327,68.3632,56.6865,17.5707,28.2043,4.2412,46,0.291521,1.00653,1.27418,396.179,81.5865,79.6364,45.0103,1.54389,64.5742,52.4739,16.603,24.6887,4.07293,50,0.287782,0.800074,0.794043,399.291,67.5965,65.72,31.1995,1.28589,56.8092,46.163,13.3907,16.5271,3.38308,43,0.308438,0.784263,0.966657,429.79,102.561,89.5518,28.4964,2.17141,70.2626,61.0998,17.7018,21.382,4.77816,46,0.222778,0.785449,1.33825,424.755,92.4121,75.2722,94.0974,6.56896,63.4828,57.8768,16.2066,28.9818,7.18444,41,0.281108,0.908024,1.52384,437.919,92.2834,94.6225,32.2613,2.42992,65.9549,57.0637,17.4697,21.1204,3.73878,39,0.303223,0.91241,1.45997,1729.84,144.811,172.222,34.8458,0.477468,65.3806,23.7216,17.3829,18.7487,2.18838,4,0.145304,1.21996,15.6191,,,,,,,,,,,,,,,,,,,,,,,,,,,,,,,,,,,,,,,,,,,,,,,,,,,,,,,,,,,,,,,,,,,,,,,,,,,,,,,,,,,,,,,,,,,,,,,,,,,,,,,,,,,,,,,,,,,,,,,,,,,,,,,,,,,,,,,,,,,,,,,,,,,,,,,,,,
decoupled_wbc_h066_p000,2042,complete,90,18,16.5653,3.12391,0.221676,0.0692103,367.486,75.4955,76.0393,25.8871,1.72165,54.6377,50.1453,14.0706,27.0123,3.85324,36,0.323218,1.01616,1.76632,368.003,80.7993,92.4285,42.1354,1.65761,55.2723,49.2294,16.6018,30.8776,4.31575,35,0.2916,1.04918,1.32532,504.312,116.49,118.389,32.5536,2.62809,73.0166,60.3321,20.5731,32.6038,4.28893,50,0.271568,0.943328,1.32017,434.952,143.93,119.88,40.9166,2.25971,65.5038,64.3025,19.699,28.0949,5.51894,36,0.230775,1.00248,1.6258,449.374,106.71,100.563,32.4866,1.90038,67.9187,64.8161,17.0309,20.5235,5.14855,43,0.296298,0.957814,1.58641,402.882,97.1298,97.9339,130.219,3.57961,51.7968,51.3496,16.0813,25.5652,5.68435,35,0.187845,0.86507,1.34335,316.178,81.5468,87.2178,31.8867,1.74208,56.5749,54.8296,16.9165,21.6044,4.50802,56,0.220437,0.732322,0.664103,473.165,117.847,95.8901,28.5392,1.49294,74.2207,64.5919,19.0565,25.1116,3.1351,51,0.264773,0.774502,1.11613,297.709,70.6354,71.65,30.45,1.51213,53.5092,46.3801,14.3282,21.5453,2.55174,46,0.306785,0.893491,1.17603,378.631,106.9,94.3478,39.9192,1.37484,61.014,54.0993,16.6408,25.6094,3.24798,51,0.266147,0.780074,0.868499,379.027,54.0172,59.4694,27.4139,1.18291,58.4931,43.9091,13.7459,16.5562,3.09488,38,0.335319,0.939798,1.31909,1493.82,192.695,201.634,50.1573,1.46903,110.068,77.3664,29.6808,35.2283,5.38274,48,0.302991,0.973616,2.55124,526.657,201.955,146.436,47.1152,1.19682,82.6974,83.7954,23.5386,40.1717,5.18178,69,0.188847,0.805242,0.798463,372.673,82.7812,80.536,42.2632,1.42048,65.5316,53.2219,17.8758,28.1458,3.78789,58,0.257988,0.822463,0.785948,395.078,72.1515,92.5038,32.2931,1.58217,61.8846,48.7119,19.0754,29.6466,3.55518,43,0.291577,1.0929,1.06862,512.288,104.24,93.0446,30.6696,2.29764,65.5804,57.0008,18.5104,23.5847,3.09702,48,0.246224,0.920306,1.31969,366.568,75.0713,92.4893,27.866,2.05786,60.0783,50.1902,16.7318,24.5652,3.34572,43,0.276152,0.929793,1.16855,513.096,106.657,126.529,29.9454,1.06075,76.8945,59.8784,22.0232,33.8506,3.72319,46,0.247336,1.04066,1.20106
decoupled_wbc_h066_p000,2043,complete,90,18,26.255,3.33929,0.160532,0.281024,446.024,112.388,88.0572,36.8849,2.46665,68.7983,63.6699,16.616,27.5146,4.04354,46,0.277668,0.866594,1.43126,491.656,128.746,111.899,79.3503,2.28027,69.3313,67.9589,19.0057,27.0755,4.89458,49,0.2553,0.954404,1.26412,282.873,77.6389,80.1719,81.5757,2.03035,46.8325,44.9375,14.4429,25.5846,4.96879,54,0.167729,0.726427,0.64053,306.9,87.3916,92.3007,33.9332,1.15188,54.1898,53.0177,15.7486,24.2967,5.52231,50,0.211513,0.839724,1.0102,389.037,87.3579,98.3825,40.0069,1.95621,59.6361,49.4352,16.9274,28.6485,3.78749,43,0.293629,0.921434,0.985275,576.563,103.469,99.442,124.41,3.58725,75.4094,61.2351,18.9242,32.4906,6.65347,43,0.376612,0.909623,1.49133,566.688,106.235,108.314,39.4753,1.67986,74.6089,56.7237,18.5161,27.5348,6.64893,43,0.302766,1.12104,1.48163,605.94,106.302,134.994,87.7535,3.77131,82.0698,63.679,21.0857,35.0826,8.1277,41,0.376556,1.17226,2.16784,440.737,123.004,112.235,73.358,2.73057,71.2973,62.3689,18.958,32.3787,6.67039,51,0.275264,0.866084,1.21225,619.762,115.871,85.3359,41.3857,2.6447,75.8765,60.2978,17.5924,27.2447,5.0328,50,0.280562,0.962443,1.69266,457.977,124.546,112.849,37.5094,1.82838,67.3985,61.8234,19.0948,26.4736,4.5162,56,0.184285,0.812986,0.897675,478.608,121.77,133.687,51.1677,1.85029,77.5332,58.71,21.4539,31.4412,4.77632,45,0.35179,1.02889,1.38134,495.891,157.803,116.859,46.8582,1.00994,77.2791,73.9948,20.8718,32.7805,5.10784,56,0.219716,0.79641,1.05359,473.151,113.665,122.26,84.9037,1.74186,70.3305,61.4488,19.454,32.1458,5.34618,40,0.300911,1.02114,1.81476,1044.75,196.386,165.098,62.7931,1.80462,108.18,76.8309,31.0153,39.8963,5.37324,44,0.271353,1.27745,1.97204,485.262,114.292,100.882,45.202,2.0047,75.2914,64.2023,18.0666,28.8783,4.66942,46,0.298478,0.887312,1.11174,477.358,109.99,92.818,34.682,1.55873,74.3991,67.7389,18.2777,27.2328,5.02912,48,0.338427,0.922424,1.26364,471.035,108.825,105.485,86.0299,9.61195,71.0105,64.3814,19.0561,30.5613,10.055,44,0.288553,0.953209,1.46852
decoupled_wbc_h066_p000,2044,complete,90,18,17.8327,2.81518,0.0912952,0.179958,364.522,75.4387,62.2249,15.6397,2.1768,55.0741,49.0601,13.8211,22.3333,4.15803,44,0.298803,0.858379,1.35049,331.359,60.782,84.4256,32.9056,1.49456,58.077,46.7048,16.0016,24.1736,4.88962,51,0.276194,0.848468,0.771585,416.523,109.967,122.185,21.463,1.81034,71.2863,55.8573,21.107,31.3476,4.20157,40,0.322406,0.964772,1.38052,345.455,73.9859,104.615,66.4378,2.58629,57.5111,48.09,17.8559,31.0649,3.90396,36,0.314801,1.02566,1.26031,587.136,111.651,115.665,88.4127,3.03335,79.3042,64.2256,22.3649,32.8095,4.57254,51,0.30247,0.976261,1.40122,383.525,88.3825,85.1659,30.6827,1.57388,59.8737,54.0635,16.0902,20.6087,3.11315,47,0.261436,0.862135,1.22445,475.426,116.684,105.853,27.3366,2.18105,71.3019,70.8307,20.0529,28.0509,5.79322,43,0.283528,1.09399,1.54958,503.217,136.693,120.504,37.6478,1.89083,78.488,70.1978,20.0871,31.3008,7.27581,46,0.216046,0.997094,1.47843,446.721,105.286,94.3901,111.077,4.93182,67.6277,56.2863,16.2105,29.7528,7.49633,44,0.277755,1.02478,1.62264,577.175,131.891,130.184,37.1072,1.92991,81.4617,63.5196,20.7825,27.8221,5.71579,45,0.289615,1.02198,1.4899,648.015,147.956,176.555,205.664,9.75028,92.1733,72.4389,26.1635,50.8914,11.8857,40,0.328454,1.1279,1.8219,466.733,94.8074,121.812,70.8622,2.87743,74.5483,57.5505,20.1391,39.6975,5.6827,50,0.284112,1.04857,1.10687,840.513,167.87,162.021,175.739,15.6168,95.1719,75.4553,26.4268,56.802,15.0204,44,0.361105,1.17993,1.69601,395.774,87.3839,82.4562,36.6919,1.7084,65.8818,54.1333,17.3034,30.3326,5.10676,53,0.275885,0.831192,0.901632,1358.47,250.066,225.451,296.532,37.8332,118.376,93.7062,35.0009,79.5385,31.7137,37,0.340546,1.30261,3.98507,512.029,112.65,79.1428,36.2585,2.2016,73.6796,61.3651,18.0293,31.4534,5.36826,56,0.308458,0.857635,1.02318,525.86,112.205,116.795,230.895,18.8745,71.1058,58.336,19.5474,48.3404,12.3337,41,0.224366,0.941596,1.50642,511.041,132.299,146.117,215.708,11.4713,72.1562,58.6689,22.1177,49.2024,10.7525,48,0.229115,0.906534,1.05497
decoupled_wbc_h066_p000,2045,complete,90,18,15.4933,2.88839,0.218338,0.205698,459.256,82.7378,68.7788,20.9885,1.95833,69.3444,57.2995,17.9407,29.1645,3.88023,55,0.303637,0.871801,1.04017,482.496,102.231,86.8327,35.5982,2.09638,71.9242,63.3118,17.7799,32.1007,4.94784,57,0.305417,0.838297,0.965811,367.487,68.9759,64.2381,31.1128,1.92997,60.4046,48.608,14.7641,22.4958,3.07728,41,0.333545,1.04571,1.2743,324.399,71.33,67.2926,49.1314,3.70422,57.8787,48.2071,15.5394,25.3509,4.60612,45,0.264915,0.845271,1.02167,484.592,129.638,114.162,41.1747,1.82526,74.305,70.2981,18.7588,31.178,5.72162,52,0.291697,0.907164,1.50754,419.433,111.51,99.7432,32.7194,2.21516,66.6441,64.2241,18.4599,22.9446,3.4863,51,0.210127,0.802712,1.22605,357.106,84.9958,78.1836,40.4982,1.64437,58.7357,49.7063,15.7514,22.8718,4.93412,55,0.25018,0.820506,0.724563,938.367,188.485,186.262,74.5975,3.38839,94.6052,70.3147,29.0786,36.8998,6.42064,45,0.235898,0.898434,2.10508,480.323,98.0316,121.83,31.209,1.73329,66.6796,53.3105,18.949,25.1047,3.89561,46,0.293429,0.975919,1.18434,338.736,92.6772,88.416,30.4342,2.3277,58.0058,54.6161,16.584,22.5127,3.9111,55,0.222809,0.780292,0.809473,395.473,94.6979,114.361,46.5458,1.52322,63.361,48.9923,17.6927,27.3692,5.11741,46,0.25579,0.883427,0.935782,335.656,85.0243,77.0646,48.4054,1.30419,48.8538,46.1601,14.3777,23.5823,4.60878,41,0.18404,0.757717,0.748834,341.26,87.4047,86.5234,45.6861,0.994019,53.0102,55.5115,14.8327,22.9723,4.07339,48,0.207306,0.787789,1.00754,615.475,126.318,106.561,39.46,1.80495,74.2954,69.7828,19.4805,23.9665,5.72459,44,0.272684,1.04133,1.65489,441.929,104.984,102.534,34.7266,2.35767,69.9816,62.0284,19.9078,26.5841,4.96394,46,0.285583,0.916855,1.23194,423.855,118.26,114.658,36.5812,1.47115,66.9047,65.0854,18.951,27.0419,4.9673,55,0.233281,0.825346,1.15101,482.999,100.174,117.394,76.6384,2.41815,65.6664,58.7666,17.8148,27.8305,4.94702,45,0.235174,0.93478,1.33327,548.002,141.287,129.502,41.3398,2.96914,84.2314,76.4804,23.5802,35.6437,4.92048,49,0.251994,0.991131,1.34328
decoupled_wbc_h066_p000,2046,complete,90,18,30.1882,3.68266,0.288936,0.289314,456.61,94.3195,113.295,17.476,2.61249,66.7806,59.2899,19.1371,26.3304,5.51136,45,0.331092,0.992393,1.5271,466.321,97.9268,120.252,26.206,1.70968,65.7396,54.5001,19.4625,27.9809,5.59042,44,0.301824,0.936677,1.19883,365.757,92.8442,89.5001,27.3806,2.20581,63.362,55.5974,16.4521,23.4743,5.51805,49,0.269079,0.877351,1.16412,344.921,80.9425,61.734,25.9419,1.94198,53.1971,50.7273,12.4117,20.0132,5.83438,41,0.34583,1.01698,1.55963,285.137,107.053,93.6678,51.6308,1.30716,55.3005,54.5346,16.504,25.5848,5.71343,54,0.155153,0.733298,0.63818,451.731,129.413,113.067,45.9806,1.49792,61.2473,67.8145,17.2621,24.0479,5.40882,43,0.281831,0.754315,1.36268,413.061,84.0121,85.0158,35.3541,0.954371,65.8817,51.0048,17.9326,25.6734,4.41043,45,0.303988,0.863624,0.891571,435.385,79.6943,75.7164,29.1086,1.60138,68.0426,53.7494,17.6579,22.818,5.6102,51,0.281371,0.879689,1.21739,385.333,82.3742,57.8006,31.074,1.46011,54.3833,53.6934,13.6052,20.754,4.08892,45,0.241712,0.757155,1.08187,457.163,115.223,106.407,37.0892,1.86549,67.5323,51.9304,17.3834,25.1712,5.53324,38,0.301794,0.936677,1.45971,469.198,107.703,115.726,43.3448,1.2049,73.6444,59.6643,19.8452,25.0065,4.54508,42,0.299954,1.11507,1.42647,524.84,157.523,113.832,35.0857,1.94341,67.9706,72.2281,18.236,21.9585,3.75902,41,0.26188,0.797956,1.52319,365.905,115.925,109.81,37.8017,1.1844,59.6468,52.5042,18.0325,23.8117,4.01771,49,0.236596,0.82671,1.05319,458.212,83.861,90.0973,106.27,9.89427,64.8833,51.1574,17.5359,29.0597,9.56787,39,0.314702,0.951332,1.13126,2785.93,573.166,414.405,67.4021,2.27701,193.085,137.429,57.7847,53.4413,8.7907,23,0.522862,1.39678,12.3238,549.951,94.6702,78.0369,134.183,2.38148,71.5422,54.9704,16.1894,24.5858,4.67215,34,0.427706,1.12136,2.06264,662.264,119.461,97.4718,35.7621,1.97315,78.979,64.9449,19.8078,21.9791,3.96804,49,0.31814,0.971169,1.65549,612.457,111.527,81.4128,93.9561,4.49136,72.5794,59.4873,17.7327,28.6181,5.07884,36,0.370494,1.14712,2.08629
decoupled_wbc_h066_p000,2047,complete,90,18,21.0335,2.7485,0.323048,0.161781,331.002,73.3978,63.7527,24.715,1.50906,51.7997,46.4523,14.0442,23.158,2.97358,56,0.189294,0.717811,0.854699,350.381,87.7303,75.941,30.8975,2.09167,57.4438,55.6592,14.8241,22.9807,4.25383,49,0.289653,0.846247,1.10556,503.878,131.403,113.735,34.3624,1.57527,77.7569,68.233,20.7956,32.6576,5.55155,41,0.346932,1.02455,2.10483,295.896,69.5825,74.1642,25.2398,1.81569,50.0969,46.8139,14.26,26.2603,3.25394,53,0.195658,0.76934,0.790138,312.602,63.9249,63.7756,30.7855,1.79038,51.1217,43.11,13.7597,25.6614,3.3848,43,0.263167,0.810196,0.833529,323.828,98.9864,90.916,43.8701,1.60347,56.1097,54.1738,16.1532,30.1497,4.0513,52,0.230472,0.813475,0.777286,384.13,116.244,89.2099,43.8916,1.79625,61.807,65.2458,17.1565,29.7093,4.32166,44,0.237846,0.806473,1.10878,530.371,100.791,93.7776,90.294,2.41185,70.1513,59.558,18.2025,31.4517,6.61249,40,0.340199,1.16736,2.07541,649.307,103.008,104.859,148.016,9.65306,78.5868,64.0093,19.7489,25.8541,8.89626,39,0.339508,1.14629,1.58747,593.183,151.615,157.029,149.824,6.43687,85.7639,65.0103,24.7723,32.4766,7.99801,43,0.298704,1.03787,1.542,341.482,83.8912,90.0091,35.5965,1.1031,57.8272,50.2214,17.1659,23.189,4.06534,52,0.214319,0.796012,0.707782,320.704,92.6389,89.2291,44.1773,1.55597,57.0428,60.0657,16.3641,25.0195,4.26319,58,0.190309,0.723116,0.776805,493.274,118.125,101.736,36.8638,1.13895,74.7774,66.2524,18.8121,24.7598,3.68633,46,0.300469,0.870245,1.21979,1317.6,332.42,285.466,235.302,35.6949,123.961,103.511,39.1479,61.898,21.7056,36,0.438836,1.37142,3.68584,340.208,91.9014,111.092,44.5887,2.2271,57.379,57.0628,17.6953,24.3364,5.1088,59,0.238925,0.770763,0.773395,799.314,177.205,137.353,216.965,14.9295,96.0939,79.871,24.8828,44.0818,12.8591,37,0.357592,1.226,3.2796,457.26,127.389,109.477,27.0747,1.2885,72.7533,72.2218,19.2632,25.1009,4.56927,55,0.275295,0.79696,1.24836,336.009,116.445,93.1836,31.9835,1.75319,57.2676,58.0977,15.8663,21.7983,3.96627,42,0.247437,0.847803,1.15274
